,,,,,,,,,,,,,
,idx,재료(지지체),도구(매체),건수,,idx,수집 재료,건수,난트 기준 재료(지지체),난트 기준 도구(매체),비고,비고2,비고3
,1,캔버스,유화,13977,,1,캔버스에 유채,9637,캔버스,유채,,,
,2,캔버스,아크릴,6084,,2,종이에 수묵담채,6559,종이,수묵,,,
,3,캔버스,수채,206,,3,종이에 먹,3820,종이,수묵,,,
,4,캔버스,수묵,100,,4,캔버스에 아크릴,3132,캔버스,아크릴릭,,,
,5,캔버스,채색,92,,5,oil on canvas,2535,캔버스,유채,,,
,6,캔버스,연필/드로잉,102,,6,석판화,2215,종이,석판,,,
,7,캔버스,판화,6,,7,종이에 수묵,1986,종이,수묵,,,
,8,캔버스,실크스크린,66,,8,지본채색,1965,종이,채색,,,
,9,캔버스,인쇄/복제,42,,9,acrylic on canvas,1444,캔버스,아크릴릭,,,
,10,캔버스,사진/디지털,53,,10,캔버스에 혼합재료,1301,캔버스,혼합재료,,,
,11,캔버스,혼합재료,2489,,11,지본묵서,1215,종이,수묵,,,
,12,캔버스,조각,9,,12,오프셋 석판화,1073,종이,석판,,,
,13,캔버스,도자,10,,13,실크스크린,1001,종이,실크스크린,,,
,14,캔버스,옻칠/래커,3,,14,종이에 수묵채색,868,종이,수묵,,,
,15,캔버스,섬유,13,,15,ink and color on paper,847,종이,수묵,,,
,16,캔버스,기타,294,,16,비단에 수묵담채,771,비단,수묵,,,
,17,종이,유화,1062,,17,lithograph,709,종이,석판,,,
,18,종이,아크릴,857,,18,오프셋 프린트,689,종이,오프셋 프린트,,,
,19,종이,수채,1278,,19,mixed media on canvas,610,캔버스,혼합재료,,,
,20,종이,수묵,17816,,20,종이에 수채,567,종이,수채,,,
,21,종이,채색,3366,,21,스크린프린트,564,종이,실크스크린,,,
,22,종이,연필/드로잉,1381,,22,ink on paper,549,종이,수묵,,,
,23,종이,판화,6896,,23,브론즈,546,없음,조각,,,
,24,종이,실크스크린,3024,,24,종이에 채색,525,종이,채색,,,
,25,종이,인쇄/복제,1601,,25,혼합재료,444,기타,혼합재료,,학습 제외,
,26,종이,사진/디지털,29,,26,종이에 유채,435,종이,유채,,,
,27,종이,혼합재료,1111,,27,지본수묵,426,종이,수묵,,,
,28,종이,조각,20,,28,목판화,413,종이,목판,,,
,29,종이,도자,7,,29,견본채색,349,비단,채색,,,
,30,종이,옻칠/래커,3,,30,비단에 수묵,347,비단,수묵,,,
,31,종이,기타,615,,31,screenprint,305,종이,실크스크린,,,
,32,비단,유화,26,,32,silkscreen,287,종이,실크스크린,,,
,33,비단,아크릴,2,,33,offset lithograph,284,종이,석판,,,
,34,비단,수묵,2140,,34,종이에 아크릴,281,종이,아크릴릭,,,
,35,비단,채색,527,,35,메조틴트,276,종이,메조틴트,,,
,36,비단,판화,1,,36,디지털 피그먼트 프린트,269,종이,디지털 피그먼트 프린트,,,
,37,비단,인쇄/복제,4,,37,비단에 수묵채색,256,비단,수묵,,,
,38,비단,사진/디지털,2,,38,종이에 혼합재료,226,종이,혼합재료,,,
,39,비단,혼합재료,11,,39,ink and color on silk,212,비단,수묵,,,
,40,비단,조각,1,,40,도자에 안료,209,없음,도자,,,
,41,비단,옻칠/래커,1,,41,offset print,195,종이,오프셋 프린트,,,
,42,비단,섬유,96,,42,비단에 먹,181,비단,수묵,,,
,43,비단,기타,38,,43,대리석,180,없음,조각,,,
,44,목재,유화,523,,44,mixed media,180,기타,혼합재료,,학습 제외,
,45,목재,아크릴,262,,45,캔버스에 혼합,180,캔버스,혼합재료,,,
,46,목재,수채,14,,46,종이에 인쇄,171,종이,인쇄/복제,,판단 불가,
,47,목재,수묵,8,,47,종이에 연필,167,종이,연필,,,
,48,목재,채색,222,,48,종이에 수묵담채 Ink and Color on Paper,166,종이,수묵,,,
,49,목재,연필/드로잉,23,,49,Oil on canvas,166,캔버스,유채,,,
,50,목재,사진/디지털,3,,50,mixed media on wood,157,목재,혼합재료,,,
,51,목재,혼합재료,462,,51,종이에 펜,155,종이,펜,,,
,52,목재,옻칠/래커,24,,52,마포에 유채,155,캔버스,유채,,,
,53,목재,섬유,5,,53,에칭,153,종이,에칭,,,
,54,목재,기타,589,,54,printed on paper,153,종이,디지털 프린트,분류 미매칭,,
,55,금속,유화,13,,55,패널에 유채,143,목재,유채,,,
,56,금속,아크릴,31,,56,"캔버스에 유채, 아크릴",142,캔버스,"유채, 아크릴릭",,,
,57,금속,수묵,3,,57,동판화,137,종이,동판,,,
,58,금속,채색,9,,58,종이에 과슈,128,종이,수채,,,
,59,금속,판화,3,,59,장지에 혼합재료,126,장지,혼합재료,,,
,60,금속,실크스크린,10,,60,린넨에 유채,124,캔버스,유채,,,
,61,금속,인쇄/복제,11,,61,종이에수묵담채,124,종이,수묵,,,
,62,금속,사진/디지털,8,,62,장지에 채색,121,장지,채색,,,
,63,금속,혼합재료,11,,63,목판본,121,기타,기타,분류 미매칭,학습 제외(고미술),
,64,금속,조각,194,,64,"캔버스에 아크릴, 혼합재료",120,캔버스,"아크릴릭, 혼합재료",,,
,65,금속,도자,5,,65,종이에 먹 Ink on Paper,120,종이,수묵,,,
,66,금속,섬유,1,,66,아카이벌 피그먼트 프린트,118,종이,디지털 피그먼트 프린트,,,
,67,금속,기타,151,,67,피그먼트 프린트,115,종이,디지털 피그먼트 프린트,,,
,68,섬유,유화,263,,68,종이에 혼합,111,종이,혼합재료,,,
,69,섬유,아크릴,24,,69,mixed media on paper,110,종이,혼합재료,,,
,70,섬유,수채,1,,70,"오프셋 프린트, 실크스크린",108,종이,실크스크린,,,
,71,섬유,수묵,8,,71,닥종이에 혼합재료,108,종이,혼합재료,,,
,72,섬유,채색,21,,72,"pigment print, diasec",107,종이,"디지털 피그먼트 프린트, 디아섹",분류 미매칭,,
,73,섬유,연필/드로잉,5,,73,하드보드에 유채,107,목재,유채,,,
,74,섬유,판화,9,,74,"캔버스에 아크릴, 목탄",107,캔버스,"아크릴릭, 목탄",,,
,75,섬유,실크스크린,3,,75,나무,104,목재,기타,분류 미매칭,학습 제외(입체),
,76,섬유,인쇄/복제,3,,76,oil on hemp cloth,103,캔버스,유채,,,
,77,섬유,사진/디지털,9,,77,acrylic and mixed media on canvas,101,캔버스,"아크릴릭, 혼합재료",,,
,78,섬유,혼합재료,66,,78,watercolor on paper,101,종이,수채,,,
,79,섬유,조각,1,,79,mixed media on Korean paper,99,종이,혼합재료,,,
,80,섬유,섬유,31,,80,캔버스 위 한지에 혼합재료,98,"캔버스, 한지",혼합재료,,,
,81,섬유,기타,60,,81,color on paper,96,종이,채색,,,
,82,없음,조각,1653,,82,필사본,96,기타,기타,분류 미매칭,학습 제외(고미술),
,83,없음,도자,603,,83,캔버스에 아크릴릭,95,캔버스,아크릴릭,,,
,84,없음,목공예,160,,84,ink on silk,94,비단,수묵,,,
,85,기타,유화,441,,85,종이에 파스텔,93,종이,파스텔,,,
,86,기타,아크릴,289,,86,ceramic,92,없음,도자,,,
,87,기타,수채,24,,87,나무에 혼합재료,89,목재,혼합재료,,,
,88,기타,수묵,353,,88,오프셋 프린트(사후판화),89,종이,오프셋 프린트,,,
,89,기타,채색,340,,89,종이에 수묵 Ink on Paper,89,종이,수묵,,,
,90,기타,연필/드로잉,156,,90,bronze,88,없음,조각,,학습 제외(입체),
,91,기타,사진/디지털,1082,,91,나무에 조각,87,목재,기타,분류 미매칭,학습 제외(입체),
,92,기타,혼합재료,886,,92,비단에 채색,85,비단,채색,,,
,93,기타,옻칠/래커,35,,93,한지에 혼합재료,84,한지,혼합재료,,,
,94,기타,섬유,64,,94,oil and mineral pigment on canvas,84,캔버스,유채,,,
,95,기타,기타,2060,,95,지클레이 프린트,84,종이,지클레이 프린트,,,
,,,,,,96,gouache on canvas,84,캔버스,수채,,,
,,,,,,97,캔버스에 안료,83,캔버스,안료,분류 미매칭,,
,,,,,,98,acrylic on paper,83,종이,아크릴릭,,,
,,,,,,99,종이에 오일파스텔,80,종이,오일파스텔,,,
,,,,,,100,견본수묵,80,비단,수묵,,,
,,,,,,101,견에 수묵담채,78,비단,수묵,,,
,,,,,,102,캔버스에 과슈,77,캔버스,수채,,,
,,,,,,103,두방지에 수묵담채,75,종이,수묵,,,
,,,,,,104,etching,75,종이,에칭,,,
,,,,,,105,종이에 숯,74,종이,숯,,,
,,,,,,106,아쿼틴트,73,종이,아쿼틴트,,,
,,,,,,107,color on Korean paper,72,종이,채색,,,
,,,,,,108,pencil on paper,71,종이,연필,,,
,,,,,,109,돌,71,기타,기타,분류 미매칭,학습 제외(입체),
,,,,,,110,한지에 유채,70,한지,유채,,,
,,,,,,111,종이에 색연필,70,종이,색연필,,,
,,,,,,112,"나무에 조각, 채색",70,목재,채색,,,
,,,,,,113,패널에 혼합재료,69,목재,혼합재료,,,
,,,,,,114,carved on wood,69,없음,조각,,,
,,,,,,115,"마포에 유채, 아크릴",69,캔버스,"유채, 아크릴릭",,,
,,,,,,116,carved on stone,66,없음,조각,,,
,,,,,,117,캔버스 패널에 유채,65,캔버스,유채,,,
,,,,,,118,C-프린트,64,종이,디지털 C-프린트,,,
,,,,,,119,종이에 마커,63,종이,마커,,,
,,,,,,120,캔버스에유채,62,캔버스,유채,,,
,,,,,,121,혼합재료(아트상품),62,기타,혼합재료,,학습 제외,
,,,,,,122,mixed media with Korean paper on canvas,61,"한지, 캔버스",혼합재료,,,
,,,,,,123,드라이포인트,61,종이,드라이포인트,,,
,,,,,,124,장지에 분채,61,장지,채색,,,
,,,,,,125,나무에 각,60,없음,목공예,,,
,,,,,,126,"캔버스에 유채, 혼합재료",58,캔버스,"유채, 혼합재료",,,
,,,,,,127,ink and color on Korean paper,58,종이,수묵,,,
,,,,,,128,세리그라프,57,종이,실크스크린,,,
,,,,,,129,mixed media with Korean mulberry paper,57,종이,혼합재료,,,
,,,,,,130,archival pigment print,56,종이,디지털 피그먼트 프린트,분류 미매칭,,
,,,,,,131,oil on linen,55,캔버스,유채,,,
,,,,,,132,세라믹,55,없음,도자,,,
,,,,,,133,"캔버스에 미디움 아크릴, 숯",55,캔버스,"아크릴릭, 숯",,,
,,,,,,134,돌에 조각,54,기타,기타,분류 미매칭,학습 제외(입체),
,,,,,,135,Acrylic on canvas,54,캔버스,아크릴릭,,,
,,,,,,136,캔버스에 종이 콜라주,52,캔버스,혼합재료,,,
,,,,,,137,"캔버스에 아크릴, 오일파스텔",51,캔버스,"오일 파스텔, 아크릴릭",,,
,,,,,,138,oil on Korean paper,50,한지,유채,,,
,,,,,,139,한지에 채색,49,한지,채색,,,
,,,,,,140,마포에 혼합재료,49,캔버스,혼합재료,,,
,,,,,,141,나무에 채색,49,목재,채색,,,
,,,,,,142,레진,48,없음,조각,,,
,,,,,,143,디지털프린트,47,종이,디지털 프린트,,,
,,,,,,144,캔버스에 숯,46,캔버스,숯,,,
,,,,,,145,렌티큘러,46,종이,렌티큘러 프린트,,,
,,,,,,146,"캔버스에 아크릴, 유채",45,캔버스,"유채, 아크릴릭",,,
,,,,,,147,뮤지엄보드에 스크린프린트,45,보드,실크스크린,,,
,,,,,,148,젤라틴 실버 프린트,45,종이,젤라틴 실버 프린트,,,
,,,,,,149,oil and acrylic on canvas,44,캔버스,"유채, 아크릴릭",,,
,,,,,,150,닥종이에 수묵,44,종이,수묵,,,
,,,,,,151,oil on paper,44,종이,유채,,,
,,,,,,152,"캔버스에 아크릴, 오일스틱",44,캔버스,"아크릴릭, 오일스틱",,,
,,,,,,153,pigment print,43,종이,"디지털 피그먼트 프린트, 디아섹",분류 미매칭,,
,,,,,,154,acrylic medium and black charcoal on canvas,43,캔버스,"아크릴릭, 목탄",,,
,,,,,,155,디지털 프린트,43,종이,디지털 프린트,,,
,,,,,,156,견본자수,42,비단,섬유,,,
,,,,,,157,리넨에 유채,42,캔버스,유채,,,
,,,,,,158,스테인리스에 우레탄 도장,42,없음,조각,,,
,,,,,,159,종이에 콩테,41,종이,콘테,,,
,,,,,,160,acrylic and oil on canvas,41,캔버스,"아크릴릭, 유채",,,
,,,,,,161,oil and mixed media on canvas,41,캔버스,"유채, 혼합재료",,,
,,,,,,162,marble,41,없음,조각,,,
,,,,,,163,oil and acrylic on hemp cloth,40,캔버스,"유채, 아크릴릭",,,
,,,,,,164,아이패드 드로잉 프린트,40,종이,디지털 페인팅 프린트,,,
,,,,,,165,"디지털 프린트, 실크스크린",39,종이,실크스크린,,,
,,,,,,166,종이부조에 채색,39,종이,채색,,,
,,,,,,167,비단에 수묵담채 Ink and Color on Silk,39,비단,수묵,,,
,,,,,,168,woodcut print,39,종이,목판화,,,
,,,,,,169,"캔버스에 한지 콜라주, 아크릴",39,"캔버스, 한지","아크릴릭, 한지 콜라주",,,
,,,,,,170,디지털 잉크젯 프린트,39,종이,디지털 프린트,,,
,,,,,,171,"스크린프린트, 박",38,종이,실크스크린,,,
,,,,,,172,비단에 자수,38,비단,섬유,,,
,,,,,,173,종이에먹,38,종이,수묵,,,
,,,,,,174,패널 위 캔버스에 유채,38,캔버스,유채,,,
,,,,,,175,젤라틴 실버프린트,38,종이,젤라틴 실버 프린트,,,
,,,,,,176,종이에수묵,37,종이,수묵,,,
,,,,,,177,화강암,36,없음,조각,,,
,,,,,,178,스크린 프린트,36,종이,실크스크린,,,
,,,,,,179,석판본,36,기타,기타,분류 미매칭,학습 제외,
,,,,,,180,"에칭, 아쿼틴트",35,종이,"에칭, 아쿼틴트",,2개 일 수 있음,
,,,,,,181,-,35,기타,기타,분류 미매칭,학습 제외 ,
,,,,,,182,활자본,35,기타,기타,분류 미매칭,학습 제외 ,
,,,,,,183,"종이에 펜, 수채",34,종이,수채,,,
,,,,,,184,"알루미늄, 레진, 우레탄 도장",33,금속,조각,,,
,,,,,,185,한지에 아크릴,33,한지,아크릴릭,,,
,,,,,,186,color on ceramic,33,기타,채색,,학습 제외 ,
,,,,,,187,"charcoal, acrylic and UV-varnish on canvas",33,캔버스,"아크릴릭, 목탄",,,
,,,,,,188,"serigraph, embossed and textured UV printing",33,종이,실크스크린,,,
,,,,,,189,카드보드에 아크릴,33,보드,아크릴릭,,,
,,,,,,190,패널에 아크릴,32,패널,아크릴릭,,,
,,,,,,191,mezzotint,32,종이,메조틴트,,,
,,,,,,192,"석판화, 엠보싱",32,종이,"석판, 엠보싱",,,
,,,,,,193,믹소그라피아,32,종이,믹소그라피,,,
,,,,,,194,종이에 목탄,31,종이,목탄,,,
,,,,,,195,견본묵서,31,비단,수묵,,,
,,,,,,196,한지에 수묵,31,한지,수묵,,,
,,,,,,197,다색 목판화,30,종이,목판,,,
,,,,,,198,"오프셋 프린트, 실크스크린(사후판화)",30,종이,"오프셋 프린트, 실크스크린",,,
,,,,,,199,종이에 크레용,29,종이,오일 파스텔,,,
,,,,,,200,charcoal paint on paper,29,종이,목탄,,,
,,,,,,201,지본탁본,29,종이,기타,분류 미매칭,학습 제외,
,,,,,,202,"디지털 피그먼트 프린트, 실크스크린",29,종이,실크스크린,,,
,,,,,,203,pigment print on fresco giclee paper,28,종이,디지털 피그먼트 프린트,,,
,,,,,,204,판화,28,종이,판화,,학습 제외,
,,,,,,205,"오프셋 석판화, 실크스크린",28,종이,"오프셋 프린트, 실크스크린",,,
,,,,,,206,목판에 혼합재료,28,종이,"목판, 혼합재료",,,
,,,,,,207,pen on paper,28,종이,펜,,,
,,,,,,208,합판캔버스에 유채,28,캔버스,유채,,,
,,,,,,209,"캔버스에 실크스크린, 혼합재료",28,캔버스,실크스크린,,,
,,,,,,210,color on Korean paper relief,27,종이,채색,,,
,,,,,,211,gouache on paper,27,종이,수채,,,
,,,,,,212,종이에 탁본,27,종이,기타,분류 미매칭,학습 제외,
,,,,,,213,digital print,27,종이,디지털 프린트,,,
,,,,,,214,"PVC, 합금, 크리스탈",26,없음,조각,,,
,,,,,,215,"캐스트 레진, 산화 알루미늄",26,금속,조각,,,
,,,,,,216,gelatin silver print,26,종이,젤라틴 실버 프린트,분류 미매칭,,
,,,,,,217,oil on wooden panel,26,패널,유채,,,
,,,,,,218,offset color lithograph,26,종이,"오프셋, 석판",,,
,,,,,,219,채색목판화,26,종이,목판,,,
,,,,,,220,한지부조에 혼합재료,26,한지,혼합재료,,,
,,,,,,221,"아카이벌 피그먼트 프린트, 실크스크린",26,종이,"디지털 피그먼트 프린트, 실크스크린",,,
,,,,,,222,woodcut,25,종이,목판,,,
,,,,,,223,린넨에 아크릴,25,캔버스,아크릴릭,,,
,,,,,,224,"에칭, 탄화규소",25,종이,"에칭, 카보런덤",,탄화규소=카보런덤,
,,,,,,225,순지에 암채,24,종이,채색,,,
,,,,,,226,"캔버스에 모래, 유채",24,캔버스,"유채, 모래",,,
,,,,,,227,폴리스톤,24,없음,조각,,,
,,,,,,228,캐스트 비닐 레진에 채색,24,기타,채색,,학습 제외 ,
,,,,,,229,테라코타,24,없음,도자,,,
,,,,,,230,오프셋 석판화(사후판화),24,종이,오프셋 프린트,,,
,,,,,,231,은 Silver,24,기타,기타,분류 미매칭,학습 제외(입체),
,,,,,,232,oil stick and acrylic on canvas,24,캔버스,"오일스틱, 아크릴릭",,,
,,,,,,233,edge handcoloring on gicleeprint,24,종이,지클레이 프린트,핸드 컬러링(프리미엄 요소),,
,,,,,,234,석판화(사후판화),24,종이,석판,,,
,,,,,,235,종이부조에 혼합재료,24,종이,혼합재료,,,
,,,,,,236,프린트,23,종이,디지털 프린트,,,
,,,,,,237,한지에 수묵채색,23,한지,"수묵, 채색",,,
,,,,,,238,acrylic and oil pastel on canvas,23,캔버스,"오일 파스텔, 아크릴릭",,,
,,,,,,239,pastel on paper,23,종이,파스텔,,,
,,,,,,240,"acrylic on canvas, speaker",23,캔버스,아크릴릭,,학습 제외,
,,,,,,241,painting on wood,23,없음,목공예,,,
,,,,,,242,종이에 목판인쇄,23,종이,목판,,,
,,,,,,243,종이에 수묵담채/ 액자,23,종이,수묵,,,
,,,,,,244,"캔버스에 수묵담채, 혼합재료",23,캔버스,수묵,,,
,,,,,,245,"캔버스에 아크릴, 페인트",23,캔버스,아크릴릭,,,
,,,,,,246,"천에 아크릴, 수묵",23,캔버스,"아크릴릭, 수묵",,,
,,,,,,247,Korean ink and mixed media on canvas,22,캔버스,수묵,,,
,,,,,,248,브론즈에 아크릴,22,기타,아크릴릭,,학습 제외 ,
,,,,,,249,종이에 잉크,22,종이,수묵,분류 미매칭,,
,,,,,,250,painted cast vinyl,22,없음,조각,,,
,,,,,,251,천에 수묵담채,22,캔버스,수묵,,,
,,,,,,252,acrylic on linen,22,캔버스,아크릴릭,,,
,,,,,,253,print,22,기타,기타,분류 미매칭,학습 제외,
,,,,,,254,marker on paper,22,종이,마커,,,
,,,,,,255,하드보드지에 유채,22,보드,유채,,,
,,,,,,256,"석판화, 세리그라프",22,종이,"석판, 실크스크린",,세리그라피=실크스크린,
,,,,,,257,견에 수묵채색,21,비단,수묵,,,
,,,,,,258,나무에 유채,21,목재,유화,,학습 제외,
,,,,,,259,캔버스 위 종이에 채색,21,캔버스,채색,,,
,,,,,,260,종이에 그라파이트,21,종이,흑연,,,
,,,,,,261,청동,21,없음,조각,,,
,,,,,,262,나무에 금속장식,21,없음,목공예,,,
,,,,,,263,종이에 채색 Color on Paper,21,종이,채색,,,
,,,,,,264,colored pencil on paper,21,종이,색연필,,,
,,,,,,265,carved and colored on wood,21,없음,조각,,,
,,,,,,266,oil on hardboard,21,보드,유채,,,
,,,,,,267,신문지에 유채,21,인쇄물,유채,,,
,,,,,,268,종이에 먹/액자,21,종이,수묵,,,
,,,,,,269,2.5D ink injection print,21,종이,디지털 프린트,,,
,,,,,,270,알루미늄 패널에 지클레이 프린트,21,알루미늄 패널,지클레이 프린트,,,
,,,,,,271,"아카이벌 피그먼트 프린트, 엠보싱",21,종이,"디지털 피그먼트 프린트, 엠보싱",,,
,,,,,,272,wooden charcoal on canvas,20,캔버스,목탄,,,
,,,,,,273,"나무에 각, 채색",20,목재,채색,,,
,,,,,,274,"메조틴트, 드라이포인트",20,종이,"메조틴트, 드라이포인트",,,
,,,,,,275,"종이에 펜, 색연필",20,종이,"펜, 색연필",,,
,,,,,,276,"종이에 연필, 색연필",20,종이,"연필, 색연필",,,
,,,,,,277,"종이에 수채, 펜",20,종이,수채,,,
,,,,,,278,acrylic on cardboard,20,종이,아크릴릭,,,
,,,,,,279,"종이에 연필, 수채",20,종이,수채,,,
,,,,,,280,곱돌,20,기타,기타,분류 미매칭,학습 제외(입체),
,,,,,,281,면포에 닥종이,20,종이,기타,분류 미매칭,천에 종이,유사 방식의 단색화 + 마띠에르 관련 작가 분류로 생각해야 할듯
,,,,,,282,mixed media on wooden panel,19,목재,혼합재료,,,
,,,,,,283,종이에 사인펜,19,종이,사인펜,,,
,,,,,,284,비단에 수묵 Ink on Silk,19,비단,수묵,,,
,,,,,,285,drypoint,19,종이,드라이포인트,,,
,,,,,,286,두방지에 먹,19,종이,수묵,,,
,,,,,,287,나무 패널에 혼합재료,19,목재,혼합재료,,,
,,,,,,288,캔버스에 오일파스텔,19,캔버스,오일 파스텔,,,
,,,,,,289,핸드페인팅 종이컷,19,종이,기타,분류 미매칭,종이 컷아웃,"컷아웃은 재료가 아닌 기법, 종이에 컷아웃 X 종이 컷아웃"
,,,,,,290,오프셋 프린트 위에 실크스크린,19,종이,"오프셋 프린트, 실크스크린",,,
,,,,,,291,종이에채색,18,종이,채색,,,
,,,,,,292,세리그래프,18,종이,실크스크린,,,
,,,,,,293,"석판화, 실크스크린",18,종이,"석판, 실크스크린",,,
,,,,,,294,장지에 유채,18,장지,유채,,,
,,,,,,295,종이에 수묵채색 Ink and Color on Paper,18,종이,수묵,,,
,,,,,,296,ink on Korean paper,18,종이,수묵,,,
,,,,,,297,pencil and color on paper,18,종이,채색,,,
,,,,,,298,"oil on canvas, speaker",18,캔버스,유화,,학습 제외,
,,,,,,299,캔버스 위에 광물 안료와 유채,18,캔버스,"유채, 안료",,,
,,,,,,300,마대에 유채,18,캔버스,유채,,,
,,,,,,301,"종이에 수묵담채, 먹",18,종이,수묵,,,
,,,,,,302,종이에 수묵담채/액자,18,종이,수묵,,,
,,,,,,303,핸드페인팅 스틸컷,18,금속,기타,분류 미매칭,,
,,,,,,304,"드라이포인트, 에칭",18,종이,"에칭, 드라이포인트",,,
,,,,,,305,"캔버스에 유채, 레진에 조각 액자",18,캔버스,유화,,학습 제외,
,,,,,,306,캔버스에 오일스틱,18,캔버스,오일스틱,,,
,,,,,,307,캔버스 보드에 유채,18,캔버스,유채,,,
,,,,,,308,"종이에 수묵담채, 펜",18,종이,수묵,,,
,,,,,,309,닥종이에 수묵담채,17,종이,수묵,,,
,,,,,,310,conte on paper,17,종이,콘테,,,
,,,,,,311,장지에 아크릴,17,장지,아크릴릭,,,
,,,,,,312,"지클레이 프린트, 혼합재료",17,종이,"지클레이 프린트, 혼합재료",,,
,,,,,,313,나무에 아크릴,17,패널,아크릴릭,,,
,,,,,,314,aquatint,16,종이,아쿼틴트,,,
,,,,,,315,"종이에 연필, 오일스틱",16,종이,"연필, 오일스틱",,,
,,,,,,316,"종이에 먹, 채색",16,종이,수묵,,,
,,,,,,317,"C-프린트, 디아섹",16,종이,"디지털 C-프린트, 디아섹",,,
,,,,,,318,탁본,16,기타,기타,분류 미매칭,학습 제외(고미술),
,,,,,,319,oil on board,16,보드,유채,,,
,,,,,,320,graphite on paper,16,종이,흑연,,,
,,,,,,321,charcoal ink on paper,16,종이,수묵,,,
,,,,,,322,giclée print on canvas,16,캔버스,지클레이 프린트,분류 미매칭,,
,,,,,,323,ink on mulberry paper,16,종이,수묵,,,
,,,,,,324,비단에 금니,16,비단,채색,,,
,,,,,,325,종이에 먹/가배접,16,종이,수묵,,,
,,,,,,326,"실크스크린, 텍스쳐 UV 프린트",16,종이,실크스크린,,,
,,,,,,327,"석판화, 에칭",16,종이,"에칭, 석판",,,
,,,,,,328,"보드에 스크린프린트, 콜라주",16,보드,실크스크린,,,
,,,,,,329,캔버스 위 한지에 아크릴,16,"캔버스, 한지",아크릴릭,,,
,,,,,,330,대나무,16,없음,목공예,,,
,,,,,,331,레진에 채색(아트상품),16,기타,채색,,학습 제외,
,,,,,,332,아트판화,15,종이,판화,,학습 제외(판단 불가),
,,,,,,333,acrylic and pencil on paper,15,종이,"아크릴릭, 연필",,,
,,,,,,334,레진에 채색,15,기타,채색,,학습 제외,
,,,,,,335,타피스트리,15,태피스트리,,,,
,,,,,,336,패브릭에 전사,15,섬유,전사,분류 미매칭,,
,,,,,,337,"캔버스 위 한지부조에 수묵채색, 아크릴",15,캔버스,"한지부조, 아크릴릭, 채색",,,
,,,,,,338,금속,15,금속,기타,분류 미매칭,학습 제외,
,,,,,,339,"석판화, 스크린프린트",15,종이,"석판, 실크스크린",,스크린프린트=실크스크린,
,,,,,,340,acrylic on Korean paper mounted on canvas,15,한지,아크릴릭,,,
,,,,,,341,watercolor on Korean paper,15,종이,수채,,,
,,,,,,342,colored pencil on envelope,15,봉투,색연필,,,
,,,,,,343,코튼에 유채,15,캔버스,유채,,,
,,,,,,344,캔버스에혼합,15,캔버스,혼합재료,,,
,,,,,,345,캔버스에 수채,15,캔버스,수채,,,
,,,,,,346,"캔버스에 아크릴, 실리콘",15,캔버스,아크릴릭,,학습 제외,
,,,,,,347,캔버스에 아크릴 과슈,15,캔버스,"아크릴릭, 과슈",,,
,,,,,,348,"PVC, 유리",15,없음,조각,,,
,,,,,,349,스틸에 핸드페인팅,15,금속,기타,분류 미매칭,학습 제외,
,,,,,,350,종이 콜라주,15,종이,혼합재료,,,
,,,,,,351,"돌, 모래",14,기타,기타,분류 미매칭,학습 제외,
,,,,,,352,목판에 유채,14,종이,"목판, 유채",,,
,,,,,,353,mixed media on wooden board,14,목재,혼합재료,,,
,,,,,,354,견에 수묵,14,비단,수묵,,,
,,,,,,355,한지부조에 채색,14,종이,채색,,,
,,,,,,356,acrylic on Korean paper,14,한지,아크릴릭,,,
,,,,,,357,"gold, ink and color on silk",14,비단,수묵,,,
,,,,,,358,resin with urethane paint,14,없음,조각,,,
,,,,,,359,ink on Korean paper mounted on wooden panel,14,종이,수묵,,,
,,,,,,360,칼라 오프셋,14,종이,오프셋 프린트,,,
,,,,,,361,람다 프린트,14,종이,람다 프린트,,,
,,,,,,362,디지털 C-프린트,14,종이,디지털 C-프린트,,,
,,,,,,363,실크 스크린,14,종이,실크스크린,분류 미매칭,,
,,,,,,364,인쇄본,14,기타,기타,분류 미매칭,학습 제외,
,,,,,,365,비단에수묵담채,14,비단,수묵,,,
,,,,,,366,"종이에 수묵, 수채",14,종이,수채,,,
,,,,,,367,"자개, 레진, 혼합재료",14,기타,혼합재료,,학습 제외,
,,,,,,368,패널 위 종이에 유채,14,종이,유채,,,
,,,,,,369,백동,14,기타,기타,분류 미매칭,학습 제외,
,,,,,,370,"캔버스에 디지털 프린트, 아크릴",13,캔버스,"디지털 프린트, 아크릴릭",,,
,,,,,,371,합판에 유채,13,패널,유채,,,
,,,,,,372,"acrylic, collage and digital print on canvas",13,캔버스,"디지털 프린트, 아크릴릭, 콜라주",,,
,,,,,,373,"종이에 수채, 연필",13,종이,수채,,,
,,,,,,374,"종이에 펜, 채색",13,종이,채색,,,
,,,,,,375,"캔버스에 아크릴, 석채",13,캔버스,"아크릴릭, 석채",,,
,,,,,,376,비단에 채색 Color on Silk,13,비단,채색,,,
,,,,,,377,나무에 금속장식 Wood Pierced Metal,13,없음,목공예,,,
,,,,,,378,iPad drawing printed on paper,13,종이,디지털 페인팅 프린트,,,
,,,,,,379,colored on resin,13,없음,조각,,,
,,,,,,380,granite,13,없음,조각,,,
,,,,,,381,"etching, aquatint",13,종이,"에칭, 아쿼틴트",,,
,,,,,,382,pen and watercolor on paper,13,종이,수채,,,
,,,,,,383,print on paper,13,종이,기타,분류 미매칭,학습 제외,
,,,,,,384,screenprint with inkjet and collage on conservation board with frame,13,보드,실크스크린,,,
,,,,,,385,mixed media on hemp cloth,13,캔버스,혼합재료,,,
,,,,,,386,color on silk mounted on wooden panel,13,비단,채색,,,
,,,,,,387,oil on canvas mounted on wooden panel,13,캔버스,유채,,,
,,,,,,388,"aluminium, resin and urethane with frame",13,금속,조각,,,
,,,,,,389,캔버스에,13,캔버스,기타,분류 미매칭,학습 제외,
,,,,,,390,"나무, 금속장식",13,목재,기타,분류 미매칭,학습 제외,
,,,,,,391,"나무에 서각, 채색",13,목재,채색,,,
,,,,,,392,캔버스에 디지털 프린트,13,캔버스,디지털 프린트,,,
,,,,,,393,천에 수묵채색,13,캔버스,수묵,,,
,,,,,,394,패브릭(아트상품),13,섬유,기타,분류 미매칭,학습 제외,
,,,,,,395,비단위에 유채,13,비단,유채,,,
,,,,,,396,레진 외,13,없음,조각,,,
,,,,,,397,캐스트 바이닐,13,없음,조각,,,
,,,,,,398,옵셋프린트,12,종이,오프셋 프린트,,,
,,,,,,399,캔버스위 종이에 채색,12,캔버스,채색,,,
,,,,,,400,photographic drawing printed on paper mounted on Dibond,12,종이,디지털 프린트,디본드 마운트,,
,,,,,,401,white porcelain,12,없음,도자,,,
,,,,,,402,종이에 매직,12,종이,마커,분류 미매칭,,
,,,,,,403,PVC,12,없음,조각,,,
,,,,,,404,"종이에 연필, 채색",12,종이,채색,,,
,,,,,,405,종이에 수묵담채 / Ink and Color on Paper,12,종이,수묵,,,
,,,,,,406,나무에 조각 Carved on Wood,12,없음,조각,,,
,,,,,,407,"digital print, Corning® Gorilla® glass frame",12,종이,"디지털 프린트, 고릴라 글래스 프레임",,,
,,,,,,408,oil pastel on paper,12,종이,오일 파스텔,,,
,,,,,,409,pencil and watercolor on paper,12,종이,수채,,,
,,,,,,410,oil on wood,12,목재,유화,,학습 제외,
,,,,,,411,color on Korean paper mounted on wooden panel,12,종이,채색,,,
,,,,,,412,color pencil and watercolor on paper,12,종이,수채,,,
,,,,,,413,두방지에 채색,12,종이,채색,,,
,,,,,,414,목판화(사후판화),12,종이,목판,,,
,,,,,,415,"캔버스에 아크릴, 콜라주",12,캔버스,"아크릴릭, 콜라주",,,
,,,,,,416,"한지에 혼합재료, 목탄",12,종이,"목탄, 혼합재료",,,
,,,,,,417,캔버스 위 종이에 수채,12,캔버스,수채,,,
,,,,,,418,pigment printing,11,종이,"디지털 피그먼트 프린트, 디아섹",분류 미매칭,,
,,,,,,419,목판화에 채색,11,종이,목판,,,
,,,,,,420,종이에 석채,11,종이,채색,,,
,,,,,,421,철,11,금속,기타,분류 미매칭,학습 제외,
,,,,,,422,도자에 전사,11,없음,도자,,,
,,,,,,423,"종이에 아크릴, 연필",11,종이,"아크릴릭, 연필",,,
,,,,,,424,"나무에 조각, 채색 Carved and Colored on Wood",11,목재,채색,,,
,,,,,,425,acrylic on wooden panel,11,패널,아크릴릭,,,
,,,,,,426,pencil and oil on hemp cloth,11,캔버스,"연필, 유채",,,
,,,,,,427,embroidery on silk,11,비단,섬유,,,
,,,,,,428,c-print,11,종이,디지털 C-프린트,,,
,,,,,,429,painted cast resin,11,없음,조각,,,
,,,,,,430,charcoal on paper,11,종이,목탄,,,
,,,,,,431,matiere print,11,기타,기타,분류 미매칭,학습 제외,
,,,,,,432,mixed media on linen,11,캔버스,혼합재료,,,
,,,,,,433,"8-color inkjet print on cotton-fiber archival paper, artist’s book of 120 drawings made between 2009-2012 with hardcover in clamshell box",11,종이,디지털 프린트,,,
,,,,,,434,oil and mixed media cotton mounted on wooden panel,11,캔버스,"유채, 혼합재료",,,
,,,,,,435,embroidered on silk,11,비단,자수,분류 미매칭,,
,,,,,,436,"acrylic, glass beads on canvas",11,캔버스,"아크릴릭, 혼합재료",,,
,,,,,,437,"printed on canvas, speaker",11,캔버스,기타,분류 미매칭,학습 제외,
,,,,,,438,옵셋 석판화,11,종이,오프셋 프린트,,,
,,,,,,439,Letter,11,기타,기타,분류 미매칭,학습 제외,
,,,,,,440,종이에유채,11,종이,유채,,,
,,,,,,441,광목에 석채,11,캔버스,채색,,,
,,,,,,442,"캔버스에 수채, 아크릴",11,캔버스,"아크릴릭, 수채",,,
,,,,,,443,테라코타에 채색,11,기타,채색,,학습 제외,
,,,,,,444,캔버스에 지클레이 프린트,11,캔버스,지클레이 프린트,,,
,,,,,,445,종이에 아크릴 과슈,11,종이,"아크릴릭, 과슈",,,
,,,,,,446,"캔버스에 유채, 나무에 조각 액자",11,캔버스,유채,53449,,
,,,,,,447,나무 패널에 밀랍화기법,11,패널,밀랍화,분류 미매칭,,
,,,,,,448,"종이에 펜, 아크릴",11,종이,"아크릴릭, 펜",,,
,,,,,,449,패널 위 캔버스에 혼합재료,11,캔버스,혼합재료,,,
,,,,,,450,"실크스크린, 오프셋 석판화",10,종이,"실크스크린, 오프셋 프린트",,,
,,,,,,451,ink & color on paper,10,종이,수묵,,,
,,,,,,452,무쇠,10,기타,기타,분류 미매칭,학습 제외,
,,,,,,453,천에 아크릴,10,캔버스,아크릴릭,,,
,,,,,,454,FRP에 채색,10,플라스틱 패널,채색,,학습 제외,
,,,,,,455,"캔버스에 유채, 연필",10,캔버스,"유채, 연필",,,
,,,,,,456,"핸드메이드 종이 주조, 아크릴 핸드컬러링",10,종이,"주조, 아크릴릭",,,
,,,,,,457,"종이에 수묵, 먹",10,종이,수묵,,,
,,,,,,458,종이,10,종이,기타,분류 미매칭,학습 제외,
,,,,,,459,은에 칠보장식 Ornaments of Cloisonne Work on Sliver,10,기타,옻칠/래커,,학습 제외,
,,,,,,460,"pigment print, silkscreen",10,종이,실크스크린,,,
,,,,,,461,woodcut printed on paper,10,종이,목판,,,
,,,,,,462,terracotta,10,없음,도자,,,
,,,,,,463,mixed acrylic on canvas mounted on wooden panel,10,캔버스,아크릴릭,,,
,,,,,,464,ultrachrome ink printed on canvas,10,캔버스,수묵,,,
,,,,,,465,spray paint on canvas,10,캔버스,스프레이,분류 미매칭,,
,,,,,,466,archival pigment ink on Innova Etching Cotton Rag 315 gsm fine art paper,10,종이,수묵,,,
,,,,,,467,mixed media on Korean paper mounted on canvas,10,캔버스,혼합재료,,,
,,,,,,468,oil on wood panel,10,패널,유채,,,
,,,,,,469,giclee print,10,종이,지클레이 프린트,,,
,,,,,,470,"archival pigment print, silkscreen",10,종이,실크스크린,,,
,,,,,,471,colored pencil on Korean paper mounted on wooden panel,10,한지,색연필,,,
,,,,,,472,porcelain,10,없음,도자,,,
,,,,,,473,oil and oil pastel on canvas,10,캔버스,"유채, 오일 파스텔",,,
,,,,,,474,photograph,10,기타,사진/디지털,,학습 제외,
,,,,,,475,"C-print, diasec",10,종이,"디지털 C-프린트, 디아섹",,,
,,,,,,476,texture print,10,기타,기타,분류 미매칭,학습 제외,
,,,,,,477,"colored Korean ink painting, collage and acrylic on canvas",10,캔버스,"아크릴릭, 채색, 콜라주",,,
,,,,,,478,"죽절, 나무에 조각",10,목재,기타,분류 미매칭,학습 제외,
,,,,,,479,Untitled,10,기타,기타,분류 미매칭,학습 제외,
,,,,,,480,White Porcelain Jar,10,없음,도자,,,
,,,,,,481,"나무, 무쇠",10,목재,기타,분류 미매칭,학습 제외 ,
,,,,,,482,실크스크린(사후판화),10,종이,실크스크린,,,
,,,,,,483,조선후기,10,기타,기타,분류 미매칭,학습 제외,
,,,,,,484,포토그라비어,10,종이,포토그라비아,,,
,,,,,,485,포토그래픽 드로잉 프린트,10,종이,"디지털 프린트, 채색",포토그래픽 드로잉,,
,,,,,,486,레진에 우레탄,10,없음,조각,,,
,,,,,,487,"장지에 호분, 분채",10,장지,채색,,,
,,,,,,488,"종이에 연필, 분채",10,종이,채색,,,
,,,,,,489,"한지에 채색, 콜라주",10,종이,채색,,,
,,,,,,490,"종이에 연필, 펜",10,종이,"연필, 펜",,,
,,,,,,491,비단에 석채,10,비단,채색,,,
,,,,,,492,캔버스 위 종이에 혼합재료,10,캔버스,혼합재료,,,
,,,,,,493,캔버스 위 종이에 아크릴,10,캔버스,아크릴릭,,,
,,,,,,494,"마포에 유채, 모래",10,캔버스,"유화, 모래",,,
,,,,,,495,순지에 분채,10,종이,채색,,,
,,,,,,496,오프셋 프린트 위에 실크스크린(사후판화),10,종이,"실크스크린, 오프셋 프린트",,,
,,,,,,497,염색종이위에 유채,10,종이,"유채, 염색",,,
,,,,,,498,비단 위에 유채,10,비단,유채,,,
,,,,,,499,세라믹에 전사,10,없음,도자,,,
,,,,,,500,도자에 채색,9,기타,채색,,학습 제외,
,,,,,,501,종이에 흑연,9,종이,흑연,,,
,,,,,,502,"종이에 혼합재료, 콜라주",9,종이,혼합재료,,,
,,,,,,503,오프셋프린트,9,종이,오프셋 프린트,,,
,,,,,,504,나무판에 유채,9,패널,유채,,,
,,,,,,505,"석판화, 드라이포인트",9,종이,"드라이포인트, 석판",,,
,,,,,,506,나무에 조각과 채색 Carved and Colored on Wood,9,목재,채색,,,
,,,,,,507,wood,9,목재,기타,분류 미매칭,학습 제외,
,,,,,,508,woodcut print on Korean paper,9,종이,목판,,,
,,,,,,509,oil on canvas with artist's frame,9,캔버스,유채,,,
,,,,,,510,Pauillac,9,기타,기타,분류 미매칭,학습 제외,
,,,,,,511,oil on wooden board,9,패널,유채,,,
,,,,,,512,Indian ink on Korean paper mounted on wooden…,9,종이,수묵,,,
,,,,,,513,painted vinyl,9,없음,조각,,,
,,,,,,514,acrylic and marker on canvas,9,캔버스,"아크릴릭, 마커",,,
,,,,,,515,oil on newspaper,9,인쇄물,유채,,,
,,,,,,516,oil on paper mounted on wooden panel,9,종이,유채,,,
,,,,,,517,Narce(mother-of-pearl) and color on silk mounted on wooden panel,9,비단,채색,,,
,,,,,,518,monotype,9,종이,모노타이프,,,
,,,,,,519,종이에 실크스크린,9,종이,실크스크린,,,
,,,,,,520,콜드 캐스트 레진,9,없음,조각,,,
,,,,,,521,Draft Poem,9,기타,기타,분류 미매칭,학습 제외,
,,,,,,522,종이에 오일스틱,9,종이,오일스틱,,,
,,,,,,523,나무에 서각,9,없음,목공예,,,
,,,,,,524,"캔버스에 자기, 스테인, 폴리초산비닐수지",9,캔버스,도자,,,
,,,,,,525,"오프셋 석판화, 크레용",9,종이,"오프셋 프린트, 오일 파스텔",,,
,,,,,,526,"실크스크린, 글레이즈",9,종이,실크스크린,,,
,,,,,,527,"캔버스에 유채, 목탄",9,캔버스,"유채, 목탄",,,
,,,,,,528,"종이보드에 연필, 분채",9,보드,"연필, 분채",,,
,,,,,,529,리노컷,9,종이,리노컷,,,
,,,,,,530,"장지에 채색, 파란색연필",9,장지,채색,,,
,,,,,,531,패널 위 한지에 아크릴,9,한지,아크릴릭,,,
,,,,,,532,패널 위 캔버스에 아크릴,9,캔버스,아크릴릭,,,
,,,,,,533,과반에 아크릴,9,기타,아크릴릭,,학습 제외,
,,,,,,534,"석판화, 금박",9,종이,석판,,,
,,,,,,535,"종이에 수채, 콩테",9,종이,수채,,,
,,,,,,536,장지에 수묵채색,9,장지,수묵,,,
,,,,,,537,"실크스크린, 다이아몬드 더스트",9,종이,"실크스크린, 유리가루",,,
,,,,,,538,스크린프린트(사후판화),9,종이,실크스크린,,,
,,,,,,539,"메조틴트, 에칭",9,종이,"메조틴트, 에칭",,,
,,,,,,540,나무 외,9,목재,기타,분류 미매칭,학습 제외,
,,,,,,541,종이에 암채,9,종이,채색,,,
,,,,,,542,PVC and glass,8,없음,조각,,,
,,,,,,543,레진에 아크릴,8,기타,아크릴릭,,학습 제외,
,,,,,,544,"종이에 유채, 흑연",8,종이,"유채, 흑연",,,
,,,,,,545,하드보드에 혼합재료,8,목재,혼합재료,,,
,,,,,,546,"캔버스에 유채, 콜라주",8,캔버스,"유채, 콜라주",,,
,,,,,,547,천에 유채,8,캔버스,유채,,,
,,,,,,548,"캔버스에 아크릴, 과슈",8,캔버스,"아크릴릭, 과슈",,,
,,,,,,549,고려시대,8,기타,기타,분류 미매칭,학습 제외,
,,,,,,550,비단에 수묵채색 Ink and Color on Silk,8,비단,수묵,,,
,,,,,,551,나무에 화각장식 Painted Ox-Horn Sheet on Wood,8,목재,기타,분류 미매칭,학습 제외,
,,,,,,552,목판본 Woodblock,8,종이,목판,,학습 제외,
,,,,,,553,vinyl,8,없음,조각,,,
,,,,,,554,acrylic and gouache on canvas,8,캔버스,"아크릴릭, 과슈",,,
,,,,,,555,oil stick on paper,8,종이,오일스틱,,,
,,,,,,556,oil and collage on canvas,8,캔버스,"유채, 콜라주",,,
,,,,,,557,acrylic on canvas mounted on wooden tray,8,캔버스,아크릴릭,,,
,,,,,,558,mixed media on cotton,8,캔버스,혼합재료,,,
,,,,,,559,giclée print,8,종이,지클레이 프린트,분류 미매칭,,
,,,,,,560,oil stick on canvas,8,캔버스,오일스틱,,,
,,,,,,561,"casting with handmade paper, hand-coloring with acrylic",8,종이,아크릴릭,,학습 제외,
,,,,,,562,"mirror, stained glass and mixed media",8,기타,혼합재료,,학습 제외,
,,,,,,563,lenticular,8,종이,렌티큘러 프린트,,,
,,,,,,564,ballpoint pen and pencil on newspaper,8,인쇄물,"펜, 연필",,,
,,,,,,565,oil and sand on canvas,8,캔버스,"유채, 모래",,,
,,,,,,566,digital print on canvas,8,캔버스,디지털 프린트,,,
,,,,,,567,oriental paint on Korean paper,8,종이,수묵,분류 미매칭,,
,,,,,,568,acylic on canvas,8,캔버스,아크릴릭,분류 미매칭,,
,,,,,,569,"ink, color pencil and oil bar on Korean paper",8,한지,"잉크, 색연필, 오일스틱",,,
,,,,,,570,spray on canvas,8,캔버스,스프레이,분류 미매칭,,
,,,,,,571,needlework on felt,8,섬유,자수,,,
,,,,,,572,natural dyeing on korean paper and white clay,8,종이,혼합재료,분류 미매칭,,
,,,,,,573,캔버스에 종이와 혼합재료,8,캔버스,혼합재료,,,
,,,,,,574,"plastic bag, wood frame, plate glass",8,목재,기타,분류 미매칭,학습 제외,
,,,,,,575,fabrics frame,8,섬유,섬유,,학습 제외,
,,,,,,576,은,8,기타,기타,분류 미매칭,학습 제외,
,,,,,,577,놋쇠,8,금속,기타,분류 미매칭,학습 제외,
,,,,,,578,한지에 목판화,8,종이,목판,,,
,,,,,,579,보드에 혼합재료,8,목재,혼합재료,,,
,,,,,,580,종이에 붓펜,8,종이,펜,,,
,,,,,,581,페이퍼 스택,8,기타,기타,분류 미매칭,학습 제외,
,,,,,,582,장지에 석채,8,장지,채색,,,
,,,,,,583,패브릭,8,섬유,기타,분류 미매칭,학습 제외,
,,,,,,584,종이에수채,8,종이,수채,,,
,,,,,,585,천에 수묵,8,캔버스,수묵,,,
,,,,,,586,"종이에 먹, 수묵",8,종이,수묵,,,
,,,,,,587,종이에 인두,8,종이,기타,분류 미매칭,학습 제외,
,,,,,,588,책,8,기타,기타,분류 미매칭,학습 제외,
,,,,,,589,"마포에 모래, 유채",8,캔버스,"유채, 모래",,,
,,,,,,590,"은지에 새김, 유채",8,금속지,"유채, 각",새김 기법,,
,,,,,,591,캐스트 레진,8,없음,조각,,,
,,,,,,592,"캔버스에 석채, 혼합재료",8,캔버스,채색,,,
,,,,,,593,캔버스에 스프레이 페인트,8,캔버스,스프레이,분류 미매칭,,
,,,,,,594,"캔버스에 아크릴, 오일파스텔, 콜라주",8,캔버스,"아크릴릭, 오일 파스텔, 콜라주",,,
,,,,,,595,종이보드에 유채,8,보드,유채,,,
,,,,,,596,"캔버스에 아크릴, 스프레이 페인트",8,캔버스,"아크릴릭, 스프레이",,,
,,,,,,597,"석판화, 채색",8,종이,"석판, 채색",,,
,,,,,,598,캔버스에 유채와 돌가루,8,캔버스,"유채, 돌가루",,,
,,,,,,599,"캔버스에 디지털 프린트, 글리터, 오일펜",8,캔버스,"디지털 프린트, 글리터, 오일펜",,,
,,,,,,600,"캔버스에 아크릴, 오일파스텔, 콜라쥬",8,캔버스,"아크릴릭, 오일 파스텔, 콜라주",,,
,,,,,,601,캔버스 위 종이에 유채,8,종이,유채,,,
,,,,,,602,나무에 자개,8,목재,기타,분류 미매칭,학습 제외,
,,,,,,603,"캔버스에 아크릴, 목탄, UV 바니쉬",8,캔버스,"아크릴릭, 목탄",,,
,,,,,,604,지클레이 프린트에 채색,8,종이,"지클레이 프린트, 채색",,,
,,,,,,605,종이에 마커펜,8,종이,마커,,,
,,,,,,606,캔버스 위 한지부조에 수묵채색,7,캔버스,수묵,,,
,,,,,,607,스테인리스,7,없음,조각,,,
,,,,,,608,천에 채색,7,캔버스,채색,,,
,,,,,,609,monotype in watercolor on Lanaquarelle paper,7,종이,수채,,,
,,,,,,610,"나무, 쇠",7,목재,기타,분류 미매칭,학습 제외,
,,,,,,611,하드보드에 아크릴,7,보드,아크릴릭,,,
,,,,,,612,캔버스에 템페라,7,캔버스,템페라,분류 미매칭,,
,,,,,,613,"종이에 수묵, 채색",7,종이,수묵,,,
,,,,,,614,"종이에 수채, 파스텔",7,종이,수채,,,
,,,,,,615,콜라그래프,7,종이,콜라그래프,,,
,,,,,,616,캔버스에 석채,7,캔버스,채색,,,
,,,,,,617,세라믹에 채색,7,기타,채색,,학습 제외,
,,,,,,618,믹소그래피,7,종이,믹소그라피,분류 미매칭,,
,,,,,,619,"종이에 연필, 아크릴",7,종이,"아크릴릭, 연필",,,
,,,,,,620,나무에 화각장식,7,목재,기타,분류 미매칭,학습 제외,
,,,,,,621,나무에 주칠,7,목재,기타,분류 미매칭,학습 제외,
,,,,,,622,필사본1책,7,기타,기타,분류 미매칭,학습 제외,
,,,,,,623,비단에 먹 Ink on Silk,7,비단,수묵,,,
,,,,,,624,oil on cotton,7,캔버스,유채,,,
,,,,,,625,mixed media on Korean paper mounted on wooden panel,7,종이,혼합재료,,,
,,,,,,626,Korean traditional paper Hanji fiber casted in a silicon gel mold and finished by airbrushing and hand-colouring,7,종이,조각,,,
,,,,,,627,"hand painted cutout aluminum, 3 layers",7,금속,조각,,,
,,,,,,628,etching and aquatint,7,종이,"아쿼틴트, 에칭",,,
,,,,,,629,gold and acrylic on canvas,7,캔버스,"아크릴릭, 금",,,
,,,,,,630,Mixografia® print on handmade paper,7,종이,믹소그라피,분류 미매칭,종이에 판화,
,,,,,,631,"collagraph, Gold Leaf",7,종이,콜라그래프,,,
,,,,,,632,stainless steel,7,금속,조각,,,
,,,,,,633,mixed media on paper mounted on canvas,7,캔버스,혼합재료,,,
,,,,,,634,acrylic on paper mounted on wooden panel,7,종이,아크릴릭,,,
,,,,,,635,giclee print on canvas,7,캔버스,지클레이 프린트,,,
,,,,,,636,oriental watercolor on thick mulberry paper,7,종이,수채,,,
,,,,,,637,print on cotton,7,캔버스,디지털 프린트,분류 미매칭,,
,,,,,,638,oil on canvas mounted on board,7,캔버스,유채,,,
,,,,,,639,acrylic on paper relief,7,종이,아크릴릭,,,
,,,,,,640,colored ink on Japanese paper mounted on canvas,7,캔버스,수묵,,,
,,,,,,641,color on wood,7,목재,채색,,,
,,,,,,642,acrylic on wood,7,패널,아크릴릭,,,
,,,,,,643,serigraph,7,종이,실크스크린,,,
,,,,,,644,C-print,7,종이,디지털 C-프린트,,,
,,,,,,645,"ink, conté, collage on paper",7,종이,수묵,,,
,,,,,,646,acrylic on vornado,7,기타,아크릴릭,,학습 제외,
,,,,,,647,natural dyeing on Korean paper and white clay,7,종이,혼합재료,분류 미매칭,,
,,,,,,648,유약을 바른 도자,7,없음,도자,,,
,,,,,,649,지본목판,7,종이,기타,분류 미매칭,학습 제외,
,,,,,,650,Landscape,7,기타,기타,분류 미매칭,학습 제외,
,,,,,,651,"금속, 나무",7,목재,기타,분류 미매칭,학습 제외,
,,,,,,652,"장지에 먹, 분채",7,장지,수묵,,,
,,,,,,653,신문지에 아크릴,7,인쇄물,아크릴릭,,,
,,,,,,654,종이에 수묵/ 액자,7,종이,수묵,,,
,,,,,,655,목판에 조각,7,기타,기타,분류 미매칭,학습 제외,
,,,,,,656,"나무에 자개, 혼합재료",7,목재,혼합재료,,,
,,,,,,657,닥종이에 채색,7,종이,채색,,,
,,,,,,658,"종이에 수채, 크레용, 실",7,종이,수채,,,
,,,,,,659,알루미늄판 위 잉크젯 프린트,7,알루미늄 패널,디지털 프린트,,,
,,,,,,660,"종이에 과슈, 펜",7,종이,수채,,,
,,,,,,661,광목에 아크릴,7,캔버스,아크릴릭,,,
,,,,,,662,"하이드로스톤, 석영크리스탈",7,기타,기타,분류 미매칭,학습 제외,
,,,,,,663,"마포에 유채, 연필",7,캔버스,"유채, 연필",,,
,,,,,,664,폴리머 그라비어 블락 프린트,7,종이,폴리머 그라비어,,,
,,,,,,665,유리에 아크릴,7,유리,아크릴릭,,,
,,,,,,666,"캔버스에 아크릴, 파스텔",7,캔버스,"아크릴릭, 파스텔",,,
,,,,,,667,"자개, 옻칠, 혼합재료",7,기타,혼합재료,,학습 제외,
,,,,,,668,"종이에 수묵, 펜",7,종이,수묵,,,
,,,,,,669,광목에 목판화,7,캔버스,목판,,,
,,,,,,670,"오프셋 석판화, 에칭",7,종이,"오프셋 프린트, 에칭",,,
,,,,,,671,주석,7,금속,기타,분류 미매칭,학습 제외,
,,,,,,672,세라믹(아트상품),7,없음,도자,,,
,,,,,,673,타피스트리(아트상품),7,태피스트리,,,,
,,,,,,674,19세기,7,기타,기타,분류 미매칭,학습 제외,
,,,,,,675,폴리스톤에 채색,7,기타,채색,,학습 제외,
,,,,,,676,"한지에 먹, 아크릴",6,한지,"수묵, 아크릴릭",,,
,,,,,,677,사진,6,기타,사진/디지털,,학습 제외,
,,,,,,678,"종이에 유채, 오일파스텔",6,종이,"유채, 오일 파스텔",,,
,,,,,,679,"캔버스에 유채, 오일파스텔",6,캔버스,"유채, 오일 파스텔",,,
,,,,,,680,보드에 유채,6,보드,유채,,,
,,,,,,681,ABS/PC 레진,6,없음,조각,,,
,,,,,,682,"동판화, 석판화",6,종이,"동판, 석판",,,
,,,,,,683,한지에 엠보싱,6,한지,엠보싱,분류 미매칭,,
,,,,,,684,"자기, 스테인, 폴리초산비닐수지",6,없음,도자,,,
,,,,,,685,젤라틴실버프린트,6,종이,젤라틴 실버 프린트,,,
,,,,,,686,"한지 주조, 핸드컬러링과 에어브러쉬",6,한지,혼합재료,분류 미매칭,학습 제외,
,,,,,,687,"캔버스에 먹, 아크릴",6,캔버스,"수묵, 아크릴릭",,,
,,,,,,688,천에 프린트,6,종이,인쇄/복제,,학습 제외,
,,,,,,689,나무패널에 유채,6,패널,유채,,,
,,,,,,690,"에폭시 레진, 아크릴",6,기타,아크릴릭,,학습 제외,
,,,,,,691,"종이에 채색, 먹",6,종이,수묵,,,
,,,,,,692,은에 조각,6,기타,기타,분류 미매칭,학습 제외,
,,,,,,693,print on cotton towel,6,섬유,디지털 프린트,분류 미매칭,,
,,,,,,694,"offset print, cold stamp and high gloss varnishing",6,종이,"오프셋 프린트, 혼합재료",,,
,,,,,,695,"archival pigment print, screenprint",6,종이,실크스크린,,,
,,,,,,696,colored pencil and acrylic on paper,6,종이,"아크릴릭, 색연필",,,
,,,,,,697,various security envelopes and graph paper on cardboard in artist's frame,6,보드,혼합재료,분류 미매칭,,
,,,,,,698,oil pastel and acrylic on canvas,6,캔버스,"오일 파스텔, 아크릴릭",,,
,,,,,,699,gouache and acrylic on canvas,6,캔버스,"아크릴릭, 과슈",,,
,,,,,,700,pen and color on paper,6,종이,채색,,,
,,,,,,701,silkscreen and mixed media on canvas,6,캔버스,실크스크린,,,
,,,,,,702,color on paper relief,6,종이,채색,,,
,,,,,,703,silkscreen on canvas,6,캔버스,실크스크린,,,
,,,,,,704,urethane coating on stainless steel,6,금속,조각,,,
,,,,,,705,"ink on paper, ink and color on paper",6,종이,수묵,,,
,,,,,,706,pencil on cardboard,6,보드,연필,,,
,,,,,,707,oil on panel,6,패널,유채,,,
,,,,,,708,screenprint with inkjet and collage on Canson conservation board with frame,6,보드,실크스크린,,,
,,,,,,709,"lambda print, face mount",6,종이,"람다 프린트, 디아섹",,,
,,,,,,710,"c-print, diasec",6,종이,"디지털 C-프린트, 디아섹",,,
,,,,,,711,acrylic and collage on paper,6,종이,"아크릴릭, 콜라주",,,
,,,,,,712,"alloy, crystal",6,기타,기타,분류 미매칭,학습 제외,
,,,,,,713,pencil and colored pencil on certificate of authenticity,6,종이,"연필, 색연필",,,
,,,,,,714,"silkscreen, lithograph",6,종이,"실크스크린, 석판",,,
,,,,,,715,offset lithographs,6,종이,오프셋 프린트,,,
,,,,,,716,lithographs,6,종이,석판,,,
,,,,,,717,"lithograph, screenprint",6,종이,"실크스크린, 석판",,,
,,,,,,718,"mixed media on canvas, speaker",6,캔버스,혼합재료,,,
,,,,,,719,woodcut print on paper,6,종이,목판,,,
,,,,,,720,screenprint in color on Saunders waterfold paper,6,종이,채색,,,
,,,,,,721,"ink, graphite and oil bar on Korean paper",6,한지,"잉크, 흑연, 오일스틱",,,
,,,,,,722,acrylic on birch plywood,6,패널,아크릴릭,,,
,,,,,,723,종이에 아크릴릭,6,종이,아크릴릭,,,
,,,,,,724,Woodcut printed on paper,6,종이,목판,,,
,,,,,,725,캔버스에 실크스크린,6,캔버스,실크스크린,,,
,,,,,,726,한지에 수묵담채,6,한지,수묵,,,
,,,,,,727,"종이에 아크릴, 콜라주",6,종이,"아크릴릭, 콜라주",,,
,,,,,,728,월넛,6,없음,목공예,,,
,,,,,,729,탁본첩,6,기타,기타,분류 미매칭,학습 제외,
,,,,,,730,견본금니,6,비단,채색,,,
,,,,,,731,폴리에스테르에 프린트,6,종이,인쇄/복제,,학습 제외,
,,,,,,732,지본금니,6,종이,채색,,,
,,,,,,733,"지본채색, 지본묵서",6,종이,수묵,,,
,,,,,,734,영인본,6,기타,기타,분류 미매칭,학습 제외,
,,,,,,735,켄트지에 유채,6,종이,유채,,,
,,,,,,736,"종이에 먹, 수묵담채",6,종이,수묵,,,
,,,,,,737,"종이에 콩테, 수채",6,종이,수채,,,
,,,,,,738,오동상자,6,기타,기타,분류 미매칭,학습 제외,
,,,,,,739,종이에 수묵/액자,6,종이,수묵,,,
,,,,,,740,종이에 수묵담채/ 가배접,6,종이,수묵,,,
,,,,,,741,메소나이트에 유채,6,패널,유채,,,
,,,,,,742,종이보드에 아크릴,6,보드,아크릴릭,,,
,,,,,,743,코튼타월에 디지털 프린트,6,섬유,디지털 프린트,,,
,,,,,,744,크로모제닉 프린트,6,종이,크로모제닉 프린트,,,
,,,,,,745,리넨에 아크릴,6,캔버스,아크릴릭,,,
,,,,,,746,"장지에 먹, 분채, 금분",6,장지,수묵,,,
,,,,,,747,거울에 혼합재료,6,거울,혼합재료,,,
,,,,,,748,"종이에 유채, 연필",6,종이,"유채, 연필",,,
,,,,,,749,화선지에 수묵채색과 니금,6,종이,"수묵, 니금",,,
,,,,,,750,UV 프린트,6,종이,UV 프린트,,,
,,,,,,751,"종이에 아크릴, 색연필",6,종이,"아크릴릭, 색연필",,,
,,,,,,752,종이 위에 아크릴,6,종이,아크릴릭,,,
,,,,,,753,패널에 한지,6,종이,기타,분류 미매칭,학습 제외,
,,,,,,754,순지에 채색,6,종이,채색,,,
,,,,,,755,"알루미늄 패널에 지클레이 프린트, 글리터",6,알루미늄 패널,"지클레이 프린트, 글리터",,,
,,,,,,756,패널 위 종이에 아크릴,6,종이,아크릴릭,,,
,,,,,,757,캔버스에 목탄과 아크릴,6,캔버스,"아크릴릭, 목탄",,,
,,,,,,758,과반 위 캔버스에 아크릴,6,캔버스,아크릴릭,,학습 제외,
,,,,,,759,"디지털 프린트, 실크스크린(사후판화)",6,종이,실크스크린,,,
,,,,,,760,플렉시 글라스에 폴리에스터,6,기타,기타,분류 미매칭,학습 제외,
,,,,,,761,"종이에 콜라주, 아크릴",6,종이,"아크릴릭, 콜라주",,,
,,,,,,762,캔버스 패널에 암채,6,캔버스,채색,,,
,,,,,,763,종이에 주묵,6,종이,수묵,,,
,,,,,,764,실크스크린판화,6,종이,실크스크린,,,
,,,,,,765,color on 3D laser-cut print,6,기타,채색,,학습 제외,
,,,,,,766,오프셋석판화에 실크스크린,6,종이,"실크스크린, 오프셋 프린트",,,
,,,,,,767,오프셋 석판화 위에 오일파스텔,5,종이,"오프셋 프린트, 오일파스텔",,,
,,,,,,768,"hand assembled polymer fiberglass, stereo with FM radio and Yamaha speaker system",5,기타,섬유,,학습 제외,
,,,,,,769,laminated Giclee print on aluminium composite panel,5,알루미늄 패널,지클레이 프린트,,,
,,,,,,770,종이에 수성펜,5,종이,펜,,,
,,,,,,771,종이에 마카,5,종이,마커,분류 미매칭,,
,,,,,,772,"한지에 수묵채색, 아크릴",5,한지,"채색, 아크릴릭",,,
,,,,,,773,"캔버스 위 한지,아크릴,왁스페이퍼,잉크",5,한지,"아크릴릭, 수묵",,,
,,,,,,774,아퀴틴트,5,종이,아쿼틴트,분류 미매칭,,
,,,,,,775,종이에 볼펜,5,종이,펜,,,
,,,,,,776,오석,5,기타,기타,분류 미매칭,학습 제외,
,,,,,,777,천에 혼합재료,5,캔버스,혼합재료,,,
,,,,,,778,스카프에 디지털 프린트,5,섬유,디지털 프린트,,,
,,,,,,779,"캔버스에 아크릴, 오일 파스텔",5,캔버스,"아크릴릭, 오일 파스텔",,,
,,,,,,780,브론즈에 파티나,5,없음,조각,,,
,,,,,,781,"종이에 수묵담채, 종이에 먹",5,종이,수묵,,,
,,,,,,782,은에 칠보장식,5,기타,옻칠/래커,,학습 제외,
,,,,,,783,청동 Bronze,5,없음,조각,,,
,,,,,,784,필사본 Manuscript,5,기타,기타,분류 미매칭,학습 제외,
,,,,,,785,screen printing with metallic ink,5,종이,"실크스크린, 잉크",,,
,,,,,,786,mixed media on Korean paper relief,5,종이,혼합재료,,,
,,,,,,787,"offset lithograph, silkscreen",5,종이,"실크스크린, 오프셋 프린트",,,
,,,,,,788,color on terracotta,5,기타,채색,,학습 제외,
,,,,,,789,"acrylic, oil stick, charcoal, pencil and spray paint on canvas",5,캔버스,"아크릴릭, 오일스틱, 목탄, 연필, 스프레이",,,
,,,,,,790,screenprint in colours on corrugated cardboard,5,보드,실크스크린,,,
,,,,,,791,oil pastel on canvas,5,캔버스,오일 파스텔,,,
,,,,,,792,charcoal and watercolor on paper,5,종이,수채,,,
,,,,,,793,pencil and colored pencil on paper,5,종이,"연필, 색연필",,,
,,,,,,794,"monoprint in oil with collage, engraving and embossment on handmade paper",5,종이,"인그레이빙, 엠보싱, 유채, 콜라주",모노타이프,,
,,,,,,795,oil on paper mounted on canvas,5,종이,유채,,,
,,,,,,796,acrylic on hardboard,5,보드,아크릴릭,,,
,,,,,,797,color and ink on paper,5,종이,수묵,,,
,,,,,,798,silkscreen on digital print,5,종이,실크스크린,,,
,,,,,,799,laminated giclee print on aluminum composite panel,5,알루미늄 패널,지클레이 프린트,,,
,,,,,,800,pencil and ink on paper,5,종이,수묵,,,
,,,,,,801,Chinese ink on Red Star Xuan paper,5,종이,수묵,,,
,,,,,,802,monotype in watercolor and crayon on Lanaquarelle paper,5,종이,수채,,,
,,,,,,803,iron,5,금속,기타,분류 미매칭,학습 제외,
,,,,,,804,"selenite, quartz specimens",5,기타,기타,분류 미매칭,학습 제외,
,,,,,,805,paper stack,5,종이,기타,분류 미매칭,학습 제외,
,,,,,,806,cold cast resin,5,없음,조각,,,
,,,,,,807,lithograph and collage,5,종이,석판,,,
,,,,,,808,print on fabric,5,섬유,디지털 프린트,,,
,,,,,,809,"acrylic, sand on canvas",5,캔버스,"아크릴릭, 모래",,,
,,,,,,810,"Pigment print, diasec",5,종이,"디지털 피그먼트 프린트, 디아섹",분류 미매칭,,
,,,,,,811,목활자본,5,기타,기타,분류 미매칭,학습 제외,
,,,,,,812,석판 인쇄,5,종이,석판,,,
,,,,,,813,acrylic on paper mounted on supermirror,5,종이,아크릴릭,,,
,,,,,,814,"silkscreen, digital print",5,종이,실크스크린,,,
,,,,,,815,sewing and colored on fabric,5,섬유,"자수, 채색",,,
,,,,,,816,silkkscreen,5,종이,실크스크린,분류 미매칭,,
,,,,,,817,"acrylic, gouache on canvas",5,캔버스,"아크릴릭, 과슈",,,
,,,,,,818,polyester on plexiglass,5,기타,기타,분류 미매칭,학습 제외,
,,,,,,819,gouache on Korean paper mounted on wooden panel,5,종이,수채,,,
,,,,,,820,"lithograph, print on paper",5,종이,석판,,,
,,,,,,821,C-print mounted on plexiglass in artist’s frame,5,종이,"디지털 C-프린트, 디아섹",,,
,,,,,,822,gouache on Korean paper,5,종이,수채,,,
,,,,,,823,"ink and color on paper, ink on paper",5,종이,수묵,,,
,,,,,,824,hand cut paper and ink on Korean paper,5,종이,수묵,,,
,,,,,,825,"gold, acrylic on canvas",5,캔버스,"아크릴릭, 금",,,
,,,,,,826,"aquatint, etching",5,종이,"아쿼틴트, 에칭",,,
,,,,,,827,color on resin,5,기타,채색,,학습 제외,
,,,,,,828,acrylic and oil on hemp cloth,5,캔버스,"아크릴릭, 유채",,,
,,,,,,829,chinese ink and acrylic color on canvas,5,캔버스,"아크릴릭, 수묵",,,
,,,,,,830,color on silk,5,비단,채색,,,
,,,,,,831,acrylic on mixed media,5,기타,아크릴릭,,학습 제외,
,,,,,,832,collagraph,5,종이,콜라그래피,,,
,,,,,,833,lnk and color on paper,5,종이,채색,,,
,,,,,,834,"embroidery, acrylic on canvas",5,캔버스,"아크릴릭, 자수",,,
,,,,,,835,울 태피스트리,5,기타,기타,분류 미매칭,학습 제외,
,,,,,,836,고무,5,기타,기타,분류 미매칭,학습 제외,
,,,,,,837,지본인장,5,종이,기타,분류 미매칭,학습 제외,
,,,,,,838,종이에 펜·수채,5,종이,수채,,,
,,,,,,839,종이에수묵채색,5,종이,수묵,,,
,,,,,,840,비단에채색,5,비단,채색,,,
,,,,,,841,비단에수묵,5,비단,수묵,,,
,,,,,,842,두방지에 수묵,5,종이,수묵,,,
,,,,,,843,켄트지에 혼합,5,종이,혼합재료,,,
,,,,,,844,"종이에 수묵담채, 비단에 수묵담채",5,종이,수묵,,,
,,,,,,845,판화지에 프린트,5,종이,판화,,학습 제외(판단 불가),
,,,,,,846,"종이에 펜, 연필",5,종이,"펜, 연필",,,
,,,,,,847,종이에 금니,5,종이,채색,,,
,,,,,,848,"종이에 수묵, 아크릴",5,종이,"아크릴릭, 수묵",,,
,,,,,,849,캔버스에 아이패드 페인팅 프린트,5,캔버스,디지털 페인팅 프린트,,,
,,,,,,850,"종이에 모노프린트, 유채, 콜라주, 인그레이빙, 엠보싱",5,종이,"인그레이빙, 엔보싱, 유채, 콜라주",모노타이프,,
,,,,,,851,"스크린프린트, 콜라주",5,종이,실크스크린,,,
,,,,,,852,"캔버스에 아크릴, 연필",5,캔버스,"아크릴릭, 연필",,,
,,,,,,853,"석판화, 아쿼틴트",5,종이,"아쿼틴트, 석판",,,
,,,,,,854,"캔버스에 유채, 돌가루",5,캔버스,"유채, 돌가루",,,
,,,,,,855,"종이에 목판인쇄, 채색",5,종이,채색,,,
,,,,,,856,"한지부조에 수묵채색, 아크릴",5,종이,아크릴릭,,학습 제외,
,,,,,,857,"판넬에 버려진 종이와 아크릴, 콩테, 혼합재료",5,패널,"종이, 아크릴, 콘테, 혼합재료",,,
,,,,,,858,패널에 자개,5,목재,기타,분류 미매칭,학습 제외,
,,,,,,859,"종이에 아크릴 잉크, 펜",5,종이,"아크릴, 펜",,,
,,,,,,860,장지에 먹,5,장지,수묵,,,
,,,,,,861,"한지에 수채, 연필",5,종이,수채,,,
,,,,,,862,캔버스에 페인트,5,캔버스,기타,분류 미매칭,학습 제외,
,,,,,,863,"캔버스에 목탄, 아크릴",5,캔버스,"목탄, 아크릴",,,
,,,,,,864,캔버스에 아카이벌 피그먼트 프린트,5,캔버스,디지털 피그먼트 프린트,,,
,,,,,,865,믹소그라피아 (monoprint),5,종이,믹소그라피,,,
,,,,,,866,알루미늄에 핸드페인팅,5,금속,조각,,,
,,,,,,867,"종이에 먹, 수채",5,종이,수묵담채,,,
,,,,,,868,"캔버스에 유채, 레진",5,캔버스,유화,,학습 제외,
,,,,,,869,알루미늄에 아크릴,5,알루미늄 패널,아크릴릭,,,
,,,,,,870,"스크린프린트, 다이아몬드 더스트",5,종이,"실크스크린, 유리가루",,,
,,,,,,871,"캔버스에 아크릴, 모르타르",5,캔버스,"아크릴릭, 모르타르",,,
,,,,,,872,캔버스 위 혼합재료,5,캔버스,혼합재료,,,
,,,,,,873,아카이브 종이에 글로스 피니시 람다,5,종이,디지털 C-프린트,,,
,,,,,,874,"종이에 아크릴, 펜",5,종이,"아크릴릭, 펜",,,
,,,,,,875,"석판화, 콜라주",5,종이,석판,,,
,,,,,,876,"닥종이에 혼합재료, 콜라주",5,종이,혼합재료,,,
,,,,,,877,"종이에 수채, 크레용",5,종이,수채,,,
,,,,,,878,아이폰 드로잉 프린트,5,종이,디지털 프린트,아이폰 드로잉,,
,,,,,,879,캔버스 위 나뭇잎에 유채,5,캔버스,"유화, 나뭇잎",,,
,,,,,,880,추자나무,5,없음,목공예,,,
,,,,,,881,"종이에 마커, 수채",5,종이,수채,,,
,,,,,,882,캔버스 위 메쉬에 뷰텍잉크,5,캔버스,디지털 프린트,분류 미매칭,,
,,,,,,883,용목,5,기타,기타,분류 미매칭,학습 제외,
,,,,,,884,"디지털 프린트, 디아섹",5,종이,"디지털 프린트, 디아섹",,,
,,,,,,885,피나무,5,없음,목공예,,,
,,,,,,886,실크스크린 나일론(아트상품),5,종이,실크스크린,,,
,,,,,,887,종이에 프린트,5,종이,디지털 프린트,,,
,,,,,,888,뮤지엄보드 위에 스크린프린트(사후판화),5,보드,실크스크린,,,
,,,,,,889,"캔버스에 디지털 프린트, 글리터",5,캔버스,"디지털 프린트, 글리터",,,
,,,,,,890,인디고 프린트,5,종이,인디고 프린트,,,
,,,,,,891,컬러 세리그라프에 글리터,5,종이,"실크스크린, 글리터",,,
,,,,,,892,"캔버스에 미디움 아크릴, 목탄",5,캔버스,"아크릴릭, 목탄",,,
,,,,,,893,뮤지엄 보드에 스크린프린트,5,보드,실크스크린,,,
,,,,,,894,"acrylic, charcoal, UV varnish on canvas",5,캔버스,"아크릴릭, 목탄",,,
,,,,,,895,"천에 아크릴, 수묵, 레진",4,캔버스,아크릴릭,,학습 제외,
,,,,,,896,람다프린트,4,종이,디지털 C-프린트,,,
,,,,,,897,뮤지엄보드 위에 스크린프린트,4,보드,실크스크린,,,
,,,,,,898,"Japanese woodcut, Ukiyo-e style on paper",4,종이,목판,,,
,,,,,,899,color and collage on Korean paper,4,종이,혼합재료,,,
,,,,,,900,mixed media on canvas mounted on wooden panel,4,캔버스,혼합재료,,,
,,,,,,901,포스터에 작가사인,4,종이,인쇄/복제,,학습 제외,
,,,,,,902,"캔버스에 오일파스텔, 아크릴",4,캔버스,"아크릴릭, 오일 파스텔",,,
,,,,,,903,ink & light color on paper,4,종이,수묵,,,
,,,,,,904,천에 자수,4,캔버스,자수,,,
,,,,,,905,오프셋 프린트위 실크스크린,4,종이,"오프셋 프린트, 실크스크린",,,
,,,,,,906,인그레이빙,4,종이,인그레이빙,분류 미매칭,,
,,,,,,907,"종이에 수채, 색연필",4,종이,수채,,,
,,,,,,908,원고지에 아크릴,4,종이,아크릴릭,,,
,,,,,,909,천에 먹,4,캔버스,수묵,,,
,,,,,,910,"캔버스에 연필, 유채",4,캔버스,"유채, 연필",,,
,,,,,,911,지클레 프린트,4,종이,지클레이 프린트,,,
,,,,,,912,"종이에 오일파스텔, 연필",4,종이,"연필, 오일 파스텔",,,
,,,,,,913,스테인리스 스틸,4,금속,조각,,,
,,,,,,914,뮤지엄보드에 스크린프린트(사후판화),4,보드,실크스크린,,,
,,,,,,915,고무판화,4,종이,판화,,학습 제외,
,,,,,,916,조선시대,4,기타,기타,분류 미매칭,학습 제외,
,,,,,,917,"종이에 펜, 유채",4,종이,"유채, 펜",,,
,,,,,,918,"세리그라프, 목판화",4,종이,"실크스크린, 목판",,,
,,,,,,919,"은, 나무 Silver, Wood",4,목재,기타,분류 미매칭,학습 제외,
,,,,,,920,acrylic and collage on canvas,4,캔버스,"아크릴릭, 콜라주",,,
,,,,,,921,"etching, carborundum",4,종이,"에칭, 카보런덤",,,
,,,,,,922,laminated giclée print on aluminium composite panel,4,없음,조각,,,
,,,,,,923,acrylic and oil stick on canvas,4,캔버스,"아크릴릭, 오일스틱",,,
,,,,,,924,acrylic on coated fabric,4,캔버스,아크릴릭,,,
,,,,,,925,piezography on museum etching paper,4,종이,지클레이 프린트,,,
,,,,,,926,wall mounted acrylic relief,4,기타,아크릴릭,,학습 제외,
,,,,,,927,pigment ink on 100% cotton rag paper with embossment,4,종이,수묵,,,
,,,,,,928,pvc,4,없음,조각,,,
,,,,,,929,mixed media on paper collage,4,종이,혼합재료,,,
,,,,,,930,serigraph on paper relief,4,종이,실크스크린,,,
,,,,,,931,acrylic and metallic paint on paper,4,종이,아크릴릭,,,
,,,,,,932,ballpoint pen and pencil on magazine,4,인쇄물,"펜, 연필",,,
,,,,,,933,handmade silkscreen,4,종이,실크스크린,,,
,,,,,,934,watercolor and acrylic on paper,4,종이,"아크릴릭, 수채",,,
,,,,,,935,watercolor and pencil on paper,4,종이,수채,,,
,,,,,,936,acrylic on hardboard and collage,4,보드,"아크릴릭, 콜라주",,,
,,,,,,937,pen and colored pencil on paper,4,종이,"펜, 색연필",,,
,,,,,,938,acrylic on paper collage and cloth,4,종이,"아크릴릭, 콜라주, 천",,,
,,,,,,939,color and pen on fabric,4,섬유,"펜, 채색",,,
,,,,,,940,carved wood,4,없음,조각,,,
,,,,,,941,Champagne,4,기타,기타,분류 미매칭,학습 제외,
,,,,,,942,screen printing with ink,4,종이,"실크스크린, 잉크",,,
,,,,,,943,"porcelain, stain and polyvinyl acetate resin",4,없음,조각,,,
,,,,,,944,"ottchil on FRP, mother of pearl",4,플라스틱 패널,"옻칠, 자개",분류 미매칭,,
,,,,,,945,crayon on paper,4,종이,오일 파스텔,,,
,,,,,,946,offset print with silver,4,종이,"오프셋 프린트, 은박",,,
,,,,,,947,mixed media on Korean paper relief mounted on canvas,4,캔버스,혼합재료,,,
,,,,,,948,maker on paper,4,종이,마커,분류 미매칭,,
,,,,,,949,rubber print and color on cloth,4,섬유,"실크스크린, 채색",,,
,,,,,,950,silver,4,기타,기타,분류 미매칭,학습 제외,
,,,,,,951,"lenticular, diasec",4,종이,"렌티큘러 프린트, 디아섹",,,
,,,,,,952,"crystal and acrylic on canvas, speaker",4,캔버스,아크릴릭,,학습 제외,
,,,,,,953,acrylic on fan,4,부채,아크릴릭,,학습 제외,
,,,,,,954,"silkscreen, acrylic and pencil on paper mounte…",4,종이,"실크스크린, 아크릴릭, 펜",,,
,,,,,,955,full colour gloss finish lambda on archive paper,4,종이,디지털 C-프린트,,,
,,,,,,956,archival pigment ink on Innova Etching Cotton Ra…,4,섬유,수묵,,학습 제외,
,,,,,,957,color pencil on paper,4,종이,펜,,,
,,,,,,958,computer animation on LED display,4,기타,기타,분류 미매칭,학습 제외,
,,,,,,959,acrylic and pen on canvas,4,캔버스,"아크릴릭, 펜",,,
,,,,,,960,mixed media on silk,4,비단,혼합재료,,,
,,,,,,961,oil on wooden tray,4,목재,유화,,학습 제외,
,,,,,,962,color-stone powder on Korean paper,4,한지,채색,분류 미매칭,,
,,,,,,963,Single Malt,4,기타,기타,분류 미매칭,학습 제외,
,,,,,,964,gelatin silver photographs cotton thread,4,캔버스,젤라틴 실버 프린트,,,
,,,,,,965,acrylic and mixed media on Korean paper mounted on wooden panel,4,한지,"아크릴릭, 혼합재료",,,
,,,,,,966,etching and book both contained in the original case,4,종이,판화,,학습 제외,
,,,,,,967,"porcelain, stain, polyvinyl acetate resin",4,없음,조각,,,
,,,,,,968,arcylic on canvas,4,캔버스,아크릴릭,분류 미매칭,,
,,,,,,969,"offset lithograph, screenprint",4,종이,"실크스크린, 석판",,,
,,,,,,970,"acrylic, acrylic marker, solid paint marker on canvas",4,캔버스,"아크릴릭, 마커, 혼합재료",,,
,,,,,,971,lenticular and mixed media,4,종이,"렌티큘러 프린트, 혼합매체",,,
,,,,,,972,acrylic on wooden board,4,패널,아크릴릭,,,
,,,,,,973,"lenticular, polystyrene",4,종이,렌티큘러 프린트,,,
,,,,,,974,gouache and pen on paper,4,종이,수채,,,
,,,,,,975,"monoprint with collage, engraving and embossment on hand-dyed Twinrocker handmade paper",4,종이,혼합재료,,,
,,,,,,976,serigraph(After),4,종이,실크스크린,,,
,,,,,,977,iron powder on canvas,4,캔버스,철가루,분류 미매칭,,
,,,,,,978,fabric and yarn,4,섬유,섬유,,학습 제외,
,,,,,,979,graffiti spray paint and oil pastel on canvas,4,캔버스,"스프레이, 오일 파스텔",,,
,,,,,,980,watercolor on Korean paper mounted on wooden panel,4,종이,수채,,,
,,,,,,981,oil and color conte on linen,4,캔버스,"유채, 콘테",,,
,,,,,,982,paper on board,4,종이,기타,분류 미매칭,학습 제외,
,,,,,,983,Ukiyo-e woodcut,4,종이,목판,,,
,,,,,,984,acrylic on terracotta,4,기타,아크릴릭,,학습 제외,
,,,,,,985,oil on leaf,4,나뭇잎,유채,,,
,,,,,,986,vinyl on wooden stretcher,4,없음,조각,,,
,,,,,,987,"pigment print, acrylic compression",4,종이,"디지털 피그먼트 프린트, 디아섹",,,
,,,,,,988,"gold, carved and colored on wood",4,없음,조각,,,
,,,,,,989,ink and color on mulberry paper,4,종이,수묵,,,
,,,,,,990,ink and acrylic on Korean paper maounted on wooden panel,4,한지,"아크릴릭, 수묵",,,
,,,,,,991,laminated Giclée print on aluminium composite panel,4,없음,조각,,,
,,,,,,992,mixed media on vornado,4,기타,혼합재료,,학습 제외,
,,,,,,993,Pencil and color on paper,4,종이,채색,,,
,,,,,,994,silicone on wooden panel,4,목재,기타,분류 미매칭,학습 제외,
,,,,,,995,"ink, color on Korean paper",4,종이,수묵,,,
,,,,,,996,mixed media on corrugated paper,4,종이,혼합재료,,,
,,,,,,997,"embroidery, acrylic and oil on canvas",4,캔버스,"아크릴릭, 자수",,,
,,,,,,998,silkscreen on folding fan,4,종이,실크스크린,,,
,,,,,,999,Woodcut printed on Korean paper,4,종이,목판,,,
,,,,,,1000,lnk on paper,4,종이,수묵,분류 미매칭,,
,,,,,,1001,Ink and rubbing on paper,4,종이,수묵,,,
,,,,,,1002,한지에 수채,4,종이,수채,,,
,,,,,,1003,황동,4,기타,기타,분류 미매칭,학습 제외,
,,,,,,1004,Still-Life Painting,4,기타,기타,분류 미매칭,학습 제외,
,,,,,,1005,Calligraphy,4,기타,기타,분류 미매칭,학습 제외,
,,,,,,1006,Autumn Landscape,4,기타,기타,분류 미매칭,학습 제외,
,,,,,,1007,Snowy Landscape,4,기타,기타,분류 미매칭,학습 제외,
,,,,,,1008,Summer Landscape,4,기타,기타,분류 미매칭,학습 제외,
,,,,,,1009,종이에,4,종이,기타,분류 미매칭,학습 제외,
,,,,,,1010,합판캔버스에유채,4,캔버스,유채,,,
,,,,,,1011,두방지에수묵담채,4,종이,수묵,,,
,,,,,,1012,실크스크린A.P,4,종이,실크스크린,,,
,,,,,,1013,캔버스 위 부조에 혼합재료,4,캔버스,혼합재료,,,
,,,,,,1014,"종이에 수묵채색, 석채",4,종이,수묵,,,
,,,,,,1015,석판화 P.P,4,종이,석판,,,
,,,,,,1016,실크스크린 E.A,4,종이,실크스크린,,,
,,,,,,1017,석판화 위에 콜라쥬,4,종이,석판,,,
,,,,,,1018,"비단에 금니, 채색",4,비단,채색,,,
,,,,,,1019,종이에 담채,4,종이,채색,,,
,,,,,,1020,종이에 먹/ 가배접,4,종이,수묵,,,
,,,,,,1021,캔버스에 울트라크롬 잉크 프린트,4,캔버스,디지털 피그먼트 프린트,,,
,,,,,,1022,"아쿼틴트, 포토그라비어",4,종이,"아쿼틴트, 포토그라비아",,,
,,,,,,1023,"캔버스에 아크릴, 금박, 유리",4,캔버스,"아크릴릭, 금박, 유리",,,
,,,,,,1024,카드보드에 실크스크린,4,보드,실크스크린,,,
,,,,,,1025,"캔버스에 아크릴 과슈, 혼합재료",4,캔버스,"아크릴릭, 과슈, 혼합재료",,,
,,,,,,1026,"캔버스에 유채, 흙",4,캔버스,"유채, 흙",,,
,,,,,,1027,도기에 채색,4,기타,채색,,학습 제외,
,,,,,,1028,은지에 새김,4,은지,각,분류 미매칭,,
,,,,,,1029,석기질 점토,4,기타,기타,분류 미매칭,학습 제외,
,,,,,,1030,"캔버스에 아크릴, 펜",4,캔버스,"아크릴릭, 펜",,,
,,,,,,1031,레진에 유채,4,기타,유화,,학습 제외,
,,,,,,1032,"디지털 프린트, 핸드페인팅",4,종이,"디지털 프린트, 기타",,,
,,,,,,1033,테라코타에 혼합재료,4,기타,혼합재료,,학습 제외,
,,,,,,1034,"캔버스에 아크릴, 콩테, 혼합재료",4,캔버스,"아크릴릭, 콘테, 혼합재료",,,
,,,,,,1035,"캔버스에 물, 아크릴",4,캔버스,아크릴릭,,,
,,,,,,1036,장지에 과슈,4,장지,수채,,,
,,,,,,1037,폴리크롬 알루미늄,4,금속,조각,,,
,,,,,,1038,"종이에 잉크, 마커",4,종이,"잉크, 마커",,,
,,,,,,1039,"종이에 수채, 오일 파스텔, 실",4,종이,"수채, 오일 파스텔, 실",,,
,,,,,,1040,백자에 유약 드로잉,4,기타,연필/드로잉,,학습 제외,
,,,,,,1041,"종이에 수채, 오일파스텔, 실",4,종이,"수채, 오일 파스텔, 실",,,
,,,,,,1042,스테인리스에 분체도장,4,없음,조각,,학습 제외,
,,,,,,1043,"종이에 마커, 펜",4,종이,"마커, 펜",,,
,,,,,,1044,"종이에 색연필, 펜",4,종이,"색연필, 펜",,,
,,,,,,1045,유리,4,기타,기타,분류 미매칭,학습 제외,
,,,,,,1046,"장지에 먹, 분채, 과슈",4,장지,수채,,,
,,,,,,1047,종이에 수묵담채 외,4,종이,수묵,,,
,,,,,,1048,부채에 아크릴,4,부채,아크릴릭,,,
,,,,,,1049,"종이에 세라믹, 잉크",4,종이,도자,,,
,,,,,,1050,"장지에 먹, 아크릴",4,장지,"수묵, 아크릴릭",,,
,,,,,,1051,FRP에 아크릴,4,플라스틱 패널,아크릴릭,,,
,,,,,,1052,"실크스크린, 텍스처 UV 프린트",4,종이,실크스크린,,,
,,,,,,1053,"종이에 유채, 콜라주",4,종이,"유채, 콜라주",,,
,,,,,,1054,"종이에 채색, 마커",4,종이,채색,,,
,,,,,,1055,린넨 위 나뭇잎에 유채,4,캔버스,"나뭇잎, 유채",,,
,,,,,,1056,캔버스에 디지털프린트,4,캔버스,디지털 프린트,,,
,,,,,,1057,아카이벌 잉크젯 프린트,4,종이,디지털 피그먼트 프린트,,,
,,,,,,1058,"장지에 채색, 바느질",4,장지,채색,,,
,,,,,,1059,"신문지에 볼펜, 연필",4,인쇄물,"볼펜, 연필",,,
,,,,,,1060,천에 과슈,4,캔버스,과슈,,,
,,,,,,1061,"캔버스에 아크릴, 자수",4,캔버스,"아크릴릭, 자수",,,
,,,,,,1062,캔버스에 분채,4,캔버스,채색,,,
,,,,,,1063,"철, 알루미늄, 아크릴",4,금속,아크릴릭,,학습 제외,
,,,,,,1064,"캔버스에 레진, 잉크",4,캔버스,조각,,,
,,,,,,1065,"종이에 아크릴, 혼합재료",4,종이,"아크릴릭, 혼합재료",,,
,,,,,,1066,돌에 아크릴,4,기타,아크릴릭,,학습 제외,
,,,,,,1067,디지털 프린트에 아크릴,4,종이,"디지털 프린트, 아크릴릭",,,
,,,,,,1068,"지클레이 프린트, 핸드페인팅",4,종이,"지클레이 프린트, 혼합재료",,,
,,,,,,1069,백자토,4,없음,도자,,,
,,,,,,1070,"장지에 분채, 과슈",4,장지,채색,,,
,,,,,,1071,"포토 석판화, 세리그라프",4,종이,"실크스크린, 석판",,,
,,,,,,1072,"종이에 색연필, 연필",4,종이,"색연필, 연필",,,
,,,,,,1073,엄나무,4,목재,기타,분류 미매칭,학습 제외,
,,,,,,1074,"종이에 수채, 아크릴",4,종이,"수채, 아크릴릭",,,
,,,,,,1075,"캔버스 위 한지에 먹, 아크릴",4,"캔버스, 한지","수묵, 아크릴릭",,,
,,,,,,1076,나뭇잎에 유채,4,나뭇잎,유채,,,
,,,,,,1077,"종이에 색연필, 마커",4,종이,"색연필, 마커",,,
,,,,,,1078,"데님 콜라주, 혼합재료",4,섬유,"콜라주, 혼합재료",,,
,,,,,,1079,캔버스와 나무 액자에 유채,4,캔버스,유화,,,
,,,,,,1080,"합성수지, 혼합재료",4,기타,혼합재료,,학습 제외,
,,,,,,1081,"캔버스에 아크릴, 크리스탈",4,캔버스,"아크릴릭, 크리스탈",,,
,,,,,,1082,캔버스에 닥종이,4,캔버스,종이 부조,분류 미매칭,학습 제외,
,,,,,,1083,"종이에 유채, 파스텔",4,종이,"유채, 파스텔",,,
,,,,,,1084,레이저 컷 보드 부조,4,목재,기타,분류 미매칭,학습 제외,
,,,,,,1085,캔버스 패널에 아크릴,4,캔버스,아크릴릭,,,
,,,,,,1086,화선지에 채색,4,종이,채색,,,
,,,,,,1087,코튼에 디지털 프린트,4,캔버스,디지털 프린트,,,
,,,,,,1088,캔버스에 프린트,4,캔버스,디지털 프린트,,,
,,,,,,1089,모노타이프,4,기타,기타,분류 미매칭,학습 제외,
,,,,,,1090,"나무, 종이",4,종이,기타,분류 미매칭,학습 제외,
,,,,,,1091,철판에 에나멜,4,철판,에나멜,분류 미매칭,,
,,,,,,1092,"화이트오크, 탄화목, 알루미늄 아노다이징",4,금속,조각,,,
,,,,,,1093,"캔버스에 아크릴, 먹",4,캔버스,"아크릴릭, 수묵",,,
,,,,,,1094,캔버스에 울트라크롬잉크 프린트,4,캔버스,디지털 피그먼트 프린트,,,
,,,,,,1095,티크목,4,기타,기타,분류 미매칭,학습 제외,
,,,,,,1096,20세기,4,기타,기타,분류 미매칭,학습 제외,
,,,,,,1097,"포토 석판화, 세리그라피",4,종이,"실크스크린, 석판",,,
,,,,,,1098,아카이벌,4,기타,기타,분류 미매칭,학습 제외,
,,,,,,1099,oii on canvas,4,캔버스,유채,분류 미매칭,,
,,,,,,1100,2배합장지에 혼합,4,장지,혼합재료,,,
,,,,,,1101,플라스틱 외,4,기타,기타,분류 미매칭,학습 제외,
,,,,,,1102,렌티큘러 필름,4,종이,렌티큘러 프린트,,,
,,,,,,1103,"목판에 각, 채색",4,패널,"각, 채색",,,
,,,,,,1104,"레진, 알루미늄",4,금속,조각,,,
,,,,,,1105,"캔버스에 스크린프린트, 혼합재료",4,캔버스,실크스크린,,,
,,,,,,1106,오프셋 프린트에 은박과 바니쉬,4,종이,"오프셋 프린트, 혼합재료",,,
,,,,,,1107,오프셋 프린트에 작가사인,4,종이,오프셋 프린트,,,
,,,,,,1108,자수,3,기타,섬유,,학습 제외,
,,,,,,1109,하드보드에 매직,3,보드,마커,분류 미매칭,,
,,,,,,1110,마대에 혼합재료,3,캔버스,혼합재료,,,
,,,,,,1111,"mixed media, fibre glass, metal",3,기타,혼합재료,,학습 제외,
,,,,,,1112,"hand painted on cutout steel, 3 layers",3,금속,기타,분류 미매칭,학습 제외,
,,,,,,1113,"종이에 연필, 크레용",3,종이,"연필, 오일 파스텔",,,
,,,,,,1114,오프셋석판화,3,종이,오프셋 프린트,,,
,,,,,,1115,"캔버스에 유채, 피그먼트",3,캔버스,"유채, 안료",,,
,,,,,,1116,"종이에 모래, 유채",3,종이,"유채, 모래",,,
,,,,,,1117,철판에 그라인딩,3,기타,기타,분류 미매칭,학습 제외,
,,,,,,1118,"캔버스, 프레임에 아크릴 스프레이",3,캔버스,"아크릴릭, 스프레이",,,
,,,,,,1119,"마포에 부조, 혼합재료",3,캔버스,혼합재료,,,
,,,,,,1120,스케이드보드 데크에 인쇄,3,종이,인쇄/복제,,학습 제외,
,,,,,,1121,"돌, 브론즈",3,없음,조각,,,
,,,,,,1122,캔버스위 한지에 채색,3,캔버스,채색,,,
,,,,,,1123,"나무, 자개",3,목재,기타,분류 미매칭,학습 제외,
,,,,,,1124,컬러 에칭,3,종이,에칭,,,
,,,,,,1125,스테인레스,3,기타,기타,분류 미매칭,학습 제외,
,,,,,,1126,"트레이싱지에 잉크, 색연필",3,트레이싱지,"잉크, 색연필",,,
,,,,,,1127,피그먼트 프린트에 실크스크린,3,종이,실크스크린,,,
,,,,,,1128,"대리석, 화강암",3,없음,조각,,,
,,,,,,1129,"판화지에 붓펜, 컬러펜 채색",3,종이,"펜, 채색",,,
,,,,,,1130,"캔버스에 아크릴, 피그먼트",3,캔버스,"아크릴릭, 안료",,,
,,,,,,1131,비단에 혼합재료,3,비단,혼합재료,,,
,,,,,,1132,상아,3,기타,기타,분류 미매칭,학습 제외,
,,,,,,1133,"캔버스에 아크릴, 레진",3,캔버스,아크릴릭,,학습 제외,
,,,,,,1134,은지에 유채,3,금속지,유채,,,
,,,,,,1135,아카이벌 디지털 프린트,3,종이,디지털 피그먼트 프린트,,,
,,,,,,1136,"종이에 연필, 오일파스텔",3,종이,"연필, 오일 파스텔",,,
,,,,,,1137,"종이에 연필, 오일 파스텔",3,종이,"연필, 오일 파스텔",,,
,,,,,,1138,"캔버스에 아크릴, 바니쉬",3,캔버스,아크릴릭,,,
,,,,,,1139,아크릴,3,기타,아크릴릭,,학습 제외,
,,,,,,1140,종이에 먹종이에 수묵,3,종이,수묵,,,
,,,,,,1141,액자 / 캔버스에 혼합재료,3,캔버스,혼합재료,,,
,,,,,,1142,액자 / 판화,3,종이,판화,,학습 제외,
,,,,,,1143,나무에 조각과 채색,3,목재,채색,,,
,,,,,,1144,Painted Cast Vinyl,3,없음,조각,,,
,,,,,,1145,"Digital print on tea towel, 100% cotton",3,섬유,디지털 프린트,,,
,,,,,,1146,비단에 수묵담채 / Ink and Color on Silk,3,비단,수묵,,,
,,,,,,1147,비단에 수묵담채 Ink and Color on Silk and Crabs,3,비단,수묵,,,
,,,,,,1148,나무 Wood,3,목재,기타,분류 미매칭,학습 제외,
,,,,,,1149,상아 Ivory,3,기타,기타,분류 미매칭,학습 제외,
,,,,,,1150,나무에 혼합재료 Mixed Media on Wood,3,목재,혼합재료,,,
,,,,,,1151,mixed media on ceramic,3,기타,혼합재료,,학습 제외,
,,,,,,1152,acrylic on cotton,3,캔버스,아크릴릭,,,
,,,,,,1153,"reworked woodcut, Fuji Xerox copy",3,종이,목판,,,
,,,,,,1154,"digital print, silkscreen",3,종이,실크스크린,,,
,,,,,,1155,acrylic and paint on canvas,3,캔버스,아크릴릭,,,
,,,,,,1156,"ceramic fragments, epoxy, 24k gold leaf",3,없음,도자,,,
,,,,,,1157,offset lithograph in the book,3,종이,오프셋 프린트,,,
,,,,,,1158,oil and resin on canvas,3,캔버스,유화,,학습 제외,
,,,,,,1159,mixed media on board,3,목재,혼합재료,,,
,,,,,,1160,"archival pigment ink on Innova, Etching Cotton Rag, White, 315 gsm paper",3,종이,수묵,,,
,,,,,,1161,"gold, ink and color on paper",3,종이,수묵,,,
,,,,,,1162,acrylic and silicone on canvas,3,캔버스,"아크릴릭, 실리콘",,,
,,,,,,1163,"digital print, diasec",3,종이,"디지털 프린트, 디아섹",,,
,,,,,,1164,oil and gouache on paper,3,종이,"유채, 과슈",,,
,,,,,,1165,etching with carborundum,3,종이,"에칭, 카보런덤",,,
,,,,,,1166,archival Ink-jet print on paper,3,종이,수묵,,,
,,,,,,1167,acrylic on Korean paper mounted on wooden panel,3,한지,아크릴릭,,,
,,,,,,1168,mixed media on paper mounted on wooden panel,3,종이,혼합재료,,,
,,,,,,1169,mixed media with Hanji paper on linen,3,캔버스,혼합재료,,,
,,,,,,1170,"porcelain, admixture and stain",3,없음,도자,,,
,,,,,,1171,oil on cloth,3,기타,유화,,학습 제외,
,,,,,,1172,oil pastel on wood panel,3,패널,오일 파스텔,,,
,,,,,,1173,"mother-of-pearl, mixed media on wood",3,목재,혼합재료,,,
,,,,,,1174,ink and acrylic on canvas,3,캔버스,"아크릴릭, 잉크",,,
,,,,,,1175,acrylic on canvas with artist's frame,3,캔버스,아크릴릭,,,
,,,,,,1176,"acrylic, resin and sand on canvas",3,캔버스,아크릴릭,,학습 제외,
,,,,,,1177,mixed acrylic on canvas,3,캔버스,아크릴릭,,,
,,,,,,1178,silver leaf and mesh with aluminium frame,3,금속,조각,,,
,,,,,,1179,PLA and acrylic on canvas,3,캔버스,아크릴릭,,학습 제외,
,,,,,,1180,"PLA, wire and stainless steel",3,금속,조각,,,
,,,,,,1181,ink and watercolor on paper,3,종이,수채,,,
,,,,,,1182,etching on silver plate,3,종이,판화,,학습 제외,
,,,,,,1183,silkscreen and digital print on paper,3,종이,실크스크린,,,
,,,,,,1184,mixed media on canvas with artist's frame,3,캔버스,혼합재료,,,
,,,,,,1185,acrylic on wooden tray,3,패널,아크릴릭,,,
,,,,,,1186,archival pigment print in colors on wooden skate deck,3,목재,디지털 피그먼트 프린트,분류 미매칭,학습 제외,
,,,,,,1187,acrylic on plaster and canvas,3,캔버스,아크릴릭,,학습 제외,
,,,,,,1188,acrylic and graphite on paper,3,종이,"아크릴릭, 흑연",,,
,,,,,,1189,lithograph on paper laid to wove paper,3,종이,석판,,,
,,,,,,1190,acrylic and colored pencil on canvas,3,캔버스,"아크릴릭, 색연필",,,
,,,,,,1191,"UV pigment print on a silkscreen black flood on 410gsm Somerset Tub-sized Radiant white paper, finished with silkscreen matte varnish",3,종이,실크스크린,,,
,,,,,,1192,inkjet print,3,종이,디지털 프린트,,,
,,,,,,1193,glazed ceramic,3,없음,도자,,,
,,,,,,1194,"silkscreen, pigment print",3,종이,실크스크린,,,
,,,,,,1195,scratch on board,3,목재,기타,분류 미매칭,학습 제외,
,,,,,,1196,color on paper mounted on wooden panel,3,종이,채색,,,
,,,,,,1197,archival pigment ink,3,종이,디지털 피그먼트 프린트,,,
,,,,,,1198,lithograph and screenprint,3,종이,"석판, 실크스크린",,,
,,,,,,1199,metallic porcelain,3,없음,도자,,,
,,,,,,1200,mineral color and gold leaf on silk mounted…,3,비단,기타,분류 미매칭,학습 제외,
,,,,,,1201,mineral color on silk mounted on wooden panel,3,비단,채색,,,
,,,,,,1202,"mineral color, gold leaf and silver leaf on silk mo…",3,비단,기타,분류 미매칭,학습 제외,
,,,,,,1203,pigment on linen,3,캔버스,안료,분류 미매칭,,
,,,,,,1204,oil on aluminum,3,알루미늄 패널,유화,,학습 제외,
,,,,,,1205,acrylic on paper mounted on canvas,3,종이,아크릴릭,,,
,,,,,,1206,rubbing on paper,3,종이,기타,분류 미매칭,학습 제외,
,,,,,,1207,"charcoal, acrylic and UV- varnish on canvas",3,캔버스,"아크릴릭, 목탄",,,
,,,,,,1208,oil on canvas mounted on panel,3,캔버스,유채,,,
,,,,,,1209,pigment print on german etching,3,종이,디지털 피그먼트 프린트,,,
,,,,,,1210,silkscreen in 93 colors printed on Corona Magna…,3,종이,실크스크린,,,
,,,,,,1211,"FRP, urethane paint",3,기타,기타,분류 미매칭,학습 제외,
,,,,,,1212,color on canvas,3,캔버스,채색,,,
,,,,,,1213,print on canvas,3,캔버스,기타,분류 미매칭,학습 제외,
,,,,,,1214,acrylic and mixed media on linen,3,캔버스,"아크릴릭, 혼합재료",,,
,,,,,,1215,acrylic and ink on embossed wood panel,3,목재,"아크릴릭, 잉크",,,
,,,,,,1216,mixed media on wooden tray,3,목재,혼합재료,,,
,,,,,,1217,"lithograph, embossing",3,종이,"엠보싱, 석판",,,
,,,,,,1218,"photographic drawing printed on paper, mounted on dibond",3,종이,디지털 프린트,"디본드 마운트, 포토그래픽 드로잉",,
,,,,,,1219,"carborundum, drypoint and lithograph",3,종이,"카보런덤, 드라이포인트, 석판",,,
,,,,,,1220,mother of pearl and mixed media on wood,3,목재,혼합재료,,,
,,,,,,1221,archival pigment ink on Innova 315 gsm paper,3,종이,수묵,,,
,,,,,,1222,acrylic on paper collage,3,종이,아크릴릭,,,
,,,,,,1223,archival digital print on diasec,3,종이,디지털 피그먼트 프린트,,,
,,,,,,1224,soft-ground etching,3,종이,에칭,,,
,,,,,,1225,"screenprint, lamé",3,종이,실크스크린,,,
,,,,,,1226,Korean traditional paper hanji fiber was casted in a silicon gel mold and then finished off by airbrushing and hand-colouring,3,종이,조각,,,
,,,,,,1227,acrylic and digital print on canvas,3,캔버스,"디지털 프린트, 아크릴릭",,,
,,,,,,1228,"mixed media, stone, sand",3,기타,혼합재료,,학습 제외,
,,,,,,1229,"litho crayon, pencil and correction fluid pen on paper",3,종이,"펜, 색연필, 오일 파스텔",,,
,,,,,,1230,"oil, acrylic on canvas",3,캔버스,"유채, 아크릴릭",,,
,,,,,,1231,"poly, resin",3,없음,조각,,,
,,,,,,1232,woodcut print on cloth,3,종이,판화,,학습 제외,
,,,,,,1233,mother-of-pearl and mixed media on canvas,3,캔버스,혼합재료,,,
,,,,,,1234,"ink, oil bar and gouache on Korean paper mounted on wooden panel",3,한지,"잉크, 오일스틱, 과슈",,,
,,,,,,1235,acrylic and crystal on canvas,3,캔버스,"아크릴릭, 크리스탈",,,
,,,,,,1236,fine art print,3,기타,기타,분류 미매칭,학습 제외,
,,,,,,1237,wood frame and acrylic on canvas,3,캔버스,아크릴릭,,,
,,,,,,1238,oil on canvas paper,3,종이,유채,,,
,,,,,,1239,oil and color charcoal on linen,3,캔버스,"유채, 목탄",,,
,,,,,,1240,frottage on paper,3,종이,기타,분류 미매칭,학습 제외,
,,,,,,1241,ink and acrylic on paper,3,종이,"아크릴릭, 잉크",,,
,,,,,,1242,Mixografia® monotype on hand made paper,3,종이,믹소그라피,,,
,,,,,,1243,"rubbing on paper, ink on paper",3,종이,수묵,,,
,,,,,,1244,wood block print,3,목재,기타,분류 미매칭,학습 제외,
,,,,,,1245,enamel on paperboard,3,보드,에나멜,분류 미매칭,,
,,,,,,1246,acrylic and ink on linen,3,캔버스,"아크릴릭, 잉크",,,
,,,,,,1247,earth and mixed media on canvas,3,캔버스,혼합재료,,,
,,,,,,1248,chinese ink and gold on canvas,3,캔버스,수묵,,,
,,,,,,1249,"PVC, crystal, alloy, stainless steel, EVA",3,금속,조각,,,
,,,,,,1250,"screenprint, lame",3,종이,실크스크린,,,
,,,,,,1251,silkscreen on paper,3,종이,실크스크린,,,
,,,,,,1252,ceramics,3,없음,도자,,,
,,,,,,1253,"acrylic, oil pastel, spray on wood panel",3,패널,"아크릴릭, 오일 파스텔, 스프레이",,,
,,,,,,1254,"monoprint in oil paint with collage, engraving and embossment on hand-dyed twinrocker handmade paper",3,종이,"염색, 인그레이빙, 엠보싱, 콜라주, 유채",모노타이프,,
,,,,,,1255,"ink, color on paper",3,종이,수묵,,,
,,,,,,1256,etching in colors,3,종이,에칭,,,
,,,,,,1257,mixed media on wood panel,3,목재,혼합재료,,,
,,,,,,1258,colored on fabric,3,섬유,섬유,,,
,,,,,,1259,printed on canvas,3,캔버스,디지털 프린트,분류 미매칭,,
,,,,,,1260,"acrylic, mixed media on canvas",3,캔버스,"아크릴릭, 혼합재료",,,
,,,,,,1261,"lithograph, etching",3,종이,"에칭, 석판",,,
,,,,,,1262,stone,3,기타,기타,분류 미매칭,학습 제외,
,,,,,,1263,embroidery on linen,3,캔버스,섬유,,,
,,,,,,1264,fabrics frame colored on canvas,3,캔버스,섬유,,,
,,,,,,1265,종이에 스크린 프린트,3,종이,실크스크린,,,
,,,,,,1266,스테인레스 스틸,3,금속,기타,분류 미매칭,학습 제외,
,,,,,,1267,판넬에 채색,3,패널,채색,,,
,,,,,,1268,구리선,3,기타,기타,분류 미매칭,학습 제외,
,,,,,,1269,Inlaid silver on iron,3,금속,기타,분류 미매칭,학습 제외,
,,,,,,1270,종이에 목판화,3,종이,목판,,,
,,,,,,1271,지본주사서,3,종이,기타,분류 미매칭,학습 제외,
,,,,,,1272,"지본수묵, 지본채색",3,종이,수묵,,,
,,,,,,1273,레이져컷 포스트카드,3,기타,기타,분류 미매칭,학습 제외,
,,,,,,1274,철판에 페인팅,3,철판,혼합재료,분류 미매칭,,
,,,,,,1275,종이에 연필·수채,3,종이,수채,,,
,,,,,,1276,닥종이,3,종이,기타,분류 미매칭,학습 제외,
,,,,,,1277,Flowers and Birds,3,기타,기타,분류 미매칭,학습 제외,
,,,,,,1278,Chest for Brass Coin Storage,3,기타,기타,분류 미매칭,학습 제외,
,,,,,,1279,캔버스에아크릴,3,캔버스,아크릴릭,,,
,,,,,,1280,종이에혼합,3,종이,혼합재료,,,
,,,,,,1281,비단에먹,3,비단,수묵,,,
,,,,,,1282,돌에 각,3,기타,기타,분류 미매칭,학습 제외,
,,,,,,1283,도자에전사,3,없음,도자,,,
,,,,,,1284,"종이에 먹, 비단에 먹",3,종이,수묵,,,
,,,,,,1285,"종이에 파스텔, 수채",3,종이,수채,,,
,,,,,,1286,"나무, 놋쇠",3,목재,기타,분류 미매칭,학습 제외,
,,,,,,1287,캔버스에 연필,3,캔버스,연필,,,
,,,,,,1288,종이에 파스텔분채,3,종이,채색,,,
,,,,,,1289,"종이에 먹, 탁본",3,종이,수묵,,,
,,,,,,1290,"종이에 먹, 인주",3,종이,수묵,,,
,,,,,,1291,"하드보드지에 콜라쥬, 채색",3,목재,채색,,,
,,,,,,1292,합판캔버스에 혼합,3,캔버스,혼합재료,,,
,,,,,,1293,마포에 아크릴,3,캔버스,아크릴릭,,,
,,,,,,1294,"종이에 먹,수묵담채",3,종이,수묵,,,
,,,,,,1295,"종이에 파스텔, 펜",3,종이,"파스텔, 펜",,,
,,,,,,1296,"종이에 수묵담채, 채색",3,종이,수묵,,,
,,,,,,1297,종이에 수묵/족자,3,종이,수묵,,,
,,,,,,1298,종이에 수묵담채/가배접,3,종이,수묵,,,
,,,,,,1299,비단에 수묵/ 족자,3,비단,수묵,,,
,,,,,,1300,종이에 먹/첩,3,종이,수묵,,,
,,,,,,1301,비단에 수묵담채/액자,3,비단,수묵,,,
,,,,,,1302,비단에 수묵담채/ 액자,3,비단,수묵,,,
,,,,,,1303,종이에 수묵/ 족자,3,종이,수묵,,,
,,,,,,1304,조선전기,3,기타,기타,분류 미매칭,학습 제외,
,,,,,,1305,"알루미늄, 레진, 우레탄 도장, 아크릴 플레이트",3,금속,아크릴릭,,학습 제외,
,,,,,,1306,"캔버스에 아크릴, 폴리에스터",3,캔버스,아크릴릭,,학습 제외,
,,,,,,1307,한지에 프로타주,3,한지,기타,분류 미매칭,학습 제외,
,,,,,,1308,"종이에 아크릴, 수채",3,종이,"아크릴릭, 수채",,,
,,,,,,1309,캔버스에 세리그라프,3,캔버스,실크스크린,,,
,,,,,,1310,목판에 채색,3,종이,"목판, 채색",,,
,,,,,,1311,홈메이드 프린트,3,종이,인쇄/복제,,학습 제외,
,,,,,,1312,종이에 스프레이 페인트,3,종이,스프레이,분류 미매칭,,
,,,,,,1313,"패널에 유채, 흙",3,패널,"유채, 흙",,,
,,,,,,1314,"리넨에 목탄, 유채",3,캔버스,"유채, 목탄",,,
,,,,,,1315,"3D 실크스크린, 혼합재료",3,종이,실크스크린,,,
,,,,,,1316,"종이에 마커, 채색",3,종이,채색,,,
,,,,,,1317,"종이에 색연필, 오일파스텔",3,종이,"색연필, 오일 파스텔",,,
,,,,,,1318,캔버스에 스프레이 피그먼트,3,캔버스,사진/디지털,,학습 제외,
,,,,,,1319,"종이패널에 과슈, 크레용",3,종이,수채,,,
,,,,,,1320,"장지에 석채, 호분, 방해말, 먹",3,장지,수묵,,,
,,,,,,1321,종이 패널에 수채,3,종이,수채,,,
,,,,,,1322,캔버스에 아크릴 페인팅,3,캔버스,아크릴릭,,,
,,,,,,1323,나무 패널에 아크릴,3,패널,아크릴릭,,,
,,,,,,1324,"한지에 수묵, 아크릴, 금박",3,한지,"수묵, 아크릴릭, 금박",,,
,,,,,,1325,렌티큘러 아크릴에 잉크젯,3,아크릴 패널,디지털 프린트,,,
,,,,,,1326,비단에 유채,3,비단,유채,,,
,,,,,,1327,"캔버스에 아크릴, 백금박",3,캔버스,"아크릴릭, 금박",,,
,,,,,,1328,"종이에 크레용, 마커",3,종이,"오일 파스텔, 마커",,,
,,,,,,1329,"종이보드에 아크릴, 색연필",3,보드,"아크릴릭, 색연필",,,
,,,,,,1330,"강화유리에 샌딩, 유리전사, LED",3,기타,기타,분류 미매칭,학습 제외,
,,,,,,1331,"종이에 수채, 실",3,종이,수채,,,
,,,,,,1332,카드보드에 유채,3,보드,유채,,,
,,,,,,1333,나무 패널에 한지 콜라주,3,종이,혼합재료,,학습 제외,
,,,,,,1334,"레진에 우레탄, 핸드페인팅",3,없음,조각,,,
,,,,,,1335,"컴퓨터 애니메이션, LCD 스크린",3,기타,기타,분류 미매칭,학습 제외,
,,,,,,1336,아이리스 프린트,3,종이,지클레이 프린트,,,
,,,,,,1337,"캔버스에 유채, 잉크",3,캔버스,"유채, 잉크",,,
,,,,,,1338,"종이에 흑연, 유채",3,종이,"유채, 흑연",,,
,,,,,,1339,"한지주조, 핸드컬러링과 에어브러쉬",3,종이,기타,분류 미매칭,학습 제외,
,,,,,,1340,"캔버스에 아크릴, 에나멜, 실리콘",3,캔버스,"아크릴릭, 에나멜, 실리콘",,,
,,,,,,1341,패널 위 혼합재료,3,목재,혼합재료,,,
,,,,,,1342,종이에 포스터 페인트,3,종이,인쇄/복제,,학습 제외,
,,,,,,1343,철에 혼합재료,3,기타,혼합재료,,학습 제외,
,,,,,,1344,"캔버스에 아크릴, 순금",3,캔버스,"아크릴, 금",,,
,,,,,,1345,종이 패널에 종이,3,종이,기타,분류 미매칭,학습 제외,
,,,,,,1346,"닥종이에 연필, 펜, 아크릴 과슈, 커피",3,종이,"연필, 펜, 과슈, 혼합재료",,,
,,,,,,1347,한지에 목탄,3,한지,목탄,,,
,,,,,,1348,"TV 모니터, 혼합재료",3,기타,혼합재료,,학습 제외,
,,,,,,1349,"캔버스에 아크릴, 스피커",3,캔버스,아크릴,,학습 제외,
,,,,,,1350,"캔버스에 아크릴, 채각기법",3,캔버스,아크릴,,학습 제외,
,,,,,,1351,하드보드지에 아크릴,3,보드,아크릴릭,,,
,,,,,,1352,"너도밤나무, 황동",3,목재,기타,분류 미매칭,학습 제외,
,,,,,,1353,부채에 채색,3,부채,채색,,,
,,,,,,1354,캔버스 위 한지에 채색,3,"캔버스, 한지",채색,,,
,,,,,,1355,"장지에 먹, 페인트",3,장지,수묵,,,
,,,,,,1356,"패널 위 천, 종이 콜라주에 아크릴",3,캔버스,"종이 콜라주, 아크릴릭",,,
,,,,,,1357,"캔버스에 오일스틱, 연필",3,캔버스,"오일스틱, 연필",,,
,,,,,,1358,거울에 아크릴,3,거울,아크릴릭,,,
,,,,,,1359,"캔버스에 유채, 오일스틱",3,캔버스,"유채, 오일스틱",,,
,,,,,,1360,린넨에 밀랍,3,캔버스,밀랍화,분류 미매칭,,
,,,,,,1361,"캔버스에 아크릴, 모래",3,캔버스,"아크릴릭, 모래",,,
,,,,,,1362,"종이에 아크릴, 오일스틱",3,종이,"아크릴릭, 오일스틱",,,
,,,,,,1363,"지클레이 프린트, 실크스크린",3,종이,실크스크린,,,
,,,,,,1364,"한지에 나무, 채색",3,한지,채색,,,
,,,,,,1365,"세라믹, 언더글레이즈, 글레이즈, 스와로브스키 크리스탈",3,없음,도자,,,
,,,,,,1366,캔버스와 나무에 아크릴,3,캔버스,아크릴,,학습 제외,
,,,,,,1367,호두나무,3,목재,기타,분류 미매칭,학습 제외,
,,,,,,1368,캔버스 패널에 혼합재료,3,캔버스,혼합재료,,,
,,,,,,1369,"실크, 면",3,섬유,기타,분류 미매칭,학습 제외,
,,,,,,1370,"종이에 오일파스텔, 목탄",3,종이,"오일 파스텔, 목탄",,,
,,,,,,1371,"캔버스에 아크릴, 한지부조",3,캔버스,"아크릴릭, 종이 부조",,,
,,,,,,1372,캔버스에 스프레이,3,캔버스,스프레이,분류 미매칭,,
,,,,,,1373,"아노다이징 알루미늄, 인조 대리석 좌대",3,금속,조각,,,
,,,,,,1374,순지에 혼합재료,3,종이,혼합재료,,,
,,,,,,1375,울트라크롬 잉크젯 프린트,3,종이,디지털 피그먼트 프린트,,,
,,,,,,1376,"종이에 마커, 오일파스텔",3,종이,"마커, 오일 파스텔",,,
,,,,,,1377,"캔버스에 아크릴, 디지털 프린트, 콜라주",3,캔버스,"디지털 프린트, 아크릴릭, 콜라주",,,
,,,,,,1378,"장지에 수묵채색, 인두, 코팅",3,장지,수묵,,,
,,,,,,1379,"브론즈, 골드 플레이트",3,없음,조각,,,
,,,,,,1380,"캔버스에 유채, 스와로브스키",3,캔버스,유화,,학습 제외,
,,,,,,1381,"종이에 수채, 오일파스텔",3,종이,"오일 파스텔, 수채",,,
,,,,,,1382,인쇄 및 접힌 사진을 반으로 쌓기,3,기타,사진/디지털,,학습 제외,
,,,,,,1383,나무에 단청기법,3,목재,기타,분류 미매칭,학습 제외,
,,,,,,1384,"종이에 유채, 수채",3,종이,"유채, 수채",,,
,,,,,,1385,디지털 아카이벌 피그먼트 프린트,3,종이,디지털 피그먼트 프린트,,,
,,,,,,1386,"종이에 과슈, 아크릴, 연필",3,종이,"아크릴릭, 과슈, 연필",,,
,,,,,,1387,"캔버스에 과슈, 아크릴",3,캔버스,"아크릴릭, 과슈",,,
,,,,,,1388,"아크릴, 레진, 스틸",3,금속,아크릴,,학습 제외,
,,,,,,1389,"종이에 색연필, 수채",3,종이,수채,,,
,,,,,,1390,양장본,3,기타,기타,분류 미매칭,학습 제외,
,,,,,,1391,"광목에 목판화, 채색",3,섬유,"목판, 채색",,,
,,,,,,1392,"카드보드에 혼합재료, 콜라주",3,목재,혼합재료,,,
,,,,,,1393,나무 부조에 채색,3,목재,채색,,,
,,,,,,1394,스테인리스 강 위에 돋을새김 & 실크스크린,3,종이,실크스크린,,,
,,,,,,1395,세리그라프(사후판화),3,종이,실크스크린,,,
,,,,,,1396,카드보드에 스프레이 에나멜,3,보드,"스프레이, 에나멜",분류 미매칭,,
,,,,,,1397,초판본,3,기타,기타,분류 미매칭,학습 제외,
,,,,,,1398,"추자나무, 오동나무",3,목재,기타,분류 미매칭,학습 제외,
,,,,,,1399,데님 콜라주,3,기타,혼합재료,,학습 제외,
,,,,,,1400,"캔버스에 유채, 천 콜라주",3,캔버스,"유채, 천 콜라주",,,
,,,,,,1401,"버려진 양은냄비, 리벳, 스테인리스",3,없음,조각,,,
,,,,,,1402,"필름, 플라스틱",3,기타,기타,분류 미매칭,학습 제외,
,,,,,,1403,은 플레이트에 에칭(아트상품),3,종이,판화,,학습 제외,
,,,,,,1404,"캔버스에 울트라크롬잉크 프린트, 아크릴",3,캔버스,"디지털 피그먼트 프린트, 아크릴릭",,,
,,,,,,1405,"천, 금속",3,금속,기타,분류 미매칭,학습 제외,
,,,,,,1406,나무에 옻칠,3,목재,옻칠/래커,,,
,,,,,,1407,"세라믹, 혼합재료",3,기타,혼합재료,,학습 제외,
,,,,,,1408,"순지에 분채, 봉채",3,종이,채색,,,
,,,,,,1409,파브리아노 종이에 에칭,3,종이,에칭,,,
,,,,,,1410,"실크스크린, 석판화",3,종이,"석판, 실크스크린",,,
,,,,,,1411,스틸,3,금속,기타,분류 미매칭,학습 제외,
,,,,,,1412,물푸레나무,3,목재,기타,분류 미매칭,학습 제외,
,,,,,,1413,과반 위 종이에 아크릴,3,종이,아크릴,,학습 제외,
,,,,,,1414,"나무, 돌",3,목재,기타,분류 미매칭,학습 제외,
,,,,,,1415,은행나무 외,3,목재,기타,분류 미매칭,학습 제외,
,,,,,,1416,금동,3,기타,기타,분류 미매칭,학습 제외,
,,,,,,1417,소나무 외,3,목재,기타,분류 미매칭,학습 제외,
,,,,,,1418,세목에 과슈,3,종이,과슈,,,
,,,,,,1419,"천에 염색, 콜라주",3,섬유,"염색, 콜라주",,,
,,,,,,1420,은(아트상품),3,기타,기타,분류 미매칭,학습 제외,
,,,,,,1421,"괴목, 돌",3,기타,기타,분류 미매칭,학습 제외,
,,,,,,1422,패널 위 캔버스에 암채,3,캔버스,채색,,,
,,,,,,1423,1991,3,기타,기타,분류 미매칭,학습 제외,
,,,,,,1424,1988,3,기타,기타,분류 미매칭,학습 제외,
,,,,,,1425,알루미늄에 에나멜(아트상품),3,금속,조각,,,
,,,,,,1426,"캔버스에 세리그라프, 글리터",3,캔버스,"실크스크린, 글리터",,,
,,,,,,1427,종이에 콜라주,3,종이,혼합재료,,,
,,,,,,1428,염색종이 위에 유채,3,종이,"염색, 유채",,,
,,,,,,1429,종이에 UV 프린팅,3,종이,UV 프린트,분류 미매칭,,
,,,,,,1430,디지털프린트에 아크릴 스프레이,3,종이,"디지털 프린트, 스프레이",,,
,,,,,,1431,"세리그라프, UV 프린트",3,종이,실크스크린,,,
,,,,,,1432,인쇄된 종이에 마커펜,3,종이,"디지털 프린트, 마커",,,
,,,,,,1433,카드보드에 연필,3,보드,연필,,,
,,,,,,1434,"아카이브 종이에 오프셋 석판화, 은박",3,종이,오프셋 프린트,,,
,,,,,,1435,black charcoal on paper,3,종이,목탄,,,
,,,,,,1436,"PVC, glass",3,없음,조각,,,
,,,,,,1437,"한지에 먹, 종이 컷팅",3,한지,수묵,,,
,,,,,,1438,"polyester, PLEXIGLAS®",3,기타,기타,분류 미매칭,학습 제외,
,,,,,,1439,카보런덤 동판화,3,종이,카보런덤,,,
,,,,,,1440,천에 아크릴 프린트,3,캔버스,"디지털 프린트, 아크릴릭",,,
,,,,,,1441,"PVC, 크리스탈, 합금, 스테인리스 스틸, EVA",3,금속,조각,,,
,,,,,,1442,오프셋 석판화(사후 판화),3,종이,오프셋 프린트,,,
,,,,,,1443,reinforced plaster,3,기타,기타,분류 미매칭,학습 제외,
,,,,,,1444,종이 꼴라주,3,종이,꼴라주,분류 미매칭,,
,,,,,,1445,판넬에 혼합재료,3,패널,혼합재료,,,
,,,,,,1446,사후판화,2,종이,판화,,학습 제외,
,,,,,,1447,캔버스에혼합재료,2,캔버스,혼합재료,,,
,,,,,,1448,종이에 혼핮재료,2,종이,혼합재료,분류 미매칭,,
,,,,,,1449,판지에 혼합재료,2,보드,혼합재료,,,
,,,,,,1450,아트석판화,2,종이,석판,,,
,,,,,,1451,종이에 수묵담,2,종이,수묵,,,
,,,,,,1452,천에 펜,2,섬유,펜,,,
,,,,,,1453,견에 먹,2,비단,수묵,,,
,,,,,,1454,다색목판화,2,종이,목판,,,
,,,,,,1455,oil on Alu Dibond,2,알루미늄 패널,유채,,,
,,,,,,1456,bronze with gold patina on marble base,2,없음,조각,,,
,,,,,,1457,판넬에 유채,2,패널,유채,,,
,,,,,,1458,"종이에 수채, 과슈",2,종이,수채,,,
,,,,,,1459,c-프린트에 작가사인,2,종이,디지털 C-프린트,,,
,,,,,,1460,한지위에 채색,2,한지,채색,,,
,,,,,,1461,"실크스크린, 핸드페인팅",2,종이,실크스크린,,,
,,,,,,1462,과반에 유채,2,기타,유화,,학습 제외,
,,,,,,1463,하드보드에 채색,2,목재,채색,,,
,,,,,,1464,한지부조에 아크릴,2,한지,아크릴,,학습 제외,
,,,,,,1465,"캔버스에 아크릴, 오일스틱, 마커",2,캔버스,"아크릴릭, 오일스틱, 마커",,,
,,,,,,1466,"종이에 마카, 사인펜",2,종이,"마카, 펜",,,
,,,,,,1467,"나무에 유채, 혼합재료",2,목재,"유채, 혼합재료",,,
,,,,,,1468,"수지에 유채, 나무에 조각받침, 돌",2,목재,유화,,학습 제외,
,,,,,,1469,"종이에 과슈, 수채, 잉트, 아크릴, 연필",2,종이,"과슈, 수채, 아크릴릭, 연필",,,
,,,,,,1470,"종이에 수채, 사인펜",2,종이,수채,,,
,,,,,,1471,"석판화, 스크린프린트, 금박, 아크릴 핸드페인팅",2,종이,"석판, 실크스크린, 금박, 아크릴릭",,,
,,,,,,1472,"종이에 마카, 수채",2,종이,수채,,,
,,,,,,1473,"브론즈, 나무",2,없음,조각,,,
,,,,,,1474,"패널에 아크릴,유채",2,패널,"유채, 아크릴릭",,,
,,,,,,1475,세리그라피,2,종이,실크스크린,분류 미매칭,,
,,,,,,1476,"패널에 유채, 콜라주",2,패널,"유채, 콜라주",,,
,,,,,,1477,"캔버스에 유채, 종이에 유채",2,캔버스,유화,,학습 제외,
,,,,,,1478,"종이에 아크릴, 오일파스텔",2,종이,"아크릴릭, 오일 파스텔",,,
,,,,,,1479,stone Lithgraph-Black and White,2,기타,기타,분류 미매칭,학습 제외,
,,,,,,1480,Offset lithograph in colors on satin,2,섬유,오프셋 프린트,,,
,,,,,,1481,stone Lithgraph-3colours,2,기타,기타,분류 미매칭,학습 제외,
,,,,,,1482,Giclee Print on Paper,2,종이,디지털 피그먼트 프린트,,,
,,,,,,1483,"아쿼틴트, 드라이포인트",2,종이,"아쿼틴트, 드라이포인트",,,
,,,,,,1484,"오프셋 프린트, 박",2,종이,오프셋 프린트,,학습 제외(은박인지 금박인지 모름),
,,,,,,1485,"종이에 먹, 아크릴",2,종이,"아크릴릭, 수묵",,,
,,,,,,1486,오프셋석판화 위 실크스크린,2,종이,"오프셋 프린트, 실크스크린",,,
,,,,,,1487,Acrylic spray paint on fine art paper,2,종이,아크릴릭,,,
,,,,,,1488,종이에 꼴라주,2,종이,기타,분류 미매칭,,
,,,,,,1489,다색 동판화,2,종이,동판,,,
,,,,,,1490,"캔버스에 유채, 꼴라주",2,캔버스,"유채, 콜라주",,,
,,,,,,1491,기와에 아크릴,2,기타,아크릴,,학습 제외,
,,,,,,1492,판화지에 붓펜,2,종이,펜,,,
,,,,,,1493,"세리그래피, 박",2,종이,"실크스크린, 기타",분류 미매칭,,
,,,,,,1494,"캔버스에 템페라, 금박",2,캔버스,기타,분류 미매칭,,
,,,,,,1495,종이에 유성펜,2,종이,펜,,,
,,,,,,1496,"종이에 인주, 먹",2,종이,수묵,,,
,,,,,,1497,"나무조각, 채색",2,목재,채색,,,
,,,,,,1498,"종이에 연필, 목탄",2,종이,"연필, 목탄",,,
,,,,,,1499,오프셋프린트에 실크스크린,2,종이,"오프셋 프린트, 실크스크린",,,
,,,,,,1500,"석판화, 은박",2,종이,석판,,,
,,,,,,1501,"다색 석판화, 고무판화",2,종이,석판,,,
,,,,,,1502,"종이에 수채, 수성펜",2,종이,수채,,,
,,,,,,1503,"종이에 사인펜, 크레용",2,종이,"펜, 오일 파스텔",,,
,,,,,,1504,"종이에 볼펜, 마커펜",2,종이,"펜, 마커",,,
,,,,,,1505,인쇄된 종이에 작가 사인,2,종이,기타,분류 미매칭,,
,,,,,,1506,나무쟁반에 아크릴,2,목재,아크릴,,학습 제외,
,,,,,,1507,"종이에 아크릴, 오일펜",2,종이,"아크릴, 오일펜",,,
,,,,,,1508,에코백에 작가사인,2,기타,기타,분류 미매칭,학습 제외,
,,,,,,1509,"종이에 수성펜, 색연필, 연필",2,종이,"펜, 색연필, 연필",,,
,,,,,,1510,조선초기,2,기타,기타,분류 미매칭,학습 제외,
,,,,,,1511,"캔버스 위 모래, 유채",2,캔버스,"유채, 모래",,,
,,,,,,1512,"종이에 수성펜, 채색",2,종이,채색,,,
,,,,,,1513,"종이에 사인펜, 크래용",2,종이,"펜, 오일 파스텔",,,
,,,,,,1514,곱돌에 조각,2,기타,기타,분류 미매칭,학습 제외,
,,,,,,1515,백동에 조각,2,기타,기타,분류 미매칭,학습 제외,
,,,,,,1516,금속에 은입사,2,금속,기타,분류 미매칭,,
,,,,,,1517,종이에 먹종이에 수묵담채,2,종이,수묵,,,
,,,,,,1518,"나무에 조각, 주칠",2,목재,기타,분류 미매칭,,
,,,,,,1519,"나무에 조각, 혼합재료",2,목재,혼합재료,,,
,,,,,,1520,"종이에 수묵, 종이에 수묵채색",2,종이,수묵,,,
,,,,,,1521,액자 / 종이에 수묵채색,2,종이,수묵,,,
,,,,,,1522,족자 / 종이에 먹,2,종이,수묵,,,
,,,,,,1523,금속에 조각,2,금속,기타,분류 미매칭,학습 제외,
,,,,,,1524,모시에 수묵담채,2,섬유,수묵,,,
,,,,,,1525,"Lithograph, Silkscreen",2,종이,"석판, 실크스크린",,,
,,,,,,1526,Cold cast resin,2,없음,조각,,,
,,,,,,1527,Print on paper,2,종이,기타,분류 미매칭,종이에 사진/디지털,
,,,,,,1528,필사액자1점,2,기타,기타,분류 미매칭,학습 제외,
,,,,,,1529,필사본1첩,2,기타,기타,분류 미매칭,학습 제외,
,,,,,,1530,나무에 조각 / Carved on Wood,2,없음,조각,,,
,,,,,,1531,종이에 수묵채색 Ink on Paper,2,종이,수묵,,,
,,,,,,1532,나무에 조각과 채색 / Carved and Colored on Wood,2,목재,채색,,,
,,,,,,1533,은에 칠보장식 / Ornaments of Cloisonne Work on Sliver,2,기타,옻칠/래커,,학습 제외,
,,,,,,1534,비단에 자수 Embroidery on Silk,2,비단,섬유,,,
,,,,,,1535,종이에 채색 Ink and Color on Paper,2,종이,수묵,,,
,,,,,,1536,"은, 상아 Silver, Ivory",2,기타,기타,분류 미매칭,학습 제외,
,,,,,,1537,금속에 조각 Carved on Metal,2,금속,조각,,,
,,,,,,1538,"대모, 은 Hawksbill, Silver",2,기타,기타,분류 미매칭,학습 제외,
,,,,,,1539,"상아, 은 Ivory, Silver",2,기타,기타,분류 미매칭,학습 제외,
,,,,,,1540,은에 옥장식 Ornaments of Jade Work on Sliver,2,기타,기타,분류 미매칭,학습 제외,
,,,,,,1541,종이에 수채 Watercolor on Paper,2,종이,수채,,,
,,,,,,1542,병풍 Folding Screen,2,기타,기타,분류 미매칭,학습 제외,
,,,,,,1543,캔버스에 유채 Oil on Canvas,2,캔버스,유채,,,
,,,,,,1544,브론즈 Bronze,2,없음,조각,,,
,,,,,,1545,종이에 인쇄 Printed on Paper,2,종이,인쇄/복제,,학습 제외,
,,,,,,1546,neo silkscreen and lamé on paper,2,종이,실크스크린,,,
,,,,,,1547,acrylic on thick mulberry paper,2,종이,아크릴,,학습 제외,
,,,,,,1548,paper on panel,2,종이,기타,분류 미매칭,학습 제외,
,,,,,,1549,acrylic and collage on hardboard,2,보드,"아크릴릭, 콜라주",,,
,,,,,,1550,acrylic and pen on paper,2,종이,"아크릴릭, 펜",,,
,,,,,,1551,polyester on canvas,2,캔버스,기타,분류 미매칭,학습 제외,
,,,,,,1552,"digital image transferred, fused and hot glass",2,기타,사진/디지털,,학습 제외(유리 조형),
,,,,,,1553,silkscreen and mixed media on Korean paper,2,종이,실크스크린,,,
,,,,,,1554,Inlaid silver on bronze,2,없음,조각,,,
,,,,,,1555,"ink and color on silk, embroidery on silk",2,비단,수묵,,,
,,,,,,1556,enamel and ink on paperboard,2,보드,수묵,,,
,,,,,,1557,"calfskin leather, wood and linen canvas",2,캔버스,기타,분류 미매칭,학습 제외,
,,,,,,1558,"acrylic, oil and paint on canvas",2,캔버스,"아크릴릭, 유채",,,
,,,,,,1559,acrylic and rice on canvas,2,캔버스,"아크릴릭, 기타",,,
,,,,,,1560,"acrylic, oil pastel and collage on canvas",2,캔버스,"아크릴릭, 오일 파스텔, 콜라주",,,
,,,,,,1561,c-print on acrylic layers,2,종이,디지털 C-프린트,,학습 제외,
,,,,,,1562,oil on canvas mounted on woodbox,2,캔버스,유채,,,
,,,,,,1563,laser cut steel and urethane paint on acrylic board,2,목재,아크릴,,학습 제외,
,,,,,,1564,mezzotint and drypoint,2,종이,"메조틴트, 드라이포인트",,,
,,,,,,1565,watercolor on paper mounted on wooden panel,2,종이,수채,,,
,,,,,,1566,"fabrics, traditional Korean nobang cloth and organza mounted on canvas",2,캔버스,섬유,,,
,,,,,,1567,spray paint on paper,2,종이,스프레이,분류 미매칭,,
,,,,,,1568,oil on Korean paper mounted on wooden panel,2,한지,유채,,,
,,,,,,1569,woodcut and serigraph,2,종이,"목판, 실크스크린",,,
,,,,,,1570,relief print with Korean hanji paper,2,종이,릴리프,분류 미매칭,,
,,,,,,1571,watercolor and pen on paper,2,종이,수채,,,
,,,,,,1572,"hand painted cutout steel, 3 layers",2,금속,기타,분류 미매칭,학습 제외,
,,,,,,1573,laser-cut Museum board relief print in frame,2,목재,기타,분류 미매칭,,
,,,,,,1574,ceramic and mixed media,2,기타,혼합재료,,학습 제외,
,,,,,,1575,"acrylic, acrylic marker and oil paint-stick on canvas",2,캔버스,"아크릴릭, 마커, 오일스틱",,,
,,,,,,1576,color-stone powder on paper,2,종이,기타,분류 미매칭,,
,,,,,,1577,sewing and color on fabric mounted on wooden panel,2,목재,채색,,,
,,,,,,1578,ink and pen on paper,2,종이,수묵,,,
,,,,,,1579,acrylic on steel and mirror,2,금속,아크릴,,학습 제외,
,,,,,,1580,"stainless steel bolts, nails and wood",2,없음,조각,,,
,,,,,,1581,metal type printed on paper,2,종이,기타,분류 미매칭,,
,,,,,,1582,cyanotype on Saunders waterford 638gsm paper,2,종이,기타,분류 미매칭,,
,,,,,,1583,oil on Korean paper mounted on canvas,2,한지,유채,,,
,,,,,,1584,woodcut on Kozo paper,2,종이,목판,,,
,,,,,,1585,silkscreen and digital print,2,종이,실크스크린,,,
,,,,,,1586,pencil and red clay on paper,2,종이,"연필, 채색",,,
,,,,,,1587,"paper, silver leaf and mesh with aluminium frame",2,종이,조각,,,
,,,,,,1588,mother-of-pearl and carved on wood,2,없음,조각,,,
,,,,,,1589,gouache on newspaper,2,종이,수채,,,
,,,,,,1590,rubber print and color on cotton cloth,2,섬유,"실크스크린 프린트, 채색",,,
,,,,,,1591,acrylic on resin,2,기타,아크릴,,학습 제외,
,,,,,,1592,color and natural dyes on Korean paper collage,2,종이,혼합재료,,,
,,,,,,1593,spray on paper,2,종이,기타,분류 미매칭,,
,,,,,,1594,pumpkin graphic on monogram coated-canvas trunk,2,캔버스,기타,분류 미매칭,,
,,,,,,1595,"mezzotint, etching",2,종이,"메조틴트, 에칭",,,
,,,,,,1596,archival pigment inks on Innova Etching Cotton Rag 315 gsm fine art paper,2,종이,수묵,,,
,,,,,,1597,pencil and colored pencil on cardboard,2,보드,"연필, 색연필",,,
,,,,,,1598,printed on ceramic,2,없음,도자,,,
,,,,,,1599,mixed media on panel,2,목재,혼합재료,,,
,,,,,,1600,Pomerol,2,기타,기타,분류 미매칭,학습 제외,
,,,,,,1601,Margaux,2,기타,기타,분류 미매칭,학습 제외,
,,,,,,1602,Pessac-Léognan,2,기타,기타,분류 미매칭,학습 제외,
,,,,,,1603,buncheong,2,기타,기타,분류 미매칭,학습 제외,
,,,,,,1604,mixed media with Korean paper mounted on linen,2,캔버스,혼합재료,,,
,,,,,,1605,watercolor and pastel on paper,2,종이,수채,,,
,,,,,,1606,color on lithograph,2,종이,"석판, 채색",,,
,,,,,,1607,colored ink on japanese paper,2,종이,수묵,,,
,,,,,,1608,screenprint and lamé,2,종이,실크스크린,,,
,,,,,,1609,mixed media on coated fabric,2,섬유,혼합재료,,,
,,,,,,1610,silkscreen on somerset paper,2,종이,실크스크린,,,
,,,,,,1611,acrylic and thread on canvas,2,캔버스,"아크릴릭, 자수",,,
,,,,,,1612,oil and sand on hemp cloth,2,캔버스,"유채, 모래",,,
,,,,,,1613,oil and charcoal on canvas,2,캔버스,"유채, 목탄",,,
,,,,,,1614,gouache and collage on canvas,2,캔버스,수채,,,
,,,,,,1615,spray paint on canvas mounted on board,2,캔버스,기타,분류 미매칭,,
,,,,,,1616,c-print with artist's frame,2,종이,디지털 C-프린트,,,
,,,,,,1617,silkscreen in 67 colors printed on Corona Magnami paper 400g,2,종이,실크스크린,,,
,,,,,,1618,"casting with handmade paper, hand coloring with acrylic",2,종이,아크릴,,학습 제외,
,,,,,,1619,lithograph on Zerkall Alt Meissen paper,2,종이,석판,,,
,,,,,,1620,archival pigment print on 305 gsm Hahnemühle Photo Rag Ultra Smooth paper,2,종이,기타,분류 미매칭,,
,,,,,,1621,pencil and gold powder on paper,2,종이,"연필, 니금",,,
,,,,,,1622,offset print with silver and high gloss varnishing,2,종이,"오프셋 프린트, 은박, 바니싱",,,
,,,,,,1623,"silver leaf, ink and color on paper",2,종이,수묵,,,
,,,,,,1624,tapestry on canvas,2,캔버스,섬유,,,
,,,,,,1625,photoengraving,2,종이,포토그라비아,분류 미매칭,,
,,,,,,1626,archival pigment inks on Crane Museo Max 365 gsm fine art paper,2,종이,수묵,,,
,,,,,,1627,screenprint with diamond dust,2,종이,실크스크린,,,
,,,,,,1628,stencil,2,종이,스텐실,분류 미매칭,,
,,,,,,1629,pencil and conte on paper,2,종이,"연필, 콘테",,,
,,,,,,1630,edge handcoloring on gicleep…,2,종이,지클레이 프린트,,,
,,,,,,1631,"lithograph, collage",2,종이,석판,,,
,,,,,,1632,colored pencil on Korean paper mounted on woo…,2,한지,색연필,,,
,,,,,,1633,acrylic on Korean paper mounted on panel,2,한지,아크릴릭,,,
,,,,,,1634,Mixografla print on handmad…,2,종이,믹소그라피,분류 미매칭,,
,,,,,,1635,acrylic and acrylic mirrors on c…,2,기타,아크릴,,학습 제외,
,,,,,,1636,acrylic and gouache on paper,2,종이,"아크릴릭, 과슈",,,
,,,,,,1637,Mixografia print on handmade…,2,종이,믹소그라피,분류 미매칭,,
,,,,,,1638,oil and mineral pigment on ca…,2,캔버스,"유채, 안료",,,
,,,,,,1639,acrylic and pencil on hand paper,2,종이,"아크릴릭, 연필",,,
,,,,,,1640,"silkscreen, offset lithograph",2,종이,"실크스크린, 오프셋 프린트",,,
,,,,,,1641,conte and watercolor on paper,2,종이,수채,,,
,,,,,,1642,"serigraph, embossed and texture UV print…",2,종이,실크스크린,,,
,,,,,,1643,monotype in watercolor and crayon…,2,기타,수채,,학습 제외,
,,,,,,1644,"offset print, soft vinyl figure",2,종이,인쇄/복제,,학습 제외(조형),
,,,,,,1645,mixed media on canvas mounted on panel,2,캔버스,혼합재료,,,
,,,,,,1646,procelain painted in chrome,2,기타,기타,분류 미매칭,학습 제외,
,,,,,,1647,"hand assembled polymer fiberglass, stereo with…",2,기타,섬유,,학습 제외,
,,,,,,1648,color and silver powder on Korean paper,2,종이,기타,분류 미매칭,,
,,,,,,1649,watercolor and gouache on paper,2,종이,수채,,,
,,,,,,1650,oil on handboard,2,종이,유채,,,
,,,,,,1651,mixed media on canvas mounted on wowoden panel,2,캔버스,혼합재료,,,
,,,,,,1652,edge handcoloring on glcleeprint,2,종이,"지클레이 프린트, 채색",분류 미매칭,,
,,,,,,1653,gouache and oil on newspaper,2,인쇄물,"과슈, 유채",,,
,,,,,,1654,gouache on paintmaking paper,2,종이,수채,,,
,,,,,,1655,"acrylic, oil stick, charcoal, pencil and spray paint…",2,기타,"아크릴릭, 오일스틱, 목탄, 연필, 스프레이",,학습 제외,
,,,,,,1656,Acrylic on board,2,보드,아크릴릭,,,
,,,,,,1657,mixed media on styrofoam laid on wooden panel,2,목재,혼합재료,,,
,,,,,,1658,oil bar and spray paint on paper,2,종이,"오일스틱, 스프레이",,,
,,,,,,1659,ceramic tile with frame,2,없음,도자,,,
,,,,,,1660,colored pencil and pencil on paper,2,종이,"색연필, 연필",,,
,,,,,,1661,acrylic and iridescence on linen,2,캔버스,"아크릴릭, 혼합재료",,,
,,,,,,1662,"used tire, stainless steel",2,금속,조각,,,
,,,,,,1663,"acrylic, gouache and oil pastel on canvas",2,캔버스,"아크릴릭, 과슈, 오일 파스텔",,,
,,,,,,1664,Oil on canvas & Mixed media,2,캔버스,"유채, 혼합재료",,,
,,,,,,1665,Lithograph on Somerset Soft White 300gsm,2,종이,석판,,,
,,,,,,1666,matiere printed on Texture fineart paper,2,종이,기타,분류 미매칭,,
,,,,,,1667,oriental water color on thick mulberry paper,2,종이,채색,,,
,,,,,,1668,acrylic on board,2,보드,아크릴릭,,,
,,,,,,1669,Blended,2,기타,기타,분류 미매칭,학습 제외 ,
,,,,,,1670,gouache and Chinese ink on Korean paper,2,종이,수채,,,
,,,,,,1671,acrylic on FRP,2,플라스틱 패널,아크릴릭,,,
,,,,,,1672,pigment on ceramic,2,없음,도자,,,
,,,,,,1673,ithograph,2,종이,석판,분류 미매칭,,
,,,,,,1674,"hand assembled polymer and fiberglass stereo with FM radio, bluetooth, USB port, headphone jack and Yamaha speaker system, with accompanying RIMOWA suitcase",2,기타,섬유,,학습 제외,
,,,,,,1675,ink and color on Korean paper mounted on canvas,2,캔버스,수묵,,,
,,,,,,1676,Korean paper and natural dyes,2,종이,기타,분류 미매칭,,
,,,,,,1677,"oil stick, pencil and acrylic on canvas",2,캔버스,"오일스틱, 연필, 아크릴릭",,,
,,,,,,1678,mixed media on linen mounted on wooden panel,2,캔버스,혼합재료,,,
,,,,,,1679,spray paint on paper with artist’s frame,2,종이,기타,분류 미매칭,,
,,,,,,1680,"watercolor, oil pastel and thread on paper",2,종이,"수채, 오일 파스텔, 실",,,
,,,,,,1681,"ink and color on silk, ink on silk",2,비단,수묵,,,
,,,,,,1682,"oil pastel, watercolor and thread on paper",2,종이,"수채, 오일 파스텔, 실",,,
,,,,,,1683,"lithograph, waxtype, woodcut and screenprint on Saunders Waterford paper",2,종이,"석판, 목판, 실크스크린",,,
,,,,,,1684,colored pencil on paper mounted on wooden panel,2,종이,색연필,,,
,,,,,,1685,acrylic on panel,2,패널,아크릴릭,,,
,,,,,,1686,acrylic and resin object on canvas,2,캔버스,아크릴,,학습 제외,
,,,,,,1687,offset print(사후판화),2,종이,오프셋 프린트,,,
,,,,,,1688,acrylic and oil pastel on paper,2,종이,"아크릴릭, 오일 파스텔",,,
,,,,,,1689,"tire, wood, fomex and lacquer",2,목재,옻칠/래커,,,
,,,,,,1690,"oil on wooden board, wooden frame",2,패널,유채,,,
,,,,,,1691,screenprint(After),2,종이,실크스크린,,,
,,,,,,1692,mother of pearl and mixed media on canvas,2,캔버스,혼합재료,,,
,,,,,,1693,"painted stone, stainless steel and pedestal",2,금속,조각,,,
,,,,,,1694,"acrylic, oil, paint on canvas",2,캔버스,"아크릴릭, 유채",,,
,,,,,,1695,"mother-of-pearl on wood, mixed media on wood",2,목재,혼합재료,,,
,,,,,,1696,acrylic and oil on linen,2,캔버스,"아크릴릭, 유채",,,
,,,,,,1697,painted on ceramic,2,없음,도자,,,
,,,,,,1698,oil stick and pencil on paper,2,종이,"오일스틱, 연필",,,
,,,,,,1699,"ceramic, glass",2,없음,도자,,,
,,,,,,1700,"ink, color pencil and oil bar on Korean paper mounted on wooden panel",2,한지,"수묵, 색연필, 오일스틱",,,
,,,,,,1701,oil on paper mounted on panel,2,종이,유채,,,
,,,,,,1702,oil and chunpo on linen,2,"캔버스, 비단",유채,,,
,,,,,,1703,"screenprint, mixed media on canvas",2,캔버스,실크스크린,,,
,,,,,,1704,gelatin silver print in artist’s frame,2,종이,젤라틴 실버 프린트,분류 미매칭,,
,,,,,,1705,silkscreen print on paper,2,종이,실크스크린,,,
,,,,,,1706,ink on fan,2,부채,수묵,,,
,,,,,,1707,"acrylic and collage on canvas, scratching",2,캔버스,"아크릴릭, 콜라주",,,
,,,,,,1708,lithograph(사후판화),2,종이,석판,,,
,,,,,,1709,"oil, acrylic and ink on canvas",2,캔버스,"유채, 아크릴릭, 잉크",,,
,,,,,,1710,"charcoal, acrylic and UV-varnish on canvas, speaker",2,캔버스,아크릴,,학습 제외,
,,,,,,1711,acrylic and color-stone powder on canvas,2,캔버스,"아크릴릭, 석채",,,
,,,,,,1712,"digital print mounted on aluminum, diasec",2,종이,"디지털 프린트, 디아섹",,,
,,,,,,1713,polystone,2,없음,조각,,,
,,,,,,1714,color and oil pastel on Korean paper,2,한지,"채색, 오일 파스텔",,,
,,,,,,1715,plaster,2,기타,기타,분류 미매칭,학습 제외 ,
,,,,,,1716,resin,2,없음,조각,,,
,,,,,,1717,zinc alloy,2,기타,기타,분류 미매칭,학습 제외 ,
,,,,,,1718,"etching, drypoint and aquatint",2,종이,"에칭, 드라이포인트, 아쿼틴트",,,
,,,,,,1719,tapestry,2,태피스트리,없음,,,
,,,,,,1720,"inkjet on lenticular acrylic, aluminum frame",2,금속,아크릴,,학습 제외,
,,,,,,1721,heliogravure,2,종이,포토그라비아,분류 미매칭,,
,,,,,,1722,collage and silkscreen on aluminum,2,금속,실크스크린,,,
,,,,,,1723,coal and mixed media on canvas,2,캔버스,혼합재료,,,
,,,,,,1724,mixed media with Korean paper mounted on canvas,2,캔버스,혼합재료,,,
,,,,,,1725,8-color inkjet print on cotton-fiber archival paper,2,종이,디지털 프린트,,,
,,,,,,1726,monoprint with engraving and embossment on Twinrocker handmade paper,2,종이,기타,분류 미매칭,,
,,,,,,1727,cloisonne enamel,2,기타,기타,분류 미매칭,학습 제외,
,,,,,,1728,pen on canvas,2,캔버스,펜,,,
,,,,,,1729,linocut,2,종이,리노컷,,,
,,,,,,1730,embossed paper,2,종이,기타,분류 미매칭,,
,,,,,,1731,"lithographs, embossing",2,종이,"석판, 엠보싱",,,
,,,,,,1732,slikscreen,2,종이,실크스크린,분류 미매칭,,
,,,,,,1733,chinese ink and gold powder on canvas,2,캔버스,수묵,,,
,,,,,,1734,"film, plastic",2,기타,기타,분류 미매칭,학습 제외,
,,,,,,1735,"Pochoir, printed on paper",2,종이,기타,분류 미매칭,,
,,,,,,1736,lithograph in 8 colors by Idem workshop and artist book in a box,2,종이,석판,,,
,,,,,,1737,pen and crayon on paper,2,종이,"펜, 오일 파스텔",,,
,,,,,,1738,"lithograph, aquatint",2,종이,"석판, 아쿼틴트",,,
,,,,,,1739,"mixed media(oil, gliter) on canvas",2,캔버스,혼합재료,,,
,,,,,,1740,Digital print on Fuji Crystal Archive Matte paper,2,종이,디지털 프린트,,,
,,,,,,1741,screenprint with cold stamped gold and silver foil,2,종이,"실크스크린, 금박, 은박",,,
,,,,,,1742,Giclée print,2,종이,지클레이 프린트,분류 미매칭,,
,,,,,,1743,lithograph on Rives BFK paper,2,종이,석판,,,
,,,,,,1744,oil and acrylic on canvas mounted on wooden tray,2,캔버스,"유채, 아크릴릭",,,
,,,,,,1745,"steel powder and pv adhesive on canvas, speaker",2,캔버스,기타,분류 미매칭,,
,,,,,,1746,best fiber on cotton,2,섬유,섬유,,학습 제외,
,,,,,,1747,mixed media on hot press cotton paper,2,종이,혼합재료,,,
,,,,,,1748,offset lithograph in colors on smooth wove paper,2,종이,오프셋 프린트,,,
,,,,,,1749,silkscreen print,2,종이,실크스크린,,,
,,,,,,1750,polyester plush,2,기타,기타,분류 미매칭,학습 제외,
,,,,,,1751,gouache gel on modeling made canvas,2,캔버스,수채,,,
,,,,,,1752,mixograph,2,종이,믹소그라피,분류 미매칭,,
,,,,,,1753,lambda inkjet print on glossy Fujicolor professional paper,2,종이,디지털 C-프린트,,,
,,,,,,1754,"lacquer painted on canvas, mother of pearl, pure gold leaf",2,캔버스,옻칠/래커,,,
,,,,,,1755,paint on wood,2,목재,기타,분류 미매칭,,
,,,,,,1756,pigment print on paper & acrylicframe,2,종이,디지털 피그먼트 프린트,,,
,,,,,,1757,embroidered on cotton,2,캔버스,자수,분류 미매칭,,
,,,,,,1758,oil color pencils on paper,2,종이,"유채, 색연필",,,
,,,,,,1759,lithography,2,종이,석판,,,
,,,,,,1760,"watercolor on paper, mixed media",2,종이,수채,,,
,,,,,,1761,lithograph in color,2,종이,석판,,,
,,,,,,1762,red earthenware clay,2,기타,기타,분류 미매칭,학습 제외,
,,,,,,1763,"etching, lithograph",2,종이,"에칭, 석판",,,
,,,,,,1764,"etching, collagraph",2,종이,"에칭, 콜라그래프",,,
,,,,,,1765,digital painting on paper,2,종이,디지털 페인팅 프린트,,,
,,,,,,1766,milk paint on wood,2,목재,기타,분류 미매칭,,
,,,,,,1767,"Ink on silk, Ink on paper",2,종이,수묵,,,
,,,,,,1768,"ink on paper, carved on wood",2,종이,수묵,,,
,,,,,,1769,"gold, silver, ink and color on paper",2,종이,수묵,,,
,,,,,,1770,frottage on canvas,2,캔버스,기타,분류 미매칭,,
,,,,,,1771,gouache and pencil on paper,2,종이,수채,,,
,,,,,,1772,"iron, mixed media",2,금속,혼합재료,,,
,,,,,,1773,lambda print in aluminium frame,2,알루미늄 패널,디지털 C-프린트,,,
,,,,,,1774,paper stack on canvas,2,캔버스,기타,분류 미매칭,,
,,,,,,1775,"ink, color, collage on paper",2,종이,수묵,,,
,,,,,,1776,"oil pastel, watercolor on paper",2,종이,"수채, 오일 파스텔",,,
,,,,,,1777,acrylic on shaped canvas,2,캔버스,아크릴릭,,,
,,,,,,1778,digital painting on canvas,2,캔버스,디지털 페인팅 프린트,,,
,,,,,,1779,"lacquered wood, metal",2,목재,옻칠/래커,,,
,,,,,,1780,ink and color pencil on Korean paper,2,종이,수묵,,,
,,,,,,1781,sewing and ink on fabric,2,섬유,"자수, 수묵",,,
,,,,,,1782,porcelain painted in chrome,2,없음,도자,,,
,,,,,,1783,"oil, plastic on canvas mounted on panel",2,캔버스,유화,,학습 제외,
,,,,,,1784,"acrylic medium, black charcoal on canvas",2,캔버스,"아크릴릭, 목탄",,,
,,,,,,1785,oil and pencil on paper,2,종이,"유채, 연필",,,
,,,,,,1786,"color, ink on paper",2,종이,수묵,,,
,,,,,,1787,oil on wood skateboard,2,기타,유채,,학습 제외,
,,,,,,1788,screenprint in colors,2,종이,실크스크린,,,
,,,,,,1789,"lithograph, silkscreen",2,종이,"석판, 실크스크린",,,
,,,,,,1790,cibachrome photograph,2,종이,사이바크롬,,,
,,,,,,1791,silkscreen printed nylon,2,종이,실크스크린,,,
,,,,,,1792,"oil, gouache, acrylic on canvas",2,캔버스,"유채, 과슈, 아크릴릭",,,
,,,,,,1793,white porcelein,2,기타,기타,분류 미매칭,학습 제외,
,,,,,,1794,painted FRP sculptures,2,기타,기타,분류 미매칭,학습 제외,
,,,,,,1795,oil on canvas mounted on hardboard,2,캔버스,유채,,,
,,,,,,1796,"oil on canvas, wooden frame",2,캔버스,유채,,,
,,,,,,1797,color on FRP,2,플라스틱 패널,채색,,학습 제외,
,,,,,,1798,"soil, ink on canvas",2,캔버스,"수묵, 흙",,,
,,,,,,1799,aluminum etching,2,금속,에칭,,,
,,,,,,1800,polyester plush in Dior denim and suit with original presentation box,2,기타,기타,분류 미매칭,학습 제외,
,,,,,,1801,digital print on cotton,2,캔버스,디지털 프린트,,,
,,,,,,1802,photo screen decals and hand painting on powder-coated steel,2,금속,기타,분류 미매칭,,
,,,,,,1803,"oil, Korean paper, chunpo on linen",2,"캔버스, 비단",유채,,,
,,,,,,1804,screen print,2,종이,실크스크린,분류 미매칭,,
,,,,,,1805,silk screen on offset print,2,종이,"오프셋 프린트, 실크스크린",,,
,,,,,,1806,charcoal and pastel on paper,2,종이,"목탄, 파스텔",,,
,,,,,,1807,watercolor and ink on paper,2,종이,수채,,,
,,,,,,1808,color and ink on mulberry paper,2,종이,수묵,,,
,,,,,,1809,"캔버스에 아크릴 미디엄, 숯가루",2,캔버스,"아크릴릭, 숯가루",,,
,,,,,,1810,"silkscreen, embossing",2,종이,실크스크린,,,
,,,,,,1811,"fabric, acrylic on canvas, frame",2,캔버스,아크릴릭,,,
,,,,,,1812,캔버스에 마운트한 종이위에 유채,2,종이,유채,,,
,,,,,,1813,"aluminum wire mesh, thread, frame",2,금속,조각,,,
,,,,,,1814,etching and aquatint in colors,2,종이,"에칭, 아쿼틴트",,,
,,,,,,1815,종이에 잉크와 채색,2,종이,채색,,,
,,,,,,1816,필름,2,기타,기타,분류 미매칭,학습 제외,
,,,,,,1817,나무에 납화,2,목재,기타,분류 미매칭,,
,,,,,,1818,color on paper mounted on board,2,보드,채색,,,
,,,,,,1819,buncheong ware,2,기타,기타,분류 미매칭,학습 제외,
,,,,,,1820,"fiberglass, metal",2,기타,섬유,,학습 제외,
,,,,,,1821,종이에 색 돌가루,2,종이,기타,분류 미매칭,,
,,,,,,1822,"vinyl, multiple, with original case",2,없음,조각,,,
,,,,,,1823,painted FRP,2,기타,기타,분류 미매칭,학습 제외,
,,,,,,1824,Carved on red lacquered wood,2,없음,조각,,,
,,,,,,1825,plush doll,2,기타,기타,분류 미매칭,학습 제외,
,,,,,,1826,데님 꼴라쥬,2,기타,기타,분류 미매칭,학습 제외,
,,,,,,1827,"digital print, face mount",2,종이,"디지털 프린트, 디아섹",,,
,,,,,,1828,"Mixed media on wood, Red lacquered wood",2,목재,혼합재료,,,
,,,,,,1829,감지금니,2,기타,채색,,학습 제외,
,,,,,,1830,화강석,2,기타,기타,분류 미매칭,학습 제외,
,,,,,,1831,피그먼트 그래픽,2,종이,디지털 피그먼트 프린트,,,
,,,,,,1832,종이에 수채·크레용·실,2,종이,수채,,,
,,,,,,1833,캔버스에 오일 파스텔,2,캔버스,오일 파스텔,,,
,,,,,,1834,피그먼트 프린팅,2,종이,디지털 피그먼트 프린트,,,
,,,,,,1835,"지본채색, 지본수묵",2,종이,수묵,,,
,,,,,,1836,컬러 스크린 프린트,2,종이,실크스크린,,,
,,,,,,1837,종이에 사인펜·수채,2,종이,수채,,,
,,,,,,1838,견본인쇄,2,비단,인쇄/복제,,학습 제외,
,,,,,,1839,"지본묵서, 지본채색",2,종이,수묵,,,
,,,,,,1840,"종이에 펜, 수묵",2,종이,수묵,,,
,,,,,,1841,라미네이티드 지클레이 프린트,2,종이,지클레이 프린트,,,
,,,,,,1842,"지본수묵, 지본묵서",2,종이,수묵,,,
,,,,,,1843,폴리염화비닐,2,기타,기타,분류 미매칭,학습 제외,
,,,,,,1844,액자,2,기타,기타,분류 미매칭,학습 제외,
,,,,,,1845,연활자본,2,기타,기타,분류 미매칭,학습 제외,
,,,,,,1846,"견본채색, 지본채색",2,종이,채색,,,
,,,,,,1847,지본인두,2,종이,기타,분류 미매칭,,
,,,,,,1848,Acrylic on Canvas,2,캔버스,아크릴릭,,,
,,,,,,1849,Giclee on Archival Cold Press Cotton Rag,2,종이,지클레이 프린트,,,
,,,,,,1850,바이올린에 유채,2,기타,유화,,학습 제외,
,,,,,,1851,하드보드에 수채,2,목재,수채,,,
,,,,,,1852,Eight-Fold Folding Screen with Flower and Animals,2,기타,기타,분류 미매칭,학습 제외,
,,,,,,1853,Wooden Bowl,2,목재,기타,분류 미매칭,,
,,,,,,1854,Bamboo Brush Case with Long-Life Animals Design,2,기타,기타,분류 미매칭,학습 제외,
,,,,,,1855,Portrait,2,기타,기타,분류 미매칭,학습 제외,
,,,,,,1856,Seascape,2,기타,기타,분류 미매칭,학습 제외,
,,,,,,1857,Eight-Fold Folding Screen with Draft Poem,2,기타,기타,분류 미매칭,학습 제외,
,,,,,,1858,Bamboo,2,기타,기타,분류 미매칭,학습 제외,
,,,,,,1859,Ume Flower and Birds,2,기타,기타,분류 미매칭,학습 제외,
,,,,,,1860,Jeju Island Landscape,2,기타,기타,분류 미매칭,학습 제외,
,,,,,,1861,Corydon,2,기타,기타,분류 미매칭,학습 제외,
,,,,,,1862,Mountain,2,기타,기타,분류 미매칭,학습 제외,
,,,,,,1863,Flowers and Butterfly,2,기타,기타,분류 미매칭,학습 제외,
,,,,,,1864,One's Way Home,2,기타,기타,분류 미매칭,학습 제외,
,,,,,,1865,Oddly Shaped Stones and Peony,2,기타,기타,분류 미매칭,학습 제외,
,,,,,,1866,River Scene with Boat,2,기타,기타,분류 미매칭,학습 제외,
,,,,,,1867,Dharma,2,기타,기타,분류 미매칭,학습 제외,
,,,,,,1868,Autumn,2,기타,기타,분류 미매칭,학습 제외,
,,,,,,1869,Peony,2,기타,기타,분류 미매칭,학습 제외,
,,,,,,1870,Conjugal Portrait*,2,기타,기타,분류 미매칭,학습 제외,
,,,,,,1871,패널에,2,목재,기타,분류 미매칭,,
,,,,,,1872,지본금채,2,종이,기타,분류 미매칭,,
,,,,,,1873,종이에파스텔,2,종이,파스텔,,,
,,,,,,1874,하드보드에유채,2,보드,유채,,,
,,,,,,1875,피그먼트프린트,2,종이,디지털 피그먼트 프린트,,,
,,,,,,1876,종이에과슈,2,종이,수채,,,
,,,,,,1877,종이에아크릴,2,종이,아크릴릭,,,
,,,,,,1878,"종이에펜,채색",2,종이,채색,,,
,,,,,,1879,두방지에먹,2,종이,수묵,,,
,,,,,,1880,"종이에 아크릴, 과슈",2,종이,"아크릴릭, 과슈",,,
,,,,,,1881,동판,2,기타,기타,분류 미매칭,학습 제외,
,,,,,,1882,"인쇄, 종이에 목판인쇄",2,종이,목판,,,
,,,,,,1883,"종이에 수묵담채, 비단에 수묵",2,종이,수묵,,,
,,,,,,1884,"종이에 아크릴, 혼합",2,종이,"아크릴릭, 혼합재료",,,
,,,,,,1885,종이부조,2,종이,기타,분류 미매칭,,
,,,,,,1886,"종이에 채색, 펜",2,종이,채색,,,
,,,,,,1887,인쇄,2,종이,인쇄/복제,,학습 제외,
,,,,,,1888,캔버스위 부조에 혼합재료,2,캔버스,혼합재료,,,
,,,,,,1889,실크스크린 A.P,2,종이,실크스크린,,,
,,,,,,1890,"종이에 채색, 석채, 금니",2,종이,채색,,,
,,,,,,1891,닥종이에 혼합,2,종이,혼합재료,,,
,,,,,,1892,종이에 수묵필사,2,종이,수묵,,,
,,,,,,1893,"박에 각, 철",2,금속,기타,분류 미매칭,,
,,,,,,1894,"종이에 먹, 캔버스에 유채",2,캔버스,유화,,학습 제외,
,,,,,,1895,"두방지에 먹, 인주",2,종이,수묵,,,
,,,,,,1896,"종이에 아크릴, 수묵, 금니",2,종이,"아크릴릭, 수묵, 혼합재료",,,
,,,,,,1897,"비단에 수묵, 수묵담채",2,비단,수묵,,,
,,,,,,1898,에쿼틴트,2,종이,에쿼틴트,분류 미매칭,,
,,,,,,1899,캔버스위 마운트한 한지에 수묵,2,캔버스,수묵,,,
,,,,,,1900,천에 석채,2,캔버스,채색,,,
,,,,,,1901,"캔버스에 한지, 채색",2,"캔버스, 한지",채색,,,
,,,,,,1902,소나무판에 유채,2,패널,유채,,,
,,,,,,1903,합판에 혼합재료,2,패널,혼합재료,,,
,,,,,,1904,장지에 수묵,2,장지,수묵,,,
,,,,,,1905,하드보드지에 채색,2,목재,채색,,,
,,,,,,1906,백자에 청채,2,없음,도자,,,
,,,,,,1907,"종이에 탁본, 먹",2,종이,수묵,,,
,,,,,,1908,도자에 청채,2,없음,도자,,,
,,,,,,1909,종이에 먹·수묵,2,종이,수묵,,,
,,,,,,1910,종이에 먹·수묵담채,2,종이,수묵,,,
,,,,,,1911,종이에 수묵 외,2,종이,수묵,,,
,,,,,,1912,종이에 수묵담채·먹,2,종이,수묵,,,
,,,,,,1913,"비단에 수묵담채, 먹",2,비단,수묵,,,
,,,,,,1914,종이에 판화,2,종이,판화,,학습 제외,
,,,,,,1915,"돌에 조각, 채색",2,기타,채색,,학습 제외,
,,,,,,1916,함,2,기타,기타,분류 미매칭,학습 제외,
,,,,,,1917,비단에 담채,2,비단,채색,,,
,,,,,,1918,은지에 채색,2,금속지,채색,,,
,,,,,,1919,종이에 먹/족자,2,종이,수묵,,,
,,,,,,1920,"금속, 돌",2,금속,기타,분류 미매칭,,
,,,,,,1921,상아에 조각,2,기타,기타,분류 미매칭,학습 제외,
,,,,,,1922,비단에 수묵담채/ 족자,2,비단,수묵,,,
,,,,,,1923,비단에 수묵담채/ 병풍,2,비단,수묵,,,
,,,,,,1924,종이에 수묵/ 병풍,2,종이,수묵,,,
,,,,,,1925,종이에 먹/ 첩,2,종이,수묵,,,
,,,,,,1926,도자에 청화,2,없음,도자,,,
,,,,,,1927,삼국시대,2,기타,기타,분류 미매칭,학습 제외,
,,,,,,1928,캔버스에 색연필,2,캔버스,색연필,,,
,,,,,,1929,"캔버스에 아크릴, 형광성 아크릴, 롤어텍스",2,캔버스,"아크릴릭, 혼합재료",,,
,,,,,,1930,보드에 종이,2,보드,기타,분류 미매칭,학습 제외,
,,,,,,1931,"레진, 스틸, 끈, 캔버스에 아크릴",2,캔버스,아크릴릭,,학습 제외,
,,,,,,1932,"캔버스에 유채, 렌티큘러",2,캔버스,"유채, 렌티큘러 프린트",,,
,,,,,,1933,"무라노 유리, 스테인리스",2,없음,조각,,,
,,,,,,1934,"캔버스에 아크릴, 나무",2,캔버스,아크릴,,학습 제외,
,,,,,,1935,"종이에 과슈, 잉크",2,종이,수채,,,
,,,,,,1936,"캔버스에 아크릴, 형광성 아크릴, 메탈릭 아크릴, 진주광택 아크릴, 롤어텍스",2,캔버스,아크릴,,학습 제외,
,,,,,,1937,카드보드에 색연필,2,보드,색연필,,,
,,,,,,1938,"종이 콜라주에 유채, 혼합재료",2,종이,"유채, 종이 콜라주, 혼합재료",,,
,,,,,,1939,"마포 위 한지에 먹, 아크릴",2,"캔버스, 한지",아크릴릭,,,
,,,,,,1940,코튼에 혼합재료,2,캔버스,혼합재료,,,
,,,,,,1941,"캔버스에 한지부조, 혼합재료",2,캔버스,혼합재료,,,
,,,,,,1942,"오프셋 석판화, 실크스크린, 금박, 핸드페인팅",2,종이,"오프셋 프린트, 실크스크린",,,
,,,,,,1943,보드에 아크릴,2,보드,아크릴릭,,,
,,,,,,1944,플렉시글라스에 폴리에스터,2,아크릴 패널,기타,분류 미매칭,학습 제외,
,,,,,,1945,"나무에 아크릴, 못",2,목재,아크릴,,학습 제외,
,,,,,,1946,"종이에 색연필, 혼합재료",2,종이,"색연필, 혼합재료",,,
,,,,,,1947,캔버스에 유채 (diptych),2,캔버스,유채,,,
,,,,,,1948,"석판화, 크레용",2,종이,"석판, 오일 파스텔",,,
,,,,,,1949,"물푸레나무, 참죽나무",2,목재,기타,분류 미매칭,,
,,,,,,1950,지도에 아크릴,2,인쇄물,아크릴릭,,,
,,,,,,1951,"잡지에 볼펜, 연필",2,인쇄물,"펜, 연필",,,
,,,,,,1952,"캔버스에 스텐실, 혼합재료",2,캔버스,"스텐실, 혼합재료",,,
,,,,,,1953,플렉시글라스에 유채,2,아크릴 패널,유채,,,
,,,,,,1954,이탈리아 리넨에 유채,2,캔버스,유채,,,
,,,,,,1955,석판화 인쇄,2,종이,석판,,,
,,,,,,1956,"캔버스에 유채, 금박",2,캔버스,"유채, 금박",,,
,,,,,,1957,"석판화, 스크린프린트, 에칭, 아쿼틴트, 메조틴트, 엠보싱",2,종이,"실크스크린, 에칭, 아쿼틴트, 메조틴트, 엠보싱",,,
,,,,,,1958,"종이에 수채, 콜라주",2,종이,수채,,,
,,,,,,1959,"장지에 화선지 꼴라쥬, 채색, 향, 라이터",2,장지,채색,,,
,,,,,,1960,"PLA, 철사, 304스텐",2,기타,기타,분류 미매칭,학습 제외,
,,,,,,1961,"산호, 호박, 진주, 옥",2,기타,기타,분류 미매칭,학습 제외,
,,,,,,1962,목판에 아크릴,2,패널,아크릴릭,,,
,,,,,,1963,"디지털 프린트, 아크릴 보드",2,아크릴 패널,디지털 프린트,,,
,,,,,,1964,캔버스에 볼펜,2,캔버스,펜,,,
,,,,,,1965,"드라이포인트, 에칭, 채색",2,종이,"에칭, 드라이포인트, 채색",,,
,,,,,,1966,"종이에 아크릴, 데콜라주",2,종이,"아크릴릭, 데콜라주",,,
,,,,,,1967,"종이에 모노프린트, 유채, 인그레이빙, 엠보싱",2,종이,"인그레이빙, 엠보싱, 유채",모노타이프,,
,,,,,,1968,나무 패널 위 아르쉬지에 과슈,2,목재,수채,,,
,,,,,,1969,"종이에 박, 석채",2,종이,채색,,,
,,,,,,1970,"한지에 석채, 분채, 자개",2,한지,채색,,,
,,,,,,1971,"종이에 연필, 파스텔",2,종이,"연필, 파스텔",,,
,,,,,,1972,종이패널에 혼합재료,2,종이,혼합재료,,,
,,,,,,1973,종이패널에 수채화,2,종이,수채,,,
,,,,,,1974,과반 위 캔버스에 혼합재료,2,캔버스,혼합재료,,,
,,,,,,1975,"종이에 유채, 아크릴",2,종이,"유채, 아크릴릭",,,
,,,,,,1976,"종이보드에 마커, 수성 잉크",2,보드,"마커, 잉크",,,
,,,,,,1977,"카드, 아크릴, 나무, 페트",2,목재,아크릴,,학습 제외,
,,,,,,1978,"종이에 먹, 혼합재료",2,종이,수묵,,,
,,,,,,1979,"캔버스에 안료, 혼합재료, 자개",2,캔버스,혼합재료,,,
,,,,,,1980,"한지에 수간채색, 먹, 순금박",2,한지,수묵,,,
,,,,,,1981,"한지에 먹, 채색",2,한지,수묵,,,
,,,,,,1982,은(980),2,기타,기타,분류 미매칭,학습 제외,
,,,,,,1983,"나무 패널에 아크릴, 종이",2,종이,아크릴릭,,,
,,,,,,1984,"레진, 골드 플레이트",2,없음,조각,,,
,,,,,,1985,"은행나무, 추자나무",2,목재,기타,분류 미매칭,,
,,,,,,1986,종이봉투에 색연필,2,종이,색연필,,,
,,,,,,1987,"캔버스에 아크릴, 유리",2,캔버스,"아크릴릭, 유리",,,
,,,,,,1988,동유화,2,기타,기타,분류 미매칭,학습 제외,
,,,,,,1989,"캔버스에 아크릴, 오일파스텔, 마커",2,캔버스,"아크릴릭, 오일 파스텔, 마커",,,
,,,,,,1990,"캔버스에 아크릴, 유채, 목탄, 스프레이 페인트",2,캔버스,"아크릴릭, 유채, 목탄, 스프레이",,,
,,,,,,1991,"대나무, 소나무",2,목재,기타,분류 미매칭,,
,,,,,,1992,알루미늄 철망,2,금속,조각,,,
,,,,,,1993,"종이에 수묵채색, 아크릴",2,종이,"아크릴릭, 수묵",,,
,,,,,,1994,한지에 수간채색,2,한지,채색,,,
,,,,,,1995,칠판에 오일파스텔,2,기타,오일 파스텔,,,
,,,,,,1996,"캔버스에 아크릴, 비비탄",2,캔버스,"아크릴릭, 기타",,,
,,,,,,1997,"슬레이트 보드, 알루미늄 프레임, LED 라이트, 혼합 재료",2,목재,혼합재료,,,
,,,,,,1998,3D 멀티플 보드에 유채,2,종이,유채,,,
,,,,,,1999,종이보드에 연필,2,보드,연필,,,
,,,,,,2000,"장지에 먹, 스프레이",2,장지,수묵,,,
,,,,,,2001,순지에 먹과 호분,2,종이,수묵,,,
,,,,,,2002,종이 패널에 드로잉,2,종이,연필/드로잉,,학습 제외,
,,,,,,2003,"캔버스에 나비, 하우스홀드 글로스",2,캔버스,기타,분류 미매칭,,
,,,,,,2004,"코튼에 유채, 연필",2,캔버스,"유채, 연필",,,
,,,,,,2005,"한지에 수채, 유성색연필",2,한지,수채,,,
,,,,,,2006,"캔버스에 파스텔, 오일파스텔",2,캔버스,"파스텔, 오일 파스텔",,,
,,,,,,2007,"수지에 유채, 나무에 조각받침",2,목재,유화,,학습 제외,
,,,,,,2008,"캔버스에 유채, 자개",2,캔버스,"유채, 자개",,,
,,,,,,2009,"종이에 잉크, 채색",2,종이,채색,,,
,,,,,,2010,"종이에 모노프린트, 유채, 콜라주, 엠보싱",2,종이,"엠보싱, 유채, 콜라주",모노타이프,,
,,,,,,2011,"캔버스에 아크릴, 유성 잉크",2,캔버스,"아크릴릭, 잉크",,,
,,,,,,2012,추자목,2,기타,기타,분류 미매칭,학습 제외,
,,,,,,2013,캔버스에 하우스홀드 글로스 페인트,2,캔버스,기타,분류 미매칭,,
,,,,,,2014,캔버스 위에 신문지,2,캔버스,기타,분류 미매칭,,
,,,,,,2015,마티에르 프린트,2,종이,인쇄/복제,,학습 제외,
,,,,,,2016,나무 패널에 밀랍화 기법,2,목재,기타,분류 미매칭,,
,,,,,,2017,비단에 메탈릭 피그먼트,2,비단,메탈릭 피그먼트,,,
,,,,,,2018,"나무 패널, 사포에 오일파스텔",2,"패널, 사포",오일 파스텔,,,
,,,,,,2019,"코튼종이에 아크릴, 수채, 연필",2,종이,"아크릴릭, 수채, 연필",,,
,,,,,,2020,아크릴판에 혼합재료,2,아크릴 패널,혼합재료,,,
,,,,,,2021,캔버스에 아크릴과슈,2,캔버스,아크릴릭,,,
,,,,,,2022,캔버스에 프로타주,2,캔버스,기타,분류 미매칭,,
,,,,,,2023,은 플레이트에 에칭,2,종이,판화,,학습 제외,
,,,,,,2024,"실크, 자수, 호두나무, 은, 황동, 스프레…",2,목재,섬유,,,
,,,,,,2025,"종이에 아크릴, 펜, 연필",2,종이,"아크릴릭, 펜, 연필",,,
,,,,,,2026,종이에 지클레이 프린트,2,종이,지클레이 프린트,,,
,,,,,,2027,종이에 모노타이프,2,종이,기타,분류 미매칭,,
,,,,,,2028,"과반에 유채, 아크릴",2,기타,유화,,학습 제외,
,,,,,,2029,"파덕, 스팔티드 메이플, 황동",2,기타,기타,분류 미매칭,학습 제외,
,,,,,,2030,"캔버스에 목탄, 인조모피",2,캔버스,"목탄, 기타",,,
,,,,,,2031,"장지에 채색, 금박",2,장지,채색,,,
,,,,,,2032,"캔버스에 아크릴, 자개, 금박",2,캔버스,"아크릴릭, 자개, 금박",,,
,,,,,,2033,금속판에 혼합재료,2,금속,혼합재료,,,
,,,,,,2034,"종이에 수묵채색, 금분",2,종이,수묵,,,
,,,,,,2035,"장지에 석채, 먹, 금박",2,장지,수묵,,,
,,,,,,2036,패널 위 종이에 수묵,2,종이,수묵,,,
,,,,,,2037,"나무, 철",2,목재,기타,분류 미매칭,,
,,,,,,2038,"실크스크린, 잉크젯프린트",2,종이,"실크스크린, 디지털 프린트",,,
,,,,,,2039,악어가죽,2,기타,기타,분류 미매칭,학습 제외,
,,,,,,2040,"카드보드에 아크릴, 연필",2,보드,"아크릴릭, 연필",,,
,,,,,,2041,"캔버스 위 종이에 아크릴, 수채",2,종이,"아크릴릭, 수채",,,
,,,,,,2042,장지에 먹과 과슈,2,장지,수채,,,
,,,,,,2043,"한지에 수채, 크래용, 유성색연필",2,한지,수채,,,
,,,,,,2044,아노다이징 알루미늄에 스크린프린트,2,금속,실크스크린,,,
,,,,,,2045,콘크리트,2,기타,기타,분류 미매칭,학습 제외,
,,,,,,2046,"하드보드에 연필, 아크릴",2,보드,"아크릴릭, 연필",,,
,,,,,,2047,아크릴판과 캔버스에 혼합재료,2,"아크릴 패널, 캔버스",혼합재료,,,
,,,,,,2048,"캔버스에 시멘트, 모래, 유채",2,캔버스,"유채, 시멘트, 모래",,,
,,,,,,2049,"캔버스에 아크릴, 과슈, 오일파스텔",2,캔버스,"아크릴릭, 과슈, 오일 파스텔",,,
,,,,,,2050,캔버스에 천연 피그먼트,2,캔버스,기타,,,
,,,,,,2051,카드보드에 오일스틱,2,보드,오일스틱,,,
,,,,,,2052,"종이에 먹, 연필",2,종이,수묵,,,
,,,,,,2053,"종이에 수채, 모노타이프",2,종이,수채,,,
,,,,,,2054,채색된 나무보드에 실크스크린,2,목재,채색,,,
,,,,,,2055,"레진, 혼합재료",2,기타,혼합재료,,학습 제외,
,,,,,,2056,"오프셋 프린트, 혼합재료",2,종이,"오프셋 프린트, 혼합재료",,,
,,,,,,2057,"무늬봉투, 모눈종이, 색종이, 콜라주",2,종이,혼합재료,,,
,,,,,,2058,패널 위 한지에 과슈,2,한지,수채,,,
,,,,,,2059,캔버스 위 한지에 프로타주,2,"캔버스, 한지",기타,분류 미매칭,,
,,,,,,2060,"종이에 과슈, 연필",2,종이,수채,,,
,,,,,,2061,"세라믹에 채색, 자개, 금박",2,기타,채색,,학습 제외,
,,,,,,2062,린넨 코튼 위에 천과 실,2,캔버스,기타,분류 미매칭,,
,,,,,,2063,"캔버스에 아크릴, 레진, 모래",2,캔버스,아크릴,,학습 제외,
,,,,,,2064,"세라믹, 언더글레이즈, 글레이즈",2,없음,도자,,,
,,,,,,2065,면지에 피그먼트 펜,2,종이,펜,,,
,,,,,,2066,캔버스에 펜,2,캔버스,펜,,,
,,,,,,2067,한지에 먹,2,한지,수묵,,,
,,,,,,2068,캔버스 위 종이에 연필,2,"캔버스, 종이",연필,,,
,,,,,,2069,캔버스 위 한지에 과슈,2,"캔버스, 한지",수채,,,
,,,,,,2070,오일 페이퍼에 아크릴,2,종이,아크릴릭,,,
,,,,,,2071,"캔버스에 유채, 아크릴, 혼합재료",2,캔버스,"유채, 아크릴릭, 혼합재료",,,
,,,,,,2072,"금속, 유리",2,금속,기타,분류 미매칭,,
,,,,,,2073,종이에 세라믹,2,종이,도자,,,
,,,,,,2074,"오프셋 석판화, 스크린프린트, 콜라주",2,종이,"오프셋 프린트, 실크스크린",,,
,,,,,,2075,"캔버스에 아크릴, 오일 트랜스퍼 드로잉",2,캔버스,"아크릴릭, 유채",,,
,,,,,,2076,"종이에 연필, 혼합재료",2,종이,"연필, 혼합재료",,,
,,,,,,2077,"스테인리스 볼트, 못, 나무",2,없음,조각,,,
,,,,,,2078,"캔버스 위 한지에 채색, 콜라주",2,"캔버스, 한지",채색,,,
,,,,,,2079,"캔버스 위 옻칠, 유채",2,캔버스,"유채, 옻칠",,,
,,,,,,2080,패널 위 한지부조에 수묵채색,2,한지,수묵,,,
,,,,,,2081,"캔버스에 혼합재료, 흙",2,캔버스,혼합재료,,,
,,,,,,2082,캔버스에 스테이플러,2,캔버스,기타,분류 미매칭,,
,,,,,,2083,"종이에 아크릴, 그라파이트",2,종이,"아크릴릭, 흑연",,,
,,,,,,2084,"혼합재료, 유리섬유, 메탈",2,기타,혼합재료,,학습 제외,
,,,,,,2085,아르쉬지에 수채,2,종이,수채,,,
,,,,,,2086,스테인리스에 캔디 페인트,2,스테인리스,채색,,,
,,,,,,2087,"레진, 핸드페인팅",2,없음,조각,,,
,,,,,,2088,점토에 아크릴,2,기타,아크릴,,학습 제외,
,,,,,,2089,프린트한 캔버스에 아크릴,2,캔버스,"디지털 프린트, 아크릴릭",,,
,,,,,,2090,종이에 컬러테이프,2,종이,기타,분류 미매칭,,
,,,,,,2091,종이 보드에 유채,2,보드,유채,,,
,,,,,,2092,"장지에 분채, 먹",2,장지,수묵,,,
,,,,,,2093,"캔버스에 프린트, 아크릴 페인트 마카",2,캔버스,"디지털 프린트, 아크릴릭",,,
,,,,,,2094,"오동나무, 용목",2,목재,기타,분류 미매칭,,
,,,,,,2095,"종이에 채색, 색연필",2,종이,채색,,,
,,,,,,2096,사암,2,기타,기타,분류 미매칭,학습 제외,
,,,,,,2097,"석판화, 천 콜라주, 실, 맵, 사진",2,종이,혼합매체,,,
,,,,,,2098,비단에 아크릴,2,비단,아크릴릭,,,
,,,,,,2099,"종이에 아크릴, 목탄",2,종이,"아크릴릭, 목탄",,,
,,,,,,2100,"종이에 과슈, 수채",2,종이,수채,,,
,,,,,,2101,"종이에 마커, 색연필",2,종이,"마커, 색연필",,,
,,,,,,2102,알루미늄에 채색,2,금속,채색,,,
,,,,,,2103,"목판화, 채색",2,종이,"목판, 채색",,,
,,,,,,2104,"캔버스에 실크스크린, 아크릴",2,캔버스,"실크스크린, 아크릴릭",,,
,,,,,,2105,닥판에 수묵채색,2,종이,수묵,,,
,,,,,,2106,"종이에 펜, 콩테",2,종이,"펜, 콘테",,,
,,,,,,2107,종이에 프로타주,2,종이,기타,분류 미매칭,,
,,,,,,2108,24k 금,2,기타,기타,분류 미매칭,학습 제외,
,,,,,,2109,"캔버스에 유채, 안료",2,캔버스,"유채, 안료",,,
,,,,,,2110,"스테인리스, 대리석",2,없음,조각,,,
,,,,,,2111,"비취, 알루미늄, 로즈골드",2,금속,조각,,,
,,,,,,2112,라이트젯 프린트,2,종이,디지털 C-프린트,,,
,,,,,,2113,"종이에 아크릴, 오일 파스텔",2,종이,"아크릴릭, 오일 파스텔",,,
,,,,,,2114,"종이에 펜, 색연필, 마커",2,종이,"펜, 색연필, 마커",,,
,,,,,,2115,"패널 위 한지에 과슈, 수묵",2,한지,수채,,,
,,,,,,2116,"스테인리스에 스틸 오일, 우레탄 도장, LED",2,금속,유화,,학습 제외,
,,,,,,2117,캔버스 위 부조에 유채,2,캔버스,유채,,,
,,,,,,2118,플라스틱에 아크릴,2,기타,아크릴,,학습 제외,
,,,,,,2119,폴리에스터 필름,2,기타,기타,분류 미매칭,학습 제외,
,,,,,,2120,"울트라크롬 잉크 프린트에 아크릴, 금박",2,종이,"디지털 피그먼트 프린트, 아크릴릭, 금박",,,
,,,,,,2121,"린넨에 아크릴, 펜",2,캔버스,"아크릴릭, 펜",,,
,,,,,,2122,"화이트 벨벳 종이, 아카이벌 피그먼트 프린트",2,종이,디지털 피그먼트 프린트,,,
,,,,,,2123,박달나무 외,2,목재,기타,분류 미매칭,,
,,,,,,2124,"린넨에 유채, 목탄",2,캔버스,"유채, 목탄",,,
,,,,,,2125,"종이에 수묵, 과슈",2,종이,수채,,,
,,,,,,2126,"캔버스 보드에 아크릴, 펜",2,캔버스,"아크릴릭, 펜",,,
,,,,,,2127,"캔버스에 아크릴, 마커",2,캔버스,"아크릴릭, 마커",,,
,,,,,,2128,"디지털 피그먼트 프린트, 디아섹",2,종이,"디지털 피그먼트 프린트, 디아섹",,,
,,,,,,2129,"닥판에 수묵채색, 아크릴",2,종이,"수묵, 아크릴릭",,,
,,,,,,2130,종이에 목활자인쇄,2,종이,인쇄/복제,,학습 제외,
,,,,,,2131,폴리카보네이트에 혼합재료,2,플라스틱 패널,혼합재료,,,
,,,,,,2132,"석판화, 친꼴레",2,종이,석판,,,
,,,,,,2133,"실크스크린, 엠보싱",2,종이,실크스크린,,,
,,,,,,2134,"패널에 과슈, 아크릴, 연필",2,패널,"과슈, 아크릴릭, 연필",,,
,,,,,,2135,"캔버스에 울트라크롬 피그먼트 프린트, 오일파스텔",2,캔버스,"디지털 피그먼트 프린트, 오일 파스텔",,,
,,,,,,2136,"나무, 천",2,목재,기타,분류 미매칭,,
,,,,,,2137,"종이에 오일파스텔, 과슈",2,종이,"오일 파스텔, 과슈",,,
,,,,,,2138,패널 위 전선,2,목재,기타,분류 미매칭,,
,,,,,,2139,"캔버스에 한지 콜라주 (에칭, 실크스크린, 콜라그래프)",2,"캔버스, 한지","에칭, 실크스크린, 콜라그래피",,,
,,,,,,2140,"닥종이에 수묵채색, 콜라주",2,종이,수묵,,,
,,,,,,2141,"나무패널에 각, 아크릴, 잉크",2,패널,"아크릴릭, 혼합재료",,,
,,,,,,2142,"한지에 채색, 바느질",2,한지,채색,,,
,,,,,,2143,한지에 분채,2,한지,채색,,,
,,,,,,2144,"캔버스에 디지털 프린트, 오일파스텔",2,캔버스,"디지털 프린트, 오일 파스텔",,,
,,,,,,2145,"캔버스에 아크릴, 오일",2,캔버스,"아크릴릭, 유채",,,
,,,,,,2146,종이판넬에 아크릴,2,종이,아크릴릭,,,
,,,,,,2147,느릅나무,2,목재,기타,분류 미매칭,,
,,,,,,2148,"가죽, 비단",2,비단,기타,분류 미매칭,,
,,,,,,2149,"세라믹, 유리",2,없음,도자,,,
,,,,,,2150,느티나무에 옻칠,2,목재,옻칠/래커,,,
,,,,,,2151,"패널에 모래, 유채",2,패널,"유채, 모래",,,
,,,,,,2152,유기,2,기타,기타,분류 미매칭,학습 제외,
,,,,,,2153,"놋쇠, 호두나무, 알루미늄, 유리",2,없음,조각,,,
,,,,,,2154,돌에 채색,2,기타,채색,,학습 제외,
,,,,,,2155,"캔버스에 아크릴, 잉크",2,캔버스,"아크릴릭, 잉크",,,
,,,,,,2156,"오동나무, 호두나무, 황동, 린넨",2,캔버스,기타,분류 미매칭,,
,,,,,,2157,"월넛, 천연가죽",2,기타,기타,분류 미매칭,학습 제외,
,,,,,,2158,"알루미늄 캐스팅 위 금박, 유리",2,금속,조각,,,
,,,,,,2159,"디지털 잉크젯 프린트, 디아섹, 아크릴 보드",2,종이,"디지털 프린트, 디아섹",,,
,,,,,,2160,"보드에 실크스크린, 디지털 잉크젯 프린트, 콜라주",2,보드,"실크스크린, 디지털 프린트, 콜라주",,,
,,,,,,2161,나일론에 실크스크린(아트상품),2,종이,실크스크린,,,
,,,,,,2162,바이올린에 혼합재료,2,기타,혼합재료,,학습 제외,
,,,,,,2163,캔버스 위 하드보드지에 아크릴,2,보드,아크릴릭,,,
,,,,,,2164,양모,2,기타,기타,분류 미매칭,학습 제외,
,,,,,,2165,한지에 모시 콜라주,2,한지,혼합재료,,,
,,,,,,2166,"세라믹, 섬유",2,없음,도자,,,
,,,,,,2167,"석판화, 혼합재료",2,종이,석판,,,
,,,,,,2168,패널에 스트링,2,목재,기타,분류 미매칭,,
,,,,,,2169,스테인리스에 우레탄,2,없음,조각,,,
,,,,,,2170,금속 외,2,금속,기타,분류 미매칭,,
,,,,,,2171,의자에 아크릴,2,기타,아크릴,,학습 제외,
,,,,,,2172,종이에 금속활자인쇄,2,종이,인쇄/복제,,학습 제외,
,,,,,,2173,"브론즈, 대리석",2,없음,조각,,,
,,,,,,2174,부채에 수묵,2,부채,수묵,,,
,,,,,,2175,"호두나무, 가죽",2,목재,기타,분류 미매칭,,
,,,,,,2176,알루미늄에 아크릴 우레탄,2,금속,아크릴,,학습 제외,
,,,,,,2177,메탈,2,기타,기타,분류 미매칭,학습 제외,
,,,,,,2178,"종이에 사인펜, 수채",2,종이,수채,,,
,,,,,,2179,"한지에 수묵담채, 아크릴",2,한지,"수묵, 아크릴릭",,,
,,,,,,2180,"스텐실, 에칭",2,종이,"스텐실, 에칭",,,
,,,,,,2181,한지에 실크스크린,2,한지,실크스크린,,,
,,,,,,2182,"뮤라섹, 피그먼트 프린트",2,종이,디지털 피그먼트 프린트,,,
,,,,,,2183,패널에 렌티큘러,2,종이,렌티큘러 프린트,,,
,,,,,,2184,캔버스에 암채,2,캔버스,채색,,,
,,,,,,2185,"금속, 은",2,금속,기타,분류 미매칭,,
,,,,,,2186,"패널에 혼합재료, 콜라주",2,목재,혼합재료,,,
,,,,,,2187,2016,2,기타,기타,분류 미매칭,학습 제외,
,,,,,,2188,1995,2,기타,기타,분류 미매칭,학습 제외,
,,,,,,2189,13세기,2,기타,기타,분류 미매칭,학습 제외,
,,,,,,2190,스크린프린트에 다이아몬드 더스트,2,종이,"실크스크린, 유리가루",,,
,,,,,,2191,"피그먼트 프린트, 라미나",2,종이,디지털 피그먼트 프린트,,,
,,,,,,2192,디지털 프린트된 종이에 유채,2,종이,"디지털 프린트, 유채",,,
,,,,,,2193,"실크스크린, 포토 콜라주",2,종이,실크스크린,,,
,,,,,,2194,하드보드 위 캔버스에 유채,2,캔버스,유채,,,
,,,,,,2195,석판화 위에 채색,2,종이,"석판, 채색",,,
,,,,,,2196,"종이에 디지털프린트, 아크릴",2,종이,"디지털 프린트, 아크릴릭",,,
,,,,,,2197,석판화에 채색,2,종이,"석판, 채색",,,
,,,,,,2198,"대나무, 종이",2,종이,기타,분류 미매칭,,
,,,,,,2199,본 차이나 플레이트(아트상품),2,기타,기타,분류 미매칭,학습 제외,
,,,,,,2200,chinesd ink gold on canvas,2,캔버스,수묵,,,
,,,,,,2201,종이에 드로잉,2,종이,연필/드로잉,,학습 제외,
,,,,,,2202,Mixed Media,2,기타,혼합재료,,학습 제외,
,,,,,,2203,Oil on board,2,보드,유채,,,
,,,,,,2204,Acrylic & Oil on canvas,2,캔버스,"아크릴릭, 유채",,,
,,,,,,2205,"인쇄된 종이에 펜, 색연필",2,종이,"디지털 프린트, 펜, 색연필",,,
,,,,,,2206,"한지에 아크릴, 에그 템페라, 수채",2,한지,"아크릴릭, 템페라, 수채",,,
,,,,,,2207,은접시에 에칭,2,종이,판화,,학습 제외,
,,,,,,2208,종이에 오프셋잉크,2,종이,오프셋 프린트,,,
,,,,,,2209,천에 전사,2,캔버스,전사,분류 미매칭,,
,,,,,,2210,종이에 피그먼트 잉크,2,종이,디지털 피그먼트 프린트,,,
,,,,,,2211,"린넨에 아크릴, 먹",2,캔버스,"아크릴릭, 수묵",,,
,,,,,,2212,waterbased pen on paper,2,종이,펜,,,
,,,,,,2213,"종이에 오일파스텔, 사인펜",2,종이,"오일 파스텔, 사인펜",,,
,,,,,,2214,"종이에 과슈,혼합재료",2,종이,수채,,,
,,,,,,2215,"FRP, 우레탄 페인트",2,기타,기타,분류 미매칭,학습 제외,
,,,,,,2216,콜라페인팅,2,기타,기타,분류 미매칭,학습 제외,
,,,,,,2217,바이닐,2,기타,기타,분류 미매칭,학습 제외,
,,,,,,2218,"퍼스펙스에 아크릴, 유리 페인트",2,기타,아크릴,,학습 제외,
,,,,,,2219,"장지, 방해말, 목탄, 숯",2,장지,"목탄, 숯, 기타",,,
,,,,,,2220,오프셋 프린트 위 스크린프린트,2,종이,"오프셋 프린트, 실크스크린",,,
,,,,,,2221,"acrylic, pencil on paper",2,종이,"아크릴릭, 연필",,,
,,,,,,2222,"watercolor, pencil on paper",2,종이,수채,,,
,,,,,,2223,"오프셋 석판화, 은박",2,종이,오프셋 프린트,,,
,,,,,,2224,"목판에 각, 아크릴, 잉크",2,패널,"아크릴릭, 잉크",,,
,,,,,,2225,오프셋 프린트에 스크린프린트(사후판화),2,종이,"오프셋 프린트, 실크스크린",,,
,,,,,,2226,"종이에 오일 파스텔, 사인펜",2,종이,"오일 파스텔, 사인펜",,,
,,,,,,2227,"캔버스에 한지, 아크릴",2,"캔버스, 한지",아크릴릭,,,
,,,,,,2228,강화 석고,2,기타,기타,분류 미매칭,학습 제외,
,,,,,,2229,"종이에 수묵, 한지 콜라주",2,종이,수묵,,,
,,,,,,2230,screenprint on offset lithograph,2,종이,"오프셋 프린트, 실크스크린",,,
,,,,,,2231,페이퍼컷에 채색,2,기타,채색,,학습 제외,
,,,,,,2232,오프셋 석판화 위 스크린프린트,2,종이,"오프셋 프린트, 실크스크린",,,
,,,,,,2233,"장지에 방해말, 목탄, 숯, 먹",2,장지,수묵,,,
,,,,,,2234,오프셋 석판화에 스크린프린트,2,종이,"오프셋 프린트, 실크스크린",,,
,,,,,,2235,"종이에 인쇄, 펜",2,종이,"디지털 프린트, 펜",,,
,,,,,,2236,강화석고,2,기타,기타,분류 미매칭,학습 제외,
,,,,,,2237,"소프트 플라스틱, ABS",2,기타,기타,분류 미매칭,학습 제외,
,,,,,,2238,urethane on steel,2,금속,기타,분류 미매칭,,
,,,,,,2239,acrylic on FPR,2,플라스틱 패널,아크릴릭,,,
,,,,,,2240,screenprint on offset print,2,종이,실크스크린,,,
,,,,,,2241,지클레이 프린트(사후판화),2,종이,지클레이 프린트,,,
,,,,,,2242,코튼페이퍼에 디지털프린트,2,종이,디지털 프린트,,,
,,,,,,2243,캐스트 레진에 바이닐 채색,2,기타,채색,,학습 제외,
,,,,,,2244,PVC limited edition,2,없음,조각,,,
,,,,,,2245,판화지에 c-프린트,2,종이,디지털 C-프린트,,,
,,,,,,2246,보드에 콜라주가 있는 스크린프린트,2,보드,"실크스크린, 콜라주",,,
,,,,,,2247,PVC 외,2,없음,조각,,,
,,,,,,2248,종이에 콘테,2,종이,기타,분류 미매칭,,
,,,,,,2249,알루미늄 위에 에나멜,2,금속,조각,,,
,,,,,,2250,"캔버스에 미디움, 아크릴, 숯",2,캔버스,"아크릴릭, 숯",,,
,,,,,,2251,"종이에 오일파스텔, 마커",2,종이,"오일 파스텔, 마커",,,
,,,,,,2252,나무 위 한지에 유채,2,한지,유채,,,
,,,,,,2253,F.R.P에 채색,2,기타,채색,,학습 제외,
,,,,,,2254,종이에 아카이벌 잉크젯프린트,2,종이,디지털 피그먼트 프린트,,,
,,,,,,2255,나무위 캔버스에 유채,2,캔버스,유채,,,
,,,,,,2256,석판화 (A.P),2,종이,석판,,,
,,,,,,2257,스크린프린트에 작가사인,2,종이,실크스크린,,,
,,,,,,2258,채색 목판화,2,종이,"목판, 채색",,,
,,,,,,2259,"종이에 색연필, 마커펜",2,종이,"색연필, 마커",,,
,,,,,,2260,아연합금에 채색,2,기타,채색,,학습 제외,
,,,,,,2261,"혼합재료, 석판화",1,종이,석판,,,
,,,,,,2262,인조대리석,1,없음,조각,,,
,,,,,,2263,아트프린트,1,종이,인쇄/복제,,학습 제외,
,,,,,,2264,캔버스에 아크링,1,캔버스,기타,분류 미매칭,,
,,,,,,2265,사후석판화,1,종이,석판,,,
,,,,,,2266,석판화 위에 오일파스텔,1,종이,"석판, 오일 파스텔",,,
,,,,,,2267,니켈,1,기타,기타,분류 미매칭,학습 제외,
,,,,,,2268,우드에 유채,1,패널,유채,,,
,,,,,,2269,켄버스에 유채,1,캔버스,유채,,,
,,,,,,2270,종이에 수묵당채,1,종이,수묵,,,
,,,,,,2271,화강암에 브론즈,1,없음,조각,,,
,,,,,,2272,Art Print,1,기타,기타,분류 미매칭,학습 제외,
,,,,,,2273,종이에 인장,1,종이,기타,분류 미매칭,,
,,,,,,2274,종이에 인두화,1,종이,기타,분류 미매칭,,
,,,,,,2275,종이에 캬슈연필,1,종이,카슈연필,,,
,,,,,,2276,천에판화 꼴라쥬,1,종이,판화,,학습 제외,
,,,,,,2277,호암미술관제작 판화,1,종이,판화,,학습 제외,
,,,,,,2278,종이에 먹.오래된사진,1,종이,수묵,,,
,,,,,,2279,오프셋판화,1,종이,오프셋 프린트,,,
,,,,,,2280,포스터석판화,1,종이,석판,,,
,,,,,,2281,종이에 우드컷혼합재료,1,종이,혼합재료,,,
,,,,,,2282,종이에 크로키,1,종이,기타,분류 미매칭,,
,,,,,,2283,동에 금도금,1,기타,기타,분류 미매칭,학습 제외,
,,,,,,2284,견에 자수,1,비단,자수,,,
,,,,,,2285,"mirror, colored plastic gel, wood",1,목재,기타,분류 미매칭,,
,,,,,,2286,oak (natural),1,기타,기타,분류 미매칭,학습 제외,
,,,,,,2287,silkscreen in colors on Rising 4-ply museum board,1,보드,실크스크린,,,
,,,,,,2288,"patinated cast bronze of a Kuba television with three television monitors, three antennas, and plug",1,없음,조각,,,
,,,,,,2289,diasec mounted Chromogenic print on aluminium composite panel,1,없음,조각,,,
,,,,,,2290,offset lithographic poster,1,종이,오프셋 프린트,,,
,,,,,,2291,anodised aluminium with corian base,1,금속,조각,,,
,,,,,,2292,mixed media with best fiber on canvas,1,캔버스,혼합재료,,,
,,,,,,2293,"painted on acrylic plate, LCD monitor, CD/DVD player, DVD and two remote controls",1,기타,아크릴릭,,학습 제외,
,,,,,,2294,"ink and color on paper, poster: print on paper, résumé: pen on paper",1,종이,수묵,,,
,,,,,,2295,polyethylene on canvas,1,캔버스,기타,분류 미매칭,,
,,,,,,2296,알루미늄판에 혼합재료,1,금속,혼합재료,,,
,,,,,,2297,"행자목, 쇠",1,기타,기타,분류 미매칭,학습 제외,
,,,,,,2298,실크,1,기타,기타,분류 미매칭,학습 제외,
,,,,,,2299,"은, 나무",1,목재,기타,분류 미매칭,,
,,,,,,2300,"놋쇠, 나무, 자수",1,목재,섬유,,,
,,,,,,2301,"나무, 쇠, 자개, 유리",1,목재,기타,분류 미매칭,,
,,,,,,2302,"나무, 쇠, 자개",1,목재,기타,분류 미매칭,,
,,,,,,2303,한지에 옻칠,1,한지,옻칠/래커,,,
,,,,,,2304,"나무, 대리석",1,없음,조각,,,
,,,,,,2305,"도자, 나무, 유리",1,없음,도자,,,
,,,,,,2306,"종이에 펜, 크레용",1,종이,"펜, 오일 파스텔",,,
,,,,,,2307,"종이에 인쇄, 작가 사인",1,종이,인쇄/복제,,학습 제외,
,,,,,,2308,리소그래피,1,종이,석판,분류 미매칭,,
,,,,,,2309,"종이에 수채, 잉크",1,종이,수채,,,
,,,,,,2310,한지위에 꼴라주와 채색,1,한지,채색,,,
,,,,,,2311,Matiere print on cardboard,1,목재,기타,분류 미매칭,,
,,,,,,2312,한지에 아크릴릭 과슈,1,한지,"아크릴릭, 과슈",,,
,,,,,,2313,에퀴틴트,1,종이,에쿼틴트,분류 미매칭,,
,,,,,,2314,etching with hand-colouring,1,종이,에칭,,,
,,,,,,2315,"천에 먹, 채색",1,캔버스,수묵,,,
,,,,,,2316,"한지 부조, 핸드컬러링과 에어브러쉬",1,한지,기타,분류 미매칭,,
,,,,,,2317,실크스크린 / 콜라주,1,종이,실크스크린,,,
,,,,,,2318,책 내지에 수성펜,1,인쇄물,펜,,,
,,,,,,2319,Printed on Somerset Velvet paper,1,종이,기타,분류 미매칭,,
,,,,,,2320,Aquatint Etching,1,종이,"아쿼틴트, 에칭",,,
,,,,,,2321,한지부조,1,한지,기타,분류 미매칭,,
,,,,,,2322,도자에 진사,1,없음,도자,,,
,,,,,,2323,"켄버스에 모래, 유채",1,캔버스,"유채, 모래",,,
,,,,,,2324,렌티큘러에 디지털 프린트,1,종이,렌티큘러 프린트,,,
,,,,,,2325,드라이 포인트,1,종이,드라이포인트,분류 미매칭,,
,,,,,,2326,포토 몽타주,1,종이,사진 콜라주,분류 미매칭,,
,,,,,,2327,석판화 위 과슈 1점 외 세리그라프 19점,1,기타,수채,,학습 제외,
,,,,,,2328,"린넨에 디지털 프린트, 아크릴",1,캔버스,"디지털 프린트, 아크릴릭",,,
,,,,,,2329,린넨에 디지털 프린트,1,캔버스,디지털 프린트,,,
,,,,,,2330,종이에 크레파스,1,종이,기타,분류 미매칭,,
,,,,,,2331,"한지에 탁본, 펜, 채색",1,한지,채색,,,
,,,,,,2332,"에칭, 아퀴틴트",1,종이,"아쿼틴트, 에칭",,,
,,,,,,2333,캔버스에 에어로졸,1,캔버스,기타,분류 미매칭,,
,,,,,,2334,"책 내지에 수성펜, 종이에 인쇄",1,인쇄물,펜,,,
,,,,,,2335,"엠보싱, UV프린팅",1,종이,"엠보싱, UV 프린트",분류 미매칭,,
,,,,,,2336,Acrylic on Polycoat,1,플라스틱 패널,아크릴릭,,,
,,,,,,2337,Photoengraving,1,종이,포토그라비아,분류 미매칭,,
,,,,,,2338,Acrylic on archival pigment print on Hahnemutel pa,1,종이,"디지털 피그먼트 프린트, 아크릴릭",,,
,,,,,,2339,"알루미늄, 레진, 우레탄 도장, 나무",1,없음,조각,,,
,,,,,,2340,"ink & color on silk, ink on paper",1,종이,수묵,,,
,,,,,,2341,ink & color on silk,1,비단,수묵,,,
,,,,,,2342,pencil & colored pencil on paper,1,종이,"연필, 색연필",,,
,,,,,,2343,pecil on paper,1,종이,기타,분류 미매칭,,
,,,,,,2344,에칭 판화에 크레용,1,종이,"에칭, 오일 파스텔",,,
,,,,,,2345,견에 수묵채색 / 종이에 수묵,1,종이,수묵,,,
,,,,,,2346,"gouache, gel on modelled canvas",1,캔버스,수채,,,
,,,,,,2347,목판화/ 한지-목판인쇄/ 목판화,1,한지,목판,,학습 제외,
,,,,,,2348,캔버스에 석채/ 종이에 아크릴/ 한지에 아크릴,1,캔버스,아크릴,,학습 제외,
,,,,,,2349,Encaustic Wax/Metal,1,기타,기타,분류 미매칭,학습 제외,
,,,,,,2350,캔버스에 유채 / 판넬에 유채,1,캔버스,유화,,학습 제외,
,,,,,,2351,"실크, 은",1,기타,기타,분류 미매칭,학습 제외,
,,,,,,2352,"나무, 브론즈",1,없음,조각,,,
,,,,,,2353,종이에 수묵담채/ 종이에 수묵/ 종이에 수묵담채,1,종이,수묵,,,
,,,,,,2354,Stainless Steel,1,금속,조각,,,
,,,,,,2355,캔버스위 종이에 채색/ 캔버스 위 종이에 채색/ 캔버스 위 종이에 채색/ 캔버스 위 종이에,1,캔버스,채색,,,
,,,,,,2356,은지에 컬러 세리그라프,1,금속지,실크스크린,,,
,,,,,,2357,"보드에 모래, 유채",1,보드,"유채, 모래",,,
,,,,,,2358,"종이에 잉크, 펜",1,종이,"잉크, 펜",,,
,,,,,,2359,"아쿼틴트, 실크스크린, 오프셋",1,종이,"아쿼틴트, 실크스크린, 오프셋 프린트",,,
,,,,,,2360,한지 릴리프판화,1,한지,릴리프,,,
,,,,,,2361,C-프린트에 작가사인,1,종이,디지털 C-프린트,,,
,,,,,,2362,"캔버스에 그을음, 유채",1,캔버스,"유채, 혼합재료",,,
,,,,,,2363,"세리그라피, 드라이포인트",1,종이,"드라이포인트, 실크스크린",,,
,,,,,,2364,"종이에 파스텔, 색연필",1,종이,"파스텔, 색연필",,,
,,,,,,2365,자개,1,기타,기타,분류 미매칭,학습 제외,
,,,,,,2366,"캔버스에 미디움아크릴, 숯",1,캔버스,"아크릴릭, 숯",,,
,,,,,,2367,견에 유채,1,비단,유채,,,
,,,,,,2368,한지에 고무판,1,한지,기타,분류 미매칭,,
,,,,,,2369,Leopard Rock,1,기타,기타,분류 미매칭,학습 제외,
,,,,,,2370,견에 수묵 채색,1,비단,수묵,,,
,,,,,,2371,종이에 수묵 담채,1,종이,수묵,,,
,,,,,,2372,은제,1,기타,기타,분류 미매칭,학습 제외,
,,,,,,2373,나무쟁반위 캔버스에 아크릴,1,캔버스,아크릴릭,,학습 제외,
,,,,,,2374,레코드,1,기타,기타,분류 미매칭,학습 제외,
,,,,,,2375,수지(PLA)에 아크릴,1,기타,아크릴릭,,학습 제외,
,,,,,,2376,"레진, 유리, 고무나무",1,없음,조각,,,
,,,,,,2377,"종이에 연필, 사인펜",1,종이,"연필, 펜",,,
,,,,,,2378,종이에 금분,1,종이,기타,분류 미매칭,,
,,,,,,2379,캔버스에 오브제,1,캔버스,기타,분류 미매칭,,
,,,,,,2380,"캔버스에 (유채, 펜)",1,캔버스,"유채, 펜",,,
,,,,,,2381,"우드락에 유채, 혼합재료",1,플라스틱 패널,"유채, 혼합재료",,,
,,,,,,2382,"나무에 주칠, 철",1,목재,기타,분류 미매칭,,
,,,,,,2383,"도자에 각, 채색",1,기타,채색,,학습 제외,
,,,,,,2384,"나무,철",1,목재,기타,분류 미매칭,,
,,,,,,2385,"종이에 수성펜, 오일파스텔",1,종이,"펜, 오일 파스텔",,,
,,,,,,2386,릴리프,1,기타,기타,분류 미매칭,학습 제외,
,,,,,,2387,실크스크린 텍스쳐UV프린트,1,종이,실크스크린,,,
,,,,,,2388,"패널에 아크릴, 나무",1,패널,아크릴릭,,,
,,,,,,2389,"나무,라탄,자개",1,목재,기타,분류 미매칭,,
,,,,,,2390,"한지,아크릴,왁스페이퍼",1,한지,아크릴릭,,,
,,,,,,2391,천에 인쇄,1,종이,인쇄/복제,,학습 제외 ,
,,,,,,2392,"나무, 유리 등",1,목재,기타,분류 미매칭,,
,,,,,,2393,콜라그래피,1,종이,콜라그래프,분류 미매칭,,
,,,,,,2394,"종이, 돌",1,종이,기타,분류 미매칭,,
,,,,,,2395,"Handmade, 16-layer screenprint on 300gsm Somerset",1,종이,실크스크린,,,
,,,,,,2396,믹소그래피아,1,종이,믹소그라피,분류 미매칭,,
,,,,,,2397,한지·목판인쇄,1,한지,목판,,,
,,,,,,2398,Acrylic spray on fine art paper,1,종이,아크릴릭,,,
,,,,,,2399,동판화에 채색,1,종이,"동판, 채색",,,
,,,,,,2400,은도금,1,기타,기타,분류 미매칭,학습 제외,
,,,,,,2401,"종이에 수채, 유성펜",1,종이,수채,,,
,,,,,,2402,"한지, 목판인쇄",1,한지,목판,,,
,,,,,,2403,종이 꼴라주에 아크릴,1,종이,"아크릴릭, 콜라주",,,
,,,,,,2404,"나무, 스틸에 채색",1,목재,채색,,,
,,,,,,2405,"종이에 목탄, 오일펜, 파스텔",1,종이,"목탄, 오일펜, 파스텔",,,
,,,,,,2406,"견에 먹, 채색",1,기타,수묵,,학습 제외,
,,,,,,2407,도록내지에 마카펜,1,인쇄물,마커,,,
,,,,,,2408,full bleed UV-cured pigment print with a silkscree,1,비단,기타,분류 미매칭,,
,,,,,,2409,Colour Lithography,1,종이,석판,,,
,,,,,,2410,"브론즈, 돌(좌대)",1,없음,조각,,,
,,,,,,2411,"브론즈, 알루미늄",1,금속,조각,,,
,,,,,,2412,패널 위 종이에 채색,1,종이,채색,,,
,,,,,,2413,"세라믹에 각, 채색",1,기타,채색,,학습 제외,
,,,,,,2414,Book on wood,1,목재,기타,분류 미매칭,,
,,,,,,2415,"견에 채색, 실",1,비단,"실, 채색",,,
,,,,,,2416,"알류미늄판에 인쇄, 24K 특수도금",1,알루미늄 패널,디지털 프린트,,,
,,,,,,2417,도자위에 안료,1,없음,도자,,,
,,,,,,2418,목탄지에 수묵채색,1,종이,수묵,,,
,,,,,,2419,"나무위 종이에 꼴라주, 유채",1,종이,"유채, 콜라주",,,
,,,,,,2420,"종이에 수묵, 파스텔",1,종이,수묵,,,
,,,,,,2421,Polystone,1,없음,조각,,,
,,,,,,2422,"캔버스 위 지클레프린트에 오일마커, 아크릴, 수채",1,캔버스,"지클레이 프린트, 아크릴릭, 수채, 마커",,,
,,,,,,2423,"종이에 에어브러쉬, 마카",1,종이,기타,분류 미매칭,,
,,,,,,2424,나무 패널위에 안료,1,목재,기타,분류 미매칭,,
,,,,,,2425,"비디오 설치, 1 채널 비디오, 컬러, 사운드; LED 플레이어모니터",1,기타,기타,분류 미매칭,학습 제외,
,,,,,,2426,판화지에 붓펜 컬러펜 채색,1,종이,"펜, 채색",,,
,,,,,,2427,비디오 카드 위에 실크스크린,1,종이,실크스크린,,,
,,,,,,2428,종이에 세리그래프,1,종이,실크스크린,,,
,,,,,,2429,"종이에 수묵담채, 금분",1,종이,수묵,,,
,,,,,,2430,캔버스에 종이콜라주,1,캔버스,혼합재료,,,
,,,,,,2431,"나무에 각, 유채",1,목재,유화,,학습 제외,
,,,,,,2432,Original Offset-Lithograph Poster,1,종이,오프셋 프린트,,,
,,,,,,2433,"종이에 수묵담채, 도장",1,종이,수묵,,,
,,,,,,2434,캔버스에 아크릴 / 캔버스위 종이에 수묵채색,1,캔버스,아크릴릭,,학습 제외,
,,,,,,2435,serigraph silkscreen 3D construction on paper,1,종이,실크스크린,,,
,,,,,,2436,은 도금,1,기타,기타,분류 미매칭,학습 제외,
,,,,,,2437,"나무에 각, 아크릴",1,목재,아크릴릭,,학습 제외,
,,,,,,2438,spray on arches oil pastel paper,1,종이,"스프레이, 오일 파스텔",,,
,,,,,,2439,한지꼴라주에 목판화,1,한지,목판,,,
,,,,,,2440,한지에 피그먼트,1,한지,디지털 피그먼트 프린트,,,
,,,,,,2441,"나무에 각, 먹",1,목재,수묵,,,
,,,,,,2442,"캔버스에 아크릴, 피그먼트 라이너",1,캔버스,"아크릴릭, 펜",,,
,,,,,,2443,하드보드에 과슈,1,목재,수채,,,
,,,,,,2444,"car paint on plastic, a horn of water buffalo",1,기타,기타,분류 미매칭,학습 제외,
,,,,,,2445,"목판화, 고무판화",1,종이,"목판, 리노컷",,,
,,,,,,2446,금속판에 채색,1,금속,채색,,,
,,,,,,2447,스티로폼 위 종이에 혼합재료,1,종이,혼합재료,,,
,,,,,,2448,"목판화, 고무판화, 석판화",1,종이,"목판, 리노컷, 석판",,,
,,,,,,2449,도자에 유채,1,기타,유화,,학습 제외,
,,,,,,2450,스티로폼에 혼합재료,1,기타,혼합재료,,학습 제외,
,,,,,,2451,"1. 종이에 스텐실, 2. 실크스크린",1,종이,실크스크린,,학습 제외,
,,,,,,2452,"자개, 나무, 백동",1,목재,기타,분류 미매칭,,
,,,,,,2453,"옥, 도자",1,없음,도자,,,
,,,,,,2454,"나무, 플라스틱",1,목재,기타,분류 미매칭,,
,,,,,,2455,디아섹에 아카이벌 디지털 프린트,1,종이,"디지털 피그먼트 프린트, 디아섹",,,
,,,,,,2456,"캔버스에 한지꼴라주, 채색",1,캔버스,채색,,,
,,,,,,2457,Rubber stemp print on paper,1,종이,기타,분류 미매칭,,
,,,,,,2458,Ceramic,1,없음,도자,,,
,,,,,,2459,울트라크롬 잉크 프린트,1,종이,디지털 피그먼트 프린트,,,
,,,,,,2460,"종이에 사인펜, 색연필, 연필",1,종이,"펜, 색연필, 연필",,,
,,,,,,2461,"울트라크롬잉크 프린트, 디아섹",1,종이,"디지털 피그먼트 프린트, 디아섹",분류 미매칭,,
,,,,,,2462,"캔버스에 아크릴, 유채, 페인트",1,캔버스,"아크릴릭, 유채",,,
,,,,,,2463,"캔버스에 유채, 연필, 바니쉬",1,캔버스,"유채, 연필",,,
,,,,,,2464,"피그먼트 프린트 (Corning®Gorilla®Glass, UV print)",1,종이,디지털 피그먼트 프린트,,,
,,,,,,2465,판화에 채색,1,종이,혼합재료,,,
,,,,,,2466,인쇄된 종이에 유성펜,1,종이,"디지털 프린트, 펜",,,
,,,,,,2467,c-프린트,1,종이,디지털 C-프린트,,,
,,,,,,2468,"캔버스에 종이 콜라주, 혼합재료",1,캔버스,혼합재료,,,
,,,,,,2469,"종이에 채색, 오일파스텔",1,종이,"오일 파스텔, 혼합재료",,,
,,,,,,2470,"나무패널에 아크릴, 잉크",1,패널,아크릴릭,,,
,,,,,,2471,"캔버스에 아크릴, 목탄, UV바니쉬",1,캔버스,아크릴릭,,,
,,,,,,2472,"종이에 인쇄, 연필, 혼합재료",1,종이,"디지털 프린트, 연필, 혼합재료",,,
,,,,,,2473,"캔버스에 유채, 블루투스 스피커",1,캔버스,유화,,학습 제외,
,,,,,,2474,스케치북에 사인펜,1,종이,펜,,,
,,,,,,2475,"종이에 볼펜, 채색",1,종이,채색,,,
,,,,,,2476,"종이에 잉크, 먹",1,종이,수묵,,,
,,,,,,2477,"나무, 꼴라주에 채색",1,목재,채색,,,
,,,,,,2478,캐스트 비닐 레진,1,없음,조각,,,
,,,,,,2479,지클레프린트,1,종이,지클레이 프린트,,,
,,,,,,2480,"캔버스에 석채, 아크릴릭",1,캔버스,"아크릴릭, 석채",,,
,,,,,,2481,"스케치북에 연필, 채색, 콘테",1,종이,"연필, 채색, 콘테",,,
,,,,,,2482,폴리우레탄,1,기타,기타,분류 미매칭,학습 제외,
,,,,,,2483,"캔버스에 아크릴, 실크스크린",1,캔버스,"실크스크린, 아크릴릭",,,
,,,,,,2484,inkjet print on cotton-fiber archival paper,1,종이,디지털 프린트,,,
,,,,,,2485,캔버스에 울트라잉크 프린트,1,캔버스,디지털 피그먼트 프린트,,,
,,,,,,2486,스테인레스에 우레탄 도장,1,기타,기타,분류 미매칭,학습 제외,
,,,,,,2487,나무에 칠,1,목재,기타,분류 미매칭,,
,,,,,,2488,잡목,1,기타,기타,분류 미매칭,학습 제외,
,,,,,,2489,"monoprint in oil with collage, engraving and embos",1,종이,"인그레이빙, 엠보싱, 콜라주, 유채",모노타이프,,
,,,,,,2490,"오프셋 석판화, 펜",1,종이,"오프셋 프린트, 펜",,,
,,,,,,2491,과반에 캔버스에 아크릴,1,캔버스,아크릴릭,,학습 제외,
,,,,,,2492,"캔버스에 연필, 아크릴",1,캔버스,"아크릴릭, 연필",,,
,,,,,,2493,"보드에 잉크젯, 스크린프린트, 콜라주",1,보드,"실크스크린, 디지털 프린트, 콜라주",,,
,,,,,,2494,박스종이에 아크릴,1,종이,아크릴릭,,,
,,,,,,2495,"나무에 각, 혼합재료",1,목재,혼합재료,,,
,,,,,,2496,"고려시대, 고려시대, 조선시대",1,기타,기타,분류 미매칭,학습 제외,
,,,,,,2497,채색 테라코타,1,기타,채색,,학습 제외,
,,,,,,2498,"조선초기, 조선시대",1,기타,기타,분류 미매칭,학습 제외,
,,,,,,2499,실크에 인쇄,1,종이,인쇄/복제,,학습 제외,
,,,,,,2500,나무판 위 종이에 채색,1,종이,채색,,,
,,,,,,2501,종이에 그래파이트,1,종이,기타,분류 미매칭,,
,,,,,,2502,종이에 믹소그라피아 모노타이프,1,종이,믹소그라피(모노타이프),,,
,,,,,,2503,"종이에 유채, 천 꼴라주",1,종이,"유채, 천 콜라주",,,
,,,,,,2504,은 접시에 에칭,1,종이,판화,,학습 제외,
,,,,,,2505,"패널에 아크릴, 바니쉬",1,패널,아크릴릭,,,
,,,,,,2506,"한지위 석판화, 공판화, 수채",1,한지,수채,,,
,,,,,,2507,인쇄된 종이에 수채사인,1,종이,수채,,,
,,,,,,2508,"금속에 조각, 은",1,금속,기타,분류 미매칭,,
,,,,,,2509,나무에 어피·금속,1,목재,기타,분류 미매칭,,
,,,,,,2510,"나무에 화각장식, 비취",1,목재,기타,분류 미매칭,,
,,,,,,2511,금분당지에 수묵,1,기타,수묵,,학습 제외,
,,,,,,2512,흑구도_비단에 수묵고사인물도_비단에 수묵월하취적도_비단에 수묵,1,비단,수묵,,,
,,,,,,2513,은에 혼합재료,1,기타,혼합재료,,학습 제외,
,,,,,,2514,"첩 34×19.5㎝, 지도 26×30.6㎝",1,기타,기타,분류 미매칭,학습 제외,
,,,,,,2515,"금속에 조각, 금은상감",1,금속,기타,분류 미매칭,,
,,,,,,2516,"금속에 조각, 채색",1,금속,채색,,,
,,,,,,2517,"나무에 조각, 흑칠, 옥돌에 조각",1,목재,기타,분류 미매칭,,
,,,,,,2518,채색지에 먹,1,종이,수묵,,,
,,,,,,2519,설치영상,1,기타,기타,분류 미매칭,학습 제외,
,,,,,,2520,액자 / 종이에 혼합재료,1,종이,혼합재료,,,
,,,,,,2521,액자 / 비단에 채색,1,비단,채색,,,
,,,,,,2522,액자 / 종이에 먹,1,종이,수묵,,,
,,,,,,2523,나무에 천연모,1,목재,기타,분류 미매칭,,
,,,,,,2524,"나무에 주칠, 금속장식",1,목재,기타,분류 미매칭,,
,,,,,,2525,금분당지에 먹,1,기타,수묵,,학습 제외,
,,,,,,2526,"비단에 채색, 금니",1,비단,채색,,,
,,,,,,2527,"지승, 옥, 은에 조각",1,기타,기타,분류 미매칭,학습 제외,
,,,,,,2528,"나무에 화각장식, 상아",1,목재,기타,분류 미매칭,,
,,,,,,2529,황동에 조각,1,기타,기타,분류 미매칭,학습 제외,
,,,,,,2530,지승,1,기타,기타,분류 미매칭,학습 제외,
,,,,,,2531,"종이에 먹,종이에 수묵채색",1,종이,수묵,,,
,,,,,,2532,"종이에 수묵채색, 종이에 수묵",1,종이,수묵,,,
,,,,,,2533,"비단에 수묵채색, 금니",1,비단,수묵,,,
,,,,,,2534,"나무에 주칠, 금속장식/ 돌",1,목재,기타,분류 미매칭,,
,,,,,,2535,철에 은상감,1,기타,기타,분류 미매칭,학습 제외,
,,,,,,2536,"Ceramic, 24k gold",1,없음,도자,,,
,,,,,,2537,"Bronze, Aluminium, Stainless Steel, Urethan pain",1,금속,조각,,,
,,,,,,2538,"나무에 조각, 금박",1,목재,기타,분류 미매칭,,
,,,,,,2539,"대나무, 금속",1,목재,기타,분류 미매칭,,
,,,,,,2540,흑지에 채색,1,기타,채색,,학습 제외,
,,,,,,2541,"비단에 수묵채색, 금",1,비단,수묵,,,
,,,,,,2542,종이에 수묵채색 · 종이에 먹,1,종이,수묵,,,
,,,,,,2543,흑지에 금니,1,기타,채색,,학습 제외,
,,,,,,2544,"비단에 먹, 종이에 먹",1,종이,수묵,,,
,,,,,,2545,"종이에 먹, 종이에 인쇄",1,종이,수묵,,,
,,,,,,2546,"장지에 과슈, 먹",1,장지,수채,,,
,,,,,,2547,무쇠에 은입사,1,기타,기타,분류 미매칭,학습 제외,
,,,,,,2548,"은에 비취, 금장식",1,기타,기타,분류 미매칭,학습 제외,
,,,,,,2549,"은에 칠보장식, 마노",1,기타,옻칠/래커,,학습 제외,
,,,,,,2550,"돌에 조각, 비단장식",1,비단,기타,분류 미매칭,,
,,,,,,2551,"나무에 조각, 돌",1,목재,기타,분류 미매칭,,
,,,,,,2552,가죽에 금속장식,1,금속,기타,분류 미매칭,,
,,,,,,2553,옥에 조각,1,기타,기타,분류 미매칭,학습 제외,
,,,,,,2554,"먹감나무, 오동나무, 백동장식",1,목재,수묵,,,
,,,,,,2555,"느티나무, 유기, 황동장식",1,목재,기타,분류 미매칭,,
,,,,,,2556,Copper Print,1,종이,동판,분류 미매칭,,
,,,,,,2557,Offset Print,1,종이,오프셋 프린트,,,
,,,,,,2558,Polyester Plush Fabric,1,섬유,섬유,,학습 제외,
,,,,,,2559,"PVC, Crystal, and Sofubi Vinyl",1,없음,조각,,,
,,,,,,2560,Soft Vinyl,1,없음,조각,,,
,,,,,,2561,Painted Cast Resin,1,없음,조각,,,
,,,,,,2562,고종연간,1,기타,기타,분류 미매칭,학습 제외,
,,,,,,2563,금속활자본1책,1,금속,기타,분류 미매칭,,
,,,,,,2564,앨범1권,1,기타,기타,분류 미매칭,학습 제외,
,,,,,,2565,"시전지,필사액자1점",1,기타,기타,분류 미매칭,학습 제외,
,,,,,,2566,필사본3책,1,기타,기타,분류 미매칭,학습 제외,
,,,,,,2567,배접1점,1,기타,기타,분류 미매칭,학습 제외,
,,,,,,2568,필사본1축,1,기타,기타,분류 미매칭,학습 제외,
,,,,,,2569,"필사본2책,종이2점",1,종이,기타,분류 미매칭,,
,,,,,,2570,명종연간,1,기타,기타,분류 미매칭,학습 제외,
,,,,,,2571,숙종연간,1,기타,기타,분류 미매칭,학습 제외,
,,,,,,2572,"은, 은에 칠보장식 / Silver, Ornaments of Cloisonne Work on Sliver",1,기타,옻칠/래커,,학습 제외,
,,,,,,2573,대모 / Hawksbill,1,기타,기타,분류 미매칭,학습 제외,
,,,,,,2574,나무에 대모 / Hawksbill on Wood,1,목재,기타,분류 미매칭,,
,,,,,,2575,"나무에 조각, 상아, 돌, 종이에 먹 / Carved and engraved wood, Ivory, Stone, Ink on Paper",1,종이,수묵,,,
,,,,,,2576,나무에 대모 외 / Hawksbill on Wood etc.,1,목재,기타,분류 미매칭,,
,,,,,,2577,"견, 칠보, 석웅황 외 / Silk, Cloisonne, Orpiment etc.",1,비단,옻칠/래커,,,
,,,,,,2578,비단에 자수 / Embroidery on Silk,1,비단,섬유,,,
,,,,,,2579,동합금 / Copper Alloy,1,기타,기타,분류 미매칭,학습 제외,
,,,,,,2580,돌에 조각 / Carved on Stone,1,없음,조각,,,
,,,,,,2581,무명에 채색 Color on Cotton,1,캔버스,채색,,,
,,,,,,2582,비단에 수묵담채\ Ink and Color on Silk,1,비단,수묵,,,
,,,,,,2583,도자 위에 칠보 / Cloisonne on Porcelain,1,없음,도자,,,
,,,,,,2584,은에 화각장식 Painted Ox-Horn Sheet on Silver,1,기타,기타,분류 미매칭,학습 제외,
,,,,,,2585,"나무에 화각장식, 상아 Painted Ox-Horn Sheet on Wood, Ivory",1,목재,기타,분류 미매칭,,
,,,,,,2586,"은에 조각, 칠보 / Carved and Ornaments of Cloisonne Work on Sliver",1,없음,조각,,,
,,,,,,2587,은에 조각 / Carved on Sliver,1,없음,조각,,,
,,,,,,2588,은에 옥장식 / Jade Decorated on Silver,1,기타,기타,분류 미매칭,학습 제외,
,,,,,,2589,은에 상아장식 / Ivory Decorated on Silver,1,기타,기타,분류 미매칭,학습 제외,
,,,,,,2590,"은에 옥장식, 상아 / Jade Decorated on Silver, Ivory",1,기타,기타,분류 미매칭,학습 제외,
,,,,,,2591,"은, 순금 / Silver, Gold",1,기타,기타,분류 미매칭,학습 제외,
,,,,,,2592,액자 / Framed 비단에 수묵담채 / Ink and Color on Silk,1,비단,수묵,,,
,,,,,,2593,"은, 칠보장식 Silver, Ornaments of Cloisonne Work",1,기타,옻칠/래커,,학습 제외,
,,,,,,2594,"자기, 은 White Porcelain, Silver",1,없음,도자,,,
,,,,,,2595,돌에 조각 Carved on Stone,1,없음,조각,,,
,,,,,,2596,금속에 장식 Carved on Metal,1,금속,조각,,,
,,,,,,2597,나무에 대모 Hawksbill on Wood,1,목재,기타,분류 미매칭,,
,,,,,,2598,비단에 혼합재료 Mixed Media on Silk,1,비단,혼합재료,,,
,,,,,,2599,"짚, 금속 Straw, Metal",1,금속,기타,분류 미매칭,,
,,,,,,2600,칠보 Cloisonne,1,기타,옻칠/래커,,학습 제외,
,,,,,,2601,종이에 금니 In Gold on Red Paper,1,종이,채색,,,
,,,,,,2602,종이에 채색 / Colored on Paper,1,종이,채색,,,
,,,,,,2603,대나무에 조각 / Carved on Bamboo,1,없음,조각,,,
,,,,,,2604,"나무에 조각, 자마노, 가죽 / Carved on Wood, Red Agate, Leather",1,없음,조각,,,
,,,,,,2605,종이에 수묵담채 Ink and Color,1,종이,수묵,,,
,,,,,,2606,액자 / Framed 비단에 수묵담채 Ink and Color on Silk,1,비단,수묵,,,
,,,,,,2607,비단에 수묵담채 Ink and Color on Paper,1,종이,수묵,,,
,,,,,,2608,"철, 가죽 Iron, Leather",1,금속,기타,분류 미매칭,,
,,,,,,2609,산수_ 종이에 수묵담채 Ink and Color on Paper 화조_종이에 수묵채색 Ink and Color on Paper,1,종이,수묵,,,
,,,,,,2610,"금, 은, 산호, 칠보 Gold, Silver, Coral and Cloisonne Work",1,기타,옻칠/래커,,학습 제외,
,,,,,,2611,"나무에 조각, 비단, 금속장식 Carved Wood, Silk, Pierced Metal",1,비단,조각,,,
,,,,,,2612,"은, 마노 Silver, Agate",1,기타,기타,분류 미매칭,학습 제외,
,,,,,,2613,"상아, 은, 옥 Ivory, Silver, Jade",1,기타,기타,분류 미매칭,학습 제외,
,,,,,,2614,청동에 조각 Carving on Bronze,1,없음,조각,,,
,,,,,,2615,구리 Copper,1,기타,기타,분류 미매칭,학습 제외,
,,,,,,2616,"흑견에 금니, 채색 Gold and Color on Black Silk",1,비단,채색,,,
,,,,,,2617,종이에 목판화 Printing on Paper,1,종이,목판,,,
,,,,,,2618,박달나무 Wood,1,목재,기타,분류 미매칭,,
,,,,,,2619,"나무에 조각, 금속장식 Carved on Wood, Metal",1,없음,조각,,,
,,,,,,2620,"은, 옥, 나무 Silver, Jade, Wood",1,목재,기타,분류 미매칭,,
,,,,,,2621,"은, 산호 Silver, Coral",1,기타,기타,분류 미매칭,학습 제외,
,,,,,,2622,"은, 유리 Silver, Glass",1,기타,기타,분류 미매칭,학습 제외,
,,,,,,2623,"은, 목제 Silver, Wood",1,목재,기타,분류 미매칭,,
,,,,,,2624,"종이, 나무, 옻칠 Paper, Wood, Lacquer",1,종이,옻칠/래커,,,
,,,,,,2625,곱돌에 조각 Carved on Stone,1,없음,조각,,,
,,,,,,2626,"종이에 과슈, 펜 Gouache and Pen on Paper",1,종이,수채,,,
,,,,,,2627,활자본 Printed Book,1,기타,기타,분류 미매칭,학습 제외,
,,,,,,2628,나무에 조각 Wood Pattern Board,1,목재,기타,분류 미매칭,,
,,,,,,2629,"금, 은, 목제 Gold, Silver, Wood",1,목재,기타,분류 미매칭,,
,,,,,,2630,종이(냉금당지冷金唐紙)에 수묵 Ink on Paper,1,종이,수묵,,,
,,,,,,2631,"나무 위에 종이, 금속장식 Paper on Wood, Pierced Metal",1,종이,기타,분류 미매칭,,
,,,,,,2632,"나무에 조각, 돌 Carved on Wood, Stone",1,없음,조각,,,
,,,,,,2633,"상아,은 Ivory, Silver",1,기타,기타,분류 미매칭,학습 제외,
,,,,,,2634,종이(냉금당지冷金唐紙)에 먹 Ink on Paper,1,종이,수묵,,,
,,,,,,2635,종이에 금니 Gold on Paper,1,종이,채색,,,
,,,,,,2636,흑지에 호분 Whitewash on Black Paper,1,종이,기타,분류 미매칭,,
,,,,,,2637,은에 금장식 Ornaments of Gold Work on Sliver,1,기타,기타,분류 미매칭,학습 제외,
,,,,,,2638,금동 Gilt-Bronze,1,없음,조각,,,
,,,,,,2639,종이에 수묵담채 Ink and Color on Paper/종이에 먹 Ink on Paper,1,종이,수묵,,,
,,,,,,2640,"수정, 은 Crystal, Silver",1,기타,기타,분류 미매칭,학습 제외,
,,,,,,2641,"금, 은 Gold, Silver",1,기타,기타,분류 미매칭,학습 제외,
,,,,,,2642,"한지, 은 Korean Paper, Silver",1,한지,기타,분류 미매칭,,
,,,,,,2643,Landscape of Mt.GeumGang,1,기타,기타,분류 미매칭,학습 제외,
,,,,,,2644,"금,은,옥,칠보장식 Gold, Silver, Jade Ornaments of Cloisonne Work",1,기타,옻칠/래커,,학습 제외,
,,,,,,2645,은에 옥장식 Jade Decorated on Silver,1,기타,기타,분류 미매칭,학습 제외,
,,,,,,2646,종이에 수묵담채 Ink and Color on Silk,1,종이,수묵,,,
,,,,,,2647,"용목, 백동장식 Wood, Cupro-nickel",1,목재,기타,분류 미매칭,,
,,,,,,2648,목판 인쇄,1,종이,목판,,,
,,,,,,2649,"금,은 Gold, Silver",1,기타,기타,분류 미매칭,학습 제외,
,,,,,,2650,견 Silk,1,비단,기타,분류 미매칭,,
,,,,,,2651,가리개 Folding Screen,1,기타,기타,분류 미매칭,학습 제외,
,,,,,,2652,종이에 먹 Ink on Paperㅍ,1,종이,수묵,,,
,,,,,,2653,"나무에 주칠, 금속장식 Wood Pierced Metal, Red Lacquered",1,목재,옻칠/래커,,,
,,,,,,2654,비단에 수묵 Ink on silk,1,비단,수묵,,,
,,,,,,2655,탁본 Rubbing on Paper,1,종이,기타,분류 미매칭,,
,,,,,,2656,나무에 주칠 Red Lacquered Wood,1,목재,옻칠/래커,,,
,,,,,,2657,종이에 채색 Ink on Paper,1,종이,수묵,,,
,,,,,,2658,액자 Framed,1,기타,기타,분류 미매칭,학습 제외,
,,,,,,2659,mixed media on envelope,1,종이,혼합재료,,,
,,,,,,2660,"urethane paint on resin, eyes hand-painted by the artist",1,없음,조각,,,
,,,,,,2661,oil on paper board mounted on wooden panel,1,보드,유채,,,
,,,,,,2662,tempera and gouache on masonite,1,패널,"템페라, 과슈",,,
,,,,,,2663,print: inkjet printed computer drawing on paper,1,종이,디지털 프린트,디지털 드로잉,,
,,,,,,2664,6-color serigraph,1,종이,실크스크린,,,
,,,,,,2665,"photopolymer gravure print on Somerset Satin White 300gsm paper, with unique carbon and compressed charcoal overlay hand-drawn by the artist",1,종이,연필/드로잉,,학습 제외,
,,,,,,2666,artist’s book of 220 (plus four bonus) iPad paintings made in 2020 with hardcover in clamshell box,1,기타,기타,분류 미매칭,학습 제외,
,,,,,,2667,inkstick and acrylic on Korean paper,1,한지,아크릴릭,,,
,,,,,,2668,hand-finished offset lithograph,1,종이,오프셋 프린트,,,
,,,,,,2669,etching and silkscreen,1,종이,"에칭, 실크스크린",,,
,,,,,,2670,lithograph and silkscreen,1,종이,"석판, 실크스크린",,,
,,,,,,2671,"silkscreen on paper, acrylic, wooden panel",1,종이,"실크스크린, 아크릴릭",,,
,,,,,,2672,Golden Memories,1,기타,기타,분류 미매칭,학습 제외,
,,,,,,2673,silkscreen in colors on Rising 4-ply Museum Board,1,보드,실크스크린,,,
,,,,,,2674,mixed media on wooden blocks,1,목재,혼합재료,,,
,,,,,,2675,water acrylic on canvas,1,캔버스,아크릴릭,,,
,,,,,,2676,oil on wooden tabletop,1,패널,유채,,,
,,,,,,2677,gouache and ink on Korean paper,1,종이,수채,,,
,,,,,,2678,HDR inkjet print,1,종이,디지털 프린트,,,
,,,,,,2679,digital print and screen print on 410gsm Somerset Satin paper,1,종이,디지털 프린트,,,
,,,,,,2680,oil and iron on plywood,1,패널,"유채, 철",,,
,,,,,,2681,"acyrlic, oil and conte on canvas",1,캔버스,"아크릴릭, 유채, 콘테",,,
,,,,,,2682,sheet film-wrapped Vornado,1,기타,기타,분류 미매칭,학습 제외,
,,,,,,2683,copper,1,기타,기타,분류 미매칭,학습 제외,
,,,,,,2684,"embossed work, urethane and ink on stainless steel",1,금속,수묵,,,
,,,,,,2685,"embossed work, urethane, ink and silkscreen on stainless steel",1,금속,수묵,,,
,,,,,,2686,coloring on mixed media,1,기타,혼합재료,,학습 제외,
,,,,,,2687,acrylic and charcoal on canvas,1,캔버스,"아크릴릭, 목탄",,,
,,,,,,2688,4 color hand-pulled screenprint on Mohawk Superfine UltraWhite,1,종이,실크스크린,,,
,,,,,,2689,oil and acrylic on linen,1,캔버스,"유채, 아크릴릭",,,
,,,,,,2690,"relief, acrylic on canvas with artist's frame",1,캔버스,아크릴릭,,,
,,,,,,2691,FRP and urethane paint,1,기타,기타,분류 미매칭,학습 제외,
,,,,,,2692,"tirage photographique, aluminium, plexiglass",1,금속,사진/디지털,,학습 제외,
,,,,,,2693,diasec-mounted giclée on aluminium composite panel,1,없음,조각,,,
,,,,,,2694,hard cover book with offset print,1,종이,인쇄/복제,,학습 제외,
,,,,,,2695,oil on rice bag,1,기타,유화,,학습 제외,
,,,,,,2696,acrylic on hardboard and collage mounted on canvas,1,보드,"아크릴릭, 콜라주",,,
,,,,,,2697,"alloy, crystal, PVC",1,없음,조각,,,
,,,,,,2698,offset lithograph with cold stamp,1,종이,오프셋 프린트,,,
,,,,,,2699,hand finished offset lithograph with gold leaf,1,종이,오프셋 프린트,,,
,,,,,,2700,acrylic on canvas mounted on wooden windows,1,캔버스,아크릴릭,,,
,,,,,,2701,mixed media on Korean paper mounted on wooden board,1,한지,혼합재료,,,
,,,,,,2702,acrylic and frottage on cloth,1,캔버스,아크릴릭,,,
,,,,,,2703,ink on hemp cloth,1,캔버스,수묵,,,
,,,,,,2704,gold powder on paper,1,종이,기타,분류 미매칭,,
,,,,,,2705,gouache and graphite on paper,1,종이,수채,,,
,,,,,,2706,19 layer silkscreen print with a diamond dust finish on 100% cotton paper,1,종이,실크스크린,,,
,,,,,,2707,color on gourd,1,기타,채색,,학습 제외,
,,,,,,2708,woodcut on BFK Rives paper,1,종이,목판,,,
,,,,,,2709,"oil, acrylic and dye on canvas",1,캔버스,"염색, 유채, 아크릴릭",,,
,,,,,,2710,monogram coated canvas,1,캔버스,기타,분류 미매칭,,
,,,,,,2711,silkscreen and etching embossing,1,종이,"실크스크린, 에칭, 엠보싱",,,
,,,,,,2712,lithograph in 3 black colors on Arches 350g rag paper,1,종이,석판,,,
,,,,,,2713,flashe on canvas,1,캔버스,기타,분류 미매칭,,
,,,,,,2714,oil and silkscreen on canvas in artist's frame,1,캔버스,"실크스크린, 유채",,,
,,,,,,2715,etching engraving and carborundum engraving on paper,1,종이,"에칭, 인그레이빙, 카보런덤",,,
,,,,,,2716,"acrylic, oil pastel and spray on canvas",1,캔버스,"아크릴릭, 오일 파스텔, 스프레이",,,
,,,,,,2717,"archival pigment print on 330gsm Somerset Satin Enhance paper, finished with screenprint details in white and metallic silver ink and a layer of high gloss varnish",1,종이,수묵,,,
,,,,,,2718,lithographic poster with a yellow silkscreen overlay on 170gsm paper,1,종이,"석판, 실크스크린",,,
,,,,,,2719,lithograph on collaged Somerset Soft White Velvet 300 gsm paper with hand drawn element,1,종이,석판,,,
,,,,,,2720,digital silver print,1,종이,디지털 실버 프린트,,,
,,,,,,2721,marker and acrylic on paper,1,종이,"마커, 아크릴릭",,,
,,,,,,2722,laminated giclée print on aluminum composite panel,1,없음,조각,,,
,,,,,,2723,"pigment print on Somerset enhanced White Satin 410gsm, torn edges",1,종이,디지털 피그먼트 프린트,분류 미매칭,,
,,,,,,2724,digital print and acrylic on canvas,1,캔버스,"디지털 프린트, 아크릴릭",,,
,,,,,,2725,giclée print on Hahnemuhle 308gsm cotton rag paper,1,종이,기타,분류 미매칭,,
,,,,,,2726,oil and oil stick on canvas,1,캔버스,"유채, 오일스틱",,,
,,,,,,2727,enamel paint on formica,1,플라스틱 패널,에나멜,분류 미매칭,,
,,,,,,2728,"mixed media on wood, ink and color on silk",1,비단,수묵,,,
,,,,,,2729,acrylic and Indian ink on newspaper laid on paper,1,종이,"신문지, 잉크 아크릴릭",,,
,,,,,,2730,"graphite, acrylic and oil on hemp cloth",1,캔버스,"흑연, 아크릴릭, 유채",,,
,,,,,,2731,"single-channel video, 2 televisions, 5 vintage wooden cabinets, 1 Sega game gear, 2 telephones, 2 chasises, 1 SD card, 1 Krizer Dvix player, neon tube and various objects",1,목재,기타,분류 미매칭,,
,,,,,,2732,"aluminum venetian blind, powder-coated stainless steel frame, gas stove, LED tube, cable",1,금속,조각,,,
,,,,,,2733,woodcut printed and color on paper,1,종이,채색,,,
,,,,,,2734,offset lithograph with screenprint on wove paper,1,종이,"오프셋 프린트, 실크스크린",,,
,,,,,,2735,"fabrics, traditional Korean nobang cloth, organza, thread and text on moshi fabric mounted on canvas",1,캔버스,섬유,,,
,,,,,,2736,"aquatint, embossing",1,종이,"아쿼틴트, 엠보싱",,,
,,,,,,2737,acrylic and colored pencil on paper,1,종이,"아크릴릭, 색연필",,,
,,,,,,2738,full bleed archival pigment print on 305gsm Hahnemühle photo rag ultra smooth paper,1,종이,기타,분류 미매칭,,
,,,,,,2739,silkscreen and offset print,1,종이,실크스크린,,,
,,,,,,2740,"acrylic, oil paint-stick and acrylic marker on canvas",1,캔버스,"아크릴릭, 오일스틱, 마커",,,
,,,,,,2741,mixed media on canvas with wood,1,캔버스,혼합재료,,,
,,,,,,2742,monotype silkscreen,1,종이,실크스크린(모노타이프),,,
,,,,,,2743,"acrylic, plexiglas and mixed media on canvas",1,캔버스,"아크릴릭, 혼합재료",,,
,,,,,,2744,lambda print,1,종이,디지털 C-프린트,,,
,,,,,,2745,c-print with plexiglas,1,종이,"디지털 C-프린트, 디아섹",,,
,,,,,,2746,giclee print on velvet fine art paper 310g,1,종이,지클레이 프린트,,,
,,,,,,2747,hand finished graffiti and screenprint on Hahnemüle 300g,1,종이,실크스크린,,,
,,,,,,2748,iris print on velvet archival paper,1,종이,기타,분류 미매칭,,
,,,,,,2749,ballpoint pen on paper,1,종이,펜,,,
,,,,,,2750,acrylic and india ink on cotton,1,캔버스,"아크릴릭, 잉크",,,
,,,,,,2751,screenprint on Arches 88 paper,1,종이,실크스크린,,,
,,,,,,2752,offset lithograph with cold foil stamp and high gloss varnishing,1,종이,오프셋 프린트,,,
,,,,,,2753,"c-print, aluminium and acrylic glass",1,금속,아크릴릭,,학습 제외,
,,,,,,2754,"i. pen on paper
 ii. ink on paper",1,종이,수묵,,,
,,,,,,2755,"C-print, digital print on canvas",1,캔버스,디지털 C-프린트,,,
,,,,,,2756,"giclee print on dyed linen vinyl cover with 12"" record",1,캔버스,지클레이 프린트,,,
,,,,,,2757,"i. polyester
 ii. mixed media
 iii. Cotton",1,섬유,혼합재료,,,
,,,,,,2758,fabric on canvas,1,캔버스,섬유,,,
,,,,,,2759,various envelope security patterns and graph paper on cardboard in artist's frame,1,종이,기타,분류 미매칭,,
,,,,,,2760,C-type print on wooden mount,1,목재,기타,분류 미매칭,,
,,,,,,2761,inkjet on paper with wooden frame,1,종이,디지털 프린트,,,
,,,,,,2762,spray paint on wood panel,1,목재,기타,분류 미매칭,,
,,,,,,2763,"mezzotint, drypoint",1,종이,"메조틴트, 드라이포인트",,,
,,,,,,2764,hand painted polyurethane and foging steel,1,금속,기타,분류 미매칭,,
,,,,,,2765,"ink, acrylic and glass beads on printed paper mounted on wooden panel",1,종이,"디지털 프린트, 아크릴릭, 혼합재료",,,
,,,,,,2766,archival giclee print on german etching 310gsm paper,1,종이,지클레이 프린트,,,
,,,,,,2767,combining a traditional soft ground etching with unique hand-finished elements in pencil and watercolor on 300g off-white Arches Velin paper,1,종이,수채,,,
,,,,,,2768,painted cast vinyl resin,1,없음,조각,,,
,,,,,,2769,"acrylic, poly-acryl urethane on MDF",1,패널,"아크릴릭, 혼합재료",,,
,,,,,,2770,color on Korean paper collage,1,종이,채색,,,
,,,,,,2771,indian ink and acrylic on fabric,1,캔버스,"아크릴릭, 잉크",,,
,,,,,,2772,cast resin,1,없음,조각,,,
,,,,,,2773,offset lithograph and silkscreen,1,종이,오프셋 프린트,,,
,,,,,,2774,6 individual lithograph prints on Madrid Litho 140gsm paper,1,종이,석판,,,
,,,,,,2775,"oil, acrylic, enamel and sharpie on cardboard in artist's frame",1,종이,"아크릴릭, 에나멜",,,
,,,,,,2776,color on porcelain,1,기타,채색,,학습 제외,
,,,,,,2777,polka dot fabric-covered screenprint,1,섬유,실크스크린,,,
,,,,,,2778,wool tapestry,1,태피스트리,,,,
,,,,,,2779,unique screenprint on Lenox Musuem Board,1,종이,실크스크린,,,
,,,,,,2780,silkscreen on Saunders Waterford HP White 425 gsm paper,1,종이,실크스크린,,,
,,,,,,2781,c-print mounted on plexiglass in artist’s frame,1,종이,"디지털 C-프린트, 디아섹",,,
,,,,,,2782,offset lithograph in wove paper,1,종이,오프셋 프린트,,,
,,,,,,2783,paper stack on board,1,종이,기타,분류 미매칭,학습 제외,
,,,,,,2784,"pigment print, mixed media",1,종이,"디지털 피그먼트 프린트, 혼합재료",,,
,,,,,,2785,Chinese ink and acrylic on Red Star Xuan paper,1,종이,"잉크, 아크릴릭",,,
,,,,,,2786,"acrylic spray, Chinese ink and Red Star Xuan paper on wood",1,종이,아크릴릭,,,
,,,,,,2787,"PLA, wire and acrylic on canvas",1,캔버스,아크릴릭,,학습 제외,
,,,,,,2788,dye inkjet on canvas,1,캔버스,디지털 프린트,,,
,,,,,,2789,giclée print on 330gsm Somerset paper,1,종이,지클레이 프린트,분류 미매칭,,
,,,,,,2790,aerosol on paper,1,종이,스프레이,분류 미매칭,,
,,,,,,2791,acrylic and poly-acryl urethan on MDF,1,기타,아크릴릭,,학습 제외,
,,,,,,2792,두산 베어스 어센틱 홈 유니폼,1,기타,기타,분류 미매칭,학습 제외,
,,,,,,2793,한화 이글스 24 어센틱 홈 유니폼(화이트)-패치v2,1,기타,기타,분류 미매칭,학습 제외,
,,,,,,2794,젠틀몬스터 쿠보 C1,1,기타,기타,분류 미매칭,학습 제외,
,,,,,,2795,Lamant stretch chef coat,1,기타,기타,분류 미매칭,학습 제외,
,,,,,,2796,"임지연 코트, 친필 사인지",1,기타,기타,분류 미매칭,학습 제외,
,,,,,,2797,KIA TIGERS 24 어센틱 홈 유니폼,1,기타,기타,분류 미매칭,학습 제외,
,,,,,,2798,헤드폰: Beats Solo3 Wireless,1,기타,기타,분류 미매칭,학습 제외,
,,,,,,2799,몬스터짐 At Once 리프팅 벨트,1,기타,기타,분류 미매칭,학습 제외,
,,,,,,2800,Wilson Blade 98S Spin Effect,1,기타,기타,분류 미매칭,학습 제외,
,,,,,,2801,준타스 리제라멘테 풋살화 코리아 SL TF 2019,1,기타,기타,분류 미매칭,학습 제외,
,,,,,,2802,꼬마스타 쿠로미 데롱데롱 움직이는 모자,1,기타,기타,분류 미매칭,학습 제외,
,,,,,,2803,oil on masonite,1,패널,유채,,,
,,,,,,2804,color and pen on paper,1,종이,"펜, 혼합재료",,,
,,,,,,2805,"acrylic, pen and silkscreen on paper",1,종이,"실크스크린, 아크릴릭, 펜",,,
,,,,,,2806,unique screenprint on Lenox Museum Board,1,보드,실크스크린,,,
,,,,,,2807,mixed media and toy soldiers,1,기타,혼합재료,,학습 제외,
,,,,,,2808,wooden charcoal and oil pastel on canvas,1,캔버스,"목탄, 오일 파스텔",,,
,,,,,,2809,"single-channel video, CompactFlash, multi card reader, 5 TV monitors, TV alignment signal generator, electronic tube tester, 8 cameras and various objects",1,기타,기타,분류 미매칭,학습 제외,
,,,,,,2810,watercolor and acrylic on canvas,1,캔버스,"아크릴릭, 수채",,,
,,,,,,2811,acrylic and gold leaf on cardboard,1,보드,"아크릴릭, 금박",,,
,,,,,,2812,acrylic and collage on Korean paper,1,한지,"아크릴릭, 콜라주",,,
,,,,,,2813,ink and color on canvas,1,캔버스,수묵,,,
,,,,,,2814,"wax, stone powder and acrylic on canvas",1,캔버스,"아크릴릭, 석채",,,
,,,,,,2815,"charcoal, acrylic and color pencil on canvas",1,캔버스,"아크릴릭, 목탄, 색연필",,,
,,,,,,2816,neosilkscreen,1,종이,실크스크린,,,
,,,,,,2817,"4 Color Hand Screen Print, handpainting",1,기타,기타,분류 미매칭,학습 제외,
,,,,,,2818,"acrylic, paper and spraypaint on canvas",1,캔버스,"아크릴릭, 스프레이",,,
,,,,,,2819,"fabric, plaster and pigment",1,섬유,섬유,,,
,,,,,,2820,stainless steel on canvas,1,캔버스,조각,,,
,,,,,,2821,mother-of-pearl on panel,1,목재,기타,분류 미매칭,,
,,,,,,2822,paint marker on canvas,1,캔버스,마커,,,
,,,,,,2823,HDR inkjet print with anti-reflective museum glass,1,종이,디지털 프린트,,,
,,,,,,2824,Lobster Self Portrait (Sky Blue),1,기타,기타,분류 미매칭,학습 제외,
,,,,,,2825,3D silkscreen on paper,1,종이,실크스크린,,,
,,,,,,2826,"acrylic, metallic acrylic, pearlescent and roll-a-tex on canvas",1,캔버스,"아크릴릭, 혼합재료",,,
,,,,,,2827,rolled steel with black patina,1,금속,기타,분류 미매칭,,
,,,,,,2828,acrylic and decollage on paper,1,종이,"아크릴, 아크릴릭, 데콜라주",,,
,,,,,,2829,"stainless steel bells, stainless steel chains and metal rings",1,금속,조각,,,
,,,,,,2830,archival pigment print and screenprint,1,종이,실크스크린,,,
,,,,,,2831,screenprint on museum board,1,보드,실크스크린,,,
,,,,,,2832,11-color hand-pulled screen print on Mohawk Superfine Ultrawhite 160,1,기타,기타,분류 미매칭,학습 제외,
,,,,,,2833,ink and color on paper mounted on canvas,1,캔버스,수묵,,,
,,,,,,2834,"1) color on paper, 2) color on paper with artist's frame",1,종이,채색,,,
,,,,,,2835,"pen, pencil, sticker and watercolor on paper",1,종이,수채,,,
,,,,,,2836,"LED, acrylic on canvas",1,캔버스,아크릴,,학습 제외,
,,,,,,2837,archival pigment print on hahnemuhle museum etching paper,1,종이,디지털 피그먼트 프린트,,,
,,,,,,2838,mixed media and oil on canvas,1,캔버스,"유채, 혼합재료",,,
,,,,,,2839,"four-color offset printing, cold foil stamp and glossy varnish on woven paper",1,종이,오프셋 프린트,,,
,,,,,,2840,"photo etching, photo-gravure and aquatint in five colors on Somerset Satin White 500 gsm fine art paper",1,종이,"에칭, 아쿼틴트",,,
,,,,,,2841,acrylic on digital print mounted on hardboard,1,보드,"디지털 프린트, 아크릴릭",,,
,,,,,,2842,acrylic and silicon on canvas,1,캔버스,아크릴,,학습 제외,
,,,,,,2843,17-color hand-pulled screen print on Mohawk Superfine Ultrawhite 160,1,기타,기타,분류 미매칭,학습 제외,
,,,,,,2844,graphite and pencil on cotton,1,캔버스,"흑연, 연필",,,
,,,,,,2845,silkscreen print with glazes,1,종이,실크스크린,,,
,,,,,,2846,"metal, glass",1,기타,기타,분류 미매칭,학습 제외,
,,,,,,2847,"teakwood, formica",1,목재,기타,분류 미매칭,,
,,,,,,2848,screenprint on seven-ply Canadian maple,1,종이,실크스크린,,,
,,,,,,2849,digital prints on skate decks,1,기타,디지털 프린트,,학습 제외,
,,,,,,2850,silkscreen on paper coffee filter,1,종이,실크스크린,,,
,,,,,,2851,Saint-Emilion,1,기타,기타,분류 미매칭,학습 제외,
,,,,,,2852,"c-print mounted on aluminum, diasec in artist’s frame",1,금속,"디지털 C-프린트, 디아섹",,,
,,,,,,2853,Côte de Nuits,1,기타,기타,분류 미매칭,학습 제외,
,,,,,,2854,scrapwood,1,목재,기타,분류 미매칭,,
,,,,,,2855,"enameled steel, aluminum",1,금속,조각,,,
,,,,,,2856,acrylic on newspaper,1,인쇄물,아크릴릭,,,
,,,,,,2857,archival pigment inks on Crane Museo Masx white 365 gsm paper,1,종이,수묵,,,
,,,,,,2858,acrylic on cotton mounted on wooden panel,1,캔버스,아크릴릭,,,
,,,,,,2859,"ink and acrylic on paper, mixed media",1,종이,"아크릴릭, 잉크, 혼합재료",,,
,,,,,,2860,"1) gouache and pen on paper, 2), 3), 4) pen on paper",1,종이,수채,,,
,,,,,,2861,"ink on paper, ink and pen on paper",1,종이,수묵,,,
,,,,,,2862,lambda c type print,1,종이,디지털 C-프린트,,,
,,,,,,2863,acrylic and gesso on canvas,1,캔버스,아크릴릭,,,
,,,,,,2864,paper collage,1,종이,혼합재료,,,
,,,,,,2865,16-color Hand-Pulled Screen Print,1,기타,기타,분류 미매칭,학습 제외,
,,,,,,2866,pencil and oil on canvas,1,캔버스,"유채, 연필",,,
,,,,,,2867,pigment ink on Canson 310 gr paper,1,종이,수묵,,,
,,,,,,2868,mixed media with Hanji paper,1,종이,혼합재료,,,
,,,,,,2869,"hand painted cutout aluminum, 2 layers",1,금속,조각,,,
,,,,,,2870,mixed media on denim,1,섬유,혼합재료,,,
,,,,,,2871,"wood, acrylic, LED",1,목재,아크릴,,학습 제외,
,,,,,,2872,"PVC, resin and PU",1,없음,조각,,,
,,,,,,2873,digital print on fresco giclee paper,1,종이,디지털 프린트,,,
,,,,,,2874,polychrome aluminum,1,금속,조각,,,
,,,,,,2875,mixed media on wooden sculpture,1,목재,혼합재료,,,
,,,,,,2876,stone color powder on Korean paper,1,종이,기타,분류 미매칭,,
,,,,,,2877,archival pigment ink on Crane Museo Max White 365gsm paper,1,종이,수묵,,,
,,,,,,2878,archival pigment ink on Innova Etching Cotton Rag 315gsm fine art paper,1,종이,수묵,,,
,,,,,,2879,"acrylic, oil and spray paint on canvas",1,캔버스,"아크릴릭, 유채, 스프레이",,,
,,,,,,2880,"color, iron and wood",1,목재,기타,분류 미매칭,,
,,,,,,2881,"photogravure, aquatint",1,종이,"포토그라비아, 아쿼틴트",,,
,,,,,,2882,acrylic and spray paint on canvas,1,캔버스,"아크릴릭, 스프레이",,,
,,,,,,2883,"mixed clay, glass",1,기타,혼합재료,,학습 제외,
,,,,,,2884,"glass, porcelain, silver",1,없음,도자,,,
,,,,,,2885,"porcelain, glass",1,없음,도자,,,
,,,,,,2886,pen and pastel on paper,1,종이,"펜, 파스텔",,,
,,,,,,2887,digital print with screen print,1,종이,"실크스크린, 디지털 프린트",,,
,,,,,,2888,gouache and pastel on paper,1,종이,수채,,,
,,,,,,2889,"c-print, diasec with artist's frame",1,종이,"디지털 C-프린트, 디아섹",,,
,,,,,,2890,acrylic and paper collage on paper,1,종이,"아크릴릭, 종이 콜라주",,,
,,,,,,2891,mixed media on fabric,1,섬유,혼합재료,,,
,,,,,,2892,woodcut on wove paper,1,종이,목판,,,
,,,,,,2893,"gold powder, ink and color on paper",1,종이,수묵,,,
,,,,,,2894,Polymer-gravure etchings with lithographic overlay in colors,1,종이,"에칭, 석판",,,
,,,,,,2895,acrylic and wood on canvas,1,캔버스,아크릴,,학습 제외,
,,,,,,2896,screenprint and woodcut in colors on heavy Hiromi handmade Kozo paper,1,종이,"실크스크린, 목판",,,
,,,,,,2897,1) colored pencil on paper 2) ink on paper,1,종이,수묵,,,
,,,,,,2898,Korean ink on canvas,1,캔버스,수묵,,,
,,,,,,2899,acrylic and print on canvas,1,캔버스,"디지털 프린트, 아크릴릭",,,
,,,,,,2900,"various security envelopes, graph paper, sandpaper, origami paper, laser prints, self-adhesive reflective vinyl film on alu-dibond in artist's frame",1,종이,조각,,,
,,,,,,2901,"painted steel, woven dyed Hwamunseok, thread, wood frame, brass bolt and leather scraps",1,목재,기타,분류 미매칭,,
,,,,,,2902,gouache and acrylic on mulberry paper mounted on canvas with wooden frame,1,종이,"아크릴릭, 과슈",,,
,,,,,,2903,"walnut wood, bronze and crystal",1,없음,조각,,,
,,,,,,2904,"acrylic, pastel, oil stick and oil on canvas",1,캔버스,"아크릴릭, 파스텔, 오일스틱, 유채",,,
,,,,,,2905,"acrylic, charcoal and conte on linen",1,캔버스,"아크릴, 목탄, 콘테",,,
,,,,,,2906,cement and acrylic on wood,1,목재,아크릴,,학습 제외,
,,,,,,2907,ink and collage on paper,1,종이,수묵,,,
,,,,,,2908,Chinese ink on Red Star Xuan paper mounted on wooden panel,1,종이,수묵,,,
,,,,,,2909,"embroidered on silk, mixed media",1,비단,혼합재료,,,
,,,,,,2910,oil and mixed media on Korean paper mounted on canvas,1,한지,"유채, 혼합재료",,,
,,,,,,2911,"pigment, acrylic on canvas",1,캔버스,"아크릴릭, 안료",,,
,,,,,,2912,"acrylic, poly-acryl urethane on masonite",1,기타,아크릴,,학습 제외,
,,,,,,2913,"acrylic, texture gel on paper mounted on canvas",1,종이,"아크릴릭, 혼합재료",,,
,,,,,,2914,photographic digital print(light-zet),1,종이,디지털 프린트,,,
,,,,,,2915,ebony,1,기타,기타,분류 미매칭,학습 제외,
,,,,,,2916,color on fine art archival giclee print on archival cold press cotton rag 300gsm,1,종이,지클레이 프린트,,,
,,,,,,2917,painted polystone,1,없음,조각,,,
,,,,,,2918,polyester fabric and stainless steel wire,1,금속,조각,,,
,,,,,,2919,"2 televisions, USB, 1 mini HD player, hammers, telephones, wooden cabinets",1,목재,기타,분류 미매칭,,
,,,,,,2920,painted stone on concrete base,1,기타,기타,분류 미매칭,학습 제외,
,,,,,,2921,watercolor monotype on paper,1,종이,수채,,,
,,,,,,2922,aquatint on Hahnemühle etching paper,1,종이,아쿼틴트,,,
,,,,,,2923,screenprint on corrugated cardboard,1,보드,실크스크린,,,
,,,,,,2924,oil on canvas with resin frame,1,캔버스,유채,,,
,,,,,,2925,"acrylic, enamel and black & white silicone on canvas",1,캔버스,"아크릴릭, 혼합재료",,,
,,,,,,2926,gouache and gel on modeling made canvas,1,캔버스,수채,,,
,,,,,,2927,"watercolor, acrylic and colored pencil on paper",1,종이,"아크릴릭, 수채, 색연필",,,
,,,,,,2928,pastel on canvas,1,캔버스,파스텔,,,
,,,,,,2929,acrylic on wooden panel with artist’s frame,1,패널,아크릴릭,,,
,,,,,,2930,"acrylic, gouache and glass beads texture gel on canvas",1,캔버스,"아크릴릭, 과슈, 혼합재료",,,
,,,,,,2931,glass and arcylic on canvas,1,캔버스,기타,분류 미매칭,,
,,,,,,2932,"gold and silver leaf, ink and color on silk",1,비단,수묵,,,
,,,,,,2933,photo transfer and collage,1,종이,혼합재료,,,
,,,,,,2934,collagraph and photo etching,1,종이,"콜라그래피, 에칭",,,
,,,,,,2935,oil and mixed media on canvas mounted on wooden panel,1,캔버스,"유채, 혼합재료",,,
,,,,,,2936,"woodcut, cutting",1,종이,목판,,,
,,,,,,2937,mixed media on lithograph,1,종이,석판,,,
,,,,,,2938,silkscreen on 320g 100% cotton Somerset satin natural white paper,1,종이,실크스크린,,,
,,,,,,2939,acrylic airbrush on archival pigment print,1,종이,"디지털 피그먼트 프린트, 아크릴릭",,,
,,,,,,2940,"laminated giclée print on aluminium composite, screen printed with glitter",1,금속,조각,,,
,,,,,,2941,"oil, conte and acrylic on cavnas",1,캔버스,"유채, 콘테, 아크릴릭",,,
,,,,,,2942,"glass, acrylic on canvas",1,캔버스,"아크릴릭, 유리",,,
,,,,,,2943,laser-cut museum board relief print in frame,1,목재,기타,분류 미매칭,,
,,,,,,2944,acrylic on TV-remote control,1,기타,아크릴,,학습 제외,
,,,,,,2945,Japanese woodcut print on paper,1,종이,목판,,,
,,,,,,2946,acrylic on glass with artist's fr…,1,기타,아크릴,,학습 제외,
,,,,,,2947,"charcoal, acrylic and UV-varni…",1,기타,아크릴,,학습 제외,
,,,,,,2948,oil on Korean paper mounted…,1,한지,유채,,,
,,,,,,2949,"oil, ink and graphite on canvas",1,캔버스,"유채, 잉크, 흑연",,,
,,,,,,2950,acrylic on fabric mounted on…,1,섬유,아크릴,,학습 제외,
,,,,,,2951,silkscreen and mixed media,1,종이,실크스크린,,,
,,,,,,2952,pigment ink on 100% cotton r…,1,섬유,수묵,,학습 제외,
,,,,,,2953,screenprint and embroidery o…,1,종이,실크스크린,,,
,,,,,,2954,Mixografia print on handmade..,1,기타,기타,분류 미매칭,학습 제외,
,,,,,,2955,"casting with handmade paper, …",1,종이,조각,,,
,,,,,,2956,mixed media with Korean paper,1,종이,혼합재료,,,
,,,,,,2957,color and paper collage on he..,1,종이,혼합재료,,,
,,,,,,2958,acrylic medium and black cha…,1,기타,아크릴,,학습 제외,
,,,,,,2959,oil and glitter on canvas,1,캔버스,"유채, 글리터",,,
,,,,,,2960,"pencil, chalk, acrylic and pape…",1,기타,아크릴,,학습 제외,
,,,,,,2961,fabric and acrylic on canvas,1,캔버스,아크릴,,학습 제외,
,,,,,,2962,white earthenware ceramic pl…,1,없음,도자,,,
,,,,,,2963,aquatint on Arches wove paper,1,종이,아쿼틴트,,,
,,,,,,2964,linocut on BFK Rives wove pa…,1,종이,리노컷,,,
,,,,,,2965,etching and aquatint with origi…,1,종이,"에칭, 아쿼틴트",,,
,,,,,,2966,Mixografia print on handmade,1,종이,믹소그라피,분류 미매칭,,
,,,,,,2967,screenprint on a paper shoppi…,1,종이,실크스크린,,,
,,,,,,2968,screenprint on Mohawk Super…,1,종이,실크스크린,,,
,,,,,,2969,lithograph in colors with collag…,1,종이,석판,,,
,,,,,,2970,aquatint with collage,1,종이,아쿼틴트,,,
,,,,,,2971,silkscreen and embossing on…,1,종이,실크스크린,,,
,,,,,,2972,The portfolio of 71 lithographs…,1,종이,판화,,학습 제외,
,,,,,,2973,etching and aquatint on 16 sh…,1,종이,"에칭, 아쿼틴트",,,
,,,,,,2974,lithograph with the original po…,1,종이,석판,,,
,,,,,,2975,lithograph with linen clamshe…,1,캔버스,판화,,학습 제외,
,,,,,,2976,etching and woodcut on TGL ..,1,종이,"에칭, 목판",,,
,,,,,,2977,hand painted cutout aluminu…,1,기타,기타,분류 미매칭,학습 제외,
,,,,,,2978,lambda inkjet print on glossy F…,1,종이,디지털 C-프린트,,,
,,,,,,2979,laser- cut museum board rellef...,1,목재,기타,분류 미매칭,,
,,,,,,2980,acrylic on paper mounted on…,1,종이,아크릴릭,,,
,,,,,,2981,oil on cavas,1,캔버스,유채 ,,,
,,,,,,2982,마트지에 파스텔,1,종이,파스텔,,,
,,,,,,2983,"종이에 사인펜·수채, 하드보드지에 크레용, 종이에 수채",1,종이,수채,,학습 제외,
,,,,,,2984,acrylic and ink on embossed…,1,기타,아크릴,,학습 제외,
,,,,,,2985,mixed media on canvas with a…,1,캔버스,혼합재료,,,
,,,,,,2986,"pigment printing, diasec",1,종이,"디지털 피그먼트 프린트, 디아섹",분류 미매칭,,
,,,,,,2987,oil and acrylic on wooden panel,1,패널,"유채, 아크릴릭",,,
,,,,,,2988,"aluminium, resin and urethane,,,",1,금속,조각,,,
,,,,,,2989,"colored Korean ink painting, collage and acrylic o…",1,기타,아크릴,,학습 제외,
,,,,,,2990,embossed and textured UV printing,1,종이,"UV 프린트, 엠보싱",분류 미매칭,,
,,,,,,2991,mixed media on acrylic panel,1,아크릴 패널,혼합재료,,,
,,,,,,2992,embossed and texture UV prin..,1,종이,"UV 프린트, 엠보싱",분류 미매칭,,
,,,,,,2993,color-stone powder on Korean..,1,기타,기타,분류 미매칭,학습 제외,
,,,,,,2994,oriental water color on thick m…,1,기타,채색,,학습 제외,
,,,,,,2995,paint on canvas,1,캔버스,기타,분류 미매칭,,
,,,,,,2996,Ukiyo-e style woodcut print,1,종이,목판,,,
,,,,,,2997,mother-of-pearl and carved o…,1,없음,조각,,,
,,,,,,2998,"silver, bronze",1,없음,조각,,,
,,,,,,2999,mixed media with Korean mul..,1,기타,혼합재료,,학습 제외,
,,,,,,3000,oil on cotton mounted wooden…,1,캔버스,유채,,,
,,,,,,3001,"Pigment printing, diasec",1,종이,"디지털 피그먼트 프린트, 디아섹",분류 미매칭,,
,,,,,,3002,"casting with handmade paper, hand-coloring with..",1,종이,조각,,,
,,,,,,3003,disec mounted Giclee print on aluminium comp…,1,금속,"지클레이 프린트, 디아섹",,,
,,,,,,3004,acrylic on wooden penel,1,패널,아크릴릭,,,
,,,,,,3005,acrylic on bronze,1,기타,아크릴,,학습 제외,
,,,,,,3006,acrylic and gouache on aquaboard,1,패널,"아크릴릭, 과슈",,,
,,,,,,3007,PU and mixed media,1,기타,혼합재료,,학습 제외,
,,,,,,3008,acrylic and collage on digital p…,1,종이,"디지털 프린트, 아크릴릭, 콜라주",,,
,,,,,,3009,ink and gouache on Korean pa…,1,기타,수채,,학습 제외,
,,,,,,3010,synthetic polymer and silkscreen,1,종이,실크스크린,,,
,,,,,,3011,Eis,1,기타,기타,분류 미매칭,학습 제외,
,,,,,,3012,"silver acrylic, arcylic and color pencil on canvas",1,캔버스,"아크릴릭, 색연필",,,
,,,,,,3013,mixed media on mulberry paper mounted on wooden p…,1,종이,혼합재료,,,
,,,,,,3014,acrylic on mulberry paper mounted on wooden p…,1,종이,아크릴릭,,,
,,,,,,3015,"oil, acrylic and spray print on canvas",1,캔버스,"유채, 아크릴릭, 스프레이",,,
,,,,,,3016,"acrylic, oil, gel matt, glass bead gel and modeling…",1,기타,유화,,학습 제외,
,,,,,,3017,mineral color and water color on Korean paper m…,1,종이,채색,,,
,,,,,,3018,mixed media on silk mounted on wooden panel,1,비단,혼합재료,,,
,,,,,,3019,screenprint with hand printing,1,종이,실크스크린,,,
,,,,,,3020,acrylic on paper mounted on super..,1,종이,아크릴릭,,,
,,,,,,3021,acrylic and marker on paper,1,종이,"아크릴릭, 마커",,,
,,,,,,3022,mixed media and charcoal on korean paper,1,한지,"목탄, 혼합재료",,,
,,,,,,3023,edgehandcoloring on giclee,1,종이,인쇄/복제,,학습 제외,
,,,,,,3024,mixed media with Korean paper mo…,1,종이,혼합재료,,,
,,,,,,3025,C-print mounted on plexiglass in arti…,1,종이,"디지털 C-프린트, 디아섹",,,
,,,,,,3026,silkscreen in colors on Rising 4-ply…,1,종이,실크스크린,,,
,,,,,,3027,print: 8-color inkjet print on cotton…,1,캔버스,디지털 프린트,,,
,,,,,,3028,casting with handmade paper…,1,종이,조각,,,
,,,,,,3029,silkscreen in 67 colors painted on C…,1,종이,실크스크린,,,
,,,,,,3030,disec- mounted giclee print on al…,1,종이,"지클레이 프린트, 디아섹",,,
,,,,,,3031,screenprint and lame,1,종이,실크스크린,,,
,,,,,,3032,etching and carborundum,1,종이,"에칭, 카보런덤",,,
,,,,,,3033,acrylic on canvas mounted on wood…,1,캔버스,아크릴릭,,,
,,,,,,3034,laser-cut Museum board reliefs with frame,1,목재,기타,분류 미매칭,,
,,,,,,3035,lacquer spray on canvas,1,캔버스,옻칠/래커,,,
,,,,,,3036,mineral color and gold powder on silk mounted…,1,비단,기타,분류 미매칭,,
,,,,,,3037,"silkscreen, acrylic and pencil on paper",1,종이,"실크 스크린, 아크릴릭, 연필",,,
,,,,,,3038,"archival pigment print, diasec",1,종이,"디지털 피그먼트 프린트, 디아섹",분류 미매칭,,
,,,,,,3039,graphite and oil on paper,1,종이,"흑연, 유채",,,
,,,,,,3040,laser cut steel and urethane paint on acrylic bo…,1,금속,아크릴,,학습 제외,
,,,,,,3041,"digital print, Coming Gorilla glass frame",1,종이,디지털 프린트,,,
,,,,,,3042,ottchil on metal,1,기타,기타,분류 미매칭,학습 제외,
,,,,,,3043,"hand assembled polymer fiberglass, stereo wit…",1,기타,섬유,,학습 제외,
,,,,,,3044,oil on copperplate,1,동판,유채,,,
,,,,,,3045,mixed media on paper laid on panel,1,종이,혼합재료,,,
,,,,,,3046,mixed media on paper mounted on wooden pa…,1,종이,혼합재료,,,
,,,,,,3047,acrylic pen and spray on printed canvas,1,캔버스,"디지털 프린트, 아크릴릭",,,
,,,,,,3048,oil and mixed media on canvas mounted on woo…,1,캔버스,"유채, 혼합재료",,,
,,,,,,3049,1)pen on paper 2-4) pen and watercolor on paper,1,종이,수채,,,
,,,,,,3050,hand printed on cutout steel,1,금속,기타,분류 미매칭,,
,,,,,,3051,"watercolor, pencil and acrylic on paper",1,종이,"아크릴릭, 수채, 연필",,,
,,,,,,3052,silkscreen ink on linen,1,캔버스,수묵,,,
,,,,,,3053,oil and acrylic on canvass,1,캔버스,"유채, 아크릴릭",,,
,,,,,,3054,oil and mixed media on korean paper mounted o…,1,한지,"유채, 혼합재료",,,
,,,,,,3055,acrylic on korean paper mounted on canvas,1,한지,아크릴릭,,,
,,,,,,3056,"mixed media cutout aluminum, 3 layers",1,금속,혼합재료,,,
,,,,,,3057,"Japenese woodcut, Uklyo-e style on paper",1,종이,목판,,,
,,,,,,3058,handwoven cotton and linen with artist's frame,1,캔버스,기타,분류 미매칭,,
,,,,,,3059,Korean ink and mixed media on fan,1,부채,"수묵, 혼합재료",,,
,,,,,,3060,ink and color on fan,1,부채,수묵,,,
,,,,,,3061,colored on Korean paper,1,종이,기타,분류 미매칭,,
,,,,,,3062,"formax, urethane",1,기타,기타,분류 미매칭,학습 제외,
,,,,,,3063,laser cut steel and urethane p…,1,금속,기타,분류 미매칭,,
,,,,,,3064,hanji paper casting,1,종이,조각,,,
,,,,,,3065,pigment print on fresco giclee…,1,종이,디지털 피그먼트 프린트,,,
,,,,,,3066,lithograph in 8 colors by idem…,1,종이,석판,,,
,,,,,,3067,embossed Korean paper,1,종이,기타,분류 미매칭,,
,,,,,,3068,"archival pigment print, silkscreen…",1,종이,실크스크린,,,
,,,,,,3069,archival pigment print on 305…,1,종이,디지털 피그먼트 프린트,분류 미매칭,,
,,,,,,3070,pen and watercolor on printed pa…,1,인쇄물,"수채, 펜",,,
,,,,,,3071,1.2)charcoal and pastel on paper 30…,1,종이,"목탄, 파스텔",,,
,,,,,,3072,color on printed paper,1,종이,채색,,,
,,,,,,3073,acrylic and Korean paper collage,1,한지,"아크릴릭, 콜라주",,,
,,,,,,3074,"digital print, Coming Gorilla glass …",1,종이,"디지털 프린트, 고릴라 글래스 프레임",,,
,,,,,,3075,oil on canvas laid on handboard,1,보드,유채,,,
,,,,,,3076,Mixografla print on handmad,1,종이,믹소그라피,분류 미매칭,,
,,,,,,3077,relief prin t with Korean hanji P….,1,한지,리노컷,분류 미매칭,,
,,,,,,3078,acrylic on Korean paper moun…,1,종이,아크릴릭,,,
,,,,,,3079,"ballpoint pen and pencil on ne,,,",1,기타,연필/드로잉,,학습 제외,
,,,,,,3080,oil and pencil on newspaper,1,인쇄물,"유채, 연필",,,
,,,,,,3081,wooden charcoal and oil past…,1,목재,유화,,학습 제외,
,,,,,,3082,mixed media with Korean pap…,1,한지,혼합재료,,,
,,,,,,3083,"acrylic medium and black cha,,,",1,기타,아크릴,,학습 제외,
,,,,,,3084,"gelatin tissue and thread draw,,,",1,기타,기타,분류 미매칭,학습 제외,
,,,,,,3085,"monotype in watercolor and c,,,",1,기타,수채,,학습 제외,
,,,,,,3086,watercolor on canvas with arti…,1,캔버스,수채,,,
,,,,,,3087,archival pigment ink on Innova…,1,종이,디지털 피그먼트 프린트,,,
,,,,,,3088,"combining a traditional soft gr,,,",1,기타,기타,분류 미매칭,학습 제외,
,,,,,,3089,gold powder on silk,1,비단,기타,분류 미매칭,,
,,,,,,3090,pastel and charcoal on paper,1,종이,"파스텔, 목탄",,,
,,,,,,3091,"1.2)pastel and conte on paper 3,4)conte on paper",1,종이,연필/드로잉,,학습 제외,
,,,,,,3092,1) oil on handboard 2)oil on canvas,1,캔버스,유화,,학습 제외,
,,,,,,3093,silkscreen and mixed media on paper,1,종이,실크스크린,,,
,,,,,,3094,oil on fan,1,부채,유화,,학습 제외,
,,,,,,3095,crayon and color pencil on paper,1,종이,"오일 파스텔, 색연필",,,
,,,,,,3096,multiple on hand made paper with resin,1,종이,조각,,,
,,,,,,3097,wall mounted acrylic reliefs,1,기타,아크릴,,학습 제외,
,,,,,,3098,object in dupont frame,1,기타,기타,분류 미매칭,학습 제외,
,,,,,,3099,laminated giclee print on aluminium composite p…,1,금속,지클레이 프린트,,,
,,,,,,3100,"colored pencil, oil pastel and pencil on paper",1,종이,"색연필, 오일 파스텔, 연필",,,
,,,,,,3101,combining a traditional soft ground etching with…,1,종이,판화,,학습 제외,
,,,,,,3102,screenprint with inkjet and collage on Canson co…,1,종이,실크스크린,,,
,,,,,,3103,hand painted Royal Delft ceramic sculpture,1,없음,도자,,,
,,,,,,3104,"silkscreen, lithograph and linocut in colors with h…",1,종이,"실크스크린, 석판, 리노컷",,,
,,,,,,3105,11-color inkjet print on cotton- fiber archival paper…,1,종이,디지털 프린트,,,
,,,,,,3106,mixed media in wood,1,목재,혼합재료,,,
,,,,,,3107,"water-soluble wax patel, ink and thread on canv…",1,캔버스,수묵,,,
,,,,,,3108,"monoprint in oil with collage, engraving and emb…",1,종이,"엠보싱, 인그레이빙, 오일, 콜라주",모노타이프,,
,,,,,,3109,"casting with handmade paper, hand coloring with…",1,종이,조각,,,
,,,,,,3110,"ballpoint pen, pencil, collage on newspaper",1,인쇄물,"펜, 연필, 꼴라주",,,
,,,,,,3111,colored ink on Japanese paper laid on canvas,1,캔버스,수묵,,,
,,,,,,3112,acrylic on paper laid on wooden panel,1,종이,아크릴릭,,,
,,,,,,3113,gouache and watercolor on paper mounted on w…,1,종이,수채,,,
,,,,,,3114,1)mineral color on silk 2) mineral color and gold …,1,비단,채색,,,
,,,,,,3115,watercolor and ink pen on paper,1,종이,수채,,,
,,,,,,3116,"etching, aquatint, gouache, pencil on paper",1,종이,수채,,,
,,,,,,3117,color and silver powder on paper mounted on wo…,1,종이,기타,분류 미매칭,,
,,,,,,3118,"color and gold, silver powder on paper mounted on wo…",1,종이,기타,분류 미매칭,,
,,,,,,3119,oriental paint on Korean paper mounted on wood…,1,종이,기타,분류 미매칭,,
,,,,,,3120,"pigments, gelatin, white powder amd pemcil on Ko…",1,기타,기타,분류 미매칭,학습 제외,
,,,,,,3121,acrlic on fabric mounted on wooden panel,1,목재,섬유,,,
,,,,,,3122,"color and gold, silver powder on paper mounted",1,종이,기타,분류 미매칭,,
,,,,,,3123,texture fine art on 320gsm paper,1,종이,기타,분류 미매칭,,
,,,,,,3124,screenprint on Mohawk Superfine Bristol wove p…,1,종이,실크스크린,,,
,,,,,,3125,13-colour silkscreen print with semi-gloss varnis…,1,종이,실크스크린,,,
,,,,,,3126,"digital print, Coming, Gorilla glass frame",1,종이,"디지털 프린트, 고릴라 글래스 프레임",,,
,,,,,,3127,chacoal and watercolor on paper,1,종이,수채,,,
,,,,,,3128,acrylic on wooden panel with artist's frame,1,패널,아크릴릭,,,
,,,,,,3129,"painted vinyl, mixed media",1,기타,혼합재료,,학습 제외,
,,,,,,3130,soft vinyl,1,없음,조각,,,
,,,,,,3131,"oil, acrylic and mixed media on canvas",1,캔버스,"유채, 아크릴릭, 혼합재료",,,
,,,,,,3132,acrylic on canvas with tabric,1,캔버스,아크릴릭,,,
,,,,,,3133,ink and colored pencil on paper,1,종이,수묵,,,
,,,,,,3134,colored pencil and oil pastel on paper,1,종이,"색연필, 오일 파스텔",,,
,,,,,,3135,"alumium wire, fiberglass and lifecasthg",1,없음,조각,,,
,,,,,,3136,ethching,1,종이,에칭,분류 미매칭,,
,,,,,,3137,mother of pearl and mixed on wood,1,목재,혼합재료,,,
,,,,,,3138,gicleeprint,1,종이,지클레이프린트,,,
,,,,,,3139,acrylic and embroidery on canvas,1,캔버스,"아크릴릭, 자수",,,
,,,,,,3140,24K gold,1,기타,기타,분류 미매칭,학습 제외,
,,,,,,3141,carved on jade,1,없음,조각,,,
,,,,,,3142,1)mixed media on paper2)mixed media on pa…,1,종이,혼합재료,,,
,,,,,,3143,lithograph in seventeen colors on Arched Cover p…,1,종이,석판,,,
,,,,,,3144,color woodblock printed on paper,1,종이,목판,,,
,,,,,,3145,woodcut print and color on Korean paper,1,종이,채색,,,
,,,,,,3146,various envelope security patterns and grid pape…,1,기타,기타,분류 미매칭,학습 제외,
,,,,,,3147,monotype in watercolor and crayon on Lanaquar…,1,기타,수채,,학습 제외,
,,,,,,3148,5 color screenprint on somerset tub sized sati…,1,종이,실크스크린,,,
,,,,,,3149,pencil and colored pencil on certificate of auth…,1,기타,연필/드로잉,,학습 제외,
,,,,,,3150,silkscreen with collage of 3 offset prints,1,종이,실크스크린,,,
,,,,,,3151,acrylic pen on canvas,1,캔버스,아크릴릭,,,
,,,,,,3152,"acrylic, oil pastel and solid paint marker on can…",1,캔버스,"아크릴릭, 오일 파스텔, 마커",,,
,,,,,,3153,oil and mixed media on cotton mounted wood…,1,캔버스,"유채, 혼합재료",,,
,,,,,,3154,oil and mixed media on cotton mounted wo…,1,캔버스,"유채, 혼합재료",,,
,,,,,,3155,"permanent pen, acrylic and silkscreen on papar",1,종이,"실크스크린, 아크릴릭, 펜",,,
,,,,,,3156,"permanent pen, acrylic and acrylic on paper",1,종이,"아크릴릭, 펜",,,
,,,,,,3157,"oil, resin and mixed media on canvas",1,캔버스,"유채, 혼합재료",,,
,,,,,,3158,acylic and paint on canvas,1,캔버스,기타,분류 미매칭,,
,,,,,,3159,screenprint on Mohawak Superfine Bristol wove p…,1,종이,실크스크린,,,
,,,,,,3160,"lithographic poster with a yellow silk screen overl,,,",1,비단,판화,,학습 제외,
,,,,,,3161,screenprint in colors on Saunders Waterford paper,1,종이,실크스크린,,,
,,,,,,3162,letterpress print on Zerkall 902 smooth white 22…,1,기타,기타,분류 미매칭,학습 제외,
,,,,,,3163,bottle no.08516,1,기타,기타,분류 미매칭,학습 제외,
,,,,,,3164,bottle no.00892,1,기타,기타,분류 미매칭,학습 제외,
,,,,,,3165,43.0% abv. 70cl,1,기타,기타,분류 미매칭,학습 제외,
,,,,,,3166,acrylic and serigraphy on canvas,1,캔버스,"실크스크린, 아크릴릭",,,
,,,,,,3167,"modeling paste, acrylic and spangle on canvas",1,캔버스,아크릴,,학습 제외,
,,,,,,3168,"1) Pessac-Léognan (Graves)
 2, 3, 4) Pauillac",1,기타,기타,분류 미매칭,학습 제외,
,,,,,,3169,48.0% abv. 70cl,1,기타,기타,분류 미매칭,학습 제외,
,,,,,,3170,51.1% abv. 70cl,1,기타,기타,분류 미매칭,학습 제외,
,,,,,,3171,watercolor and crayon on paper,1,종이,수채,,,
,,,,,,3172,mixed media and collage on paperboard,1,보드,혼합재료,,,
,,,,,,3173,"acrylic, watercolor and pen on paper",1,종이,"아크릴릭, 수채, 펜",,,
,,,,,,3174,"sublimation printing, Off-white industrial belt on canvas mounted on aluminium frame",1,캔버스,조각,,,
,,,,,,3175,oil on coated fabric,1,캔버스,유채,,,
,,,,,,3176,"1) 46.7% abv. 70cl
 2) 43.0% abv. 75cl",1,기타,기타,분류 미매칭,학습 제외,
,,,,,,3177,"1) 43.0% abv. 70cl
 2) 53.9% abv. 70cl
 3) 43.0% abv. 70cl",1,기타,기타,분류 미매칭,학습 제외,
,,,,,,3178,"acrylic, oil and wallpaper collage on canvas",1,캔버스,"아크릴릭, 유채, 콜라주",,,
,,,,,,3179,"Indian ink, soldering iron, coating on Korean paper",1,종이,수묵,,,
,,,,,,3180,enamel and mixed media on canvas,1,캔버스,혼합재료,,,
,,,,,,3181,"crayon conte, pastel and mixed media on paper mounted on wooden panel",1,종이,"콘테, 파스텔, 혼합재료",,,
,,,,,,3182,"acrylic, paper, gelstone, gouache and oil pastel on canvas",1,캔버스,"아크릴릭, 과슈, 오일 파스텔, 혼합재료",,,
,,,,,,3183,acrylic and oil stick on paper,1,종이,"아크릴릭, 오일스틱",,,
,,,,,,3184,color and gold powder on Korean paper,1,종이,기타,분류 미매칭,,
,,,,,,3185,Chinese ink on Red Star Xuan paper collage mounted on wooden panel,1,종이,수묵,,,
,,,,,,3186,oil and collage on fabric mounted on wooden panel,1,섬유,"유채, 콜라주",,,
,,,,,,3187,ink and acrylic on Korean paper mounted on hemp cloth,1,한지,"수묵, 아크릴릭",,,
,,,,,,3188,paper collage on canvas,1,캔버스,혼합재료,,,
,,,,,,3189,oil and gold leaf on hemp cloth,1,캔버스,"유채, 금박",,,
,,,,,,3190,"arcrylic, oil and spray paint on canvas",1,캔버스,"아크릴릭, 유채, 스프레이",,,
,,,,,,3191,archival pigment ink on Crane Museo Max White 365 gsm paper,1,종이,수묵,,,
,,,,,,3192,sculpture : metallic chrome,1,기타,기타,분류 미매칭,학습 제외,
,,,,,,3193,"acrylic, oil pastel and pencil on paper",1,종이,"아크릴릭, 오일 파스텔, 연필",,,
,,,,,,3194,"acrylic, colored pencil and oil pastel on paper",1,종이,"아크릴릭, 색연필, 오일 파스텔",,,
,,,,,,3195,"acrylic, oil pen and BRITTO®️ diamond dust on canvas",1,캔버스,"아크릴릭, 오일스틱",,,
,,,,,,3196,color and paper collage on Korean paper mounted on wood,1,종이,혼합재료,,,
,,,,,,3197,"used tire, steel, wood, styrofoam",1,목재,기타,분류 미매칭,학습 제외,
,,,,,,3198,"acrylic, charcoal on wood",1,패널,"아크릴릭, 목탄",,,
,,,,,,3199,Archival Inkjet with Screenprinted Varnish on Somerset 310gsm Paper,1,종이,실크스크린,,,
,,,,,,3200,"acrylic on bronze, marble",1,기타,아크릴,,학습 제외,
,,,,,,3201,"Acrylic, crystal on canvas",1,캔버스,"아크릴릭, 크리스탈",,,
,,,,,,3202,"Pencil, oil on printed canvas",1,캔버스,"유채, 연필",,,
,,,,,,3203,"pen, oil on paper",1,종이,"유채, 펜",,,
,,,,,,3204,"Acrylic, oil, wallpaper on wood",1,종이,"아크릴릭, 유채",,,
,,,,,,3205,"indian ink, korea color on korean paper over pannel",1,종이,수묵,,,
,,,,,,3206,"UVprint on P,U,R Acrylic resin. LED",1,기타,아크릴,,학습 제외,
,,,,,,3207,"acrylic on bronze, stainless steel",1,금속,아크릴,,학습 제외,
,,,,,,3208,"Bronze, Stainless, Luminous Pigment",1,없음,조각,,,
,,,,,,3209,Archival pigment inks on on Crane Museo Max,1,종이,디지털 피그먼트 프린트,,,
,,,,,,3210,Silkscreen in 20 colours,1,종이,실크스크린,,,
,,,,,,3211,Lithograph on Somerset Soft White Velvet 300gsm,1,종이,석판,,,
,,,,,,3212,Lithography in colors on paper,1,종이,석판,,,
,,,,,,3213,mixografia(relief print),1,종이,믹소그라피,분류 미매칭,,
,,,,,,3214,Acrylic on paper & Collage,1,종이,"아크릴릭, 콜라주",,,
,,,,,,3215,plastic figure,1,기타,기타,분류 미매칭,학습 제외,
,,,,,,3216,walnut and 3D printed resin,1,없음,조각,,,
,,,,,,3217,"resin, walnut",1,없음,조각,,,
,,,,,,3218,walnut,1,기타,기타,분류 미매칭,학습 제외,
,,,,,,3219,lithograph on Somerset Tub Sized Satin Radiant White 410g Paper,1,종이,석판,,,
,,,,,,3220,gold and silver powder on paper,1,종이,기타,분류 미매칭,,
,,,,,,3221,archival pigment print on Innova Etching Cotton Rag 315 gsm fine art paper,1,종이,디지털 피그먼트 프린트,,,
,,,,,,3222,plaster and gouache on wood panel,1,목재,수채,,,
,,,,,,3223,soot on Korean paper,1,종이,기타,분류 미매칭,,
,,,,,,3224,stainless steel and wood,1,없음,조각,,,
,,,,,,3225,spit bite and drypoint,1,종이,"에칭, 드라이포인트",,,
,,,,,,3226,lithograph on Zerkall Alt Meissen 250g Paper,1,종이,석판,,,
,,,,,,3227,"etching, aquatint and black ink on Japanese surface gampi paper",1,종이,수묵,,,
,,,,,,3228,"acrylic, ink and paint on canvas",1,캔버스,"아크릴릭, 잉크",,,
,,,,,,3229,oil and tinplate on canvas,1,캔버스,유화,,학습 제외,
,,,,,,3230,thread drawing embedded on STPI handmade cotton paper,1,종이,자수,,,
,,,,,,3231,acrylic and stitch drawing on canvas,1,캔버스,"아크릴릭, 자수",,,
,,,,,,3232,"acrylic, color pencil and pastel on paper",1,종이,"아크릴릭, 색연필, 파스텔",,,
,,,,,,3233,acrylic on ceramic,1,기타,아크릴,,학습 제외,
,,,,,,3234,"oil, acrylic, glitter, enamel and rhinestones on birch wood",1,패널,"유채, 아크릴릭, 글리터, 에나멜, 기타",,,
,,,,,,3235,"soil, ink and silver powder on cotton",1,캔버스,혼합재료,,,
,,,,,,3236,"woodcut, screenprint and collage on museum board",1,보드,"목판, 실크스크린",,,
,,,,,,3237,six acrylic panels mounted on white acrylic,1,목재,아크릴,,학습 제외,
,,,,,,3238,archival pigment inks,1,종이,디지털 피그먼트 프린트,,,
,,,,,,3239,Korean paper collage and acrylic on canvas,1,캔버스,"한지 콜라주, 아크릴릭",,,
,,,,,,3240,acrylic and collage on digital printed canvas,1,캔버스,"디지털 프린트, 아크릴릭, 콜라주",,,
,,,,,,3241,"metallic material, machinery, acrylic, electronic device(CPU board, motor)",1,목재,아크릴,,학습 제외,
,,,,,,3242,acrylic and photo on canvas,1,캔버스,아크릴,,학습 제외,
,,,,,,3243,acrylic on glass with artist’s frame,1,유리,아크릴릭,,,
,,,,,,3244,"aluminium, nylon and lights",1,금속,조각,,,
,,,,,,3245,combining a traditional soft ground etching using a copper plate printed on 300g off-white Arches Velin paper with unique hand-finished elements in pencil and watercolor,1,종이,수채,,,
,,,,,,3246,acrylic and mixed media on Korean paper,1,한지,"아크릴릭, 혼합재료",,,
,,,,,,3247,oil and mixed media on wooden panel,1,패널,"유채, 혼합재료",,,
,,,,,,3248,acrylic and digital print mounted on hardboard,1,보드,"디지털 프린트, 아크릴릭",,,
,,,,,,3249,color and oil pastel on Korean paper mounted on wooden panel,1,한지,"채색, 오일 파스텔",,,
,,,,,,3250,25 colour hand-pulled screenprint,1,종이,실크스크린,,,
,,,,,,3251,18-color silkscreen on Saunders Waterford High White HP 425 gsm fine art paper,1,종이,실크스크린,,,
,,,,,,3252,"water, acrylic and matt varnish on canvas",1,캔버스,"수채, 아크릴릭",,,
,,,,,,3253,mother of pearl and mixed media on wooden board,1,목재,혼합재료,,,
,,,,,,3254,"rafael Bordalo Pinheiro acrylic painted faience, bobbin lace",1,기타,아크릴,,학습 제외,
,,,,,,3255,"acrylic, oil pastel and marker on canvas",1,캔버스,"아크릴릭, 오일 파스텔, 마커",,,
,,,,,,3256,acrylic on hardboard and canvas,1,"캔버스, 종이",아크릴릭,,,
,,,,,,3257,mixed media on cardboard,1,목재,혼합재료,,,
,,,,,,3258,"ink, color and paper collage on paper",1,종이,수묵,,,
,,,,,,3259,mixed media on wooden panel with artist's frame,1,목재,혼합재료,,,
,,,,,,3260,"oil, enamel, spray paint and acrylic on canvas",1,캔버스,"유채, 에나멜, 스프레이, 아크릴릭",,,
,,,,,,3261,mixed media on paper mounted on masonite,1,종이,혼합재료,,,
,,,,,,3262,mixed media and lithograph on canvas,1,캔버스,혼합재료,,,
,,,,,,3263,silicon and acrylic on canvas,1,캔버스,아크릴,,학습 제외,
,,,,,,3264,hardcover with chromed metal stand,1,기타,기타,분류 미매칭,학습 제외,
,,,,,,3265,"2-color etching on Saunders Waterford, HP, High White, 425 gsm, fine art paper",1,종이,에칭,,,
,,,,,,3266,7 colour lithograph on Somerset Velvet Radiant White 330gsm,1,종이,석판,,,
,,,,,,3267,print on 300g Zerkali Butten paper,1,종이,기타,분류 미매칭,,
,,,,,,3268,6 color screenprint on 410gsm Somerset Satin paper,1,종이,실크스크린,,,
,,,,,,3269,copper wire,1,기타,기타,분류 미매칭,학습 제외,
,,,,,,3270,"acrylic, pastel, artificial fur and charcoal on canvas",1,캔버스,"아크릴릭, 파스텔, 혼합재료",,,
,,,,,,3271,pencil and oil stick on paper,1,종이,"연필, 오일스틱",,,
,,,,,,3272,"Korean paper, silk and color on ramie fabric",1,종이,채색,,,
,,,,,,3273,color on Korean paper mounted on canvas,1,캔버스,채색,,,
,,,,,,3274,silkscreen and lithograph,1,종이,"실크스크린, 석판",,,
,,,,,,3275,marker on book,1,기타,연필/드로잉,,학습 제외,
,,,,,,3276,pastel and pencil on canvas,1,캔버스,"파스텔, 연필",,,
,,,,,,3277,acrylic and color on Korean paper,1,한지,"아크릴릭, 채색",,,
,,,,,,3278,ceramic and ink on paper,1,종이,수묵,,,
,,,,,,3279,acrylic on acrylic panel,1,아크릴 패널,아크릴릭,,,
,,,,,,3280,"pencil, color pencil, watercolor and spray on paper",1,종이,수채,,,
,,,,,,3281,"pencil, color pencil and watercolor spray on paper",1,종이,수채,,,
,,,,,,3282,felt tip pen and oil pastel on paper,1,종이,"마커, 오일 파스텔",,,
,,,,,,3283,"oil, acrylic, collage and enamel on canvas with artist’s frame",1,캔버스,"유채, 아크릴릭, 콜라주, 에나멜",,,
,,,,,,3284,acrylic on canvas mounted on wood panel,1,캔버스,아크릴릭,,,
,,,,,,3285,"watercolor, graphite and colored pencil on paper",1,종이,수채,,,
,,,,,,3286,cutout from shaped powder coated aluminum,1,금속,조각,,,
,,,,,,3287,inkjet on canvas,1,캔버스,디지털 프린트,,,
,,,,,,3288,silkscreen on Saunders Waterford High White HP 425 gsm fine art paper,1,종이,실크스크린,,,
,,,,,,3289,acrylic and pastel on paper,1,종이,"아크릴릭, 파스텔",,,
,,,,,,3290,pen and colored pen on paper,1,종이,"펜, 색연필",,,
,,,,,,3291,"screenprint, woodcut",1,종이,"실크스크린, 목판",,,
,,,,,,3292,hand colored lithograph,1,종이,석판,,,
,,,,,,3293,chromogenic print with artist's frame,1,종이,프로모제닉 프린트,분류 미매칭,,
,,,,,,3294,acrylic airbrush on canvas,1,캔버스,아크릴릭,,,
,,,,,,3295,watercolor on canvas with artist's frame,1,캔버스,수채,,,
,,,,,,3296,marker and color on paper,1,종이,채색,,,
,,,,,,3297,frottage and ink on paper,1,종이,수묵,,,
,,,,,,3298,tak fiber on cotton,1,섬유,섬유,,학습 제외,
,,,,,,3299,oil and acrylic on the canvas,1,캔버스,"유채, 아크릴릭",,,
,,,,,,3300,paper relief,1,종이,기타,분류 미매칭,,
,,,,,,3301,archival giclée print on paper,1,종이,기타,분류 미매칭,,
,,,,,,3302,archival pigment inks on paper,1,종이,수묵,,,
,,,,,,3303,enamel paint on canvas,1,캔버스,기타,분류 미매칭,,
,,,,,,3304,collage and oil on canvas,1,캔버스,"유채, 콜라주",,,
,,,,,,3305,"denim collage, mixed media",1,기타,혼합재료,,,
,,,,,,3306,"hemp cloth, silk",1,비단,기타,분류 미매칭,,
,,,,,,3307,iron powder on wooden panel,1,목재,기타,분류 미매칭,,
,,,,,,3308,silkscreen on digital print(사후판화),1,종이,실크스크린,,,
,,,,,,3309,screenprint (After),1,종이,실크스크린,,,
,,,,,,3310,archival pigment prints in colors on wooden skate deck,1,목재,기타,분류 미매칭,,
,,,,,,3311,colored on Korean paper mounted on wooden panel,1,종이,기타,분류 미매칭,,
,,,,,,3312,drypoint etching on Hahnemühle paper,1,종이,에칭,,,
,,,,,,3313,offset lithograph on soccer ball,1,종이,오프셋 프린트,,학습 제외,
,,,,,,3314,"oil, pencil and gouache on paper",1,종이,"유채, 연필, 과슈",,,
,,,,,,3315,pen and pencil on paper,1,종이,"펜, 연필",,,
,,,,,,3316,ink and color on Korean paper collage mounted on hemp cloth,1,종이,수묵,,,
,,,,,,3317,acrylic on wooden stool,1,패널,아크릴릭,,,
,,,,,,3318,monotype with oil based ink,1,기타,유화,,학습 제외,
,,,,,,3319,"applied 24k gold leaf, colored on korean paper mounted on wooden panel",1,종이,기타,분류 미매칭,,
,,,,,,3320,7 color screenprint on paper,1,종이,실크스크린,,,
,,,,,,3321,acrylic and solid paint marker on canvas,1,캔버스,"아크릴릭, 마커",,,
,,,,,,3322,iron powder on panel,1,목재,기타,분류 미매칭,,
,,,,,,3323,pen and color pencil on paper,1,종이,"펜, 색연필",,,
,,,,,,3324,9 color lithograph,1,종이,석판,,,
,,,,,,3325,7 color lithograph,1,종이,석판,,,
,,,,,,3326,ektachrome print,1,종이,사이바크롬,분류 미매칭,,
,,,,,,3327,"digital collage, edition pigment print on canvas",1,캔버스,디지털 피그먼트 프린트,,,
,,,,,,3328,"digital print, pencil and oil on canvas",1,캔버스,"디지털 프린트, 연필, 유채",,,
,,,,,,3329,"acrylic, acrylic marker, solid paint marker, wax pastel and ball pen on canvas",1,캔버스,"아크릴릭, 혼합재료",,,
,,,,,,3330,"acrylic, acrylic marker, solid paint marker, wax pastel on canvas",1,캔버스,"아크릴릭, 혼합재료",,,
,,,,,,3331,acrylic and silkscreen on hemp cloth,1,캔버스,"실크스크린, 아크릴릭",,,
,,,,,,3332,acrylic and collage on digital print,1,종이,"디지털 프린트, 아크릴릭, 콜라주",,,
,,,,,,3333,oil and acrylic on wooden tray,1,패널,"유채, 아크릴릭",,,
,,,,,,3334,spraying pigment on canvas,1,캔버스,기타,분류 미매칭,,
,,,,,,3335,i) oil on canvas ii) oil on wooden panel,1,캔버스,유화,,학습 제외,
,,,,,,3336,watercolor on Korean paper laid on folding screens,1,종이,수채,,,
,,,,,,3337,"acrylic, acrylic marker, wax pastel and on canvas",1,캔버스,"아크릴릭, 오일 파스텔",,,
,,,,,,3338,cable wire,1,기타,기타,분류 미매칭,학습 제외,
,,,,,,3339,"C-print, mixed media",1,종이,"디지털 C-프린트, 혼합재료",,,
,,,,,,3340,embossed print on vellum,1,종이,엠보싱,분류 미매칭,,
,,,,,,3341,"charchoal, colored pencil and watercolor on paper",1,종이,수채,,,
,,,,,,3342,acrylic and collage on synthetic mesh,1,섬유,"아크릴릭, 콜라주",,,
,,,,,,3343,acrylic on aluminum panel,1,알루미늄 패널,아크릴릭,,,
,,,,,,3344,silkscreen with glazes and diamond dust on paper,1,종이,실크스크린,,,
,,,,,,3345,oil on velvet,1,섬유,유채,,,
,,,,,,3346,"graphite, marker and oil pastel on paper",1,종이,"흑연, 마커, 오일 파스텔",,,
,,,,,,3347,"acrylic, collage and digital print on canvas with frame",1,캔버스,"디지털 프린트, 아크릴릭, 콜라주",,,
,,,,,,3348,"watercolor, oil pastel and thread on canvas",1,캔버스,"수채, 오일 파스텔, 실",,,
,,,,,,3349,pen and acrylic on paper,1,종이,"아크릴릭, 펜",,,
,,,,,,3350,IKB pigment and synthetic resin on plaster,1,없음,조각,,,
,,,,,,3351,"figure, acrylic box",1,기타,아크릴,,학습 제외,
,,,,,,3352,"resin, acrylic and bronze",1,기타,아크릴,,학습 제외,
,,,,,,3353,"aluminium wire, fiberglass",1,금속,조각,,,
,,,,,,3354,9 color screenprint on paper,1,종이,실크스크린,,,
,,,,,,3355,ball point pen on paper,1,종이,펜,,,
,,,,,,3356,Korean paper on hemp cloth,1,종이,기타,분류 미매칭,,
,,,,,,3357,Digital print in colors on wood,1,목재,디지털 프린트,,,
,,,,,,3358,archival pigment ink print with silkscreened high gloss varnish and diamond dust on Innova Etching Cotton Rag 315 gsm fine art paper,1,종이,수묵,,,
,,,,,,3359,"oil, chunpo and color charcoal on linen",1,"캔버스, 비단","유채, 목탄",,,
,,,,,,3360,"oil, oil pastel and color charcoal on linen",1,캔버스,"유채, 오일 파스텔, 목탄",,,
,,,,,,3361,"oil, chunpo and wool yarn on linen",1,"캔버스, 비단","유채, 목탄, 기타",,,
,,,,,,3362,"oil, color conte and chunpo on linen",1,"캔버스, 비단","유채, 콘테",,,
,,,,,,3363,statue,1,기타,기타,분류 미매칭,학습 제외,
,,,,,,3364,acrylic and paraffin on paper,1,종이,"아크릴릭, 파라핀",,,
,,,,,,3365,pencil and acrylic on canvas,1,캔버스,"아크릴릭, 연필",,,
,,,,,,3366,enamel and charcoal on canvas,1,캔버스,"목탄, 에나멜",,,
,,,,,,3367,archival pigment print on Hahnemuhle museum etching paper,1,종이,디지털 피그먼트 프린트,,,
,,,,,,3368,acrylic and mixed media on hardboard,1,보드,"아크릴릭, 혼합재료",,,
,,,,,,3369,incised on Baltic brown granite,1,없음,조각,,,
,,,,,,3370,"acrylic, iron powder and binder on cotton",1,캔버스,"아크릴릭, 철가루",,,
,,,,,,3371,oil on paper map,1,종이,유채,,,
,,,,,,3372,india ink and oil on hemp cloth,1,캔버스,"유채, 잉크",,,
,,,,,,3373,household gloss and butterflies on canvas,1,캔버스,기타,분류 미매칭,,
,,,,,,3374,acrylic and cotton on burnt linen,1,캔버스,아크릴,캔버스에 그을림?,,
,,,,,,3375,thread drawing embedded in STPI cotton paper,1,종이,자수,,,
,,,,,,3376,"various envelope security patterns, graph paper and origami paper with frame",1,종이,기타,분류 미매칭,,
,,,,,,3377,mixed media on the canvas,1,캔버스,혼합재료,,,
,,,,,,3378,"giclée print, silkscreen",1,종이,실크스크린,,,
,,,,,,3379,Hand-painted with hand-cut stencils and color pens on canvas,1,캔버스,"스텐실, 펜",분류 미매칭,,
,,,,,,3380,3-color silkscreen with neon and metallic ink on Coventry Rag,1,기타,수묵,,학습 제외,
,,,,,,3381,color and collage on Korean paper mounted on canvas,1,캔버스,혼합재료,,,
,,,,,,3382,"ink, pen, color pencil and color on paper",1,종이,수묵,,,
,,,,,,3383,"etching, spray, collage and color on paper",1,종이,채색,,,
,,,,,,3384,giclée print with diamond dust,1,종이,"지클레이 프린트, 유리가루",분류 미매칭,,
,,,,,,3385,silk and modal blend scarf,1,비단,기타,분류 미매칭,,
,,,,,,3386,laser-cut industrial vinyl banners,1,없음,조각,,,
,,,,,,3387,"wool rug with handmade textile scrapbook, detachable hand sewn superhero mask, cotton tote bag and anti-slip underlay",1,섬유,기타,분류 미매칭,학습 제외,
,,,,,,3388,"hand finished polystone with white gloss finish, CNC acrylic, and resin with white satin finish",1,기타,아크릴,,학습 제외,
,,,,,,3389,graphite and collage on paper,1,종이,"흑연, 콜라주",,,
,,,,,,3390,mixed media with Korean hanji paper on canvas,1,캔버스,혼합재료,,,
,,,,,,3391,acrylic and mixed media on paper mounted on canvas,1,종이,"아크릴릭, 혼합재료",,,
,,,,,,3392,"C-print, face mount",1,종이,"디지털 C-프린트, 디아섹",,,
,,,,,,3393,lithographic poster with a yellow silk screen overlay on 170gsm paper,1,종이,석판,,,
,,,,,,3394,"screenprint, lithograph and collage",1,종이,"실크스크린, 석판",,,
,,,,,,3395,oil and acrylic on Korean paper,1,한지,"유채, 아크릴릭",,,
,,,,,,3396,"maple, nobang, acrylic",1,기타,아크릴,,학습 제외,
,,,,,,3397,acrylic (astel),1,기타,아크릴,,학습 제외,
,,,,,,3398,"walnut, hanji, acrylic",1,기타,아크릴,,학습 제외,
,,,,,,3399,acrylic on canvas with charcoal,1,캔버스,"아크릴릭, 목탄",,,
,,,,,,3400,"resin, silver, accompanied with an acrylic package",1,기타,아크릴,,학습 제외,
,,,,,,3401,pigment print on acrylic layers,1,종이,"디지털 피그먼트 프린트, 디아섹",다층 아크릴 레이어,,
,,,,,,3402,"FRP, urethane stamp on canvas, speaker",1,캔버스,기타,분류 미매칭,,
,,,,,,3403,"acrylic, acrylic marker, solid paint marker, wax pastel and ball pen on canvas, speaker",1,캔버스,아크릴,,학습 제외,
,,,,,,3404,"acrylic and mixed media on canvas, speaker",1,캔버스,아크릴,,학습 제외,
,,,,,,3405,"oil and acrylic on canvas, speaker",1,캔버스,유화,,학습 제외,
,,,,,,3406,"gilt, acrylic on canvas, speaker",1,캔버스,아크릴,,학습 제외,
,,,,,,3407,"acrylic on canvas with charcoal, speaker",1,캔버스,아크릴,,학습 제외,
,,,,,,3408,"acrylic painting and mixed silk screens on canvas, speaker",1,캔버스,아크릴,,학습 제외,
,,,,,,3409,"acrylic painting, mixed silk screens on canvas speaker",1,캔버스,아크릴,,학습 제외,
,,,,,,3410,"carved on wood, carved and colored on wood",1,없음,조각,,,
,,,,,,3411,"crayon, marker, colored pencil, pencil and collage on paper",1,종이,"오일 파스텔, 마커, 색연필, 연필, 콜라주",,,
,,,,,,3412,oriental ink on Korean paper,1,종이,수묵,,,
,,,,,,3413,"oil stick, watercolor and thread on paper",1,종이,"오일스틱, 수채, 실",,,
,,,,,,3414,oil on stainless steel,1,스테인리스,유채,,,
,,,,,,3415,pencil and mixed media on paper,1,종이,"연필, 혼합재료",,,
,,,,,,3416,"acrylic, mixed media and digital print on paper",1,종이,"디지털 프린트, 아크릴릭, 혼합재료",,,
,,,,,,3417,household gloss on canvas,1,캔버스,기타,분류 미매칭,,
,,,,,,3418,rc-print,1,기타,사진/디지털,,학습 제외,
,,,,,,3419,offset lithograph with cold stamp and spot UV varnishing,1,종이,판화,,학습 제외,
,,,,,,3420,"acrylic, charcoal and artificial fur on canvas",1,캔버스,"아크릴릭, 목탄, 기타",,,
,,,,,,3421,"card, acrylic, resin, wood, pet",1,목재,아크릴,,학습 제외,
,,,,,,3422,Corning® Gorilla® glass frame,1,기타,기타,분류 미매칭,학습 제외,
,,,,,,3423,oil and gold leaf on canvas,1,캔버스,"유채, 금박",,,
,,,,,,3424,"bronze with green and gold patina, stone base",1,없음,조각,,,
,,,,,,3425,acrylic on Japanese Washi paper mounted on wooden panel,1,종이,아크릴릭,,,
,,,,,,3426,glazed porcelain,1,없음,도자,,,
,,,,,,3427,"3 LCD monitors, cello parts, acrylic cases, 2 USBs, 2 mini HD players",1,기타,아크릴,,학습 제외,
,,,,,,3428,woodcuts,1,종이,목판,,,
,,,,,,3429,"walnut, walnut with hickory spindles",1,기타,기타,분류 미매칭,학습 제외,
,,,,,,3430,color and pencil on Korean paper,1,한지,"연필, 채색",,,
,,,,,,3431,color and conte on Korean paper,1,한지,"한지, 채색",,,
,,,,,,3432,"vinyl, transparent crystal eyes",1,없음,조각,,,
,,,,,,3433,color on Korean paper relief on canvas,1,캔버스,채색,,,
,,,,,,3434,screenprint on handmade paper,1,종이,실크스크린,,,
,,,,,,3435,"sculptural glass-like details and enhancements, crystalline finishes and holographic linework with intricately detailed and dimensional chop",1,기타,기타,분류 미매칭,학습 제외,
,,,,,,3436,"7-colors lithograph printed with Marinoni lithographic press, hand cut",1,종이,석판,,,
,,,,,,3437,Inkjet print,1,종이,디지털 프린트,,,
,,,,,,3438,"lithograph printed in colors with collage of broadcloth, polyethylene, twine and pencil",1,기타,연필/드로잉,,학습 제외,
,,,,,,3439,offset lithograph on wove paper,1,종이,오프셋 프린트,,,
,,,,,,3440,oil on steel,1,철판,유채,,,
,,,,,,3441,gilt bronze,1,없음,조각,,,
,,,,,,3442,"string, pencil and watercolor on paper",1,종이,수채,,,
,,,,,,3443,thread and oil pastel on paper,1,종이,"실, 오일 파스텔",,,
,,,,,,3444,"resin, steel, string and acrylic on canvas",1,캔버스,아크릴,,학습 제외,
,,,,,,3445,six lenticular acrylic panels mounted onto white acrylic,1,목재,아크릴,,학습 제외,
,,,,,,3446,pigment pen on paper mounted on canvas,1,"캔버스, 종이",펜,,,
,,,,,,3447,staples on canvas mounted on wooden panel,1,캔버스,기타,분류 미매칭,,
,,,,,,3448,pencil and oil on cotton,1,캔버스,"유채, 연필",,,
,,,,,,3449,oil on an aluminium lining paper,1,종이,"유채, 혼합재료",,,
,,,,,,3450,C.G pigment print,1,종이,디지털 피그먼트 프린트,분류 미매칭,,
,,,,,,3451,gouache on wooden panel,1,목재,수채,,,
,,,,,,3452,fabric collage on canvas,1,캔버스,혼합재료,,,
,,,,,,3453,oriental color on thick Korean paper,1,종이,채색,,,
,,,,,,3454,"hydrostone, quartz crystals",1,기타,기타,분류 미매칭,학습 제외,
,,,,,,3455,oil on paper mounted on wood,1,종이,유화,,,
,,,,,,3456,color on fabric,1,섬유,채색,,,
,,,,,,3457,pen and oil pastel on paper,1,종이,"오일 파스텔, 펜",,,
,,,,,,3458,various envelope security patterns with graph paper and origami paper,1,종이,기타,분류 미매칭,,
,,,,,,3459,"acrylic, thread and collage on canvas",1,캔버스,"아크릴릭, 콜라주",,,
,,,,,,3460,oil pastel and screenprint on canvas,1,캔버스,"실크스크린, 오일 파스텔",,,
,,,,,,3461,"oil, eletrical assemblage, television frame and mixed media",1,기타,유화,,학습 제외,
,,,,,,3462,acrylic on wood and canvas,1,캔버스,아크릴,,학습 제외,
,,,,,,3463,"acrylic beads, nylone threads, mixed media",1,기타,"아크릴릭, 혼합재료",,학습 제외,
,,,,,,3464,color on newspaper,1,종이,채색,,,
,,,,,,3465,ink on Korean paper relief,1,종이,수묵,,,
,,,,,,3466,"X-ray, pigment print",1,종이,디지털 피그먼트 프린트,분류 미매칭,,
,,,,,,3467,printed on archival 310 gsm 100% cotton-rag paper with archival pigment-based ink,1,종이,수묵,,,
,,,,,,3468,acrylic with mixed media on canvas,1,캔버스,"아크릴릭, 혼합재료",,,
,,,,,,3469,steel on canvas,1,캔버스,기타,분류 미매칭,,
,,,,,,3470,mixed media with frame,1,기타,혼합재료,,학습 제외,
,,,,,,3471,conte and pencil on paper,1,종이,"콘테, 연필",,,
,,,,,,3472,color-stone powder and color pigment on Korean paper,1,종이,기타,분류 미매칭,,
,,,,,,3473,ink and color on cotton,1,캔버스,수묵담채,,,
,,,,,,3474,charchoal and colored pencil on paper,1,종이,"목탄, 색연필",,,
,,,,,,3475,"resin, steel, string, acrylic on canvas",1,캔버스,아크릴,,학습 제외,
,,,,,,3476,hand finished screenprint,1,종이,실크스크린,,,
,,,,,,3477,ukiyo-e woodcut in colors on paper,1,종이,목판,,,
,,,,,,3478,painting on resin,1,없음,조각,,,
,,,,,,3479,"collagraph, Chine collé and Gold Leaf",1,종이,콜라그래피,,,
,,,,,,3480,color on beer bottle,1,기타,채색,,학습 제외,
,,,,,,3481,paper on stainless,1,종이,조각,,,
,,,,,,3482,"indian ink on Korean paper, soldering, coating",1,종이,수묵,,,
,,,,,,3483,solar LCD units,1,기타,기타,분류 미매칭,학습 제외,
,,,,,,3484,marker on 《The Korean Artists In New York》 Lim YoungKyun Solo Exhibition Poster of 1987 Soho Photo Gallery in 1987,1,기타,연필/드로잉,,학습 제외,
,,,,,,3485,digital print on canvas with BRITTO®️ Diamond hand embellishments,1,캔버스,디지털 프린트,,,
,,,,,,3486,giclée print with multiple silkscreened elements including diamond dust,1,종이,실크스크린,,,
,,,,,,3487,painted wood with mixed media,1,목재,혼합재료,,,
,,,,,,3488,"acrylic on polyurethane and wood, knit",1,목재,아크릴,,학습 제외,
,,,,,,3489,oil on canvas with carved wooden frame,1,캔버스,유채,,,
,,,,,,3490,"watercolor, pen, indian ink and charcoal on paper mounted on canvas",1,캔버스,수채,,,
,,,,,,3491,"acrylic, India ink and pencil on paper",1,종이,"아크릴릭, 잉크, 연필",,,
,,,,,,3492,"ink on silk, ink and color on silk",1,비단,수묵,,,
,,,,,,3493,"1) pencil on paper, 2) pencil and pen on paper",1,종이,연필/드로잉,,학습 제외,
,,,,,,3494,acrylic and frottage on cloth mounted on wooden panel,1,캔버스,"아크릴릭, 프로타주",,,
,,,,,,3495,pencil and mixed media on Korean paper,1,종이,"연필, 혼합재료",,,
,,,,,,3496,silkscreen(사후판화),1,종이,실크스크린,,,
,,,,,,3497,painted cast vinyl and arrives with a metallic disk stand,1,없음,조각,,,
,,,,,,3498,oil and pigment on canvas,1,캔버스,"유채, 안료",,,
,,,,,,3499,artificial fur and charcoal on canvas,1,캔버스,"목탄, 기타",,,
,,,,,,3500,microfiber print rug,1,기타,섬유,,학습 제외,
,,,,,,3501,"color drawing, monotype",1,기타,연필/드로잉,,학습 제외,
,,,,,,3502,hand painted screenpint on wood,1,목재,기타,분류 미매칭,,
,,,,,,3503,hand painted screenpint on metal,1,기타,기타,분류 미매칭,학습 제외,
,,,,,,3504,silkscreen on rag paper,1,종이,실크스크린,,,
,,,,,,3505,color and paper relief on canvas,1,캔버스,기타,분류 미매칭,,
,,,,,,3506,acrylic on carved wood,1,패널,"음각, 아크릴릭",,,
,,,,,,3507,woodprint on paper,1,종이,기타,분류 미매칭,,
,,,,,,3508,acrylic on printed photograph on canvas,1,캔버스,"디지털 프린트, 아크릴릭",,,
,,,,,,3509,pencil and acrylic on paper,1,종이,"아크릴릭, 연필",,,
,,,,,,3510,acrylic on canvas and wooden frame,1,캔버스,아크릴릭,,,
,,,,,,3511,acrylic on cloth and paper,1,"종이, 섬유",아크릴릭,,,
,,,,,,3512,"pencil, pen and marker on paper",1,종이,"연필, 펜, 마커",,,
,,,,,,3513,"marker, charcoal and watercolor on paper",1,종이,수채,,,
,,,,,,3514,polished steel with spray paint,1,금속,기타,분류 미매칭,,
,,,,,,3515,"oil, acrylic and india ink on canvas",1,캔버스,"유채, 아크릴릭, 잉크",,,
,,,,,,3516,mixed media on felt mounted on canvas,1,캔버스,혼합재료,,,
,,,,,,3517,ink and acrylic on Korean paper,1,한지,"아크릴릭, 잉크",,,
,,,,,,3518,20 colors lithograph on white paper BFK Rives - 300 grams,1,종이,석판,,,
,,,,,,3519,Fishing lures on canvas,1,캔버스,기타,분류 미매칭,,
,,,,,,3520,Etching and aquatint with hand-coloring in acrylic on Rives BFK paper,1,종이,"에칭, 아쿼틴트, 아크릴릭",,,
,,,,,,3521,Gouache and archival pigment print on paper,1,종이,수채,,,
,,,,,,3522,Monotype in watercolor and crayon on Lanaquarelle paper,1,종이,수채,,,
,,,,,,3523,Black and white photograph,1,기타,사진/디지털,,학습 제외,
,,,,,,3524,silver gelatin print,1,종이,젤라틴 실버 프린트,분류 미매칭,,
,,,,,,3525,"Monotype with collage, engraving and relief on hand-painted Twinrocker paper",1,종이,"인그레이빙, 릴리프(모노타이프)",,,
,,,,,,3526,Screenprint on Saunders Waterford 425gsm paper,1,종이,실크스크린,,,
,,,,,,3527,Porcelain with magenta chromatic coating,1,없음,도자,,,
,,,,,,3528,Oil and acrylic with diamond dust on wood,1,패널,"유채, 아크릴릭, 혼합재료",,,
,,,,,,3529,screenprint on paper,1,종이,실크스크린,,,
,,,,,,3530,"Oil, watercolor, and ink on linen",1,캔버스,"유채, 수채, 잉크",,,
,,,,,,3531,Screenprint on 330gsm,1,종이,실크스크린,,,
,,,,,,3532,Fine art pigment print on cotton paper,1,종이,기타,분류 미매칭,,
,,,,,,3533,"brass, wood",1,목재,기타,분류 미매칭,,
,,,,,,3534,tin,1,기타,기타,분류 미매칭,학습 제외,
,,,,,,3535,screen print on paper,1,종이,기타,분류 미매칭,,
,,,,,,3536,Anodised aluminium with corian base,1,금속,조각,,,
,,,,,,3537,monotype woodcut print and handmade paper pulp collage with frame,1,종이,목판(모노타이프),,,
,,,,,,3538,"printed on paper, color on paper",1,종이,채색,,,
,,,,,,3539,gouche on paper mounted on wooden panel,1,종이,기타,분류 미매칭,,
,,,,,,3540,"O.P white earthenware clay, engraving accentuated with glaze, black patinated ground",1,기타,기타,분류 미매칭,학습 제외,
,,,,,,3541,"A.R. white earthenware clay, decoration in engobes, knife engraved on enamel",1,기타,기타,분류 미매칭,학습 제외,
,,,,,,3542,aqua marine and coral pink neon,1,기타,수묵,,학습 제외,
,,,,,,3543,"acrylic, watercolor and paper collage on canvas",1,캔버스,"아크릴릭, 수채, 콜라주",,,
,,,,,,3544,color and collage on paper,1,종이,혼합재료,,,
,,,,,,3545,rubber print on hemp cloth,1,캔버스,실크스크린,분류 미매칭,,
,,,,,,3546,acrylic on hemp cloth,1,캔버스,아크릴릭,,,
,,,,,,3547,mixed media with Korean paper mounted on hemp cloth,1,종이,혼합재료,,,
,,,,,,3548,brushes and guitar with acrylics on the wood,1,목재,아크릴,,학습 제외,
,,,,,,3549,"1) jamaican dogwood high gloss, 2) oak burnt",1,목재,기타,분류 미매칭,,
,,,,,,3550,"1) oak natural, 2) pine opal",1,기타,기타,분류 미매칭,학습 제외,
,,,,,,3551,1) acrylic on cloth 2) acrylic and decollage on paper,1,종이,아크릴,,학습 제외,
,,,,,,3552,"oil, acrylic on canvas speaker",1,캔버스,유화,,학습 제외,
,,,,,,3553,"uni posca 3m on the canvas, speaker",1,캔버스,기타,분류 미매칭,,
,,,,,,3554,"acrylic, oil on canvas speaker",1,캔버스,유화,,학습 제외,
,,,,,,3555,"F.R.P, urethane paint, acrylic on canvas speaker",1,캔버스,아크릴,,학습 제외,
,,,,,,3556,"acrylic and paint on canvas, speaker",1,캔버스,아크릴,,학습 제외,
,,,,,,3557,"acrylic on fabric over aluminum pannel, canvas speaker",1,캔버스,아크릴,,학습 제외,
,,,,,,3558,printed transfer paper on vornado,1,종이,기타,분류 미매칭,,
,,,,,,3559,paint marker on vornado,1,기타,연필/드로잉,,학습 제외,
,,,,,,3560,mixed media on terracotta,1,기타,혼합재료,,학습 제외,
,,,,,,3561,pre-pasted paper on vornado,1,종이,기타,분류 미매칭,,
,,,,,,3562,acrylic and collage on vornado,1,기타,아크릴,,학습 제외,
,,,,,,3563,stoneware,1,없음,도자,,,
,,,,,,3564,PLA,1,기타,기타,분류 미매칭,학습 제외,
,,,,,,3565,"wood, iron, glass",1,목재,기타,분류 미매칭,,
,,,,,,3566,"white oak, stainless metal pipe",1,없음,조각,,,
,,,,,,3567,"metal, acrylic pannel",1,기타,아크릴,,학습 제외,
,,,,,,3568,"mother-of-pearl, wood, resin",1,없음,조각,,,
,,,,,,3569,"pencil, printed paper, blade, scalpel, sticky note, cigarette, cigarette pack, Bisodol box, aluminum pill foil and pills collaged on aquatint",1,종이,유화,,학습 제외,
,,,,,,3570,ultra chrome pigment printed on Korean paper,1,종이,기타,분류 미매칭,,
,,,,,,3571,gouche on paper,1,종이,기타,분류 미매칭,,
,,,,,,3572,oriental ink on Japanese paper mounted on canvas,1,캔버스,수묵,,,
,,,,,,3573,color on paper map,1,종이,채색,,,
,,,,,,3574,water-solube charcoal on wooden panel,1,목재,목탄,,,
,,,,,,3575,oil pastel and styrofoam on paper,1,종이,"오일 파스텔, 스티로폼",,,
,,,,,,3576,gouache on skateboard,1,목재,수채,,,
,,,,,,3577,tufting on cotton mounted on wooden panel,1,목재,기타,분류 미매칭,,
,,,,,,3578,tufting on cotton mounted on canvas,1,캔버스,기타,분류 미매칭,,
,,,,,,3579,ink and oil pastel on cotton mounted on wooden panel,1,캔버스,"잉크, 오일 파스텔",,,
,,,,,,3580,paper on canvas,1,캔버스,기타,분류 미매칭,,
,,,,,,3581,mixed media on digital print,1,종이,"디지털 프린트, 혼합재료",,,
,,,,,,3582,"lithograph, print on paper(book)",1,종이,석판,,,
,,,,,,3583,"color on silk mounted on wooden panel, Narce(mother-of-pearl) and color on silk mounted on wooden panel",1,비단,채색,,,
,,,,,,3584,color on lacquer hanji,1,칠한지,채색,,,
,,,,,,3585,acrylic on globe,1,기타,아크릴,,학습 제외,
,,,,,,3586,acrylic on resin and wood,1,목재,아크릴,,,
,,,,,,3587,"pencil, watercolor on Korean paper",1,종이,수채,,,
,,,,,,3588,gouache and Chinese ink on Korean paper mounted on canvas,1,캔버스,수채,,,
,,,,,,3589,"embroidery on silk, mixed media",1,비단,혼합재료,,,
,,,,,,3590,"silver, ink and color on paper",1,종이,수묵,,,
,,,,,,3591,ultrachrome ink printed on paper,1,종이,수묵,,,
,,,,,,3592,mixed media on hardboard,1,목재,혼합재료,,,
,,,,,,3593,monoprint,1,기타,기타,분류 미매칭,학습 제외,
,,,,,,3594,"polycoat, pigment and acrylic on canvas",1,캔버스,"아크릴릭, 안료",,,
,,,,,,3595,"giclée print, gold and copper foil stamping",1,종이,"지클레이 프린트, 금박",,,
,,,,,,3596,photogravure on Arches paper,1,종이,포토그라비아,,,
,,,,,,3597,"paper, guashu, cut out, 2 layer",1,종이,기타,분류 미매칭,,
,,,,,,3598,"steel powder, gold leaf, wood, poly, pv adhesiv",1,목재,기타,분류 미매칭,,
,,,,,,3599,"mdf board, acrylic",1,패널,아크릴릭,,,
,,,,,,3600,"hardboard, acrylic, mixed media",1,종이,"아크릴릭, 혼합재료",,,
,,,,,,3601,"fomex, cement, acrylic",1,기타,아크릴,,학습 제외,
,,,,,,3602,acrylic on sand,1,기타,아크릴,,학습 제외,
,,,,,,3603,"silk, cotton",1,비단,기타,분류 미매칭,,
,,,,,,3604,"lithograph, oil pastel",1,종이,"석판, 오일 파스텔",,,
,,,,,,3605,"print on paper, screenprint",1,종이,실크스크린,,,
,,,,,,3606,"print on paper, offset print",1,종이,오프셋 프린트,,,
,,,,,,3607,silk,1,비단,기타,분류 미매칭,,
,,,,,,3608,hemp cloth,1,기타,기타,분류 미매칭,학습 제외,
,,,,,,3609,"embroidered on silk, colored on straw",1,비단,기타,분류 미매칭,,
,,,,,,3610,aquiatint,1,종이,아쿼틴트,분류 미매칭,,
,,,,,,3611,"ink, oil and oil pastel on paper",1,종이,"유채, 오일 파스텔, 잉크",,,
,,,,,,3612,"chrome, steel, teak",1,금속,기타,분류 미매칭,,
,,,,,,3613,oil and collage on board,1,보드,"유채, 콜라주",,,
,,,,,,3614,"acrylic, oil pastel on canvas",1,캔버스,"아크릴릭, 오일 파스텔",,,
,,,,,,3615,"acrylic, oil pastel on wood panel",1,패널,"아크릴릭, 오일 파스텔",,,
,,,,,,3616,"acrylic, oil pastel on large frame",1,패널,"아크릴릭, 오일 파스텔",,,
,,,,,,3617,"acrylic, oil pastel, spray on canvas",1,캔버스,"아크릴릭, 오일 파스텔, 스프레이",,,
,,,,,,3618,screenprint and inkjet in colors,1,종이,실크스크린,,,
,,,,,,3619,gouache and charcoal on paper,1,종이,수채,,,
,,,,,,3620,oil and charcoal on paper,1,종이,"유채, 목탄",,,
,,,,,,3621,digital C-print,1,종이,디지털 C-프린트,,,
,,,,,,3622,dyed polyester on canvas,1,캔버스,기타,분류 미매칭,,
,,,,,,3623,acrylic on sandblasted canvas,1,캔버스,"샌드블라스트, 아크릴릭",,,
,,,,,,3624,silkscreen with collage,1,종이,실크스크린,,,
,,,,,,3625,lithograph and artist’s book in a box,1,종이,석판,,,
,,,,,,3626,"etching, aquatin",1,종이,"에칭, 아쿼틴트",,,
,,,,,,3627,"pencil, chalk, acrylic and paper on Tycore",1,종이,"아크릴릭, 연필, 초크",,,
,,,,,,3628,earthenware square plaques with engraving enhanced with oxides under partial brushed glaze,1,기타,기타,분류 미매칭,학습 제외,
,,,,,,3629,"bronze, glass",1,없음,조각,,,
,,,,,,3630,white earthenware clay,1,기타,기타,분류 미매칭,학습 제외,
,,,,,,3631,"polyester fabric, stainless steel wire, display case with LED lighting",1,금속,조각,,,
,,,,,,3632,thread embedded in cotton paper,1,종이,기타,분류 미매칭,,
,,,,,,3633,ink on aluminum,1,금속,수묵,,,
,,,,,,3634,butterflies and household gloss on canvas,1,캔버스,기타,분류 미매칭,,
,,,,,,3635,"graphite, printed paper, receipt, ink, cigarette, cigarette pack, Paracetamol box, aluminum pill foil and pills collaged on aquatint",1,종이,유화,,학습 제외,
,,,,,,3636,gelatin silver print and dye-transfer print,1,종이,"젤라틴 실버 프린트, 다이 트랜스퍼",분류 미매칭,,
,,,,,,3637,lithograph and screenprint on four sheets,1,종이,"석판, 실크스크린",,,
,,,,,,3638,"UV resistant urethane, cast resin and aluminum oxide",1,금속,조각,,,
,,,,,,3639,"lithograph, drypoint",1,종이,"석판, 드라이포인트",,,
,,,,,,3640,etching and collage on paper,1,종이,에칭,,,
,,,,,,3641,"acrylic on linen, speaker",1,캔버스,아크릴,,학습 제외,
,,,,,,3642,"gouache on canvas, speaker",1,캔버스,수채,,,
,,,,,,3643,collage and mixed media on paper,1,종이,혼합재료,,,
,,,,,,3644,pencil and color pencil on paper,1,종이,"펜, 색연필",,,
,,,,,,3645,continous computer animation on LCD screen,1,기타,기타,분류 미매칭,학습 제외,
,,,,,,3646,4-color offset print with black tinted ground on white lightweight cardboard,1,보드,오프셋 프린트,,,
,,,,,,3647,ink and color pencil on paper,1,종이,수묵,,,
,,,,,,3648,"silkscreen, cords",1,종이,실크스크린,,,
,,,,,,3649,"offset lithograh, 80# classic linen solar white cover",1,캔버스,오프셋 프린트,,,
,,,,,,3650,archival pigment prints,1,종이,디지털 피그먼트 프린트,분류 미매칭,,
,,,,,,3651,UV print on canvas,1,캔버스,기타,분류 미매칭,,
,,,,,,3652,injection molded and rotomolded plastic,1,기타,기타,분류 미매칭,학습 제외,
,,,,,,3653,wood branches on panel,1,목재,기타,분류 미매칭,,
,,,,,,3654,"synthetic crystal, acrylic paint on canvas",1,캔버스,"아크릴릭, 크리스탈",,,
,,,,,,3655,screenprint Arches 100% Rag paper,1,종이,실크스크린,,,
,,,,,,3656,offset lithograph print,1,종이,오프셋 프린트,,,
,,,,,,3657,lithograph on black paper,1,종이,석판,,,
,,,,,,3658,"tapestry, stainless steal and oil on canvas",1,캔버스,유화,,학습 제외,
,,,,,,3659,"lithograph, serigraph",1,종이,"석판, 실크스크린",,,
,,,,,,3660,gelatin silver prints,1,종이,젤라틴 실버 프린트,분류 미매칭,,
,,,,,,3661,Diasec-mounted Giclee print on aluminium composite panel,1,종이,"지클레이 프린트, 디아섹",,,
,,,,,,3662,"photo collage, acrylic on canvas",1,캔버스,"아크릴릭, 콜라주",,,
,,,,,,3663,oil on aluminium lining paper,1,종이,유채,,,
,,,,,,3664,graffiti mix with ultra chrome ink printed on canvas,1,캔버스,수묵,,,
,,,,,,3665,painted resin and wooden box,1,없음,조각,,,
,,,,,,3666,"white earthenware clay, decoration in engobes engraved by boring-rod under partial brushed glaze, grey patina green, black, red, white",1,기타,기타,분류 미매칭,학습 제외,
,,,,,,3667,lithograph on wove paper,1,종이,석판,,,
,,,,,,3668,cast iron,1,금속,조각,,,
,,,,,,3669,color and crayon on paper,1,종이,"오일 파스텔, 채색",,,
,,,,,,3670,laser cut hand painted heavy cotton paper,1,종이,기타,분류 미매칭,,
,,,,,,3671,"crayon, oil pastel on canvas",1,캔버스,오일 파스텔,,,
,,,,,,3672,"collagraph, chine colle",1,종이,콜라래프,,,
,,,,,,3673,"collagraph, chine collé",1,종이,콜라그래프,,,
,,,,,,3674,etching on Meirat Velasquez handmade papers and Japanese Kozo paper,1,종이,에칭,,,
,,,,,,3675,"Red and black lacquered, mixed media on wood",1,목재,혼합재료,,,
,,,,,,3676,oil on film,1,기타 ,유채,,,
,,,,,,3677,bronze and wooden plate,1,없음,조각,,,
,,,,,,3678,"ink on paper, printed on paper",1,종이,수묵,,,
,,,,,,3679,ink on Korean paper mounted on canvas,1,캔버스,수묵,,,
,,,,,,3680,oil on poster,1,인쇄물,유채,,,
,,,,,,3681,screenprint on lenox museum board,1,보드,실크스크린,,,
,,,,,,3682,woodcut print on hemp cloth,1,캔버스,목판,,,
,,,,,,3683,mixed midea on the gel stone treated canvas,1,캔버스,혼합재료,,,
,,,,,,3684,"pencil, watercolor on paper",1,종이,수채,,,
,,,,,,3685,watercolor pencil on paper,1,종이,수채,,,
,,,,,,3686,"pencil, crayon on paper",1,종이,"연필, 오일 파스텔",,,
,,,,,,3687,"charcoal, watercolor on paper",1,종이,수채,,,
,,,,,,3688,mixed media on iron,1,금속,혼합재료,,,
,,,,,,3689,gold and color on paper,1,종이,채색,,,
,,,,,,3690,"pencil, watercolor, oill on paper",1,종이,수채,,,
,,,,,,3691,"gold plated porcelain, custom made wood box with foil print",1,목재,유화,,학습 제외,
,,,,,,3692,acrylic on wooden sculpture,1,목재,아크릴,,학습 제외,
,,,,,,3693,printed on 80 lb classic linen solar white cover,1,캔버스,기타,분류 미매칭,,
,,,,,,3694,screenprint on maple wood skateboard deck,1,종이,실크스크린,,학습 제외,
,,,,,,3695,plastic and quartz clock mechanism,1,기타,기타,분류 미매칭,학습 제외,
,,,,,,3696,polymer gravure,1,기타,기타,분류 미매칭,학습 제외,
,,,,,,3697,"ceramic washbasin, handmade woollen crochet, ornaments, polyester",1,없음,도자,,,
,,,,,,3698,diasec mounted chromogenic print of Gerhard Richter's painting,1,종이,"크로모제닉 프린트, 디아섹",분류 미매칭,,
,,,,,,3699,foil block print,1,종이,포일블록 프린트,,,
,,,,,,3700,"resin, aluminum oxide",1,금속,조각,,,
,,,,,,3701,oil on Korean paper mounted on hemp cloth,1,한지,유채,,,
,,,,,,3702,print on polyester,1,섬유,디지털 프린트,분류 미매칭,,
,,,,,,3703,Oil on paper,1,종이,유채,,,
,,,,,,3704,Pastels on cardboard,1,보드,파스텔,,,
,,,,,,3705,7 Chromogenic prints,1,종이,크로모제닉 프린트,분류 미매칭,,
,,,,,,3706,Digital C-Print,1,종이,디지털 C-프린트,,,
,,,,,,3707,Acrylic and silkscreen ink on canvas,1,캔버스,"실크스크린, 아크릴릭",,,
,,,,,,3708,Lithograph in colors on Arches Cover paper,1,종이,석판,,,
,,,,,,3709,"Syringe needle, synthetic resin, butterflies, paracetamol pills and household gloss on canvas",1,캔버스,조각,,,
,,,,,,3710,"Acrylic, solvent transfer and printed paper collage on paper",1,종이,"아크릴릭, 콜라주",,,
,,,,,,3711,Archival pigment print on Epson hot-pressed paper,1,종이,기타,분류 미매칭,,
,,,,,,3712,Screenprint,1,종이,실크스크린,,,
,,,,,,3713,Six aquatints in colors on Cartiere Magnani Corona paper,1,종이,아쿼틴트,,,
,,,,,,3714,Screenprint in colours on 4-ply Museum Board,1,보드,실크스크린,,,
,,,,,,3715,Screenprint in colors on wove paper,1,종이,실크스크린,,,
,,,,,,3716,Complete set of three porcelain multiples with chromatic coating,1,없음,도자,,,
,,,,,,3717,"ink, graphite and oil bar on wood pannel",1,패널,"오일스틱, 흑연, 잉크",,,
,,,,,,3718,"ink, graphite and pigment on Korean paper",1,종이,수묵,,,
,,,,,,3719,oil pastel and acrylic on panel,1,패널,"오일 파스텔, 아크릴릭",,,
,,,,,,3720,spray and acrylic on canvas,1,캔버스,"아크릴릭, 스프레이",,,
,,,,,,3721,"spray, oil pastel and acrylic on canvas",1,캔버스,"스프레이, 오일 파스텔, 아크릴릭",,,
,,,,,,3722,"pen, color on paper",1,종이,채색,,,
,,,,,,3723,"offset lithograph, silkscreen on canvas",1,캔버스,"오프셋 프린트, 실크스크린",,,
,,,,,,3724,mixed media on paper mounted on wood,1,종이,혼합재료,,,
,,,,,,3725,"ink, acrylic on paper",1,종이,"아크릴릭, 잉크",,,
,,,,,,3726,"acrylic on board, wooden frame",1,보드,아크릴릭,,,
,,,,,,3727,yellow sandstone,1,기타,기타,분류 미매칭,학습 제외,
,,,,,,3728,texture prints,1,기타,기타,분류 미매칭,학습 제외,
,,,,,,3729,"gold powder, mixed media on wood",1,목재,혼합재료,,,
,,,,,,3730,inkjet on lenticular acrylic in aluminum frame,1,알루미늄 패널,렌티큘러 프린트,,,
,,,,,,3731,"woodcut, screenprint, collage on museum board",1,보드,"목판, 실크스크린",,,
,,,,,,3732,"white earthenware clay, decoration in engobes engraved by boring - rod under partial brushed glaze,black patina brown, black, white",1,기타,기타,분류 미매칭,학습 제외,
,,,,,,3733,color and Korean paper collage on canvas,1,캔버스,혼합재료,,,
,,,,,,3734,"synthetic polymer, silkscreen ink on canvas in the artist's wooden frame",1,캔버스,수묵,,,
,,,,,,3735,"genuine gold leaf plated on printed korean paper, acrylic paint, wooden skate board",1,종이,아크릴,,학습 제외,
,,,,,,3736,acrylic and spray paint on board,1,보드,"아크릴릭, 스프레이",,,
,,,,,,3737,acrylic on wood decks,1,목재,아크릴,,학습 제외,
,,,,,,3738,"iron powder, acrylic, PV glue, wood variable installation",1,목재,아크릴,,학습 제외,
,,,,,,3739,mirror on wood,1,목재,기타,분류 미매칭,,
,,,,,,3740,"film-biaxial oriented polypropylene, resin, acrylic on board, film-biaxial oriented polypropylene, permanent marker pen, film-biaxial oriented polypropylene, resin, acrylic color",1,목재,아크릴,,학습 제외,
,,,,,,3741,acrylic on fabric over aluminum pannel,1,금속,아크릴,,학습 제외,
,,,,,,3742,"pigment print, dupont clear coating, wood",1,목재,기타,분류 미매칭,,
,,,,,,3743,"plaster bandage, acrylic",1,기타,아크릴,,학습 제외,
,,,,,,3744,"Gold leaf, oil, acrylic, Acrylic, cotton, aluminum mesh",1,금속,유화,,학습 제외,
,,,,,,3745,"oil, mix media on wood",1,패널,"유채, 혼합재료",,,
,,,,,,3746,"acrylic, sand on board",1,보드,"아크릴릭, 모래",,,
,,,,,,3747,woodcut in colors,1,종이,목판,,,
,,,,,,3748,"lithograph, screenprint, etching, aquatint, relief, engraving and stamping on paper",1,종이,"석판, 실크스크린, 에칭, 아쿼틴트, 릴리프, 인그레이빙",,,
,,,,,,3749,"prints, paperwork, Cotton-pulp relief, collage, hand-coloured with dyes and dry pigments",1,종이,혼합재료,,,
,,,,,,3750,screenprint on glass in wooden frame,1,종이,실크스크린,,,
,,,,,,3751,polyester,1,기타,기타,분류 미매칭,학습 제외,
,,,,,,3752,"lambda print, diasec",1,종이,"디지털 C-프린트, 디아섹",,,
,,,,,,3753,chromogenic print,1,종이,크로모제닉 프린트,분류 미매칭,,
,,,,,,3754,screenprints,1,종이,실크스크린,,,
,,,,,,3755,"ceramic, with original packaging",1,없음,도자,,,
,,,,,,3756,etching and aquatint on Rives BFK paper,1,종이,"에칭, 아쿼틴트",,,
,,,,,,3757,oil and plastic on canvas mounted on board,1,캔버스,유화,,학습 제외,
,,,,,,3758,vinyl plastic LED light effects,1,없음,조각,,,
,,,,,,3759,fabrics and acrylic on canvas mounted on wooden frame,1,캔버스,"아크릴릭, 천",,,
,,,,,,3760,lambda print on paper,1,종이,디지털 C-프린트,,,
,,,,,,3761,light jet C-print,1,종이,디지털 C-프린트,,,
,,,,,,3762,"oil on paper, ink on paper",1,종이,유화,,학습 제외,
,,,,,,3763,rubber print on paper,1,종이,기타,분류 미매칭,,
,,,,,,3764,"pen, color pencil, pencil on paper",1,종이,"펜, 색연필, 연필",,,
,,,,,,3765,arylic and colored pencil on paper mounted on canvas,1,종이,"색연필, 아크릴릭",,,
,,,,,,3766,color on paper mounted on panel,1,종이,채색,,,
,,,,,,3767,mixed media on pannel,1,패널,혼합재료,,,
,,,,,,3768,"mixed media on canvas, wooden frame",1,캔버스,혼합재료,,,
,,,,,,3769,"painting on wood, steel, string",1,없음,목공예,,,
,,,,,,3770,screenprint on rag paper,1,종이,실크스크린,,,
,,,,,,3771,oriental paint on Korean paper mounted on wood panel,1,종이,기타,분류 미매칭,,
,,,,,,3772,screenprint in colors on wove paper,1,종이,실크스크린,,,
,,,,,,3773,fabrics on wooden frame,1,목재,섬유,,,
,,,,,,3774,acrylic and colored pencil on squared manuscript paper,1,종이,"아크릴릭, 색연필",,,
,,,,,,3775,mother-of-pearl on wood,1,목재,기타,분류 미매칭,,
,,,,,,3776,graphic ink on plastic plate,1,기타,수묵,,학습 제외,
,,,,,,3777,"Gold powder, carved and colored on wood",1,없음,조각,,,
,,,,,,3778,"earth, mixed media on canvas",1,캔버스,혼합재료,,,
,,,,,,3779,"silkscreen, acrylic on canvas mounted on wooden panel",1,캔버스,"실크스크린, 아크릴릭",,,
,,,,,,3780,"chromogenic print, diasec mounted on aluminium",1,금속,조각,,,
,,,,,,3781,mixed media with korean hanji paper on canvas,1,캔버스,혼합재료,,,
,,,,,,3782,"pencil, oil on newspaper",1,인쇄물,"유채, 연필",,,
,,,,,,3783,"color, mixed media on paper mounted on panel",1,종이,혼합재료,,,
,,,,,,3784,color on cloth mounted on canvas,1,캔버스,채색,,,
,,,,,,3785,prints on paper,1,종이,기타,분류 미매칭,,
,,,,,,3786,photo collage and resin on wood panel,1,목재,혼합재료,,,
,,,,,,3787,hand painted cutout steel,1,금속,기타,분류 미매칭,,
,,,,,,3788,collage on lithograph,1,종이,석판,,,
,,,,,,3789,acrylic on photographic paper,1,종이,아크릴릭,,,
,,,,,,3790,magazine cutting and collage on wood,1,목재,혼합재료,,,
,,,,,,3791,polyester plush in Dior suit with original presentation box,1,기타,기타,분류 미매칭,학습 제외,
,,,,,,3792,pigment print on paper,1,종이,기타,분류 미매칭,,
,,,,,,3793,"etching, aquatint and mezzotint on paper",1,종이,"에칭, 아쿼틴트, 메조틴트",,,
,,,,,,3794,woodcut print and color on paper,1,종이,채색,,,
,,,,,,3795,acrylic on cloth,1,캔버스,아크릴릭,,,
,,,,,,3796,painted FRP sculpture,1,기타,기타,분류 미매칭,학습 제외,
,,,,,,3797,offset lithograph printed in colours with foil stamping on smooth wove paper,1,종이,오프셋 프린트,,,
,,,,,,3798,oil on aluminum on panel,1,알루미늄 패널,유채,,,
,,,,,,3799,Painting on FRP,1,기타,기타,분류 미매칭,학습 제외,
,,,,,,3800,oil and acrylic on ultrachrome ink printed paper,1,종이,"유채, 아크릴릭, 잉크",,,
,,,,,,3801,arcylic medium chorcoal black on canvas,1,캔버스,기타,분류 미매칭,,
,,,,,,3802,"acrylic, crystal on canvas",1,캔버스,"아크릴릭, 크리스탈",,,
,,,,,,3803,color and mixed media on Korean paper,1,종이,혼합재료,,,
,,,,,,3804,"steel, steel powder on canvas",1,캔버스,기타,분류 미매칭,,
,,,,,,3805,paper on wooden panel,1,종이,기타,분류 미매칭,,
,,,,,,3806,ottchil and gold leaf on metal,1,기타,기타,분류 미매칭,학습 제외,
,,,,,,3807,"acrylic on plaster, canvas",1,캔버스,아크릴,,학습 제외,
,,,,,,3808,"acrylic, wood, pet",1,목재,아크릴,,학습 제외,
,,,,,,3809,color on carved wood,1,목재,채색,,,
,,,,,,3810,"Silver, ink and color on silk",1,비단,수묵,,,
,,,,,,3811,etchings in colors on Hahnemuehle paper,1,종이,에칭,,,
,,,,,,3812,sandstone,1,기타,기타,분류 미매칭,학습 제외,
,,,,,,3813,"Gold, carved and colored on wood, mixed media on wood",1,목재,혼합재료,,,
,,,,,,3814,8 plates 8 colors lithograph on paper,1,종이,석판,,,
,,,,,,3815,"steel plate, stone",1,금속,기타,분류 미매칭,,
,,,,,,3816,LED sign with blue diodes and anodized aluminum housing,1,금속,조각,,,
,,,,,,3817,enamel and ink on papeboard,1,목재,수묵,,,
,,,,,,3818,continuous computer animation on LCD screen,1,기타,기타,분류 미매칭,학습 제외,
,,,,,,3819,denim collage,1,기타,혼합재료,,학습 제외,
,,,,,,3820,piezograph on canvas,1,캔버스,기타,분류 미매칭,,
,,,,,,3821,etching with metal embossing,1,종이,에칭,,,
,,,,,,3822,ink and color on Korean paper mounted on cotton,1,종이,수묵,,,
,,,,,,3823,screenprint on linen tea towel,1,캔버스,실크스크린,,,
,,,,,,3824,"ballpoint pen, marker and colored pencil on paper",1,종이,"펜, 마커, 색연필",,,
,,,,,,3825,stenciled pulp paintings with pochoir,1,수제지,포슈아르,분류 미매칭,,
,,,,,,3826,Carved and color on wood,1,목재,채색,,,
,,,,,,3827,"copper welding, stone",1,기타,기타,분류 미매칭,학습 제외,
,,,,,,3828,iris print,1,종이,지클레이 프린트,분류 미매칭,,
,,,,,,3829,oil and oil pastel on panel,1,패널,"유채, 오일 파스텔",,,
,,,,,,3830,embroidery on canvas,1,캔버스,섬유,,,
,,,,,,3831,oil and oil pastel on linen,1,캔버스,"유채, 오일 파스텔",,,
,,,,,,3832,"oil, color pencil and conte on linen",1,캔버스,"유채, 색연필, 콘테",,,
,,,,,,3833,"oil, color charcoal and oil pastel on linen",1,캔버스,"유채, 목탄, 오일 파스텔",,,
,,,,,,3834,color on wooden panel,1,목재,채색,,,
,,,,,,3835,color and Korean paper collage mounted on panel,1,종이,혼합재료,,,
,,,,,,3836,fabric collage and acrylic,1,섬유,아크릴,,학습 제외,
,,,,,,3837,pastel and mixed media on canvas,1,캔버스,"파스텔, 혼합재료",,,
,,,,,,3838,acrylic on paper(box),1,종이,아크릴릭,,,
,,,,,,3839,chinese ink and color on paper,1,종이,수묵,,,
,,,,,,3840,"mixed media, marble powder, pigment",1,기타,혼합재료,,학습 제외,
,,,,,,3841,"used tire, steel",1,금속,기타,분류 미매칭,,
,,,,,,3842,color lithograph,1,종이,석판,,,
,,,,,,3843,acrylic on the thick mulberry paper,1,종이,아크릴릭,,,
,,,,,,3844,C-print mounted on plexiglas in Artist's frame,1,종이,"디지털 C-프린트, 디아섹",,,
,,,,,,3845,"acrylic on objets, metal and wood",1,목재,아크릴,,학습 제외,
,,,,,,3846,Pigment printing,1,종이,디지털 피그먼트 프린트,분류 미매칭,,
,,,,,,3847,"charcoal, pastel, crayon, acrylic, watercolor, matt medium on paper",1,종이,"목탄, 파스텔, 오일 파스텔, 아크릴릭, 수채",,,
,,,,,,3848,collage on paper,1,종이,혼합재료,,,
,,,,,,3849,ultrachrome ink print and gold foil,1,종이,"디지털 프린트, 금박",,,
,,,,,,3850,ceramic plate,1,없음,도자,,,
,,,,,,3851,"relief-printed etching, lithograph, aquatint, engraving and screenprint on paper",1,종이,"릴리프, 석판, 아쿼틴트, 인그레이빙, 실크스크린",,,
,,,,,,3852,acrylic and mixed media on paper mounted on panel,1,종이,"아크릴릭, 혼합재료",,,
,,,,,,3853,"water, acrylic, matt varnish on canvas",1,캔버스,아크릴릭,,,
,,,,,,3854,acrylic on rice paper sack,1,종이,아크릴릭,,,
,,,,,,3855,digital C-print on Fuji crystal,1,종이,디지털 C-프린트,,,
,,,,,,3856,color photoetching,1,종이,에칭,,,
,,,,,,3857,plexiglass serigraphy,1,종이,실크스크린,,,
,,,,,,3858,"lithograph, screenprint, etching, aquatint, relief and embossing in colors, on TGL handmade paper",1,종이,"석판, 에칭, 아쿼틴트, 릴리프, 엠보싱",,,
,,,,,,3859,"mother of pearl, mixed media on wooden board",1,목재,혼합재료,,,
,,,,,,3860,"etching, drypoint",1,종이,"에칭, 드라이포인트",,,
,,,,,,3861,c-print mounted on artist's frame,1,종이,디지털 C-프린트,,,
,,,,,,3862,Mother-of-pearl and tortoiseshell on wood,1,목재,기타,분류 미매칭,,
,,,,,,3863,"Iron, carved and engraved wood",1,없음,조각,,,
,,,,,,3864,watercolor and color on paper,1,종이,수채,,,
,,,,,,3865,steel plate and stone,1,금속,기타,분류 미매칭,,
,,,,,,3866,"3 TV monitors, cello parts, acrylic cases, neon tubing, 2 DVD-R discs, 2 DVD players",1,기타,아크릴,,학습 제외,
,,,,,,3867,"FRP, emamel paint on metal",1,기타,기타,분류 미매칭,학습 제외,
,,,,,,3868,"acrylic, colored pencil and collage on paper",1,종이,"아크릴릭, 색연필, 콜라주",,,
,,,,,,3869,"acrylic, colored pencil and pen on cardboard",1,목재,"아크릴릭, 색연필, 펜",,,
,,,,,,3870,screenprint on Arches wove paper,1,종이,실크스크린,,,
,,,,,,3871,캔버스에 마운트한 종이에 아크릴릭,1,종이,아크릴릭,,,
,,,,,,3872,"woodcut, collagraphy, monotype",1,종이,"목판, 콜라그래피(모노타이프)",,,
,,,,,,3873,"oil on linen paper, wood frame",1,종이,유채,,,
,,,,,,3874,"plastic bag,wood frame,plate glass",1,목재,기타,분류 미매칭,,
,,,,,,3875,"Ink on paper, color on paper",1,종이,수묵,,,
,,,,,,3876,color on print,1,기타,채색,,학습 제외,
,,,,,,3877,종이부조에 아크릴릭,1,종이,"종이부조, 아크릴릭",,,
,,,,,,3878,칼라 오프셋 석판화,1,종이,오프셋 프린트,,,
,,,,,,3879,Ink on paper fan,1,종이,수묵,,,
,,,,,,3880,캔버스에 종이 꼴라쥬,1,캔버스,기타,분류 미매칭,,
,,,,,,3881,iron and mixed media,1,금속,혼합재료,,,
,,,,,,3882,mixed media and collage on canvas,1,캔버스,혼합재료,,,
,,,,,,3883,캔버스에 마운트한 종이에 혼합재료,1,캔버스,혼합재료,,,
,,,,,,3884,"offset lithograph on lightweight, off-white wove paper",1,종이,오프셋 프린트,,,
,,,,,,3885,"캔버스에 오일, 잉크",1,캔버스,"유채, 잉크",,,
,,,,,,3886,"oil on canvas, 1 box",1,캔버스,유채,,,
,,,,,,3887,보드에 아크릴릭,1,보드,아크릴릭,,,
,,,,,,3888,플랙시 글라스 위에 채색 커플러 프린트,1,기타,채색,,학습 제외,
,,,,,,3889,화이트 벨벳에 울트라크롬잉크 프린트,1,섬유,디지털 피그먼트 프린트,,,
,,,,,,3890,"American black walnut, hickory, rosewood",1,목재,기타,분류 미매칭,,
,,,,,,3891,inkjet on lenticular acrylic in aluminium frame,1,알루미늄 패널,렌티큘러 프린트,,,
,,,,,,3892,한지에 아크릴릭,1,한지,아크릴릭,,,
,,,,,,3893,"water color and pencil on paper, wood, metal",1,종이,연필/드로잉,,학습 제외,
,,,,,,3894,"screen print on maple wood, print",1,목재,기타,분류 미매칭,,
,,,,,,3895,크리스탈,1,기타,기타,분류 미매칭,학습 제외,
,,,,,,3896,유약을 바른 자기,1,없음,도자,,,
,,,,,,3897,polyester plush in Dior denim and suit with original presentation boxes,1,기타,기타,분류 미매칭,학습 제외,
,,,,,,3898,"metal, fabricated plastic, one hundred candy cases and five wheels",1,섬유,섬유,,학습 제외,
,,,,,,3899,cast resin polychrome sculpture,1,없음,조각,,,
,,,,,,3900,pencil and colored pencil on envelope,1,봉투,"연필, 색연필",,,
,,,,,,3901,"polystone, flocky processing and mixed media",1,기타,혼합재료,,학습 제외,
,,,,,,3902,"collage, drawing on paper",1,종이,연필/드로잉,,학습 제외,
,,,,,,3903,"Carved on wood, mixed media on wood",1,목재,혼합재료,,,
,,,,,,3904,"캔버스에 유채, 아크릴릭",1,캔버스,"유채, 아크릴릭",,,
,,,,,,3905,etching and aquatint with embossing in black and grey on wove paper,1,종이,"에칭, 아쿼틴트, 엠보싱",,,
,,,,,,3906,oil and colored pencil on cardboard,1,보드,"유채, 색연필",,,
,,,,,,3907,screenprint in colors with protective glaze on Somerset Satin paper,1,종이,실크스크린,,,
,,,,,,3908,"television monitor, 2 stones, 2pcs of steel, CD/DVD player",1,금속,기타,분류 미매칭,,
,,,,,,3909,lithograph on Somerset paper,1,종이,석판,,,
,,,,,,3910,archival pigment inks on Crane Museo Max paper,1,종이,수묵,,,
,,,,,,3911,silkscreen on Somerset Satin paper,1,종이,실크스크린,,,
,,,,,,3912,etching and aquatint in colours,1,종이,"에칭, 아쿼틴트",,,
,,,,,,3913,"oil, gouache and tempera on canvas",1,캔버스,"유채, 과슈, 템페라",,,
,,,,,,3914,soil and mixed media on canvas,1,캔버스,"흙, 혼합 재료",,,
,,,,,,3915,"Ink, color and gold on silk",1,비단,수묵,,,
,,,,,,3916,"캔버스에 아크릴릭, 라인 테이프",1,캔버스,"아크릴릭, 혼합재료",,,
,,,,,,3917,"video, LED TV",1,기타,기타,분류 미매칭,학습 제외,
,,,,,,3918,mixed media on woodpanel,1,목재,혼합재료,,,
,,,,,,3919,gouache on cotton,1,캔버스,수채,,,
,,,,,,3920,ink jet print on canvas,1,캔버스,기타,분류 미매칭,,
,,,,,,3921,"종이에 수묵채색, 인두, 코팅",1,종이,수묵,,,
,,,,,,3922,acrylic on squared manuscript paper,1,종이,아크릴릭,,,
,,,,,,3923,mixed media on cloth mounted on board,1,목재,혼합재료,,,
,,,,,,3924,mixed media on cloth,1,섬유,혼합재료,,,
,,,,,,3925,"bronze, cement",1,없음,조각,,,
,,,,,,3926,"bronze, granite",1,없음,조각,,,
,,,,,,3927,패널위에 아크릴릭,1,패널,아크릴릭,,,
,,,,,,3928,"종이에 먹, 비단에 수묵",1,종이,수묵,,,
,,,,,,3929,"oak, papercord",1,종이,기타,분류 미매칭,,
,,,,,,3930,"brass, beech, leather",1,기타,기타,분류 미매칭,학습 제외,
,,,,,,3931,"polychromed steel, fabric",1,금속,섬유,,,
,,,,,,3932,"steel, chrome, plywood",1,목재,기타,분류 미매칭,,
,,,,,,3933,brush pen on paper,1,종이,펜,,,
,,,,,,3934,"천, 철",1,금속,기타,분류 미매칭,,
,,,,,,3935,ultra chrome ink printed on canvas,1,캔버스,수묵,,,
,,,,,,3936,3 colour foil block on 300gsm Arches 88 archival paper,1,종이,박,,,
,,,,,,3937,칼라 석판화,1,종이,석판,,,
,,,,,,3938,"마대에 연필, 유채",1,캔버스,"연필, 유채",,,
,,,,,,3939,광목에 닥,1,캔버스,기타,분류 미매칭,,
,,,,,,3940,etching and aquatint on shaped copper plates printed on Arches Aquarelle watercolor paper,1,종이,수채,,,
,,,,,,3941,"ink on paper, silk",1,종이,수묵,,,
,,,,,,3942,"Printed on paper, Mixed media on wood",1,종이,혼합재료,,,
,,,,,,3943,캔버스에 마운트한 종이위에 채색,1,캔버스,채색,,,
,,,,,,3944,캔버스에 마운트한 종이 위에 먹물과 아크릴릭,1,종이,"수묵, 아크릴릭",,,
,,,,,,3945,"color, gouache, marker, colored pencil and pen on paper",1,종이,수채,,,
,,,,,,3946,acrylic and conte on linen,1,캔버스,"아크릴릭, 콘테",,,
,,,,,,3947,"캔버스, 나무에 아크릴릭",1,캔버스,아크릴,,학습 제외,
,,,,,,3948,"Mixed media, print",1,기타,혼합재료,,학습 제외,
,,,,,,3949,silkscreen print with glazes on paper,1,종이,실크스크린,,,
,,,,,,3950,"oil on canvas, aluminum plate, wooden panel",1,캔버스,유채,,,
,,,,,,3951,mixed media on canvas with wooden frame,1,캔버스,혼합재료,,,
,,,,,,3952,"Photographs, printed on paper",1,종이,사진/디지털,,학습 제외,
,,,,,,3953,archival ink-jet printed on paper,1,종이,수묵,,,
,,,,,,3954,Korean ink and color on Korean paper,1,종이,수묵,,,
,,,,,,3955,"color on wooden tray, color and mixed media on wooden tray",1,목재,채색,,,
,,,,,,3956,"hand assembled polymer fiberglass, stereo with FM radio, bluetooth, USB port, headphone jack and Yamaha speaker system",1,기타,섬유,,학습 제외,
,,,,,,3957,oil and colored pencil on canvas,1,캔버스,"유채, 색연필",,,
,,,,,,3958,colored silver leaf plated on ultrachrome printed paper,1,종이,기타,분류 미매칭,,
,,,,,,3959,acrylic on canvas / frame,1,캔버스,아크릴릭,,,
,,,,,,3960,oil on colour photograph,1,종이,"디지털 프린트, 유채",,,
,,,,,,3961,"캔버스에 아크릴릭, 목탄",1,캔버스,"아크릴릭, 목탄",,,
,,,,,,3962,Carved and colored on stone,1,없음,조각,,,
,,,,,,3963,알루미늄 프레임에 람다 프린트,1,알루미늄 패널,디지털 C-프린트,,,
,,,,,,3964,종이에 실크스크린 프린트,1,종이,실크스크린,,,
,,,,,,3965,조각된 목판에 잉크,1,기타,기타,분류 미매칭,학습 제외,
,,,,,,3966,"Mixed media on paper, print",1,종이,혼합재료,,,
,,,,,,3967,"금, 비단에 수묵채색",1,비단,수묵,,,
,,,,,,3968,Screen print,1,종이,실크스크린,분류 미매칭,,
,,,,,,3969,acrylic on rice paper sack and Korean paper,1,한지,"아크릴릭, 콜라주",,,
,,,,,,3970,"Mixed media on wood, carved on stone",1,목재,혼합재료,,,
,,,,,,3971,"종이에 수묵채색, 종이에 먹",1,종이,수묵,,,
,,,,,,3972,"Ink and color on paper, print",1,종이,수묵,,,
,,,,,,3973,"캔버스에 아크릴릭, 혼합재료",1,캔버스,"아크릴릭, 혼합재료",,,
,,,,,,3974,screenprint on Saunders Waterford paper,1,종이,실크스크린,,,
,,,,,,3975,LED and painted FRP,1,기타,기타,분류 미매칭,학습 제외,
,,,,,,3976,닥종이에 잉크,1,종이,기타,분류 미매칭,,
,,,,,,3977,"acrylic on canvas, in 3 parts",1,캔버스,아크릴릭,,,
,,,,,,3978,wooden charcoal on panel,1,목재,목탄,,,
,,,,,,3979,"painted stone on concrete base, in 12 parts",1,기타,기타,분류 미매칭,학습 제외,
,,,,,,3980,water color on paper,1,종이,채색,,,
,,,,,,3981,pencil on paper / color on paper,1,종이,채색,,,
,,,,,,3982,gold ground tempera on canvas,1,캔버스,기타,분류 미매칭,,
,,,,,,3983,polyester plush and stuffing,1,기타,기타,분류 미매칭,학습 제외,
,,,,,,3984,hand painted wood cutout,1,목재,기타,분류 미매칭,,
,,,,,,3985,스티로폼 위에 채색,1,기타,채색,,학습 제외,
,,,,,,3986,"Mother-of-pearl on wood, mixed media",1,목재,혼합재료,,,
,,,,,,3987,"oil, colored pencil and pen on paper",1,종이,"유채, 색연필, 펜",,,
,,,,,,3988,acrylic pen and paint on printed canvas,1,캔버스,"디지털 프린트, 아크릴릭",,,
,,,,,,3989,screenprint on sprayed aluminium,1,금속,실크스크린,,,
,,,,,,3990,"plush, steel",1,금속,기타,분류 미매칭,,
,,,,,,3991,cotton,1,섬유,기타,분류 미매칭,학습 제외,
,,,,,,3992,에칭판화,1,종이,에칭,,,
,,,,,,3993,"offset lithograph, book",1,종이,오프셋 프린트,,,
,,,,,,3994,"tapestry, hand-printed on wool",1,섬유,섬유,,학습 제외,
,,,,,,3995,hand-applied paintstik and silica on two sheets of handmade paper,1,종이,기타,분류 미매칭,,
,,,,,,3996,캔버스위에 오일파스텔,1,캔버스,오일 파스텔,,,
,,,,,,3997,porcelain (base included),1,없음,도자,,,
,,,,,,3998,ceramic ashtray,1,없음,도자,,,
,,,,,,3999,Carved on coral,1,없음,조각,,,
,,,,,,4000,lenticular in aluminum frame,1,종이,렌티큘러 프린트,,,
,,,,,,4001,"colorpen, pencil on paper",1,종이,"펜, 연필",,,
,,,,,,4002,나무에 밀크페인트,1,목재,기타,분류 미매칭,,
,,,,,,4003,Lambda C type print,1,종이,디지털 C-프린트,,,
,,,,,,4004,"watch, plush doll",1,기타,기타,분류 미매칭,학습 제외,
,,,,,,4005,oil on cardboard,1,보드,유채,,,
,,,,,,4006,"color, mixed media and Korean paper collage on paper",1,종이,혼합재료,,,
,,,,,,4007,mixed media on styrofoam laid on canvas,1,캔버스,혼합재료,,,
,,,,,,4008,"etching, aluminum",1,종이,에칭,,,
,,,,,,4009,oil stick and pancil on canvas,1,캔버스,"오일스틱, 연필",,,
,,,,,,4010,oil stick and acylic on canvas,1,캔버스,"오일스틱, 아크릴릭",,,
,,,,,,4011,color on paper laid on panel,1,종이,채색,,,
,,,,,,4012,color on korean paper mounted on canvas,1,캔버스,채색,,,
,,,,,,4013,spray print on canvas,1,캔버스,기타,분류 미매칭,,
,,,,,,4014,digital collage and edition pigment print on canvas,1,캔버스,디지털 피그먼트 프린트,,,
,,,,,,4015,archival pigment inks on Crane Museo Mas 365...,1,종이,디지털 피그먼트 프린트,,,
,,,,,,4016,"digital print with screen printed ink, delicate meta…",1,종이,"디지털 프린트, 실크스크린",,,
,,,,,,4017,oil on paper mounted on board,1,종이,유채,,,
,,,,,,4018,oil on gold leaf on linen,1,캔버스,"유채, 금박",,,
,,,,,,4019,8-color inkjet print on cotton - fiber archival paper…print) image :,1,종이,디지털 프린트,,,
,,,,,,4020,"12 colour screen print on Mohawk, Supreme 130...",1,종이,실크스크린,분류 미매칭,,
,,,,,,4021,5 color screenpriint on somerset tud sized satin p…,1,기타,기타,분류 미매칭,학습 제외,
,,,,,,4022,"charcoal, acrylic and UV-vsmish on canvas",1,캔버스,"아크릴릭, 목탄",,,
,,,,,,4023,mixed media on canvasd,1,캔버스,혼합재료,,,
,,,,,,4024,"1)acrylic on canvas,2)acrylic…",1,캔버스,아크릴,,학습 제외,
,,,,,,4025,lithograph on Zerkall Alt Meiss…,1,종이,석판,,,
,,,,,,4026,cement and stone,1,기타,기타,분류 미매칭,학습 제외,
,,,,,,4027,color on paper laid on paper,1,종이,채색,,,
,,,,,,4028,ink and color on paper,1,종이,수묵,,,
,,,,,,4029,acrylic on Korean paper moun..,1,한지,아크릴릭,,,
,,,,,,4030,acrylic and mixed media on ca…,1,캔버스,"아크릴릭, 혼합재료",,,
,,,,,,4031,pigment color and acrylic on K…,1,한지,"채색, 아크릴릭",,,
,,,,,,4032,oil and conte on canvas,1,캔버스,"유채, 콘테",,,
,,,,,,4033,nine colour lithographic print o…,1,종이,석판,,,
,,,,,,4034,캔버스 유채,1,캔버스,유채,,,
,,,,,,4035,아크릴릭 패널에 실크스크린,1,아크릴 패널,실크스크린,,,
,,,,,,4036,아르슈지에 먹,1,종이,수묵,,,
,,,,,,4037,감지,1,기타,기타,분류 미매칭,학습 제외,
,,,,,,4038,캔버스에 금은화,1,캔버스,기타,분류 미매칭,,
,,,,,,4039,비닐 풍선,1,기타,기타,분류 미매칭,학습 제외,
,,,,,,4040,스텐실/스프레이,1,종이,"스텐실, 스프레이",분류 미매칭,,
,,,,,,4041,캔버스에 금화,1,캔버스,기타,분류 미매칭,,
,,,,,,4042,화이트 크리스탈,1,기타,기타,분류 미매칭,학습 제외,
,,,,,,4043,와인잔,1,기타,기타,분류 미매칭,학습 제외,
,,,,,,4044,감지백서,1,기타,기타,분류 미매칭,학습 제외,
,,,,,,4045,UV 프린팅,1,종이,UV 프린트,분류 미매칭,,
,,,,,,4046,와인병,1,기타,기타,분류 미매칭,학습 제외,
,,,,,,4047,"활자본(4책), 목판본(1책)",1,기타,기타,분류 미매칭,학습 제외,
,,,,,,4048,종이에 연필·펜,1,종이,"연필, 펜",,,
,,,,,,4049,"상·하-활자본, 건·곤-목판본",1,기타,기타,분류 미매칭,학습 제외,
,,,,,,4050,"29책-석판본, 4책-필사본",1,기타,기타,분류 미매칭,학습 제외,
,,,,,,4051,직물에 매직,1,섬유,마커,,,
,,,,,,4052,"목판, 지본묵서",1,종이,수묵,,,
,,,,,,4053,"캔버스에 종이 부조, 안료",1,캔버스,기타,분류 미매칭,,
,,,,,,4054,"코튼종이에 아크릴릭, 수채, 잉크",1,종이,"아크릴릭, 수채, 잉크",,,
,,,,,,4055,몰스킨 종이에 오일 파스텔,1,종이,오일 파스텔,,,
,,,,,,4056,"세라믹, 목판화",1,종이,목판,,학습 제외,
,,,,,,4057,금지채색,1,금속지,채색,,,
,,,,,,4058,"그림-견본채색, 글-지본묵서",1,종이,수묵,,,
,,,,,,4059,"견본채색, 지본묵서",1,종이,수묵,,,
,,,,,,4060,"바가지에 조각, 채색",1,기타,채색,,학습 제외,
,,,,,,4061,"지본묵서, 견본채색",1,종이,수묵,,,
,,,,,,4062,포스터에 수채,1,인쇄물,수채,,,
,,,,,,4063,"①6.8×15.5×10.5㎝, ②6.7×15.5×10.5㎝",1,기타,기타,분류 미매칭,학습 제외,
,,,,,,4064,이합장지에 흑연,1,장지,흑연,,,
,,,,,,4065,"인쇄물에 크레용, 사인펜",1,인쇄물,"오일 파스텔, 펜",,,
,,,,,,4066,종이에 연필·펜·수채,1,종이,수채,,,
,,,,,,4067,벨벳 순면지에 석판화,1,종이,석판,,,
,,,,,,4068,"캔버스에 아크릴릭, 목탄, 스프레이 페인트",1,캔버스,"아크릴릭, 목탄, 스프레이",,,
,,,,,,4069,"캔버스에 오일 스틱, 아크릴릭, 연필",1,캔버스,"오일스틱, 아크릴릭, 연필",,,
,,,,,,4070,"패널에 아크릴릭, 폴리머 페인트",1,패널,아크릴릭,,,
,,,,,,4071,"캔버스에 아크릴릭, 오일 파스텔",1,캔버스,"아크릴릭, 오일 파스텔",,,
,,,,,,4072,"캔버스에 아크릴릭, 스프레이 페인트, 오일 스틱",1,캔버스,"아크릴릭, 오일스틱, 스프레이",,,
,,,,,,4073,"캔버스에 아크릴릭, 오일 스틱",1,캔버스,"아크릴릭, 오일스틱",,,
,,,,,,4074,"캔버스에 오일 파스텔, 아크릴릭, 과슈",1,캔버스,"오일 파스텔, 아크릴릭, 과슈",,,
,,,,,,4075,"캔버스에 수묵, 아크릴릭 과슈",1,캔버스,"수묵, 아크릴릭",,,
,,,,,,4076,서머셋 광택지에 디지털 아카이브 프린트,1,종이,디지털 피그먼트 프린트,,,
,,,,,,4077,부조 판화,1,종이,릴리프,,,
,,,,,,4078,활자본·필사본,1,기타,기타,분류 미매칭,학습 제외,
,,,,,,4079,"스틸, 캔버스천, 아크릴릭",1,캔버스,아크릴,,학습 제외,
,,,,,,4080,한지부조 위에 혼합재료,1,한지,혼합재료,,,
,,,,,,4081,"합판에 조각, 유채",1,기타,유화,,학습 제외,
,,,,,,4082,지본묵,1,종이,수묵,,,
,,,,,,4083,"필사본, 목판본",1,기타,기타,분류 미매칭,학습 제외,
,,,,,,4084,석인본,1,기타,기타,분류 미매칭,학습 제외,
,,,,,,4085,"목판본, 필사본",1,기타,기타,분류 미매칭,학습 제외,
,,,,,,4086,"필사본, 인쇄본, 활자본",1,기타,기타,분류 미매칭,학습 제외,
,,,,,,4087,활자 인쇄본,1,기타,기타,분류 미매칭,학습 제외,
,,,,,,4088,지본은니,1,종이,기타,분류 미매칭,,
,,,,,,4089,종이 부채에 유채,1,부채,유채,,학습 제외,
,,,,,,4090,합성수지,1,기타,기타,분류 미매칭,학습 제외,
,,,,,,4091,"지본채색, 지본금니",1,종이,채색,,,
,,,,,,4092,매트지에 유채,1,종이,유채,,,
,,,,,,4093,페트에 크레용,1,기타,연필/드로잉,,학습 제외,
,,,,,,4094,목판에 양각,1,기타,기타,분류 미매칭,학습 제외,
,,,,,,4095,"그림-종이에 유채, 글-종이에 사인펜",1,종이,유화,,학습 제외,
,,,,,,4096,동판에 유채,1,동판,유채,,,
,,,,,,4097,"농부-에칭, 초상화-종이에 연필",1,종이,연필/드로잉,,학습 제외,
,,,,,,4098,지본채색·지본주사서,1,종이,채색,,,
,,,,,,4099,지본주서,1,종이,기타,분류 미매칭,,
,,,,,,4100,"목판본,필사본,활자본",1,기타,기타,분류 미매칭,학습 제외,
,,,,,,4101,"목판화, 다색 목판화",1,종이,목판,,,
,,,,,,4102,한지에 마커,1,한지,마커,,,
,,,,,,4103,함지박에 유채,1,기타,유화,,학습 제외,
,,,,,,4104,목재,1,목재,기타,분류 미매칭,,
,,,,,,4105,"지본채색, 지본수묵, 지본묵서",1,종이,수묵,,,
,,,,,,4106,네오 실크스크린 프린트,1,종이,실크스크린,,,
,,,,,,4107,"목판본, 인쇄본",1,기타,기타,분류 미매칭,학습 제외,
,,,,,,4108,"레진, 알루미늄, 우레탄 도장",1,금속,조각,,,
,,,,,,4109,실크에 채색,1,기타,채색,,학습 제외,
,,,,,,4110,점토에 채색,1,기타,채색,,학습 제외,
,,,,,,4111,부채에 혼합재료,1,부채,혼합재료,,,
,,,,,,4112,지본수묵·견본채색,1,종이,수묵,,,
,,,,,,4113,스텐실,1,종이,스텐실,분류 미매칭,,
,,,,,,4114,"지본탁본, 견본채색",1,종이,채색,,,
,,,,,,4115,Screen Printing with (Part of) Metallic Ink,1,종이,"실크스크린, 잉크",,,
,,,,,,4116,Nine Colour Lithographic Print on Somerset Velvet,1,종이,목판,,,
,,,,,,4117,Fine Art Print,1,기타,기타,분류 미매칭,학습 제외,
,,,,,,4118,Silkscreen by Luminous Paint Ink,1,종이,실크스크린,,,
,,,,,,4119,Three-Color Screen Print on Conventry Rag Paper,1,종이,기타,분류 미매칭,,
,,,,,,4120,Woolen Tapestry Rug,1,태피스트리,,,,
,,,,,,4121,Screen Printing with Ink,1,종이,"실크스크린, 잉크",,,
,,,,,,4122,Lithographic Printing with Embossing Effect,1,종이,"목판, 엠보싱",,,
,,,,,,4123,Crayon on Paper,1,종이,오일 파스텔,,,
,,,,,,4124,Mixed Media on Canvas,1,캔버스,혼합재료,,,
,,,,,,4125,Acrylic and Spray on Canvas,1,캔버스,"아크릴릭, 스프레이",,,
,,,,,,4126,Oil Stick and Acrylic on Canvas,1,캔버스,"아크릴릭, 오일스틱",,,
,,,,,,4127,Pigment Print,1,종이,디지털 피그먼트 프린트,분류 미매칭,,
,,,,,,4128,Giclee Print,1,종이,지클레이 프린트,,,
,,,,,,4129,지본전각화,1,종이,기타,분류 미매칭,,
,,,,,,4130,종이에 유채·콜라주,1,종이,"유채, 콜라주",,,
,,,,,,4131,"꽃-하드보드에 유채, 무제-캔버스에 유채",1,캔버스,유화,,학습 제외,
,,,,,,4132,"종이에 수묵채색, 석판화",1,종이,수묵,,,
,,,,,,4133,"오프셋 프린트, 석판화",1,종이,오프셋 프린트,,,
,,,,,,4134,"종이에 수채, 종이에 수묵",1,종이,수채,,,
,,,,,,4135,"목판화, 프린트",1,종이,목판,,,
,,,,,,4136,"염락풍아·이소경①-목판본, 이소경②-필사본",1,기타,기타,분류 미매칭,학습 제외,
,,,,,,4137,크롬 폴리스톤,1,없음,조각,,,
,,,,,,4138,"①·③·⑥·⑦·⑫활자본, ②·⑤·⑧·⑨·⑩·⑪·⑬필사본, ④목판본",1,기타,기타,분류 미매칭,학습 제외,
,,,,,,4139,나무에 생옻칠·건칠분 색칠,1,목재,옻칠/래커,,,
,,,,,,4140,견본자수·지본묵서,1,종이,수묵,,,
,,,,,,4141,"케이스-종이에 크레용, 오프셋 프린트",1,종이,"오프셋 프린트, 오일 파스텔",,,
,,,,,,4142,천에 건칠분 색칠,1,기타,기타,분류 미매칭,학습 제외,
,,,,,,4143,지본수묵·지본탁본,1,종이,수묵,,,
,,,,,,4144,하드보드에 파스텔·수채,1,목재,수채,,,
,,,,,,4145,에칭·아쿼틴트,1,종이,"에칭, 아쿼틴트",,,
,,,,,,4146,"그림-견본수묵, 글-지본묵서",1,종이,수묵,,,
,,,,,,4147,종이에 목탄·수채,1,종이,수채,,,
,,,,,,4148,"견본채색, 지본채색, 지본목판",1,종이,채색,,,
,,,,,,4149,"글-지본묵서, 그림-견본채색",1,종이,수묵,,,
,,,,,,4150,캔버스에 유채·아크릴,1,캔버스,"유채, 아크릴릭",,,
,,,,,,4151,낙엽에 유채,1,나뭇잎,유채,,,
,,,,,,4152,Arrows 3 Pieces Set,1,기타,기타,분류 미매칭,학습 제외,
,,,,,,4153,The Sutra of the Lotus,1,기타,기타,분류 미매칭,학습 제외,
,,,,,,4154,Eight-Fold Folding Screen with The Four Seasons Landscape,1,기타,기타,분류 미매칭,학습 제외,
,,,,,,4155,Ten-Fold Folding Screen with Hermit,1,기타,기타,분류 미매칭,학습 제외,
,,,,,,4156,Twelve-Fold Folding Screen with Hermit,1,기타,기타,분류 미매칭,학습 제외,
,,,,,,4157,Grayish-Blue-Powdered Celadon Jar with Arabesque Design,1,기타,기타,분류 미매칭,학습 제외,
,,,,,,4158,Ox-Horn Lamellas Open Square Table,1,기타,연필/드로잉,,학습 제외,
,,,,,,4159,Seal Engraving,1,기타,기타,분류 미매칭,학습 제외,
,,,,,,4160,My Life Poetry,1,기타,기타,분류 미매칭,학습 제외,
,,,,,,4161,Eight-Fold Folding Screen with Flock of Crane,1,기타,기타,분류 미매칭,학습 제외,
,,,,,,4162,Calligraphy('Deok-Yu-Rin'),1,기타,기타,분류 미매칭,학습 제외,
,,,,,,4163,A Pair of Flowers and Birds,1,기타,기타,분류 미매칭,학습 제외,
,,,,,,4164,Eight-Fold Screen with Character Abstraction('Hyo-Jae-Chung-Sin Ye-Ui-Yeom-Chi'),1,기타,기타,분류 미매칭,학습 제외,
,,,,,,4165,Cedrela Sinensis Wooden Flat Bed,1,목재,기타,분류 미매칭,,
,,,,,,4166,Wooden Colored Lacquerware Refreshments Tableware with Flowering Plant Design Set,1,목재,옻칠/래커,,,
,,,,,,4167,Plowing,1,기타,기타,분류 미매칭,학습 제외,
,,,,,,4168,Woodland Path,1,목재,기타,분류 미매칭,,
,,,,,,4169,The Forest,1,기타,기타,분류 미매칭,학습 제외,
,,,,,,4170,Calligraphy('Yong-Am-Seo-Sil'),1,기타,기타,분류 미매칭,학습 제외,
,,,,,,4171,"Crystal Necklace from 'Nak-Seon-Jae', Oxhorn Necklace",1,기타,기타,분류 미매칭,학습 제외,
,,,,,,4172,Hyeonmu(Black Tortoise),1,기타,기타,분류 미매칭,학습 제외,
,,,,,,4173,A Pair of Draft Poem,1,기타,기타,분류 미매칭,학습 제외,
,,,,,,4174,Twelve-Corner Small Medicine Table,1,기타,기타,분류 미매칭,학습 제외,
,,,,,,4175,Grayish-Blue-Powdered Celadon Bottle with Peony Design,1,기타,기타,분류 미매칭,학습 제외,
,,,,,,4176,Calligraphy('Song-Juk'),1,기타,기타,분류 미매칭,학습 제외,
,,,,,,4177,Ten-Fold Screen with Draft Poem,1,기타,기타,분류 미매칭,학습 제외,
,,,,,,4178,Engraving Celadon Porcelain Black & White Inlaid Intagliated Tableware with Bamboo and Arabesque Design Set,1,없음,도자,,,
,,,,,,4179,Hanji Fan with Taegeuk Pattern Design 8 Pieces Set,1,기타,기타,분류 미매칭,학습 제외,
,,,,,,4180,Celadon Porcelain Black & White inlaid Horseback Cup with Chrysanthemum Design,1,없음,도자,,,
,,,,,,4181,Bronze Vase with Mt. Geumgang Landscape Design,1,없음,조각,,,
,,,,,,4182,Engraving Celadon Porcelain Bowl with Grape Design 3 Pieces,1,없음,도자,,,
,,,,,,4183,Celadon Porcelain Small Kundika,1,없음,도자,,,
,,,,,,4184,Celadon Porcelain Basin,1,없음,도자,,,
,,,,,,4185,Red Lacquered Comb Box,1,기타,옻칠/래커,,학습 제외,
,,,,,,4186,Chinese porcelain 12 Pieces*,1,없음,도자,,,
,,,,,,4187,Basket Made by Paper Rope,1,종이,기타,분류 미매칭,,
,,,,,,4188,Tea Cabinet,1,기타,기타,분류 미매칭,학습 제외,
,,,,,,4189,Needlepoint Handicraft Pillows 73 Pieces,1,기타,기타,분류 미매칭,학습 제외,
,,,,,,4190,Jeju Mill,1,기타,기타,분류 미매칭,학습 제외,
,,,,,,4191,Blanket Chest of 'Jeju-do Province' Style,1,기타,기타,분류 미매칭,학습 제외,
,,,,,,4192,Go Board with 'Cho ChiKun' Signature,1,목재,기타,분류 미매칭,,
,,,,,,4193,Wooden Signboard 5 Pieces,1,목재,기타,분류 미매칭,,
,,,,,,4194,Purple Sand Tea Pot 8 Pieces,1,기타,기타,분류 미매칭,학습 제외,
,,,,,,4195,Needlepoint Handicraft 2 Pieces,1,기타,기타,분류 미매칭,학습 제외,
,,,,,,4196,Two-Tiered Wood Chest,1,목재,기타,분류 미매칭,,
,,,,,,4197,Two-Handled Pottery Covered Jar,1,기타,기타,분류 미매칭,학습 제외,
,,,,,,4198,"Jade Knickknack, Cloisonne Knickknack",1,기타,기타,분류 미매칭,학습 제외,
,,,,,,4199,Scale,1,기타,기타,분류 미매칭,학습 제외,
,,,,,,4200,Two-Tiered Wood Chest of 'Jeolla-do Province' Style,1,목재,기타,분류 미매칭,,
,,,,,,4201,An Ornamental Silver Knife,1,기타,기타,분류 미매칭,학습 제외,
,,,,,,4202,Antique Wall Clock(SEIKOSHA),1,기타,기타,분류 미매칭,학습 제외,
,,,,,,4203,Sacrificial Table for Incense with Anuruddha Print Design,1,기타,기타,분류 미매칭,학습 제외,
,,,,,,4204,Table with Lotus Flower and Arabesque Design,1,기타,기타,분류 미매칭,학습 제외,
,,,,,,4205,Table,1,기타,기타,분류 미매칭,학습 제외,
,,,,,,4206,Blanket Chest of 'Yeonggwang' Style,1,기타,기타,분류 미매칭,학습 제외,
,,,,,,4207,Tower,1,기타,기타,분류 미매칭,학습 제외,
,,,,,,4208,Hoi-Ryeong Cooling Bowl,1,기타,기타,분류 미매칭,학습 제외,
,,,,,,4209,Large Nozzle Hoi-Ryeong All Iron-Decorated Bottle,1,금속,기타,분류 미매칭,,
,,,,,,4210,Mirror Stand with Haetae Design,1,기타,기타,분류 미매칭,학습 제외,
,,,,,,4211,Signboard('Pil-Gyeong-Mun'),1,목재,기타,분류 미매칭,,
,,,,,,4212,Chinese Guirice Mirror Stand,1,기타,기타,분류 미매칭,학습 제외,
,,,,,,4213,Chinese Guirice Dining Table,1,기타,기타,분류 미매칭,학습 제외,
,,,,,,4214,Chinese Guirice Open Square Table,1,기타,연필/드로잉,,학습 제외,
,,,,,,4215,Chinese Guirice Mirror with Flowering Plant Design,1,기타,기타,분류 미매칭,학습 제외,
,,,,,,4216,Chinese Guirice Consol,1,기타,기타,분류 미매칭,학습 제외,
,,,,,,4217,Red Lacquered Three-Tiered Wood Chest with Arabesque Design Set,1,목재,옻칠/래커,,,
,,,,,,4218,Red Lacquered Three-Tiered Wood Chest Set,1,목재,옻칠/래커,,,
,,,,,,4219,Ten-Fold Folding Screen with Flower and Animals,1,기타,기타,분류 미매칭,학습 제외,
,,,,,,4220,Calligraphy('Ji-In-Yong-Sim-Yeo-Gyeong'),1,기타,기타,분류 미매칭,학습 제외,
,,,,,,4221,The Garden of Light,1,기타,기타,분류 미매칭,학습 제외,
,,,,,,4222,Boy,1,기타,기타,분류 미매칭,학습 제외,
,,,,,,4223,Snow Mountain,1,기타,기타,분류 미매칭,학습 제외,
,,,,,,4224,Ceramics Exhibition Catalog 8 Books,1,없음,도자,,,
,,,,,,4225,Bronze Mirror 2 Pieces,1,없음,조각,,,
,,,,,,4226,Lacquerware Inlaid with Mother-of-Pearl Mirror Stand with Arabesque Design,1,기타,옻칠/래커,,학습 제외,
,,,,,,4227,Lacquerware Inlaid with Mother-of-Pearl Comb Box,1,기타,옻칠/래커,,학습 제외,
,,,,,,4228,"Rotal Salute 21 years old, Ballantine's 30 years old",1,기타,기타,분류 미매칭,학습 제외,
,,,,,,4229,Six-Fold Folding Screen with Soldering Picture('The Ruins of Gyeongju'),1,기타,기타,분류 미매칭,학습 제외,
,,,,,,4230,Green Celadon Porcelain Intagliated Gourd Dipper Shaped Bottle with Undulation Design,1,없음,도자,,,
,,,,,,4231,Six-Fold Folding Screen with The Six Famous Spots in Eastern Korea Landscape,1,기타,기타,분류 미매칭,학습 제외,
,,,,,,4232,Royal Edict of Labor Exemption 3 Pieces,1,기타,기타,분류 미매칭,학습 제외,
,,,,,,4233,Gilt Stamp 7 Pieces,1,기타,기타,분류 미매칭,학습 제외,
,,,,,,4234,Cordial Congratulation 2 Pieces,1,기타,기타,분류 미매칭,학습 제외,
,,,,,,4235,Blanket Chest of 'Gyeongsang-do Province' Style,1,기타,기타,분류 미매칭,학습 제외,
,,,,,,4236,T-shaped Armrest of High Priest of Buddhism,1,기타,기타,분류 미매칭,학습 제외,
,,,,,,4237,Inkstone from 'Nak-Seon-Jae' 3 Pieces,1,기타,수묵,,학습 제외,
,,,,,,4238,Eight-Corner Two-Handled Agalmatolite Brazier,1,기타,기타,분류 미매칭,학습 제외,
,,,,,,4239,Dining Table,1,기타,기타,분류 미매칭,학습 제외,
,,,,,,4240,Blanket Chest of 'Gyeonggi-do Province' Style,1,기타,기타,분류 미매칭,학습 제외,
,,,,,,4241,The Opening and Closing Ceremony of The ⅩⅩⅣ th Olympiad Seoul 1988 Memorial Prints Set(20 Pieces),1,기타,기타,분류 미매칭,학습 제외,
,,,,,,4242,Huntingscene 4 Pieces,1,기타,기타,분류 미매칭,학습 제외,
,,,,,,4243,Royal Foxglove Tree Brush Case,1,기타,기타,분류 미매칭,학습 제외,
,,,,,,4244,Five Code of Morals 5 Volume Comment Book,1,기타,기타,분류 미매칭,학습 제외,
,,,,,,4245,Twelve-Corner Steamer Table,1,기타,기타,분류 미매칭,학습 제외,
,,,,,,4246,Le Penseur,1,기타,기타,분류 미매칭,학습 제외,
,,,,,,4247,Poetical Works,1,기타,기타,분류 미매칭,학습 제외,
,,,,,,4248,Stone Seal,1,기타,기타,분류 미매칭,학습 제외,
,,,,,,4249,Ship Steering Gear 2 Pieces,1,기타,기타,분류 미매칭,학습 제외,
,,,,,,4250,Documenat of Presenting a Memorial to the King 3 Pieces,1,기타,기타,분류 미매칭,학습 제외,
,,,,,,4251,Ten-Fold Folding Screen with Landscape,1,기타,기타,분류 미매칭,학습 제외,
,,,,,,4252,Eight-Fold Folding Screen with Landscape,1,기타,기타,분류 미매칭,학습 제외,
,,,,,,4253,Grayish-Blue-Powdered Celadon Iron-Decorated Bottle with Tang's Plant Design,1,금속,기타,분류 미매칭,,
,,,,,,4254,Grated Red Earthenware Jar,1,기타,기타,분류 미매칭,학습 제외,
,,,,,,4255,Four-Tiered Table,1,기타,기타,분류 미매칭,학습 제외,
,,,,,,4256,12 Pairs of White Shoes,1,기타,기타,분류 미매칭,학습 제외,
,,,,,,4257,Grayish-Blue-Powdered Celadon Bowl with Print Design,1,기타,기타,분류 미매칭,학습 제외,
,,,,,,4258,Grayish-Blue-Powdered Celadon Tureen with Print Design,1,기타,기타,분류 미매칭,학습 제외,
,,,,,,4259,Grayish-Blue-Powdered Celadon Tea Bowl with Paste Brush Design,1,기타,기타,분류 미매칭,학습 제외,
,,,,,,4260,White & Blue Porcelain Jar with Peach Blossom and Seven Treasures Design,1,없음,도자,,,
,,,,,,4261,White & Blue Porcelain Jar with Peony Design 2 Pieces,1,없음,도자,,,
,,,,,,4262,Eight-Corner White & Blue Porcelain Bottle with Landscape Design,1,없음,도자,,,
,,,,,,4263,White & Blue Porcelain Jar with Rocks and Orchids Design,1,없음,도자,,,
,,,,,,4264,"Seven-Corner White & Blue Porcelain Water Dropper with Lotus Flowers Design, White & Blue Porcelain Water Dropper with 'Cheon-Il-Saeng-Su' Prints and Seven Treasures Design",1,없음,도자,,,
,,,,,,4265,Eight-Corner White & Blue Porcelain Jar with Flowering Plant Design,1,없음,도자,,,
,,,,,,4266,White & Blue Porcelain Jar with Seven Treasures Design,1,없음,도자,,,
,,,,,,4267,White Porcelain Iron-Decorated Bratticing Brush Case with Cloud and Crane Design,1,금속,도자,,,
,,,,,,4268,Wish for Longevity and Happiness,1,기타,기타,분류 미매칭,학습 제외,
,,,,,,4269,White Porcelain Rice-Cake Pattern 8 Pieces,1,없음,도자,,,
,,,,,,4270,White Porcelain lncense Burner,1,없음,도자,,,
,,,,,,4271,Blanket Chest of 'Bakcheon Province' Style,1,기타,기타,분류 미매칭,학습 제외,
,,,,,,4272,Engraving White Porcelain Bottle with Ume Flower and Bamboo Design,1,없음,도자,,,
,,,,,,4273,Chinese Guirice Table with Flowering Plant Design,1,기타,기타,분류 미매칭,학습 제외,
,,,,,,4274,Intaglio Earthenware Flat Bottle with Line Design,1,기타,기타,분류 미매칭,학습 제외,
,,,,,,4275,Clay Doll,1,기타,기타,분류 미매칭,학습 제외,
,,,,,,4276,Cloisonne Ornamental Hairpin 2 Pieces,1,기타,기타,분류 미매칭,학습 제외,
,,,,,,4277,Celadon Porcelain Intaglited Black & White Inlaid Glass and Saucer with Arabesque Design,1,없음,도자,,,
,,,,,,4278,Engraving Celadon Porcelain Bowl with Carved Lotus Design,1,없음,조각,,,
,,,,,,4279,Earthenware 10 Pieces,1,기타,기타,분류 미매칭,학습 제외,
,,,,,,4280,Earthenware 6 Pieces,1,기타,기타,분류 미매칭,학습 제외,
,,,,,,4281,Celadon Porcelain Intagliated Small Bottle with Lotus Flower and Arabesque Design,1,없음,도자,,,
,,,,,,4282,Celadon Porcelain Iron-Decorated Oil Bottle with Arabesque Design,1,금속,유화,,학습 제외,
,,,,,,4283,Wooden Adzuki Beans Chest,1,목재,기타,분류 미매칭,,
,,,,,,4284,Hermit under The Pine Tree,1,기타,기타,분류 미매칭,학습 제외,
,,,,,,4285,Celadon Porcelain Black & White inlaid Bottle with Lotus Flower and Arabesque Design,1,없음,도자,,,
,,,,,,4286,A Pair of Variety of Dishes and Flowers,1,기타,기타,분류 미매칭,학습 제외,
,,,,,,4287,Two-Handled Engraving White Porcelain Bottle with Lotus Flower Design,1,없음,도자,,,
,,,,,,4288,Grayish-Blue-Powdered Celadon Tea Bowl with Paste Brush and Print Design,1,기타,기타,분류 미매칭,학습 제외,
,,,,,,4289,Calligraphy('Gi-Eon-Yeo-Chun'),1,기타,기타,분류 미매칭,학습 제외,
,,,,,,4290,Crane 2 Pieces,1,기타,기타,분류 미매칭,학습 제외,
,,,,,,4291,Port,1,기타,기타,분류 미매칭,학습 제외,
,,,,,,4292,Conjugal,1,기타,기타,분류 미매칭,학습 제외,
,,,,,,4293,Signboard('Pung-Jeong-Wol-Dang'),1,목재,기타,분류 미매칭,,
,,,,,,4294,River Scene,1,기타,기타,분류 미매칭,학습 제외,
,,,,,,4295,Red Plum Blossom on Fan,1,기타,기타,분류 미매칭,학습 제외,
,,,,,,4296,Mt. Geumgang Landscape,1,기타,기타,분류 미매칭,학습 제외,
,,,,,,4297,Fairy Land,1,기타,기타,분류 미매칭,학습 제외,
,,,,,,4298,Ulleungdo Island Do-dong's Reverted Fisherman Landscape,1,기타,기타,분류 미매칭,학습 제외,
,,,,,,4299,Deers on Fan,1,기타,기타,분류 미매칭,학습 제외,
,,,,,,4300,Two Pine Tree,1,기타,기타,분류 미매칭,학습 제외,
,,,,,,4301,Calligraphy('Jeong-Il'),1,기타,기타,분류 미매칭,학습 제외,
,,,,,,4302,Cyan Porcelain Vase,1,없음,도자,,,
,,,,,,4303,Nude Woman,1,기타,기타,분류 미매칭,학습 제외,
,,,,,,4304,Oddly Shaped Stones and Bamboo,1,기타,기타,분류 미매칭,학습 제외,
,,,,,,4305,Variety of Dishes and Flowers,1,기타,기타,분류 미매칭,학습 제외,
,,,,,,4306,Lotus Flowers and Crab,1,기타,기타,분류 미매칭,학습 제외,
,,,,,,4307,Farm Dance,1,기타,기타,분류 미매칭,학습 제외,
,,,,,,4308,White Porcelain Tea Bowl,1,없음,도자,,,
,,,,,,4309,Portrait of a Beauty,1,기타,기타,분류 미매칭,학습 제외,
,,,,,,4310,Six-Fold Folding Screen with Oddly Shaped Stones and Orchid,1,기타,기타,분류 미매칭,학습 제외,
,,,,,,4311,Late Autumn Of Mt.Keumgang,1,기타,기타,분류 미매칭,학습 제외,
,,,,,,4312,Lotus Flower and Wild Geese,1,기타,기타,분류 미매칭,학습 제외,
,,,,,,4313,Woodblock with The Heart Sutra,1,종이,판화,,학습 제외,
,,,,,,4314,Cast Iron Tea Brazier,1,금속,조각,,,
,,,,,,4315,Cast Iron Brazier,1,금속,조각,,,
,,,,,,4316,Scrapbook of Writings,1,기타,기타,분류 미매칭,학습 제외,
,,,,,,4317,Wooden Chest,1,목재,기타,분류 미매칭,,
,,,,,,4318,Wooden Statue of Standing Buddha,1,목재,기타,분류 미매칭,,
,,,,,,4319,Various Scenes Painting Book(24 Pages)*,1,기타,기타,분류 미매칭,학습 제외,
,,,,,,4320,Celadon Porcelain Black & White Inlaid Prunus Vase with Cloud and Crane Design,1,없음,도자,,,
,,,,,,4321,"Bow, Arrows, Quiver Set",1,기타,기타,분류 미매칭,학습 제외,
,,,,,,4322,Jar and Flowers,1,기타,기타,분류 미매칭,학습 제외,
,,,,,,4323,Grayish-Blue-Powdered Celadon Jar with Peony Design,1,기타,기타,분류 미매칭,학습 제외,
,,,,,,4324,Wave,1,기타,기타,분류 미매칭,학습 제외,
,,,,,,4325,Pine Tree,1,기타,기타,분류 미매칭,학습 제외,
,,,,,,4326,Fisherman*,1,기타,기타,분류 미매칭,학습 제외,
,,,,,,4327,Calligraphy('Don-Hu-Sung-Rye'),1,기타,기타,분류 미매칭,학습 제외,
,,,,,,4328,Architectura 4 Books Complete Collection,1,기타,기타,분류 미매칭,학습 제외,
,,,,,,4329,"Grapes, River Scene with Boat",1,기타,기타,분류 미매칭,학습 제외,
,,,,,,4330,Calligraphy('Sim-Sa-Han-Jo'),1,기타,기타,분류 미매칭,학습 제외,
,,,,,,4331,Huntingscene,1,기타,기타,분류 미매칭,학습 제외,
,,,,,,4332,lncense Burner,1,기타,기타,분류 미매칭,학습 제외,
,,,,,,4333,Photographic Edition of Independence Manuscript,1,기타,사진/디지털,,학습 제외,
,,,,,,4334,Grayish-Blue-Powdered Celadon Jar with Paste Brush and Reed Mat Print Design,1,기타,기타,분류 미매칭,학습 제외,
,,,,,,4335,Nude Women,1,기타,기타,분류 미매칭,학습 제외,
,,,,,,4336,Two-Fold Folding Screen with Fish Painting,1,기타,기타,분류 미매칭,학습 제외,
,,,,,,4337,The River to Play,1,기타,기타,분류 미매칭,학습 제외,
,,,,,,4338,Pensive Bodhisattva,1,기타,기타,분류 미매칭,학습 제외,
,,,,,,4339,Woman,1,기타,기타,분류 미매칭,학습 제외,
,,,,,,4340,"Etiquette Lesson Two Books('Sang-Rye-Bi-Yo'), Anthology of 'Lee Hwang' Works No.7, No.10 2 Books, Anthology of 'SongJe' Poems 3 Books, Anthology of 'Lee Hwang' Words 4 Books Complete Collection",1,기타,기타,분류 미매칭,학습 제외,
,,,,,,4341,Landscape with Thatched House,1,기타,기타,분류 미매칭,학습 제외,
,,,,,,4342,Eight-Fold Folding Screen with Eight Gracious Plants,1,기타,기타,분류 미매칭,학습 제외,
,,,,,,4343,Circular Dining Table of 'Gangwon-do Province' Style,1,기타,기타,분류 미매칭,학습 제외,
,,,,,,4344,White Porcelain Jar('Min-Jonk-Jung-Heung'),1,없음,도자,,,
,,,,,,4345,Genealogical,1,기타,기타,분류 미매칭,학습 제외,
,,,,,,4346,"Wooden Spectacle Case, Fishskin Spectacle Case 4 Pieces",1,목재,기타,분류 미매칭,,
,,,,,,4347,Hermits of Fairly Land,1,기타,기타,분류 미매칭,학습 제외,
,,,,,,4348,Roofend Tile 7 Pieces,1,기타,기타,분류 미매칭,학습 제외,
,,,,,,4349,White & Blue Porcelain Jar with 'Bu-Gwi-Chun-Hwa-Wu-Hu-Hong' Print Design,1,없음,도자,,,
,,,,,,4350,A Pair of Wooden Sabot,1,목재,기타,분류 미매칭,,
,,,,,,4351,White & Blue Porcelain Jar with Fingered Citron Design,1,없음,도자,,,
,,,,,,4352,Lacquerware Inlaid with Mother-of-Pearl Dressing Table with Flower and Animals Design,1,기타,옻칠/래커,,학습 제외,
,,,,,,4353,Hermit,1,기타,기타,분류 미매칭,학습 제외,
,,,,,,4354,Pottery Kettle Shaped Jar,1,기타,기타,분류 미매칭,학습 제외,
,,,,,,4355,Deers,1,기타,기타,분류 미매칭,학습 제외,
,,,,,,4356,Innocence of Childhood,1,기타,기타,분류 미매칭,학습 제외,
,,,,,,4357,Adam and Eve,1,기타,기타,분류 미매칭,학습 제외,
,,,,,,4358,Korea Art 5000 Years Painting Book - The Joseon Dynasty Art 3,1,기타,기타,분류 미매칭,학습 제외,
,,,,,,4359,Flowering Plant 5 Pieces,1,기타,기타,분류 미매칭,학습 제외,
,,,,,,4360,Appreciation Method 4 Books Complete Collection,1,기타,기타,분류 미매칭,학습 제외,
,,,,,,4361,The Chinese Classics the Four Books Complete Collection,1,기타,기타,분류 미매칭,학습 제외,
,,,,,,4362,Armillary Complete Map,1,기타,기타,분류 미매칭,학습 제외,
,,,,,,4363,Ox-Horn Lamellas Jewel Box with Genre Painting Design 5 Pieces,1,기타,기타,분류 미매칭,학습 제외,
,,,,,,4364,Plant Stand 6 Pieces,1,기타,기타,분류 미매칭,학습 제외,
,,,,,,4365,Chinese Guirice Hexagon Table,1,기타,기타,분류 미매칭,학습 제외,
,,,,,,4366,Chinese Guirice Table and Chairs Set,1,기타,기타,분류 미매칭,학습 제외,
,,,,,,4367,Jin Soowon's Medical 4 Books Complete Collection,1,기타,기타,분류 미매칭,학습 제외,
,,,,,,4368,Bronze Iron,1,금속,조각,,,
,,,,,,4369,Bronze Medication Mortar and Pestle,1,없음,조각,,,
,,,,,,4370,Two-Handled Earthenware Jar with Reed Mat Print Design,1,기타,기타,분류 미매칭,학습 제외,
,,,,,,4371,Earthenware Covered Mug,1,기타,기타,분류 미매칭,학습 제외,
,,,,,,4372,Earthenware Teapot,1,기타,기타,분류 미매칭,학습 제외,
,,,,,,4373,Earthenware Mounted Cup 2 Pieces,1,기타,기타,분류 미매칭,학습 제외,
,,,,,,4374,Earthenware Mug 3 Pieces,1,기타,기타,분류 미매칭,학습 제외,
,,,,,,4375,Geography Old Landscape 2 Books Complete Collection,1,기타,기타,분류 미매칭,학습 제외,
,,,,,,4376,Still-Life Painting*,1,기타,기타,분류 미매칭,학습 제외,
,,,,,,4377,Purple Porcelain Moon Jar,1,없음,도자,,,
,,,,,,4378,Celadon Porcelain Intagliated Kettle with Cloud Design,1,없음,도자,,,
,,,,,,4379,A Pair of Bronze Candlestick,1,없음,조각,,,
,,,,,,4380,White & Blue Porcelain Iron-Decorated Jar with Peony Design,1,금속,도자,,,
,,,,,,4381,Grayish-Blue-Powdered & Colored Celadon Jar with Tiger and Magpie Design,1,기타,기타,분류 미매칭,학습 제외,
,,,,,,4382,King,1,기타,기타,분류 미매칭,학습 제외,
,,,,,,4383,Physiognomy 4 Books Complete Collection,1,기타,기타,분류 미매칭,학습 제외,
,,,,,,4384,Landscape on Fan,1,기타,기타,분류 미매칭,학습 제외,
,,,,,,4385,Rocks and Orchids,1,기타,기타,분류 미매칭,학습 제외,
,,,,,,4386,Guardian Spirit of Mountain,1,기타,기타,분류 미매칭,학습 제외,
,,,,,,4387,Collaboration Calligraphy,1,기타,기타,분류 미매칭,학습 제외,
,,,,,,4388,Arts Catalog Special Edition(Joseon Dynasty),1,기타,기타,분류 미매칭,학습 제외,
,,,,,,4389,Moon of Seoul - Dream of Happiness,1,기타,기타,분류 미매칭,학습 제외,
,,,,,,4390,Hermit under the Tree,1,기타,기타,분류 미매칭,학습 제외,
,,,,,,4391,Longevity,1,기타,기타,분류 미매칭,학습 제외,
,,,,,,4392,Eight-Fold Folding Screen with Group of Tigers,1,기타,기타,분류 미매칭,학습 제외,
,,,,,,4393,The Remaining Snow,1,기타,기타,분류 미매칭,학습 제외,
,,,,,,4394,Eight-Fold Screen with Seal Engraving,1,기타,기타,분류 미매칭,학습 제외,
,,,,,,4395,Confucian Scripture 4 Books Complete Collection,1,기타,기타,분류 미매칭,학습 제외,
,,,,,,4396,Endless Longevity,1,기타,기타,분류 미매칭,학습 제외,
,,,,,,4397,Two Cranes,1,기타,기타,분류 미매칭,학습 제외,
,,,,,,4398,Circle,1,기타,기타,분류 미매칭,학습 제외,
,,,,,,4399,Calligraphy('Bul'),1,기타,기타,분류 미매칭,학습 제외,
,,,,,,4400,Signboard('Ji-In-Yong'),1,목재,기타,분류 미매칭,,
,,,,,,4401,Eight-Fold Screen with Draft Poem,1,기타,기타,분류 미매칭,학습 제외,
,,,,,,4402,Twelve-Fold Screen with Bamboo,1,기타,기타,분류 미매칭,학습 제외,
,,,,,,4403,Paintings and Calligraphic Works Book,1,기타,기타,분류 미매칭,학습 제외,
,,,,,,4404,Five Melodies in the East,1,기타,기타,분류 미매칭,학습 제외,
,,,,,,4405,Bull Fighting,1,기타,기타,분류 미매칭,학습 제외,
,,,,,,4406,Signboard('San-Hae-Sung-Sim'),1,목재,기타,분류 미매칭,,
,,,,,,4407,Signboard('Juk-Ro-Ji-Sil'),1,목재,기타,분류 미매칭,,
,,,,,,4408,Signboard(Draft Poem),1,목재,기타,분류 미매칭,,
,,,,,,4409,Calligraphy('Bing-Cheong-Ok-Gyeol'),1,기타,기타,분류 미매칭,학습 제외,
,,,,,,4410,Fishing Village,1,기타,기타,분류 미매칭,학습 제외,
,,,,,,4411,The Virgin Mary,1,기타,기타,분류 미매칭,학습 제외,
,,,,,,4412,Jesus(Relievo),1,기타,기타,분류 미매칭,학습 제외,
,,,,,,4413,Family Story,1,기타,기타,분류 미매칭,학습 제외,
,,,,,,4414,Calligraphy('Seo-Hae-Maeng-San'),1,기타,기타,분류 미매칭,학습 제외,
,,,,,,4415,Sister Gilrye,1,기타,기타,분류 미매칭,학습 제외,
,,,,,,4416,Two-Fold Folding Screen with Summer Landscape and Autumn Landscape,1,기타,기타,분류 미매칭,학습 제외,
,,,,,,4417,Nocturnal Plum Blossom,1,기타,기타,분류 미매칭,학습 제외,
,,,,,,4418,Fish Painting,1,기타,기타,분류 미매칭,학습 제외,
,,,,,,4419,Spring Landscape,1,기타,기타,분류 미매칭,학습 제외,
,,,,,,4420,Calligraphy('Gyeong-Cheon-Ae-In'),1,기타,기타,분류 미매칭,학습 제외,
,,,,,,4421,Ten-Fold Folding Screen with Flowers and Birds,1,기타,기타,분류 미매칭,학습 제외,
,,,,,,4422,Pine and Taoist Hermit,1,기타,기타,분류 미매칭,학습 제외,
,,,,,,4423,Eight-Fold Screen with Flowers and Birds,1,기타,기타,분류 미매칭,학습 제외,
,,,,,,4424,Laundry,1,기타,기타,분류 미매칭,학습 제외,
,,,,,,4425,White & Blue Porcelain Bottle with Ume Flower and Bamboo Design,1,없음,도자,,,
,,,,,,4426,White & Blue Porcelain Condiments Jar with Peony Design,1,없음,도자,,,
,,,,,,4427,Intaglio White Porcelain,1,없음,도자,,,
,,,,,,4428,2 Pairs of White Porcelain Iron-Decorated Couple Dolls,1,금속,도자,,,
,,,,,,4429,White Porcelain Iron-Decorated Inlaid Bowl with Arabesque Design,1,금속,도자,,,
,,,,,,4430,White Porcelain Spittoon,1,없음,도자,,,
,,,,,,4431,Eight-Corner White Porcelain Bottle,1,없음,도자,,,
,,,,,,4432,White Porcelain Flower Shaped Dish using for Sweet Rice Drink,1,기타,수묵,,학습 제외,
,,,,,,4433,The Mythological Age-Dance,1,기타,기타,분류 미매칭,학습 제외,
,,,,,,4434,Eight-Fold Folding Screen with Reed and Wild Geese,1,기타,기타,분류 미매칭,학습 제외,
,,,,,,4435,Lacquerware Inlaid with Mother-of-Pearl Tea Cabinet with Legendary Scene Design,1,기타,옻칠/래커,,학습 제외,
,,,,,,4436,Gilt-Bronze Standing Buddha,1,없음,조각,,,
,,,,,,4437,Chest for Brass Coin Storage of 'Geumsan-gun' Style,1,기타,기타,분류 미매칭,학습 제외,
,,,,,,4438,Smoking Pipe 100 Pieces,1,기타,기타,분류 미매칭,학습 제외,
,,,,,,4439,Wooden Tiger Shaped Arm Rest,1,목재,기타,분류 미매칭,,
,,,,,,4440,Inlaid with Hawksbill Sea Turtle Shell and Mother-of-pearl Fruit Dish with Phoenix Design,1,기타,기타,분류 미매칭,학습 제외,
,,,,,,4441,Eight-Fold Folding Screen with Children,1,기타,기타,분류 미매칭,학습 제외,
,,,,,,4442,White Porcelain Bottle,1,없음,도자,,,
,,,,,,4443,White Porcelain Small Jar,1,없음,도자,,,
,,,,,,4444,Rubber Plate 3 Pieces,1,기타,기타,분류 미매칭,학습 제외,
,,,,,,4445,Zelkova Blanket Chest,1,기타,기타,분류 미매칭,학습 제외,
,,,,,,4446,Zelkova Blanket Chest of 'Gyeongsang-do Province' Style,1,기타,기타,분류 미매칭,학습 제외,
,,,,,,4447,Legendary Scene,1,기타,기타,분류 미매칭,학습 제외,
,,,,,,4448,Celadon Porcelain Fruit Shaped Kettle,1,없음,도자,,,
,,,,,,4449,Celadon Porcelain Black & White Inlaid Prunus Vase with Chrysanthemum and Reed Design,1,없음,도자,,,
,,,,,,4450,Celadon Porcelain Black & White Inlaid Bottle with Chrysanthemum Design 2 Pieces,1,없음,도자,,,
,,,,,,4451,White & Blue Porcelain Jar with Cloud and Dragon Design,1,없음,도자,,,
,,,,,,4452,White & Blue Porcelain Bottle with Cloud and Dragon Design,1,없음,도자,,,
,,,,,,4453,White & Blue Porcelain Dish with Cloud and Crane Design,1,없음,도자,,,
,,,,,,4454,White & Blue Porcelain Jar with Bamboo Design,1,없음,도자,,,
,,,,,,4455,White & Blue Porcelain Water Dropper with Flowering Plant Design 3 Pieces,1,없음,도자,,,
,,,,,,4456,White & Blue Porcelain Dish with 'Bok' Print and Chestnuts Design 4 Pieces,1,없음,도자,,,
,,,,,,4457,Grayish-Blue-Powdered Celadon Bottle with Arabesque Design,1,기타,기타,분류 미매칭,학습 제외,
,,,,,,4458,"The Sutra of the Miracle Lotus Volume One, Two",1,기타,기타,분류 미매칭,학습 제외,
,,,,,,4459,Grayish-Blue-Powdered Celadon Bowl with 'Nae-Seom' Print Design,1,기타,기타,분류 미매칭,학습 제외,
,,,,,,4460,Grayish-Blue-Powdered Celadon Bottle with Paste Brush Design,1,기타,기타,분류 미매칭,학습 제외,
,,,,,,4461,A Pair of Bogle Stone Statue,1,기타,기타,분류 미매칭,학습 제외,
,,,,,,4462,The Stone Statue of Child,1,기타,기타,분류 미매칭,학습 제외,
,,,,,,4463,Three Stories Cupboard,1,목재,기타,분류 미매칭,,
,,,,,,4464,Ivory Jewelled Necklace with Precious Stones,1,기타,기타,분류 미매칭,학습 제외,
,,,,,,4465,Intaglio Grayish-Blue-Powdered Celadon Ritual Bottle with a Pair of Fish Design,1,기타,기타,분류 미매칭,학습 제외,
,,,,,,4466,Grayish-Blue-Powdered Celadon Flat Bottle with Grass Leaves Design,1,기타,기타,분류 미매칭,학습 제외,
,,,,,,4467,Grayish-Blue-Powdered Celadon Iron-Decorated Bottle with Ginseng Leaves Design,1,금속,기타,분류 미매칭,,
,,,,,,4468,Grayish-Blue-Powdered Celadon Bowl with Print and Reed Mat Print Design,1,기타,기타,분류 미매칭,학습 제외,
,,,,,,4469,Grayish-Blue-Powdered Celadon Prunus Vase with Print and Reed Mat Print Design,1,기타,기타,분류 미매칭,학습 제외,
,,,,,,4470,White Porcelain Medicine Jar,1,없음,도자,,,
,,,,,,4471,White Porcelain Covered Medicine Jar,1,없음,도자,,,
,,,,,,4472,White Porcelain Covered Jar,1,없음,도자,,,
,,,,,,4473,Bronze Statue of Kim Gu,1,없음,조각,,,
,,,,,,4474,White & Blue Porcelain Jar with 'Su-Bok' Print Design,1,없음,도자,,,
,,,,,,4475,White & Blue Porcelain Knee Shaped Water Dropper with Chrysanthemum Design,1,없음,도자,,,
,,,,,,4476,Winter Holidays,1,기타,기타,분류 미매칭,학습 제외,
,,,,,,4477,Green Moss,1,기타,기타,분류 미매칭,학습 제외,
,,,,,,4478,Statue of Woman,1,기타,기타,분류 미매칭,학습 제외,
,,,,,,4479,Wooden Flat Bed,1,목재,기타,분류 미매칭,,
,,,,,,4480,Freedom from all Ideas and Thoughts,1,기타,기타,분류 미매칭,학습 제외,
,,,,,,4481,Bronze Kundika,1,없음,조각,,,
,,,,,,4482,Red Lacquered Jewel Box,1,기타,옻칠/래커,,학습 제외,
,,,,,,4483,A Pair of Child-Shaped Stone Statue from Jeju-do,1,기타,기타,분류 미매칭,학습 제외,
,,,,,,4484,Earthenware Oil Lamp,1,기타,유화,,학습 제외,
,,,,,,4485,Earthenware Long-necked Jar with Horse Design,1,기타,기타,분류 미매칭,학습 제외,
,,,,,,4486,Earthenware Deer Decorated Cup,1,기타,기타,분류 미매칭,학습 제외,
,,,,,,4487,Celadon Porcelain Flower Shaped Bowl with Fishing Net Design,1,없음,도자,,,
,,,,,,4488,Celadon Porcelain Intaglited Tea Bowl with Arabesque Design,1,없음,도자,,,
,,,,,,4489,Three-Tiered Chinese Guirice Chest with Flower and Bird Design,1,기타,기타,분류 미매칭,학습 제외,
,,,,,,4490,Skin of Leopard,1,기타,기타,분류 미매칭,학습 제외,
,,,,,,4491,A Pair of the Stone Statue of Jangseung,1,기타,기타,분류 미매칭,학습 제외,
,,,,,,4492,Collection of Su Shi's letters and other 9 Books,1,기타,기타,분류 미매칭,학습 제외,
,,,,,,4493,Ten-Fold Folding Screen with Needlepoint Old Chinese Bronzeware,1,없음,조각,,,
,,,,,,4494,Ten-Fold Folding Screen with Needlepoint Longevity and Happiness,1,기타,기타,분류 미매칭,학습 제외,
,,,,,,4495,Official Rank's Mark with Cloud and Crane Design,1,기타,기타,분류 미매칭,학습 제외,
,,,,,,4496,"Two-Tiered Wooden Stories Chest of ""Ulsan"" Style",1,목재,기타,분류 미매칭,,
,,,,,,4497,"Brassware Candlestick, Brassware Lamp Stand",1,기타,기타,분류 미매칭,학습 제외,
,,,,,,4498,Painting of Buddha Nirvana,1,기타,기타,분류 미매칭,학습 제외,
,,,,,,4499,Twelve-Fold Screen with Peony,1,기타,기타,분류 미매칭,학습 제외,
,,,,,,4500,Love Song,1,기타,기타,분류 미매칭,학습 제외,
,,,,,,4501,Signboard('Hyang-Seong-Mu-Jin'),1,목재,기타,분류 미매칭,,
,,,,,,4502,"캔버스에 유채, 석채",1,캔버스,"유채, 석채",,,
,,,,,,4503,"그림-한지 콜라주에 수묵, 조소-닥종이",1,종이,수묵,,학습 제외,
,,,,,,4504,글-지본묵서,1,종이,수묵,,,
,,,,,,4505,패널에 석채,1,목재,채색,,,
,,,,,,4506,그림,1,기타,기타,분류 미매칭,학습 제외,
,,,,,,4507,"동오천발신참비·안노공법첩·란첩-탁본, 하인불기고원정-필사본",1,기타,기타,분류 미매칭,학습 제외,
,,,,,,4508,"탁본, 목판본, 필사본",1,기타,기타,분류 미매칭,학습 제외,
,,,,,,4509,"지본묵서, 종이에 펜",1,종이,수묵,,,
,,,,,,4510,다색,1,기타,기타,분류 미매칭,학습 제외,
,,,,,,4511,한지에,1,종이,기타,분류 미매칭,학습 제외,
,,,,,,4512,종이에 수채·색연필,1,종이,수채,,,
,,,,,,4513,"목판본, 필사본, 석판본",1,기타,기타,분류 미매칭,학습 제외,
,,,,,,4514,견본금사,1,비단,기타,분류 미매칭,,
,,,,,,4515,지본석판,1,종이,기타,분류 미매칭,,
,,,,,,4516,"그림-캔버스에 유채, 시-지본묵서",1,캔버스,유화,,학습 제외,
,,,,,,4517,종이에 펜·과슈,1,종이,수채,,,
,,,,,,4518,테라코타에 유채,1,기타,유화,,학습 제외,
,,,,,,4519,"Pumpkin-레진, Cushion-패러슈트 나일론",1,없음,조각,,,
,,,,,,4520,지본활판,1,종이,기타,분류 미매칭,,
,,,,,,4521,종이에 연필·펜·콩테·색연필,1,종이,"연필, 펜, 콘테, 색연필",,,
,,,,,,4522,캔버스에 유채·아크릴릭,1,캔버스,"유채, 아크릴릭",,,
,,,,,,4523,한지에 수묵채,1,한지,수묵,,,
,,,,,,4524,"종이에수묵담채,수묵",1,종이,수묵,,,
,,,,,,4525,캔버스에템페라,1,캔버스,기타,분류 미매칭,,
,,,,,,4526,종이애채색,1,종이,채색,,,
,,,,,,4527,"종이에펜,수채",1,종이,수채,,,
,,,,,,4528,나무판에아크릴,1,패널,아크릴릭,,,
,,,,,,4529,비단에자수,1,비단,섬유,,,
,,,,,,4530,"비단에먹,채색",1,비단,수묵,,,
,,,,,,4531,오프셋석판화A.P,1,종이,오프셋 프린트,,,
,,,,,,4532,"종이에수묵담채,종이에먹",1,종이,수묵,,,
,,,,,,4533,"캔버스에유채,혼합재료",1,캔버스,"유채, 혼합재료",,,
,,,,,,4534,종이에펜,1,종이,펜,,,
,,,,,,4535,"종이에연필,채색",1,종이,채색,,,
,,,,,,4536,나무에유채,1,목재,유채,,,
,,,,,,4537,좋이에 먹,1,종이,수묵,,,
,,,,,,4538,"나무, 금속장식, 자개",1,목재,기타,분류 미매칭,,
,,,,,,4539,2005 | 캔버스에 유채,1,캔버스,유채,,,
,,,,,,4540,한지에프린트,1,한지,인쇄/복제,,학습 제외,
,,,,,,4541,석판화A.P,1,종이,석판,,,
,,,,,,4542,도자에안료,1,없음,도자,,,
,,,,,,4543,종이에콩테,1,종이,콘테,,,
,,,,,,4544,"종이에 혼합, 종이에 먹",1,종이,수묵,,,
,,,,,,4545,종이에 아크릴과슈,1,종이,아크릴릭,,,
,,,,,,4546,"캔버스에 유채, 혼합",1,캔버스,"유채, 혼합재료",,,
,,,,,,4547,두방지에 펜,1,종이,펜,,,
,,,,,,4548,"종이에 채색, 콜라주",1,종이,채색,,,
,,,,,,4549,두방지에 수채,1,종이,수채,,,
,,,,,,4550,종이애 채색,1,종이,채색,,,
,,,,,,4551,"종이, 놋쇠",1,종이,기타,분류 미매칭,,
,,,,,,4552,Watercolor on paper,1,종이,수채,,,
,,,,,,4553,"켄트지에 펜, 채색",1,종이,채색,,,
,,,,,,4554,캔버스 위 마운트한 종이에 채색,1,캔버스,채색,,,
,,,,,,4555,켄트지에 수채,1,종이,수채,,,
,,,,,,4556,켄트지에 파스텔,1,종이,파스텔,,,
,,,,,,4557,종이 부조에 채색,1,종이,채색,,,
,,,,,,4558,제주생활의 중도,1,기타,기타,분류 미매칭,학습 제외,
,,,,,,4559,"종이에 채색, 석채",1,종이,채색,,,
,,,,,,4560,두방지에 혼합,1,종이,혼합재료,,,
,,,,,,4561,"하드보드에 유채, 캔버스에 유채",1,캔버스,유화,,학습 제외,
,,,,,,4562,"종이에 먹과 채색, 수묵담채",1,종이,수묵,,,
,,,,,,4563,"종이에 콩테, 브론즈",1,종이,연필/드로잉,,학습 제외,
,,,,,,4564,"닥종이에 유채, 먹",1,종이,"유채, 수묵",,,
,,,,,,4565,video installation,1,기타,기타,분류 미매칭,학습 제외,
,,,,,,4566,"종이에 수묵담채, 석채",1,종이,수묵,,,
,,,,,,4567,채색목판화(사후판화),1,종이,"목판, 채색",,,
,,,,,,4568,스크린프린트 A.P,1,종이,실크스크린,,,
,,,,,,4569,석판화 外,1,종이,석판,,,
,,,,,,4570,"캔버스에 아크릴, 금니",1,캔버스,"아크릴릭, 니금",,,
,,,,,,4571,나무판에 아크릴,1,패널,아크릴릭,,,
,,,,,,4572,종이에 펜 종이에 펜 인쇄,1,종이,"디지털 프린트, 펜",,,
,,,,,,4573,혼합재료 Edition,1,기타,혼합재료,,학습 제외,
,,,,,,4574,"베, 비단",1,비단,기타,분류 미매칭,,
,,,,,,4575,사진에 아크릴,1,종이,"디지털 프린트, 아크릴릭",,,
,,,,,,4576,목판화 EA,1,종이,목판,,,
,,,,,,4577,광목에 혼합,1,캔버스,혼합재료,,,
,,,,,,4578,"한지에 아크릴, 수묵",1,한지,"아크릴릭, 수묵",,,
,,,,,,4579,"종이에 과슈, 오일스틱",1,종이,"과슈, 오일스틱",,,
,,,,,,4580,종이에 잉크펜,1,종이,펜,,,
,,,,,,4581,"비단,종이에 수묵담채",1,종이,수묵,,,
,,,,,,4582,"종이에 수묵채색, 석채, 금니",1,종이,수묵,,,
,,,,,,4583,"종이에 과슈,오일바",1,종이,"과슈, 오일스틱",,,
,,,,,,4584,"광목에 석채, 금니",1,캔버스,"채색, 니금",,,
,,,,,,4585,석판화 (사후판화),1,종이,석판,,,
,,,,,,4586,목판화 E.A,1,종이,목판,,,
,,,,,,4587,"소나무에 아크릴릭, 단청안료",1,목재,아크릴,,학습 제외,
,,,,,,4588,종이에 안료,1,종이,기타,분류 미매칭,,
,,,,,,4589,"캔버스에 아크릴릭, 우레탄, 에나멜, 젯소",1,캔버스,아크릴,,학습 제외,
,,,,,,4590,석판화 H.C,1,종이,석판,,,
,,,,,,4591,"대리석,브론즈",1,없음,조각,,,
,,,,,,4592,"종이에 인장, 먹",1,종이,수묵,,,
,,,,,,4593,포스터에 펜,1,인쇄물,펜,,,
,,,,,,4594,"혼합, 석판화",1,종이,석판,,,
,,,,,,4595,"캔버스에 유채, 콜라쥬",1,캔버스,"유채, 콜라주",,,
,,,,,,4596,"종이에 아크릴, 채색",1,종이,"아크릴릭, 채색",,,
,,,,,,4597,"종이에 채색, 혼합재료",1,종이,채색,,,
,,,,,,4598,광목에 유채,1,캔버스,유채,,,
,,,,,,4599,"종이, 석고",1,종이,기타,분류 미매칭,,
,,,,,,4600,마포에 혼합,1,캔버스,혼합재료,,,
,,,,,,4601,바느질,1,기타,기타,분류 미매칭,학습 제외,
,,,,,,4602,"캔버스에 우레탄에나멜, 아크릴",1,캔버스,아크릴,,학습 제외,
,,,,,,4603,장지에 혼합,1,장지,혼합재료,,,
,,,,,,4604,"장지에 분채, 수묵",1,장지,수묵,,,
,,,,,,4605,"옥돌, 나무",1,목재,기타,분류 미매칭,,
,,,,,,4606,"캔버스에 자개, 아크릴",1,캔버스,"아크릴릭, 자개",,,
,,,,,,4607,"참죽나무, 패독",1,목재,기타,분류 미매칭,,
,,,,,,4608,합판에 아크릴,1,패널,아크릴릭,,,
,,,,,,4609,"광목에 석채, 아크릴, 수묵담채",1,캔버스,"아크릴릭, 채색",,,
,,,,,,4610,"비단에 먹, 종이에 먹, 종이에 수묵",1,종이,수묵,,,
,,,,,,4611,종이에 수묵담채. 비단에 수묵,1,종이,수묵,,,
,,,,,,4612,"캔버스에 금분, 아크릴",1,캔버스,"아크릴릭, 니금",,,
,,,,,,4613,"종이에 먹, 비단에 수묵담채",1,종이,수묵,,,
,,,,,,4614,아크릴 합성수지에 유채,1,아크릴 패널,유채,,,
,,,,,,4615,석판화 (사후),1,종이,석판,,,
,,,,,,4616,캔버스위 마운트한 한지에 채색,1,캔버스,채색,,,
,,,,,,4617,"종이에 수묵, 안료",1,종이,수묵,,,
,,,,,,4618,"종이에 수묵담채, 금니",1,종이,수묵,,,
,,,,,,4619,"비단에 수묵담채, 종이에 수묵담채",1,종이,수묵,,,
,,,,,,4620,비단에 금니 채색,1,비단,채색,,,
,,,,,,4621,"캔버스에 우레탄에나멜, 아크릴물감",1,캔버스,아크릴,,학습 제외,
,,,,,,4622,종이에 아크릴 잉크 펜,1,종이,"아크릴, 잉크, 펜",,,
,,,,,,4623,"종이에 수묵, 수묵담채",1,종이,수묵,,,
,,,,,,4624,"종이에 암채, 금니",1,종이,채색,,,
,,,,,,4625,채색목판화(사후),1,종이,"목판, 채색",,,
,,,,,,4626,종이 부조 판화,1,종이,릴리프,,,
,,,,,,4627,합판 캔버스에 유채,1,캔버스,유채,,,
,,,,,,4628,종이에 꼴라쥬,1,종이,기타,분류 미매칭,,
,,,,,,4629,종이에 오일 파스텔,1,종이,오일 파스텔,,,
,,,,,,4630,"종이에 먹, 수묵, 수묵담채",1,종이,수묵,,,
,,,,,,4631,"한지에 아크릴, 실크스크린",1,한지,"실크스크린, 아크릴릭",,,
,,,,,,4632,종이에 수묵담채·먹/,1,종이,수묵,,,
,,,,,,4633,"모시에 수묵담채, 먹",1,섬유,수묵담채,,,
,,,,,,4634,비단에 수묵담채·먹,1,비단,수묵,,,
,,,,,,4635,청자에 안료,1,기타,기타,분류 미매칭,학습 제외,
,,,,,,4636,종이에 수묵·먹,1,종이,수묵,,,
,,,,,,4637,비단에 인두,1,비단,기타,분류 미매칭,,
,,,,,,4638,나무보드에 유채,1,패널,유채,,,
,,,,,,4639,백자에 안료,1,없음,도자,,,
,,,,,,4640,"상아·돌에 조각, 종이에 먹 외",1,종이,수묵,,,
,,,,,,4641,종이에 수묵담채·종이에 먹,1,종이,수묵,,,
,,,,,,4642,종이에 먹·채색,1,종이,수묵,,,
,,,,,,4643,종이에 수묵석채,1,종이,수묵,,,
,,,,,,4644,"종이에 수묵, 비단에 먹",1,종이,수묵,,,
,,,,,,4645,비단에 수묵채색 외,1,비단,수묵,,,
,,,,,,4646,종이에 먹 외,1,종이,수묵,,,
,,,,,,4647,사진에 마커,1,종이,"디지털 프린트, 마커",,,
,,,,,,4648,금속재료,1,금속,기타,분류 미매칭,,
,,,,,,4649,"종이에 인두, 먹",1,종이,수묵,,,
,,,,,,4650,엮은 종이에 수묵담채,1,종이,수묵,,,
,,,,,,4651,"나무에 조각, 옻칠",1,목재,옻칠/래커,,,
,,,,,,4652,"종이에 크레용, 수채",1,종이,수채,,,
,,,,,,4653,종이상자,1,종이,기타,분류 미매칭,,
,,,,,,4654,종이에 먹칠 후 채색,1,종이,수묵,,,
,,,,,,4655,종이에 활자인쇄(임진자 壬辰字),1,종이,인쇄/복제,,학습 제외,
,,,,,,4656,종이에 활자인쇄,1,종이,인쇄/복제,,학습 제외,
,,,,,,4657,"종이에 목판인쇄 (묘향장판妙香藏板, 보현사普賢寺 간행)",1,종이,인쇄/복제,,학습 제외,
,,,,,,4658,종이에 쌍구전묵,1,종이,수묵,,,
,,,,,,4659,닥지에 석채,1,닥지,채색,,,
,,,,,,4660,종이에 먹·담채,1,종이,수묵,,,
,,,,,,4661,"대나무에 조각, 옻칠",1,목재,옻칠/래커,,,
,,,,,,4662,"나무에 조각, 금속장식",1,목재,기타,분류 미매칭,,
,,,,,,4663,도자에 청화·철화,1,없음,도자,,,
,,,,,,4664,"가죽에 금속, 혼합재료",1,금속,혼합재료,,,
,,,,,,4665,해시상회 海市商會,1,기타,기타,분류 미매칭,학습 제외,
,,,,,,4666,나무에 흑칠,1,목재,기타,분류 미매칭,,
,,,,,,4667,"종이에 먹, 목판인",1,종이,수묵,,,
,,,,,,4668,종이·비단에 먹,1,종이,수묵,,,
,,,,,,4669,1986년(병인),1,기타,기타,분류 미매칭,학습 제외,
,,,,,,4670,구연부 금수리,1,기타,기타,분류 미매칭,학습 제외,
,,,,,,4671,"종이에 수묵, 비단에 수묵담채, 비단에 먹",1,종이,수묵,,,
,,,,,,4672,모시에 채색,1,섬유,채색,,,
,,,,,,4673,"종이에 먹, 담채",1,종이,수묵,,,
,,,,,,4674,종이에 인쇄 (임진자 금속활자),1,종이,인쇄/복제,,학습 제외,
,,,,,,4675,"비단에 수묵, 먹",1,비단,수묵,,,
,,,,,,4676,금박지에 수묵,1,금속지,수묵,,,
,,,,,,4677,종이에 수묵담채/병풍,1,종이,수묵,,,
,,,,,,4678,비단에 수묵/족자,1,비단,수묵,,,
,,,,,,4679,종이에 수묵/가배접,1,종이,수묵,,,
,,,,,,4680,비단에 수묵/액자,1,비단,수묵,,,
,,,,,,4681,종이에 수묵/첩,1,종이,수묵,,,
,,,,,,4682,비단에 수묵담채/가배접,1,비단,수묵,,,
,,,,,,4683,종이에 수묵담채 첩,1,종이,수묵,,,
,,,,,,4684,비단에 먹/액자,1,비단,수묵,,,
,,,,,,4685,비단에 먹/족자,1,비단,수묵,,,
,,,,,,4686,"나무에 서각, 채색/편액",1,목재,채색,,,
,,,,,,4687,"대나무, 종이, 혼합재료",1,종이,혼합재료,,,
,,,,,,4688,종이에 날인/액자,1,종이,기타,분류 미매칭,,
,,,,,,4689,종이에 수묵담채액자,1,종이,수묵,,,
,,,,,,4690,종이에 탁본/ 책,1,종이,기타,분류 미매칭,,
,,,,,,4691,"종이에 먹, 종이에 수묵담채/ 첩",1,종이,수묵,,,
,,,,,,4692,"종이에 먹, 수묵담채/ 첩",1,종이,수묵,,,
,,,,,,4693,종이에 수묵채색/ 액자,1,종이,수묵,,,
,,,,,,4694,종이에 채색/ 액자,1,종이,채색,,,
,,,,,,4695,"종이에 수묵담채, 먹/ 부채",1,종이,수묵,,,
,,,,,,4696,비단에 수묵채색/ 병풍,1,비단,수묵,,,
,,,,,,4697,종이에 수묵/ 가리개,1,종이,수묵,,,
,,,,,,4698,종이에 탁본/액자,1,종이,기타,분류 미매칭,,
,,,,,,4699,종이에 먹/ 족자,1,종이,수묵,,,
,,,,,,4700,비단에 먹/ 족자,1,비단,수묵,,,
,,,,,,4701,종이에 먹/ 병풍,1,종이,수묵,,,
,,,,,,4702,종이에 먹/ 서축,1,종이,수묵,,,
,,,,,,4703,종이에 먹/ 액자,1,종이,수묵,,,
,,,,,,4704,종이에 수묵/ 가배접,1,종이,수묵,,,
,,,,,,4705,종이에 수묵석채/ 액자,1,종이,수묵,,,
,,,,,,4706,종이에 과슈/ 액자,1,종이,수채,,,
,,,,,,4707,"종이에 수묵, 먹/ 가배접",1,종이,수묵,,,
,,,,,,4708,"도자에 청화, 철화",1,없음,도자,,,
,,,,,,4709,"나무에 주칠, 혼합재료",1,목재,혼합재료,,,
,,,,,,4710,종이에 등사판인쇄,1,종이,인쇄/복제,,학습 제외,
,,,,,,4711,"종이에 수묵담채, 비단에 먹",1,종이,수묵,,,
,,,,,,4712,도자서,1,없음,도자,,,
,,,,,,4713,칠보화,1,기타,옻칠/래커,,학습 제외,
,,,,,,4714,종이에 수묵/,1,종이,수묵,,,
,,,,,,4715,"패널에 한지, 채색 (콜라주)",1,한지,채색,,,
,,,,,,4716,캔버스에 유채/ 액자,1,캔버스,유채,,,
,,,,,,4717,"종이에 수묵/ 부채, 액자",1,종이,수묵,,,
,,,,,,4718,비단에 수묵/ 가배접,1,비단,수묵,,,
,,,,,,4719,종이에 목판인쇄/ 책(선장),1,종이,인쇄/복제,,학습 제외,
,,,,,,4720,"종이에 수묵, 병풍",1,종이,수묵,,,
,,,,,,4721,비단에 수묵담채/ 첩,1,비단,수묵,,,
,,,,,,4722,이에 수묵담채/ 액자,1,기타,수묵,,학습 제외,
,,,,,,4723,"종이에 수채, 먹/ 부채",1,종이,수채,,,
,,,,,,4724,종이에 수묵담채/ 족자,1,종이,수묵,,,
,,,,,,4725,종이에 수채/ 액자,1,종이,수채,,,
,,,,,,4726,"종이에 수묵담채, 먹/ 액자",1,종이,수묵,,,
,,,,,,4727,"나무에 서각, 채색/ 편액",1,목재,채색,,,
,,,,,,4728,"돌에 조각, 나무에 조각",1,목재,기타,분류 미매칭,,
,,,,,,4729,"종이에 수묵, 종이에 먹",1,종이,수묵,,,
,,,,,,4730,"은에 조각, 혼합재료",1,기타,혼합재료,,학습 제외,
,,,,,,4731,"캔버스에 아크릴, 금",1,캔버스,"아크릴릭, 금",,,
,,,,,,4732,캔버스에 혼합 아크릴,1,캔버스,아크릴릭,,,
,,,,,,4733,캔버스에 실리콘,1,캔버스,기타,분류 미매칭,,
,,,,,,4734,"종이에 잉크, 수채, 색연필",1,종이,수채,,,
,,,,,,4735,"종이에 수채, 아크릴, 연필, 펜",1,종이,"아크릴릭, 수채, 연필, 펜",,,
,,,,,,4736,"캔버스에 아크릴, 목탄, 잉크",1,캔버스,"아크릴릭, 목탄, 잉크",,,
,,,,,,4737,"캔버스에 아크릴, 프로타주",1,캔버스,"아크릴릭, 프로타주",,,
,,,,,,4738,"종이에 디지털 프린트, 혼합재료",1,종이,"디지털 프린트, 혼합재료",,,
,,,,,,4739,"캔버스에 아크릴, 천",1,캔버스,아크릴릭,,,
,,,,,,4740,"캔버스에 아크릴, 스프레이 페인트, 나무",1,캔버스,아크릴,,학습 제외,
,,,,,,4741,"스크린프린트, 핸드페인팅",1,종이,실크스크린,,,
,,,,,,4742,패널에 나무,1,목재,기타,분류 미매칭,,
,,,,,,4743,"캔버스에 유채, 레진, 혼합재료",1,캔버스,유화,,학습 제외,
,,,,,,4744,"에칭, 핸드컬러링",1,종이,에칭,,,
,,,,,,4745,종이보드에 오일파스텔,1,보드,오일 파스텔,,,
,,,,,,4746,"캔버스에 합성폴리머 페인트, 실크스크린 잉크",1,캔버스,실크스크린,,,
,,,,,,4747,"종이에 울트라크롬 잉크 프린트, 동박",1,종이,기타,분류 미매칭,,
,,,,,,4748,"바느질한 천에 유채, 아크릴",1,캔버스,"유채, 아크릴, 자수",,,
,,,,,,4749,천 위 종이 콜라주에 유채,1,캔버스,"종이 콜라주, 유채",,,
,,,,,,4750,한지부조에 혼합재료 (edition 1/1),1,한지,혼합재료,,,
,,,,,,4751,"캔버스에 아크릴, 목탄, 콩테",1,캔버스,"아크릴릭, 목탄, 콘테",,,
,,,,,,4752,캔버스 위 패널에 아크릴,1,캔버스,아크릴릭,,,
,,,,,,4753,"목판에 조각, 잉크",1,기타,기타,분류 미매칭,학습 제외,
,,,,,,4754,종이에 시아노타이프,1,종이,기타,분류 미매칭,,
,,,,,,4755,"캔버스에 오일스틱, 스프레이 페인트, 목탄, 연필",1,캔버스,"오일스틱, 스프레이, 목탄, 연필",,,
,,,,,,4756,"캔버스에 유채, 아크릴, 오일 파스텔",1,캔버스,"유채, 아크릴릭, 오일 파스텔",,,
,,,,,,4757,"종이에 페인트, 혼합재료",1,종이,혼합재료,,,
,,,,,,4758,"스크린프린트, 금박",1,종이,실크스크린,,,
,,,,,,4759,리넨에 한지 혼합재료,1,캔버스,혼합재료,,,
,,,,,,4760,"캔버스 위 한지에 유채, 아크릴",1,"캔버스, 한지","유채, 아크릴릭",,,
,,,,,,4761,"캔버스에 스프레이 페인트, 아크릴, 색연필, 오일 파스텔",1,캔버스,"스프레이, 아크릴릭, 색연필, 오일 파스텔",,,
,,,,,,4762,피에조그래피,1,종이,지클레이 프린트,분류 미매칭,,
,,,,,,4763,"캔버스에 아크릴, 크레용",1,캔버스,"아크릴릭, 오일 파스텔",,,
,,,,,,4764,"캔버스 위 한지에 먹, 과슈, 아크릴",1,"캔버스, 한지","수묵, 과슈, 아크릴릭",,,
,,,,,,4765,"캔버스에 아크릴, 스프레이 페인트, 오일스틱, 목탄",1,캔버스,"아크릴릭, 스프레이, 오일스틱, 목탄",,,
,,,,,,4766,"유리, 탄소섬유, 폼, 플라스틱, 스테인리스 스틸",1,금속,조각,,,
,,,,,,4767,"종이에 유채, 흙",1,종이,"유채, 흙",,,
,,,,,,4768,"핸드메이드 뜨개질과 크로셰, 공업용 뜨개질, 패브릭",1,섬유,기타,분류 미매칭,학습 제외,
,,,,,,4769,"무라노 유리, LED 라이트, 황동",1,기타,기타,분류 미매칭,학습 제외,
,,,,,,4770,종이에 먼지,1,종이,기타,분류 미매칭,,
,,,,,,4771,"디지털 잉크젯 프린트, 아크릴 보드",1,종이,"디지털 프린트, 디아섹",,,
,,,,,,4772,C,1,기타,기타,분류 미매칭,학습 제외,
,,,,,,4773,포토폴리머 에칭,1,종이,에칭,,,
,,,,,,4774,"패널에 천, 아크릴, 종이 콜라주",1,캔버스,"아크릴릭, 종이 콜라주",,,
,,,,,,4775,청산정경 靑山情景,1,기타,기타,분류 미매칭,학습 제외,
,,,,,,4776,"주석에 금, 은, 동 입사",1,금속,기타,분류 미매칭,학습 제외,
,,,,,,4777,금박지에 새김,1,기타,기타,분류 미매칭,학습 제외,
,,,,,,4778,"패널에 아크릴, 콜라주, 혼합재료",1,패널,"아크릴릭, 콜라주, 혼합재료",,,
,,,,,,4779,"종이에 유채, 먹, 혼합재료",1,종이,"수묵, 유채, 혼합재료",,,
,,,,,,4780,카드보드에 니켈도금 황동 (unique),1,목재,기타,분류 미매칭,,
,,,,,,4781,닥종이에 아크릴,1,종이,아크릴릭,,,
,,,,,,4782,"한지에 수채, 크레용",1,한지,수채,,,
,,,,,,4783,"종이패널에 과슈, 오일스틱, 크레용",1,종이,"과슈, 오일스틱, 오일 파스텔",,,
,,,,,,4784,"콜로타이프, 포슈아르",1,종이,"콜로타이프, 포슈아르",분류 미매칭,,
,,,,,,4785,한지캐스팅 위 혼합재료,1,종이,혼합재료,,학습 제외,
,,,,,,4786,"패널에 디지털 프린트, 아크릴, 콜라주, 혼합재료",1,종이,"디지털 프린트, 아크릴릭, 콜라주, 혼합재료",,,
,,,,,,4787,나무보드에 채색,1,목재,채색,,,
,,,,,,4788,한지에 염색,1,한지,기타,분류 미매칭,,
,,,,,,4789,oil and sand on fabric,1,섬유,"유채, 모래",,,
,,,,,,4790,"캔버스에 디지털 프린트, 아크릴, 콜라주",1,캔버스,"디지털 프린트, 아크릴릭, 콜라주",,,
,,,,,,4791,"종이에 목탄, 파스텔",1,종이,"목탄, 파스텔",,,
,,,,,,4792,"황동 패널에 스크린프린트, 파티나 핸드페인팅, 혼합재료",1,종이,실크스크린,,,
,,,,,,4793,"한지에 수채, 잉크",1,한지,수채,,,
,,,,,,4794,"종이백자, 수금",1,종이,도자,,,
,,,,,,4795,아르쉬지에 과슈,1,종이,수채,,,
,,,,,,4796,캔버스에 파스텔,1,캔버스,파스텔,,,
,,,,,,4797,"캔버스에 과슈, 유채",1,캔버스,"과슈, 유채",,,
,,,,,,4798,"추자목, 괴목",1,기타,기타,분류 미매칭,학습 제외,
,,,,,,4799,"캔버스에 아크릴, 라이트 몰딩 페이스트, 소프트 겔 미디엄",1,캔버스,아크릴,,학습 제외,
,,,,,,4800,"캔버스에 아크릴, 유채, 콩테",1,캔버스,"아크릴릭, 유채, 콘테",,,
,,,,,,4801,"펠트에 오일파스텔, 혼합재료",1,섬유,"오일 파스텔, 혼합재료",,,
,,,,,,4802,나무패널에 혼합재료,1,목재,혼합재료,,,
,,,,,,4803,"캔버스에 유채, 파스텔",1,캔버스,"유채, 파스텔",,,
,,,,,,4804,"장지에 석채, 방해말, 먹",1,장지,수묵,,,
,,,,,,4805,"캔버스에 과슈, 수채",1,캔버스,수채,,,
,,,,,,4806,"비디오 설치, 1 TV 모니터, 1채널 비디오, 컬러, 유성; 1 USB, 1 USB 플레이어, 아크릴 플레이트에 채색",1,기타,아크릴,,학습 제외,
,,,,,,4807,코튼종이에 혼합재료,1,종이,혼합재료,,,
,,,,,,4808,Angry Face : In the Floating World,1,기타,기타,분류 미매칭,학습 제외,
,,,,,,4809,"브론즈, 실버 플레이트",1,없음,조각,,,
,,,,,,4810,포토 석판화,1,종이,석판,,,
,,,,,,4811,"캔버스에 디지털 프린트, 아크릴, 콜라주, 혼합재료",1,캔버스,"디지털 프린트, 아크릴릭, 콜라주, 혼합재료",,,
,,,,,,4812,"캔버스에 유채, 스프레이 페인트, 콜라주, 핀",1,캔버스,"유채, 스프레이, 콜라주, 기타",,,
,,,,,,4813,Harlequin resin beads on textile Artycapucines BB silver-color hardware,1,없음,조각,,,
,,,,,,4814,"신문지에 볼펜, 연필, 콜라주",1,인쇄물,"펜, 연필, 콜라주",,,
,,,,,,4815,순지에 동양안료,1,종이,기타,분류 미매칭,,
,,,,,,4816,"지클레이 프린트, 글리터",1,종이,"지클레이 프린트, 기타",,,
,,,,,,4817,나무 구조물에 비닐,1,목재,기타,분류 미매칭,,
,,,,,,4818,"패널에 모래, 유채, 혼합재료",1,패널,"모래, 유채, 혼합재료",,,
,,,,,,4819,"레진, 크리스탈, 코튼, 나무",1,없음,조각,,,
,,,,,,4820,"레진에 유채, 크리스탈 레진, 나무에 조각받침",1,목재,유화,,학습 제외,
,,,,,,4821,"레진에 유채, 나무에 조각",1,목재,유화,,학습 제외,
,,,,,,4822,"대나무, 오동나무",1,목재,기타,분류 미매칭,,
,,,,,,4823,"직조부조 / 안동삼실, 인견사, 면사",1,태피스트리,없음,분류 미매칭,,
,,,,,,4824,"자기, 실",1,없음,도자,,,
,,,,,,4825,"종이에 색연필, 콜라주, 혼합재료",1,종이,"색연필, 콜라주, 혼합재료",,,
,,,,,,4826,옻칠지에 동양안료,1,칠한지,채색,,,
,,,,,,4827,캔버스에 채색,1,캔버스,채색,,,
,,,,,,4828,"캔버스에 과슈, 템페라",1,캔버스,수채,,,
,,,,,,4829,"캔버스 위 장지에 과슈, 아크릴",1,"캔버스, 장지","과슈, 아크릴릭",,,
,,,,,,4830,"캔버스 위 장지에 과슈, 아크릴, 나무프레임",1,"캔버스, 장지","과슈, 아크릴릭",,,
,,,,,,4831,"알루미늄, 정전도장, 폴리우레탄 채색",1,금속,채색,,,
,,,,,,4832,"자수실, 월넛, 동, 은, 스프레이 페인트",1,기타,섬유,,학습 제외,
,,,,,,4833,"종이에 유채, 흑연, 콜라주",1,종이,"유채, 흑연, 콜라주",,,
,,,,,,4834,"캔버스에 아크릴, 금박",1,캔버스,"아크릴릭, 금박",,,
,,,,,,4835,중이에유채,1,종이,유채,,,
,,,,,,4836,패널에 폴리에스터,1,목재,기타,분류 미매칭,,
,,,,,,4837,"나무 패널 위 아르쉬지에 과슈, 혼합재료",1,목재,수채,,,
,,,,,,4838,"캔버스에 아크릴, 목탄, 스피커",1,캔버스,아크릴,,학습 제외,
,,,,,,4839,"천에 연필, 채색",1,캔버스,"연필, 채색",,,
,,,,,,4840,"동판화, 실크스크린",1,종이,"동판, 실크스크린",,,
,,,,,,4841,"유리, 금속",1,금속,기타,분류 미매칭,,
,,,,,,4842,"캔버스에 아크릴, 에나멜",1,캔버스,"아크릴릭, 에나멜",,,
,,,,,,4843,"리넨에 백토, 채색",1,캔버스,"백토, 채색",,,
,,,,,,4844,"캔버스에 은분, 흙, 천연안료, 수묵",1,캔버스,수묵,,,
,,,,,,4845,"폴리에스터 패브릭, 스테인리스 와이어",1,섬유,조각,,학습 제외,
,,,,,,4846,"채색된 돌, 스테인리스",1,스테인리스,채색,,학습 제외,
,,,,,,4847,알루미늄 패널에 C-프린트,1,알루미늄 패널,디지털 C-프린트,,,
,,,,,,4848,패널 위 나뭇잎에 유채,1,패널,"나뭇잎, 유채",,,
,,,,,,4849,"종이에 천 콜라주, 유채, 아크릴",1,종이,"천 콜라주, 유채, 아크릴릭",,,
,,,,,,4850,"나무 패널 위 아르쉬지에 과슈, 잉크 펜",1,목재,수채,,,
,,,,,,4851,한지에 피그먼트 프린트,1,한지,디지털 피그먼트 프린트,,,
,,,,,,4852,시바크롬 프린트,1,종이,사이바크롬,,,
,,,,,,4853,"종이에 유채, 마커",1,종이,"유채, 마커",,,
,,,,,,4854,"장지에 아크릴, 과슈",1,장지,"아크릴릭, 과슈",,,
,,,,,,4855,캔버스에 피그먼트 프린트,1,캔버스,디지털 피그먼트 프린트,,,
,,,,,,4856,"철에 분체도장, LED 조명",1,기타,기타,분류 미매칭,학습 제외,
,,,,,,4857,캔버스 위 장지에 혼합재료,1,"캔버스, 장지",혼합재료,,,
,,,,,,4858,"코튼에 유채, 오일스틱, 아크릴",1,캔버스,"유채, 오일스틱, 아크릴릭",,,
,,,,,,4859,우드블럭 모노프린트,1,종이,목판,모노타이프,,
,,,,,,4860,"비단에 먹, 채색",1,비단,수묵,,,
,,,,,,4861,"캔버스에 숯, 오일 파스텔",1,캔버스,"숯, 오일 파스텔",,,
,,,,,,4862,종이보드에 혼합재료,1,보드,혼합재료,,,
,,,,,,4863,"크라프트지에 수채, 유성색연필",1,종이,"수채, 색연필",,,
,,,,,,4864,"자개, 옻칠, 레진, 혼합재료",1,기타,혼합재료,,학습 제외,
,,,,,,4865,"종이에 먹, 토채",1,종이,수묵,,,
,,,,,,4866,"패널 위 종이보드에 아크릴, 콜라주, 혼합재료",1,보드,"아크릴릭, 콜라주, 혼합재료",,,
,,,,,,4867,"캔버스에 유채, 실크스크린",1,캔버스,"유채, 실크스크린",,,
,,,,,,4868,사진 외,1,기타,사진/디지털,,학습 제외,
,,,,,,4869,"마포에 잉크, 채색",1,캔버스,"채색, 잉크",,,
,,,,,,4870,캔버스 위 천에 혼합재료,1,캔버스,혼합재료,,,
,,,,,,4871,"캔버스에 먹, 혼합재료",1,캔버스,수묵,,,
,,,,,,4872,"레진에 유채, 돌",1,기타,유화,,학습 제외,
,,,,,,4873,패널에 밀랍화기법,1,목재,기타,분류 미매칭,,
,,,,,,4874,"단풍나무, 참죽나무",1,목재,기타,분류 미매칭,,
,,,,,,4875,종이에 울트라크롬 잉크 프린트,1,종이,디지털 피그먼트 프린트,,,
,,,,,,4876,"캔버스에 유채, 목탄, 스프레이 페인트",1,캔버스,"유채, 목탄, 스프레이",,,
,,,,,,4877,"장지에 과슈, 수채",1,장지,수채,,,
,,,,,,4878,종이 패널에 오일파스텔,1,종이,오일 파스텔,,,
,,,,,,4879,"종이에 유채, 연필, 혼합재료",1,종이,"유채, 연필, 혼합재료",,,
,,,,,,4880,"종이에 파스텔, 콩테",1,종이,"파스텔, 콘테",,,
,,,,,,4881,닥종이에 유채,1,종이,유채,,,
,,,,,,4882,"종이에 아크릴, 펜, 콜라주",1,종이,"아크릴릭, 펜, 콜라주",,,
,,,,,,4883,"캔버스에 아크릴, 스프레이 페인트, 오일…",1,캔버스,"아크릴릭, 스프레이, 혼합재료",,,
,,,,,,4884,패널에 디지털 프린트,1,목재,사진/디지털,,학습 제외,
,,,,,,4885,"나무에 아크릴, 레진",1,목재,아크릴,,학습 제외,
,,,,,,4886,"슬레이트 보드, 알루미늄 프레임, LED 라..",1,없음,조각,,,
,,,,,,4887,"종이에 과슈, 오일파스텔, 비닐",1,종이,"과슈, 오일 파스텔, 혼합재료",,,
,,,,,,4888,나무에 래커,1,목재,기타,분류 미매칭,,
,,,,,,4889,알루미늄 위 종이에 잉크젯 프린트,1,종이,인쇄/복제,,학습 제외,
,,,,,,4890,"자기, 레진",1,없음,조각,,,
,,,,,,4891,"석판화, 목판화",1,종이,"석판, 목판",,,
,,,,,,4892,평면조건 8815A,1,기타,기타,분류 미매칭,학습 제외,
,,,,,,4893,묘법 No.040302,1,기타,기타,분류 미매칭,학습 제외,
,,,,,,4894,"캔버스에 유채, 나무에 조각 액자, 틀",1,캔버스,유채,,,
,,,,,,4895,"캔버스에 아크릴, 오일파스텔, 혼합재료",1,캔버스,"아크릴릭, 오일 파스텔, 혼합재료",,,
,,,,,,4896,"지클레이 프린트, 금박",1,종이,"지클레이 프린트, 기타",,,
,,,,,,4897,스프링스톤,1,기타,기타,분류 미매칭,학습 제외,
,,,,,,4898,"캔버스에 유채, 아크릴, 스프레이 프린트",1,캔버스,"유채, 아크릴릭, 스프레이",,,
,,,,,,4899,석탄화,1,기타,기타,분류 미매칭,학습 제외,
,,,,,,4900,"종이에 잉크, 색연필, 자개",1,종이,"잉크, 색연필, 기타",,,
,,,,,,4901,"닥종이에 연필, 아크릴 과슈, 커피",1,종이,"아크릴릭, 혼합재료",,,
,,,,,,4902,"브론즈, 칠보",1,없음,조각,,,
,,,,,,4903,"캔버스에 흙, 천연안료, 수묵",1,캔버스,수묵,,,
,,,,,,4904,"천 아상블라주, 실크스크린",1,섬유,실크스크린,,,
,,,,,,4905,"캔버스에 울트라크롬 피그먼트 프린트, …",1,캔버스,디지털 피그먼트 프린트,,,
,,,,,,4906,C 프린트,1,종이,디지털 C-프린트,,,
,,,,,,4907,"캔버스에 아크릴, 석채, 금박",1,캔버스,"아크릴릭, 석채, 금박",,,
,,,,,,4908,"패널에 석채, 혼합재료",1,목재,채색,,,
,,,,,,4909,"핸드메이드 종이주조, 아크릴 핸드컬러…",1,종이,"종이주조, 아크릴릭",,,
,,,,,,4910,"캔버스에 아크릴, 오일스틱, 혼합재료",1,캔버스,"아크릴릭, 오일스틱, 혼합재료",,,
,,,,,,4911,"종이에 크레용, 수채, 실",1,종이,수채,,,
,,,,,,4912,"울트라크롬 잉크 프린트, 은박",1,종이,"디지털 피그먼트 프린트, 은박",분류 미매칭,,
,,,,,,4913,"코튼종이에 아크릴, 연필",1,종이,"아크릴릭, 연필",,,
,,,,,,4914,종이에 템페라,1,종이,기타,분류 미매칭,,
,,,,,,4915,"캔버스에 오일스틱, 스프레이 페인트, 목…",1,캔버스,"오일스틱, 스프레이",,,
,,,,,,4916,"디지털 프린트, 콜라주, 혼합재료",1,종이,"디지털 프린트, 혼합재료",,,
,,,,,,4917,"장지에 금분, 아크릴",1,장지,"아크릴릭, 니금",,,
,,,,,,4918,"거울에 유채, 오일파스텔",1,거울,"유채, 오일 파스텔",,,
,,,,,,4919,"장지에 먹, 스프레이 , 콜라주",1,장지,수묵,,,
,,,,,,4920,"레진, 와이어브러쉬, 전자시계, 전자 소…",1,없음,조각,,,
,,,,,,4921,"캔버스에 아크릴, 스톤",1,캔버스,"아크릴릭, 석분",,,
,,,,,,4922,나무패널에 밀랍화 기법,1,목재,기타,분류 미매칭,,
,,,,,,4923,"순지에 먹, 아크릴",1,순지,"수묵, 아크릴릭",,,
,,,,,,4924,"실크 스크린, 핸드페인팅",1,종이,"실크스크린, 혼합재료",분류 미매칭,,
,,,,,,4925,"종이에아크릴, 마커",1,종이,"아크릴릭, 마커",,,
,,,,,,4926,"패널에 안료 , 밀랍, 다마르레진, 왁스",1,없음,조각,,,
,,,,,,4927,"폴리에스터 페브릭, 스테인리스 와이어",1,없음,조각,,,
,,,,,,4928,"패널에 아크릴, 혼합실",1,패널,"아크릴릭, 혼합재료",,,
,,,,,,4929,"장지에 은분, 아크릴",1,장지,"아크릴릭, 은분",,,
,,,,,,4930,"디지털 피그먼트, 실크스크린",1,종이,실크스크린,,,
,,,,,,4931,"패널에 도장,한지, 혼합재료",1,종이,혼합재료,,학습 제외,
,,,,,,4932,"종이에 오일스틱, 아크릴, 마커, 연필",1,종이,"오일스틱, 아크릴릭, 마커, 연필",,,
,,,,,,4933,"디지털프린트, 실크스크린",1,종이,실크스크린,,,
,,,,,,4934,"호박, 옥, 진주 외",1,기타,기타,분류 미매칭,학습 제외,
,,,,,,4935,"플라스틱, 구슬, 핀, 크롬와이어",1,기타,기타,분류 미매칭,학습 제외,
,,,,,,4936,"핸드메이드 종이 주조, 아크릴 핸드컬러,..",1,종이,"종이 주조, 아크릴릭",,,
,,,,,,4937,"종이에 모노프린트, 유채, 콜라주, 인그..",1,종이,"유채, 콜라주, 인그레이빙",모노타이프,,
,,,,,,4938,"포토그래픽, 드로잉 프린트",1,종이,디지털 프린트,포토그래픽 드로잉,,
,,,,,,4939,"아노다이징 알루미늄, 인조 대리석 좌,,,",1,금속,조각,,,
,,,,,,4940,"캔버스에 아크릴, 유채, 오일파스텔",1,캔버스,"아크릴릭, 유채, 오일 파스텔",,,
,,,,,,4941,포일블록 프린트,1,종이,포일블록 프린트,,,
,,,,,,4942,"디지털피그먼트 프린트, 실크스크린",1,종이,실크스크린,,,
,,,,,,4943,"캔버스에 아크릴, 유채, 오일파스텔, 젤",1,캔버스,"아크릴릭, 유채, 오일 파스텔",,,
,,,,,,4944,아카이벌 피그먼트 프린트(edition AP),1,종이,디지털 피그먼트 프린트,,,
,,,,,,4945,나무패널에 오일파스텔,1,패널,오일 파스텔,,,
,,,,,,4946,"캔버스에 오일바, 오일파스텔, 아크릴",1,캔버스,"오일스틱, 오일 파스텔, 아크릴릭",,,
,,,,,,4947,"캔버스에 아크릴, 도자기",1,캔버스,아크릴,,학습 제외,
,,,,,,4948,"장지에 분채, 모델링 페이스트",1,장지,채색,,,
,,,,,,4949,도자 19k 백금,1,없음,도자,,,
,,,,,,4950,나무(edition of 50),1,목재,기타,분류 미매칭,,
,,,,,,4951,석판화(edition 104/150),1,종이,석판,,,
,,,,,,4952,디지털 피그먼트 프린트(edition 150/…,1,종이,디지털 피그먼트 프린트,,,
,,,,,,4953,람다 프린트(edition 25/30),1,종이,디지털 C-프린트,,,
,,,,,,4954,"패널에 UPR, 우레탄, 혼합재료",1,목재,혼합재료,,,
,,,,,,4955,"캔버스에 실크스크린, 혼합재료(edition…",1,캔버스,실크스크린,,,
,,,,,,4956,한지부조에 채색(edition 1/1),1,한지,채색,,,
,,,,,,4957,"오프셋 프린트, 실크스크린(edition 16…",1,종이,"오프셋 프린트, 실크스크린",,,
,,,,,,4958,오프셋 석판화(edition 145/150),1,종이,오프셋 프린트,,,
,,,,,,4959,오프셋 프린트(edition 852/1000),1,종이,오프셋 프린트,,,
,,,,,,4960,스크린 프린트 (edition 123/300),1,종이,실크스크린,,,
,,,,,,4961,오프셋 프린트 (edition 228/300),1,종이,오프셋 프린트,,,
,,,,,,4962,오프셋 프린트(edition 139/300),1,종이,오프셋 프린트,,,
,,,,,,4963,"디지털 피그먼트 프린트, 실크스크린(e…",1,종이,실크스크린,,,
,,,,,,4964,"디지털 프린트, 핸드페인틴(edition 1/50)",1,종이,디지털 프린트,,,
,,,,,,4965,"캔버스에 아크릴, 디지털프린트, 콜라주",1,캔버스,"디지털 프린트, 아크릴릭, 콜라주",,,
,,,,,,4966,"캔버스에 한지콜라주, 아크릴",1,캔버스,"한지 콜라주, 아크릴릭",,,
,,,,,,4967,캔버스에 유,1,캔버스,기타,분류 미매칭,,
,,,,,,4968,"나무화판에 옻칠, 자개",1,목재,옻칠/래커,,,
,,,,,,4969,폴리에스테르에 합성 페인트,1,기타,기타,분류 미매칭,학습 제외,
,,,,,,4970,스테인리스에 채색,1,스테인리스,채색,,학습 제외,
,,,,,,4971,"한지에 수묵채색, 콜라주",1,한지,수묵,,,
,,,,,,4972,브론즈에 골드파티나,1,없음,조각,,,
,,,,,,4973,"종이에 연필, 먹",1,종이,수묵,,,
,,,,,,4974,"캔버스에 유채, 왁스",1,캔버스,유채,,,
,,,,,,4975,"나무 화판에 옻칠, 자개",1,목재,옻칠/래커,,,
,,,,,,4976,"아노다이징 알루미눔, 인조대리석 좌…",1,없음,조각,,,
,,,,,,4977,켄버스에 모래 유채,1,캔버스,"유채, 모래",,,
,,,,,,4978,"FRP에 아크릴, 나무",1,목재,아크릴,,학습 제외,
,,,,,,4979,"커스텀 캔버스에 아크릴, 펜, 연필",1,캔버스,"아크릴릭, 펜, 연필",,,
,,,,,,4980,거울에 유채 및 오일파스텔,1,거울,"유채, 오일 파스텔",,,
,,,,,,4981,"캔버스에 아크릴, 자개, 금박, 혼합재료",1,캔버스,"아크릴릭, 자개, 금박, 혼합재료",,,
,,,,,,4982,"캔버스에 오일스틱, 스프레이 페인트, …",1,캔버스,"오일스틱, 스프레이",,,
,,,,,,4983,캔버스에 한지 콜라주,1,캔버스,혼합재료,,,
,,,,,,4984,"캔버스에 혼합재료, 한지",1,캔버스,혼합재료,,,
,,,,,,4985,"린넨에 마대, 유채, 아크릴",1,캔버스,"유채, 아크릴릭",,,
,,,,,,4986,"나무, 금박, 레진, 혼합재료",1,목재,혼합재료,,,
,,,,,,4987,"브론즈, 플랙시슬라스, 전선, 쌀, 오디…",1,없음,조각,,,
,,,,,,4988,프린트된 종이에 아크릴,1,종이,"디지털 프린트, 아크릴릭",,,
,,,,,,4989,"린넨에 채색, 축광안료",1,캔버스,채색,,,
,,,,,,4990,"종이에 포토콜라쥬, 과슈, 색연필",1,종이,수채,,,
,,,,,,4991,디지털피그먼트,1,종이,디지털 피그먼트 프린트,,,
,,,,,,4992,시멘트,1,기타,기타,분류 미매칭,학습 제외,
,,,,,,4993,"캔버스에 아크릴, 모래, 연필",1,캔버스,"아크릴릭, 모래, 연필",,,
,,,,,,4994,"스테인리스, 페인트, 스크린프린트",1,스테인리스,실크스크린,,,
,,,,,,4995,브론즈에 채색,1,기타,채색,,학습 제외,
,,,,,,4996,매조틴트,1,종이,메조틴트,분류 미매칭,,
,,,,,,4997,디지털피그먼트 프린트,1,종이,디지털 피그먼트 프린트,,,
,,,,,,4998,캔버스 위 종이에 펜,1,종이,펜,,,
,,,,,,4999,"종이에 스프레이페인트, 오일스틱",1,종이,"스프레이, 오일스틱",,,
,,,,,,5000,애조틴트,1,종이,메조틴트,분류 미매칭,,
,,,,,,5001,"실크스크린, 오프셋석판화",1,종이,"실크스크린, 오프셋 프린트",,,
,,,,,,5002,"애칭, 탄화규소",1,종이,"에칭, 카보런덤",분류 미매칭,,
,,,,,,5003,"캔버스에 아크릴, 라이트 몰딩 페이스트, 소프트,,,",1,캔버스,아크릴,,학습 제외,
,,,,,,5004,"캔버스에 유채, 실",1,캔버스,"유채, 실",,,
,,,,,,5005,"동, 은 도금",1,기타,기타,분류 미매칭,학습 제외,
,,,,,,5006,"디지털프린트, 아크릴보드",1,목재,아크릴,,학습 제외,
,,,,,,5007,"캔버스에 오일스틱, 스프레이페인트…",1,캔버스,"오일스틱, 스프레이",,,
,,,,,,5008,스카프에 디지털프린트,1,섬유,디지털 프린트,,,
,,,,,,5009,"에칭, 콜라주",1,종이,에칭,,,
,,,,,,5010,타피스트리 (limited edition),1,태피스트리,,,,
,,,,,,5011,밀로 매튜,1,기타,기타,분류 미매칭,학습 제외,
,,,,,,5012,"주석에 동, 은입사",1,금속,기타,분류 미매칭,,
,,,,,,5013,"괴목, 용목",1,기타,기타,분류 미매칭,학습 제외,
,,,,,,5014,나무 패널 위 종이에 아크릴,1,종이,아크릴릭,,,
,,,,,,5015,"잉크젯 프린트, 은박",1,종이,디지털 프린트,,,
,,,,,,5016,"캔버스에 바느질한 천, 유채, 알키드, 아크릴",1,캔버스,"자수, 유채, 혼합재료",,,
,,,,,,5017,"린넨에 수묵담채, 자수",1,캔버스,수묵,,,
,,,,,,5018,행자목,1,기타,기타,분류 미매칭,학습 제외,
,,,,,,5019,"한지에 천 콜라주, 혼합재료",1,한지,혼합재료,,,
,,,,,,5020,종이보드와 나무액자에 수묵,1,보드,수묵,,,
,,,,,,5021,"종이에 콩테, 크레용",1,종이,"콘테, 오일 파스텔",,,
,,,,,,5022,"종이에 실크스크린, 색연필, 혼합재료",1,종이,"실크스크린, 색연필, 혼합재료",,,
,,,,,,5023,"황동, 전사지, 레진, 혼합재료",1,기타,혼합재료,,학습 제외,
,,,,,,5024,"캔버스에 유채, 오일바, 오일 파스텔",1,캔버스,"유채, 오일스틱, 오일 파스텔",,,
,,,,,,5025,나무 패널에 오일파스텔,1,패널,오일 파스텔,,,
,,,,,,5026,스테인리스에 페인팅,1,스테인리스,채색,,,
,,,,,,5027,"장지에 먹, 채색",1,장지,수묵,,,
,,,,,,5028,실크에 아크릴,1,비단,아크릴릭,,,
,,,,,,5029,코튼 종이에 아크릴,1,종이,아크릴릭,,,
,,,,,,5030,"캔버스에 유채, 색연필",1,캔버스,"유채, 색연필",,,
,,,,,,5031,"디지털 프린트, 스크린프린트, 금박, 은박",1,종이,실크스크린,,,
,,,,,,5032,"종이에 오일파스텔, 아크릴",1,종이,"오일 파스텔, 아크릴릭",,,
,,,,,,5033,"목판에 수묵, 펜",1,종이,"목판, 수묵, 펜",,,
,,,,,,5034,"캔버스에 오일스틱, 스프레이 페인트, 목탄",1,캔버스,"오일스틱, 스프레이, 목탄",,,
,,,,,,5035,"실리콘, 나비, 핀, 크리스탈 비즈",1,기타,기타,분류 미매칭,학습 제외,
,,,,,,5036,"종이에 천 콜라주, 혼합재료",1,종이,혼합재료,,,
,,,,,,5037,린넨에 피그먼트,1,캔버스,디지털 피그먼트 프린트,,,
,,,,,,5038,"패널 위 한지부조에 수묵채색, 아크릴",1,패널,"한지부조, 수묵담채, 아크릴릭",,,
,,,,,,5039,"데님에 아크릴, 혼합재료",1,섬유,"아크릴릭, 혼합재료",,,
,,,,,,5040,"캔버스에 아크릴, 레진, 혼합재료",1,캔버스,아크릴,,학습 제외,
,,,,,,5041,"레진, 나무",1,없음,조각,,,
,,,,,,5042,과반에 채색,1,기타,채색,,학습 제외,
,,,,,,5043,"종이보드에 콜타르, 오일바",1,보드,"오일스틱, 콜타르",,,
,,,,,,5044,"자작나무 패널 위 자개에 채색, 옻칠과 금박, 금도금 큐브",1,목재,채색,,,
,,,,,,5045,카드보드에 혼합재료,1,목재,혼합재료,,,
,,,,,,5046,장지에 중채,1,장지,기타,분류 미매칭,,
,,,,,,5047,캔버스 위 닥종이에 채색,1,캔버스,채색,,,
,,,,,,5048,세라믹 (6),1,없음,도자,,,
,,,,,,5049,"한지에 수간채색, 연필, 콜라주, 석채, 수정말, 방해말",1,한지,채색,,,
,,,,,,5050,"합판에 아크릴, 목탄",1,패널,"아크릴릭, 목탄",,,
,,,,,,5051,포토 에칭,1,종이,에칭,,,
,,,,,,5052,"목판화, 유채, 아크릴, 목탄",1,종이,"목판, 유채, 아크릴릭, 목탄",,,
,,,,,,5053,"캔버스에 아크릴, 유채, 목탄",1,캔버스,"아크릴릭, 유채, 목탄",,,
,,,,,,5054,은행나무에 주칠,1,목재,기타,분류 미매칭,,
,,,,,,5055,괴목에 주석,1,금속,기타,분류 미매칭,,
,,,,,,5056,브론즈에 크리스탈 레진,1,없음,조각,,,
,,,,,,5057,"캔버스 위 한지에 석채, 아크릴",1,"캔버스, 한지","아크릴릭, 석채",,,
,,,,,,5058,"종이에 펜, 색연필, 마커, 콜라주",1,종이,"펜, 색연필, 마커, 콜라주",,,
,,,,,,5059,"캔버스에 물, 아크릴, 에폭시",1,캔버스,"아크릴릭, 에폭시",,,
,,,,,,5060,"실크스크린, 그라파이트",1,기타,연필/드로잉,,학습 제외,
,,,,,,5061,"괴목, 주석",1,금속,기타,분류 미매칭,,
,,,,,,5062,컴퓨터 드로잉 잉크젯 프린트,1,종이,디지털 프린트,포토그래픽 드로잉,,
,,,,,,5063,"캔버스에 수용성 왁스 파스텔, 잉크, 실",1,캔버스,"오일 파스텔, 잉크, 실",,,
,,,,,,5064,"은행나무, 주칠",1,목재,기타,분류 미매칭,,
,,,,,,5065,"순지에 분채, 금분",1,종이,채색,,,
,,,,,,5066,"나무 패널에 아크릴, 레진",1,목재,아크릴,,학습 제외,
,,,,,,5067,"종이에 콩테, 먹",1,종이,"수묵, 콘테",,,
,,,,,,5068,"캔버스에 아크릴, 오일스틱, 오일파스텔",1,캔버스,"아크릴릭, 오일스틱, 오일 파스텔",,,
,,,,,,5069,"카드보드에 아크릴, 오일스틱",1,보드,"아크릴릭, 오일스틱",,,
,,,,,,5070,"패널에 아크릴, 오일스틱, 바니쉬",1,패널,"아크릴릭, 오일스틱",,,
,,,,,,5071,장지에 채색과 파란색연필,1,장지,채색,,,
,,,,,,5072,"웬지, 단풍나무, 아마사",1,목재,기타,분류 미매칭,,
,,,,,,5073,"배나무, 웬지, 아마사",1,목재,기타,분류 미매칭,,
,,,,,,5074,"단풍나무, 배나무, 아마사",1,목재,기타,분류 미매칭,,
,,,,,,5075,래미네이트 아크릴,1,종이,"디지털 프린트, 디아섹",,,
,,,,,,5076,LED 모니터,1,기타,기타,분류 미매칭,학습 제외,
,,,,,,5077,"스판덱스,면, 스틸",1,금속,기타,분류 미매칭,,
,,,,,,5078,한지와 혼합재료,1,한지,혼합재료,,,
,,,,,,5079,"캔버스에 안료, 혼합재료",1,캔버스,혼합재료,,,
,,,,,,5080,"아르쉬지에 잉크, 과슈, 아크릴",1,종이,"잉크, 과슈, 아크릴릭",,,
,,,,,,5081,나무 패널에 옻칠,1,목재,옻칠/래커,,,
,,,,,,5082,"캔버스에 아크릴, 천 콜라주",1,캔버스,"아크릴릭, 천 콜라주",,,
,,,,,,5083,"단풍나무 탄화, 현무암",1,목재,기타,분류 미매칭,,
,,,,,,5084,장지에 흑연,1,장지,흑연,,,
,,,,,,5085,"종이보드에 연필, 아크릴",1,보드,"아크릴릭, 종이",,,
,,,,,,5086,"레진, PVC, 메탈, LED 전구 센서, 혼합재료",1,기타,혼합재료,,학습 제외,
,,,,,,5087,판넬에 레진,1,없음,조각,,,
,,,,,,5088,삼나무,1,목재,기타,분류 미매칭,학습 제외,
,,,,,,5089,패널에 흑연,1,패널,흑연,,,
,,,,,,5090,"알루미늄 주물, 스테인리스 스틸, 우레탄 도장",1,금속,조각,,,
,,,,,,5091,"화강석, 대리석, 스테인레스스틸, 베어링",1,금속,조각,,,
,,,,,,5092,"카드보드에 아크릴, 금박",1,보드,"아크릴릭, 금박",,,
,,,,,,5093,"캔버스에 아크릴, 유채, 목탄, 스프레이 페인트, 혼합재료",1,캔버스,"아크릴릭, 유채, 목탄, 스프레이, 혼합재료",,,
,,,,,,5094,"TV 캐비넷, 나무 구조물에 혼합재료",1,목재,혼합재료,,,
,,,,,,5095,폴리 페인팅,1,기타,기타,분류 미매칭,학습 제외,
,,,,,,5096,"종이에 수채, 목탄",1,종이,수채,,,
,,,,,,5097,"캔버스에 오일스틱, 오일파스텔",1,캔버스,"오일스틱, 오일 파스텔",,,
,,,,,,5098,캔버스에 도자,1,캔버스,도자,,,
,,,,,,5099,"패널에 아크릴, 흑연",1,패널,"아크릴릭, 흑연",,,
,,,,,,5100,바람과 햇빛과 물결,1,기타,기타,분류 미매칭,학습 제외,
,,,,,,5101,실크에 점토 채색,1,비단,채색,,,
,,,,,,5102,"린넨에 유채, 과슈, 아크릴",1,캔버스,"유채, 과슈, 아크릴릭",,,
,,,,,,5103,"패널에 아크릴, 재",1,패널,"아크릴릭, 기타",,,
,,,,,,5104,혼합 미디어,1,기타,혼합재료,,학습 제외,
,,,,,,5105,천,1,섬유,기타,분류 미매칭,학습 제외,
,,,,,,5106,장지에 주묵,1,장지,수묵,,,
,,,,,,5107,캔버스에 기름과 아크릴,1,캔버스,"아크릴릭, 기타",,,
,,,,,,5108,"실크스크린, 에칭, 엠보싱",1,종이,"실크스크린, 에칭, 엠보싱",,,
,,,,,,5109,린넨 보드 위에 아크릴,1,캔버스,아크릴릭,,,
,,,,,,5110,"시멘트, 점토, 철",1,금속,기타,분류 미매칭,,
,,,,,,5111,박에 유채,1,기타,유화,,학습 제외,
,,,,,,5112,"모래, 유채",1,기타,유화,,학습 제외,
,,,,,,5113,캔버스 위 시멘트에 아크릴,1,캔버스,"시멘트, 아크릴릭",,,
,,,,,,5114,카드보드에 스크린프린트,1,보드,실크스크린,,,
,,,,,,5115,"종이에 목판, 채색",1,종이,채색,,,
,,,,,,5116,"린넨에 유채, 금박",1,캔버스,"유채, 금박",,,
,,,,,,5117,"한지에 수묵, 프로타주",1,한지,수묵,,,
,,,,,,5118,"캔버스 위 한지에 채색, 혼합재료",1,"캔버스, 한지",채색,,,
,,,,,,5119,나무와 캔버스에 아크릴,1,캔버스,아크릴릭,,,
,,,,,,5120,패널에 에나멜,1,목재,기타,분류 미매칭,,
,,,,,,5121,캔버스 위 한지에 수묵채색,1,"캔버스, 한지",수묵,,,
,,,,,,5122,"실크스크린, 크레용",1,종이,"실크스크린, 오일 파스텔",,,
,,,,,,5123,아크릴에 플로킹,1,아크릴 패널,플로킹,,,
,,,,,,5124,"브론즈에 금속도금, 거울 광택제",1,금속,조각,,,
,,,,,,5125,"종이에 카드보드 콜라주, 혼합재료",1,보드,혼합재료,,,
,,,,,,5126,"캔버스에 유채, 아크릴, 스프레이 페인트",1,캔버스,"유채, 아크릴릭, 스프레이",,,
,,,,,,5127,"캔버스에 목탄, 스프레이 페인트, 파스텔",1,캔버스,"목탄, 스프레이, 파스텔",,,
,,,,,,5128,금박지에 유채,1,기타,유화,,학습 제외,
,,,,,,5129,"나무에 실크스크린, 아크릴과슈",1,패널,"실크스크린, 아크릴릭",,,
,,,,,,5130,"종이에 디지털프린트, 천 콜라주, 나무",1,종이,"디지털 프린트, 혼합재료",,,
,,,,,,5131,거울에 페인팅,1,거울,혼합재료,분류 미매칭,,
,,,,,,5132,"캔버스에 아크릴, 과슈, 오브제",1,캔버스,아크릴,,학습 제외,
,,,,,,5133,"캔버스에 아크릴, 채색, 한지부조",1,캔버스,"한지 부조, 채색, 아크릴릭",,,
,,,,,,5134,"종이에 오일파스텔, 스프레이 페인트",1,종이,"오일 파스텔, 스프레이",,,
,,,,,,5135,"패널에 아크릴, 오일파스텔",1,패널,"아크릴릭, 오일 파스텔",,,
,,,,,,5136,"종이에 먹, 색연필",1,종이,"수묵, 색연필",,,
,,,,,,5137,"캔버스에 목탄, 유채, 스프레이 페인트, 아크릴, 파스텔",1,캔버스,"목탄, 유채, 스프레이, 아크릴릭, 파스텔",,,
,,,,,,5138,"은행나무, 주석, 주칠",1,목재,기타,분류 미매칭,,
,,,,,,5139,"a.나무 패널에 유채, b. 종이에 유화",1,종이,유화,,학습 제외,
,,,,,,5140,"장지에 아크릴, 호두나무",1,장지,아크릴,,학습 제외,
,,,,,,5141,"아이패드 드로잉 프린트, 콜라주",1,종이,"디지털 페인팅 프린트, 콜라주",,,
,,,,,,5142,"천과 바느질한 캔버스에 유채, 오일스틱, 아크릴",1,캔버스,"자수, 유채, 오일스틱, 아크릴릭",,,
,,,,,,5143,"캔버스 위 한지에 프로타주, 콜라주",1,"캔버스, 한지",혼합재료,,,
,,,,,,5144,"패널에 유채, 아크릴",1,패널,"유채, 아크릴릭",,,
,,,,,,5145,"1.캔버스에 유채, 2.디지털 피그먼트 프린트",1,캔버스,유화,,학습 제외,
,,,,,,5146,"LCD 유닛, 플렉시글라스",1,기타,기타,분류 미매칭,학습 제외,
,,,,,,5147,"캔버스에 연필, 펜",1,캔버스,"연필, 펜",,,
,,,,,,5148,"캔버스에 아크릴, 자개, 은박",1,캔버스,"아크릴릭, 자개, 은박",,,
,,,,,,5149,"패널 위 연필, 목탄, 노끈, 폴리에틸렌, 실, 스테이플러 콜라주",1,패널,"연필, 목탄, 혼합재료 콜라주",,,
,,,,,,5150,"철물점 카탈로그, 유광지, 풀, 콜라주",1,기타,혼합재료,,학습 제외,
,,,,,,5151,"트레싱지에 잉크, 색연필",1,종이,"잉크, 색연필",,,
,,,,,,5152,"강화 플라스틱, 포맥스 위에 아크릴 채색",1,기타,아크릴,,학습 제외,
,,,,,,5153,"장지에 수묵채색, 콜라주",1,장지,수묵,,,
,,,,,,5154,"순지에 암채, 금박",1,종이,채색,,,
,,,,,,5155,"종이에 크레용, 마커, 콜라주",1,종이,"오일 파스텔, 마커, 콜라주",,,
,,,,,,5156,레이저 컷 아카이벌 보드 부조,1,목재,기타,분류 미매칭,,
,,,,,,5157,울 타피스트리,1,태피스트리,,,,
,,,,,,5158,"캔버스에 부조, 아크릴, 혼합재료",1,캔버스,"부조, 아크릴릭, 혼합재료",,,
,,,,,,5159,"스테인리스, 철사, 유리, 우레탄 페인트",1,없음,조각,,,
,,,,,,5160,"전선, 네온램프, 아크릴, 캔버스",1,캔버스,아크릴,,학습 제외,
,,,,,,5161,"패널에 유채, 부조",1,패널,"유채, 부조",,,
,,,,,,5162,코로모룩스 종이에 철물점 카탈로그 클리핑,1,종이,기타,분류 미매칭,,
,,,,,,5163,"페놀 보드에 PVC 피규어, 스테인리스 테이블, 유리",1,없음,조각,,,
,,,,,,5164,"캔버스에 아크릴, 오일스틱, 스프레이 페인트",1,캔버스,"아크릴릭, 오일스틱, 스프레이",,,
,,,,,,5165,"철에 은입사, 화류목",1,기타,기타,분류 미매칭,학습 제외,
,,,,,,5166,"갑사, 명주",1,기타,기타,분류 미매칭,학습 제외,
,,,,,,5167,갑사,1,기타,기타,분류 미매칭,학습 제외,
,,,,,,5168,"종이에 마커, 실",1,종이,"마커, 실",,,
,,,,,,5169,"하드보드지에 혼합재료, 콜라주",1,목재,혼합재료,,,
,,,,,,5170,"목판화, 콜라그래프",1,종이,"목판, 콜라그래프",,,
,,,,,,5171,채색된 금속,1,금속,채색,,,
,,,,,,5172,"캔버스에 혼합재료, 흙, 먹",1,캔버스,수묵,,,
,,,,,,5173,린넨에 오일스틱,1,캔버스,오일스틱,,,
,,,,,,5174,무늬봉투와 모눈종이 콜라주,1,종이,혼합재료,,,
,,,,,,5175,테라코타에 아크릴,1,기타,아크릴,,학습 제외,
,,,,,,5176,"종이에 오일파스텔, 목탄, 파스텔",1,종이,"오일 파스텔, 목탄, 파스텔",,,
,,,,,,5177,"사진에 아크릴, 에폭시",1,종이,"디지털 프린트, 아크릴릭, 에폭시",,,
,,,,,,5178,나무 패널에 플라스터와 아크릴,1,목재,아크릴,,학습 제외,
,,,,,,5179,"비디오 설치, 1 채널 비디오, 컬러, 사운드; LED 플레이어 모니터, SD Card",1,기타,기타,분류 미매칭,학습 제외,
,,,,,,5180,"자작나무 패널 위 자개에 채색, 옻칠과 24K금박, 금도금 큐브",1,목재,채색,,,
,,,,,,5181,종이보드에 채색,1,보드,채색,,,
,,,,,,5182,"디지털 아카이벌 피그먼트 프린트, 디아섹",1,종이,"디지털 피그먼트 프린트, 디아섹",,,
,,,,,,5183,"파라핀 왁스, 피그먼트, 스테인리스 스틸",1,스테인리스,"안료, 파라핀",,,
,,,,,,5184,"영화 필름, 아크릴, LED",1,기타,아크릴,,학습 제외,
,,,,,,5185,알루미늄에 폴리아크릴 우레탄,1,금속,아크릴,,학습 제외,
,,,,,,5186,천 위 종이에 아크릴,1,종이,아크릴릭,,,
,,,,,,5187,패널 위 종이에 수채,1,종이,수채,,,
,,,,,,5188,"천에 아크릴, 콜라주",1,캔버스,"아크릴릭, 콜라주",,,
,,,,,,5189,"종이에 잉크, 수채",1,종이,수채,,,
,,,,,,5190,"나무, 소나무",1,목재,기타,분류 미매칭,,
,,,,,,5191,종이 콜라주에 파스텔,1,종이,"파스텔, 콜라주",,,
,,,,,,5192,"캔버스에 디지털 프린트, 실크스크린",1,캔버스,실크스크린,,,
,,,,,,5193,"캔버스 위 종이에 혼합재료, 콜라주",1,캔버스,혼합재료,,,
,,,,,,5194,"포토 에칭, 포토 그라비어, 아쿼틴트",1,종이,"에칭, 포토그라비어, 아쿼틴트",,,
,,,,,,5195,"코튼에 아크릴, 먹",1,캔버스,"아크릴릭, 수묵",,,
,,,,,,5196,"종이 보드에 마커, 수성 잉크",1,보드,"마커, 잉크",,,
,,,,,,5197,"나무 패널에 아크릴, 자개, 은박",1,패널,"아크릴릭, 자개, 은박",,,
,,,,,,5198,캔버스 위 닥종이에 혼합재료,1,캔버스,혼합재료,,,
,,,,,,5199,"보드에 오일스틱, 목탄",1,보드,"오일스틱, 목탄",,,
,,,,,,5200,"실크스크린, 채색",1,종이,"실크스크린, 채색",,,
,,,,,,5201,"천에 모래, 유채",1,캔버스,"유채, 모래",,,
,,,,,,5202,"패널에 아크릴, 펜",1,패널,"아크릴릭, 펜",,,
,,,,,,5203,"PCB, 아크릴판, 스와로브스키 스톤, UV 프린트, 알루미늄, LED",1,금속,아크릴,,학습 제외,
,,,,,,5204,나무 패널에 유채,1,패널,유채,,,
,,,,,,5205,종이 위 나뭇잎에 유채,1,종이,"나뭇잎, 유채",,,
,,,,,,5206,"석판화, 실",1,종이,석판,,,
,,,,,,5207,디지털 피그먼트 프린트(사후판화),1,종이,디지털 피그먼트 프린트,,,
,,,,,,5208,"종이에 수묵, 유채",1,종이,"수묵, 유채",,,
,,,,,,5209,호마이카에 에나멜 페인트,1,플라스틱 패널,에나멜,분류 미매칭,,
,,,,,,5210,알루미늄에 유채,1,알루미늄 패널,유채,,,
,,,,,,5211,"캔버스에 아크릴, 아크릴 스프레이, 크레용",1,캔버스,"아크릴릭, 오일 파스텔",,,
,,,,,,5212,"캔버스에 실크, 면",1,캔버스,기타,분류 미매칭,,
,,,,,,5213,"캔버스에 아크릴, 우레탄, 스와로브스키 스톤",1,캔버스,아크릴,,학습 제외,
,,,,,,5214,캔버스에 아크릴과 스와로브스키 스톤,1,캔버스,"아크릴릭, 스와로브스키 크리스탈",,,
,,,,,,5215,"패널에 유채, 혼합재료",1,패널,"유채, 혼합재료",,,
,,,,,,5216,유리에 스크린프린트,1,종이,실크스크린,,,
,,,,,,5217,"패널에 스프레이 페인트, 아크릴",1,패널,"아크릴릭, 스프레이 페인트",,,
,,,,,,5218,"브론즈, 스테인리스",1,없음,조각,,,
,,,,,,5219,"광목에 백자토, 아크릴릭 과슈",1,캔버스,"아크릴릭, 백자토",,,
,,,,,,5220,한지에 크레용,1,한지,오일 파스텔,,,
,,,,,,5221,"캔버스에 아크릴, 펜슬",1,캔버스,"아크릴릭, 연필",,,
,,,,,,5222,"한지에 먹, 색연필",1,한지,"수묵, 색연필",,,
,,,,,,5223,"실크스크린, 오프셋 석판화(사후판화)",1,종이,"실크스크린, 오프셋 프린트",,,
,,,,,,5224,"패널 위 종이에 수묵, 유채",1,종이,"수묵, 유채",,,
,,,,,,5225,"종이에 먹, 펜",1,종이,"수묵, 펜",,,
,,,,,,5226,"22-캐럿 금박, 나무, 금속, 유리, 플렉시글라스",1,목재,기타,분류 미매칭,학습 제외,
,,,,,,5227,"비닐, 크리스탈",1,기타,기타,분류 미매칭,학습 제외,
,,,,,,5228,"캔버스 위에 아크릴, 레진, 모래",1,캔버스,아크릴,,학습 제외,
,,,,,,5229,"캔버스에 잉크, 아크릴, 미디움",1,캔버스,"아크릴릭, 잉크",,,
,,,,,,5230,"캔버스에 아크릴, 다이아몬드",1,캔버스,"아크릴릭, 다이아몬드",,,
,,,,,,5231,"나무 패널에 유채, 종이에 아크릴",1,종이,유화,,학습 제외,
,,,,,,5232,금지에 먹,1,금속지,수묵,,,
,,,,,,5233,"캔버스에 아크릴, 세라믹",1,캔버스,아크릴,,학습 제외,
,,,,,,5234,"장지에 채색, 가금분, 펜",1,장지,채색,,,
,,,,,,5235,"캔버스에 아크릴, 그라파이트",1,캔버스,"아크릴릭, 흑연",,,
,,,,,,5236,"캔버스에 유채, 스프레이 페인트",1,캔버스,"유채, 스프레이",,,
,,,,,,5237,"하이드로스톤, 유리 조각, 리모아 브리프케이스",1,기타,기타,분류 미매칭,학습 제외,
,,,,,,5238,"패널 위 전선, 크리스탈클리어 코팅",1,목재,기타,분류 미매칭,,
,,,,,,5239,비단에 진채,1,비단,기타,분류 미매칭,,
,,,,,,5240,페트지에 잉크,1,플라스틱 필름,잉크,분류 미매칭,,
,,,,,,5241,장지에 금분 오일 채색,1,장지,"유채, 니금",,,
,,,,,,5242,"캔버스에 페인트, 콜라주",1,캔버스,혼합재료,,,
,,,,,,5243,캔버스 위 석판화,1,캔버스,석판,,,
,,,,,,5244,"한지에 아크릴, 채색",1,한지,"채색, 아크릴릭",,,
,,,,,,5245,폴리코트에 채색,1,기타,채색,,학습 제외,
,,,,,,5246,보드 위 캔버스에 아크릴,1,캔버스,아크릴릭,,,
,,,,,,5247,모에 면사,1,기타,기타,분류 미매칭,학습 제외,
,,,,,,5248,나무 판넬에 한지 콜라주,1,종이,혼합재료,,학습 제외,
,,,,,,5249,"우드에 아크릴, 진주 파우더, 진주",1,패널,"아크릴릭, 진주",,,
,,,,,,5250,"자기, 금속",1,금속,도자,,,
,,,,,,5251,"스크린프린트, 크레용",1,종이,"실크스크린, 오일 파스텔",,,
,,,,,,5252,패널 위 종이에 수묵채색,1,종이,수묵,,,
,,,,,,5253,"색종이 꼴라주, 크레용",1,종이,"오일 파스텔, 종이 콜라주",,,
,,,,,,5254,판화지에 실크스크린,1,종이,실크스크린,,,
,,,,,,5255,"장지에 분채, 은분",1,장지,채색,,,
,,,,,,5256,"캔버스에 레진, 모래, 아크릴",1,캔버스,아크릴,,학습 제외,
,,,,,,5257,목판,1,종이,목판,분류 미매칭,,
,,,,,,5258,포토인그레이빙,1,종이,포토인그레이빙,분류 미매칭,,
,,,,,,5259,"레진, 플라스터, 산화 알루미늄",1,금속,조각,,,
,,,,,,5260,"디지털 피그먼트 프린트, 다이아몬드 더스트",1,종이,"디지털 피그먼트 프린트, 유리가루",,,
,,,,,,5261,프린트에 펜,1,종이,"디지털 프린트, 펜",,,
,,,,,,5262,"비디오 설치, 1채널 비디오, 컬러, 무음; 1 휴대용 모니터, 포터블 모니터, 1 DVD 플레이어, 1 컴팩트디스크, 1 비디오테이프, 설치 구조물에 혼합재료",1,기타,혼합재료,,학습 제외,
,,,,,,5263,"카드보드에 아크릴, 색연필",1,보드,"아크릴릭, 색연필",,,
,,,,,,5264,"린넨에 오일스틱, 바니시",1,캔버스,오일스틱,,,
,,,,,,5265,"종이에 모노프린트, 콜라주, 인그레이빙, 엠보싱",1,종이,혼합재료,,,
,,,,,,5266,"판넬에 아크릴, 자개, 레진",1,패널,아크릴,,학습 제외,
,,,,,,5267,캔버스에 아크릴과 금,1,캔버스,"아크릴릭, 금",,,
,,,,,,5268,대나무에 조각,1,목재,기타,분류 미매칭,,
,,,,,,5269,Thassos Marble,1,없음,조각,,,
,,,,,,5270,"캔버스에 실크, 로프",1,캔버스,기타,분류 미매칭,,
,,,,,,5271,"나무, 삼베, 한지, 자개, 옻칠",1,종이,옻칠/래커,,,
,,,,,,5272,"금박, 동",1,기타,기타,분류 미매칭,학습 제외,
,,,,,,5273,"패널 위 종이에 아크릴, 펜",1,종이,"아크릴릭, 펜",,,
,,,,,,5274,목천에 수간채색,1,섬유,채색,,,
,,,,,,5275,프린트된 한지에 손바느질,1,종이,기타,분류 미매칭,학습 제외,
,,,,,,5276,"지클레이 프린트, 실크스크린, 엠보싱",1,종이,실크스크린,,,
,,,,,,5277,하드보드지에 마커,1,보드,마커,,,
,,,,,,5278,폴리에스테르 레진에 채색,1,기타,채색,,학습 제외,
,,,,,,5279,"종이에 잉크, 연필, 글리터, 콜라주",1,종이,"잉크, 연필, 콜라주",,,
,,,,,,5280,"비디오 설치, 1채널 비디오, 컬러, 무음; 1 모니터, DVD플레이어, 미디어플레이어, SD 카드, 혼합재료",1,기타,혼합재료,,학습 제외,
,,,,,,5281,리소그래프,1,종이,석판,분류 미매칭,,
,,,,,,5282,"소나무, 괴목, 먹감, 배나무",1,목재,수묵,,학습 제외,
,,,,,,5283,"소나무, 옻칠에 자개",1,목재,옻칠/래커,,,
,,,,,,5284,"거울에 아크릴, 모래",1,거울,"아크릴릭, 모래",,,
,,,,,,5285,"모래, 돌",1,기타,기타,분류 미매칭,학습 제외,
,,,,,,5286,"캔버스에 유채, 금가루 풀",1,캔버스,"유채, 니금",,,
,,,,,,5287,"캔버스에 아크릴, 자개",1,캔버스,"아크릴릭, 자개",,,
,,,,,,5288,"한지에 먹과 채색, 금분, 은분",1,한지,"수묵담채, 니금, 은니",,,
,,,,,,5289,스테인리스에 카멜레온 도장,1,없음,조각,,,
,,,,,,5290,"한지에 목탄, 콩테, 채색",1,한지,채색,,,
,,,,,,5291,캔버스 릴리프,1,캔버스,기타,분류 미매칭,,
,,,,,,5292,"소나무, 피나무",1,목재,기타,분류 미매칭,,
,,,,,,5293,모노프린트,1,종이,인쇄/복제,,학습 제외,
,,,,,,5294,"석판화, 스크린프린트, 레터프레스",1,종이,"석판, 실크스크린",,,
,,,,,,5295,"종이에 수채, 혼합재료",1,종이,수채,,,
,,,,,,5296,"캔버스에 수채, 색연필, 펜",1,캔버스,수채,,,
,,,,,,5297,"캔버스에 목탄, 파스텔",1,캔버스,"목탄, 파스텔",,,
,,,,,,5298,"종이에 인두, 수묵채색",1,종이,수묵,,,
,,,,,,5299,"캔버스에 울트라크롬 잉크 프린트, 스프레이 페인트, 아크릴",1,캔버스,"디지털 피그먼트 프린트, 아크릴릭",,,
,,,,,,5300,"종이에 먹, 수묵채색 외",1,종이,수묵,,,
,,,,,,5301,"캔버스에 UV 프린트, 아크릴, 스와로브스키, 우레탄 도장",1,캔버스,"UV 프린트, 아크릴릭, 스와로브스키",,,
,,,,,,5302,"데님 콜라주, 혼합재료, 바느질",1,기타,혼합재료,,학습 제외,
,,,,,,5303,"스테인리스, 스틸, 스크린 프린트",1,금속,실크스크린,,,
,,,,,,5304,"한지에 수묵, 채색",1,한지,수묵,,,
,,,,,,5305,"스테인리스, 스틸, 페인트, 스크린프린트",1,스테인리스,실크스크린,,,
,,,,,,5306,스케이트 덱에 디지털 프린트,1,기타,디지털 프린트,,학습 제외,
,,,,,,5307,"캔버스 위 종이에 색연필, 혼합재료",1,종이,"색연필, 혼합재료",,,
,,,,,,5308,패널 위 종이에 혼합재료,1,종이,혼합재료,,,
,,,,,,5309,합판 위 자기에 채색,1,기타,채색,,학습 제외,
,,,,,,5310,가시나무,1,목재,기타,분류 미매칭,,
,,,,,,5311,벨벳에 유채,1,섬유,유채,,,
,,,,,,5312,자기에 코팅,1,없음,도자,,,
,,,,,,5313,두랄루민,1,기타,기타,분류 미매칭,학습 제외,
,,,,,,5314,"패널 위 한지에 잉크, 과슈",1,한지,수채,,,
,,,,,,5315,채색 알루미늄,1,금속,채색,,,
,,,,,,5316,"채색 철판, 막대, 와이어",1,기타,채색,,학습 제외,
,,,,,,5317,"TV 캐비닛, 4인치 모니터, 전선, 혼합재료",1,기타,혼합재료,,학습 제외,
,,,,,,5318,검 바이크로메이트 프린트,1,종이,검 바이크로메이트 프린트,,,
,,,,,,5319,"종이부조, 에칭, 아쿼틴트",1,종이,"에칭, 아쿼틴트",,,
,,,,,,5320,"울트라크롬 잉크 프린트, 아크릴",1,종이,"디지털 피그먼트 프린트, 아크릴릭",,,
,,,,,,5321,"석판화, 핸드페인팅",1,종이,석판,,,
,,,,,,5322,스테인리스에 유채,1,스테인리스,유채,,,
,,,,,,5323,"캔버스 위 한지 콜라주, 아크릴",1,캔버스,"한지 콜라주, 아크릴릭",,,
,,,,,,5324,"종이 위에 흑연, 부조",1,종이,"흑연, 혼합재료",,,
,,,,,,5325,"캔버스에 아크릴, 흙",1,캔버스,"아크릴릭, 흙",,,
,,,,,,5326,"캔버스에 목탄, 혼합재료",1,캔버스,"목탄, 혼합재료",,,
,,,,,,5327,"스틸, 알루미늄에 채색",1,금속,채색,,,
,,,,,,5328,캔버스에 핸드 스프레이 페인트,1,캔버스,기타,분류 미매칭,,
,,,,,,5329,"신문지에 수채, 연필",1,인쇄물,"수채, 연필",,,
,,,,,,5330,"종이에 아크릴, 유채, 파스텔",1,종이,"아크릴릭, 유채, 파스텔",,,
,,,,,,5331,"종이에 수채, 파스텔, 잉크",1,종이,수채,,,
,,,,,,5332,종이에 판넬,1,종이,기타,분류 미매칭,,
,,,,,,5333,"종이에 마커, 먹",1,종이,"수묵, 마커",,,
,,,,,,5334,"종이에 아크릴, 펜, 색연필",1,종이,"아크릴릭, 펜, 색연필",,,
,,,,,,5335,"캔버스에 아크릴, 쌀",1,캔버스,아크릴,,학습 제외,
,,,,,,5336,"캔버스에 유채, 스프레이",1,캔버스,"유채, 스프레이",,,
,,,,,,5337,"비디오 설치, 1 채널 비디오, 컬러, 무음; 1 모니터, 캔버스에 유채, 프린트, SD 카드, 미디어 플레이어",1,캔버스,유화,,학습 제외,
,,,,,,5338,"종이에 과슈, 파스텔",1,종이,수채,,,
,,,,,,5339,"캔버스에 프로타주, 채색",1,캔버스,채색,,,
,,,,,,5340,"종이에 페인트, 분필",1,종이,기타,분류 미매칭,,
,,,,,,5341,"거울, 스테인드글라스 및 혼합재료",1,기타,혼합재료,,학습 제외,
,,,,,,5342,"모시에 수묵담채, 테이프",1,섬유,"수묵담채, 혼합재료",,,
,,,,,,5343,"린넨에 아크릴, 유채",1,캔버스,"아크릴릭, 유채",,,
,,,,,,5344,아크릴 부조,1,기타,아크릴,,학습 제외,
,,,,,,5345,디지털 프린트에 유채,1,종이,"디지털 프린트, 유채",,,
,,,,,,5346,"석판화, 친 콜레",1,종이,석판,,,
,,,,,,5347,"철, 스테인리스 스틸, MDF",1,금속,조각,,,
,,,,,,5348,마띠에르 프린트,1,종이,인쇄/복제,,학습 제외,
,,,,,,5349,"석판화, 목판화, 에칭, 콜라주",1,종이,"석판, 목판, 에칭",,,
,,,,,,5350,캔버스에 에나멜,1,캔버스,기타,분류 미매칭,,
,,,,,,5351,"캔버스에 스크린프린트, 핸드컬러링",1,캔버스,실크스크린,,,
,,,,,,5352,"에칭, 아쿼틴트, 탄화규소",1,종이,"에칭, 아쿼틴트, 카보런덤",,,
,,,,,,5353,"종이에 유채, 펜",1,종이,"유채, 펜",,,
,,,,,,5354,"목판화, 스크린프린트, 콜라주",1,종이,"목판, 실크스크린",,,
,,,,,,5355,"석판화, 스크린프린트, 리노컷, 핸드컬러링, 콜라주",1,종이,"석판, 실크스크린, 리노컷",,,
,,,,,,5356,"아쿼틴트, 에칭, 인그레이빙, 종이부조",1,종이,"아쿼틴트, 에칭, 인그레이빙",,,
,,,,,,5357,"캔버스에 아크릴, 연필, 프로타주",1,캔버스,"아크릴릭, 프로타주, 연필",,,
,,,,,,5358,"LCD 모니터, 멀티미디어 플레이어, SD 카드, 혼합재료",1,기타,혼합재료,,학습 제외,
,,,,,,5359,아트팍에 마커,1,기타,마커,,학습 제외,
,,,,,,5360,알루미늄과 나무에 유채,1,목재,유화,,학습 제외,
,,,,,,5361,"알루미늄에 유채, 혼합재료",1,알루미늄 패널,"유채, 혼합재료",,,
,,,,,,5362,"브론즈, 스테인리스에 자동차 도료",1,없음,조각,,,
,,,,,,5363,"캔버스에 아크릴, 로프",1,캔버스,"아크릴릭, 기타",,,
,,,,,,5364,"스테인리스, LED, 캔디페인트",1,없음,조각,,,
,,,,,,5365,캔버스에 아크릴 페인트,1,캔버스,아크릴릭,,,
,,,,,,5366,"철, 화강암",1,금속,조각,,,
,,,,,,5367,"캐스팅 한지, 아크릴",1,종이,아크릴,,학습 제외,
,,,,,,5368,캔버스에 유채(아트상품),1,캔버스,유채,,,
,,,,,,5369,"아크릴 보드에 아크릴, 천에 실크스크린",1,목재,아크릴,,학습 제외,
,,,,,,5370,"디지털프린트, 스크린프린트",1,종이,실크스크린,,,
,,,,,,5371,"오프셋 프린트, 오일파스텔",1,종이,"오프셋 프린트, 오일파스텔",,,
,,,,,,5372,동,1,기타,기타,분류 미매칭,학습 제외,
,,,,,,5373,"월넛, 금",1,기타,기타,분류 미매칭,학습 제외,
,,,,,,5374,"호두나무, 황동, PLA",1,목재,기타,분류 미매칭,,
,,,,,,5375,"녹나무, 옻칠",1,목재,옻칠/래커,,,
,,,,,,5376,백참나무,1,목재,기타,분류 미매칭,,
,,,,,,5377,"느티나무, 자작나무, 옻칠, 혼합재료",1,목재,혼합재료,,,
,,,,,,5378,"메탈, 자개",1,기타,기타,분류 미매칭,학습 제외,
,,,,,,5379,일렉트로닉 기타에 마커,1,기타,연필/드로잉,,학습 제외,
,,,,,,5380,"펄프 페인팅, 포슈아르",1,기타,기타,분류 미매칭,학습 제외,
,,,,,,5381,"PCB 기판, UV 프린트, 스와로브스키 스톤, 유리 물감, 금박",1,기타,기타,분류 미매칭,학습 제외,
,,,,,,5382,다이톤 프린트,1,종이,다이톤 프린트,,,
,,,,,,5383,"캔버스에 유채, 순금",1,캔버스,"유채, 금",,,
,,,,,,5384,흙,1,기타,기타,분류 미매칭,학습 제외,
,,,,,,5385,레이저디스크에 실크스크린,1,종이,실크스크린,,,
,,,,,,5386,"물푸레나무, 배나무",1,목재,기타,분류 미매칭,,
,,,,,,5387,"장지에 분채, 물드로잉",1,장지,채색,,,
,,,,,,5388,알루미늄에 혼합재료,1,금속,혼합재료,,,
,,,,,,5389,"패널 위 천에 종이부조, 유채",1,캔버스,"종이부조, 유채",,,
,,,,,,5390,오닉스,1,기타,기타,분류 미매칭,학습 제외,
,,,,,,5391,"목판화, 실크스크린",1,종이,"목판, 실크스크린",,,
,,,,,,5392,레진에 에나멜,1,없음,조각,,,
,,,,,,5393,"플렉시글라스, 아크릴, 혼합재료",1,기타,"아크릴릭, 혼합재료",,학습 제외,
,,,,,,5394,"종이에 연필, 유채",1,종이,"연필, 유채",,,
,,,,,,5395,종이에 아상블라주,1,종이,기타,분류 미매칭,,
,,,,,,5396,"알루미늄 패널에 지클레이 프린트, 디아섹",1,알루미늄 패널,"지클레이 프린트, 디아섹",,,
,,,,,,5397,패널에 과슈,1,목재,수채,,,
,,,,,,5398,"캔버스 위에 수묵담채, 혼합재료",1,캔버스,수묵,,,
,,,,,,5399,"캔버스에 스크린프린트, 콜라주",1,캔버스,실크스크린,,,
,,,,,,5400,"골판지에 채색, 콜라주",1,종이,"채색, 콜라주",,,
,,,,,,5401,"천에 아크릴, 오일스틱",1,캔버스,"아크릴릭, 오일스틱",,,
,,,,,,5402,"종이에 마커, 색연필, 볼펜",1,종이,"마커, 색연필, 펜",,,
,,,,,,5403,레이저컷 아카이벌 보드 부조,1,목재,기타,분류 미매칭,,
,,,,,,5404,"PVC에 유채, 스크래치",1,플라스틱 필름,"유채, 스크래치",,,
,,,,,,5405,"대추나무, 은행나무",1,목재,기타,분류 미매칭,,
,,,,,,5406,"캔버스에 아크릴, 시트지",1,캔버스,아크릴릭,,,
,,,,,,5407,"대리석, 브론즈",1,없음,조각,,,
,,,,,,5408,"물푸레나무, 소나무",1,목재,기타,분류 미매칭,,
,,,,,,5409,비단에 주묵,1,비단,수묵,,,
,,,,,,5410,"나무 부조에 페인팅, 콜라주",1,목재,혼합재료,,,
,,,,,,5411,나무 부조에 페인팅,1,목재,기타,분류 미매칭,,
,,,,,,5412,"종이에 수채, 엠보싱",1,종이,수채,,,
,,,,,,5413,"철, 나무, 합성재료",1,목재,기타,분류 미매칭,,
,,,,,,5414,패널 위 천에 유채,1,캔버스,유채,,,
,,,,,,5415,폴리프로필렌(아트상품),1,기타,기타,분류 미매칭,학습 제외,
,,,,,,5416,린넨에 혼합재료,1,캔버스,혼합재료,,,
,,,,,,5417,"캔버스에 과슈, 유채, 연필",1,캔버스,"과슈, 유채, 연필",,,
,,,,,,5418,향,1,기타,기타,분류 미매칭,학습 제외,
,,,,,,5419,염색 펠트,1,기타,기타,분류 미매칭,학습 제외,
,,,,,,5420,메탈에 블랙크롬,1,기타,기타,분류 미매칭,학습 제외,
,,,,,,5421,폴리에스테르,1,기타,기타,분류 미매칭,학습 제외,
,,,,,,5422,"캔버스에 유채, 아크릴, 스톤 파우더",1,캔버스,"유채, 아크릴릭, 혼합재료",,,
,,,,,,5423,"한지에 석채, 분채",1,한지,채색,,,
,,,,,,5424,"캔버스 위 천에 아크릴, 유채, 바느질",1,캔버스,"아크릴릭, 유채, 자수",,,
,,,,,,5425,골프공에 마커,1,기타,연필/드로잉,,학습 제외,
,,,,,,5426,"나무에 색연필, 아크릴",1,패널,"아크릴릭, 색연필",,,
,,,,,,5427,"한지에 수묵, 유채",1,한지,"수묵, 유채",,,
,,,,,,5428,"종이에 수묵담채, 아크릴",1,종이,"수묵담채, 아크릴릭",,,
,,,,,,5429,"천에 채색, 금박",1,섬유,"채색, 금박",,,
,,,,,,5430,"순지에 분채, 봉채, 먹",1,종이,수묵담채,,,
,,,,,,5431,"순지에 채색, 금분",1,종이,채색,,,
,,,,,,5432,캔버스에 디지털 잉크젯 프린트,1,캔버스,디지털 프린트,,,
,,,,,,5433,"닥지에 옻 염색, 봉채, 분채",1,닥지,채색,,,
,,,,,,5434,"아쿼틴트, 에칭, 핸드페인팅",1,종이,"아쿼틴트, 에칭",,,
,,,,,,5435,알루미늄판에 스크린프린트,1,금속,실크스크린,,,
,,,,,,5436,캔버스에 비닐 레진,1,캔버스,조각,,,
,,,,,,5437,"화이트오크, 폴리카보네이트",1,기타,기타,분류 미매칭,학습 제외,
,,,,,,5438,"자작나무에 라미네이팅, LED",1,목재,기타,분류 미매칭,,
,,,,,,5439,"은행나무 위 옻칠, 알루미늄 아노다이징",1,없음,조각,,,
,,,,,,5440,"화이트오크, 합성피혁",1,기타,기타,분류 미매칭,학습 제외,
,,,,,,5441,"월넛, 알루미늄 캐스팅, 합성피혁",1,금속,조각,,,
,,,,,,5442,"단풍나무, 폴리카보네이트",1,목재,기타,분류 미매칭,,
,,,,,,5443,폴리카보네이트,1,기타,기타,분류 미매칭,학습 제외,
,,,,,,5444,"화이트오크, 탄화목, 금박 장석",1,기타,기타,분류 미매칭,학습 제외,
,,,,,,5445,캔버스에 프레스코,1,캔버스,기타,분류 미매칭,,
,,,,,,5446,"패널에 단추, 핀",1,목재,기타,분류 미매칭,,
,,,,,,5447,"소나무, 나왕나무",1,목재,기타,분류 미매칭,,
,,,,,,5448,플라스틱에 혼합재료,1,기타,혼합재료,,학습 제외,
,,,,,,5449,패널 위 한지,1,한지,기타,분류 미매칭,,
,,,,,,5450,"추자나무, 물푸레나무",1,목재,기타,분류 미매칭,,
,,,,,,5451,칠보,1,기타,옻칠/래커,,학습 제외,
,,,,,,5452,"옥, 공작석, 진주",1,기타,기타,분류 미매칭,학습 제외,
,,,,,,5453,호박,1,기타,기타,분류 미매칭,학습 제외,
,,,,,,5454,"캔버스에 유채, 아크릴, 잉크",1,캔버스,"유채, 아크릴릭, 잉크",,,
,,,,,,5455,"호두나무, 도자",1,없음,도자,,,
,,,,,,5456,"코튼에 유채, 콜라주",1,캔버스,"유채, 콜라주",,,
,,,,,,5457,"호두나무, 철, 황동",1,목재,기타,분류 미매칭,,
,,,,,,5458,"황동에 은 도금, 나무에 옻칠",1,목재,옻칠/래커,,,
,,,,,,5459,"한지에 과슈, 오일스틱",1,한지,"과슈, 오일스틱",,,
,,,,,,5460,"종이에 실, 잉크, 콜라주",1,종이,혼합재료,,,
,,,,,,5461,"람다 프린트, 디아섹",1,종이,"디지털 C-프린트, 디아섹",,,
,,,,,,5462,"소나무, 배나무, 단풍나무",1,목재,기타,분류 미매칭,,
,,,,,,5463,"프린트에 유채, 포토콜라주",1,종이,"디지털 프린트, 유채",,,
,,,,,,5464,"린넨에 유채, 아크릴",1,캔버스,"유채, 아크릴릭",,,
,,,,,,5465,캔버스 위 천 콜라주에 유채,1,캔버스,"천 콜라주, 유채",,,
,,,,,,5466,"캔버스에 미디움 아크릴, 잉크",1,캔버스,"아크릴릭, 잉크",,,
,,,,,,5467,"아크릴 패널 위 유채, 아크릴, 스프레이",1,아크릴 패널,"유채, 아크릴릭, 스프레이",,,
,,,,,,5468,"장지에 먹, 금분, 펜, 아크릴",1,장지,"수묵, 니금, 아크릴릭",,,
,,,,,,5469,나무에 대모,1,목재,기타,분류 미매칭,,
,,,,,,5470,산호,1,기타,기타,분류 미매칭,학습 제외,
,,,,,,5471,"도자에 금, 은",1,없음,도자,,,
,,,,,,5472,코튼에 수묵,1,캔버스,수묵,,,
,,,,,,5473,"종이 콜라주에 잉크, 줄",1,종이,혼합재료,,,
,,,,,,5474,"캔버스에 목탄, 아크릴, 펜",1,캔버스,"아크릴릭, 목탄, 펜",,,
,,,,,,5475,"호두나무, 스틸",1,목재,기타,분류 미매칭,,
,,,,,,5476,"디지털 C-프린트, 디아섹",1,종이,"디지털 C-프린트, 디아섹",,,
,,,,,,5477,"느릅나무, 소나무",1,목재,기타,분류 미매칭,,
,,,,,,5478,"캔버스에 유채, 조소프레임",1,캔버스,유화,,학습 제외,
,,,,,,5479,종이에 아크릴 위 실크스크린,1,종이,"아크릴릭, 실크스크린",,,
,,,,,,5480,PUR 위 UV 프린트,1,플라스틱 필름,UV 프린트,,,
,,,,,,5481,"천에 채색, 바느질",1,캔버스,"채색, 자수",,,
,,,,,,5482,자단나무,1,목재,기타,분류 미매칭,,
,,,,,,5483,"장지에 먹, 금분, 수채",1,장지,"수채, 니금",,,
,,,,,,5484,"코튼에 아크릴, 수묵",1,캔버스,"아크릴릭, 수묵",,,
,,,,,,5485,"C-프린트, 디아섹, MDF",1,종이,"디지털 C-프린트, 디아섹",,,
,,,,,,5486,"화강암, 브론즈",1,없음,조각,,,
,,,,,,5487,"호두나무, 백참나무",1,목재,기타,분류 미매칭,,
,,,,,,5488,아크릴판 위 디지털 잉크젯 프린트,1,아크릴 패널,디지털 프린트,,,
,,,,,,5489,"한지에 수묵, 수채",1,한지,수채,,,
,,,,,,5490,나무패널에 나무,1,목재,기타,분류 미매칭,,
,,,,,,5491,린넨에 합성폴리머 페인트,1,캔버스,기타,분류 미매칭,,
,,,,,,5492,"캔버스, 종이에 아크릴",1,종이,아크릴릭,,,
,,,,,,5493,천(아트상품),1,섬유,기타,분류 미매칭,학습 제외,
,,,,,,5494,"캔버스에 잉크, 아크릴",1,캔버스,"아크릴릭, 잉크",,,
,,,,,,5495,"한지, 금속, LED 전구",1,종이,기타,분류 미매칭,학습 제외,
,,,,,,5496,"자개, 레진",1,없음,조각,,,
,,,,,,5497,"화류목, 소나무, 유리",1,목재,기타,분류 미매칭,,
,,,,,,5498,"느티나무, 놋쇠",1,목재,기타,분류 미매칭,,
,,,,,,5499,"패널에 펜, 금박, 영수증, 먹",1,목재,수묵,,,
,,,,,,5500,"종이에 마커, 크레용",1,종이,"마커, 오일 파스텔",,,
,,,,,,5501,"LED 박스, 아크릴 패널",1,목재,아크릴,,학습 제외,
,,,,,,5502,적동에 파티나,1,기타,기타,분류 미매칭,학습 제외,
,,,,,,5503,프린트에 채색,1,종이,"디지털 프린트, 채색",,,
,,,,,,5504,프린트에 유채,1,종이,"디지털 프린트, 유채",,,
,,,,,,5505,공단에 자수,1,비단,자수,,,
,,,,,,5506,"비디오 설치, 2채널 비디오, 컬러, 무음; 12 TV 모니터, 5 영상 분배기, 2 레이저디스크 플레이어, 2 레이저디스크, 나무구조물에 혼합재료",1,목재,혼합재료,,,
,,,,,,5507,"비디오 설치, 1채널 비디오, 컬러, 사운드; 1 LCD 모니터, 1 DVD 플레이어, 1 DVD, 레진 구조물에 유채",1,기타,유화,,학습 제외,
,,,,,,5508,"종이에 천, 콜라주, 아크릴, 깃털",1,종이,"콜라주, 아크릴릭",,,
,,,,,,5509,"남포석, 곱돌",1,기타,기타,분류 미매칭,학습 제외,
,,,,,,5510,"종이 위 캔버스 콜라주에, 수채, 프로타주",1,캔버스,수채,,,
,,,,,,5511,"청자토, 청자유, 동유",1,기타,기타,분류 미매칭,학습 제외,
,,,,,,5512,"화강석, 브론즈",1,없음,조각,,,
,,,,,,5513,백자철화,1,없음,도자,,,
,,,,,,5514,"린넨에 아크릴, 연필",1,캔버스,"아크릴릭, 연필",,,
,,,,,,5515,패널 위 부조에 혼합재료,1,목재,혼합재료,,,
,,,,,,5516,프린트에 아크릴,1,종이,"디지털 프린트, 아크릴릭",,,
,,,,,,5517,"종이에 프린트, 수묵, 연필, 콜라주",1,종이,수묵,,,
,,,,,,5518,"곱돌, 청동",1,없음,조각,,,
,,,,,,5519,한지,1,종이,기타,분류 미매칭,학습 제외,
,,,,,,5520,스테인리스에 혼합재료,1,스테인리스,혼합재료,,,
,,,,,,5521,캔버스에 목탄,1,캔버스,목탄,,,
,,,,,,5522,"휘가사나무, 오동나무",1,목재,기타,분류 미매칭,,
,,,,,,5523,"스테인리스, 화강석",1,없음,조각,,,
,,,,,,5524,"MDF에 옻칠, 자개",1,패널,"옻칠, 자개",,,
,,,,,,5525,라이트박스에 C-프린트,1,보드,디지털 C-프린트,,,
,,,,,,5526,종이보드에 암채,1,보드,채색,,,
,,,,,,5527,알루미늄에 라이트브러쉬 프린트,1,알루미늄 패널,디지털 프린트,,,
,,,,,,5528,"혼합재료, 전구",1,기타,혼합재료,,학습 제외,
,,,,,,5529,콘크리트에 수묵,1,기타,수묵,,학습 제외,
,,,,,,5530,"디지털 피그먼트 프린트, 뮤라섹",1,종이,"디지털 피그먼트 프린트, 디아섹",,,
,,,,,,5531,"레코드판, 컴펙트디스크, 레이저디스크, 헤드셋, 카세트, 카세트테잎, 진공관, TV 다이얼",1,기타,기타,분류 미매칭,학습 제외,
,,,,,,5532,"가시나무, 주목",1,목재,기타,분류 미매칭,,
,,,,,,5533,"종이에 혼합재료, 콜라쥬",1,종이,혼합재료,,,
,,,,,,5534,"캔버스에 종이 콜라주, 점토",1,캔버스,혼합재료,,,
,,,,,,5535,"FRP, 브론즈, 우레탄 도장",1,없음,조각,,,
,,,,,,5536,"캔버스에 프레스코, 혼합재료",1,캔버스,혼합재료,,,
,,,,,,5537,"종이에 채색, 실",1,종이,채색,,,
,,,,,,5538,"캔버스에 아크릴, 유채, 펜",1,캔버스,"아크릴릭, 유채, 펜",,,
,,,,,,5539,"패브릭 아상블라주, 실크스크린",1,섬유,실크스크린,,,
,,,,,,5540,"피나무, 호두나무",1,목재,기타,분류 미매칭,,
,,,,,,5541,"종이에 과슈, 목탄, 연필, 오일스틱",1,종이,"과슈, 목탄, 연필, 오일스틱",,,
,,,,,,5542,"캔버스에 아크릴, 종이가방",1,캔버스,아크릴,,학습 제외,
,,,,,,5543,"스틸, LED, 우레탄 페인트",1,금속,기타,분류 미매칭,,
,,,,,,5544,"패널에 컬러테이프, 아크릴, 부직포",1,패널,"아크릴릭, 혼합재료",,,
,,,,,,5545,"패널 위 캔버스에 사진, 아크릴",1,캔버스,"사진 콜라주, 아크릴릭",,,
,,,,,,5546,"캔버스에 에나멜, 아크릴",1,캔버스,"아크릴릭, 에나멜",,,
,,,,,,5547,"한지에 채색, 패브릭 콜라주",1,한지,채색,,,
,,,,,,5548,"패널 위 종이에 채색, 글라스 비즈",1,종이,채색,,,
,,,,,,5549,코튼타월에 디지털 프린트(아트상품),1,섬유,디지털 프린트,,,
,,,,,,5550,캔버스 위 장지에 수묵채색,1,"캔버스, 장지",수묵,,,
,,,,,,5551,"패널 위 종이에 잉크, 아크릴, 글라스 비즈",1,종이,"아크릴릭, 글라스 비즈",,,
,,,,,,5552,"캔버스에 아크릴, 에나멜, 유채",1,캔버스,"아크릴릭, 에나멜, 유채",,,
,,,,,,5553,러그(아트상품),1,기타,기타,분류 미매칭,학습 제외,
,,,,,,5554,종이에 핸드페인팅,1,종이,기타,분류 미매칭,,
,,,,,,5555,"캔버스에 유채, 돌, 끈",1,캔버스,"유채, 혼합재료",,,
,,,,,,5556,한지에 안료,1,한지,기타,분류 미매칭,,
,,,,,,5557,"스크린프린트, 채색된 종이 콜라주",1,종이,채색,,,
,,,,,,5558,"자작나무에 유채, 아크릴, 글리터, 에나멜, 라인스톤",1,목재,유화,,학습 제외,
,,,,,,5559,"물푸레나무, 배나무, 소나무",1,목재,기타,분류 미매칭,,
,,,,,,5560,나무에 금속,1,없음,목공예,,,
,,,,,,5561,은 외,1,기타,기타,분류 미매칭,학습 제외,
,,,,,,5562,"캔버스에 아크릴, 데이글로아크릴, 롤어텍스",1,캔버스,"아크릴릭, 롤어텍스",,,
,,,,,,5563,산업용 전구,1,기타,기타,분류 미매칭,학습 제외,
,,,,,,5564,파이버글라스에 우레탄,1,기타,기타,분류 미매칭,학습 제외,
,,,,,,5565,알루미늄에 레진,1,금속,조각,,,
,,,,,,5566,"동선, 스테인드 글라스",1,기타,기타,분류 미매칭,학습 제외,
,,,,,,5567,"패널에 아크릴, 오일스틱",1,패널,"아크릴릭, 오일스틱",,,
,,,,,,5568,"비단에 채색, 혼합재료",1,비단,채색,,,
,,,,,,5569,스테인레스에 우레탄,1,기타,기타,분류 미매칭,학습 제외,
,,,,,,5570,"젤라틴 실버 프린트, 디아섹",1,종이,젤라틴 실버 프린트,,,
,,,,,,5571,"패널에 에나멜 스프레이, 아크릴",1,패널,"아크릴릭, 에나멜",,,
,,,,,,5572,오프셋 판화,1,종이,오프셋 프린트,,,
,,,,,,5573,MDF에 유채,1,패널,유채,,,
,,,,,,5574,캔버스에 플라시 페인트,1,캔버스,기타,분류 미매칭,,
,,,,,,5575,"종이에 목탄, 수채",1,종이,수채,,,
,,,,,,5576,울,1,기타,기타,분류 미매칭,학습 제외,
,,,,,,5577,"캔버스에 페리도트, 크리스탈 레진, 재활용 부품, 스와로브스키",1,캔버스,조각,,,
,,,,,,5578,캔버스 위 닥종이에 유채,1,종이,유채,,,
,,,,,,5579,"호두나무, 로즈우드",1,목재,기타,분류 미매칭,학습 제외,
,,,,,,5580,"종이에 수채, 아크릴, 연필",1,종이,"수채, 아크릴릭, 연필",,,
,,,,,,5581,"캔버스 패널에 먹, 아크릴",1,캔버스,"수묵, 아크릴릭",,,
,,,,,,5582,금지에 유채,1,금속지,유채,,,
,,,,,,5583,목판화에 채색(사후판화),1,종이,"목판, 채색",,,
,,,,,,5584,"괴목, 물푸레나무",1,목재,기타,분류 미매칭,학습 제외,
,,,,,,5585,"소나무, 용목",1,목재,기타,분류 미매칭,학습 제외,
,,,,,,5586,컬러 목판화,1,종이,목판,,,
,,,,,,5587,3D 실크스크린,1,종이,실크스크린,,,
,,,,,,5588,"소나무, 무쇠",1,목재,기타,분류 미매칭,학습 제외,
,,,,,,5589,"알루미늄에 스크린프린트, 오브제",1,금속,실크스크린,,,
,,,,,,5590,"디지털 잉크젯 프린트, 디아섹",1,종이,"디지털 프린트, 디아섹",,,
,,,,,,5591,"호두나무, 소나무",1,목재,기타,분류 미매칭,학습 제외,
,,,,,,5592,"지도, 종이에 파스텔",1,인쇄물,파스텔,,,
,,,,,,5593,대모,1,기타,기타,분류 미매칭,학습 제외,
,,,,,,5594,스테인레스 스틸에 우레탄,1,금속,기타,분류 미매칭,,
,,,,,,5595,"종이에 과슈, 먹",1,종이,수채,,,
,,,,,,5596,타일에 먹,1,기타,수묵,,,
,,,,,,5597,스틸에 채색,1,금속,채색,,,
,,,,,,5598,강화플라스틱에 혼합재료,1,기타,혼합재료,,학습 제외,
,,,,,,5599,부조에 유채,1,기타,유화,,학습 제외,
,,,,,,5600,종이부조에 수묵,1,종이,수묵,,,
,,,,,,5601,"종이에 콩테, 파스텔",1,종이,"콘테, 파스텔",,,
,,,,,,5602,"돌, 금속",1,금속,기타,분류 미매칭,학습 제외,
,,,,,,5603,"추자나무, 감나무",1,목재,기타,분류 미매칭,,
,,,,,,5604,"에칭 스테인리스강, LED, 전자회로, 모터, CPU 보드, 커스텀 소프트웨어, 케이블",1,종이,판화,,학습 제외,
,,,,,,5605,"비디오 설치, 1채널 비디오, 컬러, 무음; 2 TV 모니터, 미디어 플레이어, USB, 앤틱나무캐비넷",1,목재,기타,분류 미매칭,,
,,,,,,5606,천에 목판화,1,종이,목판,,,
,,,,,,5607,석판화 외,1,종이,석판,,,
,,,,,,5608,"종이에 먹, 인쇄",1,종이,수묵,,,
,,,,,,5609,북커버에 혼합재료,1,기타,혼합재료,,학습 제외,
,,,,,,5610,"천에 아크릴, 수채",1,캔버스,"아크릴릭, 수채",,,
,,,,,,5611,뮤지엄보드 위에 실크스크린(아트상품),1,보드,실크스크린,,,
,,,,,,5612,"숯, 한지",1,한지,숯,,,
,,,,,,5613,"재활용 부품, 스와로브스키",1,기타,기타,분류 미매칭,학습 제외,
,,,,,,5614,"하드보드에 과슈, 콜라쥬",1,목재,수채,,,
,,,,,,5615,"티크목, 가죽",1,기타,기타,분류 미매칭,학습 제외,
,,,,,,5616,"종이에 펜, 아크릴 잉크",1,종이,"아크릴릭, 펜",,,
,,,,,,5617,믹소그라피 모노타이프,1,종이,믹소그라피(모노타이프),,,
,,,,,,5618,자작나무,1,목재,기타,분류 미매칭,,
,,,,,,5619,"레진, 아크릴 우레탄",1,기타,아크릴,,학습 제외,
,,,,,,5620,"캔버스에 한지, 펀치, LED",1,"캔버스, 한지",기타,분류 미매칭,,
,,,,,,5621,"콜라그래프, 친꼴레",1,종이,콜라그래프,,,
,,,,,,5622,"자개, 옻칠",1,기타,옻칠/래커,,학습 제외,
,,,,,,5623,패널에 셀로테이프,1,목재,기타,분류 미매칭,,
,,,,,,5624,"실크스크린, 혼합재료",1,종이,실크스크린,,,
,,,,,,5625,캔버스에 바느질,1,캔버스,기타,분류 미매칭,,
,,,,,,5626,유리섬유,1,기타,섬유,,학습 제외,
,,,,,,5627,"캔버스, 조소프레임에 유채",1,캔버스,유화,,학습 제외,
,,,,,,5628,"세리그라프, 석판화",1,종이,"실크스크린, 석판",,,
,,,,,,5629,"비단에 자수, 백동",1,비단,섬유,,,
,,,,,,5630,디아섹,1,기타,기타,분류 미매칭,학습 제외,
,,,,,,5631,실크스크린에 시퀸,1,종이,실크스크린,,,
,,,,,,5632,"장지에 콜라주, 분채",1,장지,채색,,,
,,,,,,5633,장지에 목탄 및 혼합재료,1,장지,"목탄, 혼합재료",,,
,,,,,,5634,나무에 종이,1,종이,기타,분류 미매칭,,
,,,,,,5635,"종이에 마커, 수채, 펜",1,종이,수채,,,
,,,,,,5636,"철에 은, 동입사",1,기타,기타,분류 미매칭,학습 제외,
,,,,,,5637,나무에 어피,1,목재,기타,분류 미매칭,,
,,,,,,5638,알루미늄에 그래픽 잉크,1,금속,조각,,,
,,,,,,5639,"비디오, 모니터, 첼로, 아크릴 케이스",1,기타,아크릴,,학습 제외,
,,,,,,5640,캔버스에 하우스홀드 글로스,1,캔버스,기타,분류 미매칭,,
,,,,,,5641,캔버스에 스크린프린트,1,캔버스,실크스크린,,,
,,,,,,5642,"돌판 위 아크릴, 크레용",1,돌판,"아크릴릭, 오일 파스텔",,,
,,,,,,5643,나무부조에 아크릴,1,패널,아크릴릭,,학습 제외,
,,,,,,5644,"알루미늄 포일에 아크릴, 콜라주",1,금속지,"아크릴릭, 콜라주",,,
,,,,,,5645,대추나무,1,목재,기타,분류 미매칭,,
,,,,,,5646,1972,1,기타,기타,분류 미매칭,학습 제외,
,,,,,,5647,1967,1,기타,기타,분류 미매칭,학습 제외,
,,,,,,5648,2014,1,기타,기타,분류 미매칭,학습 제외,
,,,,,,5649,1983,1,기타,기타,분류 미매칭,학습 제외,
,,,,,,5650,2004,1,기타,기타,분류 미매칭,학습 제외,
,,,,,,5651,2007,1,기타,기타,분류 미매칭,학습 제외,
,,,,,,5652,1990,1,기타,기타,분류 미매칭,학습 제외,
,,,,,,5653,1989,1,기타,기타,분류 미매칭,학습 제외,
,,,,,,5654,2010,1,기타,기타,분류 미매칭,학습 제외,
,,,,,,5655,1974,1,기타,기타,분류 미매칭,학습 제외,
,,,,,,5656,1984,1,기타,기타,분류 미매칭,학습 제외,
,,,,,,5657,2006,1,기타,기타,분류 미매칭,학습 제외,
,,,,,,5658,1993,1,기타,기타,분류 미매칭,학습 제외,
,,,,,,5659,2012,1,기타,기타,분류 미매칭,학습 제외,
,,,,,,5660,2000,1,기타,기타,분류 미매칭,학습 제외,
,,,,,,5661,14세기,1,기타,기타,분류 미매칭,학습 제외,
,,,,,,5662,19-20세기,1,기타,기타,분류 미매칭,학습 제외,
,,,,,,5663,15세기,1,기타,기타,분류 미매칭,학습 제외,
,,,,,,5664,1997,1,기타,기타,분류 미매칭,학습 제외,
,,,,,,5665,1921,1,기타,기타,분류 미매칭,학습 제외,
,,,,,,5666,회양목,1,기타,기타,분류 미매칭,학습 제외,
,,,,,,5667,"종이에 사인펜, 색연필, 볼펜",1,종이,"펜, 색연필",,,
,,,,,,5668,홍성지에 숙묵,1,기타,수묵,,학습 제외,
,,,,,,5669,아크릴(아트상품),1,기타,아크릴,,학습 제외,
,,,,,,5670,프린트한 캔버스에 혼합재료,1,캔버스,혼합재료,,,
,,,,,,5671,세리그라피(사후판화),1,종이,실크스크린,,,
,,,,,,5672,디지털 크로모제닉 프린트,1,종이,크로모제닉 프린트,,,
,,,,,,5673,"용목, 소나무",1,목재,기타,분류 미매칭,,
,,,,,,5674,"메조틴트, 트랜스퍼 프린트",1,종이,메조틴트,,,
,,,,,,5675,"캔버스에 오일파스텔, 새김",1,캔버스,오일 파스텔,,,
,,,,,,5676,"종이에 주묵, 인쇄",1,종이,수묵,,,
,,,,,,5677,"배나무, 용목",1,목재,기타,분류 미매칭,,
,,,,,,5678,"천에 파스텔, 오일파스텔",1,캔버스,"파스텔, 오일 파스텔",,,
,,,,,,5679,스크린 프린트(사후판화),1,종이,실크스크린,,,
,,,,,,5680,"알루미늄에 유채, 스크래치",1,알루미늄 패널,"유채, 스크래치",,,
,,,,,,5681,대나무에 옻칠,1,목재,옻칠/래커,,,
,,,,,,5682,대나무에 채색,1,목재,채색,,,
,,,,,,5683,캔버스 위 신문지에 유채,1,캔버스,"신문지, 유채",,,
,,,,,,5684,소나무에 채색,1,목재,채색,,,
,,,,,,5685,"나무에 자개, 주칠",1,목재,기타,분류 미매칭,,
,,,,,,5686,"패널에 패브릭, 1 모니터, 1 CD, 1 DVD 플레이어",1,목재,기타,분류 미매칭,,
,,,,,,5687,고무판화에 채색,1,종이,"리노컷, 채색",,,
,,,,,,5688,나무에 먹,1,목재,수묵,,,
,,,,,,5689,종이에 인디아 잉크,1,종이,기타,분류 미매칭,,
,,,,,,5690,"종이에 붓펜, 펜",1,종이,펜,,,
,,,,,,5691,석판화 위에 채색(사후판화),1,종이,"석판, 채색",,,
,,,,,,5692,"에칭, 아쿼틴트, 릴리프, 스크린프린트, 석판화",1,종이,"에칭, 아쿼틴트, 릴리프, 실크스크린, 석판",,,
,,,,,,5693,패널 위 화선지에 먹,1,목재,수묵,,,
,,,,,,5694,"소나무, 배나무, 용목",1,목재,기타,분류 미매칭,,
,,,,,,5695,"종이에 펜, 과슈",1,종이,수채,,,
,,,,,,5696,"종이에 그라파이트, 아크릴, 유채",1,종이,"흑연, 아크릴릭, 유채",,,
,,,,,,5697,"종이에 유채, 사인펜",1,종이,"유채, 펜",,,
,,,,,,5698,캔버스에 시퀸,1,캔버스,기타,분류 미매칭,,
,,,,,,5699,"패널에 채색, 콜라주",1,목재,채색,,,
,,,,,,5700,"배나무, 단풍나무",1,목재,기타,분류 미매칭,,
,,,,,,5701,"석판화, 포토-실크스크린",1,종이,"석판, 실크스크린",,,
,,,,,,5702,듀랄루미늄,1,기타,기타,분류 미매칭,학습 제외,
,,,,,,5703,채색된 나무,1,목재,채색,,,
,,,,,,5704,캔버스 위 하드보드에 유채,1,캔버스,"종이, 유채",,,
,,,,,,5705,나무에 금칠,1,목재,기타,분류 미매칭,,
,,,,,,5706,"a. 종이에 수묵담채, b. 종이에 수묵",1,종이,수묵,,,
,,,,,,5707,"a.목탁, 나무 b. 제금, 금속",1,목재,기타,분류 미매칭,,
,,,,,,5708,나무에 채색(아트상품),1,목재,채색,,,
,,,,,,5709,PVC(아트상품),1,없음,조각,,,
,,,,,,5710,"젤라틴 실버프린트, 디아섹",1,종이,"젤라틴 실버 프린트, 디아섹",,,
,,,,,,5711,"오프셋 프린트, 흑연",1,종이,"오프셋 프린트, 흑연",,,
,,,,,,5712,"엄나무, 오동나무, 밤나무",1,목재,기타,분류 미매칭,,
,,,,,,5713,"고무판화, 수채",1,종이,"리노컷, 수채",,,
,,,,,,5714,"콜라그래피, 실크스크린",1,종이,실크스크린,,,
,,,,,,5715,알루미늄 위에 자동차 래커,1,금속,조각,,,
,,,,,,5716,"석판화, 실크스크린 위에 콜라쥬 및 혼합재료",1,종이,"석판, 실크스크린",,,
,,,,,,5717,나무보드에 색연필,1,보드,색연필,,,
,,,,,,5718,유리 위에 혼합재료,1,기타,혼합재료,,학습 제외,
,,,,,,5719,나무에 가죽,1,목재,기타,분류 미매칭,,
,,,,,,5720,"종이에 평판 크레용, 연필, 수정펜",1,종이,"오일 파스텔, 연필, 펜",,,
,,,,,,5721,"탄화규소, 드라이포인트, 석판화",1,종이,"카보런덤, 드라이포인트, 석판",,,
,,,,,,5722,종이에 울트라크롬잉크 프린트,1,종이,디지털 피그먼트 프린트,,,
,,,,,,5723,"콜라그래프, 에칭",1,종이,"콜라그래프, 에칭",,,
,,,,,,5724,"동판화, 콜라그래피",1,종이,콜라그래피,,,
,,,,,,5725,알루미늄에 에나멜,1,금속,조각,,,
,,,,,,5726,"하드보드지에 콜라주, 아크릴",1,보드,"아크릴릭, 콜라주",,,
,,,,,,5727,"컬러에칭, 아쿼틴트",1,종이,"에칭, 아쿼틴트",,,
,,,,,,5728,"종이 꼴라주 위에 잉크, 줄",1,종이,기타,분류 미매칭,,
,,,,,,5729,"캔버스에 유채, 안테나",1,캔버스,"유채, 기타",,,
,,,,,,5730,알루미늄에 아카이벌 잉크,1,금속,조각,,,
,,,,,,5731,채색된 나무에 실크스크린,1,목재,채색,,,
,,,,,,5732,"패널 위 화선지에 과슈, 먹",1,목재,수채,,,
,,,,,,5733,"캔버스에 한지부조, 아크릴",1,캔버스,"한지부조, 아크릴릭",,,
,,,,,,5734,"한지에 수묵채색, 석채",1,한지,수묵,,,
,,,,,,5735,"캔버스에 유채, 한지 콜라주",1,캔버스,"유채, 한지 콜라주",,,
,,,,,,5736,ABS and PC plastic(아트상품),1,기타,기타,분류 미매칭,학습 제외,
,,,,,,5737,패널 위 마포에 유채,1,캔버스,유채,,,
,,,,,,5738,단풍나무,1,목재,기타,분류 미매칭,,
,,,,,,5739,"천에 디지털프린트, 아크릴",1,캔버스,"디지털 프린트, 아크릴릭",,,
,,,,,,5740,"종이에 아크릴, 파스텔, 연필",1,종이,"아크릴릭, 파스텔, 연필",,,
,,,,,,5741,우드블럭 스크린 프린트,1,종이,실크스크린,,,
,,,,,,5742,나일론(아트상품),1,기타,기타,분류 미매칭,학습 제외,
,,,,,,5743,"에칭, 드라이포인트",1,종이,"에칭, 드라이포인트",,,
,,,,,,5744,"종이에 사인펜, 채색",1,종이,채색,,,
,,,,,,5745,"한지에 잉크, 아크릴",1,한지,"아크릴릭, 잉크",,,
,,,,,,5746,사진에 유채,1,종이,"디지털 프린트, 유채",,,
,,,,,,5747,"참죽나무, 소나무, 용목, 괴목",1,목재,기타,분류 미매칭,,
,,,,,,5748,오프셋 석판화 위에 실크스크린,1,종이,"오프셋 프린트, 실크스크린",,,
,,,,,,5749,"메탈 필름통에 슈퍼 8 필름, 오디오 테이프",1,기타,기타,분류 미매칭,학습 제외,
,,,,,,5750,"박에 황토, 백토, 진흙, 지푸라기",1,기타,기타,분류 미매칭,학습 제외,
,,,,,,5751,"유리, 레진 외",1,없음,조각,,,
,,,,,,5752,"캔버스에 혼합재료, 석채",1,캔버스,채색,,,
,,,,,,5753,Mixed media on oil color,1,기타,유화,,학습 제외,
,,,,,,5754,혼합재료(아크릴+수채),1,기타,아크릴,,학습 제외,
,,,,,,5755,Acrylic on wood and canvas,1,캔버스,아크릴릭,,,
,,,,,,5756,캔버스위에 2배합 장지,1,"캔버스, 장지",채색,분류 미매칭,,
,,,,,,5757,아사천에 유채,1,캔버스,유채,,,
,,,,,,5758,Water Colors on Paper,1,종이,기타,분류 미매칭,,
,,,,,,5759,실크스크린판화 (serigraph) 사후판화,1,종이,실크스크린,,,
,,,,,,5760,Matiere Printing on paper,1,종이,기타,분류 미매칭,,
,,,,,,5761,엠보싱 입체판화,1,종이,엠보싱,,,
,,,,,,5762,입체 엠보싱 판화,1,종이,엠보싱,,,
,,,,,,5763,디지털판화,1,종이,판화,,학습 제외,
,,,,,,5764,혼합기법,1,기타,혼합재료,,학습 제외,
,,,,,,5765,염색 종이위에 유채,1,종이,"염색, 유채",,,
,,,,,,5766,옵셋판화,1,종이,오프셋 프린트,,,
,,,,,,5767,판넬위 2배합장지에 혼합,1,장지,혼합재료,,,
,,,,,,5768,압축스티로폼에 혼합,1,기타,혼합재료,,학습 제외,
,,,,,,5769,캔버스에 금분 및 아크릴,1,캔버스,"아크릴릭, 니금",,,
,,,,,,5770,"황토, 백토, 진흙, 돌",1,기타,기타,분류 미매칭,학습 제외,
,,,,,,5771,스크린프린트에 스프레이 페인트,1,종이,실크스크린,,,
,,,,,,5772,"캔버스에 아크릴, 수채",1,캔버스,"아크릴릭, 수채",,,
,,,,,,5773,혼합재료 (폴리에스테르 마스크),1,기타,혼합재료,,학습 제외,
,,,,,,5774,"나무에 채색, 혼합재료",1,목재,채색,,,
,,,,,,5775,선면/종이에 수묵담채,1,종이,수묵,,,
,,,,,,5776,"에칭, 아쿠아틴트",1,종이,"에칭, 아쿼틴트",,,
,,,,,,5777,석판화에 아크릴,1,종이,"석판, 아크릴릭",,,
,,,,,,5778,PVC (open edition),1,기타,연필/드로잉,,학습 제외,
,,,,,,5779,캔버스 위 콜라주,1,캔버스,혼합재료,,,
,,,,,,5780,종이에 피그먼트,1,종이,디지털 피그먼트 프린트,,,
,,,,,,5781,나무에 UV 프린트,1,패널,UV 프린트,,,
,,,,,,5782,퍼즐조각 위에 유채,1,기타,유채,,,
,,,,,,5783,실크에 석판화,1,비단,석판,,,
,,,,,,5784,합성수지에 아크릴채색,1,기타,아크릴,,학습 제외,
,,,,,,5785,"종이에 채색, 붓펜, 매직",1,종이,채색,,,
,,,,,,5786,"디지털 피그먼트 프린트, 스크린 프린트",1,종이,실크스크린,,,
,,,,,,5787,"종이에 유채, 혼합재료",1,종이,"유채, 혼합재료",,,
,,,,,,5788,패널에 채색,1,목재,채색,,,
,,,,,,5789,은박지에 혼합재료,1,금속지,혼합재료,,,
,,,,,,5790,오프셋 프린트에 실크스크린,1,종이,"오프셋 프린트, 실크스크린",,,
,,,,,,5791,"스케이트 덱에 아카이벌 프린트, 스크린프린트",1,종이,실크스크린,,학습 제외,
,,,,,,5792,"황동, 크리스탈",1,기타,기타,분류 미매칭,학습 제외,
,,,,,,5793,"에칭, 드라이 포인트",1,종이,"에칭, 드라이포인트",,,
,,,,,,5794,알루미늄 부조,1,금속,조각,,,
,,,,,,5795,"패널에 마운트된 캔버스에 유채, 혼합재료",1,캔버스,"유채, 혼합재료",,,
,,,,,,5796,위스키,1,기타,기타,분류 미매칭,학습 제외,
,,,,,,5797,지클레이 캔버스 프린트 위에 바니쉬,1,캔버스,지클레이 프린트,,,
,,,,,,5798,패널에 수묵담채,1,목재,수묵,,,
,,,,,,5799,폴리레진 (No.02037),1,없음,조각,,,
,,,,,,5800,폴리레진 (No.00642),1,없음,조각,,,
,,,,,,5801,단백석,1,기타,기타,분류 미매칭,학습 제외,
,,,,,,5802,"종이에 마커, 연필",1,종이,"마커, 연필",,,
,,,,,,5803,"티크 합판, 강철 프레임",1,금속,기타,분류 미매칭,,
,,,,,,5804,"캔버스에 아크릴, 숯",1,캔버스,"아크릴릭, 숯",,,
,,,,,,5805,pen and maker on paper,1,종이,"펜, 마커",,,
,,,,,,5806,color and pencil on paper,1,종이,"채색, 연필",,,
,,,,,,5807,타일에 전사,1,기타,기타,분류 미매칭,학습 제외,
,,,,,,5808,종이에 먹 (탁본),1,종이,수묵,,,
,,,,,,5809,"종이에 먹, 책",1,종이,수묵,,,
,,,,,,5810,"실크에 잉크, 채색",1,비단,수묵담채,,,
,,,,,,5811,나무 위 유채,1,패널,유채,,,
,,,,,,5812,한지 위 혼합재료,1,한지,혼합재료,,,
,,,,,,5813,아크릴판에 프린트,1,아크릴 패널,디지털 프린트,,,
,,,,,,5814,UV프린트,1,종이,UV 프린트,,,
,,,,,,5815,금지에 수묵채색,1,금속지,수묵담채,,,
,,,,,,5816,"종이에 마카, 색연필",1,종이,"마커, 색연필",,,
,,,,,,5817,acrylic on glass,1,유리,아크릴릭,,,
,,,,,,5818,collage on canvas,1,캔버스,혼합재료,,,
,,,,,,5819,paper stock collage on canvas,1,캔버스,혼합재료,,,
,,,,,,5820,Archival Pigment Print with matte varnish,1,종이,디지털 피그먼트 프린트,분류 미매칭,,
,,,,,,5821,gold ink on silk,1,비단,수묵,,,
,,,,,,5822,종이에 수묵 채색,1,종이,수묵,,,
,,,,,,5823,"포슬린, 안료, 폴리레진",1,없음,조각,,,
,,,,,,5824,한지에 채색 및 덧붙임,1,한지,채색,,,
,,,,,,5825,유리에 혼합재료,1,유리,혼합재료,,,
,,,,,,5826,패널 위 한지에 수묵,1,한지,수묵,,,
,,,,,,5827,"종이에 매직, 색연필",1,종이,"마커, 색연필",,,
,,,,,,5828,oil stick on linen,1,캔버스,오일스틱,,,
,,,,,,5829,offset lithograph(사후판화집),1,종이,오프셋 프린트,,,
,,,,,,5830,"hand-assembled polymer, fiberglass",1,기타,섬유,,학습 제외,
,,,,,,5831,PVC limited edition(cast vinyl),1,없음,조각,,,
,,,,,,5832,"캔버스 위에 아크릴릭 미디움, 숯가루",1,캔버스,"아크릴릭, 숯가루",,,
,,,,,,5833,"한지에 수채, 아크릴",1,한지,"아크릴릭, 수채",,,
,,,,,,5834,패널에 스프레이 페인트,1,목재,기타,분류 미매칭,,
,,,,,,5835,"종이에 인쇄, 색연필",1,종이,"디지털 프린트, 색연필",,,
,,,,,,5836,캔버스에 지클레이,1,캔버스,지클레이 프린트,,,
,,,,,,5837,"알루미늄, 레진, 우레탄",1,금속,조각,,,
,,,,,,5838,"캔버스에 아크릴, 오일 스틱",1,캔버스,"아크릴릭, 오일스틱",,,
,,,,,,5839,"폴리코트, 안료, 아크릴",1,기타,아크릴,,학습 제외,
,,,,,,5840,페이퍼 컷에 채색,1,기타,채색,,학습 제외,
,,,,,,5841,오프셋 위 스크린프린트,1,종이,"오프셋 프린트, 실크스크린",,,
,,,,,,5842,"캔버스에 아크릴, 실크수지, 우드락, 은선, 홀로그램망",1,캔버스,아크릴,,학습 제외,
,,,,,,5843,"종이에 펜, 마커",1,종이,"펜, 마커",,,
,,,,,,5844,Ottchil on FRP,1,플라스틱 패널,옻칠,분류 미매칭,,
,,,,,,5845,"Ottchil on FRP, mother of pearl",1,플라스틱 패널,"옻칠, 자개",분류 미매칭,,
,,,,,,5846,acrylic on digital print mounted on cardboard,1,보드,"디지털 프린트, 아크릴릭",,,
,,,,,,5847,"lithograph, gold leaf",1,종이,석판,,,
,,,,,,5848,"stainless, aluminium",1,금속,조각,,,
,,,,,,5849,watercolor on paper mounted on canvas,1,캔버스,수채,,,
,,,,,,5850,pen on paper mounted on canvas,1,종이,펜,,,
,,,,,,5851,screenprint(사후판화),1,종이,실크스크린,,,
,,,,,,5852,"oil on canvas, carved wooden frame",1,캔버스,유채,,,
,,,,,,5853,screenprin on canvas,1,캔버스,기타,분류 미매칭,,
,,,,,,5854,painted stone and stainless steel,1,금속,조각,,,
,,,,,,5855,digital and screen print hybrid,1,종이,디지털 프린트,,,
,,,,,,5856,pigment on canvas,1,캔버스,기타,분류 미매칭,,
,,,,,,5857,"종이에 채색, 인두",1,종이,채색,,,
,,,,,,5858,"스크린프린트에 다이아몬드 더스트, 글레이즈",1,종이,"실크스크린, 유리가루",,,
,,,,,,5859,포슬린에 크롬,1,기타,기타,분류 미매칭,학습 제외,
,,,,,,5860,포슬린,1,기타,기타,분류 미매칭,학습 제외,
,,,,,,5861,캔버스 위 장지에 채색,1,"캔버스, 장지",채색,,,
,,,,,,5862,오프셋 프린트 위 스크린프린트(사후판화),1,종이,"오프셋 프린트, 실크스크린",,,
,,,,,,5863,"종이에 프린트, 마커",1,종이,"디지털 프린트, 마커",,,
,,,,,,5864,인화지에 피그먼트 프린트,1,종이,디지털 피그먼트 프린트,,,
,,,,,,5865,"장지에 채색, 호분",1,"종이, 장지",채색,,,
,,,,,,5866,나무박스에 혼합재료,1,목재,혼합재료,,,
,,,,,,5867,"캔버스에 아크릴, 매직",1,캔버스,"아크릴릭, 마커",,,
,,,,,,5868,print on skateboard deck,1,목재,기타,분류 미매칭,,
,,,,,,5869,screenprint on laser disc with television tube and aluminum bracket,1,금속,실크스크린,,,
,,,,,,5870,"ink and color on paper, eight-panel folding screen",1,종이,수묵,,,
,,,,,,5871,"Takbon, ink on paper",1,종이,수묵,,,
,,,,,,5872,screenprint on canvas,1,캔버스,실크스크린,,,
,,,,,,5873,"스크린프린트 위에 금박, 채색",1,종이,"실크스크린, 금박, 채색",,,
,,,,,,5874,한지에 목판,1,한지,기타,분류 미매칭,,
,,,,,,5875,렌티큘러 프린트,1,종이,렌티큘러 프린트,,,
,,,,,,5876,오프셋 프린트에 은박,1,종이,오프셋 프린트,,,
,,,,,,5877,스틸에 우레탄 페인트,1,금속,기타,분류 미매칭,,
,,,,,,5878,오프셋프린트 위 스크린프린트,1,종이,"오프셋 프린트, 실크스크린",,,
,,,,,,5879,입체 판화에 아크릴,1,한지,"입체 판화, 아크릴",,,
,,,,,,5880,캐스트 바이닐에 채색,1,기타,채색,,학습 제외,
,,,,,,5881,목각에 채색,1,기타,채색,,학습 제외,
,,,,,,5882,스크린프린트(사후 판화),1,종이,실크스크린,,,
,,,,,,5883,"마포에 보드, 혼합재료",1,목재,혼합재료,,,
,,,,,,5884,페이퍼컷,1,기타,기타,분류 미매칭,학습 제외,
,,,,,,5885,축구공에 전사,1,기타,기타,분류 미매칭,학습 제외,
,,,,,,5886,"acrylic, pencil on canvas",1,한지,"아크릴릭, 연필",,,
,,,,,,5887,"acrylic, print on canvas",1,캔버스,"디지털 프린트, 아크릴릭",,,
,,,,,,5888,"oil, sand on hemp cloth",1,캔버스,"유채, 모래",,,
,,,,,,5889,"acrylic, collage on paper",1,종이,"아크릴릭, 콜라주",,,
,,,,,,5890,"acrylic, oil on canvas",1,캔버스,"아크릴릭, 유채",,,
,,,,,,5891,pine,1,기타,기타,분류 미매칭,학습 제외,
,,,,,,5892,"offset print, silver leaf, varnish",1,종이,"오프셋 프린트, 혼합재료",,,
,,,,,,5893,screenprint collage,1,종이,실크스크린,,,
,,,,,,5894,car lacquer on aluminum,1,금속,조각,,,
,,,,,,5895,"collage on collotype, screenprint",1,종이,실크스크린,,,
,,,,,,5896,코튼페이퍼에 혼합재료,1,종이,혼합재료,,,
,,,,,,5897,견에 수담,1,비단,채색,분류 미매칭,,
,,,,,,5898,"종이에 색연필, 펜, 수채",1,종이,수채,,,
,,,,,,5899,"레진, 우레탄",1,없음,조각,,,
,,,,,,5900,패널에 파스텔,1,패널,파스텔,,,
,,,,,,5901,"비단에 수묵, 흑연",1,비단,수묵,,,
,,,,,,5902,"하드보드에 연필, 파스텔",1,보드,"연필, 파스텔",,,
,,,,,,5903,글로시 아카이브 종이에 람다 잉크젯 프린트,1,종이,디지털 C-프린트,,,
,,,,,,5904,"울, 라텍스",1,기타,기타,분류 미매칭,학습 제외,
,,,,,,5905,캔버스 위 프린트에 유채,1,캔버스,"디지털 프린트, 유채",,,
,,,,,,5906,"비단에 수묵, 연필",1,비단,수묵,,,
,,,,,,5907,poly resin,1,없음,조각,,,
,,,,,,5908,oil on korean paper,1,한지,유채,,,
,,,,,,5909,acrylic on cast with handmade paper,1,종이,아크릴릭,,학습 제외,
,,,,,,5910,pencil on canvas,1,캔버스,연필,,,
,,,,,,5911,color on corrugated cardboard,1,목재,채색,,,
,,,,,,5912,digital pigment print,1,종이,디지털 피그먼트 프린트,,,
,,,,,,5913,"screenprint with diamond dust, glaze",1,종이,실크스크린,,,
,,,,,,5914,"나무에 유채, 금박",1,패널,"유채, 금박",,,
,,,,,,5915,mixed media on canvas with hologram and crystals,1,캔버스,혼합재료,,,
,,,,,,5916,"종이에 인쇄, 작가사인",1,종이,인쇄/복제,,학습 제외,
,,,,,,5917,"캔버스에 디지털프린트, 글리터",1,캔버스,"디지털 프린트, 글리터",,,
,,,,,,5918,porcelain with wooden base,1,없음,도자,,,
,,,,,,5919,글로스 보드,1,목재,기타,분류 미매칭,,
,,,,,,5920,캔버스 위 한지에 수묵담채,1,"캔버스, 한지",수묵,,,
,,,,,,5921,"종이에 붓펜, 채색",1,종이,채색,,,
,,,,,,5922,골판지에 채색,1,종이,채색,,,
,,,,,,5923,"종이에 수채, 흑연",1,종이,수채,,,
,,,,,,5924,"책에 사인, 드로잉",1,기타,연필/드로잉,,학습 제외,
,,,,,,5925,오프셋프린트에 스크린프린트,1,종이,"오프셋 프린트, 실크스크린",,,
,,,,,,5926,오프셋 프린트에 스크린프린트,1,종이,"오프셋 프린트, 실크스크린",,,
,,,,,,5927,Laminated Giclée print on aluminium composite panel,1,없음,조각,,,
,,,,,,5928,"Ceramic vase, crystal green eyes",1,없음,도자,,,
,,,,,,5929,인쇄된 종이에 마커,1,종이,"디지털 프린트, 마커",,,
,,,,,,5930,a. 폴리스톤에 채색 b. 폴리스톤에 크롬 c. 폴리스톤에 채색,1,기타,채색,,학습 제외,
,,,,,,5931,디지털 프린트 위에 스크린프린트,1,종이,실크스크린,,,
,,,,,,5932,"캔버스에 아크릴, 안료",1,캔버스,"아크릴릭, 안료",,,
,,,,,,5933,오프셋 석판화에 실크스크린,1,종이,"오프셋 프린트, 실크스크린",,,
,,,,,,5934,"종이에 오일파스텔, 콜라주",1,종이,"오일 파스텔, 콜라주",,,
,,,,,,5935,"종이에 흑연, 아크릴",1,종이,"아크릴릭, 흑연",,,
,,,,,,5936,"장지에 먹, 유채",1,장지,"수묵, 유채",,,
,,,,,,5937,"신문에 연필, 볼펜",1,인쇄물,"연필, 펜",,,
,,,,,,5938,"종이에 한지 콜라주, 펜",1,종이,"펜, 한지 콜라주",,,
,,,,,,5939,인쇄된 종이에 아크릴,1,종이,"디지털 프린트, 아크릴릭",,,
,,,,,,5940,"견에 호분, 분채",1,비단,채색,,,
,,,,,,5941,숯,1,기타,연필/드로잉,,학습 제외,
,,,,,,5942,면포에 닥,1,기타,기타,분류 미매칭,학습 제외,
,,,,,,5943,"지도, 종이에 파스텔, 아크릴",1,종이,"아크릴릭, 파스텔",,,
,,,,,,5944,파라슈트 나일론,1,기타,기타,분류 미매칭,학습 제외,
,,,,,,5945,"잉크젯 프린트에 알루미늄, 나무프레임",1,종이,디지털 프린트,,,
,,,,,,5946,C-Print,1,종이,디지털 C-프린트,,,
,,,,,,5947,괴목 외,1,기타,기타,분류 미매칭,학습 제외,
,,,,,,5948,보네이도에 혼합재료,1,기타,혼합재료,,학습 제외,
,,,,,,5949,"종이에 먹, 석채, 혼합재료",1,종이,채색,,,
,,,,,,5950,"종이에 수채, 먹",1,종이,수채,,,
,,,,,,5951,패널 위 색한지,1,한지,기타,분류 미매칭,학습 제외,
,,,,,,5952,"종이에 연필,수채",1,종이,수채,,,
,,,,,,5953,"종이에 석채, 분채",1,종이,채색,,,
,,,,,,5954,"면에 유채, 연필",1,캔버스,"유채, 연필",,,
,,,,,,5955,"캔버스에 유채, 나무 각에 채색",1,캔버스,유화,,학습 제외,
,,,,,,5956,종이에 잉크젯 프린트,1,종이,디지털 프린트,,,
,,,,,,5957,인쇄된 종이에 마커 / 인쇄된 종이에 색연필,1,종이,"디지털 프린트, 마커, 색연필",,,
,,,,,,5958,한지에 잉크와 과슈,1,한지,수채,,,
,,,,,,5959,"캔버스에 유채, 모래",1,캔버스,"유채, 모래",,,
,,,,,,5960,나무쟁반 위 캔버스에 아크릴,1,캔버스,아크릴릭,,학습 제외,
,,,,,,5961,"대리석에 음각, 채색",1,기타,채색,,학습 제외,
,,,,,,5962,석판화 위에 연필,1,종이,"석판, 연필",,,
,,,,,,5963,"종이, 보리수잎",1,종이,기타,분류 미매칭,,
,,,,,,5964,종이에 서명,1,종이,기타,분류 미매칭,,
,,,,,,5965,오프셋 프린트 위 실크스크린,1,종이,"오프셋 프린트, 실크스크린",,,
,,,,,,5966,캔버스에 혼합매체,1,캔버스,혼합재료,,,
,,,,,,5967,"종이에 연필, 수채 / 종이에 색연필",1,종이,수채,,,
,,,,,,5968,오프셋 석판화에 크레용,1,종이,"오프셋 프린트, 오일 파스텔",,,
,,,,,,5969,나무 쟁반에 유채,1,목재,유화,,학습 제외,
,,,,,,5970,"종이에 먹, 석채",1,종이,수묵,,,
,,,,,,5971,"리소그라피프린트, 작가 연필 사인",1,기타,연필/드로잉,,학습 제외,
,,,,,,5972,"하드보드지에 연필, 파스텔",1,보드,"연필, 파스텔",,,
,,,,,,5973,"프린트, 디아섹",1,종이,"디지털 프린트, 디아섹",분류 미매칭,,
,,,,,,5974,"캔버스에 아크릴채색, 비즈",1,캔버스,"아크릴릭, 비즈",,,
,,,,,,5975,"캔버스에 한지 콜라주, 혼합재료",1,캔버스,혼합재료,,,
,,,,,,5976,백자,1,없음,도자,,,
,,,,,,5977,스틸 외,1,금속,기타,분류 미매칭,학습 제외,
,,,,,,5978,지클레이프린트,1,종이,지클레이 프린트,,,
,,,,,,5979,"캔버스에 아크릴, 오브제",1,캔버스,"아크릴릭, 오브제",,,
,,,,,,5980,"천에 작가서명, 드로잉",1,섬유,연필/드로잉,,학습 제외,
,,,,,,5981,LP판,1,기타,기타,분류 미매칭,학습 제외,
,,,,,,5982,화선지에 오일파스텔,1,종이,오일 파스텔,,,
,,,,,,5983,"캔버스 디지털 프린트, 글리터",1,캔버스,"디지털 프린트, 글리터",,,
,,,,,,5984,"종이에 수채, 연필, 종이 콜라쥬",1,종이,수채,,,
,,,,,,5985,도자 위 드로잉,1,기타,연필/드로잉,,학습 제외,
,,,,,,5986,"종이에 펜, 마커, 색연필",1,종이,"펜, 마커, 색연필",,,
,,,,,,5987,실크스크린 외,1,종이,실크스크린,,,
,,,,,,5988,석판화 (H.C),1,종이,석판,,,
,,,,,,5989,종이에 수묵담채 / 종이에 수묵,1,종이,수묵,,,
,,,,,,5990,실크스크린 (A.P),1,종이,실크스크린,,,
,,,,,,5991,"인쇄된 종이에 펜, 아크릴, 우표",1,종이,"디지털 프린트, 아크릴릭, 펜, 콜라주",,,
,,,,,,5992,패널위 종이에 유채,1,종이,유채,,,
,,,,,,5993,메조틴트 (A.P),1,종이,메조틴트,,,
,,,,,,5994,과반위에 유채,1,기타,유화,,학습 제외,
,,,,,,5995,오프셋프린트에 작가사인,1,종이,오프셋 프린트,,,
,,,,,,5996,나일론 외,1,기타,기타,분류 미매칭,학습 제외,
,,,,,,5997,"봉투에 펜, 사인펜, 색연필",1,봉투,"펜, 색연필",,,
,,,,,,5998,캔버스에 잉크,1,캔버스,잉크,분류 미매칭,,
,,,,,,5999,"프린트된 종이에 연필, 채색",1,종이,채색,,,
,,,,,,6000,"종이 콜라주, 혼합재료",1,종이,혼합재료,,,
,,,,,,6001,"종이에 수성펜, 크레용",1,종이,"펜, 오일 파스텔",,,
,,,,,,6002,"대리석, 오석",1,없음,조각,,,
,,,,,,6003,"나무판넬 위 혼합재료, 유채",1,패널,"혼합재료, 유채",,,
,,,,,,6004,종이에 수묵채색 / 종이에 수묵,1,종이,수묵,,,
,,,,,,6005,캔버스에 라커,1,캔버스,스프레이,분류 미매칭,,
,,,,,,6006,플라스틱에 유채,1,플라스틱 패널,유화,,학습 제외,
,,,,,,6007,캔버스위 한지에 유채,1,"캔버스, 한지",유채,,,
,,,,,,6008,"광목천에 아크릴, 수묵",1,캔버스,"아크릴릭, 수묵",,,
,,,,,,6009,캔버스에 마커펜,1,캔버스,마커,,,
,,,,,,6010,"종이에 펜, 오일파스텔",1,종이,"펜, 오일 파스텔",,,
,,,,,,6011,캔버스에 사인펜,1,캔버스,펜,,,
,,,,,,6012,"패널에 한지, 채색",1,한지,채색,,,
,,,,,,6013,"금속판에 엠보싱, 부식",1,금속,엠보싱,분류 미매칭,,
,,,,,,6014,"수제종이에 의한 입체판화, 아크릴 컬러링",1,종이,"입체 판화, 아크릴릭",,,
,,,,,,6015,"종이에 목탄, 채색",1,종이,"목탄, 혼합재료",,,
,,,,,,6016,"아크릴릭, 에폭시",1,기타,"아크릴릭, 에폭시",,학습 제외,
,,,,,,6017,메조틴트(89/100),1,종이,메조틴트,,,
,,,,,,6018,"브론즈 / 나무, 가죽",1,없음,조각,,,
,,,,,,6019,"종이에 마커펜, 색연필",1,종이,"마커, 색연필",,,
,,,,,,6020,"캔버스에 디지털프린트, 아크릴",1,캔버스,"디지털 프린트, 아크릴릭",,,
,,,,,,6021,"알루미늄판 위 c-프린트된 시트에 유채, 마커펜",1,종이,"디지털 C-프린트, 유채, 마커",,,
,,,,,,6022,알루미늄에 자동차 라커,1,금속,조각,,,
,,,,,,6023,종이에 컬러펜,1,종이,펜,,,
,,,,,,6024,"캔버스에 한지, 먹, 채색",1,"캔버스, 한지",수묵,,,
,,,,,,6025,캔버스위 한지에 혼합재료,1,"캔버스, 한지",혼합재료,,,
,,,,,,6026,브론즈에 24K 골드파티나,1,없음,조각,,,
,,,,,,6027,목단,1,기타,기타,분류 미매칭,학습 제외,
,,,,,,6028,스테인레스 거울판에 아크릴,1,거울,아크릴릭,,,
,,,,,,6029,"종이에 아크릴, 오브제",1,종이,"아크릴릭, 오브제",,,
,,,,,,6030,나무쟁반에 유채,1,목재,유화,,학습 제외,
,,,,,,6031,고무판에 각,1,기타,기타,분류 미매칭,학습 제외,
,,,,,,6032,한지에 인쇄 / 종이에 먹,1,한지,수묵,,,
,,,,,,6033,금속에 혼합재료,1,금속,혼합재료,,,
,,,,,,6034,실크스크린에 작가사인,1,종이,실크스크린,,,
,,,,,,6035,광목천에 유채,1,캔버스,유채,,,
,,,,,,6036,"종이에 수묵, 석채",1,종이,수묵,,,
,,,,,,6037,판화지에 울트라크롬잉크,1,종이,판화,,학습 제외,
,,,,,,6038,"은, 칠보",1,기타,옻칠/래커,,학습 제외,
,,,,,,6039,"골판지에 색연필, 콩테, 아크릴",1,종이,"색연필, 콘테아크릴릭",,,
,,,,,,6040,도자에 철화,1,없음,도자,,,
,,,,,,6041,종이에 수묵채,1,종이,수묵,,,
,,,,,,6042,종이에 낙화,1,종이,기타,분류 미매칭,학습 제외,
,,,,,,6043,"참죽, 오동나무",1,목재,기타,분류 미매칭,학습 제외,
,,,,,,6044,장미목,1,기타,기타,분류 미매칭,학습 제외,
,,,,,,6045,"종이에 수채, 과슈, 금박, 잉크",1,종이,"수채, 과슈, 금박, 잉크",,,
,,,,,,6046,"종이에 안료, 채색",1,종이,혼합재료,,,
,,,,,,6047,판화지에 채색,1,종이,혼합재료,,,
,,,,,,6048,"사진에 사인펜, 볼펜",1,종이,"디지털 프린트, 펜",,,
,,,,,,6049,하드보드위에 마운트 된 디지털 프린트에 아크릴,1,보드,"디지털 프린트, 아크릴릭",,,