experiment_id,model,split,artist_key,artist_name_ko,actual_price_krw,pred_log_price,pred_price_krw,ape,medium_category,support_category,log_area,aspect_ratio,has_depth,is_3d_candidate
T4-E023,dummy_median,val_warm,jungwoo hong,홍정우,604440.0,14.944069923000336,3091200.0000000014,4.114155251141555,oil,paper,5.886104031450156,1.1111111111111112,True,False
T4-E023,dummy_median,val_warm,kyeonghoon oh,오경훈,1800900.0,14.944069923000336,3091200.0000000014,0.7164750957854414,acrylic,canvas,8.205286730073592,1.0,True,False
T4-E023,dummy_median,val_warm,injung kwon,권인정,234600.0,14.944069923000336,3091200.0000000014,12.1764705882353,mixed_media,paper,4.585069514281089,1.0,True,False
T4-E023,dummy_median,val_warm,jihae lee,이지해,9813180.0,14.944069923000336,3091200.0000000014,0.6849950780480943,oil,canvas,9.444550462634185,1.343298969072165,True,False
T4-E023,dummy_median,val_warm,jung hyun park,정현박,4816200.0,14.944069923000336,3091200.0000000014,0.3581661891117476,mixed_media,canvas,10.074653786098454,1.73972602739726,True,False
T4-E023,dummy_median,val_warm,jinho kee,진호케에,3615600.0,14.944069923000336,3091200.0000000014,0.1450381679389309,oil,canvas,8.421342865759403,1.305084745762712,True,False
T4-E023,dummy_median,val_warm,daesun choi,최대선,2219040.0,14.944069923000336,3091200.0000000014,0.3930348258706474,mixed_media,paper,8.146216462766645,1.228301886792453,True,False
T4-E023,dummy_median,val_warm,hyojung kim,김효정,364320.0,14.944069923000336,3091200.0000000014,7.484848484848489,oil,paper,5.746841964116649,1.4896551724137932,True,False
T4-E023,dummy_median,val_warm,soo hee kim,김수희,2797260.0,14.944069923000336,3091200.0000000014,0.1050814010853483,mixed_media,paper,8.704502289721232,1.3432835820895523,True,False
T4-E023,dummy_median,val_warm,juha kim,김주하,558900.0,14.944069923000336,3091200.0000000014,4.5308641975308666,acrylic,canvas,6.429735606941324,1.0,True,False
T4-E023,dummy_median,val_warm,jiseon han,한지선_B,12268200.0,14.944069923000336,3091200.0000000014,0.748031496062992,oil,canvas,9.80906752642742,1.0,True,False
T4-E023,dummy_median,val_warm,kim jae hyeon,김재현,4429800.0,14.944069923000336,3091200.0000000014,0.30218068535825515,oil,canvas,8.552371128165808,3.253132832080201,True,False
T4-E023,dummy_median,val_warm,jisun kim,김지선,1283400.0,14.944069923000336,3091200.0000000014,1.4086021505376356,oil,canvas,7.450021428582446,1.2037037037037035,True,False
T4-E023,dummy_median,val_warm,seo yeongyeong,서영영,964620.0,14.944069923000336,3091200.0000000014,2.204577968526468,oil,canvas,5.991464547107982,1.0,True,False
T4-E023,dummy_median,val_warm,kyoung soo lee,이경수,19666380.0,14.944069923000336,3091200.0000000014,0.8428180478562907,acrylic,canvas,9.80794534581564,1.449107142857143,True,False
T4-E023,dummy_median,val_warm,jieun park,박지은_B,1407600.0,14.944069923000336,3091200.0000000014,1.19607843137255,acrylic,paper,6.802394763324311,1.0,True,False
T4-E023,dummy_median,val_warm,soonyong hong,홍순용,1283400.0,14.944069923000336,3091200.0000000014,1.4086021505376356,acrylic,canvas,7.798933310041217,1.1521739130434785,True,False
T4-E023,dummy_median,val_warm,so bac,백소,12282000.0,14.944069923000336,3091200.0000000014,0.7483146067415729,painting_material,paper,9.735068900911164,1.0,True,False
T4-E023,dummy_median,val_warm,yoon jungho,윤정호,41262000.0,14.944069923000336,3091200.0000000014,0.9250836120401338,mixed_media,canvas,9.957435819363184,1.2432847275518035,True,False
T4-E023,dummy_median,val_warm,jungwon shelley bae,배정원셰르레이,1535940.0,14.944069923000336,3091200.0000000014,1.0125786163522021,acrylic,canvas,8.309922989258318,1.5748031496062993,True,False
T4-E023,dummy_median,val_warm,jenny seongryung lee,이제니성륭,2856600.0,14.944069923000336,3091200.0000000014,0.08212560386473479,mixed_media,canvas,9.829873735190882,1.25,True,False
T4-E023,dummy_median,val_warm,taedong lee,이태동,7051800.0,14.944069923000336,3091200.0000000014,0.5616438356164382,mixed_media,canvas,8.79560571403086,1.2517896475770929,True,False
T4-E023,dummy_median,val_warm,tae kim,김태,9784200.0,14.944069923000336,3091200.0000000014,0.6840620592383637,mixed_media,paper,8.338066525518801,1.3818181818181818,True,False
T4-E023,dummy_median,val_warm,jungjin you,유정진,3808800.0,14.944069923000336,3091200.0000000014,0.18840579710144892,acrylic,unknown,8.580918882296782,1.0,True,False
T4-E023,dummy_median,val_warm,sujeong kim,김수정,2760000.0,14.944069923000336,3091200.0000000014,0.12000000000000051,mixed_media,unknown,8.796101385722906,1.250343878954608,True,False
T4-E023,dummy_median,val_warm,geun hwa lee,이근화,3339600.0,14.944069923000336,3091200.0000000014,0.07438016528925578,acrylic,canvas,7.742063943840529,1.2352941176470589,True,False
T4-E023,dummy_median,val_warm,jeongkyu lee,이정규,9880800.0,14.944069923000336,3091200.0000000014,0.6871508379888266,oil,canvas,8.390636277614743,1.1996699669966997,True,False
T4-E023,dummy_median,val_warm,myoung jo,조명,1324800.0,14.944069923000336,3091200.0000000014,1.3333333333333344,oil,canvas,7.488584463316758,1.5833333333333333,True,False
T4-E023,dummy_median,val_warm,glim grim,그림그림,2111400.0,14.944069923000336,3091200.0000000014,0.46405228758170003,oil,canvas,8.780051610692205,1.2857142857142856,True,False
T4-E023,dummy_median,val_warm,boghee joung,정보게에,786600.0,14.944069923000336,3091200.0000000014,2.9298245614035103,acrylic,paper,6.246354796734772,1.25,True,False
T4-E023,dummy_median,val_warm,daeun lee,이대운,2235600.0,14.944069923000336,3091200.0000000014,0.3827160493827167,mixed_media,fabric,7.540758322274456,5.957255343082115,True,False
T4-E023,dummy_median,val_warm,kim hyejin,김혜진,3767400.0,14.944069923000336,3091200.0000000014,0.17948717948717913,acrylic,canvas,8.026287050863607,1.9997443762781189,True,False
T4-E023,dummy_median,val_warm,kim hak young,김학영,772800.0,14.944069923000336,3091200.0000000014,3.0000000000000018,other,canvas,7.377758908227872,1.0,True,False
T4-E023,dummy_median,val_warm,mooa kang,강무아,6900000.0,14.944069923000336,3091200.0000000014,0.5519999999999998,mixed_media,wood,8.439015410352214,1.0,True,True
T4-E023,dummy_median,val_warm,um hyo yong,용우므효,4623000.0,14.944069923000336,3091200.0000000014,0.33134328358208925,mixed_media,paper,9.67721410821299,1.318181818181818,False,False
T4-E023,dummy_median,val_warm,beomsik won,원범식,690000.0,14.944069923000336,3091200.0000000014,3.480000000000002,mixed_media,unknown,7.294377299288821,1.4375,False,False
T4-E023,dummy_median,val_warm,jae ho bae,배재호,1794000.0,14.944069923000336,3091200.0000000014,0.7230769230769238,mixed_media,unknown,8.383433201236713,1.5,False,False
T4-E023,dummy_median,val_warm,jiweon lee,이지원,276000.0,14.944069923000336,3091200.0000000014,10.200000000000005,mixed_media,paper,6.620073206530356,1.2,False,False
T4-E023,dummy_median,val_warm,jeeae yeom,염지애,2346000.0,14.944069923000336,3091200.0000000014,0.31764705882353,ink,paper,8.794446068377479,1.2551724137931035,False,False
T4-E023,dummy_median,val_warm,yeseul cheon,천예슬,1794000.0,14.944069923000336,3091200.0000000014,0.7230769230769238,mixed_media,wood,6.802394763324311,1.44,True,False
T4-E023,dummy_median,val_warm,miyoun leone,미윤레온에,8694000.0,14.944069923000336,3091200.0000000014,0.6444444444444443,acrylic,canvas,8.914894908906568,2.0,True,False
T4-E023,dummy_median,val_warm,kim chang young,김창영,42780000.0,14.944069923000336,3091200.0000000014,0.927741935483871,mixed_media,unknown,9.702350081484532,2.160919540229885,False,False
T4-E023,dummy_median,val_warm,dongzadonghwi,동자동흐위,676200.0,14.944069923000336,3091200.0000000014,3.5714285714285734,mixed_media,canvas,6.603618568458395,1.641509433962264,True,False
T4-E023,dummy_median,val_warm,jong in kang,강종인,3174000.0,14.944069923000336,3091200.0000000014,0.026086956521738692,mixed_media,canvas,8.390636277614743,1.1996699669966997,True,False
T4-E023,dummy_median,val_warm,choi yeonjai,최연자이,4429800.0,14.944069923000336,3091200.0000000014,0.30218068535825515,mixed_media,canvas,8.990939806940807,1.2453300124533002,True,False
T4-E023,dummy_median,val_warm,soo yeon kwon,권수연,1104000.0,14.944069923000336,3091200.0000000014,1.8000000000000012,acrylic,canvas,7.788004239509027,1.164835164835165,False,False
T4-E023,dummy_median,val_warm,un,운,10184400.0,14.944069923000336,3091200.0000000014,0.6964769647696475,mixed_media,canvas,9.735068900911164,1.0,False,False
T4-E023,dummy_median,val_warm,eun jeong jo,조은정,4692000.0,14.944069923000336,3091200.0000000014,0.34117647058823497,mixed_media,canvas,9.955130785687968,1.2461538461538462,True,False
T4-E023,dummy_median,val_warm,jae hyeon kim,김재현,1656000.0,14.944069923000336,3091200.0000000014,0.8666666666666675,oil,canvas,7.659171367666058,1.325,True,False
T4-E023,dummy_median,val_warm,eun ee yoon,윤은이,565800.0,14.944069923000336,3091200.0000000014,4.463414634146344,acrylic,panel,6.694908533145296,1.3801652892561984,True,False
T4-E023,dummy_median,val_warm,kyu bong kim,김규봉,2346000.0,14.944069923000336,3091200.0000000014,0.31764705882353,mixed_media,canvas,8.556413904569519,1.2307692307692308,False,False
T4-E023,dummy_median,val_warm,hyunmo yang,양현모,2000000.0,14.944069923000336,3091200.0000000014,0.5456000000000008,oil,canvas,7.940583827104244,1.0,True,False
T4-E023,dummy_median,val_warm,saebyeok jo,조새벽,455400.0,14.944069923000336,3091200.0000000014,5.787878787878791,oil,canvas,7.798933310041217,1.1521739130434785,False,False
T4-E023,dummy_median,val_warm,heeju moon,문희주,13386000.0,14.944069923000336,3091200.0000000014,0.7690721649484534,oil,canvas,10.84465917195874,2.421305841924399,False,False
T4-E023,dummy_median,val_warm,kimgari,김가리,276000.0,14.944069923000336,3091200.0000000014,10.200000000000005,mixed_media,canvas,6.4559844179974615,1.763157894736842,False,False
T4-E023,dummy_median,val_warm,hae lyn hwang,황해르이느,2760000.0,14.944069923000336,3091200.0000000014,0.12000000000000051,mixed_media,canvas,9.958669625812112,1.244819646968534,False,False
T4-E023,dummy_median,val_warm,bonhwa cho,조본화,552000.0,14.944069923000336,3091200.0000000014,4.600000000000002,mixed_media,paper,6.918932579572262,1.0,False,False
T4-E023,dummy_median,val_warm,jinny suh,서지니,3864000.0,14.944069923000336,3091200.0000000014,0.19999999999999965,other,canvas,8.390636277614743,1.1996699669966997,False,False
T4-E023,dummy_median,val_warm,rahm parc,라흐므파르크,73871400.0,14.944069923000336,3091200.0000000014,0.9581543059966374,painting_material,linen,9.857914707241372,2.0309278350515463,True,False
T4-E023,dummy_median,val_warm,sangun ho,호상운,2450000.0,14.944069923000336,3091200.0000000014,0.2617142857142863,mixed_media,paper,7.821963844651967,1.414285714285714,True,False
T4-E023,dummy_median,val_warm,jin pul,진풀,9000000.0,14.944069923000336,3091200.0000000014,0.6565333333333331,painting_material,unknown,6.3561076606958915,1.0,False,False
T4-E023,dummy_median,val_warm,junmin shin,신준민,10397500.0,14.944069923000336,3091200.0000000014,0.7026977638855493,oil,canvas,10.137182046379406,1.4881043745203375,True,False
T4-E023,dummy_median,val_warm,seonghwa hong,홍성화,1826800.0,14.944069923000336,3091200.0000000014,0.6921392599080367,painting_material,canvas,7.452663438045286,1.200527704485488,True,False
T4-E023,dummy_median,val_warm,man seop kim,김만섭,700000.0,14.944069923000336,3091200.0000000014,3.416000000000002,acrylic,canvas,7.788004239509027,1.164835164835165,False,False
T4-E023,dummy_median,val_warm,youjeong kang,강유정,1202700.0,14.944069923000336,3091200.0000000014,1.570217011723623,oil,canvas,7.613324979540639,1.0,True,False
T4-E023,dummy_median,val_warm,disorn duangdao,디소르느두안그다오,7002700.0,14.944069923000336,3091200.0000000014,0.5585702657546373,acrylic,unknown,9.175748927206564,1.369047619047619,True,False
T4-E023,dummy_median,val_warm,cai ruei heng,카이루에이헹,2283500.0,14.944069923000336,3091200.0000000014,0.35371140792642936,acrylic,canvas,7.788004239509027,1.164835164835165,False,False
T4-E023,dummy_median,val_cold,hyeyune choi,최혜윤,4678200.0,14.944069923000336,3091200.0000000014,0.33923303834808227,mixed_media,fabric,8.693580508722,1.0463576158940395,True,False
T4-E023,dummy_median,val_cold,rakeum rhee,이락음,10639800.0,14.944069923000336,3091200.0000000014,0.7094682230868999,mixed_media,paper,9.259892150805433,1.9189189189189189,True,False
T4-E023,dummy_median,val_cold,hyunju kim,김현주,993600.0,14.944069923000336,3091200.0000000014,2.1111111111111125,oil,canvas,6.694908533145296,1.3801652892561984,True,False
T4-E023,dummy_median,val_cold,eunja cho,조은자,1573200.0,14.944069923000336,3091200.0000000014,0.9649122807017553,mixed_media,canvas,7.191602507811327,1.3217665615141956,True,False
T4-E023,dummy_median,val_cold,su jin kim,김진수,17912400.0,14.944069923000336,3091200.0000000014,0.8274268104776579,acrylic,canvas,9.55488706511493,1.5,True,False
T4-E023,dummy_median,val_cold,jeongrock heo,허정록,1959600.0,14.944069923000336,3091200.0000000014,0.577464788732395,oil,canvas,8.390636277614743,1.1996699669966997,True,False
T4-E023,dummy_median,val_cold,su jin kim,김진수,19458000.0,14.944069923000336,3091200.0000000014,0.8411347517730495,acrylic,canvas,9.806712300036724,1.4473214285714284,True,False
T4-E023,dummy_median,val_cold,su jin kim,김진수,17843400.0,14.944069923000336,3091200.0000000014,0.8267594740912605,acrylic,canvas,9.436997742590188,1.0,True,False
T4-E023,dummy_median,val_cold,su jin kim,김진수,17843400.0,14.944069923000336,3091200.0000000014,0.8267594740912605,acrylic,paper,9.436997742590188,1.0,True,False
T4-E023,dummy_median,val_cold,jeongrock heo,허정록,407100.0,14.944069923000336,3091200.0000000014,6.593220338983055,oil,canvas,5.991464547107982,1.0,True,False
T4-E023,dummy_median,val_cold,jeongrock heo,허정록,1035000.0,14.944069923000336,3091200.0000000014,1.986666666666668,oil,canvas,7.788004239509027,1.164835164835165,True,False
T4-E023,dummy_median,val_cold,jeongrock heo,허정록,1094340.0,14.944069923000336,3091200.0000000014,1.8247162673392194,oil,canvas,7.478847813534776,1.5868263473053892,True,False
T4-E023,dummy_median,val_cold,ki yeon seo,서기연,1860240.0,14.944069923000336,3091200.0000000014,0.6617210682492589,mixed_media,canvas,7.562161631225652,1.4054054054054057,True,False
T4-E023,dummy_median,val_cold,jeongrock heo,허정록,1959600.0,14.944069923000336,3091200.0000000014,0.577464788732395,oil,canvas,8.390636277614743,1.1996699669966997,True,False
T4-E023,dummy_median,val_cold,seung wook yang,양승욱,4512600.0,14.944069923000336,3091200.0000000014,0.314984709480122,mixed_media,canvas,7.749994652484595,1.111597374179431,True,False
T4-E023,dummy_median,val_cold,seung wook yang,양승욱,4512600.0,14.944069923000336,3091200.0000000014,0.314984709480122,mixed_media,canvas,7.749994652484595,1.111597374179431,True,False
T4-E023,dummy_median,val_cold,seung wook yang,양승욱,4077900.0,14.944069923000336,3091200.0000000014,0.24196277495769847,mixed_media,canvas,7.749994652484595,1.111597374179431,True,False
T4-E023,dummy_median,val_cold,jeongrock heo,허정록,500940.0,14.944069923000336,3091200.0000000014,5.170798898071628,oil,canvas,6.694908533145296,1.3801652892561984,True,False
T4-E023,dummy_median,val_cold,seung wook yang,양승욱,4512600.0,14.944069923000336,3091200.0000000014,0.314984709480122,mixed_media,canvas,7.749994652484595,1.111597374179431,True,False
T4-E023,dummy_median,val_cold,seung wook yang,양승욱,3063600.0,14.944069923000336,3091200.0000000014,0.009009009009009465,mixed_media,canvas,7.749994652484595,1.111597374179431,True,False
T4-E023,dummy_median,val_cold,seung wook yang,양승욱,1573200.0,14.944069923000336,3091200.0000000014,0.9649122807017553,mixed_media,canvas,7.121494750221053,1.3311475409836069,True,False
T4-E023,dummy_median,val_cold,eunja cho,조은자,4567800.0,14.944069923000336,3091200.0000000014,0.3232628398791538,mixed_media,canvas,8.387608286867547,1.2,True,False
T4-E023,dummy_median,val_cold,jeongrock heo,허정록,1959600.0,14.944069923000336,3091200.0000000014,0.577464788732395,oil,canvas,8.390636277614743,1.1996699669966997,True,False
T4-E023,dummy_median,val_cold,jeongrock heo,허정록,4719600.0,14.944069923000336,3091200.0000000014,0.3450292397660816,oil,canvas,9.260272740724393,1.2977777777777777,True,False
T4-E023,dummy_median,val_cold,erica choi,최어이카,2898000.0,14.944069923000336,3091200.0000000014,0.06666666666666715,acrylic,canvas,8.38898474957627,1.2016528925619836,True,False
T4-E023,dummy_median,val_cold,erica choi,최어이카,4015800.0,14.944069923000336,3091200.0000000014,0.23024054982817835,acrylic,canvas,8.580918882296782,1.0,True,False
T4-E023,dummy_median,val_cold,erica choi,최어이카,745200.0,14.944069923000336,3091200.0000000014,3.14814814814815,acrylic,panel,6.694908533145296,1.3801652892561984,True,False
T4-E023,dummy_median,val_cold,erica choi,최어이카,1280640.0,14.944069923000336,3091200.0000000014,1.413793103448277,acrylic,canvas,7.63542465191381,1.0,True,False
T4-E023,dummy_median,val_cold,jeongrock heo,허정록,500940.0,14.944069923000336,3091200.0000000014,5.170798898071628,oil,canvas,6.694908533145296,1.3801652892561984,True,False
T4-E023,dummy_median,val_cold,jeongrock heo,허정록,2018940.0,14.944069923000336,3091200.0000000014,0.5311004784689002,oil,canvas,8.256633298091595,1.3716981132075472,True,False
T4-E023,dummy_median,val_cold,seung wook yang,양승욱,4077900.0,14.944069923000336,3091200.0000000014,0.24196277495769847,mixed_media,canvas,7.749994652484595,1.111597374179431,True,False
T4-E023,dummy_median,val_cold,seung wook yang,양승욱,4512600.0,14.944069923000336,3091200.0000000014,0.314984709480122,mixed_media,panel,7.749994652484595,1.111597374179431,True,False
T4-E023,dummy_median,val_cold,seung wook yang,양승욱,4077900.0,14.944069923000336,3091200.0000000014,0.24196277495769847,mixed_media,canvas,7.646831391430482,2.3266666666666667,True,False
T4-E023,dummy_median,val_cold,seung wook yang,양승욱,7438200.0,14.944069923000336,3091200.0000000014,0.5844155844155842,mixed_media,canvas,8.078936260483083,1.25,True,False
T4-E023,dummy_median,val_cold,seung wook yang,양승욱,8914800.0,14.944069923000336,3091200.0000000014,0.6532507739938078,mixed_media,panel,8.331403226643376,1.2174657534246576,True,False
T4-E023,dummy_median,val_cold,jin sook woo,우진숙,6072000.0,14.944069923000336,3091200.0000000014,0.4909090909090907,acrylic,paper,8.390636277614743,1.1996699669966997,True,False
T4-E023,dummy_median,val_cold,jeongrock heo,허정록,2815200.0,14.944069923000336,3091200.0000000014,0.09803921568627501,oil,canvas,8.108171767105295,2.493150684931507,True,False
T4-E023,dummy_median,val_cold,jeongrock heo,허정록,732780.0,14.944069923000336,3091200.0000000014,3.2184557438794745,oil,canvas,7.167446743931991,1.2902208201892744,True,False
T4-E023,dummy_median,val_cold,jeongrock heo,허정록,2014800.0,14.944069923000336,3091200.0000000014,0.5342465753424664,oil,canvas,8.390636277614743,1.1996699669966997,True,False
T4-E023,dummy_median,val_cold,taerin kim,김태린,2815200.0,14.944069923000336,3091200.0000000014,0.09803921568627501,mixed_media,canvas,8.211887396130905,1.0,True,False
T4-E023,dummy_median,val_cold,taerin kim,김태린,4491900.0,14.944069923000336,3091200.0000000014,0.311827956989247,mixed_media,canvas,8.794724923014183,1.2520661157024795,True,False
T4-E023,dummy_median,val_cold,taerin kim,김태린,2815200.0,14.944069923000336,3091200.0000000014,0.09803921568627501,mixed_media,canvas,8.211887396130905,1.0,True,False
T4-E023,dummy_median,val_cold,jeongrock heo,허정록,2394300.0,14.944069923000336,3091200.0000000014,0.2910662824207499,oil,canvas,8.31752199628717,2.022222222222222,True,False
T4-E023,dummy_median,val_cold,jin sook woo,우진숙,16380600.0,14.944069923000336,3091200.0000000014,0.8112889637742207,mixed_media,paper,9.161150127785412,1.9428571428571428,True,False
T4-E023,dummy_median,val_cold,jin sook woo,우진숙,16366800.0,14.944069923000336,3091200.0000000014,0.8111298482293422,mixed_media,canvas,9.134646527606982,1.7397260273972603,True,False
T4-E023,dummy_median,val_cold,jin sook woo,우진숙,890100.0,14.944069923000336,3091200.0000000014,2.4728682170542653,acrylic,canvas,6.148468295917647,1.4444444444444444,True,False
T4-E023,dummy_median,val_cold,jin sook woo,우진숙,745200.0,14.944069923000336,3091200.0000000014,3.14814814814815,acrylic,canvas,5.908082938168931,1.4375,True,False
T4-E023,dummy_median,val_cold,jeongrock heo,허정록,1035000.0,14.944069923000336,3091200.0000000014,1.986666666666668,oil,canvas,7.788004239509027,1.164835164835165,True,False
T4-E023,dummy_median,val_cold,hyeyune choi,최혜윤,1711200.0,14.944069923000336,3091200.0000000014,0.8064516129032266,mixed_media,fabric,8.25582842728183,1.2727272727272727,True,False
T4-E023,dummy_median,val_cold,hyeyune choi,최혜윤,22535400.0,14.944069923000336,3091200.0000000014,0.8628291488058788,mixed_media,fabric,9.825309771472105,1.0,True,False
T4-E023,dummy_median,val_cold,hyeyune choi,최혜윤,3332700.0,14.944069923000336,3091200.0000000014,0.07246376811594162,mixed_media,fabric,8.414938957377482,1.213114754098361,True,False
T4-E023,dummy_median,val_cold,hyeyune choi,최혜윤,3318900.0,14.944069923000336,3091200.0000000014,0.06860706860706818,mixed_media,fabric,8.354203562921775,1.2203389830508475,True,False
T4-E023,dummy_median,val_cold,hyeyune choi,최혜윤,3332700.0,14.944069923000336,3091200.0000000014,0.07246376811594162,mixed_media,fabric,8.414938957377482,1.213114754098361,True,False
T4-E023,dummy_median,val_cold,hyeyune choi,최혜윤,3332700.0,14.944069923000336,3091200.0000000014,0.07246376811594162,mixed_media,fabric,8.480321716640333,1.2950819672131149,True,False
T4-E023,dummy_median,val_cold,hyeyune choi,최혜윤,1311000.0,14.944069923000336,3091200.0000000014,1.3578947368421064,mixed_media,fabric,7.052721049232323,1.0,True,False
T4-E023,dummy_median,val_cold,jeongrock heo,허정록,2884200.0,14.944069923000336,3091200.0000000014,0.07177033492823015,oil,canvas,8.685684550397957,1.3963133640552998,True,False
T4-E023,dummy_median,val_cold,jeongrock heo,허정록,717600.0,14.944069923000336,3091200.0000000014,3.3076923076923097,oil,canvas,7.170596352834887,1.2861635220125784,True,False
T4-E023,dummy_median,val_cold,jeongrock heo,허정록,1959600.0,14.944069923000336,3091200.0000000014,0.577464788732395,oil,canvas,8.390636277614743,1.1996699669966997,True,False
T4-E023,dummy_median,val_cold,hyeyune choi,최혜윤,3318900.0,14.944069923000336,3091200.0000000014,0.06860706860706818,mixed_media,fabric,8.338724203937772,1.2222222222222223,True,False
T4-E023,dummy_median,val_cold,jeongrock heo,허정록,2898000.0,14.944069923000336,3091200.0000000014,0.06666666666666715,oil,canvas,8.796101385722906,1.250343878954608,True,False
T4-E023,dummy_median,val_cold,byung taek jeon,전병택,2639940.0,14.944069923000336,3091200.0000000014,0.17093570308416153,acrylic,canvas,7.824046010856292,1.0,True,False
T4-E023,dummy_median,val_cold,jeongrock heo,허정록,407100.0,14.944069923000336,3091200.0000000014,6.593220338983055,oil,canvas,6.39792915554923,1.240909090909091,True,False
T4-E023,dummy_median,val_cold,jeongrock heo,허정록,1076400.0,14.944069923000336,3091200.0000000014,1.8717948717948731,oil,canvas,7.788004239509027,1.164835164835165,True,False
T4-E023,dummy_median,val_cold,erica choi,최어이카,2159700.0,14.944069923000336,3091200.0000000014,0.4313099041533553,acrylic,canvas,8.208589786150538,1.0,True,False
T4-E023,dummy_median,val_cold,eunja cho,조은자,22425000.0,14.944069923000336,3091200.0000000014,0.8621538461538462,mixed_media,canvas,9.953895455079971,1.244615384615385,True,False
T4-E023,dummy_median,val_cold,jeongrock heo,허정록,1035000.0,14.944069923000336,3091200.0000000014,1.986666666666668,oil,canvas,7.788004239509027,1.164835164835165,True,False
T4-E023,dummy_median,val_cold,jeongrock heo,허정록,2898000.0,14.944069923000336,3091200.0000000014,0.06666666666666715,oil,canvas,8.796101385722906,1.250343878954608,True,False
T4-E023,dummy_median,val_cold,jeongrock heo,허정록,1076400.0,14.944069923000336,3091200.0000000014,1.8717948717948731,oil,canvas,7.788004239509027,1.164835164835165,True,False
T4-E023,dummy_median,val_cold,jeongrock heo,허정록,514740.0,14.944069923000336,3091200.0000000014,5.005361930294909,oil,canvas,6.372705266325282,1.0,True,False
T4-E023,dummy_median,val_cold,taerin kim,김태린,4347000.0,14.944069923000336,3091200.0000000014,0.2888888888888886,mixed_media,canvas,8.794724923014183,1.2520661157024795,True,False
T4-E023,dummy_median,val_cold,jeongrock heo,허정록,313260.0,14.944069923000336,3091200.0000000014,8.867841409691634,oil,canvas,6.135175204774281,1.4413407821229052,True,False
T4-E023,dummy_median,val_cold,jeongrock heo,허정록,1959600.0,14.944069923000336,3091200.0000000014,0.577464788732395,oil,canvas,8.390636277614743,1.1996699669966997,True,False
T4-E023,dummy_median,val_cold,jeongrock heo,허정록,1108140.0,14.944069923000336,3091200.0000000014,1.7895392278953934,oil,canvas,7.788004239509027,1.164835164835165,True,False
T4-E023,dummy_median,val_cold,jeongrock heo,허정록,1035000.0,14.944069923000336,3091200.0000000014,1.986666666666668,oil,canvas,7.478847813534776,1.5868263473053892,True,False
T4-E023,dummy_median,val_cold,erica choi,최어이카,2159700.0,14.944069923000336,3091200.0000000014,0.4313099041533553,acrylic,canvas,8.208589786150538,1.0,True,False
T4-E023,dummy_median,val_cold,jeongrock heo,허정록,1511100.0,14.944069923000336,3091200.0000000014,1.045662100456622,oil,canvas,8.146216462766645,1.228301886792453,True,False
T4-E023,dummy_median,val_cold,jeongrock heo,허정록,673440.0,14.944069923000336,3091200.0000000014,3.5901639344262315,oil,canvas,7.170596352834887,1.2861635220125784,True,False
T4-E023,dummy_median,val_cold,jeongrock heo,허정록,500940.0,14.944069923000336,3091200.0000000014,5.170798898071628,oil,canvas,6.694908533145296,1.3801652892561984,True,False
T4-E023,dummy_median,val_cold,eunja cho,조은자,1283400.0,14.944069923000336,3091200.0000000014,1.4086021505376356,mixed_media,canvas,7.167446743931991,1.2902208201892744,True,False
T4-E023,dummy_median,val_cold,lee k,이크,10225800.0,14.944069923000336,3091200.0000000014,0.6977058029689607,oil,canvas,9.27022307157756,1.2849284928492848,True,False
T4-E023,dummy_median,val_cold,seung wook yang,양승욱,3788100.0,14.944069923000336,3091200.0000000014,0.18397085610200328,mixed_media,canvas,7.749994652484595,1.111597374179431,True,False
T4-E023,dummy_median,val_cold,seung wook yang,양승욱,6713700.0,14.944069923000336,3091200.0000000014,0.5395683453237408,mixed_media,panel,8.038770218757747,1.2007874015748032,True,False
T4-E023,dummy_median,val_cold,seung wook yang,양승욱,3788100.0,14.944069923000336,3091200.0000000014,0.18397085610200328,mixed_media,canvas,7.749994652484595,1.111597374179431,True,False
T4-E023,dummy_median,val_cold,yerin kim,김예린,1004640.0,14.944069923000336,3091200.0000000014,2.0769230769230784,oil,canvas,7.631664421192123,1.251231527093596,True,False
T4-E023,dummy_median,val_cold,yerin kim,김예린,1004640.0,14.944069923000336,3091200.0000000014,2.0769230769230784,oil,canvas,7.631664421192123,1.251231527093596,True,False
T4-E023,dummy_median,val_cold,jeongrock heo,허정록,1094340.0,14.944069923000336,3091200.0000000014,1.8247162673392194,oil,canvas,7.47506709069487,1.5808383233532934,True,False
T4-E023,dummy_median,val_cold,jeongrock heo,허정록,471960.0,14.944069923000336,3091200.0000000014,5.5497076023391845,oil,canvas,6.694908533145296,1.3801652892561984,True,False
T4-E023,dummy_median,val_cold,jeongrock heo,허정록,442980.0,14.944069923000336,3091200.0000000014,5.978193146417449,oil,canvas,6.694908533145296,1.3801652892561984,True,False
T4-E023,dummy_median,val_cold,eunja cho,조은자,2049300.0,14.944069923000336,3091200.0000000014,0.5084175084175091,mixed_media,canvas,7.784223516669121,1.1604395604395603,True,False
T4-E023,dummy_median,val_cold,eunja cho,조은자,1138500.0,14.944069923000336,3091200.0000000014,1.7151515151515164,mixed_media,canvas,7.167446743931991,1.2902208201892744,True,False
T4-E023,dummy_median,val_cold,eunja cho,조은자,1759500.0,14.944069923000336,3091200.0000000014,0.75686274509804,mixed_media,canvas,7.677641253760972,1.2909535452322738,True,False
T4-E023,dummy_median,val_cold,eunja cho,조은자,2049300.0,14.944069923000336,3091200.0000000014,0.5084175084175091,mixed_media,canvas,7.784223516669121,1.1604395604395603,True,False
T4-E023,dummy_median,val_cold,eunja cho,조은자,1138500.0,14.944069923000336,3091200.0000000014,1.7151515151515164,mixed_media,canvas,7.167446743931991,1.2902208201892744,True,False
T4-E023,dummy_median,val_cold,eunja cho,조은자,1759500.0,14.944069923000336,3091200.0000000014,0.75686274509804,mixed_media,canvas,7.784223516669121,1.1604395604395603,True,False
T4-E023,dummy_median,val_cold,eunja cho,조은자,7534800.0,14.944069923000336,3091200.0000000014,0.5897435897435895,mixed_media,canvas,8.794724923014183,1.2520661157024795,True,False
T4-E023,dummy_median,val_cold,eunja cho,조은자,22425000.0,14.944069923000336,3091200.0000000014,0.8621538461538462,mixed_media,canvas,9.953895455079971,1.244615384615385,True,False
T4-E023,dummy_median,val_cold,hyunju kim,김현주,8452500.0,14.944069923000336,3091200.0000000014,0.6342857142857141,oil,canvas,9.955823921482216,1.2460592079969242,True,False
T4-E023,dummy_median,val_cold,erica choi,최어이카,3995100.0,14.944069923000336,3091200.0000000014,0.2262521588946456,acrylic,canvas,8.796101385722906,1.250343878954608,True,False
T4-E023,dummy_median,val_cold,eunja cho,조은자,6085800.0,14.944069923000336,3091200.0000000014,0.4920634920634918,mixed_media,canvas,8.794724923014183,1.2520661157024795,True,False
T4-E023,dummy_median,val_cold,eunja cho,조은자,18078000.0,14.944069923000336,3091200.0000000014,0.8290076335877862,mixed_media,canvas,9.953895455079971,1.244615384615385,True,False
T4-E023,dummy_median,val_cold,eunja cho,조은자,11964600.0,14.944069923000336,3091200.0000000014,0.7416378316032294,mixed_media,canvas,9.268509275099824,1.2827282728272826,True,False
T4-E023,dummy_median,val_cold,eunja cho,조은자,62734800.0,14.944069923000336,3091200.0000000014,0.9507259128904532,mixed_media,canvas,11.052507743748084,3.733846153846154,True,False
T4-E023,dummy_median,val_cold,hyunju kim,김현주,2511600.0,14.944069923000336,3091200.0000000014,0.23076923076923134,mixed_media,canvas,8.038114265962827,1.2000000000000002,True,False
T4-E023,dummy_median,val_cold,erica choi,최어이카,1380000.0,14.944069923000336,3091200.0000000014,1.240000000000001,acrylic,canvas,7.63542465191381,1.0,True,False
T4-E023,dummy_median,val_cold,eunja cho,조은자,1614600.0,14.944069923000336,3091200.0000000014,0.9145299145299154,mixed_media,canvas,7.677641253760972,1.2909535452322738,True,False
T4-E023,dummy_median,val_cold,junsoo kim,김준수,862500.0,14.944069923000336,3091200.0000000014,2.5840000000000014,oil,canvas,6.834141461636891,1.0,True,False
T4-E023,dummy_median,val_cold,eunja cho,조은자,30125400.0,14.944069923000336,3091200.0000000014,0.8973889143380669,mixed_media,canvas,10.496219745905336,2.894454382826476,True,False
T4-E023,dummy_median,val_cold,hyunju kim,김현주,1052940.0,14.944069923000336,3091200.0000000014,1.9357798165137627,oil,canvas,6.901280764474519,1.2727272727272727,True,False
T4-E023,dummy_median,val_cold,taerin kim,김태린,5375100.0,14.944069923000336,3091200.0000000014,0.4249037227214375,mixed_media,canvas,8.988937804270135,1.2428393524283936,True,False
T4-E023,dummy_median,val_cold,erica choi,최어이카,7562400.0,14.944069923000336,3091200.0000000014,0.5912408759124085,acrylic,canvas,9.955130785687968,1.2461538461538462,True,False
T4-E023,dummy_median,val_cold,hyeyune choi,최혜윤,2484000.0,14.944069923000336,3091200.0000000014,0.24444444444444502,mixed_media,fabric,9.169518377455928,1.5,True,False
T4-E023,dummy_median,val_cold,hyunju kim,김현주,20617200.0,14.944069923000336,3091200.0000000014,0.8500669344042838,oil,canvas,10.82396359377138,1.3368421052631578,True,False
T4-E023,dummy_median,val_cold,eunja cho,조은자,11964600.0,14.944069923000336,3091200.0000000014,0.7416378316032294,mixed_media,canvas,9.268509275099824,1.2827282728272826,True,False
T4-E023,dummy_median,val_cold,eunja cho,조은자,2194200.0,14.944069923000336,3091200.0000000014,0.4088050314465415,mixed_media,canvas,7.784223516669121,1.1604395604395603,True,False
T4-E023,dummy_median,val_cold,jeongrock heo,허정록,1035000.0,14.944069923000336,3091200.0000000014,1.986666666666668,oil,canvas,7.788004239509027,1.164835164835165,True,False
T4-E023,dummy_median,val_cold,eunja cho,조은자,7617600.0,14.944069923000336,3091200.0000000014,0.5942028985507244,mixed_media,canvas,9.268509275099824,1.2827282728272826,True,False
T4-E023,dummy_median,val_cold,erica choi,최어이카,3229200.0,14.944069923000336,3091200.0000000014,0.042735042735042306,acrylic,canvas,8.633108688752438,1.0,True,False
T4-E023,dummy_median,val_cold,eunja cho,조은자,1759500.0,14.944069923000336,3091200.0000000014,0.75686274509804,mixed_media,canvas,7.677641253760972,1.2909535452322738,True,False
T4-E023,dummy_median,val_cold,hyeyune choi,최혜윤,2587500.0,14.944069923000336,3091200.0000000014,0.1946666666666672,mixed_media,fabric,9.159468041602429,1.8333333333333333,True,False
T4-E023,dummy_median,val_cold,hyunju kim,김현주,26427000.0,14.944069923000336,3091200.0000000014,0.8830287206266318,acrylic,canvas,10.681894577046895,1.1111111111111112,True,False
T4-E023,dummy_median,val_cold,eunja cho,조은자,2339100.0,14.944069923000336,3091200.0000000014,0.3215339233038354,mixed_media,canvas,7.784223516669121,1.1604395604395603,True,False
T4-E023,dummy_median,val_cold,jeongrock heo,허정록,586500.0,14.944069923000336,3091200.0000000014,4.27058823529412,oil,canvas,7.167446743931991,1.2902208201892744,True,False
T4-E023,dummy_median,val_cold,hyeyune choi,최혜윤,776940.0,14.944069923000336,3091200.0000000014,2.978685612788634,mixed_media,fabric,6.804614520062624,1.8636363636363635,True,False
T4-E023,dummy_median,val_cold,byung taek jeon,전병택,7631400.0,14.944069923000336,3091200.0000000014,0.5949367088607592,oil,canvas,8.764053269347762,1.0,True,False
T4-E023,dummy_median,val_cold,eunja cho,조은자,1138500.0,14.944069923000336,3091200.0000000014,1.7151515151515164,mixed_media,canvas,7.172324802385424,1.2965299684542588,True,False
T4-E023,dummy_median,val_cold,hyunju kim,김현주,3760500.0,14.944069923000336,3091200.0000000014,0.1779816513761464,oil,canvas,8.732302571031182,1.0,True,False
T4-E023,dummy_median,val_cold,hyunju kim,김현주,749340.0,14.944069923000336,3091200.0000000014,3.1252302025782708,oil,canvas,6.54645938918511,1.3333333333333337,True,False
T4-E023,dummy_median,val_cold,hyunju kim,김현주,2049300.0,14.944069923000336,3091200.0000000014,0.5084175084175091,oil,panel,7.765282016997596,1.1277340332458443,True,False
T4-E023,dummy_median,val_cold,hyunju kim,김현주,2049300.0,14.944069923000336,3091200.0000000014,0.5084175084175091,oil,canvas,7.765282016997596,1.1277340332458443,True,False
T4-E023,dummy_median,val_cold,hyunju kim,김현주,2235600.0,14.944069923000336,3091200.0000000014,0.3827160493827167,oil,canvas,7.825645371197421,1.0,True,False
T4-E023,dummy_median,val_cold,junsoo kim,김준수,862500.0,14.944069923000336,3091200.0000000014,2.5840000000000014,oil,canvas,6.888208682907167,1.6842105263157896,True,False
T4-E023,dummy_median,val_cold,youngb yune,영브윤,23349600.0,14.944069923000336,3091200.0000000014,0.8676122931442081,mixed_media,paper,9.146232691346842,1.4545454545454546,True,False
T4-E023,dummy_median,val_cold,youngb yune,영브윤,23349600.0,14.944069923000336,3091200.0000000014,0.8676122931442081,mixed_media,canvas,9.146232691346842,1.4545454545454546,True,False
T4-E023,dummy_median,val_cold,erica choi,최어이카,2235600.0,14.944069923000336,3091200.0000000014,0.3827160493827167,acrylic,canvas,8.221747728346623,1.0,True,False
T4-E023,dummy_median,val_cold,hyeyune choi,최혜윤,10791600.0,14.944069923000336,3091200.0000000014,0.7135549872122761,mixed_media,fabric,9.757825740104776,1.353982300884956,True,False
T4-E023,dummy_median,val_cold,hyeyune choi,최혜윤,2463300.0,14.944069923000336,3091200.0000000014,0.2549019607843143,mixed_media,fabric,8.851377097519439,1.3472222222222223,True,False
T4-E023,dummy_median,val_cold,hyeyune choi,최혜윤,2042400.0,14.944069923000336,3091200.0000000014,0.5135135135135142,mixed_media,fabric,8.954673628956414,1.0,True,False
T4-E023,dummy_median,val_cold,hyeyune choi,최혜윤,4650600.0,14.944069923000336,3091200.0000000014,0.33531157270029643,mixed_media,fabric,9.428993858017527,1.196078431372549,True,False
T4-E023,dummy_median,val_cold,hyeyune choi,최혜윤,22369800.0,14.944069923000336,3091200.0000000014,0.8618136952498457,painting_material,fabric,9.755451473708725,1.375,True,False
T4-E023,dummy_median,val_cold,eunja cho,조은자,6072000.0,14.944069923000336,3091200.0000000014,0.4909090909090907,mixed_media,canvas,8.68414727107907,1.3984615384615386,True,False
T4-E023,dummy_median,val_cold,eunja cho,조은자,3829500.0,14.944069923000336,3091200.0000000014,0.19279279279279243,mixed_media,canvas,8.127552218654959,1.2476007677543186,True,False
T4-E023,dummy_median,val_cold,eunja cho,조은자,690000.0,14.944069923000336,3091200.0000000014,3.480000000000002,mixed_media,canvas,6.687769237483008,1.3817427385892114,True,False
T4-E023,dummy_median,val_cold,eunja cho,조은자,558900.0,14.944069923000336,3091200.0000000014,4.5308641975308666,mixed_media,canvas,7.167446743931991,1.2902208201892744,True,False
T4-E023,dummy_median,val_cold,eunja cho,조은자,690000.0,14.944069923000336,3091200.0000000014,3.480000000000002,mixed_media,canvas,6.687769237483008,1.3817427385892114,True,False
T4-E023,dummy_median,val_cold,erica choi,최어이카,3560400.0,14.944069923000336,3091200.0000000014,0.1317829457364337,acrylic,canvas,8.796101385722906,1.250343878954608,True,False
T4-E023,dummy_median,val_cold,hyunju kim,김현주,2180400.0,14.944069923000336,3091200.0000000014,0.4177215189873424,oil,canvas,7.63542465191381,1.0,True,False
T4-E023,dummy_median,val_cold,hyunju kim,김현주,1297200.0,14.944069923000336,3091200.0000000014,1.3829787234042563,oil,canvas,7.173038356490439,1.2893081761006289,True,False
T4-E023,dummy_median,val_cold,erica choi,최어이카,5568300.0,14.944069923000336,3091200.0000000014,0.4448574969021063,acrylic,canvas,9.271322576910975,1.2835164835164834,True,False
T4-E023,dummy_median,val_cold,jeongrock heo,허정록,442980.0,14.944069923000336,3091200.0000000014,5.978193146417449,oil,canvas,6.449996376152838,1.7526315789473683,True,False
T4-E023,dummy_median,val_cold,jeongrock heo,허정록,732780.0,14.944069923000336,3091200.0000000014,3.2184557438794745,oil,canvas,7.167446743931991,1.2902208201892744,True,False
T4-E023,dummy_median,val_cold,hyeyune choi,최혜윤,2056200.0,14.944069923000336,3091200.0000000014,0.5033557046979873,mixed_media,fabric,8.99961934066053,1.0,True,False
T4-E023,dummy_median,val_cold,eunja cho,조은자,1283400.0,14.944069923000336,3091200.0000000014,1.4086021505376356,mixed_media,canvas,7.167446743931991,1.2902208201892744,True,False
T4-E023,dummy_median,val_cold,eunja cho,조은자,16311600.0,14.944069923000336,3091200.0000000014,0.8104906937394246,mixed_media,canvas,9.268509275099824,1.2827282728272826,True,False
T4-E023,dummy_median,val_cold,erica choi,최어이카,485760.0,14.944069923000336,3091200.0000000014,5.363636363636367,acrylic,canvas,6.182084906716632,1.0,True,False
T4-E023,dummy_median,val_cold,taerin kim,김태린,5375100.0,14.944069923000336,3091200.0000000014,0.4249037227214375,mixed_media,canvas,8.988937804270135,1.2428393524283936,True,False
T4-E023,dummy_median,val_cold,hyunju kim,김현주,2339100.0,14.944069923000336,3091200.0000000014,0.3215339233038354,oil,canvas,6.901280764474519,1.2727272727272727,True,False
T4-E023,dummy_median,val_cold,junsoo kim,김준수,6196200.0,14.944069923000336,3091200.0000000014,0.5011135857461022,oil,canvas,9.136726554630936,1.6,True,False
T4-E023,dummy_median,val_cold,hyunju kim,김현주,4222800.0,14.944069923000336,3091200.0000000014,0.26797385620915,oil,canvas,9.031366038973111,1.0,True,False
T4-E023,dummy_median,val_cold,hyunju kim,김현주,1904400.0,14.944069923000336,3091200.0000000014,0.6231884057971022,oil,canvas,7.6326491578546625,1.25,True,False
T4-E023,dummy_median,val_cold,hyunju kim,김현주,1614600.0,14.944069923000336,3091200.0000000014,0.9145299145299154,oil,canvas,7.6326491578546625,1.25,True,False
T4-E023,dummy_median,val_cold,hyunju kim,김현주,834900.0,14.944069923000336,3091200.0000000014,2.702479338842977,oil,canvas,6.834141461636891,1.0,True,False
T4-E023,dummy_median,val_cold,junsoo kim,김준수,11419500.0,14.944069923000336,3091200.0000000014,0.7293051359516615,oil,canvas,9.660797405146948,1.6842105263157896,True,False
T4-E023,dummy_median,val_cold,junsoo kim,김준수,6168600.0,14.944069923000336,3091200.0000000014,0.49888143176733757,oil,canvas,9.276488497006095,1.277777777777778,True,False
T4-E023,dummy_median,val_cold,junsoo kim,김준수,6127200.0,14.944069923000336,3091200.0000000014,0.49549549549549526,oil,canvas,9.09416694021214,1.5333333333333332,True,False
T4-E023,dummy_median,val_cold,hyunju kim,김현주,4512600.0,14.944069923000336,3091200.0000000014,0.314984709480122,oil,canvas,9.239583940070643,1.105263157894737,True,False
T4-E023,dummy_median,val_cold,hyunju kim,김현주,7424400.0,14.944069923000336,3091200.0000000014,0.5836431226765797,oil,canvas,9.724513219533057,1.125,True,False
T4-E023,dummy_median,val_cold,hyunju kim,김현주,1542840.0,14.944069923000336,3091200.0000000014,1.0035778175313068,oil,canvas,7.6326491578546625,1.25,True,False
T4-E023,dummy_median,val_cold,hyunju kim,김현주,4512600.0,14.944069923000336,3091200.0000000014,0.314984709480122,oil,canvas,9.239583940070643,1.105263157894737,True,False
T4-E023,dummy_median,val_cold,hyunju kim,김현주,4222800.0,14.944069923000336,3091200.0000000014,0.26797385620915,oil,canvas,8.967650224587002,1.1875,True,False
T4-E023,dummy_median,val_cold,hyunju kim,김현주,5685600.0,14.944069923000336,3091200.0000000014,0.4563106796116502,mixed_media,canvas,9.564623365481008,1.0,True,False
T4-E023,dummy_median,val_cold,hyunju kim,김현주,4077900.0,14.944069923000336,3091200.0000000014,0.24196277495769847,acrylic,canvas,9.035984984829405,1.3548387096774197,True,False
T4-E023,dummy_median,val_cold,hyunju kim,김현주,964620.0,14.944069923000336,3091200.0000000014,2.204577968526468,oil,canvas,6.901280764474519,1.2727272727272727,True,False
T4-E023,dummy_median,val_cold,hyunju kim,김현주,5423400.0,14.944069923000336,3091200.0000000014,0.4300254452926206,oil,canvas,9.26875348668302,1.2821950951281205,True,False
T4-E023,dummy_median,val_cold,hyunju kim,김현주,1080540.0,14.944069923000336,3091200.0000000014,1.860791826309069,oil,canvas,6.901280764474519,1.2727272727272727,True,False
T4-E023,dummy_median,val_cold,hyunju kim,김현주,8162700.0,14.944069923000336,3091200.0000000014,0.6213017751479287,oil,canvas,9.955823921482216,1.2460592079969242,True,False
T4-E023,dummy_median,val_cold,hyunju kim,김현주,1095720.0,14.944069923000336,3091200.0000000014,1.8211586901763237,oil,canvas,7.086071826422209,1.3306639973306642,True,False
T4-E023,dummy_median,val_cold,hyunju kim,김현주,2049300.0,14.944069923000336,3091200.0000000014,0.5084175084175091,oil,panel,7.765282016997596,1.1277340332458443,True,False
T4-E023,dummy_median,val_cold,hyunju kim,김현주,1080540.0,14.944069923000336,3091200.0000000014,1.860791826309069,oil,canvas,6.901280764474519,1.2727272727272727,True,False
T4-E023,dummy_median,val_cold,hyunju kim,김현주,950820.0,14.944069923000336,3091200.0000000014,2.2510885341074034,oil,canvas,6.834141461636891,1.0,True,False
T4-E023,dummy_median,val_cold,hyunju kim,김현주,5382000.0,14.944069923000336,3091200.0000000014,0.4256410256410254,oil,canvas,9.26875348668302,1.2821950951281205,True,False
T4-E023,dummy_median,val_cold,hyunju kim,김현주,2408100.0,14.944069923000336,3091200.0000000014,0.2836676217765049,oil,canvas,7.932753750305,1.3333333333333337,True,False
T4-E023,dummy_median,val_cold,hyunju kim,김현주,13082400.0,14.944069923000336,3091200.0000000014,0.7637130801687763,oil,canvas,10.536334779194307,1.0,True,False
T4-E023,dummy_median,val_cold,hyunju kim,김현주,2870400.0,14.944069923000336,3091200.0000000014,0.07692307692307741,oil,canvas,8.203633154121603,1.0,True,False
T4-E023,dummy_median,val_cold,hyunju kim,김현주,2049300.0,14.944069923000336,3091200.0000000014,0.5084175084175091,oil,canvas,7.765282016997596,1.1277340332458443,True,False
T4-E023,dummy_median,val_cold,hyunju kim,김현주,8452500.0,14.944069923000336,3091200.0000000014,0.6342857142857141,oil,canvas,9.955823921482216,1.2460592079969242,True,False
T4-E023,dummy_median,val_cold,hyunju kim,김현주,2670300.0,14.944069923000336,3091200.0000000014,0.15762273901808838,acrylic,panel,8.141774126051983,1.2307401097861064,True,False
T4-E023,dummy_median,val_cold,hyunju kim,김현주,1052940.0,14.944069923000336,3091200.0000000014,1.9357798165137627,oil,canvas,6.901280764474519,1.2727272727272727,True,False
T4-E023,dummy_median,val_cold,hyunju kim,김현주,1052940.0,14.944069923000336,3091200.0000000014,1.9357798165137627,acrylic,panel,6.842486891556955,1.2927191679049033,True,False
T4-E023,dummy_median,val_cold,hyunju kim,김현주,8148900.0,14.944069923000336,3091200.0000000014,0.6206604572396273,oil,canvas,9.432707429897413,1.0,True,False
T4-E023,dummy_median,val_cold,junsoo kim,김준수,862500.0,14.944069923000336,3091200.0000000014,2.5840000000000014,oil,canvas,6.888208682907167,1.6842105263157896,True,False
T4-E023,dummy_median,val_cold,hyunju kim,김현주,1197840.0,14.944069923000336,3091200.0000000014,1.5806451612903238,oil,canvas,7.121823534088672,1.3333333333333333,True,False
T4-E023,dummy_median,val_cold,hyunju kim,김현주,1211640.0,14.944069923000336,3091200.0000000014,1.5512528473804112,oil,canvas,7.121823534088672,1.3333333333333333,True,False
T4-E023,dummy_median,val_cold,hyunju kim,김현주,2049300.0,14.944069923000336,3091200.0000000014,0.5084175084175091,oil,canvas,7.789615050102834,1.155511811023622,True,False
T4-E023,dummy_median,val_cold,hyunju kim,김현주,908040.0,14.944069923000336,3091200.0000000014,2.4042553191489375,oil,canvas,6.834141461636891,1.0,True,False
T4-E023,dummy_median,val_cold,junsoo kim,김준수,862500.0,14.944069923000336,3091200.0000000014,2.5840000000000014,oil,canvas,6.888208682907167,1.6842105263157896,True,False
T4-E023,dummy_median,val_cold,hyunju kim,김현주,2525400.0,14.944069923000336,3091200.0000000014,0.2240437158469951,acrylic,panel,8.141774126051983,1.2307401097861064,True,False
T4-E023,dummy_median,val_cold,hyunju kim,김현주,2152800.0,14.944069923000336,3091200.0000000014,0.43589743589743657,oil,canvas,7.6341055356738385,1.0,True,False
T4-E023,dummy_median,val_cold,junsoo kim,김준수,1108140.0,14.944069923000336,3091200.0000000014,1.7895392278953934,mixed_media,panel,7.179307969504034,1.28125,True,False
T4-E023,dummy_median,val_cold,junsoo kim,김준수,1439340.0,14.944069923000336,3091200.0000000014,1.1476510067114103,mixed_media,panel,7.444248649496705,1.1842105263157894,True,False
T4-E023,dummy_median,val_cold,junsoo kim,김준수,1121940.0,14.944069923000336,3091200.0000000014,1.755227552275524,mixed_media,panel,7.179307969504034,1.28125,True,False
T4-E023,dummy_median,val_cold,junsoo kim,김준수,890100.0,14.944069923000336,3091200.0000000014,2.4728682170542653,oil,canvas,6.891625897052253,1.7083333333333333,True,False
T4-E023,dummy_median,val_cold,junsoo kim,김준수,890100.0,14.944069923000336,3091200.0000000014,2.4728682170542653,oil,canvas,6.931471805599453,1.0,True,False
T4-E023,dummy_median,val_cold,junsoo kim,김준수,890100.0,14.944069923000336,3091200.0000000014,2.4728682170542653,oil,canvas,7.090076835776092,1.3333333333333333,True,False
T4-E023,dummy_median,val_cold,youngb yune,영브윤,21900600.0,14.944069923000336,3091200.0000000014,0.8588531821045998,mixed_media,canvas,9.157477425276111,1.4456790123456789,True,False
T4-E023,dummy_median,val_cold,erica choi,최어이카,1338600.0,14.944069923000336,3091200.0000000014,1.309278350515465,acrylic,canvas,7.613324979540639,1.0,True,False
T4-E023,dummy_median,val_cold,hyunju kim,김현주,979800.0,14.944069923000336,3091200.0000000014,2.1549295774647903,oil,canvas,6.6787194019630896,1.3692946058091289,True,False
T4-E023,dummy_median,val_cold,hyunju kim,김현주,993600.0,14.944069923000336,3091200.0000000014,2.1111111111111125,oil,canvas,6.694908533145296,1.3801652892561984,True,False
T4-E023,dummy_median,val_cold,hyunju kim,김현주,993600.0,14.944069923000336,3091200.0000000014,2.1111111111111125,oil,canvas,6.694908533145296,1.3801652892561984,True,False
T4-E023,dummy_median,val_cold,hyunju kim,김현주,8583600.0,14.944069923000336,3091200.0000000014,0.6398713826366558,oil,canvas,9.69523261371567,1.2946428571428572,True,False
T4-E023,dummy_median,val_cold,hyeyune choi,최혜윤,2477100.0,14.944069923000336,3091200.0000000014,0.24791086350974986,mixed_media,fabric,8.499843553081124,1.238095238095238,True,False
T4-E023,dummy_median,val_cold,hyeyune choi,최혜윤,2263200.0,14.944069923000336,3091200.0000000014,0.36585365853658597,mixed_media,fabric,8.045588280803528,1.1538461538461535,True,False
T4-E023,dummy_median,val_cold,hyeyune choi,최혜윤,1524900.0,14.944069923000336,3091200.0000000014,1.0271493212669693,mixed_media,fabric,8.333270353255308,1.5384615384615383,True,False
T4-E023,dummy_median,val_cold,hyeyune choi,최혜윤,6044400.0,14.944069923000336,3091200.0000000014,0.4885844748858445,mixed_media,fabric,9.47424191576256,1.5053763440860215,True,False
T4-E023,dummy_median,val_cold,hyeyune choi,최혜윤,2332200.0,14.944069923000336,3091200.0000000014,0.32544378698224913,mixed_media,fabric,8.589699882202986,1.3125,True,False
T4-E023,dummy_median,val_cold,hyeyune choi,최혜윤,2332200.0,14.944069923000336,3091200.0000000014,0.32544378698224913,mixed_media,fabric,8.589699882202986,1.3125,True,False
T4-E023,dummy_median,val_cold,hyeyune choi,최혜윤,2394300.0,14.944069923000336,3091200.0000000014,0.2910662824207499,mixed_media,fabric,8.283999304248526,1.309090909090909,True,False
T4-E023,dummy_median,val_cold,hyeyune choi,최혜윤,903900.0,14.944069923000336,3091200.0000000014,2.4198473282442765,mixed_media,fabric,7.86480400332846,1.4761904761904765,True,False
T4-E023,dummy_median,val_cold,hyeyune choi,최혜윤,2925600.0,14.944069923000336,3091200.0000000014,0.05660377358490614,mixed_media,fabric,9.01069970141176,1.0,True,False
T4-E023,dummy_median,val_cold,hyunju kim,김현주,26427000.0,14.944069923000336,3091200.0000000014,0.8830287206266318,oil,canvas,10.681894577046895,1.1111111111111112,True,False
T4-E023,dummy_median,val_cold,hyeyune choi,최혜윤,661020.0,14.944069923000336,3091200.0000000014,3.67640918580376,mixed_media,fabric,6.91263336176647,1.0,True,False
T4-E023,dummy_median,val_cold,yerin kim,김예린,1062600.0,14.944069923000336,3091200.0000000014,1.9090909090909105,oil,canvas,9.31844651494733,1.3336980306345734,True,False
T4-E023,dummy_median,val_cold,yerin kim,김예린,1062600.0,14.944069923000336,3091200.0000000014,1.9090909090909105,oil,canvas,9.31844651494733,1.3336980306345734,True,False
T4-E023,dummy_median,val_cold,yerin kim,김예린,1062600.0,14.944069923000336,3091200.0000000014,1.9090909090909105,oil,canvas,9.31844651494733,1.3336980306345734,True,False
T4-E023,dummy_median,val_cold,yerin kim,김예린,1062600.0,14.944069923000336,3091200.0000000014,1.9090909090909105,oil,canvas,9.31844651494733,1.3336980306345734,True,False
T4-E023,dummy_median,val_cold,junsoo kim,김준수,890100.0,14.944069923000336,3091200.0000000014,2.4728682170542653,oil,canvas,6.891625897052253,1.7083333333333333,True,False
T4-E023,dummy_median,val_cold,junsoo kim,김준수,890100.0,14.944069923000336,3091200.0000000014,2.4728682170542653,oil,canvas,6.931471805599453,1.0,True,False
T4-E023,dummy_median,val_cold,junsoo kim,김준수,3939900.0,14.944069923000336,3091200.0000000014,0.21541155866900139,oil,canvas,8.621733370690162,1.4918032786885247,True,False
T4-E023,dummy_median,val_cold,junsoo kim,김준수,890100.0,14.944069923000336,3091200.0000000014,2.4728682170542653,oil,canvas,6.891625897052253,1.7083333333333333,True,False
T4-E023,dummy_median,val_cold,byung taek jeon,전병택,2566800.0,14.944069923000336,3091200.0000000014,0.20430107526881774,oil,canvas,7.824046010856292,1.0,True,False
T4-E023,dummy_median,val_cold,byung taek jeon,전병택,2566800.0,14.944069923000336,3091200.0000000014,0.20430107526881774,oil,canvas,7.824046010856292,1.0,True,False
T4-E023,dummy_median,val_cold,byung taek jeon,전병택,2639940.0,14.944069923000336,3091200.0000000014,0.17093570308416153,oil,canvas,7.940583827104244,1.0,True,False
T4-E023,dummy_median,val_cold,byung taek jeon,전병택,7452000.0,14.944069923000336,3091200.0000000014,0.5851851851851849,oil,canvas,8.764053269347762,1.0,True,False
T4-E023,dummy_median,val_cold,eunja cho,조은자,2049300.0,14.944069923000336,3091200.0000000014,0.5084175084175091,acrylic,canvas,7.784223516669121,1.1604395604395603,True,False
T4-E023,dummy_median,val_cold,eunja cho,조은자,7534800.0,14.944069923000336,3091200.0000000014,0.5897435897435895,mixed_media,canvas,8.794724923014183,1.2520661157024795,True,False
T4-E023,dummy_median,val_cold,seung wook yang,양승욱,8190300.0,14.944069923000336,3091200.0000000014,0.6225779275484412,mixed_media,panel,8.309297793864399,1.429643527204503,True,False
T4-E023,dummy_median,val_cold,eunja cho,조은자,1614600.0,14.944069923000336,3091200.0000000014,0.9145299145299154,mixed_media,canvas,7.677641253760972,1.2909535452322738,True,False
T4-E023,dummy_median,val_cold,eunja cho,조은자,6085800.0,14.944069923000336,3091200.0000000014,0.4920634920634918,mixed_media,canvas,8.794724923014183,1.2520661157024795,True,False
T4-E023,dummy_median,val_cold,eunja cho,조은자,4554000.0,14.944069923000336,3091200.0000000014,0.3212121212121209,mixed_media,canvas,8.238129870590072,1.3934740882917465,True,False
T4-E023,dummy_median,val_cold,eunja cho,조은자,4567800.0,14.944069923000336,3091200.0000000014,0.3232628398791538,mixed_media,canvas,8.387608286867547,1.2,True,False
T4-E023,dummy_median,val_cold,eunja cho,조은자,2339100.0,14.944069923000336,3091200.0000000014,0.3215339233038354,mixed_media,canvas,7.677641253760972,1.2909535452322738,True,False
T4-E023,dummy_median,val_cold,eunja cho,조은자,6085800.0,14.944069923000336,3091200.0000000014,0.4920634920634918,acrylic,canvas,8.794724923014183,1.2520661157024795,True,False
T4-E023,dummy_median,val_cold,seung wook yang,양승욱,6741300.0,14.944069923000336,3091200.0000000014,0.5414534288638688,mixed_media,panel,8.309297793864399,1.429643527204503,True,False
T4-E023,dummy_median,val_cold,eunja cho,조은자,2484000.0,14.944069923000336,3091200.0000000014,0.24444444444444502,mixed_media,canvas,7.677641253760972,1.2909535452322738,True,False
T4-E023,dummy_median,val_cold,eunja cho,조은자,14862600.0,14.944069923000336,3091200.0000000014,0.7920148560817083,mixed_media,canvas,9.268509275099824,1.2827282728272826,True,False
T4-E023,dummy_median,val_cold,eunja cho,조은자,6182400.0,14.944069923000336,3091200.0000000014,0.4999999999999998,mixed_media,canvas,9.081443935613033,2.401652892561984,True,False
T4-E023,dummy_median,val_cold,eunja cho,조은자,2484000.0,14.944069923000336,3091200.0000000014,0.24444444444444502,mixed_media,canvas,7.784223516669121,1.1604395604395603,True,False
T4-E023,dummy_median,val_cold,eunja cho,조은자,2484000.0,14.944069923000336,3091200.0000000014,0.24444444444444502,mixed_media,canvas,7.784223516669121,1.1604395604395603,True,False
T4-E023,dummy_median,val_cold,eunja cho,조은자,4581600.0,14.944069923000336,3091200.0000000014,0.3253012048192768,mixed_media,canvas,8.478317218833096,2.3230769230769233,True,False
T4-E023,dummy_median,val_cold,seung wook yang,양승욱,5975400.0,14.944069923000336,3091200.0000000014,0.482678983833718,mixed_media,panel,7.9447474504927085,1.2091097308488614,True,False
T4-E023,dummy_median,val_cold,seung wook yang,양승욱,10432800.0,14.944069923000336,3091200.0000000014,0.7037037037037035,mixed_media,canvas,8.794724923014183,1.2520661157024795,True,False
T4-E023,dummy_median,val_cold,seung wook yang,양승욱,8983800.0,14.944069923000336,3091200.0000000014,0.6559139784946234,mixed_media,canvas,8.794724923014183,1.2520661157024795,True,False
T4-E023,dummy_median,val_cold,seung wook yang,양승욱,4498800.0,14.944069923000336,3091200.0000000014,0.3128834355828218,mixed_media,panel,7.568110636717091,1.3333333333333333,True,False
T4-E023,dummy_median,val_cold,seung wook yang,양승욱,8914800.0,14.944069923000336,3091200.0000000014,0.6532507739938078,mixed_media,canvas,8.366730701845992,1.1752066115702478,True,False
T4-E023,dummy_median,val_cold,seung wook yang,양승욱,6003000.0,14.944069923000336,3091200.0000000014,0.4850574712643676,mixed_media,panel,8.099201957942665,1.2755905511811023,True,False
T4-E023,dummy_median,val_cold,seung wook yang,양승욱,6016800.0,14.944069923000336,3091200.0000000014,0.4862385321100915,mixed_media,unknown,8.27593913036709,1.3827392120075048,True,False
T4-E023,dummy_median,val_cold,seung wook yang,양승욱,7452000.0,14.944069923000336,3091200.0000000014,0.5851851851851849,mixed_media,panel,8.108036276969523,1.21414913957935,True,False
T4-E023,dummy_median,val_cold,seung wook yang,양승욱,4540200.0,14.944069923000336,3091200.0000000014,0.31914893617021245,mixed_media,panel,8.02064844214249,1.2027833001988073,True,False
T4-E023,dummy_median,val_cold,seung wook yang,양승욱,4077900.0,14.944069923000336,3091200.0000000014,0.24196277495769847,mixed_media,canvas,7.7464044181975,1.1734234234234235,True,False
T4-E023,dummy_median,val_cold,seung wook yang,양승욱,3746700.0,14.944069923000336,3091200.0000000014,0.17495395948434586,mixed_media,panel,6.9930151229329605,1.0,True,False
T4-E023,dummy_median,val_cold,seung wook yang,양승욱,6796500.0,14.944069923000336,3091200.0000000014,0.5451776649746191,mixed_media,canvas,8.710378852864029,2.135084427767355,True,False
T4-E023,dummy_median,val_cold,eunja cho,조은자,6085800.0,14.944069923000336,3091200.0000000014,0.4920634920634918,acrylic,canvas,8.794724923014183,1.2520661157024795,True,False
T4-E023,dummy_median,val_cold,eunja cho,조은자,1283400.0,14.944069923000336,3091200.0000000014,1.4086021505376356,mixed_media,canvas,7.167446743931991,1.2902208201892744,True,False
T4-E023,dummy_median,val_cold,eunja cho,조은자,1138500.0,14.944069923000336,3091200.0000000014,1.7151515151515164,mixed_media,canvas,7.167446743931991,1.2902208201892744,True,False
T4-E023,dummy_median,val_cold,eunja cho,조은자,690000.0,14.944069923000336,3091200.0000000014,3.480000000000002,mixed_media,canvas,6.687769237483008,1.3817427385892114,True,False
T4-E023,dummy_median,val_cold,eunja cho,조은자,1138500.0,14.944069923000336,3091200.0000000014,1.7151515151515164,mixed_media,canvas,7.167446743931991,1.2902208201892744,True,False
T4-E023,dummy_median,val_cold,eunja cho,조은자,1283400.0,14.944069923000336,3091200.0000000014,1.4086021505376356,mixed_media,canvas,7.167446743931991,1.2902208201892744,True,False
T4-E023,dummy_median,val_cold,eunja cho,조은자,1904400.0,14.944069923000336,3091200.0000000014,0.6231884057971022,mixed_media,canvas,7.784223516669121,1.1604395604395603,True,False
T4-E023,dummy_median,val_cold,eunja cho,조은자,1138500.0,14.944069923000336,3091200.0000000014,1.7151515151515164,mixed_media,canvas,7.167446743931991,1.2902208201892744,True,False
T4-E023,dummy_median,val_cold,eunja cho,조은자,2339100.0,14.944069923000336,3091200.0000000014,0.3215339233038354,mixed_media,canvas,7.677641253760972,1.2909535452322738,True,False
T4-E023,dummy_median,val_cold,eunja cho,조은자,9066600.0,14.944069923000336,3091200.0000000014,0.659056316590563,mixed_media,canvas,9.268509275099824,1.2827282728272826,True,False
T4-E023,dummy_median,val_cold,eunja cho,조은자,703800.0,14.944069923000336,3091200.0000000014,3.3921568627451,mixed_media,canvas,7.167446743931991,1.2902208201892744,True,False
T4-E023,dummy_median,val_cold,eunja cho,조은자,2194200.0,14.944069923000336,3091200.0000000014,0.4088050314465415,mixed_media,canvas,7.784223516669121,1.1604395604395603,True,False
T4-E023,dummy_median,val_cold,eunja cho,조은자,2194200.0,14.944069923000336,3091200.0000000014,0.4088050314465415,mixed_media,canvas,7.677641253760972,1.2909535452322738,True,False
T4-E023,dummy_median,val_cold,eunja cho,조은자,1138500.0,14.944069923000336,3091200.0000000014,1.7151515151515164,mixed_media,canvas,7.167446743931991,1.2902208201892744,True,False
T4-E023,dummy_median,val_cold,eunja cho,조은자,1138500.0,14.944069923000336,3091200.0000000014,1.7151515151515164,mixed_media,canvas,7.167446743931991,1.2902208201892744,True,False
T4-E023,dummy_median,val_cold,eunja cho,조은자,690000.0,14.944069923000336,3091200.0000000014,3.480000000000002,mixed_media,canvas,6.687769237483008,1.3817427385892114,True,False
T4-E023,dummy_median,val_cold,eunja cho,조은자,703800.0,14.944069923000336,3091200.0000000014,3.3921568627451,mixed_media,canvas,7.167446743931991,1.2902208201892744,True,False
T4-E023,dummy_median,val_cold,eunja cho,조은자,717600.0,14.944069923000336,3091200.0000000014,3.3076923076923097,mixed_media,canvas,7.390101178092894,1.6119873817034702,True,False
T4-E023,dummy_median,val_cold,eunja cho,조은자,1324800.0,14.944069923000336,3091200.0000000014,1.3333333333333344,mixed_media,canvas,7.784223516669121,1.1604395604395603,True,False
T4-E023,dummy_median,val_cold,eunja cho,조은자,545100.0,14.944069923000336,3091200.0000000014,4.67088607594937,mixed_media,canvas,6.687769237483008,1.3817427385892114,True,False
T4-E023,dummy_median,val_cold,eunja cho,조은자,558900.0,14.944069923000336,3091200.0000000014,4.5308641975308666,mixed_media,canvas,7.167446743931991,1.2902208201892744,True,False
T4-E023,dummy_median,val_cold,eunja cho,조은자,558900.0,14.944069923000336,3091200.0000000014,4.5308641975308666,mixed_media,canvas,7.167446743931991,1.2902208201892744,True,False
T4-E023,dummy_median,val_cold,eunja cho,조은자,1138500.0,14.944069923000336,3091200.0000000014,1.7151515151515164,mixed_media,canvas,7.167446743931991,1.2902208201892744,True,False
T4-E023,dummy_median,val_cold,eunja cho,조은자,2049300.0,14.944069923000336,3091200.0000000014,0.5084175084175091,mixed_media,canvas,7.784223516669121,1.1604395604395603,True,False
T4-E023,dummy_median,val_cold,eunja cho,조은자,1138500.0,14.944069923000336,3091200.0000000014,1.7151515151515164,mixed_media,canvas,7.167446743931991,1.2902208201892744,True,False
T4-E023,dummy_median,val_cold,eunja cho,조은자,1283400.0,14.944069923000336,3091200.0000000014,1.4086021505376356,mixed_media,canvas,7.167446743931991,1.2902208201892744,True,False
T4-E023,dummy_median,val_cold,eunja cho,조은자,1614600.0,14.944069923000336,3091200.0000000014,0.9145299145299154,mixed_media,canvas,7.784223516669121,1.1604395604395603,True,False
T4-E023,dummy_median,val_cold,eunja cho,조은자,1283400.0,14.944069923000336,3091200.0000000014,1.4086021505376356,mixed_media,canvas,7.167446743931991,1.2902208201892744,True,False
T4-E023,dummy_median,val_cold,eunja cho,조은자,1904400.0,14.944069923000336,3091200.0000000014,0.6231884057971022,mixed_media,canvas,7.784223516669121,1.1604395604395603,True,False
T4-E023,dummy_median,val_cold,eunja cho,조은자,2049300.0,14.944069923000336,3091200.0000000014,0.5084175084175091,mixed_media,canvas,7.784223516669121,1.1604395604395603,True,False
T4-E023,dummy_median,val_cold,eunja cho,조은자,1138500.0,14.944069923000336,3091200.0000000014,1.7151515151515164,mixed_media,canvas,7.167446743931991,1.2902208201892744,True,False
T4-E023,dummy_median,val_cold,eunja cho,조은자,1904400.0,14.944069923000336,3091200.0000000014,0.6231884057971022,mixed_media,canvas,7.784223516669121,1.1604395604395603,True,False
T4-E023,dummy_median,val_cold,eunja cho,조은자,1890600.0,14.944069923000336,3091200.0000000014,0.6350364963503657,mixed_media,canvas,7.422827871595451,1.6656151419558358,True,False
T4-E023,dummy_median,val_cold,eunja cho,조은자,703800.0,14.944069923000336,3091200.0000000014,3.3921568627451,mixed_media,canvas,7.167446743931991,1.2902208201892744,True,False
T4-E023,dummy_median,val_cold,eunja cho,조은자,1614600.0,14.944069923000336,3091200.0000000014,0.9145299145299154,mixed_media,canvas,7.677641253760972,1.2909535452322738,True,False
T4-E023,dummy_median,val_cold,eunja cho,조은자,1759500.0,14.944069923000336,3091200.0000000014,0.75686274509804,mixed_media,canvas,7.677641253760972,1.2909535452322738,True,False
T4-E023,dummy_median,val_cold,eunja cho,조은자,1759500.0,14.944069923000336,3091200.0000000014,0.75686274509804,mixed_media,canvas,7.677641253760972,1.2909535452322738,True,False
T4-E023,dummy_median,val_cold,eunja cho,조은자,545100.0,14.944069923000336,3091200.0000000014,4.67088607594937,mixed_media,canvas,6.687769237483008,1.3817427385892114,True,False
T4-E023,dummy_median,val_cold,eunja cho,조은자,834900.0,14.944069923000336,3091200.0000000014,2.702479338842977,mixed_media,canvas,6.95762105494993,1.5914396887159532,True,False
T4-E023,dummy_median,val_cold,eunja cho,조은자,1573200.0,14.944069923000336,3091200.0000000014,0.9649122807017553,mixed_media,canvas,7.167446743931991,1.2902208201892744,True,False
T4-E023,dummy_median,val_cold,eunja cho,조은자,1863000.0,14.944069923000336,3091200.0000000014,0.65925925925926,mixed_media,canvas,7.167446743931991,1.2902208201892744,True,False
T4-E023,dummy_median,val_cold,eunja cho,조은자,1573200.0,14.944069923000336,3091200.0000000014,0.9649122807017553,mixed_media,canvas,7.167446743931991,1.2902208201892744,True,False
T4-E023,dummy_median,val_cold,eunja cho,조은자,1573200.0,14.944069923000336,3091200.0000000014,0.9649122807017553,mixed_media,canvas,7.167446743931991,1.2902208201892744,True,False
T4-E023,dummy_median,val_cold,eunja cho,조은자,1573200.0,14.944069923000336,3091200.0000000014,0.9649122807017553,mixed_media,canvas,7.167446743931991,1.2902208201892744,True,False
T4-E023,dummy_median,val_cold,eunja cho,조은자,1573200.0,14.944069923000336,3091200.0000000014,0.9649122807017553,mixed_media,canvas,7.167446743931991,1.2902208201892744,True,False
T4-E023,dummy_median,val_cold,erica choi,최어이카,3560400.0,14.944069923000336,3091200.0000000014,0.1317829457364337,acrylic,canvas,8.796101385722906,1.250343878954608,True,False
T4-E023,dummy_median,val_cold,eunja cho,조은자,1573200.0,14.944069923000336,3091200.0000000014,0.9649122807017553,mixed_media,canvas,7.438971592395862,1.1904761904761905,True,False
T4-E023,dummy_median,val_cold,eunja cho,조은자,1573200.0,14.944069923000336,3091200.0000000014,0.9649122807017553,mixed_media,canvas,7.438971592395862,1.1904761904761905,True,False
T4-E023,dummy_median,val_cold,gyuyeol lee,이규여르,427800.0,14.944069923000336,3091200.0000000014,6.225806451612907,acrylic,canvas,7.264618205251084,1.0,True,False
T4-E023,dummy_median,val_cold,gyuyeol lee,이규여르,427800.0,14.944069923000336,3091200.0000000014,6.225806451612907,acrylic,canvas,7.264618205251084,1.0,True,False
T4-E023,dummy_median,val_cold,hyunju kim,김현주,1297200.0,14.944069923000336,3091200.0000000014,1.3829787234042563,oil,canvas,7.170596352834887,1.2861635220125784,True,False
T4-E023,dummy_median,val_cold,hyunju kim,김현주,2339100.0,14.944069923000336,3091200.0000000014,0.3215339233038354,oil,canvas,7.788004239509027,1.164835164835165,True,False
T4-E023,dummy_median,val_cold,eunja cho,조은자,2339100.0,14.944069923000336,3091200.0000000014,0.3215339233038354,mixed_media,canvas,7.784223516669121,1.1604395604395603,True,False
T4-E023,dummy_median,val_cold,erica choi,최어이카,3243000.0,14.944069923000336,3091200.0000000014,0.04680851063829744,acrylic,canvas,8.796101385722906,1.250343878954608,True,False
T4-E023,dummy_median,val_cold,erica choi,최어이카,2856600.0,14.944069923000336,3091200.0000000014,0.08212560386473479,acrylic,canvas,8.572682769078947,1.0,True,False
T4-E023,dummy_median,val_cold,erica choi,최어이카,3532800.0,14.944069923000336,3091200.0000000014,0.12499999999999961,acrylic,canvas,8.685684550397957,1.3963133640552998,True,False
T4-E023,dummy_median,val_cold,jeongrock heo,허정록,1021200.0,14.944069923000336,3091200.0000000014,2.0270270270270285,oil,canvas,7.472068587698613,1.5855855855855856,True,False
T4-E023,dummy_median,val_cold,jeongrock heo,허정록,876300.0,14.944069923000336,3091200.0000000014,2.527559055118112,oil,canvas,7.47506709069487,1.5808383233532934,True,False
T4-E023,dummy_median,val_cold,jeongrock heo,허정록,876300.0,14.944069923000336,3091200.0000000014,2.527559055118112,oil,canvas,7.47506709069487,1.5808383233532934,True,False
T4-E023,dummy_median,val_cold,jeongrock heo,허정록,775560.0,14.944069923000336,3091200.0000000014,2.985765124555162,oil,canvas,7.450021428582446,1.2037037037037035,True,False
T4-E023,dummy_median,val_cold,jeongrock heo,허정록,1021200.0,14.944069923000336,3091200.0000000014,2.0270270270270285,oil,canvas,7.47506709069487,1.5808383233532934,True,False
T4-E023,dummy_median,val_cold,jeongrock heo,허정록,891480.0,14.944069923000336,3091200.0000000014,2.467492260061921,oil,canvas,7.452663438045286,1.200527704485488,True,False
T4-E023,dummy_median,val_cold,jeongrock heo,허정록,891480.0,14.944069923000336,3091200.0000000014,2.467492260061921,oil,canvas,7.452663438045286,1.200527704485488,True,False
T4-E023,dummy_median,val_cold,jeongrock heo,허정록,299460.0,14.944069923000336,3091200.0000000014,9.322580645161295,oil,canvas,6.135175204774281,1.4413407821229052,True,False
T4-E023,dummy_median,val_cold,jeongrock heo,허정록,429180.0,14.944069923000336,3091200.0000000014,6.202572347266885,oil,canvas,6.694908533145296,1.3801652892561984,True,False
T4-E023,dummy_median,val_cold,jeongrock heo,허정록,890100.0,14.944069923000336,3091200.0000000014,2.4728682170542653,oil,canvas,7.677641253760972,1.2909535452322738,True,False
T4-E023,dummy_median,val_cold,jeongrock heo,허정록,890100.0,14.944069923000336,3091200.0000000014,2.4728682170542653,oil,canvas,7.788004239509027,1.164835164835165,True,False
T4-E023,dummy_median,val_cold,jian choi,최지안,2245260.0,14.944069923000336,3091200.0000000014,0.3767670559311623,oil,paper,7.67139820115378,1.28921568627451,True,False
T4-E023,dummy_median,val_cold,jeongrock heo,허정록,299460.0,14.944069923000336,3091200.0000000014,9.322580645161295,oil,canvas,5.88943182154283,1.842857142857143,True,False
T4-E023,dummy_median,val_cold,jeongrock heo,허정록,342240.0,14.944069923000336,3091200.0000000014,8.032258064516133,oil,canvas,5.88943182154283,1.842857142857143,True,False
T4-E023,dummy_median,val_cold,erica choi,최어이카,3243000.0,14.944069923000336,3091200.0000000014,0.04680851063829744,acrylic,canvas,8.685684550397957,1.3963133640552998,True,False
T4-E023,dummy_median,val_cold,erica choi,최어이카,3201600.0,14.944069923000336,3091200.0000000014,0.03448275862068922,acrylic,canvas,8.572682769078947,1.0,True,False
T4-E023,dummy_median,val_cold,erica choi,최어이카,963240.0,14.944069923000336,3091200.0000000014,2.2091690544412623,acrylic,canvas,7.452663438045286,1.200527704485488,True,False
T4-E023,dummy_median,val_cold,eunja cho,조은자,2352900.0,14.944069923000336,3091200.0000000014,0.31378299120234665,mixed_media,canvas,7.860593924491936,2.580441640378549,True,False
T4-E023,dummy_median,val_cold,eunja cho,조은자,1918200.0,14.944069923000336,3091200.0000000014,0.6115107913669072,mixed_media,canvas,7.906329897518643,1.0,True,False
T4-E023,dummy_median,val_cold,eunja cho,조은자,1283400.0,14.944069923000336,3091200.0000000014,1.4086021505376356,mixed_media,canvas,7.167446743931991,1.2902208201892744,True,False
T4-E023,dummy_median,val_cold,eunja cho,조은자,1283400.0,14.944069923000336,3091200.0000000014,1.4086021505376356,mixed_media,canvas,7.167446743931991,1.2902208201892744,True,False
T4-E023,dummy_median,val_cold,junsoo kim,김준수,6265200.0,14.944069923000336,3091200.0000000014,0.5066079295154183,oil,canvas,9.273033441314606,1.2857142857142858,True,False
T4-E023,dummy_median,val_cold,junsoo kim,김준수,4636800.0,14.944069923000336,3091200.0000000014,0.33333333333333304,mixed_media,canvas,8.895629627136483,1.36986301369863,True,False
T4-E023,dummy_median,val_cold,hyunju kim,김현주,683100.0,14.944069923000336,3091200.0000000014,3.5252525252525273,acrylic,canvas,6.834141461636891,1.0,True,False
T4-E023,dummy_median,val_cold,junsoo kim,김준수,1759500.0,14.944069923000336,3091200.0000000014,0.75686274509804,oil,canvas,7.6326491578546625,1.25,True,False
T4-E023,dummy_median,val_cold,junsoo kim,김준수,3912300.0,14.944069923000336,3091200.0000000014,0.2098765432098762,oil,canvas,8.849044482179156,1.2,True,False
T4-E023,dummy_median,val_cold,hyunju kim,김현주,2002380.0,14.944069923000336,3091200.0000000014,0.5437629221226747,oil,canvas,8.44357937407099,1.25,True,False
T4-E023,dummy_median,val_cold,junsoo kim,김준수,4650600.0,14.944069923000336,3091200.0000000014,0.33531157270029643,oil,canvas,8.954404997836981,1.3333333333333333,True,False
T4-E023,dummy_median,val_cold,junsoo kim,김준수,3450000.0,14.944069923000336,3091200.0000000014,0.10399999999999959,oil,canvas,8.666722925385201,1.0,True,False
T4-E023,dummy_median,val_cold,junsoo kim,김준수,10777800.0,14.944069923000336,3091200.0000000014,0.7131882202304736,oil,canvas,9.857610490162482,1.3404255319148937,True,False
T4-E023,dummy_median,val_cold,junsoo kim,김준수,6113400.0,14.944069923000336,3091200.0000000014,0.49435665914221194,oil,canvas,9.031366038973111,1.0,True,False
T4-E023,dummy_median,val_cold,junsoo kim,김준수,4940400.0,14.944069923000336,3091200.0000000014,0.37430167597765335,oil,canvas,8.954404997836981,1.3333333333333333,True,False
T4-E023,dummy_median,val_cold,hyunju kim,김현주,1542840.0,14.944069923000336,3091200.0000000014,1.0035778175313068,oil,canvas,7.6326491578546625,1.25,True,False
T4-E023,dummy_median,val_cold,hyunju kim,김현주,1904400.0,14.944069923000336,3091200.0000000014,0.6231884057971022,oil,canvas,7.789615050102834,1.155511811023622,True,False
T4-E023,dummy_median,val_cold,hyunju kim,김현주,11923200.0,14.944069923000336,3091200.0000000014,0.7407407407407406,oil,canvas,10.82396359377138,1.3368421052631578,True,False
T4-E023,dummy_median,val_cold,junsoo kim,김준수,3739800.0,14.944069923000336,3091200.0000000014,0.1734317343173428,oil,canvas,8.625900930864946,1.5,True,False
T4-E023,dummy_median,val_cold,junsoo kim,김준수,3795000.0,14.944069923000336,3091200.0000000014,0.1854545454545451,oil,canvas,8.621733370690162,1.4918032786885247,True,False
T4-E023,dummy_median,val_cold,junsoo kim,김준수,3795000.0,14.944069923000336,3091200.0000000014,0.1854545454545451,oil,canvas,8.621733370690162,1.4918032786885247,True,False
T4-E023,dummy_median,val_cold,junsoo kim,김준수,5471700.0,14.944069923000336,3091200.0000000014,0.4350567465321561,oil,canvas,9.0217190130337,1.0,True,False
T4-E023,dummy_median,val_cold,hyunju kim,김현주,19182000.0,14.944069923000336,3091200.0000000014,0.8388489208633093,oil,canvas,10.957235437144975,1.4615384615384617,True,False
T4-E023,dummy_median,val_cold,hyunju kim,김현주,2829000.0,14.944069923000336,3091200.0000000014,0.09268292682926879,oil,canvas,8.368342123803876,1.1991991991991993,True,False
T4-E023,dummy_median,val_cold,hyunju kim,김현주,8293800.0,14.944069923000336,3091200.0000000014,0.6272878535773708,oil,canvas,9.691569063813702,1.2954545454545454,True,False
T4-E023,dummy_median,val_cold,byung taek jeon,전병택,2352900.0,14.944069923000336,3091200.0000000014,0.31378299120234665,acrylic,canvas,7.824046010856292,1.0,True,False
T4-E023,dummy_median,val_cold,hyunju kim,김현주,1124700.0,14.944069923000336,3091200.0000000014,1.7484662576687129,oil,canvas,6.901280764474519,1.2727272727272727,True,False
T4-E023,dummy_median,val_cold,hyunju kim,김현주,22066200.0,14.944069923000336,3091200.0000000014,0.8599124452782989,oil,canvas,10.82396359377138,1.3368421052631578,True,False
T4-E023,dummy_median,val_cold,junsoo kim,김준수,862500.0,14.944069923000336,3091200.0000000014,2.5840000000000014,oil,canvas,6.835453367226732,1.0,True,False
T4-E023,dummy_median,val_cold,hyunju kim,김현주,2208000.0,14.944069923000336,3091200.0000000014,0.40000000000000063,oil,canvas,7.932972162073471,1.334792122538293,True,False
T4-E023,dummy_median,val_cold,hyunju kim,김현주,8293800.0,14.944069923000336,3091200.0000000014,0.6272878535773708,oil,canvas,9.692065040672617,1.295169946332737,True,False
T4-E023,dummy_median,val_cold,junsoo kim,김준수,3726000.0,14.944069923000336,3091200.0000000014,0.17037037037037,mixed_media,paper,8.580918882296782,1.0,True,False
T4-E023,dummy_median,val_cold,junsoo kim,김준수,1108140.0,14.944069923000336,3091200.0000000014,1.7895392278953934,mixed_media,panel,7.179307969504034,1.28125,True,False
T4-E023,dummy_median,val_cold,junsoo kim,김준수,890100.0,14.944069923000336,3091200.0000000014,2.4728682170542653,oil,canvas,7.090076835776092,1.3333333333333333,True,False
T4-E023,dummy_median,val_cold,hyunju kim,김현주,8148900.0,14.944069923000336,3091200.0000000014,0.6206604572396273,oil,canvas,9.436997742590188,1.0,True,False
T4-E023,dummy_median,val_cold,hyunju kim,김현주,5671800.0,14.944069923000336,3091200.0000000014,0.4549878345498781,oil,canvas,9.139917907679637,1.45625,True,False
T4-E023,dummy_median,val_cold,hyunju kim,김현주,26427000.0,14.944069923000336,3091200.0000000014,0.8830287206266318,oil,canvas,10.681894577046895,1.1111111111111112,True,False
T4-E023,dummy_median,val_cold,hyunju kim,김현주,1066740.0,14.944069923000336,3091200.0000000014,1.8978007761966378,oil,canvas,6.724409197541993,1.421487603305785,True,False
T4-E023,dummy_median,val_cold,hyunju kim,김현주,1066740.0,14.944069923000336,3091200.0000000014,1.8978007761966378,oil,canvas,6.724409197541993,1.421487603305785,True,False
T4-E023,dummy_median,val_cold,hyunju kim,김현주,7300200.0,14.944069923000336,3091200.0000000014,0.5765595463137994,oil,canvas,9.146232691346842,1.4545454545454546,True,False
T4-E023,dummy_median,val_cold,hyunju kim,김현주,7300200.0,14.944069923000336,3091200.0000000014,0.5765595463137994,oil,canvas,9.146232691346842,1.4545454545454546,True,False
T4-E023,dummy_median,val_cold,seung wook yang,양승욱,7452000.0,14.944069923000336,3091200.0000000014,0.5851851851851849,mixed_media,canvas,8.19198369139363,1.3996062992125984,True,False
T4-E023,dummy_median,val_cold,junsoo kim,김준수,3739800.0,14.944069923000336,3091200.0000000014,0.1734317343173428,oil,canvas,8.625900930864946,1.5,True,False
T4-E023,dummy_median,val_cold,junsoo kim,김준수,3739800.0,14.944069923000336,3091200.0000000014,0.1734317343173428,oil,canvas,8.625900930864946,1.5,True,False
T4-E023,dummy_median,val_cold,junsoo kim,김준수,3739800.0,14.944069923000336,3091200.0000000014,0.1734317343173428,oil,canvas,8.625900930864946,1.5,True,False
T4-E023,dummy_median,val_cold,junsoo kim,김준수,3739800.0,14.944069923000336,3091200.0000000014,0.1734317343173428,oil,canvas,8.625900930864946,1.5,True,False
T4-E023,dummy_median,val_cold,junsoo kim,김준수,473340.0,14.944069923000336,3091200.0000000014,5.530612244897962,oil,canvas,6.061530109722699,1.357142857142857,True,False
T4-E023,dummy_median,val_cold,byung taek jeon,전병택,2525400.0,14.944069923000336,3091200.0000000014,0.2240437158469951,acrylic,canvas,7.824046010856292,1.0,True,False
T4-E023,dummy_median,val_cold,byung taek jeon,전병택,7741800.0,14.944069923000336,3091200.0000000014,0.6007130124777181,oil,canvas,8.764053269347762,1.0,True,False
T4-E023,dummy_median,val_cold,byung taek jeon,전병택,2566800.0,14.944069923000336,3091200.0000000014,0.20430107526881774,oil,canvas,7.824046010856292,1.0,True,False
T4-E023,dummy_median,val_cold,byung taek jeon,전병택,2566800.0,14.944069923000336,3091200.0000000014,0.20430107526881774,oil,canvas,7.824046010856292,1.0,True,False
T4-E023,dummy_median,val_cold,erica choi,최어이카,1380000.0,14.944069923000336,3091200.0000000014,1.240000000000001,acrylic,canvas,7.63542465191381,1.0,True,False
T4-E023,dummy_median,val_cold,jeongrock heo,허정록,1511100.0,14.944069923000336,3091200.0000000014,1.045662100456622,oil,canvas,8.146216462766645,1.228301886792453,True,False
T4-E023,dummy_median,val_cold,jeongrock heo,허정록,1035000.0,14.944069923000336,3091200.0000000014,1.986666666666668,oil,canvas,7.788004239509027,1.164835164835165,True,False
T4-E023,dummy_median,val_cold,jeongrock heo,허정록,1108140.0,14.944069923000336,3091200.0000000014,1.7895392278953934,oil,canvas,7.788004239509027,1.164835164835165,True,False
T4-E023,dummy_median,val_cold,jeongrock heo,허정록,1511100.0,14.944069923000336,3091200.0000000014,1.045662100456622,oil,canvas,8.146216462766645,1.228301886792453,True,False
T4-E023,dummy_median,val_cold,jeongrock heo,허정록,1987200.0,14.944069923000336,3091200.0000000014,0.5555555555555562,oil,canvas,8.390636277614743,1.1996699669966997,True,False
T4-E023,dummy_median,val_cold,jeongrock heo,허정록,1035000.0,14.944069923000336,3091200.0000000014,1.986666666666668,oil,canvas,7.788004239509027,1.164835164835165,True,False
T4-E023,dummy_median,val_cold,jeongrock heo,허정록,890100.0,14.944069923000336,3091200.0000000014,2.4728682170542653,oil,canvas,7.788004239509027,1.164835164835165,True,False
T4-E023,dummy_median,val_cold,jeongrock heo,허정록,1121940.0,14.944069923000336,3091200.0000000014,1.755227552275524,oil,canvas,7.824046010856292,1.0,True,False
T4-E023,dummy_median,val_cold,jeongrock heo,허정록,1121940.0,14.944069923000336,3091200.0000000014,1.755227552275524,oil,canvas,7.824046010856292,1.0,True,False
T4-E023,dummy_median,val_cold,jeongrock heo,허정록,2463300.0,14.944069923000336,3091200.0000000014,0.2549019607843143,oil,canvas,8.796101385722906,1.250343878954608,True,False
T4-E023,dummy_median,val_cold,jeongrock heo,허정록,1814700.0,14.944069923000336,3091200.0000000014,0.70342205323194,oil,canvas,8.390636277614743,1.1996699669966997,True,False
T4-E023,dummy_median,val_cold,jeongrock heo,허정록,1814700.0,14.944069923000336,3091200.0000000014,0.70342205323194,oil,canvas,8.390636277614743,1.1996699669966997,True,False
T4-E023,dummy_median,val_cold,jeongrock heo,허정록,2898000.0,14.944069923000336,3091200.0000000014,0.06666666666666715,oil,canvas,8.796101385722906,1.250343878954608,True,False
T4-E023,dummy_median,val_cold,sangho lee,이상호,863880.0,14.944069923000336,3091200.0000000014,2.578274760383388,oil,canvas,6.541029999189903,1.5714285714285714,True,False
T4-E023,dummy_median,val_cold,sangho lee,이상호,661020.0,14.944069923000336,3091200.0000000014,3.67640918580376,oil,canvas,6.3561076606958915,1.0,True,False
T4-E023,dummy_median,val_cold,sangho lee,이상호,761760.0,14.944069923000336,3091200.0000000014,3.0579710144927557,oil,canvas,6.869534066161939,1.2727272727272727,True,False
T4-E023,dummy_median,val_cold,junsoo kim,김준수,6168600.0,14.944069923000336,3091200.0000000014,0.49888143176733757,oil,canvas,9.276488497006095,1.277777777777778,True,False
T4-E023,dummy_median,val_cold,junsoo kim,김준수,2380500.0,14.944069923000336,3091200.0000000014,0.29855072463768173,oil,canvas,8.220435822756782,1.0,True,False
T4-E023,dummy_median,val_cold,junsoo kim,김준수,6168600.0,14.944069923000336,3091200.0000000014,0.49888143176733757,oil,canvas,9.276488497006095,1.277777777777778,True,False
T4-E023,dummy_median,val_cold,junsoo kim,김준수,3753600.0,14.944069923000336,3091200.0000000014,0.17647058823529374,oil,canvas,8.625900930864946,1.5,True,False
T4-E023,dummy_median,val_cold,junsoo kim,김준수,6168600.0,14.944069923000336,3091200.0000000014,0.49888143176733757,oil,canvas,9.276488497006095,1.277777777777778,True,False
T4-E023,dummy_median,val_cold,junsoo kim,김준수,3753600.0,14.944069923000336,3091200.0000000014,0.17647058823529374,oil,canvas,8.625900930864946,1.5,True,False
T4-E023,dummy_median,val_cold,junsoo kim,김준수,3753600.0,14.944069923000336,3091200.0000000014,0.17647058823529374,oil,canvas,8.625900930864946,1.5,True,False
T4-E023,dummy_median,val_cold,junsoo kim,김준수,3739800.0,14.944069923000336,3091200.0000000014,0.1734317343173428,oil,canvas,8.625900930864946,1.5,True,False
T4-E023,dummy_median,val_cold,junsoo kim,김준수,1080540.0,14.944069923000336,3091200.0000000014,1.860791826309069,oil,canvas,7.162645528608927,2.0,True,False
T4-E023,dummy_median,val_cold,junsoo kim,김준수,5526900.0,14.944069923000336,3091200.0000000014,0.44069912609238426,oil,canvas,9.319048111424893,1.3333333333333337,True,False
T4-E023,dummy_median,val_cold,junsoo kim,김준수,11557500.0,14.944069923000336,3091200.0000000014,0.7325373134328357,oil,canvas,9.727979427509542,1.0,True,False
T4-E023,dummy_median,val_cold,junsoo kim,김준수,11681700.0,14.944069923000336,3091200.0000000014,0.7353809805079738,oil,canvas,9.955036878144888,1.254901960784314,True,False
T4-E023,dummy_median,val_cold,junsoo kim,김준수,3739800.0,14.944069923000336,3091200.0000000014,0.1734317343173428,oil,canvas,8.625900930864946,1.5,True,False
T4-E023,dummy_median,val_cold,jian choi,최지안,2231460.0,14.944069923000336,3091200.0000000014,0.3852813852813859,oil,paper,7.330732812174933,1.2112676056338028,True,False
T4-E023,dummy_median,val_cold,jian choi,최지안,4393920.0,14.944069923000336,3091200.0000000014,0.2964824120603012,mixed_media,canvas,8.390636277614743,1.1996699669966997,True,False
T4-E023,dummy_median,val_cold,jian choi,최지안,4393920.0,14.944069923000336,3091200.0000000014,0.2964824120603012,mixed_media,panel,8.390636277614743,1.1996699669966997,True,False
T4-E023,dummy_median,val_cold,erica choi,최어이카,1407600.0,14.944069923000336,3091200.0000000014,1.19607843137255,acrylic,canvas,7.788004239509027,1.164835164835165,True,False
T4-E023,dummy_median,val_cold,taerin kim,김태린,4305600.0,14.944069923000336,3091200.0000000014,0.2820512820512817,mixed_media,canvas,8.5699298436615,1.0,True,False
T4-E023,dummy_median,val_cold,taerin kim,김태린,4347000.0,14.944069923000336,3091200.0000000014,0.2888888888888886,mixed_media,canvas,8.794724923014183,1.2520661157024795,True,False
T4-E023,dummy_median,val_cold,taerin kim,김태린,5375100.0,14.944069923000336,3091200.0000000014,0.4249037227214375,mixed_media,canvas,8.988937804270135,1.2428393524283936,True,False
T4-E023,dummy_median,val_cold,taerin kim,김태린,4347000.0,14.944069923000336,3091200.0000000014,0.2888888888888886,mixed_media,canvas,8.794724923014183,1.2520661157024795,True,False
T4-E023,dummy_median,val_cold,taerin kim,김태린,1773300.0,14.944069923000336,3091200.0000000014,0.7431906614786,mixed_media,canvas,7.644196595800317,1.0,True,False
T4-E023,dummy_median,val_cold,taerin kim,김태린,1773300.0,14.944069923000336,3091200.0000000014,0.7431906614786,mixed_media,canvas,7.644196595800317,1.0,True,False
T4-E023,dummy_median,val_cold,taerin kim,김태린,1773300.0,14.944069923000336,3091200.0000000014,0.7431906614786,mixed_media,canvas,7.644196595800317,1.0,True,False
T4-E023,dummy_median,val_cold,taerin kim,김태린,2829000.0,14.944069923000336,3091200.0000000014,0.09268292682926879,mixed_media,canvas,8.390908619896203,1.1960461285008237,True,False
T4-E023,dummy_median,val_cold,taerin kim,김태린,6186540.0,14.944069923000336,3091200.0000000014,0.5003345973678338,mixed_media,canvas,9.03049095692021,1.0,True,False
T4-E023,dummy_median,val_cold,erica choi,최어이카,7493400.0,14.944069923000336,3091200.0000000014,0.5874769797421728,acrylic,canvas,9.574983485564092,1.0,True,False
T4-E023,dummy_median,val_cold,erica choi,최어이카,7493400.0,14.944069923000336,3091200.0000000014,0.5874769797421728,acrylic,canvas,9.574983485564092,1.0,True,False
T4-E023,dummy_median,val_cold,sangho lee,이상호,645840.0,14.944069923000336,3091200.0000000014,3.7863247863247884,acrylic,canvas,6.437751649736401,1.0,True,False
T4-E023,dummy_median,val_cold,sangho lee,이상호,661020.0,14.944069923000336,3091200.0000000014,3.67640918580376,acrylic,canvas,6.39792915554923,1.240909090909091,True,False
T4-E023,dummy_median,val_cold,sangho lee,이상호,957720.0,14.944069923000336,3091200.0000000014,2.2276657060518747,acrylic,canvas,7.417580402414544,1.2162162162162162,True,False
T4-E023,dummy_median,val_cold,sangho lee,이상호,661020.0,14.944069923000336,3091200.0000000014,3.67640918580376,acrylic,canvas,6.39792915554923,1.240909090909091,True,False
T4-E023,dummy_median,val_cold,sangho lee,이상호,964620.0,14.944069923000336,3091200.0000000014,2.204577968526468,acrylic,canvas,7.455298485683291,1.1973684210526316,True,False
T4-E023,dummy_median,val_cold,sangho lee,이상호,659640.0,14.944069923000336,3091200.0000000014,3.686192468619249,acrylic,canvas,6.959398512133975,1.4444444444444444,True,False
T4-E023,dummy_median,val_cold,sangho lee,이상호,659640.0,14.944069923000336,3091200.0000000014,3.686192468619249,acrylic,canvas,6.733401891837359,1.4583333333333333,True,False
T4-E023,dummy_median,val_cold,sangho lee,이상호,1101240.0,14.944069923000336,3091200.0000000014,1.8070175438596503,acrylic,canvas,7.776954403322442,1.1777777777777778,True,False
T4-E023,dummy_median,val_cold,erica choi,최어이카,903900.0,14.944069923000336,3091200.0000000014,2.4198473282442765,acrylic,canvas,7.452663438045286,1.200527704485488,True,False
T4-E023,dummy_median,val_cold,erica choi,최어이카,903900.0,14.944069923000336,3091200.0000000014,2.4198473282442765,acrylic,canvas,7.452663438045286,1.200527704485488,True,False
T4-E023,dummy_median,val_cold,erica choi,최어이카,4664400.0,14.944069923000336,3091200.0000000014,0.33727810650887546,acrylic,canvas,9.0217190130337,1.0,True,False
T4-E023,dummy_median,val_cold,erica choi,최어이카,1090200.0,14.944069923000336,3091200.0000000014,1.8354430379746849,acrylic,canvas,7.788004239509027,1.164835164835165,True,False
T4-E023,dummy_median,val_cold,erica choi,최어이카,485760.0,14.944069923000336,3091200.0000000014,5.363636363636367,acrylic,canvas,6.182084906716632,1.0,True,False
T4-E023,dummy_median,val_cold,erica choi,최어이카,1090200.0,14.944069923000336,3091200.0000000014,1.8354430379746849,acrylic,canvas,7.788004239509027,1.164835164835165,True,False
T4-E023,dummy_median,val_cold,hyeyune choi,최혜윤,2753100.0,14.944069923000336,3091200.0000000014,0.12280701754386016,mixed_media,fabric,8.84339861853877,1.248322147651007,True,False
T4-E023,dummy_median,val_cold,youngb yune,영브윤,17512200.0,14.944069923000336,3091200.0000000014,0.8234830575256106,mixed_media,canvas,8.356061534504837,1.5150943396226415,True,False
T4-E023,dummy_median,val_cold,jeongrock heo,허정록,487140.0,14.944069923000336,3091200.0000000014,5.34560906515581,oil,canvas,6.694908533145296,1.3801652892561984,True,False
T4-E023,dummy_median,val_cold,jeongrock heo,허정록,500940.0,14.944069923000336,3091200.0000000014,5.170798898071628,oil,canvas,6.694908533145296,1.3801652892561984,True,False
T4-E023,dummy_median,val_cold,erica choi,최어이카,3676320.0,14.944069923000336,3091200.0000000014,0.1591591591591588,acrylic,canvas,8.796101385722906,1.250343878954608,True,False
T4-E023,dummy_median,val_cold,jeongrock heo,허정록,529920.0,14.944069923000336,3091200.0000000014,4.833333333333336,oil,canvas,6.694908533145296,1.3801652892561984,True,False
T4-E023,dummy_median,val_cold,jeongrock heo,허정록,891480.0,14.944069923000336,3091200.0000000014,2.467492260061921,oil,canvas,7.450021428582446,1.2037037037037035,True,False
T4-E023,dummy_median,val_cold,hyeyune choi,최혜윤,12185400.0,14.944069923000336,3091200.0000000014,0.7463193657984143,mixed_media,fabric,9.757825740104776,1.353982300884956,True,False
T4-E023,dummy_median,val_cold,hyeyune choi,최혜윤,22383600.0,14.944069923000336,3091200.0000000014,0.8618988902589396,mixed_media,fabric,9.779623565313742,1.3596491228070176,True,False
T4-E023,dummy_median,val_cold,hyeyune choi,최혜윤,1283400.0,14.944069923000336,3091200.0000000014,1.4086021505376356,mixed_media,fabric,7.210079628170788,1.2424242424242424,True,False
T4-E023,dummy_median,val_cold,hyeyune choi,최혜윤,1642200.0,14.944069923000336,3091200.0000000014,0.8823529411764715,mixed_media,fabric,7.652545692693921,2.888888888888889,True,False
T4-E023,dummy_median,val_cold,hyeyune choi,최혜윤,2435700.0,14.944069923000336,3091200.0000000014,0.26912181303116206,mixed_media,fabric,8.679312040892672,1.2,True,False
T4-E023,dummy_median,val_cold,hyeyune choi,최혜윤,22397400.0,14.944069923000336,3091200.0000000014,0.8619839802834257,mixed_media,fabric,9.883284845218608,1.0,True,False
T4-E023,dummy_median,val_cold,hyeyune choi,최혜윤,3270600.0,14.944069923000336,3091200.0000000014,0.05485232067510506,mixed_media,fabric,8.9126079636709,1.32,True,False
T4-E023,dummy_median,val_cold,hyeyune choi,최혜윤,3118800.0,14.944069923000336,3091200.0000000014,0.008849557522123446,mixed_media,fabric,8.293049139768444,1.3703703703703705,True,False
T4-E023,dummy_median,val_cold,hyeyune choi,최혜윤,3132600.0,14.944069923000336,3091200.0000000014,0.013215859030836559,mixed_media,fabric,8.470101583882387,1.325,True,False
T4-E023,dummy_median,val_cold,hyeyune choi,최혜윤,1614600.0,14.944069923000336,3091200.0000000014,0.9145299145299154,mixed_media,fabric,7.313220387090301,1.6666666666666667,True,False
T4-E023,dummy_median,val_cold,hyeyune choi,최혜윤,3118800.0,14.944069923000336,3091200.0000000014,0.008849557522123446,mixed_media,fabric,8.306472160100585,1.3888888888888888,True,False
T4-E023,dummy_median,val_cold,hyeyune choi,최혜윤,3160200.0,14.944069923000336,3091200.0000000014,0.021834061135370737,mixed_media,fabric,8.223090551161533,1.2777777777777777,True,False
T4-E023,dummy_median,val_cold,hyeyune choi,최혜윤,3105000.0,14.944069923000336,3091200.0000000014,0.004444444444443994,mixed_media,fabric,8.125926802707886,1.4081632653061225,True,False
T4-E023,dummy_median,val_cold,hyeyune choi,최혜윤,3105000.0,14.944069923000336,3091200.0000000014,0.004444444444443994,mixed_media,fabric,8.125926802707886,1.4081632653061225,True,False
T4-E023,dummy_median,val_cold,jeongrock heo,허정록,407100.0,14.944069923000336,3091200.0000000014,6.593220338983055,oil,canvas,6.39792915554923,1.240909090909091,True,False
T4-E023,dummy_median,val_cold,jeongrock heo,허정록,313260.0,14.944069923000336,3091200.0000000014,8.867841409691634,oil,canvas,6.135175204774281,1.4413407821229052,True,False
T4-E023,dummy_median,val_cold,jeongrock heo,허정록,498180.0,14.944069923000336,3091200.0000000014,5.2049861495844905,oil,canvas,6.694908533145296,1.3801652892561984,True,False
T4-E023,dummy_median,val_cold,jeongrock heo,허정록,500940.0,14.944069923000336,3091200.0000000014,5.170798898071628,oil,canvas,6.694908533145296,1.3801652892561984,True,False
T4-E023,dummy_median,val_cold,jeongrock heo,허정록,420900.0,14.944069923000336,3091200.0000000014,6.344262295081971,oil,canvas,6.39792915554923,1.240909090909091,True,False
T4-E023,dummy_median,val_cold,erica choi,최어이카,673440.0,14.944069923000336,3091200.0000000014,3.5901639344262315,acrylic,canvas,6.694908533145296,1.3801652892561984,True,False
T4-E023,dummy_median,val_cold,jeongrock heo,허정록,284280.0,14.944069923000336,3091200.0000000014,9.873786407766994,oil,canvas,5.88943182154283,1.842857142857143,True,False
T4-E023,dummy_median,val_cold,jeongrock heo,허정록,471960.0,14.944069923000336,3091200.0000000014,5.5497076023391845,oil,canvas,6.694908533145296,1.3801652892561984,True,False
T4-E023,dummy_median,val_cold,erica choi,최어이카,673440.0,14.944069923000336,3091200.0000000014,3.5901639344262315,acrylic,canvas,6.687769237483008,1.3817427385892114,True,False
T4-E023,dummy_median,val_cold,erica choi,최어이카,2787600.0,14.944069923000336,3091200.0000000014,0.10891089108910941,acrylic,canvas,8.580918882296782,1.0,True,False
T4-E023,dummy_median,val_cold,hyunju kim,김현주,1159200.0,14.944069923000336,3091200.0000000014,1.6666666666666679,oil,canvas,7.121823534088672,1.3333333333333333,True,False
T4-E023,dummy_median,val_cold,erica choi,최어이카,1352400.0,14.944069923000336,3091200.0000000014,1.2857142857142867,acrylic,canvas,7.63542465191381,1.0,True,False
T4-E023,dummy_median,val_cold,hyunju kim,김현주,7769400.0,14.944069923000336,3091200.0000000014,0.6021314387211365,oil,canvas,9.432707429897413,1.0,True,False
T4-E023,dummy_median,val_cold,hyeyune choi,최혜윤,1914060.0,14.944069923000336,3091200.0000000014,0.6149963950973331,mixed_media,fabric,8.691146498539675,1.2142857142857142,True,False
T4-E023,dummy_median,val_cold,hyunju kim,김현주,1449000.0,14.944069923000336,3091200.0000000014,1.1333333333333342,oil,canvas,7.318605859366639,1.384848484848485,True,False
T4-E023,dummy_median,val_cold,jeongrock heo,허정록,659640.0,14.944069923000336,3091200.0000000014,3.686192468619249,oil,canvas,7.170596352834887,1.2861635220125784,True,False
T4-E023,dummy_median,val_cold,byung taek jeon,전병택,4485000.0,14.944069923000336,3091200.0000000014,0.31076923076923046,acrylic,canvas,8.779557455883728,1.5384615384615383,True,False
T4-E023,dummy_median,val_cold,byung taek jeon,전병택,5299200.0,14.944069923000336,3091200.0000000014,0.4166666666666664,oil,canvas,8.614054894258702,1.5,True,False
T4-E023,dummy_median,val_cold,erica choi,최어이카,814200.0,14.944069923000336,3091200.0000000014,2.7966101694915273,acrylic,canvas,7.170596352834887,1.2861635220125784,True,False
T4-E023,dummy_median,val_cold,eunja cho,조은자,834900.0,14.944069923000336,3091200.0000000014,2.702479338842977,mixed_media,canvas,6.91263336176647,1.0,True,False
T4-E023,dummy_median,val_cold,erica choi,최어이카,1352400.0,14.944069923000336,3091200.0000000014,1.2857142857142867,acrylic,canvas,7.63542465191381,1.0,True,False
T4-E023,dummy_median,val_cold,hyunju kim,김현주,538200.0,14.944069923000336,3091200.0000000014,4.743589743589746,acrylic,canvas,6.901280764474519,1.2727272727272727,True,False
T4-E023,dummy_median,val_cold,hyunju kim,김현주,1186800.0,14.944069923000336,3091200.0000000014,1.6046511627906987,acrylic,canvas,8.220435822756782,1.0,True,False
T4-E023,dummy_median,val_cold,hyunju kim,김현주,703800.0,14.944069923000336,3091200.0000000014,3.3921568627451,acrylic,canvas,7.393757249572314,1.2857142857142856,True,False
T4-E023,dummy_median,val_cold,hyunju kim,김현주,1393800.0,14.944069923000336,3091200.0000000014,1.217821782178219,acrylic,panel,8.155897301619211,1.0666666666666669,True,False
T4-E023,dummy_median,val_cold,hyunju kim,김현주,1173000.0,14.944069923000336,3091200.0000000014,1.6352941176470601,oil,canvas,7.932753750305,1.3333333333333337,True,False
T4-E023,dummy_median,val_cold,hyunju kim,김현주,814200.0,14.944069923000336,3091200.0000000014,2.7966101694915273,oil,canvas,7.121823534088672,1.3333333333333333,True,False
T4-E023,dummy_median,val_cold,hyunju kim,김현주,883200.0,14.944069923000336,3091200.0000000014,2.5000000000000018,oil,canvas,7.393757249572314,1.2857142857142856,True,False
T4-E023,dummy_median,val_cold,hyunju kim,김현주,2635800.0,14.944069923000336,3091200.0000000014,0.1727748691099482,oil,canvas,8.849044482179156,1.2,True,False
T4-E023,dummy_median,val_cold,hyunju kim,김현주,738300.0,14.944069923000336,3091200.0000000014,3.186915887850469,oil,canvas,6.901280764474519,1.2727272727272727,True,False
T4-E023,dummy_median,val_cold,hyunju kim,김현주,1449000.0,14.944069923000336,3091200.0000000014,1.1333333333333342,oil,canvas,8.038114265962827,1.2000000000000002,True,False
T4-E023,dummy_median,val_cold,hyunju kim,김현주,5009400.0,14.944069923000336,3091200.0000000014,0.38292011019283717,mixed_media,fabric,8.99961934066053,1.0,True,False
T4-E023,dummy_median,val_cold,hyunju kim,김현주,6058200.0,14.944069923000336,3091200.0000000014,0.4897494305239178,mixed_media,fabric,8.696844519654313,1.2941176470588236,True,False
T4-E023,dummy_median,val_cold,hyunju kim,김현주,12392400.0,14.944069923000336,3091200.0000000014,0.7505567928730511,ink,fabric,9.903487552536127,2.0,True,False
T4-E023,dummy_median,val_cold,hyunju kim,김현주,1600800.0,14.944069923000336,3091200.0000000014,0.9310344827586216,ink,fabric,7.824046010856292,1.0,True,False
T4-E023,dummy_median,val_cold,hyunju kim,김현주,634800.0,14.944069923000336,3091200.0000000014,3.8695652173913064,oil,canvas,6.54645938918511,1.3333333333333337,True,False
T4-E023,dummy_median,val_cold,hyunju kim,김현주,883200.0,14.944069923000336,3091200.0000000014,2.5000000000000018,oil,canvas,7.393757249572314,1.2857142857142856,True,False
T4-E023,dummy_median,val_cold,hyunju kim,김현주,1600800.0,14.944069923000336,3091200.0000000014,0.9310344827586216,ink,fabric,7.824046010856292,1.0,True,False
T4-E023,dummy_median,val_cold,hyunju kim,김현주,1545600.0,14.944069923000336,3091200.0000000014,1.0000000000000009,ink,fabric,7.698029170272805,1.5263157894736843,True,False
T4-E023,dummy_median,val_cold,hyunju kim,김현주,952200.0,14.944069923000336,3091200.0000000014,2.2463768115942044,ink,fabric,6.728628613084702,1.7272727272727273,True,False
T4-E023,dummy_median,val_cold,hyunju kim,김현주,1600800.0,14.944069923000336,3091200.0000000014,0.9310344827586216,ink,fabric,7.824046010856292,1.0,True,False
T4-E023,dummy_median,val_cold,hyunju kim,김현주,579600.0,14.944069923000336,3091200.0000000014,4.333333333333336,ink,fabric,5.1298987149230735,1.0,True,False
T4-E023,dummy_median,val_cold,hyunju kim,김현주,1173000.0,14.944069923000336,3091200.0000000014,1.6352941176470601,oil,canvas,7.932753750305,1.3333333333333337,True,False
T4-E023,dummy_median,val_cold,hyunju kim,김현주,510600.0,14.944069923000336,3091200.0000000014,5.054054054054057,ink,fabric,5.1298987149230735,1.0,True,False
T4-E023,dummy_median,val_cold,hyunju kim,김현주,510600.0,14.944069923000336,3091200.0000000014,5.054054054054057,ink,fabric,5.1298987149230735,1.0,True,False
T4-E023,dummy_median,val_cold,hyunju kim,김현주,510600.0,14.944069923000336,3091200.0000000014,5.054054054054057,ink,fabric,5.1298987149230735,1.0,True,False
T4-E023,dummy_median,val_cold,hyunju kim,김현주,952200.0,14.944069923000336,3091200.0000000014,2.2463768115942044,oil,canvas,7.262490863578644,1.3076923076923077,True,False
T4-E023,dummy_median,val_cold,hyunju kim,김현주,1090200.0,14.944069923000336,3091200.0000000014,1.8354430379746849,oil,canvas,7.663420816521416,1.4666666666666668,True,False
T4-E023,dummy_median,val_cold,hyunju kim,김현주,1021200.0,14.944069923000336,3091200.0000000014,2.0270270270270285,oil,canvas,7.280428564265311,1.0,True,False
T4-E023,dummy_median,val_cold,hyunju kim,김현주,1242000.0,14.944069923000336,3091200.0000000014,1.48888888888889,oil,canvas,7.932753750305,1.3333333333333337,True,False
T4-E023,dummy_median,val_cold,hyunju kim,김현주,1090200.0,14.944069923000336,3091200.0000000014,1.8354430379746849,oil,canvas,7.6326491578546625,1.25,True,False
T4-E023,dummy_median,val_cold,hyunju kim,김현주,1945800.0,14.944069923000336,3091200.0000000014,0.5886524822695043,oil,panel,8.133424445767153,1.0909090909090908,True,False
T4-E023,dummy_median,val_cold,hyunju kim,김현주,1876800.0,14.944069923000336,3091200.0000000014,0.6470588235294125,oil,canvas,8.300478530430318,1.0833333333333337,True,False
T4-E023,dummy_median,val_cold,hyunju kim,김현주,1821600.0,14.944069923000336,3091200.0000000014,0.6969696969696977,oil,canvas,8.155897301619211,1.6666666666666667,True,False
T4-E023,dummy_median,val_cold,hyunju kim,김현주,1435200.0,14.944069923000336,3091200.0000000014,1.1538461538461549,oil,panel,7.6326491578546625,1.25,True,False
T4-E023,dummy_median,val_cold,hyunju kim,김현주,634800.0,14.944069923000336,3091200.0000000014,3.8695652173913064,oil,canvas,6.901280764474519,1.2727272727272727,True,False
T4-E023,dummy_median,val_cold,hyunju kim,김현주,2083800.0,14.944069923000336,3091200.0000000014,0.4834437086092722,oil,unknown,8.133424445767153,1.0909090909090908,True,False
T4-E023,dummy_median,val_cold,hyunju kim,김현주,1449000.0,14.944069923000336,3091200.0000000014,1.1333333333333342,mixed_media,canvas,7.855792709168872,1.0,True,False
T4-E023,dummy_median,val_cold,hyunju kim,김현주,1159200.0,14.944069923000336,3091200.0000000014,1.6666666666666679,mixed_media,canvas,7.6326491578546625,1.25,True,False
T4-E023,dummy_median,val_cold,hyunju kim,김현주,1449000.0,14.944069923000336,3091200.0000000014,1.1333333333333342,oil,canvas,7.77783116769916,1.081081081081081,True,False
T4-E023,dummy_median,val_cold,hyunju kim,김현주,634800.0,14.944069923000336,3091200.0000000014,3.8695652173913064,oil,canvas,6.54645938918511,1.3333333333333337,True,False
T4-E023,dummy_median,val_cold,hyunju kim,김현주,4485000.0,14.944069923000336,3091200.0000000014,0.31076923076923046,oil,canvas,9.542191662739102,1.35,True,False
T4-E023,dummy_median,val_cold,hyunju kim,김현주,1159200.0,14.944069923000336,3091200.0000000014,1.6666666666666679,oil,canvas,7.6326491578546625,1.25,True,False
T4-E023,dummy_median,val_cold,hyunju kim,김현주,745200.0,14.944069923000336,3091200.0000000014,3.14814814814815,oil,canvas,6.834141461636891,1.0,True,False
T4-E023,dummy_median,val_cold,hyunju kim,김현주,910800.0,14.944069923000336,3091200.0000000014,2.3939393939393954,oil,canvas,6.901280764474519,1.2727272727272727,True,False
T4-E023,dummy_median,val_cold,hyunju kim,김현주,745200.0,14.944069923000336,3091200.0000000014,3.14814814814815,oil,canvas,6.834141461636891,1.0,True,False
T4-E023,dummy_median,val_cold,hyunju kim,김현주,745200.0,14.944069923000336,3091200.0000000014,3.14814814814815,oil,canvas,6.834141461636891,1.0,True,False
T4-E023,dummy_median,val_cold,hyunju kim,김현주,848700.0,14.944069923000336,3091200.0000000014,2.6422764227642292,oil,canvas,7.121823534088672,1.3333333333333333,True,False
T4-E023,dummy_median,val_cold,hyunju kim,김현주,4126200.0,14.944069923000336,3091200.0000000014,0.25083612040133746,oil,unknown,9.290877234458195,1.05,True,False
T4-E023,dummy_median,val_cold,hyunju kim,김현주,1304100.0,14.944069923000336,3091200.0000000014,1.3703703703703713,oil,canvas,7.6326491578546625,1.25,True,False
T4-E023,dummy_median,val_cold,hyunju kim,김현주,1186800.0,14.944069923000336,3091200.0000000014,1.6046511627906987,oil,canvas,7.6326491578546625,1.25,True,False
T4-E023,dummy_median,val_cold,hyunju kim,김현주,1545600.0,14.944069923000336,3091200.0000000014,1.0000000000000009,oil,canvas,7.6326491578546625,1.25,True,False
T4-E023,dummy_median,val_cold,hyunju kim,김현주,1449000.0,14.944069923000336,3091200.0000000014,1.1333333333333342,oil,canvas,7.855792709168872,1.0,True,False
T4-E023,dummy_median,val_cold,hyunju kim,김현주,1614600.0,14.944069923000336,3091200.0000000014,0.9145299145299154,oil,canvas,8.038114265962827,1.2000000000000002,True,False
T4-E023,dummy_median,val_cold,hyunju kim,김현주,3187800.0,14.944069923000336,3091200.0000000014,0.030303030303029863,oil,unknown,8.849044482179156,1.2,True,False
T4-E023,dummy_median,val_cold,hyunju kim,김현주,1304100.0,14.944069923000336,3091200.0000000014,1.3703703703703713,oil,canvas,7.6326491578546625,1.25,True,False
T4-E023,dummy_median,val_cold,hyunju kim,김현주,4167600.0,14.944069923000336,3091200.0000000014,0.2582781456953639,oil,canvas,8.954404997836981,1.3333333333333333,True,False
T4-E023,dummy_median,val_cold,hyunju kim,김현주,931500.0,14.944069923000336,3091200.0000000014,2.31851851851852,oil,canvas,6.901280764474519,1.2727272727272727,True,False
T4-E023,dummy_median,val_cold,hyunju kim,김현주,2290800.0,14.944069923000336,3091200.0000000014,0.3493975903614464,oil,canvas,8.421106518218933,1.4545454545454546,True,False
T4-E023,dummy_median,val_cold,hyunju kim,김현주,1186800.0,14.944069923000336,3091200.0000000014,1.6046511627906987,oil,canvas,7.6450716778532195,1.0,True,False
T4-E023,dummy_median,val_cold,hyunju kim,김현주,2166600.0,14.944069923000336,3091200.0000000014,0.4267515923566885,acrylic,canvas,8.625900930864946,1.5,True,False
T4-E023,dummy_median,val_cold,hyunju kim,김현주,3594900.0,14.944069923000336,3091200.0000000014,0.14011516314779232,oil,canvas,9.136726554630936,1.6,True,False
T4-E023,dummy_median,val_cold,hyunju kim,김현주,1211640.0,14.944069923000336,3091200.0000000014,1.5512528473804112,oil,canvas,7.168778259715252,1.2878740157480315,True,False
T4-E023,dummy_median,val_cold,hyunju kim,김현주,2346000.0,14.944069923000336,3091200.0000000014,0.31764705882353,oil,canvas,8.378859796181555,1.2118785452118783,True,False
T4-E023,dummy_median,val_cold,hyunju kim,김현주,924600.0,14.944069923000336,3091200.0000000014,2.343283582089554,oil,canvas,6.901280764474519,1.2727272727272727,True,False
T4-E023,dummy_median,val_cold,hyunju kim,김현주,966000.0,14.944069923000336,3091200.0000000014,2.2000000000000015,oil,canvas,6.901280764474519,1.2727272727272727,True,False
T4-E023,dummy_median,val_cold,hyunju kim,김현주,6679200.0,14.944069923000336,3091200.0000000014,0.5371900826446279,oil,canvas,9.955823921482216,1.2460592079969242,True,False
T4-E023,dummy_median,val_cold,hyunju kim,김현주,966000.0,14.944069923000336,3091200.0000000014,2.2000000000000015,oil,canvas,6.901280764474519,1.2727272727272727,True,False
T4-E023,dummy_median,val_cold,sori choi,최소리,11205600.0,14.944069923000336,3091200.0000000014,0.7241379310344825,oil,unknown,7.814641930780998,1.5024630541871922,True,False
T4-E023,dummy_median,val_cold,hyunju kim,김현주,1731900.0,14.944069923000336,3091200.0000000014,0.7848605577689252,oil,canvas,7.789615050102834,1.155511811023622,True,False
T4-E023,dummy_median,val_cold,hyunju kim,김현주,1731900.0,14.944069923000336,3091200.0000000014,0.7848605577689252,oil,canvas,7.789615050102834,1.155511811023622,True,False
T4-E023,dummy_median,val_cold,hyunju kim,김현주,966000.0,14.944069923000336,3091200.0000000014,2.2000000000000015,oil,canvas,6.901280764474519,1.2727272727272727,True,False
T4-E023,dummy_median,val_cold,hyunju kim,김현주,1738800.0,14.944069923000336,3091200.0000000014,0.7777777777777786,acrylic,canvas,8.038114265962827,1.2000000000000002,True,False
T4-E023,dummy_median,val_cold,junsoo kim,김준수,731400.0,14.944069923000336,3091200.0000000014,3.2264150943396244,oil,canvas,6.888208682907167,1.6842105263157896,True,False
T4-E023,dummy_median,val_cold,junsoo kim,김준수,731400.0,14.944069923000336,3091200.0000000014,3.2264150943396244,oil,canvas,6.888208682907167,1.6842105263157896,True,False
T4-E023,dummy_median,val_cold,hyunju kim,김현주,993600.0,14.944069923000336,3091200.0000000014,2.1111111111111125,oil,canvas,7.086071826422209,1.3306639973306642,True,False
T4-E023,dummy_median,val_cold,hyunju kim,김현주,993600.0,14.944069923000336,3091200.0000000014,2.1111111111111125,oil,canvas,7.086071826422209,1.3306639973306642,True,False
T4-E023,dummy_median,val_cold,hyunju kim,김현주,993600.0,14.944069923000336,3091200.0000000014,2.1111111111111125,oil,canvas,7.086071826422209,1.3306639973306642,True,False
T4-E023,dummy_median,val_cold,hyunju kim,김현주,938400.0,14.944069923000336,3091200.0000000014,2.294117647058825,oil,canvas,6.901280764474519,1.2727272727272727,True,False
T4-E023,dummy_median,val_cold,hyunju kim,김현주,966000.0,14.944069923000336,3091200.0000000014,2.2000000000000015,oil,canvas,6.901280764474519,1.2727272727272727,True,False
T4-E023,dummy_median,val_cold,hyunju kim,김현주,4650600.0,14.944069923000336,3091200.0000000014,0.33531157270029643,oil,canvas,8.888038034463706,1.3825113966017406,True,False
T4-E023,dummy_median,val_cold,hyunju kim,김현주,1849200.0,14.944069923000336,3091200.0000000014,0.6716417910447768,oil,canvas,8.038114265962827,1.2000000000000002,True,False
T4-E023,dummy_median,val_cold,hyunju kim,김현주,1683600.0,14.944069923000336,3091200.0000000014,0.8360655737704926,oil,canvas,7.765282016997596,1.1277340332458443,True,False
T4-E023,dummy_median,val_cold,hyunju kim,김현주,938400.0,14.944069923000336,3091200.0000000014,2.294117647058825,oil,canvas,6.834141461636891,1.0,True,False
T4-E023,dummy_median,val_cold,hyunju kim,김현주,855600.0,14.944069923000336,3091200.0000000014,2.6129032258064533,oil,canvas,6.834141461636891,1.0,True,False
T4-E023,dummy_median,val_cold,hyunju kim,김현주,1849200.0,14.944069923000336,3091200.0000000014,0.6716417910447768,oil,canvas,8.038114265962827,1.2000000000000002,True,False
T4-E023,dummy_median,val_cold,hyunju kim,김현주,2049300.0,14.944069923000336,3091200.0000000014,0.5084175084175091,oil,canvas,7.765282016997596,1.1277340332458443,True,False
T4-E023,dummy_median,val_cold,hyunju kim,김현주,1697400.0,14.944069923000336,3091200.0000000014,0.8211382113821146,oil,canvas,7.855792709168872,1.0,True,False
T4-E023,dummy_median,val_cold,hyunju kim,김현주,3988200.0,14.944069923000336,3091200.0000000014,0.22491349480968822,oil,canvas,8.997840772290761,1.0,True,False
T4-E023,dummy_median,val_cold,hyunju kim,김현주,1932000.0,14.944069923000336,3091200.0000000014,0.6000000000000008,oil,canvas,7.825645371197421,1.0,True,False
T4-E023,dummy_median,val_cold,hyunju kim,김현주,1932000.0,14.944069923000336,3091200.0000000014,0.6000000000000008,oil,canvas,7.825645371197421,1.0,True,False
T4-E023,dummy_median,val_cold,hyunju kim,김현주,1683600.0,14.944069923000336,3091200.0000000014,0.8360655737704926,oil,canvas,7.789615050102834,1.155511811023622,True,False
T4-E023,dummy_median,val_cold,byung taek jeon,전병택,15814800.0,14.944069923000336,3091200.0000000014,0.8045375218150086,oil,canvas,9.842569137566713,2.0,True,False
T4-E023,dummy_median,val_cold,hyunju kim,김현주,966000.0,14.944069923000336,3091200.0000000014,2.2000000000000015,oil,canvas,6.901280764474519,1.2727272727272727,True,False
T4-E023,dummy_median,val_cold,hyunju kim,김현주,2387400.0,14.944069923000336,3091200.0000000014,0.29479768786127225,oil,canvas,8.038114265962827,1.2000000000000002,True,False
T4-E023,dummy_median,val_cold,hyunju kim,김현주,1159200.0,14.944069923000336,3091200.0000000014,1.6666666666666679,oil,canvas,7.168778259715252,1.2878740157480315,True,False
T4-E023,dummy_median,val_cold,hyunju kim,김현주,1159200.0,14.944069923000336,3091200.0000000014,1.6666666666666679,oil,canvas,7.168778259715252,1.2878740157480315,True,False
T4-E023,dummy_median,val_cold,hyunju kim,김현주,1090200.0,14.944069923000336,3091200.0000000014,1.8354430379746849,oil,canvas,7.168778259715252,1.2878740157480315,True,False
T4-E023,dummy_median,val_cold,hyunju kim,김현주,7507200.0,14.944069923000336,3091200.0000000014,0.5882352941176469,oil,canvas,9.955823921482216,1.2460592079969242,True,False
T4-E023,dummy_median,val_cold,hyunju kim,김현주,1035000.0,14.944069923000336,3091200.0000000014,1.986666666666668,oil,canvas,6.901280764474519,1.2727272727272727,True,False
T4-E023,dummy_median,val_cold,hyunju kim,김현주,1821600.0,14.944069923000336,3091200.0000000014,0.6969696969696977,oil,canvas,7.765282016997596,1.1277340332458443,True,False
T4-E023,dummy_median,val_cold,bareum kim,김바름,2758302.0,14.944069923000336,3091200.0000000014,0.12068946765075086,oil,canvas,7.940583827104244,1.0,True,False
T4-E023,dummy_median,val_cold,bareum kim,김바름,2758302.0,14.944069923000336,3091200.0000000014,0.12068946765075086,oil,canvas,7.94397717319116,1.0,True,False
T4-E023,dummy_median,val_cold,bareum kim,김바름,2242527.0,14.944069923000336,3091200.0000000014,0.37844494180003246,oil,canvas,7.824046010856292,4.0,True,False
T4-E023,dummy_median,val_cold,bareum kim,김바름,7235878.0,14.944069923000336,3091200.0000000014,0.572795450669566,oil,canvas,8.922658299524402,3.0,True,False
T4-E023,dummy_median,val_cold,bareum kim,김바름,1499618.0,14.944069923000336,3091200.0000000014,1.0613249507541263,oil,canvas,7.452663438045286,1.200527704485488,True,False
T4-E023,dummy_median,val_cold,bareum kim,김바름,3645532.0,14.944069923000336,3091200.0000000014,0.15205791637544222,oil,canvas,8.256633298091595,1.3716981132075472,True,False
T4-E023,dummy_median,val_cold,bareum kim,김바름,17744688.0,14.944069923000336,3091200.0000000014,0.825795753636243,oil,canvas,9.663541120184696,1.672164948453608,True,False
T4-E023,dummy_median,val_cold,bareum kim,김바름,2772102.0,14.944069923000336,3091200.0000000014,0.11511048294759767,oil,canvas,8.070906088787819,2.0,True,False
T4-E023,dummy_median,val_cold,bareum kim,김바름,17813688.0,14.944069923000336,3091200.0000000014,0.8264705208713657,oil,canvas,9.808221471759428,1.446922390722569,True,False
T4-E023,dummy_median,val_cold,bareum kim,김바름,1141963.0,14.944069923000336,3091200.0000000014,1.706917824833205,oil,canvas,6.897482696211397,1.6900826446280992,True,False
T4-E023,dummy_median,val_cold,bareum kim,김바름,1141260.0,14.944069923000336,3091200.0000000014,1.708585247883919,oil,canvas,6.897482696211397,1.6900826446280992,True,False
T4-E023,dummy_median,val_cold,bareum kim,김바름,5406205.0,14.944069923000336,3091200.0000000014,0.4282125816538586,oil,canvas,8.567173123721258,1.0,True,False
T4-E023,dummy_median,val_cold,bareum kim,김바름,3645532.0,14.944069923000336,3091200.0000000014,0.15205791637544222,oil,canvas,8.304693591730816,2.0,True,False
T4-E023,dummy_median,val_cold,bareum kim,김바름,1843472.0,14.944069923000336,3091200.0000000014,0.6768358835935677,oil,canvas,7.63542465191381,1.0,True,False
T4-E023,dummy_median,val_cold,byung taek jeon,전병택,8666400.0,14.944069923000336,3091200.0000000014,0.6433121019108278,oil,canvas,9.0468044549336,1.6066024759284732,True,False
T4-E023,dummy_median,val_cold,byung taek jeon,전병택,10046400.0,14.944069923000336,3091200.0000000014,0.6923076923076921,oil,canvas,9.145376160245226,1.4533001245330013,True,False
T4-E023,dummy_median,val_cold,byung taek jeon,전병택,1311000.0,14.944069923000336,3091200.0000000014,1.3578947368421064,oil,canvas,6.91263336176647,1.0,True,False
T4-E023,dummy_median,val_cold,hyunju kim,김현주,15525000.0,14.944069923000336,3091200.0000000014,0.8008888888888888,oil,canvas,10.70763642734394,1.08248031496063,True,False
T4-E023,dummy_median,val_cold,hyunju kim,김현주,2056200.0,14.944069923000336,3091200.0000000014,0.5033557046979873,oil,canvas,7.6341055356738385,1.0,True,False
T4-E023,dummy_median,val_cold,sori choi,최소리,11247000.0,14.944069923000336,3091200.0000000014,0.7251533742331286,oil,unknown,8.1886891244442,1.0,True,False
T4-E023,dummy_median,val_cold,hyunju kim,김현주,2746200.0,14.944069923000336,3091200.0000000014,0.1256281407035181,oil,canvas,8.625900930864946,1.5,True,False
T4-E023,dummy_median,val_cold,hyunju kim,김현주,2746200.0,14.944069923000336,3091200.0000000014,0.1256281407035181,oil,canvas,8.59773005389825,1.4583333333333337,True,False
T4-E023,dummy_median,val_cold,junsoo kim,김준수,5188800.0,14.944069923000336,3091200.0000000014,0.4042553191489359,oil,canvas,9.191451454320184,1.0,True,False
T4-E023,dummy_median,val_cold,byung taek jeon,전병택,16311600.0,14.944069923000336,3091200.0000000014,0.8104906937394246,oil,canvas,9.808221471759428,1.446922390722569,True,False
T4-E023,dummy_median,val_cold,junsoo kim,김준수,745200.0,14.944069923000336,3091200.0000000014,3.14814814814815,oil,canvas,6.888208682907167,1.6842105263157896,True,False
T4-E023,dummy_median,val_cold,hyunju kim,김현주,1145400.0,14.944069923000336,3091200.0000000014,1.6987951807228927,oil,canvas,7.121823534088672,1.3333333333333333,True,False
T4-E023,dummy_median,val_cold,hyunju kim,김현주,1145400.0,14.944069923000336,3091200.0000000014,1.6987951807228927,oil,canvas,7.121823534088672,1.3333333333333333,True,False
T4-E023,dummy_median,val_cold,junsoo kim,김준수,828000.0,14.944069923000336,3091200.0000000014,2.733333333333335,oil,canvas,6.888208682907167,1.6842105263157896,True,False
T4-E023,dummy_median,val_cold,junsoo kim,김준수,745200.0,14.944069923000336,3091200.0000000014,3.14814814814815,oil,canvas,6.834141461636891,1.0,True,False
T4-E023,dummy_median,val_cold,hyunju kim,김현주,1890600.0,14.944069923000336,3091200.0000000014,0.6350364963503657,oil,canvas,7.789615050102834,1.155511811023622,True,False
T4-E023,dummy_median,val_cold,dagyeong yun,윤다그영,1117800.0,14.944069923000336,3091200.0000000014,1.7654320987654333,mixed_media,canvas,8.08794755464267,1.3019999999999998,True,False
T4-E023,dummy_median,val_cold,hyunju kim,김현주,1159200.0,14.944069923000336,3091200.0000000014,1.6666666666666679,oil,canvas,7.121823534088672,1.3333333333333333,True,False
T4-E023,dummy_median,val_cold,byung taek jeon,전병택,1104000.0,14.944069923000336,3091200.0000000014,1.8000000000000012,oil,canvas,7.269902224176762,1.0,True,False
T4-E023,dummy_median,val_cold,byung taek jeon,전병택,1324800.0,14.944069923000336,3091200.0000000014,1.3333333333333344,oil,canvas,7.173736072839555,1.2821316614420062,True,False
T4-E023,dummy_median,val_cold,byung taek jeon,전병택,1407600.0,14.944069923000336,3091200.0000000014,1.19607843137255,oil,canvas,7.173736072839555,1.2821316614420062,True,False
T4-E023,dummy_median,val_cold,hyunju kim,김현주,1145400.0,14.944069923000336,3091200.0000000014,1.6987951807228927,oil,canvas,7.121823534088672,1.3333333333333333,True,False
T4-E023,dummy_median,val_cold,hyunju kim,김현주,1145400.0,14.944069923000336,3091200.0000000014,1.6987951807228927,oil,canvas,7.121823534088672,1.3333333333333333,True,False
T4-E023,dummy_median,val_cold,hyunju kim,김현주,1145400.0,14.944069923000336,3091200.0000000014,1.6987951807228927,oil,canvas,7.121823534088672,1.3333333333333333,True,False
T4-E023,dummy_median,val_cold,hyunju kim,김현주,2332200.0,14.944069923000336,3091200.0000000014,0.32544378698224913,oil,canvas,8.038114265962827,1.2000000000000002,True,False
T4-E023,dummy_median,val_cold,hyunju kim,김현주,1145400.0,14.944069923000336,3091200.0000000014,1.6987951807228927,oil,canvas,7.121823534088672,1.3333333333333333,True,False
T4-E023,dummy_median,val_cold,jon burr,존부르르,371220.0,14.944069923000336,3091200.0000000014,7.327137546468405,acrylic,canvas,6.405228458030842,1.25,True,False
T4-E023,dummy_median,val_cold,hyunju kim,김현주,7631400.0,14.944069923000336,3091200.0000000014,0.5949367088607592,oil,canvas,9.55607213512933,1.0172238248769727,True,False
T4-E023,dummy_median,val_cold,hyunju kim,김현주,1504200.0,14.944069923000336,3091200.0000000014,1.055045871559634,oil,canvas,7.4627501210592655,1.2,True,False
T4-E023,dummy_median,val_cold,byung taek jeon,전병택,4857600.0,14.944069923000336,3091200.0000000014,0.36363636363636337,oil,canvas,8.572682769078947,1.0,True,False
T4-E023,dummy_median,val_cold,hyunju kim,김현주,1145400.0,14.944069923000336,3091200.0000000014,1.6987951807228927,oil,canvas,7.121823534088672,1.3333333333333333,True,False
T4-E023,dummy_median,val_cold,hyunju kim,김현주,1076400.0,14.944069923000336,3091200.0000000014,1.8717948717948731,oil,canvas,6.901280764474519,1.2727272727272727,True,False
T4-E023,dummy_median,val_cold,hyunju kim,김현주,2056200.0,14.944069923000336,3091200.0000000014,0.5033557046979873,oil,canvas,7.6341055356738385,1.0,True,False
T4-E023,dummy_median,val_cold,hyunju kim,김현주,1145400.0,14.944069923000336,3091200.0000000014,1.6987951807228927,oil,canvas,7.121823534088672,1.3333333333333333,True,False
T4-E023,dummy_median,val_cold,eunju park,박은주,4733400.0,14.944069923000336,3091200.0000000014,0.3469387755102038,mixed_media,paper,8.836920540230231,2.052667932999482,True,False
T4-E023,dummy_median,val_cold,eunju park,박은주,3919200.0,14.944069923000336,3091200.0000000014,0.21126760563380245,mixed_media,paper,9.938354378184952,1.121495327102804,True,False
T4-E023,dummy_median,val_cold,eunju park,박은주,1766400.0,14.944069923000336,3091200.0000000014,0.7500000000000008,mixed_media,paper,8.714387597032898,1.6950283616950284,True,False
T4-E023,dummy_median,val_cold,hyunju kim,김현주,1642200.0,14.944069923000336,3091200.0000000014,0.8823529411764715,oil,canvas,7.4627501210592655,1.2,True,False
T4-E023,dummy_median,val_cold,hyunju kim,김현주,869400.0,14.944069923000336,3091200.0000000014,2.555555555555557,oil,canvas,6.834141461636891,1.0,True,False
T4-E023,dummy_median,val_cold,junsoo kim,김준수,745200.0,14.944069923000336,3091200.0000000014,3.14814814814815,oil,canvas,6.888208682907167,1.6842105263157896,True,False
T4-E023,dummy_median,val_cold,hyunju kim,김현주,1021200.0,14.944069923000336,3091200.0000000014,2.0270270270270285,oil,panel,6.901280764474519,1.2727272727272727,True,False
T4-E023,dummy_median,val_cold,hyunju kim,김현주,1821600.0,14.944069923000336,3091200.0000000014,0.6969696969696977,oil,canvas,7.765282016997596,1.1277340332458443,True,False
T4-E023,dummy_median,val_cold,hyunju kim,김현주,1145400.0,14.944069923000336,3091200.0000000014,1.6987951807228927,oil,canvas,7.121823534088672,1.3333333333333333,True,False
T4-E023,dummy_median,val_cold,hyunju kim,김현주,1145400.0,14.944069923000336,3091200.0000000014,1.6987951807228927,oil,canvas,7.121823534088672,1.3333333333333333,True,False
T4-E023,dummy_median,val_cold,hyunju kim,김현주,2056200.0,14.944069923000336,3091200.0000000014,0.5033557046979873,oil,canvas,7.6341055356738385,1.0,True,False
T4-E023,dummy_median,val_cold,hyunju kim,김현주,2704800.0,14.944069923000336,3091200.0000000014,0.14285714285714338,oil,canvas,8.368342123803876,1.1991991991991993,True,False
T4-E023,dummy_median,val_cold,hyunju kim,김현주,1145400.0,14.944069923000336,3091200.0000000014,1.6987951807228927,oil,canvas,7.121823534088672,1.3333333333333333,True,False
T4-E023,dummy_median,val_cold,hyunju kim,김현주,1007400.0,14.944069923000336,3091200.0000000014,2.068493150684933,oil,canvas,6.901280764474519,1.2727272727272727,True,False
T4-E023,dummy_median,val_cold,hyunju kim,김현주,1007400.0,14.944069923000336,3091200.0000000014,2.068493150684933,oil,canvas,6.901280764474519,1.2727272727272727,True,False
T4-E023,dummy_median,val_cold,hyunju kim,김현주,1959600.0,14.944069923000336,3091200.0000000014,0.577464788732395,oil,canvas,7.789615050102834,1.155511811023622,True,False
T4-E023,dummy_median,val_cold,hyunju kim,김현주,2111400.0,14.944069923000336,3091200.0000000014,0.46405228758170003,oil,canvas,7.932753750305,1.3333333333333337,True,False
T4-E023,dummy_median,val_cold,hyunju kim,김현주,1007400.0,14.944069923000336,3091200.0000000014,2.068493150684933,oil,canvas,6.901280764474519,1.2727272727272727,True,False
T4-E023,dummy_median,val_cold,sori choi,최소리,16918800.0,14.944069923000336,3091200.0000000014,0.8172920065252853,oil,metal,8.914894908906568,2.0,True,False
T4-E023,dummy_median,val_cold,sori choi,최소리,11247000.0,14.944069923000336,3091200.0000000014,0.7251533742331286,oil,metal,8.221747728346623,1.0,True,False
T4-E023,dummy_median,val_cold,hyunju kim,김현주,5409600.0,14.944069923000336,3091200.0000000014,0.4285714285714283,oil,canvas,9.268509275099824,1.2827282728272826,True,False
T4-E023,dummy_median,val_cold,hyunju kim,김현주,1435200.0,14.944069923000336,3091200.0000000014,1.1538461538461549,oil,canvas,7.318605859366639,1.384848484848485,True,False
T4-E023,dummy_median,val_cold,hyunju kim,김현주,2097600.0,14.944069923000336,3091200.0000000014,0.47368421052631643,oil,canvas,7.788004239509027,1.164835164835165,True,False
T4-E023,dummy_median,val_cold,erica choi,최어이카,1269600.0,14.944069923000336,3091200.0000000014,1.4347826086956532,acrylic,canvas,7.788004239509027,1.164835164835165,True,False
T4-E023,dummy_median,val_cold,hyunju kim,김현주,8183400.0,14.944069923000336,3091200.0000000014,0.6222596964586844,oil,canvas,9.69523261371567,1.2946428571428572,True,False
T4-E023,dummy_median,val_cold,hyunju kim,김현주,8583600.0,14.944069923000336,3091200.0000000014,0.6398713826366558,oil,canvas,9.69523261371567,1.2946428571428572,True,False
T4-E023,dummy_median,val_cold,hyeyune choi,최혜윤,4981800.0,14.944069923000336,3091200.0000000014,0.37950138504155095,mixed_media,fabric,8.480321716640333,1.2950819672131149,True,False
T4-E023,dummy_median,val_cold,hyeyune choi,최혜윤,1462800.0,14.944069923000336,3091200.0000000014,1.1132075471698122,mixed_media,fabric,8.333270353255308,1.5384615384615383,True,False
T4-E023,dummy_median,val_cold,hyeyune choi,최혜윤,2277000.0,14.944069923000336,3091200.0000000014,0.3575757575757582,mixed_media,fabric,8.523423741166873,1.288,True,False
T4-E023,dummy_median,val_cold,hyeyune choi,최혜윤,4388400.0,14.944069923000336,3091200.0000000014,0.2955974842767292,mixed_media,fabric,9.23824732522919,1.2417582417582418,True,False
T4-E023,dummy_median,val_cold,hyeyune choi,최혜윤,661020.0,14.944069923000336,3091200.0000000014,3.67640918580376,mixed_media,fabric,6.91263336176647,1.0,True,False
T4-E023,dummy_median,val_cold,hyunju kim,김현주,1242000.0,14.944069923000336,3091200.0000000014,1.48888888888889,oil,canvas,7.170596352834887,1.2861635220125784,True,False
T4-E023,dummy_median,val_cold,hyunju kim,김현주,1242000.0,14.944069923000336,3091200.0000000014,1.48888888888889,oil,canvas,7.170596352834887,1.2861635220125784,True,False
T4-E023,dummy_median,val_cold,bareum kim,김바름,11237436.0,14.944069923000336,3091200.0000000014,0.7249194567159268,oil,canvas,9.735068900911164,1.0,True,False
T4-E023,dummy_median,val_cold,junsoo kim,김준수,772800.0,14.944069923000336,3091200.0000000014,3.0000000000000018,mixed_media,canvas,6.340359303727752,1.2857142857142858,True,False
T4-E023,dummy_median,val_cold,junsoo kim,김준수,772800.0,14.944069923000336,3091200.0000000014,3.0000000000000018,mixed_media,canvas,6.340359303727752,1.2857142857142858,True,False
T4-E023,dummy_median,val_cold,erica choi,최어이카,4554000.0,14.944069923000336,3091200.0000000014,0.3212121212121209,acrylic,canvas,8.99961934066053,1.0,True,False
T4-E023,dummy_median,val_cold,eunja cho,조은자,848700.0,14.944069923000336,3091200.0000000014,2.6422764227642292,mixed_media,canvas,7.167446743931991,1.2902208201892744,True,False
T4-E023,dummy_median,val_cold,eunja cho,조은자,992220.0,14.944069923000336,3091200.0000000014,2.115438108484007,mixed_media,canvas,7.167446743931991,1.2902208201892744,True,False
T4-E023,dummy_median,val_cold,eunja cho,조은자,545100.0,14.944069923000336,3091200.0000000014,4.67088607594937,mixed_media,canvas,6.687769237483008,1.3817427385892114,True,False
T4-E023,dummy_median,val_cold,eunja cho,조은자,545100.0,14.944069923000336,3091200.0000000014,4.67088607594937,mixed_media,canvas,6.687769237483008,1.3817427385892114,True,False
T4-E023,dummy_median,val_cold,jeongrock heo,허정록,558900.0,14.944069923000336,3091200.0000000014,4.5308641975308666,oil,canvas,7.170596352834887,1.2861635220125784,True,False
T4-E023,dummy_median,val_cold,eunja cho,조은자,1504200.0,14.944069923000336,3091200.0000000014,1.055045871559634,mixed_media,canvas,7.167446743931991,1.2902208201892744,True,False
T4-E023,dummy_median,val_cold,eunja cho,조은자,1545600.0,14.944069923000336,3091200.0000000014,1.0000000000000009,mixed_media,canvas,7.677641253760972,1.2909535452322738,True,False
T4-E023,dummy_median,val_cold,eunja cho,조은자,3146400.0,14.944069923000336,3091200.0000000014,0.017543859649122362,mixed_media,canvas,8.47844612607412,1.340567612687813,True,False
T4-E023,dummy_median,val_cold,eunja cho,조은자,1269600.0,14.944069923000336,3091200.0000000014,1.4347826086956532,mixed_media,canvas,6.91263336176647,1.0,True,False
T4-E023,dummy_median,val_cold,eunja cho,조은자,821100.0,14.944069923000336,3091200.0000000014,2.764705882352943,mixed_media,canvas,6.050582151591071,1.0,True,False
T4-E023,dummy_median,val_cold,erica choi,최어이카,7424400.0,14.944069923000336,3091200.0000000014,0.5836431226765797,acrylic,canvas,9.362960166310268,1.4574944071588367,True,False
T4-E023,dummy_median,val_cold,jeongrock heo,허정록,717600.0,14.944069923000336,3091200.0000000014,3.3076923076923097,oil,canvas,7.452663438045286,1.200527704485488,True,False
T4-E023,dummy_median,val_cold,erica choi,최어이카,485760.0,14.944069923000336,3091200.0000000014,5.363636363636367,acrylic,canvas,6.182084906716632,1.0,True,False
T4-E023,dummy_median,val_cold,jeongrock heo,허정록,442980.0,14.944069923000336,3091200.0000000014,5.978193146417449,oil,canvas,6.694908533145296,1.3801652892561984,True,False
T4-E023,dummy_median,val_cold,taerin kim,김태린,2539200.0,14.944069923000336,3091200.0000000014,0.21739130434782664,mixed_media,canvas,8.390908619896203,1.1960461285008237,True,False
T4-E023,dummy_median,val_cold,jeongrock heo,허정록,471960.0,14.944069923000336,3091200.0000000014,5.5497076023391845,oil,canvas,7.170596352834887,1.2861635220125784,True,False
T4-E023,dummy_median,val_cold,hyeyune choi,최혜윤,2325300.0,14.944069923000336,3091200.0000000014,0.32937685459940713,mixed_media,fabric,7.495541943884256,1.3888888888888888,True,False
T4-E023,dummy_median,val_cold,hyunju kim,김현주,1035000.0,14.944069923000336,3091200.0000000014,1.986666666666668,acrylic,canvas,7.932753750305,1.3333333333333337,True,False
T4-E023,dummy_median,val_cold,hyunju kim,김현주,538200.0,14.944069923000336,3091200.0000000014,4.743589743589746,acrylic,canvas,6.901280764474519,1.2727272727272727,True,False
T4-E023,dummy_median,val_cold,hyunju kim,김현주,538200.0,14.944069923000336,3091200.0000000014,4.743589743589746,acrylic,canvas,6.901280764474519,1.2727272727272727,True,False
T4-E023,dummy_median,val_cold,hyunju kim,김현주,193200.0,14.944069923000336,3091200.0000000014,15.000000000000007,acrylic,canvas,5.419676223550304,1.4,True,False
T4-E023,dummy_median,val_cold,hyunju kim,김현주,524400.0,14.944069923000336,3091200.0000000014,4.8947368421052655,oil,canvas,5.419676223550304,1.4,True,False
T4-E023,dummy_median,val_cold,hyunju kim,김현주,600300.0,14.944069923000336,3091200.0000000014,4.149425287356324,acrylic,canvas,6.834141461636891,1.0,True,False
T4-E023,dummy_median,val_cold,hyunju kim,김현주,655500.0,14.944069923000336,3091200.0000000014,3.7157894736842128,mixed_media,canvas,6.834141461636891,1.0,True,False
T4-E023,dummy_median,val_cold,hyunju kim,김현주,538200.0,14.944069923000336,3091200.0000000014,4.743589743589746,acrylic,canvas,6.54645938918511,1.3333333333333337,True,False
T4-E023,dummy_median,val_cold,hyunju kim,김현주,1738800.0,14.944069923000336,3091200.0000000014,0.7777777777777786,acrylic,canvas,8.261257817277038,1.5000000000000002,True,False
T4-E023,dummy_median,val_cold,hyunju kim,김현주,1035000.0,14.944069923000336,3091200.0000000014,1.986666666666668,oil,canvas,7.932753750305,1.3333333333333337,True,False
T4-E023,dummy_median,val_cold,hyunju kim,김현주,883200.0,14.944069923000336,3091200.0000000014,2.5000000000000018,oil,canvas,7.6326491578546625,1.25,True,False
T4-E023,dummy_median,val_cold,hyunju kim,김현주,1738800.0,14.944069923000336,3091200.0000000014,0.7777777777777786,oil,canvas,8.44357937407099,1.25,True,False
T4-E023,dummy_median,val_cold,hyunju kim,김현주,1738800.0,14.944069923000336,3091200.0000000014,0.7777777777777786,mixed_media,canvas,8.261257817277038,1.5000000000000002,True,False
T4-E023,dummy_median,val_cold,hyunju kim,김현주,1738800.0,14.944069923000336,3091200.0000000014,0.7777777777777786,oil,canvas,8.44357937407099,1.25,True,False
T4-E023,dummy_median,val_cold,hyunju kim,김현주,966000.0,14.944069923000336,3091200.0000000014,2.2000000000000015,acrylic,panel,7.409505606540453,1.0,True,False
T4-E023,dummy_median,val_cold,hyunju kim,김현주,800400.0,14.944069923000336,3091200.0000000014,2.8620689655172433,acrylic,canvas,6.834141461636891,1.0,True,False
T4-E023,dummy_median,val_cold,hyunju kim,김현주,1311000.0,14.944069923000336,3091200.0000000014,1.3578947368421064,oil,canvas,7.814970714648617,1.5,True,False
T4-E023,dummy_median,val_cold,hyunju kim,김현주,2290800.0,14.944069923000336,3091200.0000000014,0.3493975903614464,oil,canvas,8.44357937407099,1.25,True,False
T4-E023,dummy_median,val_cold,hyunju kim,김현주,2263200.0,14.944069923000336,3091200.0000000014,0.36585365853658597,oil,canvas,8.59773005389825,1.4583333333333337,True,False
T4-E023,dummy_median,val_cold,hyunju kim,김현주,1738800.0,14.944069923000336,3091200.0000000014,0.7777777777777786,oil,canvas,8.220435822756782,1.0,True,False
T4-E023,dummy_median,val_cold,hyunju kim,김현주,1449000.0,14.944069923000336,3091200.0000000014,1.1333333333333342,acrylic,canvas,8.038114265962827,1.2000000000000002,True,False
T4-E023,dummy_median,val_cold,hyunju kim,김현주,2014800.0,14.944069923000336,3091200.0000000014,0.5342465753424664,oil,panel,8.44357937407099,1.25,True,False
T4-E023,dummy_median,val_cold,hyunju kim,김현주,1159200.0,14.944069923000336,3091200.0000000014,1.6666666666666679,oil,canvas,7.6326491578546625,1.25,True,False
T4-E023,dummy_median,val_cold,hyunju kim,김현주,1186800.0,14.944069923000336,3091200.0000000014,1.6046511627906987,oil,canvas,7.6450716778532195,1.0,True,False
T4-E023,dummy_median,val_cold,hyunju kim,김현주,1449000.0,14.944069923000336,3091200.0000000014,1.1333333333333342,oil,canvas,7.855792709168872,1.0,True,False
T4-E023,dummy_median,val_cold,hyunju kim,김현주,6679200.0,14.944069923000336,3091200.0000000014,0.5371900826446279,oil,canvas,9.955823921482216,1.2460592079969242,True,False
T4-E023,dummy_median,val_cold,hyunju kim,김현주,4319400.0,14.944069923000336,3091200.0000000014,0.2843450479233224,oil,canvas,9.339667398627627,1.0,True,False
T4-E023,dummy_median,val_cold,hyunju kim,김현주,6706800.0,14.944069923000336,3091200.0000000014,0.5390946502057611,oil,canvas,9.955823921482216,1.2460592079969242,True,False
T4-E023,dummy_median,val_cold,hyunju kim,김현주,9991200.0,14.944069923000336,3091200.0000000014,0.6906077348066296,oil,canvas,10.533653398913332,1.0,True,False
T4-E023,dummy_median,val_cold,hyunju kim,김현주,1932000.0,14.944069923000336,3091200.0000000014,0.6000000000000008,oil,canvas,7.825645371197421,1.0,True,False
T4-E023,dummy_median,val_cold,lee k,이크,8790600.0,14.944069923000336,3091200.0000000014,0.6483516483516482,mixed_media,canvas,9.285495041864944,1.3332962633451957,True,False
T4-E023,dummy_median,val_cold,lee k,이크,8790600.0,14.944069923000336,3091200.0000000014,0.6483516483516482,oil,canvas,9.285495041864944,1.3332962633451957,True,False
T4-E023,dummy_median,val_cold,junsoo kim,김준수,8293800.0,14.944069923000336,3091200.0000000014,0.6272878535773708,oil,canvas,9.691569063813702,1.2954545454545454,True,False
T4-E023,dummy_median,val_cold,hyunju kim,김현주,7079400.0,14.944069923000336,3091200.0000000014,0.563352826510721,oil,canvas,9.691569063813702,1.2954545454545454,True,False
T4-E023,dummy_median,val_cold,hyunju kim,김현주,1145400.0,14.944069923000336,3091200.0000000014,1.6987951807228927,oil,canvas,7.121823534088672,1.3333333333333333,True,False
T4-E023,dummy_median,val_cold,hyunju kim,김현주,2056200.0,14.944069923000336,3091200.0000000014,0.5033557046979873,oil,canvas,7.6341055356738385,1.0,True,False
T4-E023,dummy_median,val_cold,hyunju kim,김현주,2049300.0,14.944069923000336,3091200.0000000014,0.5084175084175091,oil,canvas,7.789615050102834,1.155511811023622,True,False
T4-E023,dummy_median,val_cold,hyunju kim,김현주,1173000.0,14.944069923000336,3091200.0000000014,1.6352941176470601,oil,canvas,7.160084747490922,1.280757097791798,True,False
T4-E023,dummy_median,val_cold,hyunju kim,김현주,2704800.0,14.944069923000336,3091200.0000000014,0.14285714285714338,oil,canvas,8.387608286867547,1.2,True,False
T4-E023,dummy_median,val_cold,hyunju kim,김현주,1173000.0,14.944069923000336,3091200.0000000014,1.6352941176470601,oil,canvas,7.160084747490922,1.280757097791798,True,False
T4-E023,dummy_median,val_cold,hyunju kim,김현주,5409600.0,14.944069923000336,3091200.0000000014,0.4285714285714283,oil,canvas,9.139917907679637,1.45625,True,False
T4-E023,dummy_median,val_cold,hyunju kim,김현주,1173000.0,14.944069923000336,3091200.0000000014,1.6352941176470601,oil,canvas,7.173038356490439,1.2893081761006289,True,False
T4-E023,dummy_median,val_cold,hyunju kim,김현주,676200.0,14.944069923000336,3091200.0000000014,3.5714285714285734,oil,canvas,6.834141461636891,1.0,True,False
T4-E023,dummy_median,val_cold,hyunju kim,김현주,952200.0,14.944069923000336,3091200.0000000014,2.2463768115942044,acrylic,canvas,7.6326491578546625,1.25,True,False
T4-E023,dummy_median,val_cold,hyunju kim,김현주,1380000.0,14.944069923000336,3091200.0000000014,1.240000000000001,oil,canvas,7.951102888973197,1.1,True,False
T4-E023,dummy_median,val_cold,hyunju kim,김현주,1242000.0,14.944069923000336,3091200.0000000014,1.48888888888889,acrylic,canvas,7.932753750305,1.3333333333333337,True,False
T4-E023,dummy_median,val_cold,hyunju kim,김현주,772800.0,14.944069923000336,3091200.0000000014,3.0000000000000018,oil,canvas,6.901280764474519,1.2727272727272727,True,False
T4-E023,dummy_median,val_cold,hyunju kim,김현주,814200.0,14.944069923000336,3091200.0000000014,2.7966101694915273,oil,canvas,6.834141461636891,1.0,True,False
T4-E023,dummy_median,val_cold,eunju park,박은주,6624000.0,14.944069923000336,3091200.0000000014,0.5333333333333331,mixed_media,panel,9.092716613634494,2.0384615384615383,True,False
T4-E023,dummy_median,val_cold,hyeyune choi,최혜윤,3036000.0,14.944069923000336,3091200.0000000014,0.018181818181818642,mixed_media,fabric,9.367344120785848,2.769230769230769,True,False
T4-E023,dummy_median,val_cold,hyeyune choi,최혜윤,29449200.0,14.944069923000336,3091200.0000000014,0.895032802249297,mixed_media,fabric,9.367344120785848,1.4444444444444444,True,False
T4-E023,dummy_median,val_cold,hyeyune choi,최혜윤,4678200.0,14.944069923000336,3091200.0000000014,0.33923303834808227,mixed_media,fabric,9.106090350602384,1.2470588235294118,True,False
T4-E023,dummy_median,val_cold,eunja cho,조은자,4567800.0,14.944069923000336,3091200.0000000014,0.3232628398791538,mixed_media,canvas,8.387608286867547,1.2,True,False
T4-E023,dummy_median,val_cold,eunsil kim,김은실,2297700.0,14.944069923000336,3091200.0000000014,0.34534534534534594,mixed_media,canvas,7.170596352834887,1.2861635220125784,True,False
T4-E023,dummy_median,val_cold,erica choi,최어이카,1380000.0,14.944069923000336,3091200.0000000014,1.240000000000001,acrylic,canvas,7.835974581721566,1.1956521739130437,True,False
T4-E023,dummy_median,val_cold,erica choi,최어이카,4719600.0,14.944069923000336,3091200.0000000014,0.3450292397660816,acrylic,canvas,8.796101385722906,1.250343878954608,True,False
T4-E023,dummy_median,val_cold,siho im,임시호,5892600.0,14.944069923000336,3091200.0000000014,0.4754098360655735,oil,canvas,9.273033441314606,1.2857142857142858,True,False
T4-E023,dummy_median,val_cold,kipum bae,배킵우므,1807800.0,14.944069923000336,3091200.0000000014,0.7099236641221381,mixed_media,unknown,8.356567997081362,1.3636363636363635,True,False
T4-E023,dummy_median,val_cold,kipum bae,배킵우므,1697400.0,14.944069923000336,3091200.0000000014,0.8211382113821146,mixed_media,unknown,7.932753750305,1.3333333333333337,True,False
T4-E023,dummy_median,val_cold,kipum bae,배킵우므,1725000.0,14.944069923000336,3091200.0000000014,0.7920000000000008,mixed_media,unknown,7.932753750305,1.3333333333333337,True,False
T4-E023,dummy_median,val_cold,kipum bae,배킵우므,1600800.0,14.944069923000336,3091200.0000000014,0.9310344827586216,mixed_media,unknown,7.6326491578546625,1.25,True,False
T4-E023,dummy_median,val_cold,kipum bae,배킵우므,1373100.0,14.944069923000336,3091200.0000000014,1.2512562814070363,mixed_media,unknown,7.121823534088672,1.3333333333333333,True,False
T4-E023,dummy_median,val_cold,kipum bae,배킵우므,1338600.0,14.944069923000336,3091200.0000000014,1.309278350515465,mixed_media,unknown,7.121823534088672,1.3333333333333333,True,False
T4-E023,dummy_median,val_cold,kipum bae,배킵우므,1145400.0,14.944069923000336,3091200.0000000014,1.6987951807228927,mixed_media,unknown,6.246354796734772,1.25,True,False
T4-E023,dummy_median,val_cold,kipum bae,배킵우므,772800.0,14.944069923000336,3091200.0000000014,3.0000000000000018,mixed_media,unknown,6.246354796734772,1.25,True,False
T4-E023,dummy_median,val_cold,kipum bae,배킵우므,1725000.0,14.944069923000336,3091200.0000000014,0.7920000000000008,mixed_media,unknown,7.932753750305,1.3333333333333337,True,False
T4-E023,dummy_median,val_cold,kipum bae,배킵우므,1414500.0,14.944069923000336,3091200.0000000014,1.1853658536585376,mixed_media,unknown,7.121823534088672,1.3333333333333333,True,False
T4-E023,dummy_median,val_cold,park sungsu,박성수,28359000.0,14.944069923000336,3091200.0000000014,0.8909975669099757,oil,unknown,9.957435819363184,1.2432847275518035,True,False
T4-E023,dummy_median,val_cold,jin choul chai,진초우르차이,1090200.0,14.944069923000336,3091200.0000000014,1.8354430379746849,oil,canvas,6.579251212010101,1.25,True,False
T4-E023,dummy_median,val_cold,jin choul chai,진초우르차이,1393800.0,14.944069923000336,3091200.0000000014,1.217821782178219,oil,canvas,7.444248649496705,1.1842105263157894,True,False
T4-E023,dummy_median,val_cold,hyunju kim,김현주,2428800.0,14.944069923000336,3091200.0000000014,0.2727272727272733,oil,canvas,8.241055109959518,1.3333333333333333,True,False
T4-E023,dummy_median,val_cold,hyunju kim,김현주,1048800.0,14.944069923000336,3091200.0000000014,1.947368421052633,oil,canvas,6.901280764474519,1.2727272727272727,True,False
T4-E023,dummy_median,val_cold,hyunju kim,김현주,1449000.0,14.944069923000336,3091200.0000000014,1.1333333333333342,acrylic,canvas,7.932753750305,1.3333333333333337,True,False
T4-E023,dummy_median,val_cold,etaehoon art,에태훈아트,1683600.0,14.944069923000336,3091200.0000000014,0.8360655737704926,acrylic,canvas,7.788004239509027,1.164835164835165,True,False
T4-E023,dummy_median,val_cold,etaehoon art,에태훈아트,717600.0,14.944069923000336,3091200.0000000014,3.3076923076923097,acrylic,canvas,6.694908533145296,1.3801652892561984,True,False
T4-E023,dummy_median,val_cold,etaehoon art,에태훈아트,1035000.0,14.944069923000336,3091200.0000000014,1.986666666666668,acrylic,canvas,7.170596352834887,1.2861635220125784,True,False
T4-E023,dummy_median,val_cold,etaehoon art,에태훈아트,717600.0,14.944069923000336,3091200.0000000014,3.3076923076923097,acrylic,canvas,6.694908533145296,1.3801652892561984,True,False
T4-E023,dummy_median,val_cold,etaehoon art,에태훈아트,717600.0,14.944069923000336,3091200.0000000014,3.3076923076923097,acrylic,canvas,6.694908533145296,1.3801652892561984,True,False
T4-E023,dummy_median,val_cold,etaehoon art,에태훈아트,2001000.0,14.944069923000336,3091200.0000000014,0.5448275862068972,acrylic,canvas,7.922007219032173,1.3318681318681318,True,False
T4-E023,dummy_median,val_cold,etaehoon art,에태훈아트,2470200.0,14.944069923000336,3091200.0000000014,0.2513966480446933,acrylic,canvas,8.08794755464267,1.3019999999999998,True,False
T4-E023,dummy_median,val_cold,etaehoon art,에태훈아트,1035000.0,14.944069923000336,3091200.0000000014,1.986666666666668,acrylic,canvas,7.170596352834887,1.2861635220125784,True,False
T4-E023,dummy_median,val_cold,etaehoon art,에태훈아트,1035000.0,14.944069923000336,3091200.0000000014,1.986666666666668,acrylic,canvas,7.170596352834887,1.2861635220125784,True,False
T4-E023,dummy_median,val_cold,etaehoon art,에태훈아트,3256800.0,14.944069923000336,3091200.0000000014,0.05084745762711822,acrylic,canvas,8.390636277614743,1.1996699669966997,True,False
T4-E023,dummy_median,val_cold,etaehoon art,에태훈아트,1683600.0,14.944069923000336,3091200.0000000014,0.8360655737704926,acrylic,canvas,7.788004239509027,1.164835164835165,True,False
T4-E023,dummy_median,val_cold,etaehoon art,에태훈아트,1035000.0,14.944069923000336,3091200.0000000014,1.986666666666668,acrylic,canvas,7.170596352834887,1.2861635220125784,True,False
T4-E023,dummy_median,val_cold,etaehoon art,에태훈아트,3256800.0,14.944069923000336,3091200.0000000014,0.05084745762711822,acrylic,canvas,8.390636277614743,1.1996699669966997,True,False
T4-E023,dummy_median,val_cold,etaehoon art,에태훈아트,1338600.0,14.944069923000336,3091200.0000000014,1.309278350515465,oil,canvas,7.269902224176762,1.0,True,False
T4-E023,dummy_median,val_cold,da rye choi,최다르예,12972000.0,14.944069923000336,3091200.0000000014,0.7617021276595743,oil,paper,9.956668065006854,1.2442396313364057,True,False
T4-E023,dummy_median,val_cold,da rye choi,최다르예,12972000.0,14.944069923000336,3091200.0000000014,0.7617021276595743,ink,paper,9.956668065006854,1.2442396313364057,True,False
T4-E023,dummy_median,val_cold,da rye choi,최다르예,10384500.0,14.944069923000336,3091200.0000000014,0.7023255813953486,ink,canvas,9.698674957906642,1.2991071428571428,True,False
T4-E023,dummy_median,val_cold,da rye choi,최다르예,10384500.0,14.944069923000336,3091200.0000000014,0.7023255813953486,ink,paper,9.698674957906642,1.2991071428571428,True,False
T4-E023,dummy_median,val_cold,sangho lee,이상호,138165600.0,14.944069923000336,3091200.0000000014,0.9776268477826608,oil,canvas,7.562681246721884,1.5714285714285714,True,False
T4-E023,dummy_median,val_cold,da rye choi,최다르예,5216400.0,14.944069923000336,3091200.0000000014,0.40740740740740716,ink,canvas,8.987196820661973,1.25,True,False
T4-E023,dummy_median,val_cold,da rye choi,최다르예,12972000.0,14.944069923000336,3091200.0000000014,0.7617021276595743,ink,paper,9.956668065006854,1.2442396313364057,True,False
T4-E023,dummy_median,val_cold,da rye choi,최다르예,7845300.0,14.944069923000336,3091200.0000000014,0.6059806508355319,ink,paper,9.444550462634185,1.343298969072165,True,False
T4-E023,dummy_median,val_cold,hyunju kim,김현주,1018440.0,14.944069923000336,3091200.0000000014,2.0352303523035244,mixed_media,fabric,6.601230118728877,1.391304347826087,True,False
T4-E023,dummy_median,val_cold,hyunju kim,김현주,1435200.0,14.944069923000336,3091200.0000000014,1.1538461538461549,oil,canvas,7.6450716778532195,1.0,True,False
T4-E023,dummy_median,val_cold,hyunju kim,김현주,5837400.0,14.944069923000336,3091200.0000000014,0.4704491725768319,mixed_media,fabric,9.017058974945886,1.3375796178343948,True,False
T4-E023,dummy_median,val_cold,hyunju kim,김현주,3960600.0,14.944069923000336,3091200.0000000014,0.21951219512195086,mixed_media,fabric,8.704170559746386,1.284671532846715,True,False
T4-E023,dummy_median,val_cold,hyunju kim,김현주,1385520.0,14.944069923000336,3091200.0000000014,1.2310756972111563,mixed_media,fabric,7.788004239509027,1.164835164835165,True,False
T4-E023,dummy_median,val_cold,hyunju kim,김현주,5210880.0,14.944069923000336,3091200.0000000014,0.4067796610169489,mixed_media,fabric,8.891511570527564,1.3755158184319118,True,False
T4-E023,dummy_median,val_cold,hyunju kim,김현주,2677200.0,14.944069923000336,3091200.0000000014,0.1546391752577325,mixed_media,fabric,8.256633298091595,1.3716981132075472,True,False
T4-E023,dummy_median,val_cold,hyunju kim,김현주,1407600.0,14.944069923000336,3091200.0000000014,1.19607843137255,ink,fabric,7.824046010856292,1.0,True,False
T4-E023,dummy_median,val_cold,hyunju kim,김현주,1449000.0,14.944069923000336,3091200.0000000014,1.1333333333333342,mixed_media,fabric,7.824046010856292,1.0,True,False
T4-E023,dummy_median,val_cold,hyunju kim,김현주,710700.0,14.944069923000336,3091200.0000000014,3.349514563106798,mixed_media,fabric,6.4256790685021326,1.7105263157894737,True,False
T4-E023,dummy_median,val_cold,kim jisu,김지수,2139000.0,14.944069923000336,3091200.0000000014,0.4451612903225813,mixed_media,canvas,8.220435822756782,1.0,True,False
T4-E023,dummy_median,val_cold,kim jisu,김지수,3850200.0,14.944069923000336,3091200.0000000014,0.19713261648745484,mixed_media,canvas,9.432707429897413,1.0,True,False
T4-E023,dummy_median,val_cold,kim jisu,김지수,4278000.0,14.944069923000336,3091200.0000000014,0.27741935483870933,mixed_media,canvas,9.16749821329769,2.0370370370370368,True,False
T4-E023,dummy_median,val_cold,hyunju kim,김현주,4609200.0,14.944069923000336,3091200.0000000014,0.32934131736526917,oil,canvas,9.26875348668302,1.2821950951281205,True,False
T4-E023,dummy_median,val_cold,hyunju kim,김현주,814200.0,14.944069923000336,3091200.0000000014,2.7966101694915273,oil,canvas,6.834141461636891,1.0,True,False
T4-E023,dummy_median,val_cold,byung taek jeon,전병택,15373200.0,14.944069923000336,3091200.0000000014,0.7989228007181327,oil,canvas,9.739371960816063,1.0,True,False
T4-E023,dummy_median,val_cold,youkyoung min,민유경,12640800.0,14.944069923000336,3091200.0000000014,0.7554585152838427,painting_material,canvas,9.271322576910975,1.2835164835164834,True,False
T4-E023,dummy_median,val_cold,byung taek jeon,전병택,1366200.0,14.944069923000336,3091200.0000000014,1.2626262626262637,oil,canvas,7.634985043163826,1.0,True,False
T4-E023,dummy_median,val_cold,byung taek jeon,전병택,5533800.0,14.944069923000336,3091200.0000000014,0.4413965087281793,oil,canvas,8.891511570527564,1.3755158184319118,True,False
T4-E023,dummy_median,val_cold,byung taek jeon,전병택,7548600.0,14.944069923000336,3091200.0000000014,0.5904936014625226,oil,canvas,9.27046604580936,1.2824175824175823,True,False
T4-E023,dummy_median,val_cold,hyunju kim,김현주,2495040.0,14.944069923000336,3091200.0000000014,0.2389380530973457,oil,canvas,8.038114265962827,1.2000000000000002,True,False
T4-E023,dummy_median,val_cold,hyunju kim,김현주,2495040.0,14.944069923000336,3091200.0000000014,0.2389380530973457,oil,canvas,8.038114265962827,1.2000000000000002,True,False
T4-E023,dummy_median,val_cold,youkyoung min,민유경,1642200.0,14.944069923000336,3091200.0000000014,0.8823529411764715,acrylic,unknown,7.681421976600878,1.2958435207823962,True,False
T4-E023,dummy_median,val_cold,youkyoung min,민유경,1642200.0,14.944069923000336,3091200.0000000014,0.8823529411764715,acrylic,unknown,7.681421976600878,1.2958435207823962,True,False
T4-E023,dummy_median,val_cold,youkyoung min,민유경,10087800.0,14.944069923000336,3091200.0000000014,0.6935704514363883,acrylic,panel,9.146232691346842,1.4545454545454546,True,False
T4-E023,dummy_median,val_cold,youkyoung min,민유경,14531400.0,14.944069923000336,3091200.0000000014,0.7872744539411205,acrylic,canvas,9.958669625812112,1.244819646968534,True,False
T4-E023,dummy_median,val_cold,youkyoung min,민유경,7341600.0,14.944069923000336,3091200.0000000014,0.5789473684210524,acrylic,canvas,9.227571067237848,1.2285714285714286,True,False
T4-E023,dummy_median,val_cold,bareum kim,김바름,1516620.0,14.944069923000336,3091200.0000000014,1.038216560509555,oil,canvas,7.63542465191381,1.0,True,False
T4-E023,dummy_median,val_cold,bareum kim,김바름,3007020.0,14.944069923000336,3091200.0000000014,0.027994492886645714,oil,canvas,8.38925981490602,1.198019801980198,True,False
T4-E023,dummy_median,val_cold,bareum kim,김바름,3007020.0,14.944069923000336,3091200.0000000014,0.027994492886645714,oil,canvas,8.391624163435381,1.1965079887992094,True,False
T4-E023,dummy_median,val_cold,bareum kim,김바름,1516620.0,14.944069923000336,3091200.0000000014,1.038216560509555,oil,canvas,7.6341055356738385,1.0,True,False
T4-E023,dummy_median,val_cold,bareum kim,김바름,1516620.0,14.944069923000336,3091200.0000000014,1.038216560509555,oil,canvas,7.6341055356738385,1.0,True,False
T4-E023,dummy_median,val_cold,bareum kim,김바름,4428420.0,14.944069923000336,3091200.0000000014,0.30196322842006823,oil,canvas,8.517193191416238,2.0,True,False
T4-E023,dummy_median,val_cold,bareum kim,김바름,959100.0,14.944069923000336,3091200.0000000014,2.2230215827338142,oil,canvas,7.170596352834887,1.2861635220125784,True,False
T4-E023,dummy_median,val_cold,bareum kim,김바름,2993220.0,14.944069923000336,3091200.0000000014,0.032733978792070545,oil,canvas,8.256633298091595,1.3716981132075472,True,False
T4-E023,dummy_median,val_cold,bareum kim,김바름,959100.0,14.944069923000336,3091200.0000000014,2.2230215827338142,oil,canvas,7.170596352834887,1.2861635220125784,True,False
T4-E023,dummy_median,val_cold,bareum kim,김바름,4469820.0,14.944069923000336,3091200.0000000014,0.3084285273232476,oil,canvas,8.796101385722906,1.250343878954608,True,False
T4-E023,dummy_median,val_cold,bareum kim,김바름,1516620.0,14.944069923000336,3091200.0000000014,1.038216560509555,oil,canvas,7.6341055356738385,1.0,True,False
T4-E023,dummy_median,val_cold,bareum kim,김바름,14484480.0,14.944069923000336,3091200.0000000014,0.7865853658536585,oil,canvas,9.663541120184696,1.672164948453608,True,False
T4-E023,dummy_median,val_cold,bareum kim,김바름,4469820.0,14.944069923000336,3091200.0000000014,0.3084285273232476,oil,canvas,8.796101385722906,1.250343878954608,True,False
T4-E023,dummy_median,val_cold,bareum kim,김바름,4456020.0,14.944069923000336,3091200.0000000014,0.30628677609166893,oil,canvas,8.685684550397957,1.3963133640552998,True,False
T4-E023,dummy_median,val_cold,bareum kim,김바름,3007020.0,14.944069923000336,3091200.0000000014,0.027994492886645714,oil,canvas,8.306472160100585,2.0,True,False
T4-E023,dummy_median,val_cold,bareum kim,김바름,2993220.0,14.944069923000336,3091200.0000000014,0.032733978792070545,oil,canvas,8.304693591730816,2.0,True,False
T4-E023,dummy_median,val_cold,bareum kim,김바름,21321234.0,14.944069923000336,3091200.0000000014,0.8550177724234911,oil,canvas,9.9836347162924,1.7243532560214097,True,False
T4-E023,dummy_median,val_cold,bareum kim,김바름,14622480.0,14.944069923000336,3091200.0000000014,0.7885994714986786,oil,canvas,9.958669625812112,1.244819646968534,True,False
T4-E023,dummy_median,val_cold,bareum kim,김바름,14622480.0,14.944069923000336,3091200.0000000014,0.7885994714986786,oil,canvas,9.95934757104778,1.245663852647736,True,False
T4-E023,dummy_median,val_cold,byung taek jeon,전병택,15732000.0,14.944069923000336,3091200.0000000014,0.8035087719298244,oil,canvas,9.663541120184696,1.672164948453608,True,False
T4-E023,dummy_median,val_cold,byung taek jeon,전병택,15773400.0,14.944069923000336,3091200.0000000014,0.8040244969378827,oil,canvas,9.742746453525497,1.0,True,False
T4-E023,dummy_median,val_cold,byung taek jeon,전병택,17250000.0,14.944069923000336,3091200.0000000014,0.8207999999999999,oil,canvas,9.986357030358423,1.7321428571428572,True,False
T4-E023,dummy_median,val_cold,byung taek jeon,전병택,1338600.0,14.944069923000336,3091200.0000000014,1.309278350515465,oil,canvas,6.802394763324311,1.0,True,False
T4-E023,dummy_median,val_cold,byung taek jeon,전병택,1352400.0,14.944069923000336,3091200.0000000014,1.2857142857142867,oil,canvas,6.674561391814426,1.375,True,False
T4-E023,dummy_median,val_cold,byung taek jeon,전병택,1338600.0,14.944069923000336,3091200.0000000014,1.309278350515465,oil,canvas,6.386879319362645,1.2272727272727273,True,False
T4-E023,dummy_median,val_cold,youkyoung min,민유경,2332200.0,14.944069923000336,3091200.0000000014,0.32544378698224913,acrylic,canvas,7.788004239509027,1.164835164835165,True,False
T4-E023,dummy_median,val_cold,ul o,오우르,5935380.0,14.944069923000336,3091200.0000000014,0.47919088584050196,acrylic,canvas,7.4627501210592655,1.2,True,False
T4-E023,dummy_median,val_cold,hyekyung lee,이혜경,17912400.0,14.944069923000336,3091200.0000000014,0.8274268104776579,ceramic,canvas,9.69523261371567,1.2946428571428572,True,False
T4-E023,dummy_median,val_cold,sori choi,최소리,55641600.0,14.944069923000336,3091200.0000000014,0.9444444444444444,oil,unknown,9.574983485564092,1.0,True,False
T4-E023,dummy_median,val_cold,sori choi,최소리,69441600.0,14.944069923000336,3091200.0000000014,0.9554848966613673,oil,unknown,9.574983485564092,1.0,True,False
T4-E023,dummy_median,val_cold,sori choi,최소리,20989800.0,14.944069923000336,3091200.0000000014,0.8527284681130834,oil,unknown,8.881836305004146,2.0,True,False
T4-E023,dummy_median,val_cold,dallrye kang,강달예,2097600.0,14.944069923000336,3091200.0000000014,0.47368421052631643,oil,canvas,7.677964745552775,1.2920029347028612,True,False
T4-E023,dummy_median,val_cold,dallrye kang,강달예,2097600.0,14.944069923000336,3091200.0000000014,0.47368421052631643,oil,canvas,7.677964745552775,1.2920029347028612,True,False
T4-E023,dummy_median,val_cold,dallrye kang,강달예,3995100.0,14.944069923000336,3091200.0000000014,0.2262521588946456,oil,canvas,8.682031740515088,1.3946478006767151,True,False
T4-E023,dummy_median,val_cold,dallrye kang,강달예,2097600.0,14.944069923000336,3091200.0000000014,0.47368421052631643,oil,canvas,7.677964745552775,1.2920029347028612,True,False
T4-E023,dummy_median,val_cold,dallrye kang,강달예,2263200.0,14.944069923000336,3091200.0000000014,0.36585365853658597,oil,canvas,8.009429874000247,1.2143431096826034,True,False
T4-E023,dummy_median,val_cold,dallrye kang,강달예,2967000.0,14.944069923000336,3091200.0000000014,0.04186046511627954,oil,canvas,8.252594945469262,1.3749763392012115,True,False
T4-E023,dummy_median,val_cold,dallrye kang,강달예,2097600.0,14.944069923000336,3091200.0000000014,0.47368421052631643,oil,canvas,7.784131979013144,1.16186496591159,True,False
T4-E023,dummy_median,val_cold,dallrye kang,강달예,3995100.0,14.944069923000336,3091200.0000000014,0.2262521588946456,oil,canvas,8.682031740515088,1.3946478006767151,True,False
T4-E023,dummy_median,val_cold,dallrye kang,강달예,3995100.0,14.944069923000336,3091200.0000000014,0.2262521588946456,oil,canvas,8.682031740515088,1.3946478006767151,True,False
T4-E023,dummy_median,val_cold,sonkyong kim,김선경,1159200.0,14.944069923000336,3091200.0000000014,1.6666666666666679,mixed_media,paper,7.173038356490439,1.2893081761006289,True,False
T4-E023,dummy_median,val_cold,junsoo kim,김준수,828000.0,14.944069923000336,3091200.0000000014,2.733333333333335,oil,canvas,6.888208682907167,1.6842105263157896,True,False
T4-E023,dummy_median,val_cold,junsoo kim,김준수,828000.0,14.944069923000336,3091200.0000000014,2.733333333333335,oil,canvas,6.834141461636891,1.0,True,False
T4-E023,dummy_median,val_cold,dagyeong yun,윤다그영,6734400.0,14.944069923000336,3091200.0000000014,0.5409836065573769,mixed_media,canvas,9.808221471759428,1.446922390722569,True,False
T4-E023,dummy_median,val_cold,dagyeong yun,윤다그영,2111400.0,14.944069923000336,3091200.0000000014,0.46405228758170003,mixed_media,canvas,8.614054894258702,1.5,True,False
T4-E023,dummy_median,val_cold,dagyeong yun,윤다그영,3443100.0,14.944069923000336,3091200.0000000014,0.10220440881763486,mixed_media,canvas,9.25246455827658,1.3079507278835387,True,False
T4-E023,dummy_median,val_cold,dagyeong yun,윤다그영,2125200.0,14.944069923000336,3091200.0000000014,0.4545454545454552,mixed_media,canvas,8.685684550397957,1.3963133640552998,True,False
T4-E023,dummy_median,val_cold,dagyeong yun,윤다그영,6706800.0,14.944069923000336,3091200.0000000014,0.5390946502057611,mixed_media,canvas,9.7396789682616,1.0,True,False
T4-E023,dummy_median,val_cold,dagyeong yun,윤다그영,1440720.0,14.944069923000336,3091200.0000000014,1.1455938697318018,mixed_media,canvas,8.256633298091595,1.3716981132075472,True,False
T4-E023,dummy_median,val_cold,dagyeong yun,윤다그영,841800.0,14.944069923000336,3091200.0000000014,2.6721311475409855,mixed_media,canvas,6.735970019943069,1.4380165289256197,True,False
T4-E023,dummy_median,val_cold,dagyeong yun,윤다그영,418140.0,14.944069923000336,3091200.0000000014,6.392739273927396,mixed_media,canvas,6.735970019943069,1.4380165289256197,True,False
T4-E023,dummy_median,val_cold,byung taek jeon,전병택,1407600.0,14.944069923000336,3091200.0000000014,1.19607843137255,oil,canvas,6.802394763324311,1.0,True,False
T4-E023,dummy_median,val_cold,dagyeong yun,윤다그영,3933000.0,14.944069923000336,3091200.0000000014,0.21403508771929788,mixed_media,canvas,9.146232691346842,1.4545454545454546,True,False
T4-E023,dummy_median,val_cold,dallrye kang,강달예,2346000.0,14.944069923000336,3091200.0000000014,0.31764705882353,oil,canvas,8.666722925385201,2.25,True,False
T4-E023,dummy_median,val_cold,dallrye kang,강달예,680340.0,14.944069923000336,3091200.0000000014,3.543610547667345,oil,canvas,6.938517240632178,1.5984251968503935,True,False
T4-E023,dummy_median,val_cold,dallrye kang,강달예,1407600.0,14.944069923000336,3091200.0000000014,1.19607843137255,acrylic,canvas,9.28212135307077,1.2159574468085106,True,False
T4-E023,dummy_median,val_cold,dallrye kang,강달예,2221800.0,14.944069923000336,3091200.0000000014,0.3913043478260876,oil,canvas,7.49911776523014,1.4285714285714284,True,False
T4-E023,dummy_median,val_cold,dallrye kang,강달예,2760000.0,14.944069923000336,3091200.0000000014,0.12000000000000051,acrylic,canvas,9.93928852117675,1.2352941176470589,True,False
T4-E023,dummy_median,val_cold,sori choi,최소리,28110600.0,14.944069923000336,3091200.0000000014,0.8900343642611683,oil,unknown,9.436997742590188,1.0,True,False
T4-E023,dummy_median,val_cold,sori choi,최소리,124890000.0,14.944069923000336,3091200.0000000014,0.9752486187845304,oil,canvas,9.991498429858842,1.5166666666666666,True,False
T4-E023,dummy_median,val_cold,sori choi,최소리,5740800.0,14.944069923000336,3091200.0000000014,0.4615384615384613,sculpture_material,glass,7.8636512654486515,1.0,True,False
T4-E023,dummy_median,val_cold,sori choi,최소리,33630600.0,14.944069923000336,3091200.0000000014,0.9080837094788674,sculpture_material,unknown,9.436997742590188,1.0,True,False
T4-E023,dummy_median,val_cold,sori choi,최소리,5685600.0,14.944069923000336,3091200.0000000014,0.4563106796116502,oil,unknown,7.783224016336037,1.5,True,False
T4-E023,dummy_median,val_cold,sori choi,최소리,5699400.0,14.944069923000336,3091200.0000000014,0.4576271186440676,sculpture_material,unknown,7.8636512654486515,1.0,True,False
T4-E023,dummy_median,val_cold,eunju park,박은주,3256800.0,14.944069923000336,3091200.0000000014,0.05084745762711822,mixed_media,paper,9.190793775901213,1.0526315789473684,True,False
T4-E023,dummy_median,val_cold,eunju park,박은주,1559400.0,14.944069923000336,3091200.0000000014,0.9823008849557531,mixed_media,paper,7.855792709168872,1.5625,True,False
T4-E023,dummy_median,val_cold,eunju park,박은주,2332200.0,14.944069923000336,3091200.0000000014,0.32544378698224913,mixed_media,paper,9.09850534181074,1.272727272727273,True,False
T4-E023,dummy_median,val_cold,eunju park,박은주,3215400.0,14.944069923000336,3091200.0000000014,0.03862660944205965,mixed_media,paper,9.178367111675254,1.1583552055993,True,False
T4-E023,dummy_median,val_cold,eunju park,박은주,1766400.0,14.944069923000336,3091200.0000000014,0.7500000000000008,mixed_media,paper,7.934158422352449,1.0,True,False
T4-E023,dummy_median,val_cold,eunju park,박은주,1780200.0,14.944069923000336,3091200.0000000014,0.7364341085271325,mixed_media,paper,8.577083425989303,1.7000715819613457,True,False
T4-E023,dummy_median,val_cold,eunju park,박은주,1766400.0,14.944069923000336,3091200.0000000014,0.7500000000000008,mixed_media,paper,8.714387597032898,1.6950283616950284,True,False
T4-E023,dummy_median,val_cold,seontae hwang,황선태,17250000.0,14.944069923000336,3091200.0000000014,0.8207999999999999,sculpture_material,glass,8.116715624819111,1.34,True,False
T4-E023,dummy_median,val_cold,seontae hwang,황선태,17250000.0,14.944069923000336,3091200.0000000014,0.8207999999999999,sculpture_material,glass,8.116715624819111,1.34,True,False
T4-E023,dummy_median,val_cold,xooang choi,최수앙,11040000.0,14.944069923000336,3091200.0000000014,0.7199999999999999,mixed_media,metal,6.802394763324311,2.7777777777777777,True,True
T4-E023,dummy_median,val_cold,seontae hwang,황선태,17250000.0,14.944069923000336,3091200.0000000014,0.8207999999999999,sculpture_material,glass,8.116715624819111,1.34,True,False
T4-E023,dummy_median,val_cold,xooang choi,최수앙,5520000.0,14.944069923000336,3091200.0000000014,0.4399999999999997,sculpture_material,metal,6.022236205774735,1.5151515151515151,True,True
T4-E023,dummy_median,val_cold,seontae hwang,황선태,17250000.0,14.944069923000336,3091200.0000000014,0.8207999999999999,sculpture_material,glass,8.116715624819111,1.34,True,False
T4-E023,dummy_median,val_cold,seontae hwang,황선태,17250000.0,14.944069923000336,3091200.0000000014,0.8207999999999999,sculpture_material,glass,8.116715624819111,1.34,True,False
T4-E023,dummy_median,val_cold,xooang choi,최수앙,5520000.0,14.944069923000336,3091200.0000000014,0.4399999999999997,sculpture_material,metal,6.022236205774735,1.5151515151515151,True,True
T4-E023,dummy_median,val_cold,xooang choi,최수앙,5520000.0,14.944069923000336,3091200.0000000014,0.4399999999999997,sculpture_material,metal,6.022236205774735,1.5151515151515151,True,True
T4-E023,dummy_median,val_cold,seontae hwang,황선태,17250000.0,14.944069923000336,3091200.0000000014,0.8207999999999999,sculpture_material,glass,8.116715624819111,1.34,True,False
T4-E023,dummy_median,val_cold,xooang choi,최수앙,14352000.0,14.944069923000336,3091200.0000000014,0.7846153846153845,mixed_media,paper,7.914252278742441,2.111111111111111,True,True
T4-E023,dummy_median,val_cold,byun sanghwan,변상환,38640.0,14.944069923000336,3091200.0000000014,79.00000000000004,sculpture_material,unknown,3.1135153092103742,1.1111111111111112,True,True
T4-E023,dummy_median,val_cold,yoo geun taek,유근택,5520000.0,14.944069923000336,3091200.0000000014,0.4399999999999997,mixed_media,unknown,6.1092475827643655,1.3888888888888888,True,False
T4-E023,dummy_median,val_cold,xooang choi,최수앙,38640000.0,14.944069923000336,3091200.0000000014,0.92,mixed_media,paper,8.774312958285378,1.7377049180327868,True,True
T4-E023,dummy_median,val_cold,xooang choi,최수앙,29808000.0,14.944069923000336,3091200.0000000014,0.8962962962962963,mixed_media,paper,8.150467911624004,1.711111111111111,True,True
T4-E023,dummy_median,val_cold,xooang choi,최수앙,22080000.0,14.944069923000336,3091200.0000000014,0.86,mixed_media,unknown,7.207118856207756,3.736842105263158,True,True
T4-E023,dummy_median,val_cold,xooang choi,최수앙,33120000.0,14.944069923000336,3091200.0000000014,0.9066666666666666,mixed_media,unknown,5.3981627015177525,1.3076923076923077,True,True
T4-E023,dummy_median,val_cold,byun sanghwan,변상환,131100.0,14.944069923000336,3091200.0000000014,22.578947368421062,sculpture_material,unknown,4.882801922586371,1.0909090909090908,True,True
T4-E023,dummy_median,val_cold,baek jin ki,백진기,3174000.0,14.944069923000336,3091200.0000000014,0.026086956521738692,sculpture_material,unknown,5.41610040220442,1.0,True,True
T4-E023,dummy_median,val_cold,xooang choi,최수앙,44160000.0,14.944069923000336,3091200.0000000014,0.93,mixed_media,unknown,7.645397699428633,3.215686274509804,True,True
T4-E023,dummy_median,val_cold,xooang choi,최수앙,44160000.0,14.944069923000336,3091200.0000000014,0.93,mixed_media,unknown,7.59965167764043,3.617021276595745,True,True
T4-E023,dummy_median,val_cold,byun sanghwan,변상환,110400.0,14.944069923000336,3091200.0000000014,27.000000000000014,sculpture_material,unknown,4.700480365792417,1.1,True,True
T4-E023,dummy_median,val_cold,xooang choi,최수앙,33120000.0,14.944069923000336,3091200.0000000014,0.9066666666666666,sculpture_material,paper,8.931155429778348,1.967741935483871,True,True
T4-E023,dummy_median,val_cold,yoo geun taek,유근택,4416000.0,14.944069923000336,3091200.0000000014,0.2999999999999997,mixed_media,unknown,6.240275845170769,1.4210526315789471,True,False
T4-E023,dummy_median,val_cold,xooang choi,최수앙,22080000.0,14.944069923000336,3091200.0000000014,0.86,mixed_media,unknown,7.116394144093465,1.5714285714285714,True,True
T4-E023,dummy_median,val_cold,baek jin ki,백진기,4692000.0,14.944069923000336,3091200.0000000014,0.34117647058823497,sculpture_material,unknown,7.580699752224563,2.5,False,False
T4-E023,dummy_median,val_cold,xooang choi,최수앙,11040000.0,14.944069923000336,3091200.0000000014,0.7199999999999999,mixed_media,metal,6.697034247666484,2.5,True,True
T4-E023,dummy_median,val_cold,baek jin ki,백진기,4692000.0,14.944069923000336,3091200.0000000014,0.34117647058823497,sculpture_material,unknown,5.863631175598097,1.375,True,True
T4-E023,dummy_median,val_cold,yoo geun taek,유근택,5520000.0,14.944069923000336,3091200.0000000014,0.4399999999999997,mixed_media,unknown,7.1459844677143876,1.7407407407407407,True,True
T4-E023,dummy_median,val_cold,xooang choi,최수앙,49680000.0,14.944069923000336,3091200.0000000014,0.9377777777777778,mixed_media,unknown,9.156939595249067,1.518987341772152,True,True
T4-E023,dummy_median,val_cold,byun sanghwan,변상환,75900.0,14.944069923000336,3091200.0000000014,39.72727272727275,sculpture_material,unknown,4.382026634673881,1.25,True,True
T4-E023,dummy_median,val_cold,xooang choi,최수앙,33120000.0,14.944069923000336,3091200.0000000014,0.9066666666666666,mixed_media,unknown,8.565602330623925,3.1219512195121952,True,True
T4-E023,dummy_median,val_cold,baek jin ki,백진기,3450000.0,14.944069923000336,3091200.0000000014,0.10399999999999959,other,unknown,8.15507488781144,1.0,False,False
T4-E023,dummy_median,val_cold,baek jin ki,백진기,5244000.0,14.944069923000336,3091200.0000000014,0.4105263157894734,sculpture_material,unknown,7.313220387090301,1.6666666666666667,True,True
T4-E023,dummy_median,val_cold,xooang choi,최수앙,22080000.0,14.944069923000336,3091200.0000000014,0.86,mixed_media,unknown,7.187657164114956,1.8148148148148149,True,True
T4-E023,dummy_median,val_cold,xooang choi,최수앙,22080000.0,14.944069923000336,3091200.0000000014,0.86,mixed_media,unknown,8.17131687471973,4.206896551724138,True,True
T4-E023,dummy_median,val_cold,xooang choi,최수앙,27600000.0,14.944069923000336,3091200.0000000014,0.888,mixed_media,unknown,8.196161139282902,3.774193548387097,True,True
T4-E023,dummy_median,val_cold,baek jin ki,백진기,3036000.0,14.944069923000336,3091200.0000000014,0.018181818181818642,sculpture_material,unknown,6.802394763324311,2.25,True,True
T4-E023,dummy_median,val_cold,xooang choi,최수앙,35328000.0,14.944069923000336,3091200.0000000014,0.9125,mixed_media,paper,8.85623355614316,2.086206896551724,True,True
T4-E023,dummy_median,val_cold,baek jin ki,백진기,3450000.0,14.944069923000336,3091200.0000000014,0.10399999999999959,sculpture_material,unknown,7.945023937409195,3.8703703703703702,False,False
T4-E023,dummy_median,val_cold,baek jin ki,백진기,4692000.0,14.944069923000336,3091200.0000000014,0.34117647058823497,sculpture_material,unknown,6.189290290437902,3.12,True,True
T4-E023,dummy_median,val_cold,xooang choi,최수앙,22080000.0,14.944069923000336,3091200.0000000014,0.86,mixed_media,unknown,6.792344427470809,1.2222222222222223,True,True
T4-E023,dummy_median,val_cold,jae yun lee,이재윤,6900000.0,14.944069923000336,3091200.0000000014,0.5519999999999998,painting_material,unknown,7.944492163932159,1.2765957446808511,True,True
T4-E023,dummy_median,val_cold,jae yun lee,이재윤,6900000.0,14.944069923000336,3091200.0000000014,0.5519999999999998,painting_material,unknown,7.491087593534876,2.2857142857142856,True,True
T4-E023,dummy_median,val_cold,nam tchun mo,남춘모,5244000.0,14.944069923000336,3091200.0000000014,0.4105263157894734,sculpture_material,glass,6.4692503167957724,1.3953488372093024,False,False
T4-E023,dummy_median,val_cold,xooang choi,최수앙,14352000.0,14.944069923000336,3091200.0000000014,0.7846153846153845,mixed_media,paper,7.940227765145702,1.8461538461538465,True,True
T4-E023,dummy_median,val_cold,xooang choi,최수앙,5520000.0,14.944069923000336,3091200.0000000014,0.4399999999999997,sculpture_material,metal,6.022236205774735,1.5151515151515151,True,True
T4-E023,dummy_median,val_cold,jungmook jung 해청 정정묵,해청 정정묵,4140000.0,14.944069923000336,3091200.0000000014,0.253333333333333,ceramic,unknown,6.396929655216146,1.5,False,False
T4-E023,dummy_median,val_cold,jungmook jung 해청 정정묵,해청 정정묵,11040000.0,14.944069923000336,3091200.0000000014,0.7199999999999999,ceramic,unknown,6.436150368369428,1.0833333333333333,False,False
T4-E023,dummy_median,val_cold,jungmook jung 해청 정정묵,해청 정정묵,2760000.0,14.944069923000336,3091200.0000000014,0.12000000000000051,ceramic,unknown,5.278114659230517,1.0,False,False
T4-E023,dummy_median,val_cold,nam tchun mo,남춘모,5244000.0,14.944069923000336,3091200.0000000014,0.4105263157894734,sculpture_material,glass,6.4692503167957724,1.3953488372093024,False,False
T4-E023,dummy_median,val_cold,xooang choi,최수앙,27600000.0,14.944069923000336,3091200.0000000014,0.888,mixed_media,unknown,9.29725174396548,1.0693069306930694,True,True
T4-E023,dummy_median,val_cold,baek jin ki,백진기,20700000.0,14.944069923000336,3091200.0000000014,0.8506666666666667,sculpture_material,unknown,8.431635303054591,2.2666666666666666,True,True
T4-E023,dummy_median,val_cold,baek jin ki,백진기,7176000.0,14.944069923000336,3091200.0000000014,0.569230769230769,sculpture_material,unknown,8.101677747454572,1.0909090909090908,True,False
T4-E023,dummy_median,val_cold,baek jin ki,백진기,4416000.0,14.944069923000336,3091200.0000000014,0.2999999999999997,sculpture_material,unknown,7.461640392208575,1.9333333333333331,True,True
T4-E023,dummy_median,val_cold,xooang choi,최수앙,27600000.0,14.944069923000336,3091200.0000000014,0.888,mixed_media,unknown,7.43955930913332,1.2432432432432432,True,True
T4-E023,dummy_median,val_cold,xooang choi,최수앙,22080000.0,14.944069923000336,3091200.0000000014,0.86,mixed_media,unknown,8.090708716083997,1.4166666666666667,True,True
T4-E023,dummy_median,val_cold,xooang choi,최수앙,22080000.0,14.944069923000336,3091200.0000000014,0.86,mixed_media,unknown,7.933796874815411,3.1,True,True
T4-E023,dummy_median,val_cold,baek jin ki,백진기,4692000.0,14.944069923000336,3091200.0000000014,0.34117647058823497,sculpture_material,unknown,6.061456918928017,2.5384615384615383,True,True
T4-E023,dummy_median,val_cold,jae yun lee,이재윤,6900000.0,14.944069923000336,3091200.0000000014,0.5519999999999998,sculpture_material,unknown,7.7075301719668365,1.532808398950131,True,True
T4-E023,dummy_median,val_cold,byun sanghwan,변상환,1324800.0,14.944069923000336,3091200.0000000014,1.3333333333333344,sculpture_material,unknown,5.721131112990814,1.121212121212121,True,True
T4-E023,dummy_median,val_cold,baek jin ki,백진기,3450000.0,14.944069923000336,3091200.0000000014,0.10399999999999959,other,unknown,8.15507488781144,1.0,False,False
T4-E023,dummy_median,val_cold,xooang choi,최수앙,16560000.0,14.944069923000336,3091200.0000000014,0.8133333333333332,mixed_media,unknown,6.003887067106539,1.8,True,True
T4-E023,dummy_median,val_cold,yoo geun taek,유근택,8832000.0,14.944069923000336,3091200.0000000014,0.6499999999999998,mixed_media,unknown,7.003065458786462,2.272727272727273,True,False
T4-E023,dummy_median,val_cold,baek jin ki,백진기,4416000.0,14.944069923000336,3091200.0000000014,0.2999999999999997,sculpture_material,unknown,7.138866999945524,1.4,False,False
T4-E023,dummy_median,val_cold,baek jin ki,백진기,2346000.0,14.944069923000336,3091200.0000000014,0.31764705882353,sculpture_material,unknown,5.799092654460526,1.4666666666666666,True,False
T4-E023,dummy_median,val_cold,baek jin ki,백진기,5796000.0,14.944069923000336,3091200.0000000014,0.46666666666666645,sculpture_material,unknown,7.3031700512368,1.3636363636363635,True,False
T4-E023,dummy_median,val_cold,xooang choi,최수앙,22080000.0,14.944069923000336,3091200.0000000014,0.86,mixed_media,unknown,8.60337088765729,2.18,True,True
T4-E023,dummy_median,val_cold,jae yun lee,이재윤,13800000.0,14.944069923000336,3091200.0000000014,0.7759999999999999,sculpture_material,unknown,7.215239978730097,1.1764705882352942,True,True
T4-E023,dummy_median,val_cold,baek jin ki,백진기,15870000.0,14.944069923000336,3091200.0000000014,0.8052173913043477,sculpture_material,unknown,7.824046010856292,4.0,True,False
T4-E023,dummy_median,val_cold,baek jin ki,백진기,4830000.0,14.944069923000336,3091200.0000000014,0.3599999999999997,sculpture_material,unknown,9.210340371976184,1.0,True,False
T4-E023,dummy_median,val_cold,jae yun lee,이재윤,13800000.0,14.944069923000336,3091200.0000000014,0.7759999999999999,mixed_media,unknown,7.1891677384203225,2.12,True,True
T4-E023,dummy_median,val_cold,jungmook jung 해청 정정묵,해청 정정묵,41400000.0,14.944069923000336,3091200.0000000014,0.9253333333333333,ceramic,unknown,7.326465613840322,1.0526315789473684,False,False
T4-E023,dummy_median,val_cold,baek jin ki,백진기,2346000.0,14.944069923000336,3091200.0000000014,0.31764705882353,sculpture_material,unknown,6.828712071641684,1.9090909090909092,True,True
T4-E023,dummy_median,val_cold,baek jin ki,백진기,4416000.0,14.944069923000336,3091200.0000000014,0.2999999999999997,sculpture_material,unknown,6.51025834052315,1.5238095238095235,True,True
T4-E023,dummy_median,val_cold,xooang choi,최수앙,35328000.0,14.944069923000336,3091200.0000000014,0.9125,mixed_media,paper,8.85623355614316,2.086206896551724,True,True
T4-E023,dummy_median,val_cold,byun sanghwan,변상환,1324800.0,14.944069923000336,3091200.0000000014,1.3333333333333344,sculpture_material,unknown,5.3981627015177525,1.3076923076923077,True,True
T4-E023,dummy_median,val_cold,xooang choi,최수앙,27600000.0,14.944069923000336,3091200.0000000014,0.888,mixed_media,unknown,8.36799688505411,1.2372881355932204,True,True
T4-E023,dummy_median,val_cold,jungmook jung 해청 정정묵,해청 정정묵,69000000.0,14.944069923000336,3091200.0000000014,0.9552,ceramic,unknown,7.076653815443951,1.15625,False,False
T4-E023,dummy_median,val_cold,jungmook jung 해청 정정묵,해청 정정묵,41400000.0,14.944069923000336,3091200.0000000014,0.9253333333333333,ceramic,unknown,6.476972362889683,1.04,False,False
T4-E023,dummy_median,val_cold,jungmook jung 해청 정정묵,해청 정정묵,11040000.0,14.944069923000336,3091200.0000000014,0.7199999999999999,ceramic,unknown,6.684611727667927,2.0,False,False
T4-E023,dummy_median,val_cold,xooang choi,최수앙,27600000.0,14.944069923000336,3091200.0000000014,0.888,mixed_media,unknown,7.598399329323964,1.6285714285714286,True,True
T4-E023,dummy_median,val_cold,jae yun lee,이재윤,13800000.0,14.944069923000336,3091200.0000000014,0.7759999999999999,sculpture_material,unknown,7.049254841255837,1.125,True,True
T4-E023,dummy_median,val_cold,jae yun lee,이재윤,4140000.0,14.944069923000336,3091200.0000000014,0.253333333333333,sculpture_material,unknown,6.269096283706261,3.6666666666666665,True,True
T4-E023,dummy_median,val_cold,baek jin ki,백진기,3450000.0,14.944069923000336,3091200.0000000014,0.10399999999999959,sculpture_material,unknown,8.15507488781144,1.0,False,False
T4-E023,dummy_median,val_cold,jungmook jung 해청 정정묵,해청 정정묵,4140000.0,14.944069923000336,3091200.0000000014,0.253333333333333,ceramic,unknown,6.620073206530356,1.2,False,False
T4-E023,dummy_median,val_cold,byun sanghwan,변상환,1449000.0,14.944069923000336,3091200.0000000014,1.1333333333333342,sculpture_material,unknown,5.717027701406222,1.1875,True,True
T4-E023,dummy_median,val_cold,byun sanghwan,변상환,1932000.0,14.944069923000336,3091200.0000000014,0.6000000000000008,mixed_media,unknown,8.357962965845681,1.50093808630394,False,False
T4-E023,dummy_median,val_cold,byun sanghwan,변상환,1932000.0,14.944069923000336,3091200.0000000014,0.6000000000000008,mixed_media,unknown,8.357962965845681,1.50093808630394,False,False
T4-E023,dummy_median,val_cold,byun sanghwan,변상환,3864000.0,14.944069923000336,3091200.0000000014,0.19999999999999965,mixed_media,unknown,9.169518377455928,1.5,False,False
T4-E023,dummy_median,val_cold,xooang choi,최수앙,1269600.0,14.944069923000336,3091200.0000000014,1.4347826086956532,mixed_media,paper,7.128816664092023,1.414141414141414,False,False
T4-E023,dummy_median,val_cold,xooang choi,최수앙,1269600.0,14.944069923000336,3091200.0000000014,1.4347826086956532,mixed_media,paper,7.128816664092023,1.414141414141414,False,False
T4-E023,dummy_median,val_cold,ha chong hyun,하종현,19320000.0,14.944069923000336,3091200.0000000014,0.8399999999999999,mixed_media,paper,8.350902451694811,1.2586206896551724,False,False
T4-E023,dummy_median,val_cold,ha chong hyun,하종현,44063400.0,14.944069923000336,3091200.0000000014,0.929846539304729,textile,fabric,9.273033441314606,1.2857142857142858,False,False
T4-E023,dummy_median,val_cold,ha chong hyun,하종현,21459000.0,14.944069923000336,3091200.0000000014,0.8559485530546623,mixed_media,paper,8.350902451694811,1.2586206896551724,False,False
T4-E023,dummy_median,val_cold,yoo geun taek,유근택,5520000.0,14.944069923000336,3091200.0000000014,0.4399999999999997,mixed_media,unknown,7.003065458786462,2.272727272727273,False,False
T4-E023,dummy_median,val_cold,yoo geun taek,유근택,3312000.0,14.944069923000336,3091200.0000000014,0.06666666666666625,mixed_media,unknown,6.240275845170769,1.4210526315789471,False,False
T4-E023,dummy_median,val_cold,ha chong hyun,하종현,22632000.0,14.944069923000336,3091200.0000000014,0.8634146341463415,textile,fabric,9.045465728785947,1.325,False,False
T4-E023,dummy_median,val_cold,byun sanghwan,변상환,2001000.0,14.944069923000336,3091200.0000000014,0.5448275862068972,mixed_media,paper,7.944492163932159,1.7625,False,False
T4-E023,dummy_median,val_cold,ha chong hyun,하종현,23322000.0,14.944069923000336,3091200.0000000014,0.8674556213017751,textile,fabric,8.638348312972704,1.2205882352941178,False,False
T4-E023,dummy_median,val_cold,byun sanghwan,변상환,3312000.0,14.944069923000336,3091200.0000000014,0.06666666666666625,mixed_media,paper,8.760962560524103,1.283687943262411,False,False
T4-E023,dummy_median,val_cold,byun sanghwan,변상환,2001000.0,14.944069923000336,3091200.0000000014,0.5448275862068972,mixed_media,paper,7.944492163932159,1.7625,False,False
T4-E023,dummy_median,val_cold,byun sanghwan,변상환,3036000.0,14.944069923000336,3091200.0000000014,0.018181818181818642,mixed_media,paper,8.160518247477505,2.857142857142857,False,False
T4-E023,dummy_median,val_cold,byun sanghwan,변상환,4968000.0,14.944069923000336,3091200.0000000014,0.3777777777777775,mixed_media,paper,9.116029692504942,1.8571428571428572,False,False
T4-E023,dummy_median,val_cold,lee kang so,이강소,8280000.0,14.944069923000336,3091200.0000000014,0.6266666666666665,print,unknown,8.85366542803745,1.4285714285714286,False,False
T4-E023,dummy_median,val_cold,byun sanghwan,변상환,883200.0,14.944069923000336,3091200.0000000014,2.5000000000000018,mixed_media,paper,7.239932591320469,1.2058823529411764,False,False
T4-E023,dummy_median,val_cold,byun sanghwan,변상환,2001000.0,14.944069923000336,3091200.0000000014,0.5448275862068972,mixed_media,paper,8.160518247477505,1.4,False,False
T4-E023,dummy_median,val_cold,mannan,만난,372600.0,14.944069923000336,3091200.0000000014,7.2962962962963,mixed_media,canvas,6.915723448631314,1.75,True,False
T4-E023,dummy_median,val_cold,byun sanghwan,변상환,3312000.0,14.944069923000336,3091200.0000000014,0.06666666666666625,mixed_media,paper,8.499843553081124,2.7857142857142856,False,False
T4-E023,dummy_median,val_cold,byun sanghwan,변상환,5520000.0,14.944069923000336,3091200.0000000014,0.4399999999999997,mixed_media,paper,8.971448463693834,2.857142857142857,False,False
T4-E023,dummy_median,val_cold,byun sanghwan,변상환,3312000.0,14.944069923000336,3091200.0000000014,0.06666666666666625,mixed_media,paper,8.85366542803745,1.4285714285714286,False,False
T4-E023,dummy_median,val_cold,byun sanghwan,변상환,3312000.0,14.944069923000336,3091200.0000000014,0.06666666666666625,mixed_media,paper,8.699514748210191,1.6666666666666667,False,False
T4-E023,dummy_median,val_cold,byun sanghwan,변상환,6072000.0,14.944069923000336,3091200.0000000014,0.4909090909090907,mixed_media,paper,9.38429367909962,2.4285714285714284,False,False
T4-E023,dummy_median,val_cold,byun sanghwan,변상환,7728000.0,14.944069923000336,3091200.0000000014,0.5999999999999998,mixed_media,paper,9.546812608597396,2.857142857142857,False,False
T4-E023,dummy_median,val_cold,byun sanghwan,변상환,2001000.0,14.944069923000336,3091200.0000000014,0.5448275862068972,mixed_media,paper,7.944492163932159,1.7625,False,False
T4-E023,dummy_median,val_cold,byun sanghwan,변상환,3312000.0,14.944069923000336,3091200.0000000014,0.06666666666666625,mixed_media,paper,8.699514748210191,1.6666666666666667,False,False
T4-E023,dummy_median,val_cold,byun sanghwan,변상환,3036000.0,14.944069923000336,3091200.0000000014,0.018181818181818642,mixed_media,paper,8.160518247477505,2.857142857142857,False,False
T4-E023,dummy_median,val_cold,byun sanghwan,변상환,4968000.0,14.944069923000336,3091200.0000000014,0.3777777777777775,mixed_media,paper,9.116029692504942,1.8571428571428572,False,False
T4-E023,dummy_median,val_cold,byun sanghwan,변상환,3312000.0,14.944069923000336,3091200.0000000014,0.06666666666666625,mixed_media,paper,8.760962560524103,1.283687943262411,False,False
T4-E023,dummy_median,val_cold,byun sanghwan,변상환,3312000.0,14.944069923000336,3091200.0000000014,0.06666666666666625,mixed_media,paper,8.499843553081124,2.7857142857142856,False,False
T4-E023,dummy_median,val_cold,byun sanghwan,변상환,2001000.0,14.944069923000336,3091200.0000000014,0.5448275862068972,mixed_media,paper,8.160518247477505,1.4,False,False
T4-E023,dummy_median,val_cold,byun sanghwan,변상환,772800.0,14.944069923000336,3091200.0000000014,3.0000000000000018,mixed_media,paper,6.946975992135418,1.015625,False,False
T4-E023,dummy_median,val_cold,mannan,만난,952200.0,14.944069923000336,3091200.0000000014,2.2463768115942044,mixed_media,canvas,8.496990484098719,1.0,True,False
T4-E023,dummy_median,val_cold,byun sanghwan,변상환,3312000.0,14.944069923000336,3091200.0000000014,0.06666666666666625,mixed_media,paper,8.85366542803745,1.4285714285714286,False,False
T4-E023,dummy_median,val_cold,mannan,만난,469200.0,14.944069923000336,3091200.0000000014,5.58823529411765,mixed_media,canvas,7.67786350067821,1.35,True,False
T4-E023,dummy_median,val_cold,byun sanghwan,변상환,4968000.0,14.944069923000336,3091200.0000000014,0.3777777777777775,mixed_media,paper,9.116029692504942,1.8571428571428572,False,False
T4-E023,dummy_median,val_cold,byun sanghwan,변상환,6072000.0,14.944069923000336,3091200.0000000014,0.4909090909090907,mixed_media,paper,9.38429367909962,2.4285714285714284,False,False
T4-E023,dummy_median,val_cold,byun sanghwan,변상환,7728000.0,14.944069923000336,3091200.0000000014,0.5999999999999998,mixed_media,paper,9.546812608597396,2.857142857142857,False,False
T4-E023,dummy_median,val_cold,hwallam moon,문화르람,8280000.0,14.944069923000336,3091200.0000000014,0.6266666666666665,mixed_media,unknown,8.233662490086932,1.3766730401529637,False,False
T4-E023,dummy_median,val_cold,byun sanghwan,변상환,4968000.0,14.944069923000336,3091200.0000000014,0.3777777777777775,mixed_media,paper,9.116029692504942,1.8571428571428572,False,False
T4-E023,dummy_median,val_cold,byun sanghwan,변상환,2760000.0,14.944069923000336,3091200.0000000014,0.12000000000000051,mixed_media,paper,8.85366542803745,1.4285714285714286,False,False
T4-E023,dummy_median,val_cold,mannan,만난,759000.0,14.944069923000336,3091200.0000000014,3.0727272727272745,mixed_media,canvas,7.682482446534506,1.7714285714285714,True,False
T4-E023,dummy_median,val_cold,mannan,만난,952200.0,14.944069923000336,3091200.0000000014,2.2463768115942044,mixed_media,canvas,7.824046010856292,1.0,True,False
T4-E023,dummy_median,val_cold,xooang choi,최수앙,3312000.0,14.944069923000336,3091200.0000000014,0.06666666666666625,mixed_media,paper,7.653969180478774,1.4605263157894737,False,False
T4-E023,dummy_median,val_cold,xooang choi,최수앙,3312000.0,14.944069923000336,3091200.0000000014,0.06666666666666625,mixed_media,paper,7.644919344958857,1.4473684210526316,False,False
T4-E023,dummy_median,val_cold,byun kyung sup,변경섭,7590000.0,14.944069923000336,3091200.0000000014,0.5927272727272724,acrylic,paper,8.517193191416238,2.0,True,False
T4-E023,dummy_median,val_cold,xooang choi,최수앙,3312000.0,14.944069923000336,3091200.0000000014,0.06666666666666625,mixed_media,paper,7.653969180478774,1.4605263157894737,False,False
T4-E023,dummy_median,val_cold,xooang choi,최수앙,3312000.0,14.944069923000336,3091200.0000000014,0.06666666666666625,mixed_media,paper,7.653969180478774,1.4605263157894737,False,False
T4-E023,dummy_median,val_cold,byun kyung sup,변경섭,3174000.0,14.944069923000336,3091200.0000000014,0.026086956521738692,acrylic,paper,7.824046010856292,1.0,True,False
T4-E023,dummy_median,val_cold,lee jin young 이진영,이진영,1656000.0,14.944069923000336,3091200.0000000014,0.8666666666666675,mixed_media,paper,8.391176350832751,1.3103448275862069,False,False
T4-E023,dummy_median,val_cold,xooang choi,최수앙,3312000.0,14.944069923000336,3091200.0000000014,0.06666666666666625,mixed_media,paper,7.653969180478774,1.4605263157894737,False,False
T4-E023,dummy_median,val_cold,byun kyung sup,변경섭,1380000.0,14.944069923000336,3091200.0000000014,1.240000000000001,acrylic,paper,6.802394763324311,1.0,True,False
T4-E023,dummy_median,val_cold,xooang choi,최수앙,3312000.0,14.944069923000336,3091200.0000000014,0.06666666666666625,mixed_media,paper,7.653969180478774,1.4605263157894737,False,False
T4-E023,dummy_median,val_cold,byun kyung sup,변경섭,3174000.0,14.944069923000336,3091200.0000000014,0.026086956521738692,acrylic,paper,7.824046010856292,1.0,True,False
T4-E023,dummy_median,val_cold,byun kyung sup,변경섭,3174000.0,14.944069923000336,3091200.0000000014,0.026086956521738692,acrylic,paper,7.824046010856292,1.0,True,False
T4-E023,dummy_median,val_cold,bac jungwon,백정원_A,1380000.0,14.944069923000336,3091200.0000000014,1.240000000000001,mixed_media,fabric,6.865630352681466,1.1016949152542372,False,False
T4-E023,dummy_median,val_cold,bac jungwon,백정원_A,1380000.0,14.944069923000336,3091200.0000000014,1.240000000000001,mixed_media,fabric,6.761572768804055,1.5,False,False
T4-E023,dummy_median,val_cold,seontae hwang,황선태,14490000.0,14.944069923000336,3091200.0000000014,0.7866666666666665,sculpture_material,glass,8.081475040137052,1.346938775510204,False,False
T4-E023,dummy_median,val_cold,lee jin young 이진영,이진영,5520000.0,14.944069923000336,3091200.0000000014,0.4399999999999997,acrylic,canvas,8.1886891244442,1.0,True,False
T4-E023,dummy_median,val_cold,lee jin young 이진영,이진영,10350000.0,14.944069923000336,3091200.0000000014,0.7013333333333331,acrylic,canvas,9.27046604580936,1.2824175824175823,False,False
T4-E023,dummy_median,val_cold,nam tchun mo,남춘모,34500000.0,14.944069923000336,3091200.0000000014,0.9104,mixed_media,fabric,8.895629627136483,1.36986301369863,False,False
T4-E023,dummy_median,val_cold,lee jin young 이진영,이진영,6210000.0,14.944069923000336,3091200.0000000014,0.502222222222222,acrylic,canvas,8.797200891056324,1.2517193947730398,False,False
T4-E023,dummy_median,val_cold,jonghwan lee,이종환,1380000.0,14.944069923000336,3091200.0000000014,1.240000000000001,mixed_media,panel,7.025538314638521,1.8,False,False
T4-E023,dummy_median,val_cold,seontae hwang,황선태,48300000.0,14.944069923000336,3091200.0000000014,0.936,sculpture_material,glass,9.774175816055788,2.32183908045977,True,False
T4-E023,dummy_median,val_cold,lee jin young 이진영,이진영,5520000.0,14.944069923000336,3091200.0000000014,0.4399999999999997,acrylic,canvas,8.070906088787819,2.0,True,False
T4-E023,dummy_median,val_cold,hye yeong kim,김혜영,3615600.0,14.944069923000336,3091200.0000000014,0.1450381679389309,mixed_media,canvas,8.891511570527564,1.3755158184319118,False,False
T4-E023,dummy_median,val_cold,lee jin young 이진영,이진영,1380000.0,14.944069923000336,3091200.0000000014,1.240000000000001,acrylic,canvas,6.15006957728462,3.0,False,False
T4-E023,dummy_median,val_cold,du hyun hwang,황두현,1932000.0,14.944069923000336,3091200.0000000014,0.6000000000000008,painting_material,unknown,8.006367567650246,1.875,False,False
T4-E023,dummy_median,val_cold,du hyun hwang,황두현,1932000.0,14.944069923000336,3091200.0000000014,0.6000000000000008,painting_material,unknown,8.249313746260636,1.4705882352941178,False,False
T4-E023,dummy_median,val_cold,dain lim,임다인,6734400.0,14.944069923000336,3091200.0000000014,0.5409836065573769,oil,linen,8.390636277614743,1.1996699669966997,False,False
T4-E023,dummy_median,val_cold,hye yeong kim,김혜영,7231200.0,14.944069923000336,3091200.0000000014,0.5725190839694655,mixed_media,canvas,9.58465875108751,1.454,True,False
T4-E023,dummy_median,val_cold,lee jin young 이진영,이진영,1656000.0,14.944069923000336,3091200.0000000014,0.8666666666666675,mixed_media,paper,8.391176350832751,1.3103448275862069,False,False
T4-E023,dummy_median,val_cold,g sim seyeon,그심세연,6624000.0,14.944069923000336,3091200.0000000014,0.5333333333333331,mixed_media,canvas,9.0217190130337,1.0,False,False
T4-E023,dummy_median,val_cold,dain lim,임다인,4485000.0,14.944069923000336,3091200.0000000014,0.31076923076923046,oil,linen,8.990939806940807,1.2453300124533002,False,False
T4-E023,dummy_median,val_cold,jung boram,정보람,1725000.0,14.944069923000336,3091200.0000000014,0.7920000000000008,ink,paper,7.57353126274595,2.482142857142857,False,False
T4-E023,dummy_median,val_cold,sori choi,최소리,1380000.0,14.944069923000336,3091200.0000000014,1.240000000000001,mixed_media,metal,5.703782474656201,1.3333333333333333,False,False
T4-E023,dummy_median,val_cold,lee jin young 이진영,이진영,13800000.0,14.944069923000336,3091200.0000000014,0.7759999999999999,acrylic,canvas,9.271322576910975,1.2835164835164834,True,False
T4-E023,dummy_median,val_cold,g sim seyeon,그심세연,4140000.0,14.944069923000336,3091200.0000000014,0.253333333333333,mixed_media,canvas,8.580918882296782,1.0,False,False
T4-E023,dummy_median,val_cold,sori choi,최소리,1380000.0,14.944069923000336,3091200.0000000014,1.240000000000001,sculpture_material,metal,5.0106352940962555,1.5,False,False
T4-E023,dummy_median,val_cold,hye yeong kim,김혜영,2263200.0,14.944069923000336,3091200.0000000014,0.36585365853658597,mixed_media,canvas,8.390636277614743,1.1996699669966997,False,False
T4-E023,dummy_median,val_cold,dain lim,임다인,11205600.0,14.944069923000336,3091200.0000000014,0.7241379310344825,oil,linen,9.806976652155283,2.8375,False,False
T4-E023,dummy_median,val_cold,hwallam moon,문화르람,12420000.0,14.944069923000336,3091200.0000000014,0.751111111111111,painting_material,paper,10.265916062921828,1.4724409448818898,False,False
T4-E023,dummy_median,val_cold,du hyun hwang,황두현,3450000.0,14.944069923000336,3091200.0000000014,0.10399999999999959,painting_material,unknown,8.038770218757747,1.2007874015748032,False,False
T4-E023,dummy_median,val_cold,sori choi,최소리,1380000.0,14.944069923000336,3091200.0000000014,1.240000000000001,mixed_media,metal,5.703782474656201,1.3333333333333333,False,False
T4-E023,dummy_median,val_cold,g sim seyeon,그심세연,12420000.0,14.944069923000336,3091200.0000000014,0.751111111111111,mixed_media,canvas,9.958669625812112,1.244819646968534,False,False
T4-E023,dummy_median,val_cold,seontae hwang,황선태,30360000.0,14.944069923000336,3091200.0000000014,0.8981818181818182,sculpture_material,glass,9.006999447958153,1.275,True,False
T4-E023,dummy_median,val_cold,lee jin young 이진영,이진영,20700000.0,14.944069923000336,3091200.0000000014,0.8506666666666667,acrylic,canvas,9.94270826568941,1.2307692307692308,True,False
T4-E023,dummy_median,val_cold,kim jung ah,김정아,12000000.0,14.944069923000336,3091200.0000000014,0.7423999999999998,mixed_media,fabric,10.29160302230918,1.2115384615384617,False,False
T4-E023,dummy_median,val_cold,seontae hwang,황선태,14490000.0,14.944069923000336,3091200.0000000014,0.7866666666666665,sculpture_material,glass,8.189799618728228,1.2830188679245282,True,False
T4-E023,dummy_median,val_cold,dain lim,임다인,5602800.0,14.944069923000336,3091200.0000000014,0.44827586206896525,oil,linen,8.972178355987793,1.4993103448275862,False,False
T4-E023,dummy_median,val_cold,seontae hwang,황선태,14490000.0,14.944069923000336,3091200.0000000014,0.7866666666666665,sculpture_material,glass,8.116715624819111,1.34,True,False
T4-E023,dummy_median,val_cold,dain lim,임다인,3367200.0,14.944069923000336,3091200.0000000014,0.08196721311475369,oil,linen,8.80131894766524,1.2465753424657535,False,False
T4-E023,dummy_median,val_cold,dain lim,임다인,1131600.0,14.944069923000336,3091200.0000000014,1.731707317073172,oil,linen,7.452663438045286,1.200527704485488,False,False
T4-E023,dummy_median,val_cold,dain lim,임다인,1131600.0,14.944069923000336,3091200.0000000014,1.731707317073172,oil,linen,7.452663438045286,1.200527704485488,False,False
T4-E023,dummy_median,val_cold,joohyun kim,김주현,3450000.0,14.944069923000336,3091200.0000000014,0.10399999999999959,acrylic,canvas,9.045947923831983,1.6052269601100413,False,False
T4-E023,dummy_median,val_cold,lee jin young 이진영,이진영,1656000.0,14.944069923000336,3091200.0000000014,0.8666666666666675,mixed_media,paper,8.37378460812088,1.3333333333333333,False,False
T4-E023,dummy_median,val_cold,jung boram,정보람,7314000.0,14.944069923000336,3091200.0000000014,0.5773584905660375,mixed_media,paper,9.39532504618962,1.3617021276595744,False,False
T4-E023,dummy_median,val_cold,joohyun kim,김주현,3036000.0,14.944069923000336,3091200.0000000014,0.018181818181818642,acrylic,canvas,9.0217190130337,1.0,False,False
T4-E023,dummy_median,val_cold,lee jin young 이진영,이진영,16560000.0,14.944069923000336,3091200.0000000014,0.8133333333333332,acrylic,canvas,9.442245428958966,1.3402061855670102,True,False
T4-E023,dummy_median,val_cold,dain lim,임다인,2249400.0,14.944069923000336,3091200.0000000014,0.37423312883435644,oil,linen,8.390636277614743,1.1996699669966997,False,False
T4-E023,dummy_median,val_cold,sori choi,최소리,1380000.0,14.944069923000336,3091200.0000000014,1.240000000000001,sculpture_material,metal,5.0106352940962555,1.5,False,False
T4-E023,dummy_median,val_cold,lee jin young 이진영,이진영,20700000.0,14.944069923000336,3091200.0000000014,0.8506666666666667,acrylic,canvas,9.958669625812112,1.244819646968534,False,False
T4-E023,dummy_median,val_cold,seontae hwang,황선태,48300000.0,14.944069923000336,3091200.0000000014,0.936,sculpture_material,glass,9.520761931397454,3.5483870967741935,True,False
T4-E023,dummy_median,val_cold,dain lim,임다인,1131600.0,14.944069923000336,3091200.0000000014,1.731707317073172,oil,linen,7.452663438045286,1.200527704485488,False,False
T4-E023,dummy_median,val_cold,youkyoung min,민유경,8694000.0,14.944069923000336,3091200.0000000014,0.6444444444444443,mixed_media,wood,8.794446068377479,1.2551724137931035,False,False
T4-E023,dummy_median,val_cold,seontae hwang,황선태,48300000.0,14.944069923000336,3091200.0000000014,0.936,sculpture_material,glass,9.520761931397454,3.5483870967741935,False,False
T4-E023,dummy_median,val_cold,dain lim,임다인,5602800.0,14.944069923000336,3091200.0000000014,0.44827586206896525,oil,linen,8.972178355987793,1.4993103448275862,False,False
T4-E023,dummy_median,val_cold,lee jin young 이진영,이진영,20700000.0,14.944069923000336,3091200.0000000014,0.8506666666666667,acrylic,canvas,9.663541120184696,1.672164948453608,False,False
T4-E023,dummy_median,val_cold,kim jung ah,김정아,8000000.0,14.944069923000336,3091200.0000000014,0.6135999999999998,mixed_media,canvas,9.712932190815067,1.2719298245614037,False,False
T4-E023,dummy_median,val_cold,lee jin young 이진영,이진영,15180000.0,14.944069923000336,3091200.0000000014,0.7963636363636363,acrylic,canvas,9.444550462634185,1.343298969072165,True,False
T4-E023,dummy_median,val_cold,sori choi,최소리,16560000.0,14.944069923000336,3091200.0000000014,0.8133333333333332,mixed_media,metal,8.612503371220562,2.2,True,False
T4-E023,dummy_median,val_cold,youkyoung min,민유경,7314000.0,14.944069923000336,3091200.0000000014,0.5773584905660375,mixed_media,wood,8.373553741214627,1.1639344262295082,False,False
T4-E023,dummy_median,val_cold,g sim seyeon,그심세연,12420000.0,14.944069923000336,3091200.0000000014,0.751111111111111,mixed_media,canvas,9.7396789682616,1.0,False,False
T4-E023,dummy_median,val_cold,g sim seyeon,그심세연,11592000.0,14.944069923000336,3091200.0000000014,0.7333333333333332,mixed_media,unknown,9.958669625812112,1.244819646968534,False,False
T4-E023,dummy_median,val_cold,hye yeong kim,김혜영,2263200.0,14.944069923000336,3091200.0000000014,0.36585365853658597,mixed_media,canvas,8.390636277614743,1.1996699669966997,False,False
T4-E023,dummy_median,val_cold,g sim seyeon,그심세연,4692000.0,14.944069923000336,3091200.0000000014,0.34117647058823497,mixed_media,canvas,8.580918882296782,1.0,False,False
T4-E023,dummy_median,val_cold,jung boram,정보람,1725000.0,14.944069923000336,3091200.0000000014,0.7920000000000008,ink,paper,7.57353126274595,2.482142857142857,False,False
T4-E023,dummy_median,val_cold,yun woo seung,윤우승,4554000.0,14.944069923000336,3091200.0000000014,0.3212121212121209,mixed_media,unknown,8.144679183447758,1.2264150943396226,False,False
T4-E023,dummy_median,val_cold,dain lim,임다인,11205600.0,14.944069923000336,3091200.0000000014,0.7241379310344825,oil,linen,9.806976652155283,2.8375,False,False
T4-E023,dummy_median,val_cold,r dam,르댐,828000.0,14.944069923000336,3091200.0000000014,2.733333333333335,mixed_media,unknown,8.256633298091595,1.3716981132075472,False,False
T4-E023,dummy_median,val_cold,sori choi,최소리,1380000.0,14.944069923000336,3091200.0000000014,1.240000000000001,sculpture_material,metal,5.0106352940962555,1.5,False,False
T4-E023,dummy_median,val_cold,lee jin young 이진영,이진영,1380000.0,14.944069923000336,3091200.0000000014,1.240000000000001,acrylic,canvas,6.275232720238627,3.4,False,False
T4-E023,dummy_median,val_cold,lee jin young 이진영,이진영,1656000.0,14.944069923000336,3091200.0000000014,0.8666666666666675,mixed_media,paper,8.37378460812088,1.3333333333333333,False,False
T4-E023,dummy_median,val_cold,sori choi,최소리,1380000.0,14.944069923000336,3091200.0000000014,1.240000000000001,sculpture_material,metal,5.0106352940962555,1.5,False,False
T4-E023,dummy_median,val_cold,seontae hwang,황선태,30360000.0,14.944069923000336,3091200.0000000014,0.8981818181818182,sculpture_material,glass,8.984568369308281,1.2784810126582278,True,False
T4-E023,dummy_median,val_cold,lee jin young 이진영,이진영,2760000.0,14.944069923000336,3091200.0000000014,0.12000000000000051,acrylic,canvas,7.776954403322442,1.1777777777777778,True,False
T4-E023,dummy_median,val_cold,dain lim,임다인,1131600.0,14.944069923000336,3091200.0000000014,1.731707317073172,oil,linen,7.452663438045286,1.200527704485488,False,False
T4-E023,dummy_median,val_cold,g sim seyeon,그심세연,12420000.0,14.944069923000336,3091200.0000000014,0.751111111111111,mixed_media,canvas,9.958669625812112,1.244819646968534,False,False
T4-E023,dummy_median,val_cold,joohyun kim,김주현,500000.0,14.944069923000336,3091200.0000000014,5.182400000000003,mixed_media,unknown,6.4356694835320765,1.414285714285714,False,False
T4-E023,dummy_median,val_cold,youkyoung min,민유경,15180000.0,14.944069923000336,3091200.0000000014,0.7963636363636363,mixed_media,canvas,9.273033441314606,1.2857142857142858,False,False
T4-E023,dummy_median,val_cold,g sim seyeon,그심세연,41400000.0,14.944069923000336,3091200.0000000014,0.9253333333333333,mixed_media,canvas,11.507883575982392,2.7302252488213727,False,False
T4-E023,dummy_median,val_cold,lee jin young 이진영,이진영,20700000.0,14.944069923000336,3091200.0000000014,0.8506666666666667,acrylic,canvas,9.735068900911164,1.0,True,False
T4-E023,dummy_median,val_cold,g sim seyeon,그심세연,8004000.0,14.944069923000336,3091200.0000000014,0.6137931034482756,mixed_media,canvas,9.255609105083517,1.6226650062266503,False,False
T4-E023,dummy_median,val_cold,du hyun hwang,황두현,1380000.0,14.944069923000336,3091200.0000000014,1.240000000000001,mixed_media,canvas,9.615805480084347,1.5,False,False
T4-E023,dummy_median,val_cold,hye yeong kim,김혜영,1807800.0,14.944069923000336,3091200.0000000014,0.7099236641221381,mixed_media,canvas,8.390636277614743,1.1996699669966997,False,False
T4-E023,dummy_median,val_cold,hye yeong kim,김혜영,2594400.0,14.944069923000336,3091200.0000000014,0.19148936170212819,mixed_media,canvas,8.306472160100585,2.0,False,False
T4-E023,dummy_median,val_cold,so young so,소영소,4830000.0,14.944069923000336,3091200.0000000014,0.3599999999999997,mixed_media,paper,7.795646536334594,1.2,False,False
T4-E023,dummy_median,val_cold,lee jin young 이진영,이진영,20700000.0,14.944069923000336,3091200.0000000014,0.8506666666666667,acrylic,canvas,9.958669625812112,1.244819646968534,False,False
T4-E023,dummy_median,val_cold,joohyun kim,김주현,966000.0,14.944069923000336,3091200.0000000014,2.2000000000000015,acrylic,canvas,6.379444340875127,1.2181818181818185,False,False
T4-E023,dummy_median,val_cold,g sim seyeon,그심세연,11592000.0,14.944069923000336,3091200.0000000014,0.7333333333333332,mixed_media,unknown,9.7396789682616,1.0,False,False
T4-E023,dummy_median,val_cold,g sim seyeon,그심세연,12420000.0,14.944069923000336,3091200.0000000014,0.751111111111111,mixed_media,canvas,9.7396789682616,1.0,False,False
T4-E023,dummy_median,val_cold,jung boram,정보람,9691740.0,14.944069923000336,3091200.0000000014,0.6810479851915134,mixed_media,paper,10.200921916430588,1.4558823529411764,True,False
T4-E023,dummy_median,val_cold,lee jin young 이진영,이진영,20700000.0,14.944069923000336,3091200.0000000014,0.8506666666666667,acrylic,canvas,9.958669625812112,1.244819646968534,False,False
T4-E023,dummy_median,val_cold,dain lim,임다인,3367200.0,14.944069923000336,3091200.0000000014,0.08196721311475369,oil,linen,8.79029955241563,1.260387811634349,False,False
T4-E023,dummy_median,val_cold,g sim seyeon,그심세연,12420000.0,14.944069923000336,3091200.0000000014,0.751111111111111,mixed_media,canvas,9.958669625812112,1.244819646968534,False,False
T4-E023,dummy_median,val_cold,lee jin young 이진영,이진영,2760000.0,14.944069923000336,3091200.0000000014,0.12000000000000051,acrylic,canvas,7.776954403322442,1.1777777777777778,True,False
T4-E023,dummy_median,val_cold,hye yeong kim,김혜영,9273600.0,14.944069923000336,3091200.0000000014,0.6666666666666665,mixed_media,linen,9.663541120184696,1.672164948453608,False,False
T4-E023,dummy_median,val_cold,dain lim,임다인,5602800.0,14.944069923000336,3091200.0000000014,0.44827586206896525,oil,linen,8.972178355987793,1.4993103448275862,False,False
T4-E023,dummy_median,val_cold,dain lim,임다인,2249400.0,14.944069923000336,3091200.0000000014,0.37423312883435644,oil,linen,8.39475433422366,1.2046204620462049,False,False
T4-E023,dummy_median,val_cold,sori choi,최소리,69000000.0,14.944069923000336,3091200.0000000014,0.9552,mixed_media,metal,9.608042089466514,1.0,True,False
T4-E023,dummy_median,val_cold,joohyun kim,김주현,2484000.0,14.944069923000336,3091200.0000000014,0.24444444444444502,acrylic,canvas,8.003028666384733,1.4130434782608696,False,False
T4-E023,dummy_median,val_cold,lee jin young 이진영,이진영,20700000.0,14.944069923000336,3091200.0000000014,0.8506666666666667,acrylic,canvas,9.7396789682616,1.0,False,False
T4-E023,dummy_median,val_cold,yun woo seung,윤우승,14904000.0,14.944069923000336,3091200.0000000014,0.7925925925925925,mixed_media,unknown,8.144679183447758,1.2264150943396226,False,False
T4-E023,dummy_median,val_cold,g sim seyeon,그심세연,41400000.0,14.944069923000336,3091200.0000000014,0.9253333333333333,mixed_media,canvas,11.507883575982392,2.7302252488213727,False,False
T4-E023,dummy_median,val_cold,du hyun hwang,황두현,4830000.0,14.944069923000336,3091200.0000000014,0.3599999999999997,painting_material,unknown,9.198470199405696,1.5061728395061729,False,False
T4-E023,dummy_median,val_cold,sori choi,최소리,16560000.0,14.944069923000336,3091200.0000000014,0.8133333333333332,mixed_media,metal,8.612503371220562,2.2,True,False
T4-E023,dummy_median,val_cold,dain lim,임다인,1352400.0,14.944069923000336,3091200.0000000014,1.2857142857142867,oil,linen,7.511251237589436,1.536231884057971,False,False
T4-E023,dummy_median,val_cold,jung boram,정보람,3588000.0,14.944069923000336,3091200.0000000014,0.13846153846153808,mixed_media,paper,8.475641764258002,1.7075471698113207,False,False
T4-E023,dummy_median,val_cold,lee jin young 이진영,이진영,20700000.0,14.944069923000336,3091200.0000000014,0.8506666666666667,acrylic,canvas,9.955130785687968,1.2461538461538462,True,False
T4-E023,dummy_median,val_cold,sori choi,최소리,4968000.0,14.944069923000336,3091200.0000000014,0.3777777777777775,mixed_media,metal,7.783224016336037,1.5,False,False
T4-E023,dummy_median,val_cold,lee jin young 이진영,이진영,1380000.0,14.944069923000336,3091200.0000000014,1.240000000000001,acrylic,canvas,6.275232720238627,3.4,False,False
T4-E023,dummy_median,val_cold,joohyun kim,김주현,966000.0,14.944069923000336,3091200.0000000014,2.2000000000000015,acrylic,canvas,6.284600470242227,1.4102564102564104,False,False
T4-E023,dummy_median,val_cold,jung boram,정보람,2070000.0,14.944069923000336,3091200.0000000014,0.493333333333334,mixed_media,paper,8.182908560240437,1.3495145631067962,False,False
T4-E023,dummy_median,val_cold,joohyun kim,김주현,6762000.0,14.944069923000336,3091200.0000000014,0.5428571428571427,acrylic,canvas,9.66002521573902,1.6801242236024847,False,False
T4-E023,dummy_median,val_cold,youkyoung min,민유경,8280000.0,14.944069923000336,3091200.0000000014,0.6266666666666665,mixed_media,wood,8.401333305321703,1.1967213114754098,False,False
T4-E023,dummy_median,val_cold,g sim seyeon,그심세연,41400000.0,14.944069923000336,3091200.0000000014,0.9253333333333333,mixed_media,canvas,11.507883575982392,2.7302252488213727,False,False
T4-E023,dummy_median,val_cold,g sim seyeon,그심세연,12420000.0,14.944069923000336,3091200.0000000014,0.751111111111111,mixed_media,canvas,9.958669625812112,1.244819646968534,False,False
T4-E023,dummy_median,val_cold,hwallam moon,문화르람,17250000.0,14.944069923000336,3091200.0000000014,0.8207999999999999,painting_material,paper,9.00291390760996,1.6075949367088609,False,False
T4-E023,dummy_median,val_cold,hwallam moon,문화르람,19320000.0,14.944069923000336,3091200.0000000014,0.8399999999999999,painting_material,paper,9.235668879903228,1.7664041994750654,False,False
T4-E023,dummy_median,val_cold,joohyun kim,김주현,500000.0,14.944069923000336,3091200.0000000014,5.182400000000003,mixed_media,unknown,6.4356694835320765,1.414285714285714,False,False
T4-E023,dummy_median,val_cold,g sim seyeon,그심세연,11592000.0,14.944069923000336,3091200.0000000014,0.7333333333333332,mixed_media,unknown,9.7396789682616,1.0,False,False
T4-E023,dummy_median,val_cold,yun woo seung,윤우승,23736000.0,14.944069923000336,3091200.0000000014,0.8697674418604651,mixed_media,unknown,9.052633375946147,1.6027397260273972,False,False
T4-E023,dummy_median,val_cold,g sim seyeon,그심세연,41400000.0,14.944069923000336,3091200.0000000014,0.9253333333333333,mixed_media,canvas,11.507883575982392,2.7302252488213727,False,False
T4-E023,dummy_median,val_cold,youkyoung min,민유경,6900000.0,14.944069923000336,3091200.0000000014,0.5519999999999998,mixed_media,wood,8.202482446576537,1.46,False,False
T4-E023,dummy_median,val_cold,r dam,르댐,2760000.0,14.944069923000336,3091200.0000000014,0.12000000000000051,mixed_media,unknown,8.796101385722906,1.250343878954608,False,False
T4-E023,dummy_median,val_cold,dain lim,임다인,1131600.0,14.944069923000336,3091200.0000000014,1.731707317073172,oil,linen,7.452663438045286,1.200527704485488,False,False
T4-E023,dummy_median,val_cold,dain lim,임다인,1131600.0,14.944069923000336,3091200.0000000014,1.731707317073172,oil,linen,7.452663438045286,1.200527704485488,False,False
T4-E023,dummy_median,val_cold,joohyun kim,김주현,6762000.0,14.944069923000336,3091200.0000000014,0.5428571428571427,acrylic,canvas,9.955130785687968,1.2461538461538462,False,False
T4-E023,dummy_median,val_cold,g sim seyeon,그심세연,11592000.0,14.944069923000336,3091200.0000000014,0.7333333333333332,mixed_media,unknown,9.7396789682616,1.0,False,False
T4-E023,dummy_median,val_cold,xooang choi,최수앙,7590000.0,14.944069923000336,3091200.0000000014,0.5927272727272724,oil,paper,7.729955087456696,1.353658536585366,True,False
T4-E023,dummy_median,val_cold,byun sanghwan,변상환,5520000.0,14.944069923000336,3091200.0000000014,0.4399999999999997,mixed_media,paper,9.798127036878302,1.8,False,False
T4-E023,dummy_median,val_cold,kim jung ah,김정아,12000000.0,14.944069923000336,3091200.0000000014,0.7423999999999998,mixed_media,paper,10.22990945330384,1.4142857142857144,False,False
T4-E023,dummy_median,val_cold,kim jung ah,김정아,12000000.0,14.944069923000336,3091200.0000000014,0.7423999999999998,mixed_media,paper,10.234947247333796,1.4214285714285717,False,False
T4-E023,dummy_median,val_cold,kim jung ah,김정아,800000.0,14.944069923000336,3091200.0000000014,2.8640000000000017,mixed_media,paper,7.138866999945524,1.4,False,False
T4-E023,dummy_median,val_cold,kim jung ah,김정아,800000.0,14.944069923000336,3091200.0000000014,2.8640000000000017,mixed_media,paper,6.158566707538567,1.967741935483871,False,False
T4-E023,dummy_median,val_cold,kim jung ah,김정아,3000000.0,14.944069923000336,3091200.0000000014,0.030400000000000465,mixed_media,paper,8.37804606000608,1.3628318584070795,False,False
T4-E023,dummy_median,val_cold,kim jung ah,김정아,800000.0,14.944069923000336,3091200.0000000014,2.8640000000000017,mixed_media,paper,6.269096283706261,1.0909090909090908,False,False
T4-E023,dummy_median,val_cold,kim jung ah,김정아,3200000.0,14.944069923000336,3091200.0000000014,0.033999999999999565,mixed_media,paper,8.848652886213905,1.4214285714285717,False,False
T4-E023,dummy_median,val_cold,joo lee kang,강주리,9660000.0,14.944069923000336,3091200.0000000014,0.6799999999999998,painting_material,paper,9.150431119222274,1.453416149068323,False,False
T4-E023,dummy_median,val_cold,kim jung ah,김정아,1600000.0,14.944069923000336,3091200.0000000014,0.9320000000000008,mixed_media,paper,7.290463399967686,1.2318840579710144,False,False
T4-E023,dummy_median,val_cold,kim jung ah,김정아,800000.0,14.944069923000336,3091200.0000000014,2.8640000000000017,mixed_media,paper,5.10594547390058,2.933333333333333,False,False
T4-E023,dummy_median,val_cold,kim jung ah,김정아,2500000.0,14.944069923000336,3091200.0000000014,0.23648000000000055,mixed_media,paper,7.649692623711514,2.6785714285714284,False,False
T4-E023,dummy_median,val_cold,kim jung ah,김정아,3200000.0,14.944069923000336,3091200.0000000014,0.033999999999999565,mixed_media,paper,8.848652886213905,1.4214285714285717,False,False
T4-E023,dummy_median,val_cold,kim jung ah,김정아,2500000.0,14.944069923000336,3091200.0000000014,0.23648000000000055,mixed_media,paper,7.649692623711514,2.6785714285714284,False,False
T4-E023,dummy_median,val_cold,kim jung ah,김정아,6000000.0,14.944069923000336,3091200.0000000014,0.4847999999999998,mixed_media,paper,9.169518377455928,1.5,False,False
T4-E023,dummy_median,val_cold,kim jung ah,김정아,3000000.0,14.944069923000336,3091200.0000000014,0.030400000000000465,mixed_media,paper,8.37981440706282,1.3604240282685511,False,False
T4-E023,dummy_median,val_cold,kim jung ah,김정아,800000.0,14.944069923000336,3091200.0000000014,2.8640000000000017,mixed_media,paper,5.707110264748875,1.5357142857142858,False,False
T4-E023,dummy_median,val_cold,kim jung ah,김정아,1000000.0,14.944069923000336,3091200.0000000014,2.0912000000000015,mixed_media,paper,6.646390514847729,1.018181818181818,False,False
T4-E023,dummy_median,val_cold,kim jung ah,김정아,800000.0,14.944069923000336,3091200.0000000014,2.8640000000000017,mixed_media,paper,7.003065458786462,2.272727272727273,False,False
T4-E023,dummy_median,val_cold,kim jung ah,김정아,800000.0,14.944069923000336,3091200.0000000014,2.8640000000000017,mixed_media,paper,6.269096283706261,1.0909090909090908,False,False
T4-E023,dummy_median,val_cold,kim jung ah,김정아,2800000.0,14.944069923000336,3091200.0000000014,0.1040000000000005,mixed_media,metal,7.903688638508489,1.3076923076923077,False,False
T4-E023,dummy_median,val_cold,byun sanghwan,변상환,2001000.0,14.944069923000336,3091200.0000000014,0.5448275862068972,mixed_media,paper,8.160518247477505,1.4,False,False
T4-E023,dummy_median,val_cold,kim jung ah,김정아,2500000.0,14.944069923000336,3091200.0000000014,0.23648000000000055,mixed_media,paper,7.86796719791422,1.5925925925925926,False,False
T4-E023,dummy_median,val_cold,kim jung ah,김정아,2500000.0,14.944069923000336,3091200.0000000014,0.23648000000000055,mixed_media,paper,7.941829046512676,2.0,False,False
T4-E023,dummy_median,val_cold,byun sanghwan,변상환,2001000.0,14.944069923000336,3091200.0000000014,0.5448275862068972,mixed_media,paper,8.160518247477505,1.4,False,False
T4-E023,dummy_median,val_cold,kim jung ah,김정아,2000000.0,14.944069923000336,3091200.0000000014,0.5456000000000008,mixed_media,paper,7.649692623711514,2.6785714285714284,False,False
T4-E023,dummy_median,val_cold,kim jung ah,김정아,2000000.0,14.944069923000336,3091200.0000000014,0.5456000000000008,mixed_media,paper,7.649692623711514,2.6785714285714284,False,False
T4-E023,dummy_median,val_cold,kim jung ah,김정아,3000000.0,14.944069923000336,3091200.0000000014,0.030400000000000465,mixed_media,paper,8.37981440706282,1.3604240282685511,False,False
T4-E023,dummy_median,val_cold,kim jung ah,김정아,2500000.0,14.944069923000336,3091200.0000000014,0.23648000000000055,mixed_media,paper,7.613324979540639,2.7777777777777777,False,False
T4-E023,dummy_median,val_cold,kim jung ah,김정아,800000.0,14.944069923000336,3091200.0000000014,2.8640000000000017,mixed_media,paper,6.269096283706261,1.0909090909090908,False,False
T4-E023,dummy_median,val_cold,kim jung ah,김정아,800000.0,14.944069923000336,3091200.0000000014,2.8640000000000017,mixed_media,paper,5.8289456176102075,4.705882352941177,False,False
T4-E023,dummy_median,val_cold,kim jung ah,김정아,2800000.0,14.944069923000336,3091200.0000000014,0.1040000000000005,mixed_media,paper,7.903688638508489,1.3076923076923077,False,False
T4-E023,dummy_median,val_cold,kim jung ah,김정아,3000000.0,14.944069923000336,3091200.0000000014,0.030400000000000465,mixed_media,paper,8.37804606000608,1.3628318584070795,False,False
T4-E023,dummy_median,val_cold,kim jung ah,김정아,1600000.0,14.944069923000336,3091200.0000000014,0.9320000000000008,mixed_media,paper,7.302159439730876,1.2463768115942029,False,False
T4-E023,dummy_median,val_cold,kim jung ah,김정아,1200000.0,14.944069923000336,3091200.0000000014,1.5760000000000012,mixed_media,paper,6.575912310744586,1.3565217391304347,False,False
T4-E023,dummy_median,val_cold,kim jung ah,김정아,3000000.0,14.944069923000336,3091200.0000000014,0.030400000000000465,mixed_media,paper,8.41715183723601,1.3448275862068966,False,False
T4-E023,dummy_median,val_cold,hanna kim,김한나,1380000.0,14.944069923000336,3091200.0000000014,1.240000000000001,mixed_media,paper,7.090076835776092,1.3333333333333333,False,False
T4-E023,dummy_median,val_cold,kim greem,김그리므,966000.0,14.944069923000336,3091200.0000000014,2.2000000000000015,mixed_media,canvas,6.931471805599453,1.0,False,False
T4-E023,dummy_median,val_cold,kim greem,김그리므,1380000.0,14.944069923000336,3091200.0000000014,1.240000000000001,oil,canvas,7.788004239509027,1.164835164835165,False,False
T4-E023,dummy_median,val_cold,hanna kim,김한나,9000000.0,14.944069923000336,3091200.0000000014,0.6565333333333331,oil,canvas,9.271322576910975,1.2835164835164834,True,False
T4-E023,dummy_median,val_cold,hanna kim,김한나,2000000.0,14.944069923000336,3091200.0000000014,0.5456000000000008,oil,canvas,6.849956660254765,1.2757352941176472,True,False
T4-E023,dummy_median,val_cold,hanna kim,김한나,1794000.0,14.944069923000336,3091200.0000000014,0.7230769230769238,oil,canvas,6.398794581825658,1.2307692307692306,True,False
T4-E023,dummy_median,val_cold,hanna kim,김한나,2000000.0,14.944069923000336,3091200.0000000014,0.5456000000000008,oil,canvas,6.849956660254765,1.2757352941176472,True,False
T4-E023,dummy_median,val_cold,hanna kim,김한나,2000000.0,14.944069923000336,3091200.0000000014,0.5456000000000008,oil,canvas,6.8528343600823804,1.2794117647058822,True,False
T4-E023,dummy_median,val_cold,gyul e kim,김귤에,3864000.0,14.944069923000336,3091200.0000000014,0.19999999999999965,mixed_media,canvas,9.820230935785228,7.888198757763976,True,False
T4-E023,dummy_median,val_cold,kim greem,김그리므,1104000.0,14.944069923000336,3091200.0000000014,1.8000000000000012,oil,canvas,6.372705266325282,1.0,False,False
T4-E023,dummy_median,val_cold,hanna kim,김한나,1449000.0,14.944069923000336,3091200.0000000014,1.1333333333333342,oil,canvas,6.125689449199213,1.443820224719101,True,False
T4-E023,dummy_median,val_cold,hanna kim,김한나,4416000.0,14.944069923000336,3091200.0000000014,0.2999999999999997,oil,canvas,7.675193272122332,1.2941176470588236,True,False
T4-E023,dummy_median,val_cold,hanna kim,김한나,3312000.0,14.944069923000336,3091200.0000000014,0.06666666666666625,oil,canvas,7.177904546141612,1.2955974842767295,True,False
T4-E023,dummy_median,val_cold,hanna kim,김한나,1242000.0,14.944069923000336,3091200.0000000014,1.48888888888889,oil,canvas,5.598903324604841,1.907563025210084,True,False
T4-E023,dummy_median,val_cold,kim minchae,김민채,12000000.0,14.944069923000336,3091200.0000000014,0.7423999999999998,oil,canvas,10.137182046379406,1.4881043745203375,False,False
T4-E023,dummy_median,val_cold,hanna kim,김한나,4457400.0,14.944069923000336,3091200.0000000014,0.3065015479876158,oil,canvas,7.472841789474565,1.5963855421686746,True,False
T4-E023,dummy_median,val_cold,kim greem,김그리므,1932000.0,14.944069923000336,3091200.0000000014,0.6000000000000008,mixed_media,canvas,8.371010681238156,1.2,False,False
T4-E023,dummy_median,val_cold,hanna kim,김한나,2553000.0,14.944069923000336,3091200.0000000014,0.21081081081081135,oil,canvas,6.843387409949334,1.2767527675276753,True,False
T4-E023,dummy_median,val_cold,kim greem,김그리므,9384000.0,14.944069923000336,3091200.0000000014,0.6705882352941175,mixed_media,canvas,9.7396789682616,1.0,False,False
T4-E023,dummy_median,val_cold,hanna kim,김한나,15249000.0,14.944069923000336,3091200.0000000014,0.797285067873303,oil,canvas,9.698674957906642,1.2991071428571428,True,False
T4-E023,dummy_median,val_cold,hanna kim,김한나,2553000.0,14.944069923000336,3091200.0000000014,0.21081081081081135,oil,canvas,6.60934924316738,1.650943396226415,True,False
T4-E023,dummy_median,val_cold,hanna kim,김한나,11937000.0,14.944069923000336,3091200.0000000014,0.7410404624277455,oil,canvas,9.278032664743836,1.2836801752464404,True,False
T4-E023,dummy_median,val_cold,hanna lee,이한나,786600.0,14.944069923000336,3091200.0000000014,2.9298245614035103,oil,canvas,7.452663438045286,1.200527704485488,False,False
T4-E023,dummy_median,val_cold,hanna kim,김한나,9315000.0,14.944069923000336,3091200.0000000014,0.6681481481481479,oil,canvas,8.794724923014183,1.2520661157024795,True,False
T4-E023,dummy_median,val_cold,hanna lee,이한나,897000.0,14.944069923000336,3091200.0000000014,2.4461538461538477,oil,panel,7.681421976600878,1.2958435207823962,False,False
T4-E023,dummy_median,val_cold,gyul e kim,김귤에,345000.0,14.944069923000336,3091200.0000000014,7.960000000000004,mixed_media,canvas,8.251856914892892,1.227191413237925,False,False
T4-E023,dummy_median,val_cold,hanna kim,김한나,2760000.0,14.944069923000336,3091200.0000000014,0.12000000000000051,oil,canvas,6.601759869690402,1.6540284360189572,True,False
T4-E023,dummy_median,val_cold,hanna kim,김한나,7038000.0,14.944069923000336,3091200.0000000014,0.56078431372549,oil,canvas,8.390636277614743,1.1996699669966997,True,False
T4-E023,dummy_median,val_cold,hanna lee,이한나,897000.0,14.944069923000336,3091200.0000000014,2.4461538461538477,oil,canvas,7.681421976600878,1.2958435207823962,False,False
T4-E023,dummy_median,val_cold,nam tchun mo,남춘모,11040000.0,14.944069923000336,3091200.0000000014,0.7199999999999999,oil,canvas,8.935903526274423,1.1875,False,False
T4-E023,dummy_median,val_cold,lee hyo youn,이효윤,1656000.0,14.944069923000336,3091200.0000000014,0.8666666666666675,oil,linen,7.102499355774649,1.6666666666666667,False,False
T4-E023,dummy_median,val_cold,hanna lee,이한나,897000.0,14.944069923000336,3091200.0000000014,2.4461538461538477,oil,panel,7.478847813534776,1.5868263473053892,False,False
T4-E023,dummy_median,val_cold,hye yeong kim,김혜영,331200.0,14.944069923000336,3091200.0000000014,8.333333333333337,mixed_media,linen,6.39792915554923,1.240909090909091,False,False
T4-E023,dummy_median,val_cold,hanna lee,이한나,565800.0,14.944069923000336,3091200.0000000014,4.463414634146344,oil,canvas,7.110696122978827,1.0,False,False
T4-E023,dummy_median,val_cold,hanna lee,이한나,897000.0,14.944069923000336,3091200.0000000014,2.4461538461538477,oil,canvas,7.788004239509027,1.164835164835165,False,False
T4-E023,dummy_median,val_cold,hanna lee,이한나,2787600.0,14.944069923000336,3091200.0000000014,0.10891089108910941,oil,canvas,9.146232691346842,1.4545454545454546,False,False
T4-E023,dummy_median,val_cold,kim greem,김그리므,5520000.0,14.944069923000336,3091200.0000000014,0.4399999999999997,oil,canvas,9.271322576910975,1.2835164835164834,False,False
T4-E023,dummy_median,val_cold,lee hyo youn,이효윤,2760000.0,14.944069923000336,3091200.0000000014,0.12000000000000051,oil,canvas,6.802394763324311,1.0,False,False
T4-E023,dummy_median,val_cold,seohyun oh,오서현,4692000.0,14.944069923000336,3091200.0000000014,0.34117647058823497,oil,linen,8.1886891244442,1.0,False,False
T4-E023,dummy_median,val_cold,nam tchun mo,남춘모,27600000.0,14.944069923000336,3091200.0000000014,0.888,oil,canvas,10.322197887394314,1.1875,False,False
T4-E023,dummy_median,val_cold,lee hyo youn,이효윤,2760000.0,14.944069923000336,3091200.0000000014,0.12000000000000051,oil,linen,7.788004239509027,1.164835164835165,False,False
T4-E023,dummy_median,val_cold,lee hyo youn,이효윤,2760000.0,14.944069923000336,3091200.0000000014,0.12000000000000051,oil,linen,7.788004239509027,1.164835164835165,False,False
T4-E023,dummy_median,val_cold,lee hyo youn,이효윤,2760000.0,14.944069923000336,3091200.0000000014,0.12000000000000051,oil,linen,7.788004239509027,1.164835164835165,False,False
T4-E023,dummy_median,val_cold,lee hyo youn,이효윤,11730000.0,14.944069923000336,3091200.0000000014,0.736470588235294,oil,linen,9.145376160245226,1.4533001245330013,False,False
T4-E023,dummy_median,val_cold,lee hyo youn,이효윤,2760000.0,14.944069923000336,3091200.0000000014,0.12000000000000051,oil,linen,7.788004239509027,1.164835164835165,False,False
T4-E023,dummy_median,val_cold,lee hyo youn,이효윤,3036000.0,14.944069923000336,3091200.0000000014,0.018181818181818642,mixed_media,linen,7.788004239509027,1.164835164835165,False,False
T4-E023,dummy_median,val_cold,lee hyo youn,이효윤,27600000.0,14.944069923000336,3091200.0000000014,0.888,mixed_media,linen,10.388379794275616,2.5892857142857144,False,False
T4-E023,dummy_median,val_cold,hye yeong kim,김혜영,6982800.0,14.944069923000336,3091200.0000000014,0.5573122529644267,mixed_media,linen,9.473296768791016,1.62751677852349,False,False
T4-E023,dummy_median,val_cold,lee hyo youn,이효윤,3450000.0,14.944069923000336,3091200.0000000014,0.10399999999999959,oil,linen,7.940583827104244,1.0,False,False
T4-E023,dummy_median,val_cold,lee hyo youn,이효윤,11730000.0,14.944069923000336,3091200.0000000014,0.736470588235294,oil,linen,9.27046604580936,1.2824175824175823,False,False
T4-E023,dummy_median,val_cold,seohyun oh,오서현,3312000.0,14.944069923000336,3091200.0000000014,0.06666666666666625,oil,linen,7.645397699428633,1.2439024390243902,False,False
T4-E023,dummy_median,val_cold,hye yeong kim,김혜영,3615600.0,14.944069923000336,3091200.0000000014,0.1450381679389309,mixed_media,canvas,8.891511570527564,1.3755158184319118,True,False
T4-E023,dummy_median,val_cold,hye yeong kim,김혜영,331200.0,14.944069923000336,3091200.0000000014,8.333333333333337,mixed_media,linen,6.39792915554923,1.240909090909091,False,False
T4-E023,dummy_median,val_cold,hye yeong kim,김혜영,9177000.0,14.944069923000336,3091200.0000000014,0.663157894736842,oil,canvas,9.958669625812112,1.244819646968534,False,False
T4-E023,dummy_median,val_cold,hye yeong kim,김혜영,4071000.0,14.944069923000336,3091200.0000000014,0.24067796610169456,mixed_media,linen,8.1886891244442,1.44,False,False
T4-E023,dummy_median,val_cold,g sim seyeon,그심세연,6210000.0,14.944069923000336,3091200.0000000014,0.502222222222222,oil,canvas,9.0217190130337,1.0,False,False
T4-E023,dummy_median,val_cold,lee hyo youn,이효윤,19320000.0,14.944069923000336,3091200.0000000014,0.8399999999999999,oil,linen,9.80609520652748,1.4464285714285714,False,False
T4-E023,dummy_median,val_cold,lee hyo youn,이효윤,2760000.0,14.944069923000336,3091200.0000000014,0.12000000000000051,oil,linen,7.788004239509027,1.164835164835165,False,False
T4-E023,dummy_median,val_cold,lee hyo youn,이효윤,5520000.0,14.944069923000336,3091200.0000000014,0.4399999999999997,mixed_media,linen,8.529105951879847,1.0445402298850577,False,False
T4-E023,dummy_median,val_cold,lee hyo youn,이효윤,2760000.0,14.944069923000336,3091200.0000000014,0.12000000000000051,oil,linen,7.788004239509027,1.164835164835165,False,False
T4-E023,dummy_median,val_cold,lee hyo youn,이효윤,6900000.0,14.944069923000336,3091200.0000000014,0.5519999999999998,mixed_media,linen,8.685246776412487,1.4,False,False
T4-E023,dummy_median,val_cold,gyul e kim,김귤에,1380000.0,14.944069923000336,3091200.0000000014,1.240000000000001,mixed_media,canvas,7.906915488678587,1.154639175257732,False,False
T4-E023,dummy_median,val_cold,lee hyo youn,이효윤,3036000.0,14.944069923000336,3091200.0000000014,0.018181818181818642,mixed_media,linen,7.788004239509027,1.164835164835165,False,False
T4-E023,dummy_median,val_cold,seohyun oh,오서현,11040000.0,14.944069923000336,3091200.0000000014,0.7199999999999999,oil,linen,10.01681623784313,1.1428571428571428,False,False
T4-E023,dummy_median,val_cold,lee hyo youn,이효윤,2070000.0,14.944069923000336,3091200.0000000014,0.493333333333334,oil,panel,6.802394763324311,1.0,False,False
T4-E023,dummy_median,val_cold,green lee,이그리느,2760000.0,14.944069923000336,3091200.0000000014,0.12000000000000051,oil,canvas,8.572682769078947,1.0,False,False
T4-E023,dummy_median,val_cold,lee hyo youn,이효윤,2760000.0,14.944069923000336,3091200.0000000014,0.12000000000000051,oil,linen,7.788004239509027,1.164835164835165,False,False
T4-E023,dummy_median,val_cold,lee hyo youn,이효윤,2760000.0,14.944069923000336,3091200.0000000014,0.12000000000000051,oil,linen,7.788004239509027,1.164835164835165,False,False
T4-E023,dummy_median,val_cold,gyul e kim,김귤에,2898000.0,14.944069923000336,3091200.0000000014,0.06666666666666715,mixed_media,canvas,8.747806375432315,1.2214484679665738,True,False
T4-E023,dummy_median,val_cold,lee hyo youn,이효윤,2760000.0,14.944069923000336,3091200.0000000014,0.12000000000000051,oil,linen,7.788004239509027,1.164835164835165,False,False
T4-E023,dummy_median,val_cold,lee hyo youn,이효윤,11730000.0,14.944069923000336,3091200.0000000014,0.736470588235294,oil,linen,9.27046604580936,1.2824175824175823,False,False
T4-E023,dummy_median,val_cold,lee hyo youn,이효윤,2760000.0,14.944069923000336,3091200.0000000014,0.12000000000000051,oil,linen,7.788004239509027,1.164835164835165,False,False
T4-E023,dummy_median,val_cold,lee hyo youn,이효윤,5520000.0,14.944069923000336,3091200.0000000014,0.4399999999999997,oil,linen,8.390636277614743,1.1996699669966997,False,False
T4-E023,dummy_median,val_cold,lee hyo youn,이효윤,12420000.0,14.944069923000336,3091200.0000000014,0.751111111111111,oil,linen,9.27046604580936,1.2824175824175823,False,False
T4-E023,dummy_median,val_cold,lee hyo youn,이효윤,2760000.0,14.944069923000336,3091200.0000000014,0.12000000000000051,oil,linen,7.788004239509027,1.164835164835165,False,False
T4-E023,dummy_median,val_cold,lee hyo youn,이효윤,6900000.0,14.944069923000336,3091200.0000000014,0.5519999999999998,oil,canvas,8.78615105486974,1.237964236588721,False,False
T4-E023,dummy_median,val_cold,lee hyo youn,이효윤,2760000.0,14.944069923000336,3091200.0000000014,0.12000000000000051,oil,linen,7.788004239509027,1.164835164835165,False,False
T4-E023,dummy_median,val_cold,lee hyo youn,이효윤,2760000.0,14.944069923000336,3091200.0000000014,0.12000000000000051,oil,linen,7.788004239509027,1.164835164835165,False,False
T4-E023,dummy_median,val_cold,lee hyo youn,이효윤,2760000.0,14.944069923000336,3091200.0000000014,0.12000000000000051,oil,linen,7.788004239509027,1.164835164835165,False,False
T4-E023,dummy_median,val_cold,lee hyo youn,이효윤,2208000.0,14.944069923000336,3091200.0000000014,0.40000000000000063,oil,linen,7.170596352834887,1.2861635220125784,False,False
T4-E023,dummy_median,val_cold,lee hyo youn,이효윤,2484000.0,14.944069923000336,3091200.0000000014,0.24444444444444502,mixed_media,linen,7.63542465191381,1.0,False,False
T4-E023,dummy_median,val_cold,lee hyo youn,이효윤,11730000.0,14.944069923000336,3091200.0000000014,0.736470588235294,oil,linen,9.045947923831983,1.6052269601100413,False,False
T4-E023,dummy_median,val_cold,gyul e kim,김귤에,345000.0,14.944069923000336,3091200.0000000014,7.960000000000004,mixed_media,canvas,6.182084906716632,1.0,True,False
T4-E023,dummy_median,val_cold,lee hyo youn,이효윤,3036000.0,14.944069923000336,3091200.0000000014,0.018181818181818642,oil,linen,7.495541943884256,2.0,False,False
T4-E023,dummy_median,val_cold,lee hyo youn,이효윤,11730000.0,14.944069923000336,3091200.0000000014,0.736470588235294,mixed_media,linen,9.27046604580936,1.2824175824175823,False,False
T4-E023,dummy_median,val_cold,lee hyo youn,이효윤,19320000.0,14.944069923000336,3091200.0000000014,0.8399999999999999,oil,linen,9.957435819363184,1.2432847275518035,False,False
T4-E023,dummy_median,val_cold,lee hyo youn,이효윤,2760000.0,14.944069923000336,3091200.0000000014,0.12000000000000051,oil,linen,7.788004239509027,1.164835164835165,False,False
T4-E023,dummy_median,val_cold,lee hyo youn,이효윤,2760000.0,14.944069923000336,3091200.0000000014,0.12000000000000051,oil,linen,7.788004239509027,1.164835164835165,False,False
T4-E023,dummy_median,val_cold,lee hyo youn,이효윤,2760000.0,14.944069923000336,3091200.0000000014,0.12000000000000051,oil,linen,7.788004239509027,1.164835164835165,False,False
T4-E023,dummy_median,val_cold,seohyun oh,오서현,9246000.0,14.944069923000336,3091200.0000000014,0.6656716417910445,oil,linen,9.608042089466514,1.0,False,False
T4-E023,dummy_median,val_cold,lee hyo youn,이효윤,2760000.0,14.944069923000336,3091200.0000000014,0.12000000000000051,oil,linen,7.788004239509027,1.164835164835165,False,False
T4-E023,dummy_median,val_cold,lee hyo youn,이효윤,2484000.0,14.944069923000336,3091200.0000000014,0.24444444444444502,oil,linen,7.788004239509027,1.164835164835165,False,False
T4-E023,dummy_median,val_cold,green lee,이그리느,2760000.0,14.944069923000336,3091200.0000000014,0.12000000000000051,oil,canvas,8.572682769078947,1.0,False,False
T4-E023,dummy_median,val_cold,lee hyo youn,이효윤,2760000.0,14.944069923000336,3091200.0000000014,0.12000000000000051,oil,linen,7.788004239509027,1.164835164835165,False,False
T4-E023,dummy_median,val_cold,lee hyo youn,이효윤,4830000.0,14.944069923000336,3091200.0000000014,0.3599999999999997,oil,linen,8.19836438996762,1.454,False,False
T4-E023,dummy_median,val_cold,lee hyo youn,이효윤,2760000.0,14.944069923000336,3091200.0000000014,0.12000000000000051,oil,linen,7.788004239509027,1.164835164835165,False,False
T4-E023,dummy_median,val_cold,lee hyo youn,이효윤,1656000.0,14.944069923000336,3091200.0000000014,0.8666666666666675,oil,linen,6.802394763324311,1.0,False,False
T4-E023,dummy_median,val_cold,lee hyo youn,이효윤,2760000.0,14.944069923000336,3091200.0000000014,0.12000000000000051,oil,linen,7.788004239509027,1.164835164835165,False,False
T4-E023,dummy_median,val_cold,hanna lee,이한나,5561400.0,14.944069923000336,3091200.0000000014,0.4441687344913149,oil,canvas,9.958669625812112,1.244819646968534,False,False
T4-E023,dummy_median,val_cold,hanna kim,김한나,2000000.0,14.944069923000336,3091200.0000000014,0.5456000000000008,oil,canvas,6.843387409949334,1.2767527675276753,False,False
T4-E023,dummy_median,val_cold,lee hyo youn,이효윤,2760000.0,14.944069923000336,3091200.0000000014,0.12000000000000051,oil,linen,7.788004239509027,1.164835164835165,False,False
T4-E023,dummy_median,val_cold,seohyun oh,오서현,8280000.0,14.944069923000336,3091200.0000000014,0.6266666666666665,oil,linen,9.323669057283183,2.2857142857142856,False,False
T4-E023,dummy_median,val_cold,sori choi,최소리,55200000.0,14.944069923000336,3091200.0000000014,0.944,mixed_media,metal,9.608042089466514,1.0,True,False
T4-E023,dummy_median,val_cold,lee hyo youn,이효윤,2760000.0,14.944069923000336,3091200.0000000014,0.12000000000000051,oil,linen,7.788004239509027,1.164835164835165,False,False
T4-E023,dummy_median,val_cold,lee hyo youn,이효윤,11730000.0,14.944069923000336,3091200.0000000014,0.736470588235294,mixed_media,linen,9.145376160245226,1.4533001245330013,False,False
T4-E023,dummy_median,val_cold,lee hyo youn,이효윤,2760000.0,14.944069923000336,3091200.0000000014,0.12000000000000051,oil,linen,7.788004239509027,1.164835164835165,False,False
T4-E023,dummy_median,val_cold,gyul e kim,김귤에,10626000.0,14.944069923000336,3091200.0000000014,0.7090909090909089,mixed_media,canvas,10.272910889297028,1.189102564102564,False,False
T4-E023,dummy_median,val_cold,hye yeong kim,김혜영,3049800.0,14.944069923000336,3091200.0000000014,0.013574660633484621,oil,canvas,8.685684550397957,1.3963133640552998,False,False
T4-E023,dummy_median,val_cold,lee hyo youn,이효윤,2760000.0,14.944069923000336,3091200.0000000014,0.12000000000000051,oil,linen,7.788004239509027,1.164835164835165,False,False
T4-E023,dummy_median,val_cold,lee hyo youn,이효윤,2484000.0,14.944069923000336,3091200.0000000014,0.24444444444444502,oil,linen,7.788004239509027,1.164835164835165,False,False
T4-E023,dummy_median,val_cold,lee hyo youn,이효윤,2760000.0,14.944069923000336,3091200.0000000014,0.12000000000000051,oil,linen,7.788004239509027,1.164835164835165,False,False
T4-E023,dummy_median,val_cold,lee hyo youn,이효윤,8280000.0,14.944069923000336,3091200.0000000014,0.6266666666666665,oil,canvas,8.661466680572662,1.0,False,False
T4-E023,dummy_median,val_cold,lee hyo youn,이효윤,11730000.0,14.944069923000336,3091200.0000000014,0.736470588235294,mixed_media,linen,9.27046604580936,1.2824175824175823,False,False
T4-E023,dummy_median,val_cold,lee hyo youn,이효윤,22080000.0,14.944069923000336,3091200.0000000014,0.86,oil,linen,10.137182046379406,1.4881043745203375,False,False
T4-E023,dummy_median,val_cold,hanna lee,이한나,4002000.0,14.944069923000336,3091200.0000000014,0.22758620689655137,oil,canvas,9.444550462634185,1.343298969072165,False,False
T4-E023,dummy_median,val_cold,lee hyo youn,이효윤,19320000.0,14.944069923000336,3091200.0000000014,0.8399999999999999,oil,linen,9.80609520652748,1.4464285714285714,False,False
T4-E023,dummy_median,val_cold,lee hyo youn,이효윤,35880000.0,14.944069923000336,3091200.0000000014,0.9138461538461539,mixed_media,linen,10.499242387087424,1.382716049382716,False,False
T4-E023,dummy_median,val_cold,lee hyo youn,이효윤,6900000.0,14.944069923000336,3091200.0000000014,0.5519999999999998,mixed_media,linen,8.614054894258702,1.5,False,False
T4-E023,dummy_median,val_cold,lee hyo youn,이효윤,6900000.0,14.944069923000336,3091200.0000000014,0.5519999999999998,oil,linen,8.796101385722906,1.250343878954608,False,False
T4-E023,dummy_median,val_cold,lee hyo youn,이효윤,2760000.0,14.944069923000336,3091200.0000000014,0.12000000000000051,oil,linen,7.788004239509027,1.164835164835165,False,False
T4-E023,dummy_median,val_cold,lee hyo youn,이효윤,2760000.0,14.944069923000336,3091200.0000000014,0.12000000000000051,oil,linen,7.788004239509027,1.164835164835165,False,False
T4-E023,dummy_median,val_cold,lee hyo youn,이효윤,2760000.0,14.944069923000336,3091200.0000000014,0.12000000000000051,oil,linen,7.788004239509027,1.164835164835165,False,False
T4-E023,dummy_median,val_cold,green lee,이그리느,1380000.0,14.944069923000336,3091200.0000000014,1.240000000000001,oil,canvas,8.386229926897425,1.1983471074380163,False,False
T4-E023,dummy_median,val_cold,lee hyo youn,이효윤,11730000.0,14.944069923000336,3091200.0000000014,0.736470588235294,oil,linen,9.145376160245226,1.4533001245330013,False,False
T4-E023,dummy_median,val_cold,lee hyo youn,이효윤,6900000.0,14.944069923000336,3091200.0000000014,0.5519999999999998,oil,linen,8.796101385722906,1.250343878954608,False,False
T4-E023,dummy_median,val_cold,green lee,이그리느,1380000.0,14.944069923000336,3091200.0000000014,1.240000000000001,oil,canvas,8.390636277614743,1.1996699669966997,False,False
T4-E023,dummy_median,val_cold,hanna kim,김한나,2000000.0,14.944069923000336,3091200.0000000014,0.5456000000000008,oil,canvas,6.843387409949334,1.2767527675276753,False,False
T4-E023,dummy_median,val_cold,hanna lee,이한나,2001000.0,14.944069923000336,3091200.0000000014,0.5448275862068972,oil,canvas,8.614054894258702,1.5,False,False
T4-E023,dummy_median,val_cold,lee hyo youn,이효윤,2760000.0,14.944069923000336,3091200.0000000014,0.12000000000000051,oil,linen,7.788004239509027,1.164835164835165,False,False
T4-E023,dummy_median,val_cold,lee hyo youn,이효윤,19320000.0,14.944069923000336,3091200.0000000014,0.8399999999999999,oil,canvas,9.957435819363184,1.2432847275518035,False,False
T4-E023,dummy_median,val_cold,sori choi,최소리,11040000.0,14.944069923000336,3091200.0000000014,0.7199999999999999,mixed_media,metal,8.221747728346623,1.0,True,False
T4-E023,dummy_median,val_cold,lee hyo youn,이효윤,11730000.0,14.944069923000336,3091200.0000000014,0.736470588235294,oil,linen,9.27046604580936,1.2824175824175823,False,False
T4-E023,dummy_median,val_cold,lee hyo youn,이효윤,22080000.0,14.944069923000336,3091200.0000000014,0.86,oil,linen,10.137182046379406,1.4881043745203375,False,False
T4-E023,dummy_median,val_cold,lee hyo youn,이효윤,19320000.0,14.944069923000336,3091200.0000000014,0.8399999999999999,oil,linen,9.957435819363184,1.2432847275518035,False,False
T4-E023,dummy_median,val_cold,lee hyo youn,이효윤,7590000.0,14.944069923000336,3091200.0000000014,0.5927272727272724,mixed_media,linen,8.580918882296782,1.0,False,False
T4-E023,dummy_median,val_cold,hye yeong kim,김혜영,4912800.0,14.944069923000336,3091200.0000000014,0.3707865168539323,mixed_media,linen,9.0217190130337,1.0,False,False
T4-E023,dummy_median,val_cold,lee hyo youn,이효윤,2760000.0,14.944069923000336,3091200.0000000014,0.12000000000000051,oil,linen,7.788004239509027,1.164835164835165,False,False
T4-E023,dummy_median,val_cold,lee hyo youn,이효윤,2760000.0,14.944069923000336,3091200.0000000014,0.12000000000000051,oil,linen,7.788004239509027,1.164835164835165,False,False
T4-E023,dummy_median,val_cold,hanna kim,김한나,2000000.0,14.944069923000336,3091200.0000000014,0.5456000000000008,oil,canvas,6.843387409949334,1.2767527675276753,False,False
T4-E023,dummy_median,val_cold,lee hyo youn,이효윤,12420000.0,14.944069923000336,3091200.0000000014,0.751111111111111,oil,linen,9.145376160245226,1.4533001245330013,False,False
T4-E023,dummy_median,val_cold,lee hyo youn,이효윤,2760000.0,14.944069923000336,3091200.0000000014,0.12000000000000051,oil,linen,7.788004239509027,1.164835164835165,False,False
T4-E023,dummy_median,val_cold,lee hyo youn,이효윤,5520000.0,14.944069923000336,3091200.0000000014,0.4399999999999997,oil,linen,8.390636277614743,1.1996699669966997,False,False
T4-E023,dummy_median,val_cold,lee hyo youn,이효윤,11730000.0,14.944069923000336,3091200.0000000014,0.736470588235294,oil,linen,9.045947923831983,1.6052269601100413,False,False
T4-E023,dummy_median,val_cold,lee hyo youn,이효윤,5520000.0,14.944069923000336,3091200.0000000014,0.4399999999999997,oil,linen,8.390636277614743,1.1996699669966997,False,False
T4-E023,dummy_median,val_cold,lee hyo youn,이효윤,19320000.0,14.944069923000336,3091200.0000000014,0.8399999999999999,oil,linen,9.957435819363184,1.2432847275518035,False,False
T4-E023,dummy_median,val_cold,hanna kim,김한나,13000000.0,14.944069923000336,3091200.0000000014,0.7622153846153845,oil,canvas,9.95805291287243,1.2440521872601686,False,False
T4-E023,dummy_median,val_cold,bonjeong koo,구본정,3450000.0,14.944069923000336,3091200.0000000014,0.10399999999999959,oil,panel,8.985655633643145,1.3333333333333333,False,False
T4-E023,dummy_median,val_cold,lee hyo youn,이효윤,5520000.0,14.944069923000336,3091200.0000000014,0.4399999999999997,oil,linen,8.390636277614743,1.1996699669966997,False,False
T4-E023,dummy_median,val_cold,lee hyo youn,이효윤,5520000.0,14.944069923000336,3091200.0000000014,0.4399999999999997,oil,linen,8.390636277614743,1.1996699669966997,False,False
T4-E023,dummy_median,val_cold,lee hyo youn,이효윤,17940000.0,14.944069923000336,3091200.0000000014,0.8276923076923076,oil,linen,9.662307313735766,1.6701030927835052,False,False
T4-E023,dummy_median,val_cold,lee hyo youn,이효윤,2760000.0,14.944069923000336,3091200.0000000014,0.12000000000000051,oil,linen,7.788004239509027,1.164835164835165,False,False
T4-E023,dummy_median,val_cold,lee hyo youn,이효윤,2760000.0,14.944069923000336,3091200.0000000014,0.12000000000000051,oil,linen,7.788004239509027,1.164835164835165,False,False
T4-E023,dummy_median,val_cold,lee hyo youn,이효윤,2760000.0,14.944069923000336,3091200.0000000014,0.12000000000000051,oil,linen,7.788004239509027,1.164835164835165,False,False
T4-E023,dummy_median,val_cold,lee hyo youn,이효윤,3312000.0,14.944069923000336,3091200.0000000014,0.06666666666666625,mixed_media,linen,8.016317898503415,1.212,False,False
T4-E023,dummy_median,val_cold,lee hyo youn,이효윤,4140000.0,14.944069923000336,3091200.0000000014,0.253333333333333,oil,linen,8.19836438996762,1.454,False,False
T4-E023,dummy_median,val_cold,green lee,이그리느,2760000.0,14.944069923000336,3091200.0000000014,0.12000000000000051,oil,canvas,8.685684550397957,1.3963133640552998,False,False
T4-E023,dummy_median,val_cold,lee hyo youn,이효윤,19320000.0,14.944069923000336,3091200.0000000014,0.8399999999999999,oil,linen,9.957435819363184,1.2432847275518035,False,False
T4-E023,dummy_median,val_cold,hanna kim,김한나,12420000.0,14.944069923000336,3091200.0000000014,0.751111111111111,oil,canvas,9.276802042675602,1.2765027322404372,True,False
T4-E023,dummy_median,val_cold,sunghoon yang,양성훈,8280000.0,14.944069923000336,3091200.0000000014,0.6266666666666665,mixed_media,canvas,8.764053269347762,1.0,False,False
T4-E023,dummy_median,val_cold,lee hyo youn,이효윤,3450000.0,14.944069923000336,3091200.0000000014,0.10399999999999959,oil,paper,7.633853559681768,1.358974358974359,False,False
T4-E023,dummy_median,val_cold,lee hyo youn,이효윤,19320000.0,14.944069923000336,3091200.0000000014,0.8399999999999999,oil,linen,9.957435819363184,1.2432847275518035,False,False
T4-E023,dummy_median,val_cold,lee hyo youn,이효윤,4830000.0,14.944069923000336,3091200.0000000014,0.3599999999999997,oil,linen,8.19836438996762,1.454,False,False
T4-E023,dummy_median,val_cold,lee hyo youn,이효윤,2760000.0,14.944069923000336,3091200.0000000014,0.12000000000000051,oil,linen,7.788004239509027,1.164835164835165,False,False
T4-E023,dummy_median,val_cold,hanna lee,이한나,4457400.0,14.944069923000336,3091200.0000000014,0.3065015479876158,oil,canvas,9.55488706511493,1.5,False,False
T4-E023,dummy_median,val_cold,lee hyo youn,이효윤,2484000.0,14.944069923000336,3091200.0000000014,0.24444444444444502,oil,linen,7.788004239509027,1.164835164835165,False,False
T4-E023,dummy_median,val_cold,taeseok ju 주태석,주태석,27600000.0,14.944069923000336,3091200.0000000014,0.888,oil,canvas,8.19836438996762,1.454,False,False
T4-E023,dummy_median,val_cold,hye yeong kim,김혜영,938400.0,14.944069923000336,3091200.0000000014,2.294117647058825,mixed_media,fabric,7.613324979540639,1.0,False,False
T4-E023,dummy_median,val_cold,lee hyo youn,이효윤,11730000.0,14.944069923000336,3091200.0000000014,0.736470588235294,oil,linen,9.27046604580936,1.2824175824175823,False,False
T4-E023,dummy_median,val_cold,lee hyo youn,이효윤,19320000.0,14.944069923000336,3091200.0000000014,0.8399999999999999,mixed_media,linen,9.957435819363184,1.2432847275518035,False,False
T4-E023,dummy_median,val_cold,lee hyo youn,이효윤,2484000.0,14.944069923000336,3091200.0000000014,0.24444444444444502,oil,linen,7.788004239509027,1.164835164835165,False,False
T4-E023,dummy_median,val_cold,lee hyo youn,이효윤,3450000.0,14.944069923000336,3091200.0000000014,0.10399999999999959,mixed_media,linen,7.922007219032173,1.3318681318681318,False,False
T4-E023,dummy_median,val_cold,lee hyo youn,이효윤,19320000.0,14.944069923000336,3091200.0000000014,0.8399999999999999,oil,linen,10.137182046379406,1.4881043745203375,False,False
T4-E023,dummy_median,val_cold,hanna kim,김한나,7000000.0,14.944069923000336,3091200.0000000014,0.5583999999999998,oil,canvas,8.793624207437999,1.2506887052341598,False,False
T4-E023,dummy_median,val_cold,lee hyo youn,이효윤,16560000.0,14.944069923000336,3091200.0000000014,0.8133333333333332,oil,linen,9.80609520652748,1.4464285714285714,False,False
T4-E023,dummy_median,val_cold,lee hyo youn,이효윤,22080000.0,14.944069923000336,3091200.0000000014,0.86,oil,linen,10.137182046379406,1.4881043745203375,False,False
T4-E023,dummy_median,val_cold,hanna kim,김한나,2000000.0,14.944069923000336,3091200.0000000014,0.5456000000000008,oil,canvas,6.839690548068008,1.2814814814814814,False,False
T4-E023,dummy_median,val_cold,hanna lee,이한나,5561400.0,14.944069923000336,3091200.0000000014,0.4441687344913149,oil,canvas,9.958669625812112,1.244819646968534,False,False
T4-E023,dummy_median,val_cold,bonjeong koo,구본정,34500000.0,14.944069923000336,3091200.0000000014,0.9104,oil,canvas,9.542191662739102,1.6666666666666667,False,False
T4-E023,dummy_median,val_cold,lee hyo youn,이효윤,2484000.0,14.944069923000336,3091200.0000000014,0.24444444444444502,oil,linen,7.788004239509027,1.164835164835165,False,False
T4-E023,dummy_median,val_cold,hanna kim,김한나,2000000.0,14.944069923000336,3091200.0000000014,0.5456000000000008,oil,canvas,6.843387409949334,1.2767527675276753,False,False
T4-E023,dummy_median,val_cold,lee hyo youn,이효윤,19320000.0,14.944069923000336,3091200.0000000014,0.8399999999999999,oil,linen,9.80609520652748,1.4464285714285714,False,False
T4-E023,dummy_median,val_cold,lee hyo youn,이효윤,20700000.0,14.944069923000336,3091200.0000000014,0.8506666666666667,oil,linen,9.768812649209526,3.026315789473684,False,False
T4-E023,dummy_median,val_cold,lee hyo youn,이효윤,19320000.0,14.944069923000336,3091200.0000000014,0.8399999999999999,mixed_media,linen,9.957435819363184,1.2432847275518035,False,False
T4-E023,dummy_median,val_cold,duri baek,백두리,1380000.0,14.944069923000336,3091200.0000000014,1.240000000000001,acrylic,paper,6.841957298391705,1.3233082706766917,False,False
T4-E023,dummy_median,val_cold,duri baek,백두리,1104000.0,14.944069923000336,3091200.0000000014,1.8000000000000012,acrylic,paper,6.4356694835320765,1.414285714285714,False,False
T4-E023,dummy_median,val_cold,jina jung,정진아,966000.0,14.944069923000336,3091200.0000000014,2.2000000000000015,acrylic,canvas,7.124599028147819,1.6666666666666663,False,False
T4-E023,dummy_median,val_cold,gyul e kim,김귤에,938400.0,14.944069923000336,3091200.0000000014,2.294117647058825,mixed_media,canvas,7.622194173676371,1.0,False,False
T4-E023,dummy_median,val_cold,yun jeong choi,윤정최,662400.0,14.944069923000336,3091200.0000000014,3.6666666666666687,acrylic,canvas,6.802394763324311,1.0,True,False
T4-E023,dummy_median,val_cold,gyul e kim,김귤에,1242000.0,14.944069923000336,3091200.0000000014,1.48888888888889,mixed_media,canvas,8.012217092439139,1.4260869565217391,False,False
T4-E023,dummy_median,val_cold,yun jeong choi,윤정최,4761000.0,14.944069923000336,3091200.0000000014,0.35072463768115913,acrylic,canvas,9.0217190130337,1.0,True,False
T4-E023,dummy_median,val_cold,yun jeong choi,윤정최,662400.0,14.944069923000336,3091200.0000000014,3.6666666666666687,acrylic,canvas,6.802394763324311,1.0,True,False
T4-E023,dummy_median,val_cold,lee hyo youn,이효윤,1104000.0,14.944069923000336,3091200.0000000014,1.8000000000000012,acrylic,canvas,5.863631175598097,1.375,False,False
T4-E023,dummy_median,val_cold,duri baek,백두리,9660000.0,14.944069923000336,3091200.0000000014,0.6799999999999998,acrylic,canvas,9.808221471759428,1.446922390722569,True,False
T4-E023,dummy_median,val_cold,yun jeong choi,윤정최,952200.0,14.944069923000336,3091200.0000000014,2.2463768115942044,acrylic,canvas,7.776954403322442,1.1777777777777778,True,False
T4-E023,dummy_median,val_cold,gyul e kim,김귤에,2484000.0,14.944069923000336,3091200.0000000014,0.24444444444444502,mixed_media,canvas,8.724207360800564,1.0933333333333333,False,False
T4-E023,dummy_median,val_cold,gyul e kim,김귤에,11040000.0,14.944069923000336,3091200.0000000014,0.7199999999999999,mixed_media,canvas,10.414213171301784,1.224242424242424,False,False
T4-E023,dummy_median,val_cold,jina jung,정진아,2070000.0,14.944069923000336,3091200.0000000014,0.493333333333334,acrylic,canvas,8.221747728346623,1.0,False,False
T4-E023,dummy_median,val_cold,lee hyo youn,이효윤,2208000.0,14.944069923000336,3091200.0000000014,0.40000000000000063,acrylic,paper,7.397561535524052,1.411764705882353,False,False
T4-E023,dummy_median,val_cold,kim jung ah,김정아,1600000.0,14.944069923000336,3091200.0000000014,0.9320000000000008,mixed_media,paper,7.290463399967686,1.2318840579710144,False,False
T4-E023,dummy_median,val_cold,yun jeong choi,윤정최,2856600.0,14.944069923000336,3091200.0000000014,0.08212560386473479,acrylic,canvas,8.796101385722906,1.250343878954608,True,False
T4-E023,dummy_median,val_cold,kim jung ah,김정아,1600000.0,14.944069923000336,3091200.0000000014,0.9320000000000008,mixed_media,paper,7.147559271189454,1.3225806451612905,True,False
T4-E023,dummy_median,val_cold,jung boram,정보람,1242000.0,14.944069923000336,3091200.0000000014,1.48888888888889,mixed_media,paper,7.640723953728754,1.48,False,False
T4-E023,dummy_median,val_cold,gyul e kim,김귤에,2484000.0,14.944069923000336,3091200.0000000014,0.24444444444444502,mixed_media,canvas,8.660643973821198,1.2666666666666666,False,False
T4-E023,dummy_median,val_cold,jinhee choi,최진희,1104000.0,14.944069923000336,3091200.0000000014,1.8000000000000012,acrylic,canvas,9.545736315315809,1.2954764196342636,False,False
T4-E023,dummy_median,val_cold,jinhee choi,최진희,4140000.0,14.944069923000336,3091200.0000000014,0.253333333333333,acrylic,canvas,9.146232691346842,1.4545454545454546,False,False
T4-E023,dummy_median,val_cold,gyul e kim,김귤에,372600.0,14.944069923000336,3091200.0000000014,7.2962962962963,mixed_media,canvas,6.396929655216146,1.5,False,False
T4-E023,dummy_median,val_cold,jina jung,정진아,4200000.0,14.944069923000336,3091200.0000000014,0.2639999999999997,acrylic,canvas,8.779557455883728,1.5384615384615383,True,False
T4-E023,dummy_median,val_cold,lee hyo youn,이효윤,2760000.0,14.944069923000336,3091200.0000000014,0.12000000000000051,acrylic,paper,7.030857476116121,1.3448275862068966,False,False
T4-E023,dummy_median,val_cold,jina jung,정진아,700000.0,14.944069923000336,3091200.0000000014,3.416000000000002,acrylic,canvas,6.862234763680328,1.282051282051282,False,False
T4-E023,dummy_median,val_cold,kim jung ah,김정아,1200000.0,14.944069923000336,3091200.0000000014,1.5760000000000012,acrylic,canvas,6.984716320118266,1.2,False,False
T4-E023,dummy_median,val_cold,kim jung ah,김정아,1600000.0,14.944069923000336,3091200.0000000014,0.9320000000000008,mixed_media,paper,7.302159439730876,1.2463768115942029,False,False
T4-E023,dummy_median,val_cold,choi myung ae,최명애,6210000.0,14.944069923000336,3091200.0000000014,0.502222222222222,acrylic,canvas,8.796101385722906,1.250343878954608,False,False
T4-E023,dummy_median,val_cold,green lee,이그리느,938400.0,14.944069923000336,3091200.0000000014,2.294117647058825,acrylic,canvas,7.986164860332727,1.2244897959183674,False,False
T4-E023,dummy_median,val_cold,kim jung ah,김정아,4000000.0,14.944069923000336,3091200.0000000014,0.22719999999999965,mixed_media,panel,9.104979856318357,1.1111111111111112,False,False
T4-E023,dummy_median,val_cold,yun jeong choi,윤정최,2856600.0,14.944069923000336,3091200.0000000014,0.08212560386473479,acrylic,canvas,8.796101385722906,1.250343878954608,True,False
T4-E023,dummy_median,val_cold,yun jeong choi,윤정최,2856600.0,14.944069923000336,3091200.0000000014,0.08212560386473479,acrylic,canvas,8.796101385722906,1.250343878954608,True,False
T4-E023,dummy_median,val_cold,g sim seyeon,그심세연,12420000.0,14.944069923000336,3091200.0000000014,0.751111111111111,acrylic,canvas,9.735068900911164,1.0,False,False
T4-E023,dummy_median,val_cold,byun sanghwan,변상환,1863000.0,14.944069923000336,3091200.0000000014,0.65925925925926,mixed_media,canvas,7.824046010856292,1.0,False,False
T4-E023,dummy_median,val_cold,mond,몬드,4002000.0,14.944069923000336,3091200.0000000014,0.22758620689655137,acrylic,canvas,8.401333305321703,1.1967213114754098,False,False
T4-E023,dummy_median,val_cold,jinhee choi,최진희,690000.0,14.944069923000336,3091200.0000000014,3.480000000000002,acrylic,canvas,7.681421976600878,1.2958435207823962,False,False
T4-E023,dummy_median,val_cold,lee kang so,이강소,93840000.0,14.944069923000336,3091200.0000000014,0.9670588235294117,acrylic,canvas,9.27046604580936,1.2824175824175823,False,False
T4-E023,dummy_median,val_cold,lee hyo youn,이효윤,2760000.0,14.944069923000336,3091200.0000000014,0.12000000000000051,acrylic,linen,7.788004239509027,1.164835164835165,False,False
T4-E023,dummy_median,val_cold,hanna kim,김한나,1100000.0,14.944069923000336,3091200.0000000014,1.8101818181818194,mixed_media,paper,7.090076835776092,1.3333333333333333,False,False
T4-E023,dummy_median,val_cold,kim jung ah,김정아,1000000.0,14.944069923000336,3091200.0000000014,2.0912000000000015,mixed_media,paper,7.122059881629142,1.423728813559322,False,False
T4-E023,dummy_median,val_cold,lee hyo youn,이효윤,2760000.0,14.944069923000336,3091200.0000000014,0.12000000000000051,acrylic,linen,7.788004239509027,1.164835164835165,False,False
T4-E023,dummy_median,val_cold,gyul e kim,김귤에,6900000.0,14.944069923000336,3091200.0000000014,0.5519999999999998,acrylic,canvas,9.627997520849709,1.4038461538461535,False,False
T4-E023,dummy_median,val_cold,mond,몬드,7590000.0,14.944069923000336,3091200.0000000014,0.5927272727272724,acrylic,canvas,9.273033441314606,1.2857142857142858,False,False
T4-E023,dummy_median,val_cold,jinhee choi,최진희,2070000.0,14.944069923000336,3091200.0000000014,0.493333333333334,acrylic,canvas,8.390636277614743,1.1996699669966997,False,False
T4-E023,dummy_median,val_cold,choi myung ae,최명애,20700000.0,14.944069923000336,3091200.0000000014,0.8506666666666667,acrylic,canvas,9.958669625812112,1.244819646968534,False,False
T4-E023,dummy_median,val_cold,mond,몬드,14766000.0,14.944069923000336,3091200.0000000014,0.7906542056074765,acrylic,canvas,9.955130785687968,1.2461538461538462,False,False
T4-E023,dummy_median,val_cold,mond,몬드,7590000.0,14.944069923000336,3091200.0000000014,0.5927272727272724,acrylic,canvas,9.273033441314606,1.2857142857142858,False,False
T4-E023,dummy_median,val_cold,choi myung ae,최명애,6210000.0,14.944069923000336,3091200.0000000014,0.502222222222222,acrylic,canvas,8.796101385722906,1.250343878954608,False,False
T4-E023,dummy_median,val_cold,lee hyo youn,이효윤,12420000.0,14.944069923000336,3091200.0000000014,0.751111111111111,acrylic,linen,9.145376160245226,1.4533001245330013,False,False
T4-E023,dummy_median,val_cold,lee hyo youn,이효윤,19320000.0,14.944069923000336,3091200.0000000014,0.8399999999999999,acrylic,linen,9.957435819363184,1.2432847275518035,False,False
T4-E023,dummy_median,val_cold,mond,몬드,14766000.0,14.944069923000336,3091200.0000000014,0.7906542056074765,acrylic,canvas,9.955130785687968,1.2461538461538462,False,False
T4-E023,dummy_median,val_cold,lee jin young 이진영,이진영,20700000.0,14.944069923000336,3091200.0000000014,0.8506666666666667,acrylic,canvas,9.94270826568941,1.2307692307692308,True,False
T4-E023,dummy_median,val_cold,so young so,소영소,4830000.0,14.944069923000336,3091200.0000000014,0.3599999999999997,mixed_media,paper,8.050384453067021,1.0363636363636364,False,False
T4-E023,dummy_median,val_cold,taeseok ju 주태석,주태석,13800000.0,14.944069923000336,3091200.0000000014,0.7759999999999999,acrylic,canvas,7.788004239509027,1.164835164835165,False,False
T4-E023,dummy_median,val_cold,lee hyo youn,이효윤,11040000.0,14.944069923000336,3091200.0000000014,0.7199999999999999,acrylic,linen,9.145376160245226,1.4533001245330013,False,False
T4-E023,dummy_median,val_cold,green lee,이그리느,745200.0,14.944069923000336,3091200.0000000014,3.14814814814815,acrylic,canvas,7.788004239509027,1.164835164835165,False,False
T4-E023,dummy_median,val_cold,mond,몬드,14766000.0,14.944069923000336,3091200.0000000014,0.7906542056074765,acrylic,canvas,9.955130785687968,1.2461538461538462,False,False
T4-E023,dummy_median,val_cold,gyul e kim,김귤에,9522000.0,14.944069923000336,3091200.0000000014,0.6753623188405795,acrylic,canvas,9.671240186972447,1.438095238095238,False,False
T4-E023,dummy_median,val_cold,lee hyo youn,이효윤,8280000.0,14.944069923000336,3091200.0000000014,0.6266666666666665,acrylic,canvas,8.661466680572662,1.0,False,False
T4-E023,dummy_median,val_cold,mond,몬드,7590000.0,14.944069923000336,3091200.0000000014,0.5927272727272724,acrylic,canvas,9.273033441314606,1.2857142857142858,False,False
T4-E023,dummy_median,val_cold,joohyun kim,김주현,1000000.0,14.944069923000336,3091200.0000000014,2.0912000000000015,acrylic,canvas,6.284600470242227,1.4102564102564104,False,False
T4-E023,dummy_median,val_cold,lee hyo youn,이효윤,2760000.0,14.944069923000336,3091200.0000000014,0.12000000000000051,acrylic,linen,7.788004239509027,1.164835164835165,False,False
T4-E023,dummy_median,val_cold,choi myung ae,최명애,12420000.0,14.944069923000336,3091200.0000000014,0.751111111111111,acrylic,canvas,9.444550462634185,1.343298969072165,False,False
T4-E023,dummy_median,val_cold,jinhee choi,최진희,4140000.0,14.944069923000336,3091200.0000000014,0.253333333333333,acrylic,canvas,9.146232691346842,1.4545454545454546,False,False
T4-E023,dummy_median,val_cold,mond,몬드,4002000.0,14.944069923000336,3091200.0000000014,0.22758620689655137,acrylic,canvas,8.401333305321703,1.1967213114754098,False,False
T4-E023,dummy_median,val_cold,mond,몬드,14766000.0,14.944069923000336,3091200.0000000014,0.7906542056074765,acrylic,canvas,9.955130785687968,1.2461538461538462,False,False
T4-E023,dummy_median,val_cold,taeseok ju 주태석,주태석,27600000.0,14.944069923000336,3091200.0000000014,0.888,acrylic,canvas,8.19836438996762,1.454,False,False
T4-E023,dummy_median,val_cold,mond,몬드,9108000.0,14.944069923000336,3091200.0000000014,0.6606060606060604,acrylic,canvas,9.442245428958966,1.3402061855670102,False,False
T4-E023,dummy_median,val_cold,taeseok ju 주태석,주태석,13800000.0,14.944069923000336,3091200.0000000014,0.7759999999999999,acrylic,canvas,7.788004239509027,1.164835164835165,False,False
T4-E023,dummy_median,val_cold,so young so,소영소,49680000.0,14.944069923000336,3091200.0000000014,0.9377777777777778,mixed_media,paper,9.116029692504942,2.1538461538461537,False,False
T4-E023,dummy_median,val_cold,jung boram,정보람,365700.0,14.944069923000336,3091200.0000000014,7.452830188679249,mixed_media,paper,6.437351569715061,1.0408163265306123,True,False
T4-E023,dummy_median,val_cold,jung boram,정보람,2070000.0,14.944069923000336,3091200.0000000014,0.493333333333334,mixed_media,paper,8.055157731819678,1.5555555555555556,False,False
T4-E023,dummy_median,val_cold,jung boram,정보람,2070000.0,14.944069923000336,3091200.0000000014,0.493333333333334,mixed_media,paper,8.055157731819678,1.5555555555555556,False,False
T4-E023,dummy_median,val_cold,jung boram,정보람,2070000.0,14.944069923000336,3091200.0000000014,0.493333333333334,mixed_media,paper,8.055157731819678,1.5555555555555556,False,False
T4-E023,dummy_median,val_cold,jung boram,정보람,828000.0,14.944069923000336,3091200.0000000014,2.733333333333335,ink,paper,7.194436851100335,1.0277777777777777,False,False
T4-E023,dummy_median,val_cold,jung boram,정보람,828000.0,14.944069923000336,3091200.0000000014,2.733333333333335,ink,paper,7.194436851100335,1.0277777777777777,False,False
T4-E023,dummy_median,val_cold,jung boram,정보람,828000.0,14.944069923000336,3091200.0000000014,2.733333333333335,ink,paper,7.194436851100335,1.0277777777777777,False,False
T4-E023,dummy_median,val_cold,jung boram,정보람,7314000.0,14.944069923000336,3091200.0000000014,0.5773584905660375,ink,paper,9.39532504618962,1.3617021276595744,False,False
T4-E023,dummy_median,val_cold,jung boram,정보람,735540.0,14.944069923000336,3091200.0000000014,3.2026266416510336,mixed_media,paper,7.13189833062943,4.085714285714285,True,False
T4-E023,dummy_median,val_cold,jung boram,정보람,1449000.0,14.944069923000336,3091200.0000000014,1.1333333333333342,mixed_media,paper,7.845807502637805,2.085714285714286,False,False
T4-E023,dummy_median,val_cold,jung boram,정보람,828000.0,14.944069923000336,3091200.0000000014,2.733333333333335,ink,paper,7.194436851100335,1.0277777777777777,False,False
T4-E023,dummy_median,val_cold,jung boram,정보람,662400.0,14.944069923000336,3091200.0000000014,3.6666666666666687,mixed_media,paper,7.090076835776092,1.92,False,False
T4-E023,dummy_median,val_cold,jung boram,정보람,2484000.0,14.944069923000336,3091200.0000000014,0.24444444444444502,ink,paper,8.475433257168007,1.0072463768115942,True,False
T4-E023,dummy_median,val_cold,rakeum rhee,이락음,3174000.0,14.944069923000336,3091200.0000000014,0.026086956521738692,mixed_media,paper,8.457867725331422,1.2258064516129032,True,False
T4-E023,dummy_median,val_cold,jung boram,정보람,662400.0,14.944069923000336,3091200.0000000014,3.6666666666666687,mixed_media,paper,7.090076835776092,1.92,False,False
T4-E023,dummy_median,val_cold,jung boram,정보람,1725000.0,14.944069923000336,3091200.0000000014,0.7920000000000008,mixed_media,paper,8.062747901086354,1.5,False,False
T4-E023,dummy_median,val_cold,jung boram,정보람,4278000.0,14.944069923000336,3091200.0000000014,0.27741935483870933,ink,paper,8.902455592206882,1.5,False,False
T4-E023,dummy_median,val_cold,jung boram,정보람,735540.0,14.944069923000336,3091200.0000000014,3.2026266416510336,mixed_media,paper,7.13189833062943,4.085714285714285,True,False
T4-E023,dummy_median,val_cold,kim jung ah,김정아,5000000.0,14.944069923000336,3091200.0000000014,0.3817599999999997,mixed_media,paper,8.675734219544788,1.4761904761904765,False,False
T4-E023,dummy_median,val_cold,jung boram,정보람,2898000.0,14.944069923000336,3091200.0000000014,0.06666666666666715,mixed_media,paper,8.369273061339616,1.104,False,False
T4-E023,dummy_median,val_cold,jung boram,정보람,666540.0,14.944069923000336,3091200.0000000014,3.637681159420292,mixed_media,paper,7.13189833062943,4.085714285714285,True,False
T4-E023,dummy_median,val_cold,jung boram,정보람,3036000.0,14.944069923000336,3091200.0000000014,0.018181818181818642,mixed_media,paper,8.53934599605737,1.0140845070422535,False,False
T4-E023,dummy_median,val_cold,jung boram,정보람,3864000.0,14.944069923000336,3091200.0000000014,0.19999999999999965,mixed_media,paper,8.569785641535407,5.483870967741935,False,False
T4-E023,dummy_median,val_cold,rakeum rhee,이락음,6072000.0,14.944069923000336,3091200.0000000014,0.4909090909090907,mixed_media,paper,8.43511508038063,1.9183673469387752,True,False
T4-E023,dummy_median,val_cold,jung boram,정보람,1725000.0,14.944069923000336,3091200.0000000014,0.7920000000000008,mixed_media,paper,7.650121103329582,1.0514541387024607,False,False
T4-E023,dummy_median,val_cold,jung boram,정보람,2484000.0,14.944069923000336,3091200.0000000014,0.24444444444444502,ink,paper,8.080856419640986,3.15625,False,False
T4-E023,dummy_median,val_cold,jung boram,정보람,662400.0,14.944069923000336,3091200.0000000014,3.6666666666666687,mixed_media,paper,7.090076835776092,1.92,False,False
T4-E023,dummy_median,val_cold,rakeum rhee,이락음,2760000.0,14.944069923000336,3091200.0000000014,0.12000000000000051,mixed_media,paper,8.279950715722526,1.1724137931034482,True,False
T4-E023,dummy_median,val_cold,rakeum rhee,이락음,2346000.0,14.944069923000336,3091200.0000000014,0.31764705882353,mixed_media,paper,7.824046010856292,1.0,True,False
T4-E023,dummy_median,val_cold,jung boram,정보람,3450000.0,14.944069923000336,3091200.0000000014,0.10399999999999959,ink,paper,8.475433257168007,1.0072463768115942,True,False
T4-E023,dummy_median,val_cold,rakeum rhee,이락음,2346000.0,14.944069923000336,3091200.0000000014,0.31764705882353,mixed_media,paper,7.824046010856292,1.0,True,False
T4-E023,dummy_median,val_cold,jung boram,정보람,2070000.0,14.944069923000336,3091200.0000000014,0.493333333333334,mixed_media,paper,8.201934351194222,1.5833333333333333,False,False
T4-E023,dummy_median,val_cold,rakeum rhee,이락음,8418000.0,14.944069923000336,3091200.0000000014,0.6327868852459014,mixed_media,paper,9.259892150805433,1.9189189189189189,True,False
T4-E023,dummy_median,val_cold,so young so,소영소,4140000.0,14.944069923000336,3091200.0000000014,0.253333333333333,ink,paper,8.226840890408578,1.2363636363636363,False,False
T4-E023,dummy_median,val_cold,rakeum rhee,이락음,2760000.0,14.944069923000336,3091200.0000000014,0.12000000000000051,mixed_media,paper,8.580731212220226,1.0277777777777777,True,False
T4-E023,dummy_median,val_cold,kim heejin,김희진,2760000.0,14.944069923000336,3091200.0000000014,0.12000000000000051,mixed_media,fabric,9.189525232262262,1.4216867469879515,False,False
T4-E023,dummy_median,val_cold,jung boram,정보람,2484000.0,14.944069923000336,3091200.0000000014,0.24444444444444502,ink,paper,8.475433257168007,1.0072463768115942,True,False
T4-E023,dummy_median,val_cold,so young so,소영소,6210000.0,14.944069923000336,3091200.0000000014,0.502222222222222,ink,paper,8.496990484098719,1.0,False,False
T4-E023,dummy_median,val_cold,so young so,소영소,4140000.0,14.944069923000336,3091200.0000000014,0.253333333333333,ink,paper,7.215239978730097,1.1764705882352942,False,False
T4-E023,dummy_median,val_cold,so young so,소영소,6210000.0,14.944069923000336,3091200.0000000014,0.502222222222222,ink,paper,8.496990484098719,1.0,False,False
T4-E023,dummy_median,val_cold,rakeum rhee,이락음,2760000.0,14.944069923000336,3091200.0000000014,0.12000000000000051,mixed_media,paper,8.279950715722526,1.1724137931034482,True,False
T4-E023,dummy_median,val_cold,jung boram,정보람,2622000.0,14.944069923000336,3091200.0000000014,0.17894736842105316,mixed_media,paper,8.221747728346623,1.0,False,False
T4-E023,dummy_median,val_cold,jung boram,정보람,1725000.0,14.944069923000336,3091200.0000000014,0.7920000000000008,mixed_media,paper,8.062747901086354,1.5,False,False
T4-E023,dummy_median,val_cold,rakeum rhee,이락음,4140000.0,14.944069923000336,3091200.0000000014,0.253333333333333,mixed_media,paper,8.003028666384733,1.4130434782608696,True,False
T4-E023,dummy_median,val_cold,kim heejin,김희진,2760000.0,14.944069923000336,3091200.0000000014,0.12000000000000051,mixed_media,fabric,9.03145291191651,1.527027027027027,False,False
T4-E023,dummy_median,val_cold,so young so,소영소,6210000.0,14.944069923000336,3091200.0000000014,0.502222222222222,ink,paper,8.496990484098719,1.0,False,False
T4-E023,dummy_median,val_cold,lee hyo youn,이효윤,1656000.0,14.944069923000336,3091200.0000000014,0.8666666666666675,gouache,paper,6.769641976852503,1.2884615384615383,False,False
T4-E023,dummy_median,val_cold,lee hyo youn,이효윤,1242000.0,14.944069923000336,3091200.0000000014,1.48888888888889,gouache,canvas,6.39792915554923,1.240909090909091,False,False
T4-E023,dummy_median,val_cold,lee hyo youn,이효윤,2070000.0,14.944069923000336,3091200.0000000014,0.493333333333334,gouache,paper,7.014814351275545,1.5849056603773586,False,False
T4-E023,dummy_median,val_cold,bac jungwon,백정원_A,1656000.0,14.944069923000336,3091200.0000000014,0.8666666666666675,mixed_media,fabric,7.02108396428914,1.4285714285714286,False,False
T4-E023,dummy_median,val_cold,bac jungwon,백정원_A,1380000.0,14.944069923000336,3091200.0000000014,1.240000000000001,mixed_media,fabric,6.553933404025811,2.1666666666666665,False,False
T4-E023,dummy_median,val_cold,bac jungwon,백정원_A,1794000.0,14.944069923000336,3091200.0000000014,0.7230769230769238,mixed_media,fabric,7.247080584585756,1.0833333333333333,False,False
T4-E023,dummy_median,val_cold,bac jungwon,백정원_A,2070000.0,14.944069923000336,3091200.0000000014,0.493333333333334,mixed_media,fabric,7.16703787691222,1.0,False,False
T4-E023,dummy_median,val_cold,bac jungwon,백정원_A,2346000.0,14.944069923000336,3091200.0000000014,0.31764705882353,mixed_media,fabric,7.696212639346407,1.375,False,False
T4-E023,dummy_median,val_cold,bac jungwon,백정원_A,1794000.0,14.944069923000336,3091200.0000000014,0.7230769230769238,mixed_media,fabric,7.248504072370611,1.027027027027027,False,False
T4-E023,dummy_median,val_cold,bac jungwon,백정원_A,1794000.0,14.944069923000336,3091200.0000000014,0.7230769230769238,mixed_media,fabric,7.247080584585756,1.0833333333333333,False,False
T4-E023,dummy_median,val_cold,xooang choi,최수앙,3312000.0,14.944069923000336,3091200.0000000014,0.06666666666666625,mixed_media,paper,7.653969180478774,1.4605263157894737,False,False
T4-E023,dummy_median,val_cold,lee hyo youn,이효윤,1932000.0,14.944069923000336,3091200.0000000014,0.6000000000000008,mixed_media,canvas,7.170596352834887,1.2861635220125784,False,False
T4-E023,dummy_median,val_cold,lee hyo youn,이효윤,1656000.0,14.944069923000336,3091200.0000000014,0.8666666666666675,mixed_media,canvas,6.8565040889713424,1.2747252747252746,False,False
T4-E023,dummy_median,val_cold,hwallam moon,문화르람,10074000.0,14.944069923000336,3091200.0000000014,0.6931506849315067,painting_material,paper,9.22932403656295,1.6454891994917409,False,False
T4-E023,dummy_median,val_cold,sori choi,최소리,8280000.0,14.944069923000336,3091200.0000000014,0.6266666666666665,mixed_media,metal,7.8636512654486515,1.0,True,False
T4-E023,dummy_median,val_cold,hwallam moon,문화르람,5520000.0,14.944069923000336,3091200.0000000014,0.4399999999999997,painting_material,paper,8.410876663368603,1.2081967213114757,False,False
T4-E023,dummy_median,val_cold,hwallam moon,문화르람,6762000.0,14.944069923000336,3091200.0000000014,0.5428571428571427,painting_material,paper,5.991464547107982,1.0,False,False
T4-E023,dummy_median,val_cold,kim minchae,김민채,650000.0,14.944069923000336,3091200.0000000014,3.7556923076923097,oil,canvas,6.8565040889713424,1.2747252747252746,False,False
T4-E023,dummy_median,val_cold,lee seungmin,이승민,1021200.0,14.944069923000336,3091200.0000000014,2.0270270270270285,mixed_media,fabric,7.42321017113179,1.236413043478261,False,False
T4-E023,dummy_median,val_cold,lee seungmin,이승민,2553000.0,14.944069923000336,3091200.0000000014,0.21081081081081135,mixed_media,fabric,8.208589786150538,1.0,False,False
T4-E023,dummy_median,val_cold,du hyun hwang,황두현,1380000.0,14.944069923000336,3091200.0000000014,1.240000000000001,mixed_media,canvas,9.646657943567112,1.868131868131868,False,False
T4-E023,dummy_median,val_cold,g sim seyeon,그심세연,18906000.0,14.944069923000336,3091200.0000000014,0.8364963503649634,mixed_media,canvas,9.958669625812112,1.244819646968534,False,False
T4-E023,dummy_median,val_cold,g sim seyeon,그심세연,5934000.0,14.944069923000336,3091200.0000000014,0.47906976744186025,mixed_media,canvas,8.796101385722906,1.250343878954608,False,False
T4-E023,dummy_median,val_cold,g sim seyeon,그심세연,5934000.0,14.944069923000336,3091200.0000000014,0.47906976744186025,mixed_media,canvas,9.0217190130337,1.0,False,False
T4-E023,dummy_median,val_cold,g sim seyeon,그심세연,9936000.0,14.944069923000336,3091200.0000000014,0.6888888888888887,mixed_media,canvas,9.0217190130337,1.0,False,False
T4-E023,dummy_median,val_cold,kwon jian,권지안,19527000.0,14.944069923000336,3091200.0000000014,0.8416961130742049,mixed_media,canvas,9.869881646808048,1.475109170305677,False,False
T4-E023,dummy_median,val_cold,kwon jian,권지안,19527000.0,14.944069923000336,3091200.0000000014,0.8416961130742049,mixed_media,canvas,9.968947524007914,1.2442748091603053,False,False
T4-E023,dummy_median,val_cold,kwon jian,권지안,19527000.0,14.944069923000336,3091200.0000000014,0.8416961130742049,mixed_media,canvas,9.968947524007914,1.2442748091603053,False,False
T4-E023,dummy_median,val_cold,kwon jian,권지안,19527000.0,14.944069923000336,3091200.0000000014,0.8416961130742049,mixed_media,canvas,9.968947524007914,1.2442748091603053,False,False
T4-E023,dummy_median,val_cold,kwon jian,권지안,11730000.0,14.944069923000336,3091200.0000000014,0.736470588235294,mixed_media,canvas,9.271322576910975,1.2835164835164834,False,False
T4-E023,dummy_median,val_cold,kwon jian,권지안,2001000.0,14.944069923000336,3091200.0000000014,0.5448275862068972,mixed_media,canvas,6.591673732008658,1.0,False,False
T4-E023,dummy_median,val_cold,kwon jian,권지안,2001000.0,14.944069923000336,3091200.0000000014,0.5448275862068972,mixed_media,canvas,6.591673732008658,1.0,False,False
T4-E023,dummy_median,val_cold,kwon jian,권지안,690000.0,14.944069923000336,3091200.0000000014,3.480000000000002,mixed_media,canvas,5.882374864520278,1.4367088607594936,False,False
T4-E023,dummy_median,val_cold,kwon jian,권지안,20010000.0,14.944069923000336,3091200.0000000014,0.8455172413793104,mixed_media,canvas,9.869881646808048,1.475109170305677,False,False
T4-E023,dummy_median,val_cold,kwon jian,권지안,8280000.0,14.944069923000336,3091200.0000000014,0.6266666666666665,mixed_media,canvas,8.80131894766524,1.2465753424657535,False,False
T4-E023,dummy_median,val_cold,kwon jian,권지안,16560000.0,14.944069923000336,3091200.0000000014,0.8133333333333332,mixed_media,canvas,9.494466128225186,2.493150684931507,False,False
T4-E023,dummy_median,val_cold,oh gil suk 오길석,오길석,2400000.0,14.944069923000336,3091200.0000000014,0.2880000000000006,painting_material,paper,7.788004239509027,1.164835164835165,True,False
T4-E023,dummy_median,val_cold,oh gil suk 오길석,오길석,2400000.0,14.944069923000336,3091200.0000000014,0.2880000000000006,painting_material,paper,7.788004239509027,1.164835164835165,True,False
T4-E023,dummy_median,val_cold,oh gil suk 오길석,오길석,11040000.0,14.944069923000336,3091200.0000000014,0.7199999999999999,painting_material,paper,9.045947923831983,1.6052269601100413,True,False
T4-E023,dummy_median,val_cold,oh gil suk 오길석,오길석,800000.0,14.944069923000336,3091200.0000000014,2.8640000000000017,painting_material,paper,6.083587835983788,1.5176470588235291,True,False
T4-E023,dummy_median,val_cold,kwon jian,권지안,11730000.0,14.944069923000336,3091200.0000000014,0.736470588235294,mixed_media,canvas,9.271322576910975,1.2835164835164834,False,False
T4-E023,dummy_median,val_cold,kwon jian,권지안,6348000.0,14.944069923000336,3091200.0000000014,0.5130434782608694,mixed_media,canvas,8.390636277614743,1.1996699669966997,False,False
T4-E023,dummy_median,val_cold,kwon jian,권지안,11730000.0,14.944069923000336,3091200.0000000014,0.736470588235294,mixed_media,canvas,9.271322576910975,1.2835164835164834,False,False
T4-E023,dummy_median,val_cold,kwon jian,권지안,690000.0,14.944069923000336,3091200.0000000014,3.480000000000002,mixed_media,canvas,5.882374864520278,1.4367088607594936,False,False
T4-E023,dummy_median,val_cold,kwon jian,권지안,690000.0,14.944069923000336,3091200.0000000014,3.480000000000002,mixed_media,canvas,5.882374864520278,1.4367088607594936,False,False
T4-E023,dummy_median,val_cold,kwon jian,권지안,690000.0,14.944069923000336,3091200.0000000014,3.480000000000002,mixed_media,canvas,5.882374864520278,1.4367088607594936,False,False
T4-E023,dummy_median,val_cold,kwon jian,권지안,690000.0,14.944069923000336,3091200.0000000014,3.480000000000002,mixed_media,canvas,5.882374864520278,1.4367088607594936,False,False
T4-E023,dummy_median,val_cold,oh gil suk 오길석,오길석,2070000.0,14.944069923000336,3091200.0000000014,0.493333333333334,painting_material,paper,7.878155336503324,3.1379310344827585,True,False
T4-E023,dummy_median,val_cold,oh gil suk 오길석,오길석,2070000.0,14.944069923000336,3091200.0000000014,0.493333333333334,painting_material,paper,7.9355873855892,1.5116279069767442,True,False
T4-E023,dummy_median,val_cold,oh gil suk 오길석,오길석,2070000.0,14.944069923000336,3091200.0000000014,0.493333333333334,painting_material,paper,7.9355873855892,1.5116279069767442,True,False
T4-E023,dummy_median,val_cold,oh gil suk 오길석,오길석,2000000.0,14.944069923000336,3091200.0000000014,0.5456000000000008,painting_material,paper,7.613324979540639,1.0,True,False
T4-E023,dummy_median,val_cold,oh gil suk 오길석,오길석,2000000.0,14.944069923000336,3091200.0000000014,0.5456000000000008,painting_material,paper,7.613324979540639,1.0,True,False
T4-E023,dummy_median,val_cold,oh gil suk 오길석,오길석,700000.0,14.944069923000336,3091200.0000000014,3.416000000000002,painting_material,paper,6.135175204774281,1.4413407821229052,True,False
T4-E023,dummy_median,val_cold,oh gil suk 오길석,오길석,700000.0,14.944069923000336,3091200.0000000014,3.416000000000002,painting_material,paper,6.083587835983788,1.5176470588235291,True,False
T4-E023,dummy_median,val_cold,lee hyo youn,이효윤,6900000.0,14.944069923000336,3091200.0000000014,0.5519999999999998,oil,linen,8.796101385722906,1.250343878954608,False,False
T4-E023,dummy_median,val_cold,lee hyo youn,이효윤,3036000.0,14.944069923000336,3091200.0000000014,0.018181818181818642,mixed_media,unknown,7.788004239509027,1.164835164835165,False,False
T4-E023,dummy_median,val_cold,oh gil suk 오길석,오길석,2070000.0,14.944069923000336,3091200.0000000014,0.493333333333334,painting_material,paper,7.455298485683291,1.1973684210526316,False,False
T4-E023,dummy_median,val_cold,oh gil suk 오길석,오길석,2070000.0,14.944069923000336,3091200.0000000014,0.493333333333334,painting_material,paper,7.417580402414544,1.2162162162162162,False,False
T4-E023,dummy_median,val_cold,oh gil suk 오길석,오길석,1104000.0,14.944069923000336,3091200.0000000014,1.8000000000000012,painting_material,paper,6.386879319362645,1.2272727272727273,False,False
T4-E023,dummy_median,val_cold,kim jung ah,김정아,8000000.0,14.944069923000336,3091200.0000000014,0.6135999999999998,mixed_media,canvas,9.712932190815067,1.2719298245614037,False,False
T4-E023,dummy_median,val_cold,kim jung ah,김정아,700000.0,14.944069923000336,3091200.0000000014,3.416000000000002,mixed_media,unknown,6.354804728915475,1.5128205128205128,False,False
T4-E023,dummy_median,val_cold,kim jung ah,김정아,4500000.0,14.944069923000336,3091200.0000000014,0.3130666666666664,mixed_media,paper,8.860782895806315,1.4184397163120568,False,False
T4-E023,dummy_median,val_cold,kim jung ah,김정아,4500000.0,14.944069923000336,3091200.0000000014,0.3130666666666664,mixed_media,paper,8.860782895806315,1.4184397163120568,False,False
T4-E023,dummy_median,val_cold,sori choi,최소리,345000000.0,14.944069923000336,3091200.0000000014,0.99104,sculpture_material,metal,8.1886891244442,4.0,True,False
T4-E023,dummy_median,val_cold,bac jungwon,백정원_A,800000.0,14.944069923000336,3091200.0000000014,2.8640000000000017,charcoal,paper,7.1049654482698426,1.4482758620689655,False,False
T4-E023,dummy_median,val_cold,bac jungwon,백정원_A,800000.0,14.944069923000336,3091200.0000000014,2.8640000000000017,charcoal,paper,7.325148957955575,1.393939393939394,False,False
T4-E023,dummy_median,val_cold,bac jungwon,백정원_A,4000000.0,14.944069923000336,3091200.0000000014,0.22719999999999965,oil,canvas,8.759354748566208,1.5076923076923077,True,False
T4-E023,dummy_median,val_cold,bac jungwon,백정원_A,2000000.0,14.944069923000336,3091200.0000000014,0.5456000000000008,oil,paper,8.358431899031295,1.462962962962963,False,False
T4-E023,dummy_median,val_cold,bac jungwon,백정원_A,4000000.0,14.944069923000336,3091200.0000000014,0.22719999999999965,oil,canvas,8.599510233905452,1.459016393442623,True,False
T4-E023,dummy_median,val_cold,bac jungwon,백정원_A,800000.0,14.944069923000336,3091200.0000000014,2.8640000000000017,mixed_media,paper,6.411818267709897,1.380952380952381,False,False
T4-E023,dummy_median,val_cold,bac jungwon,백정원_A,800000.0,14.944069923000336,3091200.0000000014,2.8640000000000017,charcoal,paper,7.325148957955575,1.393939393939394,False,False
T4-E023,dummy_median,val_cold,bac jungwon,백정원_A,2000000.0,14.944069923000336,3091200.0000000014,0.5456000000000008,oil,paper,8.358431899031295,1.462962962962963,False,False
T4-E023,dummy_median,val_cold,bac jungwon,백정원_A,4000000.0,14.944069923000336,3091200.0000000014,0.22719999999999965,oil,canvas,8.599510233905452,1.459016393442623,True,False
T4-E023,dummy_median,val_cold,bac jungwon,백정원_A,800000.0,14.944069923000336,3091200.0000000014,2.8640000000000017,charcoal,paper,7.1049654482698426,1.4482758620689655,False,False
T4-E023,dummy_median,val_cold,bac jungwon,백정원_A,800000.0,14.944069923000336,3091200.0000000014,2.8640000000000017,charcoal,paper,7.1049654482698426,1.4482758620689655,False,False
T4-E023,dummy_median,val_cold,bac jungwon,백정원_A,800000.0,14.944069923000336,3091200.0000000014,2.8640000000000017,charcoal,paper,7.325148957955575,1.393939393939394,False,False
T4-E023,dummy_median,val_cold,bac jungwon,백정원_A,800000.0,14.944069923000336,3091200.0000000014,2.8640000000000017,mixed_media,paper,6.53124199282374,1.3555555555555556,False,False
T4-E023,dummy_median,val_cold,bac jungwon,백정원_A,800000.0,14.944069923000336,3091200.0000000014,2.8640000000000017,charcoal,paper,7.325148957955575,1.393939393939394,False,False
T4-E023,dummy_median,val_cold,bac jungwon,백정원_A,800000.0,14.944069923000336,3091200.0000000014,2.8640000000000017,charcoal,paper,7.325148957955575,1.393939393939394,False,False
T4-E023,dummy_median,val_cold,bac jungwon,백정원_A,2500000.0,14.944069923000336,3091200.0000000014,0.23648000000000055,mixed_media,paper,8.760923376338836,1.896551724137931,False,False
T4-E023,dummy_median,val_cold,bac jungwon,백정원_A,800000.0,14.944069923000336,3091200.0000000014,2.8640000000000017,charcoal,paper,7.1049654482698426,1.4482758620689655,False,False
T4-E023,dummy_median,val_cold,bac jungwon,백정원_A,800000.0,14.944069923000336,3091200.0000000014,2.8640000000000017,charcoal,paper,7.1049654482698426,1.4482758620689655,False,False
T4-E023,dummy_median,val_cold,bac jungwon,백정원_A,800000.0,14.944069923000336,3091200.0000000014,2.8640000000000017,charcoal,paper,7.325148957955575,1.393939393939394,False,False
T4-E023,dummy_median,val_cold,bac jungwon,백정원_A,800000.0,14.944069923000336,3091200.0000000014,2.8640000000000017,charcoal,paper,7.1049654482698426,1.4482758620689655,False,False
T4-E023,dummy_median,val_cold,bac jungwon,백정원_A,800000.0,14.944069923000336,3091200.0000000014,2.8640000000000017,mixed_media,paper,6.411818267709897,1.380952380952381,False,False
T4-E023,dummy_median,val_cold,bac jungwon,백정원_A,800000.0,14.944069923000336,3091200.0000000014,2.8640000000000017,charcoal,paper,7.1049654482698426,1.4482758620689655,False,False
T4-E023,dummy_median,val_cold,bac jungwon,백정원_A,800000.0,14.944069923000336,3091200.0000000014,2.8640000000000017,charcoal,paper,7.325148957955575,1.393939393939394,False,False
T4-E023,dummy_median,val_cold,bac jungwon,백정원_A,800000.0,14.944069923000336,3091200.0000000014,2.8640000000000017,charcoal,paper,7.325148957955575,1.393939393939394,False,False
T4-E023,dummy_median,val_cold,bac jungwon,백정원_A,4000000.0,14.944069923000336,3091200.0000000014,0.22719999999999965,oil,canvas,8.599510233905452,1.459016393442623,True,False
T4-E023,dummy_median,val_cold,bac jungwon,백정원_A,800000.0,14.944069923000336,3091200.0000000014,2.8640000000000017,charcoal,paper,7.325148957955575,1.393939393939394,False,False
T4-E023,dummy_median,val_cold,bac jungwon,백정원_A,2500000.0,14.944069923000336,3091200.0000000014,0.23648000000000055,mixed_media,paper,8.760923376338836,1.896551724137931,False,False
T4-E023,dummy_median,val_cold,bac jungwon,백정원_A,4000000.0,14.944069923000336,3091200.0000000014,0.22719999999999965,oil,canvas,8.599510233905452,1.459016393442623,True,False
T4-E023,dummy_median,val_cold,bac jungwon,백정원_A,800000.0,14.944069923000336,3091200.0000000014,2.8640000000000017,charcoal,paper,7.325148957955575,1.393939393939394,False,False
T4-E023,dummy_median,val_cold,bac jungwon,백정원_A,800000.0,14.944069923000336,3091200.0000000014,2.8640000000000017,charcoal,paper,7.325148957955575,1.393939393939394,False,False
T4-E023,dummy_median,val_cold,bac jungwon,백정원_A,2500000.0,14.944069923000336,3091200.0000000014,0.23648000000000055,mixed_media,paper,8.760923376338836,1.896551724137931,False,False
T4-E023,dummy_median,val_cold,bac jungwon,백정원_A,800000.0,14.944069923000336,3091200.0000000014,2.8640000000000017,charcoal,paper,7.1049654482698426,1.4482758620689655,False,False
T4-E023,dummy_median,val_cold,bac jungwon,백정원_A,6000000.0,14.944069923000336,3091200.0000000014,0.4847999999999998,painting_material,canvas,9.953419921284338,1.5410958904109588,False,False
T4-E023,dummy_median,val_cold,bac jungwon,백정원_A,800000.0,14.944069923000336,3091200.0000000014,2.8640000000000017,charcoal,paper,6.915723448631314,1.2857142857142858,False,False
T4-E023,dummy_median,val_cold,bac jungwon,백정원_A,800000.0,14.944069923000336,3091200.0000000014,2.8640000000000017,charcoal,paper,7.325148957955575,1.393939393939394,False,False
T4-E023,dummy_median,val_cold,lee minwoo,이민우,4500000.0,14.944069923000336,3091200.0000000014,0.3130666666666664,painting_material,unknown,8.80131894766524,1.2465753424657535,False,False
T4-E023,dummy_median,val_cold,lee minwoo,이민우,12000000.0,14.944069923000336,3091200.0000000014,0.7423999999999998,painting_material,unknown,9.955130785687968,1.2461538461538462,False,False
T4-E023,dummy_median,val_cold,lee minwoo,이민우,3000000.0,14.944069923000336,3091200.0000000014,0.030400000000000465,painting_material,unknown,8.401333305321703,1.1967213114754098,False,False
T4-E023,dummy_median,val_cold,lee minwoo,이민우,7500000.0,14.944069923000336,3091200.0000000014,0.5878399999999998,painting_material,unknown,9.273033441314606,1.2857142857142858,False,False
T4-E023,dummy_median,val_cold,lee minwoo,이민우,7500000.0,14.944069923000336,3091200.0000000014,0.5878399999999998,painting_material,unknown,9.273033441314606,1.2857142857142858,False,False
T4-E023,dummy_median,val_cold,lee minwoo,이민우,450000.0,14.944069923000336,3091200.0000000014,5.869333333333336,painting_material,unknown,5.991464547107982,1.0,False,False
T4-E023,dummy_median,val_cold,lee minwoo,이민우,7500000.0,14.944069923000336,3091200.0000000014,0.5878399999999998,painting_material,unknown,9.144200569471638,1.4625,False,False
T4-E023,dummy_median,val_cold,lee minwoo,이민우,12000000.0,14.944069923000336,3091200.0000000014,0.7423999999999998,painting_material,unknown,9.955130785687968,1.2461538461538462,False,False
T4-E023,dummy_median,val_cold,lee minwoo,이민우,12000000.0,14.944069923000336,3091200.0000000014,0.7423999999999998,painting_material,unknown,9.955130785687968,1.2461538461538462,False,False
T4-E023,dummy_median,val_cold,lee minwoo,이민우,12000000.0,14.944069923000336,3091200.0000000014,0.7423999999999998,painting_material,unknown,10.187613308785131,1.2465753424657535,False,False
T4-E023,dummy_median,val_cold,lee minwoo,이민우,7500000.0,14.944069923000336,3091200.0000000014,0.5878399999999998,painting_material,unknown,9.27413173906367,1.2843029637760703,False,False
T4-E023,dummy_median,val_cold,lee minwoo,이민우,20000000.0,14.944069923000336,3091200.0000000014,0.84544,painting_material,unknown,10.390532647636716,1.4466666666666668,False,False
T4-E023,dummy_median,val_cold,lee minwoo,이민우,50000000.0,14.944069923000336,3091200.0000000014,0.938176,painting_material,unknown,11.489144936304823,4.34,False,False
T4-E023,dummy_median,val_cold,lee minwoo,이민우,7500000.0,14.944069923000336,3091200.0000000014,0.5878399999999998,painting_material,unknown,9.144200569471638,1.4625,False,False
T4-E023,dummy_median,val_cold,lee minwoo,이민우,3000000.0,14.944069923000336,3091200.0000000014,0.030400000000000465,painting_material,unknown,8.401333305321703,1.1967213114754098,False,False
T4-E023,dummy_median,val_cold,lee minwoo,이민우,3000000.0,14.944069923000336,3091200.0000000014,0.030400000000000465,painting_material,unknown,8.401333305321703,1.1967213114754098,False,False
T4-E023,dummy_median,val_cold,kwon jian,권지안,2000000.0,14.944069923000336,3091200.0000000014,0.5456000000000008,painting_material,unknown,6.69980817454921,1.0,False,False
T4-E023,dummy_median,val_cold,kwon jian,권지안,700000.0,14.944069923000336,3091200.0000000014,3.416000000000002,painting_material,unknown,6.0690041245634,1.4114285714285717,False,False
T4-E023,dummy_median,val_cold,kwon jian,권지안,700000.0,14.944069923000336,3091200.0000000014,3.416000000000002,painting_material,unknown,6.06087399848015,1.4,False,False
T4-E023,dummy_median,val_cold,kwon jian,권지안,8500000.0,14.944069923000336,3091200.0000000014,0.6363294117647057,painting_material,unknown,8.835246842513433,1.272108843537415,False,False
T4-E023,dummy_median,val_cold,kwon jian,권지안,4000000.0,14.944069923000336,3091200.0000000014,0.22719999999999965,painting_material,unknown,7.840411364942557,1.1263157894736842,False,False
T4-E023,dummy_median,val_cold,kwon jian,권지안,20000000.0,14.944069923000336,3091200.0000000014,0.84544,painting_material,unknown,9.968947524007914,1.2442748091603053,False,False
T4-E023,dummy_median,val_cold,kwon jian,권지안,20000000.0,14.944069923000336,3091200.0000000014,0.84544,painting_material,unknown,9.968947524007914,1.2442748091603053,False,False
T4-E023,dummy_median,val_cold,kwon jian,권지안,700000.0,14.944069923000336,3091200.0000000014,3.416000000000002,painting_material,unknown,6.040254711277414,1.3714285714285714,False,False
T4-E023,dummy_median,val_cold,kwon jian,권지안,12000000.0,14.944069923000336,3091200.0000000014,0.7423999999999998,painting_material,unknown,9.271322576910975,1.2835164835164834,False,False
T4-E023,dummy_median,val_cold,kwon jian,권지안,700000.0,14.944069923000336,3091200.0000000014,3.416000000000002,painting_material,unknown,6.040254711277414,1.3714285714285714,False,False
T4-E023,dummy_median,val_cold,kwon jian,권지안,700000.0,14.944069923000336,3091200.0000000014,3.416000000000002,painting_material,unknown,5.935317386484981,1.4233128834355828,False,False
T4-E023,dummy_median,val_cold,kwon jian,권지안,12000000.0,14.944069923000336,3091200.0000000014,0.7423999999999998,painting_material,unknown,9.271322576910975,1.2835164835164834,False,False
T4-E023,dummy_median,val_cold,kwon jian,권지안,12000000.0,14.944069923000336,3091200.0000000014,0.7423999999999998,painting_material,unknown,9.271322576910975,1.2835164835164834,False,False
T4-E023,dummy_median,val_cold,kwon jian,권지안,20000000.0,14.944069923000336,3091200.0000000014,0.84544,painting_material,unknown,9.968947524007914,1.2442748091603053,False,False
T4-E023,dummy_median,val_cold,kwon jian,권지안,20000000.0,14.944069923000336,3091200.0000000014,0.84544,painting_material,unknown,9.864538802397552,1.467248908296943,False,False
T4-E023,dummy_median,val_cold,kwon jian,권지안,6500000.0,14.944069923000336,3091200.0000000014,0.524430769230769,painting_material,unknown,8.390636277614743,1.1996699669966997,False,False
T4-E023,dummy_median,val_cold,kwon jian,권지안,17000000.0,14.944069923000336,3091200.0000000014,0.8181647058823528,painting_material,unknown,9.499945593989812,2.506849315068493,False,False
T4-E023,dummy_median,val_cold,kwon jian,권지안,700000.0,14.944069923000336,3091200.0000000014,3.416000000000002,painting_material,unknown,6.0112671744041615,1.411764705882353,False,False
T4-E023,dummy_median,val_cold,kwon jian,권지안,700000.0,14.944069923000336,3091200.0000000014,3.416000000000002,painting_material,unknown,6.031886461606898,1.4411764705882353,False,False
T4-E023,dummy_median,val_cold,gyul e kim,김귤에,300000.0,14.944069923000336,3091200.0000000014,9.304000000000004,mixed_media,canvas,6.39792915554923,1.240909090909091,True,False
T4-E023,dummy_median,val_cold,gyul e kim,김귤에,8600000.0,14.944069923000336,3091200.0000000014,0.6405581395348835,acrylic,canvas,10.327970666480054,1.2564102564102564,True,False
T4-E023,dummy_median,val_cold,gyul e kim,김귤에,480000.0,14.944069923000336,3091200.0000000014,5.440000000000003,mixed_media,canvas,6.918932579572262,1.0,True,False
T4-E023,dummy_median,val_cold,gyul e kim,김귤에,8600000.0,14.944069923000336,3091200.0000000014,0.6405581395348835,mixed_media,canvas,10.272910889297028,1.189102564102564,True,False
T4-E023,dummy_median,val_cold,gyul e kim,김귤에,9000000.0,14.944069923000336,3091200.0000000014,0.6565333333333331,mixed_media,canvas,10.40644228192155,1.358974358974359,True,False
T4-E023,dummy_median,val_cold,gyul e kim,김귤에,2400000.0,14.944069923000336,3091200.0000000014,0.2880000000000006,mixed_media,canvas,8.652894727574965,1.5594059405940597,True,False
T4-E023,dummy_median,val_cold,gyul e kim,김귤에,4000000.0,14.944069923000336,3091200.0000000014,0.22719999999999965,mixed_media,canvas,9.271322576910975,1.2835164835164834,True,False
T4-E023,dummy_median,val_cold,gyul e kim,김귤에,1200000.0,14.944069923000336,3091200.0000000014,1.5760000000000012,mixed_media,canvas,7.906915488678587,1.154639175257732,True,True
T4-E023,dummy_median,val_cold,gyul e kim,김귤에,9000000.0,14.944069923000336,3091200.0000000014,0.6565333333333331,mixed_media,canvas,10.414213171301784,1.224242424242424,True,False
T4-E023,dummy_median,val_cold,gyul e kim,김귤에,2400000.0,14.944069923000336,3091200.0000000014,0.2880000000000006,mixed_media,canvas,8.675222055641148,1.5737704918032789,True,False
T4-E023,dummy_median,val_cold,gyul e kim,김귤에,2400000.0,14.944069923000336,3091200.0000000014,0.2880000000000006,mixed_media,canvas,8.660643973821198,1.2666666666666666,True,False
T4-E023,dummy_median,val_cold,gyul e kim,김귤에,8600000.0,14.944069923000336,3091200.0000000014,0.6405581395348835,mixed_media,canvas,10.323742746116928,1.300653594771242,True,False
T4-E023,dummy_median,val_cold,gyul e kim,김귤에,9000000.0,14.944069923000336,3091200.0000000014,0.6565333333333331,mixed_media,canvas,10.322855565813285,1.25,True,False
T4-E023,dummy_median,val_cold,gyul e kim,김귤에,400000.0,14.944069923000336,3091200.0000000014,6.728000000000003,mixed_media,canvas,6.314000842300227,1.0,True,False
T4-E023,dummy_median,val_cold,gyul e kim,김귤에,1040000.0,14.944069923000336,3091200.0000000014,1.9723076923076936,mixed_media,canvas,8.012217092439139,1.4260869565217391,True,False
T4-E023,dummy_median,val_cold,gyul e kim,김귤에,100000.0,14.944069923000336,3091200.0000000014,29.912000000000013,mixed_media,canvas,5.41610040220442,1.0,True,False
T4-E023,dummy_median,val_cold,gyul e kim,김귤에,400000.0,14.944069923000336,3091200.0000000014,6.728000000000003,mixed_media,canvas,6.3891662645983125,1.0,True,False
T4-E023,dummy_median,val_cold,gyul e kim,김귤에,2400000.0,14.944069923000336,3091200.0000000014,0.2880000000000006,mixed_media,canvas,8.459479329225765,1.0087719298245612,True,False
T4-E023,dummy_median,val_cold,gyul e kim,김귤에,960000.0,14.944069923000336,3091200.0000000014,2.2200000000000015,mixed_media,canvas,7.853216388156072,1.0505050505050506,True,False
T4-E023,dummy_median,val_cold,gyul e kim,김귤에,300000.0,14.944069923000336,3091200.0000000014,9.304000000000004,mixed_media,canvas,6.182084906716632,1.0,True,False
T4-E023,dummy_median,val_cold,gyul e kim,김귤에,640000.0,14.944069923000336,3091200.0000000014,3.8300000000000023,mixed_media,canvas,7.452663438045286,1.200527704485488,True,False
T4-E023,dummy_median,val_cold,gyul e kim,김귤에,300000.0,14.944069923000336,3091200.0000000014,9.304000000000004,mixed_media,canvas,6.927557906278317,1.1333333333333333,True,False
T4-E023,dummy_median,val_cold,gyul e kim,김귤에,2400000.0,14.944069923000336,3091200.0000000014,0.2880000000000006,mixed_media,canvas,8.724207360800564,1.0933333333333333,True,False
T4-E023,dummy_median,val_cold,gyul e kim,김귤에,2800000.0,14.944069923000336,3091200.0000000014,0.1040000000000005,mixed_media,canvas,8.747806375432315,1.2214484679665738,True,False
T4-E023,dummy_median,val_cold,gyul e kim,김귤에,7200000.0,14.944069923000336,3091200.0000000014,0.5706666666666664,mixed_media,canvas,9.86526633971593,1.232,True,False
T4-E023,dummy_median,val_cold,hanna lee,이한나,4186400.0,14.944069923000336,3091200.0000000014,0.261609019682782,oil,canvas,9.444550462634185,1.343298969072165,False,False
T4-E023,dummy_median,val_cold,hanna lee,이한나,928700.0,14.944069923000336,3091200.0000000014,2.328523742866374,oil,canvas,7.681421976600878,1.2958435207823962,False,False
T4-E023,dummy_median,val_cold,hanna lee,이한나,1476700.0,14.944069923000336,3091200.0000000014,1.093316177964381,oil,canvas,8.19836438996762,1.454,True,False
T4-E023,dummy_median,val_cold,hanna lee,이한나,3075100.0,14.944069923000336,3091200.0000000014,0.005235602094241292,oil,canvas,9.146232691346842,1.4545454545454546,True,False
T4-E023,dummy_median,val_cold,hanna lee,이한나,989600.0,14.944069923000336,3091200.0000000014,2.12368633791431,oil,canvas,7.478847813534776,1.5868263473053892,True,False
T4-E023,dummy_median,val_cold,hanna lee,이한나,989600.0,14.944069923000336,3091200.0000000014,2.12368633791431,oil,canvas,7.788004239509027,1.164835164835165,True,False
T4-E023,dummy_median,val_cold,hanna lee,이한나,989600.0,14.944069923000336,3091200.0000000014,2.12368633791431,oil,canvas,7.681421976600878,1.2958435207823962,True,False
T4-E023,dummy_median,val_cold,hanna lee,이한나,6135000.0,14.944069923000336,3091200.0000000014,0.4961369193154032,oil,canvas,9.958669625812112,1.244819646968534,True,False
T4-E023,dummy_median,val_cold,hanna lee,이한나,4917100.0,14.944069923000336,3091200.0000000014,0.37133676353948436,oil,canvas,9.55488706511493,1.5,True,False
T4-E023,dummy_median,val_cold,hanna lee,이한나,6135000.0,14.944069923000336,3091200.0000000014,0.4961369193154032,oil,canvas,9.958669625812112,1.244819646968534,True,False
T4-E023,dummy_median,val_cold,hanna lee,이한나,593800.0,14.944069923000336,3091200.0000000014,4.205793196362414,oil,panel,7.110696122978827,1.0,False,False
T4-E023,dummy_median,val_cold,hanna lee,이한나,822100.0,14.944069923000336,3091200.0000000014,2.760126505291329,oil,canvas,7.452663438045286,1.200527704485488,False,False
T4-E023,dummy_median,val_cold,hanna lee,이한나,1476700.0,14.944069923000336,3091200.0000000014,1.093316177964381,oil,canvas,8.256633298091595,1.3716981132075472,True,False
T4-E023,dummy_median,val_cold,hanna lee,이한나,2207400.0,14.944069923000336,3091200.0000000014,0.4003805381897261,oil,canvas,8.614054894258702,1.5,True,False
T4-E023,dummy_median,val_cold,hanna lee,이한나,989600.0,14.944069923000336,3091200.0000000014,2.12368633791431,oil,panel,7.681421976600878,1.2958435207823962,True,False
T4-E023,dummy_median,val_cold,yerang hwang,황예랑,600000.0,14.944069923000336,3091200.0000000014,4.152000000000002,mixed_media,paper,6.478755387740309,1.3094170403587444,False,False
T4-E023,dummy_median,val_cold,yerang hwang,황예랑,600000.0,14.944069923000336,3091200.0000000014,4.152000000000002,mixed_media,paper,6.428912701069197,1.4047619047619049,False,False
T4-E023,dummy_median,val_cold,yerang hwang,황예랑,600000.0,14.944069923000336,3091200.0000000014,4.152000000000002,mixed_media,paper,6.587770376218372,1.3491379310344829,False,False
T4-E023,dummy_median,val_cold,yerang hwang,황예랑,800000.0,14.944069923000336,3091200.0000000014,2.8640000000000017,mixed_media,paper,6.798654443708587,2.432291666666667,False,False
T4-E023,dummy_median,val_cold,yerang hwang,황예랑,800000.0,14.944069923000336,3091200.0000000014,2.8640000000000017,ink,paper,6.758663448239559,1.829493087557604,False,False
T4-E023,dummy_median,val_cold,yerang hwang,황예랑,600000.0,14.944069923000336,3091200.0000000014,4.152000000000002,mixed_media,paper,7.157540761242768,1.2153846153846153,False,False
T4-E023,dummy_median,val_cold,yerang hwang,황예랑,600000.0,14.944069923000336,3091200.0000000014,4.152000000000002,mixed_media,paper,6.47426099815247,1.3153153153153154,False,False
T4-E023,dummy_median,val_cold,yerang hwang,황예랑,800000.0,14.944069923000336,3091200.0000000014,2.8640000000000017,mixed_media,paper,6.802394763324311,1.44,False,False
T4-E023,dummy_median,val_cold,yerang hwang,황예랑,600000.0,14.944069923000336,3091200.0000000014,4.152000000000002,mixed_media,paper,6.477679804901255,1.31981981981982,False,False
T4-E023,dummy_median,val_cold,yerang hwang,황예랑,1000000.0,14.944069923000336,3091200.0000000014,2.0912000000000015,mixed_media,paper,7.575584651557793,1.2820512820512822,False,False
T4-E023,dummy_median,val_cold,yerang hwang,황예랑,800000.0,14.944069923000336,3091200.0000000014,2.8640000000000017,mixed_media,paper,6.788408521349571,1.42,False,False
T4-E023,dummy_median,val_cold,yerang hwang,황예랑,800000.0,14.944069923000336,3091200.0000000014,2.8640000000000017,mixed_media,paper,6.5337888379333435,1.4883720930232558,False,False
T4-E023,dummy_median,val_cold,yerang hwang,황예랑,600000.0,14.944069923000336,3091200.0000000014,4.152000000000002,mixed_media,paper,6.099197246910864,1.6363636363636365,False,False
T4-E023,dummy_median,val_cold,yerang hwang,황예랑,800000.0,14.944069923000336,3091200.0000000014,2.8640000000000017,mixed_media,paper,6.478755387740309,1.3094170403587444,False,False
T4-E023,dummy_median,val_cold,yerang hwang,황예랑,600000.0,14.944069923000336,3091200.0000000014,4.152000000000002,pencil,paper,6.181754273551113,1.3125,False,False
T4-E023,dummy_median,val_cold,yerang hwang,황예랑,800000.0,14.944069923000336,3091200.0000000014,2.8640000000000017,mixed_media,paper,7.070520178226873,1.3801369863013695,False,False
T4-E023,dummy_median,val_cold,yerang hwang,황예랑,600000.0,14.944069923000336,3091200.0000000014,4.152000000000002,mixed_media,paper,6.428912701069197,1.4047619047619049,False,False
T4-E023,dummy_median,val_cold,yerang hwang,황예랑,600000.0,14.944069923000336,3091200.0000000014,4.152000000000002,ink,paper,6.025865973825314,1.2777777777777777,False,False
T4-E023,dummy_median,val_cold,yerang hwang,황예랑,800000.0,14.944069923000336,3091200.0000000014,2.8640000000000017,mixed_media,paper,6.156978985585555,1.84375,False,False
T4-E023,dummy_median,val_cold,yerang hwang,황예랑,600000.0,14.944069923000336,3091200.0000000014,4.152000000000002,mixed_media,paper,6.307606517255945,1.3582089552238803,False,False
T4-E023,dummy_median,val_cold,yerang hwang,황예랑,600000.0,14.944069923000336,3091200.0000000014,4.152000000000002,mixed_media,paper,6.181754273551113,1.3125,False,False
T4-E023,dummy_median,val_cold,yerang hwang,황예랑,600000.0,14.944069923000336,3091200.0000000014,4.152000000000002,mixed_media,paper,6.428912701069197,1.4047619047619049,False,False
T4-E023,dummy_median,val_cold,michelle sakhai,미체르레삭하이,21312500.0,14.944069923000336,3091200.0000000014,0.854958357771261,painting_material,unknown,9.242087070288765,1.0,True,False
T4-E023,dummy_median,val_cold,michelle sakhai,미체르레삭하이,22834800.0,14.944069923000336,3091200.0000000014,0.864627673550896,painting_material,unknown,9.31844651494733,1.3336980306345734,True,False
T4-E023,dummy_median,val_cold,michelle sakhai,미체르레삭하이,6089300.0,14.944069923000336,3091200.0000000014,0.49235544315438534,painting_material,unknown,7.932972162073471,1.334792122538293,True,False
T4-E023,dummy_median,val_cold,michelle sakhai,미체르레삭하이,30446400.0,14.944069923000336,3091200.0000000014,0.898470755163172,painting_material,unknown,9.647552178396928,1.5000000000000002,True,False
T4-E023,dummy_median,val_cold,michelle sakhai,미체르레삭하이,22834800.0,14.944069923000336,3091200.0000000014,0.864627673550896,painting_material,unknown,9.31844651494733,1.3336980306345734,True,False
T4-E023,dummy_median,val_cold,michelle sakhai,미체르레삭하이,22834800.0,14.944069923000336,3091200.0000000014,0.864627673550896,painting_material,unknown,9.320360017014732,1.3333333333333333,True,False
T4-E023,dummy_median,val_cold,michelle sakhai,미체르레삭하이,12178600.0,14.944069923000336,3091200.0000000014,0.7461777215771926,painting_material,unknown,8.954404997836981,3.0000000000000004,True,False
T4-E023,dummy_median,val_cold,michelle sakhai,미체르레삭하이,3653600.0,14.944069923000336,3091200.0000000014,0.15393037004598167,painting_material,unknown,7.528600547786677,2.0,True,False
T4-E023,dummy_median,val_cold,michelle sakhai,미체르레삭하이,16745600.0,14.944069923000336,3091200.0000000014,0.8154022549206955,painting_material,unknown,9.03049095692021,1.0,True,False
T4-E023,dummy_median,val_cold,michelle sakhai,미체르레삭하이,21312500.0,14.944069923000336,3091200.0000000014,0.854958357771261,painting_material,unknown,9.242087070288765,1.0,True,False
T4-E023,dummy_median,val_cold,michelle sakhai,미체르레삭하이,18267900.0,14.944069923000336,3091200.0000000014,0.8307851477181284,painting_material,unknown,9.320360017014732,1.3333333333333333,True,False
T4-E023,dummy_median,val_cold,michelle sakhai,미체르레삭하이,21312500.0,14.944069923000336,3091200.0000000014,0.854958357771261,painting_material,unknown,9.242087070288765,1.0,True,False
T4-E023,dummy_median,val_cold,michelle sakhai,미체르레삭하이,60892800.0,14.944069923000336,3091200.0000000014,0.949235377581586,painting_material,unknown,10.315448847987986,1.3674293405114402,True,False
T4-E023,dummy_median,val_cold,michelle sakhai,미체르레삭하이,42625000.0,14.944069923000336,3091200.0000000014,0.9274791788856305,painting_material,unknown,10.012140591884046,1.5004101722723544,True,False
T4-E023,dummy_median,val_cold,michelle sakhai,미체르레삭하이,3805800.0,14.944069923000336,3091200.0000000014,0.18776604130537564,painting_material,unknown,7.644196595800317,1.0,True,False
T4-E023,dummy_median,val_cold,michelle sakhai,미체르레삭하이,98950800.0,14.944069923000336,3091200.0000000014,0.9687602323578991,painting_material,unknown,10.871211808965125,2.2664041994750654,True,False
T4-E023,dummy_median,val_cold,michelle sakhai,미체르레삭하이,11417400.0,14.944069923000336,3091200.0000000014,0.7292553471017919,painting_material,unknown,8.666722925385201,1.0,True,False
T4-E023,dummy_median,val_cold,michelle sakhai,미체르레삭하이,45669600.0,14.944069923000336,3091200.0000000014,0.932313836775448,painting_material,unknown,10.011593695507276,2.6673960612691467,True,False
T4-E023,dummy_median,val_cold,michelle sakhai,미체르레삭하이,22834800.0,14.944069923000336,3091200.0000000014,0.864627673550896,painting_material,unknown,9.474042203040964,3.498360655737705,True,False
T4-E023,dummy_median,val_cold,michelle sakhai,미체르레삭하이,16745600.0,14.944069923000336,3091200.0000000014,0.8154022549206955,painting_material,unknown,9.03049095692021,1.0,True,False
T4-E023,dummy_median,val_cold,michelle sakhai,미체르레삭하이,9134000.0,14.944069923000336,3091200.0000000014,0.6615721480183926,painting_material,unknown,8.444235326865911,1.2491803278688525,True,False
T4-E023,dummy_median,val_cold,michelle sakhai,미체르레삭하이,27401800.0,14.944069923000336,3091200.0000000014,0.8871898926347904,painting_material,unknown,9.647552178396928,1.5000000000000002,True,False
T4-E023,dummy_median,val_cold,michelle sakhai,미체르레삭하이,9134000.0,14.944069923000336,3091200.0000000014,0.6615721480183926,painting_material,unknown,8.444235326865911,1.2491803278688525,True,False
T4-E023,dummy_median,val_cold,michelle sakhai,미체르레삭하이,11417400.0,14.944069923000336,3091200.0000000014,0.7292553471017919,painting_material,unknown,8.666722925385201,1.0,True,False
T4-E023,dummy_median,val_cold,jina jung,정진아,5328200.0,14.944069923000336,3091200.0000000014,0.41984159753762973,acrylic,canvas,8.779557455883728,1.5384615384615383,True,False
T4-E023,dummy_median,val_cold,jina jung,정진아,776400.0,14.944069923000336,3091200.0000000014,2.981452859350852,acrylic,canvas,6.869534066161939,1.2727272727272727,True,False
T4-E023,dummy_median,val_cold,jina jung,정진아,900000.0,14.944069923000336,3091200.0000000014,2.434666666666668,acrylic,canvas,7.63542465191381,1.0,True,False
T4-E023,dummy_median,val_cold,jina jung,정진아,7916100.0,14.944069923000336,3091200.0000000014,0.6095046803350133,acrylic,canvas,9.472704636443671,1.3,True,False
T4-E023,dummy_median,val_cold,jina jung,정진아,2511900.0,14.944069923000336,3091200.0000000014,0.23062223814642357,acrylic,canvas,8.390636277614743,1.1996699669966997,False,False
T4-E023,dummy_median,val_cold,jina jung,정진아,395900.0,14.944069923000336,3091200.0000000014,6.808032331396821,acrylic,canvas,6.411473380656988,1.2242152466367713,True,False
T4-E023,dummy_median,val_cold,jina jung,정진아,2207400.0,14.944069923000336,3091200.0000000014,0.4003805381897261,acrylic,canvas,8.205286730073592,1.0,True,False
T4-E023,dummy_median,val_cold,jina jung,정진아,989600.0,14.944069923000336,3091200.0000000014,2.12368633791431,acrylic,canvas,7.63542465191381,1.0,False,False
T4-E023,dummy_median,val_cold,jina jung,정진아,3805800.0,14.944069923000336,3091200.0000000014,0.18776604130537564,acrylic,canvas,8.764053269347762,1.0,False,False
T4-E023,dummy_median,val_cold,jina jung,정진아,1674600.0,14.944069923000336,3091200.0000000014,0.8459333572196354,acrylic,canvas,7.992099595852542,1.4285714285714286,True,False
T4-E023,dummy_median,val_cold,dain lim,임다인,1248400.0,14.944069923000336,3091200.0000000014,1.476129445690485,oil,linen,7.452663438045286,1.200527704485488,True,False
T4-E023,dummy_median,val_cold,dain lim,임다인,3714500.0,14.944069923000336,3091200.0000000014,0.16780185758513894,oil,linen,8.80131894766524,1.2465753424657535,True,False
T4-E023,dummy_median,val_cold,dain lim,임다인,6180700.0,14.944069923000336,3091200.0000000014,0.49986247512417664,oil,linen,8.972178355987793,1.4993103448275862,True,False
T4-E023,dummy_median,val_cold,dain lim,임다인,1248400.0,14.944069923000336,3091200.0000000014,1.476129445690485,oil,linen,7.452663438045286,1.200527704485488,True,False
T4-E023,dummy_median,val_cold,dain lim,임다인,6180700.0,14.944069923000336,3091200.0000000014,0.49986247512417664,oil,linen,8.972178355987793,1.4993103448275862,True,False
T4-E023,dummy_median,val_cold,dain lim,임다인,7429000.0,14.944069923000336,3091200.0000000014,0.5839009287925694,oil,linen,9.489248566282852,3.5990099009900987,True,False
T4-E023,dummy_median,val_cold,dain lim,임다인,3714500.0,14.944069923000336,3091200.0000000014,0.16780185758513894,oil,linen,8.797200891056324,1.2517193947730398,True,False
T4-E023,dummy_median,val_cold,dain lim,임다인,12361300.0,14.944069923000336,3091200.0000000014,0.749929214564811,oil,linen,9.806976652155283,2.8375,True,False
T4-E023,dummy_median,val_cold,dain lim,임다인,2481400.0,14.944069923000336,3091200.0000000014,0.24574836785685555,oil,linen,8.39475433422366,1.2046204620462049,True,False
T4-E023,dummy_median,val_cold,dain lim,임다인,1248400.0,14.944069923000336,3091200.0000000014,1.476129445690485,oil,linen,7.452663438045286,1.200527704485488,True,False
T4-E023,dummy_median,val_cold,dain lim,임다인,1248400.0,14.944069923000336,3091200.0000000014,1.476129445690485,oil,linen,7.452663438045286,1.200527704485488,True,False
T4-E023,dummy_median,val_cold,dain lim,임다인,1491900.0,14.944069923000336,3091200.0000000014,1.0719887391916358,oil,linen,7.511251237589436,1.536231884057971,True,False
T4-E023,dummy_median,val_cold,dain lim,임다인,2481400.0,14.944069923000336,3091200.0000000014,0.24574836785685555,oil,linen,8.390636277614743,1.1996699669966997,True,False
T4-E023,dummy_median,val_cold,dain lim,임다인,1248400.0,14.944069923000336,3091200.0000000014,1.476129445690485,oil,linen,7.452663438045286,1.200527704485488,True,False
T4-E023,dummy_median,val_cold,dain lim,임다인,1248400.0,14.944069923000336,3091200.0000000014,1.476129445690485,oil,linen,7.452663438045286,1.200527704485488,True,False
T4-E023,dummy_median,val_cold,dain lim,임다인,6180700.0,14.944069923000336,3091200.0000000014,0.49986247512417664,oil,linen,8.972178355987793,1.4993103448275862,True,False
T4-E023,dummy_median,val_cold,dain lim,임다인,4947600.0,14.944069923000336,3091200.0000000014,0.37521222410865845,oil,linen,8.990939806940807,1.2453300124533002,True,False
T4-E023,dummy_median,val_cold,dain lim,임다인,12361300.0,14.944069923000336,3091200.0000000014,0.749929214564811,oil,linen,9.806976652155283,2.8375,True,False
T4-E023,dummy_median,val_cold,kang miro,강미로,6000000.0,14.944069923000336,3091200.0000000014,0.4847999999999998,mixed_media,unknown,9.053569596026234,1.2409638554216869,True,False
T4-E023,dummy_median,val_cold,kang miro,강미로,2500000.0,14.944069923000336,3091200.0000000014,0.23648000000000055,mixed_media,unknown,8.02322468471667,4.185185185185185,True,False
T4-E023,dummy_median,val_cold,kang miro,강미로,6000000.0,14.944069923000336,3091200.0000000014,0.4847999999999998,mixed_media,unknown,9.053569596026234,1.2409638554216869,False,False
T4-E023,dummy_median,val_cold,kang miro,강미로,6000000.0,14.944069923000336,3091200.0000000014,0.4847999999999998,mixed_media,unknown,8.791638037085997,3.558139534883721,True,False
T4-E023,dummy_median,val_cold,kang miro,강미로,1500000.0,14.944069923000336,3091200.0000000014,1.0608000000000009,mixed_media,unknown,7.522400231387125,1.0,False,False
T4-E023,dummy_median,val_cold,kang miro,강미로,6000000.0,14.944069923000336,3091200.0000000014,0.4847999999999998,mixed_media,unknown,8.791638037085997,3.558139534883721,False,False
T4-E023,dummy_median,val_cold,kang miro,강미로,2500000.0,14.944069923000336,3091200.0000000014,0.23648000000000055,mixed_media,unknown,8.126813720726114,1.5319148936170213,False,False
T4-E023,dummy_median,val_cold,kang miro,강미로,6000000.0,14.944069923000336,3091200.0000000014,0.4847999999999998,mixed_media,unknown,8.791638037085997,3.558139534883721,False,False
T4-E023,dummy_median,val_cold,kang miro,강미로,2500000.0,14.944069923000336,3091200.0000000014,0.23648000000000055,mixed_media,unknown,8.126813720726114,1.5319148936170213,False,False
T4-E023,dummy_median,val_cold,kang miro,강미로,1500000.0,14.944069923000336,3091200.0000000014,1.0608000000000009,mixed_media,unknown,7.522400231387125,1.0,False,False
T4-E023,dummy_median,val_cold,kang miro,강미로,8000000.0,14.944069923000336,3091200.0000000014,0.6135999999999998,mixed_media,unknown,9.42294862137501,1.4301075268817205,False,False
T4-E023,dummy_median,val_cold,kang miro,강미로,9000000.0,14.944069923000336,3091200.0000000014,0.6565333333333331,mixed_media,unknown,9.42294862137501,1.4301075268817205,False,False
T4-E023,dummy_median,val_cold,kang miro,강미로,1500000.0,14.944069923000336,3091200.0000000014,1.0608000000000009,mixed_media,unknown,7.522400231387125,1.0,False,False
T4-E023,dummy_median,val_cold,kang miro,강미로,6000000.0,14.944069923000336,3091200.0000000014,0.4847999999999998,mixed_media,unknown,9.053569596026234,1.2409638554216869,False,False
T4-E023,dummy_median,val_cold,kang miro,강미로,6000000.0,14.944069923000336,3091200.0000000014,0.4847999999999998,mixed_media,unknown,8.791638037085997,3.558139534883721,False,False
T4-E023,dummy_median,val_cold,kang miro,강미로,8000000.0,14.944069923000336,3091200.0000000014,0.6135999999999998,mixed_media,unknown,9.42294862137501,1.4301075268817205,False,False
T4-E023,dummy_median,val_cold,haseullin jeong,정하슬린,3021900.0,14.944069923000336,3091200.0000000014,0.02293259207783229,mixed_media,canvas,8.572682769078947,1.0,False,False
T4-E023,dummy_median,val_cold,pakpoom silaphan,팍푸므실아프한,9155000.0,14.944069923000336,3091200.0000000014,0.6623484434735115,mixed_media,unknown,7.475339236566737,1.0,True,False
T4-E023,dummy_median,val_cold,pakpoom silaphan,팍푸므실아프한,50625000.0,14.944069923000336,3091200.0000000014,0.9389392592592593,mixed_media,unknown,8.632305998516742,1.2878787878787878,True,True
T4-E023,dummy_median,val_cold,pakpoom silaphan,팍푸므실아프한,50625000.0,14.944069923000336,3091200.0000000014,0.9389392592592593,mixed_media,unknown,8.91905180393029,3.382978723404255,True,True
T4-E023,dummy_median,val_cold,pakpoom silaphan,팍푸므실아프한,50625000.0,14.944069923000336,3091200.0000000014,0.9389392592592593,mixed_media,unknown,7.973844375944687,1.2604166666666667,True,True
T4-E023,dummy_median,val_cold,pakpoom silaphan,팍푸므실아프한,24300000.0,14.944069923000336,3091200.0000000014,0.8727901234567901,mixed_media,unknown,4.702750514326955,1.0,True,False
T4-E023,dummy_median,val_cold,pakpoom silaphan,팍푸므실아프한,10125000.0,14.944069923000336,3091200.0000000014,0.6946962962962961,mixed_media,unknown,3.4094961844768505,1.0,True,False
T4-E023,dummy_median,val_cold,pakpoom silaphan,팍푸므실아프한,16200000.0,14.944069923000336,3091200.0000000014,0.8091851851851851,mixed_media,unknown,4.394449154672439,1.0,True,False
T4-E023,dummy_median,val_cold,pakpoom silaphan,팍푸므실아프한,14175000.0,14.944069923000336,3091200.0000000014,0.7819259259259258,mixed_media,unknown,4.029806041084529,1.0,True,False
T4-E023,dummy_median,val_cold,pakpoom silaphan,팍푸므실아프한,19237500.0,14.944069923000336,3091200.0000000014,0.8393138401559453,mixed_media,unknown,7.047517221357296,1.84,True,True
T4-E023,dummy_median,val_cold,prae pupityastaporn,프래풉이트야스탑오느,2664100.0,14.944069923000336,3091200.0000000014,0.1603168049247406,acrylic,canvas,6.774223886357614,1.4,False,False
T4-E023,dummy_median,val_cold,jonghwan lee,이종환,650000.0,14.944069923000336,3091200.0000000014,3.7556923076923097,mixed_media,metal,6.4356694835320765,1.414285714285714,False,False
T4-E023,dummy_median,val_cold,jonghwan lee,이종환,650000.0,14.944069923000336,3091200.0000000014,3.7556923076923097,mixed_media,metal,6.4356694835320765,1.414285714285714,False,False
T4-E023,dummy_median,val_cold,jonghwan lee,이종환,5500000.0,14.944069923000336,3091200.0000000014,0.4379636363636361,mixed_media,wood,10.135392609518911,1.4923076923076923,False,False
T4-E023,dummy_median,val_cold,jonghwan lee,이종환,3500000.0,14.944069923000336,3091200.0000000014,0.1167999999999996,mixed_media,wood,9.498372383192253,1.0263157894736843,True,False
T4-E023,dummy_median,val_cold,jonghwan lee,이종환,3200000.0,14.944069923000336,3091200.0000000014,0.033999999999999565,mixed_media,wood,9.489248566282852,1.5995599559955995,False,False
T4-E023,dummy_median,val_cold,jonghwan lee,이종환,650000.0,14.944069923000336,3091200.0000000014,3.7556923076923097,mixed_media,metal,6.768860960112828,1.359683794466403,False,False
T4-E023,dummy_median,val_cold,joohyun kim,김주현,3000000.0,14.944069923000336,3091200.0000000014,0.030400000000000465,acrylic,canvas,9.0217190130337,1.0,True,False
T4-E023,dummy_median,val_cold,joohyun kim,김주현,2500000.0,14.944069923000336,3091200.0000000014,0.23648000000000055,acrylic,canvas,8.003028666384733,1.4130434782608696,True,False
T4-E023,dummy_median,val_cold,joohyun kim,김주현,7000000.0,14.944069923000336,3091200.0000000014,0.5583999999999998,acrylic,canvas,9.955130785687968,1.2461538461538462,True,False
T4-E023,dummy_median,val_cold,joohyun kim,김주현,3500000.0,14.944069923000336,3091200.0000000014,0.1167999999999996,acrylic,canvas,9.045947923831983,1.6052269601100413,True,False
T4-E023,dummy_median,val_cold,joohyun kim,김주현,1000000.0,14.944069923000336,3091200.0000000014,2.0912000000000015,acrylic,canvas,6.379444340875127,1.2181818181818185,True,False
T4-E023,dummy_median,val_cold,joohyun kim,김주현,7000000.0,14.944069923000336,3091200.0000000014,0.5583999999999998,acrylic,canvas,9.66002521573902,1.6801242236024847,True,False
T4-E023,dummy_median,val_cold,joohyun kim,김주현,1000000.0,14.944069923000336,3091200.0000000014,2.0912000000000015,acrylic,canvas,6.354804728915475,1.5128205128205128,True,False
T4-E023,dummy_median,val_cold,yejin yoon,윤예진,5328200.0,14.944069923000336,3091200.0000000014,0.41984159753762973,oil,canvas,8.99961934066053,1.0,True,False
T4-E023,dummy_median,val_cold,yejin yoon,윤예진,3805800.0,14.944069923000336,3091200.0000000014,0.18776604130537564,oil,canvas,8.80131894766524,1.2465753424657535,True,False
T4-E023,dummy_median,val_cold,yejin yoon,윤예진,3805800.0,14.944069923000336,3091200.0000000014,0.18776604130537564,oil,canvas,8.621733370690162,1.4918032786885247,True,False
T4-E023,dummy_median,val_cold,yejin yoon,윤예진,6850500.0,14.944069923000336,3091200.0000000014,0.5487628640245236,oil,canvas,9.442245428958966,1.3402061855670102,True,False
T4-E023,dummy_median,val_cold,yejin yoon,윤예진,6850500.0,14.944069923000336,3091200.0000000014,0.5487628640245236,oil,canvas,9.442245428958966,1.3402061855670102,True,False
T4-E023,dummy_median,val_cold,xooang choi,최수앙,3000000.0,14.944069923000336,3091200.0000000014,0.030400000000000465,mixed_media,paper,7.644919344958857,1.4473684210526316,False,False
T4-E023,dummy_median,val_cold,xooang choi,최수앙,13000000.0,14.944069923000336,3091200.0000000014,0.7622153846153845,mixed_media,paper,8.068402958569699,1.8095238095238095,True,True
T4-E023,dummy_median,val_cold,xooang choi,최수앙,3000000.0,14.944069923000336,3091200.0000000014,0.030400000000000465,mixed_media,paper,7.644919344958857,1.4473684210526316,False,False
T4-E023,dummy_median,val_cold,xooang choi,최수앙,35000000.0,14.944069923000336,3091200.0000000014,0.91168,mixed_media,paper,8.774312958285378,1.7377049180327868,True,True
T4-E023,dummy_median,val_cold,xooang choi,최수앙,32000000.0,14.944069923000336,3091200.0000000014,0.9034,mixed_media,paper,8.563695025067657,1.7962962962962965,True,True
T4-E023,dummy_median,val_cold,imhathai suwatthanasilp,이므하타이수와트한아실프,11861000.0,14.944069923000336,3091200.0000000014,0.7393811651631396,mixed_media,unknown,9.798127036878302,1.25,True,False
T4-E023,dummy_median,val_cold,imhathai suwatthanasilp,이므하타이수와트한아실프,11861000.0,14.944069923000336,3091200.0000000014,0.7393811651631396,mixed_media,unknown,9.798127036878302,1.25,True,False
T4-E023,dummy_median,val_cold,imhathai suwatthanasilp,이므하타이수와트한아실프,11861000.0,14.944069923000336,3091200.0000000014,0.7393811651631396,mixed_media,unknown,9.798127036878302,1.25,True,False
T4-E023,dummy_median,val_cold,imhathai suwatthanasilp,이므하타이수와트한아실프,427000.0,14.944069923000336,3091200.0000000014,6.239344262295085,other,unknown,4.1588830833596715,1.0,True,True
T4-E023,dummy_median,val_cold,imhathai suwatthanasilp,이므하타이수와트한아실프,7116600.0,14.944069923000336,3091200.0000000014,0.5656352752718993,mixed_media,canvas,9.287301413112312,1.3333333333333333,True,False
T4-E023,dummy_median,val_cold,yerim choi,최예림,900000.0,14.944069923000336,3091200.0000000014,2.434666666666668,acrylic,paper,9.049848797768878,1.382165605095541,False,False
T4-E023,dummy_median,val_cold,yerim choi,최예림,950000.0,14.944069923000336,3091200.0000000014,2.2538947368421067,oil,canvas,8.414938957377482,1.213114754098361,False,False
T4-E023,dummy_median,val_cold,yerim choi,최예림,950000.0,14.944069923000336,3091200.0000000014,2.2538947368421067,oil,canvas,9.271322576910975,1.2835164835164834,False,False
T4-E023,dummy_median,val_cold,yerim choi,최예림,600000.0,14.944069923000336,3091200.0000000014,4.152000000000002,oil,canvas,6.699032250329157,1.374485596707819,False,False
T4-E023,dummy_median,val_cold,yerim choi,최예림,950000.0,14.944069923000336,3091200.0000000014,2.2538947368421067,oil,canvas,9.271322576910975,1.2835164835164834,False,False
T4-E023,dummy_median,val_cold,hansol noh,노한솔,800000.0,14.944069923000336,3091200.0000000014,2.8640000000000017,mixed_media,paper,7.122059881629142,1.423728813559322,False,False
T4-E023,dummy_median,val_cold,hansol noh,노한솔,480000.0,14.944069923000336,3091200.0000000014,5.440000000000003,mixed_media,paper,6.3561076606958915,1.0,False,False
T4-E023,dummy_median,val_cold,hansol noh,노한솔,2400000.0,14.944069923000336,3091200.0000000014,0.2880000000000006,ink,paper,9.104979856318357,2.5,False,False
T4-E023,dummy_median,val_cold,hansol noh,노한솔,480000.0,14.944069923000336,3091200.0000000014,5.440000000000003,mixed_media,paper,6.3561076606958915,1.0,False,False
T4-E023,dummy_median,val_cold,dian suci,디안수시,2435800.0,14.944069923000336,3091200.0000000014,0.2690697101568279,mixed_media,paper,8.160518247477505,1.4,False,False
T4-E023,dummy_median,val_cold,blake daniels,브락에단이에르스,9999999.0,14.944069923000336,3091200.0000000014,0.6908799690879968,oil,canvas,7.981049759665957,1.4444444444444444,False,False
T4-E023,dummy_median,val_cold,natagon khamkayprong,나타곤크햄카이프롱,1033400.0,14.944069923000336,3091200.0000000014,1.9912908844590684,oil,linen,8.411832675758411,1.25,True,False
T4-E023,dummy_median,val_cold,natagon khamkayprong,나타곤크햄카이프롱,3131300.0,14.944069923000336,3091200.0000000014,0.012806182735604575,oil,canvas,10.203592144986466,1.2,True,False
T4-E023,dummy_median,val_cold,ha ninh pham,하닌흐프햄,3349200.0,14.944069923000336,3091200.0000000014,0.07703332139018232,mixed_media,paper,8.834045641167798,1.5757575757575757,False,False
T4-E023,dummy_median,val_cold,ha ninh pham,하닌흐프햄,6089300.0,14.944069923000336,3091200.0000000014,0.49235544315438534,mixed_media,paper,9.65117262392164,1.2612612612612613,False,False
T4-E023,dummy_median,val_cold,jung uk yang,정욱양,25879500.0,14.944069923000336,3091200.0000000014,0.8805541065321973,mixed_media,wood,8.40737832540903,2.8,True,True
T4-E023,dummy_median,val_cold,jung uk yang,정욱양,28924100.0,14.944069923000336,3091200.0000000014,0.8931271845969279,mixed_media,wood,9.159047077588632,3.8,True,True
T4-E023,dummy_median,val_cold,ryan lee,이라이언,2000000.0,14.944069923000336,3091200.0000000014,0.5456000000000008,acrylic,canvas,6.915723448631314,1.2857142857142858,True,True
T4-E023,dummy_median,val_cold,ryan lee,이라이언,2000000.0,14.944069923000336,3091200.0000000014,0.5456000000000008,acrylic,canvas,6.915723448631314,1.2857142857142858,True,True
T4-E023,dummy_median,val_cold,hojin kim,김호진,5300000.0,14.944069923000336,3091200.0000000014,0.4167547169811318,acrylic,canvas,9.271322576910975,1.2835164835164834,True,False
T4-E023,dummy_median,val_cold,uji handoko eko saputro aka hahan,우지한독오에코삽우트로,8372800.0,14.944069923000336,3091200.0000000014,0.6308045098413909,mixed_media,canvas,8.56197533418813,1.3174603174603174,True,False
T4-E023,dummy_median,val_cold,jaeyoon yoo,유재윤,3805800.0,14.944069923000336,3091200.0000000014,0.18776604130537564,mixed_media,unknown,9.405084448768694,1.5,True,False
T4-E023,dummy_median,val_cold,아리아나 파파데메트로풀로스,아리아나 파파데메트로풀로스,99715000.0,14.944069923000336,3091200.0000000014,0.968999648999649,oil,canvas,10.093839281025346,1.5,False,False
T4-E023,dummy_median,val_cold,안드레아 칼슨,안드레아 칼슨,22985600.0,14.944069923000336,3091200.0000000014,0.8655158011972713,gouache,paper,8.715804677251699,1.295918367346939,False,False
T4-E023,dummy_median,val_cold,스기모토 히로시,스기모토 히로시,571360000.0,14.944069923000336,3091200.0000000014,0.9945897507700924,print,unknown,10.231613628078405,1.195538057742782,False,False
T4-E023,ridge,val_warm,jungwoo hong,홍정우,604440.0,12.974485570630488,431268.2523105709,0.286499483305918,oil,paper,5.886104031450156,1.1111111111111112,True,False
T4-E023,ridge,val_warm,kyeonghoon oh,오경훈,1800900.0,15.03605862919932,3389044.6626040335,0.8818616595058213,acrylic,canvas,8.205286730073592,1.0,True,False
T4-E023,ridge,val_warm,injung kwon,권인정,234600.0,12.128149978166654,185007.191849433,0.21139304412006393,mixed_media,paper,4.585069514281089,1.0,True,False
T4-E023,ridge,val_warm,jihae lee,이지해,9813180.0,15.881804062374869,7895504.164767078,0.19541838988308805,oil,canvas,9.444550462634185,1.343298969072165,True,False
T4-E023,ridge,val_warm,jung hyun park,정현박,4816200.0,16.53230531297369,15131743.488121174,2.141842840438764,mixed_media,canvas,10.074653786098454,1.73972602739726,True,False
T4-E023,ridge,val_warm,jinho kee,진호케에,3615600.0,15.098277378846243,3606604.762846409,0.0024878961039913492,oil,canvas,8.421342865759403,1.305084745762712,True,False
T4-E023,ridge,val_warm,daesun choi,최대선,2219040.0,14.859069686340627,2839304.5015927283,0.2795192973505337,mixed_media,paper,8.146216462766645,1.228301886792453,True,False
T4-E023,ridge,val_warm,hyojung kim,김효정,364320.0,12.883759746960315,393863.52576153894,0.08109224242846658,oil,paper,5.746841964116649,1.4896551724137932,True,False
T4-E023,ridge,val_warm,soo hee kim,김수희,2797260.0,15.290483888547804,4370919.201510778,0.5625716599496571,mixed_media,paper,8.704502289721232,1.3432835820895523,True,False
T4-E023,ridge,val_warm,juha kim,김주하,558900.0,13.679171006596928,872546.3078909378,0.5611850203809944,acrylic,canvas,6.429735606941324,1.0,True,False
T4-E023,ridge,val_warm,jiseon han,한지선_B,12268200.0,16.14613290752728,10284339.996299038,0.16170750425498137,oil,canvas,9.80906752642742,1.0,True,False
T4-E023,ridge,val_warm,kim jae hyeon,김재현,4429800.0,15.279200333306111,4321876.8993385015,0.02436297364700404,oil,canvas,8.552371128165808,3.253132832080201,True,False
T4-E023,ridge,val_warm,jisun kim,김지선,1283400.0,14.351782751063219,1709621.8284423288,0.3321036531419112,oil,canvas,7.450021428582446,1.2037037037037035,True,False
T4-E023,ridge,val_warm,seo yeongyeong,서영영,964620.0,13.228696082892025,556095.9236442136,0.42350778167131764,oil,canvas,5.991464547107982,1.0,True,False
T4-E023,ridge,val_warm,kyoung soo lee,이경수,19666380.0,16.279446252184975,11750968.870101644,0.4024843987504745,acrylic,canvas,9.80794534581564,1.449107142857143,True,False
T4-E023,ridge,val_warm,jieun park,박지은_B,1407600.0,13.785658162375968,970588.7861626678,0.3104654829762235,acrylic,paper,6.802394763324311,1.0,True,False
T4-E023,ridge,val_warm,soonyong hong,홍순용,1283400.0,14.731831747938417,2500076.1464096005,0.9480100875873465,acrylic,canvas,7.798933310041217,1.1521739130434785,True,False
T4-E023,ridge,val_warm,so bac,백소,12282000.0,16.0538182614522,9377448.428712036,0.23648848487933263,painting_material,paper,9.735068900911164,1.0,True,False
T4-E023,ridge,val_warm,yoon jungho,윤정호,41262000.0,16.42213795364952,13553263.888307026,0.6715315813991801,mixed_media,canvas,9.957435819363184,1.2432847275518035,True,False
T4-E023,ridge,val_warm,jungwon shelley bae,배정원셰르레이,1535940.0,15.13986082370739,3759741.7282339986,1.447844139897391,acrylic,canvas,8.309922989258318,1.5748031496062993,True,False
T4-E023,ridge,val_warm,jenny seongryung lee,이제니성륭,2856600.0,16.32493268475227,12297821.425195634,3.3050554593557497,mixed_media,canvas,9.829873735190882,1.25,True,False
T4-E023,ridge,val_warm,taedong lee,이태동,7051800.0,15.534612611843185,5579516.109352568,0.20878128855716724,mixed_media,canvas,8.79560571403086,1.2517896475770929,True,False
T4-E023,ridge,val_warm,tae kim,김태,9784200.0,15.012049437568685,3308645.461844874,0.6618379160437364,mixed_media,paper,8.338066525518801,1.3818181818181818,True,False
T4-E023,ridge,val_warm,jungjin you,유정진,3808800.0,15.465168339165615,5205198.205668323,0.3666241875835756,acrylic,unknown,8.580918882296782,1.0,True,False
T4-E023,ridge,val_warm,sujeong kim,김수정,2760000.0,15.676980643779554,6433187.160477374,1.3308649132164398,mixed_media,unknown,8.796101385722906,1.250343878954608,True,False
T4-E023,ridge,val_warm,geun hwa lee,이근화,3339600.0,14.691819009271274,2402016.159867757,0.2807473470272617,acrylic,canvas,7.742063943840529,1.2352941176470589,True,False
T4-E023,ridge,val_warm,jeongkyu lee,이정규,9880800.0,15.070439397807817,3507588.764896268,0.6450096384001024,oil,canvas,8.390636277614743,1.1996699669966997,True,False
T4-E023,ridge,val_warm,myoung jo,조명,1324800.0,14.396997038734835,1788695.316748612,0.3501625277389886,oil,canvas,7.488584463316758,1.5833333333333333,True,False
T4-E023,ridge,val_warm,glim grim,그림그림,2111400.0,15.371601575520698,4740255.406847174,1.2450769190334254,oil,canvas,8.780051610692205,1.2857142857142856,True,False
T4-E023,ridge,val_warm,boghee joung,정보게에,786600.0,13.371096943295392,641200.1561821408,0.18484597485107956,acrylic,paper,6.246354796734772,1.25,True,False
T4-E023,ridge,val_warm,daeun lee,이대운,2235600.0,14.500567205885986,1983884.2152718026,0.11259428552880542,mixed_media,fabric,7.540758322274456,5.957255343082115,True,False
T4-E023,ridge,val_warm,kim hyejin,김혜진,3767400.0,14.940727760142556,3080885.951389823,0.1822248894755473,acrylic,canvas,8.026287050863607,1.9997443762781189,True,False
T4-E023,ridge,val_warm,kim hak young,김학영,772800.0,14.54479347239585,2073593.1307049182,1.6832209248252046,other,canvas,7.377758908227872,1.0,True,False
T4-E023,ridge,val_warm,mooa kang,강무아,6900000.0,16.062578046061354,9459953.693728287,0.3710077816997517,mixed_media,wood,8.439015410352214,1.0,True,True
T4-E023,ridge,val_warm,um hyo yong,용우므효,4623000.0,16.192993675719016,10777742.389946446,1.331330821965487,mixed_media,paper,9.67721410821299,1.318181818181818,False,False
T4-E023,ridge,val_warm,beomsik won,원범식,690000.0,14.697313402306015,2415250.1036776504,2.500362469098044,mixed_media,unknown,7.294377299288821,1.4375,False,False
T4-E023,ridge,val_warm,jae ho bae,배재호,1794000.0,15.53216897582968,5565898.447930087,2.1025074960591343,mixed_media,unknown,8.383433201236713,1.5,False,False
T4-E023,ridge,val_warm,jiweon lee,이지원,276000.0,13.851805588064376,1036961.7362902159,2.7571077401819415,mixed_media,paper,6.620073206530356,1.2,False,False
T4-E023,ridge,val_warm,jeeae yeom,염지애,2346000.0,15.489928877352886,5335690.578468589,1.2743779106856732,ink,paper,8.794446068377479,1.2551724137931035,False,False
T4-E023,ridge,val_warm,yeseul cheon,천예슬,1794000.0,14.205734088383593,1477310.9809208745,0.17652676648780685,mixed_media,wood,6.802394763324311,1.44,True,False
T4-E023,ridge,val_warm,miyoun leone,미윤레온에,8694000.0,15.619818219120544,6075763.504947238,0.301154416270159,acrylic,canvas,8.914894908906568,2.0,True,False
T4-E023,ridge,val_warm,kim chang young,김창영,42780000.0,16.567503711437414,15673841.142345857,0.6336175516048187,mixed_media,unknown,9.702350081484532,2.160919540229885,False,False
T4-E023,ridge,val_warm,dongzadonghwi,동자동흐위,676200.0,13.875644525602876,1061978.8078090716,0.570509919859615,mixed_media,canvas,6.603618568458395,1.641509433962264,True,False
T4-E023,ridge,val_warm,jong in kang,강종인,3174000.0,15.222970825601033,4085565.972345586,0.2871978488801468,mixed_media,canvas,8.390636277614743,1.1996699669966997,True,False
T4-E023,ridge,val_warm,choi yeonjai,최연자이,4429800.0,15.683620288927619,6476043.357923308,0.4619268043530878,mixed_media,canvas,8.990939806940807,1.2453300124533002,True,False
T4-E023,ridge,val_warm,soo yeon kwon,권수연,1104000.0,14.884202946599823,2911569.807952264,1.6372914927103839,acrylic,canvas,7.788004239509027,1.164835164835165,False,False
T4-E023,ridge,val_warm,un,운,10184400.0,16.402312280164285,13287207.392965043,0.30466275803827847,mixed_media,canvas,9.735068900911164,1.0,False,False
T4-E023,ridge,val_warm,eun jeong jo,조은정,4692000.0,16.42049542139934,13531020.488027329,1.8838492088719796,mixed_media,canvas,9.955130785687968,1.2461538461538462,True,False
T4-E023,ridge,val_warm,jae hyeon kim,김재현,1656000.0,14.516646937362623,2016042.3952912483,0.21741690536911132,oil,canvas,7.659171367666058,1.325,True,False
T4-E023,ridge,val_warm,eun ee yoon,윤은이,565800.0,13.79735283784841,982006.1380217768,0.7356064652205316,acrylic,panel,6.694908533145296,1.3801652892561984,True,False
T4-E023,ridge,val_warm,kyu bong kim,김규봉,2346000.0,15.51114709181957,5450114.043424966,1.3231517661657997,mixed_media,canvas,8.556413904569519,1.2307692307692308,False,False
T4-E023,ridge,val_warm,hyunmo yang,양현모,2000000.0,14.71822561068,2466290.136969509,0.23314506848475453,oil,canvas,7.940583827104244,1.0,True,False
T4-E023,ridge,val_warm,saebyeok jo,조새벽,455400.0,14.776484567337954,2614241.5295224814,4.74053915134493,oil,canvas,7.798933310041217,1.1521739130434785,False,False
T4-E023,ridge,val_warm,heeju moon,문희주,13386000.0,17.15668191954275,28252200.873332478,1.110578281288845,oil,canvas,10.84465917195874,2.421305841924399,False,False
T4-E023,ridge,val_warm,kimgari,김가리,276000.0,13.92806478597174,1119132.943616928,3.054829505858435,mixed_media,canvas,6.4559844179974615,1.763157894736842,False,False
T4-E023,ridge,val_warm,hae lyn hwang,황해르이느,2760000.0,16.58334266519134,15924074.876241172,4.769592346464193,mixed_media,canvas,9.958669625812112,1.244819646968534,False,False
T4-E023,ridge,val_warm,bonhwa cho,조본화,552000.0,14.071901360545588,1292257.646895592,1.341046461767377,mixed_media,paper,6.918932579572262,1.0,False,False
T4-E023,ridge,val_warm,jinny suh,서지니,3864000.0,15.48731986522148,5321787.841111408,0.3772742860019171,other,canvas,8.390636277614743,1.1996699669966997,False,False
T4-E023,ridge,val_warm,rahm parc,라흐므파르크,73871400.0,16.490779187642303,14516248.811122058,0.8034929781874709,painting_material,linen,9.857914707241372,2.0309278350515463,True,False
T4-E023,ridge,val_warm,sangun ho,호상운,2450000.0,14.618986947260034,2233291.2388962274,0.08845255555256022,mixed_media,paper,7.821963844651967,1.414285714285714,True,False
T4-E023,ridge,val_warm,jin pul,진풀,9000000.0,13.952143026998444,1146406.731110049,0.8726214743211056,painting_material,unknown,6.3561076606958915,1.0,False,False
T4-E023,ridge,val_warm,junmin shin,신준민,10397500.0,16.417123020688944,13485465.323231397,0.2969911347180954,oil,canvas,10.137182046379406,1.4881043745203375,True,False
T4-E023,ridge,val_warm,seonghwa hong,홍성화,1826800.0,14.496207031814738,1975252.965306305,0.08126393984360909,painting_material,canvas,7.452663438045286,1.200527704485488,True,False
T4-E023,ridge,val_warm,man seop kim,김만섭,700000.0,14.884202946599823,2911569.807952264,3.1593854399318055,acrylic,canvas,7.788004239509027,1.164835164835165,False,False
T4-E023,ridge,val_warm,youjeong kang,강유정,1202700.0,14.468132288183703,1920569.449254357,0.5968815575408306,oil,canvas,7.613324979540639,1.0,True,False
T4-E023,ridge,val_warm,disorn duangdao,디소르느두안그다오,7002700.0,15.935046602743228,8327273.109471566,0.18915177138411843,acrylic,unknown,9.175748927206564,1.369047619047619,True,False
T4-E023,ridge,val_warm,cai ruei heng,카이루에이헹,2283500.0,14.884202946599823,2911569.807952264,0.27504699275334527,acrylic,canvas,7.788004239509027,1.164835164835165,False,False
T4-E023,ridge,val_cold,hyeyune choi,최혜윤,4678200.0,15.17789443717679,3905492.43561739,0.16517198161314392,mixed_media,fabric,8.693580508722,1.0463576158940395,True,False
T4-E023,ridge,val_cold,rakeum rhee,이락음,10639800.0,15.738789406332158,6843360.063480789,0.3568149717587935,mixed_media,paper,9.259892150805433,1.9189189189189189,True,False
T4-E023,ridge,val_cold,hyunju kim,김현주,993600.0,13.782038897893182,967082.3178871868,0.026688488438821687,oil,canvas,6.694908533145296,1.3801652892561984,True,False
T4-E023,ridge,val_cold,eunja cho,조은자,1573200.0,14.311725127519347,1642491.948777828,0.04404522551349345,mixed_media,canvas,7.191602507811327,1.3217665615141956,True,False
T4-E023,ridge,val_cold,su jin kim,김진수,17912400.0,16.08816813262276,9705158.756052509,0.45818769366179246,acrylic,canvas,9.55488706511493,1.5,True,False
T4-E023,ridge,val_cold,jeongrock heo,허정록,1959600.0,15.070439397807817,3507588.764896268,0.7899514007431455,oil,canvas,8.390636277614743,1.1996699669966997,True,False
T4-E023,ridge,val_cold,su jin kim,김진수,19458000.0,16.278429892714257,11739031.728841266,0.39669895524507837,acrylic,canvas,9.806712300036724,1.4473214285714284,True,False
T4-E023,ridge,val_cold,su jin kim,김진수,17843400.0,15.977340130887926,8687016.658605633,0.5131523891968104,acrylic,canvas,9.436997742590188,1.0,True,False
T4-E023,ridge,val_cold,su jin kim,김진수,17843400.0,15.799038755287768,7268341.94411021,0.59265936177465,acrylic,paper,9.436997742590188,1.0,True,False
T4-E023,ridge,val_cold,jeongrock heo,허정록,407100.0,13.228696082892025,556095.9236442136,0.3659934258025389,oil,canvas,5.991464547107982,1.0,True,False
T4-E023,ridge,val_cold,jeongrock heo,허정록,1035000.0,14.608459422323763,2209903.533019383,1.1351724956709015,oil,canvas,7.788004239509027,1.164835164835165,True,False
T4-E023,ridge,val_cold,jeongrock heo,허정록,1094340.0,14.389701091978045,1775692.5822615717,0.6226150759924445,oil,canvas,7.478847813534776,1.5868263473053892,True,False
T4-E023,ridge,val_cold,ki yeon seo,서기연,1860240.0,14.598377507248925,2187735.409617594,0.17605008472970907,mixed_media,canvas,7.562161631225652,1.4054054054054057,True,False
T4-E023,ridge,val_cold,jeongrock heo,허정록,1959600.0,15.070439397807817,3507588.764896268,0.7899514007431455,oil,canvas,8.390636277614743,1.1996699669966997,True,False
T4-E023,ridge,val_cold,seung wook yang,양승욱,4512600.0,14.729735777329202,2494841.547984491,0.4471387785346605,mixed_media,canvas,7.749994652484595,1.111597374179431,True,False
T4-E023,ridge,val_cold,seung wook yang,양승욱,4512600.0,14.729735777329202,2494841.547984491,0.4471387785346605,mixed_media,canvas,7.749994652484595,1.111597374179431,True,False
T4-E023,ridge,val_cold,seung wook yang,양승욱,4077900.0,14.729735777329202,2494841.547984491,0.38820433360688317,mixed_media,canvas,7.749994652484595,1.111597374179431,True,False
T4-E023,ridge,val_cold,jeongrock heo,허정록,500940.0,13.782038897893182,967082.3178871868,0.930535229542833,oil,canvas,6.694908533145296,1.3801652892561984,True,False
T4-E023,ridge,val_cold,seung wook yang,양승욱,4512600.0,14.729735777329202,2494841.547984491,0.4471387785346605,mixed_media,canvas,7.749994652484595,1.111597374179431,True,False
T4-E023,ridge,val_cold,seung wook yang,양승욱,3063600.0,14.729735777329202,2494841.547984491,0.18565036297672963,mixed_media,canvas,7.749994652484595,1.111597374179431,True,False
T4-E023,ridge,val_cold,seung wook yang,양승욱,1573200.0,14.258537379020725,1557414.105273241,0.010034258026162634,mixed_media,canvas,7.121494750221053,1.3311475409836069,True,False
T4-E023,ridge,val_cold,eunja cho,조은자,4567800.0,15.220670502812624,4076178.652907667,0.1076275990832201,mixed_media,canvas,8.387608286867547,1.2,True,False
T4-E023,ridge,val_cold,jeongrock heo,허정록,1959600.0,15.070439397807817,3507588.764896268,0.7899514007431455,oil,canvas,8.390636277614743,1.1996699669966997,True,False
T4-E023,ridge,val_cold,jeongrock heo,허정록,4719600.0,15.739089963532036,6845417.193746399,0.45042317013018035,oil,canvas,9.260272740724393,1.2977777777777777,True,False
T4-E023,ridge,val_cold,erica choi,최어이카,2898000.0,15.18480487863013,3932574.5794511274,0.3569960591618797,acrylic,canvas,8.38898474957627,1.2016528925619836,True,False
T4-E023,ridge,val_cold,erica choi,최어이카,4015800.0,15.323119143178774,4515918.436931273,0.12453768537558468,acrylic,canvas,8.580918882296782,1.0,True,False
T4-E023,ridge,val_cold,erica choi,최어이카,745200.0,13.79735283784841,982006.1380217768,0.3177752791489222,acrylic,panel,6.694908533145296,1.3801652892561984,True,False
T4-E023,ridge,val_cold,erica choi,최어이카,1280640.0,14.60056635281732,2192529.2691689096,0.7120574628068073,acrylic,canvas,7.63542465191381,1.0,True,False
T4-E023,ridge,val_cold,jeongrock heo,허정록,500940.0,13.782038897893182,967082.3178871868,0.930535229542833,oil,canvas,6.694908533145296,1.3801652892561984,True,False
T4-E023,ridge,val_cold,jeongrock heo,허정록,2018940.0,14.975167883682387,3188840.355290147,0.5794626661961956,oil,canvas,8.256633298091595,1.3716981132075472,True,False
T4-E023,ridge,val_cold,seung wook yang,양승욱,4077900.0,14.729735777329202,2494841.547984491,0.38820433360688317,mixed_media,canvas,7.749994652484595,1.111597374179431,True,False
T4-E023,ridge,val_cold,seung wook yang,양승욱,4512600.0,14.629504364846168,2256903.648574622,0.4998662304271103,mixed_media,panel,7.749994652484595,1.111597374179431,True,False
T4-E023,ridge,val_cold,seung wook yang,양승욱,4077900.0,14.701289638331351,2424872.826580527,0.4053623613672413,mixed_media,canvas,7.646831391430482,2.3266666666666667,True,False
T4-E023,ridge,val_cold,seung wook yang,양승욱,7438200.0,14.98685497106161,3226327.2407263634,0.5662489257177324,mixed_media,canvas,8.078936260483083,1.25,True,False
T4-E023,ridge,val_cold,seung wook yang,양승욱,8914800.0,15.078211168164215,3534955.1441443064,0.6034734212607904,mixed_media,panel,8.331403226643376,1.2174657534246576,True,False
T4-E023,ridge,val_cold,jin sook woo,우진숙,6072000.0,15.007683374645922,3294231.1972600855,0.4574718054578252,acrylic,paper,8.390636277614743,1.1996699669966997,True,False
T4-E023,ridge,val_cold,jeongrock heo,허정록,2815200.0,14.908222000566173,2982349.5891955053,0.05937396603989246,oil,canvas,8.108171767105295,2.493150684931507,True,False
T4-E023,ridge,val_cold,jeongrock heo,허정록,732780.0,14.13942543021384,1382529.610474278,0.8866912449497503,oil,canvas,7.167446743931991,1.2902208201892744,True,False
T4-E023,ridge,val_cold,jeongrock heo,허정록,2014800.0,15.070439397807817,3507588.764896268,0.7409116363392237,oil,canvas,8.390636277614743,1.1996699669966997,True,False
T4-E023,ridge,val_cold,taerin kim,김태린,2815200.0,15.078088976137003,3534523.227198084,0.2555140761573188,mixed_media,canvas,8.211887396130905,1.0,True,False
T4-E023,ridge,val_cold,taerin kim,김태린,4491900.0,15.53395097147441,5575825.697253825,0.2413067292802211,mixed_media,canvas,8.794724923014183,1.2520661157024795,True,False
T4-E023,ridge,val_cold,taerin kim,김태린,2815200.0,15.078088976137003,3534523.227198084,0.2555140761573188,mixed_media,canvas,8.211887396130905,1.0,True,False
T4-E023,ridge,val_cold,jeongrock heo,허정록,2394300.0,15.048678242950043,3432084.096562022,0.43343945894918007,oil,canvas,8.31752199628717,2.022222222222222,True,False
T4-E023,ridge,val_cold,jin sook woo,우진숙,16380600.0,15.664322891944096,6352270.664708713,0.6122076929594329,mixed_media,paper,9.161150127785412,1.9428571428571428,True,False
T4-E023,ridge,val_cold,jin sook woo,우진숙,16366800.0,15.813945701928874,7377502.332246809,0.54923978222702,mixed_media,canvas,9.134646527606982,1.7397260273972603,True,False
T4-E023,ridge,val_cold,jin sook woo,우진숙,890100.0,13.482656909414999,716875.1021899842,0.19461285002810452,acrylic,canvas,6.148468295917647,1.4444444444444444,True,False
T4-E023,ridge,val_cold,jin sook woo,우진숙,745200.0,13.298664865198457,596398.8091846583,0.19967953678924003,acrylic,canvas,5.908082938168931,1.4375,True,False
T4-E023,ridge,val_cold,jeongrock heo,허정록,1035000.0,14.608459422323763,2209903.533019383,1.1351724956709015,oil,canvas,7.788004239509027,1.164835164835165,True,False
T4-E023,ridge,val_cold,hyeyune choi,최혜윤,1711200.0,14.85274957498375,2821416.368008001,0.6487940439504446,mixed_media,fabric,8.25582842728183,1.2727272727272727,True,False
T4-E023,ridge,val_cold,hyeyune choi,최혜윤,22535400.0,16.040846677167842,9256593.599947028,0.5892420990997707,mixed_media,fabric,9.825309771472105,1.0,True,False
T4-E023,ridge,val_cold,hyeyune choi,최혜윤,3332700.0,14.971870591810532,3178343.133618453,0.046315859927850374,mixed_media,fabric,8.414938957377482,1.213114754098361,True,False
T4-E023,ridge,val_cold,hyeyune choi,최혜윤,3318900.0,14.92575581797117,3035102.69246596,0.08550944817079151,mixed_media,fabric,8.354203562921775,1.2203389830508475,True,False
T4-E023,ridge,val_cold,hyeyune choi,최혜윤,3332700.0,14.971870591810532,3178343.133618453,0.046315859927850374,mixed_media,fabric,8.414938957377482,1.213114754098361,True,False
T4-E023,ridge,val_cold,hyeyune choi,최혜윤,3332700.0,15.025235898714024,3352563.713446642,0.005960246480823899,mixed_media,fabric,8.480321716640333,1.2950819672131149,True,False
T4-E023,ridge,val_cold,hyeyune choi,최혜윤,1311000.0,13.922016489311916,1112384.5243654433,0.1514992186381058,mixed_media,fabric,7.052721049232323,1.0,True,False
T4-E023,ridge,val_cold,jeongrock heo,허정록,2884200.0,15.304072473119035,4430719.185134362,0.5362038642030242,oil,canvas,8.685684550397957,1.3963133640552998,True,False
T4-E023,ridge,val_cold,jeongrock heo,허정록,717600.0,14.141664115593116,1385628.1263066353,0.9309199084540626,oil,canvas,7.170596352834887,1.2861635220125784,True,False
T4-E023,ridge,val_cold,jeongrock heo,허정록,1959600.0,15.070439397807817,3507588.764896268,0.7899514007431455,oil,canvas,8.390636277614743,1.1996699669966997,True,False
T4-E023,ridge,val_cold,hyeyune choi,최혜윤,3318900.0,14.914004494503384,2999644.964623012,0.09619302641748408,mixed_media,fabric,8.338724203937772,1.2222222222222223,True,False
T4-E023,ridge,val_cold,jeongrock heo,허정록,2898000.0,15.382400019999498,4791720.1612273855,0.6534576125698363,oil,canvas,8.796101385722906,1.250343878954608,True,False
T4-E023,ridge,val_cold,byung taek jeon,전병택,2639940.0,14.744712012141393,2532486.063783074,0.04070317363914566,acrylic,canvas,7.824046010856292,1.0,True,False
T4-E023,ridge,val_cold,jeongrock heo,허정록,407100.0,13.549310047089689,766285.4635274112,0.8823027843955078,oil,canvas,6.39792915554923,1.240909090909091,True,False
T4-E023,ridge,val_cold,jeongrock heo,허정록,1076400.0,14.608459422323763,2209903.533019383,1.053050476606636,oil,canvas,7.788004239509027,1.164835164835165,True,False
T4-E023,ridge,val_cold,erica choi,최어이카,2159700.0,15.038582845961756,3397610.151977908,0.573186161030656,acrylic,canvas,8.208589786150538,1.0,True,False
T4-E023,ridge,val_cold,eunja cho,조은자,22425000.0,16.41948757002269,13517390.100257272,0.39721783276444717,mixed_media,canvas,9.953895455079971,1.244615384615385,True,False
T4-E023,ridge,val_cold,jeongrock heo,허정록,1035000.0,14.608459422323763,2209903.533019383,1.1351724956709015,oil,canvas,7.788004239509027,1.164835164835165,True,False
T4-E023,ridge,val_cold,jeongrock heo,허정록,2898000.0,15.382400019999498,4791720.1612273855,0.6534576125698363,oil,canvas,8.796101385722906,1.250343878954608,True,False
T4-E023,ridge,val_cold,jeongrock heo,허정록,1076400.0,14.608459422323763,2209903.533019383,1.053050476606636,oil,canvas,7.788004239509027,1.164835164835165,True,False
T4-E023,ridge,val_cold,jeongrock heo,허정록,514740.0,13.52004269994995,744183.3338687671,0.445746073491019,oil,canvas,6.372705266325282,1.0,True,False
T4-E023,ridge,val_cold,taerin kim,김태린,4347000.0,15.53395097147441,5575825.697253825,0.28268362025622845,mixed_media,canvas,8.794724923014183,1.2520661157024795,True,False
T4-E023,ridge,val_cold,jeongrock heo,허정록,313260.0,13.356824174514305,632113.4550578815,1.0178556312899238,oil,canvas,6.135175204774281,1.4413407821229052,True,False
T4-E023,ridge,val_cold,jeongrock heo,허정록,1959600.0,15.070439397807817,3507588.764896268,0.7899514007431455,oil,canvas,8.390636277614743,1.1996699669966997,True,False
T4-E023,ridge,val_cold,jeongrock heo,허정록,1108140.0,14.608459422323763,2209903.533019383,0.9942457929678407,oil,canvas,7.788004239509027,1.164835164835165,True,False
T4-E023,ridge,val_cold,jeongrock heo,허정록,1035000.0,14.389701091978045,1775692.5822615717,0.7156450070160113,oil,canvas,7.478847813534776,1.5868263473053892,True,False
T4-E023,ridge,val_cold,erica choi,최어이카,2159700.0,15.038582845961756,3397610.151977908,0.573186161030656,acrylic,canvas,8.208589786150538,1.0,True,False
T4-E023,ridge,val_cold,jeongrock heo,허정록,1511100.0,14.88483963414757,2913424.1584516773,0.9280154579125652,oil,canvas,8.146216462766645,1.228301886792453,True,False
T4-E023,ridge,val_cold,jeongrock heo,허정록,673440.0,14.141664115593116,1385628.1263066353,1.0575376073690832,oil,canvas,7.170596352834887,1.2861635220125784,True,False
T4-E023,ridge,val_cold,jeongrock heo,허정록,500940.0,13.782038897893182,967082.3178871868,0.930535229542833,oil,canvas,6.694908533145296,1.3801652892561984,True,False
T4-E023,ridge,val_cold,eunja cho,조은자,1283400.0,14.291956858007056,1610341.5511085298,0.2547464166343539,mixed_media,canvas,7.167446743931991,1.2902208201892744,True,False
T4-E023,ridge,val_cold,lee k,이크,10225800.0,15.746161179338408,6893994.16271107,0.32582348933960475,oil,canvas,9.27022307157756,1.2849284928492848,True,False
T4-E023,ridge,val_cold,seung wook yang,양승욱,3788100.0,14.729735777329202,2494841.547984491,0.3414002935549507,mixed_media,canvas,7.749994652484595,1.111597374179431,True,False
T4-E023,ridge,val_cold,seung wook yang,양승욱,6713700.0,14.853887443747665,2824628.59676395,0.5792739328888765,mixed_media,panel,8.038770218757747,1.2007874015748032,True,False
T4-E023,ridge,val_cold,seung wook yang,양승욱,3788100.0,14.729735777329202,2494841.547984491,0.3414002935549507,mixed_media,canvas,7.749994652484595,1.111597374179431,True,False
T4-E023,ridge,val_cold,yerin kim,김예린,1004640.0,14.492566592710896,1968075.2501160165,0.9589855571309289,oil,canvas,7.631664421192123,1.251231527093596,True,False
T4-E023,ridge,val_cold,yerin kim,김예린,1004640.0,14.492566592710896,1968075.2501160165,0.9589855571309289,oil,canvas,7.631664421192123,1.251231527093596,True,False
T4-E023,ridge,val_cold,jeongrock heo,허정록,1094340.0,14.38656350121851,1770129.9168709146,0.6175319524744729,oil,canvas,7.47506709069487,1.5808383233532934,True,False
T4-E023,ridge,val_cold,jeongrock heo,허정록,471960.0,13.782038897893182,967082.3178871868,1.049076866444586,oil,canvas,6.694908533145296,1.3801652892561984,True,False
T4-E023,ridge,val_cold,jeongrock heo,허정록,442980.0,13.782038897893182,967082.3178871868,1.1831286240624561,oil,canvas,6.694908533145296,1.3801652892561984,True,False
T4-E023,ridge,val_cold,eunja cho,조은자,2049300.0,14.757919300884955,2566155.1879746723,0.2522106026324463,mixed_media,canvas,7.784223516669121,1.1604395604395603,True,False
T4-E023,ridge,val_cold,eunja cho,조은자,1138500.0,14.291956858007056,1610341.5511085298,0.41444141511508986,mixed_media,canvas,7.167446743931991,1.2902208201892744,True,False
T4-E023,ridge,val_cold,eunja cho,조은자,1759500.0,14.681881181644394,2378263.5574327796,0.351670109367877,mixed_media,canvas,7.677641253760972,1.2909535452322738,True,False
T4-E023,ridge,val_cold,eunja cho,조은자,2049300.0,14.757919300884955,2566155.1879746723,0.2522106026324463,mixed_media,canvas,7.784223516669121,1.1604395604395603,True,False
T4-E023,ridge,val_cold,eunja cho,조은자,1138500.0,14.291956858007056,1610341.5511085298,0.41444141511508986,mixed_media,canvas,7.167446743931991,1.2902208201892744,True,False
T4-E023,ridge,val_cold,eunja cho,조은자,1759500.0,14.757919300884955,2566155.1879746723,0.4584570548307316,mixed_media,canvas,7.784223516669121,1.1604395604395603,True,False
T4-E023,ridge,val_cold,eunja cho,조은자,7534800.0,15.53395097147441,5575825.697253825,0.2599902190829451,mixed_media,canvas,8.794724923014183,1.2520661157024795,True,False
T4-E023,ridge,val_cold,eunja cho,조은자,22425000.0,16.41948757002269,13517390.100257272,0.39721783276444717,mixed_media,canvas,9.953895455079971,1.244615384615385,True,False
T4-E023,ridge,val_cold,hyunju kim,김현주,8452500.0,16.268489767576135,11622922.311549855,0.3750869342265431,oil,canvas,9.955823921482216,1.2460592079969242,True,False
T4-E023,ridge,val_cold,erica choi,최어이카,3995100.0,15.497945372437758,5378636.021745143,0.34630823302173747,acrylic,canvas,8.796101385722906,1.250343878954608,True,False
T4-E023,ridge,val_cold,eunja cho,조은자,6085800.0,15.53395097147441,5575825.697253825,0.08379741410269395,mixed_media,canvas,8.794724923014183,1.2520661157024795,True,False
T4-E023,ridge,val_cold,eunja cho,조은자,18078000.0,16.41948757002269,13517390.100257272,0.25227402919253944,mixed_media,canvas,9.953895455079971,1.244615384615385,True,False
T4-E023,ridge,val_cold,eunja cho,조은자,11964600.0,15.897291664310423,8018738.428666144,0.32979469195241434,mixed_media,canvas,9.268509275099824,1.2827282728272826,True,False
T4-E023,ridge,val_cold,eunja cho,조은자,62734800.0,17.3622886467249,34701332.568317406,0.44685672755285094,mixed_media,canvas,11.052507743748084,3.733846153846154,True,False
T4-E023,ridge,val_cold,hyunju kim,김현주,2511600.0,14.953584917407134,3120753.1266617584,0.2425358841621908,mixed_media,canvas,8.038114265962827,1.2000000000000002,True,False
T4-E023,ridge,val_cold,erica choi,최어이카,1380000.0,14.60056635281732,2192529.2691689096,0.5887893254847171,acrylic,canvas,7.63542465191381,1.0,True,False
T4-E023,ridge,val_cold,eunja cho,조은자,1614600.0,14.681881181644394,2378263.5574327796,0.47297383713166086,mixed_media,canvas,7.677641253760972,1.2909535452322738,True,False
T4-E023,ridge,val_cold,junsoo kim,김준수,862500.0,13.872675217190302,1058830.1421941456,0.22762915037002387,oil,canvas,6.834141461636891,1.0,True,False
T4-E023,ridge,val_cold,eunja cho,조은자,30125400.0,16.902358143646914,21907906.206820387,0.2727762550266424,mixed_media,canvas,10.496219745905336,2.894454382826476,True,False
T4-E023,ridge,val_cold,hyunju kim,김현주,1052940.0,13.935294171511586,1127252.902929789,0.07057657884569768,oil,canvas,6.901280764474519,1.2727272727272727,True,False
T4-E023,ridge,val_cold,taerin kim,김태린,5375100.0,15.681987051818382,6465475.076194279,0.20285670521372234,mixed_media,canvas,8.988937804270135,1.2428393524283936,True,False
T4-E023,ridge,val_cold,erica choi,최어이카,7562400.0,16.383509346044388,13039703.103204101,0.7242810619914447,acrylic,canvas,9.955130785687968,1.2461538461538462,True,False
T4-E023,ridge,val_cold,hyeyune choi,최혜윤,2484000.0,15.560422884210016,5725399.486148409,1.304911226307733,mixed_media,fabric,9.169518377455928,1.5,True,False
T4-E023,ridge,val_cold,hyunju kim,김현주,20617200.0,16.935692694049294,22650504.741756726,0.09862176928762034,oil,canvas,10.82396359377138,1.3368421052631578,True,False
T4-E023,ridge,val_cold,eunja cho,조은자,11964600.0,15.897291664310423,8018738.428666144,0.32979469195241434,mixed_media,canvas,9.268509275099824,1.2827282728272826,True,False
T4-E023,ridge,val_cold,eunja cho,조은자,2194200.0,14.757919300884955,2566155.1879746723,0.16951744962841686,mixed_media,canvas,7.784223516669121,1.1604395604395603,True,False
T4-E023,ridge,val_cold,jeongrock heo,허정록,1035000.0,14.608459422323763,2209903.533019383,1.1351724956709015,oil,canvas,7.788004239509027,1.164835164835165,True,False
T4-E023,ridge,val_cold,eunja cho,조은자,7617600.0,15.897291664310423,8018738.428666144,0.052659424053001426,mixed_media,canvas,9.268509275099824,1.2827282728272826,True,False
T4-E023,ridge,val_cold,erica choi,최어이카,3229200.0,15.363002929955224,4699670.368951959,0.4553667685346088,acrylic,canvas,8.633108688752438,1.0,True,False
T4-E023,ridge,val_cold,eunja cho,조은자,1759500.0,14.681881181644394,2378263.5574327796,0.351670109367877,mixed_media,canvas,7.677641253760972,1.2909535452322738,True,False
T4-E023,ridge,val_cold,hyeyune choi,최혜윤,2587500.0,15.566566500009788,5760682.412286219,1.2263506907386355,mixed_media,fabric,9.159468041602429,1.8333333333333333,True,False
T4-E023,ridge,val_cold,hyunju kim,김현주,26427000.0,16.9333063718649,22596517.780564576,0.14494578345765405,acrylic,canvas,10.681894577046895,1.1111111111111112,True,False
T4-E023,ridge,val_cold,eunja cho,조은자,2339100.0,14.757919300884955,2566155.1879746723,0.09706946602311671,mixed_media,canvas,7.784223516669121,1.1604395604395603,True,False
T4-E023,ridge,val_cold,jeongrock heo,허정록,586500.0,14.13942543021384,1382529.610474278,1.3572542378078056,oil,canvas,7.167446743931991,1.2902208201892744,True,False
T4-E023,ridge,val_cold,hyeyune choi,최혜윤,776940.0,13.768228988054545,953818.7931052033,0.22766081435529553,mixed_media,fabric,6.804614520062624,1.8636363636363635,True,False
T4-E023,ridge,val_cold,byung taek jeon,전병택,7631400.0,15.34752627074795,4627495.128717354,0.39362435087698805,oil,canvas,8.764053269347762,1.0,True,False
T4-E023,ridge,val_cold,eunja cho,조은자,1138500.0,14.295946357530905,1616778.8402027532,0.4200955996510788,mixed_media,canvas,7.172324802385424,1.2965299684542588,True,False
T4-E023,ridge,val_cold,hyunju kim,김현주,3760500.0,15.323262182266651,4516564.435985876,0.2010542310825359,oil,canvas,8.732302571031182,1.0,True,False
T4-E023,ridge,val_cold,hyunju kim,김현주,749340.0,13.666650868844243,861690.010900938,0.14993195465468007,oil,canvas,6.54645938918511,1.3333333333333337,True,False
T4-E023,ridge,val_cold,hyunju kim,김현주,2049300.0,14.48932486628986,1961705.6184588382,0.04274356196806802,oil,panel,7.765282016997596,1.1277340332458443,True,False
T4-E023,ridge,val_cold,hyunju kim,김현주,2049300.0,14.589556278772893,2168521.764292722,0.058176823448359,oil,canvas,7.765282016997596,1.1277340332458443,True,False
T4-E023,ridge,val_cold,hyunju kim,김현주,2235600.0,14.6303889011935,2258900.8450504323,0.010422636003950731,oil,canvas,7.825645371197421,1.0,True,False
T4-E023,ridge,val_cold,junsoo kim,김준수,862500.0,13.94236961776927,1135257.0031620997,0.3162400036662026,oil,canvas,6.888208682907167,1.6842105263157896,True,False
T4-E023,ridge,val_cold,youngb yune,영브윤,23349600.0,15.632671412668193,6154360.498364738,0.7364254420476265,mixed_media,paper,9.146232691346842,1.4545454545454546,True,False
T4-E023,ridge,val_cold,youngb yune,영브윤,23349600.0,15.810972788268352,7355602.224477331,0.6849795189434794,mixed_media,canvas,9.146232691346842,1.4545454545454546,True,False
T4-E023,ridge,val_cold,erica choi,최어이카,2235600.0,15.048638230271552,3431946.772431882,0.5351345376775283,acrylic,canvas,8.221747728346623,1.0,True,False
T4-E023,ridge,val_cold,hyeyune choi,최혜윤,10791600.0,16.00395545545069,8921328.74093504,0.17330805988592604,mixed_media,fabric,9.757825740104776,1.353982300884956,True,False
T4-E023,ridge,val_cold,hyeyune choi,최혜윤,2463300.0,15.310961198202733,4461346.562196901,0.8111259538817445,mixed_media,fabric,8.851377097519439,1.3472222222222223,True,False
T4-E023,ridge,val_cold,hyeyune choi,최혜윤,2042400.0,15.375500920473554,4758775.382263267,1.3299918636228296,mixed_media,fabric,8.954673628956414,1.0,True,False
T4-E023,ridge,val_cold,hyeyune choi,최혜윤,4650600.0,15.746111350771809,6893650.653422159,0.4823142505100759,mixed_media,fabric,9.428993858017527,1.196078431372549,True,False
T4-E023,ridge,val_cold,hyeyune choi,최혜윤,22369800.0,15.993018209785108,8824285.636352615,0.6055268426024097,painting_material,fabric,9.755451473708725,1.375,True,False
T4-E023,ridge,val_cold,eunja cho,조은자,6072000.0,15.455518192177795,5155208.8680497,0.15098668180999675,mixed_media,canvas,8.68414727107907,1.3984615384615386,True,False
T4-E023,ridge,val_cold,eunja cho,조은자,3829500.0,15.023908097904371,3348115.1307029896,0.1257043659216635,mixed_media,canvas,8.127552218654959,1.2476007677543186,True,False
T4-E023,ridge,val_cold,eunja cho,조은자,690000.0,13.929179850560567,1120381.5451388438,0.6237413697664403,mixed_media,canvas,6.687769237483008,1.3817427385892114,True,False
T4-E023,ridge,val_cold,eunja cho,조은자,558900.0,14.291956858007056,1610341.5511085298,1.8812695493085163,mixed_media,canvas,7.167446743931991,1.2902208201892744,True,False
T4-E023,ridge,val_cold,eunja cho,조은자,690000.0,13.929179850560567,1120381.5451388438,0.6237413697664403,mixed_media,canvas,6.687769237483008,1.3817427385892114,True,False
T4-E023,ridge,val_cold,erica choi,최어이카,3560400.0,15.497945372437758,5378636.021745143,0.5106830754255542,acrylic,canvas,8.796101385722906,1.250343878954608,True,False
T4-E023,ridge,val_cold,hyunju kim,김현주,2180400.0,14.48502100037906,1953280.8430768389,0.10416398684789999,oil,canvas,7.63542465191381,1.0,True,False
T4-E023,ridge,val_cold,hyunju kim,김현주,1297200.0,14.143660727024278,1388397.450975621,0.07030330787513174,oil,canvas,7.173038356490439,1.2893081761006289,True,False
T4-E023,ridge,val_cold,erica choi,최어이카,5568300.0,15.862488221370517,7744459.336839443,0.39081215754169907,acrylic,canvas,9.271322576910975,1.2835164835164834,True,False
T4-E023,ridge,val_cold,jeongrock heo,허정록,442980.0,13.610322534113608,814494.1576852464,0.8386702733424679,oil,canvas,6.449996376152838,1.7526315789473683,True,False
T4-E023,ridge,val_cold,jeongrock heo,허정록,732780.0,14.13942543021384,1382529.610474278,0.8866912449497503,oil,canvas,7.167446743931991,1.2902208201892744,True,False
T4-E023,ridge,val_cold,hyeyune choi,최혜윤,2056200.0,15.409848723308306,4925068.412271046,1.395228291154093,mixed_media,fabric,8.99961934066053,1.0,True,False
T4-E023,ridge,val_cold,eunja cho,조은자,1283400.0,14.291956858007056,1610341.5511085298,0.2547464166343539,mixed_media,canvas,7.167446743931991,1.2902208201892744,True,False
T4-E023,ridge,val_cold,eunja cho,조은자,16311600.0,15.897291664310423,8018738.428666144,0.5084027055183953,mixed_media,canvas,9.268509275099824,1.2827282728272826,True,False
T4-E023,ridge,val_cold,erica choi,최어이카,485760.0,13.489914743859249,722096.9898746384,0.48653036453112314,acrylic,canvas,6.182084906716632,1.0,True,False
T4-E023,ridge,val_cold,taerin kim,김태린,5375100.0,15.681987051818382,6465475.076194279,0.20285670521372234,mixed_media,canvas,8.988937804270135,1.2428393524283936,True,False
T4-E023,ridge,val_cold,hyunju kim,김현주,2339100.0,13.935294171511586,1127252.902929789,0.5180826373691638,oil,canvas,6.901280764474519,1.2727272727272727,True,False
T4-E023,ridge,val_cold,junsoo kim,김준수,6196200.0,15.657209064654825,6307242.061054999,0.017920993682418097,oil,canvas,9.136726554630936,1.6,True,False
T4-E023,ridge,val_cold,hyunju kim,김현주,4222800.0,15.551808413764105,5676290.031155275,0.34420053783159876,oil,canvas,9.031366038973111,1.0,True,False
T4-E023,ridge,val_cold,hyunju kim,김현주,1904400.0,14.493268060385251,1969456.2756004108,0.03416103528692017,oil,canvas,7.6326491578546625,1.25,True,False
T4-E023,ridge,val_cold,hyunju kim,김현주,1614600.0,14.493268060385251,1969456.2756004108,0.21977968264611097,oil,canvas,7.6326491578546625,1.25,True,False
T4-E023,ridge,val_cold,hyunju kim,김현주,834900.0,13.872675217190302,1058830.1421941456,0.2682119322004379,oil,canvas,6.834141461636891,1.0,True,False
T4-E023,ridge,val_cold,junsoo kim,김준수,11419500.0,16.061199805625197,9446924.583709005,0.17273745928376852,oil,canvas,9.660797405146948,1.6842105263157896,True,False
T4-E023,ridge,val_cold,junsoo kim,김준수,6168600.0,15.750652700254708,6925028.324810873,0.12262560788685808,oil,canvas,9.276488497006095,1.277777777777778,True,False
T4-E023,ridge,val_cold,junsoo kim,김준수,6127200.0,15.62191990329953,6088546.268942064,0.006308547306752893,oil,canvas,9.09416694021214,1.5333333333333332,True,False
T4-E023,ridge,val_cold,hyunju kim,김현주,4512600.0,15.71529539722126,6684456.055011138,0.4812870750811369,oil,canvas,9.239583940070643,1.105263157894737,True,False
T4-E023,ridge,val_cold,hyunju kim,김현주,7424400.0,16.086700015963714,9690920.90477472,0.3052800098021012,oil,canvas,9.724513219533057,1.125,True,False
T4-E023,ridge,val_cold,hyunju kim,김현주,1542840.0,14.493268060385251,1969456.2756004108,0.27651362137383706,oil,canvas,7.6326491578546625,1.25,True,False
T4-E023,ridge,val_cold,hyunju kim,김현주,4512600.0,15.71529539722126,6684456.055011138,0.4812870750811369,oil,canvas,9.239583940070643,1.105263157894737,True,False
T4-E023,ridge,val_cold,hyunju kim,김현주,4222800.0,15.510892460224909,5448726.448865209,0.29031127424107434,oil,canvas,8.967650224587002,1.1875,True,False
T4-E023,ridge,val_cold,hyunju kim,김현주,5685600.0,16.111858530585067,9937822.90085933,0.7478934326824486,mixed_media,canvas,9.564623365481008,1.0,True,False
T4-E023,ridge,val_cold,hyunju kim,김현주,4077900.0,15.685599622188798,6488874.300108758,0.5912293827972137,acrylic,canvas,9.035984984829405,1.3548387096774197,True,False
T4-E023,ridge,val_cold,hyunju kim,김현주,964620.0,13.935294171511586,1127252.902929789,0.16859789650825083,oil,canvas,6.901280764474519,1.2727272727272727,True,False
T4-E023,ridge,val_cold,hyunju kim,김현주,5423400.0,15.744924752403383,6885475.5100694215,0.2695865158515731,oil,canvas,9.26875348668302,1.2821950951281205,True,False
T4-E023,ridge,val_cold,hyunju kim,김현주,1080540.0,13.935294171511586,1127252.902929789,0.043231072361771816,oil,canvas,6.901280764474519,1.2727272727272727,True,False
T4-E023,ridge,val_cold,hyunju kim,김현주,8162700.0,16.268489767576135,11622922.311549855,0.4239065886961245,oil,canvas,9.955823921482216,1.2460592079969242,True,False
T4-E023,ridge,val_cold,hyunju kim,김현주,1095720.0,14.07891547060663,1301353.5467881693,0.1876697940971866,oil,canvas,7.086071826422209,1.3306639973306642,True,False
T4-E023,ridge,val_cold,hyunju kim,김현주,2049300.0,14.48932486628986,1961705.6184588382,0.04274356196806802,oil,panel,7.765282016997596,1.1277340332458443,True,False
T4-E023,ridge,val_cold,hyunju kim,김현주,1080540.0,13.935294171511586,1127252.902929789,0.043231072361771816,oil,canvas,6.901280764474519,1.2727272727272727,True,False
T4-E023,ridge,val_cold,hyunju kim,김현주,950820.0,13.872675217190302,1058830.1421941456,0.11359683451562398,oil,canvas,6.834141461636891,1.0,True,False
T4-E023,ridge,val_cold,hyunju kim,김현주,5382000.0,15.744924752403383,6885475.5100694215,0.27935256597350827,oil,canvas,9.26875348668302,1.2821950951281205,True,False
T4-E023,ridge,val_cold,hyunju kim,김현주,2408100.0,14.726065962772207,2485702.72131034,0.032225705456725165,oil,canvas,7.932753750305,1.3333333333333337,True,False
T4-E023,ridge,val_cold,hyunju kim,김현주,13082400.0,16.701915233784707,17928733.975185473,0.37044685800659455,oil,canvas,10.536334779194307,1.0,True,False
T4-E023,ridge,val_cold,hyunju kim,김현주,2870400.0,14.919249603351123,3015419.763069238,0.050522492708067884,oil,canvas,8.203633154121603,1.0,True,False
T4-E023,ridge,val_cold,hyunju kim,김현주,2049300.0,14.589556278772893,2168521.764292722,0.058176823448359,oil,canvas,7.765282016997596,1.1277340332458443,True,False
T4-E023,ridge,val_cold,hyunju kim,김현주,8452500.0,16.268489767576135,11622922.311549855,0.3750869342265431,oil,canvas,9.955823921482216,1.2460592079969242,True,False
T4-E023,ridge,val_cold,hyunju kim,김현주,2670300.0,14.896859830788783,2948655.408815888,0.10424124960337348,acrylic,panel,8.141774126051983,1.2307401097861064,True,False
T4-E023,ridge,val_cold,hyunju kim,김현주,1052940.0,13.935294171511586,1127252.902929789,0.07057657884569768,oil,canvas,6.901280764474519,1.2727272727272727,True,False
T4-E023,ridge,val_cold,hyunju kim,김현주,1052940.0,13.906506567207432,1095264.6343149098,0.04019662498804282,acrylic,panel,6.842486891556955,1.2927191679049033,True,False
T4-E023,ridge,val_cold,hyunju kim,김현주,8148900.0,15.858516093812497,7713758.370928117,0.053398818131512586,oil,canvas,9.432707429897413,1.0,True,False
T4-E023,ridge,val_cold,junsoo kim,김준수,862500.0,13.94236961776927,1135257.0031620997,0.3162400036662026,oil,canvas,6.888208682907167,1.6842105263157896,True,False
T4-E023,ridge,val_cold,hyunju kim,김현주,1197840.0,14.106347860126368,1337546.9502493453,0.1166323968554609,oil,canvas,7.121823534088672,1.3333333333333333,True,False
T4-E023,ridge,val_cold,hyunju kim,김현주,1211640.0,14.106347860126368,1337546.9502493453,0.1039144880074488,oil,canvas,7.121823534088672,1.3333333333333333,True,False
T4-E023,ridge,val_cold,hyunju kim,김현주,2049300.0,14.60930375192197,2211770.2079150314,0.07928083146197792,oil,canvas,7.789615050102834,1.155511811023622,True,False
T4-E023,ridge,val_cold,hyunju kim,김현주,908040.0,13.872675217190302,1058830.1421941456,0.16606112307183118,oil,canvas,6.834141461636891,1.0,True,False
T4-E023,ridge,val_cold,junsoo kim,김준수,862500.0,13.94236961776927,1135257.0031620997,0.3162400036662026,oil,canvas,6.888208682907167,1.6842105263157896,True,False
T4-E023,ridge,val_cold,hyunju kim,김현주,2525400.0,14.896859830788783,2948655.408815888,0.16759935408881296,acrylic,panel,8.141774126051983,1.2307401097861064,True,False
T4-E023,ridge,val_cold,hyunju kim,김현주,2152800.0,14.484012923238689,1951312.7774578545,0.09359309854243103,oil,canvas,7.6341055356738385,1.0,True,False
T4-E023,ridge,val_cold,junsoo kim,김준수,1108140.0,14.200417828805483,1469478.0516595582,0.3260761741833687,mixed_media,panel,7.179307969504034,1.28125,True,False
T4-E023,ridge,val_cold,junsoo kim,김준수,1439340.0,14.398862741688776,1792035.6059095275,0.24503981401859706,mixed_media,panel,7.444248649496705,1.1842105263157894,True,False
T4-E023,ridge,val_cold,junsoo kim,김준수,1121940.0,14.200417828805483,1469478.0516595582,0.30976527413191274,mixed_media,panel,7.179307969504034,1.28125,True,False
T4-E023,ridge,val_cold,junsoo kim,김준수,890100.0,13.945981506575963,1139364.8392823797,0.2800413878017972,oil,canvas,6.891625897052253,1.7083333333333333,True,False
T4-E023,ridge,val_cold,junsoo kim,김준수,890100.0,13.947055693936843,1140589.3881718891,0.2814171308525886,oil,canvas,6.931471805599453,1.0,True,False
T4-E023,ridge,val_cold,junsoo kim,김준수,890100.0,14.08208682847393,1305487.1557090166,0.4666747058858742,oil,canvas,7.090076835776092,1.3333333333333333,True,False
T4-E023,ridge,val_cold,youngb yune,영브윤,21900600.0,15.81919837346944,7416355.881922624,0.6613628904266264,mixed_media,canvas,9.157477425276111,1.4456790123456789,True,False
T4-E023,ridge,val_cold,erica choi,최어이카,1338600.0,14.583677640621966,2155811.2065076693,0.6104969419600099,acrylic,canvas,7.613324979540639,1.0,True,False
T4-E023,ridge,val_cold,hyunju kim,김현주,979800.0,13.769216225618099,954760.9038136017,0.025555313519492036,oil,canvas,6.6787194019630896,1.3692946058091289,True,False
T4-E023,ridge,val_cold,hyunju kim,김현주,993600.0,13.782038897893182,967082.3178871868,0.026688488438821687,oil,canvas,6.694908533145296,1.3801652892561984,True,False
T4-E023,ridge,val_cold,hyunju kim,김현주,993600.0,13.782038897893182,967082.3178871868,0.026688488438821687,oil,canvas,6.694908533145296,1.3801652892561984,True,False
T4-E023,ridge,val_cold,hyunju kim,김현주,8583600.0,16.07135909163924,9543387.761342645,0.11181645945088829,oil,canvas,9.69523261371567,1.2946428571428572,True,False
T4-E023,ridge,val_cold,hyeyune choi,최혜윤,2477100.0,15.037791233248353,3394921.6248629345,0.37052263730286805,mixed_media,fabric,8.499843553081124,1.238095238095238,True,False
T4-E023,ridge,val_cold,hyeyune choi,최혜윤,2263200.0,14.687152408465252,2390833.023232001,0.05639493780134362,mixed_media,fabric,8.045588280803528,1.1538461538461535,True,False
T4-E023,ridge,val_cold,hyeyune choi,최혜윤,1524900.0,14.922951843292855,3026604.2616307153,0.98478868229439,mixed_media,fabric,8.333270353255308,1.5384615384615383,True,False
T4-E023,ridge,val_cold,hyeyune choi,최혜윤,6044400.0,15.793517548111666,7228322.501887584,0.1958709717900179,mixed_media,fabric,9.47424191576256,1.5053763440860215,True,False
T4-E023,ridge,val_cold,hyeyune choi,최혜윤,2332200.0,15.10954576680188,3647475.2241588156,0.5639633068170893,mixed_media,fabric,8.589699882202986,1.3125,True,False
T4-E023,ridge,val_cold,hyeyune choi,최혜윤,2332200.0,15.10954576680188,3647475.2241588156,0.5639633068170893,mixed_media,fabric,8.589699882202986,1.3125,True,False
T4-E023,ridge,val_cold,hyeyune choi,최혜윤,2394300.0,14.875786029691406,2887166.2123952317,0.20584981514230952,mixed_media,fabric,8.283999304248526,1.309090909090909,True,False
T4-E023,ridge,val_cold,hyeyune choi,최혜윤,903900.0,14.56236430353197,2110349.862950712,1.334716078051457,mixed_media,fabric,7.86480400332846,1.4761904761904765,True,False
T4-E023,ridge,val_cold,hyeyune choi,최혜윤,2925600.0,15.418316406475205,4966949.398377611,0.6977541011681745,mixed_media,fabric,9.01069970141176,1.0,True,False
T4-E023,ridge,val_cold,hyunju kim,김현주,26427000.0,16.81776101942664,20130789.550532416,0.23824915614589565,oil,canvas,10.681894577046895,1.1111111111111112,True,False
T4-E023,ridge,val_cold,hyeyune choi,최혜윤,661020.0,13.814960574827133,999450.1680758613,0.5119817374298226,mixed_media,fabric,6.91263336176647,1.0,True,False
T4-E023,ridge,val_cold,yerin kim,김예린,1062600.0,15.785036437678675,7167277.530983011,5.74503814321759,oil,canvas,9.31844651494733,1.3336980306345734,True,False
T4-E023,ridge,val_cold,yerin kim,김예린,1062600.0,15.785036437678675,7167277.530983011,5.74503814321759,oil,canvas,9.31844651494733,1.3336980306345734,True,False
T4-E023,ridge,val_cold,yerin kim,김예린,1062600.0,15.785036437678675,7167277.530983011,5.74503814321759,oil,canvas,9.31844651494733,1.3336980306345734,True,False
T4-E023,ridge,val_cold,yerin kim,김예린,1062600.0,15.785036437678675,7167277.530983011,5.74503814321759,oil,canvas,9.31844651494733,1.3336980306345734,True,False
T4-E023,ridge,val_cold,junsoo kim,김준수,890100.0,13.945981506575963,1139364.8392823797,0.2800413878017972,oil,canvas,6.891625897052253,1.7083333333333333,True,False
T4-E023,ridge,val_cold,junsoo kim,김준수,890100.0,13.947055693936843,1140589.3881718891,0.2814171308525886,oil,canvas,6.931471805599453,1.0,True,False
T4-E023,ridge,val_cold,junsoo kim,김준수,3939900.0,15.259160768964426,4236130.399900618,0.07518728899226326,oil,canvas,8.621733370690162,1.4918032786885247,True,False
T4-E023,ridge,val_cold,junsoo kim,김준수,890100.0,13.945981506575963,1139364.8392823797,0.2800413878017972,oil,canvas,6.891625897052253,1.7083333333333333,True,False
T4-E023,ridge,val_cold,byung taek jeon,전병택,2566800.0,14.629166659703133,2256141.6092846985,0.12102944939820068,oil,canvas,7.824046010856292,1.0,True,False
T4-E023,ridge,val_cold,byung taek jeon,전병택,2566800.0,14.629166659703133,2256141.6092846985,0.12102944939820068,oil,canvas,7.824046010856292,1.0,True,False
T4-E023,ridge,val_cold,byung taek jeon,전병택,2639940.0,14.71822561068,2466290.136969509,0.06577795822272132,oil,canvas,7.940583827104244,1.0,True,False
T4-E023,ridge,val_cold,byung taek jeon,전병택,7452000.0,15.34752627074795,4627495.128717354,0.3790264185832859,oil,canvas,8.764053269347762,1.0,True,False
T4-E023,ridge,val_cold,eunja cho,조은자,2049300.0,14.72093322553,2472976.9493398317,0.2067422775288302,acrylic,canvas,7.784223516669121,1.1604395604395603,True,False
T4-E023,ridge,val_cold,eunja cho,조은자,7534800.0,15.53395097147441,5575825.697253825,0.2599902190829451,mixed_media,canvas,8.794724923014183,1.2520661157024795,True,False
T4-E023,ridge,val_cold,seung wook yang,양승욱,8190300.0,15.070117584221954,3506460.1567885545,0.5718764688975307,mixed_media,panel,8.309297793864399,1.429643527204503,True,False
T4-E023,ridge,val_cold,eunja cho,조은자,1614600.0,14.681881181644394,2378263.5574327796,0.47297383713166086,mixed_media,canvas,7.677641253760972,1.2909535452322738,True,False
T4-E023,ridge,val_cold,eunja cho,조은자,6085800.0,15.53395097147441,5575825.697253825,0.08379741410269395,mixed_media,canvas,8.794724923014183,1.2520661157024795,True,False
T4-E023,ridge,val_cold,eunja cho,조은자,4554000.0,15.114461975672157,3665451.1246455424,0.19511393837383786,mixed_media,canvas,8.238129870590072,1.3934740882917465,True,False
T4-E023,ridge,val_cold,eunja cho,조은자,4567800.0,15.220670502812624,4076178.652907667,0.1076275990832201,mixed_media,canvas,8.387608286867547,1.2,True,False
T4-E023,ridge,val_cold,eunja cho,조은자,2339100.0,14.681881181644394,2378263.5574327796,0.016743002621854377,mixed_media,canvas,7.677641253760972,1.2909535452322738,True,False
T4-E023,ridge,val_cold,eunja cho,조은자,6085800.0,15.496964896119456,5373364.980988641,0.11706513835672529,acrylic,canvas,8.794724923014183,1.2520661157024795,True,False
T4-E023,ridge,val_cold,seung wook yang,양승욱,6741300.0,15.070117584221954,3506460.1567885545,0.4798540108304697,mixed_media,panel,8.309297793864399,1.429643527204503,True,False
T4-E023,ridge,val_cold,eunja cho,조은자,2484000.0,14.681881181644394,2378263.5574327796,0.04256700586442046,mixed_media,canvas,7.677641253760972,1.2909535452322738,True,False
T4-E023,ridge,val_cold,eunja cho,조은자,14862600.0,15.897291664310423,8018738.428666144,0.46047539268592685,mixed_media,canvas,9.268509275099824,1.2827282728272826,True,False
T4-E023,ridge,val_cold,eunja cho,조은자,6182400.0,15.800739661358124,7280715.230960651,0.17765192012174097,mixed_media,canvas,9.081443935613033,2.401652892561984,True,False
T4-E023,ridge,val_cold,eunja cho,조은자,2484000.0,14.757919300884955,2566155.1879746723,0.03307374717176824,mixed_media,canvas,7.784223516669121,1.1604395604395603,True,False
T4-E023,ridge,val_cold,eunja cho,조은자,2484000.0,14.757919300884955,2566155.1879746723,0.03307374717176824,mixed_media,canvas,7.784223516669121,1.1604395604395603,True,False
T4-E023,ridge,val_cold,eunja cho,조은자,4581600.0,15.336567596220188,4577060.767330231,0.000990752721706141,mixed_media,canvas,8.478317218833096,2.3230769230769233,True,False
T4-E023,ridge,val_cold,seung wook yang,양승욱,5975400.0,14.782379785003927,2629698.5689106653,0.5599125466227088,mixed_media,panel,7.9447474504927085,1.2091097308488614,True,False
T4-E023,ridge,val_cold,seung wook yang,양승욱,10432800.0,15.53395097147441,5575825.697253825,0.4655484915599048,mixed_media,canvas,8.794724923014183,1.2520661157024795,True,False
T4-E023,ridge,val_cold,seung wook yang,양승욱,8983800.0,15.53395097147441,5575825.697253825,0.37934663535988944,mixed_media,canvas,8.794724923014183,1.2520661157024795,True,False
T4-E023,ridge,val_cold,seung wook yang,양승욱,4498800.0,14.499703358319694,1982171.1817270915,0.5594000218442492,mixed_media,panel,7.568110636717091,1.3333333333333333,True,False
T4-E023,ridge,val_cold,seung wook yang,양승욱,8914800.0,15.203687475294426,4007537.317326786,0.550462453748061,mixed_media,canvas,8.366730701845992,1.1752066115702478,True,False
T4-E023,ridge,val_cold,seung wook yang,양승욱,6003000.0,14.903172037960429,2967326.799482027,0.5056926870761241,mixed_media,panel,8.099201957942665,1.2755905511811023,True,False
T4-E023,ridge,val_cold,seung wook yang,양승욱,6016800.0,15.284960050360068,4346841.5129607925,0.2775492765322443,mixed_media,unknown,8.27593913036709,1.3827392120075048,True,False
T4-E023,ridge,val_cold,seung wook yang,양승욱,7452000.0,14.907375156180077,2979825.07227588,0.6001308276602416,mixed_media,panel,8.108036276969523,1.21414913957935,True,False
T4-E023,ridge,val_cold,seung wook yang,양승욱,4540200.0,14.840121439942106,2786011.1624662885,0.38636818588029415,mixed_media,panel,8.02064844214249,1.2027833001988073,True,False
T4-E023,ridge,val_cold,seung wook yang,양승욱,4077900.0,14.7295561743602,2494393.507271209,0.388314204058165,mixed_media,canvas,7.7464044181975,1.1734234234234235,True,False
T4-E023,ridge,val_cold,seung wook yang,양승욱,3746700.0,14.04638750937701,1259704.2250870094,0.6637830023522008,mixed_media,panel,6.9930151229329605,1.0,True,False
T4-E023,ridge,val_cold,seung wook yang,양승욱,6796500.0,15.506114086169013,5422752.501803268,0.2021257262115401,mixed_media,canvas,8.710378852864029,2.135084427767355,True,False
T4-E023,ridge,val_cold,eunja cho,조은자,6085800.0,15.496964896119456,5373364.980988641,0.11706513835672529,acrylic,canvas,8.794724923014183,1.2520661157024795,True,False
T4-E023,ridge,val_cold,eunja cho,조은자,1283400.0,14.291956858007056,1610341.5511085298,0.2547464166343539,mixed_media,canvas,7.167446743931991,1.2902208201892744,True,False
T4-E023,ridge,val_cold,eunja cho,조은자,1138500.0,14.291956858007056,1610341.5511085298,0.41444141511508986,mixed_media,canvas,7.167446743931991,1.2902208201892744,True,False
T4-E023,ridge,val_cold,eunja cho,조은자,690000.0,13.929179850560567,1120381.5451388438,0.6237413697664403,mixed_media,canvas,6.687769237483008,1.3817427385892114,True,False
T4-E023,ridge,val_cold,eunja cho,조은자,1138500.0,14.291956858007056,1610341.5511085298,0.41444141511508986,mixed_media,canvas,7.167446743931991,1.2902208201892744,True,False
T4-E023,ridge,val_cold,eunja cho,조은자,1283400.0,14.291956858007056,1610341.5511085298,0.2547464166343539,mixed_media,canvas,7.167446743931991,1.2902208201892744,True,False
T4-E023,ridge,val_cold,eunja cho,조은자,1904400.0,14.757919300884955,2566155.1879746723,0.34748749631100206,mixed_media,canvas,7.784223516669121,1.1604395604395603,True,False
T4-E023,ridge,val_cold,eunja cho,조은자,1138500.0,14.291956858007056,1610341.5511085298,0.41444141511508986,mixed_media,canvas,7.167446743931991,1.2902208201892744,True,False
T4-E023,ridge,val_cold,eunja cho,조은자,2339100.0,14.681881181644394,2378263.5574327796,0.016743002621854377,mixed_media,canvas,7.677641253760972,1.2909535452322738,True,False
T4-E023,ridge,val_cold,eunja cho,조은자,9066600.0,15.897291664310423,8018738.428666144,0.11557381723400793,mixed_media,canvas,9.268509275099824,1.2827282728272826,True,False
T4-E023,ridge,val_cold,eunja cho,조은자,703800.0,14.291956858007056,1610341.5511085298,1.288066995039116,mixed_media,canvas,7.167446743931991,1.2902208201892744,True,False
T4-E023,ridge,val_cold,eunja cho,조은자,2194200.0,14.757919300884955,2566155.1879746723,0.16951744962841686,mixed_media,canvas,7.784223516669121,1.1604395604395603,True,False
T4-E023,ridge,val_cold,eunja cho,조은자,2194200.0,14.681881181644394,2378263.5574327796,0.08388640845537307,mixed_media,canvas,7.677641253760972,1.2909535452322738,True,False
T4-E023,ridge,val_cold,eunja cho,조은자,1138500.0,14.291956858007056,1610341.5511085298,0.41444141511508986,mixed_media,canvas,7.167446743931991,1.2902208201892744,True,False
T4-E023,ridge,val_cold,eunja cho,조은자,1138500.0,14.291956858007056,1610341.5511085298,0.41444141511508986,mixed_media,canvas,7.167446743931991,1.2902208201892744,True,False
T4-E023,ridge,val_cold,eunja cho,조은자,690000.0,13.929179850560567,1120381.5451388438,0.6237413697664403,mixed_media,canvas,6.687769237483008,1.3817427385892114,True,False
T4-E023,ridge,val_cold,eunja cho,조은자,703800.0,14.291956858007056,1610341.5511085298,1.288066995039116,mixed_media,canvas,7.167446743931991,1.2902208201892744,True,False
T4-E023,ridge,val_cold,eunja cho,조은자,717600.0,14.475455257987653,1934685.3433894995,1.6960498096286225,mixed_media,canvas,7.390101178092894,1.6119873817034702,True,False
T4-E023,ridge,val_cold,eunja cho,조은자,1324800.0,14.757919300884955,2566155.1879746723,0.9370132759470654,mixed_media,canvas,7.784223516669121,1.1604395604395603,True,False
T4-E023,ridge,val_cold,eunja cho,조은자,545100.0,13.929179850560567,1120381.5451388438,1.0553688224891649,mixed_media,canvas,6.687769237483008,1.3817427385892114,True,False
T4-E023,ridge,val_cold,eunja cho,조은자,558900.0,14.291956858007056,1610341.5511085298,1.8812695493085163,mixed_media,canvas,7.167446743931991,1.2902208201892744,True,False
T4-E023,ridge,val_cold,eunja cho,조은자,558900.0,14.291956858007056,1610341.5511085298,1.8812695493085163,mixed_media,canvas,7.167446743931991,1.2902208201892744,True,False
T4-E023,ridge,val_cold,eunja cho,조은자,1138500.0,14.291956858007056,1610341.5511085298,0.41444141511508986,mixed_media,canvas,7.167446743931991,1.2902208201892744,True,False
T4-E023,ridge,val_cold,eunja cho,조은자,2049300.0,14.757919300884955,2566155.1879746723,0.2522106026324463,mixed_media,canvas,7.784223516669121,1.1604395604395603,True,False
T4-E023,ridge,val_cold,eunja cho,조은자,1138500.0,14.291956858007056,1610341.5511085298,0.41444141511508986,mixed_media,canvas,7.167446743931991,1.2902208201892744,True,False
T4-E023,ridge,val_cold,eunja cho,조은자,1283400.0,14.291956858007056,1610341.5511085298,0.2547464166343539,mixed_media,canvas,7.167446743931991,1.2902208201892744,True,False
T4-E023,ridge,val_cold,eunja cho,조은자,1614600.0,14.757919300884955,2566155.1879746723,0.589344226418105,mixed_media,canvas,7.784223516669121,1.1604395604395603,True,False
T4-E023,ridge,val_cold,eunja cho,조은자,1283400.0,14.291956858007056,1610341.5511085298,0.2547464166343539,mixed_media,canvas,7.167446743931991,1.2902208201892744,True,False
T4-E023,ridge,val_cold,eunja cho,조은자,1904400.0,14.757919300884955,2566155.1879746723,0.34748749631100206,mixed_media,canvas,7.784223516669121,1.1604395604395603,True,False
T4-E023,ridge,val_cold,eunja cho,조은자,2049300.0,14.757919300884955,2566155.1879746723,0.2522106026324463,mixed_media,canvas,7.784223516669121,1.1604395604395603,True,False
T4-E023,ridge,val_cold,eunja cho,조은자,1138500.0,14.291956858007056,1610341.5511085298,0.41444141511508986,mixed_media,canvas,7.167446743931991,1.2902208201892744,True,False
T4-E023,ridge,val_cold,eunja cho,조은자,1904400.0,14.757919300884955,2566155.1879746723,0.34748749631100206,mixed_media,canvas,7.784223516669121,1.1604395604395603,True,False
T4-E023,ridge,val_cold,eunja cho,조은자,1890600.0,14.502689282456831,1988098.6395682949,0.05157021028683744,mixed_media,canvas,7.422827871595451,1.6656151419558358,True,False
T4-E023,ridge,val_cold,eunja cho,조은자,703800.0,14.291956858007056,1610341.5511085298,1.288066995039116,mixed_media,canvas,7.167446743931991,1.2902208201892744,True,False
T4-E023,ridge,val_cold,eunja cho,조은자,1614600.0,14.681881181644394,2378263.5574327796,0.47297383713166086,mixed_media,canvas,7.677641253760972,1.2909535452322738,True,False
T4-E023,ridge,val_cold,eunja cho,조은자,1759500.0,14.681881181644394,2378263.5574327796,0.351670109367877,mixed_media,canvas,7.677641253760972,1.2909535452322738,True,False
T4-E023,ridge,val_cold,eunja cho,조은자,1759500.0,14.681881181644394,2378263.5574327796,0.351670109367877,mixed_media,canvas,7.677641253760972,1.2909535452322738,True,False
T4-E023,ridge,val_cold,eunja cho,조은자,545100.0,13.929179850560567,1120381.5451388438,1.0553688224891649,mixed_media,canvas,6.687769237483008,1.3817427385892114,True,False
T4-E023,ridge,val_cold,eunja cho,조은자,834900.0,14.144098994894566,1389006.0743298628,0.6636795716012251,mixed_media,canvas,6.95762105494993,1.5914396887159532,True,False
T4-E023,ridge,val_cold,eunja cho,조은자,1573200.0,14.291956858007056,1610341.5511085298,0.023608918833288705,mixed_media,canvas,7.167446743931991,1.2902208201892744,True,False
T4-E023,ridge,val_cold,eunja cho,조은자,1863000.0,14.291956858007056,1610341.5511085298,0.1356191352074451,mixed_media,canvas,7.167446743931991,1.2902208201892744,True,False
T4-E023,ridge,val_cold,eunja cho,조은자,1573200.0,14.291956858007056,1610341.5511085298,0.023608918833288705,mixed_media,canvas,7.167446743931991,1.2902208201892744,True,False
T4-E023,ridge,val_cold,eunja cho,조은자,1573200.0,14.291956858007056,1610341.5511085298,0.023608918833288705,mixed_media,canvas,7.167446743931991,1.2902208201892744,True,False
T4-E023,ridge,val_cold,eunja cho,조은자,1573200.0,14.291956858007056,1610341.5511085298,0.023608918833288705,mixed_media,canvas,7.167446743931991,1.2902208201892744,True,False
T4-E023,ridge,val_cold,eunja cho,조은자,1573200.0,14.291956858007056,1610341.5511085298,0.023608918833288705,mixed_media,canvas,7.167446743931991,1.2902208201892744,True,False
T4-E023,ridge,val_cold,erica choi,최어이카,3560400.0,15.497945372437758,5378636.021745143,0.5106830754255542,acrylic,canvas,8.796101385722906,1.250343878954608,True,False
T4-E023,ridge,val_cold,eunja cho,조은자,1573200.0,14.495321245485144,1973504.087912341,0.254452128090733,mixed_media,canvas,7.438971592395862,1.1904761904761905,True,False
T4-E023,ridge,val_cold,eunja cho,조은자,1573200.0,14.495321245485144,1973504.087912341,0.254452128090733,mixed_media,canvas,7.438971592395862,1.1904761904761905,True,False
T4-E023,ridge,val_cold,gyuyeol lee,이규여르,427800.0,14.317193674158412,1651498.596796075,2.860445527807562,acrylic,canvas,7.264618205251084,1.0,True,False
T4-E023,ridge,val_cold,gyuyeol lee,이규여르,427800.0,14.317193674158412,1651498.596796075,2.860445527807562,acrylic,canvas,7.264618205251084,1.0,True,False
T4-E023,ridge,val_cold,hyunju kim,김현주,1297200.0,14.141664115593116,1385628.1263066353,0.06816845999586442,oil,canvas,7.170596352834887,1.2861635220125784,True,False
T4-E023,ridge,val_cold,hyunju kim,김현주,2339100.0,14.608459422323763,2209903.533019383,0.05523340899517636,oil,canvas,7.788004239509027,1.164835164835165,True,False
T4-E023,ridge,val_cold,eunja cho,조은자,2339100.0,14.757919300884955,2566155.1879746723,0.09706946602311671,mixed_media,canvas,7.784223516669121,1.1604395604395603,True,False
T4-E023,ridge,val_cold,erica choi,최어이카,3243000.0,15.497945372437758,5378636.021745143,0.6585371636586936,acrylic,canvas,8.796101385722906,1.250343878954608,True,False
T4-E023,ridge,val_cold,erica choi,최어이카,2856600.0,15.316825052325497,4487584.098991906,0.5709529157011504,acrylic,canvas,8.572682769078947,1.0,True,False
T4-E023,ridge,val_cold,erica choi,최어이카,3532800.0,15.419617825557296,4973417.689170035,0.4077835397333658,acrylic,canvas,8.685684550397957,1.3963133640552998,True,False
T4-E023,ridge,val_cold,jeongrock heo,허정록,1021200.0,14.384468906442088,1766426.0923533505,0.7297552804086863,oil,canvas,7.472068587698613,1.5855855855855856,True,False
T4-E023,ridge,val_cold,jeongrock heo,허정록,876300.0,14.38656350121851,1770129.9168709146,1.020004469783082,oil,canvas,7.47506709069487,1.5808383233532934,True,False
T4-E023,ridge,val_cold,jeongrock heo,허정록,876300.0,14.38656350121851,1770129.9168709146,1.020004469783082,oil,canvas,7.47506709069487,1.5808383233532934,True,False
T4-E023,ridge,val_cold,jeongrock heo,허정록,775560.0,14.351782751063219,1709621.8284423288,1.2043708139181093,oil,canvas,7.450021428582446,1.2037037037037035,True,False
T4-E023,ridge,val_cold,jeongrock heo,허정록,1021200.0,14.38656350121851,1770129.9168709146,0.7333822139354824,oil,canvas,7.47506709069487,1.5808383233532934,True,False
T4-E023,ridge,val_cold,jeongrock heo,허정록,891480.0,14.353670075295653,1712851.485894165,0.921357165493522,oil,canvas,7.452663438045286,1.200527704485488,True,False
T4-E023,ridge,val_cold,jeongrock heo,허정록,891480.0,14.353670075295653,1712851.485894165,0.921357165493522,oil,canvas,7.452663438045286,1.200527704485488,True,False
T4-E023,ridge,val_cold,jeongrock heo,허정록,299460.0,13.356824174514305,632113.4550578815,1.1108443700590447,oil,canvas,6.135175204774281,1.4413407821229052,True,False
T4-E023,ridge,val_cold,jeongrock heo,허정록,429180.0,13.782038897893182,967082.3178871868,1.253325685929416,oil,canvas,6.694908533145296,1.3801652892561984,True,False
T4-E023,ridge,val_cold,jeongrock heo,허정록,890100.0,14.52934975385118,2041815.158653333,1.293916592128225,oil,canvas,7.677641253760972,1.2909535452322738,True,False
T4-E023,ridge,val_cold,jeongrock heo,허정록,890100.0,14.608459422323763,2209903.533019383,1.482758715896397,oil,canvas,7.788004239509027,1.164835164835165,True,False
T4-E023,ridge,val_cold,jian choi,최지안,2245260.0,14.346205323919255,1700113.079078458,0.2427990170053989,oil,paper,7.67139820115378,1.28921568627451,True,False
T4-E023,ridge,val_cold,jeongrock heo,허정록,299460.0,13.185677359663636,532680.6456338826,0.7788039993117031,oil,canvas,5.88943182154283,1.842857142857143,True,False
T4-E023,ridge,val_cold,jeongrock heo,허정록,342240.0,13.185677359663636,532680.6456338826,0.5564534993977402,oil,canvas,5.88943182154283,1.842857142857143,True,False
T4-E023,ridge,val_cold,erica choi,최어이카,3243000.0,15.419617825557296,4973417.689170035,0.533585473071241,acrylic,canvas,8.685684550397957,1.3963133640552998,True,False
T4-E023,ridge,val_cold,erica choi,최어이카,3201600.0,15.316825052325497,4487584.098991906,0.4016691963368023,acrylic,canvas,8.572682769078947,1.0,True,False
T4-E023,ridge,val_cold,erica choi,최어이카,963240.0,14.469215427733914,1922650.8209883056,0.9960246885389992,acrylic,canvas,7.452663438045286,1.200527704485488,True,False
T4-E023,ridge,val_cold,eunja cho,조은자,2352900.0,14.87517301295517,2885396.8735593036,0.22631513177751014,mixed_media,canvas,7.860593924491936,2.580441640378549,True,False
T4-E023,ridge,val_cold,eunja cho,조은자,1918200.0,14.844579964507469,2798460.39365245,0.458899173002007,mixed_media,canvas,7.906329897518643,1.0,True,False
T4-E023,ridge,val_cold,eunja cho,조은자,1283400.0,14.291956858007056,1610341.5511085298,0.2547464166343539,mixed_media,canvas,7.167446743931991,1.2902208201892744,True,False
T4-E023,ridge,val_cold,eunja cho,조은자,1283400.0,14.291956858007056,1610341.5511085298,0.2547464166343539,mixed_media,canvas,7.167446743931991,1.2902208201892744,True,False
T4-E023,ridge,val_cold,junsoo kim,김준수,6265200.0,15.748341470770438,6909041.476920784,0.10276471252646116,oil,canvas,9.273033441314606,1.2857142857142858,True,False
T4-E023,ridge,val_cold,junsoo kim,김준수,4636800.0,15.615948322320051,6052296.364192532,0.3052744056660914,mixed_media,canvas,8.895629627136483,1.36986301369863,True,False
T4-E023,ridge,val_cold,hyunju kim,김현주,683100.0,13.988220569628563,1188521.3977638022,0.7398937165331609,acrylic,canvas,6.834141461636891,1.0,True,False
T4-E023,ridge,val_cold,junsoo kim,김준수,1759500.0,14.493268060385251,1969456.2756004108,0.11932723819290182,oil,canvas,7.6326491578546625,1.25,True,False
T4-E023,ridge,val_cold,junsoo kim,김준수,3912300.0,15.42077159225976,4979159.164421817,0.2726935982470202,oil,canvas,8.849044482179156,1.2,True,False
T4-E023,ridge,val_cold,hyunju kim,김현주,2002380.0,15.11298616303109,3660045.5952959657,0.8278476589338516,oil,canvas,8.44357937407099,1.25,True,False
T4-E023,ridge,val_cold,junsoo kim,김준수,4650600.0,15.506818436937476,5426573.367151851,0.1668544633277106,oil,canvas,8.954404997836981,1.3333333333333333,True,False
T4-E023,ridge,val_cold,junsoo kim,김준수,3450000.0,15.27314579400141,4295788.98063894,0.2451562262721565,oil,canvas,8.666722925385201,1.0,True,False
T4-E023,ridge,val_cold,junsoo kim,김준수,10777800.0,16.197348031658926,10824774.840242706,0.004358481345238012,oil,canvas,9.857610490162482,1.3404255319148937,True,False
T4-E023,ridge,val_cold,junsoo kim,김준수,6113400.0,15.551808413764105,5676290.031155275,0.07150030569645775,oil,canvas,9.031366038973111,1.0,True,False
T4-E023,ridge,val_cold,junsoo kim,김준수,4940400.0,15.506818436937476,5426573.367151851,0.09840769313250969,oil,canvas,8.954404997836981,1.3333333333333333,True,False
T4-E023,ridge,val_cold,hyunju kim,김현주,1542840.0,14.493268060385251,1969456.2756004108,0.27651362137383706,oil,canvas,7.6326491578546625,1.25,True,False
T4-E023,ridge,val_cold,hyunju kim,김현주,1904400.0,14.60930375192197,2211770.2079150314,0.16140002516017188,oil,canvas,7.789615050102834,1.155511811023622,True,False
T4-E023,ridge,val_cold,hyunju kim,김현주,11923200.0,16.935692694049294,22650504.741756726,0.8997001427265102,oil,canvas,10.82396359377138,1.3368421052631578,True,False
T4-E023,ridge,val_cold,junsoo kim,김준수,3739800.0,15.262685583383691,4251088.319875254,0.1367154179034318,oil,canvas,8.625900930864946,1.5,True,False
T4-E023,ridge,val_cold,junsoo kim,김준수,3795000.0,15.259160768964426,4236130.399900618,0.11623989457196786,oil,canvas,8.621733370690162,1.4918032786885247,True,False
T4-E023,ridge,val_cold,junsoo kim,김준수,3795000.0,15.259160768964426,4236130.399900618,0.11623989457196786,oil,canvas,8.621733370690162,1.4918032786885247,True,False
T4-E023,ridge,val_cold,junsoo kim,김준수,5471700.0,15.544436094307024,5634596.485623677,0.02977072676200765,oil,canvas,9.0217190130337,1.0,True,False
T4-E023,ridge,val_cold,hyunju kim,김현주,19182000.0,17.0427113588978,25208993.12599408,0.314200454905332,oil,canvas,10.957235437144975,1.4615384615384617,True,False
T4-E023,ridge,val_cold,hyunju kim,김현주,2829000.0,15.053382537753027,3448267.6682412373,0.21889984738113724,oil,canvas,8.368342123803876,1.1991991991991993,True,False
T4-E023,ridge,val_cold,hyunju kim,김현주,8293800.0,16.06859304586647,9517026.788603421,0.14748689245019428,oil,canvas,9.691569063813702,1.2954545454545454,True,False
T4-E023,ridge,val_cold,byung taek jeon,전병택,2352900.0,14.744712012141393,2532486.063783074,0.07632541280253041,acrylic,canvas,7.824046010856292,1.0,True,False
T4-E023,ridge,val_cold,hyunju kim,김현주,1124700.0,13.935294171511586,1127252.902929789,0.0022698523426593056,oil,canvas,6.901280764474519,1.2727272727272727,True,False
T4-E023,ridge,val_cold,hyunju kim,김현주,22066200.0,16.935692694049294,22650504.741756726,0.02647962683908992,oil,canvas,10.82396359377138,1.3368421052631578,True,False
T4-E023,ridge,val_cold,junsoo kim,김준수,862500.0,13.873677783905327,1059892.2223657274,0.2288605476704086,oil,canvas,6.835453367226732,1.0,True,False
T4-E023,ridge,val_cold,hyunju kim,김현주,2208000.0,14.726293374005198,2486268.0623110537,0.12602720213362942,oil,canvas,7.932972162073471,1.334792122538293,True,False
T4-E023,ridge,val_cold,hyunju kim,김현주,8293800.0,16.06896027156112,9520522.327163368,0.14790835650285375,oil,canvas,9.692065040672617,1.295169946332737,True,False
T4-E023,ridge,val_cold,junsoo kim,김준수,3726000.0,15.18180384293357,3920790.4738637526,0.05227871010836086,mixed_media,paper,8.580918882296782,1.0,True,False
T4-E023,ridge,val_cold,junsoo kim,김준수,1108140.0,14.200417828805483,1469478.0516595582,0.3260761741833687,mixed_media,panel,7.179307969504034,1.28125,True,False
T4-E023,ridge,val_cold,junsoo kim,김준수,890100.0,14.08208682847393,1305487.1557090166,0.4666747058858742,oil,canvas,7.090076835776092,1.3333333333333333,True,False
T4-E023,ridge,val_cold,hyunju kim,김현주,8148900.0,15.861794778449665,7739090.857918462,0.05029011794003341,oil,canvas,9.436997742590188,1.0,True,False
T4-E023,ridge,val_cold,hyunju kim,김현주,5671800.0,15.653686253721494,6285061.930903957,0.10812474539016842,oil,canvas,9.139917907679637,1.45625,True,False
T4-E023,ridge,val_cold,hyunju kim,김현주,26427000.0,16.81776101942664,20130789.550532416,0.23824915614589565,oil,canvas,10.681894577046895,1.1111111111111112,True,False
T4-E023,ridge,val_cold,hyunju kim,김현주,1066740.0,13.806297233205628,990828.9878715315,0.07116168150483575,oil,canvas,6.724409197541993,1.421487603305785,True,False
T4-E023,ridge,val_cold,hyunju kim,김현주,1066740.0,13.806297233205628,990828.9878715315,0.07116168150483575,oil,canvas,6.724409197541993,1.421487603305785,True,False
T4-E023,ridge,val_cold,hyunju kim,김현주,7300200.0,15.658441360475136,6315019.239992901,0.1349525711634064,oil,canvas,9.146232691346842,1.4545454545454546,True,False
T4-E023,ridge,val_cold,hyunju kim,김현주,7300200.0,15.658441360475136,6315019.239992901,0.1349525711634064,oil,canvas,9.146232691346842,1.4545454545454546,True,False
T4-E023,ridge,val_cold,seung wook yang,양승욱,7452000.0,15.079451085596443,3539340.9150847076,0.5250481863815476,mixed_media,canvas,8.19198369139363,1.3996062992125984,True,False
T4-E023,ridge,val_cold,junsoo kim,김준수,3739800.0,15.262685583383691,4251088.319875254,0.1367154179034318,oil,canvas,8.625900930864946,1.5,True,False
T4-E023,ridge,val_cold,junsoo kim,김준수,3739800.0,15.262685583383691,4251088.319875254,0.1367154179034318,oil,canvas,8.625900930864946,1.5,True,False
T4-E023,ridge,val_cold,junsoo kim,김준수,3739800.0,15.262685583383691,4251088.319875254,0.1367154179034318,oil,canvas,8.625900930864946,1.5,True,False
T4-E023,ridge,val_cold,junsoo kim,김준수,3739800.0,15.262685583383691,4251088.319875254,0.1367154179034318,oil,canvas,8.625900930864946,1.5,True,False
T4-E023,ridge,val_cold,junsoo kim,김준수,473340.0,13.297052224231496,595437.8071162389,0.2579494805345816,oil,canvas,6.061530109722699,1.357142857142857,True,False
T4-E023,ridge,val_cold,byung taek jeon,전병택,2525400.0,14.744712012141393,2532486.063783074,0.0028059173925215008,acrylic,canvas,7.824046010856292,1.0,True,False
T4-E023,ridge,val_cold,byung taek jeon,전병택,7741800.0,15.34752627074795,4627495.128717354,0.40227141895717355,oil,canvas,8.764053269347762,1.0,True,False
T4-E023,ridge,val_cold,byung taek jeon,전병택,2566800.0,14.629166659703133,2256141.6092846985,0.12102944939820068,oil,canvas,7.824046010856292,1.0,True,False
T4-E023,ridge,val_cold,byung taek jeon,전병택,2566800.0,14.629166659703133,2256141.6092846985,0.12102944939820068,oil,canvas,7.824046010856292,1.0,True,False
T4-E023,ridge,val_cold,erica choi,최어이카,1380000.0,14.60056635281732,2192529.2691689096,0.5887893254847171,acrylic,canvas,7.63542465191381,1.0,True,False
T4-E023,ridge,val_cold,jeongrock heo,허정록,1511100.0,14.88483963414757,2913424.1584516773,0.9280154579125652,oil,canvas,8.146216462766645,1.228301886792453,True,False
T4-E023,ridge,val_cold,jeongrock heo,허정록,1035000.0,14.608459422323763,2209903.533019383,1.1351724956709015,oil,canvas,7.788004239509027,1.164835164835165,True,False
T4-E023,ridge,val_cold,jeongrock heo,허정록,1108140.0,14.608459422323763,2209903.533019383,0.9942457929678407,oil,canvas,7.788004239509027,1.164835164835165,True,False
T4-E023,ridge,val_cold,jeongrock heo,허정록,1511100.0,14.88483963414757,2913424.1584516773,0.9280154579125652,oil,canvas,8.146216462766645,1.228301886792453,True,False
T4-E023,ridge,val_cold,jeongrock heo,허정록,1987200.0,15.070439397807817,3507588.764896268,0.765090964621713,oil,canvas,8.390636277614743,1.1996699669966997,True,False
T4-E023,ridge,val_cold,jeongrock heo,허정록,1035000.0,14.608459422323763,2209903.533019383,1.1351724956709015,oil,canvas,7.788004239509027,1.164835164835165,True,False
T4-E023,ridge,val_cold,jeongrock heo,허정록,890100.0,14.608459422323763,2209903.533019383,1.482758715896397,oil,canvas,7.788004239509027,1.164835164835165,True,False
T4-E023,ridge,val_cold,jeongrock heo,허정록,1121940.0,14.629166659703133,2256141.6092846985,1.010928934956146,oil,canvas,7.824046010856292,1.0,True,False
T4-E023,ridge,val_cold,jeongrock heo,허정록,1121940.0,14.629166659703133,2256141.6092846985,1.010928934956146,oil,canvas,7.824046010856292,1.0,True,False
T4-E023,ridge,val_cold,jeongrock heo,허정록,2463300.0,15.382400019999498,4791720.1612273855,0.9452442500821603,oil,canvas,8.796101385722906,1.250343878954608,True,False
T4-E023,ridge,val_cold,jeongrock heo,허정록,1814700.0,15.070439397807817,3507588.764896268,0.9328752768481116,oil,canvas,8.390636277614743,1.1996699669966997,True,False
T4-E023,ridge,val_cold,jeongrock heo,허정록,1814700.0,15.070439397807817,3507588.764896268,0.9328752768481116,oil,canvas,8.390636277614743,1.1996699669966997,True,False
T4-E023,ridge,val_cold,jeongrock heo,허정록,2898000.0,15.382400019999498,4791720.1612273855,0.6534576125698363,oil,canvas,8.796101385722906,1.250343878954608,True,False
T4-E023,ridge,val_cold,sangho lee,이상호,863880.0,13.672376084909228,866637.5216642777,0.0031920193363402906,oil,canvas,6.541029999189903,1.5714285714285714,True,False
T4-E023,ridge,val_cold,sangho lee,이상호,661020.0,13.50735870265472,734803.7256891141,0.11162101856088177,oil,canvas,6.3561076606958915,1.0,True,False
T4-E023,ridge,val_cold,sangho lee,이상호,761760.0,13.911033139859148,1100233.6671144173,0.4443311109987625,oil,canvas,6.869534066161939,1.2727272727272727,True,False
T4-E023,ridge,val_cold,junsoo kim,김준수,6168600.0,15.750652700254708,6925028.324810873,0.12262560788685808,oil,canvas,9.276488497006095,1.277777777777778,True,False
T4-E023,ridge,val_cold,junsoo kim,김준수,2380500.0,14.932090311118266,3054389.5514183654,0.28308739820137174,oil,canvas,8.220435822756782,1.0,True,False
T4-E023,ridge,val_cold,junsoo kim,김준수,6168600.0,15.750652700254708,6925028.324810873,0.12262560788685808,oil,canvas,9.276488497006095,1.277777777777778,True,False
T4-E023,ridge,val_cold,junsoo kim,김준수,3753600.0,15.262685583383691,4251088.319875254,0.13253631710231625,oil,canvas,8.625900930864946,1.5,True,False
T4-E023,ridge,val_cold,junsoo kim,김준수,6168600.0,15.750652700254708,6925028.324810873,0.12262560788685808,oil,canvas,9.276488497006095,1.277777777777778,True,False
T4-E023,ridge,val_cold,junsoo kim,김준수,3753600.0,15.262685583383691,4251088.319875254,0.13253631710231625,oil,canvas,8.625900930864946,1.5,True,False
T4-E023,ridge,val_cold,junsoo kim,김준수,3753600.0,15.262685583383691,4251088.319875254,0.13253631710231625,oil,canvas,8.625900930864946,1.5,True,False
T4-E023,ridge,val_cold,junsoo kim,김준수,3739800.0,15.262685583383691,4251088.319875254,0.1367154179034318,oil,canvas,8.625900930864946,1.5,True,False
T4-E023,ridge,val_cold,junsoo kim,김준수,1080540.0,14.1651925862766,1418616.3970204222,0.3128772623136785,oil,canvas,7.162645528608927,2.0,True,False
T4-E023,ridge,val_cold,junsoo kim,김준수,5526900.0,15.78548105670017,7170464.947446108,0.2973755536460055,oil,canvas,9.319048111424893,1.3333333333333337,True,False
T4-E023,ridge,val_cold,junsoo kim,김준수,11557500.0,16.084164859224664,9666384.016905284,0.16362673442307735,oil,canvas,9.727979427509542,1.0,True,False
T4-E023,ridge,val_cold,junsoo kim,김준수,11681700.0,16.26825503453151,11620194.347792372,0.005265128552148051,oil,canvas,9.955036878144888,1.254901960784314,True,False
T4-E023,ridge,val_cold,junsoo kim,김준수,3739800.0,15.262685583383691,4251088.319875254,0.1367154179034318,oil,canvas,8.625900930864946,1.5,True,False
T4-E023,ridge,val_cold,jian choi,최지안,2231460.0,14.082633938741719,1306201.5965575122,0.41464261221016185,oil,paper,7.330732812174933,1.2112676056338028,True,False
T4-E023,ridge,val_cold,jian choi,최지안,4393920.0,15.222970825601033,4085565.972345586,0.07017743328381355,mixed_media,canvas,8.390636277614743,1.1996699669966997,True,False
T4-E023,ridge,val_cold,jian choi,최지안,4393920.0,15.122739413118,3695917.585198239,0.15885642314875123,mixed_media,panel,8.390636277614743,1.1996699669966997,True,False
T4-E023,ridge,val_cold,erica choi,최어이카,1407600.0,14.724004774762024,2480584.497287354,0.7622794098375631,acrylic,canvas,7.788004239509027,1.164835164835165,True,False
T4-E023,ridge,val_cold,taerin kim,김태린,4305600.0,15.351707324316969,4646883.437274992,0.0792650123734187,mixed_media,canvas,8.5699298436615,1.0,True,False
T4-E023,ridge,val_cold,taerin kim,김태린,4347000.0,15.53395097147441,5575825.697253825,0.28268362025622845,mixed_media,canvas,8.794724923014183,1.2520661157024795,True,False
T4-E023,ridge,val_cold,taerin kim,김태린,5375100.0,15.681987051818382,6465475.076194279,0.20285670521372234,mixed_media,canvas,8.988937804270135,1.2428393524283936,True,False
T4-E023,ridge,val_cold,taerin kim,김태린,4347000.0,15.53395097147441,5575825.697253825,0.28268362025622845,mixed_media,canvas,8.794724923014183,1.2520661157024795,True,False
T4-E023,ridge,val_cold,taerin kim,김태린,1773300.0,14.644256004279264,2290443.4527660627,0.2916277295246505,mixed_media,canvas,7.644196595800317,1.0,True,False
T4-E023,ridge,val_cold,taerin kim,김태린,1773300.0,14.644256004279264,2290443.4527660627,0.2916277295246505,mixed_media,canvas,7.644196595800317,1.0,True,False
T4-E023,ridge,val_cold,taerin kim,김태린,1773300.0,14.644256004279264,2290443.4527660627,0.2916277295246505,mixed_media,canvas,7.644196595800317,1.0,True,False
T4-E023,ridge,val_cold,taerin kim,김태린,2829000.0,15.223028661898018,4085802.2731858334,0.44425672434988805,mixed_media,canvas,8.390908619896203,1.1960461285008237,True,False
T4-E023,ridge,val_cold,taerin kim,김태린,6186540.0,15.703671098207227,6607203.8105621915,0.0679966201725345,mixed_media,canvas,9.03049095692021,1.0,True,False
T4-E023,ridge,val_cold,erica choi,최어이카,7493400.0,16.08278972583205,9653100.584796578,0.2882137060341871,acrylic,canvas,9.574983485564092,1.0,True,False
T4-E023,ridge,val_cold,erica choi,최어이카,7493400.0,16.08278972583205,9653100.584796578,0.2882137060341871,acrylic,canvas,9.574983485564092,1.0,True,False
T4-E023,ridge,val_cold,sangho lee,이상호,645840.0,13.68529691821343,877907.8548690459,0.35932716287168015,acrylic,canvas,6.437751649736401,1.0,True,False
T4-E023,ridge,val_cold,sangho lee,이상호,661020.0,13.66485539952795,860144.2610147083,0.3012378763346167,acrylic,canvas,6.39792915554923,1.240909090909091,True,False
T4-E023,ridge,val_cold,sangho lee,이상호,957720.0,14.443055386470819,1873006.3776593818,0.9556930811295388,acrylic,canvas,7.417580402414544,1.2162162162162162,True,False
T4-E023,ridge,val_cold,sangho lee,이상호,661020.0,13.66485539952795,860144.2610147083,0.3012378763346167,acrylic,canvas,6.39792915554923,1.240909090909091,True,False
T4-E023,ridge,val_cold,sangho lee,이상호,964620.0,14.471098124939335,1926273.9999201938,0.9969252139912026,acrylic,canvas,7.455298485683291,1.1973684210526316,True,False
T4-E023,ridge,val_cold,sangho lee,이상호,659640.0,14.102375012060838,1332243.621071457,1.0196525696917362,acrylic,canvas,6.959398512133975,1.4444444444444444,True,False
T4-E023,ridge,val_cold,sangho lee,이상호,659640.0,13.930242943034694,1121573.247660387,0.7002808314541069,acrylic,canvas,6.733401891837359,1.4583333333333333,True,False
T4-E023,ridge,val_cold,sangho lee,이상호,1101240.0,14.716097180427449,2461046.392881799,1.2347956784005294,acrylic,canvas,7.776954403322442,1.1777777777777778,True,False
T4-E023,ridge,val_cold,erica choi,최어이카,903900.0,14.469215427733914,1922650.8209883056,1.127061423817132,acrylic,canvas,7.452663438045286,1.200527704485488,True,False
T4-E023,ridge,val_cold,erica choi,최어이카,903900.0,14.469215427733914,1922650.8209883056,1.127061423817132,acrylic,canvas,7.452663438045286,1.200527704485488,True,False
T4-E023,ridge,val_cold,erica choi,최어이카,4664400.0,15.659981446745284,6324752.407455112,0.35596269776500983,acrylic,canvas,9.0217190130337,1.0,True,False
T4-E023,ridge,val_cold,erica choi,최어이카,1090200.0,14.724004774762024,2480584.497287354,1.2753480987776133,acrylic,canvas,7.788004239509027,1.164835164835165,True,False
T4-E023,ridge,val_cold,erica choi,최어이카,485760.0,13.489914743859249,722096.9898746384,0.48653036453112314,acrylic,canvas,6.182084906716632,1.0,True,False
T4-E023,ridge,val_cold,erica choi,최어이카,1090200.0,14.724004774762024,2480584.497287354,1.2753480987776133,acrylic,canvas,7.788004239509027,1.164835164835165,True,False
T4-E023,ridge,val_cold,hyeyune choi,최혜윤,2753100.0,15.30076236550045,4416077.274323155,0.6040380931761125,mixed_media,fabric,8.84339861853877,1.248322147651007,True,False
T4-E023,ridge,val_cold,youngb yune,영브윤,17512200.0,15.20963000283325,4031423.118923592,0.7697934514839031,mixed_media,canvas,8.356061534504837,1.5150943396226415,True,False
T4-E023,ridge,val_cold,jeongrock heo,허정록,487140.0,13.782038897893182,967082.3178871868,0.985224612816001,oil,canvas,6.694908533145296,1.3801652892561984,True,False
T4-E023,ridge,val_cold,jeongrock heo,허정록,500940.0,13.782038897893182,967082.3178871868,0.930535229542833,oil,canvas,6.694908533145296,1.3801652892561984,True,False
T4-E023,ridge,val_cold,erica choi,최어이카,3676320.0,15.497945372437758,5378636.021745143,0.4630489243986224,acrylic,canvas,8.796101385722906,1.250343878954608,True,False
T4-E023,ridge,val_cold,jeongrock heo,허정록,529920.0,13.782038897893182,967082.3178871868,0.8249590841772093,oil,canvas,6.694908533145296,1.3801652892561984,True,False
T4-E023,ridge,val_cold,jeongrock heo,허정록,891480.0,14.351782751063219,1709621.8284423288,0.9177343613343304,oil,canvas,7.450021428582446,1.2037037037037035,True,False
T4-E023,ridge,val_cold,hyeyune choi,최혜윤,12185400.0,16.00395545545069,8921328.74093504,0.2678673871243422,mixed_media,fabric,9.757825740104776,1.353982300884956,True,False
T4-E023,ridge,val_cold,hyeyune choi,최혜윤,22383600.0,16.020848511038743,9073317.405285386,0.5946444090635382,mixed_media,fabric,9.779623565313742,1.3596491228070176,True,False
T4-E023,ridge,val_cold,hyeyune choi,최혜윤,1283400.0,14.052324855782231,1267205.7730467932,0.012618222653270077,mixed_media,fabric,7.210079628170788,1.2424242424242424,True,False
T4-E023,ridge,val_cold,hyeyune choi,최혜윤,1642200.0,14.458743186061549,1902621.416370337,0.158580816204078,mixed_media,fabric,7.652545692693921,2.888888888888889,True,False
T4-E023,ridge,val_cold,hyeyune choi,최혜윤,2435700.0,15.173362306859836,3887832.2842296353,0.5961868391959746,mixed_media,fabric,8.679312040892672,1.2,True,False
T4-E023,ridge,val_cold,hyeyune choi,최혜윤,22397400.0,16.08515160252945,9675926.964060761,0.5679888306651325,mixed_media,fabric,9.883284845218608,1.0,True,False
T4-E023,ridge,val_cold,hyeyune choi,최혜윤,3270600.0,15.356625249094645,4669792.747428493,0.4278091932454267,mixed_media,fabric,8.9126079636709,1.32,True,False
T4-E023,ridge,val_cold,hyeyune choi,최혜윤,3118800.0,14.885243381274018,2914600.682576912,0.06547368135920482,mixed_media,fabric,8.293049139768444,1.3703703703703705,True,False
T4-E023,ridge,val_cold,hyeyune choi,최혜윤,3132600.0,15.018666381205103,3330611.175176915,0.06320984970213714,mixed_media,fabric,8.470101583882387,1.325,True,False
T4-E023,ridge,val_cold,hyeyune choi,최혜윤,1614600.0,14.148740058407146,1395467.5221370049,0.13571935950885367,mixed_media,fabric,7.313220387090301,1.6666666666666667,True,False
T4-E023,ridge,val_cold,hyeyune choi,최혜윤,3118800.0,14.896269348188497,2946914.793054979,0.0551126096399324,mixed_media,fabric,8.306472160100585,1.3888888888888888,True,False
T4-E023,ridge,val_cold,hyeyune choi,최혜윤,3160200.0,14.82794053563364,2752280.8768430008,0.12908016048256415,mixed_media,fabric,8.223090551161533,1.2777777777777777,True,False
T4-E023,ridge,val_cold,hyeyune choi,최혜윤,3105000.0,14.75909477680391,2569173.4151816005,0.17256894841172288,mixed_media,fabric,8.125926802707886,1.4081632653061225,True,False
T4-E023,ridge,val_cold,hyeyune choi,최혜윤,3105000.0,14.75909477680391,2569173.4151816005,0.17256894841172288,mixed_media,fabric,8.125926802707886,1.4081632653061225,True,False
T4-E023,ridge,val_cold,jeongrock heo,허정록,407100.0,13.549310047089689,766285.4635274112,0.8823027843955078,oil,canvas,6.39792915554923,1.240909090909091,True,False
T4-E023,ridge,val_cold,jeongrock heo,허정록,313260.0,13.356824174514305,632113.4550578815,1.0178556312899238,oil,canvas,6.135175204774281,1.4413407821229052,True,False
T4-E023,ridge,val_cold,jeongrock heo,허정록,498180.0,13.782038897893182,967082.3178871868,0.9412307155790814,oil,canvas,6.694908533145296,1.3801652892561984,True,False
T4-E023,ridge,val_cold,jeongrock heo,허정록,500940.0,13.782038897893182,967082.3178871868,0.930535229542833,oil,canvas,6.694908533145296,1.3801652892561984,True,False
T4-E023,ridge,val_cold,jeongrock heo,허정록,420900.0,13.549310047089689,766285.4635274112,0.8205879390054911,oil,canvas,6.39792915554923,1.240909090909091,True,False
T4-E023,ridge,val_cold,erica choi,최어이카,673440.0,13.897584250331443,1085535.802585024,0.6119265303293893,acrylic,canvas,6.694908533145296,1.3801652892561984,True,False
T4-E023,ridge,val_cold,jeongrock heo,허정록,284280.0,13.185677359663636,532680.6456338826,0.8737886788865998,oil,canvas,5.88943182154283,1.842857142857143,True,False
T4-E023,ridge,val_cold,jeongrock heo,허정록,471960.0,13.782038897893182,967082.3178871868,1.049076866444586,oil,canvas,6.694908533145296,1.3801652892561984,True,False
T4-E023,ridge,val_cold,erica choi,최어이카,673440.0,13.892193775205612,1079699.9918702699,0.6032608574932732,acrylic,canvas,6.687769237483008,1.3817427385892114,True,False
T4-E023,ridge,val_cold,erica choi,최어이카,2787600.0,15.323119143178774,4515918.436931273,0.620002309130174,acrylic,canvas,8.580918882296782,1.0,True,False
T4-E023,ridge,val_cold,hyunju kim,김현주,1159200.0,14.106347860126368,1337546.9502493453,0.15385347675064293,oil,canvas,7.121823534088672,1.3333333333333333,True,False
T4-E023,ridge,val_cold,erica choi,최어이카,1352400.0,14.60056635281732,2192529.2691689096,0.6212135974333848,acrylic,canvas,7.63542465191381,1.0,True,False
T4-E023,ridge,val_cold,hyunju kim,김현주,7769400.0,15.858516093812497,7713758.370928117,0.007161637844863558,oil,canvas,9.432707429897413,1.0,True,False
T4-E023,ridge,val_cold,hyeyune choi,최혜윤,1914060.0,15.182998739194758,3925478.2118644244,1.0508647648790657,mixed_media,fabric,8.691146498539675,1.2142857142857142,True,False
T4-E023,ridge,val_cold,hyunju kim,김현주,1449000.0,14.258866641698852,1557926.9880444398,0.07517390479257406,oil,canvas,7.318605859366639,1.384848484848485,True,False
T4-E023,ridge,val_cold,jeongrock heo,허정록,659640.0,14.141664115593116,1385628.1263066353,1.10058232718852,oil,canvas,7.170596352834887,1.2861635220125784,True,False
T4-E023,ridge,val_cold,byung taek jeon,전병택,4485000.0,15.497251337417623,5374904.355088953,0.1984179164077933,acrylic,canvas,8.779557455883728,1.5384615384615383,True,False
T4-E023,ridge,val_cold,byung taek jeon,전병택,5299200.0,15.25363276578892,4212777.66406634,0.20501629225801257,oil,canvas,8.614054894258702,1.5,True,False
T4-E023,ridge,val_cold,erica choi,최어이카,814200.0,14.257209468031377,1555347.3704914954,0.9102767999158626,acrylic,canvas,7.170596352834887,1.2861635220125784,True,False
T4-E023,ridge,val_cold,eunja cho,조은자,834900.0,14.08519066142371,1309545.4646568664,0.5685057667467558,mixed_media,canvas,6.91263336176647,1.0,True,False
T4-E023,ridge,val_cold,erica choi,최어이카,1352400.0,14.60056635281732,2192529.2691689096,0.6212135974333848,acrylic,canvas,7.63542465191381,1.0,True,False
T4-E023,ridge,val_cold,hyunju kim,김현주,538200.0,14.050839523949847,1265324.949143504,1.3510311206679748,acrylic,canvas,6.901280764474519,1.2727272727272727,True,False
T4-E023,ridge,val_cold,hyunju kim,김현주,1186800.0,15.047635663556527,3428507.741047363,1.8888673247787013,acrylic,canvas,8.220435822756782,1.0,True,False
T4-E023,ridge,val_cold,hyunju kim,김현주,703800.0,14.427731834030997,1844524.0487701464,1.6208071167521263,acrylic,canvas,7.393757249572314,1.2857142857142856,True,False
T4-E023,ridge,val_cold,hyunju kim,김현주,1393800.0,14.900848326333005,2960439.592735935,1.1240060214779273,acrylic,panel,8.155897301619211,1.0666666666666669,True,False
T4-E023,ridge,val_cold,hyunju kim,김현주,1173000.0,14.726065962772207,2485702.72131034,1.1190986541435122,oil,canvas,7.932753750305,1.3333333333333337,True,False
T4-E023,ridge,val_cold,hyunju kim,김현주,814200.0,14.106347860126368,1337546.9502493453,0.6427744414754916,oil,canvas,7.121823534088672,1.3333333333333333,True,False
T4-E023,ridge,val_cold,hyunju kim,김현주,883200.0,14.312186481592736,1643249.8939560088,0.8605637386277274,oil,canvas,7.393757249572314,1.2857142857142856,True,False
T4-E023,ridge,val_cold,hyunju kim,김현주,2635800.0,15.42077159225976,4979159.164421817,0.8890504455656033,oil,canvas,8.849044482179156,1.2,True,False
T4-E023,ridge,val_cold,hyunju kim,김현주,738300.0,13.935294171511586,1127252.902929789,0.5268222984285371,oil,canvas,6.901280764474519,1.2727272727272727,True,False
T4-E023,ridge,val_cold,hyunju kim,김현주,1449000.0,14.80105348961392,2679266.1479920377,0.8490449606570308,oil,canvas,8.038114265962827,1.2000000000000002,True,False
T4-E023,ridge,val_cold,hyunju kim,김현주,5009400.0,15.409848723308306,4925068.412271046,0.01683466836925658,mixed_media,fabric,8.99961934066053,1.0,True,False
T4-E023,ridge,val_cold,hyunju kim,김현주,6058200.0,15.19066402888172,3955683.7587537947,0.34705295983067663,mixed_media,fabric,8.696844519654313,1.2941176470588236,True,False
T4-E023,ridge,val_cold,hyunju kim,김현주,12392400.0,16.11622847006282,9981345.612023076,0.19455911590788902,ink,fabric,9.903487552536127,2.0,True,False
T4-E023,ridge,val_cold,hyunju kim,김현주,1600800.0,14.485633387285862,1954477.373022689,0.22093788919458335,ink,fabric,7.824046010856292,1.0,True,False
T4-E023,ridge,val_cold,hyunju kim,김현주,634800.0,13.666650868844243,861690.010900938,0.3574196769075897,oil,canvas,6.54645938918511,1.3333333333333337,True,False
T4-E023,ridge,val_cold,hyunju kim,김현주,883200.0,14.312186481592736,1643249.8939560088,0.8605637386277274,oil,canvas,7.393757249572314,1.2857142857142856,True,False
T4-E023,ridge,val_cold,hyunju kim,김현주,1600800.0,14.485633387285862,1954477.373022689,0.22093788919458335,ink,fabric,7.824046010856292,1.0,True,False
T4-E023,ridge,val_cold,hyunju kim,김현주,1545600.0,14.411158105753506,1814205.349340817,0.17378710490477287,ink,fabric,7.698029170272805,1.5263157894736843,True,False
T4-E023,ridge,val_cold,hyunju kim,김현주,952200.0,13.678670121149098,872109.371579413,0.0841111409583985,ink,fabric,6.728628613084702,1.7272727272727273,True,False
T4-E023,ridge,val_cold,hyunju kim,김현주,1600800.0,14.485633387285862,1954477.373022689,0.22093788919458335,ink,fabric,7.824046010856292,1.0,True,False
T4-E023,ridge,val_cold,hyunju kim,김현주,579600.0,12.426748643448967,249383.87212798142,0.5697310694824338,ink,fabric,5.1298987149230735,1.0,True,False
T4-E023,ridge,val_cold,hyunju kim,김현주,1173000.0,14.726065962772207,2485702.72131034,1.1190986541435122,oil,canvas,7.932753750305,1.3333333333333337,True,False
T4-E023,ridge,val_cold,hyunju kim,김현주,510600.0,12.426748643448967,249383.87212798142,0.5115866194124923,ink,fabric,5.1298987149230735,1.0,True,False
T4-E023,ridge,val_cold,hyunju kim,김현주,510600.0,12.426748643448967,249383.87212798142,0.5115866194124923,ink,fabric,5.1298987149230735,1.0,True,False
T4-E023,ridge,val_cold,hyunju kim,김현주,510600.0,12.426748643448967,249383.87212798142,0.5115866194124923,ink,fabric,5.1298987149230735,1.0,True,False
T4-E023,ridge,val_cold,hyunju kim,김현주,952200.0,14.212783344839556,1487761.7165719995,0.5624466672673802,oil,canvas,7.262490863578644,1.3076923076923077,True,False
T4-E023,ridge,val_cold,hyunju kim,김현주,1090200.0,14.525769656191995,2034518.3304558035,0.8661881585542135,oil,canvas,7.663420816521416,1.4666666666666668,True,False
T4-E023,ridge,val_cold,hyunju kim,김현주,1021200.0,14.213730700073446,1489171.8232514851,0.4582567795255436,oil,canvas,7.280428564265311,1.0,True,False
T4-E023,ridge,val_cold,hyunju kim,김현주,1242000.0,14.726065962772207,2485702.72131034,1.0013709511355393,oil,canvas,7.932753750305,1.3333333333333337,True,False
T4-E023,ridge,val_cold,hyunju kim,김현주,1090200.0,14.493268060385251,1969456.2756004108,0.8065091502480377,oil,canvas,7.6326491578546625,1.25,True,False
T4-E023,ridge,val_cold,hyunju kim,김현주,1945800.0,14.769134465007912,2595097.0299689,0.33369155615628543,oil,panel,8.133424445767153,1.0909090909090908,True,False
T4-E023,ridge,val_cold,hyunju kim,김현주,1876800.0,14.996715501511757,3258297.9035306894,0.7360922333390288,oil,canvas,8.300478530430318,1.0833333333333337,True,False
T4-E023,ridge,val_cold,hyunju kim,김현주,1821600.0,14.910417851508784,2988905.579706823,0.6408133397600039,oil,canvas,8.155897301619211,1.6666666666666667,True,False
T4-E023,ridge,val_cold,hyunju kim,김현주,1435200.0,14.393036647902218,1781625.39328465,0.2413777823889702,oil,panel,7.6326491578546625,1.25,True,False
T4-E023,ridge,val_cold,hyunju kim,김현주,634800.0,13.935294171511586,1127252.902929789,0.7757607166505811,oil,canvas,6.901280764474519,1.2727272727272727,True,False
T4-E023,ridge,val_cold,hyunju kim,김현주,2083800.0,15.011415073477789,3306547.2415625383,0.586787235609242,oil,unknown,8.133424445767153,1.0909090909090908,True,False
T4-E023,ridge,val_cold,hyunju kim,김현주,1449000.0,14.805959119148785,2692441.9264602526,0.8581379754729141,mixed_media,canvas,7.855792709168872,1.0,True,False
T4-E023,ridge,val_cold,hyunju kim,김현주,1159200.0,14.645799488178465,2293981.445072126,0.9789349940235732,mixed_media,canvas,7.6326491578546625,1.25,True,False
T4-E023,ridge,val_cold,hyunju kim,김현주,1449000.0,14.597211608847767,2185186.218738912,0.5080650232842734,oil,canvas,7.77783116769916,1.081081081081081,True,False
T4-E023,ridge,val_cold,hyunju kim,김현주,634800.0,13.666650868844243,861690.010900938,0.3574196769075897,oil,canvas,6.54645938918511,1.3333333333333337,True,False
T4-E023,ridge,val_cold,hyunju kim,김현주,4485000.0,15.956700005506493,8509553.278908947,0.8973362940711143,oil,canvas,9.542191662739102,1.35,True,False
T4-E023,ridge,val_cold,hyunju kim,김현주,1159200.0,14.493268060385251,1969456.2756004108,0.6989788436856545,oil,canvas,7.6326491578546625,1.25,True,False
T4-E023,ridge,val_cold,hyunju kim,김현주,745200.0,13.872675217190302,1058830.1421941456,0.4208670721875276,oil,canvas,6.834141461636891,1.0,True,False
T4-E023,ridge,val_cold,hyunju kim,김현주,910800.0,13.935294171511586,1127252.902929789,0.23765140857464748,oil,canvas,6.901280764474519,1.2727272727272727,True,False
T4-E023,ridge,val_cold,hyunju kim,김현주,745200.0,13.872675217190302,1058830.1421941456,0.4208670721875276,oil,canvas,6.834141461636891,1.0,True,False
T4-E023,ridge,val_cold,hyunju kim,김현주,745200.0,13.872675217190302,1058830.1421941456,0.4208670721875276,oil,canvas,6.834141461636891,1.0,True,False
T4-E023,ridge,val_cold,hyunju kim,김현주,848700.0,14.106347860126368,1337546.9502493453,0.5759949926350245,oil,canvas,7.121823534088672,1.3333333333333333,True,False
T4-E023,ridge,val_cold,hyunju kim,김현주,4126200.0,15.89425136157442,7994396.059119154,0.9374717801170941,oil,unknown,9.290877234458195,1.05,True,False
T4-E023,ridge,val_cold,hyunju kim,김현주,1304100.0,14.493268060385251,1969456.2756004108,0.5102034166094708,oil,canvas,7.6326491578546625,1.25,True,False
T4-E023,ridge,val_cold,hyunju kim,김현주,1186800.0,14.493268060385251,1969456.2756004108,0.6594677077859882,oil,canvas,7.6326491578546625,1.25,True,False
T4-E023,ridge,val_cold,hyunju kim,김현주,1545600.0,14.493268060385251,1969456.2756004108,0.2742341327642409,oil,canvas,7.6326491578546625,1.25,True,False
T4-E023,ridge,val_cold,hyunju kim,김현주,1449000.0,14.65342769135557,2311547.314450959,0.5952707484133604,oil,canvas,7.855792709168872,1.0,True,False
T4-E023,ridge,val_cold,hyunju kim,김현주,1614600.0,14.80105348961392,2679266.1479920377,0.6593993236665662,oil,canvas,8.038114265962827,1.2000000000000002,True,False
T4-E023,ridge,val_cold,hyunju kim,김현주,3187800.0,15.562820788246603,5739144.918214543,0.8003466083865183,oil,unknown,8.849044482179156,1.2,True,False
T4-E023,ridge,val_cold,hyunju kim,김현주,1304100.0,14.493268060385251,1969456.2756004108,0.5102034166094708,oil,canvas,7.6326491578546625,1.25,True,False
T4-E023,ridge,val_cold,hyunju kim,김현주,4167600.0,15.506818436937476,5426573.367151851,0.3020859408656903,oil,canvas,8.954404997836981,1.3333333333333333,True,False
T4-E023,ridge,val_cold,hyunju kim,김현주,931500.0,13.935294171511586,1127252.902929789,0.2101480439396553,oil,canvas,6.901280764474519,1.2727272727272727,True,False
T4-E023,ridge,val_cold,hyunju kim,김현주,2290800.0,15.104295261090193,3628374.3232366457,0.5838896120292674,oil,canvas,8.421106518218933,1.4545454545454546,True,False
T4-E023,ridge,val_cold,hyunju kim,김현주,1186800.0,14.492393319836141,1967734.2656022331,0.6580167387952757,oil,canvas,7.6450716778532195,1.0,True,False
T4-E023,ridge,val_cold,hyunju kim,김현주,2166600.0,15.378230935821952,4771784.661782975,1.202429918666563,acrylic,canvas,8.625900930864946,1.5,True,False
T4-E023,ridge,val_cold,hyunju kim,김현주,3594900.0,15.657209064654825,6307242.061054999,0.7544972213566439,oil,canvas,9.136726554630936,1.6,True,False
T4-E023,ridge,val_cold,hyunju kim,김현주,1211640.0,14.14034565545438,1383802.4346702856,0.14209041849912973,oil,canvas,7.168778259715252,1.2878740157480315,True,False
T4-E023,ridge,val_cold,hyunju kim,김현주,2346000.0,15.061946054275534,3477923.7643942796,0.48249094816465454,oil,canvas,8.378859796181555,1.2118785452118783,True,False
T4-E023,ridge,val_cold,hyunju kim,김현주,924600.0,13.935294171511586,1127252.902929789,0.2191789994914438,oil,canvas,6.901280764474519,1.2727272727272727,True,False
T4-E023,ridge,val_cold,hyunju kim,김현주,966000.0,13.935294171511586,1127252.902929789,0.1669284709418105,oil,canvas,6.901280764474519,1.2727272727272727,True,False
T4-E023,ridge,val_cold,hyunju kim,김현주,6679200.0,16.268489767576135,11622922.311549855,0.7401668330862761,oil,canvas,9.955823921482216,1.2460592079969242,True,False
T4-E023,ridge,val_cold,hyunju kim,김현주,966000.0,13.935294171511586,1127252.902929789,0.1669284709418105,oil,canvas,6.901280764474519,1.2727272727272727,True,False
T4-E023,ridge,val_cold,sori choi,최소리,11205600.0,14.784867566843669,2636248.829685969,0.7647382710710744,oil,unknown,7.814641930780998,1.5024630541871922,True,False
T4-E023,ridge,val_cold,hyunju kim,김현주,1731900.0,14.60930375192197,2211770.2079150314,0.27707731850281847,oil,canvas,7.789615050102834,1.155511811023622,True,False
T4-E023,ridge,val_cold,hyunju kim,김현주,1731900.0,14.60930375192197,2211770.2079150314,0.27707731850281847,oil,canvas,7.789615050102834,1.155511811023622,True,False
T4-E023,ridge,val_cold,hyunju kim,김현주,966000.0,13.935294171511586,1127252.902929789,0.1669284709418105,oil,canvas,6.901280764474519,1.2727272727272727,True,False
T4-E023,ridge,val_cold,hyunju kim,김현주,1738800.0,14.916598842052181,3007437.1896836823,0.729605009019831,acrylic,canvas,8.038114265962827,1.2000000000000002,True,False
T4-E023,ridge,val_cold,junsoo kim,김준수,731400.0,13.94236961776927,1135257.0031620997,0.5521698156441068,oil,canvas,6.888208682907167,1.6842105263157896,True,False
T4-E023,ridge,val_cold,junsoo kim,김준수,731400.0,13.94236961776927,1135257.0031620997,0.5521698156441068,oil,canvas,6.888208682907167,1.6842105263157896,True,False
T4-E023,ridge,val_cold,hyunju kim,김현주,993600.0,14.07891547060663,1301353.5467881693,0.3097358562682863,oil,canvas,7.086071826422209,1.3306639973306642,True,False
T4-E023,ridge,val_cold,hyunju kim,김현주,993600.0,14.07891547060663,1301353.5467881693,0.3097358562682863,oil,canvas,7.086071826422209,1.3306639973306642,True,False
T4-E023,ridge,val_cold,hyunju kim,김현주,993600.0,14.07891547060663,1301353.5467881693,0.3097358562682863,oil,canvas,7.086071826422209,1.3306639973306642,True,False
T4-E023,ridge,val_cold,hyunju kim,김현주,938400.0,13.935294171511586,1127252.902929789,0.20124989655774608,oil,canvas,6.901280764474519,1.2727272727272727,True,False
T4-E023,ridge,val_cold,hyunju kim,김현주,966000.0,13.935294171511586,1127252.902929789,0.1669284709418105,oil,canvas,6.901280764474519,1.2727272727272727,True,False
T4-E023,ridge,val_cold,hyunju kim,김현주,4650600.0,15.458139909756866,5168742.102170134,0.11141403306457962,oil,canvas,8.888038034463706,1.3825113966017406,True,False
T4-E023,ridge,val_cold,hyunju kim,김현주,1849200.0,14.80105348961392,2679266.1479920377,0.4488785139476734,oil,canvas,8.038114265962827,1.2000000000000002,True,False
T4-E023,ridge,val_cold,hyunju kim,김현주,1683600.0,14.589556278772893,2168521.764292722,0.2880267072301747,oil,canvas,7.765282016997596,1.1277340332458443,True,False
T4-E023,ridge,val_cold,hyunju kim,김현주,938400.0,13.872675217190302,1058830.1421941456,0.128335616148919,oil,canvas,6.834141461636891,1.0,True,False
T4-E023,ridge,val_cold,hyunju kim,김현주,855600.0,13.872675217190302,1058830.1421941456,0.2375293854536531,oil,canvas,6.834141461636891,1.0,True,False
T4-E023,ridge,val_cold,hyunju kim,김현주,1849200.0,14.80105348961392,2679266.1479920377,0.4488785139476734,oil,canvas,8.038114265962827,1.2000000000000002,True,False
T4-E023,ridge,val_cold,hyunju kim,김현주,2049300.0,14.589556278772893,2168521.764292722,0.058176823448359,oil,canvas,7.765282016997596,1.1277340332458443,True,False
T4-E023,ridge,val_cold,hyunju kim,김현주,1697400.0,14.65342769135557,2311547.314450959,0.3618164925479906,oil,canvas,7.855792709168872,1.0,True,False
T4-E023,ridge,val_cold,hyunju kim,김현주,3988200.0,15.526188188689721,5532709.341491497,0.3872697812274954,oil,canvas,8.997840772290761,1.0,True,False
T4-E023,ridge,val_cold,hyunju kim,김현주,1932000.0,14.6303889011935,2258900.8450504323,0.1692033359474287,oil,canvas,7.825645371197421,1.0,True,False
T4-E023,ridge,val_cold,hyunju kim,김현주,1932000.0,14.6303889011935,2258900.8450504323,0.1692033359474287,oil,canvas,7.825645371197421,1.0,True,False
T4-E023,ridge,val_cold,hyunju kim,김현주,1683600.0,14.60930375192197,2211770.2079150314,0.3137147825582272,oil,canvas,7.789615050102834,1.155511811023622,True,False
T4-E023,ridge,val_cold,byung taek jeon,전병택,15814800.0,16.213207496768067,10997818.5423954,0.30458693487142424,oil,canvas,9.842569137566713,2.0,True,False
T4-E023,ridge,val_cold,hyunju kim,김현주,966000.0,13.935294171511586,1127252.902929789,0.1669284709418105,oil,canvas,6.901280764474519,1.2727272727272727,True,False
T4-E023,ridge,val_cold,hyunju kim,김현주,2387400.0,14.80105348961392,2679266.1479920377,0.12225272178605918,oil,canvas,8.038114265962827,1.2000000000000002,True,False
T4-E023,ridge,val_cold,hyunju kim,김현주,1159200.0,14.14034565545438,1383802.4346702856,0.19375641362170942,oil,canvas,7.168778259715252,1.2878740157480315,True,False
T4-E023,ridge,val_cold,hyunju kim,김현주,1159200.0,14.14034565545438,1383802.4346702856,0.19375641362170942,oil,canvas,7.168778259715252,1.2878740157480315,True,False
T4-E023,ridge,val_cold,hyunju kim,김현주,1090200.0,14.14034565545438,1383802.4346702856,0.2693106170154885,oil,canvas,7.168778259715252,1.2878740157480315,True,False
T4-E023,ridge,val_cold,hyunju kim,김현주,7507200.0,16.268489767576135,11622922.311549855,0.5482366676723486,oil,canvas,9.955823921482216,1.2460592079969242,True,False
T4-E023,ridge,val_cold,hyunju kim,김현주,1035000.0,13.935294171511586,1127252.902929789,0.08913323954568977,oil,canvas,6.901280764474519,1.2727272727272727,True,False
T4-E023,ridge,val_cold,hyunju kim,김현주,1821600.0,14.589556278772893,2168521.764292722,0.1904489263794039,oil,canvas,7.765282016997596,1.1277340332458443,True,False
T4-E023,ridge,val_cold,bareum kim,김바름,2758302.0,14.71822561068,2466290.136969509,0.10586653057949816,oil,canvas,7.940583827104244,1.0,True,False
T4-E023,ridge,val_cold,bareum kim,김바름,2758302.0,14.720818827650525,2472694.062201989,0.10354483946935873,oil,canvas,7.94397717319116,1.0,True,False
T4-E023,ridge,val_cold,bareum kim,김바름,2242527.0,14.753583985358167,2555054.1761255325,0.13936384093726964,oil,canvas,7.824046010856292,4.0,True,False
T4-E023,ridge,val_cold,bareum kim,김바름,7235878.0,15.551678141760059,5675550.617640854,0.21563760228670883,oil,canvas,8.922658299524402,3.0,True,False
T4-E023,ridge,val_cold,bareum kim,김바름,1499618.0,14.353670075295653,1712851.485894165,0.14219186879202902,oil,canvas,7.452663438045286,1.200527704485488,True,False
T4-E023,ridge,val_cold,bareum kim,김바름,3645532.0,14.975167883682387,3188840.355290147,0.12527434808139196,oil,canvas,8.256633298091595,1.3716981132075472,True,False
T4-E023,ridge,val_cold,bareum kim,김바름,17744688.0,16.062797010829236,9462025.317090994,0.4667685722571739,oil,canvas,9.663541120184696,1.672164948453608,True,False
T4-E023,ridge,val_cold,bareum kim,김바름,2772102.0,14.859291165668981,2839933.41849021,0.024469308304748555,oil,canvas,8.070906088787819,2.0,True,False
T4-E023,ridge,val_cold,bareum kim,김바름,17813688.0,16.164021309968348,10469965.733019523,0.41225164979764306,oil,canvas,9.808221471759428,1.446922390722569,True,False
T4-E023,ridge,val_cold,bareum kim,김바름,1141963.0,13.949700409649644,1143609.9153058326,0.0014421792175689,oil,canvas,6.897482696211397,1.6900826446280992,True,False
T4-E023,ridge,val_cold,bareum kim,김바름,1141260.0,13.949700409649644,1143609.9153058326,0.002059053419757666,oil,canvas,6.897482696211397,1.6900826446280992,True,False
T4-E023,ridge,val_cold,bareum kim,김바름,5406205.0,15.197069193361472,3981101.880583495,0.2636050833101048,oil,canvas,8.567173123721258,1.0,True,False
T4-E023,ridge,val_cold,bareum kim,김바름,3645532.0,15.03795308361075,3395471.1386265317,0.06859379135156907,oil,canvas,8.304693591730816,2.0,True,False
T4-E023,ridge,val_cold,bareum kim,김바름,1843472.0,14.48502100037906,1953280.8430768389,0.05956632000748527,oil,canvas,7.63542465191381,1.0,True,False
T4-E023,ridge,val_cold,byung taek jeon,전병택,8666400.0,15.588763836766532,5889983.98592908,0.32036555133283945,oil,canvas,9.0468044549336,1.6066024759284732,True,False
T4-E023,ridge,val_cold,byung taek jeon,전병택,10046400.0,15.657735147005122,6310561.062739922,0.371858470423244,oil,canvas,9.145376160245226,1.4533001245330013,True,False
T4-E023,ridge,val_cold,byung taek jeon,전병택,1311000.0,13.932659233630494,1124286.5713202953,0.14242061684187998,oil,canvas,6.91263336176647,1.0,True,False
T4-E023,ridge,val_cold,hyunju kim,김현주,15525000.0,16.836245718458102,20506361.611035362,0.32086065127441943,oil,canvas,10.70763642734394,1.08248031496063,True,False
T4-E023,ridge,val_cold,hyunju kim,김현주,2056200.0,14.484012923238689,1951312.7774578545,0.05101022397731034,oil,canvas,7.6341055356738385,1.0,True,False
T4-E023,ridge,val_cold,sori choi,최소리,11247000.0,15.049878475452669,3436205.8684939775,0.6944780058243106,oil,unknown,8.1886891244442,1.0,True,False
T4-E023,ridge,val_cold,hyunju kim,김현주,2746200.0,15.262685583383691,4251088.319875254,0.5479893379488946,oil,canvas,8.625900930864946,1.5,True,False
T4-E023,ridge,val_cold,hyunju kim,김현주,2746200.0,15.239429199059979,4153364.1362476097,0.5124040988448073,oil,canvas,8.59773005389825,1.4583333333333337,True,False
T4-E023,ridge,val_cold,junsoo kim,김준수,5188800.0,15.674146720903586,6414981.812677816,0.23631317697306034,oil,canvas,9.191451454320184,1.0,True,False
T4-E023,ridge,val_cold,byung taek jeon,전병택,16311600.0,16.164021309968348,10469965.733019523,0.35812760654874304,oil,canvas,9.808221471759428,1.446922390722569,True,False
T4-E023,ridge,val_cold,junsoo kim,김준수,745200.0,13.94236961776927,1135257.0031620997,0.523425930169216,oil,canvas,6.888208682907167,1.6842105263157896,True,False
T4-E023,ridge,val_cold,hyunju kim,김현주,1145400.0,14.106347860126368,1337546.9502493453,0.16775532586812056,oil,canvas,7.121823534088672,1.3333333333333333,True,False
T4-E023,ridge,val_cold,hyunju kim,김현주,1145400.0,14.106347860126368,1337546.9502493453,0.16775532586812056,oil,canvas,7.121823534088672,1.3333333333333333,True,False
T4-E023,ridge,val_cold,junsoo kim,김준수,828000.0,13.94236961776927,1135257.0031620997,0.37108333715229436,oil,canvas,6.888208682907167,1.6842105263157896,True,False
T4-E023,ridge,val_cold,junsoo kim,김준수,745200.0,13.872675217190302,1058830.1421941456,0.4208670721875276,oil,canvas,6.834141461636891,1.0,True,False
T4-E023,ridge,val_cold,hyunju kim,김현주,1890600.0,14.60930375192197,2211770.2079150314,0.1698773976065965,oil,canvas,7.789615050102834,1.155511811023622,True,False
T4-E023,ridge,val_cold,dagyeong yun,윤다그영,1117800.0,14.995898027169385,3255635.4170002346,1.9125383941673237,mixed_media,canvas,8.08794755464267,1.3019999999999998,True,False
T4-E023,ridge,val_cold,hyunju kim,김현주,1159200.0,14.106347860126368,1337546.9502493453,0.15385347675064293,oil,canvas,7.121823534088672,1.3333333333333333,True,False
T4-E023,ridge,val_cold,byung taek jeon,전병택,1104000.0,14.205686403071027,1477240.5365645858,0.33808019616357404,oil,canvas,7.269902224176762,1.0,True,False
T4-E023,ridge,val_cold,byung taek jeon,전병택,1324800.0,14.143896298772212,1388724.5567168978,0.04825223182132983,oil,canvas,7.173736072839555,1.2821316614420062,True,False
T4-E023,ridge,val_cold,byung taek jeon,전병택,1407600.0,14.143896298772212,1388724.5567168978,0.013409664168160161,oil,canvas,7.173736072839555,1.2821316614420062,True,False
T4-E023,ridge,val_cold,hyunju kim,김현주,1145400.0,14.106347860126368,1337546.9502493453,0.16775532586812056,oil,canvas,7.121823534088672,1.3333333333333333,True,False
T4-E023,ridge,val_cold,hyunju kim,김현주,1145400.0,14.106347860126368,1337546.9502493453,0.16775532586812056,oil,canvas,7.121823534088672,1.3333333333333333,True,False
T4-E023,ridge,val_cold,hyunju kim,김현주,1145400.0,14.106347860126368,1337546.9502493453,0.16775532586812056,oil,canvas,7.121823534088672,1.3333333333333333,True,False
T4-E023,ridge,val_cold,hyunju kim,김현주,2332200.0,14.80105348961392,2679266.1479920377,0.1488149163845458,oil,canvas,8.038114265962827,1.2000000000000002,True,False
T4-E023,ridge,val_cold,hyunju kim,김현주,1145400.0,14.106347860126368,1337546.9502493453,0.16775532586812056,oil,canvas,7.121823534088672,1.3333333333333333,True,False
T4-E023,ridge,val_cold,jon burr,존부르르,371220.0,13.670810595772075,865281.8714429744,1.330913936326099,acrylic,canvas,6.405228458030842,1.25,True,False
T4-E023,ridge,val_cold,hyunju kim,김현주,7631400.0,15.953506511468282,8482421.417022975,0.11151576604855927,oil,canvas,9.55607213512933,1.0172238248769727,True,False
T4-E023,ridge,val_cold,hyunju kim,김현주,1504200.0,14.361356498331796,1726067.9154771995,0.14749894660098356,oil,canvas,7.4627501210592655,1.2,True,False
T4-E023,ridge,val_cold,byung taek jeon,전병택,4857600.0,15.201279699887236,3997899.6748261168,0.17698046878579612,oil,canvas,8.572682769078947,1.0,True,False
T4-E023,ridge,val_cold,hyunju kim,김현주,1145400.0,14.106347860126368,1337546.9502493453,0.16775532586812056,oil,canvas,7.121823534088672,1.3333333333333333,True,False
T4-E023,ridge,val_cold,hyunju kim,김현주,1076400.0,13.935294171511586,1127252.902929789,0.047243499563163247,oil,canvas,6.901280764474519,1.2727272727272727,True,False
T4-E023,ridge,val_cold,hyunju kim,김현주,2056200.0,14.484012923238689,1951312.7774578545,0.05101022397731034,oil,canvas,7.6341055356738385,1.0,True,False
T4-E023,ridge,val_cold,hyunju kim,김현주,1145400.0,14.106347860126368,1337546.9502493453,0.16775532586812056,oil,canvas,7.121823534088672,1.3333333333333333,True,False
T4-E023,ridge,val_cold,eunju park,박은주,4733400.0,15.421098671100902,4980788.0083968565,0.05226433607910941,mixed_media,paper,8.836920540230231,2.052667932999482,True,False
T4-E023,ridge,val_cold,eunju park,박은주,3919200.0,16.224203513771837,11119418.072101759,1.8371652562006937,mixed_media,paper,9.938354378184952,1.121495327102804,True,False
T4-E023,ridge,val_cold,eunju park,박은주,1766400.0,15.31262601909729,4468780.091201797,1.52988003351551,mixed_media,paper,8.714387597032898,1.6950283616950284,True,False
T4-E023,ridge,val_cold,hyunju kim,김현주,1642200.0,14.361356498331796,1726067.9154771995,0.05107046369333789,oil,canvas,7.4627501210592655,1.2,True,False
T4-E023,ridge,val_cold,hyunju kim,김현주,869400.0,13.872675217190302,1058830.1421941456,0.21788606187502368,oil,canvas,6.834141461636891,1.0,True,False
T4-E023,ridge,val_cold,junsoo kim,김준수,745200.0,13.94236961776927,1135257.0031620997,0.523425930169216,oil,canvas,6.888208682907167,1.6842105263157896,True,False
T4-E023,ridge,val_cold,hyunju kim,김현주,1021200.0,13.835062759028553,1019744.5972245729,0.0014251887734303699,oil,panel,6.901280764474519,1.2727272727272727,True,False
T4-E023,ridge,val_cold,hyunju kim,김현주,1821600.0,14.589556278772893,2168521.764292722,0.1904489263794039,oil,canvas,7.765282016997596,1.1277340332458443,True,False
T4-E023,ridge,val_cold,hyunju kim,김현주,1145400.0,14.106347860126368,1337546.9502493453,0.16775532586812056,oil,canvas,7.121823534088672,1.3333333333333333,True,False
T4-E023,ridge,val_cold,hyunju kim,김현주,1145400.0,14.106347860126368,1337546.9502493453,0.16775532586812056,oil,canvas,7.121823534088672,1.3333333333333333,True,False
T4-E023,ridge,val_cold,hyunju kim,김현주,2056200.0,14.484012923238689,1951312.7774578545,0.05101022397731034,oil,canvas,7.6341055356738385,1.0,True,False
T4-E023,ridge,val_cold,hyunju kim,김현주,2704800.0,15.053382537753027,3448267.6682412373,0.27486973833231193,oil,canvas,8.368342123803876,1.1991991991991993,True,False
T4-E023,ridge,val_cold,hyunju kim,김현주,1145400.0,14.106347860126368,1337546.9502493453,0.16775532586812056,oil,canvas,7.121823534088672,1.3333333333333333,True,False
T4-E023,ridge,val_cold,hyunju kim,김현주,1007400.0,13.935294171511586,1127252.902929789,0.11897250638255799,oil,canvas,6.901280764474519,1.2727272727272727,True,False
T4-E023,ridge,val_cold,hyunju kim,김현주,1007400.0,13.935294171511586,1127252.902929789,0.11897250638255799,oil,canvas,6.901280764474519,1.2727272727272727,True,False
T4-E023,ridge,val_cold,hyunju kim,김현주,1959600.0,14.60930375192197,2211770.2079150314,0.12868453149368816,oil,canvas,7.789615050102834,1.155511811023622,True,False
T4-E023,ridge,val_cold,hyunju kim,김현주,2111400.0,14.726065962772207,2485702.72131034,0.17727703007972903,oil,canvas,7.932753750305,1.3333333333333337,True,False
T4-E023,ridge,val_cold,hyunju kim,김현주,1007400.0,13.935294171511586,1127252.902929789,0.11897250638255799,oil,canvas,6.901280764474519,1.2727272727272727,True,False
T4-E023,ridge,val_cold,sori choi,최소리,16918800.0,15.7694336032923,7056315.59811344,0.5829304916357283,oil,metal,8.914894908906568,2.0,True,False
T4-E023,ridge,val_cold,sori choi,최소리,11247000.0,15.198253614443308,3985819.975133556,0.6456103872024934,oil,metal,8.221747728346623,1.0,True,False
T4-E023,ridge,val_cold,hyunju kim,김현주,5409600.0,15.744760236517209,6884342.833138378,0.27261587421221134,oil,canvas,9.268509275099824,1.2827282728272826,True,False
T4-E023,ridge,val_cold,hyunju kim,김현주,1435200.0,14.258866641698852,1557926.9880444398,0.08551211541557958,oil,canvas,7.318605859366639,1.384848484848485,True,False
T4-E023,ridge,val_cold,hyunju kim,김현주,2097600.0,14.608459422323763,2209903.533019383,0.05353906036393162,oil,canvas,7.788004239509027,1.164835164835165,True,False
T4-E023,ridge,val_cold,erica choi,최어이카,1269600.0,14.724004774762024,2480584.497287354,0.9538315196025158,acrylic,canvas,7.788004239509027,1.164835164835165,True,False
T4-E023,ridge,val_cold,hyunju kim,김현주,8183400.0,16.07135909163924,9543387.761342645,0.1661885965909823,oil,canvas,9.69523261371567,1.2946428571428572,True,False
T4-E023,ridge,val_cold,hyunju kim,김현주,8583600.0,16.07135909163924,9543387.761342645,0.11181645945088829,oil,canvas,9.69523261371567,1.2946428571428572,True,False
T4-E023,ridge,val_cold,hyeyune choi,최혜윤,4981800.0,15.025235898714024,3352563.713446642,0.3270376744456538,mixed_media,fabric,8.480321716640333,1.2950819672131149,True,False
T4-E023,ridge,val_cold,hyeyune choi,최혜윤,1462800.0,14.922951843292855,3026604.2616307153,1.0690485791842461,mixed_media,fabric,8.333270353255308,1.5384615384615383,True,False
T4-E023,ridge,val_cold,hyeyune choi,최혜윤,2277000.0,15.057881037440136,3463814.642078342,0.5212185516373922,mixed_media,fabric,8.523423741166873,1.288,True,False
T4-E023,ridge,val_cold,hyeyune choi,최혜윤,4388400.0,15.602236073166509,5969872.170520972,0.3603755743598971,mixed_media,fabric,9.23824732522919,1.2417582417582418,True,False
T4-E023,ridge,val_cold,hyeyune choi,최혜윤,661020.0,13.814960574827133,999450.1680758613,0.5119817374298226,mixed_media,fabric,6.91263336176647,1.0,True,False
T4-E023,ridge,val_cold,hyunju kim,김현주,1242000.0,14.141664115593116,1385628.1263066353,0.1156426137734584,oil,canvas,7.170596352834887,1.2861635220125784,True,False
T4-E023,ridge,val_cold,hyunju kim,김현주,1242000.0,14.141664115593116,1385628.1263066353,0.1156426137734584,oil,canvas,7.170596352834887,1.2861635220125784,True,False
T4-E023,ridge,val_cold,bareum kim,김바름,11237436.0,16.089582680533272,9718896.882420292,0.1351321705039929,oil,canvas,9.735068900911164,1.0,True,False
T4-E023,ridge,val_cold,junsoo kim,김준수,772800.0,13.659704403568245,855725.0528343442,0.10730467499268144,mixed_media,canvas,6.340359303727752,1.2857142857142858,True,False
T4-E023,ridge,val_cold,junsoo kim,김준수,772800.0,13.659704403568245,855725.0528343442,0.10730467499268144,mixed_media,canvas,6.340359303727752,1.2857142857142858,True,False
T4-E023,ridge,val_cold,erica choi,최어이카,4554000.0,15.643092734549928,6218832.4279686725,0.3655758515521898,acrylic,canvas,8.99961934066053,1.0,True,False
T4-E023,ridge,val_cold,eunja cho,조은자,848700.0,14.291956858007056,1610341.5511085298,0.8974214105202425,mixed_media,canvas,7.167446743931991,1.2902208201892744,True,False
T4-E023,ridge,val_cold,eunja cho,조은자,992220.0,14.291956858007056,1610341.5511085298,0.6229682440472172,mixed_media,canvas,7.167446743931991,1.2902208201892744,True,False
T4-E023,ridge,val_cold,eunja cho,조은자,545100.0,13.929179850560567,1120381.5451388438,1.0553688224891649,mixed_media,canvas,6.687769237483008,1.3817427385892114,True,False
T4-E023,ridge,val_cold,eunja cho,조은자,545100.0,13.929179850560567,1120381.5451388438,1.0553688224891649,mixed_media,canvas,6.687769237483008,1.3817427385892114,True,False
T4-E023,ridge,val_cold,jeongrock heo,허정록,558900.0,14.141664115593116,1385628.1263066353,1.4792058083854631,oil,canvas,7.170596352834887,1.2861635220125784,True,False
T4-E023,ridge,val_cold,eunja cho,조은자,1504200.0,14.291956858007056,1610341.5511085298,0.07056345639444873,mixed_media,canvas,7.167446743931991,1.2902208201892744,True,False
T4-E023,ridge,val_cold,eunja cho,조은자,1545600.0,14.681881181644394,2378263.5574327796,0.5387315977178957,mixed_media,canvas,7.677641253760972,1.2909535452322738,True,False
T4-E023,ridge,val_cold,eunja cho,조은자,3146400.0,15.29591904768878,4394740.520651563,0.3967520088518825,mixed_media,canvas,8.47844612607412,1.340567612687813,True,False
T4-E023,ridge,val_cold,eunja cho,조은자,1269600.0,14.08519066142371,1309545.4646568664,0.031463031393247,mixed_media,canvas,6.91263336176647,1.0,True,False
T4-E023,ridge,val_cold,eunja cho,조은자,821100.0,13.426405565406355,677663.1166947231,0.17468868993457173,mixed_media,canvas,6.050582151591071,1.0,True,False
T4-E023,ridge,val_cold,erica choi,최어이카,7424400.0,15.93973354768266,8366394.18758498,0.1268781568321993,acrylic,canvas,9.362960166310268,1.4574944071588367,True,False
T4-E023,ridge,val_cold,jeongrock heo,허정록,717600.0,14.353670075295653,1712851.485894165,1.3869167863631062,oil,canvas,7.452663438045286,1.200527704485488,True,False
T4-E023,ridge,val_cold,erica choi,최어이카,485760.0,13.489914743859249,722096.9898746384,0.48653036453112314,acrylic,canvas,6.182084906716632,1.0,True,False
T4-E023,ridge,val_cold,jeongrock heo,허정록,442980.0,13.782038897893182,967082.3178871868,1.1831286240624561,oil,canvas,6.694908533145296,1.3801652892561984,True,False
T4-E023,ridge,val_cold,taerin kim,김태린,2539200.0,15.223028661898018,4085802.2731858334,0.6090903722376471,mixed_media,canvas,8.390908619896203,1.1960461285008237,True,False
T4-E023,ridge,val_cold,jeongrock heo,허정록,471960.0,14.141664115593116,1385628.1263066353,1.9359016151933115,oil,canvas,7.170596352834887,1.2861635220125784,True,False
T4-E023,ridge,val_cold,hyeyune choi,최혜윤,2325300.0,14.276551245542656,1585723.3692118758,0.3180564360676576,mixed_media,fabric,7.495541943884256,1.3888888888888888,True,False
T4-E023,ridge,val_cold,hyunju kim,김현주,1035000.0,14.841611315210468,2790165.065224743,1.695811657221974,acrylic,canvas,7.932753750305,1.3333333333333337,True,False
T4-E023,ridge,val_cold,hyunju kim,김현주,538200.0,14.050839523949847,1265324.949143504,1.3510311206679748,acrylic,canvas,6.901280764474519,1.2727272727272727,True,False
T4-E023,ridge,val_cold,hyunju kim,김현주,538200.0,14.050839523949847,1265324.949143504,1.3510311206679748,acrylic,canvas,6.901280764474519,1.2727272727272727,True,False
T4-E023,ridge,val_cold,hyunju kim,김현주,193200.0,12.923866086542768,409980.99606397364,1.1220548450516235,acrylic,canvas,5.419676223550304,1.4,True,False
T4-E023,ridge,val_cold,hyunju kim,김현주,524400.0,12.808320734104505,365243.9385408387,0.30350126136377054,oil,canvas,5.419676223550304,1.4,True,False
T4-E023,ridge,val_cold,hyunju kim,김현주,600300.0,13.988220569628563,1188521.3977638022,0.9798790567446314,acrylic,canvas,6.834141461636891,1.0,True,False
T4-E023,ridge,val_cold,hyunju kim,김현주,655500.0,14.025206644983516,1233303.18614764,0.8814693915295805,mixed_media,canvas,6.834141461636891,1.0,True,False
T4-E023,ridge,val_cold,hyunju kim,김현주,538200.0,13.782196221282506,967234.4745237771,0.7971655045034878,acrylic,canvas,6.54645938918511,1.3333333333333337,True,False
T4-E023,ridge,val_cold,hyunju kim,김현주,1738800.0,15.099568316059258,3611263.6696784943,1.0768712155960976,acrylic,canvas,8.261257817277038,1.5000000000000002,True,False
T4-E023,ridge,val_cold,hyunju kim,김현주,1035000.0,14.726065962772207,2485702.72131034,1.4016451413626472,oil,canvas,7.932753750305,1.3333333333333337,True,False
T4-E023,ridge,val_cold,hyunju kim,김현주,883200.0,14.493268060385251,1969456.2756004108,1.2299097323374215,oil,canvas,7.6326491578546625,1.25,True,False
T4-E023,ridge,val_cold,hyunju kim,김현주,1738800.0,15.11298616303109,3660045.5952959657,1.1049261532643004,oil,canvas,8.44357937407099,1.25,True,False
T4-E023,ridge,val_cold,hyunju kim,김현주,1738800.0,15.136554391414212,3747330.925815453,1.1551247560475344,mixed_media,canvas,8.261257817277038,1.5000000000000002,True,False
T4-E023,ridge,val_cold,hyunju kim,김현주,1738800.0,15.11298616303109,3660045.5952959657,1.1049261532643004,oil,canvas,8.44357937407099,1.25,True,False
T4-E023,ridge,val_cold,hyunju kim,김현주,966000.0,14.327686148427652,1668918.1305210001,0.7276585202080746,acrylic,panel,7.409505606540453,1.0,True,False
T4-E023,ridge,val_cold,hyunju kim,김현주,800400.0,13.988220569628563,1188521.3977638022,0.48490929255847354,acrylic,canvas,6.834141461636891,1.0,True,False
T4-E023,ridge,val_cold,hyunju kim,김현주,1311000.0,14.642967480737852,2287494.063044017,0.744846730010692,oil,canvas,7.814970714648617,1.5,True,False
T4-E023,ridge,val_cold,hyunju kim,김현주,2290800.0,15.11298616303109,3660045.5952959657,0.5977150319957943,oil,canvas,8.44357937407099,1.25,True,False
T4-E023,ridge,val_cold,hyunju kim,김현주,2263200.0,15.239429199059979,4153364.1362476097,0.835173266281199,oil,canvas,8.59773005389825,1.4583333333333337,True,False
T4-E023,ridge,val_cold,hyunju kim,김현주,1738800.0,14.932090311118266,3054389.5514183654,0.7566077475375923,oil,canvas,8.220435822756782,1.0,True,False
T4-E023,ridge,val_cold,hyunju kim,김현주,1449000.0,14.916598842052181,3007437.1896836823,1.0755260108237974,acrylic,canvas,8.038114265962827,1.2000000000000002,True,False
T4-E023,ridge,val_cold,hyunju kim,김현주,2014800.0,15.012754750548057,3310979.9155967436,0.6433293208242722,oil,panel,8.44357937407099,1.25,True,False
T4-E023,ridge,val_cold,hyunju kim,김현주,1159200.0,14.493268060385251,1969456.2756004108,0.6989788436856545,oil,canvas,7.6326491578546625,1.25,True,False
T4-E023,ridge,val_cold,hyunju kim,김현주,1186800.0,14.492393319836141,1967734.2656022331,0.6580167387952757,oil,canvas,7.6450716778532195,1.0,True,False
T4-E023,ridge,val_cold,hyunju kim,김현주,1449000.0,14.65342769135557,2311547.314450959,0.5952707484133604,oil,canvas,7.855792709168872,1.0,True,False
T4-E023,ridge,val_cold,hyunju kim,김현주,6679200.0,16.268489767576135,11622922.311549855,0.7401668330862761,oil,canvas,9.955823921482216,1.2460592079969242,True,False
T4-E023,ridge,val_cold,hyunju kim,김현주,4319400.0,15.787414301703125,7184340.621191461,0.663272820574955,oil,canvas,9.339667398627627,1.0,True,False
T4-E023,ridge,val_cold,hyunju kim,김현주,6706800.0,16.268489767576135,11622922.311549855,0.7330056527032051,oil,canvas,9.955823921482216,1.2460592079969242,True,False
T4-E023,ridge,val_cold,hyunju kim,김현주,9991200.0,16.699866105676062,17892033.31746112,0.7907792174574748,oil,canvas,10.533653398913332,1.0,True,False
T4-E023,ridge,val_cold,hyunju kim,김현주,1932000.0,14.6303889011935,2258900.8450504323,0.1692033359474287,oil,canvas,7.825645371197421,1.0,True,False
T4-E023,ridge,val_cold,lee k,이크,8790600.0,15.912369474897652,8140559.537750311,0.07394722342612436,mixed_media,canvas,9.285495041864944,1.3332962633451957,True,False
T4-E023,ridge,val_cold,lee k,이크,8790600.0,15.759838047104438,6988930.14281423,0.20495413932902987,oil,canvas,9.285495041864944,1.3332962633451957,True,False
T4-E023,ridge,val_cold,junsoo kim,김준수,8293800.0,16.06859304586647,9517026.788603421,0.14748689245019428,oil,canvas,9.691569063813702,1.2954545454545454,True,False
T4-E023,ridge,val_cold,hyunju kim,김현주,7079400.0,16.06859304586647,9517026.788603421,0.3443267492447695,oil,canvas,9.691569063813702,1.2954545454545454,True,False
T4-E023,ridge,val_cold,hyunju kim,김현주,1145400.0,14.106347860126368,1337546.9502493453,0.16775532586812056,oil,canvas,7.121823534088672,1.3333333333333333,True,False
T4-E023,ridge,val_cold,hyunju kim,김현주,2056200.0,14.484012923238689,1951312.7774578545,0.05101022397731034,oil,canvas,7.6341055356738385,1.0,True,False
T4-E023,ridge,val_cold,hyunju kim,김현주,2049300.0,14.60930375192197,2211770.2079150314,0.07928083146197792,oil,canvas,7.789615050102834,1.155511811023622,True,False
T4-E023,ridge,val_cold,hyunju kim,김현주,1173000.0,14.13340686136326,1374233.7504698266,0.17155477448408066,oil,canvas,7.160084747490922,1.280757097791798,True,False
T4-E023,ridge,val_cold,hyunju kim,김현주,2704800.0,15.06813907501941,3499529.451592851,0.2938218913017047,oil,canvas,8.387608286867547,1.2,True,False
T4-E023,ridge,val_cold,hyunju kim,김현주,1173000.0,14.13340686136326,1374233.7504698266,0.17155477448408066,oil,canvas,7.160084747490922,1.280757097791798,True,False
T4-E023,ridge,val_cold,hyunju kim,김현주,5409600.0,15.653686253721494,6285061.930903957,0.16183487335550822,oil,canvas,9.139917907679637,1.45625,True,False
T4-E023,ridge,val_cold,hyunju kim,김현주,1173000.0,14.143660727024278,1388397.450975621,0.1836295404736751,oil,canvas,7.173038356490439,1.2893081761006289,True,False
T4-E023,ridge,val_cold,hyunju kim,김현주,676200.0,13.872675217190302,1058830.1421941456,0.5658535081250304,oil,canvas,6.834141461636891,1.0,True,False
T4-E023,ridge,val_cold,hyunju kim,김현주,952200.0,14.608813412823512,2210685.9563524756,1.3216613698303672,acrylic,canvas,7.6326491578546625,1.25,True,False
T4-E023,ridge,val_cold,hyunju kim,김현주,1380000.0,14.730411589808552,2496528.1628901293,0.8090783789058907,oil,canvas,7.951102888973197,1.1,True,False
T4-E023,ridge,val_cold,hyunju kim,김현주,1242000.0,14.841611315210468,2790165.065224743,1.2465097143516448,acrylic,canvas,7.932753750305,1.3333333333333337,True,False
T4-E023,ridge,val_cold,hyunju kim,김현주,772800.0,13.935294171511586,1127252.902929789,0.4586605886772631,oil,canvas,6.901280764474519,1.2727272727272727,True,False
T4-E023,ridge,val_cold,hyunju kim,김현주,814200.0,13.872675217190302,1058830.1421941456,0.3004546084428219,oil,canvas,6.834141461636891,1.0,True,False
T4-E023,ridge,val_cold,eunju park,박은주,6624000.0,15.694060469814493,6544008.589331354,0.012075997987416362,mixed_media,panel,9.092716613634494,2.0384615384615383,True,False
T4-E023,ridge,val_cold,hyeyune choi,최혜윤,3036000.0,15.764240692777207,7019767.759603649,1.3121764689076578,mixed_media,fabric,9.367344120785848,2.769230769230769,True,False
T4-E023,ridge,val_cold,hyeyune choi,최혜윤,29449200.0,15.709298568912448,6644490.472848636,0.7743745000594707,mixed_media,fabric,9.367344120785848,1.4444444444444444,True,False
T4-E023,ridge,val_cold,hyeyune choi,최혜윤,4678200.0,15.501460688664817,5397576.900315652,0.15377215602489241,mixed_media,fabric,9.106090350602384,1.2470588235294118,True,False
T4-E023,ridge,val_cold,eunja cho,조은자,4567800.0,15.220670502812624,4076178.652907667,0.1076275990832201,mixed_media,canvas,8.387608286867547,1.2,True,False
T4-E023,ridge,val_cold,eunsil kim,김은실,2297700.0,14.294195543386332,1613950.6374917869,0.29757991143674684,mixed_media,canvas,7.170596352834887,1.2861635220125784,True,False
T4-E023,ridge,val_cold,erica choi,최어이카,1380000.0,14.76194207636164,2576499.0456934953,0.8670282939807937,acrylic,canvas,7.835974581721566,1.1956521739130437,True,False
T4-E023,ridge,val_cold,erica choi,최어이카,4719600.0,15.497945372437758,5378636.021745143,0.1396381095315585,acrylic,canvas,8.796101385722906,1.250343878954608,True,False
T4-E023,ridge,val_cold,siho im,임시호,5892600.0,15.748341470770438,6909041.476920784,0.17249456554335682,oil,canvas,9.273033441314606,1.2857142857142858,True,False
T4-E023,ridge,val_cold,kipum bae,배킵우므,1807800.0,15.345784908681214,4619443.996239025,1.5552848745652312,mixed_media,unknown,8.356567997081362,1.3636363636363635,True,False
T4-E023,ridge,val_cold,kipum bae,배킵우므,1697400.0,15.020646586552264,3337213.0035659885,0.9660734084870911,mixed_media,unknown,7.932753750305,1.3333333333333337,True,False
T4-E023,ridge,val_cold,kipum bae,배킵우므,1725000.0,15.020646586552264,3337213.0035659885,0.9346162339512977,mixed_media,unknown,7.932753750305,1.3333333333333337,True,False
T4-E023,ridge,val_cold,kipum bae,배킵우므,1600800.0,14.787848684165306,2644119.5226368923,0.6517488272344405,mixed_media,unknown,7.6326491578546625,1.25,True,False
T4-E023,ridge,val_cold,kipum bae,배킵우므,1373100.0,14.400928483906423,1795741.3157190036,0.30780082712038714,mixed_media,unknown,7.121823534088672,1.3333333333333333,True,False
T4-E023,ridge,val_cold,kipum bae,배킵우므,1338600.0,14.400928483906423,1795741.3157190036,0.3415070340049332,mixed_media,unknown,7.121823534088672,1.3333333333333333,True,False
T4-E023,ridge,val_cold,kipum bae,배킵우므,1145400.0,13.728433590237344,916606.5437959149,0.1997498308050333,mixed_media,unknown,6.246354796734772,1.25,True,False
T4-E023,ridge,val_cold,kipum bae,배킵우므,772800.0,13.728433590237344,916606.5437959149,0.1860850721996828,mixed_media,unknown,6.246354796734772,1.25,True,False
T4-E023,ridge,val_cold,kipum bae,배킵우므,1725000.0,15.020646586552264,3337213.0035659885,0.9346162339512977,mixed_media,unknown,7.932753750305,1.3333333333333337,True,False
T4-E023,ridge,val_cold,kipum bae,배킵우므,1414500.0,14.400928483906423,1795741.3157190036,0.2695237297412538,mixed_media,unknown,7.121823534088672,1.3333333333333333,True,False
T4-E023,ridge,val_cold,park sungsu,박성수,28359000.0,16.411655721843147,13411937.436852751,0.527065924861499,oil,unknown,9.957435819363184,1.2432847275518035,True,False
T4-E023,ridge,val_cold,jin choul chai,진초우르차이,1090200.0,13.688254554567544,880508.2306435421,0.19234247785402483,oil,canvas,6.579251212010101,1.25,True,False
T4-E023,ridge,val_cold,jin choul chai,진초우르차이,1393800.0,14.346562726378593,1700720.812270273,0.22020434228029342,oil,canvas,7.444248649496705,1.1842105263157894,True,False
T4-E023,ridge,val_cold,hyunju kim,김현주,2428800.0,14.961671850711229,3146092.7709646053,0.2953280512864811,oil,canvas,8.241055109959518,1.3333333333333333,True,False
T4-E023,ridge,val_cold,hyunju kim,김현주,1048800.0,13.935294171511586,1127252.902929789,0.07480253902535175,oil,canvas,6.901280764474519,1.2727272727272727,True,False
T4-E023,ridge,val_cold,hyunju kim,김현주,1449000.0,14.841611315210468,2790165.065224743,0.9255797551585527,acrylic,canvas,7.932753750305,1.3333333333333337,True,False
T4-E023,ridge,val_cold,etaehoon art,에태훈아트,1683600.0,14.724004774762024,2480584.497287354,0.47338114592976593,acrylic,canvas,7.788004239509027,1.164835164835165,True,False
T4-E023,ridge,val_cold,etaehoon art,에태훈아트,717600.0,13.897584250331443,1085535.802585024,0.5127310515398884,acrylic,canvas,6.694908533145296,1.3801652892561984,True,False
T4-E023,ridge,val_cold,etaehoon art,에태훈아트,1035000.0,14.257209468031377,1555347.3704914954,0.5027510826004786,acrylic,canvas,7.170596352834887,1.2861635220125784,True,False
T4-E023,ridge,val_cold,etaehoon art,에태훈아트,717600.0,13.897584250331443,1085535.802585024,0.5127310515398884,acrylic,canvas,6.694908533145296,1.3801652892561984,True,False
T4-E023,ridge,val_cold,etaehoon art,에태훈아트,717600.0,13.897584250331443,1085535.802585024,0.5127310515398884,acrylic,canvas,6.694908533145296,1.3801652892561984,True,False
T4-E023,ridge,val_cold,etaehoon art,에태훈아트,2001000.0,14.833337981201925,2767176.325589618,0.38289671443759027,acrylic,canvas,7.922007219032173,1.3318681318681318,True,False
T4-E023,ridge,val_cold,etaehoon art,에태훈아트,2470200.0,14.958911951814432,3137421.8439416643,0.2701084300630169,acrylic,canvas,8.08794755464267,1.3019999999999998,True,False
T4-E023,ridge,val_cold,etaehoon art,에태훈아트,1035000.0,14.257209468031377,1555347.3704914954,0.5027510826004786,acrylic,canvas,7.170596352834887,1.2861635220125784,True,False
T4-E023,ridge,val_cold,etaehoon art,에태훈아트,1035000.0,14.257209468031377,1555347.3704914954,0.5027510826004786,acrylic,canvas,7.170596352834887,1.2861635220125784,True,False
T4-E023,ridge,val_cold,etaehoon art,에태훈아트,3256800.0,15.18598475024608,3937217.2509145807,0.20892202496763101,acrylic,canvas,8.390636277614743,1.1996699669966997,True,False
T4-E023,ridge,val_cold,etaehoon art,에태훈아트,1683600.0,14.724004774762024,2480584.497287354,0.47338114592976593,acrylic,canvas,7.788004239509027,1.164835164835165,True,False
T4-E023,ridge,val_cold,etaehoon art,에태훈아트,1035000.0,14.257209468031377,1555347.3704914954,0.5027510826004786,acrylic,canvas,7.170596352834887,1.2861635220125784,True,False
T4-E023,ridge,val_cold,etaehoon art,에태훈아트,3256800.0,15.18598475024608,3937217.2509145807,0.20892202496763101,acrylic,canvas,8.390636277614743,1.1996699669966997,True,False
T4-E023,ridge,val_cold,etaehoon art,에태훈아트,1338600.0,14.205686403071027,1477240.5365645858,0.10357129580500953,oil,canvas,7.269902224176762,1.0,True,False
T4-E023,ridge,val_cold,da rye choi,최다르예,12972000.0,16.090758029615873,9730326.694648791,0.24989772628362697,oil,paper,9.956668065006854,1.2442396313364057,True,False
T4-E023,ridge,val_cold,da rye choi,최다르예,12972000.0,16.217454843795178,11044629.434966657,0.14857929116815777,ink,paper,9.956668065006854,1.2442396313364057,True,False
T4-E023,ridge,val_cold,da rye choi,최다르예,10384500.0,16.20087171228613,10862985.17060556,0.04607686172714726,ink,canvas,9.698674957906642,1.2991071428571428,True,False
T4-E023,ridge,val_cold,da rye choi,최다르예,10384500.0,16.02257033668597,9088953.53337941,0.12475771261212293,ink,paper,9.698674957906642,1.2991071428571428,True,False
T4-E023,ridge,val_cold,sangho lee,이상호,138165600.0,14.453128559074496,1891968.8399257702,0.9863065130544378,oil,canvas,7.562681246721884,1.5714285714285714,True,False
T4-E023,ridge,val_cold,da rye choi,최다르예,5216400.0,15.655118936840081,6294072.886412246,0.20659322260797602,ink,canvas,8.987196820661973,1.25,True,False
T4-E023,ridge,val_cold,da rye choi,최다르예,12972000.0,16.217454843795178,11044629.434966657,0.14857929116815777,ink,paper,9.956668065006854,1.2442396313364057,True,False
T4-E023,ridge,val_cold,da rye choi,최다르예,7845300.0,15.830199500954016,7498394.590203313,0.044218246567586564,ink,paper,9.444550462634185,1.343298969072165,True,False
T4-E023,ridge,val_cold,hyunju kim,김현주,1018440.0,13.593212554420695,800676.7242775382,0.21382042704770213,mixed_media,fabric,6.601230118728877,1.391304347826087,True,False
T4-E023,ridge,val_cold,hyunju kim,김현주,1435200.0,14.492393319836141,1967734.2656022331,0.37105230323455485,oil,canvas,7.6450716778532195,1.0,True,False
T4-E023,ridge,val_cold,hyunju kim,김현주,5837400.0,15.437176455416662,5061515.262448439,0.13291615060670173,mixed_media,fabric,9.017058974945886,1.3375796178343948,True,False
T4-E023,ridge,val_cold,hyunju kim,김현주,3960600.0,15.19587088255859,3976334.1403804375,0.003972665853768996,mixed_media,fabric,8.704170559746386,1.284671532846715,True,False
T4-E023,ridge,val_cold,hyunju kim,김현주,1385520.0,14.490760763520402,1964524.4494149832,0.417896854188307,mixed_media,fabric,7.788004239509027,1.164835164835165,True,False
T4-E023,ridge,val_cold,hyunju kim,김현주,5210880.0,15.342805625912625,4605701.847378972,0.11613741875096491,mixed_media,fabric,8.891511570527564,1.3755158184319118,True,False
T4-E023,ridge,val_cold,hyunju kim,김현주,2677200.0,14.857469224879026,2834763.93862741,0.058854003670779254,mixed_media,fabric,8.256633298091595,1.3716981132075472,True,False
T4-E023,ridge,val_cold,hyunju kim,김현주,1407600.0,14.485633387285862,1954477.373022689,0.3885175994761928,ink,fabric,7.824046010856292,1.0,True,False
T4-E023,ridge,val_cold,hyunju kim,김현주,1449000.0,14.511468000899772,2005628.42972901,0.38414660436784676,mixed_media,fabric,7.824046010856292,1.0,True,False
T4-E023,ridge,val_cold,hyunju kim,김현주,710700.0,13.472294223850184,709484.7092108825,0.0017099912608941248,mixed_media,fabric,6.4256790685021326,1.7105263157894737,True,False
T4-E023,ridge,val_cold,kim jisu,김지수,2139000.0,15.08462173891148,3557689.0148728127,0.6632487213056628,mixed_media,canvas,8.220435822756782,1.0,True,False
T4-E023,ridge,val_cold,kim jisu,김지수,3850200.0,16.01104752160571,8984824.285720335,1.3335993677524116,mixed_media,canvas,9.432707429897413,1.0,True,False
T4-E023,ridge,val_cold,kim jisu,김지수,4278000.0,15.85138138563315,7658918.8207087545,0.7903036046537528,mixed_media,canvas,9.16749821329769,2.0370370370370368,True,False
T4-E023,ridge,val_cold,hyunju kim,김현주,4609200.0,15.744924752403383,6885475.5100694215,0.49385479260379705,oil,canvas,9.26875348668302,1.2821950951281205,True,False
T4-E023,ridge,val_cold,hyunju kim,김현주,814200.0,13.872675217190302,1058830.1421941456,0.3004546084428219,oil,canvas,6.834141461636891,1.0,True,False
T4-E023,ridge,val_cold,byung taek jeon,전병택,15373200.0,16.092871106672177,9750909.363461578,0.36572025580480455,oil,canvas,9.739371960816063,1.0,True,False
T4-E023,ridge,val_cold,youkyoung min,민유경,12640800.0,15.88947982545134,7956341.371400405,0.37058244957594416,painting_material,canvas,9.271322576910975,1.2835164835164834,True,False
T4-E023,ridge,val_cold,byung taek jeon,전병택,1366200.0,14.48468504853635,1952624.7449931293,0.4292378458447733,oil,canvas,7.634985043163826,1.0,True,False
T4-E023,ridge,val_cold,byung taek jeon,전병택,5533800.0,15.460504284715986,5180977.405288923,0.0637577423671035,oil,canvas,8.891511570527564,1.3755158184319118,True,False
T4-E023,ridge,val_cold,byung taek jeon,전병택,7548600.0,15.74624272822685,6894556.383195882,0.08664436012030287,oil,canvas,9.27046604580936,1.2824175824175823,True,False
T4-E023,ridge,val_cold,hyunju kim,김현주,2495040.0,14.80105348961392,2679266.1479920377,0.07383695170900575,oil,canvas,8.038114265962827,1.2000000000000002,True,False
T4-E023,ridge,val_cold,hyunju kim,김현주,2495040.0,14.80105348961392,2679266.1479920377,0.07383695170900575,oil,canvas,8.038114265962827,1.2000000000000002,True,False
T4-E023,ridge,val_cold,youkyoung min,민유경,1642200.0,14.790036354287281,2649910.315778552,0.6136343416018464,acrylic,unknown,7.681421976600878,1.2958435207823962,True,False
T4-E023,ridge,val_cold,youkyoung min,민유경,1642200.0,14.790036354287281,2649910.315778552,0.6136343416018464,acrylic,unknown,7.681421976600878,1.2958435207823962,True,False
T4-E023,ridge,val_cold,youkyoung min,민유경,10087800.0,15.673755300430363,6412471.348816509,0.3643340124886983,acrylic,panel,9.146232691346842,1.4545454545454546,True,False
T4-E023,ridge,val_cold,youkyoung min,민유경,14531400.0,16.386158417998587,13074292.00900849,0.10027306322801041,acrylic,canvas,9.958669625812112,1.244819646968534,True,False
T4-E023,ridge,val_cold,youkyoung min,민유경,7341600.0,15.826774329833718,7472755.240251146,0.01786466713674761,acrylic,canvas,9.227571067237848,1.2285714285714286,True,False
T4-E023,ridge,val_cold,bareum kim,김바름,1516620.0,14.48502100037906,1953280.8430768389,0.28791710717044405,oil,canvas,7.63542465191381,1.0,True,False
T4-E023,ridge,val_cold,bareum kim,김바름,3007020.0,15.06931905975333,3503661.2801895496,0.16516061755144612,oil,canvas,8.38925981490602,1.198019801980198,True,False
T4-E023,ridge,val_cold,bareum kim,김바름,3007020.0,15.071063211567889,3509777.529652291,0.1671946078350962,oil,canvas,8.391624163435381,1.1965079887992094,True,False
T4-E023,ridge,val_cold,bareum kim,김바름,1516620.0,14.484012923238689,1951312.7774578545,0.28661944155942454,oil,canvas,7.6341055356738385,1.0,True,False
T4-E023,ridge,val_cold,bareum kim,김바름,1516620.0,14.484012923238689,1951312.7774578545,0.28661944155942454,oil,canvas,7.6341055356738385,1.0,True,False
T4-E023,ridge,val_cold,bareum kim,김바름,4428420.0,15.200346648552127,3994171.1689111,0.09805954066888418,oil,canvas,8.517193191416238,2.0,True,False
T4-E023,ridge,val_cold,bareum kim,김바름,959100.0,14.141664115593116,1385628.1263066353,0.4447170538073562,oil,canvas,7.170596352834887,1.2861635220125784,True,False
T4-E023,ridge,val_cold,bareum kim,김바름,2993220.0,14.975167883682387,3188840.355290147,0.06535448623560815,oil,canvas,8.256633298091595,1.3716981132075472,True,False
T4-E023,ridge,val_cold,bareum kim,김바름,959100.0,14.141664115593116,1385628.1263066353,0.4447170538073562,oil,canvas,7.170596352834887,1.2861635220125784,True,False
T4-E023,ridge,val_cold,bareum kim,김바름,4469820.0,15.382400019999498,4791720.1612273855,0.07201635887516399,oil,canvas,8.796101385722906,1.250343878954608,True,False
T4-E023,ridge,val_cold,bareum kim,김바름,1516620.0,14.484012923238689,1951312.7774578545,0.28661944155942454,oil,canvas,7.6341055356738385,1.0,True,False
T4-E023,ridge,val_cold,bareum kim,김바름,14484480.0,16.062797010829236,9462025.317090994,0.34674732423317967,oil,canvas,9.663541120184696,1.672164948453608,True,False
T4-E023,ridge,val_cold,bareum kim,김바름,4469820.0,15.382400019999498,4791720.1612273855,0.07201635887516399,oil,canvas,8.796101385722906,1.250343878954608,True,False
T4-E023,ridge,val_cold,bareum kim,김바름,4456020.0,15.304072473119035,4430719.185134362,0.005677895266546732,oil,canvas,8.685684550397957,1.3963133640552998,True,False
T4-E023,ridge,val_cold,bareum kim,김바름,3007020.0,15.039312277032698,3400089.3784922087,0.1307172478042077,oil,canvas,8.306472160100585,2.0,True,False
T4-E023,ridge,val_cold,bareum kim,김바름,2993220.0,15.03795308361075,3395471.1386265317,0.13438742846383883,oil,canvas,8.304693591730816,2.0,True,False
T4-E023,ridge,val_cold,bareum kim,김바름,21321234.0,16.309578978491672,12110446.418702733,0.4320006797588389,oil,canvas,9.9836347162924,1.7243532560214097,True,False
T4-E023,ridge,val_cold,bareum kim,김바름,14622480.0,16.270613065560326,11647627.457976473,0.20344377574963526,oil,canvas,9.958669625812112,1.244819646968534,True,False
T4-E023,ridge,val_cold,bareum kim,김바름,14622480.0,16.271166166953904,11654071.55891168,0.20300307752777372,oil,canvas,9.95934757104778,1.245663852647736,True,False
T4-E023,ridge,val_cold,byung taek jeon,전병택,15732000.0,16.062797010829236,9462025.317090994,0.3985491153641626,oil,canvas,9.663541120184696,1.672164948453608,True,False
T4-E023,ridge,val_cold,byung taek jeon,전병택,15773400.0,16.095449915770008,9776087.54815262,0.38021684936965905,oil,canvas,9.742746453525497,1.0,True,False
T4-E023,ridge,val_cold,byung taek jeon,전병택,17250000.0,16.311982442242734,12139588.444552064,0.2962557423448079,oil,canvas,9.986357030358423,1.7321428571428572,True,False
T4-E023,ridge,val_cold,byung taek jeon,전병택,1338600.0,13.848414185537864,1033450.9382674923,0.2279613489709455,oil,canvas,6.802394763324311,1.0,True,False
T4-E023,ridge,val_cold,byung taek jeon,전병택,1352400.0,13.766275264067653,951957.1136460478,0.29609796388195225,oil,canvas,6.674561391814426,1.375,True,False
T4-E023,ridge,val_cold,byung taek jeon,전병택,1338600.0,13.540300157693578,759412.3258559228,0.43268166303905364,oil,canvas,6.386879319362645,1.2272727272727273,True,False
T4-E023,ridge,val_cold,youkyoung min,민유경,2332200.0,14.724004774762024,2480584.497287354,0.06362425919190205,acrylic,canvas,7.788004239509027,1.164835164835165,True,False
T4-E023,ridge,val_cold,ul o,오우르,5935380.0,14.476901850770059,1937486.0705108854,0.6735700038563857,acrylic,canvas,7.4627501210592655,1.2,True,False
T4-E023,ridge,val_cold,hyekyung lee,이혜경,17912400.0,16.522329558419692,14981543.354546491,0.16362166127674174,ceramic,canvas,9.69523261371567,1.2946428571428572,True,False
T4-E023,ridge,val_cold,sori choi,최소리,55641600.0,16.109293569380633,9912365.433327483,0.82185333575369,oil,unknown,9.574983485564092,1.0,True,False
T4-E023,ridge,val_cold,sori choi,최소리,69441600.0,16.109293569380633,9912365.433327483,0.8572560909695703,oil,unknown,9.574983485564092,1.0,True,False
T4-E023,ridge,val_cold,sori choi,최소리,20989800.0,15.621058464301662,6083303.616182648,0.7101781047850553,oil,unknown,8.881836305004146,2.0,True,False
T4-E023,ridge,val_cold,dallrye kang,강달예,2097600.0,14.529640489109196,2042408.8726129136,0.026311559585758197,oil,canvas,7.677964745552775,1.2920029347028612,True,False
T4-E023,ridge,val_cold,dallrye kang,강달예,2097600.0,14.529640489109196,2042408.8726129136,0.026311559585758197,oil,canvas,7.677964745552775,1.2920029347028612,True,False
T4-E023,ridge,val_cold,dallrye kang,강달예,3995100.0,15.301211897261384,4418062.887581375,0.10587041315145439,oil,canvas,8.682031740515088,1.3946478006767151,True,False
T4-E023,ridge,val_cold,dallrye kang,강달예,2097600.0,14.529640489109196,2042408.8726129136,0.026311559585758197,oil,canvas,7.677964745552775,1.2920029347028612,True,False
T4-E023,ridge,val_cold,dallrye kang,강달예,2263200.0,14.77972753601224,2622733.1945694834,0.15886054903211533,oil,canvas,8.009429874000247,1.2143431096826034,True,False
T4-E023,ridge,val_cold,dallrye kang,강달예,2967000.0,14.972217704593485,3179446.5686458633,0.07160315761572744,oil,canvas,8.252594945469262,1.3749763392012115,True,False
T4-E023,ridge,val_cold,dallrye kang,강달예,2097600.0,14.605377034470123,2203102.2407068824,0.050296644120367294,oil,canvas,7.784131979013144,1.16186496591159,True,False
T4-E023,ridge,val_cold,dallrye kang,강달예,3995100.0,15.301211897261384,4418062.887581375,0.10587041315145439,oil,canvas,8.682031740515088,1.3946478006767151,True,False
T4-E023,ridge,val_cold,dallrye kang,강달예,3995100.0,15.301211897261384,4418062.887581375,0.10587041315145439,oil,canvas,8.682031740515088,1.3946478006767151,True,False
T4-E023,ridge,val_cold,sonkyong kim,김선경,1159200.0,14.117890779217337,1353075.5970150102,0.16724947982661334,mixed_media,paper,7.173038356490439,1.2893081761006289,True,False
T4-E023,ridge,val_cold,junsoo kim,김준수,828000.0,13.94236961776927,1135257.0031620997,0.37108333715229436,oil,canvas,6.888208682907167,1.6842105263157896,True,False
T4-E023,ridge,val_cold,junsoo kim,김준수,828000.0,13.872675217190302,1058830.1421941456,0.2787803649687749,oil,canvas,6.834141461636891,1.0,True,False
T4-E023,ridge,val_cold,dagyeong yun,윤다그영,6734400.0,16.316552737761562,12195196.928028088,0.8108809883624507,mixed_media,canvas,9.808221471759428,1.446922390722569,True,False
T4-E023,ridge,val_cold,dagyeong yun,윤다그영,2111400.0,15.406164193582134,4906955.241053163,1.3240291943985807,mixed_media,canvas,8.614054894258702,1.5,True,False
T4-E023,ridge,val_cold,dagyeong yun,윤다그영,3443100.0,15.886076225009122,7929307.197251906,1.3029558238947185,mixed_media,canvas,9.25246455827658,1.3079507278835387,True,False
T4-E023,ridge,val_cold,dagyeong yun,윤다그영,2125200.0,15.45660390091225,5160808.962831486,1.4283874283980265,mixed_media,canvas,8.685684550397957,1.3963133640552998,True,False
T4-E023,ridge,val_cold,dagyeong yun,윤다그영,6706800.0,16.245637151535817,11360320.132474879,0.6938510366307149,mixed_media,canvas,9.7396789682616,1.0,True,False
T4-E023,ridge,val_cold,dagyeong yun,윤다그영,1440720.0,15.1276993114756,3714294.496892398,1.5780821373288343,mixed_media,canvas,8.256633298091595,1.3716981132075472,True,False
T4-E023,ridge,val_cold,dagyeong yun,윤다그영,841800.0,13.968349010965262,1165136.7393946927,0.3841016148665867,mixed_media,canvas,6.735970019943069,1.4380165289256197,True,False
T4-E023,ridge,val_cold,dagyeong yun,윤다그영,418140.0,13.968349010965262,1165136.7393946927,1.7864751982462637,mixed_media,canvas,6.735970019943069,1.4380165289256197,True,False
T4-E023,ridge,val_cold,byung taek jeon,전병택,1407600.0,13.848414185537864,1033450.9382674923,0.26580638088413444,oil,canvas,6.802394763324311,1.0,True,False
T4-E023,ridge,val_cold,dagyeong yun,윤다그영,3933000.0,15.810972788268352,7355602.224477331,0.870226855956606,mixed_media,canvas,9.146232691346842,1.4545454545454546,True,False
T4-E023,ridge,val_cold,dallrye kang,강달예,2346000.0,15.324986346357674,4524358.451351103,0.9285415393653467,oil,canvas,8.666722925385201,2.25,True,False
T4-E023,ridge,val_cold,dallrye kang,강달예,680340.0,13.977258015038748,1175563.3236294559,0.7279056407523531,oil,canvas,6.938517240632178,1.5984251968503935,True,False
T4-E023,ridge,val_cold,dallrye kang,강달예,1407600.0,15.867938877552422,7786786.973902713,4.531960055344354,acrylic,canvas,9.28212135307077,1.2159574468085106,True,False
T4-E023,ridge,val_cold,dallrye kang,강달예,2221800.0,14.39862830190745,1791615.5307170437,0.19361979893912878,oil,canvas,7.49911776523014,1.4285714285714284,True,False
T4-E023,ridge,val_cold,dallrye kang,강달예,2760000.0,16.37095220584508,12876985.495215755,3.665574454788317,acrylic,canvas,9.93928852117675,1.2352941176470589,True,False
T4-E023,ridge,val_cold,sori choi,최소리,28110600.0,16.003843974436506,8920334.237594286,0.6826700875259054,oil,unknown,9.436997742590188,1.0,True,False
T4-E023,ridge,val_cold,sori choi,최소리,124890000.0,16.306975209121646,12078954.625735192,0.9032832522561038,oil,canvas,9.991498429858842,1.5166666666666666,True,False
T4-E023,ridge,val_cold,sori choi,최소리,5740800.0,15.182911361194332,3925135.226412465,0.3162738248306046,sculpture_material,glass,7.8636512654486515,1.0,True,False
T4-E023,ridge,val_cold,sori choi,최소리,33630600.0,16.457215181389344,14037111.213807197,0.5826089569080779,sculpture_material,unknown,9.436997742590188,1.0,True,False
T4-E023,ridge,val_cold,sori choi,최소리,5685600.0,14.760755645072255,2573444.0192564502,0.5473751197311717,oil,unknown,7.783224016336037,1.5,True,False
T4-E023,ridge,val_cold,sori choi,최소리,5699400.0,15.254853653700795,4217924.134384254,0.2599354082211717,sculpture_material,unknown,7.8636512654486515,1.0,True,False
T4-E023,ridge,val_cold,eunju park,박은주,3256800.0,15.650056931105311,6262292.756826159,0.9228361449355682,mixed_media,paper,9.190793775901213,1.0526315789473684,True,False
T4-E023,ridge,val_cold,eunju park,박은주,1559400.0,14.650985992108946,2305910.0961113228,0.4787162345205353,mixed_media,paper,7.855792709168872,1.5625,True,False
T4-E023,ridge,val_cold,eunju park,박은주,2332200.0,15.588657420278448,5889357.227867715,1.5252367840955814,mixed_media,paper,9.09850534181074,1.272727272727273,True,False
T4-E023,ridge,val_cold,eunju park,박은주,3215400.0,15.644945011100047,6230362.100218433,0.9376631523973481,mixed_media,paper,9.178367111675254,1.1583552055993,True,False
T4-E023,ridge,val_cold,eunju park,박은주,1766400.0,14.687545327110637,2391772.610683458,0.35403793630177643,mixed_media,paper,7.934158422352449,1.0,True,False
T4-E023,ridge,val_cold,eunju park,박은주,1780200.0,15.207906440478622,4024480.6943696765,1.2606902001851907,mixed_media,paper,8.577083425989303,1.7000715819613457,True,False
T4-E023,ridge,val_cold,eunju park,박은주,1766400.0,15.31262601909729,4468780.091201797,1.52988003351551,mixed_media,paper,8.714387597032898,1.6950283616950284,True,False
T4-E023,ridge,val_cold,seontae hwang,황선태,17250000.0,15.39040540741631,4830233.689687005,0.7199864527717678,sculpture_material,glass,8.116715624819111,1.34,True,False
T4-E023,ridge,val_cold,seontae hwang,황선태,17250000.0,15.39040540741631,4830233.689687005,0.7199864527717678,sculpture_material,glass,8.116715624819111,1.34,True,False
T4-E023,ridge,val_cold,xooang choi,최수앙,11040000.0,14.964210911116242,3154091.04029739,0.7143033477991495,mixed_media,metal,6.802394763324311,2.7777777777777777,True,True
T4-E023,ridge,val_cold,seontae hwang,황선태,17250000.0,15.39040540741631,4830233.689687005,0.7199864527717678,sculpture_material,glass,8.116715624819111,1.34,True,False
T4-E023,ridge,val_cold,xooang choi,최수앙,5520000.0,14.616484293395757,2227709.07197651,0.5964295159462845,sculpture_material,metal,6.022236205774735,1.5151515151515151,True,True
T4-E023,ridge,val_cold,seontae hwang,황선태,17250000.0,15.39040540741631,4830233.689687005,0.7199864527717678,sculpture_material,glass,8.116715624819111,1.34,True,False
T4-E023,ridge,val_cold,seontae hwang,황선태,17250000.0,15.39040540741631,4830233.689687005,0.7199864527717678,sculpture_material,glass,8.116715624819111,1.34,True,False
T4-E023,ridge,val_cold,xooang choi,최수앙,5520000.0,14.616484293395757,2227709.07197651,0.5964295159462845,sculpture_material,metal,6.022236205774735,1.5151515151515151,True,True
T4-E023,ridge,val_cold,xooang choi,최수앙,5520000.0,14.616484293395757,2227709.07197651,0.5964295159462845,sculpture_material,metal,6.022236205774735,1.5151515151515151,True,True
T4-E023,ridge,val_cold,seontae hwang,황선태,17250000.0,15.39040540741631,4830233.689687005,0.7199864527717678,sculpture_material,glass,8.116715624819111,1.34,True,False
T4-E023,ridge,val_cold,xooang choi,최수앙,14352000.0,15.342789190331958,4605626.150616792,0.6790951678778713,mixed_media,paper,7.914252278742441,2.111111111111111,True,True
T4-E023,ridge,val_cold,byun sanghwan,변상환,38640.0,12.253752936916186,209767.056008492,4.428754037486853,sculpture_material,unknown,3.1135153092103742,1.1111111111111112,True,True
T4-E023,ridge,val_cold,yoo geun taek,유근택,5520000.0,13.62941543419811,830194.6199868906,0.8496024239154183,mixed_media,unknown,6.1092475827643655,1.3888888888888888,True,False
T4-E023,ridge,val_cold,xooang choi,최수앙,38640000.0,15.984567043356876,8750024.36898587,0.773550093970345,mixed_media,paper,8.774312958285378,1.7377049180327868,True,True
T4-E023,ridge,val_cold,xooang choi,최수앙,29808000.0,15.506717724082947,5426026.868977891,0.8179674292479238,mixed_media,paper,8.150467911624004,1.711111111111111,True,True
T4-E023,ridge,val_cold,xooang choi,최수앙,22080000.0,15.190166872786497,3953717.6552330256,0.820936700397055,mixed_media,unknown,7.207118856207756,3.736842105263158,True,True
T4-E023,ridge,val_cold,xooang choi,최수앙,33120000.0,13.707008135757857,897176.7216671262,0.9729113308675384,mixed_media,unknown,5.3981627015177525,1.3076923076923077,True,True
T4-E023,ridge,val_cold,byun sanghwan,변상환,131100.0,13.605015353640905,810182.9405194257,5.179885129820181,sculpture_material,unknown,4.882801922586371,1.0909090909090908,True,True
T4-E023,ridge,val_cold,baek jin ki,백진기,3174000.0,14.008795270151369,1213228.1651953817,0.617760502458922,sculpture_material,unknown,5.41610040220442,1.0,True,True
T4-E023,ridge,val_cold,xooang choi,최수앙,44160000.0,15.503488787264152,5408534.826588446,0.8775241207747182,mixed_media,unknown,7.645397699428633,3.215686274509804,True,True
T4-E023,ridge,val_cold,xooang choi,최수앙,44160000.0,15.485173724850668,5310378.784478319,0.8797468572355452,mixed_media,unknown,7.59965167764043,3.617021276595745,True,True
T4-E023,ridge,val_cold,byun sanghwan,변상환,110400.0,13.466061065958513,705076.1329461981,5.386559175237302,sculpture_material,unknown,4.700480365792417,1.1,True,True
T4-E023,ridge,val_cold,xooang choi,최수앙,33120000.0,16.414807047879673,13454269.490516428,0.59377205644576,sculpture_material,paper,8.931155429778348,1.967741935483871,True,True
T4-E023,ridge,val_cold,yoo geun taek,유근택,4416000.0,13.730881986558485,918853.5094944732,0.791926288610853,mixed_media,unknown,6.240275845170769,1.4210526315789471,True,False
T4-E023,ridge,val_cold,xooang choi,최수앙,22080000.0,15.031029475573199,3372043.423106122,0.8472806420694691,mixed_media,unknown,7.116394144093465,1.5714285714285714,True,True
T4-E023,ridge,val_cold,baek jin ki,백진기,4692000.0,15.26102711660429,4244043.874224637,0.09547232007147555,sculpture_material,unknown,7.580699752224563,2.5,False,False
T4-E023,ridge,val_cold,xooang choi,최수앙,11040000.0,14.87217360261069,2876755.3505441775,0.739424334189839,mixed_media,metal,6.697034247666484,2.5,True,True
T4-E023,ridge,val_cold,baek jin ki,백진기,4692000.0,14.36635333996328,1734714.3880323137,0.6302825259948182,sculpture_material,unknown,5.863631175598097,1.375,True,True
T4-E023,ridge,val_cold,yoo geun taek,유근택,5520000.0,15.06066438087745,3473469.0573744387,0.37074835917129734,mixed_media,unknown,7.1459844677143876,1.7407407407407407,True,True
T4-E023,ridge,val_cold,xooang choi,최수앙,49680000.0,16.588252607313624,16002453.421836331,0.6778894238760803,mixed_media,unknown,9.156939595249067,1.518987341772152,True,True
T4-E023,ridge,val_cold,byun sanghwan,변상환,75900.0,13.22891753653521,556219.0867494209,6.328314713431105,sculpture_material,unknown,4.382026634673881,1.25,True,True
T4-E023,ridge,val_cold,xooang choi,최수앙,33120000.0,16.202827681159,10884253.624902245,0.6713691538374926,mixed_media,unknown,8.565602330623925,3.1219512195121952,True,True
T4-E023,ridge,val_cold,baek jin ki,백진기,3450000.0,15.441070726381886,5081264.604060048,0.47283032001740527,other,unknown,8.15507488781144,1.0,False,False
T4-E023,ridge,val_cold,baek jin ki,백진기,5244000.0,15.486234895751975,5316016.994942675,0.013733217952455253,sculpture_material,unknown,7.313220387090301,1.6666666666666667,True,True
T4-E023,ridge,val_cold,xooang choi,최수앙,22080000.0,15.095582957034818,3596900.12836884,0.837096914476049,mixed_media,unknown,7.187657164114956,1.8148148148148149,True,True
T4-E023,ridge,val_cold,xooang choi,최수앙,22080000.0,15.94650752441028,8423260.334634008,0.6185117602067931,mixed_media,unknown,8.17131687471973,4.206896551724138,True,True
T4-E023,ridge,val_cold,xooang choi,최수앙,27600000.0,15.94754842150358,8432032.646577403,0.6944915707761811,mixed_media,unknown,8.196161139282902,3.774193548387097,True,True
T4-E023,ridge,val_cold,baek jin ki,백진기,3036000.0,15.120050916435597,3685994.468142676,0.2140956746187998,sculpture_material,unknown,6.802394763324311,2.25,True,True
T4-E023,ridge,val_cold,xooang choi,최수앙,35328000.0,16.061624520770863,9450937.687812392,0.7324802511375569,mixed_media,paper,8.85623355614316,2.086206896551724,True,True
T4-E023,ridge,val_cold,baek jin ki,백진기,3450000.0,15.596278614769878,5934412.634662096,0.720119604249883,sculpture_material,unknown,7.945023937409195,3.8703703703703702,False,False
T4-E023,ridge,val_cold,baek jin ki,백진기,4692000.0,14.687593547481317,2391887.9456260507,0.4902199604377556,sculpture_material,unknown,6.189290290437902,3.12,True,True
T4-E023,ridge,val_cold,xooang choi,최수앙,22080000.0,14.768906151621147,2594504.602209171,0.8824952625811064,mixed_media,unknown,6.792344427470809,1.2222222222222223,True,True
T4-E023,ridge,val_cold,jae yun lee,이재윤,6900000.0,15.6416454159517,6209838.306386155,0.10002343385707897,painting_material,unknown,7.944492163932159,1.2765957446808511,True,True
T4-E023,ridge,val_cold,jae yun lee,이재윤,6900000.0,15.337001328332002,4579046.416151446,0.3363700846157324,painting_material,unknown,7.491087593534876,2.2857142857142856,True,True
T4-E023,ridge,val_cold,nam tchun mo,남춘모,5244000.0,14.293895414290308,1613466.3166289562,0.6923214499182005,sculpture_material,glass,6.4692503167957724,1.3953488372093024,False,False
T4-E023,ridge,val_cold,xooang choi,최수앙,14352000.0,15.351651399839524,4646623.57001355,0.6762386029812187,mixed_media,paper,7.940227765145702,1.8461538461538465,True,True
T4-E023,ridge,val_cold,xooang choi,최수앙,5520000.0,14.616484293395757,2227709.07197651,0.5964295159462845,sculpture_material,metal,6.022236205774735,1.5151515151515151,True,True
T4-E023,ridge,val_cold,jungmook jung 해청 정정묵,해청 정정묵,4140000.0,14.312509189762542,1643780.2696955106,0.6029516256774129,ceramic,unknown,6.396929655216146,1.5,False,False
T4-E023,ridge,val_cold,jungmook jung 해청 정정묵,해청 정정묵,11040000.0,14.325201727653303,1664776.9819546593,0.8492049835185996,ceramic,unknown,6.436150368369428,1.0833333333333333,False,False
T4-E023,ridge,val_cold,jungmook jung 해청 정정묵,해청 정정묵,2760000.0,13.436767331270868,684721.4082756011,0.751912533233478,ceramic,unknown,5.278114659230517,1.0,False,False
T4-E023,ridge,val_cold,nam tchun mo,남춘모,5244000.0,14.293895414290308,1613466.3166289562,0.6923214499182005,sculpture_material,glass,6.4692503167957724,1.3953488372093024,False,False
T4-E023,ridge,val_cold,xooang choi,최수앙,27600000.0,16.676830711818805,17484594.061398063,0.36650021516673686,mixed_media,unknown,9.29725174396548,1.0693069306930694,True,True
T4-E023,ridge,val_cold,baek jin ki,백진기,20700000.0,16.365818254698876,12811045.093009733,0.3811089327048438,sculpture_material,unknown,8.431635303054591,2.2666666666666666,True,True
T4-E023,ridge,val_cold,baek jin ki,백진기,7176000.0,15.440525248778187,5078493.643837141,0.2922946427205768,sculpture_material,unknown,8.101677747454572,1.0909090909090908,True,False
T4-E023,ridge,val_cold,baek jin ki,백진기,4416000.0,15.610717738975575,6020721.971866418,0.3633881276871417,sculpture_material,unknown,7.461640392208575,1.9333333333333331,True,True
T4-E023,ridge,val_cold,xooang choi,최수앙,27600000.0,15.264383732525301,4258313.434781637,0.8457132813484914,mixed_media,unknown,7.43955930913332,1.2432432432432432,True,True
T4-E023,ridge,val_cold,xooang choi,최수앙,22080000.0,15.769188602813562,7054587.009174978,0.6804987767583796,mixed_media,unknown,8.090708716083997,1.4166666666666667,True,True
T4-E023,ridge,val_cold,xooang choi,최수앙,22080000.0,15.719087505297757,6709852.357132128,0.6961117591878565,mixed_media,unknown,7.933796874815411,3.1,True,True
T4-E023,ridge,val_cold,baek jin ki,백진기,4692000.0,14.565784640254172,2117580.328347894,0.5486827944697583,sculpture_material,unknown,6.061456918928017,2.5384615384615383,True,True
T4-E023,ridge,val_cold,jae yun lee,이재윤,6900000.0,15.78201754786818,7145672.937227852,0.035604773511282856,sculpture_material,unknown,7.7075301719668365,1.532808398950131,True,True
T4-E023,ridge,val_cold,byun sanghwan,변상환,1324800.0,14.246928669778729,1539439.073079268,0.16201620854413343,sculpture_material,unknown,5.721131112990814,1.121212121212121,True,True
T4-E023,ridge,val_cold,baek jin ki,백진기,3450000.0,15.441070726381886,5081264.604060048,0.47283032001740527,other,unknown,8.15507488781144,1.0,False,False
T4-E023,ridge,val_cold,xooang choi,최수앙,16560000.0,14.190323805704024,1454719.7170537333,0.9121546064581079,mixed_media,unknown,6.003887067106539,1.8,True,True
T4-E023,ridge,val_cold,yoo geun taek,유근택,8832000.0,14.349131757195767,1705095.6335676487,0.8069411646775759,mixed_media,unknown,7.003065458786462,2.272727272727273,True,False
T4-E023,ridge,val_cold,baek jin ki,백진기,4416000.0,14.877755990920205,2892859.423756413,0.34491407976530497,sculpture_material,unknown,7.138866999945524,1.4,False,False
T4-E023,ridge,val_cold,baek jin ki,백진기,2346000.0,13.696458450668128,887761.540703209,0.6215850210131248,sculpture_material,unknown,5.799092654460526,1.4666666666666666,True,False
T4-E023,ridge,val_cold,baek jin ki,백진기,5796000.0,14.841611182023131,2790164.693610114,0.5186051253260673,sculpture_material,unknown,7.3031700512368,1.3636363636363635,True,False
T4-E023,ridge,val_cold,xooang choi,최수앙,22080000.0,16.192625638883896,10773776.51358657,0.5120572231165503,mixed_media,unknown,8.60337088765729,2.18,True,True
T4-E023,ridge,val_cold,jae yun lee,이재윤,13800000.0,15.391028007224103,4833241.928621115,0.6497650776361511,sculpture_material,unknown,7.215239978730097,1.1764705882352942,True,True
T4-E023,ridge,val_cold,baek jin ki,백진기,15870000.0,15.349004388297846,4634340.168119331,0.707981085814787,sculpture_material,unknown,7.824046010856292,4.0,True,False
T4-E023,ridge,val_cold,baek jin ki,백진기,4830000.0,16.284002156570775,11804627.29923831,1.444022215163211,sculpture_material,unknown,9.210340371976184,1.0,True,False
T4-E023,ridge,val_cold,jae yun lee,이재윤,13800000.0,15.109394122520644,3646922.147336653,0.7357302791785034,mixed_media,unknown,7.1891677384203225,2.12,True,True
T4-E023,ridge,val_cold,jungmook jung 해청 정정묵,해청 정정묵,41400000.0,15.0043131050538,3283147.4381461344,0.9206969217839097,ceramic,unknown,7.326465613840322,1.0526315789473684,False,False
T4-E023,ridge,val_cold,baek jin ki,백진기,2346000.0,15.126024440767218,3708078.7405843623,0.5805962236079976,sculpture_material,unknown,6.828712071641684,1.9090909090909092,True,True
T4-E023,ridge,val_cold,baek jin ki,백진기,4416000.0,14.866681485200704,2860999.1793750734,0.3521288090183258,sculpture_material,unknown,6.51025834052315,1.5238095238095235,True,True
T4-E023,ridge,val_cold,xooang choi,최수앙,35328000.0,16.061624520770863,9450937.687812392,0.7324802511375569,mixed_media,paper,8.85623355614316,2.086206896551724,True,True
T4-E023,ridge,val_cold,byun sanghwan,변상환,1324800.0,14.007847914917479,1212079.3513964831,0.0850850306487899,sculpture_material,unknown,5.3981627015177525,1.3076923076923077,True,True
T4-E023,ridge,val_cold,xooang choi,최수앙,27600000.0,15.973654744656185,8655060.56845359,0.6864108489690729,mixed_media,unknown,8.36799688505411,1.2372881355932204,True,True
T4-E023,ridge,val_cold,jungmook jung 해청 정정묵,해청 정정묵,69000000.0,14.817702626097129,2724247.023099222,0.9605181590855185,ceramic,unknown,7.076653815443951,1.15625,False,False
T4-E023,ridge,val_cold,jungmook jung 해청 정정묵,해청 정정묵,41400000.0,14.354601020065177,1714446.7984846686,0.9585882415824959,ceramic,unknown,6.476972362889683,1.04,False,False
T4-E023,ridge,val_cold,jungmook jung 해청 정정묵,해청 정정묵,11040000.0,14.55309390634611,2090876.4839610038,0.8106090141339669,ceramic,unknown,6.684611727667927,2.0,False,False
T4-E023,ridge,val_cold,xooang choi,최수앙,27600000.0,15.401750801424718,4885346.641960795,0.8229946868854784,mixed_media,unknown,7.598399329323964,1.6285714285714286,True,True
T4-E023,ridge,val_cold,jae yun lee,이재윤,13800000.0,15.262046483395796,4248372.317372511,0.692146933523731,sculpture_material,unknown,7.049254841255837,1.125,True,True
T4-E023,ridge,val_cold,jae yun lee,이재윤,4140000.0,14.771253403939353,2600601.712079558,0.37183533524648354,sculpture_material,unknown,6.269096283706261,3.6666666666666665,True,True
T4-E023,ridge,val_cold,baek jin ki,백진기,3450000.0,15.63775963775886,6185755.073468045,0.7929724850632015,sculpture_material,unknown,8.15507488781144,1.0,False,False
T4-E023,ridge,val_cold,jungmook jung 해청 정정묵,해청 정정묵,4140000.0,14.47059519863861,1925305.4696333248,0.5349503696537863,ceramic,unknown,6.620073206530356,1.2,False,False
T4-E023,ridge,val_cold,byun sanghwan,변상환,1449000.0,14.246541936374868,1538843.8356730123,0.06200402737958061,sculpture_material,unknown,5.717027701406222,1.1875,True,True
T4-E023,ridge,val_cold,byun sanghwan,변상환,1932000.0,15.512743362361869,5458820.84728311,1.825476629028525,mixed_media,unknown,8.357962965845681,1.50093808630394,False,False
T4-E023,ridge,val_cold,byun sanghwan,변상환,1932000.0,15.512743362361869,5458820.84728311,1.825476629028525,mixed_media,unknown,8.357962965845681,1.50093808630394,False,False
T4-E023,ridge,val_cold,byun sanghwan,변상환,3864000.0,16.132900338631234,10149148.198812645,1.6265911487610365,mixed_media,unknown,9.169518377455928,1.5,False,False
T4-E023,ridge,val_cold,xooang choi,최수앙,1269600.0,14.249471587654503,1543358.7217770577,0.2156259623322761,mixed_media,paper,7.128816664092023,1.414141414141414,False,False
T4-E023,ridge,val_cold,xooang choi,최수앙,1269600.0,14.249471587654503,1543358.7217770577,0.2156259623322761,mixed_media,paper,7.128816664092023,1.414141414141414,False,False
T4-E023,ridge,val_cold,ha chong hyun,하종현,19320000.0,15.176947606162264,3901796.3443154166,0.7980436674784981,mixed_media,paper,8.350902451694811,1.2586206896551724,False,False
T4-E023,ridge,val_cold,ha chong hyun,하종현,44063400.0,16.076649950352724,9594014.288437137,0.7822679528035255,textile,fabric,9.273033441314606,1.2857142857142858,False,False
T4-E023,ridge,val_cold,ha chong hyun,하종현,21459000.0,15.176947606162264,3901796.3443154166,0.8181743630031494,mixed_media,paper,8.350902451694811,1.2586206896551724,False,False
T4-E023,ridge,val_cold,yoo geun taek,유근택,5520000.0,14.509329929033568,2001344.832960035,0.6374375302608632,mixed_media,unknown,7.003065458786462,2.272727272727273,False,False
T4-E023,ridge,val_cold,yoo geun taek,유근택,3312000.0,13.891080158396283,1078498.2890527097,0.6743664586193509,mixed_media,unknown,6.240275845170769,1.4210526315789471,False,False
T4-E023,ridge,val_cold,ha chong hyun,하종현,22632000.0,15.904370510872871,8075703.232303632,0.6431732400007232,textile,fabric,9.045465728785947,1.325,False,False
T4-E023,ridge,val_cold,byun sanghwan,변상환,2001000.0,14.887263347865247,2920494.028759823,0.45951725575203556,mixed_media,paper,7.944492163932159,1.7625,False,False
T4-E023,ridge,val_cold,ha chong hyun,하종현,23322000.0,15.58891854449861,5890895.282484011,0.7474103729318236,textile,fabric,8.638348312972704,1.2205882352941178,False,False
T4-E023,ridge,val_cold,byun sanghwan,변상환,3312000.0,15.491357786897643,5343320.247419247,0.6133213307425264,mixed_media,paper,8.760962560524103,1.283687943262411,False,False
T4-E023,ridge,val_cold,byun sanghwan,변상환,2001000.0,14.887263347865247,2920494.028759823,0.45951725575203556,mixed_media,paper,7.944492163932159,1.7625,False,False
T4-E023,ridge,val_cold,byun sanghwan,변상환,3036000.0,15.097749386799869,3604701.006845452,0.18731917221523448,mixed_media,paper,8.160518247477505,2.857142857142857,False,False
T4-E023,ridge,val_cold,byun sanghwan,변상환,4968000.0,15.786484955329927,7177666.981832932,0.44477998829165294,mixed_media,paper,9.116029692504942,1.8571428571428572,False,False
T4-E023,ridge,val_cold,lee kang so,이강소,8280000.0,16.268298946128084,11620704.620282043,0.4034667415799569,print,unknown,8.85366542803745,1.4285714285714286,False,False
T4-E023,ridge,val_cold,byun sanghwan,변상환,883200.0,14.325750084252718,1665690.1237400493,0.8859716074955268,mixed_media,paper,7.239932591320469,1.2058823529411764,False,False
T4-E023,ridge,val_cold,byun sanghwan,변상환,2001000.0,15.037318114338852,3393315.8031482035,0.6958099965758139,mixed_media,paper,8.160518247477505,1.4,False,False
T4-E023,ridge,val_cold,mannan,만난,372600.0,14.118656457154124,1354112.0138765774,2.6342244065393916,mixed_media,canvas,6.915723448631314,1.75,True,False
T4-E023,ridge,val_cold,byun sanghwan,변상환,3312000.0,15.35410165709509,4658022.953137199,0.406407896478623,mixed_media,paper,8.499843553081124,2.7857142857142856,False,False
T4-E023,ridge,val_cold,byun sanghwan,변상환,5520000.0,15.71746748944571,6698991.090036515,0.2135853423979194,mixed_media,paper,8.971448463693834,2.857142857142857,False,False
T4-E023,ridge,val_cold,byun sanghwan,변상환,3312000.0,15.568210588213834,5770161.272193259,0.7421984517491723,mixed_media,paper,8.85366542803745,1.4285714285714286,False,False
T4-E023,ridge,val_cold,byun sanghwan,변상환,3312000.0,15.460282035169326,5179826.063356694,0.5639571447333013,mixed_media,paper,8.699514748210191,1.6666666666666667,False,False
T4-E023,ridge,val_cold,byun sanghwan,변상환,6072000.0,16.01519256271047,9022144.044236539,0.48586034984132725,mixed_media,paper,9.38429367909962,2.4285714285714284,False,False
T4-E023,ridge,val_cold,byun sanghwan,변상환,7728000.0,16.157164480727833,10398420.532759259,0.34555131117485227,mixed_media,paper,9.546812608597396,2.857142857142857,False,False
T4-E023,ridge,val_cold,byun sanghwan,변상환,2001000.0,14.887263347865247,2920494.028759823,0.45951725575203556,mixed_media,paper,7.944492163932159,1.7625,False,False
T4-E023,ridge,val_cold,byun sanghwan,변상환,3312000.0,15.460282035169326,5179826.063356694,0.5639571447333013,mixed_media,paper,8.699514748210191,1.6666666666666667,False,False
T4-E023,ridge,val_cold,byun sanghwan,변상환,3036000.0,15.097749386799869,3604701.006845452,0.18731917221523448,mixed_media,paper,8.160518247477505,2.857142857142857,False,False
T4-E023,ridge,val_cold,byun sanghwan,변상환,4968000.0,15.786484955329927,7177666.981832932,0.44477998829165294,mixed_media,paper,9.116029692504942,1.8571428571428572,False,False
T4-E023,ridge,val_cold,byun sanghwan,변상환,3312000.0,15.491357786897643,5343320.247419247,0.6133213307425264,mixed_media,paper,8.760962560524103,1.283687943262411,False,False
T4-E023,ridge,val_cold,byun sanghwan,변상환,3312000.0,15.35410165709509,4658022.953137199,0.406407896478623,mixed_media,paper,8.499843553081124,2.7857142857142856,False,False
T4-E023,ridge,val_cold,byun sanghwan,변상환,2001000.0,15.037318114338852,3393315.8031482035,0.6958099965758139,mixed_media,paper,8.160518247477505,1.4,False,False
T4-E023,ridge,val_cold,byun sanghwan,변상환,772800.0,14.093980324242406,1321106.6628207825,0.7095065512691285,mixed_media,paper,6.946975992135418,1.015625,False,False
T4-E023,ridge,val_cold,mannan,만난,952200.0,15.295966595198063,4394949.484585082,3.6155739178587294,mixed_media,canvas,8.496990484098719,1.0,True,False
T4-E023,ridge,val_cold,byun sanghwan,변상환,3312000.0,15.568210588213834,5770161.272193259,0.7421984517491723,mixed_media,paper,8.85366542803745,1.4285714285714286,False,False
T4-E023,ridge,val_cold,mannan,만난,469200.0,14.684499824836163,2384499.5424520415,4.082053585788665,mixed_media,canvas,7.67786350067821,1.35,True,False
T4-E023,ridge,val_cold,byun sanghwan,변상환,4968000.0,15.786484955329927,7177666.981832932,0.44477998829165294,mixed_media,paper,9.116029692504942,1.8571428571428572,False,False
T4-E023,ridge,val_cold,byun sanghwan,변상환,6072000.0,16.01519256271047,9022144.044236539,0.48586034984132725,mixed_media,paper,9.38429367909962,2.4285714285714284,False,False
T4-E023,ridge,val_cold,byun sanghwan,변상환,7728000.0,16.157164480727833,10398420.532759259,0.34555131117485227,mixed_media,paper,9.546812608597396,2.857142857142857,False,False
T4-E023,ridge,val_cold,hwallam moon,문화르람,8280000.0,15.412598562004119,4938630.193780681,0.40354707804581147,mixed_media,unknown,8.233662490086932,1.3766730401529637,False,False
T4-E023,ridge,val_cold,byun sanghwan,변상환,4968000.0,15.786484955329927,7177666.981832932,0.44477998829165294,mixed_media,paper,9.116029692504942,1.8571428571428572,False,False
T4-E023,ridge,val_cold,byun sanghwan,변상환,2760000.0,15.568210588213834,5770161.272193259,1.0906381420990068,mixed_media,paper,8.85366542803745,1.4285714285714286,False,False
T4-E023,ridge,val_cold,mannan,만난,759000.0,14.705507324994201,2435121.7786013144,2.2083290890662903,mixed_media,canvas,7.682482446534506,1.7714285714285714,True,False
T4-E023,ridge,val_cold,mannan,만난,952200.0,14.781698087496348,2627906.520837306,1.7598262138598046,mixed_media,canvas,7.824046010856292,1.0,True,False
T4-E023,ridge,val_cold,xooang choi,최수앙,3312000.0,14.65272022364046,2309912.547694569,0.30256263656564947,mixed_media,paper,7.653969180478774,1.4605263157894737,False,False
T4-E023,ridge,val_cold,xooang choi,최수앙,3312000.0,14.645258590929702,2292740.972334162,0.30774729096190767,mixed_media,paper,7.644919344958857,1.4473684210526316,False,False
T4-E023,ridge,val_cold,byun kyung sup,변경섭,7590000.0,15.13759062539023,3751216.050041381,0.5057686363581844,acrylic,paper,8.517193191416238,2.0,True,False
T4-E023,ridge,val_cold,xooang choi,최수앙,3312000.0,14.65272022364046,2309912.547694569,0.30256263656564947,mixed_media,paper,7.653969180478774,1.4605263157894737,False,False
T4-E023,ridge,val_cold,xooang choi,최수앙,3312000.0,14.65272022364046,2309912.547694569,0.30256263656564947,mixed_media,paper,7.653969180478774,1.4605263157894737,False,False
T4-E023,ridge,val_cold,byun kyung sup,변경섭,3174000.0,14.566410636541237,2118906.340767124,0.3324176620141386,acrylic,paper,7.824046010856292,1.0,True,False
T4-E023,ridge,val_cold,lee jin young 이진영,이진영,1656000.0,15.209870305999887,4032391.9990729424,1.4350193231116801,mixed_media,paper,8.391176350832751,1.3103448275862069,False,False
T4-E023,ridge,val_cold,xooang choi,최수앙,3312000.0,14.65272022364046,2309912.547694569,0.30256263656564947,mixed_media,paper,7.653969180478774,1.4605263157894737,False,False
T4-E023,ridge,val_cold,byun kyung sup,변경섭,1380000.0,13.785658162375968,970588.7861626678,0.296674792635748,acrylic,paper,6.802394763324311,1.0,True,False
T4-E023,ridge,val_cold,xooang choi,최수앙,3312000.0,14.65272022364046,2309912.547694569,0.30256263656564947,mixed_media,paper,7.653969180478774,1.4605263157894737,False,False
T4-E023,ridge,val_cold,byun kyung sup,변경섭,3174000.0,14.566410636541237,2118906.340767124,0.3324176620141386,acrylic,paper,7.824046010856292,1.0,True,False
T4-E023,ridge,val_cold,byun kyung sup,변경섭,3174000.0,14.566410636541237,2118906.340767124,0.3324176620141386,acrylic,paper,7.824046010856292,1.0,True,False
T4-E023,ridge,val_cold,bac jungwon,백정원_A,1380000.0,13.943456280362703,1136491.3150001608,0.17645556884046318,mixed_media,fabric,6.865630352681466,1.1016949152542372,False,False
T4-E023,ridge,val_cold,bac jungwon,백정원_A,1380000.0,13.880453487954583,1067098.1233461567,0.22674049032887197,mixed_media,fabric,6.761572768804055,1.5,False,False
T4-E023,ridge,val_cold,seontae hwang,황선태,14490000.0,15.523960265062714,5520396.608635447,0.6190202478512459,sculpture_material,glass,8.081475040137052,1.346938775510204,False,False
T4-E023,ridge,val_cold,lee jin young 이진영,이진영,5520000.0,15.023374631904089,3346329.501444324,0.3937808874195065,acrylic,canvas,8.1886891244442,1.0,True,False
T4-E023,ridge,val_cold,lee jin young 이진영,이진영,10350000.0,16.021986252502913,9083646.369446158,0.12235300778297986,acrylic,canvas,9.27046604580936,1.2824175824175823,False,False
T4-E023,ridge,val_cold,nam tchun mo,남춘모,34500000.0,15.505916407561276,5421680.645583621,0.842849836359895,mixed_media,fabric,8.895629627136483,1.36986301369863,False,False
T4-E023,ridge,val_cold,lee jin young 이진영,이진영,6210000.0,15.659040839344247,6318806.095541838,0.017521110393210568,acrylic,canvas,8.797200891056324,1.2517193947730398,False,False
T4-E023,ridge,val_cold,jonghwan lee,이종환,1380000.0,14.264618067635428,1566913.1064571296,0.13544428004139825,mixed_media,panel,7.025538314638521,1.8,False,False
T4-E023,ridge,val_cold,seontae hwang,황선태,48300000.0,16.697766442249364,17854505.481174912,0.63034150142495,sculpture_material,glass,9.774175816055788,2.32183908045977,True,False
T4-E023,ridge,val_cold,lee jin young 이진영,이진영,5520000.0,14.974836518107242,3187783.8584247855,0.4225029241984084,acrylic,canvas,8.070906088787819,2.0,True,False
T4-E023,ridge,val_cold,hye yeong kim,김혜영,3615600.0,15.773233884347,7083182.5993400775,0.9590614557307439,mixed_media,canvas,8.891511570527564,1.3755158184319118,False,False
T4-E023,ridge,val_cold,lee jin young 이진영,이진영,1380000.0,13.708591478180193,898598.3848236611,0.34884175012778185,acrylic,canvas,6.15006957728462,3.0,False,False
T4-E023,ridge,val_cold,du hyun hwang,황두현,1932000.0,15.24957068057759,4195699.711750224,1.1716872214028076,painting_material,unknown,8.006367567650246,1.875,False,False
T4-E023,ridge,val_cold,du hyun hwang,황두현,1932000.0,15.418459774138775,4967661.54935642,1.571253389936035,painting_material,unknown,8.249313746260636,1.4705882352941178,False,False
T4-E023,ridge,val_cold,dain lim,임다인,6734400.0,15.352662467817382,4651323.998136109,0.30931872206341937,oil,linen,8.390636277614743,1.1996699669966997,False,False
T4-E023,ridge,val_cold,hye yeong kim,김혜영,7231200.0,16.145998190132158,10282954.610124072,0.4220260275091371,mixed_media,canvas,9.58465875108751,1.454,True,False
T4-E023,ridge,val_cold,lee jin young 이진영,이진영,1656000.0,15.209870305999887,4032391.9990729424,1.4350193231116801,mixed_media,paper,8.391176350832751,1.3103448275862069,False,False
T4-E023,ridge,val_cold,g sim seyeon,그심세연,6624000.0,15.857165693938038,7703348.742754595,0.16294516044000534,mixed_media,canvas,9.0217190130337,1.0,False,False
T4-E023,ridge,val_cold,dain lim,임다인,4485000.0,15.813311931143968,7372828.168133834,0.6438858791825718,oil,linen,8.990939806940807,1.2453300124533002,False,False
T4-E023,ridge,val_cold,jung boram,정보람,1725000.0,14.607783367019994,2208410.0209203395,0.2802376932871533,ink,paper,7.57353126274595,2.482142857142857,False,False
T4-E023,ridge,val_cold,sori choi,최소리,1380000.0,13.600562070787,806582.9884736812,0.41551957356979624,mixed_media,metal,5.703782474656201,1.3333333333333333,False,False
T4-E023,ridge,val_cold,lee jin young 이진영,이진영,13800000.0,15.862488221370517,7744459.336839443,0.4388072944319244,acrylic,canvas,9.271322576910975,1.2835164835164834,True,False
T4-E023,ridge,val_cold,g sim seyeon,그심세연,4140000.0,15.520303390371527,5500246.076433263,0.32856185421093304,mixed_media,canvas,8.580918882296782,1.0,False,False
T4-E023,ridge,val_cold,sori choi,최소리,1380000.0,13.378606376630142,646033.3304968674,0.5318599054370526,sculpture_material,metal,5.0106352940962555,1.5,False,False
T4-E023,ridge,val_cold,hye yeong kim,김혜영,2263200.0,15.383168997438831,4795406.303025268,1.1188610388057918,mixed_media,canvas,8.390636277614743,1.1996699669966997,False,False
T4-E023,ridge,val_cold,dain lim,임다인,11205600.0,16.502963729893292,14694204.611420892,0.3113268911455783,oil,linen,9.806976652155283,2.8375,False,False
T4-E023,ridge,val_cold,hwallam moon,문화르람,12420000.0,16.6392865386914,16840319.490044676,0.35590334058330725,painting_material,paper,10.265916062921828,1.4724409448818898,False,False
T4-E023,ridge,val_cold,du hyun hwang,황두현,3450000.0,15.246371752781208,4182299.416033517,0.21226070029957017,painting_material,unknown,8.038770218757747,1.2007874015748032,False,False
T4-E023,ridge,val_cold,sori choi,최소리,1380000.0,13.600562070787,806582.9884736812,0.41551957356979624,mixed_media,metal,5.703782474656201,1.3333333333333333,False,False
T4-E023,ridge,val_cold,g sim seyeon,그심세연,12420000.0,16.58334266519134,15924074.876241172,0.2821316325475984,mixed_media,canvas,9.958669625812112,1.244819646968534,False,False
T4-E023,ridge,val_cold,seontae hwang,황선태,30360000.0,16.068070339670108,9512053.479633,0.6866912556115613,sculpture_material,glass,9.006999447958153,1.275,True,False
T4-E023,ridge,val_cold,lee jin young 이진영,이진영,20700000.0,16.373377938554782,12908259.536030589,0.37641258280045464,acrylic,canvas,9.94270826568941,1.2307692307692308,True,False
T4-E023,ridge,val_cold,kim jung ah,김정아,12000000.0,16.56616217596463,15652828.226396149,0.3044023521996791,mixed_media,fabric,10.29160302230918,1.2115384615384617,False,False
T4-E023,ridge,val_cold,seontae hwang,황선태,14490000.0,15.443893520347197,5095628.230361716,0.6483348357238292,sculpture_material,glass,8.189799618728228,1.2830188679245282,True,False
T4-E023,ridge,val_cold,dain lim,임다인,5602800.0,15.809507493867512,7344831.9944289485,0.31092168102180134,oil,linen,8.972178355987793,1.4993103448275862,False,False
T4-E023,ridge,val_cold,seontae hwang,황선태,14490000.0,15.39040540741631,4830233.689687005,0.6666505390140093,sculpture_material,glass,8.116715624819111,1.34,True,False
T4-E023,ridge,val_cold,dain lim,임다인,3367200.0,15.668454094094018,6378567.460224497,0.8943239071704969,oil,linen,8.80131894766524,1.2465753424657535,False,False
T4-E023,ridge,val_cold,dain lim,임다인,1131600.0,14.635893145305216,2271368.66821907,1.0072186887761312,oil,linen,7.452663438045286,1.200527704485488,False,False
T4-E023,ridge,val_cold,dain lim,임다인,1131600.0,14.635893145305216,2271368.66821907,1.0072186887761312,oil,linen,7.452663438045286,1.200527704485488,False,False
T4-E023,ridge,val_cold,joohyun kim,김주현,3450000.0,15.863795748449304,7754592.050087802,1.24770784060516,acrylic,canvas,9.045947923831983,1.6052269601100413,False,False
T4-E023,ridge,val_cold,lee jin young 이진영,이진영,1656000.0,15.197532813491767,3982948.0274784546,1.405161852342062,mixed_media,paper,8.37378460812088,1.3333333333333333,False,False
T4-E023,ridge,val_cold,jung boram,정보람,7314000.0,15.979377129524423,8704730.134732824,0.19014631319836256,mixed_media,paper,9.39532504618962,1.3617021276595744,False,False
T4-E023,ridge,val_cold,joohyun kim,김주현,3036000.0,15.820179618583083,7423636.716450255,1.4452031345356573,acrylic,canvas,9.0217190130337,1.0,False,False
T4-E023,ridge,val_cold,lee jin young 이진영,이진영,16560000.0,15.995459627924284,8845855.727462241,0.4658299681484154,acrylic,canvas,9.442245428958966,1.3402061855670102,True,False
T4-E023,ridge,val_cold,dain lim,임다인,2249400.0,15.352662467817382,4651323.998136109,1.0678065253561433,oil,linen,8.390636277614743,1.1996699669966997,False,False
T4-E023,ridge,val_cold,sori choi,최소리,1380000.0,13.378606376630142,646033.3304968674,0.5318599054370526,sculpture_material,metal,5.0106352940962555,1.5,False,False
T4-E023,ridge,val_cold,lee jin young 이진영,이진영,20700000.0,16.546356589836385,15345864.619975077,0.2586538830929915,acrylic,canvas,9.958669625812112,1.244819646968534,False,False
T4-E023,ridge,val_cold,seontae hwang,황선태,48300000.0,16.55497385811424,15478675.46384999,0.679530528698758,sculpture_material,glass,9.520761931397454,3.5483870967741935,True,False
T4-E023,ridge,val_cold,dain lim,임다인,1131600.0,14.635893145305216,2271368.66821907,1.0072186887761312,oil,linen,7.452663438045286,1.200527704485488,False,False
T4-E023,ridge,val_cold,youkyoung min,민유경,8694000.0,15.880605467190064,7886046.3206890505,0.09293233026350926,mixed_media,wood,8.794446068377479,1.2551724137931035,False,False
T4-E023,ridge,val_cold,seontae hwang,황선태,48300000.0,16.715172029952043,18167993.95340922,0.6238510568652336,sculpture_material,glass,9.520761931397454,3.5483870967741935,False,False
T4-E023,ridge,val_cold,dain lim,임다인,5602800.0,15.809507493867512,7344831.9944289485,0.31092168102180134,oil,linen,8.972178355987793,1.4993103448275862,False,False
T4-E023,ridge,val_cold,lee jin young 이진영,이진영,20700000.0,16.338540535105295,12466312.137019625,0.3977626986947041,acrylic,canvas,9.663541120184696,1.672164948453608,False,False
T4-E023,ridge,val_cold,kim jung ah,김정아,8000000.0,16.396672857348058,13212486.1029337,0.6515607628667124,mixed_media,canvas,9.712932190815067,1.2719298245614037,False,False
T4-E023,ridge,val_cold,lee jin young 이진영,이진영,15180000.0,15.99734941481313,8862588.315169305,0.4161667776568311,acrylic,canvas,9.444550462634185,1.343298969072165,True,False
T4-E023,ridge,val_cold,sori choi,최소리,16560000.0,15.699169955596842,6577530.675559972,0.6028061186256056,mixed_media,metal,8.612503371220562,2.2,True,False
T4-E023,ridge,val_cold,youkyoung min,민유경,7314000.0,15.555172973405675,5695420.412115058,0.22129882251639896,mixed_media,wood,8.373553741214627,1.1639344262295082,False,False
T4-E023,ridge,val_cold,g sim seyeon,그심세연,12420000.0,16.405835323373616,13334101.354965663,0.0735991429118891,mixed_media,canvas,9.7396789682616,1.0,False,False
T4-E023,ridge,val_cold,g sim seyeon,그심세연,11592000.0,16.72539186117818,18354619.803333748,0.5833868015298265,mixed_media,unknown,9.958669625812112,1.244819646968534,False,False
T4-E023,ridge,val_cold,hye yeong kim,김혜영,2263200.0,15.383168997438831,4795406.303025268,1.1188610388057918,mixed_media,canvas,8.390636277614743,1.1996699669966997,False,False
T4-E023,ridge,val_cold,g sim seyeon,그심세연,4692000.0,15.520303390371527,5500246.076433263,0.17226045959788208,mixed_media,canvas,8.580918882296782,1.0,False,False
T4-E023,ridge,val_cold,jung boram,정보람,1725000.0,14.607783367019994,2208410.0209203395,0.2802376932871533,ink,paper,7.57353126274595,2.482142857142857,False,False
T4-E023,ridge,val_cold,yun woo seung,윤우승,4554000.0,15.338365381102399,4585296.739017149,0.006872362542193551,mixed_media,unknown,8.144679183447758,1.2264150943396226,False,False
T4-E023,ridge,val_cold,dain lim,임다인,11205600.0,16.502963729893292,14694204.611420892,0.3113268911455783,oil,linen,9.806976652155283,2.8375,False,False
T4-E023,ridge,val_cold,r dam,르댐,828000.0,15.429946679300242,5025053.603924819,5.068905318749782,mixed_media,unknown,8.256633298091595,1.3716981132075472,False,False
T4-E023,ridge,val_cold,sori choi,최소리,1380000.0,13.378606376630142,646033.3304968674,0.5318599054370526,sculpture_material,metal,5.0106352940962555,1.5,False,False
T4-E023,ridge,val_cold,lee jin young 이진영,이진영,1380000.0,13.820830936222903,1005334.556604605,0.271496698112605,acrylic,canvas,6.275232720238627,3.4,False,False
T4-E023,ridge,val_cold,lee jin young 이진영,이진영,1656000.0,15.197532813491767,3982948.0274784546,1.405161852342062,mixed_media,paper,8.37378460812088,1.3333333333333333,False,False
T4-E023,ridge,val_cold,sori choi,최소리,1380000.0,13.378606376630142,646033.3304968674,0.5318599054370526,sculpture_material,metal,5.0106352940962555,1.5,False,False
T4-E023,ridge,val_cold,seontae hwang,황선태,30360000.0,16.051072730755322,9351737.667185636,0.6919717500926998,sculpture_material,glass,8.984568369308281,1.2784810126582278,True,False
T4-E023,ridge,val_cold,lee jin young 이진영,이진영,2760000.0,14.716097180427449,2461046.392881799,0.10831652431818876,acrylic,canvas,7.776954403322442,1.1777777777777778,True,False
T4-E023,ridge,val_cold,dain lim,임다인,1131600.0,14.635893145305216,2271368.66821907,1.0072186887761312,oil,linen,7.452663438045286,1.200527704485488,False,False
T4-E023,ridge,val_cold,g sim seyeon,그심세연,12420000.0,16.58334266519134,15924074.876241172,0.2821316325475984,mixed_media,canvas,9.958669625812112,1.244819646968534,False,False
T4-E023,ridge,val_cold,joohyun kim,김주현,500000.0,14.040120596756868,1251834.4541212167,1.5036689082424333,mixed_media,unknown,6.4356694835320765,1.414285714285714,False,False
T4-E023,ridge,val_cold,youkyoung min,민유경,15180000.0,16.06107107040145,9445708.510036439,0.37775306257994473,mixed_media,canvas,9.273033441314606,1.2857142857142858,False,False
T4-E023,ridge,val_cold,g sim seyeon,그심세연,41400000.0,17.828865357584984,55332187.94144086,0.3365262787787647,mixed_media,canvas,11.507883575982392,2.7302252488213727,False,False
T4-E023,ridge,val_cold,lee jin young 이진영,이진영,20700000.0,16.205128032971533,10909320.057209354,0.4729797073811906,acrylic,canvas,9.735068900911164,1.0,True,False
T4-E023,ridge,val_cold,g sim seyeon,그심세연,8004000.0,16.06172944942162,9451929.413981695,0.1809007263845196,mixed_media,canvas,9.255609105083517,1.6226650062266503,False,False
T4-E023,ridge,val_cold,du hyun hwang,황두현,1380000.0,16.331906625527537,12383885.457395324,7.973830041590815,mixed_media,canvas,9.615805480084347,1.5,False,False
T4-E023,ridge,val_cold,hye yeong kim,김혜영,1807800.0,15.383168997438831,4795406.303025268,1.652619926443892,mixed_media,canvas,8.390636277614743,1.1996699669966997,False,False
T4-E023,ridge,val_cold,hye yeong kim,김혜영,2594400.0,15.352041876663712,4648438.323114824,0.7917199826992074,mixed_media,canvas,8.306472160100585,2.0,False,False
T4-E023,ridge,val_cold,so young so,소영소,4830000.0,14.75018631047291,2546387.6640533693,0.47279758508211817,mixed_media,paper,7.795646536334594,1.2,False,False
T4-E023,ridge,val_cold,lee jin young 이진영,이진영,20700000.0,16.546356589836385,15345864.619975077,0.2586538830929915,acrylic,canvas,9.958669625812112,1.244819646968534,False,False
T4-E023,ridge,val_cold,joohyun kim,김주현,966000.0,13.809984801246536,994489.4821941532,0.02949221759229114,acrylic,canvas,6.379444340875127,1.2181818181818185,False,False
T4-E023,ridge,val_cold,g sim seyeon,그심세연,11592000.0,16.54788451936046,15369329.941714188,0.32585662023069256,mixed_media,unknown,9.7396789682616,1.0,False,False
T4-E023,ridge,val_cold,g sim seyeon,그심세연,12420000.0,16.405835323373616,13334101.354965663,0.0735991429118891,mixed_media,canvas,9.7396789682616,1.0,False,False
T4-E023,ridge,val_cold,jung boram,정보람,9691740.0,16.438727166851713,13779977.170719456,0.42182695477999366,mixed_media,paper,10.200921916430588,1.4558823529411764,True,False
T4-E023,ridge,val_cold,lee jin young 이진영,이진영,20700000.0,16.546356589836385,15345864.619975077,0.2586538830929915,acrylic,canvas,9.958669625812112,1.244819646968534,False,False
T4-E023,ridge,val_cold,dain lim,임다인,3367200.0,15.660605837981638,6328702.76058503,0.8795149562203105,oil,linen,8.79029955241563,1.260387811634349,False,False
T4-E023,ridge,val_cold,g sim seyeon,그심세연,12420000.0,16.58334266519134,15924074.876241172,0.2821316325475984,mixed_media,canvas,9.958669625812112,1.244819646968534,False,False
T4-E023,ridge,val_cold,lee jin young 이진영,이진영,2760000.0,14.716097180427449,2461046.392881799,0.10831652431818876,acrylic,canvas,7.776954403322442,1.1777777777777778,True,False
T4-E023,ridge,val_cold,hye yeong kim,김혜영,9273600.0,16.497551508632014,14614891.149413075,0.5759673858494085,mixed_media,linen,9.663541120184696,1.672164948453608,False,False
T4-E023,ridge,val_cold,dain lim,임다인,5602800.0,15.809507493867512,7344831.9944289485,0.31092168102180134,oil,linen,8.972178355987793,1.4993103448275862,False,False
T4-E023,ridge,val_cold,dain lim,임다인,2249400.0,15.356014822362262,4666943.050954716,1.0747501782496294,oil,linen,8.39475433422366,1.2046204620462049,False,False
T4-E023,ridge,val_cold,sori choi,최소리,69000000.0,16.410200136164487,13392429.414040258,0.805906820086373,mixed_media,metal,9.608042089466514,1.0,True,False
T4-E023,ridge,val_cold,joohyun kim,김주현,2484000.0,15.058819805621917,3467067.8878347944,0.3957600192571636,acrylic,canvas,8.003028666384733,1.4130434782608696,False,False
T4-E023,ridge,val_cold,lee jin young 이진영,이진영,20700000.0,16.368849248018662,12849934.191632612,0.3792302322882796,acrylic,canvas,9.7396789682616,1.0,False,False
T4-E023,ridge,val_cold,yun woo seung,윤우승,14904000.0,15.338365381102399,4585296.739017149,0.6923445558898853,mixed_media,unknown,8.144679183447758,1.2264150943396226,False,False
T4-E023,ridge,val_cold,g sim seyeon,그심세연,41400000.0,17.828865357584984,55332187.94144086,0.3365262787787647,mixed_media,canvas,11.507883575982392,2.7302252488213727,False,False
T4-E023,ridge,val_cold,du hyun hwang,황두현,4830000.0,16.145287039190663,10275644.476883885,1.1274626246136408,painting_material,unknown,9.198470199405696,1.5061728395061729,False,False
T4-E023,ridge,val_cold,sori choi,최소리,16560000.0,15.699169955596842,6577530.675559972,0.6028061186256056,mixed_media,metal,8.612503371220562,2.2,True,False
T4-E023,ridge,val_cold,dain lim,임다인,1352400.0,14.694588791752032,2408678.444426132,0.7810399618649304,oil,linen,7.511251237589436,1.536231884057971,False,False
T4-E023,ridge,val_cold,jung boram,정보람,3588000.0,15.290892270891044,4372704.572268537,0.21870250063225677,mixed_media,paper,8.475641764258002,1.7075471698113207,False,False
T4-E023,ridge,val_cold,lee jin young 이진영,이진영,20700000.0,16.383509346044388,13039703.103204101,0.3700626520191255,acrylic,canvas,9.955130785687968,1.2461538461538462,True,False
T4-E023,ridge,val_cold,sori choi,최소리,4968000.0,15.196596785326445,3979221.6202268666,0.19902946452760334,mixed_media,metal,7.783224016336037,1.5,False,False
T4-E023,ridge,val_cold,lee jin young 이진영,이진영,1380000.0,13.820830936222903,1005334.556604605,0.271496698112605,acrylic,canvas,6.275232720238627,3.4,False,False
T4-E023,ridge,val_cold,joohyun kim,김주현,966000.0,13.745470305816477,932356.2898074429,0.03482785734219159,acrylic,canvas,6.284600470242227,1.4102564102564104,False,False
T4-E023,ridge,val_cold,jung boram,정보람,2070000.0,15.052335181447429,3444657.993993028,0.6640859874362455,mixed_media,paper,8.182908560240437,1.3495145631067962,False,False
T4-E023,ridge,val_cold,joohyun kim,김주현,6762000.0,16.336183748822425,12436966.298095742,0.839243758961216,acrylic,canvas,9.66002521573902,1.6801242236024847,False,False
T4-E023,ridge,val_cold,youkyoung min,민유경,8280000.0,15.577762047698734,5825538.780812311,0.2964325143946484,mixed_media,wood,8.401333305321703,1.1967213114754098,False,False
T4-E023,ridge,val_cold,g sim seyeon,그심세연,41400000.0,17.828865357584984,55332187.94144086,0.3365262787787647,mixed_media,canvas,11.507883575982392,2.7302252488213727,False,False
T4-E023,ridge,val_cold,g sim seyeon,그심세연,12420000.0,16.58334266519134,15924074.876241172,0.2821316325475984,mixed_media,canvas,9.958669625812112,1.244819646968534,False,False
T4-E023,ridge,val_cold,hwallam moon,문화르람,17250000.0,15.679697309887102,6450687.742855999,0.6260470873706667,painting_material,paper,9.00291390760996,1.6075949367088609,False,False
T4-E023,ridge,val_cold,hwallam moon,문화르람,19320000.0,15.864156369166235,7757389.020924914,0.5984788291446732,painting_material,paper,9.235668879903228,1.7664041994750654,False,False
T4-E023,ridge,val_cold,joohyun kim,김주현,500000.0,14.040120596756868,1251834.4541212167,1.5036689082424333,mixed_media,unknown,6.4356694835320765,1.414285714285714,False,False
T4-E023,ridge,val_cold,g sim seyeon,그심세연,11592000.0,16.54788451936046,15369329.941714188,0.32585662023069256,mixed_media,unknown,9.7396789682616,1.0,False,False
T4-E023,ridge,val_cold,yun woo seung,윤우승,23736000.0,16.047836933754493,9321526.247860054,0.6072831880746523,mixed_media,unknown,9.052633375946147,1.6027397260273972,False,False
T4-E023,ridge,val_cold,g sim seyeon,그심세연,41400000.0,17.828865357584984,55332187.94144086,0.3365262787787647,mixed_media,canvas,11.507883575982392,2.7302252488213727,False,False
T4-E023,ridge,val_cold,youkyoung min,민유경,6900000.0,15.436717748743053,5059194.044038871,0.26678347187842444,mixed_media,wood,8.202482446576537,1.46,False,False
T4-E023,ridge,val_cold,r dam,르댐,2760000.0,15.837178815617355,7550911.297653864,1.7358374266861827,mixed_media,unknown,8.796101385722906,1.250343878954608,False,False
T4-E023,ridge,val_cold,dain lim,임다인,1131600.0,14.635893145305216,2271368.66821907,1.0072186887761312,oil,linen,7.452663438045286,1.200527704485488,False,False
T4-E023,ridge,val_cold,dain lim,임다인,1131600.0,14.635893145305216,2271368.66821907,1.0072186887761312,oil,linen,7.452663438045286,1.200527704485488,False,False
T4-E023,ridge,val_cold,joohyun kim,김주현,6762000.0,16.543707517882186,15305266.118315373,1.2634229692865089,acrylic,canvas,9.955130785687968,1.2461538461538462,False,False
T4-E023,ridge,val_cold,g sim seyeon,그심세연,11592000.0,16.54788451936046,15369329.941714188,0.32585662023069256,mixed_media,unknown,9.7396789682616,1.0,False,False
T4-E023,ridge,val_cold,xooang choi,최수앙,7590000.0,14.39362747655424,1782678.3396389808,0.7651280184928879,oil,paper,7.729955087456696,1.353658536585366,True,False
T4-E023,ridge,val_cold,byun sanghwan,변상환,5520000.0,16.30537829237423,12059680.934138404,1.1847248069091312,mixed_media,paper,9.798127036878302,1.8,False,False
T4-E023,ridge,val_cold,kim jung ah,김정아,12000000.0,16.619352687191064,16507950.762263624,0.37566256352196864,mixed_media,paper,10.22990945330384,1.4142857142857144,False,False
T4-E023,ridge,val_cold,kim jung ah,김정아,12000000.0,16.623498833615955,16576537.229814349,0.3813781024845291,mixed_media,paper,10.234947247333796,1.4214285714285717,False,False
T4-E023,ridge,val_cold,kim jung ah,김정아,800000.0,14.256565640173584,1554346.3168135292,0.9429328960169115,mixed_media,paper,7.138866999945524,1.4,False,False
T4-E023,ridge,val_cold,kim jung ah,김정아,800000.0,13.530959477100136,752351.9236960395,0.059560095379950655,mixed_media,paper,6.158566707538567,1.967741935483871,False,False
T4-E023,ridge,val_cold,kim jung ah,김정아,3000000.0,15.202012818380416,4000831.6836352297,0.33361056121174326,mixed_media,paper,8.37804606000608,1.3628318584070795,False,False
T4-E023,ridge,val_cold,kim jung ah,김정아,800000.0,13.579062493058258,789426.8801965611,0.013216399754298619,mixed_media,paper,6.269096283706261,1.0909090909090908,False,False
T4-E023,ridge,val_cold,kim jung ah,김정아,3200000.0,15.56408373968799,5746397.758589881,0.7957492995593377,mixed_media,paper,8.848652886213905,1.4214285714285717,False,False
T4-E023,ridge,val_cold,joo lee kang,강주리,9660000.0,15.786036743843086,7174450.589908705,0.25730325156224587,painting_material,paper,9.150431119222274,1.453416149068323,False,False
T4-E023,ridge,val_cold,kim jung ah,김정아,1600000.0,14.365444408402317,1733138.3677315717,0.08321147983223229,mixed_media,paper,7.290463399967686,1.2318840579710144,False,False
T4-E023,ridge,val_cold,kim jung ah,김정아,800000.0,12.766584972893343,350313.9295037724,0.5621075881202845,mixed_media,paper,5.10594547390058,2.933333333333333,False,False
T4-E023,ridge,val_cold,kim jung ah,김정아,2500000.0,14.699967356523484,2421668.5802807077,0.031332567887716926,mixed_media,paper,7.649692623711514,2.6785714285714284,False,False
T4-E023,ridge,val_cold,kim jung ah,김정아,3200000.0,15.56408373968799,5746397.758589881,0.7957492995593377,mixed_media,paper,8.848652886213905,1.4214285714285717,False,False
T4-E023,ridge,val_cold,kim jung ah,김정아,2500000.0,14.699967356523484,2421668.5802807077,0.031332567887716926,mixed_media,paper,7.649692623711514,2.6785714285714284,False,False
T4-E023,ridge,val_cold,kim jung ah,김정아,6000000.0,15.812549767044233,7367211.004062884,0.22786850067714726,mixed_media,paper,9.169518377455928,1.5,False,False
T4-E023,ridge,val_cold,kim jung ah,김정아,3000000.0,15.203264342013519,4005841.953621044,0.3352806512070146,mixed_media,paper,8.37981440706282,1.3604240282685511,False,False
T4-E023,ridge,val_cold,kim jung ah,김정아,800000.0,13.168036309519891,523366.00127147353,0.34579249841065807,mixed_media,paper,5.707110264748875,1.5357142857142858,False,False
T4-E023,ridge,val_cold,kim jung ah,김정아,1000000.0,13.864377000877703,1050080.0957359585,0.05008009573595854,mixed_media,paper,6.646390514847729,1.018181818181818,False,False
T4-E023,ridge,val_cold,kim jung ah,김정아,800000.0,14.188979357446568,1452765.2358089064,0.815956544761133,mixed_media,paper,7.003065458786462,2.272727272727273,False,False
T4-E023,ridge,val_cold,kim jung ah,김정아,800000.0,13.579062493058258,789426.8801965611,0.013216399754298619,mixed_media,paper,6.269096283706261,1.0909090909090908,False,False
T4-E023,ridge,val_cold,kim jung ah,김정아,2800000.0,15.280681157129866,4328281.578544784,0.5458148494802801,mixed_media,metal,7.903688638508489,1.3076923076923077,False,False
T4-E023,ridge,val_cold,byun sanghwan,변상환,2001000.0,15.037318114338852,3393315.8031482035,0.6958099965758139,mixed_media,paper,8.160518247477505,1.4,False,False
T4-E023,ridge,val_cold,kim jung ah,김정아,2500000.0,14.821736000082572,2735257.1191635197,0.09410284766540788,mixed_media,paper,7.86796719791422,1.5925925925925926,False,False
T4-E023,ridge,val_cold,kim jung ah,김정아,2500000.0,14.89507788130086,2943405.732538194,0.17736229301527756,mixed_media,paper,7.941829046512676,2.0,False,False
T4-E023,ridge,val_cold,byun sanghwan,변상환,2001000.0,15.037318114338852,3393315.8031482035,0.6958099965758139,mixed_media,paper,8.160518247477505,1.4,False,False
T4-E023,ridge,val_cold,kim jung ah,김정아,2000000.0,14.699967356523484,2421668.5802807077,0.21083429014035385,mixed_media,paper,7.649692623711514,2.6785714285714284,False,False
T4-E023,ridge,val_cold,kim jung ah,김정아,2000000.0,14.699967356523484,2421668.5802807077,0.21083429014035385,mixed_media,paper,7.649692623711514,2.6785714285714284,False,False
T4-E023,ridge,val_cold,kim jung ah,김정아,3000000.0,15.203264342013519,4005841.953621044,0.3352806512070146,mixed_media,paper,8.37981440706282,1.3604240282685511,False,False
T4-E023,ridge,val_cold,kim jung ah,김정아,2500000.0,14.676289297787916,2365001.6977862073,0.05399932088551707,mixed_media,paper,7.613324979540639,2.7777777777777777,False,False
T4-E023,ridge,val_cold,kim jung ah,김정아,800000.0,13.579062493058258,789426.8801965611,0.013216399754298619,mixed_media,paper,6.269096283706261,1.0909090909090908,False,False
T4-E023,ridge,val_cold,kim jung ah,김정아,800000.0,13.39261828308557,655149.2053381491,0.18106349332731364,mixed_media,paper,5.8289456176102075,4.705882352941177,False,False
T4-E023,ridge,val_cold,kim jung ah,김정아,2800000.0,14.83721904491969,2777936.780726783,0.00787972116900608,mixed_media,paper,7.903688638508489,1.3076923076923077,False,False
T4-E023,ridge,val_cold,kim jung ah,김정아,3000000.0,15.202012818380416,4000831.6836352297,0.33361056121174326,mixed_media,paper,8.37804606000608,1.3628318584070795,False,False
T4-E023,ridge,val_cold,kim jung ah,김정아,1600000.0,14.374983647324369,1749750.2953098512,0.09359393456865699,mixed_media,paper,7.302159439730876,1.2463768115942029,False,False
T4-E023,ridge,val_cold,kim jung ah,김정아,1200000.0,13.824548885347198,1009079.2964013085,0.15910058633224292,mixed_media,paper,6.575912310744586,1.3565217391304347,False,False
T4-E023,ridge,val_cold,kim jung ah,김정아,3000000.0,15.231151024483337,4119123.7821971094,0.3730412607323698,mixed_media,paper,8.41715183723601,1.3448275862068966,False,False
T4-E023,ridge,val_cold,hanna kim,김한나,1380000.0,14.216515052504787,1493323.9802900057,0.08211882629710557,mixed_media,paper,7.090076835776092,1.3333333333333333,False,False
T4-E023,ridge,val_cold,kim greem,김그리므,966000.0,14.259785293567857,1559358.8381689799,0.6142431036945961,mixed_media,canvas,6.931471805599453,1.0,False,False
T4-E023,ridge,val_cold,kim greem,김그리므,1380000.0,14.768657594161562,2593859.7988750227,0.8796085499094367,oil,canvas,7.788004239509027,1.164835164835165,False,False
T4-E023,ridge,val_cold,hanna kim,김한나,9000000.0,15.746942868932257,6899385.2330053765,0.2334016407771804,oil,canvas,9.271322576910975,1.2835164835164834,True,False
T4-E023,ridge,val_cold,hanna kim,김한나,2000000.0,13.896196709960867,1084030.6223259084,0.4579846888370458,oil,canvas,6.849956660254765,1.2757352941176472,True,False
T4-E023,ridge,val_cold,hanna kim,김한나,1794000.0,13.549550886672737,766470.0376244251,0.5727591763520484,oil,canvas,6.398794581825658,1.2307692307692306,True,False
T4-E023,ridge,val_cold,hanna kim,김한나,2000000.0,13.896196709960867,1084030.6223259084,0.4579846888370458,oil,canvas,6.849956660254765,1.2757352941176472,True,False
T4-E023,ridge,val_cold,hanna kim,김한나,2000000.0,13.898548338946348,1086582.8599403056,0.4567085700298472,oil,canvas,6.8528343600823804,1.2794117647058822,True,False
T4-E023,ridge,val_cold,gyul e kim,김귤에,3864000.0,16.59286590744207,16076448.090837952,3.160571452080215,mixed_media,canvas,9.820230935785228,7.888198757763976,True,False
T4-E023,ridge,val_cold,kim greem,김그리므,1104000.0,13.68024087178775,873480.3143545437,0.20880406308465246,oil,canvas,6.372705266325282,1.0,False,False
T4-E023,ridge,val_cold,hanna kim,김한나,1449000.0,13.349677927449008,627612.3184076668,0.5668652046876006,oil,canvas,6.125689449199213,1.443820224719101,True,False
T4-E023,ridge,val_cold,hanna kim,김한나,4416000.0,14.527610213519813,2038266.4263120461,0.5384360447662939,oil,canvas,7.675193272122332,1.2941176470588236,True,False
T4-E023,ridge,val_cold,hanna kim,김한나,3312000.0,14.14764033351594,1393933.7352944044,0.5791262876526556,oil,canvas,7.177904546141612,1.2955974842767295,True,False
T4-E023,ridge,val_cold,hanna kim,김한나,1242000.0,12.96633711901307,427768.362529003,0.6555810285595789,oil,canvas,5.598903324604841,1.907563025210084,True,False
T4-E023,ridge,val_cold,kim minchae,김민채,12000000.0,16.577321192526743,15828476.604705386,0.31903971705878215,oil,canvas,10.137182046379406,1.4881043745203375,False,False
T4-E023,ridge,val_cold,hanna kim,김한나,4457400.0,14.385507692799045,1768261.9850637221,0.6032974413192169,oil,canvas,7.472841789474565,1.5963855421686746,True,False
T4-E023,ridge,val_cold,kim greem,김그리므,1932000.0,15.368184677355192,4724086.077051813,1.4451791289088058,mixed_media,canvas,8.371010681238156,1.2,False,False
T4-E023,ridge,val_cold,hanna kim,김한나,2553000.0,13.89121864360526,1078647.6554559304,0.5774979806283077,oil,canvas,6.843387409949334,1.2767527675276753,True,False
T4-E023,ridge,val_cold,kim greem,김그리므,9384000.0,16.405835323373616,13334101.354965663,0.420940042089265,mixed_media,canvas,9.7396789682616,1.0,False,False
T4-E023,ridge,val_cold,hanna kim,김한나,15249000.0,16.074174898106826,9570297.963503955,0.37239832359473046,oil,canvas,9.698674957906642,1.2991071428571428,True,False
T4-E023,ridge,val_cold,hanna kim,김한나,2553000.0,13.72788376584332,916102.7096812495,0.6411661928393069,oil,canvas,6.60934924316738,1.650943396226415,True,False
T4-E023,ridge,val_cold,hanna kim,김한나,11937000.0,15.752077550037512,6934902.482840814,0.4190414272563614,oil,canvas,9.278032664743836,1.2836801752464404,True,False
T4-E023,ridge,val_cold,hanna lee,이한나,786600.0,14.513868247133452,2010448.213833981,1.5558711083574637,oil,canvas,7.452663438045286,1.200527704485488,False,False
T4-E023,ridge,val_cold,hanna kim,김한나,9315000.0,15.381419543681195,4787024.295554105,0.48609508367642457,oil,canvas,8.794724923014183,1.2520661157024795,True,False
T4-E023,ridge,val_cold,hanna lee,이한나,897000.0,14.592408565216944,2174715.838962909,1.4244323734257625,oil,panel,7.681421976600878,1.2958435207823962,False,False
T4-E023,ridge,val_cold,gyul e kim,김귤에,345000.0,15.278254294743416,4317790.170534826,11.515333827637177,mixed_media,canvas,8.251856914892892,1.227191413237925,False,False
T4-E023,ridge,val_cold,hanna kim,김한나,2760000.0,13.722211861805715,910921.3709419173,0.6699560250210445,oil,canvas,6.601759869690402,1.6540284360189572,True,False
T4-E023,ridge,val_cold,hanna kim,김한나,7038000.0,15.070439397807817,3507588.764896268,0.5016213746950458,oil,canvas,8.390636277614743,1.1996699669966997,True,False
T4-E023,ridge,val_cold,hanna lee,이한나,897000.0,14.692639977699978,2403988.948988233,1.6800322731195465,oil,canvas,7.681421976600878,1.2958435207823962,False,False
T4-E023,ridge,val_cold,nam tchun mo,남춘모,11040000.0,15.646829600410271,6242114.84510152,0.43459104663935505,oil,canvas,8.935903526274423,1.1875,False,False
T4-E023,ridge,val_cold,lee hyo youn,이효윤,1656000.0,14.387627415700642,1772014.1858975473,0.07005687554199716,oil,linen,7.102499355774649,1.6666666666666667,False,False
T4-E023,ridge,val_cold,hanna lee,이한나,897000.0,14.44966785133281,1885432.605236837,1.1019315554479787,oil,panel,7.478847813534776,1.5868263473053892,False,False
T4-E023,ridge,val_cold,hye yeong kim,김혜영,331200.0,13.984064544892465,1183592.1236230335,2.5736477162531206,mixed_media,linen,6.39792915554923,1.240909090909091,False,False
T4-E023,ridge,val_cold,hanna lee,이한나,565800.0,14.244218245314684,1535272.189317497,1.713453851745311,oil,canvas,7.110696122978827,1.0,False,False
T4-E023,ridge,val_cold,hanna lee,이한나,897000.0,14.768657594161562,2593859.7988750227,1.8917054613991333,oil,canvas,7.788004239509027,1.164835164835165,False,False
T4-E023,ridge,val_cold,hanna lee,이한나,2787600.0,15.818639532312936,7412212.474885547,1.6589942871594012,oil,canvas,9.146232691346842,1.4545454545454546,False,False
T4-E023,ridge,val_cold,kim greem,김그리므,5520000.0,15.907141040770057,8098108.232078967,0.46704859276792876,oil,canvas,9.271322576910975,1.2835164835164834,False,False
T4-E023,ridge,val_cold,lee hyo youn,이효윤,2760000.0,14.008612357375664,1213006.2705584236,0.5605049744353537,oil,canvas,6.802394763324311,1.0,False,False
T4-E023,ridge,val_cold,seohyun oh,오서현,4692000.0,15.19005234947539,3953264.888322646,0.1574456759755657,oil,linen,8.1886891244442,1.0,False,False
T4-E023,ridge,val_cold,nam tchun mo,남춘모,27600000.0,16.706244694338235,18006523.99460655,0.34758971034034236,oil,canvas,10.322197887394314,1.1875,False,False
T4-E023,ridge,val_cold,lee hyo youn,이효윤,2760000.0,14.890682492333326,2930496.7103242497,0.06177417040733685,oil,linen,7.788004239509027,1.164835164835165,False,False
T4-E023,ridge,val_cold,lee hyo youn,이효윤,2760000.0,14.890682492333326,2930496.7103242497,0.06177417040733685,oil,linen,7.788004239509027,1.164835164835165,False,False
T4-E023,ridge,val_cold,lee hyo youn,이효윤,2760000.0,14.890682492333326,2930496.7103242497,0.06177417040733685,oil,linen,7.788004239509027,1.164835164835165,False,False
T4-E023,ridge,val_cold,lee hyo youn,이효윤,11730000.0,15.939958217014684,8368274.070946715,0.2865921508144318,oil,linen,9.145376160245226,1.4533001245330013,False,False
T4-E023,ridge,val_cold,lee hyo youn,이효윤,2760000.0,14.890682492333326,2930496.7103242497,0.06177417040733685,oil,linen,7.788004239509027,1.164835164835165,False,False
T4-E023,ridge,val_cold,lee hyo youn,이효윤,3036000.0,15.043213920126542,3413381.2268969086,0.12430211689621495,mixed_media,linen,7.788004239509027,1.164835164835165,False,False
T4-E023,ridge,val_cold,lee hyo youn,이효윤,27600000.0,17.089513137060706,26416863.603839673,0.042867260730446624,mixed_media,linen,10.388379794275616,2.5892857142857144,False,False
T4-E023,ridge,val_cold,hye yeong kim,김혜영,6982800.0,16.350313879373907,12613949.710203586,0.8064314759413969,mixed_media,linen,9.473296768791016,1.62751677852349,False,False
T4-E023,ridge,val_cold,lee hyo youn,이효윤,3450000.0,15.000448680689564,3270484.446540278,0.05203349375644118,oil,linen,7.940583827104244,1.0,False,False
T4-E023,ridge,val_cold,lee hyo youn,이효윤,11730000.0,16.028465798236414,9142695.3702795,0.2205715796863171,oil,linen,9.27046604580936,1.2824175824175823,False,False
T4-E023,ridge,val_cold,seohyun oh,오서현,3312000.0,14.784980767364894,2636547.271319124,0.20394104126838045,oil,linen,7.645397699428633,1.2439024390243902,False,False
T4-E023,ridge,val_cold,hye yeong kim,김혜영,3615600.0,15.6130357125092,6034694.033228751,0.6690712560097221,mixed_media,canvas,8.891511570527564,1.3755158184319118,True,False
T4-E023,ridge,val_cold,hye yeong kim,김혜영,331200.0,13.984064544892465,1183592.1236230335,2.5736477162531206,mixed_media,linen,6.39792915554923,1.240909090909091,False,False
T4-E023,ridge,val_cold,hye yeong kim,김혜영,9177000.0,16.430811237398125,13671326.44665221,0.48973808942488933,oil,canvas,9.958669625812112,1.244819646968534,False,False
T4-E023,ridge,val_cold,hye yeong kim,김혜영,4071000.0,15.36083165169801,4689477.147028969,0.15192265955022566,mixed_media,linen,8.1886891244442,1.44,False,False
T4-E023,ridge,val_cold,g sim seyeon,그심세연,6210000.0,15.704634266144822,6613570.723140498,0.06498723400008015,oil,canvas,9.0217190130337,1.0,False,False
T4-E023,ridge,val_cold,lee hyo youn,이효윤,19320000.0,16.444598994478877,13861128.84252184,0.2825502669502153,oil,linen,9.80609520652748,1.4464285714285714,False,False
T4-E023,ridge,val_cold,lee hyo youn,이효윤,2760000.0,14.890682492333326,2930496.7103242497,0.06177417040733685,oil,linen,7.788004239509027,1.164835164835165,False,False
T4-E023,ridge,val_cold,lee hyo youn,이효윤,5520000.0,15.60457970496236,5983879.760662272,0.08403618852577385,mixed_media,linen,8.529105951879847,1.0445402298850577,False,False
T4-E023,ridge,val_cold,lee hyo youn,이효윤,2760000.0,14.890682492333326,2930496.7103242497,0.06177417040733685,oil,linen,7.788004239509027,1.164835164835165,False,False
T4-E023,ridge,val_cold,lee hyo youn,이효윤,6900000.0,15.738645315012949,6842374.065739985,0.008351584675364548,mixed_media,linen,8.685246776412487,1.4,False,False
T4-E023,ridge,val_cold,gyul e kim,김귤에,1380000.0,15.011638913096442,3307287.460678242,1.3965851164335088,mixed_media,canvas,7.906915488678587,1.154639175257732,False,False
T4-E023,ridge,val_cold,lee hyo youn,이효윤,3036000.0,15.043213920126542,3413381.2268969086,0.12430211689621495,mixed_media,linen,7.788004239509027,1.164835164835165,False,False
T4-E023,ridge,val_cold,seohyun oh,오서현,11040000.0,16.593043517568926,16079303.6844064,0.4564586670657971,oil,linen,10.01681623784313,1.1428571428571428,False,False
T4-E023,ridge,val_cold,lee hyo youn,이효윤,2070000.0,13.908380944892631,1097319.4990995957,0.46989396178763493,oil,panel,6.802394763324311,1.0,False,False
T4-E023,ridge,val_cold,green lee,이그리느,2760000.0,15.361477871725036,4692508.560452197,0.7001842610334046,oil,canvas,8.572682769078947,1.0,False,False
T4-E023,ridge,val_cold,lee hyo youn,이효윤,2760000.0,14.890682492333326,2930496.7103242497,0.06177417040733685,oil,linen,7.788004239509027,1.164835164835165,False,False
T4-E023,ridge,val_cold,lee hyo youn,이효윤,2760000.0,14.890682492333326,2930496.7103242497,0.06177417040733685,oil,linen,7.788004239509027,1.164835164835165,False,False
T4-E023,ridge,val_cold,gyul e kim,김귤에,2898000.0,15.496825726118482,5372617.221813032,0.8539051835103632,mixed_media,canvas,8.747806375432315,1.2214484679665738,True,False
T4-E023,ridge,val_cold,lee hyo youn,이효윤,2760000.0,14.890682492333326,2930496.7103242497,0.06177417040733685,oil,linen,7.788004239509027,1.164835164835165,False,False
T4-E023,ridge,val_cold,lee hyo youn,이효윤,11730000.0,16.028465798236414,9142695.3702795,0.2205715796863171,oil,linen,9.27046604580936,1.2824175824175823,False,False
T4-E023,ridge,val_cold,lee hyo youn,이효윤,2760000.0,14.890682492333326,2930496.7103242497,0.06177417040733685,oil,linen,7.788004239509027,1.164835164835165,False,False
T4-E023,ridge,val_cold,lee hyo youn,이효윤,5520000.0,15.352662467817382,4651323.998136109,0.1573688409173716,oil,linen,8.390636277614743,1.1996699669966997,False,False
T4-E023,ridge,val_cold,lee hyo youn,이효윤,12420000.0,16.028465798236414,9142695.3702795,0.26387315859263283,oil,linen,9.27046604580936,1.2824175824175823,False,False
T4-E023,ridge,val_cold,lee hyo youn,이효윤,2760000.0,14.890682492333326,2930496.7103242497,0.06177417040733685,oil,linen,7.788004239509027,1.164835164835165,False,False
T4-E023,ridge,val_cold,lee hyo youn,이효윤,6900000.0,15.53448067080989,5578779.990795001,0.19148116075434762,oil,canvas,8.78615105486974,1.237964236588721,False,False
T4-E023,ridge,val_cold,lee hyo youn,이효윤,2760000.0,14.890682492333326,2930496.7103242497,0.06177417040733685,oil,linen,7.788004239509027,1.164835164835165,False,False
T4-E023,ridge,val_cold,lee hyo youn,이효윤,2760000.0,14.890682492333326,2930496.7103242497,0.06177417040733685,oil,linen,7.788004239509027,1.164835164835165,False,False
T4-E023,ridge,val_cold,lee hyo youn,이효윤,2760000.0,14.890682492333326,2930496.7103242497,0.06177417040733685,oil,linen,7.788004239509027,1.164835164835165,False,False
T4-E023,ridge,val_cold,lee hyo youn,이효윤,2208000.0,14.42388718560268,1837446.117082949,0.16782331653851945,oil,linen,7.170596352834887,1.2861635220125784,False,False
T4-E023,ridge,val_cold,lee hyo youn,이효윤,2484000.0,14.919775498181838,3017005.973788526,0.21457567382790899,mixed_media,linen,7.63542465191381,1.0,False,False
T4-E023,ridge,val_cold,lee hyo youn,이효윤,11730000.0,15.870275294182807,7805001.42247026,0.3346119844441381,oil,linen,9.045947923831983,1.6052269601100413,False,False
T4-E023,ridge,val_cold,gyul e kim,김귤에,345000.0,13.526900819214204,749304.5728883017,1.171897312719715,mixed_media,canvas,6.182084906716632,1.0,True,False
T4-E023,ridge,val_cold,lee hyo youn,이효윤,3036000.0,14.701817244396421,2426152.5417539114,0.2008720218201873,oil,linen,7.495541943884256,2.0,False,False
T4-E023,ridge,val_cold,lee hyo youn,이효윤,11730000.0,16.18099722602963,10649220.191991365,0.09213809104932953,mixed_media,linen,9.27046604580936,1.2824175824175823,False,False
T4-E023,ridge,val_cold,lee hyo youn,이효윤,19320000.0,16.55182959586587,15430082.88287688,0.20134146568960246,oil,linen,9.957435819363184,1.2432847275518035,False,False
T4-E023,ridge,val_cold,lee hyo youn,이효윤,2760000.0,14.890682492333326,2930496.7103242497,0.06177417040733685,oil,linen,7.788004239509027,1.164835164835165,False,False
T4-E023,ridge,val_cold,lee hyo youn,이효윤,2760000.0,14.890682492333326,2930496.7103242497,0.06177417040733685,oil,linen,7.788004239509027,1.164835164835165,False,False
T4-E023,ridge,val_cold,lee hyo youn,이효윤,2760000.0,14.890682492333326,2930496.7103242497,0.06177417040733685,oil,linen,7.788004239509027,1.164835164835165,False,False
T4-E023,ridge,val_cold,seohyun oh,오서현,9246000.0,16.274731041770817,11695691.005108228,0.26494603126846505,oil,linen,9.608042089466514,1.0,False,False
T4-E023,ridge,val_cold,lee hyo youn,이효윤,2760000.0,14.890682492333326,2930496.7103242497,0.06177417040733685,oil,linen,7.788004239509027,1.164835164835165,False,False
T4-E023,ridge,val_cold,lee hyo youn,이효윤,2484000.0,14.890682492333326,2930496.7103242497,0.17974907823037428,oil,linen,7.788004239509027,1.164835164835165,False,False
T4-E023,ridge,val_cold,green lee,이그리느,2760000.0,15.361477871725036,4692508.560452197,0.7001842610334046,oil,canvas,8.572682769078947,1.0,False,False
T4-E023,ridge,val_cold,lee hyo youn,이효윤,2760000.0,14.890682492333326,2930496.7103242497,0.06177417040733685,oil,linen,7.788004239509027,1.164835164835165,False,False
T4-E023,ridge,val_cold,lee hyo youn,이효윤,4830000.0,15.216274738420545,4058300.0557684265,0.1597722451825204,oil,linen,8.19836438996762,1.454,False,False
T4-E023,ridge,val_cold,lee hyo youn,이효윤,2760000.0,14.890682492333326,2930496.7103242497,0.06177417040733685,oil,linen,7.788004239509027,1.164835164835165,False,False
T4-E023,ridge,val_cold,lee hyo youn,이효윤,1656000.0,14.130637255547427,1370432.9304983434,0.17244388254930954,oil,linen,6.802394763324311,1.0,False,False
T4-E023,ridge,val_cold,lee hyo youn,이효윤,2760000.0,14.890682492333326,2930496.7103242497,0.06177417040733685,oil,linen,7.788004239509027,1.164835164835165,False,False
T4-E023,ridge,val_cold,hanna lee,이한나,5561400.0,16.430811237398125,13671326.44665221,1.458252678579532,oil,canvas,9.958669625812112,1.244819646968534,False,False
T4-E023,ridge,val_cold,hanna kim,김한나,2000000.0,14.051416815443059,1266055.6213579273,0.3669721893210363,oil,canvas,6.843387409949334,1.2767527675276753,False,False
T4-E023,ridge,val_cold,lee hyo youn,이효윤,2760000.0,14.890682492333326,2930496.7103242497,0.06177417040733685,oil,linen,7.788004239509027,1.164835164835165,False,False
T4-E023,ridge,val_cold,seohyun oh,오서현,8280000.0,16.110733047044956,9926644.336584922,0.19887008895953162,oil,linen,9.323669057283183,2.2857142857142856,False,False
T4-E023,ridge,val_cold,sori choi,최소리,55200000.0,16.410200136164487,13392429.414040258,0.7573835251079662,mixed_media,metal,9.608042089466514,1.0,True,False
T4-E023,ridge,val_cold,lee hyo youn,이효윤,2760000.0,14.890682492333326,2930496.7103242497,0.06177417040733685,oil,linen,7.788004239509027,1.164835164835165,False,False
T4-E023,ridge,val_cold,lee hyo youn,이효윤,11730000.0,16.0924896448079,9747190.472749963,0.16903747035379682,mixed_media,linen,9.145376160245226,1.4533001245330013,False,False
T4-E023,ridge,val_cold,lee hyo youn,이효윤,2760000.0,14.890682492333326,2930496.7103242497,0.06177417040733685,oil,linen,7.788004239509027,1.164835164835165,False,False
T4-E023,ridge,val_cold,gyul e kim,김귤에,10626000.0,16.82117714247546,20199676.400693353,0.9009670996323502,mixed_media,canvas,10.272910889297028,1.189102564102564,False,False
T4-E023,ridge,val_cold,hye yeong kim,김혜영,3049800.0,15.464270644956834,5200527.626073314,0.7052028415218421,oil,canvas,8.685684550397957,1.3963133640552998,False,False
T4-E023,ridge,val_cold,lee hyo youn,이효윤,2760000.0,14.890682492333326,2930496.7103242497,0.06177417040733685,oil,linen,7.788004239509027,1.164835164835165,False,False
T4-E023,ridge,val_cold,lee hyo youn,이효윤,2484000.0,14.890682492333326,2930496.7103242497,0.17974907823037428,oil,linen,7.788004239509027,1.164835164835165,False,False
T4-E023,ridge,val_cold,lee hyo youn,이효윤,2760000.0,14.890682492333326,2930496.7103242497,0.06177417040733685,oil,linen,7.788004239509027,1.164835164835165,False,False
T4-E023,ridge,val_cold,lee hyo youn,이효윤,8280000.0,15.429327109644767,5021941.197470551,0.39348536262432954,oil,canvas,8.661466680572662,1.0,False,False
T4-E023,ridge,val_cold,lee hyo youn,이효윤,11730000.0,16.18099722602963,10649220.191991365,0.09213809104932953,mixed_media,linen,9.27046604580936,1.2824175824175823,False,False
T4-E023,ridge,val_cold,lee hyo youn,이효윤,22080000.0,16.699346090698505,17882731.610880077,0.19009367704347477,oil,linen,10.137182046379406,1.4881043745203375,False,False
T4-E023,ridge,val_cold,hanna lee,이한나,4002000.0,16.042002234212667,9267296.304494396,1.315666243002098,oil,canvas,9.444550462634185,1.343298969072165,False,False
T4-E023,ridge,val_cold,lee hyo youn,이효윤,19320000.0,16.444598994478877,13861128.84252184,0.2825502669502153,oil,linen,9.80609520652748,1.4464285714285714,False,False
T4-E023,ridge,val_cold,lee hyo youn,이효윤,35880000.0,17.12419565536818,27349140.36296718,0.2377608594490753,mixed_media,linen,10.499242387087424,1.382716049382716,False,False
T4-E023,ridge,val_cold,lee hyo youn,이효윤,6900000.0,15.688387263591698,6506988.190551271,0.056958233253439024,mixed_media,linen,8.614054894258702,1.5,False,False
T4-E023,ridge,val_cold,lee hyo youn,이효윤,6900000.0,15.664623090009062,6354177.890328798,0.07910465357553646,oil,linen,8.796101385722906,1.250343878954608,False,False
T4-E023,ridge,val_cold,lee hyo youn,이효윤,2760000.0,14.890682492333326,2930496.7103242497,0.06177417040733685,oil,linen,7.788004239509027,1.164835164835165,False,False
T4-E023,ridge,val_cold,lee hyo youn,이효윤,2760000.0,14.890682492333326,2930496.7103242497,0.06177417040733685,oil,linen,7.788004239509027,1.164835164835165,False,False
T4-E023,ridge,val_cold,lee hyo youn,이효윤,2760000.0,14.890682492333326,2930496.7103242497,0.06177417040733685,oil,linen,7.788004239509027,1.164835164835165,False,False
T4-E023,ridge,val_cold,green lee,이그리느,1380000.0,15.227215345785348,4102944.0943841613,1.9731478944812764,oil,canvas,8.386229926897425,1.1983471074380163,False,False
T4-E023,ridge,val_cold,lee hyo youn,이효윤,11730000.0,15.939958217014684,8368274.070946715,0.2865921508144318,oil,linen,9.145376160245226,1.4533001245330013,False,False
T4-E023,ridge,val_cold,lee hyo youn,이효윤,6900000.0,15.664623090009062,6354177.890328798,0.07910465357553646,oil,linen,8.796101385722906,1.250343878954608,False,False
T4-E023,ridge,val_cold,green lee,이그리느,1380000.0,15.230637569645618,4117009.3410454486,1.9833401022068469,oil,canvas,8.390636277614743,1.1996699669966997,False,False
T4-E023,ridge,val_cold,hanna kim,김한나,2000000.0,14.051416815443059,1266055.6213579273,0.3669721893210363,oil,canvas,6.843387409949334,1.2767527675276753,False,False
T4-E023,ridge,val_cold,hanna lee,이한나,2001000.0,15.413830937626718,4944720.193053087,1.471124534259414,oil,canvas,8.614054894258702,1.5,False,False
T4-E023,ridge,val_cold,lee hyo youn,이효윤,2760000.0,14.890682492333326,2930496.7103242497,0.06177417040733685,oil,linen,7.788004239509027,1.164835164835165,False,False
T4-E023,ridge,val_cold,lee hyo youn,이효윤,19320000.0,16.429804697694106,13657572.636816084,0.29308630244223166,oil,canvas,9.957435819363184,1.2432847275518035,False,False
T4-E023,ridge,val_cold,sori choi,최소리,11040000.0,15.350785042236522,4642599.675672797,0.5794746670586235,mixed_media,metal,8.221747728346623,1.0,True,False
T4-E023,ridge,val_cold,lee hyo youn,이효윤,11730000.0,16.028465798236414,9142695.3702795,0.2205715796863171,oil,linen,9.27046604580936,1.2824175824175823,False,False
T4-E023,ridge,val_cold,lee hyo youn,이효윤,22080000.0,16.699346090698505,17882731.610880077,0.19009367704347477,oil,linen,10.137182046379406,1.4881043745203375,False,False
T4-E023,ridge,val_cold,lee hyo youn,이효윤,19320000.0,16.55182959586587,15430082.88287688,0.20134146568960246,oil,linen,9.957435819363184,1.2432847275518035,False,False
T4-E023,ridge,val_cold,lee hyo youn,이효윤,7590000.0,15.642328288543291,6214080.2829637285,0.18128059512994354,mixed_media,linen,8.580918882296782,1.0,False,False
T4-E023,ridge,val_cold,hye yeong kim,김혜영,4912800.0,15.979190592109802,8703106.528314902,0.7715165543712142,mixed_media,linen,9.0217190130337,1.0,False,False
T4-E023,ridge,val_cold,lee hyo youn,이효윤,2760000.0,14.890682492333326,2930496.7103242497,0.06177417040733685,oil,linen,7.788004239509027,1.164835164835165,False,False
T4-E023,ridge,val_cold,lee hyo youn,이효윤,2760000.0,14.890682492333326,2930496.7103242497,0.06177417040733685,oil,linen,7.788004239509027,1.164835164835165,False,False
T4-E023,ridge,val_cold,hanna kim,김한나,2000000.0,14.051416815443059,1266055.6213579273,0.3669721893210363,oil,canvas,6.843387409949334,1.2767527675276753,False,False
T4-E023,ridge,val_cold,lee hyo youn,이효윤,12420000.0,15.939958217014684,8368274.070946715,0.32622592021363006,oil,linen,9.145376160245226,1.4533001245330013,False,False
T4-E023,ridge,val_cold,lee hyo youn,이효윤,2760000.0,14.890682492333326,2930496.7103242497,0.06177417040733685,oil,linen,7.788004239509027,1.164835164835165,False,False
T4-E023,ridge,val_cold,lee hyo youn,이효윤,5520000.0,15.352662467817382,4651323.998136109,0.1573688409173716,oil,linen,8.390636277614743,1.1996699669966997,False,False
T4-E023,ridge,val_cold,lee hyo youn,이효윤,11730000.0,15.870275294182807,7805001.42247026,0.3346119844441381,oil,linen,9.045947923831983,1.6052269601100413,False,False
T4-E023,ridge,val_cold,lee hyo youn,이효윤,5520000.0,15.352662467817382,4651323.998136109,0.1573688409173716,oil,linen,8.390636277614743,1.1996699669966997,False,False
T4-E023,ridge,val_cold,lee hyo youn,이효윤,19320000.0,16.55182959586587,15430082.88287688,0.20134146568960246,oil,linen,9.957435819363184,1.2432847275518035,False,False
T4-E023,ridge,val_cold,hanna kim,김한나,13000000.0,16.430308112962972,13664449.798305925,0.05111152294660962,oil,canvas,9.95805291287243,1.2440521872601686,False,False
T4-E023,ridge,val_cold,bonjeong koo,구본정,3450000.0,15.590667133777112,5901205.049963284,0.7104942173806621,oil,panel,8.985655633643145,1.3333333333333333,False,False
T4-E023,ridge,val_cold,lee hyo youn,이효윤,5520000.0,15.352662467817382,4651323.998136109,0.1573688409173716,oil,linen,8.390636277614743,1.1996699669966997,False,False
T4-E023,ridge,val_cold,lee hyo youn,이효윤,5520000.0,15.352662467817382,4651323.998136109,0.1573688409173716,oil,linen,8.390636277614743,1.1996699669966997,False,False
T4-E023,ridge,val_cold,lee hyo youn,이효윤,17940000.0,16.34399168780163,12534453.463691749,0.3013125159592113,oil,linen,9.662307313735766,1.6701030927835052,False,False
T4-E023,ridge,val_cold,lee hyo youn,이효윤,2760000.0,14.890682492333326,2930496.7103242497,0.06177417040733685,oil,linen,7.788004239509027,1.164835164835165,False,False
T4-E023,ridge,val_cold,lee hyo youn,이효윤,2760000.0,14.890682492333326,2930496.7103242497,0.06177417040733685,oil,linen,7.788004239509027,1.164835164835165,False,False
T4-E023,ridge,val_cold,lee hyo youn,이효윤,2760000.0,14.890682492333326,2930496.7103242497,0.06177417040733685,oil,linen,7.788004239509027,1.164835164835165,False,False
T4-E023,ridge,val_cold,lee hyo youn,이효윤,3312000.0,15.219648732095713,4072015.859995348,0.2294733876797548,mixed_media,linen,8.016317898503415,1.212,False,False
T4-E023,ridge,val_cold,lee hyo youn,이효윤,4140000.0,15.216274738420545,4058300.0557684265,0.01973428604627379,oil,linen,8.19836438996762,1.454,False,False
T4-E023,ridge,val_cold,green lee,이그리느,2760000.0,15.464270644956834,5200527.626073314,0.8842491398816354,oil,canvas,8.685684550397957,1.3963133640552998,False,False
T4-E023,ridge,val_cold,lee hyo youn,이효윤,19320000.0,16.55182959586587,15430082.88287688,0.20134146568960246,oil,linen,9.957435819363184,1.2432847275518035,False,False
T4-E023,ridge,val_cold,hanna kim,김한나,12420000.0,15.75083943462612,6926321.586366544,0.4423251540767678,oil,canvas,9.276802042675602,1.2765027322404372,True,False
T4-E023,ridge,val_cold,sunghoon yang,양성훈,8280000.0,15.660255870378965,6326488.307167953,0.23593136386860472,mixed_media,canvas,8.764053269347762,1.0,False,False
T4-E023,ridge,val_cold,lee hyo youn,이효윤,3450000.0,14.480604701038436,1944673.5902693886,0.43632649557409026,oil,paper,7.633853559681768,1.358974358974359,False,False
T4-E023,ridge,val_cold,lee hyo youn,이효윤,19320000.0,16.55182959586587,15430082.88287688,0.20134146568960246,oil,linen,9.957435819363184,1.2432847275518035,False,False
T4-E023,ridge,val_cold,lee hyo youn,이효윤,4830000.0,15.216274738420545,4058300.0557684265,0.1597722451825204,oil,linen,8.19836438996762,1.454,False,False
T4-E023,ridge,val_cold,lee hyo youn,이효윤,2760000.0,14.890682492333326,2930496.7103242497,0.06177417040733685,oil,linen,7.788004239509027,1.164835164835165,False,False
T4-E023,ridge,val_cold,hanna lee,이한나,4457400.0,16.132820952022296,10148342.524333837,1.2767403697971544,oil,canvas,9.55488706511493,1.5,False,False
T4-E023,ridge,val_cold,lee hyo youn,이효윤,2484000.0,14.890682492333326,2930496.7103242497,0.17974907823037428,oil,linen,7.788004239509027,1.164835164835165,False,False
T4-E023,ridge,val_cold,taeseok ju 주태석,주태석,27600000.0,15.09424984024878,3592108.2352162898,0.8698511508979605,oil,canvas,8.19836438996762,1.454,False,False
T4-E023,ridge,val_cold,hye yeong kim,김혜영,938400.0,14.510631801218143,2003952.0248768888,1.13549874773752,mixed_media,fabric,7.613324979540639,1.0,False,False
T4-E023,ridge,val_cold,lee hyo youn,이효윤,11730000.0,16.028465798236414,9142695.3702795,0.2205715796863171,oil,linen,9.27046604580936,1.2824175824175823,False,False
T4-E023,ridge,val_cold,lee hyo youn,이효윤,19320000.0,16.704361023659082,17972637.55878694,0.06973925679156626,mixed_media,linen,9.957435819363184,1.2432847275518035,False,False
T4-E023,ridge,val_cold,lee hyo youn,이효윤,2484000.0,14.890682492333326,2930496.7103242497,0.17974907823037428,oil,linen,7.788004239509027,1.164835164835165,False,False
T4-E023,ridge,val_cold,lee hyo youn,이효윤,3450000.0,15.152547126566443,3807742.784658305,0.10369356077052315,mixed_media,linen,7.922007219032173,1.3318681318681318,False,False
T4-E023,ridge,val_cold,lee hyo youn,이효윤,19320000.0,16.699346090698505,17882731.610880077,0.07439277376397117,oil,linen,10.137182046379406,1.4881043745203375,False,False
T4-E023,ridge,val_cold,hanna kim,김한나,7000000.0,15.54071941699922,5613693.377842523,0.19804380316535383,oil,canvas,8.793624207437999,1.2506887052341598,False,False
T4-E023,ridge,val_cold,lee hyo youn,이효윤,16560000.0,16.444598994478877,13861128.84252184,0.16297531144191782,oil,linen,9.80609520652748,1.4464285714285714,False,False
T4-E023,ridge,val_cold,lee hyo youn,이효윤,22080000.0,16.699346090698505,17882731.610880077,0.19009367704347477,oil,linen,10.137182046379406,1.4881043745203375,False,False
T4-E023,ridge,val_cold,hanna kim,김한나,2000000.0,14.048787761059067,1262731.4638863008,0.3686342680568496,oil,canvas,6.839690548068008,1.2814814814814814,False,False
T4-E023,ridge,val_cold,hanna lee,이한나,5561400.0,16.430811237398125,13671326.44665221,1.458252678579532,oil,canvas,9.958669625812112,1.244819646968534,False,False
T4-E023,ridge,val_cold,bonjeong koo,구본정,34500000.0,16.130031117274548,10120069.78220425,0.7066646439940798,oil,canvas,9.542191662739102,1.6666666666666667,False,False
T4-E023,ridge,val_cold,lee hyo youn,이효윤,2484000.0,14.890682492333326,2930496.7103242497,0.17974907823037428,oil,linen,7.788004239509027,1.164835164835165,False,False
T4-E023,ridge,val_cold,hanna kim,김한나,2000000.0,14.051416815443059,1266055.6213579273,0.3669721893210363,oil,canvas,6.843387409949334,1.2767527675276753,False,False
T4-E023,ridge,val_cold,lee hyo youn,이효윤,19320000.0,16.444598994478877,13861128.84252184,0.2825502669502153,oil,linen,9.80609520652748,1.4464285714285714,False,False
T4-E023,ridge,val_cold,lee hyo youn,이효윤,20700000.0,16.481629204497256,14384031.196106505,0.30511926588857463,oil,linen,9.768812649209526,3.026315789473684,False,False
T4-E023,ridge,val_cold,lee hyo youn,이효윤,19320000.0,16.704361023659082,17972637.55878694,0.06973925679156626,mixed_media,linen,9.957435819363184,1.2432847275518035,False,False
T4-E023,ridge,val_cold,duri baek,백두리,1380000.0,13.989498662201767,1190041.4092861824,0.1376511526911722,acrylic,paper,6.841957298391705,1.3233082706766917,False,False
T4-E023,ridge,val_cold,duri baek,백두리,1104000.0,13.682783949814915,875704.4698509455,0.2067894294828392,acrylic,paper,6.4356694835320765,1.414285714285714,False,False
T4-E023,ridge,val_cold,jina jung,정진아,966000.0,14.398036582162495,1790555.710021489,0.8535773395667589,acrylic,canvas,7.124599028147819,1.6666666666666663,False,False
T4-E023,ridge,val_cold,gyul e kim,김귤에,938400.0,14.787639783189537,2643567.221178728,1.8171006193294204,mixed_media,canvas,7.622194173676371,1.0,False,False
T4-E023,ridge,val_cold,yun jeong choi,윤정최,662400.0,13.963959537976125,1160033.6113634906,0.7512584712613083,acrylic,canvas,6.802394763324311,1.0,True,False
T4-E023,ridge,val_cold,gyul e kim,김귤에,1242000.0,15.1033686803375,3625013.898518024,1.9186907395475234,mixed_media,canvas,8.012217092439139,1.4260869565217391,False,False
T4-E023,ridge,val_cold,yun jeong choi,윤정최,4761000.0,15.659981446745284,6324752.407455112,0.3284504111436908,acrylic,canvas,9.0217190130337,1.0,True,False
T4-E023,ridge,val_cold,yun jeong choi,윤정최,662400.0,13.963959537976125,1160033.6113634906,0.7512584712613083,acrylic,canvas,6.802394763324311,1.0,True,False
T4-E023,ridge,val_cold,lee hyo youn,이효윤,1104000.0,13.422300685697873,674887.0926382341,0.38868922768275893,acrylic,canvas,5.863631175598097,1.375,False,False
T4-E023,ridge,val_cold,duri baek,백두리,9660000.0,16.27956666240661,11752383.892057545,0.2166028873765575,acrylic,canvas,9.808221471759428,1.446922390722569,True,False
T4-E023,ridge,val_cold,yun jeong choi,윤정최,952200.0,14.716097180427449,2461046.392881799,1.5845897845849601,acrylic,canvas,7.776954403322442,1.1777777777777778,True,False
T4-E023,ridge,val_cold,gyul e kim,김귤에,2484000.0,15.633676131258804,6160547.006100015,1.4800913873188466,mixed_media,canvas,8.724207360800564,1.0933333333333333,False,False
T4-E023,ridge,val_cold,gyul e kim,김귤에,11040000.0,16.930618593749873,22535864.90185193,1.0412921106749937,mixed_media,canvas,10.414213171301784,1.224242424242424,False,False
T4-E023,ridge,val_cold,jina jung,정진아,2070000.0,15.20883640210935,4028225.047781697,0.9460024385418826,acrylic,canvas,8.221747728346623,1.0,False,False
T4-E023,ridge,val_cold,lee hyo youn,이효윤,2208000.0,14.417763508859888,1826228.5723926602,0.17290372627144013,acrylic,paper,7.397561535524052,1.411764705882353,False,False
T4-E023,ridge,val_cold,kim jung ah,김정아,1600000.0,14.365444408402317,1733138.3677315717,0.08321147983223229,mixed_media,paper,7.290463399967686,1.2318840579710144,False,False
T4-E023,ridge,val_cold,yun jeong choi,윤정최,2856600.0,15.497945372437758,5378636.021745143,0.882880354878227,acrylic,canvas,8.796101385722906,1.250343878954608,True,False
T4-E023,ridge,val_cold,kim jung ah,김정아,1600000.0,14.099799388401014,1328816.6780326425,0.16948957622959845,mixed_media,paper,7.147559271189454,1.3225806451612905,True,False
T4-E023,ridge,val_cold,jung boram,정보람,1242000.0,14.64340575714817,2288496.8374607256,0.8425900462646744,mixed_media,paper,7.640723953728754,1.48,False,False
T4-E023,ridge,val_cold,gyul e kim,김귤에,2484000.0,15.592289137467132,5910784.593256944,1.3795429119391884,mixed_media,canvas,8.660643973821198,1.2666666666666666,False,False
T4-E023,ridge,val_cold,jinhee choi,최진희,1104000.0,16.232891150130595,11216440.369824566,9.15981917556573,acrylic,canvas,9.545736315315809,1.2954764196342636,False,False
T4-E023,ridge,val_cold,jinhee choi,최진희,4140000.0,15.934184884751197,8320100.43926191,1.0096860964400747,acrylic,canvas,9.146232691346842,1.4545454545454546,False,False
T4-E023,ridge,val_cold,gyul e kim,김귤에,372600.0,13.872020954788464,1058137.6160137998,1.8398755126510997,mixed_media,canvas,6.396929655216146,1.5,False,False
T4-E023,ridge,val_cold,jina jung,정진아,4200000.0,15.497251337417623,5374904.355088953,0.2797391321640364,acrylic,canvas,8.779557455883728,1.5384615384615383,True,False
T4-E023,ridge,val_cold,lee hyo youn,이효윤,2760000.0,14.13474985520042,1376080.5777887946,0.5014200805113063,acrylic,paper,7.030857476116121,1.3448275862068966,False,False
T4-E023,ridge,val_cold,jina jung,정진아,700000.0,14.181585179524864,1442062.8476197997,1.0600897823139994,acrylic,canvas,6.862234763680328,1.282051282051282,False,False
T4-E023,ridge,val_cold,kim jung ah,김정아,1200000.0,14.271783508072275,1578181.050671418,0.315150875559515,acrylic,canvas,6.984716320118266,1.2,False,False
T4-E023,ridge,val_cold,kim jung ah,김정아,1600000.0,14.374983647324369,1749750.2953098512,0.09359393456865699,mixed_media,paper,7.302159439730876,1.2463768115942029,False,False
T4-E023,ridge,val_cold,choi myung ae,최명애,6210000.0,15.658143544275559,6313138.804988492,0.01660850321875882,acrylic,canvas,8.796101385722906,1.250343878954608,False,False
T4-E023,ridge,val_cold,green lee,이그리느,938400.0,15.038112594613276,3396012.796830974,2.6189394680636977,acrylic,canvas,7.986164860332727,1.2244897959183674,False,False
T4-E023,ridge,val_cold,kim jung ah,김정아,4000000.0,15.825170804117697,7460782.087248784,0.865195521812196,mixed_media,panel,9.104979856318357,1.1111111111111112,False,False
T4-E023,ridge,val_cold,yun jeong choi,윤정최,2856600.0,15.497945372437758,5378636.021745143,0.882880354878227,acrylic,canvas,8.796101385722906,1.250343878954608,True,False
T4-E023,ridge,val_cold,yun jeong choi,윤정최,2856600.0,15.497945372437758,5378636.021745143,0.882880354878227,acrylic,canvas,8.796101385722906,1.250343878954608,True,False
T4-E023,ridge,val_cold,g sim seyeon,그심세연,12420000.0,16.36532620480933,12804742.970293315,0.030977694870637288,acrylic,canvas,9.735068900911164,1.0,False,False
T4-E023,ridge,val_cold,byun sanghwan,변상환,1863000.0,14.941896259334147,3084488.068258873,0.6556565047014885,mixed_media,canvas,7.824046010856292,1.0,False,False
T4-E023,ridge,val_cold,mond,몬드,4002000.0,15.35423537172067,4658645.8405759735,0.1640794204337765,acrylic,canvas,8.401333305321703,1.1967213114754098,False,False
T4-E023,ridge,val_cold,jinhee choi,최진희,690000.0,14.808185330138238,2698442.5471109585,2.9107863001608094,acrylic,canvas,7.681421976600878,1.2958435207823962,False,False
T4-E023,ridge,val_cold,lee kang so,이강소,93840000.0,16.021986252502913,9083646.369446158,0.9032006993878287,acrylic,canvas,9.27046604580936,1.2824175824175823,False,False
T4-E023,ridge,val_cold,lee hyo youn,이효윤,2760000.0,15.006227844771587,3289439.8331721947,0.19182602651166472,acrylic,linen,7.788004239509027,1.164835164835165,False,False
T4-E023,ridge,val_cold,hanna kim,김한나,1100000.0,14.216515052504787,1493323.9802900057,0.35756725480909607,mixed_media,paper,7.090076835776092,1.3333333333333333,False,False
T4-E023,ridge,val_cold,kim jung ah,김정아,1000000.0,14.244705623772699,1536020.630281946,0.5360206302819459,mixed_media,paper,7.122059881629142,1.423728813559322,False,False
T4-E023,ridge,val_cold,lee hyo youn,이효윤,2760000.0,15.006227844771587,3289439.8331721947,0.19182602651166472,acrylic,linen,7.788004239509027,1.164835164835165,False,False
T4-E023,ridge,val_cold,gyul e kim,김귤에,6900000.0,16.300250051581234,11997994.293585284,0.7388397526935194,acrylic,canvas,9.627997520849709,1.4038461538461535,False,False
T4-E023,ridge,val_cold,mond,몬드,7590000.0,16.024084995046497,9102730.623995991,0.19930574756205421,acrylic,canvas,9.273033441314606,1.2857142857142858,False,False
T4-E023,ridge,val_cold,jinhee choi,최진희,2070000.0,15.346182922083878,4621282.962804779,1.232503846765594,acrylic,canvas,8.390636277614743,1.1996699669966997,False,False
T4-E023,ridge,val_cold,choi myung ae,최명애,20700000.0,16.546356589836385,15345864.619975077,0.2586538830929915,acrylic,canvas,9.958669625812112,1.244819646968534,False,False
T4-E023,ridge,val_cold,mond,몬드,14766000.0,16.543707517882186,15305266.118315373,0.03652079901905544,acrylic,canvas,9.955130785687968,1.2461538461538462,False,False
T4-E023,ridge,val_cold,mond,몬드,7590000.0,16.024084995046497,9102730.623995991,0.19930574756205421,acrylic,canvas,9.273033441314606,1.2857142857142858,False,False
T4-E023,ridge,val_cold,choi myung ae,최명애,6210000.0,15.658143544275559,6313138.804988492,0.01660850321875882,acrylic,canvas,8.796101385722906,1.250343878954608,False,False
T4-E023,ridge,val_cold,lee hyo youn,이효윤,12420000.0,16.055503569452945,9393265.642270043,0.2436984184967759,acrylic,linen,9.145376160245226,1.4533001245330013,False,False
T4-E023,ridge,val_cold,lee hyo youn,이효윤,19320000.0,16.66737494830413,17320043.078453973,0.10351743900341755,acrylic,linen,9.957435819363184,1.2432847275518035,False,False
T4-E023,ridge,val_cold,mond,몬드,14766000.0,16.543707517882186,15305266.118315373,0.03652079901905544,acrylic,canvas,9.955130785687968,1.2461538461538462,False,False
T4-E023,ridge,val_cold,lee jin young 이진영,이진영,20700000.0,16.373377938554782,12908259.536030589,0.37641258280045464,acrylic,canvas,9.94270826568941,1.2307692307692308,True,False
T4-E023,ridge,val_cold,so young so,소영소,4830000.0,14.938072270205147,3072715.542767766,0.36382700977893045,mixed_media,paper,8.050384453067021,1.0363636363636364,False,False
T4-E023,ridge,val_cold,taeseok ju 주태석,주태석,13800000.0,14.884202946599823,2911569.807952264,0.7890166805831692,acrylic,canvas,7.788004239509027,1.164835164835165,False,False
T4-E023,ridge,val_cold,lee hyo youn,이효윤,11040000.0,16.055503569452945,9393265.642270043,0.14916072080887288,acrylic,linen,9.145376160245226,1.4533001245330013,False,False
T4-E023,ridge,val_cold,green lee,이그리느,745200.0,14.884202946599823,2911569.807952264,2.907098507719087,acrylic,canvas,7.788004239509027,1.164835164835165,False,False
T4-E023,ridge,val_cold,mond,몬드,14766000.0,16.543707517882186,15305266.118315373,0.03652079901905544,acrylic,canvas,9.955130785687968,1.2461538461538462,False,False
T4-E023,ridge,val_cold,gyul e kim,김귤에,9522000.0,16.33471676915227,12418734.89719481,0.30421496504881435,acrylic,canvas,9.671240186972447,1.438095238095238,False,False
T4-E023,ridge,val_cold,lee hyo youn,이효윤,8280000.0,15.54487246208303,5637055.778499857,0.3191961620169255,acrylic,canvas,8.661466680572662,1.0,False,False
T4-E023,ridge,val_cold,mond,몬드,7590000.0,16.024084995046497,9102730.623995991,0.19930574756205421,acrylic,canvas,9.273033441314606,1.2857142857142858,False,False
T4-E023,ridge,val_cold,joohyun kim,김주현,1000000.0,13.745470305816477,932356.2898074429,0.06764371019255708,acrylic,canvas,6.284600470242227,1.4102564102564104,False,False
T4-E023,ridge,val_cold,lee hyo youn,이효윤,2760000.0,15.006227844771587,3289439.8331721947,0.19182602651166472,acrylic,linen,7.788004239509027,1.164835164835165,False,False
T4-E023,ridge,val_cold,choi myung ae,최명애,12420000.0,16.157547586650928,10402404.992442515,0.16244726308836435,acrylic,canvas,9.444550462634185,1.343298969072165,False,False
T4-E023,ridge,val_cold,jinhee choi,최진희,4140000.0,15.934184884751197,8320100.43926191,1.0096860964400747,acrylic,canvas,9.146232691346842,1.4545454545454546,False,False
T4-E023,ridge,val_cold,mond,몬드,4002000.0,15.35423537172067,4658645.8405759735,0.1640794204337765,acrylic,canvas,8.401333305321703,1.1967213114754098,False,False
T4-E023,ridge,val_cold,mond,몬드,14766000.0,16.543707517882186,15305266.118315373,0.03652079901905544,acrylic,canvas,9.955130785687968,1.2461538461538462,False,False
T4-E023,ridge,val_cold,taeseok ju 주태석,주태석,27600000.0,15.209795192687041,4032089.124126311,0.8539098143432496,acrylic,canvas,8.19836438996762,1.454,False,False
T4-E023,ridge,val_cold,mond,몬드,9108000.0,16.155657799762082,10382765.227205701,0.13996104822196984,acrylic,canvas,9.442245428958966,1.3402061855670102,False,False
T4-E023,ridge,val_cold,taeseok ju 주태석,주태석,13800000.0,14.884202946599823,2911569.807952264,0.7890166805831692,acrylic,canvas,7.788004239509027,1.164835164835165,False,False
T4-E023,ridge,val_cold,so young so,소영소,49680000.0,15.798789965559546,7266533.880216503,0.8537332149714875,mixed_media,paper,9.116029692504942,2.1538461538461537,False,False
T4-E023,ridge,val_cold,jung boram,정보람,365700.0,13.545368626964953,763271.1548109109,1.0871510932756656,mixed_media,paper,6.437351569715061,1.0408163265306123,True,False
T4-E023,ridge,val_cold,jung boram,정보람,2070000.0,14.963252197316805,3151068.6187425056,0.5222553713731911,mixed_media,paper,8.055157731819678,1.5555555555555556,False,False
T4-E023,ridge,val_cold,jung boram,정보람,2070000.0,14.963252197316805,3151068.6187425056,0.5222553713731911,mixed_media,paper,8.055157731819678,1.5555555555555556,False,False
T4-E023,ridge,val_cold,jung boram,정보람,2070000.0,14.963252197316805,3151068.6187425056,0.5222553713731911,mixed_media,paper,8.055157731819678,1.5555555555555556,False,False
T4-E023,ridge,val_cold,jung boram,정보람,828000.0,14.257760900820893,1556205.2765476974,0.879474971675963,ink,paper,7.194436851100335,1.0277777777777777,False,False
T4-E023,ridge,val_cold,jung boram,정보람,828000.0,14.257760900820893,1556205.2765476974,0.879474971675963,ink,paper,7.194436851100335,1.0277777777777777,False,False
T4-E023,ridge,val_cold,jung boram,정보람,828000.0,14.257760900820893,1556205.2765476974,0.879474971675963,ink,paper,7.194436851100335,1.0277777777777777,False,False
T4-E023,ridge,val_cold,jung boram,정보람,7314000.0,15.953542515910513,8482726.827372896,0.1597931128483587,ink,paper,9.39532504618962,1.3617021276595744,False,False
T4-E023,ridge,val_cold,jung boram,정보람,735540.0,14.20242509592269,1472430.6489664903,1.001836268546225,mixed_media,paper,7.13189833062943,4.085714285714285,True,False
T4-E023,ridge,val_cold,jung boram,정보람,1449000.0,14.825252378757568,2744892.249423135,0.8943355758613769,mixed_media,paper,7.845807502637805,2.085714285714286,False,False
T4-E023,ridge,val_cold,jung boram,정보람,828000.0,14.257760900820893,1556205.2765476974,0.879474971675963,ink,paper,7.194436851100335,1.0277777777777777,False,False
T4-E023,ridge,val_cold,jung boram,정보람,662400.0,14.240845551743995,1530102.9087750257,1.309937966145872,mixed_media,paper,7.090076835776092,1.92,False,False
T4-E023,ridge,val_cold,jung boram,정보람,2484000.0,15.075656959036346,3525937.6506331433,0.41945960170416396,ink,paper,8.475433257168007,1.0072463768115942,True,False
T4-E023,ridge,val_cold,rakeum rhee,이락음,3174000.0,15.097132099903853,3602476.5587818236,0.13499576521166465,mixed_media,paper,8.457867725331422,1.2258064516129032,True,False
T4-E023,ridge,val_cold,jung boram,정보람,662400.0,14.240845551743995,1530102.9087750257,1.309937966145872,mixed_media,paper,7.090076835776092,1.92,False,False
T4-E023,ridge,val_cold,jung boram,정보람,1725000.0,14.966748629086373,3162105.3985992777,0.833104578898132,mixed_media,paper,8.062747901086354,1.5,False,False
T4-E023,ridge,val_cold,jung boram,정보람,4278000.0,15.58262405008722,5853931.531157351,0.368380442065767,ink,paper,8.902455592206882,1.5,False,False
T4-E023,ridge,val_cold,jung boram,정보람,735540.0,14.20242509592269,1472430.6489664903,1.001836268546225,mixed_media,paper,7.13189833062943,4.085714285714285,True,False
T4-E023,ridge,val_cold,kim jung ah,김정아,5000000.0,15.434209289012026,5046519.163368079,0.009303832673615776,mixed_media,paper,8.675734219544788,1.4761904761904765,False,False
T4-E023,ridge,val_cold,jung boram,정보람,2898000.0,15.184574046998003,3931666.9216045933,0.356682857696547,mixed_media,paper,8.369273061339616,1.104,False,False
T4-E023,ridge,val_cold,jung boram,정보람,666540.0,14.20242509592269,1472430.6489664903,1.2090656959319626,mixed_media,paper,7.13189833062943,4.085714285714285,True,False
T4-E023,ridge,val_cold,jung boram,정보람,3036000.0,15.310815865815057,4460698.231161655,0.46926819208223153,mixed_media,paper,8.53934599605737,1.0140845070422535,False,False
T4-E023,ridge,val_cold,jung boram,정보람,3864000.0,15.519450998489154,5495559.708921215,0.42224630148064557,mixed_media,paper,8.569785641535407,5.483870967741935,False,False
T4-E023,ridge,val_cold,rakeum rhee,이락음,6072000.0,15.108466573335503,3643541.015995841,0.399943837945349,mixed_media,paper,8.43511508038063,1.9183673469387752,True,False
T4-E023,ridge,val_cold,jung boram,정보람,1725000.0,14.632814276167597,2264386.1759321773,0.3126876382215521,mixed_media,paper,7.650121103329582,1.0514541387024607,False,False
T4-E023,ridge,val_cold,jung boram,정보람,2484000.0,15.023441394044305,3346552.9170214767,0.34724352537096487,ink,paper,8.080856419640986,3.15625,False,False
T4-E023,ridge,val_cold,jung boram,정보람,662400.0,14.240845551743995,1530102.9087750257,1.309937966145872,mixed_media,paper,7.090076835776092,1.92,False,False
T4-E023,ridge,val_cold,rakeum rhee,이락음,2760000.0,14.958952449468498,3137548.9047389734,0.13679308142716426,mixed_media,paper,8.279950715722526,1.1724137931034482,True,False
T4-E023,ridge,val_cold,rakeum rhee,이락음,2346000.0,14.60339671189619,2198743.7046849616,0.06276909433718603,mixed_media,paper,7.824046010856292,1.0,True,False
T4-E023,ridge,val_cold,jung boram,정보람,3450000.0,15.075656959036346,3525937.6506331433,0.022010913226998045,ink,paper,8.475433257168007,1.0072463768115942,True,False
T4-E023,ridge,val_cold,rakeum rhee,이락음,2346000.0,14.60339671189619,2198743.7046849616,0.06276909433718603,mixed_media,paper,7.824046010856292,1.0,True,False
T4-E023,ridge,val_cold,jung boram,정보람,2070000.0,15.07657184899194,3529164.9716704446,0.7049106143335481,mixed_media,paper,8.201934351194222,1.5833333333333333,False,False
T4-E023,ridge,val_cold,rakeum rhee,이락음,8418000.0,15.738789406332158,6843360.063480789,0.18705630037054063,mixed_media,paper,9.259892150805433,1.9189189189189189,True,False
T4-E023,ridge,val_cold,so young so,소영소,4140000.0,15.055381292727436,3455166.802939276,0.16541864663302508,ink,paper,8.226840890408578,1.2363636363636363,False,False
T4-E023,ridge,val_cold,rakeum rhee,이락음,2760000.0,15.182812436524966,3924746.952913204,0.4220097655482624,mixed_media,paper,8.580731212220226,1.0277777777777777,True,False
T4-E023,ridge,val_cold,kim heejin,김희진,2760000.0,15.732662581723197,6801560.177677229,1.464333397709141,mixed_media,fabric,9.189525232262262,1.4216867469879515,False,False
T4-E023,ridge,val_cold,jung boram,정보람,2484000.0,15.075656959036346,3525937.6506331433,0.41945960170416396,ink,paper,8.475433257168007,1.0072463768115942,True,False
T4-E023,ridge,val_cold,so young so,소영소,6210000.0,15.252028777821796,4206025.835758267,0.3227011536621148,ink,paper,8.496990484098719,1.0,False,False
T4-E023,ridge,val_cold,so young so,소영소,4140000.0,14.27982543909958,1590923.8434841866,0.6157188783854621,ink,paper,7.215239978730097,1.1764705882352942,False,False
T4-E023,ridge,val_cold,so young so,소영소,6210000.0,15.252028777821796,4206025.835758267,0.3227011536621148,ink,paper,8.496990484098719,1.0,False,False
T4-E023,ridge,val_cold,rakeum rhee,이락음,2760000.0,14.958952449468498,3137548.9047389734,0.13679308142716426,mixed_media,paper,8.279950715722526,1.1724137931034482,True,False
T4-E023,ridge,val_cold,jung boram,정보람,2622000.0,15.067521101864147,3497367.504417175,0.33385488345430014,mixed_media,paper,8.221747728346623,1.0,False,False
T4-E023,ridge,val_cold,jung boram,정보람,1725000.0,14.966748629086373,3162105.3985992777,0.833104578898132,mixed_media,paper,8.062747901086354,1.5,False,False
T4-E023,ridge,val_cold,rakeum rhee,이락음,4140000.0,14.757306333538915,2564582.7006305056,0.3805355795578489,mixed_media,paper,8.003028666384733,1.4130434782608696,True,False
T4-E023,ridge,val_cold,kim heejin,김희진,2760000.0,15.616231413412526,6054009.957922373,1.193481868812454,mixed_media,fabric,9.03145291191651,1.527027027027027,False,False
T4-E023,ridge,val_cold,so young so,소영소,6210000.0,15.252028777821796,4206025.835758267,0.3227011536621148,ink,paper,8.496990484098719,1.0,False,False
T4-E023,ridge,val_cold,lee hyo youn,이효윤,1656000.0,13.890675173870466,1078061.6023661671,0.34899661692864303,gouache,paper,6.769641976852503,1.2884615384615383,False,False
T4-E023,ridge,val_cold,lee hyo youn,이효윤,1242000.0,13.78293909734666,967953.2768207787,0.22064953557103162,gouache,canvas,6.39792915554923,1.240909090909091,False,False
T4-E023,ridge,val_cold,lee hyo youn,이효윤,2070000.0,14.090331745660837,1316295.284031119,0.36410855843907297,gouache,paper,7.014814351275545,1.5849056603773586,False,False
T4-E023,ridge,val_cold,bac jungwon,백정원_A,1656000.0,14.075811300406308,1297320.1872441424,0.2165940898284164,mixed_media,fabric,7.02108396428914,1.4285714285714286,False,False
T4-E023,ridge,val_cold,bac jungwon,백정원_A,1380000.0,13.74942244047327,936048.3784228828,0.3217040736066067,mixed_media,fabric,6.553933404025811,2.1666666666666665,False,False
T4-E023,ridge,val_cold,bac jungwon,백정원_A,1794000.0,14.23420150872849,1519970.5364627286,0.15274775002077556,mixed_media,fabric,7.247080584585756,1.0833333333333333,False,False
T4-E023,ridge,val_cold,bac jungwon,백정원_A,2070000.0,14.169576318334999,1424848.8819898348,0.31166720676819576,mixed_media,fabric,7.16703787691222,1.0,False,False
T4-E023,ridge,val_cold,bac jungwon,백정원_A,2346000.0,14.58952725126736,2168458.818428795,0.07567825301415394,mixed_media,fabric,7.696212639346407,1.375,False,False
T4-E023,ridge,val_cold,bac jungwon,백정원_A,1794000.0,14.232954187260727,1518075.8264840997,0.15380388713260884,mixed_media,fabric,7.248504072370611,1.027027027027027,False,False
T4-E023,ridge,val_cold,bac jungwon,백정원_A,1794000.0,14.23420150872849,1519970.5364627286,0.15274775002077556,mixed_media,fabric,7.247080584585756,1.0833333333333333,False,False
T4-E023,ridge,val_cold,xooang choi,최수앙,3312000.0,14.65272022364046,2309912.547694569,0.30256263656564947,mixed_media,paper,7.653969180478774,1.4605263157894737,False,False
T4-E023,ridge,val_cold,lee hyo youn,이효윤,1932000.0,14.45439371522413,1894363.9907389309,0.019480336056453995,mixed_media,canvas,7.170596352834887,1.2861635220125784,False,False
T4-E023,ridge,val_cold,lee hyo youn,이효윤,1656000.0,14.213888008884828,1489406.101527479,0.10060018023702959,mixed_media,canvas,6.8565040889713424,1.2747252747252746,False,False
T4-E023,ridge,val_cold,hwallam moon,문화르람,10074000.0,15.854292958644374,7681250.816884787,0.23751729036283634,painting_material,paper,9.22932403656295,1.6454891994917409,False,False
T4-E023,ridge,val_cold,sori choi,최소리,8280000.0,15.07712541516435,3531119.1388461366,0.5735363358881478,mixed_media,metal,7.8636512654486515,1.0,True,False
T4-E023,ridge,val_cold,hwallam moon,문화르람,5520000.0,15.210694609253718,4035717.2832514956,0.26889179651241024,painting_material,paper,8.410876663368603,1.2081967213114757,False,False
T4-E023,ridge,val_cold,hwallam moon,문화르람,6762000.0,13.353129835648751,629782.52203273,0.9068644599182594,painting_material,paper,5.991464547107982,1.0,False,False
T4-E023,ridge,val_cold,kim minchae,김민채,650000.0,14.061356581091612,1278702.667744814,0.96723487345356,oil,canvas,6.8565040889713424,1.2747252747252746,False,False
T4-E023,ridge,val_cold,lee seungmin,이승민,1021200.0,14.375149464383952,1750040.4578151067,0.7137098098463638,mixed_media,fabric,7.42321017113179,1.236413043478261,False,False
T4-E023,ridge,val_cold,lee seungmin,이승민,2553000.0,14.965537006557932,3158276.440555362,0.23708438721322445,mixed_media,fabric,8.208589786150538,1.0,False,False
T4-E023,ridge,val_cold,du hyun hwang,황두현,1380000.0,16.370751604661326,12874402.615755245,8.329277257793656,mixed_media,canvas,9.646657943567112,1.868131868131868,False,False
T4-E023,ridge,val_cold,g sim seyeon,그심세연,18906000.0,16.58334266519134,15924074.876241172,0.1577237450417237,mixed_media,canvas,9.958669625812112,1.244819646968534,False,False
T4-E023,ridge,val_cold,g sim seyeon,그심세연,5934000.0,15.695129619630512,6551008.856410968,0.10397857371266736,mixed_media,canvas,8.796101385722906,1.250343878954608,False,False
T4-E023,ridge,val_cold,g sim seyeon,그심세연,5934000.0,15.857165693938038,7703348.742754595,0.29817134188651756,mixed_media,canvas,9.0217190130337,1.0,False,False
T4-E023,ridge,val_cold,g sim seyeon,그심세연,9936000.0,15.857165693938038,7703348.742754595,0.22470322637332976,mixed_media,canvas,9.0217190130337,1.0,False,False
T4-E023,ridge,val_cold,kwon jian,권지안,19527000.0,16.525040987727287,15022219.871099947,0.23069494181902253,mixed_media,canvas,9.869881646808048,1.475109170305677,False,False
T4-E023,ridge,val_cold,kwon jian,권지안,19527000.0,16.591174505542256,16049279.339111084,0.17809805197362194,mixed_media,canvas,9.968947524007914,1.2442748091603053,False,False
T4-E023,ridge,val_cold,kwon jian,권지안,19527000.0,16.591174505542256,16049279.339111084,0.17809805197362194,mixed_media,canvas,9.968947524007914,1.2442748091603053,False,False
T4-E023,ridge,val_cold,kwon jian,권지안,19527000.0,16.591174505542256,16049279.339111084,0.17809805197362194,mixed_media,canvas,9.968947524007914,1.2442748091603053,False,False
T4-E023,ridge,val_cold,kwon jian,권지안,11730000.0,16.05967246856327,9432506.958760286,0.1958647093981001,mixed_media,canvas,9.271322576910975,1.2835164835164834,False,False
T4-E023,ridge,val_cold,kwon jian,권지안,2001000.0,14.00010941364945,1202735.8726870115,0.39893259735781533,mixed_media,canvas,6.591673732008658,1.0,False,False
T4-E023,ridge,val_cold,kwon jian,권지안,2001000.0,14.00010941364945,1202735.8726870115,0.39893259735781533,mixed_media,canvas,6.591673732008658,1.0,False,False
T4-E023,ridge,val_cold,kwon jian,권지안,690000.0,13.476170026186702,712239.8674800323,0.03223169200004676,mixed_media,canvas,5.882374864520278,1.4367088607594936,False,False
T4-E023,ridge,val_cold,kwon jian,권지안,20010000.0,16.525040987727287,15022219.871099947,0.2492643742578737,mixed_media,canvas,9.869881646808048,1.475109170305677,False,False
T4-E023,ridge,val_cold,kwon jian,권지안,8280000.0,15.69896062371547,6576153.932791979,0.20577851053236967,mixed_media,canvas,8.80131894766524,1.2465753424657535,False,False
T4-E023,ridge,val_cold,kwon jian,권지안,16560000.0,16.280366694125153,11761789.934003955,0.28974698466159693,mixed_media,canvas,9.494466128225186,2.493150684931507,False,False
T4-E023,ridge,val_cold,oh gil suk 오길석,오길석,2400000.0,14.57269500324269,2132264.254269673,0.11155656072096957,painting_material,paper,7.788004239509027,1.164835164835165,True,False
T4-E023,ridge,val_cold,oh gil suk 오길석,오길석,2400000.0,14.57269500324269,2132264.254269673,0.11155656072096957,painting_material,paper,7.788004239509027,1.164835164835165,True,False
T4-E023,ridge,val_cold,oh gil suk 오길석,오길석,11040000.0,15.55228780509217,5679011.847727299,0.48559675292325194,painting_material,paper,9.045947923831983,1.6052269601100413,True,False
T4-E023,ridge,val_cold,oh gil suk 오길석,오길석,800000.0,13.28480096303283,588187.446728852,0.264765691588935,painting_material,paper,6.083587835983788,1.5176470588235291,True,False
T4-E023,ridge,val_cold,kwon jian,권지안,11730000.0,16.05967246856327,9432506.958760286,0.1958647093981001,mixed_media,canvas,9.271322576910975,1.2835164835164834,False,False
T4-E023,ridge,val_cold,kwon jian,권지안,6348000.0,15.383168997438831,4795406.303025268,0.24457997746923943,mixed_media,canvas,8.390636277614743,1.1996699669966997,False,False
T4-E023,ridge,val_cold,kwon jian,권지안,11730000.0,16.05967246856327,9432506.958760286,0.1958647093981001,mixed_media,canvas,9.271322576910975,1.2835164835164834,False,False
T4-E023,ridge,val_cold,kwon jian,권지안,690000.0,13.476170026186702,712239.8674800323,0.03223169200004676,mixed_media,canvas,5.882374864520278,1.4367088607594936,False,False
T4-E023,ridge,val_cold,kwon jian,권지안,690000.0,13.476170026186702,712239.8674800323,0.03223169200004676,mixed_media,canvas,5.882374864520278,1.4367088607594936,False,False
T4-E023,ridge,val_cold,kwon jian,권지안,690000.0,13.476170026186702,712239.8674800323,0.03223169200004676,mixed_media,canvas,5.882374864520278,1.4367088607594936,False,False
T4-E023,ridge,val_cold,kwon jian,권지안,690000.0,13.476170026186702,712239.8674800323,0.03223169200004676,mixed_media,canvas,5.882374864520278,1.4367088607594936,False,False
T4-E023,ridge,val_cold,oh gil suk 오길석,오길석,2070000.0,14.72341815692937,2479129.7689123587,0.19764723135862738,painting_material,paper,7.878155336503324,3.1379310344827585,True,False
T4-E023,ridge,val_cold,oh gil suk 오길석,오길석,2070000.0,14.699861337399296,2421411.8507081172,0.169764179086047,painting_material,paper,7.9355873855892,1.5116279069767442,True,False
T4-E023,ridge,val_cold,oh gil suk 오길석,오길석,2070000.0,14.699861337399296,2421411.8507081172,0.169764179086047,painting_material,paper,7.9355873855892,1.5116279069767442,True,False
T4-E023,ridge,val_cold,oh gil suk 오길석,오길석,2000000.0,14.432367869102631,1853095.179630878,0.07345241018456104,painting_material,paper,7.613324979540639,1.0,True,False
T4-E023,ridge,val_cold,oh gil suk 오길석,오길석,2000000.0,14.432367869102631,1853095.179630878,0.07345241018456104,painting_material,paper,7.613324979540639,1.0,True,False
T4-E023,ridge,val_cold,oh gil suk 오길석,오길석,700000.0,13.321059755433232,609905.7740413146,0.12870603708383627,painting_material,paper,6.135175204774281,1.4413407821229052,True,False
T4-E023,ridge,val_cold,oh gil suk 오길석,오길석,700000.0,13.28480096303283,588187.446728852,0.15973221895878287,painting_material,paper,6.083587835983788,1.5176470588235291,True,False
T4-E023,ridge,val_cold,lee hyo youn,이효윤,6900000.0,15.664623090009062,6354177.890328798,0.07910465357553646,oil,linen,8.796101385722906,1.250343878954608,False,False
T4-E023,ridge,val_cold,lee hyo youn,이효윤,3036000.0,15.063238217941619,3482420.7158889985,0.1470423965378783,mixed_media,unknown,7.788004239509027,1.164835164835165,False,False
T4-E023,ridge,val_cold,oh gil suk 오길석,오길석,2070000.0,14.4799865252578,1943471.8116481318,0.06112472867240009,painting_material,paper,7.455298485683291,1.1973684210526316,False,False
T4-E023,ridge,val_cold,oh gil suk 오길석,오길석,2070000.0,14.451943786789284,1889728.6150199794,0.08708762559421283,painting_material,paper,7.417580402414544,1.2162162162162162,False,False
T4-E023,ridge,val_cold,oh gil suk 오길석,오길석,1104000.0,13.664733910450304,860039.769229229,0.22097846990106074,painting_material,paper,6.386879319362645,1.2272727272727273,False,False
T4-E023,ridge,val_cold,kim jung ah,김정아,8000000.0,16.396672857348058,13212486.1029337,0.6515607628667124,mixed_media,canvas,9.712932190815067,1.2719298245614037,False,False
T4-E023,ridge,val_cold,kim jung ah,김정아,700000.0,13.982409708315995,1181635.0918157562,0.688050131165366,mixed_media,unknown,6.354804728915475,1.5128205128205128,False,False
T4-E023,ridge,val_cold,kim jung ah,김정아,4500000.0,15.573229616150613,5799194.671591987,0.2887099270204415,mixed_media,paper,8.860782895806315,1.4184397163120568,False,False
T4-E023,ridge,val_cold,kim jung ah,김정아,4500000.0,15.573229616150613,5799194.671591987,0.2887099270204415,mixed_media,paper,8.860782895806315,1.4184397163120568,False,False
T4-E023,ridge,val_cold,sori choi,최소리,345000000.0,15.750778548683716,6925899.883587385,0.9799249278736598,sculpture_material,metal,8.1886891244442,4.0,True,False
T4-E023,ridge,val_cold,bac jungwon,백정원_A,800000.0,14.430511810271366,1849658.915897854,1.3120736448723174,charcoal,paper,7.1049654482698426,1.4482758620689655,False,False
T4-E023,ridge,val_cold,bac jungwon,백정원_A,800000.0,14.596524002788113,2183684.1879153647,1.729605234894206,charcoal,paper,7.325148957955575,1.393939393939394,False,False
T4-E023,ridge,val_cold,bac jungwon,백정원_A,4000000.0,15.364990870582172,4709022.327100597,0.17725558177514933,oil,canvas,8.759354748566208,1.5076923076923077,True,False
T4-E023,ridge,val_cold,bac jungwon,백정원_A,2000000.0,15.038644803651415,3397820.6665747208,0.6989103332873604,oil,paper,8.358431899031295,1.462962962962963,False,False
T4-E023,ridge,val_cold,bac jungwon,백정원_A,4000000.0,15.240817952276334,4159136.141067974,0.03978403526699345,oil,canvas,8.599510233905452,1.459016393442623,True,False
T4-E023,ridge,val_cold,bac jungwon,백정원_A,800000.0,13.70016035744185,891054.0416699375,0.11381755208742193,mixed_media,paper,6.411818267709897,1.380952380952381,False,False
T4-E023,ridge,val_cold,bac jungwon,백정원_A,800000.0,14.596524002788113,2183684.1879153647,1.729605234894206,charcoal,paper,7.325148957955575,1.393939393939394,False,False
T4-E023,ridge,val_cold,bac jungwon,백정원_A,2000000.0,15.038644803651415,3397820.6665747208,0.6989103332873604,oil,paper,8.358431899031295,1.462962962962963,False,False
T4-E023,ridge,val_cold,bac jungwon,백정원_A,4000000.0,15.240817952276334,4159136.141067974,0.03978403526699345,oil,canvas,8.599510233905452,1.459016393442623,True,False
T4-E023,ridge,val_cold,bac jungwon,백정원_A,800000.0,14.430511810271366,1849658.915897854,1.3120736448723174,charcoal,paper,7.1049654482698426,1.4482758620689655,False,False
T4-E023,ridge,val_cold,bac jungwon,백정원_A,800000.0,14.430511810271366,1849658.915897854,1.3120736448723174,charcoal,paper,7.1049654482698426,1.4482758620689655,False,False
T4-E023,ridge,val_cold,bac jungwon,백정원_A,800000.0,14.596524002788113,2183684.1879153647,1.729605234894206,charcoal,paper,7.325148957955575,1.393939393939394,False,False
T4-E023,ridge,val_cold,bac jungwon,백정원_A,800000.0,13.790371470226061,975174.2678120543,0.21896783476506781,mixed_media,paper,6.53124199282374,1.3555555555555556,False,False
T4-E023,ridge,val_cold,bac jungwon,백정원_A,800000.0,14.596524002788113,2183684.1879153647,1.729605234894206,charcoal,paper,7.325148957955575,1.393939393939394,False,False
T4-E023,ridge,val_cold,bac jungwon,백정원_A,800000.0,14.596524002788113,2183684.1879153647,1.729605234894206,charcoal,paper,7.325148957955575,1.393939393939394,False,False
T4-E023,ridge,val_cold,bac jungwon,백정원_A,2500000.0,15.516744799626267,5480707.736745161,1.1922830946980645,mixed_media,paper,8.760923376338836,1.896551724137931,False,False
T4-E023,ridge,val_cold,bac jungwon,백정원_A,800000.0,14.430511810271366,1849658.915897854,1.3120736448723174,charcoal,paper,7.1049654482698426,1.4482758620689655,False,False
T4-E023,ridge,val_cold,bac jungwon,백정원_A,800000.0,14.430511810271366,1849658.915897854,1.3120736448723174,charcoal,paper,7.1049654482698426,1.4482758620689655,False,False
T4-E023,ridge,val_cold,bac jungwon,백정원_A,800000.0,14.596524002788113,2183684.1879153647,1.729605234894206,charcoal,paper,7.325148957955575,1.393939393939394,False,False
T4-E023,ridge,val_cold,bac jungwon,백정원_A,800000.0,14.430511810271366,1849658.915897854,1.3120736448723174,charcoal,paper,7.1049654482698426,1.4482758620689655,False,False
T4-E023,ridge,val_cold,bac jungwon,백정원_A,800000.0,13.70016035744185,891054.0416699375,0.11381755208742193,mixed_media,paper,6.411818267709897,1.380952380952381,False,False
T4-E023,ridge,val_cold,bac jungwon,백정원_A,800000.0,14.430511810271366,1849658.915897854,1.3120736448723174,charcoal,paper,7.1049654482698426,1.4482758620689655,False,False
T4-E023,ridge,val_cold,bac jungwon,백정원_A,800000.0,14.596524002788113,2183684.1879153647,1.729605234894206,charcoal,paper,7.325148957955575,1.393939393939394,False,False
T4-E023,ridge,val_cold,bac jungwon,백정원_A,800000.0,14.596524002788113,2183684.1879153647,1.729605234894206,charcoal,paper,7.325148957955575,1.393939393939394,False,False
T4-E023,ridge,val_cold,bac jungwon,백정원_A,4000000.0,15.240817952276334,4159136.141067974,0.03978403526699345,oil,canvas,8.599510233905452,1.459016393442623,True,False
T4-E023,ridge,val_cold,bac jungwon,백정원_A,800000.0,14.596524002788113,2183684.1879153647,1.729605234894206,charcoal,paper,7.325148957955575,1.393939393939394,False,False
T4-E023,ridge,val_cold,bac jungwon,백정원_A,2500000.0,15.516744799626267,5480707.736745161,1.1922830946980645,mixed_media,paper,8.760923376338836,1.896551724137931,False,False
T4-E023,ridge,val_cold,bac jungwon,백정원_A,4000000.0,15.240817952276334,4159136.141067974,0.03978403526699345,oil,canvas,8.599510233905452,1.459016393442623,True,False
T4-E023,ridge,val_cold,bac jungwon,백정원_A,800000.0,14.596524002788113,2183684.1879153647,1.729605234894206,charcoal,paper,7.325148957955575,1.393939393939394,False,False
T4-E023,ridge,val_cold,bac jungwon,백정원_A,800000.0,14.596524002788113,2183684.1879153647,1.729605234894206,charcoal,paper,7.325148957955575,1.393939393939394,False,False
T4-E023,ridge,val_cold,bac jungwon,백정원_A,2500000.0,15.516744799626267,5480707.736745161,1.1922830946980645,mixed_media,paper,8.760923376338836,1.896551724137931,False,False
T4-E023,ridge,val_cold,bac jungwon,백정원_A,800000.0,14.430511810271366,1849658.915897854,1.3120736448723174,charcoal,paper,7.1049654482698426,1.4482758620689655,False,False
T4-E023,ridge,val_cold,bac jungwon,백정원_A,6000000.0,16.58162363513865,15896724.42782426,1.6494540713040435,painting_material,canvas,9.953419921284338,1.5410958904109588,False,False
T4-E023,ridge,val_cold,bac jungwon,백정원_A,800000.0,14.279150027795438,1589849.678328747,0.9873120979109337,charcoal,paper,6.915723448631314,1.2857142857142858,False,False
T4-E023,ridge,val_cold,bac jungwon,백정원_A,800000.0,14.596524002788113,2183684.1879153647,1.729605234894206,charcoal,paper,7.325148957955575,1.393939393939394,False,False
T4-E023,ridge,val_cold,lee minwoo,이민우,4500000.0,15.831015348428181,7504514.63266115,0.6676699183691444,painting_material,unknown,8.80131894766524,1.2465753424657535,False,False
T4-E023,ridge,val_cold,lee minwoo,이민우,12000000.0,16.712748317949853,18124013.288171638,0.5103344406809698,painting_material,unknown,9.955130785687968,1.2461538461538462,False,False
T4-E023,ridge,val_cold,lee minwoo,이민우,3000000.0,15.523276171788334,5516621.433876628,0.8388738112922094,painting_material,unknown,8.401333305321703,1.1967213114754098,False,False
T4-E023,ridge,val_cold,lee minwoo,이민우,7500000.0,16.193125795114163,10779166.432821823,0.43722219104290977,painting_material,unknown,9.273033441314606,1.2857142857142858,False,False
T4-E023,ridge,val_cold,lee minwoo,이민우,7500000.0,16.193125795114163,10779166.432821823,0.43722219104290977,painting_material,unknown,9.273033441314606,1.2857142857142858,False,False
T4-E023,ridge,val_cold,lee minwoo,이민우,450000.0,13.673480407235749,867595.0974673056,0.9279891054829014,painting_material,unknown,5.991464547107982,1.0,False,False
T4-E023,ridge,val_cold,lee minwoo,이민우,7500000.0,16.10200261859644,9840357.686249994,0.31204769149999917,painting_material,unknown,9.144200569471638,1.4625,False,False
T4-E023,ridge,val_cold,lee minwoo,이민우,12000000.0,16.712748317949853,18124013.288171638,0.5103344406809698,painting_material,unknown,9.955130785687968,1.2461538461538462,False,False
T4-E023,ridge,val_cold,lee minwoo,이민우,12000000.0,16.712748317949853,18124013.288171638,0.5103344406809698,painting_material,unknown,9.955130785687968,1.2461538461538462,False,False
T4-E023,ridge,val_cold,lee minwoo,이민우,12000000.0,16.890430442356145,21648147.48753493,0.8040122906279108,painting_material,unknown,10.187613308785131,1.2465753424657535,False,False
T4-E023,ridge,val_cold,lee minwoo,이민우,7500000.0,16.19390659037219,10787586.041425548,0.4383448055234065,painting_material,unknown,9.27413173906367,1.2843029637760703,False,False
T4-E023,ridge,val_cold,lee minwoo,이민우,20000000.0,17.053800985979446,25490107.303621862,0.2745053651810931,painting_material,unknown,10.390532647636716,1.4466666666666668,False,False
T4-E023,ridge,val_cold,lee minwoo,이민우,50000000.0,18.01336118278698,66543151.02522884,0.3308630205045769,painting_material,unknown,11.489144936304823,4.34,False,False
T4-E023,ridge,val_cold,lee minwoo,이민우,7500000.0,16.10200261859644,9840357.686249994,0.31204769149999917,painting_material,unknown,9.144200569471638,1.4625,False,False
T4-E023,ridge,val_cold,lee minwoo,이민우,3000000.0,15.523276171788334,5516621.433876628,0.8388738112922094,painting_material,unknown,8.401333305321703,1.1967213114754098,False,False
T4-E023,ridge,val_cold,lee minwoo,이민우,3000000.0,15.523276171788334,5516621.433876628,0.8388738112922094,painting_material,unknown,8.401333305321703,1.1967213114754098,False,False
T4-E023,ridge,val_cold,kwon jian,권지안,2000000.0,14.214801176940608,1490766.8007804686,0.2546165996097657,painting_material,unknown,6.69980817454921,1.0,False,False
T4-E023,ridge,val_cold,kwon jian,권지안,700000.0,13.7497996000632,936401.4846299546,0.3377164066142208,painting_material,unknown,6.0690041245634,1.4114285714285717,False,False
T4-E023,ridge,val_cold,kwon jian,권지안,700000.0,13.74311253449751,930160.5963769442,0.32880085196706316,painting_material,unknown,6.06087399848015,1.4,False,False
T4-E023,ridge,val_cold,kwon jian,권지안,8500000.0,15.858002201183623,7709795.345732317,0.09296525344325679,painting_material,unknown,8.835246842513433,1.272108843537415,False,False
T4-E023,ridge,val_cold,kwon jian,권지안,4000000.0,15.091696117452656,3582946.6895328206,0.10426332761679485,painting_material,unknown,7.840411364942557,1.1263157894736842,False,False
T4-E023,ridge,val_cold,kwon jian,권지안,20000000.0,16.723229230254965,18314968.42606453,0.08425157869677358,painting_material,unknown,9.968947524007914,1.2442748091603053,False,False
T4-E023,ridge,val_cold,kwon jian,권지안,20000000.0,16.723229230254965,18314968.42606453,0.08425157869677358,painting_material,unknown,9.968947524007914,1.2442748091603053,False,False
T4-E023,ridge,val_cold,kwon jian,권지안,700000.0,13.72617021528855,914534.2655627726,0.30647752223253233,painting_material,unknown,6.040254711277414,1.3714285714285714,False,False
T4-E023,ridge,val_cold,kwon jian,권지안,12000000.0,16.19172719327598,10764101.208415816,0.1029915659653487,painting_material,unknown,9.271322576910975,1.2835164835164834,False,False
T4-E023,ridge,val_cold,kwon jian,권지안,700000.0,13.72617021528855,914534.2655627726,0.30647752223253233,painting_material,unknown,6.040254711277414,1.3714285714285714,False,False
T4-E023,ridge,val_cold,kwon jian,권지안,700000.0,13.648128203832682,845876.1252667008,0.20839446466671535,painting_material,unknown,5.935317386484981,1.4233128834355828,False,False
T4-E023,ridge,val_cold,kwon jian,권지안,12000000.0,16.19172719327598,10764101.208415816,0.1029915659653487,painting_material,unknown,9.271322576910975,1.2835164835164834,False,False
T4-E023,ridge,val_cold,kwon jian,권지안,12000000.0,16.19172719327598,10764101.208415816,0.1029915659653487,painting_material,unknown,9.271322576910975,1.2835164835164834,False,False
T4-E023,ridge,val_cold,kwon jian,권지안,20000000.0,16.723229230254965,18314968.42606453,0.08425157869677358,painting_material,unknown,9.968947524007914,1.2442748091603053,False,False
T4-E023,ridge,val_cold,kwon jian,권지안,20000000.0,16.652686692014772,17067501.087885886,0.1466249456057057,painting_material,unknown,9.864538802397552,1.467248908296943,False,False
T4-E023,ridge,val_cold,kwon jian,권지안,6500000.0,15.515223722151543,5472377.492740635,0.15809577034759464,painting_material,unknown,8.390636277614743,1.1996699669966997,False,False
T4-E023,ridge,val_cold,kwon jian,권지안,17000000.0,16.417176977566175,13486192.976459017,0.20669453079652841,painting_material,unknown,9.499945593989812,2.506849315068493,False,False
T4-E023,ridge,val_cold,kwon jian,권지안,700000.0,13.705690590599746,895995.4291954983,0.27999347027928334,painting_material,unknown,6.0112671744041615,1.411764705882353,False,False
T4-E023,ridge,val_cold,kwon jian,권지안,700000.0,13.722667760600206,911336.7535758329,0.3019096479654756,painting_material,unknown,6.031886461606898,1.4411764705882353,False,False
T4-E023,ridge,val_cold,gyul e kim,김귤에,300000.0,13.701841474882903,892553.2679949831,1.975177559983277,mixed_media,canvas,6.39792915554923,1.240909090909091,True,False
T4-E023,ridge,val_cold,gyul e kim,김귤에,8600000.0,16.6688613465612,17345806.70305808,1.016954267797451,acrylic,canvas,10.327970666480054,1.2564102564102564,True,False
T4-E023,ridge,val_cold,gyul e kim,김귤에,480000.0,14.090004564307947,1315864.6872047537,1.7413847650099037,mixed_media,canvas,6.918932579572262,1.0,True,False
T4-E023,ridge,val_cold,gyul e kim,김귤에,8600000.0,16.66097897063766,17209617.984403368,1.0011183702794615,mixed_media,canvas,10.272910889297028,1.189102564102564,True,False
T4-E023,ridge,val_cold,gyul e kim,김귤에,9000000.0,16.770069520449933,19193255.907002028,1.132583989666892,mixed_media,canvas,10.40644228192155,1.358974358974359,True,False
T4-E023,ridge,val_cold,gyul e kim,김귤에,2400000.0,15.438309554182009,5067253.709642849,1.111355712351187,mixed_media,canvas,8.652894727574965,1.5594059405940597,True,False
T4-E023,ridge,val_cold,gyul e kim,김귤에,4000000.0,15.899474296725472,8036259.501163047,1.0090648752907616,mixed_media,canvas,9.271322576910975,1.2835164835164834,True,False
T4-E023,ridge,val_cold,gyul e kim,김귤에,1200000.0,15.475816516860434,5260920.223576802,3.3841001863140017,mixed_media,canvas,7.906915488678587,1.154639175257732,True,True
T4-E023,ridge,val_cold,gyul e kim,김귤에,9000000.0,16.770420421912075,19199992.0303517,1.1333324478168554,mixed_media,canvas,10.414213171301784,1.224242424242424,True,False
T4-E023,ridge,val_cold,gyul e kim,김귤에,2400000.0,15.45596797534183,5157528.1157458145,1.1489700482274228,mixed_media,canvas,8.675222055641148,1.5737704918032789,True,False
T4-E023,ridge,val_cold,gyul e kim,김귤에,2400000.0,15.432090965629332,5035840.318439817,1.0982667993499238,mixed_media,canvas,8.660643973821198,1.2666666666666666,True,False
T4-E023,ridge,val_cold,gyul e kim,김귤에,8600000.0,16.70445129717878,17974260.08527214,1.0900302424735047,mixed_media,canvas,10.323742746116928,1.300653594771242,True,False
T4-E023,ridge,val_cold,gyul e kim,김귤에,9000000.0,16.701672580002008,17924384.02785432,0.9915982253171466,mixed_media,canvas,10.322855565813285,1.25,True,False
T4-E023,ridge,val_cold,gyul e kim,김귤에,400000.0,13.62771182819356,828781.4994893896,1.071953748723474,mixed_media,canvas,6.314000842300227,1.0,True,False
T4-E023,ridge,val_cold,gyul e kim,김귤에,1040000.0,14.9431705084997,3088420.9798284927,1.969635557527397,mixed_media,canvas,8.012217092439139,1.4260869565217391,True,False
T4-E023,ridge,val_cold,gyul e kim,김귤에,100000.0,12.941530519403116,417287.41977286513,3.1728741977286514,mixed_media,canvas,5.41610040220442,1.0,True,False
T4-E023,ridge,val_cold,gyul e kim,김귤에,400000.0,13.685153728815397,877782.1567713112,1.1944553919282779,mixed_media,canvas,6.3891662645983125,1.0,True,False
T4-E023,ridge,val_cold,gyul e kim,김귤에,2400000.0,15.267664122004819,4272305.2982072225,0.7801272075863427,mixed_media,canvas,8.459479329225765,1.0087719298245612,True,False
T4-E023,ridge,val_cold,gyul e kim,김귤에,960000.0,14.806084845782602,2692780.4594012713,1.8049796452096576,mixed_media,canvas,7.853216388156072,1.0505050505050506,True,False
T4-E023,ridge,val_cold,gyul e kim,김귤에,300000.0,13.526900819214204,749304.5728883017,1.4976819096276723,mixed_media,canvas,6.182084906716632,1.0,True,False
T4-E023,ridge,val_cold,gyul e kim,김귤에,640000.0,14.506201503088867,1995093.5572852762,2.117333683258244,mixed_media,canvas,7.452663438045286,1.200527704485488,True,False
T4-E023,ridge,val_cold,gyul e kim,김귤에,300000.0,14.102125753537788,1331911.5893767097,3.4397052979223655,mixed_media,canvas,6.927557906278317,1.1333333333333333,True,False
T4-E023,ridge,val_cold,gyul e kim,김귤에,2400000.0,15.473477959421006,5248631.633836569,1.1869298474319039,mixed_media,canvas,8.724207360800564,1.0933333333333333,True,False
T4-E023,ridge,val_cold,gyul e kim,김귤에,2800000.0,15.496825726118482,5372617.221813032,0.9187918649332258,mixed_media,canvas,8.747806375432315,1.2214484679665738,True,False
T4-E023,ridge,val_cold,gyul e kim,김귤에,7200000.0,16.351233437498546,12625554.304875331,0.7535492090104626,mixed_media,canvas,9.86526633971593,1.232,True,False
T4-E023,ridge,val_cold,hanna lee,이한나,4186400.0,16.042002234212667,9267296.304494396,1.2136671852891256,oil,canvas,9.444550462634185,1.343298969072165,False,False
T4-E023,ridge,val_cold,hanna lee,이한나,928700.0,14.692639977699978,2403988.948988233,1.5885527608358276,oil,canvas,7.681421976600878,1.2958435207823962,False,False
T4-E023,ridge,val_cold,hanna lee,이한나,1476700.0,14.93405166841098,3060386.179482542,1.0724495019181566,oil,canvas,8.19836438996762,1.454,True,False
T4-E023,ridge,val_cold,hanna lee,이한나,3075100.0,15.658441360475136,6315019.239992901,1.0535980098185103,oil,canvas,9.146232691346842,1.4545454545454546,True,False
T4-E023,ridge,val_cold,hanna lee,이한나,989600.0,14.389701091978045,1775692.5822615717,0.7943538624308525,oil,canvas,7.478847813534776,1.5868263473053892,True,False
T4-E023,ridge,val_cold,hanna lee,이한나,989600.0,14.608459422323763,2209903.533019383,1.2331280648942835,oil,canvas,7.788004239509027,1.164835164835165,True,False
T4-E023,ridge,val_cold,hanna lee,이한나,989600.0,14.53244180586218,2048138.3280672145,1.0696628214098771,oil,canvas,7.681421976600878,1.2958435207823962,True,False
T4-E023,ridge,val_cold,hanna lee,이한나,6135000.0,16.270613065560326,11647627.457976473,0.8985537828812508,oil,canvas,9.958669625812112,1.244819646968534,True,False
T4-E023,ridge,val_cold,hanna lee,이한나,4917100.0,15.972622780184498,8646133.460468022,0.7583806431571499,oil,canvas,9.55488706511493,1.5,True,False
T4-E023,ridge,val_cold,hanna lee,이한나,6135000.0,16.270613065560326,11647627.457976473,0.8985537828812508,oil,canvas,9.958669625812112,1.244819646968534,True,False
T4-E023,ridge,val_cold,hanna lee,이한나,593800.0,14.14398683283165,1388850.2892799133,1.3389193150554282,oil,panel,7.110696122978827,1.0,False,False
T4-E023,ridge,val_cold,hanna lee,이한나,822100.0,14.513868247133452,2010448.213833981,1.445503240279748,oil,canvas,7.452663438045286,1.200527704485488,False,False
T4-E023,ridge,val_cold,hanna lee,이한나,1476700.0,14.975167883682387,3188840.355290147,1.1594368221643847,oil,canvas,8.256633298091595,1.3716981132075472,True,False
T4-E023,ridge,val_cold,hanna lee,이한나,2207400.0,15.25363276578892,4212777.66406634,0.9084795071424934,oil,canvas,8.614054894258702,1.5,True,False
T4-E023,ridge,val_cold,hanna lee,이한나,989600.0,14.432210393379146,1852803.3851026588,0.872275045576656,oil,panel,7.681421976600878,1.2958435207823962,True,False
T4-E023,ridge,val_cold,yerang hwang,황예랑,600000.0,13.74834739113342,935042.620947912,0.55840436824652,mixed_media,paper,6.478755387740309,1.3094170403587444,False,False
T4-E023,ridge,val_cold,yerang hwang,황예랑,600000.0,13.714211472785879,903662.720338719,0.5061045338978649,mixed_media,paper,6.428912701069197,1.4047619047619049,False,False
T4-E023,ridge,val_cold,yerang hwang,황예랑,600000.0,13.833304670927996,1017953.371410351,0.696588952350585,mixed_media,paper,6.587770376218372,1.3491379310344829,False,False
T4-E023,ridge,val_cold,yerang hwang,황예랑,800000.0,14.03938466609733,1250913.5296755945,0.5636419120944932,mixed_media,paper,6.798654443708587,2.432291666666667,False,False
T4-E023,ridge,val_cold,yerang hwang,황예랑,800000.0,13.957989146718553,1153128.390777724,0.44141048847215514,ink,paper,6.758663448239559,1.829493087557604,False,False
T4-E023,ridge,val_cold,yerang hwang,황예랑,600000.0,14.263179798214193,1564661.083146725,1.6077684719112084,mixed_media,paper,7.157540761242768,1.2153846153846153,False,False
T4-E023,ridge,val_cold,yerang hwang,황예랑,600000.0,13.745157365481877,932064.5635669782,0.553440939278297,mixed_media,paper,6.47426099815247,1.3153153153153154,False,False
T4-E023,ridge,val_cold,yerang hwang,황예랑,800000.0,14.001090283998126,1203916.1794111202,0.5048952242639003,mixed_media,paper,6.802394763324311,1.44,False,False
T4-E023,ridge,val_cold,yerang hwang,황예랑,600000.0,13.747956852455737,934677.5219364326,0.5577958698940543,mixed_media,paper,6.477679804901255,1.31981981981982,False,False
T4-E023,ridge,val_cold,yerang hwang,황예랑,1000000.0,14.585416465505908,2159563.0456289276,1.1595630456289276,mixed_media,paper,7.575584651557793,1.2820512820512822,False,False
T4-E023,ridge,val_cold,yerang hwang,황예랑,800000.0,13.989572458816316,1190129.2335538878,0.4876615419423598,mixed_media,paper,6.788408521349571,1.42,False,False
T4-E023,ridge,val_cold,yerang hwang,황예랑,800000.0,13.797826011820337,982470.9077163518,0.22808863464543974,mixed_media,paper,6.5337888379333435,1.4883720930232558,False,False
T4-E023,ridge,val_cold,yerang hwang,황예랑,600000.0,13.471845885036334,709166.6909731968,0.18194448495532795,mixed_media,paper,6.099197246910864,1.6363636363636365,False,False
T4-E023,ridge,val_cold,yerang hwang,황예랑,800000.0,13.74834739113342,935042.620947912,0.16880327618489,mixed_media,paper,6.478755387740309,1.3094170403587444,False,False
T4-E023,ridge,val_cold,yerang hwang,황예랑,600000.0,13.70397907511977,894463.230713174,0.4907720511886233,pencil,paper,6.181754273551113,1.3125,False,False
T4-E023,ridge,val_cold,yerang hwang,황예랑,800000.0,14.203510790420928,1474030.1269362133,0.8425376586702666,mixed_media,paper,7.070520178226873,1.3801369863013695,False,False
T4-E023,ridge,val_cold,yerang hwang,황예랑,600000.0,13.714211472785879,903662.720338719,0.5061045338978649,mixed_media,paper,6.428912701069197,1.4047619047619049,False,False
T4-E023,ridge,val_cold,yerang hwang,황예랑,600000.0,13.375099608280145,643771.8088942013,0.07295301482366882,ink,paper,6.025865973825314,1.2777777777777777,False,False
T4-E023,ridge,val_cold,yerang hwang,황예랑,800000.0,13.524603881402484,747585.4420065366,0.0655181974918292,mixed_media,paper,6.156978985585555,1.84375,False,False
T4-E023,ridge,val_cold,yerang hwang,황예랑,600000.0,13.619577840059975,822067.5432446448,0.37011257207440795,mixed_media,paper,6.307606517255945,1.3582089552238803,False,False
T4-E023,ridge,val_cold,yerang hwang,황예랑,600000.0,13.521505081542866,745272.4100063319,0.24212068334388645,mixed_media,paper,6.181754273551113,1.3125,False,False
T4-E023,ridge,val_cold,yerang hwang,황예랑,600000.0,13.714211472785879,903662.720338719,0.5061045338978649,mixed_media,paper,6.428912701069197,1.4047619047619049,False,False
T4-E023,ridge,val_cold,michelle sakhai,미체르레삭하이,21312500.0,15.99742893778946,8863293.122593937,0.5841270089105484,painting_material,unknown,9.242087070288765,1.0,True,False
T4-E023,ridge,val_cold,michelle sakhai,미체르레삭하이,22834800.0,16.0696225901846,9526830.035031518,0.5827933664831083,painting_material,unknown,9.31844651494733,1.3336980306345734,True,False
T4-E023,ridge,val_cold,michelle sakhai,미체르레삭하이,6089300.0,15.010879526511124,3304776.904308871,0.45728131241540554,painting_material,unknown,7.932972162073471,1.334792122538293,True,False
T4-E023,ridge,val_cold,michelle sakhai,미체르레삭하이,30446400.0,16.328024210054885,12335899.280297415,0.5948322533929327,painting_material,unknown,9.647552178396928,1.5000000000000002,True,False
T4-E023,ridge,val_cold,michelle sakhai,미체르레삭하이,22834800.0,16.0696225901846,9526830.035031518,0.5827933664831083,painting_material,unknown,9.31844651494733,1.3336980306345734,True,False
T4-E023,ridge,val_cold,michelle sakhai,미체르레삭하이,22834800.0,16.07106977592112,9540627.108628538,0.5821891538954342,painting_material,unknown,9.320360017014732,1.3333333333333333,True,False
T4-E023,ridge,val_cold,michelle sakhai,미체르레삭하이,12178600.0,15.86052532591842,7729272.682611597,0.3653398023901272,painting_material,unknown,8.954404997836981,3.0000000000000004,True,False
T4-E023,ridge,val_cold,michelle sakhai,미체르레삭하이,3653600.0,14.729443925260245,2494113.5295590023,0.3173545189514445,painting_material,unknown,7.528600547786677,2.0,True,False
T4-E023,ridge,val_cold,michelle sakhai,미체르레삭하이,16745600.0,15.835725822919938,7539947.845516307,0.5497355815547781,painting_material,unknown,9.03049095692021,1.0,True,False
T4-E023,ridge,val_cold,michelle sakhai,미체르레삭하이,21312500.0,15.99742893778946,8863293.122593937,0.5841270089105484,painting_material,unknown,9.242087070288765,1.0,True,False
T4-E023,ridge,val_cold,michelle sakhai,미체르레삭하이,18267900.0,16.07106977592112,9540627.108628538,0.47773815771771594,painting_material,unknown,9.320360017014732,1.3333333333333333,True,False
T4-E023,ridge,val_cold,michelle sakhai,미체르레삭하이,21312500.0,15.99742893778946,8863293.122593937,0.5841270089105484,painting_material,unknown,9.242087070288765,1.0,True,False
T4-E023,ridge,val_cold,michelle sakhai,미체르레삭하이,60892800.0,16.83293712467091,20438626.5061749,0.6643506866792971,painting_material,unknown,10.315448847987986,1.3674293405114402,True,False
T4-E023,ridge,val_cold,michelle sakhai,미체르레삭하이,42625000.0,16.606662038493408,16299777.876791066,0.6176005190195644,painting_material,unknown,10.012140591884046,1.5004101722723544,True,False
T4-E023,ridge,val_cold,michelle sakhai,미체르레삭하이,3805800.0,14.776310728991973,2613787.1135975947,0.31320954501087955,painting_material,unknown,7.644196595800317,1.0,True,False
T4-E023,ridge,val_cold,michelle sakhai,미체르레삭하이,98950800.0,17.294937447341198,32441124.394093554,0.6721489427665713,painting_material,unknown,10.871211808965125,2.2664041994750654,True,False
T4-E023,ridge,val_cold,michelle sakhai,미체르레삭하이,11417400.0,15.557731946507335,5710013.503453029,0.49988495599234245,painting_material,unknown,8.666722925385201,1.0,True,False
T4-E023,ridge,val_cold,michelle sakhai,미체르레삭하이,45669600.0,16.65464185121623,17100903.412474453,0.6255517146531948,painting_material,unknown,10.011593695507276,2.6673960612691467,True,False
T4-E023,ridge,val_cold,michelle sakhai,미체르레삭하이,22834800.0,16.27830366371345,11737550.016115233,0.4859797319829719,painting_material,unknown,9.474042203040964,3.498360655737705,True,False
T4-E023,ridge,val_cold,michelle sakhai,미체르레삭하이,16745600.0,15.835725822919938,7539947.845516307,0.5497355815547781,painting_material,unknown,9.03049095692021,1.0,True,False
T4-E023,ridge,val_cold,michelle sakhai,미체르레삭하이,9134000.0,15.398039605089703,4867249.762714495,0.4671283377803268,painting_material,unknown,8.444235326865911,1.2491803278688525,True,False
T4-E023,ridge,val_cold,michelle sakhai,미체르레삭하이,27401800.0,16.328024210054885,12335899.280297415,0.5498142720442666,painting_material,unknown,9.647552178396928,1.5000000000000002,True,False
T4-E023,ridge,val_cold,michelle sakhai,미체르레삭하이,9134000.0,15.398039605089703,4867249.762714495,0.4671283377803268,painting_material,unknown,8.444235326865911,1.2491803278688525,True,False
T4-E023,ridge,val_cold,michelle sakhai,미체르레삭하이,11417400.0,15.557731946507335,5710013.503453029,0.49988495599234245,painting_material,unknown,8.666722925385201,1.0,True,False
T4-E023,ridge,val_cold,jina jung,정진아,5328200.0,15.497251337417623,5374904.355088953,0.008765503376178246,acrylic,canvas,8.779557455883728,1.5384615384615383,True,False
T4-E023,ridge,val_cold,jina jung,정진아,776400.0,14.026578492297409,1234996.2508583856,0.5906700809613415,acrylic,canvas,6.869534066161939,1.2727272727272727,True,False
T4-E023,ridge,val_cold,jina jung,정진아,900000.0,14.60056635281732,2192529.2691689096,1.4361436324098995,acrylic,canvas,7.63542465191381,1.0,True,False
T4-E023,ridge,val_cold,jina jung,정진아,7916100.0,16.017069302085947,9039092.155835276,0.1418617950550494,acrylic,canvas,9.472704636443671,1.3,True,False
T4-E023,ridge,val_cold,jina jung,정진아,2511900.0,15.346182922083878,4621282.962804779,0.839755946815072,acrylic,canvas,8.390636277614743,1.1996699669966997,False,False
T4-E023,ridge,val_cold,jina jung,정진아,395900.0,13.674513649244386,868491.9964455537,1.1937155757654805,acrylic,canvas,6.411473380656988,1.2242152466367713,True,False
T4-E023,ridge,val_cold,jina jung,정진아,2207400.0,15.03605862919932,3389044.6626040335,0.5353106200072635,acrylic,canvas,8.205286730073592,1.0,True,False
T4-E023,ridge,val_cold,jina jung,정진아,989600.0,14.760764524655121,2573466.8704673257,1.6005121973194478,acrylic,canvas,7.63542465191381,1.0,False,False
T4-E023,ridge,val_cold,jina jung,정진아,3805800.0,15.62326979502401,6096770.696959399,0.601968231898523,acrylic,canvas,8.764053269347762,1.0,False,False
T4-E023,ridge,val_cold,jina jung,정진아,1674600.0,14.890913549595451,2931173.9011027147,0.750372567241559,acrylic,canvas,7.992099595852542,1.4285714285714286,True,False
T4-E023,ridge,val_cold,dain lim,임다인,1248400.0,14.475694973467418,1935149.1730061325,0.5501034708475909,oil,linen,7.452663438045286,1.200527704485488,True,False
T4-E023,ridge,val_cold,dain lim,임다인,3714500.0,15.50825592225622,5434379.59602371,0.46301779405672644,oil,linen,8.80131894766524,1.2465753424657535,True,False
T4-E023,ridge,val_cold,dain lim,임다인,6180700.0,15.649309322029712,6257612.759549294,0.012444020830859558,oil,linen,8.972178355987793,1.4993103448275862,True,False
T4-E023,ridge,val_cold,dain lim,임다인,1248400.0,14.475694973467418,1935149.1730061325,0.5501034708475909,oil,linen,7.452663438045286,1.200527704485488,True,False
T4-E023,ridge,val_cold,dain lim,임다인,6180700.0,15.649309322029712,6257612.759549294,0.012444020830859558,oil,linen,8.972178355987793,1.4993103448275862,True,False
T4-E023,ridge,val_cold,dain lim,임다인,7429000.0,16.13153738024141,10135324.754655046,0.3642919308998582,oil,linen,9.489248566282852,3.5990099009900987,True,False
T4-E023,ridge,val_cold,dain lim,임다인,3714500.0,15.50532221323995,5418460.070650394,0.4587320152511493,oil,linen,8.797200891056324,1.2517193947730398,True,False
T4-E023,ridge,val_cold,dain lim,임다인,12361300.0,16.342765558055493,12519094.015710656,0.012765163511172416,oil,linen,9.806976652155283,2.8375,True,False
T4-E023,ridge,val_cold,dain lim,임다인,2481400.0,15.195816650524462,3976118.5015389463,0.6023690261702854,oil,linen,8.39475433422366,1.2046204620462049,True,False
T4-E023,ridge,val_cold,dain lim,임다인,1248400.0,14.475694973467418,1935149.1730061325,0.5501034708475909,oil,linen,7.452663438045286,1.200527704485488,True,False
T4-E023,ridge,val_cold,dain lim,임다인,1248400.0,14.475694973467418,1935149.1730061325,0.5501034708475909,oil,linen,7.452663438045286,1.200527704485488,True,False
T4-E023,ridge,val_cold,dain lim,임다인,1491900.0,14.534390619914232,2052133.6606371459,0.37551689834248,oil,linen,7.511251237589436,1.536231884057971,True,False
T4-E023,ridge,val_cold,dain lim,임다인,2481400.0,15.192464295979581,3962811.460032221,0.5970063109664789,oil,linen,8.390636277614743,1.1996699669966997,True,False
T4-E023,ridge,val_cold,dain lim,임다인,1248400.0,14.475694973467418,1935149.1730061325,0.5501034708475909,oil,linen,7.452663438045286,1.200527704485488,True,False
T4-E023,ridge,val_cold,dain lim,임다인,1248400.0,14.475694973467418,1935149.1730061325,0.5501034708475909,oil,linen,7.452663438045286,1.200527704485488,True,False
T4-E023,ridge,val_cold,dain lim,임다인,6180700.0,15.649309322029712,6257612.759549294,0.012444020830859558,oil,linen,8.972178355987793,1.4993103448275862,True,False
T4-E023,ridge,val_cold,dain lim,임다인,4947600.0,15.653113759306168,6281464.797816082,0.26959835027408885,oil,linen,8.990939806940807,1.2453300124533002,True,False
T4-E023,ridge,val_cold,dain lim,임다인,12361300.0,16.342765558055493,12519094.015710656,0.012765163511172416,oil,linen,9.806976652155283,2.8375,True,False
T4-E023,ridge,val_cold,kang miro,강미로,6000000.0,15.873350498572476,7829040.340454634,0.304840056742439,mixed_media,unknown,9.053569596026234,1.2409638554216869,True,False
T4-E023,ridge,val_cold,kang miro,강미로,2500000.0,15.208058318459683,4025091.9707908956,0.6100367883163582,mixed_media,unknown,8.02322468471667,4.185185185185185,True,False
T4-E023,ridge,val_cold,kang miro,강미로,6000000.0,16.033548670410276,9189284.82598974,0.53154747099829,mixed_media,unknown,9.053569596026234,1.2409638554216869,False,False
T4-E023,ridge,val_cold,kang miro,강미로,6000000.0,15.769279645180605,7055229.304712411,0.17587155078540184,mixed_media,unknown,8.791638037085997,3.558139534883721,True,False
T4-E023,ridge,val_cold,kang miro,강미로,1500000.0,14.853425804695602,2823324.9388289703,0.8822166258859802,mixed_media,unknown,7.522400231387125,1.0,False,False
T4-E023,ridge,val_cold,kang miro,강미로,6000000.0,15.929477817018405,8281029.190597715,0.3801715317662858,mixed_media,unknown,8.791638037085997,3.558139534883721,False,False
T4-E023,ridge,val_cold,kang miro,강미로,2500000.0,15.337382301909575,4580791.244192063,0.8323164976768251,mixed_media,unknown,8.126813720726114,1.5319148936170213,False,False
T4-E023,ridge,val_cold,kang miro,강미로,6000000.0,15.929477817018405,8281029.190597715,0.3801715317662858,mixed_media,unknown,8.791638037085997,3.558139534883721,False,False
T4-E023,ridge,val_cold,kang miro,강미로,2500000.0,15.337382301909575,4580791.244192063,0.8323164976768251,mixed_media,unknown,8.126813720726114,1.5319148936170213,False,False
T4-E023,ridge,val_cold,kang miro,강미로,1500000.0,14.853425804695602,2823324.9388289703,0.8822166258859802,mixed_media,unknown,7.522400231387125,1.0,False,False
T4-E023,ridge,val_cold,kang miro,강미로,8000000.0,16.323674754415133,12282361.34843264,0.53529516855408,mixed_media,unknown,9.42294862137501,1.4301075268817205,False,False
T4-E023,ridge,val_cold,kang miro,강미로,9000000.0,16.323674754415133,12282361.34843264,0.3647068164925155,mixed_media,unknown,9.42294862137501,1.4301075268817205,False,False
T4-E023,ridge,val_cold,kang miro,강미로,1500000.0,14.853425804695602,2823324.9388289703,0.8822166258859802,mixed_media,unknown,7.522400231387125,1.0,False,False
T4-E023,ridge,val_cold,kang miro,강미로,6000000.0,16.033548670410276,9189284.82598974,0.53154747099829,mixed_media,unknown,9.053569596026234,1.2409638554216869,False,False
T4-E023,ridge,val_cold,kang miro,강미로,6000000.0,15.929477817018405,8281029.190597715,0.3801715317662858,mixed_media,unknown,8.791638037085997,3.558139534883721,False,False
T4-E023,ridge,val_cold,kang miro,강미로,8000000.0,16.323674754415133,12282361.34843264,0.53529516855408,mixed_media,unknown,9.42294862137501,1.4301075268817205,False,False
T4-E023,ridge,val_cold,haseullin jeong,정하슬린,3021900.0,15.51400929951825,5465735.747414735,0.8087083448872349,mixed_media,canvas,8.572682769078947,1.0,False,False
T4-E023,ridge,val_cold,pakpoom silaphan,팍푸므실아프한,9155000.0,14.657263317019636,2320430.570184918,0.7465395335680046,mixed_media,unknown,7.475339236566737,1.0,True,False
T4-E023,ridge,val_cold,pakpoom silaphan,팍푸므실아프한,50625000.0,16.177739592142665,10614585.375828825,0.7903291777614059,mixed_media,unknown,8.632305998516742,1.2878787878787878,True,True
T4-E023,ridge,val_cold,pakpoom silaphan,팍푸므실아프한,50625000.0,16.483761496792503,14414734.877979413,0.7152644962374437,mixed_media,unknown,8.91905180393029,3.382978723404255,True,True
T4-E023,ridge,val_cold,pakpoom silaphan,팍푸므실아프한,50625000.0,15.673400051127938,6410193.727428681,0.8733788893347421,mixed_media,unknown,7.973844375944687,1.2604166666666667,True,True
T4-E023,ridge,val_cold,pakpoom silaphan,팍푸므실아프한,24300000.0,12.53843312916371,278851.07283449883,0.9885246472084568,mixed_media,unknown,4.702750514326955,1.0,True,False
T4-E023,ridge,val_cold,pakpoom silaphan,팍푸므실아프한,10125000.0,11.550119827345117,103789.47289196888,0.9897491878625215,mixed_media,unknown,3.4094961844768505,1.0,True,False
T4-E023,ridge,val_cold,pakpoom silaphan,팍푸므실아프한,16200000.0,12.30282724122469,220318.0011034776,0.9864001233886742,mixed_media,unknown,4.394449154672439,1.0,True,False
T4-E023,ridge,val_cold,pakpoom silaphan,팍푸므실아프한,14175000.0,12.024164621461995,166735.60304037028,0.9882373472281926,mixed_media,unknown,4.029806041084529,1.0,True,False
T4-E023,ridge,val_cold,pakpoom silaphan,팍푸므실아프한,19237500.0,14.989531599847886,3234974.4886665633,0.8318401825254548,mixed_media,unknown,7.047517221357296,1.84,True,True
T4-E023,ridge,val_cold,prae pupityastaporn,프래풉이트야스탑오느,2664100.0,14.119218320656092,1354873.053775001,0.4914331092019815,acrylic,canvas,6.774223886357614,1.4,False,False
T4-E023,ridge,val_cold,jonghwan lee,이종환,650000.0,14.163232137380044,1415837.9964163126,1.1782123021789426,mixed_media,metal,6.4356694835320765,1.414285714285714,False,False
T4-E023,ridge,val_cold,jonghwan lee,이종환,650000.0,14.163232137380044,1415837.9964163126,1.1782123021789426,mixed_media,metal,6.4356694835320765,1.414285714285714,False,False
T4-E023,ridge,val_cold,jonghwan lee,이종환,5500000.0,16.915200043603054,22191059.568822328,3.0347381034222414,mixed_media,wood,10.135392609518911,1.4923076923076923,False,False
T4-E023,ridge,val_cold,jonghwan lee,이종환,3500000.0,16.248861083199255,11397004.12983343,2.256286894238123,mixed_media,wood,9.498372383192253,1.0263157894736843,True,False
T4-E023,ridge,val_cold,jonghwan lee,이종환,3200000.0,16.425860610677997,13603812.06977568,3.2511912718049,mixed_media,wood,9.489248566282852,1.5995599559955995,False,False
T4-E023,ridge,val_cold,jonghwan lee,이종환,650000.0,14.415594738296866,1822272.1934133947,1.8034956821744534,mixed_media,metal,6.768860960112828,1.359683794466403,False,False
T4-E023,ridge,val_cold,joohyun kim,김주현,3000000.0,15.659981446745284,6324752.407455112,1.1082508024850373,acrylic,canvas,9.0217190130337,1.0,True,False
T4-E023,ridge,val_cold,joohyun kim,김주현,2500000.0,14.898621633784119,2953854.93767519,0.18154197507007605,acrylic,canvas,8.003028666384733,1.4130434782608696,True,False
T4-E023,ridge,val_cold,joohyun kim,김주현,7000000.0,16.383509346044388,13039703.103204101,0.8628147290291573,acrylic,canvas,9.955130785687968,1.2461538461538462,True,False
T4-E023,ridge,val_cold,joohyun kim,김주현,3500000.0,15.703597576611505,6606718.056251715,0.8876337303576328,acrylic,canvas,9.045947923831983,1.6052269601100413,True,False
T4-E023,ridge,val_cold,joohyun kim,김주현,1000000.0,13.649786629408737,847280.1117487719,0.15271988825122815,acrylic,canvas,6.379444340875127,1.2181818181818185,True,False
T4-E023,ridge,val_cold,joohyun kim,김주현,7000000.0,16.175985576984626,10595983.55089393,0.5137119358419902,acrylic,canvas,9.66002521573902,1.6801242236024847,True,False
T4-E023,ridge,val_cold,joohyun kim,김주현,1000000.0,13.643176265136399,841697.7526107469,0.1583022473892531,acrylic,canvas,6.354804728915475,1.5128205128205128,True,False
T4-E023,ridge,val_cold,yejin yoon,윤예진,5328200.0,15.527547382111667,5540234.476532516,0.039794766812904184,oil,canvas,8.99961934066053,1.0,True,False
T4-E023,ridge,val_cold,yejin yoon,윤예진,3805800.0,15.386231024084456,4810112.468746949,0.26388997549712256,oil,canvas,8.80131894766524,1.2465753424657535,True,False
T4-E023,ridge,val_cold,yejin yoon,윤예진,3805800.0,15.259160768964426,4236130.399900618,0.11307225810621105,oil,canvas,8.621733370690162,1.4918032786885247,True,False
T4-E023,ridge,val_cold,yejin yoon,윤예진,6850500.0,15.879914275486023,7880597.434224001,0.15036821169608075,oil,canvas,9.442245428958966,1.3402061855670102,True,False
T4-E023,ridge,val_cold,yejin yoon,윤예진,6850500.0,15.879914275486023,7880597.434224001,0.15036821169608075,oil,canvas,9.442245428958966,1.3402061855670102,True,False
T4-E023,ridge,val_cold,xooang choi,최수앙,3000000.0,14.645258590929702,2292740.972334162,0.23575300922194606,mixed_media,paper,7.644919344958857,1.4473684210526316,False,False
T4-E023,ridge,val_cold,xooang choi,최수앙,13000000.0,15.44808457246313,5117029.0885692695,0.6063823778023639,mixed_media,paper,8.068402958569699,1.8095238095238095,True,True
T4-E023,ridge,val_cold,xooang choi,최수앙,3000000.0,14.645258590929702,2292740.972334162,0.23575300922194606,mixed_media,paper,7.644919344958857,1.4473684210526316,False,False
T4-E023,ridge,val_cold,xooang choi,최수앙,35000000.0,15.984567043356876,8750024.36898587,0.7499993037432608,mixed_media,paper,8.774312958285378,1.7377049180327868,True,True
T4-E023,ridge,val_cold,xooang choi,최수앙,32000000.0,15.826041387598982,7467280.149033623,0.7666474953426994,mixed_media,paper,8.563695025067657,1.7962962962962965,True,True
T4-E023,ridge,val_cold,imhathai suwatthanasilp,이므하타이수와트한아실프,11861000.0,16.442720849086673,13835120.059039278,0.16643791071910277,mixed_media,unknown,9.798127036878302,1.25,True,False
T4-E023,ridge,val_cold,imhathai suwatthanasilp,이므하타이수와트한아실프,11861000.0,16.442720849086673,13835120.059039278,0.16643791071910277,mixed_media,unknown,9.798127036878302,1.25,True,False
T4-E023,ridge,val_cold,imhathai suwatthanasilp,이므하타이수와트한아실프,11861000.0,16.442720849086673,13835120.059039278,0.16643791071910277,mixed_media,unknown,9.798127036878302,1.25,True,False
T4-E023,ridge,val_cold,imhathai suwatthanasilp,이므하타이수와트한아실프,427000.0,12.85133277324541,381296.5787628753,0.10703377338905085,other,unknown,4.1588830833596715,1.0,True,True
T4-E023,ridge,val_cold,imhathai suwatthanasilp,이므하타이수와트한아실프,7116600.0,15.913751452840948,8151817.388736703,0.14546516436735288,mixed_media,canvas,9.287301413112312,1.3333333333333333,True,False
T4-E023,ridge,val_cold,yerim choi,최예림,900000.0,15.67922454679412,6447638.816533538,6.164043129481708,acrylic,paper,9.049848797768878,1.382165605095541,False,False
T4-E023,ridge,val_cold,yerim choi,최예림,950000.0,15.249767422451692,4196525.2627822505,3.4173950134550006,oil,canvas,8.414938957377482,1.213114754098361,False,False
T4-E023,ridge,val_cold,yerim choi,최예림,950000.0,15.907141040770057,8098108.232078967,7.524324454819965,oil,canvas,9.271322576910975,1.2835164835164834,False,False
T4-E023,ridge,val_cold,yerim choi,최예림,600000.0,13.945152890286371,1138421.1340555197,0.8973685567591995,oil,canvas,6.699032250329157,1.374485596707819,False,False
T4-E023,ridge,val_cold,yerim choi,최예림,950000.0,15.907141040770057,8098108.232078967,7.524324454819965,oil,canvas,9.271322576910975,1.2835164835164834,False,False
T4-E023,ridge,val_cold,hansol noh,노한솔,800000.0,14.244705623772699,1536020.630281946,0.9200257878524324,mixed_media,paper,7.122059881629142,1.423728813559322,False,False
T4-E023,ridge,val_cold,hansol noh,노한솔,480000.0,13.641786926685576,840529.1615313077,0.7511024198568911,mixed_media,paper,6.3561076606958915,1.0,False,False
T4-E023,ridge,val_cold,hansol noh,노한솔,2400000.0,15.778866841115846,7123194.4474146115,1.9679976864227549,ink,paper,9.104979856318357,2.5,False,False
T4-E023,ridge,val_cold,hansol noh,노한솔,480000.0,13.641786926685576,840529.1615313077,0.7511024198568911,mixed_media,paper,6.3561076606958915,1.0,False,False
T4-E023,ridge,val_cold,dian suci,디안수시,2435800.0,15.037318114338852,3393315.8031482035,0.39310115902299186,mixed_media,paper,8.160518247477505,1.4,False,False
T4-E023,ridge,val_cold,blake daniels,브락에단이에르스,9999999.0,14.927780305625644,3041253.444356788,0.6958746251517837,oil,canvas,7.981049759665957,1.4444444444444444,False,False
T4-E023,ridge,val_cold,natagon khamkayprong,나타곤크햄카이프롱,1033400.0,15.210750029550416,4035940.9500985085,2.905497338976687,oil,linen,8.411832675758411,1.25,True,False
T4-E023,ridge,val_cold,natagon khamkayprong,나타곤크햄카이프롱,3131300.0,16.455925654535285,14019021.647940794,3.4770611720182654,oil,canvas,10.203592144986466,1.2,True,False
T4-E023,ridge,val_cold,ha ninh pham,하닌흐프햄,3349200.0,15.559321189453776,5719095.316829909,0.7076004170637491,mixed_media,paper,8.834045641167798,1.5757575757575757,False,False
T4-E023,ridge,val_cold,ha ninh pham,하닌흐프햄,6089300.0,16.17073197093771,10540462.398469307,0.7309809663621938,mixed_media,paper,9.65117262392164,1.2612612612612613,False,False
T4-E023,ridge,val_cold,jung uk yang,정욱양,25879500.0,16.11305117704596,9949682.280789038,0.6155380791441474,mixed_media,wood,8.40737832540903,2.8,True,True
T4-E023,ridge,val_cold,jung uk yang,정욱양,28924100.0,16.72895372845675,18420113.09298231,0.3631569143730553,mixed_media,wood,9.159047077588632,3.8,True,True
T4-E023,ridge,val_cold,ryan lee,이라이언,2000000.0,14.686791095097204,2389969.3393396013,0.19498466966980066,acrylic,canvas,6.915723448631314,1.2857142857142858,True,True
T4-E023,ridge,val_cold,ryan lee,이라이언,2000000.0,14.686791095097204,2389969.3393396013,0.19498466966980066,acrylic,canvas,6.915723448631314,1.2857142857142858,True,True
T4-E023,ridge,val_cold,hojin kim,김호진,5300000.0,15.862488221370517,7744459.336839443,0.46121874279989494,acrylic,canvas,9.271322576910975,1.2835164835164834,True,False
T4-E023,ridge,val_cold,uji handoko eko saputro aka hahan,우지한독오에코삽우트로,8372800.0,15.358794291428543,4679932.718626095,0.4410552361663846,mixed_media,canvas,8.56197533418813,1.3174603174603174,True,False
T4-E023,ridge,val_cold,jaeyoon yoo,유재윤,3805800.0,16.15272327815715,10352341.439790929,1.7201485731753978,mixed_media,unknown,9.405084448768694,1.5,True,False
T4-E023,ridge,val_cold,아리아나 파파데메트로풀로스,아리아나 파파데메트로풀로스,99715000.0,16.544691712269902,15320336.890399653,0.8463587535436028,oil,canvas,10.093839281025346,1.5,False,False
T4-E023,ridge,val_cold,안드레아 칼슨,안드레아 칼슨,22985600.0,15.378254517359691,4771897.189129841,0.7923962311564701,gouache,paper,8.715804677251699,1.295918367346939,False,False
T4-E023,ridge,val_cold,스기모토 히로시,스기모토 히로시,571360000.0,17.311671386988426,32988559.812859785,0.9422630918985232,print,unknown,10.231613628078405,1.195538057742782,False,False
T4-E023,huber,val_warm,jungwoo hong,홍정우,604440.0,12.964223924298459,426865.3591332671,0.293783735137868,oil,paper,5.886104031450156,1.1111111111111112,True,False
T4-E023,huber,val_warm,kyeonghoon oh,오경훈,1800900.0,14.846757744246927,2804561.4649828807,0.5573110472446448,acrylic,canvas,8.205286730073592,1.0,True,False
T4-E023,huber,val_warm,injung kwon,권인정,234600.0,11.922964646629655,150687.68258907783,0.3576825124080229,mixed_media,paper,4.585069514281089,1.0,True,False
T4-E023,huber,val_warm,jihae lee,이지해,9813180.0,15.852215803657705,7665312.2276373925,0.21887581521612848,oil,canvas,9.444550462634185,1.343298969072165,True,False
T4-E023,huber,val_warm,jung hyun park,정현박,4816200.0,16.392030152554877,13151286.605900949,1.7306354814793714,mixed_media,canvas,10.074653786098454,1.73972602739726,True,False
T4-E023,huber,val_warm,jinho kee,진호케에,3615600.0,15.026192405670642,3355771.9980897405,0.07186303847501369,oil,canvas,8.421342865759403,1.305084745762712,True,False
T4-E023,huber,val_warm,daesun choi,최대선,2219040.0,14.802671214151585,2683603.970337385,0.20935358097978624,mixed_media,paper,8.146216462766645,1.228301886792453,True,False
T4-E023,huber,val_warm,hyojung kim,김효정,364320.0,12.871266932900769,388973.66959793057,0.06767037109664736,oil,paper,5.746841964116649,1.4896551724137932,True,False
T4-E023,huber,val_warm,soo hee kim,김수희,2797260.0,15.25814409344424,4231825.818374835,0.5128467923520998,mixed_media,paper,8.704502289721232,1.3432835820895523,True,False
T4-E023,huber,val_warm,juha kim,김주하,558900.0,13.416740377679837,671144.9259668257,0.20083185894941077,acrylic,canvas,6.429735606941324,1.0,True,False
T4-E023,huber,val_warm,jiseon han,한지선_B,12268200.0,16.128379714632903,10103371.264015727,0.17645854615870896,oil,canvas,9.80906752642742,1.0,True,False
T4-E023,huber,val_warm,kim jae hyeon,김재현,4429800.0,15.230547406675623,4116638.155989588,0.07069435279480163,oil,canvas,8.552371128165808,3.253132832080201,True,False
T4-E023,huber,val_warm,jisun kim,김지선,1283400.0,14.238753292516112,1526904.88356004,0.189734208789185,oil,canvas,7.450021428582446,1.2037037037037035,True,False
T4-E023,huber,val_warm,seo yeongyeong,서영영,964620.0,13.05370701838614,466823.73224453634,0.5160542677484021,oil,canvas,5.991464547107982,1.0,True,False
T4-E023,huber,val_warm,kyoung soo lee,이경수,19666380.0,16.160312089860334,10431202.26116035,0.46959215365713725,acrylic,canvas,9.80794534581564,1.449107142857143,True,False
T4-E023,huber,val_warm,jieun park,박지은_B,1407600.0,13.706614493647612,896823.6246306374,0.3628704002339888,acrylic,paper,6.802394763324311,1.0,True,False
T4-E023,huber,val_warm,soonyong hong,홍순용,1283400.0,14.527203210475015,2037437.0144684513,0.5875307888954739,acrylic,canvas,7.798933310041217,1.1521739130434785,True,False
T4-E023,huber,val_warm,so bac,백소,12282000.0,16.04448983445178,9290378.330521198,0.24357772915476322,painting_material,paper,9.735068900911164,1.0,True,False
T4-E023,huber,val_warm,yoon jungho,윤정호,41262000.0,16.272438786817926,11668912.203120641,0.7171995491464146,mixed_media,canvas,9.957435819363184,1.2432847275518035,True,False
T4-E023,huber,val_warm,jungwon shelley bae,배정원셰르레이,1535940.0,14.960191229512072,3141438.0461059078,1.045286955288558,acrylic,canvas,8.309922989258318,1.5748031496062993,True,False
T4-E023,huber,val_warm,jenny seongryung lee,이제니성륭,2856600.0,16.170041780939087,10533189.98670266,2.6873170855921935,mixed_media,canvas,9.829873735190882,1.25,True,False
T4-E023,huber,val_warm,taedong lee,이태동,7051800.0,15.33713981010207,4579680.574513047,0.3505657315135076,mixed_media,canvas,8.79560571403086,1.2517896475770929,True,False
T4-E023,huber,val_warm,tae kim,김태,9784200.0,14.964973988106856,3156498.7731224694,0.6773881591624794,mixed_media,paper,8.338066525518801,1.3818181818181818,True,False
T4-E023,huber,val_warm,jungjin you,유정진,3808800.0,15.440660732962478,5079181.746018332,0.3335385806601377,acrylic,unknown,8.580918882296782,1.0,True,False
T4-E023,huber,val_warm,sujeong kim,김수정,2760000.0,15.628836964057173,6130807.105296517,1.2213069222088828,mixed_media,unknown,8.796101385722906,1.250343878954608,True,False
T4-E023,huber,val_warm,geun hwa lee,이근화,3339600.0,14.485617731063645,1954446.7735301552,0.41476620747090814,acrylic,canvas,7.742063943840529,1.2352941176470589,True,False
T4-E023,huber,val_warm,jeongkyu lee,이정규,9880800.0,14.996113761488843,3256337.8450575178,0.6704378344812649,oil,canvas,8.390636277614743,1.1996699669966997,True,False
T4-E023,huber,val_warm,myoung jo,조명,1324800.0,14.28907055732813,1605700.3224091022,0.21203224819527644,oil,canvas,7.488584463316758,1.5833333333333333,True,False
T4-E023,huber,val_warm,glim grim,그림그림,2111400.0,15.31411142846257,4475422.991492367,1.1196471495180293,oil,canvas,8.780051610692205,1.2857142857142856,True,False
T4-E023,huber,val_warm,boghee joung,정보게에,786600.0,13.271466163520866,580396.1482048366,0.262145756159628,acrylic,paper,6.246354796734772,1.25,True,False
T4-E023,huber,val_warm,daeun lee,이대운,2235600.0,14.454242918697693,1894078.3487667693,0.15276509716999048,mixed_media,fabric,7.540758322274456,5.957255343082115,True,False
T4-E023,huber,val_warm,kim hyejin,김혜진,3767400.0,14.753310215079402,2554354.7739736037,0.3219847178495504,acrylic,canvas,8.026287050863607,1.9997443762781189,True,False
T4-E023,huber,val_warm,kim hak young,김학영,772800.0,14.261465119340192,1561980.4906768946,1.0211962871077829,other,canvas,7.377758908227872,1.0,True,False
T4-E023,huber,val_warm,mooa kang,강무아,6900000.0,15.922470893498783,8223207.465171821,0.19176919785098862,mixed_media,wood,8.439015410352214,1.0,True,True
T4-E023,huber,val_warm,um hyo yong,용우므효,4623000.0,16.229369584021804,11177010.401925212,1.417696388043524,mixed_media,paper,9.67721410821299,1.318181818181818,False,False
T4-E023,huber,val_warm,beomsik won,원범식,690000.0,14.617935788699594,2230944.9290803736,2.2332535204063384,mixed_media,unknown,7.294377299288821,1.4375,False,False
T4-E023,huber,val_warm,jae ho bae,배재호,1794000.0,15.498225017320202,5380140.340110813,1.9989634002847343,mixed_media,unknown,8.383433201236713,1.5,False,False
T4-E023,huber,val_warm,jiweon lee,이지원,276000.0,13.761172679328457,947112.0435083926,2.431565375030408,mixed_media,paper,6.620073206530356,1.2,False,False
T4-E023,huber,val_warm,jeeae yeom,염지애,2346000.0,15.558650611202916,5715261.501476109,1.436172848029032,ink,paper,8.794446068377479,1.2551724137931035,False,False
T4-E023,huber,val_warm,yeseul cheon,천예슬,1794000.0,13.9033701452312,1091834.8037556699,0.39139643045949285,mixed_media,wood,6.802394763324311,1.44,True,False
T4-E023,huber,val_warm,miyoun leone,미윤레온에,8694000.0,15.469002192500925,5225192.475228234,0.3989886731966604,acrylic,canvas,8.914894908906568,2.0,True,False
T4-E023,huber,val_warm,kim chang young,김창영,42780000.0,16.59400098249813,16094706.42638618,0.623779653427158,mixed_media,unknown,9.702350081484532,2.160919540229885,False,False
T4-E023,huber,val_warm,dongzadonghwi,동자동흐위,676200.0,13.59149829662653,799305.3337566224,0.18205461957501093,mixed_media,canvas,6.603618568458395,1.641509433962264,True,False
T4-E023,huber,val_warm,jong in kang,강종인,3174000.0,15.008335987045914,3296381.755051873,0.03855757878130849,mixed_media,canvas,8.390636277614743,1.1996699669966997,True,False
T4-E023,huber,val_warm,choi yeonjai,최연자이,4429800.0,15.494132921202775,5358169.273231813,0.20957363159325765,mixed_media,canvas,8.990939806940807,1.2453300124533002,True,False
T4-E023,huber,val_warm,soo yeon kwon,권수연,1104000.0,14.70812644558229,2441508.015697993,1.2115108837844137,acrylic,canvas,7.788004239509027,1.164835164835165,False,False
T4-E023,huber,val_warm,un,운,10184400.0,16.2700870513336,11641502.251340128,0.14307197786223327,mixed_media,canvas,9.735068900911164,1.0,False,False
T4-E023,huber,val_warm,eun jeong jo,조은정,4692000.0,16.27072787980195,11648964.84826403,1.4827290810451896,mixed_media,canvas,9.955130785687968,1.2461538461538462,True,False
T4-E023,huber,val_warm,jae hyeon kim,김재현,1656000.0,14.413354734221677,1818194.864595503,0.09794375881370959,oil,canvas,7.659171367666058,1.325,True,False
T4-E023,huber,val_warm,eun ee yoon,윤은이,565800.0,13.708950608457657,898921.1566660338,0.5887613231990699,acrylic,panel,6.694908533145296,1.3801652892561984,True,False
T4-E023,huber,val_warm,kyu bong kim,김규봉,2346000.0,15.332513022791776,4558540.310012197,0.943111811599402,mixed_media,canvas,8.556413904569519,1.2307692307692308,False,False
T4-E023,huber,val_warm,hyunmo yang,양현모,2000000.0,14.62351505353206,2243426.748977732,0.12171337448886596,oil,canvas,7.940583827104244,1.0,True,False
T4-E023,huber,val_warm,saebyeok jo,조새벽,455400.0,14.706233646696182,2436891.102867602,4.351100357636367,oil,canvas,7.798933310041217,1.1521739130434785,False,False
T4-E023,huber,val_warm,heeju moon,문희주,13386000.0,17.22362536534616,30208242.191157818,1.2567041828147183,oil,canvas,10.84465917195874,2.421305841924399,False,False
T4-E023,huber,val_warm,kimgari,김가리,276000.0,13.667849135106954,862723.1638424515,2.1258085646465634,mixed_media,canvas,6.4559844179974615,1.763157894736842,False,False
T4-E023,huber,val_warm,hae lyn hwang,황해르이느,2760000.0,16.462593478471142,14112810.351838686,4.113337083999523,mixed_media,canvas,9.958669625812112,1.244819646968534,False,False
T4-E023,huber,val_warm,bonhwa cho,조본화,552000.0,13.991725957307253,1192694.9366897328,1.160679233133574,mixed_media,paper,6.918932579572262,1.0,False,False
T4-E023,huber,val_warm,jinny suh,서지니,3864000.0,15.276442493605462,4309974.275951806,0.11541777327945302,other,canvas,8.390636277614743,1.1996699669966997,False,False
T4-E023,huber,val_warm,rahm parc,라흐므파르크,73871400.0,16.379681331287376,12989882.345434131,0.8241554600909943,painting_material,linen,9.857914707241372,2.0309278350515463,True,False
T4-E023,huber,val_warm,sangun ho,호상운,2450000.0,14.550955332049327,2086409.767159905,0.1484041766694265,mixed_media,paper,7.821963844651967,1.414285714285714,True,False
T4-E023,huber,val_warm,jin pul,진풀,9000000.0,13.81381391756926,998304.7980856571,0.8890772446571492,painting_material,unknown,6.3561076606958915,1.0,False,False
T4-E023,huber,val_warm,junmin shin,신준민,10397500.0,16.41740286003926,13489239.615159232,0.2973541346630663,oil,canvas,10.137182046379406,1.4881043745203375,True,False
T4-E023,huber,val_warm,seonghwa hong,홍성화,1826800.0,14.226691315841816,1508598.0228907028,0.17418544838476965,painting_material,canvas,7.452663438045286,1.200527704485488,True,False
T4-E023,huber,val_warm,man seop kim,김만섭,700000.0,14.70812644558229,2441508.015697993,2.4878685938542757,acrylic,canvas,7.788004239509027,1.164835164835165,False,False
T4-E023,huber,val_warm,youjeong kang,강유정,1202700.0,14.359942898789983,1723629.6704198122,0.4331335082895254,oil,canvas,7.613324979540639,1.0,True,False
T4-E023,huber,val_warm,disorn duangdao,디소르느두안그다오,7002700.0,15.938455010437181,8355704.2761869235,0.1932118006178936,acrylic,unknown,9.175748927206564,1.369047619047619,True,False
T4-E023,huber,val_warm,cai ruei heng,카이루에이헹,2283500.0,14.70812644558229,2441508.015697993,0.0691955400472927,acrylic,canvas,7.788004239509027,1.164835164835165,False,False
T4-E023,huber,val_cold,hyeyune choi,최혜윤,4678200.0,15.133585548086263,3736222.1856127423,0.20135475490300922,mixed_media,fabric,8.693580508722,1.0463576158940395,True,False
T4-E023,huber,val_cold,rakeum rhee,이락음,10639800.0,15.734653825552382,6815117.23563432,0.3594694227678791,mixed_media,paper,9.259892150805433,1.9189189189189189,True,False
T4-E023,huber,val_cold,hyunju kim,김현주,993600.0,13.6395422663833,838644.57500908,0.15595352756735104,oil,canvas,6.694908533145296,1.3801652892561984,True,False
T4-E023,huber,val_cold,eunja cho,조은자,1573200.0,14.04883599619855,1262792.3733835677,0.19730970418029006,mixed_media,canvas,7.191602507811327,1.3217665615141956,True,False
T4-E023,huber,val_cold,su jin kim,김진수,17912400.0,15.959082416957717,8529850.704894986,0.5238019079020686,acrylic,canvas,9.55488706511493,1.5,True,False
T4-E023,huber,val_cold,jeongrock heo,허정록,1959600.0,14.996113761488843,3256337.8450575178,0.6617359895170023,oil,canvas,8.390636277614743,1.1996699669966997,True,False
T4-E023,huber,val_cold,su jin kim,김진수,19458000.0,16.159228412388508,10419904.325030955,0.4644925313479826,acrylic,canvas,9.806712300036724,1.4473214285714284,True,False
T4-E023,huber,val_cold,su jin kim,김진수,17843400.0,15.838769810553089,7562934.321037144,0.576149482663778,acrylic,canvas,9.436997742590188,1.0,True,False
T4-E023,huber,val_cold,su jin kim,김진수,17843400.0,15.82850665731185,7485711.718682839,0.5804772790677316,acrylic,paper,9.436997742590188,1.0,True,False
T4-E023,huber,val_cold,jeongrock heo,허정록,407100.0,13.05370701838614,466823.73224453634,0.14670531133514209,oil,canvas,5.991464547107982,1.0,True,False
T4-E023,huber,val_cold,jeongrock heo,허정록,1035000.0,14.508990632759549,2000665.8993015282,0.9330105307261143,oil,canvas,7.788004239509027,1.164835164835165,True,False
T4-E023,huber,val_cold,jeongrock heo,허정록,1094340.0,14.281405925465911,1593440.264989803,0.45607422280991566,oil,canvas,7.478847813534776,1.5868263473053892,True,False
T4-E023,huber,val_cold,ki yeon seo,서기연,1860240.0,14.351524962893706,1709181.1649619713,0.08120394951083121,mixed_media,canvas,7.562161631225652,1.4054054054054057,True,False
T4-E023,huber,val_cold,jeongrock heo,허정록,1959600.0,14.996113761488843,3256337.8450575178,0.6617359895170023,oil,canvas,8.390636277614743,1.1996699669966997,True,False
T4-E023,huber,val_cold,seung wook yang,양승욱,4512600.0,14.487899397140364,1958911.2597285837,0.5659018615147402,mixed_media,canvas,7.749994652484595,1.111597374179431,True,False
T4-E023,huber,val_cold,seung wook yang,양승욱,4512600.0,14.487899397140364,1958911.2597285837,0.5659018615147402,mixed_media,canvas,7.749994652484595,1.111597374179431,True,False
T4-E023,huber,val_cold,seung wook yang,양승욱,4077900.0,14.487899397140364,1958911.2597285837,0.5196274406609815,mixed_media,canvas,7.749994652484595,1.111597374179431,True,False
T4-E023,huber,val_cold,jeongrock heo,허정록,500940.0,13.6395422663833,838644.57500908,0.6741417635027748,oil,canvas,6.694908533145296,1.3801652892561984,True,False
T4-E023,huber,val_cold,seung wook yang,양승욱,4512600.0,14.487899397140364,1958911.2597285837,0.5659018615147402,mixed_media,canvas,7.749994652484595,1.111597374179431,True,False
T4-E023,huber,val_cold,seung wook yang,양승욱,3063600.0,14.487899397140364,1958911.2597285837,0.36058517439333343,mixed_media,canvas,7.749994652484595,1.111597374179431,True,False
T4-E023,huber,val_cold,seung wook yang,양승욱,1573200.0,13.992847565536737,1194033.4236346555,0.2410161304127539,mixed_media,canvas,7.121494750221053,1.3311475409836069,True,False
T4-E023,huber,val_cold,eunja cho,조은자,4567800.0,15.005914005702612,3288407.640417183,0.28008939961968937,mixed_media,canvas,8.387608286867547,1.2,True,False
T4-E023,huber,val_cold,jeongrock heo,허정록,1959600.0,14.996113761488843,3256337.8450575178,0.6617359895170023,oil,canvas,8.390636277614743,1.1996699669966997,True,False
T4-E023,huber,val_cold,jeongrock heo,허정록,4719600.0,15.70149040253453,6592811.208450031,0.39690041707984375,oil,canvas,9.260272740724393,1.2977777777777777,True,False
T4-E023,huber,val_cold,erica choi,최어이카,2898000.0,15.004936914855454,3285196.136630988,0.1336080526676978,acrylic,canvas,8.38898474957627,1.2016528925619836,True,False
T4-E023,huber,val_cold,erica choi,최어이카,4015800.0,15.149289445036551,3795358.5542098326,0.05489353199615704,acrylic,canvas,8.580918882296782,1.0,True,False
T4-E023,huber,val_cold,erica choi,최어이카,745200.0,13.708950608457657,898921.1566660338,0.20628174539188646,acrylic,panel,6.694908533145296,1.3801652892561984,True,False
T4-E023,huber,val_cold,erica choi,최어이카,1280640.0,14.38779451998397,1772310.3218002284,0.38392547616834427,acrylic,canvas,7.63542465191381,1.0,True,False
T4-E023,huber,val_cold,jeongrock heo,허정록,500940.0,13.6395422663833,838644.57500908,0.6741417635027748,oil,canvas,6.694908533145296,1.3801652892561984,True,False
T4-E023,huber,val_cold,jeongrock heo,허정록,2018940.0,14.89691572486238,2948820.2257844238,0.46057843511170404,oil,canvas,8.256633298091595,1.3716981132075472,True,False
T4-E023,huber,val_cold,seung wook yang,양승욱,4077900.0,14.487899397140364,1958911.2597285837,0.5196274406609815,mixed_media,canvas,7.749994652484595,1.111597374179431,True,False
T4-E023,huber,val_cold,seung wook yang,양승욱,4512600.0,14.547255050913934,2078703.73050146,0.5393556418691088,mixed_media,panel,7.749994652484595,1.111597374179431,True,False
T4-E023,huber,val_cold,seung wook yang,양승욱,4077900.0,14.46645359418735,1917348.105432063,0.5298197343161766,mixed_media,canvas,7.646831391430482,2.3266666666666667,True,False
T4-E023,huber,val_cold,seung wook yang,양승욱,7438200.0,14.759848087282904,2571109.529593691,0.654337134038653,mixed_media,canvas,8.078936260483083,1.25,True,False
T4-E023,huber,val_cold,seung wook yang,양승욱,8914800.0,15.020888516761877,3338020.473879258,0.6255641771123011,mixed_media,panel,8.331403226643376,1.2174657534246576,True,False
T4-E023,huber,val_cold,jin sook woo,우진숙,6072000.0,14.995903296548393,3255652.5722223567,0.46382533395547487,acrylic,paper,8.390636277614743,1.1996699669966997,True,False
T4-E023,huber,val_cold,jeongrock heo,허정록,2815200.0,14.834237754590264,2769667.277686374,0.016173885448147983,oil,canvas,8.108171767105295,2.493150684931507,True,False
T4-E023,huber,val_cold,jeongrock heo,허정록,732780.0,14.015558539951686,1221461.3648979587,0.666886875867189,oil,canvas,7.167446743931991,1.2902208201892744,True,False
T4-E023,huber,val_cold,jeongrock heo,허정록,2014800.0,14.996113761488843,3256337.8450575178,0.6162089761055776,oil,canvas,8.390636277614743,1.1996699669966997,True,False
T4-E023,huber,val_cold,taerin kim,김태린,2815200.0,14.854243415164412,2825634.262790885,0.0037064019575464703,mixed_media,canvas,8.211887396130905,1.0,True,False
T4-E023,huber,val_cold,taerin kim,김태린,4491900.0,15.336444452125452,4576497.164028406,0.018833269669495344,mixed_media,canvas,8.794724923014183,1.2520661157024795,True,False
T4-E023,huber,val_cold,taerin kim,김태린,2815200.0,14.854243415164412,2825634.262790885,0.0037064019575464703,mixed_media,canvas,8.211887396130905,1.0,True,False
T4-E023,huber,val_cold,jeongrock heo,허정록,2394300.0,14.978956579288079,3200944.816311464,0.33690214940127144,oil,canvas,8.31752199628717,2.022222222222222,True,False
T4-E023,huber,val_cold,jin sook woo,우진숙,16380600.0,15.656342041143823,6301775.903884294,0.6152902882748925,mixed_media,paper,9.161150127785412,1.9428571428571428,True,False
T4-E023,huber,val_cold,jin sook woo,우진숙,16366800.0,15.634954399100614,6168426.870441511,0.6231134448736765,mixed_media,canvas,9.134646527606982,1.7397260273972603,True,False
T4-E023,huber,val_cold,jin sook woo,우진숙,890100.0,13.212756450714423,547302.2294761958,0.3851227620759513,acrylic,canvas,6.148468295917647,1.4444444444444444,True,False
T4-E023,huber,val_cold,jin sook woo,우진숙,745200.0,13.01879934563604,450809.14434006135,0.39504945740732506,acrylic,canvas,5.908082938168931,1.4375,True,False
T4-E023,huber,val_cold,jeongrock heo,허정록,1035000.0,14.508990632759549,2000665.8993015282,0.9330105307261143,oil,canvas,7.788004239509027,1.164835164835165,True,False
T4-E023,huber,val_cold,hyeyune choi,최혜윤,1711200.0,14.79250673202559,2656464.687785197,0.5523987189020553,mixed_media,fabric,8.25582842728183,1.2727272727272727,True,False
T4-E023,huber,val_cold,hyeyune choi,최혜윤,22535400.0,16.042721210541348,9273961.667000005,0.5884713975789201,mixed_media,fabric,9.825309771472105,1.0,True,False
T4-E023,huber,val_cold,hyeyune choi,최혜윤,3332700.0,14.917629141665413,3010537.3478286625,0.09666716241225959,mixed_media,fabric,8.414938957377482,1.213114754098361,True,False
T4-E023,huber,val_cold,hyeyune choi,최혜윤,3318900.0,14.86907973823497,2867868.813605983,0.13589779336346897,mixed_media,fabric,8.354203562921775,1.2203389830508475,True,False
T4-E023,huber,val_cold,hyeyune choi,최혜윤,3332700.0,14.917629141665413,3010537.3478286625,0.09666716241225959,mixed_media,fabric,8.414938957377482,1.213114754098361,True,False
T4-E023,huber,val_cold,hyeyune choi,최혜윤,3332700.0,14.974446239767753,3186539.9781794148,0.043856339250633196,mixed_media,fabric,8.480321716640333,1.2950819672131149,True,False
T4-E023,huber,val_cold,hyeyune choi,최혜윤,1311000.0,13.80969622382257,994202.536386253,0.24164566255815945,mixed_media,fabric,7.052721049232323,1.0,True,False
T4-E023,huber,val_cold,jeongrock heo,허정록,2884200.0,15.243719569573283,4171221.888061982,0.4462318452472027,oil,canvas,8.685684550397957,1.3963133640552998,True,False
T4-E023,huber,val_cold,jeongrock heo,허정록,717600.0,14.017889385295234,1224311.7230141656,0.7061200153486143,oil,canvas,7.170596352834887,1.2861635220125784,True,False
T4-E023,huber,val_cold,jeongrock heo,허정록,1959600.0,14.996113761488843,3256337.8450575178,0.6617359895170023,oil,canvas,8.390636277614743,1.1996699669966997,True,False
T4-E023,huber,val_cold,hyeyune choi,최혜윤,3318900.0,14.85670830072796,2832607.718747866,0.1465221251776595,mixed_media,fabric,8.338724203937772,1.2222222222222223,True,False
T4-E023,huber,val_cold,jeongrock heo,허정록,2898000.0,15.325243450574177,4525521.832534614,0.5616017365543872,oil,canvas,8.796101385722906,1.250343878954608,True,False
T4-E023,huber,val_cold,byung taek jeon,전병택,2639940.0,14.539708939951442,2063076.6375371367,0.218513815640834,acrylic,canvas,7.824046010856292,1.0,True,False
T4-E023,huber,val_cold,jeongrock heo,허정록,407100.0,13.393292447184127,655591.0323267989,0.6103931032345834,oil,canvas,6.39792915554923,1.240909090909091,True,False
T4-E023,huber,val_cold,jeongrock heo,허정록,1076400.0,14.508990632759549,2000665.8993015282,0.8586639718520329,oil,canvas,7.788004239509027,1.164835164835165,True,False
T4-E023,huber,val_cold,erica choi,최어이카,2159700.0,14.84941800420297,2812032.2602653103,0.3020476271080753,acrylic,canvas,8.208589786150538,1.0,True,False
T4-E023,huber,val_cold,eunja cho,조은자,22425000.0,16.269654905428816,11636472.510685854,0.4810937564911548,mixed_media,canvas,9.953895455079971,1.244615384615385,True,False
T4-E023,huber,val_cold,jeongrock heo,허정록,1035000.0,14.508990632759549,2000665.8993015282,0.9330105307261143,oil,canvas,7.788004239509027,1.164835164835165,True,False
T4-E023,huber,val_cold,jeongrock heo,허정록,2898000.0,15.325243450574177,4525521.832534614,0.5616017365543872,oil,canvas,8.796101385722906,1.250343878954608,True,False
T4-E023,huber,val_cold,jeongrock heo,허정록,1076400.0,14.508990632759549,2000665.8993015282,0.8586639718520329,oil,canvas,7.788004239509027,1.164835164835165,True,False
T4-E023,huber,val_cold,jeongrock heo,허정록,514740.0,13.360755822681625,634603.5947338607,0.2328624057463199,oil,canvas,6.372705266325282,1.0,True,False
T4-E023,huber,val_cold,taerin kim,김태린,4347000.0,15.336444452125452,4576497.164028406,0.052794378658478525,mixed_media,canvas,8.794724923014183,1.2520661157024795,True,False
T4-E023,huber,val_cold,jeongrock heo,허정록,313260.0,13.191840142249577,535973.5770287003,0.7109544053779616,oil,canvas,6.135175204774281,1.4413407821229052,True,False
T4-E023,huber,val_cold,jeongrock heo,허정록,1959600.0,14.996113761488843,3256337.8450575178,0.6617359895170023,oil,canvas,8.390636277614743,1.1996699669966997,True,False
T4-E023,huber,val_cold,jeongrock heo,허정록,1108140.0,14.508990632759549,2000665.8993015282,0.8054270212261341,oil,canvas,7.788004239509027,1.164835164835165,True,False
T4-E023,huber,val_cold,jeongrock heo,허정록,1035000.0,14.281405925465911,1593440.264989803,0.5395558115843508,oil,canvas,7.478847813534776,1.5868263473053892,True,False
T4-E023,huber,val_cold,erica choi,최어이카,2159700.0,14.84941800420297,2812032.2602653103,0.3020476271080753,acrylic,canvas,8.208589786150538,1.0,True,False
T4-E023,huber,val_cold,jeongrock heo,허정록,1511100.0,14.800712141835753,2678351.7425193177,0.7724516858707681,oil,canvas,8.146216462766645,1.228301886792453,True,False
T4-E023,huber,val_cold,jeongrock heo,허정록,673440.0,14.017889385295234,1224311.7230141656,0.8179967376665562,oil,canvas,7.170596352834887,1.2861635220125784,True,False
T4-E023,huber,val_cold,jeongrock heo,허정록,500940.0,13.6395422663833,838644.57500908,0.6741417635027748,oil,canvas,6.694908533145296,1.3801652892561984,True,False
T4-E023,huber,val_cold,eunja cho,조은자,1283400.0,14.027780765508755,1236481.9466940977,0.03655762295925065,mixed_media,canvas,7.167446743931991,1.2902208201892744,True,False
T4-E023,huber,val_cold,lee k,이크,10225800.0,15.70885248231764,6641527.115725454,0.35051271140395335,oil,canvas,9.27022307157756,1.2849284928492848,True,False
T4-E023,huber,val_cold,seung wook yang,양승욱,3788100.0,14.487899397140364,1958911.2597285837,0.482877627378215,mixed_media,canvas,7.749994652484595,1.111597374179431,True,False
T4-E023,huber,val_cold,seung wook yang,양승욱,6713700.0,14.784357685739392,2634904.99884763,0.6075331041232659,mixed_media,panel,8.038770218757747,1.2007874015748032,True,False
T4-E023,huber,val_cold,seung wook yang,양승욱,3788100.0,14.487899397140364,1958911.2597285837,0.482877627378215,mixed_media,canvas,7.749994652484595,1.111597374179431,True,False
T4-E023,huber,val_cold,yerin kim,김예린,1004640.0,14.387458497428458,1771714.885602336,0.7635320966737696,oil,canvas,7.631664421192123,1.251231527093596,True,False
T4-E023,huber,val_cold,yerin kim,김예린,1004640.0,14.387458497428458,1771714.885602336,0.7635320966737696,oil,canvas,7.631664421192123,1.251231527093596,True,False
T4-E023,huber,val_cold,jeongrock heo,허정록,1094340.0,14.278057179625725,1588113.1630642584,0.4512063554875618,oil,canvas,7.47506709069487,1.5808383233532934,True,False
T4-E023,huber,val_cold,jeongrock heo,허정록,471960.0,13.6395422663833,838644.57500908,0.7769399419634715,oil,canvas,6.694908533145296,1.3801652892561984,True,False
T4-E023,huber,val_cold,jeongrock heo,허정록,442980.0,13.6395422663833,838644.57500908,0.8931883493816425,oil,canvas,6.694908533145296,1.3801652892561984,True,False
T4-E023,huber,val_cold,eunja cho,조은자,2049300.0,14.517944896908237,2018660.8357098396,0.014951039032918756,mixed_media,canvas,7.784223516669121,1.1604395604395603,True,False
T4-E023,huber,val_cold,eunja cho,조은자,1138500.0,14.027780765508755,1236481.9466940977,0.08606231593684473,mixed_media,canvas,7.167446743931991,1.2902208201892744,True,False
T4-E023,huber,val_cold,eunja cho,조은자,1759500.0,14.438725288561576,1864913.610541244,0.05991111710215632,mixed_media,canvas,7.677641253760972,1.2909535452322738,True,False
T4-E023,huber,val_cold,eunja cho,조은자,2049300.0,14.517944896908237,2018660.8357098396,0.014951039032918756,mixed_media,canvas,7.784223516669121,1.1604395604395603,True,False
T4-E023,huber,val_cold,eunja cho,조은자,1138500.0,14.027780765508755,1236481.9466940977,0.08606231593684473,mixed_media,canvas,7.167446743931991,1.2902208201892744,True,False
T4-E023,huber,val_cold,eunja cho,조은자,1759500.0,14.517944896908237,2018660.8357098396,0.14729231924401226,mixed_media,canvas,7.784223516669121,1.1604395604395603,True,False
T4-E023,huber,val_cold,eunja cho,조은자,7534800.0,15.336444452125452,4576497.164028406,0.3926186276970316,mixed_media,canvas,8.794724923014183,1.2520661157024795,True,False
T4-E023,huber,val_cold,eunja cho,조은자,22425000.0,16.269654905428816,11636472.510685854,0.4810937564911548,mixed_media,canvas,9.953895455079971,1.244615384615385,True,False
T4-E023,huber,val_cold,hyunju kim,김현주,8452500.0,16.259059100268697,11513825.63388927,0.36217990344741424,oil,canvas,9.955823921482216,1.2460592079969242,True,False
T4-E023,huber,val_cold,erica choi,최어이카,3995100.0,15.335296138874963,4571244.927877453,0.14421289276299795,acrylic,canvas,8.796101385722906,1.250343878954608,True,False
T4-E023,huber,val_cold,eunja cho,조은자,6085800.0,15.336444452125452,4576497.164028406,0.24800401524394391,mixed_media,canvas,8.794724923014183,1.2520661157024795,True,False
T4-E023,huber,val_cold,eunja cho,조은자,18078000.0,16.269654905428816,11636472.510685854,0.35631859106727215,mixed_media,canvas,9.953895455079971,1.244615384615385,True,False
T4-E023,huber,val_cold,eunja cho,조은자,11964600.0,15.719582808772877,6713176.59350711,0.4389134117724696,mixed_media,canvas,9.268509275099824,1.2827282728272826,True,False
T4-E023,huber,val_cold,eunja cho,조은자,62734800.0,17.280750343090443,31984128.1719189,0.4901692812933348,mixed_media,canvas,11.052507743748084,3.733846153846154,True,False
T4-E023,huber,val_cold,hyunju kim,김현주,2511600.0,14.724433786465985,2481648.925379083,0.011925097396447273,mixed_media,canvas,8.038114265962827,1.2000000000000002,True,False
T4-E023,huber,val_cold,erica choi,최어이카,1380000.0,14.38779451998397,1772310.3218002284,0.2842828418842235,acrylic,canvas,7.63542465191381,1.0,True,False
T4-E023,huber,val_cold,eunja cho,조은자,1614600.0,14.438725288561576,1864913.610541244,0.15503134556004214,mixed_media,canvas,7.677641253760972,1.2909535452322738,True,False
T4-E023,huber,val_cold,junsoo kim,김준수,862500.0,13.73239354364692,920243.4592595458,0.06694893827193714,oil,canvas,6.834141461636891,1.0,True,False
T4-E023,huber,val_cold,eunja cho,조은자,30125400.0,16.7901367299554,19582301.46837071,0.3499737275398597,mixed_media,canvas,10.496219745905336,2.894454382826476,True,False
T4-E023,huber,val_cold,hyunju kim,김현주,1052940.0,13.800302726703602,984907.2238206587,0.06461220599401794,oil,canvas,6.901280764474519,1.2727272727272727,True,False
T4-E023,huber,val_cold,taerin kim,김태린,5375100.0,15.492394168499628,5348860.836803713,0.004881613959979743,mixed_media,canvas,8.988937804270135,1.2428393524283936,True,False
T4-E023,huber,val_cold,erica choi,최어이카,7562400.0,16.268558342545663,11623719.380422378,0.5370410690286652,acrylic,canvas,9.955130785687968,1.2461538461538462,True,False
T4-E023,huber,val_cold,hyeyune choi,최혜윤,2484000.0,15.539916382354846,5609187.1971289925,1.2581268909537007,mixed_media,fabric,9.169518377455928,1.5,True,False
T4-E023,huber,val_cold,hyunju kim,김현주,20617200.0,16.962858638282896,23274261.197019964,0.1288759480928528,oil,canvas,10.82396359377138,1.3368421052631578,True,False
T4-E023,huber,val_cold,eunja cho,조은자,11964600.0,15.719582808772877,6713176.59350711,0.4389134117724696,mixed_media,canvas,9.268509275099824,1.2827282728272826,True,False
T4-E023,huber,val_cold,eunja cho,조은자,2194200.0,14.517944896908237,2018660.8357098396,0.08000144211565054,mixed_media,canvas,7.784223516669121,1.1604395604395603,True,False
T4-E023,huber,val_cold,jeongrock heo,허정록,1035000.0,14.508990632759549,2000665.8993015282,0.9330105307261143,oil,canvas,7.788004239509027,1.164835164835165,True,False
T4-E023,huber,val_cold,eunja cho,조은자,7617600.0,15.719582808772877,6713176.59350711,0.11872813044697672,mixed_media,canvas,9.268509275099824,1.2827282728272826,True,False
T4-E023,huber,val_cold,erica choi,최어이카,3229200.0,15.191322776894495,3958290.41603993,0.22578050787809062,acrylic,canvas,8.633108688752438,1.0,True,False
T4-E023,huber,val_cold,eunja cho,조은자,1759500.0,14.438725288561576,1864913.610541244,0.05991111710215632,mixed_media,canvas,7.677641253760972,1.2909535452322738,True,False
T4-E023,huber,val_cold,hyeyune choi,최혜윤,2587500.0,15.548732113750056,5658854.891662579,1.1869970595797408,mixed_media,fabric,9.159468041602429,1.8333333333333333,True,False
T4-E023,huber,val_cold,hyunju kim,김현주,26427000.0,16.847038387971516,20728878.61112139,0.21561741358756611,acrylic,canvas,10.681894577046895,1.1111111111111112,True,False
T4-E023,huber,val_cold,eunja cho,조은자,2339100.0,14.517944896908237,2018660.8357098396,0.1369925032235306,mixed_media,canvas,7.784223516669121,1.1604395604395603,True,False
T4-E023,huber,val_cold,jeongrock heo,허정록,586500.0,14.015558539951686,1221461.3648979587,1.0826280731422995,oil,canvas,7.167446743931991,1.2902208201892744,True,False
T4-E023,huber,val_cold,hyeyune choi,최혜윤,776940.0,13.653685641701555,850590.1160002688,0.09479511416617607,mixed_media,fabric,6.804614520062624,1.8636363636363635,True,False
T4-E023,huber,val_cold,byung taek jeon,전병택,7631400.0,15.286732005104916,4354550.747595095,0.42939031532941596,oil,canvas,8.764053269347762,1.0,True,False
T4-E023,huber,val_cold,eunja cho,조은자,1138500.0,14.032029589175412,1241746.7170729106,0.09068662017822629,mixed_media,canvas,7.172324802385424,1.2965299684542588,True,False
T4-E023,huber,val_cold,hyunju kim,김현주,3760500.0,15.261160198468765,4244608.717080673,0.12873519933005537,oil,canvas,8.732302571031182,1.0,True,False
T4-E023,huber,val_cold,hyunju kim,김현주,749340.0,13.51760647381986,742372.5416305193,0.009298126844263857,oil,canvas,6.54645938918511,1.3333333333333337,True,False
T4-E023,huber,val_cold,hyunju kim,김현주,2049300.0,14.548163792375853,2080593.5933367133,0.015270381758021406,oil,panel,7.765282016997596,1.1277340332458443,True,False
T4-E023,huber,val_cold,hyunju kim,김현주,2049300.0,14.488808138602282,1960692.2127008608,0.04323807509839418,oil,canvas,7.765282016997596,1.1277340332458443,True,False
T4-E023,huber,val_cold,hyunju kim,김현주,2235600.0,14.530944366103355,2045073.6594541757,0.08522380593389885,oil,canvas,7.825645371197421,1.0,True,False
T4-E023,huber,val_cold,junsoo kim,김준수,862500.0,13.810649357613354,995150.5961606958,0.15379779265008206,oil,canvas,6.888208682907167,1.6842105263157896,True,False
T4-E023,huber,val_cold,youngb yune,영브윤,23349600.0,15.619555279695794,6074166.157198379,0.7398599480420059,mixed_media,paper,9.146232691346842,1.4545454545454546,True,False
T4-E023,huber,val_cold,youngb yune,영브윤,23349600.0,15.62981843293703,6136827.255490548,0.7371763432568202,mixed_media,canvas,9.146232691346842,1.4545454545454546,True,False
T4-E023,huber,val_cold,erica choi,최어이카,2235600.0,14.860015325566206,2841990.7292037196,0.271242945609107,acrylic,canvas,8.221747728346623,1.0,True,False
T4-E023,huber,val_cold,hyeyune choi,최혜윤,10791600.0,16.006327750750266,8942517.890695993,0.17134457441936388,mixed_media,fabric,9.757825740104776,1.353982300884956,True,False
T4-E023,huber,val_cold,hyeyune choi,최혜윤,2463300.0,15.275936946057467,4307795.929699875,0.7487906181544576,mixed_media,fabric,8.851377097519439,1.3472222222222223,True,False
T4-E023,huber,val_cold,hyeyune choi,최혜윤,2042400.0,15.341516504274114,4599768.362780387,1.2521388380240828,mixed_media,fabric,8.954673628956414,1.0,True,False
T4-E023,huber,val_cold,hyeyune choi,최혜윤,4650600.0,15.733478122957232,6807109.392957264,0.46370562786678354,mixed_media,fabric,9.428993858017527,1.196078431372549,True,False
T4-E023,huber,val_cold,hyeyune choi,최혜윤,22369800.0,15.979230833777198,8703456.762880087,0.6109282710225354,painting_material,fabric,9.755451473708725,1.375,True,False
T4-E023,huber,val_cold,eunja cho,조은자,6072000.0,15.254812658550641,4217751.223495303,0.3053769394770582,mixed_media,canvas,8.68414727107907,1.3984615384615386,True,False
T4-E023,huber,val_cold,eunja cho,조은자,3829500.0,14.798881350356565,2673452.724879097,0.3018794294610009,mixed_media,canvas,8.127552218654959,1.2476007677543186,True,False
T4-E023,huber,val_cold,eunja cho,조은자,690000.0,13.646094574469465,844157.6746787442,0.2234169198242669,mixed_media,canvas,6.687769237483008,1.3817427385892114,True,False
T4-E023,huber,val_cold,eunja cho,조은자,558900.0,14.027780765508755,1236481.9466940977,1.2123491620935727,mixed_media,canvas,7.167446743931991,1.2902208201892744,True,False
T4-E023,huber,val_cold,eunja cho,조은자,690000.0,13.646094574469465,844157.6746787442,0.2234169198242669,mixed_media,canvas,6.687769237483008,1.3817427385892114,True,False
T4-E023,huber,val_cold,erica choi,최어이카,3560400.0,15.335296138874963,4571244.927877453,0.28391330408871285,acrylic,canvas,8.796101385722906,1.250343878954608,True,False
T4-E023,huber,val_cold,hyunju kim,김현주,2180400.0,14.377741831683183,1754583.0910131417,0.1952930237510816,oil,canvas,7.63542465191381,1.0,True,False
T4-E023,huber,val_cold,hyunju kim,김현주,1297200.0,14.02001568946426,1226917.751758032,0.05417996318375577,oil,canvas,7.173038356490439,1.2893081761006289,True,False
T4-E023,huber,val_cold,erica choi,최어이카,5568300.0,15.7197190729784,6714091.421509897,0.20577041853166986,acrylic,canvas,9.271322576910975,1.2835164835164834,True,False
T4-E023,huber,val_cold,jeongrock heo,허정록,442980.0,13.461187048407982,701647.9408207394,0.58392690600194,oil,canvas,6.449996376152838,1.7526315789473683,True,False
T4-E023,huber,val_cold,jeongrock heo,허정록,732780.0,14.015558539951686,1221461.3648979587,0.666886875867189,oil,canvas,7.167446743931991,1.2902208201892744,True,False
T4-E023,huber,val_cold,hyeyune choi,최혜윤,2056200.0,15.377715489170825,4769325.695146663,1.3194853103524282,mixed_media,fabric,8.99961934066053,1.0,True,False
T4-E023,huber,val_cold,eunja cho,조은자,1283400.0,14.027780765508755,1236481.9466940977,0.03655762295925065,mixed_media,canvas,7.167446743931991,1.2902208201892744,True,False
T4-E023,huber,val_cold,eunja cho,조은자,16311600.0,15.719582808772877,6713176.59350711,0.5884415634574713,mixed_media,canvas,9.268509275099824,1.2827282728272826,True,False
T4-E023,huber,val_cold,erica choi,최어이카,485760.0,13.217284108834669,549785.8450981542,0.13180551115397346,acrylic,canvas,6.182084906716632,1.0,True,False
T4-E023,huber,val_cold,taerin kim,김태린,5375100.0,15.492394168499628,5348860.836803713,0.004881613959979743,mixed_media,canvas,8.988937804270135,1.2428393524283936,True,False
T4-E023,huber,val_cold,hyunju kim,김현주,2339100.0,13.800302726703602,984907.2238206587,0.5789375298958322,oil,canvas,6.901280764474519,1.2727272727272727,True,False
T4-E023,huber,val_cold,junsoo kim,김준수,6196200.0,15.617319025791579,6060597.956040257,0.02188471062259826,oil,canvas,9.136726554630936,1.6,True,False
T4-E023,huber,val_cold,hyunju kim,김현주,4222800.0,15.502023977208228,5400618.150015922,0.2789187624362798,oil,canvas,9.031366038973111,1.0,True,False
T4-E023,huber,val_cold,hyunju kim,김현주,1904400.0,14.388189121820705,1773009.8167103871,0.06899295488847557,oil,canvas,7.6326491578546625,1.25,True,False
T4-E023,huber,val_cold,hyunju kim,김현주,1614600.0,14.388189121820705,1773009.8167103871,0.09811087372128523,oil,canvas,7.6326491578546625,1.25,True,False
T4-E023,huber,val_cold,hyunju kim,김현주,834900.0,13.73239354364692,920243.4592595458,0.10221997755365407,oil,canvas,6.834141461636891,1.0,True,False
T4-E023,huber,val_cold,junsoo kim,김준수,11419500.0,16.043674344332132,9282805.207108207,0.1871093123947452,oil,canvas,9.660797405146948,1.6842105263157896,True,False
T4-E023,huber,val_cold,junsoo kim,김준수,6168600.0,15.713535855138398,6672704.814714028,0.08172110603930026,oil,canvas,9.276488497006095,1.277777777777778,True,False
T4-E023,huber,val_cold,junsoo kim,김준수,6127200.0,15.57965974683295,5836604.396997283,0.04742714502590364,oil,canvas,9.09416694021214,1.5333333333333332,True,False
T4-E023,huber,val_cold,hyunju kim,김현주,4512600.0,15.675061390504943,6420852.085806057,0.42287197753092604,oil,canvas,9.239583940070643,1.105263157894737,True,False
T4-E023,huber,val_cold,hyunju kim,김현주,7424400.0,16.0666215514198,9498282.506336322,0.27933334765588086,oil,canvas,9.724513219533057,1.125,True,False
T4-E023,huber,val_cold,hyunju kim,김현주,1542840.0,14.388189121820705,1773009.8167103871,0.14918579808041477,oil,canvas,7.6326491578546625,1.25,True,False
T4-E023,huber,val_cold,hyunju kim,김현주,4512600.0,15.675061390504943,6420852.085806057,0.42287197753092604,oil,canvas,9.239583940070643,1.105263157894737,True,False
T4-E023,huber,val_cold,hyunju kim,김현주,4222800.0,15.460219664565237,5179503.004550835,0.2265565512339763,oil,canvas,8.967650224587002,1.1875,True,False
T4-E023,huber,val_cold,hyunju kim,김현주,5685600.0,15.943728197296766,8399881.842090117,0.47739584953041314,mixed_media,canvas,9.564623365481008,1.0,True,False
T4-E023,huber,val_cold,hyunju kim,김현주,4077900.0,15.533797922397007,5574972.387575897,0.36711846479214727,acrylic,canvas,9.035984984829405,1.3548387096774197,True,False
T4-E023,huber,val_cold,hyunju kim,김현주,964620.0,13.800302726703602,984907.2238206587,0.02103131162598614,oil,canvas,6.901280764474519,1.2727272727272727,True,False
T4-E023,huber,val_cold,hyunju kim,김현주,5423400.0,15.707530221206703,6632751.0860830955,0.2229876251213437,oil,canvas,9.26875348668302,1.2821950951281205,True,False
T4-E023,huber,val_cold,hyunju kim,김현주,1080540.0,13.800302726703602,984907.2238206587,0.08850461452546064,oil,canvas,6.901280764474519,1.2727272727272727,True,False
T4-E023,huber,val_cold,hyunju kim,김현주,8162700.0,16.259059100268697,11513825.63388927,0.410541320137855,oil,canvas,9.955823921482216,1.2460592079969242,True,False
T4-E023,huber,val_cold,hyunju kim,김현주,1095720.0,13.952071416271716,1146324.63903028,0.04618391471386856,oil,canvas,7.086071826422209,1.3306639973306642,True,False
T4-E023,huber,val_cold,hyunju kim,김현주,2049300.0,14.548163792375853,2080593.5933367133,0.015270381758021406,oil,panel,7.765282016997596,1.1277340332458443,True,False
T4-E023,huber,val_cold,hyunju kim,김현주,1080540.0,13.800302726703602,984907.2238206587,0.08850461452546064,oil,canvas,6.901280764474519,1.2727272727272727,True,False
T4-E023,huber,val_cold,hyunju kim,김현주,950820.0,13.73239354364692,920243.4592595458,0.03215807486217604,oil,canvas,6.834141461636891,1.0,True,False
T4-E023,huber,val_cold,hyunju kim,김현주,5382000.0,15.707530221206703,6632751.0860830955,0.23239522223766174,oil,canvas,9.26875348668302,1.2821950951281205,True,False
T4-E023,huber,val_cold,hyunju kim,김현주,2408100.0,14.634118967179248,2267342.4283014205,0.05845171367409139,oil,canvas,7.932753750305,1.3333333333333337,True,False
T4-E023,huber,val_cold,hyunju kim,김현주,13082400.0,16.71411604632326,18148818.975239914,0.38726984156117483,oil,canvas,10.536334779194307,1.0,True,False
T4-E023,huber,val_cold,hyunju kim,김현주,2870400.0,14.835373276591845,2772814.0821119496,0.03399732367894734,oil,canvas,8.203633154121603,1.0,True,False
T4-E023,huber,val_cold,hyunju kim,김현주,2049300.0,14.488808138602282,1960692.2127008608,0.04323807509839418,oil,canvas,7.765282016997596,1.1277340332458443,True,False
T4-E023,huber,val_cold,hyunju kim,김현주,8452500.0,16.259059100268697,11513825.63388927,0.36217990344741424,oil,canvas,9.955823921482216,1.2460592079969242,True,False
T4-E023,huber,val_cold,hyunju kim,김현주,2670300.0,14.866666347277336,2860955.8701165463,0.07139867060500554,acrylic,panel,8.141774126051983,1.2307401097861064,True,False
T4-E023,huber,val_cold,hyunju kim,김현주,1052940.0,13.800302726703602,984907.2238206587,0.06461220599401794,oil,canvas,6.901280764474519,1.2727272727272727,True,False
T4-E023,huber,val_cold,hyunju kim,김현주,1052940.0,13.823373065837428,1007893.4985564338,0.042781641350472174,acrylic,panel,6.842486891556955,1.2927191679049033,True,False
T4-E023,huber,val_cold,hyunju kim,김현주,8148900.0,15.825261732216642,7461460.512824129,0.08435978931829703,oil,canvas,9.432707429897413,1.0,True,False
T4-E023,huber,val_cold,junsoo kim,김준수,862500.0,13.810649357613354,995150.5961606958,0.15379779265008206,oil,canvas,6.888208682907167,1.6842105263157896,True,False
T4-E023,huber,val_cold,hyunju kim,김현주,1197840.0,13.981001026977328,1179971.71637084,0.014917087114439249,oil,canvas,7.121823534088672,1.3333333333333333,True,False
T4-E023,huber,val_cold,hyunju kim,김현주,1211640.0,13.981001026977328,1179971.71637084,0.026136710268033336,oil,canvas,7.121823534088672,1.3333333333333333,True,False
T4-E023,huber,val_cold,hyunju kim,김현주,2049300.0,14.509814989649826,2002315.8419981382,0.022926930172186485,oil,canvas,7.789615050102834,1.155511811023622,True,False
T4-E023,huber,val_cold,hyunju kim,김현주,908040.0,13.73239354364692,920243.4592595458,0.013439341063770077,oil,canvas,6.834141461636891,1.0,True,False
T4-E023,huber,val_cold,junsoo kim,김준수,862500.0,13.810649357613354,995150.5961606958,0.15379779265008206,oil,canvas,6.888208682907167,1.6842105263157896,True,False
T4-E023,huber,val_cold,hyunju kim,김현주,2525400.0,14.866666347277336,2860955.8701165463,0.13287236482004683,acrylic,panel,8.141774126051983,1.2307401097861064,True,False
T4-E023,huber,val_cold,hyunju kim,김현주,2152800.0,14.37667942401319,1752719.9983368248,0.18584169530991043,oil,canvas,7.6341055356738385,1.0,True,False
T4-E023,huber,val_cold,junsoo kim,김준수,1108140.0,14.096234278208662,1324087.7347606933,0.194874054506374,mixed_media,panel,7.179307969504034,1.28125,True,False
T4-E023,huber,val_cold,junsoo kim,김준수,1439340.0,14.304692912006985,1630982.1086867834,0.13314582286796958,mixed_media,panel,7.444248649496705,1.1842105263157894,True,False
T4-E023,huber,val_cold,junsoo kim,김준수,1121940.0,14.096234278208662,1324087.7347606933,0.18017695666496716,mixed_media,panel,7.179307969504034,1.28125,True,False
T4-E023,huber,val_cold,junsoo kim,김준수,890100.0,13.81462532469987,999115.1584389707,0.12247518080998841,oil,canvas,6.891625897052253,1.7083333333333333,True,False
T4-E023,huber,val_cold,junsoo kim,김준수,890100.0,13.810782771840403,995283.3722651936,0.11817028678260152,oil,canvas,6.931471805599453,1.0,True,False
T4-E023,huber,val_cold,junsoo kim,김준수,890100.0,13.95543244191847,1150183.9475259294,0.29219632347593466,oil,canvas,7.090076835776092,1.3333333333333333,True,False
T4-E023,huber,val_cold,youngb yune,영브윤,21900600.0,15.638425068650132,6189872.635804427,0.7173651573105565,mixed_media,canvas,9.157477425276111,1.4456790123456789,True,False
T4-E023,huber,val_cold,erica choi,최어이카,1338600.0,14.36999558709077,1741044.1668409302,0.30064557510901707,acrylic,canvas,7.613324979540639,1.0,True,False
T4-E023,huber,val_cold,hyunju kim,김현주,979800.0,13.625952168543034,827324.40849373,0.15561909727114717,oil,canvas,6.6787194019630896,1.3692946058091289,True,False
T4-E023,huber,val_cold,hyunju kim,김현주,993600.0,13.6395422663833,838644.57500908,0.15595352756735104,oil,canvas,6.694908533145296,1.3801652892561984,True,False
T4-E023,huber,val_cold,hyunju kim,김현주,993600.0,13.6395422663833,838644.57500908,0.15595352756735104,oil,canvas,6.694908533145296,1.3801652892561984,True,False
T4-E023,huber,val_cold,hyunju kim,김현주,8583600.0,16.051645228637607,9357093.05002218,0.09011289552427644,oil,canvas,9.69523261371567,1.2946428571428572,True,False
T4-E023,huber,val_cold,hyeyune choi,최혜윤,2477100.0,14.987278028194467,3227692.45023893,0.3030125752851843,mixed_media,fabric,8.499843553081124,1.238095238095238,True,False
T4-E023,huber,val_cold,hyeyune choi,최혜윤,2263200.0,14.617149767798676,2229192.0487278644,0.015026489604160304,mixed_media,fabric,8.045588280803528,1.1538461538461535,True,False
T4-E023,huber,val_cold,hyeyune choi,최혜윤,1524900.0,14.868358821398571,2865802.063760564,0.8793377032989469,mixed_media,fabric,8.333270353255308,1.5384615384615383,True,False
T4-E023,huber,val_cold,hyeyune choi,최혜윤,6044400.0,15.78561149035122,7171400.278366914,0.18645362291822415,mixed_media,fabric,9.47424191576256,1.5053763440860215,True,False
T4-E023,huber,val_cold,hyeyune choi,최혜윤,2332200.0,15.063422332998462,3483061.941004844,0.4934662297422365,mixed_media,fabric,8.589699882202986,1.3125,True,False
T4-E023,huber,val_cold,hyeyune choi,최혜윤,2332200.0,15.063422332998462,3483061.941004844,0.4934662297422365,mixed_media,fabric,8.589699882202986,1.3125,True,False
T4-E023,huber,val_cold,hyeyune choi,최혜윤,2394300.0,14.817040123576147,2722442.8002957115,0.13705166449305078,mixed_media,fabric,8.283999304248526,1.309090909090909,True,False
T4-E023,huber,val_cold,hyeyune choi,최혜윤,903900.0,14.487900009858246,1958912.459988909,1.1671782940468072,mixed_media,fabric,7.86480400332846,1.4761904761904765,True,False
T4-E023,huber,val_cold,hyeyune choi,최혜윤,2925600.0,15.38663953990395,4812077.8772068685,0.6448174313668541,mixed_media,fabric,9.01069970141176,1.0,True,False
T4-E023,huber,val_cold,hyunju kim,김현주,26427000.0,16.83698569967073,20521541.549108718,0.22346306621603976,oil,canvas,10.681894577046895,1.1111111111111112,True,False
T4-E023,huber,val_cold,hyeyune choi,최혜윤,661020.0,13.696870508297694,888127.4249968213,0.34357118543587384,mixed_media,fabric,6.91263336176647,1.0,True,False
T4-E023,huber,val_cold,yerin kim,김예린,1062600.0,15.750165439955076,6921654.855379972,5.513885615829071,oil,canvas,9.31844651494733,1.3336980306345734,True,False
T4-E023,huber,val_cold,yerin kim,김예린,1062600.0,15.750165439955076,6921654.855379972,5.513885615829071,oil,canvas,9.31844651494733,1.3336980306345734,True,False
T4-E023,huber,val_cold,yerin kim,김예린,1062600.0,15.750165439955076,6921654.855379972,5.513885615829071,oil,canvas,9.31844651494733,1.3336980306345734,True,False
T4-E023,huber,val_cold,yerin kim,김예린,1062600.0,15.750165439955076,6921654.855379972,5.513885615829071,oil,canvas,9.31844651494733,1.3336980306345734,True,False
T4-E023,huber,val_cold,junsoo kim,김준수,890100.0,13.81462532469987,999115.1584389707,0.12247518080998841,oil,canvas,6.891625897052253,1.7083333333333333,True,False
T4-E023,huber,val_cold,junsoo kim,김준수,890100.0,13.810782771840403,995283.3722651936,0.11817028678260152,oil,canvas,6.931471805599453,1.0,True,False
T4-E023,huber,val_cold,junsoo kim,김준수,3939900.0,15.19705796652532,3981057.185655868,0.010446251340355884,oil,canvas,8.621733370690162,1.4918032786885247,True,False
T4-E023,huber,val_cold,junsoo kim,김준수,890100.0,13.81462532469987,999115.1584389707,0.12247518080998841,oil,canvas,6.891625897052253,1.7083333333333333,True,False
T4-E023,huber,val_cold,byung taek jeon,전병택,2566800.0,14.529656251650657,2042441.066421175,0.20428507619558403,oil,canvas,7.824046010856292,1.0,True,False
T4-E023,huber,val_cold,byung taek jeon,전병택,2566800.0,14.529656251650657,2042441.066421175,0.20428507619558403,oil,canvas,7.824046010856292,1.0,True,False
T4-E023,huber,val_cold,byung taek jeon,전병택,2639940.0,14.62351505353206,2243426.748977732,0.15019782685298458,oil,canvas,7.940583827104244,1.0,True,False
T4-E023,huber,val_cold,byung taek jeon,전병택,7452000.0,15.286732005104916,4354550.747595095,0.4156534155132723,oil,canvas,8.764053269347762,1.0,True,False
T4-E023,huber,val_cold,eunja cho,조은자,2049300.0,14.515775359651954,2014286.0231943203,0.017085822869116155,acrylic,canvas,7.784223516669121,1.1604395604395603,True,False
T4-E023,huber,val_cold,eunja cho,조은자,7534800.0,15.336444452125452,4576497.164028406,0.3926186276970316,mixed_media,canvas,8.794724923014183,1.2520661157024795,True,False
T4-E023,huber,val_cold,seung wook yang,양승욱,8190300.0,15.013848854543358,3314604.4544003867,0.5953012155354033,mixed_media,panel,8.309297793864399,1.429643527204503,True,False
T4-E023,huber,val_cold,eunja cho,조은자,1614600.0,14.438725288561576,1864913.610541244,0.15503134556004214,mixed_media,canvas,7.677641253760972,1.2909535452322738,True,False
T4-E023,huber,val_cold,eunja cho,조은자,6085800.0,15.336444452125452,4576497.164028406,0.24800401524394391,mixed_media,canvas,8.794724923014183,1.2520661157024795,True,False
T4-E023,huber,val_cold,eunja cho,조은자,4554000.0,14.895340118559961,2944177.704405385,0.3534963319267929,mixed_media,canvas,8.238129870590072,1.3934740882917465,True,False
T4-E023,huber,val_cold,eunja cho,조은자,4567800.0,15.005914005702612,3288407.640417183,0.28008939961968937,mixed_media,canvas,8.387608286867547,1.2,True,False
T4-E023,huber,val_cold,eunja cho,조은자,2339100.0,14.438725288561576,1864913.610541244,0.20272172607359923,mixed_media,canvas,7.677641253760972,1.2909535452322738,True,False
T4-E023,huber,val_cold,eunja cho,조은자,6085800.0,15.334274914869168,4566579.045681693,0.24963373004671652,acrylic,canvas,8.794724923014183,1.2520661157024795,True,False
T4-E023,huber,val_cold,seung wook yang,양승욱,6741300.0,15.013848854543358,3314604.4544003867,0.5083137593045278,mixed_media,panel,8.309297793864399,1.429643527204503,True,False
T4-E023,huber,val_cold,eunja cho,조은자,2484000.0,14.438725288561576,1864913.610541244,0.2492296253859726,mixed_media,canvas,7.677641253760972,1.2909535452322738,True,False
T4-E023,huber,val_cold,eunja cho,조은자,14862600.0,15.719582808772877,6713176.59350711,0.5483174819004003,mixed_media,canvas,9.268509275099824,1.2827282728272826,True,False
T4-E023,huber,val_cold,eunja cho,조은자,6182400.0,15.625685336767638,6111515.502256118,0.011465530820374327,mixed_media,canvas,9.081443935613033,2.401652892561984,True,False
T4-E023,huber,val_cold,eunja cho,조은자,2484000.0,14.517944896908237,2018660.8357098396,0.18733460720215797,mixed_media,canvas,7.784223516669121,1.1604395604395603,True,False
T4-E023,huber,val_cold,eunja cho,조은자,2484000.0,14.517944896908237,2018660.8357098396,0.18733460720215797,mixed_media,canvas,7.784223516669121,1.1604395604395603,True,False
T4-E023,huber,val_cold,eunja cho,조은자,4581600.0,15.13594478049132,3745047.2081117383,0.182589661229322,mixed_media,canvas,8.478317218833096,2.3230769230769233,True,False
T4-E023,huber,val_cold,seung wook yang,양승욱,5975400.0,14.709054554501112,2443775.0529287425,0.5910273700624656,mixed_media,panel,7.9447474504927085,1.2091097308488614,True,False
T4-E023,huber,val_cold,seung wook yang,양승욱,10432800.0,15.336444452125452,4576497.164028406,0.5613356755589672,mixed_media,canvas,8.794724923014183,1.2520661157024795,True,False
T4-E023,huber,val_cold,seung wook yang,양승욱,8983800.0,15.336444452125452,4576497.164028406,0.4905833651652523,mixed_media,canvas,8.794724923014183,1.2520661157024795,True,False
T4-E023,huber,val_cold,seung wook yang,양승욱,4498800.0,14.412015646213096,1815761.7710818092,0.5963897548053239,mixed_media,panel,7.568110636717091,1.3333333333333333,True,False
T4-E023,huber,val_cold,seung wook yang,양승욱,8914800.0,14.987841550068339,3229511.8381210584,0.6377359180103807,mixed_media,canvas,8.366730701845992,1.1752066115702478,True,False
T4-E023,huber,val_cold,seung wook yang,양승욱,6003000.0,14.836823826975024,2776839.1071863202,0.5374247697507379,mixed_media,panel,8.099201957942665,1.2755905511811023,True,False
T4-E023,huber,val_cold,seung wook yang,양승욱,6016800.0,15.216618152322239,4059693.9717561887,0.3252735720389262,mixed_media,unknown,8.27593913036709,1.3827392120075048,True,False
T4-E023,huber,val_cold,seung wook yang,양승욱,7452000.0,14.840821969340867,2787963.528956093,0.6258771431889301,mixed_media,panel,8.108036276969523,1.21414913957935,True,False
T4-E023,huber,val_cold,seung wook yang,양승욱,4540200.0,14.769863777482563,2596990.356935351,0.428000890503645,mixed_media,panel,8.02064844214249,1.2027833001988073,True,False
T4-E023,huber,val_cold,seung wook yang,양승욱,4077900.0,14.488144319541238,1959391.0997368009,0.5195097722512075,mixed_media,canvas,7.7464044181975,1.1734234234234235,True,False
T4-E023,huber,val_cold,seung wook yang,양승욱,3746700.0,13.931927240066445,1123463.9019170296,0.7001457544193478,mixed_media,panel,6.9930151229329605,1.0,True,False
T4-E023,huber,val_cold,seung wook yang,양승욱,6796500.0,15.313308740572195,4471832.06504218,0.3420389810870036,mixed_media,canvas,8.710378852864029,2.135084427767355,True,False
T4-E023,huber,val_cold,eunja cho,조은자,6085800.0,15.334274914869168,4566579.045681693,0.24963373004671652,acrylic,canvas,8.794724923014183,1.2520661157024795,True,False
T4-E023,huber,val_cold,eunja cho,조은자,1283400.0,14.027780765508755,1236481.9466940977,0.03655762295925065,mixed_media,canvas,7.167446743931991,1.2902208201892744,True,False
T4-E023,huber,val_cold,eunja cho,조은자,1138500.0,14.027780765508755,1236481.9466940977,0.08606231593684473,mixed_media,canvas,7.167446743931991,1.2902208201892744,True,False
T4-E023,huber,val_cold,eunja cho,조은자,690000.0,13.646094574469465,844157.6746787442,0.2234169198242669,mixed_media,canvas,6.687769237483008,1.3817427385892114,True,False
T4-E023,huber,val_cold,eunja cho,조은자,1138500.0,14.027780765508755,1236481.9466940977,0.08606231593684473,mixed_media,canvas,7.167446743931991,1.2902208201892744,True,False
T4-E023,huber,val_cold,eunja cho,조은자,1283400.0,14.027780765508755,1236481.9466940977,0.03655762295925065,mixed_media,canvas,7.167446743931991,1.2902208201892744,True,False
T4-E023,huber,val_cold,eunja cho,조은자,1904400.0,14.517944896908237,2018660.8357098396,0.05999833843196786,mixed_media,canvas,7.784223516669121,1.1604395604395603,True,False
T4-E023,huber,val_cold,eunja cho,조은자,1138500.0,14.027780765508755,1236481.9466940977,0.08606231593684473,mixed_media,canvas,7.167446743931991,1.2902208201892744,True,False
T4-E023,huber,val_cold,eunja cho,조은자,2339100.0,14.438725288561576,1864913.610541244,0.20272172607359923,mixed_media,canvas,7.677641253760972,1.2909535452322738,True,False
T4-E023,huber,val_cold,eunja cho,조은자,9066600.0,15.719582808772877,6713176.59350711,0.2595706666769119,mixed_media,canvas,9.268509275099824,1.2827282728272826,True,False
T4-E023,huber,val_cold,eunja cho,조은자,703800.0,14.027780765508755,1236481.9466940977,0.7568655110743077,mixed_media,canvas,7.167446743931991,1.2902208201892744,True,False
T4-E023,huber,val_cold,eunja cho,조은자,2194200.0,14.517944896908237,2018660.8357098396,0.08000144211565054,mixed_media,canvas,7.784223516669121,1.1604395604395603,True,False
T4-E023,huber,val_cold,eunja cho,조은자,2194200.0,14.438725288561576,1864913.610541244,0.15007127402185577,mixed_media,canvas,7.677641253760972,1.2909535452322738,True,False
T4-E023,huber,val_cold,eunja cho,조은자,1138500.0,14.027780765508755,1236481.9466940977,0.08606231593684473,mixed_media,canvas,7.167446743931991,1.2902208201892744,True,False
T4-E023,huber,val_cold,eunja cho,조은자,1138500.0,14.027780765508755,1236481.9466940977,0.08606231593684473,mixed_media,canvas,7.167446743931991,1.2902208201892744,True,False
T4-E023,huber,val_cold,eunja cho,조은자,690000.0,13.646094574469465,844157.6746787442,0.2234169198242669,mixed_media,canvas,6.687769237483008,1.3817427385892114,True,False
T4-E023,huber,val_cold,eunja cho,조은자,703800.0,14.027780765508755,1236481.9466940977,0.7568655110743077,mixed_media,canvas,7.167446743931991,1.2902208201892744,True,False
T4-E023,huber,val_cold,eunja cho,조은자,717600.0,14.223428620919137,1503683.9487027708,1.0954347111242624,mixed_media,canvas,7.390101178092894,1.6119873817034702,True,False
T4-E023,huber,val_cold,eunja cho,조은자,1324800.0,14.517944896908237,2018660.8357098396,0.5237476114959538,mixed_media,canvas,7.784223516669121,1.1604395604395603,True,False
T4-E023,huber,val_cold,eunja cho,조은자,545100.0,13.646094574469465,844157.6746787442,0.5486290124357809,mixed_media,canvas,6.687769237483008,1.3817427385892114,True,False
T4-E023,huber,val_cold,eunja cho,조은자,558900.0,14.027780765508755,1236481.9466940977,1.2123491620935727,mixed_media,canvas,7.167446743931991,1.2902208201892744,True,False
T4-E023,huber,val_cold,eunja cho,조은자,558900.0,14.027780765508755,1236481.9466940977,1.2123491620935727,mixed_media,canvas,7.167446743931991,1.2902208201892744,True,False
T4-E023,huber,val_cold,eunja cho,조은자,1138500.0,14.027780765508755,1236481.9466940977,0.08606231593684473,mixed_media,canvas,7.167446743931991,1.2902208201892744,True,False
T4-E023,huber,val_cold,eunja cho,조은자,2049300.0,14.517944896908237,2018660.8357098396,0.014951039032918756,mixed_media,canvas,7.784223516669121,1.1604395604395603,True,False
T4-E023,huber,val_cold,eunja cho,조은자,1138500.0,14.027780765508755,1236481.9466940977,0.08606231593684473,mixed_media,canvas,7.167446743931991,1.2902208201892744,True,False
T4-E023,huber,val_cold,eunja cho,조은자,1283400.0,14.027780765508755,1236481.9466940977,0.03655762295925065,mixed_media,canvas,7.167446743931991,1.2902208201892744,True,False
T4-E023,huber,val_cold,eunja cho,조은자,1614600.0,14.517944896908237,2018660.8357098396,0.2502544504582185,mixed_media,canvas,7.784223516669121,1.1604395604395603,True,False
T4-E023,huber,val_cold,eunja cho,조은자,1283400.0,14.027780765508755,1236481.9466940977,0.03655762295925065,mixed_media,canvas,7.167446743931991,1.2902208201892744,True,False
T4-E023,huber,val_cold,eunja cho,조은자,1904400.0,14.517944896908237,2018660.8357098396,0.05999833843196786,mixed_media,canvas,7.784223516669121,1.1604395604395603,True,False
T4-E023,huber,val_cold,eunja cho,조은자,2049300.0,14.517944896908237,2018660.8357098396,0.014951039032918756,mixed_media,canvas,7.784223516669121,1.1604395604395603,True,False
T4-E023,huber,val_cold,eunja cho,조은자,1138500.0,14.027780765508755,1236481.9466940977,0.08606231593684473,mixed_media,canvas,7.167446743931991,1.2902208201892744,True,False
T4-E023,huber,val_cold,eunja cho,조은자,1904400.0,14.517944896908237,2018660.8357098396,0.05999833843196786,mixed_media,canvas,7.784223516669121,1.1604395604395603,True,False
T4-E023,huber,val_cold,eunja cho,조은자,1890600.0,14.25250705729278,1548050.657830045,0.181185518972789,mixed_media,canvas,7.422827871595451,1.6656151419558358,True,False
T4-E023,huber,val_cold,eunja cho,조은자,703800.0,14.027780765508755,1236481.9466940977,0.7568655110743077,mixed_media,canvas,7.167446743931991,1.2902208201892744,True,False
T4-E023,huber,val_cold,eunja cho,조은자,1614600.0,14.438725288561576,1864913.610541244,0.15503134556004214,mixed_media,canvas,7.677641253760972,1.2909535452322738,True,False
T4-E023,huber,val_cold,eunja cho,조은자,1759500.0,14.438725288561576,1864913.610541244,0.05991111710215632,mixed_media,canvas,7.677641253760972,1.2909535452322738,True,False
T4-E023,huber,val_cold,eunja cho,조은자,1759500.0,14.438725288561576,1864913.610541244,0.05991111710215632,mixed_media,canvas,7.677641253760972,1.2909535452322738,True,False
T4-E023,huber,val_cold,eunja cho,조은자,545100.0,13.646094574469465,844157.6746787442,0.5486290124357809,mixed_media,canvas,6.687769237483008,1.3817427385892114,True,False
T4-E023,huber,val_cold,eunja cho,조은자,834900.0,13.874069535593389,1060307.5182741277,0.26998145679018776,mixed_media,canvas,6.95762105494993,1.5914396887159532,True,False
T4-E023,huber,val_cold,eunja cho,조은자,1573200.0,14.027780765508755,1236481.9466940977,0.21403385030886238,mixed_media,canvas,7.167446743931991,1.2902208201892744,True,False
T4-E023,huber,val_cold,eunja cho,조은자,1863000.0,14.027780765508755,1236481.9466940977,0.3362952513719282,mixed_media,canvas,7.167446743931991,1.2902208201892744,True,False
T4-E023,huber,val_cold,eunja cho,조은자,1573200.0,14.027780765508755,1236481.9466940977,0.21403385030886238,mixed_media,canvas,7.167446743931991,1.2902208201892744,True,False
T4-E023,huber,val_cold,eunja cho,조은자,1573200.0,14.027780765508755,1236481.9466940977,0.21403385030886238,mixed_media,canvas,7.167446743931991,1.2902208201892744,True,False
T4-E023,huber,val_cold,eunja cho,조은자,1573200.0,14.027780765508755,1236481.9466940977,0.21403385030886238,mixed_media,canvas,7.167446743931991,1.2902208201892744,True,False
T4-E023,huber,val_cold,eunja cho,조은자,1573200.0,14.027780765508755,1236481.9466940977,0.21403385030886238,mixed_media,canvas,7.167446743931991,1.2902208201892744,True,False
T4-E023,huber,val_cold,erica choi,최어이카,3560400.0,15.335296138874963,4571244.927877453,0.28391330408871285,acrylic,canvas,8.796101385722906,1.250343878954608,True,False
T4-E023,huber,val_cold,eunja cho,조은자,1573200.0,14.24140501167612,1530959.1795467734,0.026850254546927643,mixed_media,canvas,7.438971592395862,1.1904761904761905,True,False
T4-E023,huber,val_cold,eunja cho,조은자,1573200.0,14.24140501167612,1530959.1795467734,0.026850254546927643,mixed_media,canvas,7.438971592395862,1.1904761904761905,True,False
T4-E023,huber,val_cold,gyuyeol lee,이규여르,427800.0,14.08914941117556,1314739.9023958652,2.0732583038706527,acrylic,canvas,7.264618205251084,1.0,True,False
T4-E023,huber,val_cold,gyuyeol lee,이규여르,427800.0,14.08914941117556,1314739.9023958652,2.0732583038706527,acrylic,canvas,7.264618205251084,1.0,True,False
T4-E023,huber,val_cold,hyunju kim,김현주,1297200.0,14.017889385295234,1224311.7230141656,0.05618892767948994,oil,canvas,7.170596352834887,1.2861635220125784,True,False
T4-E023,huber,val_cold,hyunju kim,김현주,2339100.0,14.508990632759549,2000665.8993015282,0.1446856058734008,oil,canvas,7.788004239509027,1.164835164835165,True,False
T4-E023,huber,val_cold,eunja cho,조은자,2339100.0,14.517944896908237,2018660.8357098396,0.1369925032235306,mixed_media,canvas,7.784223516669121,1.1604395604395603,True,False
T4-E023,huber,val_cold,erica choi,최어이카,3243000.0,15.335296138874963,4571244.927877453,0.4095729040633528,acrylic,canvas,8.796101385722906,1.250343878954608,True,False
T4-E023,huber,val_cold,erica choi,최어이카,2856600.0,15.142656132832204,3770266.0711368644,0.3198438952379977,acrylic,canvas,8.572682769078947,1.0,True,False
T4-E023,huber,val_cold,erica choi,최어이카,3532800.0,15.253772257874068,4213365.354195075,0.19264191411771828,acrylic,canvas,8.685684550397957,1.3963133640552998,True,False
T4-E023,huber,val_cold,jeongrock heo,허정록,1021200.0,14.275883036304503,1584664.1281441594,0.5517666746417542,oil,canvas,7.472068587698613,1.5855855855855856,True,False
T4-E023,huber,val_cold,jeongrock heo,허정록,876300.0,14.278057179625725,1588113.1630642584,0.8122939211049394,oil,canvas,7.47506709069487,1.5808383233532934,True,False
T4-E023,huber,val_cold,jeongrock heo,허정록,876300.0,14.278057179625725,1588113.1630642584,0.8122939211049394,oil,canvas,7.47506709069487,1.5808383233532934,True,False
T4-E023,huber,val_cold,jeongrock heo,허정록,775560.0,14.238753292516112,1526904.88356004,0.9687772494198257,oil,canvas,7.450021428582446,1.2037037037037035,True,False
T4-E023,huber,val_cold,jeongrock heo,허정록,1021200.0,14.278057179625725,1588113.1630642584,0.5551441079751845,oil,canvas,7.47506709069487,1.5808383233532934,True,False
T4-E023,huber,val_cold,jeongrock heo,허정록,891480.0,14.240720029403374,1529910.8587300628,0.7161471471374151,oil,canvas,7.452663438045286,1.200527704485488,True,False
T4-E023,huber,val_cold,jeongrock heo,허정록,891480.0,14.240720029403374,1529910.8587300628,0.7161471471374151,oil,canvas,7.452663438045286,1.200527704485488,True,False
T4-E023,huber,val_cold,jeongrock heo,허정록,299460.0,13.191840142249577,535973.5770287003,0.7898002305105866,oil,canvas,6.135175204774281,1.4413407821229052,True,False
T4-E023,huber,val_cold,jeongrock heo,허정록,429180.0,13.6395422663833,838644.57500908,0.9540625728344284,oil,canvas,6.694908533145296,1.3801652892561984,True,False
T4-E023,huber,val_cold,jeongrock heo,허정록,890100.0,14.426503063004505,1842258.9429945278,1.069721315576371,oil,canvas,7.677641253760972,1.2909535452322738,True,False
T4-E023,huber,val_cold,jeongrock heo,허정록,890100.0,14.508990632759549,2000665.8993015282,1.2476866636350166,oil,canvas,7.788004239509027,1.164835164835165,True,False
T4-E023,huber,val_cold,jian choi,최지안,2245260.0,14.411123632994126,1814142.8097543065,0.19201214569613032,oil,paper,7.67139820115378,1.28921568627451,True,False
T4-E023,huber,val_cold,jeongrock heo,허정록,299460.0,13.014289188171327,448780.5022988818,0.49863254624618253,oil,canvas,5.88943182154283,1.842857142857143,True,False
T4-E023,huber,val_cold,jeongrock heo,허정록,342240.0,13.014289188171327,448780.5022988818,0.31130347796540975,oil,canvas,5.88943182154283,1.842857142857143,True,False
T4-E023,huber,val_cold,erica choi,최어이카,3243000.0,15.253772257874068,4213365.354195075,0.29921842559206757,acrylic,canvas,8.685684550397957,1.3963133640552998,True,False
T4-E023,huber,val_cold,erica choi,최어이카,3201600.0,15.142656132832204,3770266.0711368644,0.17761933756148937,acrylic,canvas,8.572682769078947,1.0,True,False
T4-E023,huber,val_cold,erica choi,최어이카,963240.0,14.250772717704159,1545368.1391605455,0.6043438179067995,acrylic,canvas,7.452663438045286,1.200527704485488,True,False
T4-E023,huber,val_cold,eunja cho,조은자,2352900.0,14.651490714662598,2307074.234702312,0.01947629108661145,mixed_media,canvas,7.860593924491936,2.580441640378549,True,False
T4-E023,huber,val_cold,eunja cho,조은자,1918200.0,14.608149386213276,2209218.4893230814,0.1517143620702124,mixed_media,canvas,7.906329897518643,1.0,True,False
T4-E023,huber,val_cold,eunja cho,조은자,1283400.0,14.027780765508755,1236481.9466940977,0.03655762295925065,mixed_media,canvas,7.167446743931991,1.2902208201892744,True,False
T4-E023,huber,val_cold,eunja cho,조은자,1283400.0,14.027780765508755,1236481.9466940977,0.03655762295925065,mixed_media,canvas,7.167446743931991,1.2902208201892744,True,False
T4-E023,huber,val_cold,junsoo kim,김준수,6265200.0,15.711155799648244,6656842.2913165325,0.06251074048977408,oil,canvas,9.273033441314606,1.2857142857142858,True,False
T4-E023,huber,val_cold,junsoo kim,김준수,4636800.0,15.4236883565243,4993703.398680161,0.07697192000521065,mixed_media,canvas,8.895629627136483,1.36986301369863,True,False
T4-E023,huber,val_cold,hyunju kim,김현주,683100.0,13.742446231947705,929541.0344306245,0.36076860551987183,acrylic,canvas,6.834141461636891,1.0,True,False
T4-E023,huber,val_cold,junsoo kim,김준수,1759500.0,14.388189121820705,1773009.8167103871,0.0076782135324735,oil,canvas,7.6326491578546625,1.25,True,False
T4-E023,huber,val_cold,junsoo kim,김준수,3912300.0,15.365329501110837,4710617.215844488,0.20405316970694676,oil,canvas,8.849044482179156,1.2,True,False
T4-E023,huber,val_cold,hyunju kim,김현주,2002380.0,15.041307062022627,3406878.595011159,0.7014146141147828,oil,canvas,8.44357937407099,1.25,True,False
T4-E023,huber,val_cold,junsoo kim,김준수,4650600.0,15.456950260241843,5162596.766757427,0.1100926260606001,oil,canvas,8.954404997836981,1.3333333333333333,True,False
T4-E023,huber,val_cold,junsoo kim,김준수,3450000.0,15.208342776911435,4026237.105084908,0.16702524785069803,oil,canvas,8.666722925385201,1.0,True,False
T4-E023,huber,val_cold,junsoo kim,김준수,10777800.0,16.184745901384908,10689215.579302916,0.008219156107654967,oil,canvas,9.857610490162482,1.3404255319148937,True,False
T4-E023,huber,val_cold,junsoo kim,김준수,6113400.0,15.502023977208228,5400618.150015922,0.11659336048419501,oil,canvas,9.031366038973111,1.0,True,False
T4-E023,huber,val_cold,junsoo kim,김준수,4940400.0,15.456950260241843,5162596.766757427,0.04497546084475484,oil,canvas,8.954404997836981,1.3333333333333333,True,False
T4-E023,huber,val_cold,hyunju kim,김현주,1542840.0,14.388189121820705,1773009.8167103871,0.14918579808041477,oil,canvas,7.6326491578546625,1.25,True,False
T4-E023,huber,val_cold,hyunju kim,김현주,1904400.0,14.509814989649826,2002315.8419981382,0.05141558601036454,oil,canvas,7.789615050102834,1.155511811023622,True,False
T4-E023,huber,val_cold,hyunju kim,김현주,11923200.0,16.962858638282896,23274261.197019964,0.9520146602438913,oil,canvas,10.82396359377138,1.3368421052631578,True,False
T4-E023,huber,val_cold,junsoo kim,김준수,3739800.0,15.20083031723478,3996103.4916829937,0.06853401029012078,oil,canvas,8.625900930864946,1.5,True,False
T4-E023,huber,val_cold,junsoo kim,김준수,3795000.0,15.19705796652532,3981057.185655868,0.04902692639153311,oil,canvas,8.621733370690162,1.4918032786885247,True,False
T4-E023,huber,val_cold,junsoo kim,김준수,3795000.0,15.19705796652532,3981057.185655868,0.04902692639153311,oil,canvas,8.621733370690162,1.4918032786885247,True,False
T4-E023,huber,val_cold,junsoo kim,김준수,5471700.0,15.49425432504257,5358819.815044195,0.02062981979198505,oil,canvas,9.0217190130337,1.0,True,False
T4-E023,huber,val_cold,hyunju kim,김현주,19182000.0,17.07652084064926,26075867.837328244,0.35939254704036305,oil,canvas,10.957235437144975,1.4615384615384617,True,False
T4-E023,huber,val_cold,hyunju kim,김현주,2829000.0,14.978134312163867,3198313.866442623,0.1305457286824401,oil,canvas,8.368342123803876,1.1991991991991993,True,False
T4-E023,huber,val_cold,hyunju kim,김현주,8293800.0,16.04873580674289,9329908.882912591,0.12492571353451869,oil,canvas,9.691569063813702,1.2954545454545454,True,False
T4-E023,huber,val_cold,byung taek jeon,전병택,2352900.0,14.539708939951442,2063076.6375371367,0.12317708464569821,acrylic,canvas,7.824046010856292,1.0,True,False
T4-E023,huber,val_cold,hyunju kim,김현주,1124700.0,13.800302726703602,984907.2238206587,0.12429339039685361,oil,canvas,6.901280764474519,1.2727272727272727,True,False
T4-E023,huber,val_cold,hyunju kim,김현주,22066200.0,16.962858638282896,23274261.197019964,0.05474713349013262,oil,canvas,10.82396359377138,1.3368421052631578,True,False
T4-E023,huber,val_cold,junsoo kim,김준수,862500.0,13.733450143906031,921216.302599801,0.0680768725794794,oil,canvas,6.835453367226732,1.0,True,False
T4-E023,huber,val_cold,hyunju kim,김현주,2208000.0,14.634368879883155,2267909.1367892367,0.027132761227009368,oil,canvas,7.932972162073471,1.334792122538293,True,False
T4-E023,huber,val_cold,hyunju kim,김현주,8293800.0,16.04912082540048,9333501.763524767,0.1253589143124704,oil,canvas,9.692065040672617,1.295169946332737,True,False
T4-E023,huber,val_cold,junsoo kim,김준수,3726000.0,15.141195829051599,3764764.3554051295,0.010403745412004695,mixed_media,paper,8.580918882296782,1.0,True,False
T4-E023,huber,val_cold,junsoo kim,김준수,1108140.0,14.096234278208662,1324087.7347606933,0.194874054506374,mixed_media,panel,7.179307969504034,1.28125,True,False
T4-E023,huber,val_cold,junsoo kim,김준수,890100.0,13.95543244191847,1150183.9475259294,0.29219632347593466,oil,canvas,7.090076835776092,1.3333333333333333,True,False
T4-E023,huber,val_cold,hyunju kim,김현주,8148900.0,15.828717122252302,7487287.364357219,0.08119042271260918,oil,canvas,9.436997742590188,1.0,True,False
T4-E023,huber,val_cold,hyunju kim,김현주,5671800.0,15.612596794191004,6032045.876677585,0.06351526440946169,oil,canvas,9.139917907679637,1.45625,True,False
T4-E023,huber,val_cold,hyunju kim,김현주,26427000.0,16.83698569967073,20521541.549108718,0.22346306621603976,oil,canvas,10.681894577046895,1.1111111111111112,True,False
T4-E023,huber,val_cold,hyunju kim,김현주,1066740.0,13.665398216905789,860611.2890110246,0.19323238182591387,oil,canvas,6.724409197541993,1.421487603305785,True,False
T4-E023,huber,val_cold,hyunju kim,김현주,1066740.0,13.665398216905789,860611.2890110246,0.19323238182591387,oil,canvas,6.724409197541993,1.421487603305785,True,False
T4-E023,huber,val_cold,hyunju kim,김현주,7300200.0,15.617596207379961,6062278.075046528,0.1695737000292419,oil,canvas,9.146232691346842,1.4545454545454546,True,False
T4-E023,huber,val_cold,hyunju kim,김현주,7300200.0,15.617596207379961,6062278.075046528,0.1695737000292419,oil,canvas,9.146232691346842,1.4545454545454546,True,False
T4-E023,huber,val_cold,seung wook yang,양승욱,7452000.0,14.858485375789154,2837645.950615211,0.6192101515545879,mixed_media,canvas,8.19198369139363,1.3996062992125984,True,False
T4-E023,huber,val_cold,junsoo kim,김준수,3739800.0,15.20083031723478,3996103.4916829937,0.06853401029012078,oil,canvas,8.625900930864946,1.5,True,False
T4-E023,huber,val_cold,junsoo kim,김준수,3739800.0,15.20083031723478,3996103.4916829937,0.06853401029012078,oil,canvas,8.625900930864946,1.5,True,False
T4-E023,huber,val_cold,junsoo kim,김준수,3739800.0,15.20083031723478,3996103.4916829937,0.06853401029012078,oil,canvas,8.625900930864946,1.5,True,False
T4-E023,huber,val_cold,junsoo kim,김준수,3739800.0,15.20083031723478,3996103.4916829937,0.06853401029012078,oil,canvas,8.625900930864946,1.5,True,False
T4-E023,huber,val_cold,junsoo kim,김준수,473340.0,13.128255447057713,502954.7310190263,0.06256545193523959,oil,canvas,6.061530109722699,1.357142857142857,True,False
T4-E023,huber,val_cold,byung taek jeon,전병택,2525400.0,14.539708939951442,2063076.6375371367,0.18306936028465326,acrylic,canvas,7.824046010856292,1.0,True,False
T4-E023,huber,val_cold,byung taek jeon,전병택,7741800.0,15.286732005104916,4354550.747595095,0.43752735183095726,oil,canvas,8.764053269347762,1.0,True,False
T4-E023,huber,val_cold,byung taek jeon,전병택,2566800.0,14.529656251650657,2042441.066421175,0.20428507619558403,oil,canvas,7.824046010856292,1.0,True,False
T4-E023,huber,val_cold,byung taek jeon,전병택,2566800.0,14.529656251650657,2042441.066421175,0.20428507619558403,oil,canvas,7.824046010856292,1.0,True,False
T4-E023,huber,val_cold,erica choi,최어이카,1380000.0,14.38779451998397,1772310.3218002284,0.2842828418842235,acrylic,canvas,7.63542465191381,1.0,True,False
T4-E023,huber,val_cold,jeongrock heo,허정록,1511100.0,14.800712141835753,2678351.7425193177,0.7724516858707681,oil,canvas,8.146216462766645,1.228301886792453,True,False
T4-E023,huber,val_cold,jeongrock heo,허정록,1035000.0,14.508990632759549,2000665.8993015282,0.9330105307261143,oil,canvas,7.788004239509027,1.164835164835165,True,False
T4-E023,huber,val_cold,jeongrock heo,허정록,1108140.0,14.508990632759549,2000665.8993015282,0.8054270212261341,oil,canvas,7.788004239509027,1.164835164835165,True,False
T4-E023,huber,val_cold,jeongrock heo,허정록,1511100.0,14.800712141835753,2678351.7425193177,0.7724516858707681,oil,canvas,8.146216462766645,1.228301886792453,True,False
T4-E023,huber,val_cold,jeongrock heo,허정록,1987200.0,14.996113761488843,3256337.8450575178,0.6386563229959329,oil,canvas,8.390636277614743,1.1996699669966997,True,False
T4-E023,huber,val_cold,jeongrock heo,허정록,1035000.0,14.508990632759549,2000665.8993015282,0.9330105307261143,oil,canvas,7.788004239509027,1.164835164835165,True,False
T4-E023,huber,val_cold,jeongrock heo,허정록,890100.0,14.508990632759549,2000665.8993015282,1.2476866636350166,oil,canvas,7.788004239509027,1.164835164835165,True,False
T4-E023,huber,val_cold,jeongrock heo,허정록,1121940.0,14.529656251650657,2042441.066421175,0.8204548072278152,oil,canvas,7.824046010856292,1.0,True,False
T4-E023,huber,val_cold,jeongrock heo,허정록,1121940.0,14.529656251650657,2042441.066421175,0.8204548072278152,oil,canvas,7.824046010856292,1.0,True,False
T4-E023,huber,val_cold,jeongrock heo,허정록,2463300.0,15.325243450574177,4525521.832534614,0.8371785135933967,oil,canvas,8.796101385722906,1.250343878954608,True,False
T4-E023,huber,val_cold,jeongrock heo,허정록,1814700.0,14.996113761488843,3256337.8450575178,0.7944221331666489,oil,canvas,8.390636277614743,1.1996699669966997,True,False
T4-E023,huber,val_cold,jeongrock heo,허정록,1814700.0,14.996113761488843,3256337.8450575178,0.7944221331666489,oil,canvas,8.390636277614743,1.1996699669966997,True,False
T4-E023,huber,val_cold,jeongrock heo,허정록,2898000.0,15.325243450574177,4525521.832534614,0.5616017365543872,oil,canvas,8.796101385722906,1.250343878954608,True,False
T4-E023,huber,val_cold,sangho lee,이상호,863880.0,13.525312397415945,748115.3059500072,0.1340055262883651,oil,canvas,6.541029999189903,1.5714285714285714,True,False
T4-E023,huber,val_cold,sangho lee,이상호,661020.0,13.347388218682935,626176.9129378815,0.052711093555593565,oil,canvas,6.3561076606958915,1.0,True,False
T4-E023,huber,val_cold,sangho lee,이상호,761760.0,13.774734141644746,960043.756069852,0.2602968862500683,oil,canvas,6.869534066161939,1.2727272727272727,True,False
T4-E023,huber,val_cold,junsoo kim,김준수,6168600.0,15.713535855138398,6672704.814714028,0.08172110603930026,oil,canvas,9.276488497006095,1.277777777777778,True,False
T4-E023,huber,val_cold,junsoo kim,김준수,2380500.0,14.848906037006309,2810592.960460681,0.1806733713340395,oil,canvas,8.220435822756782,1.0,True,False
T4-E023,huber,val_cold,junsoo kim,김준수,6168600.0,15.713535855138398,6672704.814714028,0.08172110603930026,oil,canvas,9.276488497006095,1.277777777777778,True,False
T4-E023,huber,val_cold,junsoo kim,김준수,3753600.0,15.20083031723478,3996103.4916829937,0.06460557642876005,oil,canvas,8.625900930864946,1.5,True,False
T4-E023,huber,val_cold,junsoo kim,김준수,6168600.0,15.713535855138398,6672704.814714028,0.08172110603930026,oil,canvas,9.276488497006095,1.277777777777778,True,False
T4-E023,huber,val_cold,junsoo kim,김준수,3753600.0,15.20083031723478,3996103.4916829937,0.06460557642876005,oil,canvas,8.625900930864946,1.5,True,False
T4-E023,huber,val_cold,junsoo kim,김준수,3753600.0,15.20083031723478,3996103.4916829937,0.06460557642876005,oil,canvas,8.625900930864946,1.5,True,False
T4-E023,huber,val_cold,junsoo kim,김준수,3739800.0,15.20083031723478,3996103.4916829937,0.06853401029012078,oil,canvas,8.625900930864946,1.5,True,False
T4-E023,huber,val_cold,junsoo kim,김준수,1080540.0,14.047699210284843,1261357.6644345352,0.16734009331865105,oil,canvas,7.162645528608927,2.0,True,False
T4-E023,huber,val_cold,junsoo kim,김준수,5526900.0,15.750631460538639,6924881.240737498,0.252941294529935,oil,canvas,9.319048111424893,1.3333333333333337,True,False
T4-E023,huber,val_cold,junsoo kim,김준수,11557500.0,16.06307188532641,9464626.54403136,0.18108357827978722,oil,canvas,9.727979427509542,1.0,True,False
T4-E023,huber,val_cold,junsoo kim,김준수,11681700.0,16.258873818999596,11511692.53528133,0.014553315418018752,oil,canvas,9.955036878144888,1.254901960784314,True,False
T4-E023,huber,val_cold,junsoo kim,김준수,3739800.0,15.20083031723478,3996103.4916829937,0.06853401029012078,oil,canvas,8.625900930864946,1.5,True,False
T4-E023,huber,val_cold,jian choi,최지안,2231460.0,14.132799582210376,1373399.4603111262,0.3845287568179012,oil,paper,7.330732812174933,1.2112676056338028,True,False
T4-E023,huber,val_cold,jian choi,최지안,4393920.0,15.008335987045914,3296381.755051873,0.24978566859390405,mixed_media,canvas,8.390636277614743,1.1996699669966997,True,False
T4-E023,huber,val_cold,jian choi,최지안,4393920.0,15.067691640819486,3497963.9926786143,0.20390812926074794,mixed_media,panel,8.390636277614743,1.1996699669966997,True,False
T4-E023,huber,val_cold,erica choi,최어이카,1407600.0,14.519043321060336,2020879.399765786,0.4356915315187454,acrylic,canvas,7.788004239509027,1.164835164835165,True,False
T4-E023,huber,val_cold,taerin kim,김태린,4305600.0,15.142608481800004,3770086.4183472567,0.12437606411481403,mixed_media,canvas,8.5699298436615,1.0,True,False
T4-E023,huber,val_cold,taerin kim,김태린,4347000.0,15.336444452125452,4576497.164028406,0.052794378658478525,mixed_media,canvas,8.794724923014183,1.2520661157024795,True,False
T4-E023,huber,val_cold,taerin kim,김태린,5375100.0,15.492394168499628,5348860.836803713,0.004881613959979743,mixed_media,canvas,8.988937804270135,1.2428393524283936,True,False
T4-E023,huber,val_cold,taerin kim,김태린,4347000.0,15.336444452125452,4576497.164028406,0.052794378658478525,mixed_media,canvas,8.794724923014183,1.2520661157024795,True,False
T4-E023,huber,val_cold,taerin kim,김태린,1773300.0,14.397028923992233,1788752.3506684587,0.008713895374983778,mixed_media,canvas,7.644196595800317,1.0,True,False
T4-E023,huber,val_cold,taerin kim,김태린,1773300.0,14.397028923992233,1788752.3506684587,0.008713895374983778,mixed_media,canvas,7.644196595800317,1.0,True,False
T4-E023,huber,val_cold,taerin kim,김태린,1773300.0,14.397028923992233,1788752.3506684587,0.008713895374983778,mixed_media,canvas,7.644196595800317,1.0,True,False
T4-E023,huber,val_cold,taerin kim,김태린,2829000.0,15.008371490179652,3296498.7890116973,0.16525231142159677,mixed_media,canvas,8.390908619896203,1.1960461285008237,True,False
T4-E023,huber,val_cold,taerin kim,김태린,6186540.0,15.513541417351624,5463179.02530001,0.1169249652794599,mixed_media,canvas,9.03049095692021,1.0,True,False
T4-E023,huber,val_cold,erica choi,최어이카,7493400.0,15.949902633607625,8451906.824731985,0.12791347382122736,acrylic,canvas,9.574983485564092,1.0,True,False
T4-E023,huber,val_cold,erica choi,최어이카,7493400.0,15.949902633607625,8451906.824731985,0.12791347382122736,acrylic,canvas,9.574983485564092,1.0,True,False
T4-E023,huber,val_cold,sangho lee,이상호,645840.0,13.423196446592053,675491.9009451801,0.045912146886504544,acrylic,canvas,6.437751649736401,1.0,True,False
T4-E023,huber,val_cold,sangho lee,이상호,661020.0,13.403345135484914,662214.7217898559,0.0018073912890016327,acrylic,canvas,6.39792915554923,1.240909090909091,True,False
T4-E023,huber,val_cold,sangho lee,이상호,957720.0,14.22331295612427,1503510.0354653124,0.5698847632557662,acrylic,canvas,7.417580402414544,1.2162162162162162,True,False
T4-E023,huber,val_cold,sangho lee,이상호,661020.0,13.403345135484914,662214.7217898559,0.0018073912890016327,acrylic,canvas,6.39792915554923,1.240909090909091,True,False
T4-E023,huber,val_cold,sangho lee,이상호,964620.0,14.25273469558498,1548403.0935504439,0.6051948887131139,acrylic,canvas,7.455298485683291,1.1973684210526316,True,False
T4-E023,huber,val_cold,sangho lee,이상호,659640.0,13.865874390916344,1051653.6530315834,0.5942842353883685,acrylic,canvas,6.959398512133975,1.4444444444444444,True,False
T4-E023,huber,val_cold,sangho lee,이상호,659640.0,13.684562769645133,877263.5766012187,0.3299126441713945,acrylic,canvas,6.733401891837359,1.4583333333333333,True,False
T4-E023,huber,val_cold,sangho lee,이상호,1101240.0,14.510800441396036,2004290.0002001622,0.8200301480151122,acrylic,canvas,7.776954403322442,1.1777777777777778,True,False
T4-E023,huber,val_cold,erica choi,최어이카,903900.0,14.250772717704159,1545368.1391605455,0.7096671525174749,acrylic,canvas,7.452663438045286,1.200527704485488,True,False
T4-E023,huber,val_cold,erica choi,최어이카,903900.0,14.250772717704159,1545368.1391605455,0.7096671525174749,acrylic,canvas,7.452663438045286,1.200527704485488,True,False
T4-E023,huber,val_cold,erica choi,최어이카,4664400.0,15.504307013343357,5412962.041818334,0.1604841012388161,acrylic,canvas,9.0217190130337,1.0,True,False
T4-E023,huber,val_cold,erica choi,최어이카,1090200.0,14.519043321060336,2020879.399765786,0.8536776736064814,acrylic,canvas,7.788004239509027,1.164835164835165,True,False
T4-E023,huber,val_cold,erica choi,최어이카,485760.0,13.217284108834669,549785.8450981542,0.13180551115397346,acrylic,canvas,6.182084906716632,1.0,True,False
T4-E023,huber,val_cold,erica choi,최어이카,1090200.0,14.519043321060336,2020879.399765786,0.8536776736064814,acrylic,canvas,7.788004239509027,1.164835164835165,True,False
T4-E023,huber,val_cold,hyeyune choi,최혜윤,2753100.0,15.264493868671643,4258782.454840816,0.5469043822748232,mixed_media,fabric,8.84339861853877,1.248322147651007,True,False
T4-E023,huber,val_cold,youngb yune,영브윤,17512200.0,14.996491387103763,3257567.7538465615,0.8139829516653212,mixed_media,canvas,8.356061534504837,1.5150943396226415,True,False
T4-E023,huber,val_cold,jeongrock heo,허정록,487140.0,13.6395422663833,838644.57500908,0.7215678757833066,oil,canvas,6.694908533145296,1.3801652892561984,True,False
T4-E023,huber,val_cold,jeongrock heo,허정록,500940.0,13.6395422663833,838644.57500908,0.6741417635027748,oil,canvas,6.694908533145296,1.3801652892561984,True,False
T4-E023,huber,val_cold,erica choi,최어이카,3676320.0,15.335296138874963,4571244.927877453,0.24342955125708673,acrylic,canvas,8.796101385722906,1.250343878954608,True,False
T4-E023,huber,val_cold,jeongrock heo,허정록,529920.0,13.6395422663833,838644.57500908,0.5825871358112168,oil,canvas,6.694908533145296,1.3801652892561984,True,False
T4-E023,huber,val_cold,jeongrock heo,허정록,891480.0,14.238753292516112,1526904.88356004,0.7127752541392292,oil,canvas,7.450021428582446,1.2037037037037035,True,False
T4-E023,huber,val_cold,hyeyune choi,최혜윤,12185400.0,16.006327750750266,8942517.890695993,0.26612849059563143,mixed_media,fabric,9.757825740104776,1.353982300884956,True,False
T4-E023,huber,val_cold,hyeyune choi,최혜윤,22383600.0,16.02417105928478,9103514.077286601,0.5932953556493772,mixed_media,fabric,9.779623565313742,1.3596491228070176,True,False
T4-E023,huber,val_cold,hyeyune choi,최혜윤,1283400.0,13.948730135583485,1142500.838404497,0.10978585132889442,mixed_media,fabric,7.210079628170788,1.2424242424242424,True,False
T4-E023,huber,val_cold,hyeyune choi,최혜윤,1642200.0,14.388615608907298,1773766.1437720142,0.08011578600171367,mixed_media,fabric,7.652545692693921,2.888888888888889,True,False
T4-E023,huber,val_cold,hyeyune choi,최혜윤,2435700.0,15.129888190018896,3722433.540859836,0.5282807984808623,mixed_media,fabric,8.679312040892672,1.2,True,False
T4-E023,huber,val_cold,hyeyune choi,최혜윤,22397400.0,16.08941395917888,9717257.235300727,0.5661435150820753,mixed_media,fabric,9.883284845218608,1.0,True,False
T4-E023,huber,val_cold,hyeyune choi,최혜윤,3270600.0,15.323870888577908,4519314.534179405,0.3817998331130084,mixed_media,fabric,8.9126079636709,1.32,True,False
T4-E023,huber,val_cold,hyeyune choi,최혜윤,3118800.0,14.827437547528158,2750896.860400085,0.1179630433499792,mixed_media,fabric,8.293049139768444,1.3703703703703705,True,False
T4-E023,huber,val_cold,hyeyune choi,최혜윤,3132600.0,14.967732771445053,3165218.892273861,0.010412721788246499,mixed_media,fabric,8.470101583882387,1.325,True,False
T4-E023,huber,val_cold,hyeyune choi,최혜윤,1614600.0,14.053321115644163,1268468.8683764052,0.21437577828786994,mixed_media,fabric,7.313220387090301,1.6666666666666667,True,False
T4-E023,huber,val_cold,hyeyune choi,최혜윤,3118800.0,14.839187817034752,2783411.29246281,0.10753774129062141,mixed_media,fabric,8.306472160100585,1.3888888888888888,True,False
T4-E023,huber,val_cold,hyeyune choi,최혜윤,3160200.0,14.7663960740384,2588000.3608590276,0.18106437540059883,mixed_media,fabric,8.223090551161533,1.2777777777777777,True,False
T4-E023,huber,val_cold,hyeyune choi,최혜윤,3105000.0,14.694755557442596,2409080.162845756,0.22412877203035236,mixed_media,fabric,8.125926802707886,1.4081632653061225,True,False
T4-E023,huber,val_cold,hyeyune choi,최혜윤,3105000.0,14.694755557442596,2409080.162845756,0.22412877203035236,mixed_media,fabric,8.125926802707886,1.4081632653061225,True,False
T4-E023,huber,val_cold,jeongrock heo,허정록,407100.0,13.393292447184127,655591.0323267989,0.6103931032345834,oil,canvas,6.39792915554923,1.240909090909091,True,False
T4-E023,huber,val_cold,jeongrock heo,허정록,313260.0,13.191840142249577,535973.5770287003,0.7109544053779616,oil,canvas,6.135175204774281,1.4413407821229052,True,False
T4-E023,huber,val_cold,jeongrock heo,허정록,498180.0,13.6395422663833,838644.57500908,0.6834167871232888,oil,canvas,6.694908533145296,1.3801652892561984,True,False
T4-E023,huber,val_cold,jeongrock heo,허정록,500940.0,13.6395422663833,838644.57500908,0.6741417635027748,oil,canvas,6.694908533145296,1.3801652892561984,True,False
T4-E023,huber,val_cold,jeongrock heo,허정록,420900.0,13.393292447184127,655591.0323267989,0.5575933293580396,oil,canvas,6.39792915554923,1.240909090909091,True,False
T4-E023,huber,val_cold,erica choi,최어이카,673440.0,13.649594954684087,847117.725129853,0.2578963606703686,acrylic,canvas,6.694908533145296,1.3801652892561984,True,False
T4-E023,huber,val_cold,jeongrock heo,허정록,284280.0,13.014289188171327,448780.5022988818,0.5786566142496194,oil,canvas,5.88943182154283,1.842857142857143,True,False
T4-E023,huber,val_cold,jeongrock heo,허정록,471960.0,13.6395422663833,838644.57500908,0.7769399419634715,oil,canvas,6.694908533145296,1.3801652892561984,True,False
T4-E023,huber,val_cold,erica choi,최어이카,673440.0,13.643925037213181,842328.2283968676,0.2507843733619441,acrylic,canvas,6.687769237483008,1.3817427385892114,True,False
T4-E023,huber,val_cold,erica choi,최어이카,2787600.0,15.149289445036551,3795358.5542098326,0.36151476331246685,acrylic,canvas,8.580918882296782,1.0,True,False
T4-E023,huber,val_cold,hyunju kim,김현주,1159200.0,13.981001026977328,1179971.71637084,0.01791900998174611,oil,canvas,7.121823534088672,1.3333333333333333,True,False
T4-E023,huber,val_cold,erica choi,최어이카,1352400.0,14.38779451998397,1772310.3218002284,0.3104926958002281,acrylic,canvas,7.63542465191381,1.0,True,False
T4-E023,huber,val_cold,hyunju kim,김현주,7769400.0,15.825261732216642,7461460.512824129,0.03963491224237015,oil,canvas,9.432707429897413,1.0,True,False
T4-E023,huber,val_cold,hyeyune choi,최혜윤,1914060.0,15.140144308650793,3760807.709492714,0.9648327165777009,mixed_media,fabric,8.691146498539675,1.2142857142857142,True,False
T4-E023,huber,val_cold,hyunju kim,김현주,1449000.0,14.142101631926053,1386234.4938814577,0.04331642934336941,oil,canvas,7.318605859366639,1.384848484848485,True,False
T4-E023,huber,val_cold,jeongrock heo,허정록,659640.0,14.017889385295234,1224311.7230141656,0.8560301422202499,oil,canvas,7.170596352834887,1.2861635220125784,True,False
T4-E023,huber,val_cold,byung taek jeon,전병택,4485000.0,15.33658815258303,4577154.856019168,0.020547348053326236,acrylic,canvas,8.779557455883728,1.5384615384615383,True,False
T4-E023,huber,val_cold,byung taek jeon,전병택,5299200.0,15.191289596130657,3958159.0791193754,0.25306478730386184,oil,canvas,8.614054894258702,1.5,True,False
T4-E023,huber,val_cold,erica choi,최어이카,814200.0,14.027942073596021,1236681.417319538,0.5188914484396193,acrylic,canvas,7.170596352834887,1.2861635220125784,True,False
T4-E023,huber,val_cold,eunja cho,조은자,834900.0,13.80783263683331,992351.4788138793,0.18858723058315882,mixed_media,canvas,6.91263336176647,1.0,True,False
T4-E023,huber,val_cold,erica choi,최어이카,1352400.0,14.38779451998397,1772310.3218002284,0.3104926958002281,acrylic,canvas,7.63542465191381,1.0,True,False
T4-E023,huber,val_cold,hyunju kim,김현주,538200.0,13.81035541500439,994858.1219855648,0.8484914938416291,acrylic,canvas,6.901280764474519,1.2727272727272727,True,False
T4-E023,huber,val_cold,hyunju kim,김현주,1186800.0,14.858958725307094,2838989.4669093266,1.3921380745781315,acrylic,canvas,8.220435822756782,1.0,True,False
T4-E023,huber,val_cold,hyunju kim,김현주,703800.0,14.207651623403967,1480146.4941919371,1.1030782810342954,acrylic,canvas,7.393757249572314,1.2857142857142856,True,False
T4-E023,huber,val_cold,hyunju kim,김현주,1393800.0,14.86971751380483,2869698.4536607102,1.0589026070172982,acrylic,panel,8.155897301619211,1.0666666666666669,True,False
T4-E023,huber,val_cold,hyunju kim,김현주,1173000.0,14.634118967179248,2267342.4283014205,0.9329432466337771,oil,canvas,7.932753750305,1.3333333333333337,True,False
T4-E023,huber,val_cold,hyunju kim,김현주,814200.0,13.981001026977328,1179971.71637084,0.4492406243807911,oil,canvas,7.121823534088672,1.3333333333333333,True,False
T4-E023,huber,val_cold,hyunju kim,김현주,883200.0,14.197598935103182,1465341.5821071386,0.6591276971321769,oil,canvas,7.393757249572314,1.2857142857142856,True,False
T4-E023,huber,val_cold,hyunju kim,김현주,2635800.0,15.365329501110837,4710617.215844488,0.7871679246697351,oil,canvas,8.849044482179156,1.2,True,False
T4-E023,huber,val_cold,hyunju kim,김현주,738300.0,13.800302726703602,984907.2238206587,0.3340203492085314,oil,canvas,6.901280764474519,1.2727272727272727,True,False
T4-E023,huber,val_cold,hyunju kim,김현주,1449000.0,14.712211560908916,2451502.257429245,0.6918580106482022,oil,canvas,8.038114265962827,1.2000000000000002,True,False
T4-E023,huber,val_cold,hyunju kim,김현주,5009400.0,15.377715489170825,4769325.695146663,0.04792476241732281,mixed_media,fabric,8.99961934066053,1.0,True,False
T4-E023,huber,val_cold,hyunju kim,김현주,6058200.0,15.148783381391278,3793438.347139244,0.37383408485371167,mixed_media,fabric,8.696844519654313,1.2941176470588236,True,False
T4-E023,huber,val_cold,hyunju kim,김현주,12392400.0,16.19986890005117,10852097.09642776,0.12429415638393215,ink,fabric,9.903487552536127,2.0,True,False
T4-E023,huber,val_cold,hyunju kim,김현주,1600800.0,14.474369539757063,1932585.9601172996,0.20726259377642403,ink,fabric,7.824046010856292,1.0,True,False
T4-E023,huber,val_cold,hyunju kim,김현주,634800.0,13.51760647381986,742372.5416305193,0.16945895026861896,oil,canvas,6.54645938918511,1.3333333333333337,True,False
T4-E023,huber,val_cold,hyunju kim,김현주,883200.0,14.197598935103182,1465341.5821071386,0.6591276971321769,oil,canvas,7.393757249572314,1.2857142857142856,True,False
T4-E023,huber,val_cold,hyunju kim,김현주,1600800.0,14.474369539757063,1932585.9601172996,0.20726259377642403,ink,fabric,7.824046010856292,1.0,True,False
T4-E023,huber,val_cold,hyunju kim,김현주,1545600.0,14.399576719562896,1793315.5365484895,0.160271439278267,ink,fabric,7.698029170272805,1.5263157894736843,True,False
T4-E023,huber,val_cold,hyunju kim,김현주,952200.0,13.629022463946304,829868.4422912897,0.12847254537776762,ink,fabric,6.728628613084702,1.7272727272727273,True,False
T4-E023,huber,val_cold,hyunju kim,김현주,1600800.0,14.474369539757063,1932585.9601172996,0.20726259377642403,ink,fabric,7.824046010856292,1.0,True,False
T4-E023,huber,val_cold,hyunju kim,김현주,579600.0,12.304520769377692,220691.43195954224,0.6192349345073461,ink,fabric,5.1298987149230735,1.0,True,False
T4-E023,huber,val_cold,hyunju kim,김현주,1173000.0,14.634118967179248,2267342.4283014205,0.9329432466337771,oil,canvas,7.932753750305,1.3333333333333337,True,False
T4-E023,huber,val_cold,hyunju kim,김현주,510600.0,12.304520769377692,220691.43195954224,0.5677801959272577,ink,fabric,5.1298987149230735,1.0,True,False
T4-E023,huber,val_cold,hyunju kim,김현주,510600.0,12.304520769377692,220691.43195954224,0.5677801959272577,ink,fabric,5.1298987149230735,1.0,True,False
T4-E023,huber,val_cold,hyunju kim,김현주,510600.0,12.304520769377692,220691.43195954224,0.5677801959272577,ink,fabric,5.1298987149230735,1.0,True,False
T4-E023,huber,val_cold,hyunju kim,김현주,952200.0,14.092992797296809,1319802.678359107,0.3860561629480226,oil,canvas,7.262490863578644,1.3076923076923077,True,False
T4-E023,huber,val_cold,hyunju kim,김현주,1090200.0,14.423964050656995,1837587.3579067106,0.6855506860270689,oil,canvas,7.663420816521416,1.4666666666666668,True,False
T4-E023,huber,val_cold,hyunju kim,김현주,1021200.0,14.091830283552046,1318269.2810755398,0.290902155381453,oil,canvas,7.280428564265311,1.0,True,False
T4-E023,huber,val_cold,hyunju kim,김현주,1242000.0,14.634118967179248,2267342.4283014205,0.8255575107096783,oil,canvas,7.932753750305,1.3333333333333337,True,False
T4-E023,huber,val_cold,hyunju kim,김현주,1090200.0,14.388189121820705,1773009.8167103871,0.6263161041188655,oil,canvas,7.6326491578546625,1.25,True,False
T4-E023,huber,val_cold,hyunju kim,김현주,1945800.0,14.84279516627399,2793470.1610892327,0.43564095029768357,oil,panel,8.133424445767153,1.0909090909090908,True,False
T4-E023,huber,val_cold,hyunju kim,김현주,1876800.0,14.917599466668095,3010448.0114664747,0.6040324016765104,oil,canvas,8.300478530430318,1.0833333333333337,True,False
T4-E023,huber,val_cold,hyunju kim,김현주,1821600.0,14.830747543883486,2760017.4051397042,0.5151610700152087,oil,canvas,8.155897301619211,1.6666666666666667,True,False
T4-E023,huber,val_cold,hyunju kim,김현주,1435200.0,14.447544775594277,1881433.9352576134,0.3109210808651153,oil,panel,7.6326491578546625,1.25,True,False
T4-E023,huber,val_cold,hyunju kim,김현주,634800.0,13.800302726703602,984907.2238206587,0.5515236670142702,oil,canvas,6.901280764474519,1.2727272727272727,True,False
T4-E023,huber,val_cold,hyunju kim,김현주,2083800.0,15.074810800426347,3522955.4100339566,0.6906398934801596,oil,unknown,8.133424445767153,1.0909090909090908,True,False
T4-E023,huber,val_cold,hyunju kim,김현주,1449000.0,14.567447062266583,2121103.568243149,0.4638395916101789,mixed_media,canvas,7.855792709168872,1.0,True,False
T4-E023,huber,val_cold,hyunju kim,김현주,1159200.0,14.400411347377776,1794812.9123649797,0.5483203177751723,mixed_media,canvas,7.6326491578546625,1.25,True,False
T4-E023,huber,val_cold,hyunju kim,김현주,1449000.0,14.496548410041587,1975927.3887713742,0.36364899156064473,oil,canvas,7.77783116769916,1.081081081081081,True,False
T4-E023,huber,val_cold,hyunju kim,김현주,634800.0,13.51760647381986,742372.5416305193,0.16945895026861896,oil,canvas,6.54645938918511,1.3333333333333337,True,False
T4-E023,huber,val_cold,hyunju kim,김현주,4485000.0,15.931195340828785,8295264.27645714,0.8495572522758396,oil,canvas,9.542191662739102,1.35,True,False
T4-E023,huber,val_cold,hyunju kim,김현주,1159200.0,14.388189121820705,1773009.8167103871,0.5295115741117902,oil,canvas,7.6326491578546625,1.25,True,False
T4-E023,huber,val_cold,hyunju kim,김현주,745200.0,13.73239354364692,920243.4592595458,0.23489460448140873,oil,canvas,6.834141461636891,1.0,True,False
T4-E023,huber,val_cold,hyunju kim,김현주,910800.0,13.800302726703602,984907.2238206587,0.08136498004024896,oil,canvas,6.901280764474519,1.2727272727272727,True,False
T4-E023,huber,val_cold,hyunju kim,김현주,745200.0,13.73239354364692,920243.4592595458,0.23489460448140873,oil,canvas,6.834141461636891,1.0,True,False
T4-E023,huber,val_cold,hyunju kim,김현주,745200.0,13.73239354364692,920243.4592595458,0.23489460448140873,oil,canvas,6.834141461636891,1.0,True,False
T4-E023,huber,val_cold,hyunju kim,김현주,848700.0,13.981001026977328,1179971.71637084,0.3903284038775069,oil,canvas,7.121823534088672,1.3333333333333333,True,False
T4-E023,huber,val_cold,hyunju kim,김현주,4126200.0,16.004940431002538,8930120.360689335,1.164248063760684,oil,unknown,9.290877234458195,1.05,True,False
T4-E023,huber,val_cold,hyunju kim,김현주,1304100.0,14.388189121820705,1773009.8167103871,0.35956584365492456,oil,canvas,7.6326491578546625,1.25,True,False
T4-E023,huber,val_cold,hyunju kim,김현주,1186800.0,14.388189121820705,1773009.8167103871,0.4939415375045392,oil,canvas,7.6326491578546625,1.25,True,False
T4-E023,huber,val_cold,hyunju kim,김현주,1545600.0,14.388189121820705,1773009.8167103871,0.1471336805838426,oil,canvas,7.6326491578546625,1.25,True,False
T4-E023,huber,val_cold,hyunju kim,김현주,1449000.0,14.555224836709513,2095336.7467136795,0.4460571060825946,oil,canvas,7.855792709168872,1.0,True,False
T4-E023,huber,val_cold,hyunju kim,김현주,1614600.0,14.712211560908916,2451502.257429245,0.5183341121201814,oil,canvas,8.038114265962827,1.2000000000000002,True,False
T4-E023,huber,val_cold,hyunju kim,김현주,3187800.0,15.656700789036762,6304037.058279524,0.9775509938765053,oil,unknown,8.849044482179156,1.2,True,False
T4-E023,huber,val_cold,hyunju kim,김현주,1304100.0,14.388189121820705,1773009.8167103871,0.35956584365492456,oil,canvas,7.6326491578546625,1.25,True,False
T4-E023,huber,val_cold,hyunju kim,김현주,4167600.0,15.456950260241843,5162596.766757427,0.23874574497490805,oil,canvas,8.954404997836981,1.3333333333333333,True,False
T4-E023,huber,val_cold,hyunju kim,김현주,931500.0,13.800302726703602,984907.2238206587,0.05733464715046565,oil,canvas,6.901280764474519,1.2727272727272727,True,False
T4-E023,huber,val_cold,hyunju kim,김현주,2290800.0,15.033584287353708,3380669.373515882,0.4757592865007343,oil,canvas,8.421106518218933,1.4545454545454546,True,False
T4-E023,huber,val_cold,hyunju kim,김현주,1186800.0,14.38551148384884,1768268.6886456632,0.4899466537290725,oil,canvas,7.6450716778532195,1.0,True,False
T4-E023,huber,val_cold,hyunju kim,김현주,2166600.0,15.210883005535567,4036477.669006932,0.8630470179114429,acrylic,canvas,8.625900930864946,1.5,True,False
T4-E023,huber,val_cold,hyunju kim,김현주,3594900.0,15.617319025791579,6060597.956040257,0.6858877732455024,oil,canvas,9.136726554630936,1.6,True,False
T4-E023,huber,val_cold,hyunju kim,김현주,1211640.0,14.016511879288556,1222626.3873081931,0.009067369274861459,oil,canvas,7.168778259715252,1.2878740157480315,True,False
T4-E023,huber,val_cold,hyunju kim,김현주,2346000.0,14.987248408415574,3227596.8481180845,0.3757872327869073,oil,canvas,8.378859796181555,1.2118785452118783,True,False
T4-E023,huber,val_cold,hyunju kim,김현주,924600.0,13.800302726703602,984907.2238206587,0.0652252042187527,oil,canvas,6.901280764474519,1.2727272727272727,True,False
T4-E023,huber,val_cold,hyunju kim,김현주,966000.0,13.800302726703602,984907.2238206587,0.019572695466520445,oil,canvas,6.901280764474519,1.2727272727272727,True,False
T4-E023,huber,val_cold,hyunju kim,김현주,6679200.0,16.259059100268697,11513825.63388927,0.7238330389701265,oil,canvas,9.955823921482216,1.2460592079969242,True,False
T4-E023,huber,val_cold,hyunju kim,김현주,966000.0,13.800302726703602,984907.2238206587,0.019572695466520445,oil,canvas,6.901280764474519,1.2727272727272727,True,False
T4-E023,huber,val_cold,sori choi,최소리,11205600.0,14.838943816829412,2782732.2223858912,0.7516659328919566,oil,unknown,7.814641930780998,1.5024630541871922,True,False
T4-E023,huber,val_cold,hyunju kim,김현주,1731900.0,14.509814989649826,2002315.8419981382,0.15613825393968372,oil,canvas,7.789615050102834,1.155511811023622,True,False
T4-E023,huber,val_cold,hyunju kim,김현주,1731900.0,14.509814989649826,2002315.8419981382,0.15613825393968372,oil,canvas,7.789615050102834,1.155511811023622,True,False
T4-E023,huber,val_cold,hyunju kim,김현주,966000.0,13.800302726703602,984907.2238206587,0.019572695466520445,oil,canvas,6.901280764474519,1.2727272727272727,True,False
T4-E023,huber,val_cold,hyunju kim,김현주,1738800.0,14.722264249209701,2476270.731783692,0.42412625476402793,acrylic,canvas,8.038114265962827,1.2000000000000002,True,False
T4-E023,huber,val_cold,junsoo kim,김준수,731400.0,13.810649357613354,995150.5961606958,0.3606106045401911,oil,canvas,6.888208682907167,1.6842105263157896,True,False
T4-E023,huber,val_cold,junsoo kim,김준수,731400.0,13.810649357613354,995150.5961606958,0.3606106045401911,oil,canvas,6.888208682907167,1.6842105263157896,True,False
T4-E023,huber,val_cold,hyunju kim,김현주,993600.0,13.952071416271716,1146324.63903028,0.15370837261501616,oil,canvas,7.086071826422209,1.3306639973306642,True,False
T4-E023,huber,val_cold,hyunju kim,김현주,993600.0,13.952071416271716,1146324.63903028,0.15370837261501616,oil,canvas,7.086071826422209,1.3306639973306642,True,False
T4-E023,huber,val_cold,hyunju kim,김현주,993600.0,13.952071416271716,1146324.63903028,0.15370837261501616,oil,canvas,7.086071826422209,1.3306639973306642,True,False
T4-E023,huber,val_cold,hyunju kim,김현주,938400.0,13.800302726703602,984907.2238206587,0.049560127686123986,oil,canvas,6.901280764474519,1.2727272727272727,True,False
T4-E023,huber,val_cold,hyunju kim,김현주,966000.0,13.800302726703602,984907.2238206587,0.019572695466520445,oil,canvas,6.901280764474519,1.2727272727272727,True,False
T4-E023,huber,val_cold,hyunju kim,김현주,4650600.0,15.405993571742393,4906118.078743524,0.05494303503709713,oil,canvas,8.888038034463706,1.3825113966017406,True,False
T4-E023,huber,val_cold,hyunju kim,김현주,1849200.0,14.712211560908916,2451502.257429245,0.32570963520941215,oil,canvas,8.038114265962827,1.2000000000000002,True,False
T4-E023,huber,val_cold,hyunju kim,김현주,1683600.0,14.488808138602282,1960692.2127008608,0.16458316268761036,oil,canvas,7.765282016997596,1.1277340332458443,True,False
T4-E023,huber,val_cold,hyunju kim,김현주,938400.0,13.73239354364692,920243.4592595458,0.019348402323587192,oil,canvas,6.834141461636891,1.0,True,False
T4-E023,huber,val_cold,hyunju kim,김현주,855600.0,13.73239354364692,920243.4592595458,0.07555336519348502,oil,canvas,6.834141461636891,1.0,True,False
T4-E023,huber,val_cold,hyunju kim,김현주,1849200.0,14.712211560908916,2451502.257429245,0.32570963520941215,oil,canvas,8.038114265962827,1.2000000000000002,True,False
T4-E023,huber,val_cold,hyunju kim,김현주,2049300.0,14.488808138602282,1960692.2127008608,0.04323807509839418,oil,canvas,7.765282016997596,1.1277340332458443,True,False
T4-E023,huber,val_cold,hyunju kim,김현주,1697400.0,14.555224836709513,2095336.7467136795,0.2344389929973368,oil,canvas,7.855792709168872,1.0,True,False
T4-E023,huber,val_cold,hyunju kim,김현주,3988200.0,15.47502294471192,5256746.959923734,0.3180750614120992,oil,canvas,8.997840772290761,1.0,True,False
T4-E023,huber,val_cold,hyunju kim,김현주,1932000.0,14.530944366103355,2045073.6594541757,0.05852673884791705,oil,canvas,7.825645371197421,1.0,True,False
T4-E023,huber,val_cold,hyunju kim,김현주,1932000.0,14.530944366103355,2045073.6594541757,0.05852673884791705,oil,canvas,7.825645371197421,1.0,True,False
T4-E023,huber,val_cold,hyunju kim,김현주,1683600.0,14.509814989649826,2002315.8419981382,0.18930615466746153,oil,canvas,7.789615050102834,1.155511811023622,True,False
T4-E023,huber,val_cold,byung taek jeon,전병택,15814800.0,16.20609231536318,10919844.796039987,0.3095173637327069,oil,canvas,9.842569137566713,2.0,True,False
T4-E023,huber,val_cold,hyunju kim,김현주,966000.0,13.800302726703602,984907.2238206587,0.019572695466520445,oil,canvas,6.901280764474519,1.2727272727272727,True,False
T4-E023,huber,val_cold,hyunju kim,김현주,2387400.0,14.712211560908916,2451502.257429245,0.02685023767665449,oil,canvas,8.038114265962827,1.2000000000000002,True,False
T4-E023,huber,val_cold,hyunju kim,김현주,1159200.0,14.016511879288556,1222626.3873081931,0.054715655027771856,oil,canvas,7.168778259715252,1.2878740157480315,True,False
T4-E023,huber,val_cold,hyunju kim,김현주,1159200.0,14.016511879288556,1222626.3873081931,0.054715655027771856,oil,canvas,7.168778259715252,1.2878740157480315,True,False
T4-E023,huber,val_cold,hyunju kim,김현주,1090200.0,14.016511879288556,1222626.3873081931,0.1214698104092764,oil,canvas,7.168778259715252,1.2878740157480315,True,False
T4-E023,huber,val_cold,hyunju kim,김현주,7507200.0,16.259059100268697,11513825.63388927,0.5337043949660685,oil,canvas,9.955823921482216,1.2460592079969242,True,False
T4-E023,huber,val_cold,hyunju kim,김현주,1035000.0,13.800302726703602,984907.2238206587,0.04839881756458092,oil,canvas,6.901280764474519,1.2727272727272727,True,False
T4-E023,huber,val_cold,hyunju kim,김현주,1821600.0,14.488808138602282,1960692.2127008608,0.07635716551430655,oil,canvas,7.765282016997596,1.1277340332458443,True,False
T4-E023,huber,val_cold,bareum kim,김바름,2758302.0,14.62351505353206,2243426.748977732,0.1866638428360158,oil,canvas,7.940583827104244,1.0,True,False
T4-E023,huber,val_cold,bareum kim,김바름,2758302.0,14.626248032476932,2249566.37295709,0.1844379719997702,oil,canvas,7.94397717319116,1.0,True,False
T4-E023,huber,val_cold,bareum kim,김바름,2242527.0,14.681848112415729,2378184.9113917607,0.060493323554972,oil,canvas,7.824046010856292,4.0,True,False
T4-E023,huber,val_cold,bareum kim,김바름,7235878.0,15.51593270894136,5476258.711795822,0.24317978940553975,oil,canvas,8.922658299524402,3.0,True,False
T4-E023,huber,val_cold,bareum kim,김바름,1499618.0,14.240720029403374,1529910.8587300628,0.02020038351771107,oil,canvas,7.452663438045286,1.200527704485488,True,False
T4-E023,huber,val_cold,bareum kim,김바름,3645532.0,14.89691572486238,2948820.2257844238,0.19111388247739322,oil,canvas,8.256633298091595,1.3716981132075472,True,False
T4-E023,huber,val_cold,bareum kim,김바름,17744688.0,16.04527303500422,9297657.410079526,0.4760315081291074,oil,canvas,9.663541120184696,1.672164948453608,True,False
T4-E023,huber,val_cold,bareum kim,김바름,2772102.0,14.779206378680248,2621366.6940470873,0.05437581515864592,oil,canvas,8.070906088787819,2.0,True,False
T4-E023,huber,val_cold,bareum kim,김바름,17813688.0,16.150370957774108,10328018.035445752,0.42022011189116193,oil,canvas,9.808221471759428,1.446922390722569,True,False
T4-E023,huber,val_cold,bareum kim,김바름,1141963.0,13.818416484024464,1002910.1523560999,0.12176650876070423,oil,canvas,6.897482696211397,1.6900826446280992,True,False
T4-E023,huber,val_cold,bareum kim,김바름,1141260.0,13.818416484024464,1002910.1523560999,0.12122552936570113,oil,canvas,6.897482696211397,1.6900826446280992,True,False
T4-E023,huber,val_cold,bareum kim,김바름,5406205.0,15.128166011870384,3716028.3641672395,0.312636430885022,oil,canvas,8.567173123721258,1.0,True,False
T4-E023,huber,val_cold,bareum kim,김바름,3645532.0,14.96749731828725,3164473.719220655,0.1319583207003381,oil,canvas,8.304693591730816,2.0,True,False
T4-E023,huber,val_cold,bareum kim,김바름,1843472.0,14.377741831683183,1754583.0910131417,0.04821820401224338,oil,canvas,7.63542465191381,1.0,True,False
T4-E023,huber,val_cold,byung taek jeon,전병택,8666400.0,15.545231297212808,5639078.91510624,0.34931702724242597,oil,canvas,9.0468044549336,1.6066024759284732,True,False
T4-E023,huber,val_cold,byung taek jeon,전병택,10046400.0,15.616843186418258,6057714.770927805,0.3970263207788058,oil,canvas,9.145376160245226,1.4533001245330013,True,False
T4-E023,huber,val_cold,byung taek jeon,전병택,1311000.0,13.795610411276241,980296.5542774592,0.25225281901032864,oil,canvas,6.91263336176647,1.0,True,False
T4-E023,huber,val_cold,hyunju kim,김현주,15525000.0,16.856265561010407,20921032.717218906,0.3475705453925221,oil,canvas,10.70763642734394,1.08248031496063,True,False
T4-E023,huber,val_cold,hyunju kim,김현주,2056200.0,14.37667942401319,1752719.9983368248,0.14759264743856396,oil,canvas,7.6341055356738385,1.0,True,False
T4-E023,huber,val_cold,sori choi,최소리,11247000.0,15.114708739873375,3666355.7383729722,0.6740147827533589,oil,unknown,8.1886891244442,1.0,True,False
T4-E023,huber,val_cold,hyunju kim,김현주,2746200.0,15.20083031723478,3996103.4916829937,0.45513928034483786,oil,canvas,8.625900930864946,1.5,True,False
T4-E023,huber,val_cold,hyunju kim,김현주,2746200.0,15.17602789966772,3898209.4865581794,0.4194922025191826,oil,canvas,8.59773005389825,1.4583333333333337,True,False
T4-E023,huber,val_cold,junsoo kim,김준수,5188800.0,15.630955733155966,6143810.640821899,0.18405231283184922,oil,canvas,9.191451454320184,1.0,True,False
T4-E023,huber,val_cold,byung taek jeon,전병택,16311600.0,16.150370957774108,10328018.035445752,0.36682986123704897,oil,canvas,9.808221471759428,1.446922390722569,True,False
T4-E023,huber,val_cold,junsoo kim,김준수,745200.0,13.810649357613354,995150.5961606958,0.3354141118635209,oil,canvas,6.888208682907167,1.6842105263157896,True,False
T4-E023,huber,val_cold,hyunju kim,김현주,1145400.0,13.981001026977328,1179971.71637084,0.03018309443935751,oil,canvas,7.121823534088672,1.3333333333333333,True,False
T4-E023,huber,val_cold,hyunju kim,김현주,1145400.0,13.981001026977328,1179971.71637084,0.03018309443935751,oil,canvas,7.121823534088672,1.3333333333333333,True,False
T4-E023,huber,val_cold,junsoo kim,김준수,828000.0,13.810649357613354,995150.5961606958,0.2018727006771688,oil,canvas,6.888208682907167,1.6842105263157896,True,False
T4-E023,huber,val_cold,junsoo kim,김준수,745200.0,13.73239354364692,920243.4592595458,0.23489460448140873,oil,canvas,6.834141461636891,1.0,True,False
T4-E023,huber,val_cold,hyunju kim,김현주,1890600.0,14.509814989649826,2002315.8419981382,0.05909015233160808,oil,canvas,7.789615050102834,1.155511811023622,True,False
T4-E023,huber,val_cold,dagyeong yun,윤다그영,1117800.0,14.769743717446765,2596678.580896427,1.3230261056507666,mixed_media,canvas,8.08794755464267,1.3019999999999998,True,False
T4-E023,huber,val_cold,hyunju kim,김현주,1159200.0,13.981001026977328,1179971.71637084,0.01791900998174611,oil,canvas,7.121823534088672,1.3333333333333333,True,False
T4-E023,huber,val_cold,byung taek jeon,전병택,1104000.0,14.083352437469832,1307140.4379810945,0.18400401991041165,oil,canvas,7.269902224176762,1.0,True,False
T4-E023,huber,val_cold,byung taek jeon,전병택,1324800.0,14.02021355664978,1227160.542539809,0.0737012812954341,oil,canvas,7.173736072839555,1.2821316614420062,True,False
T4-E023,huber,val_cold,byung taek jeon,전병택,1407600.0,14.02021355664978,1227160.542539809,0.1281894412192321,oil,canvas,7.173736072839555,1.2821316614420062,True,False
T4-E023,huber,val_cold,hyunju kim,김현주,1145400.0,13.981001026977328,1179971.71637084,0.03018309443935751,oil,canvas,7.121823534088672,1.3333333333333333,True,False
T4-E023,huber,val_cold,hyunju kim,김현주,1145400.0,13.981001026977328,1179971.71637084,0.03018309443935751,oil,canvas,7.121823534088672,1.3333333333333333,True,False
T4-E023,huber,val_cold,hyunju kim,김현주,1145400.0,13.981001026977328,1179971.71637084,0.03018309443935751,oil,canvas,7.121823534088672,1.3333333333333333,True,False
T4-E023,huber,val_cold,hyunju kim,김현주,2332200.0,14.712211560908916,2451502.257429245,0.051154385313971755,oil,canvas,8.038114265962827,1.2000000000000002,True,False
T4-E023,huber,val_cold,hyunju kim,김현주,1145400.0,13.981001026977328,1179971.71637084,0.03018309443935751,oil,canvas,7.121823534088672,1.3333333333333333,True,False
T4-E023,huber,val_cold,jon burr,존부르르,371220.0,13.409685133850989,666426.4992672632,0.7952332828707053,acrylic,canvas,6.405228458030842,1.25,True,False
T4-E023,huber,val_cold,hyunju kim,김현주,7631400.0,15.925492641557312,8248093.507102912,0.08081000957922692,oil,canvas,9.55607213512933,1.0172238248769727,True,False
T4-E023,huber,val_cold,hyunju kim,김현주,1504200.0,14.248817007751448,1542348.800747644,0.0253615215713628,oil,canvas,7.4627501210592655,1.2,True,False
T4-E023,huber,val_cold,byung taek jeon,전병택,4857600.0,15.132603444531417,3732554.629777161,0.23160518985153966,oil,canvas,8.572682769078947,1.0,True,False
T4-E023,huber,val_cold,hyunju kim,김현주,1145400.0,13.981001026977328,1179971.71637084,0.03018309443935751,oil,canvas,7.121823534088672,1.3333333333333333,True,False
T4-E023,huber,val_cold,hyunju kim,김현주,1076400.0,13.800302726703602,984907.2238206587,0.08499886304286627,oil,canvas,6.901280764474519,1.2727272727272727,True,False
T4-E023,huber,val_cold,hyunju kim,김현주,2056200.0,14.37667942401319,1752719.9983368248,0.14759264743856396,oil,canvas,7.6341055356738385,1.0,True,False
T4-E023,huber,val_cold,hyunju kim,김현주,1145400.0,13.981001026977328,1179971.71637084,0.03018309443935751,oil,canvas,7.121823534088672,1.3333333333333333,True,False
T4-E023,huber,val_cold,eunju park,박은주,4733400.0,15.400780402273393,4880608.205184855,0.03109988701247614,mixed_media,paper,8.836920540230231,2.052667932999482,True,False
T4-E023,huber,val_cold,eunju park,박은주,3919200.0,16.240629112700354,11303569.43153633,1.8841522329904903,mixed_media,paper,9.938354378184952,1.121495327102804,True,False
T4-E023,huber,val_cold,eunju park,박은주,1766400.0,15.283949886723576,4342452.708809192,1.4583631730124504,mixed_media,paper,8.714387597032898,1.6950283616950284,True,False
T4-E023,huber,val_cold,hyunju kim,김현주,1642200.0,14.248817007751448,1542348.800747644,0.060803312174129875,oil,canvas,7.4627501210592655,1.2,True,False
T4-E023,huber,val_cold,hyunju kim,김현주,869400.0,13.73239354364692,920243.4592595458,0.05848108955549319,oil,canvas,6.834141461636891,1.0,True,False
T4-E023,huber,val_cold,junsoo kim,김준수,745200.0,13.810649357613354,995150.5961606958,0.3354141118635209,oil,canvas,6.888208682907167,1.6842105263157896,True,False
T4-E023,huber,val_cold,hyunju kim,김현주,1021200.0,13.859658380477173,1045136.8382238544,0.023439912087597364,oil,panel,6.901280764474519,1.2727272727272727,True,False
T4-E023,huber,val_cold,hyunju kim,김현주,1821600.0,14.488808138602282,1960692.2127008608,0.07635716551430655,oil,canvas,7.765282016997596,1.1277340332458443,True,False
T4-E023,huber,val_cold,hyunju kim,김현주,1145400.0,13.981001026977328,1179971.71637084,0.03018309443935751,oil,canvas,7.121823534088672,1.3333333333333333,True,False
T4-E023,huber,val_cold,hyunju kim,김현주,1145400.0,13.981001026977328,1179971.71637084,0.03018309443935751,oil,canvas,7.121823534088672,1.3333333333333333,True,False
T4-E023,huber,val_cold,hyunju kim,김현주,2056200.0,14.37667942401319,1752719.9983368248,0.14759264743856396,oil,canvas,7.6341055356738385,1.0,True,False
T4-E023,huber,val_cold,hyunju kim,김현주,2704800.0,14.978134312163867,3198313.866442623,0.18245854275459297,oil,canvas,8.368342123803876,1.1991991991991993,True,False
T4-E023,huber,val_cold,hyunju kim,김현주,1145400.0,13.981001026977328,1179971.71637084,0.03018309443935751,oil,canvas,7.121823534088672,1.3333333333333333,True,False
T4-E023,huber,val_cold,hyunju kim,김현주,1007400.0,13.800302726703602,984907.2238206587,0.022327552292377654,oil,canvas,6.901280764474519,1.2727272727272727,True,False
T4-E023,huber,val_cold,hyunju kim,김현주,1007400.0,13.800302726703602,984907.2238206587,0.022327552292377654,oil,canvas,6.901280764474519,1.2727272727272727,True,False
T4-E023,huber,val_cold,hyunju kim,김현주,1959600.0,14.509814989649826,2002315.8419981382,0.021798245559368358,oil,canvas,7.789615050102834,1.155511811023622,True,False
T4-E023,huber,val_cold,hyunju kim,김현주,2111400.0,14.634118967179248,2267342.4283014205,0.07385735924098727,oil,canvas,7.932753750305,1.3333333333333337,True,False
T4-E023,huber,val_cold,hyunju kim,김현주,1007400.0,13.800302726703602,984907.2238206587,0.022327552292377654,oil,canvas,6.901280764474519,1.2727272727272727,True,False
T4-E023,huber,val_cold,sori choi,최소리,16918800.0,15.973891831076529,8657112.809051193,0.4883140170076369,oil,metal,8.914894908906568,2.0,True,False
T4-E023,huber,val_cold,sori choi,최소리,11247000.0,15.364904964141811,4708617.809130493,0.5813445532915006,oil,metal,8.221747728346623,1.0,True,False
T4-E023,huber,val_cold,hyunju kim,김현주,5409600.0,15.707360583215806,6631626.014944834,0.22589951474135495,oil,canvas,9.268509275099824,1.2827282728272826,True,False
T4-E023,huber,val_cold,hyunju kim,김현주,1435200.0,14.142101631926053,1386234.4938814577,0.03411754885628643,oil,canvas,7.318605859366639,1.384848484848485,True,False
T4-E023,huber,val_cold,hyunju kim,김현주,2097600.0,14.508990632759549,2000665.8993015282,0.04621190918119363,oil,canvas,7.788004239509027,1.164835164835165,True,False
T4-E023,huber,val_cold,erica choi,최어이카,1269600.0,14.519043321060336,2020879.399765786,0.5917449588577395,acrylic,canvas,7.788004239509027,1.164835164835165,True,False
T4-E023,huber,val_cold,hyunju kim,김현주,8183400.0,16.051645228637607,9357093.05002218,0.14342364420927478,oil,canvas,9.69523261371567,1.2946428571428572,True,False
T4-E023,huber,val_cold,hyunju kim,김현주,8583600.0,16.051645228637607,9357093.05002218,0.09011289552427644,oil,canvas,9.69523261371567,1.2946428571428572,True,False
T4-E023,huber,val_cold,hyeyune choi,최혜윤,4981800.0,14.974446239767753,3186539.9781794148,0.36036372833525737,mixed_media,fabric,8.480321716640333,1.2950819672131149,True,False
T4-E023,huber,val_cold,hyeyune choi,최혜윤,1462800.0,14.868358821398571,2865802.063760564,0.9591209076842796,mixed_media,fabric,8.333270353255308,1.5384615384615383,True,False
T4-E023,huber,val_cold,hyeyune choi,최혜윤,2277000.0,15.008801058371915,3297915.164230383,0.44835975592023847,mixed_media,fabric,8.523423741166873,1.288,True,False
T4-E023,huber,val_cold,hyeyune choi,최혜윤,4388400.0,15.582169466862343,5851271.036837564,0.3333495207450469,mixed_media,fabric,9.23824732522919,1.2417582417582418,True,False
T4-E023,huber,val_cold,hyeyune choi,최혜윤,661020.0,13.696870508297694,888127.4249968213,0.34357118543587384,mixed_media,fabric,6.91263336176647,1.0,True,False
T4-E023,huber,val_cold,hyunju kim,김현주,1242000.0,14.017889385295234,1224311.7230141656,0.014241768909689496,oil,canvas,7.170596352834887,1.2861635220125784,True,False
T4-E023,huber,val_cold,hyunju kim,김현주,1242000.0,14.017889385295234,1224311.7230141656,0.014241768909689496,oil,canvas,7.170596352834887,1.2861635220125784,True,False
T4-E023,huber,val_cold,bareum kim,김바름,11237436.0,16.068781701254576,9518822.396356037,0.1529364530880499,oil,canvas,9.735068900911164,1.0,True,False
T4-E023,huber,val_cold,junsoo kim,김준수,772800.0,13.3614212825388,635026.0384954676,0.17827893569427067,mixed_media,canvas,6.340359303727752,1.2857142857142858,True,False
T4-E023,huber,val_cold,junsoo kim,김준수,772800.0,13.3614212825388,635026.0384954676,0.17827893569427067,mixed_media,canvas,6.340359303727752,1.2857142857142858,True,False
T4-E023,huber,val_cold,erica choi,최어이카,4554000.0,15.486508080450157,5317469.447825887,0.16764810009351938,acrylic,canvas,8.99961934066053,1.0,True,False
T4-E023,huber,val_cold,eunja cho,조은자,848700.0,14.027780765508755,1236481.9466940977,0.45691286284210875,mixed_media,canvas,7.167446743931991,1.2902208201892744,True,False
T4-E023,huber,val_cold,eunja cho,조은자,992220.0,14.027780765508755,1236481.9466940977,0.2461772053517342,mixed_media,canvas,7.167446743931991,1.2902208201892744,True,False
T4-E023,huber,val_cold,eunja cho,조은자,545100.0,13.646094574469465,844157.6746787442,0.5486290124357809,mixed_media,canvas,6.687769237483008,1.3817427385892114,True,False
T4-E023,huber,val_cold,eunja cho,조은자,545100.0,13.646094574469465,844157.6746787442,0.5486290124357809,mixed_media,canvas,6.687769237483008,1.3817427385892114,True,False
T4-E023,huber,val_cold,jeongrock heo,허정록,558900.0,14.017889385295234,1224311.7230141656,1.1905738468673568,oil,canvas,7.170596352834887,1.2861635220125784,True,False
T4-E023,huber,val_cold,eunja cho,조은자,1504200.0,14.027780765508755,1236481.9466940977,0.17798035720376432,mixed_media,canvas,7.167446743931991,1.2902208201892744,True,False
T4-E023,huber,val_cold,eunja cho,조은자,1545600.0,14.438725288561576,1864913.610541244,0.20659524491540115,mixed_media,canvas,7.677641253760972,1.2909535452322738,True,False
T4-E023,huber,val_cold,eunja cho,조은자,3146400.0,15.086205294825369,3563327.2774258666,0.1325093050552589,mixed_media,canvas,8.47844612607412,1.340567612687813,True,False
T4-E023,huber,val_cold,eunja cho,조은자,1269600.0,13.80783263683331,992351.4788138793,0.21837470162737924,mixed_media,canvas,6.91263336176647,1.0,True,False
T4-E023,huber,val_cold,eunja cho,조은자,821100.0,13.113542179430828,495608.79732187866,0.3964087232713693,mixed_media,canvas,6.050582151591071,1.0,True,False
T4-E023,huber,val_cold,erica choi,최어이카,7424400.0,15.802349401520532,7292444.728868066,0.017773189905168588,acrylic,canvas,9.362960166310268,1.4574944071588367,True,False
T4-E023,huber,val_cold,jeongrock heo,허정록,717600.0,14.240720029403374,1529910.8587300628,1.1319828020207119,oil,canvas,7.452663438045286,1.200527704485488,True,False
T4-E023,huber,val_cold,erica choi,최어이카,485760.0,13.217284108834669,549785.8450981542,0.13180551115397346,acrylic,canvas,6.182084906716632,1.0,True,False
T4-E023,huber,val_cold,jeongrock heo,허정록,442980.0,13.6395422663833,838644.57500908,0.8931883493816425,oil,canvas,6.694908533145296,1.3801652892561984,True,False
T4-E023,huber,val_cold,taerin kim,김태린,2539200.0,15.008371490179652,3296498.7890116973,0.29824306435558334,mixed_media,canvas,8.390908619896203,1.1960461285008237,True,False
T4-E023,huber,val_cold,jeongrock heo,허정록,471960.0,14.017889385295234,1224311.7230141656,1.594100608132396,oil,canvas,7.170596352834887,1.2861635220125784,True,False
T4-E023,huber,val_cold,hyeyune choi,최혜윤,2325300.0,14.186069876832832,1448544.5864451043,0.377050450933168,mixed_media,fabric,7.495541943884256,1.3888888888888888,True,False
T4-E023,huber,val_cold,hyunju kim,김현주,1035000.0,14.644171655480035,2290250.2647588234,1.2128021881727762,acrylic,canvas,7.932753750305,1.3333333333333337,True,False
T4-E023,huber,val_cold,hyunju kim,김현주,538200.0,13.81035541500439,994858.1219855648,0.8484914938416291,acrylic,canvas,6.901280764474519,1.2727272727272727,True,False
T4-E023,huber,val_cold,hyunju kim,김현주,538200.0,13.81035541500439,994858.1219855648,0.8484914938416291,acrylic,canvas,6.901280764474519,1.2727272727272727,True,False
T4-E023,huber,val_cold,hyunju kim,김현주,193200.0,12.623537344967223,303621.5625784356,0.5715401789774098,acrylic,canvas,5.419676223550304,1.4,True,False
T4-E023,huber,val_cold,hyunju kim,김현주,524400.0,12.613484656666436,300584.6398422994,0.4268027462961491,oil,canvas,5.419676223550304,1.4,True,False
T4-E023,huber,val_cold,hyunju kim,김현주,600300.0,13.742446231947705,929541.0344306245,0.5484608269708886,acrylic,canvas,6.834141461636891,1.0,True,False
T4-E023,huber,val_cold,hyunju kim,김현주,655500.0,13.744615769203989,931559.8975435552,0.4211440084569874,mixed_media,canvas,6.834141461636891,1.0,True,False
T4-E023,huber,val_cold,hyunju kim,김현주,538200.0,13.527659162120647,749873.018206913,0.39329806430121333,acrylic,canvas,6.54645938918511,1.3333333333333337,True,False
T4-E023,huber,val_cold,hyunju kim,김현주,1738800.0,14.917201805238772,3009251.1104037976,0.7306482116423957,acrylic,canvas,8.261257817277038,1.5000000000000002,True,False
T4-E023,huber,val_cold,hyunju kim,김현주,1035000.0,14.634118967179248,2267342.4283014205,1.190669012851614,oil,canvas,7.932753750305,1.3333333333333337,True,False
T4-E023,huber,val_cold,hyunju kim,김현주,883200.0,14.388189121820705,1773009.8167103871,1.0074839410217244,oil,canvas,7.6326491578546625,1.25,True,False
T4-E023,huber,val_cold,hyunju kim,김현주,1738800.0,15.041307062022627,3406878.595011159,0.9593274643496428,oil,canvas,8.44357937407099,1.25,True,False
T4-E023,huber,val_cold,hyunju kim,김현주,1738800.0,14.919371342495058,3015786.880035599,0.7344069933492059,mixed_media,canvas,8.261257817277038,1.5000000000000002,True,False
T4-E023,huber,val_cold,hyunju kim,김현주,1738800.0,15.041307062022627,3406878.595011159,0.9593274643496428,oil,canvas,8.44357937407099,1.25,True,False
T4-E023,huber,val_cold,hyunju kim,김현주,966000.0,14.265196438878743,1567819.6260658428,0.6230016832979739,acrylic,panel,7.409505606540453,1.0,True,False
T4-E023,huber,val_cold,hyunju kim,김현주,800400.0,13.742446231947705,929541.0344306245,0.16134562022816648,acrylic,canvas,6.834141461636891,1.0,True,False
T4-E023,huber,val_cold,hyunju kim,김현주,1311000.0,14.547712377032859,2079654.5934215763,0.5863116654626822,oil,canvas,7.814970714648617,1.5,True,False
T4-E023,huber,val_cold,hyunju kim,김현주,2290800.0,15.041307062022627,3406878.595011159,0.48720036450635534,oil,canvas,8.44357937407099,1.25,True,False
T4-E023,huber,val_cold,hyunju kim,김현주,2263200.0,15.17602789966772,3898209.4865581794,0.7224326115933984,oil,canvas,8.59773005389825,1.4583333333333337,True,False
T4-E023,huber,val_cold,hyunju kim,김현주,1738800.0,14.848906037006309,2810592.960460681,0.6163980678977922,oil,canvas,8.220435822756782,1.0,True,False
T4-E023,huber,val_cold,hyunju kim,김현주,1449000.0,14.722264249209701,2476270.731783692,0.7089515057168335,acrylic,canvas,8.038114265962827,1.2000000000000002,True,False
T4-E023,huber,val_cold,hyunju kim,김현주,2014800.0,15.100662715796197,3615217.9991024695,0.794330950517406,oil,panel,8.44357937407099,1.25,True,False
T4-E023,huber,val_cold,hyunju kim,김현주,1159200.0,14.388189121820705,1773009.8167103871,0.5295115741117902,oil,canvas,7.6326491578546625,1.25,True,False
T4-E023,huber,val_cold,hyunju kim,김현주,1186800.0,14.38551148384884,1768268.6886456632,0.4899466537290725,oil,canvas,7.6450716778532195,1.0,True,False
T4-E023,huber,val_cold,hyunju kim,김현주,1449000.0,14.555224836709513,2095336.7467136795,0.4460571060825946,oil,canvas,7.855792709168872,1.0,True,False
T4-E023,huber,val_cold,hyunju kim,김현주,6679200.0,16.259059100268697,11513825.63388927,0.7238330389701265,oil,canvas,9.955823921482216,1.2460592079969242,True,False
T4-E023,huber,val_cold,hyunju kim,김현주,4319400.0,15.750327894058819,6922779.397956722,0.6027178307072099,oil,canvas,9.339667398627627,1.0,True,False
T4-E023,huber,val_cold,hyunju kim,김현주,6706800.0,16.259059100268697,11513825.63388927,0.7167390758467926,oil,canvas,9.955823921482216,1.2460592079969242,True,False
T4-E023,huber,val_cold,hyunju kim,김현주,9991200.0,16.71195648002398,18109667.687525917,0.8125618231569698,oil,canvas,10.533653398913332,1.0,True,False
T4-E023,huber,val_cold,hyunju kim,김현주,1932000.0,14.530944366103355,2045073.6594541757,0.05852673884791705,oil,canvas,7.825645371197421,1.0,True,False
T4-E023,huber,val_cold,lee k,이크,8790600.0,15.735828380758491,6823126.669904236,0.22381559052803726,mixed_media,canvas,9.285495041864944,1.3332962633451957,True,False
T4-E023,huber,val_cold,lee k,이크,8790600.0,15.72360615520142,6740240.435677572,0.23324455262694557,oil,canvas,9.285495041864944,1.3332962633451957,True,False
T4-E023,huber,val_cold,junsoo kim,김준수,8293800.0,16.04873580674289,9329908.882912591,0.12492571353451869,oil,canvas,9.691569063813702,1.2954545454545454,True,False
T4-E023,huber,val_cold,hyunju kim,김현주,7079400.0,16.04873580674289,9329908.882912591,0.31789542657747705,oil,canvas,9.691569063813702,1.2954545454545454,True,False
T4-E023,huber,val_cold,hyunju kim,김현주,1145400.0,13.981001026977328,1179971.71637084,0.03018309443935751,oil,canvas,7.121823534088672,1.3333333333333333,True,False
T4-E023,huber,val_cold,hyunju kim,김현주,2056200.0,14.37667942401319,1752719.9983368248,0.14759264743856396,oil,canvas,7.6341055356738385,1.0,True,False
T4-E023,huber,val_cold,hyunju kim,김현주,2049300.0,14.509814989649826,2002315.8419981382,0.022926930172186485,oil,canvas,7.789615050102834,1.155511811023622,True,False
T4-E023,huber,val_cold,hyunju kim,김현주,1173000.0,14.009149135226725,1213657.5602409567,0.03466117667600743,oil,canvas,7.160084747490922,1.280757097791798,True,False
T4-E023,huber,val_cold,hyunju kim,김현주,2704800.0,14.993691780145543,3248460.5986718545,0.20099844671393613,oil,canvas,8.387608286867547,1.2,True,False
T4-E023,huber,val_cold,hyunju kim,김현주,1173000.0,14.009149135226725,1213657.5602409567,0.03466117667600743,oil,canvas,7.160084747490922,1.280757097791798,True,False
T4-E023,huber,val_cold,hyunju kim,김현주,5409600.0,15.612596794191004,6032045.876677585,0.11506319814359377,oil,canvas,9.139917907679637,1.45625,True,False
T4-E023,huber,val_cold,hyunju kim,김현주,1173000.0,14.02001568946426,1226917.751758032,0.045965687773258324,oil,canvas,7.173038356490439,1.2893081761006289,True,False
T4-E023,huber,val_cold,hyunju kim,김현주,676200.0,13.73239354364692,920243.4592595458,0.3609042579999198,oil,canvas,6.834141461636891,1.0,True,False
T4-E023,huber,val_cold,hyunju kim,김현주,952200.0,14.398241810121492,1790923.2198256804,0.8808267378971648,acrylic,canvas,7.6326491578546625,1.25,True,False
T4-E023,huber,val_cold,hyunju kim,김현주,1380000.0,14.637060099808886,2274020.7992731137,0.6478411588935606,oil,canvas,7.951102888973197,1.1,True,False
T4-E023,huber,val_cold,hyunju kim,김현주,1242000.0,14.644171655480035,2290250.2647588234,0.8440018234773136,acrylic,canvas,7.932753750305,1.3333333333333337,True,False
T4-E023,huber,val_cold,hyunju kim,김현주,772800.0,13.800302726703602,984907.2238206587,0.27446586933315054,oil,canvas,6.901280764474519,1.2727272727272727,True,False
T4-E023,huber,val_cold,hyunju kim,김현주,814200.0,13.73239354364692,920243.4592595458,0.13024251935586562,oil,canvas,6.834141461636891,1.0,True,False
T4-E023,huber,val_cold,eunju park,박은주,6624000.0,15.67569500969252,6424921.750060738,0.030054083626096306,mixed_media,panel,9.092716613634494,2.0384615384615383,True,False
T4-E023,huber,val_cold,hyeyune choi,최혜윤,3036000.0,15.76363281802078,7015501.916667076,1.3107713823014084,mixed_media,fabric,9.367344120785848,2.769230769230769,True,False
T4-E023,huber,val_cold,hyeyune choi,최혜윤,29449200.0,15.696425586058995,6559504.247643466,0.7772603585957015,mixed_media,fabric,9.367344120785848,1.4444444444444444,True,False
T4-E023,huber,val_cold,hyeyune choi,최혜윤,4678200.0,15.475999997857118,5261885.591023481,0.12476713073906234,mixed_media,fabric,9.106090350602384,1.2470588235294118,True,False
T4-E023,huber,val_cold,eunja cho,조은자,4567800.0,15.005914005702612,3288407.640417183,0.28008939961968937,mixed_media,canvas,8.387608286867547,1.2,True,False
T4-E023,huber,val_cold,eunsil kim,김은실,2297700.0,14.030111610852305,1239367.3562973721,0.46060523292972444,mixed_media,canvas,7.170596352834887,1.2861635220125784,True,False
T4-E023,huber,val_cold,erica choi,최어이카,1380000.0,14.559241689749706,2103770.3333943607,0.52447125608287,acrylic,canvas,7.835974581721566,1.1956521739130437,True,False
T4-E023,huber,val_cold,erica choi,최어이카,4719600.0,15.335296138874963,4571244.927877453,0.0314338232313219,acrylic,canvas,8.796101385722906,1.250343878954608,True,False
T4-E023,huber,val_cold,siho im,임시호,5892600.0,15.711155799648244,6656842.2913165325,0.12969526038022816,oil,canvas,9.273033441314606,1.2857142857142858,True,False
T4-E023,huber,val_cold,kipum bae,배킵우므,1807800.0,15.280587019641896,4327874.144167478,1.3940005222742993,mixed_media,unknown,8.356567997081362,1.3636363636363635,True,False
T4-E023,huber,val_cold,kipum bae,배킵우므,1697400.0,14.937712480662245,3071610.210702549,0.8095971548854419,mixed_media,unknown,7.932753750305,1.3333333333333337,True,False
T4-E023,huber,val_cold,kipum bae,배킵우므,1725000.0,14.937712480662245,3071610.210702549,0.7806436004072749,mixed_media,unknown,7.932753750305,1.3333333333333337,True,False
T4-E023,huber,val_cold,kipum bae,배킵우므,1600800.0,14.691782635303701,2401928.7905988414,0.5004552664910303,mixed_media,unknown,7.6326491578546625,1.25,True,False
T4-E023,huber,val_cold,kipum bae,배킵우므,1373100.0,14.284594540460324,1598529.2415932547,0.1641753998931285,mixed_media,unknown,7.121823534088672,1.3333333333333333,True,False
T4-E023,huber,val_cold,kipum bae,배킵우므,1338600.0,14.284594540460324,1598529.2415932547,0.19417992050893076,mixed_media,unknown,7.121823534088672,1.3333333333333333,True,False
T4-E023,huber,val_cold,kipum bae,배킵우므,1145400.0,13.575270141944312,786438.765858674,0.31339377871601715,mixed_media,unknown,6.246354796734772,1.25,True,False
T4-E023,huber,val_cold,kipum bae,배킵우므,772800.0,13.575270141944312,786438.765858674,0.017648506545903154,mixed_media,unknown,6.246354796734772,1.25,True,False
T4-E023,huber,val_cold,kipum bae,배킵우므,1725000.0,14.937712480662245,3071610.210702549,0.7806436004072749,mixed_media,unknown,7.932753750305,1.3333333333333337,True,False
T4-E023,huber,val_cold,kipum bae,배킵우므,1414500.0,14.284594540460324,1598529.2415932547,0.13010197355479303,mixed_media,unknown,7.121823534088672,1.3333333333333333,True,False
T4-E023,huber,val_cold,park sungsu,박성수,28359000.0,16.55158784918678,15426353.162423832,0.45603324650291505,oil,unknown,9.957435819363184,1.2432847275518035,True,False
T4-E023,huber,val_cold,jin choul chai,진초우르차이,1090200.0,13.539789243699255,759024.4305701848,0.3037750590990783,oil,canvas,6.579251212010101,1.25,True,False
T4-E023,huber,val_cold,jin choul chai,진초우르차이,1393800.0,14.233115032676343,1518320.0216596576,0.08933851460730205,oil,canvas,7.444248649496705,1.1842105263157894,True,False
T4-E023,huber,val_cold,hyunju kim,김현주,2428800.0,14.88242288402984,2906391.641614579,0.19663687484131223,oil,canvas,8.241055109959518,1.3333333333333333,True,False
T4-E023,huber,val_cold,hyunju kim,김현주,1048800.0,13.800302726703602,984907.2238206587,0.06091988575452064,oil,canvas,6.901280764474519,1.2727272727272727,True,False
T4-E023,huber,val_cold,hyunju kim,김현주,1449000.0,14.644171655480035,2290250.2647588234,0.580572991551983,acrylic,canvas,7.932753750305,1.3333333333333337,True,False
T4-E023,huber,val_cold,etaehoon art,에태훈아트,1683600.0,14.519043321060336,2020879.399765786,0.200332264056656,acrylic,canvas,7.788004239509027,1.164835164835165,True,False
T4-E023,huber,val_cold,etaehoon art,에태훈아트,717600.0,13.649594954684087,847117.725129853,0.18048735385988435,acrylic,canvas,6.694908533145296,1.3801652892561984,True,False
T4-E023,huber,val_cold,etaehoon art,에태훈아트,1035000.0,14.027942073596021,1236681.417319538,0.19486127277250057,acrylic,canvas,7.170596352834887,1.2861635220125784,True,False
T4-E023,huber,val_cold,etaehoon art,에태훈아트,717600.0,13.649594954684087,847117.725129853,0.18048735385988435,acrylic,canvas,6.694908533145296,1.3801652892561984,True,False
T4-E023,huber,val_cold,etaehoon art,에태훈아트,717600.0,13.649594954684087,847117.725129853,0.18048735385988435,acrylic,canvas,6.694908533145296,1.3801652892561984,True,False
T4-E023,huber,val_cold,etaehoon art,에태훈아트,2001000.0,14.635442138266015,2270344.4959328976,0.13460494549370192,acrylic,canvas,7.922007219032173,1.3318681318681318,True,False
T4-E023,huber,val_cold,etaehoon art,에태훈아트,2470200.0,14.767574180190481,2591051.0966982204,0.04892360808769345,acrylic,canvas,8.08794755464267,1.3019999999999998,True,False
T4-E023,huber,val_cold,etaehoon art,에태훈아트,1035000.0,14.027942073596021,1236681.417319538,0.19486127277250057,acrylic,canvas,7.170596352834887,1.2861635220125784,True,False
T4-E023,huber,val_cold,etaehoon art,에태훈아트,1035000.0,14.027942073596021,1236681.417319538,0.19486127277250057,acrylic,canvas,7.170596352834887,1.2861635220125784,True,False
T4-E023,huber,val_cold,etaehoon art,에태훈아트,3256800.0,15.00616644978963,3289237.8842723765,0.009960047983412105,acrylic,canvas,8.390636277614743,1.1996699669966997,True,False
T4-E023,huber,val_cold,etaehoon art,에태훈아트,1683600.0,14.519043321060336,2020879.399765786,0.200332264056656,acrylic,canvas,7.788004239509027,1.164835164835165,True,False
T4-E023,huber,val_cold,etaehoon art,에태훈아트,1035000.0,14.027942073596021,1236681.417319538,0.19486127277250057,acrylic,canvas,7.170596352834887,1.2861635220125784,True,False
T4-E023,huber,val_cold,etaehoon art,에태훈아트,3256800.0,15.00616644978963,3289237.8842723765,0.009960047983412105,acrylic,canvas,8.390636277614743,1.1996699669966997,True,False
T4-E023,huber,val_cold,etaehoon art,에태훈아트,1338600.0,14.083352437469832,1307140.4379810945,0.023501839249145028,oil,canvas,7.269902224176762,1.0,True,False
T4-E023,huber,val_cold,da rye choi,최다르예,12972000.0,16.249383506498404,11402959.745872185,0.12095592461669868,oil,paper,9.956668065006854,1.2442396313364057,True,False
T4-E023,huber,val_cold,da rye choi,최다르예,12972000.0,16.30505892314043,12055830.058037,0.07062673003106693,ink,paper,9.956668065006854,1.2442396313364057,True,False
T4-E023,huber,val_cold,da rye choi,최다르예,10384500.0,16.110319562963216,9922540.675624358,0.04448546625987216,ink,canvas,9.698674957906642,1.2991071428571428,True,False
T4-E023,huber,val_cold,da rye choi,최다르예,10384500.0,16.10005640972198,9821224.91901298,0.05424190678289946,ink,paper,9.698674957906642,1.2991071428571428,True,False
T4-E023,huber,val_cold,sangho lee,이상호,138165600.0,14.348143690478539,1703411.7173702004,0.987671231353027,oil,canvas,7.562681246721884,1.5714285714285714,True,False
T4-E023,huber,val_cold,da rye choi,최다르예,5216400.0,15.534808446763263,5580608.880441792,0.0698199678785738,ink,canvas,8.987196820661973,1.25,True,False
T4-E023,huber,val_cold,da rye choi,최다르예,12972000.0,16.30505892314043,12055830.058037,0.07062673003106693,ink,paper,9.956668065006854,1.2442396313364057,True,False
T4-E023,huber,val_cold,da rye choi,최다르예,7845300.0,15.897628067058493,8021436.408088006,0.022451201112514,ink,paper,9.444550462634185,1.343298969072165,True,False
T4-E023,huber,val_cold,hyunju kim,김현주,1018440.0,13.465919466948534,704976.3019319664,0.3077880857664993,mixed_media,fabric,6.601230118728877,1.391304347826087,True,False
T4-E023,huber,val_cold,hyunju kim,김현주,1435200.0,14.38551148384884,1768268.6886456632,0.23207127135288685,oil,canvas,7.6450716778532195,1.0,True,False
T4-E023,huber,val_cold,hyunju kim,김현주,5837400.0,15.408886880989723,4920333.550510448,0.15710186889532182,mixed_media,fabric,9.017058974945886,1.3375796178343948,True,False
T4-E023,huber,val_cold,hyunju kim,김현주,3960600.0,15.154204519365678,3814058.942862651,0.036999711442041394,mixed_media,fabric,8.704170559746386,1.284671532846715,True,False
T4-E023,huber,val_cold,hyunju kim,김현주,1385520.0,14.410250729781001,1812559.9296176906,0.3082163589249456,mixed_media,fabric,7.788004239509027,1.164835164835165,True,False
T4-E023,huber,val_cold,hyunju kim,김현주,5210880.0,15.309696342176808,4455707.1683764495,0.1449223224529351,mixed_media,fabric,8.891511570527564,1.3755158184319118,True,False
T4-E023,huber,val_cold,hyunju kim,김현주,2677200.0,14.798175821883833,2671567.1930875876,0.0021039918244480805,mixed_media,fabric,8.256633298091595,1.3716981132075472,True,False
T4-E023,huber,val_cold,hyunju kim,김현주,1407600.0,14.474369539757063,1932585.9601172996,0.37296530272612927,ink,fabric,7.824046010856292,1.0,True,False
T4-E023,huber,val_cold,hyunju kim,김현주,1449000.0,14.43091634867211,1850407.3253275838,0.27702368897693846,mixed_media,fabric,7.824046010856292,1.0,True,False
T4-E023,huber,val_cold,hyunju kim,김현주,710700.0,13.340726117341024,622019.1240694473,0.12477961999514946,mixed_media,fabric,6.4256790685021326,1.7105263157894737,True,False
T4-E023,huber,val_cold,kim jisu,김지수,2139000.0,14.861128262563378,2845155.4465707336,0.3301334486071686,mixed_media,canvas,8.220435822756782,1.0,True,False
T4-E023,huber,val_cold,kim jisu,김지수,3850200.0,15.837483957773713,7553215.750584691,0.961772310681183,mixed_media,canvas,9.432707429897413,1.0,True,False
T4-E023,huber,val_cold,kim jisu,김지수,4278000.0,15.676495705759658,6430068.219741742,0.5030547498227541,mixed_media,canvas,9.16749821329769,2.0370370370370368,True,False
T4-E023,huber,val_cold,hyunju kim,김현주,4609200.0,15.707530221206703,6632751.0860830955,0.4390243612954733,oil,canvas,9.26875348668302,1.2821950951281205,True,False
T4-E023,huber,val_cold,hyunju kim,김현주,814200.0,13.73239354364692,920243.4592595458,0.13024251935586562,oil,canvas,6.834141461636891,1.0,True,False
T4-E023,huber,val_cold,byung taek jeon,전병택,15373200.0,16.07224735781226,9551868.59592865,0.3786675125589565,oil,canvas,9.739371960816063,1.0,True,False
T4-E023,huber,val_cold,youkyoung min,민유경,12640800.0,15.695637671116057,6554337.951796604,0.481493421951411,painting_material,canvas,9.271322576910975,1.2835164835164834,True,False
T4-E023,huber,val_cold,byung taek jeon,전병택,1366200.0,14.377387773645212,1753961.976728222,0.28382519157387065,oil,canvas,7.634985043163826,1.0,True,False
T4-E023,huber,val_cold,byung taek jeon,전병택,5533800.0,15.408436245155356,4918116.771413112,0.1112586700977426,oil,canvas,8.891511570527564,1.3755158184319118,True,False
T4-E023,huber,val_cold,byung taek jeon,전병택,7548600.0,15.708920792145522,6641980.812795406,0.12010428254306676,oil,canvas,9.27046604580936,1.2824175824175823,True,False
T4-E023,huber,val_cold,hyunju kim,김현주,2495040.0,14.712211560908916,2451502.257429245,0.01744971726736047,oil,canvas,8.038114265962827,1.2000000000000002,True,False
T4-E023,huber,val_cold,hyunju kim,김현주,2495040.0,14.712211560908916,2451502.257429245,0.01744971726736047,oil,canvas,8.038114265962827,1.2000000000000002,True,False
T4-E023,huber,val_cold,youkyoung min,민유경,1642200.0,14.731220080394904,2498547.3985649133,0.5214635236663703,acrylic,unknown,7.681421976600878,1.2958435207823962,True,False
T4-E023,huber,val_cold,youkyoung min,민유경,1642200.0,14.731220080394904,2498547.3985649133,0.5214635236663703,acrylic,unknown,7.681421976600878,1.2958435207823962,True,False
T4-E023,huber,val_cold,youkyoung min,민유경,10087800.0,15.687004549454318,6497997.103472542,0.3558558750696344,acrylic,panel,9.146232691346842,1.4545454545454546,True,False
T4-E023,huber,val_cold,youkyoung min,민유경,14531400.0,16.271340816692902,11656107.117217397,0.1978675752358756,acrylic,canvas,9.958669625812112,1.244819646968534,True,False
T4-E023,huber,val_cold,youkyoung min,민유경,7341600.0,15.681694493940071,6463583.827187105,0.11959466230970019,acrylic,canvas,9.227571067237848,1.2285714285714286,True,False
T4-E023,huber,val_cold,bareum kim,김바름,1516620.0,14.377741831683183,1754583.0910131417,0.15690356912947323,oil,canvas,7.63542465191381,1.0,True,False
T4-E023,huber,val_cold,bareum kim,김바름,3007020.0,14.994921453449791,3252457.6009497885,0.08162153924808896,oil,canvas,8.38925981490602,1.198019801980198,True,False
T4-E023,huber,val_cold,bareum kim,김바름,3007020.0,14.99674898921074,3258407.018257072,0.0836000486385432,oil,canvas,8.391624163435381,1.1965079887992094,True,False
T4-E023,huber,val_cold,bareum kim,김바름,1516620.0,14.37667942401319,1752719.9983368248,0.15567511857737917,oil,canvas,7.6341055356738385,1.0,True,False
T4-E023,huber,val_cold,bareum kim,김바름,1516620.0,14.37667942401319,1752719.9983368248,0.15567511857737917,oil,canvas,7.6341055356738385,1.0,True,False
T4-E023,huber,val_cold,bareum kim,김바름,4428420.0,15.138643118585376,3755166.2578263297,0.15203023700861037,oil,canvas,8.517193191416238,2.0,True,False
T4-E023,huber,val_cold,bareum kim,김바름,959100.0,14.017889385295234,1224311.7230141656,0.2765214503327762,oil,canvas,7.170596352834887,1.2861635220125784,True,False
T4-E023,huber,val_cold,bareum kim,김바름,2993220.0,14.89691572486238,2948820.2257844238,0.01483344833175518,oil,canvas,8.256633298091595,1.3716981132075472,True,False
T4-E023,huber,val_cold,bareum kim,김바름,959100.0,14.017889385295234,1224311.7230141656,0.2765214503327762,oil,canvas,7.170596352834887,1.2861635220125784,True,False
T4-E023,huber,val_cold,bareum kim,김바름,4469820.0,15.325243450574177,4525521.832534614,0.012461761890772787,oil,canvas,8.796101385722906,1.250343878954608,True,False
T4-E023,huber,val_cold,bareum kim,김바름,1516620.0,14.37667942401319,1752719.9983368248,0.15567511857737917,oil,canvas,7.6341055356738385,1.0,True,False
T4-E023,huber,val_cold,bareum kim,김바름,14484480.0,16.04527303500422,9297657.410079526,0.35809518808548696,oil,canvas,9.663541120184696,1.672164948453608,True,False
T4-E023,huber,val_cold,bareum kim,김바름,4469820.0,15.325243450574177,4525521.832534614,0.012461761890772787,oil,canvas,8.796101385722906,1.250343878954608,True,False
T4-E023,huber,val_cold,bareum kim,김바름,4456020.0,15.243719569573283,4171221.888061982,0.06391311348199018,oil,canvas,8.685684550397957,1.3963133640552998,True,False
T4-E023,huber,val_cold,bareum kim,김바름,3007020.0,14.968929765724702,3169009.9096421557,0.053870579391608886,oil,canvas,8.306472160100585,2.0,True,False
T4-E023,huber,val_cold,bareum kim,김바름,2993220.0,14.96749731828725,3164473.719220655,0.05721387643429318,oil,canvas,8.304693591730816,2.0,True,False
T4-E023,huber,val_cold,bareum kim,김바름,21321234.0,16.305721887877336,12063825.298227942,0.4341872849278826,oil,canvas,9.9836347162924,1.7243532560214097,True,False
T4-E023,huber,val_cold,bareum kim,김바름,14622480.0,16.261288128392117,11539518.8999034,0.2108370878330215,oil,canvas,9.958669625812112,1.244819646968534,True,False
T4-E023,huber,val_cold,bareum kim,김바름,14622480.0,16.26187696816864,11546315.82858819,0.21037226047919438,oil,canvas,9.95934757104778,1.245663852647736,True,False
T4-E023,huber,val_cold,byung taek jeon,전병택,15732000.0,16.04527303500422,9297657.410079526,0.408997113521515,oil,canvas,9.663541120184696,1.672164948453608,True,False
T4-E023,huber,val_cold,byung taek jeon,전병택,15773400.0,16.0749651523691,9577863.921382327,0.3927838055598459,oil,canvas,9.742746453525497,1.0,True,False
T4-E023,huber,val_cold,byung taek jeon,전병택,17250000.0,16.308309593278217,12095083.349979557,0.29883574782727207,oil,canvas,9.986357030358423,1.7321428571428572,True,False
T4-E023,huber,val_cold,byung taek jeon,전병택,1338600.0,13.706824958588061,897012.3944254041,0.32988764797145964,oil,canvas,6.802394763324311,1.0,True,False
T4-E023,huber,val_cold,byung taek jeon,전병택,1352400.0,13.622892772305004,824797.1632043509,0.39012336349870536,oil,canvas,6.674561391814426,1.375,True,False
T4-E023,huber,val_cold,byung taek jeon,전병택,1338600.0,13.383701199552233,649333.1547898886,0.5149162148588909,oil,canvas,6.386879319362645,1.2272727272727273,True,False
T4-E023,huber,val_cold,youkyoung min,민유경,2332200.0,14.519043321060336,2020879.399765786,0.13348795139105307,acrylic,canvas,7.788004239509027,1.164835164835165,True,False
T4-E023,huber,val_cold,ul o,오우르,5935380.0,14.258869696052233,1557931.7465112712,0.7375177753553654,acrylic,canvas,7.4627501210592655,1.2,True,False
T4-E023,huber,val_cold,hyekyung lee,이혜경,17912400.0,16.569656125384356,15707614.070244461,0.12308713124737827,ceramic,canvas,9.69523261371567,1.2946428571428572,True,False
T4-E023,huber,val_cold,sori choi,최소리,55641600.0,16.231221233232766,11197725.47702444,0.7987526333350509,oil,unknown,9.574983485564092,1.0,True,False
T4-E023,huber,val_cold,sori choi,최소리,69441600.0,16.231221233232766,11197725.47702444,0.8387461481730772,oil,unknown,9.574983485564092,1.0,True,False
T4-E023,huber,val_cold,sori choi,최소리,20989800.0,15.723695606808095,6740843.387981041,0.6788514712869564,oil,unknown,8.881836305004146,2.0,True,False
T4-E023,huber,val_cold,dallrye kang,강달예,2097600.0,14.426816837375686,1842837.0873346129,0.12145447781530662,oil,canvas,7.677964745552775,1.2920029347028612,True,False
T4-E023,huber,val_cold,dallrye kang,강달예,2097600.0,14.426816837375686,1842837.0873346129,0.12145447781530662,oil,canvas,7.677964745552775,1.2920029347028612,True,False
T4-E023,huber,val_cold,dallrye kang,강달예,3995100.0,15.240693125105562,4158617.0002727397,0.04092938856918217,oil,canvas,8.682031740515088,1.3946478006767151,True,False
T4-E023,huber,val_cold,dallrye kang,강달예,2097600.0,14.426816837375686,1842837.0873346129,0.12145447781530662,oil,canvas,7.677964745552775,1.2920029347028612,True,False
T4-E023,huber,val_cold,dallrye kang,강달예,2263200.0,14.689836972386992,2397259.9902511006,0.059234707604763445,oil,canvas,8.009429874000247,1.2143431096826034,True,False
T4-E023,huber,val_cold,dallrye kang,강달예,2967000.0,14.893829568272405,2939733.7331933836,0.00918984388493982,oil,canvas,8.252594945469262,1.3749763392012115,True,False
T4-E023,huber,val_cold,dallrye kang,강달예,2097600.0,14.505721259220044,1994135.6558682127,0.04932510685153857,oil,canvas,7.784131979013144,1.16186496591159,True,False
T4-E023,huber,val_cold,dallrye kang,강달예,3995100.0,15.240693125105562,4158617.0002727397,0.04092938856918217,oil,canvas,8.682031740515088,1.3946478006767151,True,False
T4-E023,huber,val_cold,dallrye kang,강달예,3995100.0,15.240693125105562,4158617.0002727397,0.04092938856918217,oil,canvas,8.682031740515088,1.3946478006767151,True,False
T4-E023,huber,val_cold,sonkyong kim,김선경,1159200.0,14.021974761780095,1229323.7283308508,0.060493209395143924,mixed_media,paper,7.173038356490439,1.2893081761006289,True,False
T4-E023,huber,val_cold,junsoo kim,김준수,828000.0,13.810649357613354,995150.5961606958,0.2018727006771688,oil,canvas,6.888208682907167,1.6842105263157896,True,False
T4-E023,huber,val_cold,junsoo kim,김준수,828000.0,13.73239354364692,920243.4592595458,0.11140514403326784,oil,canvas,6.834141461636891,1.0,True,False
T4-E023,huber,val_cold,dagyeong yun,윤다그영,6734400.0,16.16259318333118,10455023.967971822,0.5524803943887833,mixed_media,canvas,9.808221471759428,1.446922390722569,True,False
T4-E023,huber,val_cold,dagyeong yun,윤다그영,2111400.0,15.203511821687727,4006833.440764051,0.897714047913257,mixed_media,canvas,8.614054894258702,1.5,True,False
T4-E023,huber,val_cold,dagyeong yun,윤다그영,3443100.0,15.70794004862454,6635469.926423463,0.9271789743032335,mixed_media,canvas,9.25246455827658,1.3079507278835387,True,False
T4-E023,huber,val_cold,dagyeong yun,윤다그영,2125200.0,15.255941795130353,4222516.3304078635,0.9868795080029472,mixed_media,canvas,8.685684550397957,1.3963133640552998,True,False
T4-E023,huber,val_cold,dagyeong yun,윤다그영,6706800.0,16.084716845176136,9671721.197973112,0.4420768768970465,mixed_media,canvas,9.7396789682616,1.0,True,False
T4-E023,huber,val_cold,dagyeong yun,윤다그영,1440720.0,14.90913795041945,2985082.5232883682,1.0719380055030598,mixed_media,canvas,8.256633298091595,1.3716981132075472,True,False
T4-E023,huber,val_cold,dagyeong yun,윤다그영,841800.0,13.687769976543564,880081.659066991,0.04547595517580298,mixed_media,canvas,6.735970019943069,1.4380165289256197,True,False
T4-E023,huber,val_cold,dagyeong yun,윤다그영,418140.0,13.687769976543564,880081.659066991,1.104753573126204,mixed_media,canvas,6.735970019943069,1.4380165289256197,True,False
T4-E023,huber,val_cold,byung taek jeon,전병택,1407600.0,13.706824958588061,897012.3944254041,0.362736292678741,oil,canvas,6.802394763324311,1.0,True,False
T4-E023,huber,val_cold,dagyeong yun,윤다그영,3933000.0,15.62981843293703,6136827.255490548,0.5603425516121403,mixed_media,canvas,9.146232691346842,1.4545454545454546,True,False
T4-E023,huber,val_cold,dallrye kang,강달예,2346000.0,15.271756052230216,4289823.0897364095,0.8285690919592539,oil,canvas,8.666722925385201,2.25,True,False
T4-E023,huber,val_cold,dallrye kang,강달예,680340.0,13.846815600964144,1031800.1993143286,0.5165949368173687,oil,canvas,6.938517240632178,1.5984251968503935,True,False
T4-E023,huber,val_cold,dallrye kang,강달예,1407600.0,15.724989025470606,6749567.761537637,3.795089344655894,acrylic,canvas,9.28212135307077,1.2159574468085106,True,False
T4-E023,huber,val_cold,dallrye kang,강달예,2221800.0,14.289702842998521,1606715.9047491509,0.27684044254696605,oil,canvas,7.49911776523014,1.4285714285714284,True,False
T4-E023,huber,val_cold,dallrye kang,강달예,2760000.0,16.255248164624955,11470030.688248593,3.155808220379925,acrylic,canvas,9.93928852117675,1.2352941176470589,True,False
T4-E023,huber,val_cold,sori choi,최소리,28110600.0,16.120088410178226,10019947.460841224,0.643552700374904,oil,unknown,9.436997742590188,1.0,True,False
T4-E023,huber,val_cold,sori choi,최소리,124890000.0,16.301519202319497,12013231.223836074,0.9038095025715743,oil,canvas,9.991498429858842,1.5166666666666666,True,False
T4-E023,huber,val_cold,sori choi,최소리,5740800.0,15.072090074784409,3513383.442168268,0.3879975888084818,sculpture_material,glass,7.8636512654486515,1.0,True,False
T4-E023,huber,val_cold,sori choi,최소리,33630600.0,16.560063599959495,15557658.757847494,0.5373957420370884,sculpture_material,unknown,9.436997742590188,1.0,True,False
T4-E023,huber,val_cold,sori choi,최소리,5685600.0,14.813515079899929,2712862.965107253,0.5228537067139347,oil,unknown,7.783224016336037,1.5,True,False
T4-E023,huber,val_cold,sori choi,최소리,5699400.0,15.29290054471023,4381494.984202702,0.23123574688516307,sculpture_material,unknown,7.8636512654486515,1.0,True,False
T4-E023,huber,val_cold,eunju park,박은주,3256800.0,15.635055148180818,6169048.365081994,0.8942054670480207,mixed_media,paper,9.190793775901213,1.0526315789473684,True,False
T4-E023,huber,val_cold,eunju park,박은주,1559400.0,14.585719882918799,2160218.3940782445,0.3852881839670671,mixed_media,paper,7.855792709168872,1.5625,True,False
T4-E023,huber,val_cold,eunju park,박은주,2332200.0,15.571892232580748,5791444.107813296,1.4832536265385885,mixed_media,paper,9.09850534181074,1.272727272727273,True,False
T4-E023,huber,val_cold,eunju park,박은주,3215400.0,15.630410218510702,6140460.016130114,0.9097033078715289,mixed_media,paper,9.178367111675254,1.1583552055993,True,False
T4-E023,huber,val_cold,eunju park,박은주,1766400.0,14.620299146506223,2236223.6855327883,0.26597808284238467,mixed_media,paper,7.934158422352449,1.0,True,False
T4-E023,huber,val_cold,eunju park,박은주,1780200.0,15.173621842976381,3888841.4480740293,1.1844969374643464,mixed_media,paper,8.577083425989303,1.7000715819613457,True,False
T4-E023,huber,val_cold,eunju park,박은주,1766400.0,15.283949886723576,4342452.708809192,1.4583631730124504,mixed_media,paper,8.714387597032898,1.6950283616950284,True,False
T4-E023,huber,val_cold,seontae hwang,황선태,17250000.0,15.29315488050436,4382609.496933219,0.7459356813372048,sculpture_material,glass,8.116715624819111,1.34,True,False
T4-E023,huber,val_cold,seontae hwang,황선태,17250000.0,15.29315488050436,4382609.496933219,0.7459356813372048,sculpture_material,glass,8.116715624819111,1.34,True,False
T4-E023,huber,val_cold,xooang choi,최수앙,11040000.0,15.047475839971138,3427959.8284335025,0.6894963923520379,mixed_media,metal,6.802394763324311,2.7777777777777777,True,True
T4-E023,huber,val_cold,seontae hwang,황선태,17250000.0,15.29315488050436,4382609.496933219,0.7459356813372048,sculpture_material,glass,8.116715624819111,1.34,True,False
T4-E023,huber,val_cold,xooang choi,최수앙,5520000.0,14.7828403449878,2630909.981783887,0.5233858728652379,sculpture_material,metal,6.022236205774735,1.5151515151515151,True,True
T4-E023,huber,val_cold,seontae hwang,황선태,17250000.0,15.29315488050436,4382609.496933219,0.7459356813372048,sculpture_material,glass,8.116715624819111,1.34,True,False
T4-E023,huber,val_cold,seontae hwang,황선태,17250000.0,15.29315488050436,4382609.496933219,0.7459356813372048,sculpture_material,glass,8.116715624819111,1.34,True,False
T4-E023,huber,val_cold,xooang choi,최수앙,5520000.0,14.7828403449878,2630909.981783887,0.5233858728652379,sculpture_material,metal,6.022236205774735,1.5151515151515151,True,True
T4-E023,huber,val_cold,xooang choi,최수앙,5520000.0,14.7828403449878,2630909.981783887,0.5233858728652379,sculpture_material,metal,6.022236205774735,1.5151515151515151,True,True
T4-E023,huber,val_cold,seontae hwang,황선태,17250000.0,15.29315488050436,4382609.496933219,0.7459356813372048,sculpture_material,glass,8.116715624819111,1.34,True,False
T4-E023,huber,val_cold,xooang choi,최수앙,14352000.0,15.383932782908069,4799070.363778664,0.6656166134490897,mixed_media,paper,7.914252278742441,2.111111111111111,True,True
T4-E023,huber,val_cold,byun sanghwan,변상환,38640.0,12.196107128135463,198016.79476708357,4.124658249665724,sculpture_material,unknown,3.1135153092103742,1.1111111111111112,True,True
T4-E023,huber,val_cold,yoo geun taek,유근택,5520000.0,13.471890799934984,709198.5438385766,0.8715220029277941,mixed_media,unknown,6.1092475827643655,1.3888888888888888,True,False
T4-E023,huber,val_cold,xooang choi,최수앙,38640000.0,16.057676952058603,9413703.003485154,0.7563741458725374,mixed_media,paper,8.774312958285378,1.7377049180327868,True,True
T4-E023,huber,val_cold,xooang choi,최수앙,29808000.0,15.553887074527973,5688101.3841725085,0.8091753427209974,mixed_media,paper,8.150467911624004,1.711111111111111,True,True
T4-E023,huber,val_cold,xooang choi,최수앙,22080000.0,15.198520890460241,3986885.4315998587,0.8194345366123252,mixed_media,unknown,7.207118856207756,3.736842105263158,True,True
T4-E023,huber,val_cold,xooang choi,최수앙,33120000.0,13.618367052063782,821072.7960667209,0.9752091547081304,mixed_media,unknown,5.3981627015177525,1.3076923076923077,True,True
T4-E023,huber,val_cold,byun sanghwan,변상환,131100.0,13.620054238132202,822459.2679385224,5.273526071232054,sculpture_material,unknown,4.882801922586371,1.0909090909090908,True,True
T4-E023,huber,val_cold,baek jin ki,백진기,3174000.0,14.044957502543216,1257904.1268197433,0.6036849001828156,sculpture_material,unknown,5.41610040220442,1.0,True,True
T4-E023,huber,val_cold,xooang choi,최수앙,44160000.0,15.525069271599385,5526522.160570194,0.8748523061465082,mixed_media,unknown,7.645397699428633,3.215686274509804,True,True
T4-E023,huber,val_cold,xooang choi,최수앙,44160000.0,15.508585695733927,5436172.005810635,0.8768982788539259,mixed_media,unknown,7.59965167764043,3.617021276595745,True,True
T4-E023,huber,val_cold,byun sanghwan,변상환,110400.0,13.47367482544067,710464.9014006,5.435370483701087,sculpture_material,unknown,4.700480365792417,1.1,True,True
T4-E023,huber,val_cold,xooang choi,최수앙,33120000.0,16.62341974684607,16575226.296868404,0.49954026881435976,sculpture_material,paper,8.931155429778348,1.967741935483871,True,True
T4-E023,huber,val_cold,yoo geun taek,유근택,4416000.0,13.579051799850854,789418.4387363341,0.821236766590504,mixed_media,unknown,6.240275845170769,1.4210526315789471,True,False
T4-E023,huber,val_cold,xooang choi,최수앙,22080000.0,15.015599023663759,3320410.652194788,0.8496190827810332,mixed_media,unknown,7.116394144093465,1.5714285714285714,True,True
T4-E023,huber,val_cold,baek jin ki,백진기,4692000.0,15.330192284777466,4547973.398484252,0.030696206631659763,sculpture_material,unknown,7.580699752224563,2.5,False,False
T4-E023,huber,val_cold,xooang choi,최수앙,11040000.0,14.948527324581073,3105009.474087818,0.7187491418398716,mixed_media,metal,6.697034247666484,2.5,True,True
T4-E023,huber,val_cold,baek jin ki,백진기,4692000.0,14.424419869417626,1838425.1556261966,0.6081787818358491,sculpture_material,unknown,5.863631175598097,1.375,True,True
T4-E023,huber,val_cold,yoo geun taek,유근택,5520000.0,15.048020189888145,3429826.34605488,0.3786546474538261,mixed_media,unknown,7.1459844677143876,1.7407407407407407,True,True
T4-E023,huber,val_cold,xooang choi,최수앙,49680000.0,16.65638072838717,17130665.651960928,0.6551798379234918,mixed_media,unknown,9.156939595249067,1.518987341772152,True,True
T4-E023,huber,val_cold,byun sanghwan,변상환,75900.0,13.224803847452488,553935.6742093517,6.298230226737176,sculpture_material,unknown,4.382026634673881,1.25,True,True
T4-E023,huber,val_cold,xooang choi,최수앙,33120000.0,16.26144087989779,11541281.713422893,0.6515313492324005,mixed_media,unknown,8.565602330623925,3.1219512195121952,True,True
T4-E023,huber,val_cold,baek jin ki,백진기,3450000.0,15.367964783672269,4723047.394569929,0.3689992448028779,other,unknown,8.15507488781144,1.0,False,False
T4-E023,huber,val_cold,baek jin ki,백진기,5244000.0,15.606706055937252,5996617.126480915,0.1435196656142095,sculpture_material,unknown,7.313220387090301,1.6666666666666667,True,True
T4-E023,huber,val_cold,xooang choi,최수앙,22080000.0,15.085340933195598,3560248.6047878694,0.838756856667216,mixed_media,unknown,7.187657164114956,1.8148148148148149,True,True
T4-E023,huber,val_cold,xooang choi,최수앙,22080000.0,15.99892587886835,8876570.885698475,0.5979813910462647,mixed_media,unknown,8.17131687471973,4.206896551724138,True,True
T4-E023,huber,val_cold,xooang choi,최수앙,27600000.0,15.99698399677716,8859350.357193727,0.6790090450292128,mixed_media,unknown,8.196161139282902,3.774193548387097,True,True
T4-E023,huber,val_cold,baek jin ki,백진기,3036000.0,15.224883271221387,4093386.871234268,0.3482828956634611,sculpture_material,unknown,6.802394763324311,2.25,True,True
T4-E023,huber,val_cold,xooang choi,최수앙,35328000.0,16.141334992145932,10235114.786868798,0.7102832091579259,mixed_media,paper,8.85623355614316,2.086206896551724,True,True
T4-E023,huber,val_cold,baek jin ki,백진기,3450000.0,15.69313636107335,6537964.007147612,0.8950620310572789,sculpture_material,unknown,7.945023937409195,3.8703703703703702,False,False
T4-E023,huber,val_cold,baek jin ki,백진기,4692000.0,14.775228542137432,2610960.0375308744,0.4435294037657983,sculpture_material,unknown,6.189290290437902,3.12,True,True
T4-E023,huber,val_cold,xooang choi,최수앙,22080000.0,14.736896027489726,2512769.3447384974,0.8861970405462637,mixed_media,unknown,6.792344427470809,1.2222222222222223,True,True
T4-E023,huber,val_cold,jae yun lee,이재윤,6900000.0,15.641335810341165,6207916.003199261,0.10030202852184628,painting_material,unknown,7.944492163932159,1.2765957446808511,True,True
T4-E023,huber,val_cold,jae yun lee,이재윤,6900000.0,15.32735991752341,4535110.092960184,0.3427376676869298,painting_material,unknown,7.491087593534876,2.2857142857142856,True,True
T4-E023,huber,val_cold,nam tchun mo,남춘모,5244000.0,14.15818800461843,1408714.303124975,0.731366456307213,sculpture_material,glass,6.4692503167957724,1.3953488372093024,False,False
T4-E023,huber,val_cold,xooang choi,최수앙,14352000.0,15.391411824908163,4835097.368397182,0.6631063706523703,mixed_media,paper,7.940227765145702,1.8461538461538465,True,True
T4-E023,huber,val_cold,xooang choi,최수앙,5520000.0,14.7828403449878,2630909.981783887,0.5233858728652379,sculpture_material,metal,6.022236205774735,1.5151515151515151,True,True
T4-E023,huber,val_cold,jungmook jung 해청 정정묵,해청 정정묵,4140000.0,14.404096607809242,1801439.4681650628,0.5648696936799366,ceramic,unknown,6.396929655216146,1.5,False,False
T4-E023,huber,val_cold,jungmook jung 해청 정정묵,해청 정정묵,11040000.0,14.41454695753935,1820363.8516106794,0.8351119699628008,ceramic,unknown,6.436150368369428,1.0833333333333333,False,False
T4-E023,huber,val_cold,jungmook jung 해청 정정묵,해청 정정묵,2760000.0,13.477644951368763,713291.1430820964,0.7415611800427188,ceramic,unknown,5.278114659230517,1.0,False,False
T4-E023,huber,val_cold,nam tchun mo,남춘모,5244000.0,14.15818800461843,1408714.303124975,0.731366456307213,sculpture_material,glass,6.4692503167957724,1.3953488372093024,False,False
T4-E023,huber,val_cold,xooang choi,최수앙,27600000.0,16.746574657377852,18747569.163782734,0.32074024768903137,mixed_media,unknown,9.29725174396548,1.0693069306930694,True,True
T4-E023,huber,val_cold,baek jin ki,백진기,20700000.0,16.537908552547112,15216768.256667495,0.2648904223832128,sculpture_material,unknown,8.431635303054591,2.2666666666666666,True,True
T4-E023,huber,val_cold,baek jin ki,백진기,7176000.0,15.489217405148755,5331895.733055758,0.2569821999643592,sculpture_material,unknown,8.101677747454572,1.0909090909090908,True,False
T4-E023,huber,val_cold,baek jin ki,백진기,4416000.0,15.739770731495893,6850078.921068408,0.5511954078506358,sculpture_material,unknown,7.461640392208575,1.9333333333333331,True,True
T4-E023,huber,val_cold,xooang choi,최수앙,27600000.0,15.259225107776437,4236402.956265955,0.8465071392657262,mixed_media,unknown,7.43955930913332,1.2432432432432432,True,True
T4-E023,huber,val_cold,xooang choi,최수앙,22080000.0,15.792454497631354,7220642.513011284,0.6729781470556484,mixed_media,unknown,8.090708716083997,1.4166666666666667,True,True
T4-E023,huber,val_cold,xooang choi,최수앙,22080000.0,15.751475261773281,6930726.930031264,0.6861083817920623,mixed_media,unknown,7.933796874815411,3.1,True,True
T4-E023,huber,val_cold,baek jin ki,백진기,4692000.0,14.64277056640274,2287043.6670176936,0.5125652883594003,sculpture_material,unknown,6.061456918928017,2.5384615384615383,True,True
T4-E023,huber,val_cold,jae yun lee,이재윤,6900000.0,15.917489888061713,8182349.465512164,0.1858477486249513,sculpture_material,unknown,7.7075301719668365,1.532808398950131,True,True
T4-E023,huber,val_cold,byun sanghwan,변상환,1324800.0,14.296776426085223,1618121.4346229087,0.22140808772864487,sculpture_material,unknown,5.721131112990814,1.121212121212121,True,True
T4-E023,huber,val_cold,baek jin ki,백진기,3450000.0,15.367964783672269,4723047.394569929,0.3689992448028779,other,unknown,8.15507488781144,1.0,False,False
T4-E023,huber,val_cold,xooang choi,최수앙,16560000.0,14.131188604772397,1371188.7259669246,0.917198748431949,mixed_media,unknown,6.003887067106539,1.8,True,True
T4-E023,huber,val_cold,yoo geun taek,유근택,8832000.0,14.236603593536206,1523626.0232334775,0.8274879955578037,mixed_media,unknown,7.003065458786462,2.272727272727273,True,False
T4-E023,huber,val_cold,baek jin ki,백진기,4416000.0,14.918539367492912,3013278.864187521,0.3176451847401447,sculpture_material,unknown,7.138866999945524,1.4,False,False
T4-E023,huber,val_cold,baek jin ki,백진기,2346000.0,13.653792710040815,850681.1921469785,0.6373907961862837,sculpture_material,unknown,5.799092654460526,1.4666666666666666,True,False
T4-E023,huber,val_cold,baek jin ki,백진기,5796000.0,14.859940105744641,2841776.9632080025,0.5097003169068318,sculpture_material,unknown,7.3031700512368,1.3636363636363635,True,False
T4-E023,huber,val_cold,xooang choi,최수앙,22080000.0,16.24407366132464,11342572.261078922,0.48629654614678797,mixed_media,unknown,8.60337088765729,2.18,True,True
T4-E023,huber,val_cold,jae yun lee,이재윤,13800000.0,15.502925318985811,5405488.147215566,0.6082979603466981,sculpture_material,unknown,7.215239978730097,1.1764705882352942,True,True
T4-E023,huber,val_cold,baek jin ki,백진기,15870000.0,15.413194590122922,4941574.633641852,0.6886216361914397,sculpture_material,unknown,7.824046010856292,4.0,True,False
T4-E023,huber,val_cold,baek jin ki,백진기,4830000.0,16.37751522271724,12961775.302403929,1.6835973710981218,sculpture_material,unknown,9.210340371976184,1.0,True,False
T4-E023,huber,val_cold,jae yun lee,이재윤,13800000.0,15.102039773687638,3620199.7928993995,0.7376666816739565,mixed_media,unknown,7.1891677384203225,2.12,True,True
T4-E023,huber,val_cold,jungmook jung 해청 정정묵,해청 정정묵,41400000.0,15.13004356673624,3723011.9652996305,0.9100721747512167,ceramic,unknown,7.326465613840322,1.0526315789473684,False,False
T4-E023,huber,val_cold,baek jin ki,백진기,2346000.0,15.228784531135593,4109387.428220334,0.7516570452772097,sculpture_material,unknown,6.828712071641684,1.9090909090909092,True,True
T4-E023,huber,val_cold,baek jin ki,백진기,4416000.0,14.95275839646112,3118174.824492382,0.2938915705406744,sculpture_material,unknown,6.51025834052315,1.5238095238095235,True,True
T4-E023,huber,val_cold,xooang choi,최수앙,35328000.0,16.141334992145932,10235114.786868798,0.7102832091579259,mixed_media,paper,8.85623355614316,2.086206896551724,True,True
T4-E023,huber,val_cold,byun sanghwan,변상환,1324800.0,14.04612001628798,1259367.3079760848,0.04939061897940462,sculpture_material,unknown,5.3981627015177525,1.3076923076923077,True,True
T4-E023,huber,val_cold,xooang choi,최수앙,27600000.0,16.006680607570893,8945673.875900006,0.6758813813079707,mixed_media,unknown,8.36799688505411,1.2372881355932204,True,True
T4-E023,huber,val_cold,jungmook jung 해청 정정묵,해청 정정묵,69000000.0,14.934103390200326,3060544.4722253904,0.9556442830112263,ceramic,unknown,7.076653815443951,1.15625,False,False
T4-E023,huber,val_cold,jungmook jung 해청 정정묵,해청 정정묵,41400000.0,14.445226400465799,1877077.117936137,0.9546599729967117,ceramic,unknown,6.476972362889683,1.04,False,False
T4-E023,huber,val_cold,jungmook jung 해청 정정묵,해청 정정묵,11040000.0,14.661159194515488,2329488.315901407,0.7889956235596552,ceramic,unknown,6.684611727667927,2.0,False,False
T4-E023,huber,val_cold,xooang choi,최수앙,27600000.0,15.406701768380495,4909593.805676821,0.8221161664609847,mixed_media,unknown,7.598399329323964,1.6285714285714286,True,True
T4-E023,huber,val_cold,jae yun lee,이재윤,13800000.0,15.36663083020905,4716751.269443584,0.6582064297504651,sculpture_material,unknown,7.049254841255837,1.125,True,True
T4-E023,huber,val_cold,jae yun lee,이재윤,4140000.0,14.867236510936351,2862587.5483013312,0.30855373229436445,sculpture_material,unknown,6.269096283706261,3.6666666666666665,True,True
T4-E023,huber,val_cold,baek jin ki,백진기,3450000.0,15.716694365858874,6693813.943561706,0.9402359256700596,sculpture_material,unknown,8.15507488781144,1.0,False,False
T4-E023,huber,val_cold,jungmook jung 해청 정정묵,해청 정정묵,4140000.0,14.568595791685299,2123541.5423303205,0.4870672603066859,ceramic,unknown,6.620073206530356,1.2,False,False
T4-E023,huber,val_cold,byun sanghwan,변상환,1449000.0,14.29683439019702,1618215.2303130112,0.11678069724845494,sculpture_material,unknown,5.717027701406222,1.1875,True,True
T4-E023,huber,val_cold,byun sanghwan,변상환,1932000.0,15.477759044518333,5271149.638861507,1.7283383223920845,mixed_media,unknown,8.357962965845681,1.50093808630394,False,False
T4-E023,huber,val_cold,byun sanghwan,변상환,1932000.0,15.477759044518333,5271149.638861507,1.7283383223920845,mixed_media,unknown,8.357962965845681,1.50093808630394,False,False
T4-E023,huber,val_cold,byun sanghwan,변상환,3864000.0,16.13133292333834,10133252.729371253,1.622477414433554,mixed_media,unknown,9.169518377455928,1.5,False,False
T4-E023,huber,val_cold,xooang choi,최수앙,1269600.0,14.181774889455763,1442336.4472144328,0.13605580278389473,mixed_media,paper,7.128816664092023,1.414141414141414,False,False
T4-E023,huber,val_cold,xooang choi,최수앙,1269600.0,14.181774889455763,1442336.4472144328,0.13605580278389473,mixed_media,paper,7.128816664092023,1.414141414141414,False,False
T4-E023,huber,val_cold,ha chong hyun,하종현,19320000.0,15.158145199185288,3829118.5810874477,0.801805456465453,mixed_media,paper,8.350902451694811,1.2586206896551724,False,False
T4-E023,huber,val_cold,ha chong hyun,하종현,44063400.0,15.941337465508575,8379823.963610589,0.8098234824455083,textile,fabric,9.273033441314606,1.2857142857142858,False,False
T4-E023,huber,val_cold,ha chong hyun,하종현,21459000.0,15.158145199185288,3829118.5810874477,0.8215611826698612,mixed_media,paper,8.350902451694811,1.2586206896551724,False,False
T4-E023,huber,val_cold,yoo geun taek,유근택,5520000.0,14.42568671805816,1840755.6379077951,0.6665297757413414,mixed_media,unknown,7.003065458786462,2.272727272727273,False,False
T4-E023,huber,val_cold,yoo geun taek,유근택,3312000.0,13.768134924372808,953729.0776173637,0.7120383219754337,mixed_media,unknown,6.240275845170769,1.4210526315789471,False,False
T4-E023,huber,val_cold,ha chong hyun,하종현,22632000.0,15.760048893441395,6990403.888495571,0.6911274351141935,textile,fabric,9.045465728785947,1.325,False,False
T4-E023,huber,val_cold,byun sanghwan,변상환,2001000.0,14.856387097464129,2831698.0220100554,0.41514144028488525,mixed_media,paper,7.944492163932159,1.7625,False,False
T4-E023,huber,val_cold,ha chong hyun,하종현,23322000.0,15.42686229183853,5009578.269826317,0.7851994567435763,textile,fabric,8.638348312972704,1.2205882352941178,False,False
T4-E023,huber,val_cold,byun sanghwan,변상환,3312000.0,15.48967663040873,5334344.836561989,0.6106113636962527,mixed_media,paper,8.760962560524103,1.283687943262411,False,False
T4-E023,huber,val_cold,byun sanghwan,변상환,2001000.0,14.856387097464129,2831698.0220100554,0.41514144028488525,mixed_media,paper,7.944492163932159,1.7625,False,False
T4-E023,huber,val_cold,byun sanghwan,변상환,3036000.0,15.085905016107182,3562257.4467102555,0.17333907994408942,mixed_media,paper,8.160518247477505,2.857142857142857,False,False
T4-E023,huber,val_cold,byun sanghwan,변상환,4968000.0,15.804737120654117,7309877.843085509,0.4713924804922522,mixed_media,paper,9.116029692504942,1.8571428571428572,False,False
T4-E023,huber,val_cold,lee kang so,이강소,8280000.0,16.286268385798518,11831409.626630642,0.4289142061148118,print,unknown,8.85366542803745,1.4285714285714286,False,False
T4-E023,huber,val_cold,byun sanghwan,변상환,883200.0,14.260701825713708,1560788.6958262385,0.7671973458177519,mixed_media,paper,7.239932591320469,1.2058823529411764,False,False
T4-E023,huber,val_cold,byun sanghwan,변상환,2001000.0,15.011983255164147,3308426.4949784023,0.6533865542120951,mixed_media,paper,8.160518247477505,1.4,False,False
T4-E023,huber,val_cold,mannan,만난,372600.0,13.848369337957529,1033404.5915327927,1.7734959515104474,mixed_media,canvas,6.915723448631314,1.75,True,False
T4-E023,huber,val_cold,byun sanghwan,변상환,3312000.0,15.355571802215007,4664875.959072534,0.4084770407827699,mixed_media,paper,8.499843553081124,2.7857142857142856,False,False
T4-E023,huber,val_cold,byun sanghwan,변상환,5520000.0,15.739022956309103,6844958.516717937,0.2400287167967277,mixed_media,paper,8.971448463693834,2.857142857142857,False,False
T4-E023,huber,val_cold,byun sanghwan,변상환,3312000.0,15.57168894813684,5790266.916974764,0.7482689966711245,mixed_media,paper,8.85366542803745,1.4285714285714286,False,False
T4-E023,huber,val_cold,byun sanghwan,변상환,3312000.0,15.459615708819886,5176375.758407369,0.5629153859925632,mixed_media,paper,8.699514748210191,1.6666666666666667,False,False
T4-E023,huber,val_cold,byun sanghwan,변상환,6072000.0,16.049784122599352,9339694.702752754,0.5381578891226538,mixed_media,paper,9.38429367909962,2.4285714285714284,False,False
T4-E023,huber,val_cold,byun sanghwan,변상환,7728000.0,16.20241750946657,10879790.127634779,0.4078403374268606,mixed_media,paper,9.546812608597396,2.857142857142857,False,False
T4-E023,huber,val_cold,byun sanghwan,변상환,2001000.0,14.856387097464129,2831698.0220100554,0.41514144028488525,mixed_media,paper,7.944492163932159,1.7625,False,False
T4-E023,huber,val_cold,byun sanghwan,변상환,3312000.0,15.459615708819886,5176375.758407369,0.5629153859925632,mixed_media,paper,8.699514748210191,1.6666666666666667,False,False
T4-E023,huber,val_cold,byun sanghwan,변상환,3036000.0,15.085905016107182,3562257.4467102555,0.17333907994408942,mixed_media,paper,8.160518247477505,2.857142857142857,False,False
T4-E023,huber,val_cold,byun sanghwan,변상환,4968000.0,15.804737120654117,7309877.843085509,0.4713924804922522,mixed_media,paper,9.116029692504942,1.8571428571428572,False,False
T4-E023,huber,val_cold,byun sanghwan,변상환,3312000.0,15.48967663040873,5334344.836561989,0.6106113636962527,mixed_media,paper,8.760962560524103,1.283687943262411,False,False
T4-E023,huber,val_cold,byun sanghwan,변상환,3312000.0,15.355571802215007,4664875.959072534,0.4084770407827699,mixed_media,paper,8.499843553081124,2.7857142857142856,False,False
T4-E023,huber,val_cold,byun sanghwan,변상환,2001000.0,15.011983255164147,3308426.4949784023,0.6533865542120951,mixed_media,paper,8.160518247477505,1.4,False,False
T4-E023,huber,val_cold,byun sanghwan,변상환,772800.0,14.015104605967373,1220907.0278996269,0.5798486385864737,mixed_media,paper,6.946975992135418,1.015625,False,False
T4-E023,huber,val_cold,mannan,만난,952200.0,15.083863594355112,3554992.7945044795,2.7334517900698168,mixed_media,canvas,8.496990484098719,1.0,True,False
T4-E023,huber,val_cold,byun sanghwan,변상환,3312000.0,15.57168894813684,5790266.916974764,0.7482689966711245,mixed_media,paper,8.85366542803745,1.4285714285714286,False,False
T4-E023,huber,val_cold,mannan,만난,469200.0,14.441899748062482,1870843.1097687837,2.9873041555174416,mixed_media,canvas,7.67786350067821,1.35,True,False
T4-E023,huber,val_cold,byun sanghwan,변상환,4968000.0,15.804737120654117,7309877.843085509,0.4713924804922522,mixed_media,paper,9.116029692504942,1.8571428571428572,False,False
T4-E023,huber,val_cold,byun sanghwan,변상환,6072000.0,16.049784122599352,9339694.702752754,0.5381578891226538,mixed_media,paper,9.38429367909962,2.4285714285714284,False,False
T4-E023,huber,val_cold,byun sanghwan,변상환,7728000.0,16.20241750946657,10879790.127634779,0.4078403374268606,mixed_media,paper,9.546812608597396,2.857142857142857,False,False
T4-E023,huber,val_cold,hwallam moon,문화르람,8280000.0,15.371344204112344,4739035.557621045,0.42765271043224096,mixed_media,unknown,8.233662490086932,1.3766730401529637,False,False
T4-E023,huber,val_cold,byun sanghwan,변상환,4968000.0,15.804737120654117,7309877.843085509,0.4713924804922522,mixed_media,paper,9.116029692504942,1.8571428571428572,False,False
T4-E023,huber,val_cold,byun sanghwan,변상환,2760000.0,15.57168894813684,5790266.916974764,1.0979227960053495,mixed_media,paper,8.85366542803745,1.4285714285714286,False,False
T4-E023,huber,val_cold,mannan,만난,759000.0,14.466999149939806,1918394.4111035306,1.5275288683840982,mixed_media,canvas,7.682482446534506,1.7714285714285714,True,False
T4-E023,huber,val_cold,mannan,만난,952200.0,14.541878477207726,2067557.418017392,1.1713478450088133,mixed_media,canvas,7.824046010856292,1.0,True,False
T4-E023,huber,val_cold,xooang choi,최수앙,3312000.0,14.607082457277006,2206862.6671611737,0.3336767309295973,mixed_media,paper,7.653969180478774,1.4605263157894737,False,False
T4-E023,huber,val_cold,xooang choi,최수앙,3312000.0,14.599126270243344,2189374.1183595676,0.3389570898672803,mixed_media,paper,7.644919344958857,1.4473684210526316,False,False
T4-E023,huber,val_cold,byun kyung sup,변경섭,7590000.0,15.138432653644925,3754376.010146123,0.505352304328574,acrylic,paper,8.517193191416238,2.0,True,False
T4-E023,huber,val_cold,xooang choi,최수앙,3312000.0,14.607082457277006,2206862.6671611737,0.3336767309295973,mixed_media,paper,7.653969180478774,1.4605263157894737,False,False
T4-E023,huber,val_cold,xooang choi,최수앙,3312000.0,14.607082457277006,2206862.6671611737,0.3336767309295973,mixed_media,paper,7.653969180478774,1.4605263157894737,False,False
T4-E023,huber,val_cold,byun kyung sup,변경섭,3174000.0,14.529445786710205,2042011.2494160465,0.3566442188355241,acrylic,paper,7.824046010856292,1.0,True,False
T4-E023,huber,val_cold,lee jin young 이진영,이진영,1656000.0,15.193205534120345,3965749.935951724,1.3947765313718141,mixed_media,paper,8.391176350832751,1.3103448275862069,False,False
T4-E023,huber,val_cold,xooang choi,최수앙,3312000.0,14.607082457277006,2206862.6671611737,0.3336767309295973,mixed_media,paper,7.653969180478774,1.4605263157894737,False,False
T4-E023,huber,val_cold,byun kyung sup,변경섭,1380000.0,13.706614493647612,896823.6246306374,0.35012780823866857,acrylic,paper,6.802394763324311,1.0,True,False
T4-E023,huber,val_cold,xooang choi,최수앙,3312000.0,14.607082457277006,2206862.6671611737,0.3336767309295973,mixed_media,paper,7.653969180478774,1.4605263157894737,False,False
T4-E023,huber,val_cold,byun kyung sup,변경섭,3174000.0,14.529445786710205,2042011.2494160465,0.3566442188355241,acrylic,paper,7.824046010856292,1.0,True,False
T4-E023,huber,val_cold,byun kyung sup,변경섭,3174000.0,14.529445786710205,2042011.2494160465,0.3566442188355241,acrylic,paper,7.824046010856292,1.0,True,False
T4-E023,huber,val_cold,bac jungwon,백정원_A,1380000.0,13.853256760074105,1038467.6385343996,0.24748721845333366,mixed_media,fabric,6.865630352681466,1.1016949152542372,False,False
T4-E023,huber,val_cold,bac jungwon,백정원_A,1380000.0,13.789655720454816,974476.5367831426,0.293857582041201,mixed_media,fabric,6.761572768804055,1.5,False,False
T4-E023,huber,val_cold,seontae hwang,황선태,14490000.0,15.454207474916092,5148456.273136756,0.6446890080650961,sculpture_material,glass,8.081475040137052,1.346938775510204,False,False
T4-E023,huber,val_cold,lee jin young 이진영,이진영,5520000.0,14.833390140248238,2767320.662631947,0.49867379300145886,acrylic,canvas,8.1886891244442,1.0,True,False
T4-E023,huber,val_cold,lee jin young 이진영,이진영,10350000.0,15.908056604968262,8105525.965236742,0.2168573946631167,acrylic,canvas,9.27046604580936,1.2824175824175823,False,False
T4-E023,huber,val_cold,nam tchun mo,남춘모,34500000.0,15.501809352510637,5399459.168356163,0.8434939371490967,mixed_media,fabric,8.895629627136483,1.36986301369863,False,False
T4-E023,huber,val_cold,lee jin young 이진영,이진영,6210000.0,15.525334578636791,5527988.5803089095,0.10982470526426577,acrylic,canvas,8.797200891056324,1.2517193947730398,False,False
T4-E023,huber,val_cold,jonghwan lee,이종환,1380000.0,14.187788828597242,1451036.7060208295,0.05147587392813732,mixed_media,panel,7.025538314638521,1.8,False,False
T4-E023,huber,val_cold,seontae hwang,황선태,48300000.0,16.6778718814561,17502807.97009417,0.6376230233934954,sculpture_material,glass,9.774175816055788,2.32183908045977,True,False
T4-E023,huber,val_cold,lee jin young 이진영,이진영,5520000.0,14.789259066981035,2647851.3744255602,0.5203167799953695,acrylic,canvas,8.070906088787819,2.0,True,False
T4-E023,huber,val_cold,hye yeong kim,김혜영,3615600.0,15.609741595234379,6014847.749305331,0.6635821853372417,mixed_media,canvas,8.891511570527564,1.3755158184319118,False,False
T4-E023,huber,val_cold,lee jin young 이진영,이진영,1380000.0,13.482043535045323,716435.524202759,0.480843823041479,acrylic,canvas,6.15006957728462,3.0,False,False
T4-E023,huber,val_cold,du hyun hwang,황두현,1932000.0,15.187311843408523,3942445.7736083176,1.0406034024887771,painting_material,unknown,8.006367567650246,1.875,False,False
T4-E023,huber,val_cold,du hyun hwang,황두현,1932000.0,15.362463061375319,4697133.849339081,1.4312287004860667,painting_material,unknown,8.249313746260636,1.4705882352941178,False,False
T4-E023,huber,val_cold,dain lim,임다인,6734400.0,15.358886404885585,4680363.823262494,0.30500655986242364,oil,linen,8.390636277614743,1.1996699669966997,False,False
T4-E023,huber,val_cold,hye yeong kim,김혜영,7231200.0,15.982896268603277,8735417.25517325,0.20801765338716247,mixed_media,canvas,9.58465875108751,1.454,True,False
T4-E023,huber,val_cold,lee jin young 이진영,이진영,1656000.0,15.193205534120345,3965749.935951724,1.3947765313718141,mixed_media,paper,8.391176350832751,1.3103448275862069,False,False
T4-E023,huber,val_cold,g sim seyeon,그심세연,6624000.0,15.695559675121595,6553826.759625749,0.010593786288383344,mixed_media,canvas,9.0217190130337,1.0,False,False
T4-E023,huber,val_cold,dain lim,임다인,4485000.0,15.844683339042447,7607790.446879315,0.6962743471302821,oil,linen,8.990939806940807,1.2453300124533002,False,False
T4-E023,huber,val_cold,jung boram,정보람,1725000.0,14.637578711573493,2275200.4390736767,0.3189567762745952,ink,paper,7.57353126274595,2.482142857142857,False,False
T4-E023,huber,val_cold,sori choi,최소리,1380000.0,13.555167625514496,770787.2125280199,0.4414585416463624,mixed_media,metal,5.703782474656201,1.3333333333333333,False,False
T4-E023,huber,val_cold,lee jin young 이진영,이진영,13800000.0,15.7197190729784,6714091.421509897,0.5134716361224712,acrylic,canvas,9.271322576910975,1.2835164835164834,True,False
T4-E023,huber,val_cold,g sim seyeon,그심세연,4140000.0,15.340542106814791,4595288.543091126,0.10997307804133473,mixed_media,canvas,8.580918882296782,1.0,False,False
T4-E023,huber,val_cold,sori choi,최소리,1380000.0,13.433119446434837,682228.1737145227,0.5056317581778821,sculpture_material,metal,5.0106352940962555,1.5,False,False
T4-E023,huber,val_cold,hye yeong kim,김혜영,2263200.0,15.197419111567868,3982495.1843699934,0.7596744363600183,mixed_media,canvas,8.390636277614743,1.1996699669966997,False,False
T4-E023,huber,val_cold,dain lim,임다인,11205600.0,16.582685896161202,15913619.870666625,0.42014884260250457,oil,linen,9.806976652155283,2.8375,False,False
T4-E023,huber,val_cold,hwallam moon,문화르람,12420000.0,16.685081044808026,17629444.49510285,0.41943997545111505,painting_material,paper,10.265916062921828,1.4724409448818898,False,False
T4-E023,huber,val_cold,du hyun hwang,황두현,3450000.0,15.179205505295075,3910616.160278027,0.13351193051537014,painting_material,unknown,8.038770218757747,1.2007874015748032,False,False
T4-E023,huber,val_cold,sori choi,최소리,1380000.0,13.555167625514496,770787.2125280199,0.4414585416463624,mixed_media,metal,5.703782474656201,1.3333333333333333,False,False
T4-E023,huber,val_cold,g sim seyeon,그심세연,12420000.0,16.462593478471142,14112810.351838686,0.13629712977767194,mixed_media,canvas,9.958669625812112,1.244819646968534,False,False
T4-E023,huber,val_cold,seontae hwang,황선태,30360000.0,16.006886211085178,8947513.32697886,0.7052861222997739,sculpture_material,glass,9.006999447958153,1.275,True,False
T4-E023,huber,val_cold,lee jin young 이진영,이진영,20700000.0,16.257772854372927,11499025.54324147,0.4444915196501706,acrylic,canvas,9.94270826568941,1.2307692307692308,True,False
T4-E023,huber,val_cold,kim jung ah,김정아,12000000.0,16.618085374430073,16487043.276564773,0.37392027304706443,mixed_media,fabric,10.29160302230918,1.2115384615384617,False,False
T4-E023,huber,val_cold,seontae hwang,황선태,14490000.0,15.349125567341341,4634901.787055668,0.6801310015834598,sculpture_material,glass,8.189799618728228,1.2830188679245282,True,False
T4-E023,huber,val_cold,dain lim,임다인,5602800.0,15.842457567838718,7590876.076720553,0.3548361670451477,oil,linen,8.972178355987793,1.4993103448275862,False,False
T4-E023,huber,val_cold,seontae hwang,황선태,14490000.0,15.29315488050436,4382609.496933219,0.6975424777823866,sculpture_material,glass,8.116715624819111,1.34,True,False
T4-E023,huber,val_cold,dain lim,임다인,3367200.0,15.692027104348792,6530715.747441396,0.9395093096464113,oil,linen,8.80131894766524,1.2465753424657535,False,False
T4-E023,huber,val_cold,dain lim,임다인,1131600.0,14.603492672800115,2198954.7082422473,0.9432261472625021,oil,linen,7.452663438045286,1.200527704485488,False,False
T4-E023,huber,val_cold,dain lim,임다인,1131600.0,14.603492672800115,2198954.7082422473,0.9432261472625021,oil,linen,7.452663438045286,1.200527704485488,False,False
T4-E023,huber,val_cold,joohyun kim,김주현,3450000.0,15.74360748466716,6876411.46652817,0.9931627439212086,acrylic,canvas,9.045947923831983,1.6052269601100413,False,False
T4-E023,huber,val_cold,lee jin young 이진영,이진영,1656000.0,15.18036455841781,3915151.3999345405,1.364221859863853,mixed_media,paper,8.37378460812088,1.3333333333333333,False,False
T4-E023,huber,val_cold,jung boram,정보람,7314000.0,16.004545772788966,8926596.710705236,0.2204808190737265,mixed_media,paper,9.39532504618962,1.3617021276595744,False,False
T4-E023,huber,val_cold,joohyun kim,김주현,3036000.0,15.693390137865311,6539623.401228251,1.154026153237237,acrylic,canvas,9.0217190130337,1.0,False,False
T4-E023,huber,val_cold,lee jin young 이진영,이진영,16560000.0,15.860255133950716,7727184.5773239,0.533382573833098,acrylic,canvas,9.442245428958966,1.3402061855670102,True,False
T4-E023,huber,val_cold,dain lim,임다인,2249400.0,15.358886404885585,4680363.823262494,1.0807165569763022,oil,linen,8.390636277614743,1.1996699669966997,False,False
T4-E023,huber,val_cold,sori choi,최소리,1380000.0,13.433119446434837,682228.1737145227,0.5056317581778821,sculpture_material,metal,5.0106352940962555,1.5,False,False
T4-E023,huber,val_cold,lee jin young 이진영,이진영,20700000.0,16.460423941214856,14082225.273719426,0.31969926213915817,acrylic,canvas,9.958669625812112,1.244819646968534,False,False
T4-E023,huber,val_cold,seontae hwang,황선태,48300000.0,16.535997522861607,15187716.329201005,0.6855545273457349,sculpture_material,glass,9.520761931397454,3.5483870967741935,True,False
T4-E023,huber,val_cold,dain lim,임다인,1131600.0,14.603492672800115,2198954.7082422473,0.9432261472625021,oil,linen,7.452663438045286,1.200527704485488,False,False
T4-E023,huber,val_cold,youkyoung min,민유경,8694000.0,15.687462061533054,6500970.695810308,0.2522462967782025,mixed_media,wood,8.794446068377479,1.2551724137931035,False,False
T4-E023,huber,val_cold,seontae hwang,황선태,48300000.0,16.725080647383564,18348908.4812232,0.6201054144674286,sculpture_material,glass,9.520761931397454,3.5483870967741935,False,False
T4-E023,huber,val_cold,dain lim,임다인,5602800.0,15.842457567838718,7590876.076720553,0.3548361670451477,oil,linen,8.972178355987793,1.4993103448275862,False,False
T4-E023,huber,val_cold,lee jin young 이진영,이진영,20700000.0,16.244408847826964,11346374.7754426,0.4518659528771691,acrylic,canvas,9.663541120184696,1.672164948453608,False,False
T4-E023,huber,val_cold,kim jung ah,김정아,8000000.0,16.26605345716425,11594639.731467398,0.4493299664334247,mixed_media,canvas,9.712932190815067,1.2719298245614037,False,False
T4-E023,huber,val_cold,lee jin young 이진영,이진영,15180000.0,15.862268491958492,7742757.838284389,0.4899369012987886,acrylic,canvas,9.444550462634185,1.343298969072165,True,False
T4-E023,huber,val_cold,sori choi,최소리,16560000.0,15.752715996143712,6939331.458008389,0.5809582452893485,mixed_media,metal,8.612503371220562,2.2,True,False
T4-E023,huber,val_cold,youkyoung min,민유경,7314000.0,15.34384954949504,4610512.358617221,0.36963188971599387,mixed_media,wood,8.373553741214627,1.1639344262295082,False,False
T4-E023,huber,val_cold,g sim seyeon,그심세연,12420000.0,16.27379996969809,11684806.541738361,0.059194320310921006,mixed_media,canvas,9.7396789682616,1.0,False,False
T4-E023,huber,val_cold,g sim seyeon,그심세연,11592000.0,16.75396476639707,18886628.944337305,0.6292813098979732,mixed_media,unknown,9.958669625812112,1.244819646968534,False,False
T4-E023,huber,val_cold,hye yeong kim,김혜영,2263200.0,15.197419111567868,3982495.1843699934,0.7596744363600183,mixed_media,canvas,8.390636277614743,1.1996699669966997,False,False
T4-E023,huber,val_cold,g sim seyeon,그심세연,4692000.0,15.340542106814791,4595288.543091126,0.020611989963528178,mixed_media,canvas,8.580918882296782,1.0,False,False
T4-E023,huber,val_cold,jung boram,정보람,1725000.0,14.637578711573493,2275200.4390736767,0.3189567762745952,ink,paper,7.57353126274595,2.482142857142857,False,False
T4-E023,huber,val_cold,yun woo seung,윤우승,4554000.0,15.292054946889523,4377791.567613794,0.038693112074265804,mixed_media,unknown,8.144679183447758,1.2264150943396226,False,False
T4-E023,huber,val_cold,dain lim,임다인,11205600.0,16.582685896161202,15913619.870666625,0.42014884260250457,oil,linen,9.806976652155283,2.8375,False,False
T4-E023,huber,val_cold,r dam,르댐,828000.0,15.38959236286733,4826308.090575032,4.828874505525401,mixed_media,unknown,8.256633298091595,1.3716981132075472,False,False
T4-E023,huber,val_cold,sori choi,최소리,1380000.0,13.433119446434837,682228.1737145227,0.5056317581778821,sculpture_material,metal,5.0106352940962555,1.5,False,False
T4-E023,huber,val_cold,lee jin young 이진영,이진영,1380000.0,13.60314136725386,808666.0904399857,0.4140100793913147,acrylic,canvas,6.275232720238627,3.4,False,False
T4-E023,huber,val_cold,lee jin young 이진영,이진영,1656000.0,15.18036455841781,3915151.3999345405,1.364221859863853,mixed_media,paper,8.37378460812088,1.3333333333333333,False,False
T4-E023,huber,val_cold,sori choi,최소리,1380000.0,13.433119446434837,682228.1737145227,0.5056317581778821,sculpture_material,metal,5.0106352940962555,1.5,False,False
T4-E023,huber,val_cold,seontae hwang,황선태,30360000.0,15.988996959655957,8788872.227406308,0.7105114549602666,sculpture_material,glass,8.984568369308281,1.2784810126582278,True,False
T4-E023,huber,val_cold,lee jin young 이진영,이진영,2760000.0,14.510800441396036,2004290.0002001622,0.27380797094197024,acrylic,canvas,7.776954403322442,1.1777777777777778,True,False
T4-E023,huber,val_cold,dain lim,임다인,1131600.0,14.603492672800115,2198954.7082422473,0.9432261472625021,oil,linen,7.452663438045286,1.200527704485488,False,False
T4-E023,huber,val_cold,g sim seyeon,그심세연,12420000.0,16.462593478471142,14112810.351838686,0.13629712977767194,mixed_media,canvas,9.958669625812112,1.244819646968534,False,False
T4-E023,huber,val_cold,joohyun kim,김주현,500000.0,13.925160404379055,1115887.2701144621,1.2317745402289242,mixed_media,unknown,6.4356694835320765,1.414285714285714,False,False
T4-E023,huber,val_cold,youkyoung min,민유경,15180000.0,15.91246114972727,8141305.8563677175,0.4636820911483717,mixed_media,canvas,9.273033441314606,1.2857142857142858,False,False
T4-E023,huber,val_cold,g sim seyeon,그심세연,41400000.0,17.78567590042187,52993292.156508714,0.2800312115098723,mixed_media,canvas,11.507883575982392,2.7302252488213727,False,False
T4-E023,huber,val_cold,lee jin young 이진영,이진영,20700000.0,16.07883438955536,9614994.736272996,0.5355075006631402,acrylic,canvas,9.735068900911164,1.0,True,False
T4-E023,huber,val_cold,g sim seyeon,그심세연,8004000.0,15.915521421307288,8166258.624954374,0.020272192023285056,mixed_media,canvas,9.255609105083517,1.6226650062266503,False,False
T4-E023,huber,val_cold,du hyun hwang,황두현,1380000.0,16.199398375317543,10846992.11743577,6.860139215533167,mixed_media,canvas,9.615805480084347,1.5,False,False
T4-E023,huber,val_cold,hye yeong kim,김혜영,1807800.0,15.197419111567868,3982495.1843699934,1.2029512027713205,mixed_media,canvas,8.390636277614743,1.1996699669966997,False,False
T4-E023,huber,val_cold,hye yeong kim,김혜영,2594400.0,15.170235115803727,3875693.2802676535,0.493868825265053,mixed_media,canvas,8.306472160100585,2.0,False,False
T4-E023,huber,val_cold,so young so,소영소,4830000.0,14.707971819827174,2441130.5248630997,0.4945899534444928,mixed_media,paper,7.795646536334594,1.2,False,False
T4-E023,huber,val_cold,lee jin young 이진영,이진영,20700000.0,16.460423941214856,14082225.273719426,0.31969926213915817,acrylic,canvas,9.958669625812112,1.244819646968534,False,False
T4-E023,huber,val_cold,joohyun kim,김주현,966000.0,13.576387741433107,787318.1807466465,0.18497082738442394,acrylic,canvas,6.379444340875127,1.2181818181818185,False,False
T4-E023,huber,val_cold,g sim seyeon,그심세연,11592000.0,16.565171257624016,15637325.234192315,0.34897560681438194,mixed_media,unknown,9.7396789682616,1.0,False,False
T4-E023,huber,val_cold,g sim seyeon,그심세연,12420000.0,16.27379996969809,11684806.541738361,0.059194320310921006,mixed_media,canvas,9.7396789682616,1.0,False,False
T4-E023,huber,val_cold,jung boram,정보람,9691740.0,16.46906296743206,14204409.001360588,0.46562010550846267,mixed_media,paper,10.200921916430588,1.4558823529411764,True,False
T4-E023,huber,val_cold,lee jin young 이진영,이진영,20700000.0,16.460423941214856,14082225.273719426,0.31969926213915817,acrylic,canvas,9.958669625812112,1.244819646968534,False,False
T4-E023,huber,val_cold,dain lim,임다인,3367200.0,15.68385286996371,6477549.737968189,0.9237199269328191,oil,linen,8.79029955241563,1.260387811634349,False,False
T4-E023,huber,val_cold,g sim seyeon,그심세연,12420000.0,16.462593478471142,14112810.351838686,0.13629712977767194,mixed_media,canvas,9.958669625812112,1.244819646968534,False,False
T4-E023,huber,val_cold,lee jin young 이진영,이진영,2760000.0,14.510800441396036,2004290.0002001622,0.27380797094197024,acrylic,canvas,7.776954403322442,1.1777777777777778,True,False
T4-E023,huber,val_cold,hye yeong kim,김혜영,9273600.0,16.420267903958035,13527942.2950522,0.4587584427894454,mixed_media,linen,9.663541120184696,1.672164948453608,False,False
T4-E023,huber,val_cold,dain lim,임다인,5602800.0,15.842457567838718,7590876.076720553,0.3548361670451477,oil,linen,8.972178355987793,1.4993103448275862,False,False
T4-E023,huber,val_cold,dain lim,임다인,2249400.0,15.36245420267219,4697092.239009058,1.0881533915751125,oil,linen,8.39475433422366,1.2046204620462049,False,False
T4-E023,huber,val_cold,sori choi,최소리,69000000.0,16.49363968305827,14557831.920095347,0.7890169286942703,mixed_media,metal,9.608042089466514,1.0,True,False
T4-E023,huber,val_cold,joohyun kim,김주현,2484000.0,14.89389748702767,2939933.40302994,0.1835480688526329,acrylic,canvas,8.003028666384733,1.4130434782608696,False,False
T4-E023,huber,val_cold,lee jin young 이진영,이진영,20700000.0,16.271630432441807,11659483.39829795,0.43673993244937437,acrylic,canvas,9.7396789682616,1.0,False,False
T4-E023,huber,val_cold,yun woo seung,윤우승,14904000.0,15.292054946889523,4377791.567613794,0.7062673398004701,mixed_media,unknown,8.144679183447758,1.2264150943396226,False,False
T4-E023,huber,val_cold,g sim seyeon,그심세연,41400000.0,17.78567590042187,52993292.156508714,0.2800312115098723,mixed_media,canvas,11.507883575982392,2.7302252488213727,False,False
T4-E023,huber,val_cold,du hyun hwang,황두현,4830000.0,16.128712745947475,10106736.56337332,1.0924920421062774,painting_material,unknown,9.198470199405696,1.5061728395061729,False,False
T4-E023,huber,val_cold,sori choi,최소리,16560000.0,15.752715996143712,6939331.458008389,0.5809582452893485,mixed_media,metal,8.612503371220562,2.2,True,False
T4-E023,huber,val_cold,dain lim,임다인,1352400.0,14.667709388075687,2344796.9979471373,0.7338043463081465,oil,linen,7.511251237589436,1.536231884057971,False,False
T4-E023,huber,val_cold,jung boram,정보람,3588000.0,15.281383751829281,4331323.674794656,0.20716936309773026,mixed_media,paper,8.475641764258002,1.7075471698113207,False,False
T4-E023,huber,val_cold,lee jin young 이진영,이진영,20700000.0,16.268558342545663,11623719.380422378,0.43846766278152766,acrylic,canvas,9.955130785687968,1.2461538461538462,True,False
T4-E023,huber,val_cold,sori choi,최소리,4968000.0,15.238391468929418,4149056.3007121882,0.16484373979223263,mixed_media,metal,7.783224016336037,1.5,False,False
T4-E023,huber,val_cold,lee jin young 이진영,이진영,1380000.0,13.60314136725386,808666.0904399857,0.4140100793913147,acrylic,canvas,6.275232720238627,3.4,False,False
T4-E023,huber,val_cold,joohyun kim,김주현,966000.0,13.509745165934754,736559.4018936557,0.2375161471080169,acrylic,canvas,6.284600470242227,1.4102564102564104,False,False
T4-E023,huber,val_cold,jung boram,정보람,2070000.0,15.027455110416073,3360012.0237031765,0.6231942143493606,mixed_media,paper,8.182908560240437,1.3495145631067962,False,False
T4-E023,huber,val_cold,joohyun kim,김주현,6762000.0,16.241980940139378,11318860.239791289,0.673892375006106,acrylic,canvas,9.66002521573902,1.6801242236024847,False,False
T4-E023,huber,val_cold,youkyoung min,민유경,8280000.0,15.367886329402005,4722676.8658681335,0.42962839784201284,mixed_media,wood,8.401333305321703,1.1967213114754098,False,False
T4-E023,huber,val_cold,g sim seyeon,그심세연,41400000.0,17.78567590042187,52993292.156508714,0.2800312115098723,mixed_media,canvas,11.507883575982392,2.7302252488213727,False,False
T4-E023,huber,val_cold,g sim seyeon,그심세연,12420000.0,16.462593478471142,14112810.351838686,0.13629712977767194,mixed_media,canvas,9.958669625812112,1.244819646968534,False,False
T4-E023,huber,val_cold,hwallam moon,문화르람,17250000.0,15.67472374073935,6418684.452575389,0.6279023505753397,painting_material,paper,9.00291390760996,1.6075949367088609,False,False
T4-E023,huber,val_cold,hwallam moon,문화르람,19320000.0,15.870239579255644,7804722.672390747,0.5960288471847439,painting_material,paper,9.235668879903228,1.7664041994750654,False,False
T4-E023,huber,val_cold,joohyun kim,김주현,500000.0,13.925160404379055,1115887.2701144621,1.2317745402289242,mixed_media,unknown,6.4356694835320765,1.414285714285714,False,False
T4-E023,huber,val_cold,g sim seyeon,그심세연,11592000.0,16.565171257624016,15637325.234192315,0.34897560681438194,mixed_media,unknown,9.7396789682616,1.0,False,False
T4-E023,huber,val_cold,yun woo seung,윤우승,23736000.0,16.0424065507235,9271043.982974159,0.6094100108285239,mixed_media,unknown,9.052633375946147,1.6027397260273972,False,False
T4-E023,huber,val_cold,g sim seyeon,그심세연,41400000.0,17.78567590042187,52993292.156508714,0.2800312115098723,mixed_media,canvas,11.507883575982392,2.7302252488213727,False,False
T4-E023,huber,val_cold,youkyoung min,민유경,6900000.0,15.221089427763403,4077886.6235799887,0.40900193861159584,mixed_media,wood,8.202482446576537,1.46,False,False
T4-E023,huber,val_cold,r dam,르댐,2760000.0,15.817920088579127,7406881.722884824,1.6836527981466751,mixed_media,unknown,8.796101385722906,1.250343878954608,False,False
T4-E023,huber,val_cold,dain lim,임다인,1131600.0,14.603492672800115,2198954.7082422473,0.9432261472625021,oil,linen,7.452663438045286,1.200527704485488,False,False
T4-E023,huber,val_cold,dain lim,임다인,1131600.0,14.603492672800115,2198954.7082422473,0.9432261472625021,oil,linen,7.452663438045286,1.200527704485488,False,False
T4-E023,huber,val_cold,joohyun kim,김주현,6762000.0,16.457641467067617,14043096.30887149,1.0767666827671534,acrylic,canvas,9.955130785687968,1.2461538461538462,False,False
T4-E023,huber,val_cold,g sim seyeon,그심세연,11592000.0,16.565171257624016,15637325.234192315,0.34897560681438194,mixed_media,unknown,9.7396789682616,1.0,False,False
T4-E023,huber,val_cold,xooang choi,최수앙,7590000.0,14.461554195460925,1907977.227145725,0.7486196011665711,oil,paper,7.729955087456696,1.353658536585366,True,False
T4-E023,huber,val_cold,byun sanghwan,변상환,5520000.0,16.35119500830121,12625069.12428009,1.2871502036739293,mixed_media,paper,9.798127036878302,1.8,False,False
T4-E023,huber,val_cold,kim jung ah,김정아,12000000.0,16.679382242993263,17529263.51173166,0.4607719593109718,mixed_media,paper,10.22990945330384,1.4142857142857144,False,False
T4-E023,huber,val_cold,kim jung ah,김정아,12000000.0,16.683802011226433,17606910.257664025,0.46724252147200207,mixed_media,paper,10.234947247333796,1.4214285714285717,False,False
T4-E023,huber,val_cold,kim jung ah,김정아,800000.0,14.189151962101551,1453016.0114931073,0.8162700143663841,mixed_media,paper,7.138866999945524,1.4,False,False
T4-E023,huber,val_cold,kim jung ah,김정아,800000.0,13.4284263608177,679033.9198012046,0.15120760024849428,mixed_media,paper,6.158566707538567,1.967741935483871,False,False
T4-E023,huber,val_cold,kim jung ah,김정아,3000000.0,15.185293182619704,3934495.340226979,0.31149844674232635,mixed_media,paper,8.37804606000608,1.3628318584070795,False,False
T4-E023,huber,val_cold,kim jung ah,김정아,800000.0,13.472963891014835,709959.9869456479,0.11255001631794018,mixed_media,paper,6.269096283706261,1.0909090909090908,False,False
T4-E023,huber,val_cold,kim jung ah,김정아,3200000.0,15.567289517867046,5764848.994615498,0.8015153108173432,mixed_media,paper,8.848652886213905,1.4214285714285717,False,False
T4-E023,huber,val_cold,joo lee kang,강주리,9660000.0,15.785711561331116,7172117.963329113,0.2575447242930525,painting_material,paper,9.150431119222274,1.453416149068323,False,False
T4-E023,huber,val_cold,kim jung ah,김정아,1600000.0,14.302718094113166,1627764.394279776,0.01735274642485994,mixed_media,paper,7.290463399967686,1.2318840579710144,False,False
T4-E023,huber,val_cold,kim jung ah,김정아,800000.0,12.629637092199086,305479.2372775003,0.6181509534031246,mixed_media,paper,5.10594547390058,2.933333333333333,False,False
T4-E023,huber,val_cold,kim jung ah,김정아,2500000.0,14.66543033024463,2339459.1549236416,0.06421633803054337,mixed_media,paper,7.649692623711514,2.6785714285714284,False,False
T4-E023,huber,val_cold,kim jung ah,김정아,3200000.0,15.567289517867046,5764848.994615498,0.8015153108173432,mixed_media,paper,8.848652886213905,1.4214285714285717,False,False
T4-E023,huber,val_cold,kim jung ah,김정아,2500000.0,14.66543033024463,2339459.1549236416,0.06421633803054337,mixed_media,paper,7.649692623711514,2.6785714285714284,False,False
T4-E023,huber,val_cold,kim jung ah,김정아,6000000.0,15.82969848217118,7494638.694638181,0.24910644910636343,mixed_media,paper,9.169518377455928,1.5,False,False
T4-E023,huber,val_cold,kim jung ah,김정아,3000000.0,15.186595247161495,3939621.643764116,0.31320721458803863,mixed_media,paper,8.37981440706282,1.3604240282685511,False,False
T4-E023,huber,val_cold,kim jung ah,김정아,800000.0,13.042909237210958,461810.1880246114,0.42273726496923575,mixed_media,paper,5.707110264748875,1.5357142857142858,False,False
T4-E023,huber,val_cold,kim jung ah,김정아,1000000.0,13.773144719737783,958519.0535111183,0.04148094648888172,mixed_media,paper,6.646390514847729,1.018181818181818,False,False
T4-E023,huber,val_cold,kim jung ah,김정아,800000.0,14.124052276890998,1361438.3061077714,0.7017978826347142,mixed_media,paper,7.003065458786462,2.272727272727273,False,False
T4-E023,huber,val_cold,kim jung ah,김정아,800000.0,13.472963891014835,709959.9869456479,0.11255001631794018,mixed_media,paper,6.269096283706261,1.0909090909090908,False,False
T4-E023,huber,val_cold,kim jung ah,김정아,2800000.0,15.32565700634075,4527393.775234877,0.6169263482981704,mixed_media,metal,7.903688638508489,1.3076923076923077,False,False
T4-E023,huber,val_cold,byun sanghwan,변상환,2001000.0,15.011983255164147,3308426.4949784023,0.6533865542120951,mixed_media,paper,8.160518247477505,1.4,False,False
T4-E023,huber,val_cold,kim jung ah,김정아,2500000.0,14.786134877656194,2639591.8942358256,0.055836757694330254,mixed_media,paper,7.86796719791422,1.5925925925925926,False,False
T4-E023,huber,val_cold,kim jung ah,김정아,2500000.0,14.866290762265695,2859881.5397365876,0.143952615894635,mixed_media,paper,7.941829046512676,2.0,False,False
T4-E023,huber,val_cold,byun sanghwan,변상환,2001000.0,15.011983255164147,3308426.4949784023,0.6533865542120951,mixed_media,paper,8.160518247477505,1.4,False,False
T4-E023,huber,val_cold,kim jung ah,김정아,2000000.0,14.66543033024463,2339459.1549236416,0.1697295774618208,mixed_media,paper,7.649692623711514,2.6785714285714284,False,False
T4-E023,huber,val_cold,kim jung ah,김정아,2000000.0,14.66543033024463,2339459.1549236416,0.1697295774618208,mixed_media,paper,7.649692623711514,2.6785714285714284,False,False
T4-E023,huber,val_cold,kim jung ah,김정아,3000000.0,15.186595247161495,3939621.643764116,0.31320721458803863,mixed_media,paper,8.37981440706282,1.3604240282685511,False,False
T4-E023,huber,val_cold,kim jung ah,김정아,2500000.0,14.641172864970036,2283392.5715311514,0.08664297138753943,mixed_media,paper,7.613324979540639,2.7777777777777777,False,False
T4-E023,huber,val_cold,kim jung ah,김정아,800000.0,13.472963891014835,709959.9869456479,0.11255001631794018,mixed_media,paper,6.269096283706261,1.0909090909090908,False,False
T4-E023,huber,val_cold,kim jung ah,김정아,800000.0,13.301859233108576,598306.9724675576,0.25211628441555295,mixed_media,paper,5.8289456176102075,4.705882352941177,False,False
T4-E023,huber,val_cold,kim jung ah,김정아,2800000.0,14.800451526223123,2677653.813188692,0.04369506671832425,mixed_media,paper,7.903688638508489,1.3076923076923077,False,False
T4-E023,huber,val_cold,kim jung ah,김정아,3000000.0,15.185293182619704,3934495.340226979,0.31149844674232635,mixed_media,paper,8.37804606000608,1.3628318584070795,False,False
T4-E023,huber,val_cold,kim jung ah,김정아,1600000.0,14.312873235112587,1644378.7891966994,0.02773674324793712,mixed_media,paper,7.302159439730876,1.2463768115942029,False,False
T4-E023,huber,val_cold,kim jung ah,김정아,1200000.0,13.733546224995182,921304.8183177732,0.23224598473518904,mixed_media,paper,6.575912310744586,1.3565217391304347,False,False
T4-E023,huber,val_cold,kim jung ah,김정아,3000000.0,15.215875354245727,4056679.5585714974,0.3522265195238325,mixed_media,paper,8.41715183723601,1.3448275862068966,False,False
T4-E023,huber,val_cold,hanna kim,김한나,1380000.0,14.146474638756258,1392309.7807453745,0.008920130974909062,mixed_media,paper,7.090076835776092,1.3333333333333333,False,False
T4-E023,huber,val_cold,kim greem,김그리므,966000.0,14.012088121919428,1217229.7303689779,0.260072184646975,mixed_media,canvas,6.931471805599453,1.0,False,False
T4-E023,huber,val_cold,kim greem,김그리므,1380000.0,14.698073757281502,2417087.249463986,0.7515124996115842,oil,canvas,7.788004239509027,1.164835164835165,False,False
T4-E023,huber,val_cold,hanna kim,김한나,9000000.0,15.709666384677615,6646934.870712524,0.2614516810319418,oil,canvas,9.271322576910975,1.2835164835164834,True,False
T4-E023,huber,val_cold,hanna kim,김한나,2000000.0,13.759119224606392,945169.1872766775,0.5274154063616613,oil,canvas,6.849956660254765,1.2757352941176472,True,False
T4-E023,huber,val_cold,hanna kim,김한나,1794000.0,13.39347505450382,655710.7589791762,0.6344979046938818,oil,canvas,6.398794581825658,1.2307692307692306,True,False
T4-E023,huber,val_cold,hanna kim,김한나,2000000.0,13.759119224606392,945169.1872766775,0.5274154063616613,oil,canvas,6.849956660254765,1.2757352941176472,True,False
T4-E023,huber,val_cold,hanna kim,김한나,2000000.0,13.761623415029407,947539.0369425648,0.5262304815287175,oil,canvas,6.8528343600823804,1.2794117647058822,True,False
T4-E023,huber,val_cold,gyul e kim,김귤에,3864000.0,16.49903547315382,14636595.229428262,2.7879387239721174,mixed_media,canvas,9.820230935785228,7.888198757763976,True,False
T4-E023,huber,val_cold,kim greem,김그리므,1104000.0,13.549838947203579,766690.8591938,0.3055336420346014,oil,canvas,6.372705266325282,1.0,False,False
T4-E023,huber,val_cold,hanna kim,김한나,1449000.0,13.184326159850901,531961.373694743,0.632876898761392,oil,canvas,6.125689449199213,1.443820224719101,True,False
T4-E023,huber,val_cold,hanna kim,김한나,4416000.0,14.424691991307231,1838925.4994276057,0.5835766532093285,oil,canvas,7.675193272122332,1.2941176470588236,True,False
T4-E023,huber,val_cold,hanna kim,김한나,3312000.0,14.02425394757449,1232128.7809128927,0.6279804405456242,oil,canvas,7.177904546141612,1.2955974842767295,True,False
T4-E023,huber,val_cold,hanna kim,김한나,1242000.0,12.783581989306043,356319.1116293743,0.7131086057734506,oil,canvas,5.598903324604841,1.907563025210084,True,False
T4-E023,huber,val_cold,kim minchae,김민채,12000000.0,16.606485984561214,16296908.489392854,0.35807570744940453,oil,canvas,10.137182046379406,1.4881043745203375,False,False
T4-E023,huber,val_cold,hanna kim,김한나,4457400.0,14.277053656499636,1586520.254172412,0.6440704773696747,oil,canvas,7.472841789474565,1.5963855421686746,True,False
T4-E023,huber,val_cold,kim greem,김그리므,1932000.0,15.181629526225878,3920107.0741425217,1.0290409286451976,mixed_media,canvas,8.371010681238156,1.2,False,False
T4-E023,huber,val_cold,hanna kim,김한나,2553000.0,13.753880010045323,940230.1926320388,0.6317155532189429,oil,canvas,6.843387409949334,1.2767527675276753,True,False
T4-E023,huber,val_cold,kim greem,김그리므,9384000.0,16.27379996969809,11684806.541738361,0.24518398782378104,mixed_media,canvas,9.7396789682616,1.0,False,False
T4-E023,huber,val_cold,hanna kim,김한나,15249000.0,16.05464414632119,9385196.320471946,0.38453693222690366,oil,canvas,9.698674957906642,1.2991071428571428,True,False
T4-E023,huber,val_cold,hanna kim,김한나,2553000.0,13.584370110094577,793627.9948462722,0.6891390541142686,oil,canvas,6.60934924316738,1.650943396226415,True,False
T4-E023,huber,val_cold,hanna kim,김한나,11937000.0,15.71507895011063,6683009.380381822,0.44014330398074714,oil,canvas,9.278032664743836,1.2836801752464404,True,False
T4-E023,huber,val_cold,hanna lee,이한나,786600.0,14.429803153925327,1848348.607703041,1.3497948229125871,oil,canvas,7.452663438045286,1.200527704485488,False,False
T4-E023,huber,val_cold,hanna kim,김한나,9315000.0,15.32422222656838,4520902.620027269,0.5146642383223543,oil,canvas,8.794724923014183,1.2520661157024795,True,False
T4-E023,huber,val_cold,hanna lee,이한나,897000.0,14.678234882463718,2369607.4878721135,1.6417028850302269,oil,panel,7.681421976600878,1.2958435207823962,False,False
T4-E023,huber,val_cold,gyul e kim,김귤에,345000.0,15.08704329235021,3566314.588369316,9.337143734403814,mixed_media,canvas,8.251856914892892,1.227191413237925,False,False
T4-E023,huber,val_cold,hanna kim,김한나,2760000.0,13.578414183867942,788915.2533591575,0.7141611400872617,oil,canvas,6.601759869690402,1.6540284360189572,True,False
T4-E023,huber,val_cold,hanna kim,김한나,7038000.0,14.996113761488843,3256337.8450575178,0.5373205676246778,oil,canvas,8.390636277614743,1.1996699669966997,True,False
T4-E023,huber,val_cold,hanna lee,이한나,897000.0,14.618879228690146,2233050.6849141284,1.489465646504045,oil,canvas,7.681421976600878,1.2958435207823962,False,False
T4-E023,huber,val_cold,nam tchun mo,남춘모,11040000.0,15.623734204028336,6099602.749732885,0.44749975092999233,oil,canvas,8.935903526274423,1.1875,False,False
T4-E023,huber,val_cold,lee hyo youn,이효윤,1656000.0,14.345120309158778,1698269.431666376,0.02552501912220777,oil,linen,7.102499355774649,1.6666666666666667,False,False
T4-E023,huber,val_cold,hanna lee,이한나,897000.0,14.529844703761437,2042826.0050213933,1.2773979989090227,oil,panel,7.478847813534776,1.5868263473053892,False,False
T4-E023,huber,val_cold,hye yeong kim,김혜영,331200.0,13.76828731613794,953874.4291498668,1.8800556435684384,mixed_media,linen,6.39792915554923,1.240909090909091,False,False
T4-E023,huber,val_cold,hanna lee,이한나,565800.0,14.144211999960605,1389163.0479222594,1.4552192434115578,oil,canvas,7.110696122978827,1.0,False,False
T4-E023,huber,val_cold,hanna lee,이한나,897000.0,14.698073757281502,2417087.249463986,1.6946346147870526,oil,canvas,7.788004239509027,1.164835164835165,False,False
T4-E023,huber,val_cold,hanna lee,이한나,2787600.0,15.806679331901915,7324088.966086596,1.6273816064308353,oil,canvas,9.146232691346842,1.4545454545454546,False,False
T4-E023,huber,val_cold,kim greem,김그리므,5520000.0,15.898749509199568,8030437.030803506,0.45478931717454824,oil,canvas,9.271322576910975,1.2835164835164834,False,False
T4-E023,huber,val_cold,lee hyo youn,이효윤,2760000.0,13.895908083110017,1083717.7871296525,0.6073486278515752,oil,canvas,6.802394763324311,1.0,False,False
T4-E023,huber,val_cold,seohyun oh,오서현,4692000.0,15.186110095344192,3937710.792728064,0.16076070061209205,oil,linen,8.1886891244442,1.0,False,False
T4-E023,huber,val_cold,nam tchun mo,남춘모,27600000.0,16.740246697387725,18629309.86089269,0.3250250050401199,oil,canvas,10.322197887394314,1.1875,False,False
T4-E023,huber,val_cold,lee hyo youn,이효윤,2760000.0,14.87176327615629,2875575.1838643756,0.041875066617527386,oil,linen,7.788004239509027,1.164835164835165,False,False
T4-E023,huber,val_cold,lee hyo youn,이효윤,2760000.0,14.87176327615629,2875575.1838643756,0.041875066617527386,oil,linen,7.788004239509027,1.164835164835165,False,False
T4-E023,huber,val_cold,lee hyo youn,이효윤,2760000.0,14.87176327615629,2875575.1838643756,0.041875066617527386,oil,linen,7.788004239509027,1.164835164835165,False,False
T4-E023,huber,val_cold,lee hyo youn,이효윤,11730000.0,15.979615829815002,8706808.204353439,0.2577316108820598,oil,linen,9.145376160245226,1.4533001245330013,False,False
T4-E023,huber,val_cold,lee hyo youn,이효윤,2760000.0,14.87176327615629,2875575.1838643756,0.041875066617527386,oil,linen,7.788004239509027,1.164835164835165,False,False
T4-E023,huber,val_cold,lee hyo youn,이효윤,3036000.0,14.883985501713362,2910936.7708137888,0.041193421998093296,mixed_media,linen,7.788004239509027,1.164835164835165,False,False
T4-E023,huber,val_cold,lee hyo youn,이효윤,27600000.0,17.05057437942271,25407993.30229227,0.07942053252564243,mixed_media,linen,10.388379794275616,2.5892857142857144,False,False
T4-E023,huber,val_cold,hye yeong kim,김혜영,6982800.0,16.264781307035776,11579898.987251205,0.6583460771110737,mixed_media,linen,9.473296768791016,1.62751677852349,False,False
T4-E023,huber,val_cold,lee hyo youn,이효윤,3450000.0,14.986287696928802,3224497.5477565345,0.06536302963578709,oil,linen,7.940583827104244,1.0,False,False
T4-E023,huber,val_cold,lee hyo youn,이효윤,11730000.0,16.071693435542265,9546579.06832213,0.18613989187364624,oil,linen,9.27046604580936,1.2824175824175823,False,False
T4-E023,huber,val_cold,seohyun oh,오서현,3312000.0,14.760920024922775,2573867.0763697387,0.22286622090285668,oil,linen,7.645397699428633,1.2439024390243902,False,False
T4-E023,huber,val_cold,hye yeong kim,김혜영,3615600.0,15.420658470712425,4978595.946089378,0.37697642053583846,mixed_media,canvas,8.891511570527564,1.3755158184319118,True,False
T4-E023,huber,val_cold,hye yeong kim,김혜영,331200.0,13.76828731613794,953874.4291498668,1.8800556435684384,mixed_media,linen,6.39792915554923,1.240909090909091,False,False
T4-E023,huber,val_cold,hye yeong kim,김혜영,9177000.0,16.45037125291407,13941370.22460514,0.5191642393598278,oil,canvas,9.958669625812112,1.244819646968534,False,False
T4-E023,huber,val_cold,hye yeong kim,김혜영,4071000.0,15.220653793813474,4076110.5446110344,0.0012553536258989068,mixed_media,linen,8.1886891244442,1.44,False,False
T4-E023,huber,val_cold,g sim seyeon,그심세연,6210000.0,15.683337449564526,6474211.936955769,0.042546205628948244,oil,canvas,9.0217190130337,1.0,False,False
T4-E023,huber,val_cold,lee hyo youn,이효윤,19320000.0,16.511406069175074,14818783.199656771,0.23298223604261017,oil,linen,9.80609520652748,1.4464285714285714,False,False
T4-E023,huber,val_cold,lee hyo youn,이효윤,2760000.0,14.87176327615629,2875575.1838643756,0.041875066617527386,oil,linen,7.788004239509027,1.164835164835165,False,False
T4-E023,huber,val_cold,lee hyo youn,이효윤,5520000.0,15.474761380838917,5255372.164635725,0.04793982524715121,mixed_media,linen,8.529105951879847,1.0445402298850577,False,False
T4-E023,huber,val_cold,lee hyo youn,이효윤,2760000.0,14.87176327615629,2875575.1838643756,0.041875066617527386,oil,linen,7.788004239509027,1.164835164835165,False,False
T4-E023,huber,val_cold,lee hyo youn,이효윤,6900000.0,15.618548883524703,6068056.214662287,0.12057156309242212,mixed_media,linen,8.685246776412487,1.4,False,False
T4-E023,huber,val_cold,gyul e kim,김귤에,1380000.0,14.805549083336567,2691338.1551564336,0.9502450399684301,mixed_media,canvas,7.906915488678587,1.154639175257732,False,False
T4-E023,huber,val_cold,lee hyo youn,이효윤,3036000.0,14.883985501713362,2910936.7708137888,0.041193421998093296,mixed_media,linen,7.788004239509027,1.164835164835165,False,False
T4-E023,huber,val_cold,seohyun oh,오서현,11040000.0,16.665719055172612,17291386.6706052,0.5662487926272827,oil,linen,10.01681623784313,1.1428571428571428,False,False
T4-E023,huber,val_cold,lee hyo youn,이효윤,2070000.0,13.955263736883587,1149989.9220699368,0.44444931300969237,oil,panel,6.802394763324311,1.0,False,False
T4-E023,huber,val_cold,green lee,이그리느,2760000.0,15.321686569053371,4509453.680752928,0.6338600292583074,oil,canvas,8.572682769078947,1.0,False,False
T4-E023,huber,val_cold,lee hyo youn,이효윤,2760000.0,14.87176327615629,2875575.1838643756,0.041875066617527386,oil,linen,7.788004239509027,1.164835164835165,False,False
T4-E023,huber,val_cold,lee hyo youn,이효윤,2760000.0,14.87176327615629,2875575.1838643756,0.041875066617527386,oil,linen,7.788004239509027,1.164835164835165,False,False
T4-E023,huber,val_cold,gyul e kim,김귤에,2898000.0,15.297103305739085,4399948.110448593,0.5182705695129721,mixed_media,canvas,8.747806375432315,1.2214484679665738,True,False
T4-E023,huber,val_cold,lee hyo youn,이효윤,2760000.0,14.87176327615629,2875575.1838643756,0.041875066617527386,oil,linen,7.788004239509027,1.164835164835165,False,False
T4-E023,huber,val_cold,lee hyo youn,이효윤,11730000.0,16.071693435542265,9546579.06832213,0.18613989187364624,oil,linen,9.27046604580936,1.2824175824175823,False,False
T4-E023,huber,val_cold,lee hyo youn,이효윤,2760000.0,14.87176327615629,2875575.1838643756,0.041875066617527386,oil,linen,7.788004239509027,1.164835164835165,False,False
T4-E023,huber,val_cold,lee hyo youn,이효윤,5520000.0,15.358886404885585,4680363.823262494,0.15210800303215688,oil,linen,8.390636277614743,1.1996699669966997,False,False
T4-E023,huber,val_cold,lee hyo youn,이효윤,12420000.0,16.071693435542265,9546579.06832213,0.23135434232511035,oil,linen,9.27046604580936,1.2824175824175823,False,False
T4-E023,huber,val_cold,lee hyo youn,이효윤,2760000.0,14.87176327615629,2875575.1838643756,0.041875066617527386,oil,linen,7.788004239509027,1.164835164835165,False,False
T4-E023,huber,val_cold,lee hyo youn,이효윤,6900000.0,15.505684616183009,5420424.092388981,0.2144312909581187,oil,canvas,8.78615105486974,1.237964236588721,False,False
T4-E023,huber,val_cold,lee hyo youn,이효윤,2760000.0,14.87176327615629,2875575.1838643756,0.041875066617527386,oil,linen,7.788004239509027,1.164835164835165,False,False
T4-E023,huber,val_cold,lee hyo youn,이효윤,2760000.0,14.87176327615629,2875575.1838643756,0.041875066617527386,oil,linen,7.788004239509027,1.164835164835165,False,False
T4-E023,huber,val_cold,lee hyo youn,이효윤,2760000.0,14.87176327615629,2875575.1838643756,0.041875066617527386,oil,linen,7.788004239509027,1.164835164835165,False,False
T4-E023,huber,val_cold,lee hyo youn,이효윤,2208000.0,14.380662028691976,1759714.3077426772,0.20302794033393246,oil,linen,7.170596352834887,1.2861635220125784,False,False
T4-E023,huber,val_cold,lee hyo youn,이효윤,2484000.0,14.752736700636996,2552890.234627077,0.02773358881927411,mixed_media,linen,7.63542465191381,1.0,False,False
T4-E023,huber,val_cold,lee hyo youn,이효윤,11730000.0,15.907244315241162,8098944.603110728,0.30955288976038126,oil,linen,9.045947923831983,1.6052269601100413,False,False
T4-E023,huber,val_cold,gyul e kim,김귤에,345000.0,13.219453646090953,550979.9207995674,0.5970432486943982,mixed_media,canvas,6.182084906716632,1.0,True,False
T4-E023,huber,val_cold,lee hyo youn,이효윤,3036000.0,14.678584468919523,2370436.015368005,0.21922397385770592,oil,linen,7.495541943884256,2.0,False,False
T4-E023,huber,val_cold,lee hyo youn,이효윤,11730000.0,16.083915661099333,9663975.472244408,0.17613167329544688,mixed_media,linen,9.27046604580936,1.2824175824175823,False,False
T4-E023,huber,val_cold,lee hyo youn,이효윤,19320000.0,16.622989204657596,16568091.498690102,0.14243832822514998,oil,linen,9.957435819363184,1.2432847275518035,False,False
T4-E023,huber,val_cold,lee hyo youn,이효윤,2760000.0,14.87176327615629,2875575.1838643756,0.041875066617527386,oil,linen,7.788004239509027,1.164835164835165,False,False
T4-E023,huber,val_cold,lee hyo youn,이효윤,2760000.0,14.87176327615629,2875575.1838643756,0.041875066617527386,oil,linen,7.788004239509027,1.164835164835165,False,False
T4-E023,huber,val_cold,lee hyo youn,이효윤,2760000.0,14.87176327615629,2875575.1838643756,0.041875066617527386,oil,linen,7.788004239509027,1.164835164835165,False,False
T4-E023,huber,val_cold,seohyun oh,오서현,9246000.0,16.329247774021553,12351002.280012123,0.3358211421168206,oil,linen,9.608042089466514,1.0,False,False
T4-E023,huber,val_cold,lee hyo youn,이효윤,2760000.0,14.87176327615629,2875575.1838643756,0.041875066617527386,oil,linen,7.788004239509027,1.164835164835165,False,False
T4-E023,huber,val_cold,lee hyo youn,이효윤,2484000.0,14.87176327615629,2875575.1838643756,0.15763896290836377,oil,linen,7.788004239509027,1.164835164835165,False,False
T4-E023,huber,val_cold,green lee,이그리느,2760000.0,15.321686569053371,4509453.680752928,0.6338600292583074,oil,canvas,8.572682769078947,1.0,False,False
T4-E023,huber,val_cold,lee hyo youn,이효윤,2760000.0,14.87176327615629,2875575.1838643756,0.041875066617527386,oil,linen,7.788004239509027,1.164835164835165,False,False
T4-E023,huber,val_cold,lee hyo youn,이효윤,4830000.0,15.21693419308356,4060977.2032958088,0.1592179703321307,oil,linen,8.19836438996762,1.454,False,False
T4-E023,huber,val_cold,lee hyo youn,이효윤,2760000.0,14.87176327615629,2875575.1838643756,0.041875066617527386,oil,linen,7.788004239509027,1.164835164835165,False,False
T4-E023,huber,val_cold,lee hyo youn,이효윤,1656000.0,14.069597601984805,1289284.0238487537,0.22144684550196037,oil,linen,6.802394763324311,1.0,False,False
T4-E023,huber,val_cold,lee hyo youn,이효윤,2760000.0,14.87176327615629,2875575.1838643756,0.041875066617527386,oil,linen,7.788004239509027,1.164835164835165,False,False
T4-E023,huber,val_cold,hanna lee,이한나,5561400.0,16.45037125291407,13941370.22460514,1.506809476859269,oil,canvas,9.958669625812112,1.244819646968534,False,False
T4-E023,huber,val_cold,hanna kim,김한나,2000000.0,13.942963134567277,1135930.9972571554,0.4320345013714223,oil,canvas,6.843387409949334,1.2767527675276753,False,False
T4-E023,huber,val_cold,lee hyo youn,이효윤,2760000.0,14.87176327615629,2875575.1838643756,0.041875066617527386,oil,linen,7.788004239509027,1.164835164835165,False,False
T4-E023,huber,val_cold,seohyun oh,오서현,8280000.0,16.165440660212944,10484836.832596457,0.26628464161792953,oil,linen,9.323669057283183,2.2857142857142856,False,False
T4-E023,huber,val_cold,sori choi,최소리,55200000.0,16.49363968305827,14557831.920095347,0.736271160867838,mixed_media,metal,9.608042089466514,1.0,True,False
T4-E023,huber,val_cold,lee hyo youn,이효윤,2760000.0,14.87176327615629,2875575.1838643756,0.041875066617527386,oil,linen,7.788004239509027,1.164835164835165,False,False
T4-E023,huber,val_cold,lee hyo youn,이효윤,11730000.0,15.991838055372071,8813877.759375926,0.24860377157920494,mixed_media,linen,9.145376160245226,1.4533001245330013,False,False
T4-E023,huber,val_cold,lee hyo youn,이효윤,2760000.0,14.87176327615629,2875575.1838643756,0.041875066617527386,oil,linen,7.788004239509027,1.164835164835165,False,False
T4-E023,huber,val_cold,gyul e kim,김귤에,10626000.0,16.71285479319543,18125943.149676748,0.7058105730921087,mixed_media,canvas,10.272910889297028,1.189102564102564,False,False
T4-E023,huber,val_cold,hye yeong kim,김혜영,3049800.0,15.432802694095237,5039425.745117967,0.652379088831388,oil,canvas,8.685684550397957,1.3963133640552998,False,False
T4-E023,huber,val_cold,lee hyo youn,이효윤,2760000.0,14.87176327615629,2875575.1838643756,0.041875066617527386,oil,linen,7.788004239509027,1.164835164835165,False,False
T4-E023,huber,val_cold,lee hyo youn,이효윤,2484000.0,14.87176327615629,2875575.1838643756,0.15763896290836377,oil,linen,7.788004239509027,1.164835164835165,False,False
T4-E023,huber,val_cold,lee hyo youn,이효윤,2760000.0,14.87176327615629,2875575.1838643756,0.041875066617527386,oil,linen,7.788004239509027,1.164835164835165,False,False
T4-E023,huber,val_cold,lee hyo youn,이효윤,8280000.0,15.393192555929037,4843715.046876509,0.415010260039069,oil,canvas,8.661466680572662,1.0,False,False
T4-E023,huber,val_cold,lee hyo youn,이효윤,11730000.0,16.083915661099333,9663975.472244408,0.17613167329544688,mixed_media,linen,9.27046604580936,1.2824175824175823,False,False
T4-E023,huber,val_cold,lee hyo youn,이효윤,22080000.0,16.780175503436002,19388206.046843823,0.12191095802337758,oil,linen,10.137182046379406,1.4881043745203375,False,False
T4-E023,huber,val_cold,hanna lee,이한나,4002000.0,16.04129892817966,9260780.850541387,1.3140381935385774,oil,canvas,9.444550462634185,1.343298969072165,False,False
T4-E023,huber,val_cold,lee hyo youn,이효윤,19320000.0,16.511406069175074,14818783.199656771,0.23298223604261017,oil,linen,9.80609520652748,1.4464285714285714,False,False
T4-E023,huber,val_cold,lee hyo youn,이효윤,35880000.0,17.07865236565044,26131508.480195243,0.27169708806590737,mixed_media,linen,10.499242387087424,1.382716049382716,False,False
T4-E023,huber,val_cold,lee hyo youn,이효윤,6900000.0,15.56628446508447,5759057.927743745,0.16535392351539926,mixed_media,linen,8.614054894258702,1.5,False,False
T4-E023,huber,val_cold,lee hyo youn,이효윤,6900000.0,15.68801609397092,6504573.442380473,0.057308196756453184,oil,linen,8.796101385722906,1.250343878954608,False,False
T4-E023,huber,val_cold,lee hyo youn,이효윤,2760000.0,14.87176327615629,2875575.1838643756,0.041875066617527386,oil,linen,7.788004239509027,1.164835164835165,False,False
T4-E023,huber,val_cold,lee hyo youn,이효윤,2760000.0,14.87176327615629,2875575.1838643756,0.041875066617527386,oil,linen,7.788004239509027,1.164835164835165,False,False
T4-E023,huber,val_cold,lee hyo youn,이효윤,2760000.0,14.87176327615629,2875575.1838643756,0.041875066617527386,oil,linen,7.788004239509027,1.164835164835165,False,False
T4-E023,huber,val_cold,green lee,이그리느,1380000.0,15.181580930216336,3919916.5772104748,1.84051925884817,oil,canvas,8.386229926897425,1.1983471074380163,False,False
T4-E023,huber,val_cold,lee hyo youn,이효윤,11730000.0,15.979615829815002,8706808.204353439,0.2577316108820598,oil,linen,9.145376160245226,1.4533001245330013,False,False
T4-E023,huber,val_cold,lee hyo youn,이효윤,6900000.0,15.68801609397092,6504573.442380473,0.057308196756453184,oil,linen,8.796101385722906,1.250343878954608,False,False
T4-E023,huber,val_cold,green lee,이그리느,1380000.0,15.185196886010798,3934116.4799097353,1.8508090434128517,oil,canvas,8.390636277614743,1.1996699669966997,False,False
T4-E023,huber,val_cold,hanna kim,김한나,2000000.0,13.942963134567277,1135930.9972571554,0.4320345013714223,oil,canvas,6.843387409949334,1.2767527675276753,False,False
T4-E023,huber,val_cold,hanna lee,이한나,2001000.0,15.38037272065261,4782015.750270776,1.3898129686510627,oil,canvas,8.614054894258702,1.5,False,False
T4-E023,huber,val_cold,lee hyo youn,이효윤,2760000.0,14.87176327615629,2875575.1838643756,0.041875066617527386,oil,linen,7.788004239509027,1.164835164835165,False,False
T4-E023,huber,val_cold,lee hyo youn,이효윤,19320000.0,16.449299685782808,13926439.111781288,0.2791698182307822,oil,canvas,9.957435819363184,1.2432847275518035,False,False
T4-E023,huber,val_cold,sori choi,최소리,11040000.0,15.37712718969888,4766520.728519768,0.5682499340108905,mixed_media,metal,8.221747728346623,1.0,True,False
T4-E023,huber,val_cold,lee hyo youn,이효윤,11730000.0,16.071693435542265,9546579.06832213,0.18613989187364624,oil,linen,9.27046604580936,1.2824175824175823,False,False
T4-E023,huber,val_cold,lee hyo youn,이효윤,22080000.0,16.780175503436002,19388206.046843823,0.12191095802337758,oil,linen,10.137182046379406,1.4881043745203375,False,False
T4-E023,huber,val_cold,lee hyo youn,이효윤,19320000.0,16.622989204657596,16568091.498690102,0.14243832822514998,oil,linen,9.957435819363184,1.2432847275518035,False,False
T4-E023,huber,val_cold,lee hyo youn,이효윤,7590000.0,15.514231625689579,5466951.0586096905,0.27971659306855196,mixed_media,linen,8.580918882296782,1.0,False,False
T4-E023,huber,val_cold,hye yeong kim,김혜영,4912800.0,15.869249193996383,7796996.816521778,0.5870780036886862,mixed_media,linen,9.0217190130337,1.0,False,False
T4-E023,huber,val_cold,lee hyo youn,이효윤,2760000.0,14.87176327615629,2875575.1838643756,0.041875066617527386,oil,linen,7.788004239509027,1.164835164835165,False,False
T4-E023,huber,val_cold,lee hyo youn,이효윤,2760000.0,14.87176327615629,2875575.1838643756,0.041875066617527386,oil,linen,7.788004239509027,1.164835164835165,False,False
T4-E023,huber,val_cold,hanna kim,김한나,2000000.0,13.942963134567277,1135930.9972571554,0.4320345013714223,oil,canvas,6.843387409949334,1.2767527675276753,False,False
T4-E023,huber,val_cold,lee hyo youn,이효윤,12420000.0,15.979615829815002,8706808.204353439,0.29896874361083425,oil,linen,9.145376160245226,1.4533001245330013,False,False
T4-E023,huber,val_cold,lee hyo youn,이효윤,2760000.0,14.87176327615629,2875575.1838643756,0.041875066617527386,oil,linen,7.788004239509027,1.164835164835165,False,False
T4-E023,huber,val_cold,lee hyo youn,이효윤,5520000.0,15.358886404885585,4680363.823262494,0.15210800303215688,oil,linen,8.390636277614743,1.1996699669966997,False,False
T4-E023,huber,val_cold,lee hyo youn,이효윤,11730000.0,15.907244315241162,8098944.603110728,0.30955288976038126,oil,linen,9.045947923831983,1.6052269601100413,False,False
T4-E023,huber,val_cold,lee hyo youn,이효윤,5520000.0,15.358886404885585,4680363.823262494,0.15210800303215688,oil,linen,8.390636277614743,1.1996699669966997,False,False
T4-E023,huber,val_cold,lee hyo youn,이효윤,19320000.0,16.622989204657596,16568091.498690102,0.14243832822514998,oil,linen,9.957435819363184,1.2432847275518035,False,False
T4-E023,huber,val_cold,hanna kim,김한나,13000000.0,16.44983562260257,13933904.803660356,0.07183883105079658,oil,canvas,9.95805291287243,1.2440521872601686,False,False
T4-E023,huber,val_cold,bonjeong koo,구본정,3450000.0,15.73055809806872,6787261.456448158,0.9673221612893212,oil,panel,8.985655633643145,1.3333333333333333,False,False
T4-E023,huber,val_cold,lee hyo youn,이효윤,5520000.0,15.358886404885585,4680363.823262494,0.15210800303215688,oil,linen,8.390636277614743,1.1996699669966997,False,False
T4-E023,huber,val_cold,lee hyo youn,이효윤,5520000.0,15.358886404885585,4680363.823262494,0.15210800303215688,oil,linen,8.390636277614743,1.1996699669966997,False,False
T4-E023,huber,val_cold,lee hyo youn,이효윤,17940000.0,16.406947379466732,13348937.87161407,0.2559120472901856,oil,linen,9.662307313735766,1.6701030927835052,False,False
T4-E023,huber,val_cold,lee hyo youn,이효윤,2760000.0,14.87176327615629,2875575.1838643756,0.041875066617527386,oil,linen,7.788004239509027,1.164835164835165,False,False
T4-E023,huber,val_cold,lee hyo youn,이효윤,2760000.0,14.87176327615629,2875575.1838643756,0.041875066617527386,oil,linen,7.788004239509027,1.164835164835165,False,False
T4-E023,huber,val_cold,lee hyo youn,이효윤,2760000.0,14.87176327615629,2875575.1838643756,0.041875066617527386,oil,linen,7.788004239509027,1.164835164835165,False,False
T4-E023,huber,val_cold,lee hyo youn,이효윤,3312000.0,15.070260544224297,3506961.4761742405,0.05886518000429966,mixed_media,linen,8.016317898503415,1.212,False,False
T4-E023,huber,val_cold,lee hyo youn,이효윤,4140000.0,15.21693419308356,4060977.2032958088,0.019087632054152474,oil,linen,8.19836438996762,1.454,False,False
T4-E023,huber,val_cold,green lee,이그리느,2760000.0,15.432802694095237,5039425.745117967,0.8258788931586837,oil,canvas,8.685684550397957,1.3963133640552998,False,False
T4-E023,huber,val_cold,lee hyo youn,이효윤,19320000.0,16.622989204657596,16568091.498690102,0.14243832822514998,oil,linen,9.957435819363184,1.2432847275518035,False,False
T4-E023,huber,val_cold,hanna kim,김한나,12420000.0,15.71372369893745,6673958.358667921,0.4626442545355941,oil,canvas,9.276802042675602,1.2765027322404372,True,False
T4-E023,huber,val_cold,sunghoon yang,양성훈,8280000.0,15.488037355183941,5325607.540603915,0.3568106835019426,mixed_media,canvas,8.764053269347762,1.0,False,False
T4-E023,huber,val_cold,lee hyo youn,이효윤,3450000.0,14.573507447349463,2133997.303704713,0.38145005689718464,oil,paper,7.633853559681768,1.358974358974359,False,False
T4-E023,huber,val_cold,lee hyo youn,이효윤,19320000.0,16.622989204657596,16568091.498690102,0.14243832822514998,oil,linen,9.957435819363184,1.2432847275518035,False,False
T4-E023,huber,val_cold,lee hyo youn,이효윤,4830000.0,15.21693419308356,4060977.2032958088,0.1592179703321307,oil,linen,8.19836438996762,1.454,False,False
T4-E023,huber,val_cold,lee hyo youn,이효윤,2760000.0,14.87176327615629,2875575.1838643756,0.041875066617527386,oil,linen,7.788004239509027,1.164835164835165,False,False
T4-E023,huber,val_cold,hanna lee,이한나,4457400.0,16.138112853178885,10202188.899061762,1.2888205902682643,oil,canvas,9.55488706511493,1.5,False,False
T4-E023,huber,val_cold,lee hyo youn,이효윤,2484000.0,14.87176327615629,2875575.1838643756,0.15763896290836377,oil,linen,7.788004239509027,1.164835164835165,False,False
T4-E023,huber,val_cold,taeseok ju 주태석,주태석,27600000.0,15.043244674208772,3413486.203918071,0.8763229636261569,oil,canvas,8.19836438996762,1.454,False,False
T4-E023,huber,val_cold,hye yeong kim,김혜영,938400.0,14.450286120333391,1886598.670203106,1.0104418906682715,mixed_media,fabric,7.613324979540639,1.0,False,False
T4-E023,huber,val_cold,lee hyo youn,이효윤,11730000.0,16.071693435542265,9546579.06832213,0.18613989187364624,oil,linen,9.27046604580936,1.2824175824175823,False,False
T4-E023,huber,val_cold,lee hyo youn,이효윤,19320000.0,16.635211430214667,16771833.001052573,0.13189270180887303,mixed_media,linen,9.957435819363184,1.2432847275518035,False,False
T4-E023,huber,val_cold,lee hyo youn,이효윤,2484000.0,14.87176327615629,2875575.1838643756,0.15763896290836377,oil,linen,7.788004239509027,1.164835164835165,False,False
T4-E023,huber,val_cold,lee hyo youn,이효윤,3450000.0,15.000384318919043,3270273.95914458,0.05209450459577386,mixed_media,linen,7.922007219032173,1.3318681318681318,False,False
T4-E023,huber,val_cold,lee hyo youn,이효윤,19320000.0,16.780175503436002,19388206.046843823,0.0035303336875684805,oil,linen,10.137182046379406,1.4881043745203375,False,False
T4-E023,huber,val_cold,hanna kim,김한나,7000000.0,15.512348965012018,5456668.32730962,0.22047595324148292,oil,canvas,8.793624207437999,1.2506887052341598,False,False
T4-E023,huber,val_cold,lee hyo youn,이효윤,16560000.0,16.511406069175074,14818783.199656771,0.10514594204971187,oil,linen,9.80609520652748,1.4464285714285714,False,False
T4-E023,huber,val_cold,lee hyo youn,이효윤,22080000.0,16.780175503436002,19388206.046843823,0.12191095802337758,oil,linen,10.137182046379406,1.4881043745203375,False,False
T4-E023,huber,val_cold,hanna kim,김한나,2000000.0,13.940225596560671,1132825.5954963076,0.4335872022518462,oil,canvas,6.839690548068008,1.2814814814814814,False,False
T4-E023,huber,val_cold,hanna lee,이한나,5561400.0,16.45037125291407,13941370.22460514,1.506809476859269,oil,canvas,9.958669625812112,1.244819646968534,False,False
T4-E023,huber,val_cold,bonjeong koo,구본정,34500000.0,16.13634316176483,10184150.139189592,0.7048072423423306,oil,canvas,9.542191662739102,1.6666666666666667,False,False
T4-E023,huber,val_cold,lee hyo youn,이효윤,2484000.0,14.87176327615629,2875575.1838643756,0.15763896290836377,oil,linen,7.788004239509027,1.164835164835165,False,False
T4-E023,huber,val_cold,hanna kim,김한나,2000000.0,13.942963134567277,1135930.9972571554,0.4320345013714223,oil,canvas,6.843387409949334,1.2767527675276753,False,False
T4-E023,huber,val_cold,lee hyo youn,이효윤,19320000.0,16.511406069175074,14818783.199656771,0.23298223604261017,oil,linen,9.80609520652748,1.4464285714285714,False,False
T4-E023,huber,val_cold,lee hyo youn,이효윤,20700000.0,16.56152759765765,15580451.814878188,0.24732116836337256,oil,linen,9.768812649209526,3.026315789473684,False,False
T4-E023,huber,val_cold,lee hyo youn,이효윤,19320000.0,16.635211430214667,16771833.001052573,0.13189270180887303,mixed_media,linen,9.957435819363184,1.2432847275518035,False,False
T4-E023,huber,val_cold,duri baek,백두리,1380000.0,13.943962656598428,1137066.9529265675,0.1760384399082844,acrylic,paper,6.841957298391705,1.3233082706766917,False,False
T4-E023,huber,val_cold,duri baek,백두리,1104000.0,13.621356425955607,823530.962004522,0.25404804166257067,acrylic,paper,6.4356694835320765,1.414285714285714,False,False
T4-E023,huber,val_cold,jina jung,정진아,966000.0,14.199282411477977,1467810.5276642777,0.5194725959257533,acrylic,canvas,7.124599028147819,1.6666666666666663,False,False
T4-E023,huber,val_cold,gyul e kim,김귤에,938400.0,14.568391440341399,2123107.6380982846,1.2624761701814626,mixed_media,canvas,7.622194173676371,1.0,False,False
T4-E023,huber,val_cold,yun jeong choi,윤정최,662400.0,13.716877646888848,906075.2571739986,0.36786723607185784,acrylic,canvas,6.802394763324311,1.0,True,False
T4-E023,huber,val_cold,gyul e kim,김귤에,1242000.0,14.904129026817042,2970167.8573766067,1.39143949869292,mixed_media,canvas,8.012217092439139,1.4260869565217391,False,False
T4-E023,huber,val_cold,yun jeong choi,윤정최,4761000.0,15.504307013343357,5412962.041818334,0.13693804701078213,acrylic,canvas,9.0217190130337,1.0,True,False
T4-E023,huber,val_cold,yun jeong choi,윤정최,662400.0,13.716877646888848,906075.2571739986,0.36786723607185784,acrylic,canvas,6.802394763324311,1.0,True,False
T4-E023,huber,val_cold,lee hyo youn,이효윤,1104000.0,13.168910644925823,523823.7988017769,0.525521921375202,acrylic,canvas,5.863631175598097,1.375,False,False
T4-E023,huber,val_cold,duri baek,백두리,9660000.0,16.160423646074896,10432365.991507413,0.07995507158461831,acrylic,canvas,9.808221471759428,1.446922390722569,True,False
T4-E023,huber,val_cold,yun jeong choi,윤정최,952200.0,14.510800441396036,2004290.0002001622,1.1049044320522603,acrylic,canvas,7.776954403322442,1.1777777777777778,True,False
T4-E023,huber,val_cold,gyul e kim,김귤에,2484000.0,15.46068057658657,5181890.850001229,1.0861074275367266,mixed_media,canvas,8.724207360800564,1.0933333333333333,False,False
T4-E023,huber,val_cold,gyul e kim,김귤에,11040000.0,16.82844140219027,20346946.35219852,0.8430205029165325,mixed_media,canvas,10.414213171301784,1.224242424242424,False,False
T4-E023,huber,val_cold,jina jung,정진아,2070000.0,15.04909845008816,3433526.5858489354,0.6587084955791959,acrylic,canvas,8.221747728346623,1.0,False,False
T4-E023,huber,val_cold,lee hyo youn,이효윤,2208000.0,14.395930157931764,1786788.009668198,0.19076629996911323,acrylic,paper,7.397561535524052,1.411764705882353,False,False
T4-E023,huber,val_cold,kim jung ah,김정아,1600000.0,14.302718094113166,1627764.394279776,0.01735274642485994,mixed_media,paper,7.290463399967686,1.2318840579710144,False,False
T4-E023,huber,val_cold,yun jeong choi,윤정최,2856600.0,15.335296138874963,4571244.927877453,0.6002397703134682,acrylic,canvas,8.796101385722906,1.250343878954608,True,False
T4-E023,huber,val_cold,kim jung ah,김정아,1600000.0,14.003142004610922,1206388.814763565,0.24600699077277183,mixed_media,paper,7.147559271189454,1.3225806451612905,True,False
T4-E023,huber,val_cold,jung boram,정보람,1242000.0,14.597402749578404,2185603.9367495305,0.7597455207323112,mixed_media,paper,7.640723953728754,1.48,False,False
T4-E023,huber,val_cold,gyul e kim,김귤에,2484000.0,15.418280344202085,4966770.282121524,0.9995049444933672,mixed_media,canvas,8.660643973821198,1.2666666666666666,False,False
T4-E023,huber,val_cold,jinhee choi,최진희,1104000.0,16.13041997881212,10124005.85334384,8.170295157014348,acrylic,canvas,9.545736315315809,1.2954764196342636,False,False
T4-E023,huber,val_cold,jinhee choi,최진희,4140000.0,15.8167320202027,7398087.066303087,0.7869775522471225,acrylic,canvas,9.146232691346842,1.4545454545454546,False,False
T4-E023,huber,val_cold,gyul e kim,김귤에,372600.0,13.606936648693639,811741.0372973772,1.178585714700422,mixed_media,canvas,6.396929655216146,1.5,False,False
T4-E023,huber,val_cold,jina jung,정진아,4200000.0,15.33658815258303,4577154.856019168,0.08979877524265908,acrylic,canvas,8.779557455883728,1.5384615384615383,True,False
T4-E023,huber,val_cold,lee hyo youn,이효윤,2760000.0,14.097193323630055,1325358.2041617907,0.5197977521152932,acrylic,paper,7.030857476116121,1.3448275862068966,False,False
T4-E023,huber,val_cold,jina jung,정진아,700000.0,13.968464156334546,1165270.90721907,0.6646727245986714,acrylic,canvas,6.862234763680328,1.282051282051282,False,False
T4-E023,huber,val_cold,kim jung ah,김정아,1200000.0,14.062947495610205,1280738.5934463588,0.06728216120529901,acrylic,canvas,6.984716320118266,1.2,False,False
T4-E023,huber,val_cold,kim jung ah,김정아,1600000.0,14.312873235112587,1644378.7891966994,0.02773674324793712,mixed_media,paper,7.302159439730876,1.2463768115942029,False,False
T4-E023,huber,val_cold,choi myung ae,최명애,6210000.0,15.524379263396916,5522710.130265611,0.11067469721970834,acrylic,canvas,8.796101385722906,1.250343878954608,False,False
T4-E023,huber,val_cold,green lee,이그리느,938400.0,14.870750041677347,2872663.0275390344,2.0612351103357143,acrylic,canvas,7.986164860332727,1.2244897959183674,False,False
T4-E023,huber,val_cold,kim jung ah,김정아,4000000.0,15.827609808016195,7479001.17302433,0.8697502932560826,mixed_media,panel,9.104979856318357,1.1111111111111112,False,False
T4-E023,huber,val_cold,yun jeong choi,윤정최,2856600.0,15.335296138874963,4571244.927877453,0.6002397703134682,acrylic,canvas,8.796101385722906,1.250343878954608,True,False
T4-E023,huber,val_cold,yun jeong choi,윤정최,2856600.0,15.335296138874963,4571244.927877453,0.6002397703134682,acrylic,canvas,8.796101385722906,1.250343878954608,True,False
T4-E023,huber,val_cold,g sim seyeon,그심세연,12420000.0,16.26791751407732,11616272.95633045,0.06471232235664652,acrylic,canvas,9.735068900911164,1.0,False,False
T4-E023,huber,val_cold,byun sanghwan,변상환,1863000.0,14.730961601729682,2497901.6608266486,0.34079530908569433,mixed_media,canvas,7.824046010856292,1.0,False,False
T4-E023,huber,val_cold,mond,몬드,4002000.0,15.203715303971864,4007648.8433419103,0.001411505082936102,acrylic,canvas,8.401333305321703,1.1967213114754098,False,False
T4-E023,huber,val_cold,jinhee choi,최진희,690000.0,14.628931916990933,2255612.0586407366,2.2690029835372996,acrylic,canvas,7.681421976600878,1.2958435207823962,False,False
T4-E023,huber,val_cold,lee kang so,이강소,93840000.0,15.908056604968262,8105525.965236742,0.9136239773525496,acrylic,canvas,9.27046604580936,1.2824175824175823,False,False
T4-E023,huber,val_cold,lee hyo youn,이효윤,2760000.0,14.881815964457077,2904628.2308195634,0.052401532905638905,acrylic,linen,7.788004239509027,1.164835164835165,False,False
T4-E023,huber,val_cold,hanna kim,김한나,1100000.0,14.146474638756258,1392309.7807453745,0.26573616431397684,mixed_media,paper,7.090076835776092,1.3333333333333333,False,False
T4-E023,huber,val_cold,kim jung ah,김정아,1000000.0,14.176819395372469,1435206.637938491,0.43520663793849107,mixed_media,paper,7.122059881629142,1.423728813559322,False,False
T4-E023,huber,val_cold,lee hyo youn,이효윤,2760000.0,14.881815964457077,2904628.2308195634,0.052401532905638905,acrylic,linen,7.788004239509027,1.164835164835165,False,False
T4-E023,huber,val_cold,gyul e kim,김귤에,6900000.0,16.202170284417264,10877100.703444235,0.576391406296266,acrylic,canvas,9.627997520849709,1.4038461538461535,False,False
T4-E023,huber,val_cold,mond,몬드,7590000.0,15.910291612470985,8123662.136272156,0.07031121690015227,acrylic,canvas,9.273033441314606,1.2857142857142858,False,False
T4-E023,huber,val_cold,jinhee choi,최진희,2070000.0,15.195249574311584,3973864.3785073212,0.9197412456557107,acrylic,canvas,8.390636277614743,1.1996699669966997,False,False
T4-E023,huber,val_cold,choi myung ae,최명애,20700000.0,16.460423941214856,14082225.273719426,0.31969926213915817,acrylic,canvas,9.958669625812112,1.244819646968534,False,False
T4-E023,huber,val_cold,mond,몬드,14766000.0,16.457641467067617,14043096.30887149,0.04895731349915408,acrylic,canvas,9.955130785687968,1.2461538461538462,False,False
T4-E023,huber,val_cold,mond,몬드,7590000.0,15.910291612470985,8123662.136272156,0.07031121690015227,acrylic,canvas,9.273033441314606,1.2857142857142858,False,False
T4-E023,huber,val_cold,choi myung ae,최명애,6210000.0,15.524379263396916,5522710.130265611,0.11067469721970834,acrylic,canvas,8.796101385722906,1.250343878954608,False,False
T4-E023,huber,val_cold,lee hyo youn,이효윤,12420000.0,15.989668518115788,8794776.451196825,0.29188595400991746,acrylic,linen,9.145376160245226,1.4533001245330013,False,False
T4-E023,huber,val_cold,lee hyo youn,이효윤,19320000.0,16.63304189295838,16735485.327573525,0.13377405136783,acrylic,linen,9.957435819363184,1.2432847275518035,False,False
T4-E023,huber,val_cold,mond,몬드,14766000.0,16.457641467067617,14043096.30887149,0.04895731349915408,acrylic,canvas,9.955130785687968,1.2461538461538462,False,False
T4-E023,huber,val_cold,lee jin young 이진영,이진영,20700000.0,16.257772854372927,11499025.54324147,0.4444915196501706,acrylic,canvas,9.94270826568941,1.2307692307692308,True,False
T4-E023,huber,val_cold,so young so,소영소,4830000.0,14.90483471268925,2972264.6026063757,0.38462430587859714,mixed_media,paper,8.050384453067021,1.0363636363636364,False,False
T4-E023,huber,val_cold,taeseok ju 주태석,주태석,13800000.0,14.70812644558229,2441508.015697993,0.8230791292972469,acrylic,canvas,7.788004239509027,1.164835164835165,False,False
T4-E023,huber,val_cold,lee hyo youn,이효윤,11040000.0,15.989668518115788,8794776.451196825,0.20337169826115714,acrylic,linen,9.145376160245226,1.4533001245330013,False,False
T4-E023,huber,val_cold,green lee,이그리느,745200.0,14.70812644558229,2441508.015697993,2.2763124204213536,acrylic,canvas,7.788004239509027,1.164835164835165,False,False
T4-E023,huber,val_cold,mond,몬드,14766000.0,16.457641467067617,14043096.30887149,0.04895731349915408,acrylic,canvas,9.955130785687968,1.2461538461538462,False,False
T4-E023,huber,val_cold,gyul e kim,김귤에,9522000.0,16.238735124727924,11282180.868222043,0.18485411344486904,acrylic,canvas,9.671240186972447,1.438095238095238,False,False
T4-E023,huber,val_cold,lee hyo youn,이효윤,8280000.0,15.403245244229822,4892652.971186077,0.4090998827069955,acrylic,canvas,8.661466680572662,1.0,False,False
T4-E023,huber,val_cold,mond,몬드,7590000.0,15.910291612470985,8123662.136272156,0.07031121690015227,acrylic,canvas,9.273033441314606,1.2857142857142858,False,False
T4-E023,huber,val_cold,joohyun kim,김주현,1000000.0,13.509745165934754,736559.4018936557,0.26344059810634435,acrylic,canvas,6.284600470242227,1.4102564102564104,False,False
T4-E023,huber,val_cold,lee hyo youn,이효윤,2760000.0,14.881815964457077,2904628.2308195634,0.052401532905638905,acrylic,linen,7.788004239509027,1.164835164835165,False,False
T4-E023,huber,val_cold,choi myung ae,최명애,12420000.0,16.051351616480446,9354346.09703613,0.24683203727567385,acrylic,canvas,9.444550462634185,1.343298969072165,False,False
T4-E023,huber,val_cold,jinhee choi,최진희,4140000.0,15.8167320202027,7398087.066303087,0.7869775522471225,acrylic,canvas,9.146232691346842,1.4545454545454546,False,False
T4-E023,huber,val_cold,mond,몬드,4002000.0,15.203715303971864,4007648.8433419103,0.001411505082936102,acrylic,canvas,8.401333305321703,1.1967213114754098,False,False
T4-E023,huber,val_cold,mond,몬드,14766000.0,16.457641467067617,14043096.30887149,0.04895731349915408,acrylic,canvas,9.955130785687968,1.2461538461538462,False,False
T4-E023,huber,val_cold,taeseok ju 주태석,주태석,27600000.0,15.053297362509559,3447973.9737109807,0.8750734067496022,acrylic,canvas,8.19836438996762,1.454,False,False
T4-E023,huber,val_cold,mond,몬드,9108000.0,16.04933825847267,9335531.396134138,0.02498148837660717,acrylic,canvas,9.442245428958966,1.3402061855670102,False,False
T4-E023,huber,val_cold,taeseok ju 주태석,주태석,13800000.0,14.70812644558229,2441508.015697993,0.8230791292972469,acrylic,canvas,7.788004239509027,1.164835164835165,False,False
T4-E023,huber,val_cold,so young so,소영소,49680000.0,15.819789062927587,7420737.9392500585,0.850629268533614,mixed_media,paper,9.116029692504942,2.1538461538461537,False,False
T4-E023,huber,val_cold,jung boram,정보람,365700.0,13.41685124631241,671219.3390119862,0.835437076871715,mixed_media,paper,6.437351569715061,1.0408163265306123,True,False
T4-E023,huber,val_cold,jung boram,정보람,2070000.0,14.935018008551257,3063344.982867516,0.47987680331764065,mixed_media,paper,8.055157731819678,1.5555555555555556,False,False
T4-E023,huber,val_cold,jung boram,정보람,2070000.0,14.935018008551257,3063344.982867516,0.47987680331764065,mixed_media,paper,8.055157731819678,1.5555555555555556,False,False
T4-E023,huber,val_cold,jung boram,정보람,2070000.0,14.935018008551257,3063344.982867516,0.47987680331764065,mixed_media,paper,8.055157731819678,1.5555555555555556,False,False
T4-E023,huber,val_cold,jung boram,정보람,828000.0,14.258477686931792,1557321.142746556,0.8808226361673382,ink,paper,7.194436851100335,1.0277777777777777,False,False
T4-E023,huber,val_cold,jung boram,정보람,828000.0,14.258477686931792,1557321.142746556,0.8808226361673382,ink,paper,7.194436851100335,1.0277777777777777,False,False
T4-E023,huber,val_cold,jung boram,정보람,828000.0,14.258477686931792,1557321.142746556,0.8808226361673382,ink,paper,7.194436851100335,1.0277777777777777,False,False
T4-E023,huber,val_cold,jung boram,정보람,7314000.0,16.04799896387392,9323036.738240395,0.27468372138917074,ink,paper,9.39532504618962,1.3617021276595744,False,False
T4-E023,huber,val_cold,jung boram,정보람,735540.0,14.130704268021004,1370524.7696760388,0.8632906023819762,mixed_media,paper,7.13189833062943,4.085714285714285,True,False
T4-E023,huber,val_cold,jung boram,정보람,1449000.0,14.793303972059023,2658583.372219508,0.8347711333467964,mixed_media,paper,7.845807502637805,2.085714285714286,False,False
T4-E023,huber,val_cold,jung boram,정보람,828000.0,14.258477686931792,1557321.142746556,0.8808226361673382,ink,paper,7.194436851100335,1.0277777777777777,False,False
T4-E023,huber,val_cold,jung boram,정보람,662400.0,14.176236602639205,1434370.4536239074,1.1654143321616959,mixed_media,paper,7.090076835776092,1.92,False,False
T4-E023,huber,val_cold,jung boram,정보람,2484000.0,15.10005919453945,3613036.79645952,0.45452367007227046,ink,paper,8.475433257168007,1.0072463768115942,True,False
T4-E023,huber,val_cold,rakeum rhee,이락음,3174000.0,15.053546526119675,3448833.190392176,0.08658890686584,mixed_media,paper,8.457867725331422,1.2258064516129032,True,False
T4-E023,huber,val_cold,jung boram,정보람,662400.0,14.176236602639205,1434370.4536239074,1.1654143321616959,mixed_media,paper,7.090076835776092,1.92,False,False
T4-E023,huber,val_cold,jung boram,정보람,1725000.0,14.938312713891998,3073454.4466503393,0.7817127226958489,mixed_media,paper,8.062747901086354,1.5,False,False
T4-E023,huber,val_cold,jung boram,정보람,4278000.0,15.658061036949256,6312617.946272741,0.4756002679459423,ink,paper,8.902455592206882,1.5,False,False
T4-E023,huber,val_cold,jung boram,정보람,735540.0,14.130704268021004,1370524.7696760388,0.8632906023819762,mixed_media,paper,7.13189833062943,4.085714285714285,True,False
T4-E023,huber,val_cold,kim jung ah,김정아,5000000.0,15.4308000498765,5029343.667061008,0.005868733412201516,mixed_media,paper,8.675734219544788,1.4761904761904765,False,False
T4-E023,huber,val_cold,jung boram,정보람,2898000.0,15.165096765636031,3855829.6878021476,0.3305140399593332,mixed_media,paper,8.369273061339616,1.104,False,False
T4-E023,huber,val_cold,jung boram,정보람,666540.0,14.130704268021004,1370524.7696760388,1.0561778283014354,mixed_media,paper,7.13189833062943,4.085714285714285,True,False
T4-E023,huber,val_cold,jung boram,정보람,3036000.0,15.297510936223826,4401742.029032801,0.44984915317285945,mixed_media,paper,8.53934599605737,1.0140845070422535,False,False
T4-E023,huber,val_cold,jung boram,정보람,3864000.0,15.548781868960038,5659136.456180566,0.4645798282040802,mixed_media,paper,8.569785641535407,5.483870967741935,False,False
T4-E023,huber,val_cold,rakeum rhee,이락음,6072000.0,15.070355737128871,3507295.3299133885,0.4223821920432496,mixed_media,paper,8.43511508038063,1.9183673469387752,True,False
T4-E023,huber,val_cold,jung boram,정보람,1725000.0,14.58323075560916,2154848.0220214264,0.24918725914285586,mixed_media,paper,7.650121103329582,1.0514541387024607,False,False
T4-E023,huber,val_cold,jung boram,정보람,2484000.0,15.080372978250228,3542605.311954116,0.4261696102874863,ink,paper,8.080856419640986,3.15625,False,False
T4-E023,huber,val_cold,jung boram,정보람,662400.0,14.176236602639205,1434370.4536239074,1.1654143321616959,mixed_media,paper,7.090076835776092,1.92,False,False
T4-E023,huber,val_cold,rakeum rhee,이락음,2760000.0,14.907544677043374,2980330.2576131234,0.07982980348301573,mixed_media,paper,8.279950715722526,1.1724137931034482,True,False
T4-E023,huber,val_cold,rakeum rhee,이락음,2346000.0,14.53161532396649,2046446.2781398308,0.12768700846554526,mixed_media,paper,7.824046010856292,1.0,True,False
T4-E023,huber,val_cold,jung boram,정보람,3450000.0,15.10005919453945,3613036.79645952,0.047257042452034714,ink,paper,8.475433257168007,1.0072463768115942,True,False
T4-E023,huber,val_cold,rakeum rhee,이락음,2346000.0,14.53161532396649,2046446.2781398308,0.12768700846554526,mixed_media,paper,7.824046010856292,1.0,True,False
T4-E023,huber,val_cold,jung boram,정보람,2070000.0,15.054640130377923,3452606.912158167,0.6679260445208536,mixed_media,paper,8.201934351194222,1.5833333333333333,False,False
T4-E023,huber,val_cold,rakeum rhee,이락음,8418000.0,15.734653825552382,6815117.23563432,0.19041135238366352,mixed_media,paper,9.259892150805433,1.9189189189189189,True,False
T4-E023,huber,val_cold,so young so,소영소,4140000.0,15.100550898780654,3614813.778815044,0.1268565751654483,ink,paper,8.226840890408578,1.2363636363636363,False,False
T4-E023,huber,val_cold,rakeum rhee,이락음,2760000.0,15.142453864684272,3769503.543521568,0.36576215344984353,mixed_media,paper,8.580731212220226,1.0277777777777777,True,False
T4-E023,huber,val_cold,kim heejin,김희진,2760000.0,15.741140018166504,6859465.067523733,1.485313430262222,mixed_media,fabric,9.189525232262262,1.4216867469879515,False,False
T4-E023,huber,val_cold,jung boram,정보람,2484000.0,15.10005919453945,3613036.79645952,0.45452367007227046,ink,paper,8.475433257168007,1.0072463768115942,True,False
T4-E023,huber,val_cold,so young so,소영소,6210000.0,15.306136756720782,4439874.892829568,0.2850443006715671,ink,paper,8.496990484098719,1.0,False,False
T4-E023,huber,val_cold,so young so,소영소,4140000.0,14.28277566959401,1595624.3659244792,0.6145834864916716,ink,paper,7.215239978730097,1.1764705882352942,False,False
T4-E023,huber,val_cold,so young so,소영소,6210000.0,15.306136756720782,4439874.892829568,0.2850443006715671,ink,paper,8.496990484098719,1.0,False,False
T4-E023,huber,val_cold,rakeum rhee,이락음,2760000.0,14.907544677043374,2980330.2576131234,0.07982980348301573,mixed_media,paper,8.279950715722526,1.1724137931034482,True,False
T4-E023,huber,val_cold,jung boram,정보람,2622000.0,15.041004834103209,3405849.096761072,0.29895083781886805,mixed_media,paper,8.221747728346623,1.0,False,False
T4-E023,huber,val_cold,jung boram,정보람,1725000.0,14.938312713891998,3073454.4466503393,0.7817127226958489,mixed_media,paper,8.062747901086354,1.5,False,False
T4-E023,huber,val_cold,rakeum rhee,이락음,4140000.0,14.696720746520763,2413819.115814376,0.4169519043926628,mixed_media,paper,8.003028666384733,1.4130434782608696,True,False
T4-E023,huber,val_cold,kim heejin,김희진,2760000.0,15.619173573629439,6071848.053573383,1.199944946946878,mixed_media,fabric,9.03145291191651,1.527027027027027,False,False
T4-E023,huber,val_cold,so young so,소영소,6210000.0,15.306136756720782,4439874.892829568,0.2850443006715671,ink,paper,8.496990484098719,1.0,False,False
T4-E023,huber,val_cold,lee hyo youn,이효윤,1656000.0,13.954538441058519,1149156.1415858916,0.30606513189257756,gouache,paper,6.769641976852503,1.2884615384615383,False,False
T4-E023,huber,val_cold,lee hyo youn,이효윤,1242000.0,13.663014132071417,858561.9625433541,0.30872627814544756,gouache,canvas,6.39792915554923,1.240909090909091,False,False
T4-E023,huber,val_cold,lee hyo youn,이효윤,2070000.0,14.16703747654173,1421236.004302212,0.3134125583081101,gouache,paper,7.014814351275545,1.5849056603773586,False,False
T4-E023,huber,val_cold,bac jungwon,백정원_A,1656000.0,13.995040739577945,1196655.020501978,0.2773822339963901,mixed_media,fabric,7.02108396428914,1.4285714285714286,False,False
T4-E023,huber,val_cold,bac jungwon,백정원_A,1380000.0,13.656244735353301,852769.6433842392,0.38205098305489915,mixed_media,fabric,6.553933404025811,2.1666666666666665,False,False
T4-E023,huber,val_cold,bac jungwon,백정원_A,1794000.0,14.159542810090052,1410624.1304009,0.21369892396828316,mixed_media,fabric,7.247080584585756,1.0833333333333333,False,False
T4-E023,huber,val_cold,bac jungwon,백정원_A,2070000.0,14.090849380428264,1316976.82061263,0.36377931371370525,mixed_media,fabric,7.16703787691222,1.0,False,False
T4-E023,huber,val_cold,bac jungwon,백정원_A,2346000.0,14.536067286911006,2055577.291523302,0.12379484589799575,mixed_media,fabric,7.696212639346407,1.375,False,False
T4-E023,huber,val_cold,bac jungwon,백정원_A,1794000.0,14.157832824082634,1408214.0440704075,0.21504233886822324,mixed_media,fabric,7.248504072370611,1.027027027027027,False,False
T4-E023,huber,val_cold,bac jungwon,백정원_A,1794000.0,14.159542810090052,1410624.1304009,0.21369892396828316,mixed_media,fabric,7.247080584585756,1.0833333333333333,False,False
T4-E023,huber,val_cold,xooang choi,최수앙,3312000.0,14.607082457277006,2206862.6671611737,0.3336767309295973,mixed_media,paper,7.653969180478774,1.4605263157894737,False,False
T4-E023,huber,val_cold,lee hyo youn,이효윤,1932000.0,14.21919473537426,1497330.9813268224,0.22498396411655153,mixed_media,canvas,7.170596352834887,1.2861635220125784,False,False
T4-E023,huber,val_cold,lee hyo youn,이효윤,1656000.0,13.965646592427195,1161992.3029760723,0.29831382670527035,mixed_media,canvas,6.8565040889713424,1.2747252747252746,False,False
T4-E023,huber,val_cold,hwallam moon,문화르람,10074000.0,15.85899539060537,7717456.436741049,0.2339233237302909,painting_material,paper,9.22932403656295,1.6454891994917409,False,False
T4-E023,huber,val_cold,sori choi,최소리,8280000.0,15.088718619436499,3572294.339418266,0.5685634855775041,mixed_media,metal,7.8636512654486515,1.0,True,False
T4-E023,huber,val_cold,hwallam moon,문화르람,5520000.0,15.177639062243887,3904495.198088849,0.29266391338970127,painting_material,paper,8.410876663368603,1.2081967213114757,False,False
T4-E023,huber,val_cold,hwallam moon,문화르람,6762000.0,13.2184982761053,550453.7824889323,0.91859600968812,painting_material,paper,5.991464547107982,1.0,False,False
T4-E023,huber,val_cold,kim minchae,김민채,650000.0,13.953424366870125,1147876.6092694227,0.7659640142606503,oil,canvas,6.8565040889713424,1.2747252747252746,False,False
T4-E023,huber,val_cold,lee seungmin,이승민,1021200.0,14.309162266177335,1638287.859208186,0.6042771829300685,mixed_media,fabric,7.42321017113179,1.236413043478261,False,False
T4-E023,huber,val_cold,lee seungmin,이승민,2553000.0,14.929708537445592,3047123.343465114,0.19354615881908108,mixed_media,fabric,8.208589786150538,1.0,False,False
T4-E023,huber,val_cold,du hyun hwang,황두현,1380000.0,16.242922307446303,11329520.46157759,7.209797435925791,mixed_media,canvas,9.646657943567112,1.868131868131868,False,False
T4-E023,huber,val_cold,g sim seyeon,그심세연,18906000.0,16.462593478471142,14112810.351838686,0.25352743299277025,mixed_media,canvas,9.958669625812112,1.244819646968534,False,False
T4-E023,huber,val_cold,g sim seyeon,그심세연,5934000.0,15.526548800653202,5534704.862453246,0.0672893726907237,mixed_media,canvas,8.796101385722906,1.250343878954608,False,False
T4-E023,huber,val_cold,g sim seyeon,그심세연,5934000.0,15.695559675121595,6553826.759625749,0.10445344786413022,mixed_media,canvas,9.0217190130337,1.0,False,False
T4-E023,huber,val_cold,g sim seyeon,그심세연,9936000.0,15.695559675121595,6553826.759625749,0.3403958575255889,mixed_media,canvas,9.0217190130337,1.0,False,False
T4-E023,huber,val_cold,kwon jian,권지안,19527000.0,16.402766946006132,13293250.005880909,0.31923746577144935,mixed_media,canvas,9.869881646808048,1.475109170305677,False,False
T4-E023,huber,val_cold,kwon jian,권지안,19527000.0,16.470843591103232,14229724.240031298,0.271279549340334,mixed_media,canvas,9.968947524007914,1.2442748091603053,False,False
T4-E023,huber,val_cold,kwon jian,권지안,19527000.0,16.470843591103232,14229724.240031298,0.271279549340334,mixed_media,canvas,9.968947524007914,1.2442748091603053,False,False
T4-E023,huber,val_cold,kwon jian,권지안,19527000.0,16.470843591103232,14229724.240031298,0.271279549340334,mixed_media,canvas,9.968947524007914,1.2442748091603053,False,False
T4-E023,huber,val_cold,kwon jian,권지안,11730000.0,15.910971734756638,8129189.099224437,0.3069745013448903,mixed_media,canvas,9.271322576910975,1.2835164835164834,False,False
T4-E023,huber,val_cold,kwon jian,권지안,2001000.0,13.738416955806414,925803.1923741598,0.5373297389434484,mixed_media,canvas,6.591673732008658,1.0,False,False
T4-E023,huber,val_cold,kwon jian,권지안,2001000.0,13.738416955806414,925803.1923741598,0.5373297389434484,mixed_media,canvas,6.591673732008658,1.0,False,False
T4-E023,huber,val_cold,kwon jian,권지안,690000.0,13.18930675653681,534617.4677254996,0.22519207576014544,mixed_media,canvas,5.882374864520278,1.4367088607594936,False,False
T4-E023,huber,val_cold,kwon jian,권지안,20010000.0,16.402766946006132,13293250.005880909,0.3356696648735178,mixed_media,canvas,9.869881646808048,1.475109170305677,False,False
T4-E023,huber,val_cold,kwon jian,권지안,8280000.0,15.530559811031075,5556949.202411605,0.32887086927396075,mixed_media,canvas,8.80131894766524,1.2465753424657535,False,False
T4-E023,huber,val_cold,kwon jian,권지안,16560000.0,16.152055598028678,10345431.694135046,0.375275863880734,mixed_media,canvas,9.494466128225186,2.493150684931507,False,False
T4-E023,huber,val_cold,oh gil suk 오길석,오길석,2400000.0,14.484698765956756,1952651.5301513607,0.1863951957702664,painting_material,paper,7.788004239509027,1.164835164835165,True,False
T4-E023,huber,val_cold,oh gil suk 오길석,오길석,2400000.0,14.484698765956756,1952651.5301513607,0.1863951957702664,painting_material,paper,7.788004239509027,1.164835164835165,True,False
T4-E023,huber,val_cold,oh gil suk 오길석,오길석,11040000.0,15.520179805041627,5499566.368709191,0.5018508723995299,painting_material,paper,9.045947923831983,1.6052269601100413,True,False
T4-E023,huber,val_cold,oh gil suk 오길석,오길석,800000.0,13.129871207726115,503768.0423727004,0.3702899470341245,painting_material,paper,6.083587835983788,1.5176470588235291,True,False
T4-E023,huber,val_cold,kwon jian,권지안,11730000.0,15.910971734756638,8129189.099224437,0.3069745013448903,mixed_media,canvas,9.271322576910975,1.2835164835164834,False,False
T4-E023,huber,val_cold,kwon jian,권지안,6348000.0,15.197419111567868,3982495.1843699934,0.3726378096455587,mixed_media,canvas,8.390636277614743,1.1996699669966997,False,False
T4-E023,huber,val_cold,kwon jian,권지안,11730000.0,15.910971734756638,8129189.099224437,0.3069745013448903,mixed_media,canvas,9.271322576910975,1.2835164835164834,False,False
T4-E023,huber,val_cold,kwon jian,권지안,690000.0,13.18930675653681,534617.4677254996,0.22519207576014544,mixed_media,canvas,5.882374864520278,1.4367088607594936,False,False
T4-E023,huber,val_cold,kwon jian,권지안,690000.0,13.18930675653681,534617.4677254996,0.22519207576014544,mixed_media,canvas,5.882374864520278,1.4367088607594936,False,False
T4-E023,huber,val_cold,kwon jian,권지안,690000.0,13.18930675653681,534617.4677254996,0.22519207576014544,mixed_media,canvas,5.882374864520278,1.4367088607594936,False,False
T4-E023,huber,val_cold,kwon jian,권지안,690000.0,13.18930675653681,534617.4677254996,0.22519207576014544,mixed_media,canvas,5.882374864520278,1.4367088607594936,False,False
T4-E023,huber,val_cold,oh gil suk 오길석,오길석,2070000.0,14.657402252463203,2320752.982632194,0.12113670658560105,painting_material,paper,7.878155336503324,3.1379310344827585,True,False
T4-E023,huber,val_cold,oh gil suk 오길석,오길석,2070000.0,14.621154286177546,2238136.7869881326,0.08122550096045054,painting_material,paper,7.9355873855892,1.5116279069767442,True,False
T4-E023,huber,val_cold,oh gil suk 오길석,오길석,2070000.0,14.621154286177546,2238136.7869881326,0.08122550096045054,painting_material,paper,7.9355873855892,1.5116279069767442,True,False
T4-E023,huber,val_cold,oh gil suk 오길석,오길석,2000000.0,14.33565103198719,1682263.9474859573,0.15886802625702134,painting_material,paper,7.613324979540639,1.0,True,False
T4-E023,huber,val_cold,oh gil suk 오길석,오길석,2000000.0,14.33565103198719,1682263.9474859573,0.15886802625702134,painting_material,paper,7.613324979540639,1.0,True,False
T4-E023,huber,val_cold,oh gil suk 오길석,오길석,700000.0,13.167548275446784,523110.64314694813,0.25269908121864554,painting_material,paper,6.135175204774281,1.4413407821229052,True,False
T4-E023,huber,val_cold,oh gil suk 오길석,오길석,700000.0,13.129871207726115,503768.0423727004,0.28033136803899944,painting_material,paper,6.083587835983788,1.5176470588235291,True,False
T4-E023,huber,val_cold,lee hyo youn,이효윤,6900000.0,15.68801609397092,6504573.442380473,0.057308196756453184,oil,linen,8.796101385722906,1.250343878954608,False,False
T4-E023,huber,val_cold,lee hyo youn,이효윤,3036000.0,15.0016672707645,3274472.255685909,0.078548173809588,mixed_media,unknown,7.788004239509027,1.164835164835165,False,False
T4-E023,huber,val_cold,oh gil suk 오길석,오길석,2070000.0,14.407473265003354,1807532.5931127055,0.12679584873782343,painting_material,paper,7.455298485683291,1.1973684210526316,False,False
T4-E023,huber,val_cold,oh gil suk 오길석,오길석,2070000.0,14.378051525542645,1755126.5587723143,0.15211277353994476,painting_material,paper,7.417580402414544,1.2162162162162162,False,False
T4-E023,huber,val_cold,oh gil suk 오길석,오길석,1104000.0,13.548492457271394,765659.2123776904,0.3064681047303529,painting_material,paper,6.386879319362645,1.2272727272727273,False,False
T4-E023,huber,val_cold,kim jung ah,김정아,8000000.0,16.26605345716425,11594639.731467398,0.4493299664334247,mixed_media,canvas,9.712932190815067,1.2719298245614037,False,False
T4-E023,huber,val_cold,kim jung ah,김정아,700000.0,13.865031186571606,1050767.2678566205,0.5010960969380293,mixed_media,unknown,6.354804728915475,1.5128205128205128,False,False
T4-E023,huber,val_cold,kim jung ah,김정아,4500000.0,15.576907322499778,5820561.673351445,0.2934581496336545,mixed_media,paper,8.860782895806315,1.4184397163120568,False,False
T4-E023,huber,val_cold,kim jung ah,김정아,4500000.0,15.576907322499778,5820561.673351445,0.2934581496336545,mixed_media,paper,8.860782895806315,1.4184397163120568,False,False
T4-E023,huber,val_cold,sori choi,최소리,345000000.0,15.930446829370181,8289057.499305768,0.9759737463788238,sculpture_material,metal,8.1886891244442,4.0,True,False
T4-E023,huber,val_cold,bac jungwon,백정원_A,800000.0,14.164515312647506,1417655.9308308444,0.7720699135385556,charcoal,paper,7.1049654482698426,1.4482758620689655,False,False
T4-E023,huber,val_cold,bac jungwon,백정원_A,800000.0,14.339093161526936,1688064.495304548,1.110080619130685,charcoal,paper,7.325148957955575,1.393939393939394,False,False
T4-E023,huber,val_cold,bac jungwon,백정원_A,4000000.0,15.30870339258824,4451285.071599749,0.11282126789993722,oil,canvas,8.759354748566208,1.5076923076923077,True,False
T4-E023,huber,val_cold,bac jungwon,백정원_A,2000000.0,15.162353551981116,3845266.817880039,0.9226334089400196,oil,paper,8.358431899031295,1.462962962962963,False,False
T4-E023,huber,val_cold,bac jungwon,백정원_A,4000000.0,15.17749629717053,3903937.8123340243,0.024015546916493914,oil,canvas,8.599510233905452,1.459016393442623,True,False
T4-E023,huber,val_cold,bac jungwon,백정원_A,800000.0,13.602625327902093,808248.8945688804,0.010311118211100548,mixed_media,paper,6.411818267709897,1.380952380952381,False,False
T4-E023,huber,val_cold,bac jungwon,백정원_A,800000.0,14.339093161526936,1688064.495304548,1.110080619130685,charcoal,paper,7.325148957955575,1.393939393939394,False,False
T4-E023,huber,val_cold,bac jungwon,백정원_A,2000000.0,15.162353551981116,3845266.817880039,0.9226334089400196,oil,paper,8.358431899031295,1.462962962962963,False,False
T4-E023,huber,val_cold,bac jungwon,백정원_A,4000000.0,15.17749629717053,3903937.8123340243,0.024015546916493914,oil,canvas,8.599510233905452,1.459016393442623,True,False
T4-E023,huber,val_cold,bac jungwon,백정원_A,800000.0,14.164515312647506,1417655.9308308444,0.7720699135385556,charcoal,paper,7.1049654482698426,1.4482758620689655,False,False
T4-E023,huber,val_cold,bac jungwon,백정원_A,800000.0,14.164515312647506,1417655.9308308444,0.7720699135385556,charcoal,paper,7.1049654482698426,1.4482758620689655,False,False
T4-E023,huber,val_cold,bac jungwon,백정원_A,800000.0,14.339093161526936,1688064.495304548,1.110080619130685,charcoal,paper,7.325148957955575,1.393939393939394,False,False
T4-E023,huber,val_cold,bac jungwon,백정원_A,800000.0,13.697520025374553,888704.4663045886,0.11088058288073574,mixed_media,paper,6.53124199282374,1.3555555555555556,False,False
T4-E023,huber,val_cold,bac jungwon,백정원_A,800000.0,14.339093161526936,1688064.495304548,1.110080619130685,charcoal,paper,7.325148957955575,1.393939393939394,False,False
T4-E023,huber,val_cold,bac jungwon,백정원_A,800000.0,14.339093161526936,1688064.495304548,1.110080619130685,charcoal,paper,7.325148957955575,1.393939393939394,False,False
T4-E023,huber,val_cold,bac jungwon,백정원_A,2500000.0,15.520736031455538,5502626.223695717,1.2010504894782867,mixed_media,paper,8.760923376338836,1.896551724137931,False,False
T4-E023,huber,val_cold,bac jungwon,백정원_A,800000.0,14.164515312647506,1417655.9308308444,0.7720699135385556,charcoal,paper,7.1049654482698426,1.4482758620689655,False,False
T4-E023,huber,val_cold,bac jungwon,백정원_A,800000.0,14.164515312647506,1417655.9308308444,0.7720699135385556,charcoal,paper,7.1049654482698426,1.4482758620689655,False,False
T4-E023,huber,val_cold,bac jungwon,백정원_A,800000.0,14.339093161526936,1688064.495304548,1.110080619130685,charcoal,paper,7.325148957955575,1.393939393939394,False,False
T4-E023,huber,val_cold,bac jungwon,백정원_A,800000.0,14.164515312647506,1417655.9308308444,0.7720699135385556,charcoal,paper,7.1049654482698426,1.4482758620689655,False,False
T4-E023,huber,val_cold,bac jungwon,백정원_A,800000.0,13.602625327902093,808248.8945688804,0.010311118211100548,mixed_media,paper,6.411818267709897,1.380952380952381,False,False
T4-E023,huber,val_cold,bac jungwon,백정원_A,800000.0,14.164515312647506,1417655.9308308444,0.7720699135385556,charcoal,paper,7.1049654482698426,1.4482758620689655,False,False
T4-E023,huber,val_cold,bac jungwon,백정원_A,800000.0,14.339093161526936,1688064.495304548,1.110080619130685,charcoal,paper,7.325148957955575,1.393939393939394,False,False
T4-E023,huber,val_cold,bac jungwon,백정원_A,800000.0,14.339093161526936,1688064.495304548,1.110080619130685,charcoal,paper,7.325148957955575,1.393939393939394,False,False
T4-E023,huber,val_cold,bac jungwon,백정원_A,4000000.0,15.17749629717053,3903937.8123340243,0.024015546916493914,oil,canvas,8.599510233905452,1.459016393442623,True,False
T4-E023,huber,val_cold,bac jungwon,백정원_A,800000.0,14.339093161526936,1688064.495304548,1.110080619130685,charcoal,paper,7.325148957955575,1.393939393939394,False,False
T4-E023,huber,val_cold,bac jungwon,백정원_A,2500000.0,15.520736031455538,5502626.223695717,1.2010504894782867,mixed_media,paper,8.760923376338836,1.896551724137931,False,False
T4-E023,huber,val_cold,bac jungwon,백정원_A,4000000.0,15.17749629717053,3903937.8123340243,0.024015546916493914,oil,canvas,8.599510233905452,1.459016393442623,True,False
T4-E023,huber,val_cold,bac jungwon,백정원_A,800000.0,14.339093161526936,1688064.495304548,1.110080619130685,charcoal,paper,7.325148957955575,1.393939393939394,False,False
T4-E023,huber,val_cold,bac jungwon,백정원_A,800000.0,14.339093161526936,1688064.495304548,1.110080619130685,charcoal,paper,7.325148957955575,1.393939393939394,False,False
T4-E023,huber,val_cold,bac jungwon,백정원_A,2500000.0,15.520736031455538,5502626.223695717,1.2010504894782867,mixed_media,paper,8.760923376338836,1.896551724137931,False,False
T4-E023,huber,val_cold,bac jungwon,백정원_A,800000.0,14.164515312647506,1417655.9308308444,0.7720699135385556,charcoal,paper,7.1049654482698426,1.4482758620689655,False,False
T4-E023,huber,val_cold,bac jungwon,백정원_A,6000000.0,16.447144738947785,13896460.688449582,1.3160767814082637,painting_material,canvas,9.953419921284338,1.5410958904109588,False,False
T4-E023,huber,val_cold,bac jungwon,백정원_A,800000.0,14.003854183087931,1207248.2849240925,0.5090603561551156,charcoal,paper,6.915723448631314,1.2857142857142858,False,False
T4-E023,huber,val_cold,bac jungwon,백정원_A,800000.0,14.339093161526936,1688064.495304548,1.110080619130685,charcoal,paper,7.325148957955575,1.393939393939394,False,False
T4-E023,huber,val_cold,lee minwoo,이민우,4500000.0,15.795680159838374,7243971.472118823,0.6097714382486273,painting_material,unknown,8.80131894766524,1.2465753424657535,False,False
T4-E023,huber,val_cold,lee minwoo,이민우,12000000.0,16.7249313531312,18346169.29912697,0.5288474415939143,painting_material,unknown,9.955130785687968,1.2461538461538462,False,False
T4-E023,huber,val_cold,lee minwoo,이민우,3000000.0,15.471005190035445,5235669.011609125,0.7452230038697083,painting_material,unknown,8.401333305321703,1.1967213114754098,False,False
T4-E023,huber,val_cold,lee minwoo,이민우,7500000.0,16.17758149853457,10612907.410369616,0.41505432138261544,painting_material,unknown,9.273033441314606,1.2857142857142858,False,False
T4-E023,huber,val_cold,lee minwoo,이민우,7500000.0,16.17758149853457,10612907.410369616,0.41505432138261544,painting_material,unknown,9.273033441314606,1.2857142857142858,False,False
T4-E023,huber,val_cold,lee minwoo,이민우,450000.0,13.520132717272464,744250.3262751343,0.653889613944743,painting_material,unknown,5.991464547107982,1.0,False,False
T4-E023,huber,val_cold,lee minwoo,이민우,7500000.0,16.082788787503684,9653091.527022729,0.28707887026969714,painting_material,unknown,9.144200569471638,1.4625,False,False
T4-E023,huber,val_cold,lee minwoo,이민우,12000000.0,16.7249313531312,18346169.29912697,0.5288474415939143,painting_material,unknown,9.955130785687968,1.2461538461538462,False,False
T4-E023,huber,val_cold,lee minwoo,이민우,12000000.0,16.7249313531312,18346169.29912697,0.5288474415939143,painting_material,unknown,9.955130785687968,1.2461538461538462,False,False
T4-E023,huber,val_cold,lee minwoo,이민우,12000000.0,16.912192653197764,22124422.64104467,0.8437018867537224,painting_material,unknown,10.187613308785131,1.2465753424657535,False,False
T4-E023,huber,val_cold,lee minwoo,이민우,7500000.0,16.178394463185885,10621538.836988928,0.4162051782651904,painting_material,unknown,9.27413173906367,1.2843029637760703,False,False
T4-E023,huber,val_cold,lee minwoo,이민우,20000000.0,17.085773330497894,26318254.149038773,0.31591270745193867,painting_material,unknown,10.390532647636716,1.4466666666666668,False,False
T4-E023,huber,val_cold,lee minwoo,이민우,50000000.0,18.11736914188308,73836898.32174113,0.4767379664348227,painting_material,unknown,11.489144936304823,4.34,False,False
T4-E023,huber,val_cold,lee minwoo,이민우,7500000.0,16.082788787503684,9653091.527022729,0.28707887026969714,painting_material,unknown,9.144200569471638,1.4625,False,False
T4-E023,huber,val_cold,lee minwoo,이민우,3000000.0,15.471005190035445,5235669.011609125,0.7452230038697083,painting_material,unknown,8.401333305321703,1.1967213114754098,False,False
T4-E023,huber,val_cold,lee minwoo,이민우,3000000.0,15.471005190035445,5235669.011609125,0.7452230038697083,painting_material,unknown,8.401333305321703,1.1967213114754098,False,False
T4-E023,huber,val_cold,kwon jian,권지안,2000000.0,14.09062808377655,1316685.4102970979,0.3416572948514511,painting_material,unknown,6.69980817454921,1.0,False,False
T4-E023,huber,val_cold,kwon jian,권지안,700000.0,13.603454617011582,808919.4445763836,0.1555992065376908,painting_material,unknown,6.0690041245634,1.4114285714285717,False,False
T4-E023,huber,val_cold,kwon jian,권지안,700000.0,13.596326887641288,803174.1853433057,0.14739169334757957,painting_material,unknown,6.06087399848015,1.4,False,False
T4-E023,huber,val_cold,kwon jian,권지안,8500000.0,15.824300796796518,7454293.97497299,0.12302423823847172,painting_material,unknown,8.835246842513433,1.272108843537415,False,False
T4-E023,huber,val_cold,kwon jian,권지안,4000000.0,15.015670578996147,3320648.2537834,0.16983793655414997,painting_material,unknown,7.840411364942557,1.1263157894736842,False,False
T4-E023,huber,val_cold,kwon jian,권지안,20000000.0,16.73596393991053,18549695.650658406,0.07251521746707969,painting_material,unknown,9.968947524007914,1.2442748091603053,False,False
T4-E023,huber,val_cold,kwon jian,권지안,20000000.0,16.73596393991053,18549695.650658406,0.07251521746707969,painting_material,unknown,9.968947524007914,1.2442748091603053,False,False
T4-E023,huber,val_cold,kwon jian,권지안,700000.0,13.578270801076432,788802.1445969848,0.12686020656712121,painting_material,unknown,6.040254711277414,1.3714285714285714,False,False
T4-E023,huber,val_cold,kwon jian,권지안,12000000.0,16.176092083563937,10597112.152957074,0.11690732058691047,painting_material,unknown,9.271322576910975,1.2835164835164834,False,False
T4-E023,huber,val_cold,kwon jian,권지안,700000.0,13.578270801076432,788802.1445969848,0.12686020656712121,painting_material,unknown,6.040254711277414,1.3714285714285714,False,False
T4-E023,huber,val_cold,kwon jian,권지안,700000.0,13.496387083155847,726785.8040278918,0.03826543432555976,painting_material,unknown,5.935317386484981,1.4233128834355828,False,False
T4-E023,huber,val_cold,kwon jian,권지안,12000000.0,16.176092083563937,10597112.152957074,0.11690732058691047,painting_material,unknown,9.271322576910975,1.2835164835164834,False,False
T4-E023,huber,val_cold,kwon jian,권지안,12000000.0,16.176092083563937,10597112.152957074,0.11690732058691047,painting_material,unknown,9.271322576910975,1.2835164835164834,False,False
T4-E023,huber,val_cold,kwon jian,권지안,20000000.0,16.73596393991053,18549695.650658406,0.07251521746707969,painting_material,unknown,9.968947524007914,1.2442748091603053,False,False
T4-E023,huber,val_cold,kwon jian,권지안,20000000.0,16.6631854465871,17247632.516237173,0.13761837418814135,painting_material,unknown,9.864538802397552,1.467248908296943,False,False
T4-E023,huber,val_cold,kwon jian,권지안,6500000.0,15.462539460375167,5191532.3413262265,0.20130271671904207,painting_material,unknown,8.390636277614743,1.1996699669966997,False,False
T4-E023,huber,val_cold,kwon jian,권지안,17000000.0,16.422284013051854,13555243.614505503,0.20263272855849981,painting_material,unknown,9.499945593989812,2.506849315068493,False,False
T4-E023,huber,val_cold,kwon jian,권지안,700000.0,13.556970703877193,772178.2559764767,0.10311179425210958,painting_material,unknown,6.0112671744041615,1.411764705882353,False,False
T4-E023,huber,val_cold,kwon jian,권지안,700000.0,13.575069421215375,786280.9271376077,0.12325846733943958,painting_material,unknown,6.031886461606898,1.4411764705882353,False,False
T4-E023,huber,val_cold,gyul e kim,김귤에,300000.0,13.405514672741198,663652.9809146725,1.2121766030489083,mixed_media,canvas,6.39792915554923,1.240909090909091,True,False
T4-E023,huber,val_cold,gyul e kim,김귤에,8600000.0,16.56936148007632,15702986.577226274,0.8259286717704969,acrylic,canvas,10.327970666480054,1.2564102564102564,True,False
T4-E023,huber,val_cold,gyul e kim,김귤에,480000.0,13.812905986026536,997398.8170168538,1.0779142021184456,mixed_media,canvas,6.918932579572262,1.0,True,False
T4-E023,huber,val_cold,gyul e kim,김귤에,8600000.0,16.523771668673476,15003163.977749797,0.7445539509011392,mixed_media,canvas,10.272910889297028,1.189102564102564,True,False
T4-E023,huber,val_cold,gyul e kim,김귤에,9000000.0,16.639934688344592,16851238.07533817,0.8723597861486856,mixed_media,canvas,10.40644228192155,1.358974358974359,True,False
T4-E023,huber,val_cold,gyul e kim,김귤에,2400000.0,15.237806871918488,4146631.4836400775,0.7277631181833656,mixed_media,canvas,8.652894727574965,1.5594059405940597,True,False
T4-E023,huber,val_cold,gyul e kim,김귤에,4000000.0,15.721888610234684,6728673.705675582,0.6821684264188956,mixed_media,canvas,9.271322576910975,1.2835164835164834,True,False
T4-E023,huber,val_cold,gyul e kim,김귤에,1200000.0,15.339764518421964,4591716.68895446,2.8264305741287172,mixed_media,canvas,7.906915488678587,1.154639175257732,True,True
T4-E023,huber,val_cold,gyul e kim,김귤에,9000000.0,16.639358277668315,16841527.640671015,0.871280848963446,mixed_media,canvas,10.414213171301784,1.224242424242424,True,False
T4-E023,huber,val_cold,gyul e kim,김귤에,2400000.0,15.256517879823848,4224949.558239207,0.7603956492663361,mixed_media,canvas,8.675222055641148,1.5737704918032789,True,False
T4-E023,huber,val_cold,gyul e kim,김귤에,2400000.0,15.229197219680131,4111083.6753238277,0.7129515313849282,mixed_media,canvas,8.660643973821198,1.2666666666666666,True,False
T4-E023,huber,val_cold,gyul e kim,김귤에,8600000.0,16.570370369672062,15718837.151401324,0.8277717617908517,mixed_media,canvas,10.323742746116928,1.300653594771242,True,False
T4-E023,huber,val_cold,gyul e kim,김귤에,9000000.0,16.567086152124762,15667297.750234073,0.7408108611371192,mixed_media,canvas,10.322855565813285,1.25,True,False
T4-E023,huber,val_cold,gyul e kim,김귤에,400000.0,13.325697885614003,612741.166796707,0.5318529169917674,mixed_media,canvas,6.314000842300227,1.0,True,False
T4-E023,huber,val_cold,gyul e kim,김귤에,1040000.0,14.715045902295087,2458460.5081064496,1.36390433471774,mixed_media,canvas,8.012217092439139,1.4260869565217391,True,False
T4-E023,huber,val_cold,gyul e kim,김귤에,100000.0,12.602534690785744,297311.203010081,1.9731120301008103,mixed_media,canvas,5.41610040220442,1.0,True,False
T4-E023,huber,val_cold,gyul e kim,김귤에,400000.0,13.386235629557975,650980.931426368,0.6274523285659199,mixed_media,canvas,6.3891662645983125,1.0,True,False
T4-E023,huber,val_cold,gyul e kim,김귤에,2400000.0,15.054097358784938,3450733.443683234,0.43780560153468084,mixed_media,canvas,8.459479329225765,1.0087719298245612,True,False
T4-E023,huber,val_cold,gyul e kim,김귤에,960000.0,14.567934262559096,2122137.222299881,1.2105596065623758,mixed_media,canvas,7.853216388156072,1.0505050505050506,True,False
T4-E023,huber,val_cold,gyul e kim,김귤에,300000.0,13.219453646090953,550979.9207995674,0.8365997359985579,mixed_media,canvas,6.182084906716632,1.0,True,False
T4-E023,huber,val_cold,gyul e kim,김귤에,640000.0,14.252942254960443,1548724.5124851088,1.4198820507579826,mixed_media,canvas,7.452663438045286,1.200527704485488,True,False
T4-E023,huber,val_cold,gyul e kim,김귤에,300000.0,13.826616850952329,1011168.1968217979,2.3705606560726595,mixed_media,canvas,6.927557906278317,1.1333333333333333,True,False
T4-E023,huber,val_cold,gyul e kim,김귤에,2400000.0,15.271597452064617,4289142.777034263,0.7871428237642764,mixed_media,canvas,8.724207360800564,1.0933333333333333,True,False
T4-E023,huber,val_cold,gyul e kim,김귤에,2800000.0,15.297103305739085,4399948.110448593,0.5714100394459262,mixed_media,canvas,8.747806375432315,1.2214484679665738,True,False
T4-E023,huber,val_cold,gyul e kim,김귤에,7200000.0,16.197633604066407,10827866.53868515,0.5038703525951598,mixed_media,canvas,9.86526633971593,1.232,True,False
T4-E023,huber,val_cold,hanna lee,이한나,4186400.0,16.04129892817966,9260780.850541387,1.2121108471577935,oil,canvas,9.444550462634185,1.343298969072165,False,False
T4-E023,huber,val_cold,hanna lee,이한나,928700.0,14.618879228690146,2233050.6849141284,1.4044908850157514,oil,canvas,7.681421976600878,1.2958435207823962,False,False
T4-E023,huber,val_cold,hanna lee,이한나,1476700.0,14.854161549686818,2825402.9503608374,0.9133222390200023,oil,canvas,8.19836438996762,1.454,True,False
T4-E023,huber,val_cold,hanna lee,이한나,3075100.0,15.617596207379961,6062278.075046528,0.9714084338871998,oil,canvas,9.146232691346842,1.4545454545454546,True,False
T4-E023,huber,val_cold,hanna lee,이한나,989600.0,14.281405925465911,1593440.264989803,0.6101862014852497,oil,canvas,7.478847813534776,1.5868263473053892,True,False
T4-E023,huber,val_cold,hanna lee,이한나,989600.0,14.508990632759549,2000665.8993015282,1.0216914908059096,oil,canvas,7.788004239509027,1.164835164835165,True,False
T4-E023,huber,val_cold,hanna lee,이한나,989600.0,14.429796104168192,1848335.5773401856,0.8677602842968731,oil,canvas,7.681421976600878,1.2958435207823962,True,False
T4-E023,huber,val_cold,hanna lee,이한나,6135000.0,16.261288128392117,11539518.8999034,0.880932176023374,oil,canvas,9.958669625812112,1.244819646968534,True,False
T4-E023,huber,val_cold,hanna lee,이한나,4917100.0,15.949029728656932,8444532.332505522,0.7173806374703631,oil,canvas,9.55488706511493,1.5,True,False
T4-E023,huber,val_cold,hanna lee,이한나,6135000.0,16.261288128392117,11539518.8999034,0.880932176023374,oil,canvas,9.958669625812112,1.244819646968534,True,False
T4-E023,huber,val_cold,hanna lee,이한나,593800.0,14.203567653734176,1474113.947556194,1.4825091740589322,oil,panel,7.110696122978827,1.0,False,False
T4-E023,huber,val_cold,hanna lee,이한나,822100.0,14.429803153925327,1848348.607703041,1.2483257604951234,oil,canvas,7.452663438045286,1.200527704485488,False,False
T4-E023,huber,val_cold,hanna lee,이한나,1476700.0,14.89691572486238,2948820.2257844238,0.9968986427740393,oil,canvas,8.256633298091595,1.3716981132075472,True,False
T4-E023,huber,val_cold,hanna lee,이한나,2207400.0,15.191289596130657,3958159.0791193754,0.7931317745399001,oil,canvas,8.614054894258702,1.5,True,False
T4-E023,huber,val_cold,hanna lee,이한나,989600.0,14.489151757941762,1961366.0602308041,0.9819786380666978,oil,panel,7.681421976600878,1.2958435207823962,True,False
T4-E023,huber,val_cold,yerang hwang,황예랑,600000.0,13.65290701833188,849928.0844280104,0.4165468073800173,mixed_media,paper,6.478755387740309,1.3094170403587444,False,False
T4-E023,huber,val_cold,yerang hwang,황예랑,600000.0,13.617600945645162,820444.0078176105,0.36740667969601754,mixed_media,paper,6.428912701069197,1.4047619047619049,False,False
T4-E023,huber,val_cold,yerang hwang,황예랑,600000.0,13.742722048906709,929797.452972676,0.5496624216211267,mixed_media,paper,6.587770376218372,1.3491379310344829,False,False
T4-E023,huber,val_cold,yerang hwang,황예랑,800000.0,13.967515770885845,1164166.3051239382,0.4552078814049228,mixed_media,paper,6.798654443708587,2.432291666666667,False,False
T4-E023,huber,val_cold,yerang hwang,황예랑,800000.0,13.948180127609428,1141872.626609592,0.42734078326199,ink,paper,6.758663448239559,1.829493087557604,False,False
T4-E023,huber,val_cold,yerang hwang,황예랑,600000.0,14.194826035448639,1461283.9652224632,1.4354732753707722,mixed_media,paper,7.157540761242768,1.2153846153846153,False,False
T4-E023,huber,val_cold,yerang hwang,황예랑,600000.0,13.649586489234618,847110.5539279109,0.4118509232131848,mixed_media,paper,6.47426099815247,1.3153153153153154,False,False
T4-E023,huber,val_cold,yerang hwang,황예랑,800000.0,13.92018862833806,1110353.097254199,0.3879413715677487,mixed_media,paper,6.802394763324311,1.44,False,False
T4-E023,huber,val_cold,yerang hwang,황예랑,600000.0,13.652568490338995,849640.4086753865,0.41606734779231075,mixed_media,paper,6.477679804901255,1.31981981981982,False,False
T4-E023,huber,val_cold,yerang hwang,황예랑,1000000.0,14.534897916561599,2053174.965265978,1.0531749652659779,mixed_media,paper,7.575584651557793,1.2820512820512822,False,False
T4-E023,huber,val_cold,yerang hwang,황예랑,800000.0,13.907909587296512,1096802.3910992916,0.37100298887411454,mixed_media,paper,6.788408521349571,1.42,False,False
T4-E023,huber,val_cold,yerang hwang,황예랑,800000.0,13.706309103244644,896549.7851186282,0.12068723139828522,mixed_media,paper,6.5337888379333435,1.4883720930232558,False,False
T4-E023,huber,val_cold,yerang hwang,황예랑,600000.0,13.36379955537016,636538.101005914,0.06089683500985673,mixed_media,paper,6.099197246910864,1.6363636363636365,False,False
T4-E023,huber,val_cold,yerang hwang,황예랑,800000.0,13.65290701833188,849928.0844280104,0.06241010553501299,mixed_media,paper,6.478755387740309,1.3094170403587444,False,False
T4-E023,huber,val_cold,yerang hwang,황예랑,600000.0,13.777210050836398,962423.6822546814,0.6040394704244689,pencil,paper,6.181754273551113,1.3125,False,False
T4-E023,huber,val_cold,yerang hwang,황예랑,800000.0,14.13309821186532,1373809.6593638116,0.7172620742047645,mixed_media,paper,7.070520178226873,1.3801369863013695,False,False
T4-E023,huber,val_cold,yerang hwang,황예랑,600000.0,13.617600945645162,820444.0078176105,0.36740667969601754,mixed_media,paper,6.428912701069197,1.4047619047619049,False,False
T4-E023,huber,val_cold,yerang hwang,황예랑,600000.0,13.330000931378379,615383.5010445816,0.025639168407636075,ink,paper,6.025865973825314,1.2777777777777777,False,False
T4-E023,huber,val_cold,yerang hwang,황예랑,800000.0,13.42085743205364,673913.7619328346,0.1576077975839567,mixed_media,paper,6.156978985585555,1.84375,False,False
T4-E023,huber,val_cold,yerang hwang,황예랑,600000.0,13.517540071427455,742323.2479543258,0.2372054132572096,mixed_media,paper,6.307606517255945,1.3582089552238803,False,False
T4-E023,huber,val_cold,yerang hwang,황예랑,600000.0,13.413860646392813,669214.9891088908,0.11535831518148461,mixed_media,paper,6.181754273551113,1.3125,False,False
T4-E023,huber,val_cold,yerang hwang,황예랑,600000.0,13.617600945645162,820444.0078176105,0.36740667969601754,mixed_media,paper,6.428912701069197,1.4047619047619049,False,False
T4-E023,huber,val_cold,michelle sakhai,미체르레삭하이,21312500.0,15.949079904433273,8444956.054101333,0.6037557276667996,painting_material,unknown,9.242087070288765,1.0,True,False
T4-E023,huber,val_cold,michelle sakhai,미체르레삭하이,22834800.0,16.027508014319444,9133942.835883522,0.5999989999525495,painting_material,unknown,9.31844651494733,1.3336980306345734,True,False
T4-E023,huber,val_cold,michelle sakhai,미체르레삭하이,6089300.0,14.911711454247525,2992774.5380586013,0.5085191174587225,painting_material,unknown,7.932972162073471,1.334792122538293,True,False
T4-E023,huber,val_cold,michelle sakhai,미체르레삭하이,30446400.0,16.301004184661746,12007045.79056955,0.6056333165638778,painting_material,unknown,9.647552178396928,1.5000000000000002,True,False
T4-E023,huber,val_cold,michelle sakhai,미체르레삭하이,22834800.0,16.027508014319444,9133942.835883522,0.5999989999525495,painting_material,unknown,9.31844651494733,1.3336980306345734,True,False
T4-E023,huber,val_cold,michelle sakhai,미체르레삭하이,22834800.0,16.02903063516212,9147860.960945942,0.5993894861813573,painting_material,unknown,9.320360017014732,1.3333333333333333,True,False
T4-E023,huber,val_cold,michelle sakhai,미체르레삭하이,12178600.0,15.818843868364585,7413727.211869064,0.39124963363037923,painting_material,unknown,8.954404997836981,3.0000000000000004,True,False
T4-E023,huber,val_cold,michelle sakhai,미체르레삭하이,3653600.0,14.61977958520512,2235062.13202043,0.38825757279931294,painting_material,unknown,7.528600547786677,2.0,True,False
T4-E023,huber,val_cold,michelle sakhai,미체르레삭하이,16745600.0,15.778661766158923,7121733.808395511,0.5747101442530868,painting_material,unknown,9.03049095692021,1.0,True,False
T4-E023,huber,val_cold,michelle sakhai,미체르레삭하이,21312500.0,15.949079904433273,8444956.054101333,0.6037557276667996,painting_material,unknown,9.242087070288765,1.0,True,False
T4-E023,huber,val_cold,michelle sakhai,미체르레삭하이,18267900.0,16.02903063516212,9147860.960945942,0.49923850245808543,painting_material,unknown,9.320360017014732,1.3333333333333333,True,False
T4-E023,huber,val_cold,michelle sakhai,미체르레삭하이,21312500.0,15.949079904433273,8444956.054101333,0.6037557276667996,painting_material,unknown,9.242087070288765,1.0,True,False
T4-E023,huber,val_cold,michelle sakhai,미체르레삭하이,60892800.0,16.832198441681527,20423534.41527011,0.6645985335660356,painting_material,unknown,10.315448847987986,1.3674293405114402,True,False
T4-E023,huber,val_cold,michelle sakhai,미체르레삭하이,42625000.0,16.59466213814568,16105351.05092469,0.6221618521777199,painting_material,unknown,10.012140591884046,1.5004101722723544,True,False
T4-E023,huber,val_cold,michelle sakhai,미체르레삭하이,3805800.0,14.662149272799532,2331795.833819109,0.38730468395104606,painting_material,unknown,7.644196595800317,1.0,True,False
T4-E023,huber,val_cold,michelle sakhai,미체르레삭하이,98950800.0,17.325411880536073,33444967.357743684,0.6620040731581384,painting_material,unknown,10.871211808965125,2.2664041994750654,True,False
T4-E023,huber,val_cold,michelle sakhai,미체르레삭하이,11417400.0,15.485685351275803,5313096.409737103,0.5346491837250948,painting_material,unknown,8.666722925385201,1.0,True,False
T4-E023,huber,val_cold,michelle sakhai,미체르레삭하이,45669600.0,16.653423589326138,17080082.718664903,0.6260076129708843,painting_material,unknown,10.011593695507276,2.6673960612691467,True,False
T4-E023,huber,val_cold,michelle sakhai,미체르레삭하이,22834800.0,16.262638450651195,11555111.494277371,0.4939692270448013,painting_material,unknown,9.474042203040964,3.498360655737705,True,False
T4-E023,huber,val_cold,michelle sakhai,미체르레삭하이,16745600.0,15.778661766158923,7121733.808395511,0.5747101442530868,painting_material,unknown,9.03049095692021,1.0,True,False
T4-E023,huber,val_cold,michelle sakhai,미체르레삭하이,9134000.0,15.319136354040932,4497968.255654841,0.5075576685291394,painting_material,unknown,8.444235326865911,1.2491803278688525,True,False
T4-E023,huber,val_cold,michelle sakhai,미체르레삭하이,27401800.0,16.301004184661746,12007045.79056955,0.561815435826495,painting_material,unknown,9.647552178396928,1.5000000000000002,True,False
T4-E023,huber,val_cold,michelle sakhai,미체르레삭하이,9134000.0,15.319136354040932,4497968.255654841,0.5075576685291394,painting_material,unknown,8.444235326865911,1.2491803278688525,True,False
T4-E023,huber,val_cold,michelle sakhai,미체르레삭하이,11417400.0,15.485685351275803,5313096.409737103,0.5346491837250948,painting_material,unknown,8.666722925385201,1.0,True,False
T4-E023,huber,val_cold,jina jung,정진아,5328200.0,15.33658815258303,4577154.856019168,0.14095663525784163,acrylic,canvas,8.779557455883728,1.5384615384615383,True,False
T4-E023,huber,val_cold,jina jung,정진아,776400.0,13.784786829945531,969743.4490149845,0.24902556544949064,acrylic,canvas,6.869534066161939,1.2727272727272727,True,False
T4-E023,huber,val_cold,jina jung,정진아,900000.0,14.38779451998397,1772310.3218002284,0.9692336908891427,acrylic,canvas,7.63542465191381,1.0,True,False
T4-E023,huber,val_cold,jina jung,정진아,7916100.0,15.882747097509602,7902953.4145009415,0.0016607402002322455,acrylic,canvas,9.472704636443671,1.3,True,False
T4-E023,huber,val_cold,jina jung,정진아,2511900.0,15.195249574311584,3973864.3785073212,0.5820153582974327,acrylic,canvas,8.390636277614743,1.1996699669966997,False,False
T4-E023,huber,val_cold,jina jung,정진아,395900.0,13.413406677527194,668911.2552874952,0.6895965023680102,acrylic,canvas,6.411473380656988,1.2242152466367713,True,False
T4-E023,huber,val_cold,jina jung,정진아,2207400.0,14.846757744246927,2804561.4649828807,0.2705270748314219,acrylic,canvas,8.205286730073592,1.0,True,False
T4-E023,huber,val_cold,jina jung,정진아,989600.0,14.576877644505924,2141201.4281906416,1.1637039492629766,acrylic,canvas,7.63542465191381,1.0,False,False
T4-E023,huber,val_cold,jina jung,정진아,3805800.0,15.485867817927659,5314065.961102678,0.3963072050824212,acrylic,canvas,8.764053269347762,1.0,False,False
T4-E023,huber,val_cold,jina jung,정진아,1674600.0,14.696799902484983,2414010.191556235,0.44154436376223266,acrylic,canvas,7.992099595852542,1.4285714285714286,True,False
T4-E023,huber,val_cold,dain lim,임다인,1248400.0,14.41440954827816,1820113.7339433667,0.4579571723352825,oil,linen,7.452663438045286,1.200527704485488,True,False
T4-E023,huber,val_cold,dain lim,임다인,3714500.0,15.502943979826838,5405589.019111728,0.4552669320532315,oil,linen,8.80131894766524,1.2465753424657535,True,False
T4-E023,huber,val_cold,dain lim,임다인,6180700.0,15.653374443316764,6283102.488702638,0.016568105344481707,oil,linen,8.972178355987793,1.4993103448275862,True,False
T4-E023,huber,val_cold,dain lim,임다인,1248400.0,14.41440954827816,1820113.7339433667,0.4579571723352825,oil,linen,7.452663438045286,1.200527704485488,True,False
T4-E023,huber,val_cold,dain lim,임다인,6180700.0,15.653374443316764,6283102.488702638,0.016568105344481707,oil,linen,8.972178355987793,1.4993103448275862,True,False
T4-E023,huber,val_cold,dain lim,임다인,7429000.0,16.17633850019842,10599723.779429924,0.42680357779377087,oil,linen,9.489248566282852,3.5990099009900987,True,False
T4-E023,huber,val_cold,dain lim,임다인,3714500.0,15.499888284688838,5389096.39807197,0.45082686716165565,oil,linen,8.797200891056324,1.2517193947730398,True,False
T4-E023,huber,val_cold,dain lim,임다인,12361300.0,16.393602771639248,13171984.84115552,0.0655824906082305,oil,linen,9.806976652155283,2.8375,True,False
T4-E023,huber,val_cold,dain lim,임다인,2481400.0,15.173371078150236,3887866.385685182,0.5668035728561224,oil,linen,8.39475433422366,1.2046204620462049,True,False
T4-E023,huber,val_cold,dain lim,임다인,1248400.0,14.41440954827816,1820113.7339433667,0.4579571723352825,oil,linen,7.452663438045286,1.200527704485488,True,False
T4-E023,huber,val_cold,dain lim,임다인,1248400.0,14.41440954827816,1820113.7339433667,0.4579571723352825,oil,linen,7.452663438045286,1.200527704485488,True,False
T4-E023,huber,val_cold,dain lim,임다인,1491900.0,14.478626263553734,1940829.9785693483,0.3009115748839388,oil,linen,7.511251237589436,1.536231884057971,True,False
T4-E023,huber,val_cold,dain lim,임다인,2481400.0,15.169803280363631,3874019.9798754994,0.5612234947511483,oil,linen,8.390636277614743,1.1996699669966997,True,False
T4-E023,huber,val_cold,dain lim,임다인,1248400.0,14.41440954827816,1820113.7339433667,0.4579571723352825,oil,linen,7.452663438045286,1.200527704485488,True,False
T4-E023,huber,val_cold,dain lim,임다인,1248400.0,14.41440954827816,1820113.7339433667,0.4579571723352825,oil,linen,7.452663438045286,1.200527704485488,True,False
T4-E023,huber,val_cold,dain lim,임다인,6180700.0,15.653374443316764,6283102.488702638,0.016568105344481707,oil,linen,8.972178355987793,1.4993103448275862,True,False
T4-E023,huber,val_cold,dain lim,임다인,4947600.0,15.655600214520492,6297102.812270715,0.2727590775872574,oil,linen,8.990939806940807,1.2453300124533002,True,False
T4-E023,huber,val_cold,dain lim,임다인,12361300.0,16.393602771639248,13171984.84115552,0.0655824906082305,oil,linen,9.806976652155283,2.8375,True,False
T4-E023,huber,val_cold,kang miro,강미로,6000000.0,15.835724337476929,7539936.645361807,0.2566561075603012,mixed_media,unknown,9.053569596026234,1.2409638554216869,True,False
T4-E023,huber,val_cold,kang miro,강미로,2500000.0,15.155253398181696,3818061.527236891,0.5272246108947564,mixed_media,unknown,8.02322468471667,4.185185185185185,True,False
T4-E023,huber,val_cold,kang miro,강미로,6000000.0,16.024807461998883,9109309.422244303,0.5182182370407171,mixed_media,unknown,9.053569596026234,1.2409638554216869,False,False
T4-E023,huber,val_cold,kang miro,강미로,6000000.0,15.742318117040755,6867550.95765156,0.14459182627526004,mixed_media,unknown,8.791638037085997,3.558139534883721,True,False
T4-E023,huber,val_cold,kang miro,강미로,1500000.0,14.779389333949021,2621846.330769845,0.7478975538465632,mixed_media,unknown,7.522400231387125,1.0,False,False
T4-E023,huber,val_cold,kang miro,강미로,6000000.0,15.93140124156271,8296972.45331117,0.3828287422185284,mixed_media,unknown,8.791638037085997,3.558139534883721,False,False
T4-E023,huber,val_cold,kang miro,강미로,2500000.0,15.293164413311311,4382651.275702629,0.7530605102810517,mixed_media,unknown,8.126813720726114,1.5319148936170213,False,False
T4-E023,huber,val_cold,kang miro,강미로,6000000.0,15.93140124156271,8296972.45331117,0.3828287422185284,mixed_media,unknown,8.791638037085997,3.558139534883721,False,False
T4-E023,huber,val_cold,kang miro,강미로,2500000.0,15.293164413311311,4382651.275702629,0.7530605102810517,mixed_media,unknown,8.126813720726114,1.5319148936170213,False,False
T4-E023,huber,val_cold,kang miro,강미로,1500000.0,14.779389333949021,2621846.330769845,0.7478975538465632,mixed_media,unknown,7.522400231387125,1.0,False,False
T4-E023,huber,val_cold,kang miro,강미로,8000000.0,16.331898310703163,12383782.487990767,0.5479728109988459,mixed_media,unknown,9.42294862137501,1.4301075268817205,False,False
T4-E023,huber,val_cold,kang miro,강미로,9000000.0,16.331898310703163,12383782.487990767,0.3759758319989741,mixed_media,unknown,9.42294862137501,1.4301075268817205,False,False
T4-E023,huber,val_cold,kang miro,강미로,1500000.0,14.779389333949021,2621846.330769845,0.7478975538465632,mixed_media,unknown,7.522400231387125,1.0,False,False
T4-E023,huber,val_cold,kang miro,강미로,6000000.0,16.024807461998883,9109309.422244303,0.5182182370407171,mixed_media,unknown,9.053569596026234,1.2409638554216869,False,False
T4-E023,huber,val_cold,kang miro,강미로,6000000.0,15.93140124156271,8296972.45331117,0.3828287422185284,mixed_media,unknown,8.791638037085997,3.558139534883721,False,False
T4-E023,huber,val_cold,kang miro,강미로,8000000.0,16.331898310703163,12383782.487990767,0.5479728109988459,mixed_media,unknown,9.42294862137501,1.4301075268817205,False,False
T4-E023,huber,val_cold,haseullin jeong,정하슬린,3021900.0,15.333908794610442,4564907.434604011,0.5106083704305273,mixed_media,canvas,8.572682769078947,1.0,False,False
T4-E023,huber,val_cold,pakpoom silaphan,팍푸므실아프한,9155000.0,14.552403589218443,2089433.6141884467,0.7717713146708415,mixed_media,unknown,7.475339236566737,1.0,True,False
T4-E023,huber,val_cold,pakpoom silaphan,팍푸므실아프한,50625000.0,16.222119949638113,11096274.170693062,0.780814337369026,mixed_media,unknown,8.632305998516742,1.2878787878787878,True,True
T4-E023,huber,val_cold,pakpoom silaphan,팍푸므실아프한,50625000.0,16.559348882038016,15546543.392965412,0.6929077848303128,mixed_media,unknown,8.91905180393029,3.382978723404255,True,True
T4-E023,huber,val_cold,pakpoom silaphan,팍푸므실아프한,50625000.0,15.690406056109325,6520137.718240759,0.8712071561828986,mixed_media,unknown,7.973844375944687,1.2604166666666667,True,True
T4-E023,huber,val_cold,pakpoom silaphan,팍푸므실아프한,24300000.0,12.319378602499665,223994.9089102535,0.9907821025139814,mixed_media,unknown,4.702750514326955,1.0,True,False
T4-E023,huber,val_cold,pakpoom silaphan,팍푸므실아프한,10125000.0,11.277799947298101,79047.16252433757,0.9921928728371026,mixed_media,unknown,3.4094961844768505,1.0,True,False
T4-E023,huber,val_cold,pakpoom silaphan,팍푸므실아프한,16200000.0,12.071074685649075,174743.53883483965,0.9892133618003185,mixed_media,unknown,4.394449154672439,1.0,True,False
T4-E023,huber,val_cold,pakpoom silaphan,팍푸므실아프한,14175000.0,11.777393485352281,130273.77614701433,0.9908096101483589,mixed_media,unknown,4.029806041084529,1.0,True,False
T4-E023,huber,val_cold,pakpoom silaphan,팍푸므실아프한,19237500.0,14.97375079166307,3184324.675394442,0.8344730513115299,mixed_media,unknown,7.047517221357296,1.84,True,True
T4-E023,huber,val_cold,prae pupityastaporn,프래풉이트야스탑오느,2664100.0,13.90356437778971,1092046.8942198434,0.590087874246521,acrylic,canvas,6.774223886357614,1.4,False,False
T4-E023,huber,val_cold,jonghwan lee,이종환,650000.0,14.148731443329519,1395455.5001277607,1.1468546155811703,mixed_media,metal,6.4356694835320765,1.414285714285714,False,False
T4-E023,huber,val_cold,jonghwan lee,이종환,650000.0,14.148731443329519,1395455.5001277607,1.1468546155811703,mixed_media,metal,6.4356694835320765,1.414285714285714,False,False
T4-E023,huber,val_cold,jonghwan lee,이종환,5500000.0,16.779481734361184,19374759.773915812,2.5226835952574205,mixed_media,wood,10.135392609518911,1.4923076923076923,False,False
T4-E023,huber,val_cold,jonghwan lee,이종환,3500000.0,16.053706590054883,9376401.294411298,1.678971798403228,mixed_media,wood,9.498372383192253,1.0263157894736843,True,False
T4-E023,huber,val_cold,jonghwan lee,이종환,3200000.0,16.26452248369807,11576902.226977503,2.61778194593047,mixed_media,wood,9.489248566282852,1.5995599559955995,False,False
T4-E023,huber,val_cold,jonghwan lee,이종환,650000.0,14.414311709770894,1819935.6654437042,1.799901023759545,mixed_media,metal,6.768860960112828,1.359683794466403,False,False
T4-E023,huber,val_cold,joohyun kim,김주현,3000000.0,15.504307013343357,5412962.041818334,0.8043206806061113,acrylic,canvas,9.0217190130337,1.0,True,False
T4-E023,huber,val_cold,joohyun kim,김주현,2500000.0,14.704814362505715,2433434.915087919,0.026626033964832315,acrylic,canvas,8.003028666384733,1.4130434782608696,True,False
T4-E023,huber,val_cold,joohyun kim,김주현,7000000.0,16.268558342545663,11623719.380422378,0.6605313400603398,acrylic,canvas,9.955130785687968,1.2461538461538462,True,False
T4-E023,huber,val_cold,joohyun kim,김주현,3500000.0,15.554524360145207,5691727.484682138,0.6262078527663252,acrylic,canvas,9.045947923831983,1.6052269601100413,True,False
T4-E023,huber,val_cold,joohyun kim,김주현,1000000.0,13.387304616911154,651677.1938908042,0.3483228061091958,acrylic,canvas,6.379444340875127,1.2181818181818185,True,False
T4-E023,huber,val_cold,joohyun kim,김주현,7000000.0,16.052897815617424,9368820.96652993,0.33840299521856143,acrylic,canvas,9.66002521573902,1.6801242236024847,True,False
T4-E023,huber,val_cold,joohyun kim,김주현,1000000.0,13.382407236867442,648493.4852852538,0.35150651471474614,acrylic,canvas,6.354804728915475,1.5128205128205128,True,False
T4-E023,huber,val_cold,yejin yoon,윤예진,5328200.0,15.476455392149372,5264282.369386301,0.011996101988232165,oil,canvas,8.99961934066053,1.0,True,False
T4-E023,huber,val_cold,yejin yoon,윤예진,3805800.0,15.32925446095205,4543710.200050792,0.19389095592274733,oil,canvas,8.80131894766524,1.2465753424657535,True,False
T4-E023,huber,val_cold,yejin yoon,윤예진,3805800.0,15.19705796652532,3981057.185655868,0.046050025134234104,oil,canvas,8.621733370690162,1.4918032786885247,True,False
T4-E023,huber,val_cold,yejin yoon,윤예진,6850500.0,15.850202445649929,7649894.735555388,0.11669144377131421,oil,canvas,9.442245428958966,1.3402061855670102,True,False
T4-E023,huber,val_cold,yejin yoon,윤예진,6850500.0,15.850202445649929,7649894.735555388,0.11669144377131421,oil,canvas,9.442245428958966,1.3402061855670102,True,False
T4-E023,huber,val_cold,xooang choi,최수앙,3000000.0,14.599126270243344,2189374.1183595676,0.2702086272134775,mixed_media,paper,7.644919344958857,1.4473684210526316,False,False
T4-E023,huber,val_cold,xooang choi,최수앙,13000000.0,15.492785030462802,5350951.911685326,0.5883883144857441,mixed_media,paper,8.068402958569699,1.8095238095238095,True,True
T4-E023,huber,val_cold,xooang choi,최수앙,3000000.0,14.599126270243344,2189374.1183595676,0.2702086272134775,mixed_media,paper,7.644919344958857,1.4473684210526316,False,False
T4-E023,huber,val_cold,xooang choi,최수앙,35000000.0,16.057676952058603,9413703.003485154,0.7310370570432813,mixed_media,paper,8.774312958285378,1.7377049180327868,True,True
T4-E023,huber,val_cold,xooang choi,최수앙,32000000.0,15.891019010698692,7968597.084148707,0.750981341120353,mixed_media,paper,8.563695025067657,1.7962962962962965,True,True
T4-E023,huber,val_cold,imhathai suwatthanasilp,이므하타이수와트한아실프,11861000.0,16.435844483806157,13740311.064036205,0.1584445716243323,mixed_media,unknown,9.798127036878302,1.25,True,False
T4-E023,huber,val_cold,imhathai suwatthanasilp,이므하타이수와트한아실프,11861000.0,16.435844483806157,13740311.064036205,0.1584445716243323,mixed_media,unknown,9.798127036878302,1.25,True,False
T4-E023,huber,val_cold,imhathai suwatthanasilp,이므하타이수와트한아실프,11861000.0,16.435844483806157,13740311.064036205,0.1584445716243323,mixed_media,unknown,9.798127036878302,1.25,True,False
T4-E023,huber,val_cold,imhathai suwatthanasilp,이므하타이수와트한아실프,427000.0,12.683673240249565,322440.28660157515,0.24487052318132282,other,unknown,4.1588830833596715,1.0,True,True
T4-E023,huber,val_cold,imhathai suwatthanasilp,이므하타이수와트한아실프,7116600.0,15.737285101036852,6833073.2998559605,0.03984019056066654,mixed_media,canvas,9.287301413112312,1.3333333333333333,True,False
T4-E023,huber,val_cold,yerim choi,최예림,900000.0,15.72517002911688,6750789.568485669,6.50087729831741,acrylic,paper,9.049848797768878,1.382165605095541,False,False
T4-E023,huber,val_cold,yerim choi,최예림,950000.0,15.205452169165914,4014615.637567697,3.225911197439681,oil,canvas,8.414938957377482,1.213114754098361,False,False
T4-E023,huber,val_cold,yerim choi,최예림,950000.0,15.898749509199568,8030437.030803506,7.453091611372112,oil,canvas,9.271322576910975,1.2835164835164834,False,False
T4-E023,huber,val_cold,yerim choi,최예림,600000.0,13.831658471671963,1016278.9958836581,0.6937983264727634,oil,canvas,6.699032250329157,1.374485596707819,False,False
T4-E023,huber,val_cold,yerim choi,최예림,950000.0,15.898749509199568,8030437.030803506,7.453091611372112,oil,canvas,9.271322576910975,1.2835164835164834,False,False
T4-E023,huber,val_cold,hansol noh,노한솔,800000.0,14.176819395372469,1435206.637938491,0.7940082974231139,mixed_media,paper,7.122059881629142,1.423728813559322,False,False
T4-E023,huber,val_cold,hansol noh,노한솔,480000.0,13.538430415520724,757993.7472051209,0.5791536400106685,mixed_media,paper,6.3561076606958915,1.0,False,False
T4-E023,huber,val_cold,hansol noh,노한솔,2400000.0,15.871903386884988,7817719.038246209,2.257382932602587,ink,paper,9.104979856318357,2.5,False,False
T4-E023,huber,val_cold,hansol noh,노한솔,480000.0,13.538430415520724,757993.7472051209,0.5791536400106685,mixed_media,paper,6.3561076606958915,1.0,False,False
T4-E023,huber,val_cold,dian suci,디안수시,2435800.0,15.011983255164147,3308426.4949784023,0.35825047006256766,mixed_media,paper,8.160518247477505,1.4,False,False
T4-E023,huber,val_cold,blake daniels,브락에단이에르스,9999999.0,14.867736120200107,2864018.0808826825,0.7135981632715481,oil,canvas,7.981049759665957,1.4444444444444444,False,False
T4-E023,huber,val_cold,natagon khamkayprong,나타곤크햄카이프롱,1033400.0,15.189427995838559,3950797.423377773,2.8231056932240883,oil,linen,8.411832675758411,1.25,True,False
T4-E023,huber,val_cold,natagon khamkayprong,나타곤크햄카이프롱,3131300.0,16.45627340941137,14023897.67885943,3.4786183626159835,oil,canvas,10.203592144986466,1.2,True,False
T4-E023,huber,val_cold,ha ninh pham,하닌흐프햄,3349200.0,15.56335414349482,5742206.737723122,0.7145009965732481,mixed_media,paper,8.834045641167798,1.5757575757575757,False,False
T4-E023,huber,val_cold,ha ninh pham,하닌흐프햄,6089300.0,16.205508326200203,10913469.586725479,0.7922371350936034,mixed_media,paper,9.65117262392164,1.2612612612612613,False,False
T4-E023,huber,val_cold,jung uk yang,정욱양,25879500.0,15.988305706796238,8782798.993657341,0.6606271761951605,mixed_media,wood,8.40737832540903,2.8,True,True
T4-E023,huber,val_cold,jung uk yang,정욱양,28924100.0,16.644425468213473,16927083.45103069,0.41477579419823984,mixed_media,wood,9.159047077588632,3.8,True,True
T4-E023,huber,val_cold,ryan lee,이라이언,2000000.0,14.545944858047335,2075982.0110800122,0.0379910055400061,acrylic,canvas,6.915723448631314,1.2857142857142858,True,True
T4-E023,huber,val_cold,ryan lee,이라이언,2000000.0,14.545944858047335,2075982.0110800122,0.0379910055400061,acrylic,canvas,6.915723448631314,1.2857142857142858,True,True
T4-E023,huber,val_cold,hojin kim,김호진,5300000.0,15.7197190729784,6714091.421509897,0.26680970217167876,acrylic,canvas,9.271322576910975,1.2835164835164834,True,False
T4-E023,huber,val_cold,uji handoko eko saputro aka hahan,우지한독오에코삽우트로,8372800.0,15.152306930237389,3806828.2886531358,0.5453339039923162,mixed_media,canvas,8.56197533418813,1.3174603174603174,True,False
T4-E023,huber,val_cold,jaeyoon yoo,유재윤,3805800.0,16.13197318586084,10139742.74876126,1.6642868119084715,mixed_media,unknown,9.405084448768694,1.5,True,False
T4-E023,huber,val_cold,아리아나 파파데메트로풀로스,아리아나 파파데메트로풀로스,99715000.0,16.572181474724456,15747331.412045013,0.8420766042015242,oil,canvas,10.093839281025346,1.5,False,False
T4-E023,huber,val_cold,안드레아 칼슨,안드레아 칼슨,22985600.0,15.522343555714139,5511478.942409981,0.7602203578583991,gouache,paper,8.715804677251699,1.295918367346939,False,False
T4-E023,huber,val_cold,스기모토 히로시,스기모토 히로시,571360000.0,17.384237007677235,35471389.77472213,0.9379176180083973,print,unknown,10.231613628078405,1.195538057742782,False,False
