experiment_id,split,size_set,actual_price_krw,pred_log_price,pred_price_krw,ape
T4-E033,val_warm,no_size,604440.0,13.123618176716047,500627.79345088114,0.171749398698165
T4-E033,val_warm,no_size,1800900.0,14.933287261112207,3058047.6918422612,0.6980663511812212
T4-E033,val_warm,no_size,234600.0,13.454155672184838,696731.6944166918,1.969870820190502
T4-E033,val_warm,no_size,9813180.0,15.145162860321747,3779728.9562222133,0.6148313842992573
T4-E033,val_warm,no_size,4816200.0,14.721751420162109,2475001.1537887924,0.48610914127553
T4-E033,val_warm,no_size,3615600.0,15.144369234334626,3776730.455099868,0.04456534326249257
T4-E033,val_warm,no_size,2219040.0,14.712222316704459,2451528.6254281034,0.10476991195656833
T4-E033,val_warm,no_size,364320.0,14.077397813265492,1299380.035959865,2.5665899098590934
T4-E033,val_warm,no_size,2797260.0,14.808458301968681,2699179.246456898,0.03506315235019347
T4-E033,val_warm,no_size,558900.0,14.577844349714878,2143272.3395838337,2.8348046870349504
T4-E033,val_warm,no_size,12268200.0,15.049323095304473,3434297.9978152914,0.7200650463951279
T4-E033,val_warm,no_size,4429800.0,14.983481880411828,3215462.880015283,0.27412910740546237
T4-E033,val_warm,no_size,1283400.0,14.547800483672653,2079837.8328719218,0.6205686713977886
T4-E033,val_warm,no_size,964620.0,14.285144204980226,1599408.1379283215,0.6580706785348858
T4-E033,val_warm,no_size,19666380.0,15.791266772710923,7212071.4669871265,0.6332791562561526
T4-E033,val_warm,no_size,1407600.0,15.259457303650878,4237386.745766381,2.010362848654718
T4-E033,val_warm,no_size,1283400.0,15.06293416525035,3481362.0374533744,1.7126087248351054
T4-E033,val_warm,no_size,12282000.0,14.901721316098465,2963025.154621981,0.7587505980604151
T4-E033,val_warm,no_size,41262000.0,15.17914571442239,3910382.3481150544,0.9052304214988354
T4-E033,val_warm,no_size,1535940.0,14.927113389858055,3039225.86067043,0.9787399642371643
T4-E033,val_warm,no_size,2856600.0,14.698801854200303,2418847.7640776513,0.15324239862856145
T4-E033,val_warm,no_size,7051800.0,15.305089321243143,4435226.845040572,0.3710503920927179
T4-E033,val_warm,no_size,9784200.0,15.860302261592205,7727548.749889608,0.21020126838273875
T4-E033,val_warm,no_size,3808800.0,14.983594494000837,3215825.0052202526,0.15568551637779549
T4-E033,val_warm,no_size,2760000.0,14.971763699876664,3178003.4125314504,0.1514505117867574
T4-E033,val_warm,no_size,3339600.0,15.146809355981375,3785957.3896804517,0.13365594372992326
T4-E033,val_warm,no_size,9880800.0,15.434370086455017,5047330.69598999,0.4891779313426049
T4-E033,val_warm,no_size,1324800.0,14.837375555901813,2778371.592366121,1.0972007792618665
T4-E033,val_warm,no_size,2111400.0,14.885037947508215,2914001.9866811596,0.38012787092979045
T4-E033,val_warm,no_size,786600.0,14.365690393543991,1733564.7464577653,1.2038707684436376
T4-E033,val_warm,no_size,2235600.0,15.037106836147686,3392598.9452541443,0.517533970859789
T4-E033,val_warm,no_size,3767400.0,15.012122302895458,3308886.5561612295,0.12170553799404643
T4-E033,val_warm,no_size,772800.0,14.660947170356517,2328994.4604568877,2.0137091879618114
T4-E033,val_warm,no_size,6900000.0,15.022206294228482,3342422.14161511,0.5155909939688247
T4-E033,val_warm,no_size,4623000.0,14.997328153830766,3260294.7189116417,0.2947664462661385
T4-E033,val_warm,no_size,690000.0,15.65751054496705,6309143.857023456,8.143686749309357
T4-E033,val_warm,no_size,1794000.0,14.47545544734445,1934685.7097353537,0.07842012805761077
T4-E033,val_warm,no_size,276000.0,14.021793035107406,1229100.3477177655,3.453262129412194
T4-E033,val_warm,no_size,2346000.0,14.67384414656091,2359225.9751183186,0.005637670553417976
T4-E033,val_warm,no_size,1794000.0,15.24420007794679,4173226.676727246,1.3262133092125117
T4-E033,val_warm,no_size,8694000.0,15.291746799622828,4376442.770932751,0.4966134378959339
T4-E033,val_warm,no_size,42780000.0,16.213053210040698,10996121.855855767,0.7429611534395566
T4-E033,val_warm,no_size,676200.0,14.804939974328995,2689699.3360041287,2.9776683466491107
T4-E033,val_warm,no_size,3174000.0,15.373953503181102,4751417.265452707,0.4969808649819493
T4-E033,val_warm,no_size,4429800.0,14.725442204773215,2484152.727815481,0.4392178590872092
T4-E033,val_warm,no_size,1104000.0,14.515275391859026,2013279.196768344,0.8236224608408912
T4-E033,val_warm,no_size,10184400.0,15.190243822204096,3954021.9032096476,0.6117570104071278
T4-E033,val_warm,no_size,4692000.0,15.287182446718425,4356512.660290337,0.0715019905604567
T4-E033,val_warm,no_size,1656000.0,15.254507013571185,4216462.285997921,1.5461728780180681
T4-E033,val_warm,no_size,565800.0,13.977791798754144,1176190.98769155,1.0788105120034466
T4-E033,val_warm,no_size,2346000.0,15.074284119750773,3521100.426033578,0.5008953222649523
T4-E033,val_warm,no_size,2000000.0,15.016605868372746,3323755.473666953,0.6618777368334765
T4-E033,val_warm,no_size,455400.0,14.385248297459931,1767803.365630907,2.8818694897472708
T4-E033,val_warm,no_size,13386000.0,14.81354630750624,2712947.682646658,0.7973294723855776
T4-E033,val_warm,no_size,276000.0,14.843889305442424,2796528.2789064897,9.132348836617716
T4-E033,val_warm,no_size,2760000.0,14.648204241789902,2299504.5434204824,0.16684617992011505
T4-E033,val_warm,no_size,552000.0,14.51668054893905,2016110.1587931104,2.6523734760744753
T4-E033,val_warm,no_size,3864000.0,15.25814767159227,4231840.960501142,0.09519693594750048
T4-E033,val_warm,no_size,73871400.0,15.530919742415305,5558949.682826368,0.924748283059122
T4-E033,val_warm,no_size,2450000.0,14.401276707200829,1796366.7435638164,0.26678908425966674
T4-E033,val_warm,no_size,9000000.0,15.01651289727427,3323446.4748337013,0.6307281694629221
T4-E033,val_warm,no_size,10397500.0,14.597385243680069,2185565.676124109,0.7897989251142958
T4-E033,val_warm,no_size,1826800.0,15.218129286809377,4065833.352871117,1.2256587217380759
T4-E033,val_warm,no_size,700000.0,14.925906567750221,3035560.268015086,3.3365146685929803
T4-E033,val_warm,no_size,1202700.0,14.358334167284506,1720859.0422611723,0.43082983475610903
T4-E033,val_warm,no_size,7002700.0,15.047759564093342,3428932.56131414,0.5103413595735731
T4-E033,val_warm,no_size,2283500.0,15.03317898842886,3379299.469482597,0.4798771488866201
T4-E033,val_cold,no_size,4678200.0,14.90909020410431,2984940.000000001,0.36194690265486706
T4-E033,val_cold,no_size,10639800.0,14.90909020410431,2984940.000000001,0.7194552529182878
T4-E033,val_cold,no_size,993600.0,14.979161242811609,3201600.000000008,2.2222222222222303
T4-E033,val_cold,no_size,1573200.0,14.90909020410431,2984940.000000001,0.8973684210526321
T4-E033,val_cold,no_size,17912400.0,14.921495600961796,3022199.9999999977,0.8312788906009246
T4-E033,val_cold,no_size,1959600.0,14.979161242811609,3201600.000000008,0.6338028169014125
T4-E033,val_cold,no_size,19458000.0,14.921495600961796,3022199.9999999977,0.8446808510638298
T4-E033,val_cold,no_size,17843400.0,14.921495600961796,3022199.9999999977,0.8306264501160094
T4-E033,val_cold,no_size,17843400.0,14.921495600961796,3022199.9999999977,0.8306264501160094
T4-E033,val_cold,no_size,407100.0,14.979161242811609,3201600.000000008,6.864406779661036
T4-E033,val_cold,no_size,1035000.0,14.979161242811609,3201600.000000008,2.093333333333341
T4-E033,val_cold,no_size,1094340.0,14.979161242811609,3201600.000000008,1.925598991172769
T4-E033,val_cold,no_size,1860240.0,14.90909020410431,2984940.000000001,0.6045994065281904
T4-E033,val_cold,no_size,1959600.0,14.979161242811609,3201600.000000008,0.6338028169014125
T4-E033,val_cold,no_size,4512600.0,14.90909020410431,2984940.000000001,0.3385321100917429
T4-E033,val_cold,no_size,4512600.0,14.90909020410431,2984940.000000001,0.3385321100917429
T4-E033,val_cold,no_size,4077900.0,14.90909020410431,2984940.000000001,0.2680203045685277
T4-E033,val_cold,no_size,500940.0,14.979161242811609,3201600.000000008,5.3911845730027705
T4-E033,val_cold,no_size,4512600.0,14.90909020410431,2984940.000000001,0.3385321100917429
T4-E033,val_cold,no_size,3063600.0,14.90909020410431,2984940.000000001,0.025675675675675372
T4-E033,val_cold,no_size,1573200.0,14.90909020410431,2984940.000000001,0.8973684210526321
T4-E033,val_cold,no_size,4567800.0,14.90909020410431,2984940.000000001,0.34652567975830795
T4-E033,val_cold,no_size,1959600.0,14.979161242811609,3201600.000000008,0.6338028169014125
T4-E033,val_cold,no_size,4719600.0,14.979161242811609,3201600.000000008,0.3216374269005831
T4-E033,val_cold,no_size,2898000.0,14.921495600961796,3022199.9999999977,0.04285714285714205
T4-E033,val_cold,no_size,4015800.0,14.921495600961796,3022199.9999999977,0.24742268041237173
T4-E033,val_cold,no_size,745200.0,14.921495600961796,3022199.9999999977,3.0555555555555522
T4-E033,val_cold,no_size,1280640.0,14.921495600961796,3022199.9999999977,1.3599137931034464
T4-E033,val_cold,no_size,500940.0,14.979161242811609,3201600.000000008,5.3911845730027705
T4-E033,val_cold,no_size,2018940.0,14.979161242811609,3201600.000000008,0.5857826384142213
T4-E033,val_cold,no_size,4077900.0,14.90909020410431,2984940.000000001,0.2680203045685277
T4-E033,val_cold,no_size,4512600.0,14.90909020410431,2984940.000000001,0.3385321100917429
T4-E033,val_cold,no_size,4077900.0,14.90909020410431,2984940.000000001,0.2680203045685277
T4-E033,val_cold,no_size,7438200.0,14.90909020410431,2984940.000000001,0.5987012987012986
T4-E033,val_cold,no_size,8914800.0,14.90909020410431,2984940.000000001,0.6651702786377708
T4-E033,val_cold,no_size,6072000.0,14.921495600961796,3022199.9999999977,0.5022727272727276
T4-E033,val_cold,no_size,2815200.0,14.979161242811609,3201600.000000008,0.13725490196078713
T4-E033,val_cold,no_size,732780.0,14.979161242811609,3201600.000000008,3.369114877589465
T4-E033,val_cold,no_size,2014800.0,14.979161242811609,3201600.000000008,0.5890410958904149
T4-E033,val_cold,no_size,2815200.0,14.90909020410431,2984940.000000001,0.06029411764705916
T4-E033,val_cold,no_size,4491900.0,14.90909020410431,2984940.000000001,0.33548387096774174
T4-E033,val_cold,no_size,2815200.0,14.90909020410431,2984940.000000001,0.06029411764705916
T4-E033,val_cold,no_size,2394300.0,14.979161242811609,3201600.000000008,0.3371757925072079
T4-E033,val_cold,no_size,16380600.0,14.90909020410431,2984940.000000001,0.8177759056444819
T4-E033,val_cold,no_size,16366800.0,14.90909020410431,2984940.000000001,0.8176222596964586
T4-E033,val_cold,no_size,890100.0,14.921495600961796,3022199.9999999977,2.3953488372093
T4-E033,val_cold,no_size,745200.0,14.921495600961796,3022199.9999999977,3.0555555555555522
T4-E033,val_cold,no_size,1035000.0,14.979161242811609,3201600.000000008,2.093333333333341
T4-E033,val_cold,no_size,1711200.0,14.90909020410431,2984940.000000001,0.744354838709678
T4-E033,val_cold,no_size,22535400.0,14.90909020410431,2984940.000000001,0.8675443968156766
T4-E033,val_cold,no_size,3332700.0,14.90909020410431,2984940.000000001,0.10434782608695624
T4-E033,val_cold,no_size,3318900.0,14.90909020410431,2984940.000000001,0.10062370062370034
T4-E033,val_cold,no_size,3332700.0,14.90909020410431,2984940.000000001,0.10434782608695624
T4-E033,val_cold,no_size,3332700.0,14.90909020410431,2984940.000000001,0.10434782608695624
T4-E033,val_cold,no_size,1311000.0,14.90909020410431,2984940.000000001,1.2768421052631587
T4-E033,val_cold,no_size,2884200.0,14.979161242811609,3201600.000000008,0.11004784688995489
T4-E033,val_cold,no_size,717600.0,14.979161242811609,3201600.000000008,3.4615384615384728
T4-E033,val_cold,no_size,1959600.0,14.979161242811609,3201600.000000008,0.6338028169014125
T4-E033,val_cold,no_size,3318900.0,14.90909020410431,2984940.000000001,0.10062370062370034
T4-E033,val_cold,no_size,2898000.0,14.979161242811609,3201600.000000008,0.1047619047619075
T4-E033,val_cold,no_size,2639940.0,14.921495600961796,3022199.9999999977,0.14479874542603152
T4-E033,val_cold,no_size,407100.0,14.979161242811609,3201600.000000008,6.864406779661036
T4-E033,val_cold,no_size,1076400.0,14.979161242811609,3201600.000000008,1.9743589743589818
T4-E033,val_cold,no_size,2159700.0,14.921495600961796,3022199.9999999977,0.39936102236421617
T4-E033,val_cold,no_size,22425000.0,14.90909020410431,2984940.000000001,0.8668923076923077
T4-E033,val_cold,no_size,1035000.0,14.979161242811609,3201600.000000008,2.093333333333341
T4-E033,val_cold,no_size,2898000.0,14.979161242811609,3201600.000000008,0.1047619047619075
T4-E033,val_cold,no_size,1076400.0,14.979161242811609,3201600.000000008,1.9743589743589818
T4-E033,val_cold,no_size,514740.0,14.979161242811609,3201600.000000008,5.2198391420911685
T4-E033,val_cold,no_size,4347000.0,14.90909020410431,2984940.000000001,0.31333333333333313
T4-E033,val_cold,no_size,313260.0,14.979161242811609,3201600.000000008,9.220264317180643
T4-E033,val_cold,no_size,1959600.0,14.979161242811609,3201600.000000008,0.6338028169014125
T4-E033,val_cold,no_size,1108140.0,14.979161242811609,3201600.000000008,1.8891656288916634
T4-E033,val_cold,no_size,1035000.0,14.979161242811609,3201600.000000008,2.093333333333341
T4-E033,val_cold,no_size,2159700.0,14.921495600961796,3022199.9999999977,0.39936102236421617
T4-E033,val_cold,no_size,1511100.0,14.979161242811609,3201600.000000008,1.1187214611872198
T4-E033,val_cold,no_size,673440.0,14.979161242811609,3201600.000000008,3.7540983606557496
T4-E033,val_cold,no_size,500940.0,14.979161242811609,3201600.000000008,5.3911845730027705
T4-E033,val_cold,no_size,1283400.0,14.90909020410431,2984940.000000001,1.325806451612904
T4-E033,val_cold,no_size,10225800.0,14.979161242811609,3201600.000000008,0.686909581646423
T4-E033,val_cold,no_size,3788100.0,14.90909020410431,2984940.000000001,0.212021857923497
T4-E033,val_cold,no_size,6713700.0,14.90909020410431,2984940.000000001,0.5553956834532373
T4-E033,val_cold,no_size,3788100.0,14.90909020410431,2984940.000000001,0.212021857923497
T4-E033,val_cold,no_size,1004640.0,14.979161242811609,3201600.000000008,2.1868131868131946
T4-E033,val_cold,no_size,1004640.0,14.979161242811609,3201600.000000008,2.1868131868131946
T4-E033,val_cold,no_size,1094340.0,14.979161242811609,3201600.000000008,1.925598991172769
T4-E033,val_cold,no_size,471960.0,14.979161242811609,3201600.000000008,5.783625730994169
T4-E033,val_cold,no_size,442980.0,14.979161242811609,3201600.000000008,6.227414330218086
T4-E033,val_cold,no_size,2049300.0,14.90909020410431,2984940.000000001,0.456565656565657
T4-E033,val_cold,no_size,1138500.0,14.90909020410431,2984940.000000001,1.6218181818181827
T4-E033,val_cold,no_size,1759500.0,14.90909020410431,2984940.000000001,0.6964705882352946
T4-E033,val_cold,no_size,2049300.0,14.90909020410431,2984940.000000001,0.456565656565657
T4-E033,val_cold,no_size,1138500.0,14.90909020410431,2984940.000000001,1.6218181818181827
T4-E033,val_cold,no_size,1759500.0,14.90909020410431,2984940.000000001,0.6964705882352946
T4-E033,val_cold,no_size,7534800.0,14.90909020410431,2984940.000000001,0.6038461538461537
T4-E033,val_cold,no_size,22425000.0,14.90909020410431,2984940.000000001,0.8668923076923077
T4-E033,val_cold,no_size,8452500.0,14.979161242811609,3201600.000000008,0.6212244897959175
T4-E033,val_cold,no_size,3995100.0,14.921495600961796,3022199.9999999977,0.24352331606217675
T4-E033,val_cold,no_size,6085800.0,14.90909020410431,2984940.000000001,0.5095238095238094
T4-E033,val_cold,no_size,18078000.0,14.90909020410431,2984940.000000001,0.8348854961832061
T4-E033,val_cold,no_size,11964600.0,14.90909020410431,2984940.000000001,0.7505190311418685
T4-E033,val_cold,no_size,62734800.0,14.90909020410431,2984940.000000001,0.9524197096348438
T4-E033,val_cold,no_size,2511600.0,14.90909020410431,2984940.000000001,0.18846153846153882
T4-E033,val_cold,no_size,1380000.0,14.921495600961796,3022199.9999999977,1.1899999999999984
T4-E033,val_cold,no_size,1614600.0,14.90909020410431,2984940.000000001,0.8487179487179493
T4-E033,val_cold,no_size,862500.0,14.979161242811609,3201600.000000008,2.712000000000009
T4-E033,val_cold,no_size,30125400.0,14.90909020410431,2984940.000000001,0.9009161704076958
T4-E033,val_cold,no_size,1052940.0,14.979161242811609,3201600.000000008,2.0406290956749746
T4-E033,val_cold,no_size,5375100.0,14.90909020410431,2984940.000000001,0.4446726572528881
T4-E033,val_cold,no_size,7562400.0,14.921495600961796,3022199.9999999977,0.6003649635036499
T4-E033,val_cold,no_size,2484000.0,14.90909020410431,2984940.000000001,0.20166666666666705
T4-E033,val_cold,no_size,20617200.0,14.979161242811609,3201600.000000008,0.8447121820615793
T4-E033,val_cold,no_size,11964600.0,14.90909020410431,2984940.000000001,0.7505190311418685
T4-E033,val_cold,no_size,2194200.0,14.90909020410431,2984940.000000001,0.36037735849056646
T4-E033,val_cold,no_size,1035000.0,14.979161242811609,3201600.000000008,2.093333333333341
T4-E033,val_cold,no_size,7617600.0,14.90909020410431,2984940.000000001,0.6081521739130433
T4-E033,val_cold,no_size,3229200.0,14.921495600961796,3022199.9999999977,0.06410256410256482
T4-E033,val_cold,no_size,1759500.0,14.90909020410431,2984940.000000001,0.6964705882352946
T4-E033,val_cold,no_size,2587500.0,14.90909020410431,2984940.000000001,0.15360000000000035
T4-E033,val_cold,no_size,26427000.0,14.921495600961796,3022199.9999999977,0.8856396866840732
T4-E033,val_cold,no_size,2339100.0,14.90909020410431,2984940.000000001,0.27610619469026587
T4-E033,val_cold,no_size,586500.0,14.979161242811609,3201600.000000008,4.458823529411778
T4-E033,val_cold,no_size,776940.0,14.90909020410431,2984940.000000001,2.8419182948490245
T4-E033,val_cold,no_size,7631400.0,14.979161242811609,3201600.000000008,0.5804701627486428
T4-E033,val_cold,no_size,1138500.0,14.90909020410431,2984940.000000001,1.6218181818181827
T4-E033,val_cold,no_size,3760500.0,14.979161242811609,3201600.000000008,0.14862385321100707
T4-E033,val_cold,no_size,749340.0,14.979161242811609,3201600.000000008,3.2725598526703603
T4-E033,val_cold,no_size,2049300.0,14.979161242811609,3201600.000000008,0.5622895622895662
T4-E033,val_cold,no_size,2049300.0,14.979161242811609,3201600.000000008,0.5622895622895662
T4-E033,val_cold,no_size,2235600.0,14.979161242811609,3201600.000000008,0.4320987654321023
T4-E033,val_cold,no_size,862500.0,14.979161242811609,3201600.000000008,2.712000000000009
T4-E033,val_cold,no_size,23349600.0,14.90909020410431,2984940.000000001,0.8721631205673759
T4-E033,val_cold,no_size,23349600.0,14.90909020410431,2984940.000000001,0.8721631205673759
T4-E033,val_cold,no_size,2235600.0,14.921495600961796,3022199.9999999977,0.3518518518518508
T4-E033,val_cold,no_size,10791600.0,14.90909020410431,2984940.000000001,0.7234015345268542
T4-E033,val_cold,no_size,2463300.0,14.90909020410431,2984940.000000001,0.21176470588235333
T4-E033,val_cold,no_size,2042400.0,14.90909020410431,2984940.000000001,0.46148648648648694
T4-E033,val_cold,no_size,4650600.0,14.90909020410431,2984940.000000001,0.3581602373887238
T4-E033,val_cold,no_size,22369800.0,14.979161242811609,3201600.000000008,0.8568784700801971
T4-E033,val_cold,no_size,6072000.0,14.90909020410431,2984940.000000001,0.5084090909090908
T4-E033,val_cold,no_size,3829500.0,14.90909020410431,2984940.000000001,0.2205405405405403
T4-E033,val_cold,no_size,690000.0,14.90909020410431,2984940.000000001,3.3260000000000014
T4-E033,val_cold,no_size,558900.0,14.90909020410431,2984940.000000001,4.340740740740743
T4-E033,val_cold,no_size,690000.0,14.90909020410431,2984940.000000001,3.3260000000000014
T4-E033,val_cold,no_size,3560400.0,14.921495600961796,3022199.9999999977,0.15116279069767508
T4-E033,val_cold,no_size,2180400.0,14.979161242811609,3201600.000000008,0.46835443037975044
T4-E033,val_cold,no_size,1297200.0,14.979161242811609,3201600.000000008,1.4680851063829847
T4-E033,val_cold,no_size,5568300.0,14.921495600961796,3022199.9999999977,0.4572490706319707
T4-E033,val_cold,no_size,442980.0,14.979161242811609,3201600.000000008,6.227414330218086
T4-E033,val_cold,no_size,732780.0,14.979161242811609,3201600.000000008,3.369114877589465
T4-E033,val_cold,no_size,2056200.0,14.90909020410431,2984940.000000001,0.45167785234899377
T4-E033,val_cold,no_size,1283400.0,14.90909020410431,2984940.000000001,1.325806451612904
T4-E033,val_cold,no_size,16311600.0,14.90909020410431,2984940.000000001,0.817005076142132
T4-E033,val_cold,no_size,485760.0,14.921495600961796,3022199.9999999977,5.221590909090905
T4-E033,val_cold,no_size,5375100.0,14.90909020410431,2984940.000000001,0.4446726572528881
T4-E033,val_cold,no_size,2339100.0,14.979161242811609,3201600.000000008,0.3687315634218323
T4-E033,val_cold,no_size,6196200.0,14.979161242811609,3201600.000000008,0.483296213808462
T4-E033,val_cold,no_size,4222800.0,14.979161242811609,3201600.000000008,0.24183006535947524
T4-E033,val_cold,no_size,1904400.0,14.979161242811609,3201600.000000008,0.6811594202898592
T4-E033,val_cold,no_size,1614600.0,14.979161242811609,3201600.000000008,0.9829059829059879
T4-E033,val_cold,no_size,834900.0,14.979161242811609,3201600.000000008,2.8347107438016623
T4-E033,val_cold,no_size,11419500.0,14.979161242811609,3201600.000000008,0.7196374622356488
T4-E033,val_cold,no_size,6168600.0,14.979161242811609,3201600.000000008,0.48098434004474144
T4-E033,val_cold,no_size,6127200.0,14.979161242811609,3201600.000000008,0.4774774774774762
T4-E033,val_cold,no_size,4512600.0,14.979161242811609,3201600.000000008,0.2905198776758392
T4-E033,val_cold,no_size,7424400.0,14.979161242811609,3201600.000000008,0.5687732342007424
T4-E033,val_cold,no_size,1542840.0,14.979161242811609,3201600.000000008,1.0751341681574291
T4-E033,val_cold,no_size,4512600.0,14.979161242811609,3201600.000000008,0.2905198776758392
T4-E033,val_cold,no_size,4222800.0,14.979161242811609,3201600.000000008,0.24183006535947524
T4-E033,val_cold,no_size,5685600.0,14.90909020410431,2984940.000000001,0.4749999999999998
T4-E033,val_cold,no_size,4077900.0,14.921495600961796,3022199.9999999977,0.258883248730965
T4-E033,val_cold,no_size,964620.0,14.979161242811609,3201600.000000008,2.319027181688134
T4-E033,val_cold,no_size,5423400.0,14.979161242811609,3201600.000000008,0.4096692111959273
T4-E033,val_cold,no_size,1080540.0,14.979161242811609,3201600.000000008,1.9629629629629703
T4-E033,val_cold,no_size,8162700.0,14.979161242811609,3201600.000000008,0.6077768385460685
T4-E033,val_cold,no_size,1095720.0,14.979161242811609,3201600.000000008,1.921914357682627
T4-E033,val_cold,no_size,2049300.0,14.979161242811609,3201600.000000008,0.5622895622895662
T4-E033,val_cold,no_size,1080540.0,14.979161242811609,3201600.000000008,1.9629629629629703
T4-E033,val_cold,no_size,950820.0,14.979161242811609,3201600.000000008,2.3671988388969605
T4-E033,val_cold,no_size,5382000.0,14.979161242811609,3201600.000000008,0.40512820512820363
T4-E033,val_cold,no_size,2408100.0,14.979161242811609,3201600.000000008,0.3295128939828113
T4-E033,val_cold,no_size,13082400.0,14.979161242811609,3201600.000000008,0.755274261603375
T4-E033,val_cold,no_size,2870400.0,14.979161242811609,3201600.000000008,0.11538461538461814
T4-E033,val_cold,no_size,2049300.0,14.979161242811609,3201600.000000008,0.5622895622895662
T4-E033,val_cold,no_size,8452500.0,14.979161242811609,3201600.000000008,0.6212244897959175
T4-E033,val_cold,no_size,2670300.0,14.921495600961796,3022199.9999999977,0.13178294573643323
T4-E033,val_cold,no_size,1052940.0,14.979161242811609,3201600.000000008,2.0406290956749746
T4-E033,val_cold,no_size,1052940.0,14.921495600961796,3022199.9999999977,1.8702490170380057
T4-E033,val_cold,no_size,8148900.0,14.979161242811609,3201600.000000008,0.6071126164267561
T4-E033,val_cold,no_size,862500.0,14.979161242811609,3201600.000000008,2.712000000000009
T4-E033,val_cold,no_size,1197840.0,14.979161242811609,3201600.000000008,1.6728110599078407
T4-E033,val_cold,no_size,1211640.0,14.979161242811609,3201600.000000008,1.6423690205011454
T4-E033,val_cold,no_size,2049300.0,14.979161242811609,3201600.000000008,0.5622895622895662
T4-E033,val_cold,no_size,908040.0,14.979161242811609,3201600.000000008,2.525835866261407
T4-E033,val_cold,no_size,862500.0,14.979161242811609,3201600.000000008,2.712000000000009
T4-E033,val_cold,no_size,2525400.0,14.921495600961796,3022199.9999999977,0.19672131147540892
T4-E033,val_cold,no_size,2152800.0,14.979161242811609,3201600.000000008,0.48717948717949083
T4-E033,val_cold,no_size,1108140.0,14.90909020410431,2984940.000000001,1.693648816936489
T4-E033,val_cold,no_size,1439340.0,14.90909020410431,2984940.000000001,1.0738255033557054
T4-E033,val_cold,no_size,1121940.0,14.90909020410431,2984940.000000001,1.6605166051660525
T4-E033,val_cold,no_size,890100.0,14.979161242811609,3201600.000000008,2.5968992248062106
T4-E033,val_cold,no_size,890100.0,14.979161242811609,3201600.000000008,2.5968992248062106
T4-E033,val_cold,no_size,890100.0,14.979161242811609,3201600.000000008,2.5968992248062106
T4-E033,val_cold,no_size,21900600.0,14.90909020410431,2984940.000000001,0.8637051039697543
T4-E033,val_cold,no_size,1338600.0,14.921495600961796,3022199.9999999977,1.2577319587628848
T4-E033,val_cold,no_size,979800.0,14.979161242811609,3201600.000000008,2.267605633802825
T4-E033,val_cold,no_size,993600.0,14.979161242811609,3201600.000000008,2.2222222222222303
T4-E033,val_cold,no_size,993600.0,14.979161242811609,3201600.000000008,2.2222222222222303
T4-E033,val_cold,no_size,8583600.0,14.979161242811609,3201600.000000008,0.62700964630225
T4-E033,val_cold,no_size,2477100.0,14.90909020410431,2984940.000000001,0.20501392757660206
T4-E033,val_cold,no_size,2263200.0,14.90909020410431,2984940.000000001,0.31890243902439064
T4-E033,val_cold,no_size,1524900.0,14.90909020410431,2984940.000000001,0.9574660633484169
T4-E033,val_cold,no_size,6044400.0,14.90909020410431,2984940.000000001,0.5061643835616437
T4-E033,val_cold,no_size,2332200.0,14.90909020410431,2984940.000000001,0.27988165680473415
T4-E033,val_cold,no_size,2332200.0,14.90909020410431,2984940.000000001,0.27988165680473415
T4-E033,val_cold,no_size,2394300.0,14.90909020410431,2984940.000000001,0.2466858789625364
T4-E033,val_cold,no_size,903900.0,14.90909020410431,2984940.000000001,2.3022900763358787
T4-E033,val_cold,no_size,2925600.0,14.90909020410431,2984940.000000001,0.020283018867924846
T4-E033,val_cold,no_size,26427000.0,14.979161242811609,3201600.000000008,0.8788511749347255
T4-E033,val_cold,no_size,661020.0,14.90909020410431,2984940.000000001,3.515657620041755
T4-E033,val_cold,no_size,1062600.0,14.979161242811609,3201600.000000008,2.0129870129870207
T4-E033,val_cold,no_size,1062600.0,14.979161242811609,3201600.000000008,2.0129870129870207
T4-E033,val_cold,no_size,1062600.0,14.979161242811609,3201600.000000008,2.0129870129870207
T4-E033,val_cold,no_size,1062600.0,14.979161242811609,3201600.000000008,2.0129870129870207
T4-E033,val_cold,no_size,890100.0,14.979161242811609,3201600.000000008,2.5968992248062106
T4-E033,val_cold,no_size,890100.0,14.979161242811609,3201600.000000008,2.5968992248062106
T4-E033,val_cold,no_size,3939900.0,14.979161242811609,3201600.000000008,0.18739054290717838
T4-E033,val_cold,no_size,890100.0,14.979161242811609,3201600.000000008,2.5968992248062106
T4-E033,val_cold,no_size,2566800.0,14.979161242811609,3201600.000000008,0.24731182795699233
T4-E033,val_cold,no_size,2566800.0,14.979161242811609,3201600.000000008,0.24731182795699233
T4-E033,val_cold,no_size,2639940.0,14.979161242811609,3201600.000000008,0.21275483533716974
T4-E033,val_cold,no_size,7452000.0,14.979161242811609,3201600.000000008,0.5703703703703694
T4-E033,val_cold,no_size,2049300.0,14.921495600961796,3022199.9999999977,0.4747474747474736
T4-E033,val_cold,no_size,7534800.0,14.90909020410431,2984940.000000001,0.6038461538461537
T4-E033,val_cold,no_size,8190300.0,14.90909020410431,2984940.000000001,0.6355518112889637
T4-E033,val_cold,no_size,1614600.0,14.90909020410431,2984940.000000001,0.8487179487179493
T4-E033,val_cold,no_size,6085800.0,14.90909020410431,2984940.000000001,0.5095238095238094
T4-E033,val_cold,no_size,4554000.0,14.90909020410431,2984940.000000001,0.3445454545454543
T4-E033,val_cold,no_size,4567800.0,14.90909020410431,2984940.000000001,0.34652567975830795
T4-E033,val_cold,no_size,2339100.0,14.90909020410431,2984940.000000001,0.27610619469026587
T4-E033,val_cold,no_size,6085800.0,14.921495600961796,3022199.9999999977,0.503401360544218
T4-E033,val_cold,no_size,6741300.0,14.90909020410431,2984940.000000001,0.5572159672466733
T4-E033,val_cold,no_size,2484000.0,14.90909020410431,2984940.000000001,0.20166666666666705
T4-E033,val_cold,no_size,14862600.0,14.90909020410431,2984940.000000001,0.7991643454038997
T4-E033,val_cold,no_size,6182400.0,14.90909020410431,2984940.000000001,0.5171874999999998
T4-E033,val_cold,no_size,2484000.0,14.90909020410431,2984940.000000001,0.20166666666666705
T4-E033,val_cold,no_size,2484000.0,14.90909020410431,2984940.000000001,0.20166666666666705
T4-E033,val_cold,no_size,4581600.0,14.90909020410431,2984940.000000001,0.34849397590361425
T4-E033,val_cold,no_size,5975400.0,14.90909020410431,2984940.000000001,0.5004618937644341
T4-E033,val_cold,no_size,10432800.0,14.90909020410431,2984940.000000001,0.7138888888888888
T4-E033,val_cold,no_size,8983800.0,14.90909020410431,2984940.000000001,0.6677419354838708
T4-E033,val_cold,no_size,4498800.0,14.90909020410431,2984940.000000001,0.33650306748466235
T4-E033,val_cold,no_size,8914800.0,14.90909020410431,2984940.000000001,0.6651702786377708
T4-E033,val_cold,no_size,6003000.0,14.90909020410431,2984940.000000001,0.502758620689655
T4-E033,val_cold,no_size,6016800.0,14.90909020410431,2984940.000000001,0.5038990825688072
T4-E033,val_cold,no_size,7452000.0,14.90909020410431,2984940.000000001,0.5994444444444443
T4-E033,val_cold,no_size,4540200.0,14.90909020410431,2984940.000000001,0.3425531914893615
T4-E033,val_cold,no_size,4077900.0,14.90909020410431,2984940.000000001,0.2680203045685277
T4-E033,val_cold,no_size,3746700.0,14.90909020410431,2984940.000000001,0.2033149171270716
T4-E033,val_cold,no_size,6796500.0,14.90909020410431,2984940.000000001,0.5608121827411167
T4-E033,val_cold,no_size,6085800.0,14.921495600961796,3022199.9999999977,0.503401360544218
T4-E033,val_cold,no_size,1283400.0,14.90909020410431,2984940.000000001,1.325806451612904
T4-E033,val_cold,no_size,1138500.0,14.90909020410431,2984940.000000001,1.6218181818181827
T4-E033,val_cold,no_size,690000.0,14.90909020410431,2984940.000000001,3.3260000000000014
T4-E033,val_cold,no_size,1138500.0,14.90909020410431,2984940.000000001,1.6218181818181827
T4-E033,val_cold,no_size,1283400.0,14.90909020410431,2984940.000000001,1.325806451612904
T4-E033,val_cold,no_size,1904400.0,14.90909020410431,2984940.000000001,0.5673913043478266
T4-E033,val_cold,no_size,1138500.0,14.90909020410431,2984940.000000001,1.6218181818181827
T4-E033,val_cold,no_size,2339100.0,14.90909020410431,2984940.000000001,0.27610619469026587
T4-E033,val_cold,no_size,9066600.0,14.90909020410431,2984940.000000001,0.6707762557077624
T4-E033,val_cold,no_size,703800.0,14.90909020410431,2984940.000000001,3.2411764705882367
T4-E033,val_cold,no_size,2194200.0,14.90909020410431,2984940.000000001,0.36037735849056646
T4-E033,val_cold,no_size,2194200.0,14.90909020410431,2984940.000000001,0.36037735849056646
T4-E033,val_cold,no_size,1138500.0,14.90909020410431,2984940.000000001,1.6218181818181827
T4-E033,val_cold,no_size,1138500.0,14.90909020410431,2984940.000000001,1.6218181818181827
T4-E033,val_cold,no_size,690000.0,14.90909020410431,2984940.000000001,3.3260000000000014
T4-E033,val_cold,no_size,703800.0,14.90909020410431,2984940.000000001,3.2411764705882367
T4-E033,val_cold,no_size,717600.0,14.90909020410431,2984940.000000001,3.159615384615386
T4-E033,val_cold,no_size,1324800.0,14.90909020410431,2984940.000000001,1.2531250000000007
T4-E033,val_cold,no_size,545100.0,14.90909020410431,2984940.000000001,4.475949367088609
T4-E033,val_cold,no_size,558900.0,14.90909020410431,2984940.000000001,4.340740740740743
T4-E033,val_cold,no_size,558900.0,14.90909020410431,2984940.000000001,4.340740740740743
T4-E033,val_cold,no_size,1138500.0,14.90909020410431,2984940.000000001,1.6218181818181827
T4-E033,val_cold,no_size,2049300.0,14.90909020410431,2984940.000000001,0.456565656565657
T4-E033,val_cold,no_size,1138500.0,14.90909020410431,2984940.000000001,1.6218181818181827
T4-E033,val_cold,no_size,1283400.0,14.90909020410431,2984940.000000001,1.325806451612904
T4-E033,val_cold,no_size,1614600.0,14.90909020410431,2984940.000000001,0.8487179487179493
T4-E033,val_cold,no_size,1283400.0,14.90909020410431,2984940.000000001,1.325806451612904
T4-E033,val_cold,no_size,1904400.0,14.90909020410431,2984940.000000001,0.5673913043478266
T4-E033,val_cold,no_size,2049300.0,14.90909020410431,2984940.000000001,0.456565656565657
T4-E033,val_cold,no_size,1138500.0,14.90909020410431,2984940.000000001,1.6218181818181827
T4-E033,val_cold,no_size,1904400.0,14.90909020410431,2984940.000000001,0.5673913043478266
T4-E033,val_cold,no_size,1890600.0,14.90909020410431,2984940.000000001,0.5788321167883217
T4-E033,val_cold,no_size,703800.0,14.90909020410431,2984940.000000001,3.2411764705882367
T4-E033,val_cold,no_size,1614600.0,14.90909020410431,2984940.000000001,0.8487179487179493
T4-E033,val_cold,no_size,1759500.0,14.90909020410431,2984940.000000001,0.6964705882352946
T4-E033,val_cold,no_size,1759500.0,14.90909020410431,2984940.000000001,0.6964705882352946
T4-E033,val_cold,no_size,545100.0,14.90909020410431,2984940.000000001,4.475949367088609
T4-E033,val_cold,no_size,834900.0,14.90909020410431,2984940.000000001,2.575206611570249
T4-E033,val_cold,no_size,1573200.0,14.90909020410431,2984940.000000001,0.8973684210526321
T4-E033,val_cold,no_size,1863000.0,14.90909020410431,2984940.000000001,0.6022222222222228
T4-E033,val_cold,no_size,1573200.0,14.90909020410431,2984940.000000001,0.8973684210526321
T4-E033,val_cold,no_size,1573200.0,14.90909020410431,2984940.000000001,0.8973684210526321
T4-E033,val_cold,no_size,1573200.0,14.90909020410431,2984940.000000001,0.8973684210526321
T4-E033,val_cold,no_size,1573200.0,14.90909020410431,2984940.000000001,0.8973684210526321
T4-E033,val_cold,no_size,3560400.0,14.921495600961796,3022199.9999999977,0.15116279069767508
T4-E033,val_cold,no_size,1573200.0,14.90909020410431,2984940.000000001,0.8973684210526321
T4-E033,val_cold,no_size,1573200.0,14.90909020410431,2984940.000000001,0.8973684210526321
T4-E033,val_cold,no_size,427800.0,14.921495600961796,3022199.9999999977,6.064516129032253
T4-E033,val_cold,no_size,427800.0,14.921495600961796,3022199.9999999977,6.064516129032253
T4-E033,val_cold,no_size,1297200.0,14.979161242811609,3201600.000000008,1.4680851063829847
T4-E033,val_cold,no_size,2339100.0,14.979161242811609,3201600.000000008,0.3687315634218323
T4-E033,val_cold,no_size,2339100.0,14.90909020410431,2984940.000000001,0.27610619469026587
T4-E033,val_cold,no_size,3243000.0,14.921495600961796,3022199.9999999977,0.06808510638297945
T4-E033,val_cold,no_size,2856600.0,14.921495600961796,3022199.9999999977,0.057971014492752805
T4-E033,val_cold,no_size,3532800.0,14.921495600961796,3022199.9999999977,0.14453125000000067
T4-E033,val_cold,no_size,1021200.0,14.979161242811609,3201600.000000008,2.135135135135143
T4-E033,val_cold,no_size,876300.0,14.979161242811609,3201600.000000008,2.6535433070866232
T4-E033,val_cold,no_size,876300.0,14.979161242811609,3201600.000000008,2.6535433070866232
T4-E033,val_cold,no_size,775560.0,14.979161242811609,3201600.000000008,3.128113879003569
T4-E033,val_cold,no_size,1021200.0,14.979161242811609,3201600.000000008,2.135135135135143
T4-E033,val_cold,no_size,891480.0,14.979161242811609,3201600.000000008,2.5913312693498542
T4-E033,val_cold,no_size,891480.0,14.979161242811609,3201600.000000008,2.5913312693498542
T4-E033,val_cold,no_size,299460.0,14.979161242811609,3201600.000000008,9.691244239631363
T4-E033,val_cold,no_size,429180.0,14.979161242811609,3201600.000000008,6.459807073955003
T4-E033,val_cold,no_size,890100.0,14.979161242811609,3201600.000000008,2.5968992248062106
T4-E033,val_cold,no_size,890100.0,14.979161242811609,3201600.000000008,2.5968992248062106
T4-E033,val_cold,no_size,2245260.0,14.979161242811609,3201600.000000008,0.42593730792870665
T4-E033,val_cold,no_size,299460.0,14.979161242811609,3201600.000000008,9.691244239631363
T4-E033,val_cold,no_size,342240.0,14.979161242811609,3201600.000000008,8.354838709677443
T4-E033,val_cold,no_size,3243000.0,14.921495600961796,3022199.9999999977,0.06808510638297945
T4-E033,val_cold,no_size,3201600.0,14.921495600961796,3022199.9999999977,0.05603448275862142
T4-E033,val_cold,no_size,963240.0,14.921495600961796,3022199.9999999977,2.1375358166189087
T4-E033,val_cold,no_size,2352900.0,14.90909020410431,2984940.000000001,0.2686217008797658
T4-E033,val_cold,no_size,1918200.0,14.90909020410431,2984940.000000001,0.5561151079136696
T4-E033,val_cold,no_size,1283400.0,14.90909020410431,2984940.000000001,1.325806451612904
T4-E033,val_cold,no_size,1283400.0,14.90909020410431,2984940.000000001,1.325806451612904
T4-E033,val_cold,no_size,6265200.0,14.979161242811609,3201600.000000008,0.4889867841409679
T4-E033,val_cold,no_size,4636800.0,14.90909020410431,2984940.000000001,0.3562499999999998
T4-E033,val_cold,no_size,683100.0,14.921495600961796,3022199.9999999977,3.4242424242424208
T4-E033,val_cold,no_size,1759500.0,14.979161242811609,3201600.000000008,0.8196078431372594
T4-E033,val_cold,no_size,3912300.0,14.979161242811609,3201600.000000008,0.18165784832451295
T4-E033,val_cold,no_size,2002380.0,14.979161242811609,3201600.000000008,0.5988973121984877
T4-E033,val_cold,no_size,4650600.0,14.979161242811609,3201600.000000008,0.31157270029673423
T4-E033,val_cold,no_size,3450000.0,14.979161242811609,3201600.000000008,0.0719999999999977
T4-E033,val_cold,no_size,10777800.0,14.979161242811609,3201600.000000008,0.7029449423815614
T4-E033,val_cold,no_size,6113400.0,14.979161242811609,3201600.000000008,0.4762979683972899
T4-E033,val_cold,no_size,4940400.0,14.979161242811609,3201600.000000008,0.35195530726256824
T4-E033,val_cold,no_size,1542840.0,14.979161242811609,3201600.000000008,1.0751341681574291
T4-E033,val_cold,no_size,1904400.0,14.979161242811609,3201600.000000008,0.6811594202898592
T4-E033,val_cold,no_size,11923200.0,14.979161242811609,3201600.000000008,0.7314814814814808
T4-E033,val_cold,no_size,3739800.0,14.979161242811609,3201600.000000008,0.14391143911438903
T4-E033,val_cold,no_size,3795000.0,14.979161242811609,3201600.000000008,0.1563636363636343
T4-E033,val_cold,no_size,3795000.0,14.979161242811609,3201600.000000008,0.1563636363636343
T4-E033,val_cold,no_size,5471700.0,14.979161242811609,3201600.000000008,0.4148802017654462
T4-E033,val_cold,no_size,19182000.0,14.979161242811609,3201600.000000008,0.8330935251798557
T4-E033,val_cold,no_size,2829000.0,14.979161242811609,3201600.000000008,0.13170731707317354
T4-E033,val_cold,no_size,8293800.0,14.979161242811609,3201600.000000008,0.6139767054908477
T4-E033,val_cold,no_size,2352900.0,14.921495600961796,3022199.9999999977,0.28445747800586413
T4-E033,val_cold,no_size,1124700.0,14.979161242811609,3201600.000000008,1.8466257668711727
T4-E033,val_cold,no_size,22066200.0,14.979161242811609,3201600.000000008,0.8549093183239521
T4-E033,val_cold,no_size,862500.0,14.979161242811609,3201600.000000008,2.712000000000009
T4-E033,val_cold,no_size,2208000.0,14.979161242811609,3201600.000000008,0.45000000000000356
T4-E033,val_cold,no_size,8293800.0,14.979161242811609,3201600.000000008,0.6139767054908477
T4-E033,val_cold,no_size,3726000.0,14.90909020410431,2984940.000000001,0.19888888888888864
T4-E033,val_cold,no_size,1108140.0,14.90909020410431,2984940.000000001,1.693648816936489
T4-E033,val_cold,no_size,890100.0,14.979161242811609,3201600.000000008,2.5968992248062106
T4-E033,val_cold,no_size,8148900.0,14.979161242811609,3201600.000000008,0.6071126164267561
T4-E033,val_cold,no_size,5671800.0,14.979161242811609,3201600.000000008,0.4355231143552297
T4-E033,val_cold,no_size,26427000.0,14.979161242811609,3201600.000000008,0.8788511749347255
T4-E033,val_cold,no_size,1066740.0,14.979161242811609,3201600.000000008,2.0012936610608096
T4-E033,val_cold,no_size,1066740.0,14.979161242811609,3201600.000000008,2.0012936610608096
T4-E033,val_cold,no_size,7300200.0,14.979161242811609,3201600.000000008,0.5614366729678628
T4-E033,val_cold,no_size,7300200.0,14.979161242811609,3201600.000000008,0.5614366729678628
T4-E033,val_cold,no_size,7452000.0,14.90909020410431,2984940.000000001,0.5994444444444443
T4-E033,val_cold,no_size,3739800.0,14.979161242811609,3201600.000000008,0.14391143911438903
T4-E033,val_cold,no_size,3739800.0,14.979161242811609,3201600.000000008,0.14391143911438903
T4-E033,val_cold,no_size,3739800.0,14.979161242811609,3201600.000000008,0.14391143911438903
T4-E033,val_cold,no_size,3739800.0,14.979161242811609,3201600.000000008,0.14391143911438903
T4-E033,val_cold,no_size,473340.0,14.979161242811609,3201600.000000008,5.763848396501475
T4-E033,val_cold,no_size,2525400.0,14.921495600961796,3022199.9999999977,0.19672131147540892
T4-E033,val_cold,no_size,7741800.0,14.979161242811609,3201600.000000008,0.5864527629233502
T4-E033,val_cold,no_size,2566800.0,14.979161242811609,3201600.000000008,0.24731182795699233
T4-E033,val_cold,no_size,2566800.0,14.979161242811609,3201600.000000008,0.24731182795699233
T4-E033,val_cold,no_size,1380000.0,14.921495600961796,3022199.9999999977,1.1899999999999984
T4-E033,val_cold,no_size,1511100.0,14.979161242811609,3201600.000000008,1.1187214611872198
T4-E033,val_cold,no_size,1035000.0,14.979161242811609,3201600.000000008,2.093333333333341
T4-E033,val_cold,no_size,1108140.0,14.979161242811609,3201600.000000008,1.8891656288916634
T4-E033,val_cold,no_size,1511100.0,14.979161242811609,3201600.000000008,1.1187214611872198
T4-E033,val_cold,no_size,1987200.0,14.979161242811609,3201600.000000008,0.611111111111115
T4-E033,val_cold,no_size,1035000.0,14.979161242811609,3201600.000000008,2.093333333333341
T4-E033,val_cold,no_size,890100.0,14.979161242811609,3201600.000000008,2.5968992248062106
T4-E033,val_cold,no_size,1121940.0,14.979161242811609,3201600.000000008,1.85362853628537
T4-E033,val_cold,no_size,1121940.0,14.979161242811609,3201600.000000008,1.85362853628537
T4-E033,val_cold,no_size,2463300.0,14.979161242811609,3201600.000000008,0.2997198879551853
T4-E033,val_cold,no_size,1814700.0,14.979161242811609,3201600.000000008,0.7642585551330842
T4-E033,val_cold,no_size,1814700.0,14.979161242811609,3201600.000000008,0.7642585551330842
T4-E033,val_cold,no_size,2898000.0,14.979161242811609,3201600.000000008,0.1047619047619075
T4-E033,val_cold,no_size,863880.0,14.979161242811609,3201600.000000008,2.706070287539945
T4-E033,val_cold,no_size,661020.0,14.979161242811609,3201600.000000008,3.8434237995824754
T4-E033,val_cold,no_size,761760.0,14.979161242811609,3201600.000000008,3.202898550724648
T4-E033,val_cold,no_size,6168600.0,14.979161242811609,3201600.000000008,0.48098434004474144
T4-E033,val_cold,no_size,2380500.0,14.979161242811609,3201600.000000008,0.3449275362318874
T4-E033,val_cold,no_size,6168600.0,14.979161242811609,3201600.000000008,0.48098434004474144
T4-E033,val_cold,no_size,3753600.0,14.979161242811609,3201600.000000008,0.14705882352940966
T4-E033,val_cold,no_size,6168600.0,14.979161242811609,3201600.000000008,0.48098434004474144
T4-E033,val_cold,no_size,3753600.0,14.979161242811609,3201600.000000008,0.14705882352940966
T4-E033,val_cold,no_size,3753600.0,14.979161242811609,3201600.000000008,0.14705882352940966
T4-E033,val_cold,no_size,3739800.0,14.979161242811609,3201600.000000008,0.14391143911438903
T4-E033,val_cold,no_size,1080540.0,14.979161242811609,3201600.000000008,1.9629629629629703
T4-E033,val_cold,no_size,5526900.0,14.979161242811609,3201600.000000008,0.42072409488139684
T4-E033,val_cold,no_size,11557500.0,14.979161242811609,3201600.000000008,0.722985074626865
T4-E033,val_cold,no_size,11681700.0,14.979161242811609,3201600.000000008,0.725930301240401
T4-E033,val_cold,no_size,3739800.0,14.979161242811609,3201600.000000008,0.14391143911438903
T4-E033,val_cold,no_size,2231460.0,14.979161242811609,3201600.000000008,0.4347557204700097
T4-E033,val_cold,no_size,4393920.0,14.90909020410431,2984940.000000001,0.32066582914572844
T4-E033,val_cold,no_size,4393920.0,14.90909020410431,2984940.000000001,0.32066582914572844
T4-E033,val_cold,no_size,1407600.0,14.921495600961796,3022199.9999999977,1.1470588235294101
T4-E033,val_cold,no_size,4305600.0,14.90909020410431,2984940.000000001,0.30673076923076903
T4-E033,val_cold,no_size,4347000.0,14.90909020410431,2984940.000000001,0.31333333333333313
T4-E033,val_cold,no_size,5375100.0,14.90909020410431,2984940.000000001,0.4446726572528881
T4-E033,val_cold,no_size,4347000.0,14.90909020410431,2984940.000000001,0.31333333333333313
T4-E033,val_cold,no_size,1773300.0,14.90909020410431,2984940.000000001,0.6832684824902729
T4-E033,val_cold,no_size,1773300.0,14.90909020410431,2984940.000000001,0.6832684824902729
T4-E033,val_cold,no_size,1773300.0,14.90909020410431,2984940.000000001,0.6832684824902729
T4-E033,val_cold,no_size,2829000.0,14.90909020410431,2984940.000000001,0.05512195121951252
T4-E033,val_cold,no_size,6186540.0,14.90909020410431,2984940.000000001,0.5175105955833146
T4-E033,val_cold,no_size,7493400.0,14.921495600961796,3022199.9999999977,0.5966850828729284
T4-E033,val_cold,no_size,7493400.0,14.921495600961796,3022199.9999999977,0.5966850828729284
T4-E033,val_cold,no_size,645840.0,14.921495600961796,3022199.9999999977,3.6794871794871757
T4-E033,val_cold,no_size,661020.0,14.921495600961796,3022199.9999999977,3.572025052192063
T4-E033,val_cold,no_size,957720.0,14.921495600961796,3022199.9999999977,2.155619596541784
T4-E033,val_cold,no_size,661020.0,14.921495600961796,3022199.9999999977,3.572025052192063
T4-E033,val_cold,no_size,964620.0,14.921495600961796,3022199.9999999977,2.1330472103004268
T4-E033,val_cold,no_size,659640.0,14.921495600961796,3022199.9999999977,3.5815899581589923
T4-E033,val_cold,no_size,659640.0,14.921495600961796,3022199.9999999977,3.5815899581589923
T4-E033,val_cold,no_size,1101240.0,14.921495600961796,3022199.9999999977,1.744360902255637
T4-E033,val_cold,no_size,903900.0,14.921495600961796,3022199.9999999977,2.3435114503816767
T4-E033,val_cold,no_size,903900.0,14.921495600961796,3022199.9999999977,2.3435114503816767
T4-E033,val_cold,no_size,4664400.0,14.921495600961796,3022199.9999999977,0.3520710059171603
T4-E033,val_cold,no_size,1090200.0,14.921495600961796,3022199.9999999977,1.7721518987341751
T4-E033,val_cold,no_size,485760.0,14.921495600961796,3022199.9999999977,5.221590909090905
T4-E033,val_cold,no_size,1090200.0,14.921495600961796,3022199.9999999977,1.7721518987341751
T4-E033,val_cold,no_size,2753100.0,14.90909020410431,2984940.000000001,0.08421052631578982
T4-E033,val_cold,no_size,17512200.0,14.90909020410431,2984940.000000001,0.8295508274231679
T4-E033,val_cold,no_size,487140.0,14.979161242811609,3201600.000000008,5.57223796033996
T4-E033,val_cold,no_size,500940.0,14.979161242811609,3201600.000000008,5.3911845730027705
T4-E033,val_cold,no_size,3676320.0,14.921495600961796,3022199.9999999977,0.17792792792792855
T4-E033,val_cold,no_size,529920.0,14.979161242811609,3201600.000000008,5.041666666666681
T4-E033,val_cold,no_size,891480.0,14.979161242811609,3201600.000000008,2.5913312693498542
T4-E033,val_cold,no_size,12185400.0,14.90909020410431,2984940.000000001,0.755039637599094
T4-E033,val_cold,no_size,22383600.0,14.90909020410431,2984940.000000001,0.8666461159062885
T4-E033,val_cold,no_size,1283400.0,14.90909020410431,2984940.000000001,1.325806451612904
T4-E033,val_cold,no_size,1642200.0,14.90909020410431,2984940.000000001,0.81764705882353
T4-E033,val_cold,no_size,2435700.0,14.90909020410431,2984940.000000001,0.22549575070821568
T4-E033,val_cold,no_size,22397400.0,14.90909020410431,2984940.000000001,0.866728280961183
T4-E033,val_cold,no_size,3270600.0,14.90909020410431,2984940.000000001,0.08734177215189845
T4-E033,val_cold,no_size,3118800.0,14.90909020410431,2984940.000000001,0.04292035398230059
T4-E033,val_cold,no_size,3132600.0,14.90909020410431,2984940.000000001,0.04713656387665169
T4-E033,val_cold,no_size,1614600.0,14.90909020410431,2984940.000000001,0.8487179487179493
T4-E033,val_cold,no_size,3118800.0,14.90909020410431,2984940.000000001,0.04292035398230059
T4-E033,val_cold,no_size,3160200.0,14.90909020410431,2984940.000000001,0.0554585152838425
T4-E033,val_cold,no_size,3105000.0,14.90909020410431,2984940.000000001,0.03866666666666636
T4-E033,val_cold,no_size,3105000.0,14.90909020410431,2984940.000000001,0.03866666666666636
T4-E033,val_cold,no_size,407100.0,14.979161242811609,3201600.000000008,6.864406779661036
T4-E033,val_cold,no_size,313260.0,14.979161242811609,3201600.000000008,9.220264317180643
T4-E033,val_cold,no_size,498180.0,14.979161242811609,3201600.000000008,5.426592797783949
T4-E033,val_cold,no_size,500940.0,14.979161242811609,3201600.000000008,5.3911845730027705
T4-E033,val_cold,no_size,420900.0,14.979161242811609,3201600.000000008,6.606557377049199
T4-E033,val_cold,no_size,673440.0,14.921495600961796,3022199.9999999977,3.4877049180327835
T4-E033,val_cold,no_size,284280.0,14.979161242811609,3201600.000000008,10.262135922330124
T4-E033,val_cold,no_size,471960.0,14.979161242811609,3201600.000000008,5.783625730994169
T4-E033,val_cold,no_size,673440.0,14.921495600961796,3022199.9999999977,3.4877049180327835
T4-E033,val_cold,no_size,2787600.0,14.921495600961796,3022199.9999999977,0.08415841584158332
T4-E033,val_cold,no_size,1159200.0,14.979161242811609,3201600.000000008,1.7619047619047687
T4-E033,val_cold,no_size,1352400.0,14.921495600961796,3022199.9999999977,1.2346938775510188
T4-E033,val_cold,no_size,7769400.0,14.979161242811609,3201600.000000008,0.5879218472468907
T4-E033,val_cold,no_size,1914060.0,14.90909020410431,2984940.000000001,0.5594808940158621
T4-E033,val_cold,no_size,1449000.0,14.979161242811609,3201600.000000008,1.209523809523815
T4-E033,val_cold,no_size,659640.0,14.979161242811609,3201600.000000008,3.8535564853556608
T4-E033,val_cold,no_size,4485000.0,14.921495600961796,3022199.9999999977,0.3261538461538467
T4-E033,val_cold,no_size,5299200.0,14.979161242811609,3201600.000000008,0.3958333333333318
T4-E033,val_cold,no_size,814200.0,14.921495600961796,3022199.9999999977,2.7118644067796582
T4-E033,val_cold,no_size,834900.0,14.90909020410431,2984940.000000001,2.575206611570249
T4-E033,val_cold,no_size,1352400.0,14.921495600961796,3022199.9999999977,1.2346938775510188
T4-E033,val_cold,no_size,538200.0,14.921495600961796,3022199.9999999977,4.615384615384611
T4-E033,val_cold,no_size,1186800.0,14.921495600961796,3022199.9999999977,1.5465116279069748
T4-E033,val_cold,no_size,703800.0,14.921495600961796,3022199.9999999977,3.2941176470588203
T4-E033,val_cold,no_size,1393800.0,14.921495600961796,3022199.9999999977,1.1683168316831667
T4-E033,val_cold,no_size,1173000.0,14.979161242811609,3201600.000000008,1.729411764705889
T4-E033,val_cold,no_size,814200.0,14.979161242811609,3201600.000000008,2.932203389830518
T4-E033,val_cold,no_size,883200.0,14.979161242811609,3201600.000000008,2.625000000000009
T4-E033,val_cold,no_size,2635800.0,14.979161242811609,3201600.000000008,0.21465968586387735
T4-E033,val_cold,no_size,738300.0,14.979161242811609,3201600.000000008,3.336448598130852
T4-E033,val_cold,no_size,1449000.0,14.979161242811609,3201600.000000008,1.209523809523815
T4-E033,val_cold,no_size,5009400.0,14.90909020410431,2984940.000000001,0.40413223140495846
T4-E033,val_cold,no_size,6058200.0,14.90909020410431,2984940.000000001,0.5072892938496582
T4-E033,val_cold,no_size,12392400.0,15.152036776850045,3805800.000000004,0.6928924179335719
T4-E033,val_cold,no_size,1600800.0,15.152036776850045,3805800.000000004,1.377436281859073
T4-E033,val_cold,no_size,634800.0,14.979161242811609,3201600.000000008,4.043478260869578
T4-E033,val_cold,no_size,883200.0,14.979161242811609,3201600.000000008,2.625000000000009
T4-E033,val_cold,no_size,1600800.0,15.152036776850045,3805800.000000004,1.377436281859073
T4-E033,val_cold,no_size,1545600.0,15.152036776850045,3805800.000000004,1.4623447204968971
T4-E033,val_cold,no_size,952200.0,15.152036776850045,3805800.000000004,2.996849401386268
T4-E033,val_cold,no_size,1600800.0,15.152036776850045,3805800.000000004,1.377436281859073
T4-E033,val_cold,no_size,579600.0,15.152036776850045,3805800.000000004,5.566252587991726
T4-E033,val_cold,no_size,1173000.0,14.979161242811609,3201600.000000008,1.729411764705889
T4-E033,val_cold,no_size,510600.0,15.152036776850045,3805800.000000004,6.453584018801418
T4-E033,val_cold,no_size,510600.0,15.152036776850045,3805800.000000004,6.453584018801418
T4-E033,val_cold,no_size,510600.0,15.152036776850045,3805800.000000004,6.453584018801418
T4-E033,val_cold,no_size,952200.0,14.979161242811609,3201600.000000008,2.3623188405797184
T4-E033,val_cold,no_size,1090200.0,14.979161242811609,3201600.000000008,1.9367088607595009
T4-E033,val_cold,no_size,1021200.0,14.979161242811609,3201600.000000008,2.135135135135143
T4-E033,val_cold,no_size,1242000.0,14.979161242811609,3201600.000000008,1.5777777777777842
T4-E033,val_cold,no_size,1090200.0,14.979161242811609,3201600.000000008,1.9367088607595009
T4-E033,val_cold,no_size,1945800.0,14.979161242811609,3201600.000000008,0.6453900709219899
T4-E033,val_cold,no_size,1876800.0,14.979161242811609,3201600.000000008,0.7058823529411807
T4-E033,val_cold,no_size,1821600.0,14.979161242811609,3201600.000000008,0.7575757575757619
T4-E033,val_cold,no_size,1435200.0,14.979161242811609,3201600.000000008,1.2307692307692364
T4-E033,val_cold,no_size,634800.0,14.979161242811609,3201600.000000008,4.043478260869578
T4-E033,val_cold,no_size,2083800.0,14.979161242811609,3201600.000000008,0.5364238410596065
T4-E033,val_cold,no_size,1449000.0,14.90909020410431,2984940.000000001,1.0600000000000007
T4-E033,val_cold,no_size,1159200.0,14.90909020410431,2984940.000000001,1.5750000000000008
T4-E033,val_cold,no_size,1449000.0,14.979161242811609,3201600.000000008,1.209523809523815
T4-E033,val_cold,no_size,634800.0,14.979161242811609,3201600.000000008,4.043478260869578
T4-E033,val_cold,no_size,4485000.0,14.979161242811609,3201600.000000008,0.28615384615384437
T4-E033,val_cold,no_size,1159200.0,14.979161242811609,3201600.000000008,1.7619047619047687
T4-E033,val_cold,no_size,745200.0,14.979161242811609,3201600.000000008,3.296296296296307
T4-E033,val_cold,no_size,910800.0,14.979161242811609,3201600.000000008,2.515151515151524
T4-E033,val_cold,no_size,745200.0,14.979161242811609,3201600.000000008,3.296296296296307
T4-E033,val_cold,no_size,745200.0,14.979161242811609,3201600.000000008,3.296296296296307
T4-E033,val_cold,no_size,848700.0,14.979161242811609,3201600.000000008,2.772357723577245
T4-E033,val_cold,no_size,4126200.0,14.979161242811609,3201600.000000008,0.2240802675585265
T4-E033,val_cold,no_size,1304100.0,14.979161242811609,3201600.000000008,1.455026455026461
T4-E033,val_cold,no_size,1186800.0,14.979161242811609,3201600.000000008,1.6976744186046577
T4-E033,val_cold,no_size,1545600.0,14.979161242811609,3201600.000000008,1.0714285714285765
T4-E033,val_cold,no_size,1449000.0,14.979161242811609,3201600.000000008,1.209523809523815
T4-E033,val_cold,no_size,1614600.0,14.979161242811609,3201600.000000008,0.9829059829059879
T4-E033,val_cold,no_size,3187800.0,14.979161242811609,3201600.000000008,0.004329004329006812
T4-E033,val_cold,no_size,1304100.0,14.979161242811609,3201600.000000008,1.455026455026461
T4-E033,val_cold,no_size,4167600.0,14.979161242811609,3201600.000000008,0.23178807947019678
T4-E033,val_cold,no_size,931500.0,14.979161242811609,3201600.000000008,2.4370370370370456
T4-E033,val_cold,no_size,2290800.0,14.979161242811609,3201600.000000008,0.3975903614457866
T4-E033,val_cold,no_size,1186800.0,14.979161242811609,3201600.000000008,1.6976744186046577
T4-E033,val_cold,no_size,2166600.0,14.921495600961796,3022199.9999999977,0.39490445859872503
T4-E033,val_cold,no_size,3594900.0,14.979161242811609,3201600.000000008,0.10940499040306882
T4-E033,val_cold,no_size,1211640.0,14.979161242811609,3201600.000000008,1.6423690205011454
T4-E033,val_cold,no_size,2346000.0,14.979161242811609,3201600.000000008,0.36470588235294454
T4-E033,val_cold,no_size,924600.0,14.979161242811609,3201600.000000008,2.4626865671641878
T4-E033,val_cold,no_size,966000.0,14.979161242811609,3201600.000000008,2.3142857142857225
T4-E033,val_cold,no_size,6679200.0,14.979161242811609,3201600.000000008,0.5206611570247922
T4-E033,val_cold,no_size,966000.0,14.979161242811609,3201600.000000008,2.3142857142857225
T4-E033,val_cold,no_size,11205600.0,14.979161242811609,3201600.000000008,0.7142857142857136
T4-E033,val_cold,no_size,1731900.0,14.979161242811609,3201600.000000008,0.8486055776892476
T4-E033,val_cold,no_size,1731900.0,14.979161242811609,3201600.000000008,0.8486055776892476
T4-E033,val_cold,no_size,966000.0,14.979161242811609,3201600.000000008,2.3142857142857225
T4-E033,val_cold,no_size,1738800.0,14.921495600961796,3022199.9999999977,0.7380952380952368
T4-E033,val_cold,no_size,731400.0,14.979161242811609,3201600.000000008,3.3773584905660488
T4-E033,val_cold,no_size,731400.0,14.979161242811609,3201600.000000008,3.3773584905660488
T4-E033,val_cold,no_size,993600.0,14.979161242811609,3201600.000000008,2.2222222222222303
T4-E033,val_cold,no_size,993600.0,14.979161242811609,3201600.000000008,2.2222222222222303
T4-E033,val_cold,no_size,993600.0,14.979161242811609,3201600.000000008,2.2222222222222303
T4-E033,val_cold,no_size,938400.0,14.979161242811609,3201600.000000008,2.4117647058823612
T4-E033,val_cold,no_size,966000.0,14.979161242811609,3201600.000000008,2.3142857142857225
T4-E033,val_cold,no_size,4650600.0,14.979161242811609,3201600.000000008,0.31157270029673423
T4-E033,val_cold,no_size,1849200.0,14.979161242811609,3201600.000000008,0.7313432835820939
T4-E033,val_cold,no_size,1683600.0,14.979161242811609,3201600.000000008,0.9016393442622997
T4-E033,val_cold,no_size,938400.0,14.979161242811609,3201600.000000008,2.4117647058823612
T4-E033,val_cold,no_size,855600.0,14.979161242811609,3201600.000000008,2.741935483870977
T4-E033,val_cold,no_size,1849200.0,14.979161242811609,3201600.000000008,0.7313432835820939
T4-E033,val_cold,no_size,2049300.0,14.979161242811609,3201600.000000008,0.5622895622895662
T4-E033,val_cold,no_size,1697400.0,14.979161242811609,3201600.000000008,0.8861788617886226
T4-E033,val_cold,no_size,3988200.0,14.979161242811609,3201600.000000008,0.19723183391003263
T4-E033,val_cold,no_size,1932000.0,14.979161242811609,3201600.000000008,0.6571428571428612
T4-E033,val_cold,no_size,1932000.0,14.979161242811609,3201600.000000008,0.6571428571428612
T4-E033,val_cold,no_size,1683600.0,14.979161242811609,3201600.000000008,0.9016393442622997
T4-E033,val_cold,no_size,15814800.0,14.979161242811609,3201600.000000008,0.7975567190226871
T4-E033,val_cold,no_size,966000.0,14.979161242811609,3201600.000000008,2.3142857142857225
T4-E033,val_cold,no_size,2387400.0,14.979161242811609,3201600.000000008,0.341040462427749
T4-E033,val_cold,no_size,1159200.0,14.979161242811609,3201600.000000008,1.7619047619047687
T4-E033,val_cold,no_size,1159200.0,14.979161242811609,3201600.000000008,1.7619047619047687
T4-E033,val_cold,no_size,1090200.0,14.979161242811609,3201600.000000008,1.9367088607595009
T4-E033,val_cold,no_size,7507200.0,14.979161242811609,3201600.000000008,0.5735294117647048
T4-E033,val_cold,no_size,1035000.0,14.979161242811609,3201600.000000008,2.093333333333341
T4-E033,val_cold,no_size,1821600.0,14.979161242811609,3201600.000000008,0.7575757575757619
T4-E033,val_cold,no_size,2758302.0,14.979161242811609,3201600.000000008,0.16071409149542287
T4-E033,val_cold,no_size,2758302.0,14.979161242811609,3201600.000000008,0.16071409149542287
T4-E033,val_cold,no_size,2242527.0,14.979161242811609,3201600.000000008,0.4276751182928937
T4-E033,val_cold,no_size,7235878.0,14.979161242811609,3201600.000000008,0.5575381453363354
T4-E033,val_cold,no_size,1499618.0,14.979161242811609,3201600.000000008,1.1349436989953494
T4-E033,val_cold,no_size,3645532.0,14.979161242811609,3201600.000000008,0.12177427053170624
T4-E033,val_cold,no_size,17744688.0,14.979161242811609,3201600.000000008,0.8195741734089657
T4-E033,val_cold,no_size,2772102.0,14.979161242811609,3201600.000000008,0.15493585733858564
T4-E033,val_cold,no_size,17813688.0,14.979161242811609,3201600.000000008,0.8202730394739143
T4-E033,val_cold,no_size,1141963.0,14.979161242811609,3201600.000000008,1.8035934614343967
T4-E033,val_cold,no_size,1141260.0,14.979161242811609,3201600.000000008,1.8053204353083503
T4-E033,val_cold,no_size,5406205.0,14.979161242811609,3201600.000000008,0.40779160242720947
T4-E033,val_cold,no_size,3645532.0,14.979161242811609,3201600.000000008,0.12177427053170624
T4-E033,val_cold,no_size,1843472.0,14.979161242811609,3201600.000000008,0.7367228794361986
T4-E033,val_cold,no_size,8666400.0,14.979161242811609,3201600.000000008,0.6305732484076425
T4-E033,val_cold,no_size,10046400.0,14.979161242811609,3201600.000000008,0.6813186813186806
T4-E033,val_cold,no_size,1311000.0,14.979161242811609,3201600.000000008,1.4421052631579008
T4-E033,val_cold,no_size,15525000.0,14.979161242811609,3201600.000000008,0.7937777777777772
T4-E033,val_cold,no_size,2056200.0,14.979161242811609,3201600.000000008,0.5570469798657757
T4-E033,val_cold,no_size,11247000.0,14.979161242811609,3201600.000000008,0.7153374233128827
T4-E033,val_cold,no_size,2746200.0,14.979161242811609,3201600.000000008,0.1658291457286461
T4-E033,val_cold,no_size,2746200.0,14.979161242811609,3201600.000000008,0.1658291457286461
T4-E033,val_cold,no_size,5188800.0,14.979161242811609,3201600.000000008,0.3829787234042538
T4-E033,val_cold,no_size,16311600.0,14.979161242811609,3201600.000000008,0.803722504230118
T4-E033,val_cold,no_size,745200.0,14.979161242811609,3201600.000000008,3.296296296296307
T4-E033,val_cold,no_size,1145400.0,14.979161242811609,3201600.000000008,1.7951807228915733
T4-E033,val_cold,no_size,1145400.0,14.979161242811609,3201600.000000008,1.7951807228915733
T4-E033,val_cold,no_size,828000.0,14.979161242811609,3201600.000000008,2.866666666666676
T4-E033,val_cold,no_size,745200.0,14.979161242811609,3201600.000000008,3.296296296296307
T4-E033,val_cold,no_size,1890600.0,14.979161242811609,3201600.000000008,0.6934306569343107
T4-E033,val_cold,no_size,1117800.0,14.90909020410431,2984940.000000001,1.6703703703703712
T4-E033,val_cold,no_size,1159200.0,14.979161242811609,3201600.000000008,1.7619047619047687
T4-E033,val_cold,no_size,1104000.0,14.979161242811609,3201600.000000008,1.9000000000000072
T4-E033,val_cold,no_size,1324800.0,14.979161242811609,3201600.000000008,1.4166666666666727
T4-E033,val_cold,no_size,1407600.0,14.979161242811609,3201600.000000008,1.2745098039215743
T4-E033,val_cold,no_size,1145400.0,14.979161242811609,3201600.000000008,1.7951807228915733
T4-E033,val_cold,no_size,1145400.0,14.979161242811609,3201600.000000008,1.7951807228915733
T4-E033,val_cold,no_size,1145400.0,14.979161242811609,3201600.000000008,1.7951807228915733
T4-E033,val_cold,no_size,2332200.0,14.979161242811609,3201600.000000008,0.3727810650887608
T4-E033,val_cold,no_size,1145400.0,14.979161242811609,3201600.000000008,1.7951807228915733
T4-E033,val_cold,no_size,371220.0,14.921495600961796,3022199.9999999977,7.14126394052044
T4-E033,val_cold,no_size,7631400.0,14.979161242811609,3201600.000000008,0.5804701627486428
T4-E033,val_cold,no_size,1504200.0,14.979161242811609,3201600.000000008,1.1284403669724823
T4-E033,val_cold,no_size,4857600.0,14.979161242811609,3201600.000000008,0.3409090909090893
T4-E033,val_cold,no_size,1145400.0,14.979161242811609,3201600.000000008,1.7951807228915733
T4-E033,val_cold,no_size,1076400.0,14.979161242811609,3201600.000000008,1.9743589743589818
T4-E033,val_cold,no_size,2056200.0,14.979161242811609,3201600.000000008,0.5570469798657757
T4-E033,val_cold,no_size,1145400.0,14.979161242811609,3201600.000000008,1.7951807228915733
T4-E033,val_cold,no_size,4733400.0,14.90909020410431,2984940.000000001,0.36938775510204064
T4-E033,val_cold,no_size,3919200.0,14.90909020410431,2984940.000000001,0.2383802816901406
T4-E033,val_cold,no_size,1766400.0,14.90909020410431,2984940.000000001,0.6898437500000005
T4-E033,val_cold,no_size,1642200.0,14.979161242811609,3201600.000000008,0.949579831932778
T4-E033,val_cold,no_size,869400.0,14.979161242811609,3201600.000000008,2.6825396825396917
T4-E033,val_cold,no_size,745200.0,14.979161242811609,3201600.000000008,3.296296296296307
T4-E033,val_cold,no_size,1021200.0,14.979161242811609,3201600.000000008,2.135135135135143
T4-E033,val_cold,no_size,1821600.0,14.979161242811609,3201600.000000008,0.7575757575757619
T4-E033,val_cold,no_size,1145400.0,14.979161242811609,3201600.000000008,1.7951807228915733
T4-E033,val_cold,no_size,1145400.0,14.979161242811609,3201600.000000008,1.7951807228915733
T4-E033,val_cold,no_size,2056200.0,14.979161242811609,3201600.000000008,0.5570469798657757
T4-E033,val_cold,no_size,2704800.0,14.979161242811609,3201600.000000008,0.18367346938775803
T4-E033,val_cold,no_size,1145400.0,14.979161242811609,3201600.000000008,1.7951807228915733
T4-E033,val_cold,no_size,1007400.0,14.979161242811609,3201600.000000008,2.1780821917808297
T4-E033,val_cold,no_size,1007400.0,14.979161242811609,3201600.000000008,2.1780821917808297
T4-E033,val_cold,no_size,1959600.0,14.979161242811609,3201600.000000008,0.6338028169014125
T4-E033,val_cold,no_size,2111400.0,14.979161242811609,3201600.000000008,0.5163398692810495
T4-E033,val_cold,no_size,1007400.0,14.979161242811609,3201600.000000008,2.1780821917808297
T4-E033,val_cold,no_size,16918800.0,14.979161242811609,3201600.000000008,0.8107667210440452
T4-E033,val_cold,no_size,11247000.0,14.979161242811609,3201600.000000008,0.7153374233128827
T4-E033,val_cold,no_size,5409600.0,14.979161242811609,3201600.000000008,0.40816326530612096
T4-E033,val_cold,no_size,1435200.0,14.979161242811609,3201600.000000008,1.2307692307692364
T4-E033,val_cold,no_size,2097600.0,14.979161242811609,3201600.000000008,0.526315789473688
T4-E033,val_cold,no_size,1269600.0,14.921495600961796,3022199.9999999977,1.3804347826086938
T4-E033,val_cold,no_size,8183400.0,14.979161242811609,3201600.000000008,0.6087689713322082
T4-E033,val_cold,no_size,8583600.0,14.979161242811609,3201600.000000008,0.62700964630225
T4-E033,val_cold,no_size,4981800.0,14.90909020410431,2984940.000000001,0.40083102493074774
T4-E033,val_cold,no_size,1462800.0,14.90909020410431,2984940.000000001,1.0405660377358497
T4-E033,val_cold,no_size,2277000.0,14.90909020410431,2984940.000000001,0.3109090909090913
T4-E033,val_cold,no_size,4388400.0,14.90909020410431,2984940.000000001,0.31981132075471674
T4-E033,val_cold,no_size,661020.0,14.90909020410431,2984940.000000001,3.515657620041755
T4-E033,val_cold,no_size,1242000.0,14.979161242811609,3201600.000000008,1.5777777777777842
T4-E033,val_cold,no_size,1242000.0,14.979161242811609,3201600.000000008,1.5777777777777842
T4-E033,val_cold,no_size,11237436.0,14.979161242811609,3201600.000000008,0.715095151598638
T4-E033,val_cold,no_size,772800.0,14.90909020410431,2984940.000000001,2.862500000000001
T4-E033,val_cold,no_size,772800.0,14.90909020410431,2984940.000000001,2.862500000000001
T4-E033,val_cold,no_size,4554000.0,14.921495600961796,3022199.9999999977,0.33636363636363686
T4-E033,val_cold,no_size,848700.0,14.90909020410431,2984940.000000001,2.517073170731708
T4-E033,val_cold,no_size,992220.0,14.90909020410431,2984940.000000001,2.0083449235048687
T4-E033,val_cold,no_size,545100.0,14.90909020410431,2984940.000000001,4.475949367088609
T4-E033,val_cold,no_size,545100.0,14.90909020410431,2984940.000000001,4.475949367088609
T4-E033,val_cold,no_size,558900.0,14.979161242811609,3201600.000000008,4.728395061728409
T4-E033,val_cold,no_size,1504200.0,14.90909020410431,2984940.000000001,0.9844036697247712
T4-E033,val_cold,no_size,1545600.0,14.90909020410431,2984940.000000001,0.9312500000000006
T4-E033,val_cold,no_size,3146400.0,14.90909020410431,2984940.000000001,0.05131578947368391
T4-E033,val_cold,no_size,1269600.0,14.90909020410431,2984940.000000001,1.3510869565217398
T4-E033,val_cold,no_size,821100.0,14.90909020410431,2984940.000000001,2.63529411764706
T4-E033,val_cold,no_size,7424400.0,14.921495600961796,3022199.9999999977,0.592936802973978
T4-E033,val_cold,no_size,717600.0,14.979161242811609,3201600.000000008,3.4615384615384728
T4-E033,val_cold,no_size,485760.0,14.921495600961796,3022199.9999999977,5.221590909090905
T4-E033,val_cold,no_size,442980.0,14.979161242811609,3201600.000000008,6.227414330218086
T4-E033,val_cold,no_size,2539200.0,14.90909020410431,2984940.000000001,0.17554347826086994
T4-E033,val_cold,no_size,471960.0,14.979161242811609,3201600.000000008,5.783625730994169
T4-E033,val_cold,no_size,2325300.0,14.90909020410431,2984940.000000001,0.28367952522255235
T4-E033,val_cold,no_size,1035000.0,14.921495600961796,3022199.9999999977,1.9199999999999977
T4-E033,val_cold,no_size,538200.0,14.921495600961796,3022199.9999999977,4.615384615384611
T4-E033,val_cold,no_size,538200.0,14.921495600961796,3022199.9999999977,4.615384615384611
T4-E033,val_cold,no_size,193200.0,14.921495600961796,3022199.9999999977,14.642857142857132
T4-E033,val_cold,no_size,524400.0,14.979161242811609,3201600.000000008,5.105263157894752
T4-E033,val_cold,no_size,600300.0,14.921495600961796,3022199.9999999977,4.034482758620686
T4-E033,val_cold,no_size,655500.0,14.90909020410431,2984940.000000001,3.5536842105263173
T4-E033,val_cold,no_size,538200.0,14.921495600961796,3022199.9999999977,4.615384615384611
T4-E033,val_cold,no_size,1738800.0,14.921495600961796,3022199.9999999977,0.7380952380952368
T4-E033,val_cold,no_size,1035000.0,14.979161242811609,3201600.000000008,2.093333333333341
T4-E033,val_cold,no_size,883200.0,14.979161242811609,3201600.000000008,2.625000000000009
T4-E033,val_cold,no_size,1738800.0,14.979161242811609,3201600.000000008,0.8412698412698458
T4-E033,val_cold,no_size,1738800.0,14.90909020410431,2984940.000000001,0.7166666666666672
T4-E033,val_cold,no_size,1738800.0,14.979161242811609,3201600.000000008,0.8412698412698458
T4-E033,val_cold,no_size,966000.0,14.921495600961796,3022199.9999999977,2.1285714285714263
T4-E033,val_cold,no_size,800400.0,14.921495600961796,3022199.9999999977,2.7758620689655142
T4-E033,val_cold,no_size,1311000.0,14.979161242811609,3201600.000000008,1.4421052631579008
T4-E033,val_cold,no_size,2290800.0,14.979161242811609,3201600.000000008,0.3975903614457866
T4-E033,val_cold,no_size,2263200.0,14.979161242811609,3201600.000000008,0.4146341463414669
T4-E033,val_cold,no_size,1738800.0,14.979161242811609,3201600.000000008,0.8412698412698458
T4-E033,val_cold,no_size,1449000.0,14.921495600961796,3022199.9999999977,1.085714285714284
T4-E033,val_cold,no_size,2014800.0,14.979161242811609,3201600.000000008,0.5890410958904149
T4-E033,val_cold,no_size,1159200.0,14.979161242811609,3201600.000000008,1.7619047619047687
T4-E033,val_cold,no_size,1186800.0,14.979161242811609,3201600.000000008,1.6976744186046577
T4-E033,val_cold,no_size,1449000.0,14.979161242811609,3201600.000000008,1.209523809523815
T4-E033,val_cold,no_size,6679200.0,14.979161242811609,3201600.000000008,0.5206611570247922
T4-E033,val_cold,no_size,4319400.0,14.979161242811609,3201600.000000008,0.2587859424920109
T4-E033,val_cold,no_size,6706800.0,14.979161242811609,3201600.000000008,0.5226337448559659
T4-E033,val_cold,no_size,9991200.0,14.979161242811609,3201600.000000008,0.679558011049723
T4-E033,val_cold,no_size,1932000.0,14.979161242811609,3201600.000000008,0.6571428571428612
T4-E033,val_cold,no_size,8790600.0,14.90909020410431,2984940.000000001,0.6604395604395603
T4-E033,val_cold,no_size,8790600.0,14.979161242811609,3201600.000000008,0.6357927786499207
T4-E033,val_cold,no_size,8293800.0,14.979161242811609,3201600.000000008,0.6139767054908477
T4-E033,val_cold,no_size,7079400.0,14.979161242811609,3201600.000000008,0.5477582846003888
T4-E033,val_cold,no_size,1145400.0,14.979161242811609,3201600.000000008,1.7951807228915733
T4-E033,val_cold,no_size,2056200.0,14.979161242811609,3201600.000000008,0.5570469798657757
T4-E033,val_cold,no_size,2049300.0,14.979161242811609,3201600.000000008,0.5622895622895662
T4-E033,val_cold,no_size,1173000.0,14.979161242811609,3201600.000000008,1.729411764705889
T4-E033,val_cold,no_size,2704800.0,14.979161242811609,3201600.000000008,0.18367346938775803
T4-E033,val_cold,no_size,1173000.0,14.979161242811609,3201600.000000008,1.729411764705889
T4-E033,val_cold,no_size,5409600.0,14.979161242811609,3201600.000000008,0.40816326530612096
T4-E033,val_cold,no_size,1173000.0,14.979161242811609,3201600.000000008,1.729411764705889
T4-E033,val_cold,no_size,676200.0,14.979161242811609,3201600.000000008,3.7346938775510323
T4-E033,val_cold,no_size,952200.0,14.921495600961796,3022199.9999999977,2.1739130434782585
T4-E033,val_cold,no_size,1380000.0,14.979161242811609,3201600.000000008,1.3200000000000058
T4-E033,val_cold,no_size,1242000.0,14.921495600961796,3022199.9999999977,1.4333333333333313
T4-E033,val_cold,no_size,772800.0,14.979161242811609,3201600.000000008,3.142857142857153
T4-E033,val_cold,no_size,814200.0,14.979161242811609,3201600.000000008,2.932203389830518
T4-E033,val_cold,no_size,6624000.0,14.90909020410431,2984940.000000001,0.5493749999999998
T4-E033,val_cold,no_size,3036000.0,14.90909020410431,2984940.000000001,0.01681818181818151
T4-E033,val_cold,no_size,29449200.0,14.90909020410431,2984940.000000001,0.8986410496719776
T4-E033,val_cold,no_size,4678200.0,14.90909020410431,2984940.000000001,0.36194690265486706
T4-E033,val_cold,no_size,4567800.0,14.90909020410431,2984940.000000001,0.34652567975830795
T4-E033,val_cold,no_size,2297700.0,14.90909020410431,2984940.000000001,0.2990990990990995
T4-E033,val_cold,no_size,1380000.0,14.921495600961796,3022199.9999999977,1.1899999999999984
T4-E033,val_cold,no_size,4719600.0,14.921495600961796,3022199.9999999977,0.35964912280701805
T4-E033,val_cold,no_size,5892600.0,14.979161242811609,3201600.000000008,0.45667447306791437
T4-E033,val_cold,no_size,1807800.0,14.90909020410431,2984940.000000001,0.6511450381679394
T4-E033,val_cold,no_size,1697400.0,14.90909020410431,2984940.000000001,0.7585365853658542
T4-E033,val_cold,no_size,1725000.0,14.90909020410431,2984940.000000001,0.7304000000000005
T4-E033,val_cold,no_size,1600800.0,14.90909020410431,2984940.000000001,0.8646551724137936
T4-E033,val_cold,no_size,1373100.0,14.90909020410431,2984940.000000001,1.173869346733669
T4-E033,val_cold,no_size,1338600.0,14.90909020410431,2984940.000000001,1.2298969072164956
T4-E033,val_cold,no_size,1145400.0,14.90909020410431,2984940.000000001,1.606024096385543
T4-E033,val_cold,no_size,772800.0,14.90909020410431,2984940.000000001,2.862500000000001
T4-E033,val_cold,no_size,1725000.0,14.90909020410431,2984940.000000001,0.7304000000000005
T4-E033,val_cold,no_size,1414500.0,14.90909020410431,2984940.000000001,1.1102439024390252
T4-E033,val_cold,no_size,28359000.0,14.979161242811609,3201600.000000008,0.887104622871046
T4-E033,val_cold,no_size,1090200.0,14.979161242811609,3201600.000000008,1.9367088607595009
T4-E033,val_cold,no_size,1393800.0,14.979161242811609,3201600.000000008,1.2970297029703026
T4-E033,val_cold,no_size,2428800.0,14.979161242811609,3201600.000000008,0.31818181818182145
T4-E033,val_cold,no_size,1048800.0,14.979161242811609,3201600.000000008,2.052631578947376
T4-E033,val_cold,no_size,1449000.0,14.921495600961796,3022199.9999999977,1.085714285714284
T4-E033,val_cold,no_size,1683600.0,14.921495600961796,3022199.9999999977,0.7950819672131134
T4-E033,val_cold,no_size,717600.0,14.921495600961796,3022199.9999999977,3.211538461538458
T4-E033,val_cold,no_size,1035000.0,14.921495600961796,3022199.9999999977,1.9199999999999977
T4-E033,val_cold,no_size,717600.0,14.921495600961796,3022199.9999999977,3.211538461538458
T4-E033,val_cold,no_size,717600.0,14.921495600961796,3022199.9999999977,3.211538461538458
T4-E033,val_cold,no_size,2001000.0,14.921495600961796,3022199.9999999977,0.5103448275862057
T4-E033,val_cold,no_size,2470200.0,14.921495600961796,3022199.9999999977,0.22346368715083706
T4-E033,val_cold,no_size,1035000.0,14.921495600961796,3022199.9999999977,1.9199999999999977
T4-E033,val_cold,no_size,1035000.0,14.921495600961796,3022199.9999999977,1.9199999999999977
T4-E033,val_cold,no_size,3256800.0,14.921495600961796,3022199.9999999977,0.07203389830508546
T4-E033,val_cold,no_size,1683600.0,14.921495600961796,3022199.9999999977,0.7950819672131134
T4-E033,val_cold,no_size,1035000.0,14.921495600961796,3022199.9999999977,1.9199999999999977
T4-E033,val_cold,no_size,3256800.0,14.921495600961796,3022199.9999999977,0.07203389830508546
T4-E033,val_cold,no_size,1338600.0,14.979161242811609,3201600.000000008,1.3917525773195936
T4-E033,val_cold,no_size,12972000.0,14.979161242811609,3201600.000000008,0.7531914893617015
T4-E033,val_cold,no_size,12972000.0,15.152036776850045,3805800.000000004,0.7066142460684548
T4-E033,val_cold,no_size,10384500.0,15.152036776850045,3805800.000000004,0.633511483460927
T4-E033,val_cold,no_size,10384500.0,15.152036776850045,3805800.000000004,0.633511483460927
T4-E033,val_cold,no_size,138165600.0,14.979161242811609,3201600.000000008,0.9768278066320415
T4-E033,val_cold,no_size,5216400.0,15.152036776850045,3805800.000000004,0.2704163791120305
T4-E033,val_cold,no_size,12972000.0,15.152036776850045,3805800.000000004,0.7066142460684548
T4-E033,val_cold,no_size,7845300.0,15.152036776850045,3805800.000000004,0.5148942679056245
T4-E033,val_cold,no_size,1018440.0,14.90909020410431,2984940.000000001,1.9308943089430903
T4-E033,val_cold,no_size,1435200.0,14.979161242811609,3201600.000000008,1.2307692307692364
T4-E033,val_cold,no_size,5837400.0,14.90909020410431,2984940.000000001,0.48865248226950336
T4-E033,val_cold,no_size,3960600.0,14.90909020410431,2984940.000000001,0.24634146341463392
T4-E033,val_cold,no_size,1385520.0,14.90909020410431,2984940.000000001,1.1543824701195227
T4-E033,val_cold,no_size,5210880.0,14.90909020410431,2984940.000000001,0.42717161016949134
T4-E033,val_cold,no_size,2677200.0,14.90909020410431,2984940.000000001,0.11494845360824776
T4-E033,val_cold,no_size,1407600.0,15.152036776850045,3805800.000000004,1.7037510656436516
T4-E033,val_cold,no_size,1449000.0,14.90909020410431,2984940.000000001,1.0600000000000007
T4-E033,val_cold,no_size,710700.0,14.90909020410431,2984940.000000001,3.2000000000000015
T4-E033,val_cold,no_size,2139000.0,14.90909020410431,2984940.000000001,0.39548387096774235
T4-E033,val_cold,no_size,3850200.0,14.90909020410431,2984940.000000001,0.22473118279569868
T4-E033,val_cold,no_size,4278000.0,14.90909020410431,2984940.000000001,0.3022580645161288
T4-E033,val_cold,no_size,4609200.0,14.979161242811609,3201600.000000008,0.3053892215568845
T4-E033,val_cold,no_size,814200.0,14.979161242811609,3201600.000000008,2.932203389830518
T4-E033,val_cold,no_size,15373200.0,14.979161242811609,3201600.000000008,0.7917414721723514
T4-E033,val_cold,no_size,12640800.0,14.979161242811609,3201600.000000008,0.7467248908296937
T4-E033,val_cold,no_size,1366200.0,14.979161242811609,3201600.000000008,1.3434343434343492
T4-E033,val_cold,no_size,5533800.0,14.979161242811609,3201600.000000008,0.4214463840398988
T4-E033,val_cold,no_size,7548600.0,14.979161242811609,3201600.000000008,0.5758683729433263
T4-E033,val_cold,no_size,2495040.0,14.979161242811609,3201600.000000008,0.28318584070796776
T4-E033,val_cold,no_size,2495040.0,14.979161242811609,3201600.000000008,0.28318584070796776
T4-E033,val_cold,no_size,1642200.0,14.921495600961796,3022199.9999999977,0.8403361344537801
T4-E033,val_cold,no_size,1642200.0,14.921495600961796,3022199.9999999977,0.8403361344537801
T4-E033,val_cold,no_size,10087800.0,14.921495600961796,3022199.9999999977,0.7004103967168265
T4-E033,val_cold,no_size,14531400.0,14.921495600961796,3022199.9999999977,0.7920227920227921
T4-E033,val_cold,no_size,7341600.0,14.921495600961796,3022199.9999999977,0.5883458646616544
T4-E033,val_cold,no_size,1516620.0,14.979161242811609,3201600.000000008,1.1110100090991863
T4-E033,val_cold,no_size,3007020.0,14.979161242811609,3201600.000000008,0.06470858191831379
T4-E033,val_cold,no_size,3007020.0,14.979161242811609,3201600.000000008,0.06470858191831379
T4-E033,val_cold,no_size,1516620.0,14.979161242811609,3201600.000000008,1.1110100090991863
T4-E033,val_cold,no_size,1516620.0,14.979161242811609,3201600.000000008,1.1110100090991863
T4-E033,val_cold,no_size,4428420.0,14.979161242811609,3201600.000000008,0.27703334372078353
T4-E033,val_cold,no_size,959100.0,14.979161242811609,3201600.000000008,2.338129496402886
T4-E033,val_cold,no_size,2993220.0,14.979161242811609,3201600.000000008,0.06961733517750379
T4-E033,val_cold,no_size,959100.0,14.979161242811609,3201600.000000008,2.338129496402886
T4-E033,val_cold,no_size,4469820.0,14.979161242811609,3201600.000000008,0.28372954615621926
T4-E033,val_cold,no_size,1516620.0,14.979161242811609,3201600.000000008,1.1110100090991863
T4-E033,val_cold,no_size,14484480.0,14.979161242811609,3201600.000000008,0.7789634146341459
T4-E033,val_cold,no_size,4469820.0,14.979161242811609,3201600.000000008,0.28372954615621926
T4-E033,val_cold,no_size,4456020.0,14.979161242811609,3201600.000000008,0.28151130380922706
T4-E033,val_cold,no_size,3007020.0,14.979161242811609,3201600.000000008,0.06470858191831379
T4-E033,val_cold,no_size,2993220.0,14.979161242811609,3201600.000000008,0.06961733517750379
T4-E033,val_cold,no_size,21321234.0,14.979161242811609,3201600.000000008,0.8498398357243296
T4-E033,val_cold,no_size,14622480.0,14.979161242811609,3201600.000000008,0.781049452623631
T4-E033,val_cold,no_size,14622480.0,14.979161242811609,3201600.000000008,0.781049452623631
T4-E033,val_cold,no_size,15732000.0,14.979161242811609,3201600.000000008,0.7964912280701749
T4-E033,val_cold,no_size,15773400.0,14.979161242811609,3201600.000000008,0.797025371828521
T4-E033,val_cold,no_size,17250000.0,14.979161242811609,3201600.000000008,0.8143999999999996
T4-E033,val_cold,no_size,1338600.0,14.979161242811609,3201600.000000008,1.3917525773195936
T4-E033,val_cold,no_size,1352400.0,14.979161242811609,3201600.000000008,1.3673469387755162
T4-E033,val_cold,no_size,1338600.0,14.979161242811609,3201600.000000008,1.3917525773195936
T4-E033,val_cold,no_size,2332200.0,14.921495600961796,3022199.9999999977,0.2958579881656795
T4-E033,val_cold,no_size,5935380.0,14.921495600961796,3022199.9999999977,0.49081608928156284
T4-E033,val_cold,no_size,17912400.0,14.979161242811609,3201600.000000008,0.821263482280431
T4-E033,val_cold,no_size,55641600.0,14.979161242811609,3201600.000000008,0.9424603174603173
T4-E033,val_cold,no_size,69441600.0,14.979161242811609,3201600.000000008,0.9538950715421303
T4-E033,val_cold,no_size,20989800.0,14.979161242811609,3201600.000000008,0.8474687705456933
T4-E033,val_cold,no_size,2097600.0,14.979161242811609,3201600.000000008,0.526315789473688
T4-E033,val_cold,no_size,2097600.0,14.979161242811609,3201600.000000008,0.526315789473688
T4-E033,val_cold,no_size,3995100.0,14.979161242811609,3201600.000000008,0.19861830742659561
T4-E033,val_cold,no_size,2097600.0,14.979161242811609,3201600.000000008,0.526315789473688
T4-E033,val_cold,no_size,2263200.0,14.979161242811609,3201600.000000008,0.4146341463414669
T4-E033,val_cold,no_size,2967000.0,14.979161242811609,3201600.000000008,0.07906976744186313
T4-E033,val_cold,no_size,2097600.0,14.979161242811609,3201600.000000008,0.526315789473688
T4-E033,val_cold,no_size,3995100.0,14.979161242811609,3201600.000000008,0.19861830742659561
T4-E033,val_cold,no_size,3995100.0,14.979161242811609,3201600.000000008,0.19861830742659561
T4-E033,val_cold,no_size,1159200.0,14.90909020410431,2984940.000000001,1.5750000000000008
T4-E033,val_cold,no_size,828000.0,14.979161242811609,3201600.000000008,2.866666666666676
T4-E033,val_cold,no_size,828000.0,14.979161242811609,3201600.000000008,2.866666666666676
T4-E033,val_cold,no_size,6734400.0,14.90909020410431,2984940.000000001,0.5567622950819671
T4-E033,val_cold,no_size,2111400.0,14.90909020410431,2984940.000000001,0.41372549019607885
T4-E033,val_cold,no_size,3443100.0,14.90909020410431,2984940.000000001,0.1330661322645288
T4-E033,val_cold,no_size,2125200.0,14.90909020410431,2984940.000000001,0.404545454545455
T4-E033,val_cold,no_size,6706800.0,14.90909020410431,2984940.000000001,0.5549382716049381
T4-E033,val_cold,no_size,1440720.0,14.90909020410431,2984940.000000001,1.0718390804597708
T4-E033,val_cold,no_size,841800.0,14.90909020410431,2984940.000000001,2.5459016393442635
T4-E033,val_cold,no_size,418140.0,14.90909020410431,2984940.000000001,6.1386138613861405
T4-E033,val_cold,no_size,1407600.0,14.979161242811609,3201600.000000008,1.2745098039215743
T4-E033,val_cold,no_size,3933000.0,14.90909020410431,2984940.000000001,0.24105263157894713
T4-E033,val_cold,no_size,2346000.0,14.979161242811609,3201600.000000008,0.36470588235294454
T4-E033,val_cold,no_size,680340.0,14.979161242811609,3201600.000000008,3.705882352941188
T4-E033,val_cold,no_size,1407600.0,14.921495600961796,3022199.9999999977,1.1470588235294101
T4-E033,val_cold,no_size,2221800.0,14.979161242811609,3201600.000000008,0.44099378881987933
T4-E033,val_cold,no_size,2760000.0,14.921495600961796,3022199.9999999977,0.09499999999999915
T4-E033,val_cold,no_size,28110600.0,14.979161242811609,3201600.000000008,0.8861070201276384
T4-E033,val_cold,no_size,124890000.0,14.979161242811609,3201600.000000008,0.9743646408839778
T4-E033,val_cold,no_size,5740800.0,15.52388841825328,5520000.000000013,0.03846153846153619
T4-E033,val_cold,no_size,33630600.0,15.52388841825328,5520000.000000013,0.8358637669265486
T4-E033,val_cold,no_size,5685600.0,14.979161242811609,3201600.000000008,0.43689320388349373
T4-E033,val_cold,no_size,5699400.0,15.52388841825328,5520000.000000013,0.031476997578690206
T4-E033,val_cold,no_size,3256800.0,14.90909020410431,2984940.000000001,0.08347457627118615
T4-E033,val_cold,no_size,1559400.0,14.90909020410431,2984940.000000001,0.9141592920353988
T4-E033,val_cold,no_size,2332200.0,14.90909020410431,2984940.000000001,0.27988165680473415
T4-E033,val_cold,no_size,3215400.0,14.90909020410431,2984940.000000001,0.07167381974248899
T4-E033,val_cold,no_size,1766400.0,14.90909020410431,2984940.000000001,0.6898437500000005
T4-E033,val_cold,no_size,1780200.0,14.90909020410431,2984940.000000001,0.6767441860465121
T4-E033,val_cold,no_size,1766400.0,14.90909020410431,2984940.000000001,0.6898437500000005
T4-E033,val_cold,no_size,17250000.0,15.52388841825328,5520000.000000013,0.6799999999999993
T4-E033,val_cold,no_size,17250000.0,15.52388841825328,5520000.000000013,0.6799999999999993
T4-E033,val_cold,no_size,11040000.0,14.90909020410431,2984940.000000001,0.729625
T4-E033,val_cold,no_size,17250000.0,15.52388841825328,5520000.000000013,0.6799999999999993
T4-E033,val_cold,no_size,5520000.0,15.52388841825328,5520000.000000013,2.3620500080827353e-15
T4-E033,val_cold,no_size,17250000.0,15.52388841825328,5520000.000000013,0.6799999999999993
T4-E033,val_cold,no_size,17250000.0,15.52388841825328,5520000.000000013,0.6799999999999993
T4-E033,val_cold,no_size,5520000.0,15.52388841825328,5520000.000000013,2.3620500080827353e-15
T4-E033,val_cold,no_size,5520000.0,15.52388841825328,5520000.000000013,2.3620500080827353e-15
T4-E033,val_cold,no_size,17250000.0,15.52388841825328,5520000.000000013,0.6799999999999993
T4-E033,val_cold,no_size,14352000.0,14.90909020410431,2984940.000000001,0.7920192307692308
T4-E033,val_cold,no_size,38640.0,15.52388841825328,5520000.000000013,141.8571428571432
T4-E033,val_cold,no_size,5520000.0,14.90909020410431,2984940.000000001,0.4592499999999998
T4-E033,val_cold,no_size,38640000.0,14.90909020410431,2984940.000000001,0.92275
T4-E033,val_cold,no_size,29808000.0,14.90909020410431,2984940.000000001,0.8998611111111111
T4-E033,val_cold,no_size,22080000.0,14.90909020410431,2984940.000000001,0.8648125
T4-E033,val_cold,no_size,33120000.0,14.90909020410431,2984940.000000001,0.909875
T4-E033,val_cold,no_size,131100.0,15.52388841825328,5520000.000000013,41.10526315789484
T4-E033,val_cold,no_size,3174000.0,15.52388841825328,5520000.000000013,0.7391304347826128
T4-E033,val_cold,no_size,44160000.0,14.90909020410431,2984940.000000001,0.93240625
T4-E033,val_cold,no_size,44160000.0,14.90909020410431,2984940.000000001,0.93240625
T4-E033,val_cold,no_size,110400.0,15.52388841825328,5520000.000000013,49.00000000000012
T4-E033,val_cold,no_size,33120000.0,15.52388841825328,5520000.000000013,0.8333333333333329
T4-E033,val_cold,no_size,4416000.0,14.90909020410431,2984940.000000001,0.3240624999999998
T4-E033,val_cold,no_size,22080000.0,14.90909020410431,2984940.000000001,0.8648125
T4-E033,val_cold,no_size,4692000.0,15.52388841825328,5520000.000000013,0.1764705882352969
T4-E033,val_cold,no_size,11040000.0,14.90909020410431,2984940.000000001,0.729625
T4-E033,val_cold,no_size,4692000.0,15.52388841825328,5520000.000000013,0.1764705882352969
T4-E033,val_cold,no_size,5520000.0,14.90909020410431,2984940.000000001,0.4592499999999998
T4-E033,val_cold,no_size,49680000.0,14.90909020410431,2984940.000000001,0.9399166666666666
T4-E033,val_cold,no_size,75900.0,15.52388841825328,5520000.000000013,71.7272727272729
T4-E033,val_cold,no_size,33120000.0,14.90909020410431,2984940.000000001,0.909875
T4-E033,val_cold,no_size,3450000.0,15.01722080463595,3325799.999999999,0.03600000000000027
T4-E033,val_cold,no_size,5244000.0,15.52388841825328,5520000.000000013,0.05263157894737091
T4-E033,val_cold,no_size,22080000.0,14.90909020410431,2984940.000000001,0.8648125
T4-E033,val_cold,no_size,22080000.0,14.90909020410431,2984940.000000001,0.8648125
T4-E033,val_cold,no_size,27600000.0,14.90909020410431,2984940.000000001,0.89185
T4-E033,val_cold,no_size,3036000.0,15.52388841825328,5520000.000000013,0.8181818181818225
T4-E033,val_cold,no_size,35328000.0,14.90909020410431,2984940.000000001,0.9155078125
T4-E033,val_cold,no_size,3450000.0,15.52388841825328,5520000.000000013,0.6000000000000038
T4-E033,val_cold,no_size,4692000.0,15.52388841825328,5520000.000000013,0.1764705882352969
T4-E033,val_cold,no_size,22080000.0,14.90909020410431,2984940.000000001,0.8648125
T4-E033,val_cold,no_size,6900000.0,14.979161242811609,3201600.000000008,0.5359999999999988
T4-E033,val_cold,no_size,6900000.0,14.979161242811609,3201600.000000008,0.5359999999999988
T4-E033,val_cold,no_size,5244000.0,15.52388841825328,5520000.000000013,0.05263157894737091
T4-E033,val_cold,no_size,14352000.0,14.90909020410431,2984940.000000001,0.7920192307692308
T4-E033,val_cold,no_size,5520000.0,15.52388841825328,5520000.000000013,2.3620500080827353e-15
T4-E033,val_cold,no_size,4140000.0,14.979161242811609,3201600.000000008,0.22666666666666477
T4-E033,val_cold,no_size,11040000.0,14.979161242811609,3201600.000000008,0.7099999999999993
T4-E033,val_cold,no_size,2760000.0,14.979161242811609,3201600.000000008,0.16000000000000286
T4-E033,val_cold,no_size,5244000.0,15.52388841825328,5520000.000000013,0.05263157894737091
T4-E033,val_cold,no_size,27600000.0,14.90909020410431,2984940.000000001,0.89185
T4-E033,val_cold,no_size,20700000.0,15.52388841825328,5520000.000000013,0.7333333333333327
T4-E033,val_cold,no_size,7176000.0,15.52388841825328,5520000.000000013,0.23076923076922895
T4-E033,val_cold,no_size,4416000.0,15.52388841825328,5520000.000000013,0.25000000000000294
T4-E033,val_cold,no_size,27600000.0,14.90909020410431,2984940.000000001,0.89185
T4-E033,val_cold,no_size,22080000.0,14.90909020410431,2984940.000000001,0.8648125
T4-E033,val_cold,no_size,22080000.0,14.90909020410431,2984940.000000001,0.8648125
T4-E033,val_cold,no_size,4692000.0,15.52388841825328,5520000.000000013,0.1764705882352969
T4-E033,val_cold,no_size,6900000.0,15.52388841825328,5520000.000000013,0.19999999999999812
T4-E033,val_cold,no_size,1324800.0,15.52388841825328,5520000.000000013,3.1666666666666763
T4-E033,val_cold,no_size,3450000.0,15.01722080463595,3325799.999999999,0.03600000000000027
T4-E033,val_cold,no_size,16560000.0,14.90909020410431,2984940.000000001,0.81975
T4-E033,val_cold,no_size,8832000.0,14.90909020410431,2984940.000000001,0.6620312499999998
T4-E033,val_cold,no_size,4416000.0,15.52388841825328,5520000.000000013,0.25000000000000294
T4-E033,val_cold,no_size,2346000.0,15.52388841825328,5520000.000000013,1.3529411764705939
T4-E033,val_cold,no_size,5796000.0,15.52388841825328,5520000.000000013,0.04761904761904537
T4-E033,val_cold,no_size,22080000.0,14.90909020410431,2984940.000000001,0.8648125
T4-E033,val_cold,no_size,13800000.0,15.52388841825328,5520000.000000013,0.5999999999999991
T4-E033,val_cold,no_size,15870000.0,15.52388841825328,5520000.000000013,0.6521739130434775
T4-E033,val_cold,no_size,4830000.0,15.52388841825328,5520000.000000013,0.14285714285714557
T4-E033,val_cold,no_size,13800000.0,14.90909020410431,2984940.000000001,0.7837
T4-E033,val_cold,no_size,41400000.0,14.979161242811609,3201600.000000008,0.9226666666666665
T4-E033,val_cold,no_size,2346000.0,15.52388841825328,5520000.000000013,1.3529411764705939
T4-E033,val_cold,no_size,4416000.0,15.52388841825328,5520000.000000013,0.25000000000000294
T4-E033,val_cold,no_size,35328000.0,14.90909020410431,2984940.000000001,0.9155078125
T4-E033,val_cold,no_size,1324800.0,15.52388841825328,5520000.000000013,3.1666666666666763
T4-E033,val_cold,no_size,27600000.0,14.90909020410431,2984940.000000001,0.89185
T4-E033,val_cold,no_size,69000000.0,14.979161242811609,3201600.000000008,0.9535999999999999
T4-E033,val_cold,no_size,41400000.0,14.979161242811609,3201600.000000008,0.9226666666666665
T4-E033,val_cold,no_size,11040000.0,14.979161242811609,3201600.000000008,0.7099999999999993
T4-E033,val_cold,no_size,27600000.0,14.90909020410431,2984940.000000001,0.89185
T4-E033,val_cold,no_size,13800000.0,15.52388841825328,5520000.000000013,0.5999999999999991
T4-E033,val_cold,no_size,4140000.0,15.52388841825328,5520000.000000013,0.3333333333333365
T4-E033,val_cold,no_size,3450000.0,15.52388841825328,5520000.000000013,0.6000000000000038
T4-E033,val_cold,no_size,4140000.0,14.979161242811609,3201600.000000008,0.22666666666666477
T4-E033,val_cold,no_size,1449000.0,15.52388841825328,5520000.000000013,2.8095238095238186
T4-E033,val_cold,no_size,1932000.0,14.90909020410431,2984940.000000001,0.5450000000000005
T4-E033,val_cold,no_size,1932000.0,14.90909020410431,2984940.000000001,0.5450000000000005
T4-E033,val_cold,no_size,3864000.0,14.90909020410431,2984940.000000001,0.22749999999999976
T4-E033,val_cold,no_size,1269600.0,14.90909020410431,2984940.000000001,1.3510869565217398
T4-E033,val_cold,no_size,1269600.0,14.90909020410431,2984940.000000001,1.3510869565217398
T4-E033,val_cold,no_size,19320000.0,14.90909020410431,2984940.000000001,0.8455
T4-E033,val_cold,no_size,44063400.0,14.979161242811609,3201600.000000008,0.9273410585656121
T4-E033,val_cold,no_size,21459000.0,14.90909020410431,2984940.000000001,0.8609003215434083
T4-E033,val_cold,no_size,5520000.0,14.90909020410431,2984940.000000001,0.4592499999999998
T4-E033,val_cold,no_size,3312000.0,14.90909020410431,2984940.000000001,0.09874999999999971
T4-E033,val_cold,no_size,22632000.0,14.979161242811609,3201600.000000008,0.8585365853658533
T4-E033,val_cold,no_size,2001000.0,14.90909020410431,2984940.000000001,0.4917241379310349
T4-E033,val_cold,no_size,23322000.0,14.979161242811609,3201600.000000008,0.8627218934911239
T4-E033,val_cold,no_size,3312000.0,14.90909020410431,2984940.000000001,0.09874999999999971
T4-E033,val_cold,no_size,2001000.0,14.90909020410431,2984940.000000001,0.4917241379310349
T4-E033,val_cold,no_size,3036000.0,14.90909020410431,2984940.000000001,0.01681818181818151
T4-E033,val_cold,no_size,4968000.0,14.90909020410431,2984940.000000001,0.3991666666666665
T4-E033,val_cold,no_size,8280000.0,15.706209975047232,6623999.9999999935,0.2000000000000008
T4-E033,val_cold,no_size,883200.0,14.90909020410431,2984940.000000001,2.379687500000001
T4-E033,val_cold,no_size,2001000.0,14.90909020410431,2984940.000000001,0.4917241379310349
T4-E033,val_cold,no_size,372600.0,14.90909020410431,2984940.000000001,7.011111111111114
T4-E033,val_cold,no_size,3312000.0,14.90909020410431,2984940.000000001,0.09874999999999971
T4-E033,val_cold,no_size,5520000.0,14.90909020410431,2984940.000000001,0.4592499999999998
T4-E033,val_cold,no_size,3312000.0,14.90909020410431,2984940.000000001,0.09874999999999971
T4-E033,val_cold,no_size,3312000.0,14.90909020410431,2984940.000000001,0.09874999999999971
T4-E033,val_cold,no_size,6072000.0,14.90909020410431,2984940.000000001,0.5084090909090908
T4-E033,val_cold,no_size,7728000.0,14.90909020410431,2984940.000000001,0.6137499999999999
T4-E033,val_cold,no_size,2001000.0,14.90909020410431,2984940.000000001,0.4917241379310349
T4-E033,val_cold,no_size,3312000.0,14.90909020410431,2984940.000000001,0.09874999999999971
T4-E033,val_cold,no_size,3036000.0,14.90909020410431,2984940.000000001,0.01681818181818151
T4-E033,val_cold,no_size,4968000.0,14.90909020410431,2984940.000000001,0.3991666666666665
T4-E033,val_cold,no_size,3312000.0,14.90909020410431,2984940.000000001,0.09874999999999971
T4-E033,val_cold,no_size,3312000.0,14.90909020410431,2984940.000000001,0.09874999999999971
T4-E033,val_cold,no_size,2001000.0,14.90909020410431,2984940.000000001,0.4917241379310349
T4-E033,val_cold,no_size,772800.0,14.90909020410431,2984940.000000001,2.862500000000001
T4-E033,val_cold,no_size,952200.0,14.90909020410431,2984940.000000001,2.134782608695653
T4-E033,val_cold,no_size,3312000.0,14.90909020410431,2984940.000000001,0.09874999999999971
T4-E033,val_cold,no_size,469200.0,14.90909020410431,2984940.000000001,5.361764705882355
T4-E033,val_cold,no_size,4968000.0,14.90909020410431,2984940.000000001,0.3991666666666665
T4-E033,val_cold,no_size,6072000.0,14.90909020410431,2984940.000000001,0.5084090909090908
T4-E033,val_cold,no_size,7728000.0,14.90909020410431,2984940.000000001,0.6137499999999999
T4-E033,val_cold,no_size,8280000.0,14.90909020410431,2984940.000000001,0.6394999999999998
T4-E033,val_cold,no_size,4968000.0,14.90909020410431,2984940.000000001,0.3991666666666665
T4-E033,val_cold,no_size,2760000.0,14.90909020410431,2984940.000000001,0.08150000000000034
T4-E033,val_cold,no_size,759000.0,14.90909020410431,2984940.000000001,2.932727272727274
T4-E033,val_cold,no_size,952200.0,14.90909020410431,2984940.000000001,2.134782608695653
T4-E033,val_cold,no_size,3312000.0,14.90909020410431,2984940.000000001,0.09874999999999971
T4-E033,val_cold,no_size,3312000.0,14.90909020410431,2984940.000000001,0.09874999999999971
T4-E033,val_cold,no_size,7590000.0,14.921495600961796,3022199.9999999977,0.601818181818182
T4-E033,val_cold,no_size,3312000.0,14.90909020410431,2984940.000000001,0.09874999999999971
T4-E033,val_cold,no_size,3312000.0,14.90909020410431,2984940.000000001,0.09874999999999971
T4-E033,val_cold,no_size,3174000.0,14.921495600961796,3022199.9999999977,0.047826086956522476
T4-E033,val_cold,no_size,1656000.0,14.90909020410431,2984940.000000001,0.8025000000000005
T4-E033,val_cold,no_size,3312000.0,14.90909020410431,2984940.000000001,0.09874999999999971
T4-E033,val_cold,no_size,1380000.0,14.921495600961796,3022199.9999999977,1.1899999999999984
T4-E033,val_cold,no_size,3312000.0,14.90909020410431,2984940.000000001,0.09874999999999971
T4-E033,val_cold,no_size,3174000.0,14.921495600961796,3022199.9999999977,0.047826086956522476
T4-E033,val_cold,no_size,3174000.0,14.921495600961796,3022199.9999999977,0.047826086956522476
T4-E033,val_cold,no_size,1380000.0,14.90909020410431,2984940.000000001,1.1630000000000007
T4-E033,val_cold,no_size,1380000.0,14.90909020410431,2984940.000000001,1.1630000000000007
T4-E033,val_cold,no_size,14490000.0,15.52388841825328,5520000.000000013,0.6190476190476182
T4-E033,val_cold,no_size,5520000.0,14.921495600961796,3022199.9999999977,0.4525000000000004
T4-E033,val_cold,no_size,10350000.0,14.921495600961796,3022199.9999999977,0.7080000000000002
T4-E033,val_cold,no_size,34500000.0,14.90909020410431,2984940.000000001,0.91348
T4-E033,val_cold,no_size,6210000.0,14.921495600961796,3022199.9999999977,0.5133333333333338
T4-E033,val_cold,no_size,1380000.0,14.90909020410431,2984940.000000001,1.1630000000000007
T4-E033,val_cold,no_size,48300000.0,15.52388841825328,5520000.000000013,0.8857142857142855
T4-E033,val_cold,no_size,5520000.0,14.921495600961796,3022199.9999999977,0.4525000000000004
T4-E033,val_cold,no_size,3615600.0,14.90909020410431,2984940.000000001,0.17442748091603028
T4-E033,val_cold,no_size,1380000.0,14.921495600961796,3022199.9999999977,1.1899999999999984
T4-E033,val_cold,no_size,1932000.0,14.979161242811609,3201600.000000008,0.6571428571428612
T4-E033,val_cold,no_size,1932000.0,14.979161242811609,3201600.000000008,0.6571428571428612
T4-E033,val_cold,no_size,6734400.0,14.979161242811609,3201600.000000008,0.524590163934425
T4-E033,val_cold,no_size,7231200.0,14.90909020410431,2984940.000000001,0.5872137404580151
T4-E033,val_cold,no_size,1656000.0,14.90909020410431,2984940.000000001,0.8025000000000005
T4-E033,val_cold,no_size,6624000.0,14.90909020410431,2984940.000000001,0.5493749999999998
T4-E033,val_cold,no_size,4485000.0,14.979161242811609,3201600.000000008,0.28615384615384437
T4-E033,val_cold,no_size,1725000.0,15.152036776850045,3805800.000000004,1.2062608695652197
T4-E033,val_cold,no_size,1380000.0,14.90909020410431,2984940.000000001,1.1630000000000007
T4-E033,val_cold,no_size,13800000.0,14.921495600961796,3022199.9999999977,0.7810000000000001
T4-E033,val_cold,no_size,4140000.0,14.90909020410431,2984940.000000001,0.27899999999999975
T4-E033,val_cold,no_size,1380000.0,15.52388841825328,5520000.000000013,3.0000000000000093
T4-E033,val_cold,no_size,2263200.0,14.90909020410431,2984940.000000001,0.31890243902439064
T4-E033,val_cold,no_size,11205600.0,14.979161242811609,3201600.000000008,0.7142857142857136
T4-E033,val_cold,no_size,12420000.0,14.979161242811609,3201600.000000008,0.7422222222222217
T4-E033,val_cold,no_size,3450000.0,14.979161242811609,3201600.000000008,0.0719999999999977
T4-E033,val_cold,no_size,1380000.0,14.90909020410431,2984940.000000001,1.1630000000000007
T4-E033,val_cold,no_size,12420000.0,14.90909020410431,2984940.000000001,0.7596666666666667
T4-E033,val_cold,no_size,30360000.0,15.52388841825328,5520000.000000013,0.8181818181818177
T4-E033,val_cold,no_size,20700000.0,14.921495600961796,3022199.9999999977,0.8540000000000002
T4-E033,val_cold,no_size,12000000.0,14.90909020410431,2984940.000000001,0.751255
T4-E033,val_cold,no_size,14490000.0,15.52388841825328,5520000.000000013,0.6190476190476182
T4-E033,val_cold,no_size,5602800.0,14.979161242811609,3201600.000000008,0.42857142857142716
T4-E033,val_cold,no_size,14490000.0,15.52388841825328,5520000.000000013,0.6190476190476182
T4-E033,val_cold,no_size,3367200.0,14.979161242811609,3201600.000000008,0.049180327868850106
T4-E033,val_cold,no_size,1131600.0,14.979161242811609,3201600.000000008,1.8292682926829338
T4-E033,val_cold,no_size,1131600.0,14.979161242811609,3201600.000000008,1.8292682926829338
T4-E033,val_cold,no_size,3450000.0,14.921495600961796,3022199.9999999977,0.12400000000000068
T4-E033,val_cold,no_size,1656000.0,14.90909020410431,2984940.000000001,0.8025000000000005
T4-E033,val_cold,no_size,7314000.0,14.90909020410431,2984940.000000001,0.59188679245283
T4-E033,val_cold,no_size,3036000.0,14.921495600961796,3022199.9999999977,0.004545454545455312
T4-E033,val_cold,no_size,16560000.0,14.921495600961796,3022199.9999999977,0.8175000000000001
T4-E033,val_cold,no_size,2249400.0,14.979161242811609,3201600.000000008,0.4233128834355863
T4-E033,val_cold,no_size,1380000.0,15.52388841825328,5520000.000000013,3.0000000000000093
T4-E033,val_cold,no_size,20700000.0,14.921495600961796,3022199.9999999977,0.8540000000000002
T4-E033,val_cold,no_size,48300000.0,15.52388841825328,5520000.000000013,0.8857142857142855
T4-E033,val_cold,no_size,1131600.0,14.979161242811609,3201600.000000008,1.8292682926829338
T4-E033,val_cold,no_size,8694000.0,14.90909020410431,2984940.000000001,0.6566666666666665
T4-E033,val_cold,no_size,48300000.0,15.52388841825328,5520000.000000013,0.8857142857142855
T4-E033,val_cold,no_size,5602800.0,14.979161242811609,3201600.000000008,0.42857142857142716
T4-E033,val_cold,no_size,20700000.0,14.921495600961796,3022199.9999999977,0.8540000000000002
T4-E033,val_cold,no_size,8000000.0,14.90909020410431,2984940.000000001,0.6268824999999999
T4-E033,val_cold,no_size,15180000.0,14.921495600961796,3022199.9999999977,0.800909090909091
T4-E033,val_cold,no_size,16560000.0,14.90909020410431,2984940.000000001,0.81975
T4-E033,val_cold,no_size,7314000.0,14.90909020410431,2984940.000000001,0.59188679245283
T4-E033,val_cold,no_size,12420000.0,14.90909020410431,2984940.000000001,0.7596666666666667
T4-E033,val_cold,no_size,11592000.0,14.90909020410431,2984940.000000001,0.7425
T4-E033,val_cold,no_size,2263200.0,14.90909020410431,2984940.000000001,0.31890243902439064
T4-E033,val_cold,no_size,4692000.0,14.90909020410431,2984940.000000001,0.3638235294117645
T4-E033,val_cold,no_size,1725000.0,15.152036776850045,3805800.000000004,1.2062608695652197
T4-E033,val_cold,no_size,4554000.0,14.90909020410431,2984940.000000001,0.3445454545454543
T4-E033,val_cold,no_size,11205600.0,14.979161242811609,3201600.000000008,0.7142857142857136
T4-E033,val_cold,no_size,828000.0,14.90909020410431,2984940.000000001,2.6050000000000013
T4-E033,val_cold,no_size,1380000.0,15.52388841825328,5520000.000000013,3.0000000000000093
T4-E033,val_cold,no_size,1380000.0,14.921495600961796,3022199.9999999977,1.1899999999999984
T4-E033,val_cold,no_size,1656000.0,14.90909020410431,2984940.000000001,0.8025000000000005
T4-E033,val_cold,no_size,1380000.0,15.52388841825328,5520000.000000013,3.0000000000000093
T4-E033,val_cold,no_size,30360000.0,15.52388841825328,5520000.000000013,0.8181818181818177
T4-E033,val_cold,no_size,2760000.0,14.921495600961796,3022199.9999999977,0.09499999999999915
T4-E033,val_cold,no_size,1131600.0,14.979161242811609,3201600.000000008,1.8292682926829338
T4-E033,val_cold,no_size,12420000.0,14.90909020410431,2984940.000000001,0.7596666666666667
T4-E033,val_cold,no_size,500000.0,14.90909020410431,2984940.000000001,4.969880000000002
T4-E033,val_cold,no_size,15180000.0,14.90909020410431,2984940.000000001,0.8033636363636364
T4-E033,val_cold,no_size,41400000.0,14.90909020410431,2984940.000000001,0.9279
T4-E033,val_cold,no_size,20700000.0,14.921495600961796,3022199.9999999977,0.8540000000000002
T4-E033,val_cold,no_size,8004000.0,14.90909020410431,2984940.000000001,0.6270689655172412
T4-E033,val_cold,no_size,1380000.0,14.90909020410431,2984940.000000001,1.1630000000000007
T4-E033,val_cold,no_size,1807800.0,14.90909020410431,2984940.000000001,0.6511450381679394
T4-E033,val_cold,no_size,2594400.0,14.90909020410431,2984940.000000001,0.1505319148936174
T4-E033,val_cold,no_size,4830000.0,14.90909020410431,2984940.000000001,0.3819999999999998
T4-E033,val_cold,no_size,20700000.0,14.921495600961796,3022199.9999999977,0.8540000000000002
T4-E033,val_cold,no_size,966000.0,14.921495600961796,3022199.9999999977,2.1285714285714263
T4-E033,val_cold,no_size,11592000.0,14.90909020410431,2984940.000000001,0.7425
T4-E033,val_cold,no_size,12420000.0,14.90909020410431,2984940.000000001,0.7596666666666667
T4-E033,val_cold,no_size,9691740.0,14.90909020410431,2984940.000000001,0.6920119607005553
T4-E033,val_cold,no_size,20700000.0,14.921495600961796,3022199.9999999977,0.8540000000000002
T4-E033,val_cold,no_size,3367200.0,14.979161242811609,3201600.000000008,0.049180327868850106
T4-E033,val_cold,no_size,12420000.0,14.90909020410431,2984940.000000001,0.7596666666666667
T4-E033,val_cold,no_size,2760000.0,14.921495600961796,3022199.9999999977,0.09499999999999915
T4-E033,val_cold,no_size,9273600.0,14.90909020410431,2984940.000000001,0.6781249999999999
T4-E033,val_cold,no_size,5602800.0,14.979161242811609,3201600.000000008,0.42857142857142716
T4-E033,val_cold,no_size,2249400.0,14.979161242811609,3201600.000000008,0.4233128834355863
T4-E033,val_cold,no_size,69000000.0,14.90909020410431,2984940.000000001,0.95674
T4-E033,val_cold,no_size,2484000.0,14.921495600961796,3022199.9999999977,0.21666666666666573
T4-E033,val_cold,no_size,20700000.0,14.921495600961796,3022199.9999999977,0.8540000000000002
T4-E033,val_cold,no_size,14904000.0,14.90909020410431,2984940.000000001,0.7997222222222222
T4-E033,val_cold,no_size,41400000.0,14.90909020410431,2984940.000000001,0.9279
T4-E033,val_cold,no_size,4830000.0,14.979161242811609,3201600.000000008,0.3371428571428555
T4-E033,val_cold,no_size,16560000.0,14.90909020410431,2984940.000000001,0.81975
T4-E033,val_cold,no_size,1352400.0,14.979161242811609,3201600.000000008,1.3673469387755162
T4-E033,val_cold,no_size,3588000.0,14.90909020410431,2984940.000000001,0.16807692307692282
T4-E033,val_cold,no_size,20700000.0,14.921495600961796,3022199.9999999977,0.8540000000000002
T4-E033,val_cold,no_size,4968000.0,14.90909020410431,2984940.000000001,0.3991666666666665
T4-E033,val_cold,no_size,1380000.0,14.921495600961796,3022199.9999999977,1.1899999999999984
T4-E033,val_cold,no_size,966000.0,14.921495600961796,3022199.9999999977,2.1285714285714263
T4-E033,val_cold,no_size,2070000.0,14.90909020410431,2984940.000000001,0.44200000000000045
T4-E033,val_cold,no_size,6762000.0,14.921495600961796,3022199.9999999977,0.5530612244897962
T4-E033,val_cold,no_size,8280000.0,14.90909020410431,2984940.000000001,0.6394999999999998
T4-E033,val_cold,no_size,41400000.0,14.90909020410431,2984940.000000001,0.9279
T4-E033,val_cold,no_size,12420000.0,14.90909020410431,2984940.000000001,0.7596666666666667
T4-E033,val_cold,no_size,17250000.0,14.979161242811609,3201600.000000008,0.8143999999999996
T4-E033,val_cold,no_size,19320000.0,14.979161242811609,3201600.000000008,0.8342857142857139
T4-E033,val_cold,no_size,500000.0,14.90909020410431,2984940.000000001,4.969880000000002
T4-E033,val_cold,no_size,11592000.0,14.90909020410431,2984940.000000001,0.7425
T4-E033,val_cold,no_size,23736000.0,14.90909020410431,2984940.000000001,0.8742441860465117
T4-E033,val_cold,no_size,41400000.0,14.90909020410431,2984940.000000001,0.9279
T4-E033,val_cold,no_size,6900000.0,14.90909020410431,2984940.000000001,0.5673999999999999
T4-E033,val_cold,no_size,2760000.0,14.90909020410431,2984940.000000001,0.08150000000000034
T4-E033,val_cold,no_size,1131600.0,14.979161242811609,3201600.000000008,1.8292682926829338
T4-E033,val_cold,no_size,1131600.0,14.979161242811609,3201600.000000008,1.8292682926829338
T4-E033,val_cold,no_size,6762000.0,14.921495600961796,3022199.9999999977,0.5530612244897962
T4-E033,val_cold,no_size,11592000.0,14.90909020410431,2984940.000000001,0.7425
T4-E033,val_cold,no_size,7590000.0,14.979161242811609,3201600.000000008,0.5781818181818172
T4-E033,val_cold,no_size,5520000.0,14.90909020410431,2984940.000000001,0.4592499999999998
T4-E033,val_cold,no_size,12000000.0,14.90909020410431,2984940.000000001,0.751255
T4-E033,val_cold,no_size,12000000.0,14.90909020410431,2984940.000000001,0.751255
T4-E033,val_cold,no_size,800000.0,14.90909020410431,2984940.000000001,2.7311750000000012
T4-E033,val_cold,no_size,800000.0,14.90909020410431,2984940.000000001,2.7311750000000012
T4-E033,val_cold,no_size,3000000.0,14.90909020410431,2984940.000000001,0.00501999999999969
T4-E033,val_cold,no_size,800000.0,14.90909020410431,2984940.000000001,2.7311750000000012
T4-E033,val_cold,no_size,3200000.0,14.90909020410431,2984940.000000001,0.0672062499999997
T4-E033,val_cold,no_size,9660000.0,14.979161242811609,3201600.000000008,0.6685714285714278
T4-E033,val_cold,no_size,1600000.0,14.90909020410431,2984940.000000001,0.8655875000000006
T4-E033,val_cold,no_size,800000.0,14.90909020410431,2984940.000000001,2.7311750000000012
T4-E033,val_cold,no_size,2500000.0,14.90909020410431,2984940.000000001,0.19397600000000037
T4-E033,val_cold,no_size,3200000.0,14.90909020410431,2984940.000000001,0.0672062499999997
T4-E033,val_cold,no_size,2500000.0,14.90909020410431,2984940.000000001,0.19397600000000037
T4-E033,val_cold,no_size,6000000.0,14.90909020410431,2984940.000000001,0.5025099999999998
T4-E033,val_cold,no_size,3000000.0,14.90909020410431,2984940.000000001,0.00501999999999969
T4-E033,val_cold,no_size,800000.0,14.90909020410431,2984940.000000001,2.7311750000000012
T4-E033,val_cold,no_size,1000000.0,14.90909020410431,2984940.000000001,1.984940000000001
T4-E033,val_cold,no_size,800000.0,14.90909020410431,2984940.000000001,2.7311750000000012
T4-E033,val_cold,no_size,800000.0,14.90909020410431,2984940.000000001,2.7311750000000012
T4-E033,val_cold,no_size,2800000.0,14.90909020410431,2984940.000000001,0.06605000000000033
T4-E033,val_cold,no_size,2001000.0,14.90909020410431,2984940.000000001,0.4917241379310349
T4-E033,val_cold,no_size,2500000.0,14.90909020410431,2984940.000000001,0.19397600000000037
T4-E033,val_cold,no_size,2500000.0,14.90909020410431,2984940.000000001,0.19397600000000037
T4-E033,val_cold,no_size,2001000.0,14.90909020410431,2984940.000000001,0.4917241379310349
T4-E033,val_cold,no_size,2000000.0,14.90909020410431,2984940.000000001,0.49247000000000046
T4-E033,val_cold,no_size,2000000.0,14.90909020410431,2984940.000000001,0.49247000000000046
T4-E033,val_cold,no_size,3000000.0,14.90909020410431,2984940.000000001,0.00501999999999969
T4-E033,val_cold,no_size,2500000.0,14.90909020410431,2984940.000000001,0.19397600000000037
T4-E033,val_cold,no_size,800000.0,14.90909020410431,2984940.000000001,2.7311750000000012
T4-E033,val_cold,no_size,800000.0,14.90909020410431,2984940.000000001,2.7311750000000012
T4-E033,val_cold,no_size,2800000.0,14.90909020410431,2984940.000000001,0.06605000000000033
T4-E033,val_cold,no_size,3000000.0,14.90909020410431,2984940.000000001,0.00501999999999969
T4-E033,val_cold,no_size,1600000.0,14.90909020410431,2984940.000000001,0.8655875000000006
T4-E033,val_cold,no_size,1200000.0,14.90909020410431,2984940.000000001,1.4874500000000008
T4-E033,val_cold,no_size,3000000.0,14.90909020410431,2984940.000000001,0.00501999999999969
T4-E033,val_cold,no_size,1380000.0,14.90909020410431,2984940.000000001,1.1630000000000007
T4-E033,val_cold,no_size,966000.0,14.90909020410431,2984940.000000001,2.0900000000000007
T4-E033,val_cold,no_size,1380000.0,14.979161242811609,3201600.000000008,1.3200000000000058
T4-E033,val_cold,no_size,9000000.0,14.979161242811609,3201600.000000008,0.6442666666666659
T4-E033,val_cold,no_size,2000000.0,14.979161242811609,3201600.000000008,0.600800000000004
T4-E033,val_cold,no_size,1794000.0,14.979161242811609,3201600.000000008,0.784615384615389
T4-E033,val_cold,no_size,2000000.0,14.979161242811609,3201600.000000008,0.600800000000004
T4-E033,val_cold,no_size,2000000.0,14.979161242811609,3201600.000000008,0.600800000000004
T4-E033,val_cold,no_size,3864000.0,14.90909020410431,2984940.000000001,0.22749999999999976
T4-E033,val_cold,no_size,1104000.0,14.979161242811609,3201600.000000008,1.9000000000000072
T4-E033,val_cold,no_size,1449000.0,14.979161242811609,3201600.000000008,1.209523809523815
T4-E033,val_cold,no_size,4416000.0,14.979161242811609,3201600.000000008,0.2749999999999982
T4-E033,val_cold,no_size,3312000.0,14.979161242811609,3201600.000000008,0.033333333333330946
T4-E033,val_cold,no_size,1242000.0,14.979161242811609,3201600.000000008,1.5777777777777842
T4-E033,val_cold,no_size,12000000.0,14.979161242811609,3201600.000000008,0.7331999999999994
T4-E033,val_cold,no_size,4457400.0,14.979161242811609,3201600.000000008,0.28173374613002916
T4-E033,val_cold,no_size,1932000.0,14.90909020410431,2984940.000000001,0.5450000000000005
T4-E033,val_cold,no_size,2553000.0,14.979161242811609,3201600.000000008,0.2540540540540572
T4-E033,val_cold,no_size,9384000.0,14.90909020410431,2984940.000000001,0.6819117647058822
T4-E033,val_cold,no_size,15249000.0,14.979161242811609,3201600.000000008,0.7900452488687778
T4-E033,val_cold,no_size,2553000.0,14.979161242811609,3201600.000000008,0.2540540540540572
T4-E033,val_cold,no_size,11937000.0,14.979161242811609,3201600.000000008,0.7317919075144502
T4-E033,val_cold,no_size,786600.0,14.979161242811609,3201600.000000008,3.070175438596501
T4-E033,val_cold,no_size,9315000.0,14.979161242811609,3201600.000000008,0.6562962962962955
T4-E033,val_cold,no_size,897000.0,14.979161242811609,3201600.000000008,2.569230769230778
T4-E033,val_cold,no_size,345000.0,14.90909020410431,2984940.000000001,7.652000000000003
T4-E033,val_cold,no_size,2760000.0,14.979161242811609,3201600.000000008,0.16000000000000286
T4-E033,val_cold,no_size,7038000.0,14.979161242811609,3201600.000000008,0.5450980392156851
T4-E033,val_cold,no_size,897000.0,14.979161242811609,3201600.000000008,2.569230769230778
T4-E033,val_cold,no_size,11040000.0,14.979161242811609,3201600.000000008,0.7099999999999993
T4-E033,val_cold,no_size,1656000.0,14.979161242811609,3201600.000000008,0.9333333333333381
T4-E033,val_cold,no_size,897000.0,14.979161242811609,3201600.000000008,2.569230769230778
T4-E033,val_cold,no_size,331200.0,14.90909020410431,2984940.000000001,8.012500000000003
T4-E033,val_cold,no_size,565800.0,14.979161242811609,3201600.000000008,4.658536585365868
T4-E033,val_cold,no_size,897000.0,14.979161242811609,3201600.000000008,2.569230769230778
T4-E033,val_cold,no_size,2787600.0,14.979161242811609,3201600.000000008,0.14851485148515137
T4-E033,val_cold,no_size,5520000.0,14.979161242811609,3201600.000000008,0.41999999999999854
T4-E033,val_cold,no_size,2760000.0,14.979161242811609,3201600.000000008,0.16000000000000286
T4-E033,val_cold,no_size,4692000.0,14.979161242811609,3201600.000000008,0.31764705882352773
T4-E033,val_cold,no_size,27600000.0,14.979161242811609,3201600.000000008,0.8839999999999997
T4-E033,val_cold,no_size,2760000.0,14.979161242811609,3201600.000000008,0.16000000000000286
T4-E033,val_cold,no_size,2760000.0,14.979161242811609,3201600.000000008,0.16000000000000286
T4-E033,val_cold,no_size,2760000.0,14.979161242811609,3201600.000000008,0.16000000000000286
T4-E033,val_cold,no_size,11730000.0,14.979161242811609,3201600.000000008,0.7270588235294111
T4-E033,val_cold,no_size,2760000.0,14.979161242811609,3201600.000000008,0.16000000000000286
T4-E033,val_cold,no_size,3036000.0,14.90909020410431,2984940.000000001,0.01681818181818151
T4-E033,val_cold,no_size,27600000.0,14.90909020410431,2984940.000000001,0.89185
T4-E033,val_cold,no_size,6982800.0,14.90909020410431,2984940.000000001,0.5725296442687746
T4-E033,val_cold,no_size,3450000.0,14.979161242811609,3201600.000000008,0.0719999999999977
T4-E033,val_cold,no_size,11730000.0,14.979161242811609,3201600.000000008,0.7270588235294111
T4-E033,val_cold,no_size,3312000.0,14.979161242811609,3201600.000000008,0.033333333333330946
T4-E033,val_cold,no_size,3615600.0,14.90909020410431,2984940.000000001,0.17442748091603028
T4-E033,val_cold,no_size,331200.0,14.90909020410431,2984940.000000001,8.012500000000003
T4-E033,val_cold,no_size,9177000.0,14.979161242811609,3201600.000000008,0.6511278195488713
T4-E033,val_cold,no_size,4071000.0,14.90909020410431,2984940.000000001,0.26677966101694894
T4-E033,val_cold,no_size,6210000.0,14.979161242811609,3201600.000000008,0.4844444444444432
T4-E033,val_cold,no_size,19320000.0,14.979161242811609,3201600.000000008,0.8342857142857139
T4-E033,val_cold,no_size,2760000.0,14.979161242811609,3201600.000000008,0.16000000000000286
T4-E033,val_cold,no_size,5520000.0,14.90909020410431,2984940.000000001,0.4592499999999998
T4-E033,val_cold,no_size,2760000.0,14.979161242811609,3201600.000000008,0.16000000000000286
T4-E033,val_cold,no_size,6900000.0,14.90909020410431,2984940.000000001,0.5673999999999999
T4-E033,val_cold,no_size,1380000.0,14.90909020410431,2984940.000000001,1.1630000000000007
T4-E033,val_cold,no_size,3036000.0,14.90909020410431,2984940.000000001,0.01681818181818151
T4-E033,val_cold,no_size,11040000.0,14.979161242811609,3201600.000000008,0.7099999999999993
T4-E033,val_cold,no_size,2070000.0,14.979161242811609,3201600.000000008,0.5466666666666705
T4-E033,val_cold,no_size,2760000.0,14.979161242811609,3201600.000000008,0.16000000000000286
T4-E033,val_cold,no_size,2760000.0,14.979161242811609,3201600.000000008,0.16000000000000286
T4-E033,val_cold,no_size,2760000.0,14.979161242811609,3201600.000000008,0.16000000000000286
T4-E033,val_cold,no_size,2898000.0,14.90909020410431,2984940.000000001,0.03000000000000032
T4-E033,val_cold,no_size,2760000.0,14.979161242811609,3201600.000000008,0.16000000000000286
T4-E033,val_cold,no_size,11730000.0,14.979161242811609,3201600.000000008,0.7270588235294111
T4-E033,val_cold,no_size,2760000.0,14.979161242811609,3201600.000000008,0.16000000000000286
T4-E033,val_cold,no_size,5520000.0,14.979161242811609,3201600.000000008,0.41999999999999854
T4-E033,val_cold,no_size,12420000.0,14.979161242811609,3201600.000000008,0.7422222222222217
T4-E033,val_cold,no_size,2760000.0,14.979161242811609,3201600.000000008,0.16000000000000286
T4-E033,val_cold,no_size,6900000.0,14.979161242811609,3201600.000000008,0.5359999999999988
T4-E033,val_cold,no_size,2760000.0,14.979161242811609,3201600.000000008,0.16000000000000286
T4-E033,val_cold,no_size,2760000.0,14.979161242811609,3201600.000000008,0.16000000000000286
T4-E033,val_cold,no_size,2760000.0,14.979161242811609,3201600.000000008,0.16000000000000286
T4-E033,val_cold,no_size,2208000.0,14.979161242811609,3201600.000000008,0.45000000000000356
T4-E033,val_cold,no_size,2484000.0,14.90909020410431,2984940.000000001,0.20166666666666705
T4-E033,val_cold,no_size,11730000.0,14.979161242811609,3201600.000000008,0.7270588235294111
T4-E033,val_cold,no_size,345000.0,14.90909020410431,2984940.000000001,7.652000000000003
T4-E033,val_cold,no_size,3036000.0,14.979161242811609,3201600.000000008,0.05454545454545715
T4-E033,val_cold,no_size,11730000.0,14.90909020410431,2984940.000000001,0.7455294117647059
T4-E033,val_cold,no_size,19320000.0,14.979161242811609,3201600.000000008,0.8342857142857139
T4-E033,val_cold,no_size,2760000.0,14.979161242811609,3201600.000000008,0.16000000000000286
T4-E033,val_cold,no_size,2760000.0,14.979161242811609,3201600.000000008,0.16000000000000286
T4-E033,val_cold,no_size,2760000.0,14.979161242811609,3201600.000000008,0.16000000000000286
T4-E033,val_cold,no_size,9246000.0,14.979161242811609,3201600.000000008,0.6537313432835813
T4-E033,val_cold,no_size,2760000.0,14.979161242811609,3201600.000000008,0.16000000000000286
T4-E033,val_cold,no_size,2484000.0,14.979161242811609,3201600.000000008,0.2888888888888921
T4-E033,val_cold,no_size,2760000.0,14.979161242811609,3201600.000000008,0.16000000000000286
T4-E033,val_cold,no_size,2760000.0,14.979161242811609,3201600.000000008,0.16000000000000286
T4-E033,val_cold,no_size,4830000.0,14.979161242811609,3201600.000000008,0.3371428571428555
T4-E033,val_cold,no_size,2760000.0,14.979161242811609,3201600.000000008,0.16000000000000286
T4-E033,val_cold,no_size,1656000.0,14.979161242811609,3201600.000000008,0.9333333333333381
T4-E033,val_cold,no_size,2760000.0,14.979161242811609,3201600.000000008,0.16000000000000286
T4-E033,val_cold,no_size,5561400.0,14.979161242811609,3201600.000000008,0.4243176178660035
T4-E033,val_cold,no_size,2000000.0,14.979161242811609,3201600.000000008,0.600800000000004
T4-E033,val_cold,no_size,2760000.0,14.979161242811609,3201600.000000008,0.16000000000000286
T4-E033,val_cold,no_size,8280000.0,14.979161242811609,3201600.000000008,0.6133333333333324
T4-E033,val_cold,no_size,55200000.0,14.90909020410431,2984940.000000001,0.945925
T4-E033,val_cold,no_size,2760000.0,14.979161242811609,3201600.000000008,0.16000000000000286
T4-E033,val_cold,no_size,11730000.0,14.90909020410431,2984940.000000001,0.7455294117647059
T4-E033,val_cold,no_size,2760000.0,14.979161242811609,3201600.000000008,0.16000000000000286
T4-E033,val_cold,no_size,10626000.0,14.90909020410431,2984940.000000001,0.719090909090909
T4-E033,val_cold,no_size,3049800.0,14.979161242811609,3201600.000000008,0.049773755656111196
T4-E033,val_cold,no_size,2760000.0,14.979161242811609,3201600.000000008,0.16000000000000286
T4-E033,val_cold,no_size,2484000.0,14.979161242811609,3201600.000000008,0.2888888888888921
T4-E033,val_cold,no_size,2760000.0,14.979161242811609,3201600.000000008,0.16000000000000286
T4-E033,val_cold,no_size,8280000.0,14.979161242811609,3201600.000000008,0.6133333333333324
T4-E033,val_cold,no_size,11730000.0,14.90909020410431,2984940.000000001,0.7455294117647059
T4-E033,val_cold,no_size,22080000.0,14.979161242811609,3201600.000000008,0.8549999999999996
T4-E033,val_cold,no_size,4002000.0,14.979161242811609,3201600.000000008,0.199999999999998
T4-E033,val_cold,no_size,19320000.0,14.979161242811609,3201600.000000008,0.8342857142857139
T4-E033,val_cold,no_size,35880000.0,14.90909020410431,2984940.000000001,0.9168076923076923
T4-E033,val_cold,no_size,6900000.0,14.90909020410431,2984940.000000001,0.5673999999999999
T4-E033,val_cold,no_size,6900000.0,14.979161242811609,3201600.000000008,0.5359999999999988
T4-E033,val_cold,no_size,2760000.0,14.979161242811609,3201600.000000008,0.16000000000000286
T4-E033,val_cold,no_size,2760000.0,14.979161242811609,3201600.000000008,0.16000000000000286
T4-E033,val_cold,no_size,2760000.0,14.979161242811609,3201600.000000008,0.16000000000000286
T4-E033,val_cold,no_size,1380000.0,14.979161242811609,3201600.000000008,1.3200000000000058
T4-E033,val_cold,no_size,11730000.0,14.979161242811609,3201600.000000008,0.7270588235294111
T4-E033,val_cold,no_size,6900000.0,14.979161242811609,3201600.000000008,0.5359999999999988
T4-E033,val_cold,no_size,1380000.0,14.979161242811609,3201600.000000008,1.3200000000000058
T4-E033,val_cold,no_size,2000000.0,14.979161242811609,3201600.000000008,0.600800000000004
T4-E033,val_cold,no_size,2001000.0,14.979161242811609,3201600.000000008,0.600000000000004
T4-E033,val_cold,no_size,2760000.0,14.979161242811609,3201600.000000008,0.16000000000000286
T4-E033,val_cold,no_size,19320000.0,14.979161242811609,3201600.000000008,0.8342857142857139
T4-E033,val_cold,no_size,11040000.0,14.90909020410431,2984940.000000001,0.729625
T4-E033,val_cold,no_size,11730000.0,14.979161242811609,3201600.000000008,0.7270588235294111
T4-E033,val_cold,no_size,22080000.0,14.979161242811609,3201600.000000008,0.8549999999999996
T4-E033,val_cold,no_size,19320000.0,14.979161242811609,3201600.000000008,0.8342857142857139
T4-E033,val_cold,no_size,7590000.0,14.90909020410431,2984940.000000001,0.6067272727272726
T4-E033,val_cold,no_size,4912800.0,14.90909020410431,2984940.000000001,0.39241573033707844
T4-E033,val_cold,no_size,2760000.0,14.979161242811609,3201600.000000008,0.16000000000000286
T4-E033,val_cold,no_size,2760000.0,14.979161242811609,3201600.000000008,0.16000000000000286
T4-E033,val_cold,no_size,2000000.0,14.979161242811609,3201600.000000008,0.600800000000004
T4-E033,val_cold,no_size,12420000.0,14.979161242811609,3201600.000000008,0.7422222222222217
T4-E033,val_cold,no_size,2760000.0,14.979161242811609,3201600.000000008,0.16000000000000286
T4-E033,val_cold,no_size,5520000.0,14.979161242811609,3201600.000000008,0.41999999999999854
T4-E033,val_cold,no_size,11730000.0,14.979161242811609,3201600.000000008,0.7270588235294111
T4-E033,val_cold,no_size,5520000.0,14.979161242811609,3201600.000000008,0.41999999999999854
T4-E033,val_cold,no_size,19320000.0,14.979161242811609,3201600.000000008,0.8342857142857139
T4-E033,val_cold,no_size,13000000.0,14.979161242811609,3201600.000000008,0.7537230769230764
T4-E033,val_cold,no_size,3450000.0,14.979161242811609,3201600.000000008,0.0719999999999977
T4-E033,val_cold,no_size,5520000.0,14.979161242811609,3201600.000000008,0.41999999999999854
T4-E033,val_cold,no_size,5520000.0,14.979161242811609,3201600.000000008,0.41999999999999854
T4-E033,val_cold,no_size,17940000.0,14.979161242811609,3201600.000000008,0.8215384615384611
T4-E033,val_cold,no_size,2760000.0,14.979161242811609,3201600.000000008,0.16000000000000286
T4-E033,val_cold,no_size,2760000.0,14.979161242811609,3201600.000000008,0.16000000000000286
T4-E033,val_cold,no_size,2760000.0,14.979161242811609,3201600.000000008,0.16000000000000286
T4-E033,val_cold,no_size,3312000.0,14.90909020410431,2984940.000000001,0.09874999999999971
T4-E033,val_cold,no_size,4140000.0,14.979161242811609,3201600.000000008,0.22666666666666477
T4-E033,val_cold,no_size,2760000.0,14.979161242811609,3201600.000000008,0.16000000000000286
T4-E033,val_cold,no_size,19320000.0,14.979161242811609,3201600.000000008,0.8342857142857139
T4-E033,val_cold,no_size,12420000.0,14.979161242811609,3201600.000000008,0.7422222222222217
T4-E033,val_cold,no_size,8280000.0,14.90909020410431,2984940.000000001,0.6394999999999998
T4-E033,val_cold,no_size,3450000.0,14.979161242811609,3201600.000000008,0.0719999999999977
T4-E033,val_cold,no_size,19320000.0,14.979161242811609,3201600.000000008,0.8342857142857139
T4-E033,val_cold,no_size,4830000.0,14.979161242811609,3201600.000000008,0.3371428571428555
T4-E033,val_cold,no_size,2760000.0,14.979161242811609,3201600.000000008,0.16000000000000286
T4-E033,val_cold,no_size,4457400.0,14.979161242811609,3201600.000000008,0.28173374613002916
T4-E033,val_cold,no_size,2484000.0,14.979161242811609,3201600.000000008,0.2888888888888921
T4-E033,val_cold,no_size,27600000.0,14.979161242811609,3201600.000000008,0.8839999999999997
T4-E033,val_cold,no_size,938400.0,14.90909020410431,2984940.000000001,2.1808823529411776
T4-E033,val_cold,no_size,11730000.0,14.979161242811609,3201600.000000008,0.7270588235294111
T4-E033,val_cold,no_size,19320000.0,14.90909020410431,2984940.000000001,0.8455
T4-E033,val_cold,no_size,2484000.0,14.979161242811609,3201600.000000008,0.2888888888888921
T4-E033,val_cold,no_size,3450000.0,14.90909020410431,2984940.000000001,0.13479999999999973
T4-E033,val_cold,no_size,19320000.0,14.979161242811609,3201600.000000008,0.8342857142857139
T4-E033,val_cold,no_size,7000000.0,14.979161242811609,3201600.000000008,0.5426285714285703
T4-E033,val_cold,no_size,16560000.0,14.979161242811609,3201600.000000008,0.8066666666666662
T4-E033,val_cold,no_size,22080000.0,14.979161242811609,3201600.000000008,0.8549999999999996
T4-E033,val_cold,no_size,2000000.0,14.979161242811609,3201600.000000008,0.600800000000004
T4-E033,val_cold,no_size,5561400.0,14.979161242811609,3201600.000000008,0.4243176178660035
T4-E033,val_cold,no_size,34500000.0,14.979161242811609,3201600.000000008,0.9071999999999998
T4-E033,val_cold,no_size,2484000.0,14.979161242811609,3201600.000000008,0.2888888888888921
T4-E033,val_cold,no_size,2000000.0,14.979161242811609,3201600.000000008,0.600800000000004
T4-E033,val_cold,no_size,19320000.0,14.979161242811609,3201600.000000008,0.8342857142857139
T4-E033,val_cold,no_size,20700000.0,14.979161242811609,3201600.000000008,0.8453333333333329
T4-E033,val_cold,no_size,19320000.0,14.90909020410431,2984940.000000001,0.8455
T4-E033,val_cold,no_size,1380000.0,14.921495600961796,3022199.9999999977,1.1899999999999984
T4-E033,val_cold,no_size,1104000.0,14.921495600961796,3022199.9999999977,1.7374999999999978
T4-E033,val_cold,no_size,966000.0,14.921495600961796,3022199.9999999977,2.1285714285714263
T4-E033,val_cold,no_size,938400.0,14.90909020410431,2984940.000000001,2.1808823529411776
T4-E033,val_cold,no_size,662400.0,14.921495600961796,3022199.9999999977,3.5624999999999964
T4-E033,val_cold,no_size,1242000.0,14.90909020410431,2984940.000000001,1.403333333333334
T4-E033,val_cold,no_size,4761000.0,14.921495600961796,3022199.9999999977,0.3652173913043483
T4-E033,val_cold,no_size,662400.0,14.921495600961796,3022199.9999999977,3.5624999999999964
T4-E033,val_cold,no_size,1104000.0,14.921495600961796,3022199.9999999977,1.7374999999999978
T4-E033,val_cold,no_size,9660000.0,14.921495600961796,3022199.9999999977,0.6871428571428574
T4-E033,val_cold,no_size,952200.0,14.921495600961796,3022199.9999999977,2.1739130434782585
T4-E033,val_cold,no_size,2484000.0,14.90909020410431,2984940.000000001,0.20166666666666705
T4-E033,val_cold,no_size,11040000.0,14.90909020410431,2984940.000000001,0.729625
T4-E033,val_cold,no_size,2070000.0,14.921495600961796,3022199.9999999977,0.45999999999999885
T4-E033,val_cold,no_size,2208000.0,14.921495600961796,3022199.9999999977,0.36874999999999897
T4-E033,val_cold,no_size,1600000.0,14.90909020410431,2984940.000000001,0.8655875000000006
T4-E033,val_cold,no_size,2856600.0,14.921495600961796,3022199.9999999977,0.057971014492752805
T4-E033,val_cold,no_size,1600000.0,14.90909020410431,2984940.000000001,0.8655875000000006
T4-E033,val_cold,no_size,1242000.0,14.90909020410431,2984940.000000001,1.403333333333334
T4-E033,val_cold,no_size,2484000.0,14.90909020410431,2984940.000000001,0.20166666666666705
T4-E033,val_cold,no_size,1104000.0,14.921495600961796,3022199.9999999977,1.7374999999999978
T4-E033,val_cold,no_size,4140000.0,14.921495600961796,3022199.9999999977,0.2700000000000006
T4-E033,val_cold,no_size,372600.0,14.90909020410431,2984940.000000001,7.011111111111114
T4-E033,val_cold,no_size,4200000.0,14.921495600961796,3022199.9999999977,0.28042857142857197
T4-E033,val_cold,no_size,2760000.0,14.921495600961796,3022199.9999999977,0.09499999999999915
T4-E033,val_cold,no_size,700000.0,14.921495600961796,3022199.9999999977,3.317428571428568
T4-E033,val_cold,no_size,1200000.0,14.921495600961796,3022199.9999999977,1.518499999999998
T4-E033,val_cold,no_size,1600000.0,14.90909020410431,2984940.000000001,0.8655875000000006
T4-E033,val_cold,no_size,6210000.0,14.921495600961796,3022199.9999999977,0.5133333333333338
T4-E033,val_cold,no_size,938400.0,14.921495600961796,3022199.9999999977,2.220588235294115
T4-E033,val_cold,no_size,4000000.0,14.90909020410431,2984940.000000001,0.25376499999999974
T4-E033,val_cold,no_size,2856600.0,14.921495600961796,3022199.9999999977,0.057971014492752805
T4-E033,val_cold,no_size,2856600.0,14.921495600961796,3022199.9999999977,0.057971014492752805
T4-E033,val_cold,no_size,12420000.0,14.921495600961796,3022199.9999999977,0.7566666666666668
T4-E033,val_cold,no_size,1863000.0,14.90909020410431,2984940.000000001,0.6022222222222228
T4-E033,val_cold,no_size,4002000.0,14.921495600961796,3022199.9999999977,0.24482758620689712
T4-E033,val_cold,no_size,690000.0,14.921495600961796,3022199.9999999977,3.379999999999997
T4-E033,val_cold,no_size,93840000.0,14.921495600961796,3022199.9999999977,0.9677941176470588
T4-E033,val_cold,no_size,2760000.0,14.921495600961796,3022199.9999999977,0.09499999999999915
T4-E033,val_cold,no_size,1100000.0,14.90909020410431,2984940.000000001,1.713581818181819
T4-E033,val_cold,no_size,1000000.0,14.90909020410431,2984940.000000001,1.984940000000001
T4-E033,val_cold,no_size,2760000.0,14.921495600961796,3022199.9999999977,0.09499999999999915
T4-E033,val_cold,no_size,6900000.0,14.921495600961796,3022199.9999999977,0.5620000000000004
T4-E033,val_cold,no_size,7590000.0,14.921495600961796,3022199.9999999977,0.601818181818182
T4-E033,val_cold,no_size,2070000.0,14.921495600961796,3022199.9999999977,0.45999999999999885
T4-E033,val_cold,no_size,20700000.0,14.921495600961796,3022199.9999999977,0.8540000000000002
T4-E033,val_cold,no_size,14766000.0,14.921495600961796,3022199.9999999977,0.7953271028037384
T4-E033,val_cold,no_size,7590000.0,14.921495600961796,3022199.9999999977,0.601818181818182
T4-E033,val_cold,no_size,6210000.0,14.921495600961796,3022199.9999999977,0.5133333333333338
T4-E033,val_cold,no_size,12420000.0,14.921495600961796,3022199.9999999977,0.7566666666666668
T4-E033,val_cold,no_size,19320000.0,14.921495600961796,3022199.9999999977,0.8435714285714286
T4-E033,val_cold,no_size,14766000.0,14.921495600961796,3022199.9999999977,0.7953271028037384
T4-E033,val_cold,no_size,20700000.0,14.921495600961796,3022199.9999999977,0.8540000000000002
T4-E033,val_cold,no_size,4830000.0,14.90909020410431,2984940.000000001,0.3819999999999998
T4-E033,val_cold,no_size,13800000.0,14.921495600961796,3022199.9999999977,0.7810000000000001
T4-E033,val_cold,no_size,11040000.0,14.921495600961796,3022199.9999999977,0.7262500000000002
T4-E033,val_cold,no_size,745200.0,14.921495600961796,3022199.9999999977,3.0555555555555522
T4-E033,val_cold,no_size,14766000.0,14.921495600961796,3022199.9999999977,0.7953271028037384
T4-E033,val_cold,no_size,9522000.0,14.921495600961796,3022199.9999999977,0.6826086956521741
T4-E033,val_cold,no_size,8280000.0,14.921495600961796,3022199.9999999977,0.6350000000000002
T4-E033,val_cold,no_size,7590000.0,14.921495600961796,3022199.9999999977,0.601818181818182
T4-E033,val_cold,no_size,1000000.0,14.921495600961796,3022199.9999999977,2.0221999999999976
T4-E033,val_cold,no_size,2760000.0,14.921495600961796,3022199.9999999977,0.09499999999999915
T4-E033,val_cold,no_size,12420000.0,14.921495600961796,3022199.9999999977,0.7566666666666668
T4-E033,val_cold,no_size,4140000.0,14.921495600961796,3022199.9999999977,0.2700000000000006
T4-E033,val_cold,no_size,4002000.0,14.921495600961796,3022199.9999999977,0.24482758620689712
T4-E033,val_cold,no_size,14766000.0,14.921495600961796,3022199.9999999977,0.7953271028037384
T4-E033,val_cold,no_size,27600000.0,14.921495600961796,3022199.9999999977,0.8905000000000002
T4-E033,val_cold,no_size,9108000.0,14.921495600961796,3022199.9999999977,0.6681818181818184
T4-E033,val_cold,no_size,13800000.0,14.921495600961796,3022199.9999999977,0.7810000000000001
T4-E033,val_cold,no_size,49680000.0,14.90909020410431,2984940.000000001,0.9399166666666666
T4-E033,val_cold,no_size,365700.0,14.90909020410431,2984940.000000001,7.162264150943399
T4-E033,val_cold,no_size,2070000.0,14.90909020410431,2984940.000000001,0.44200000000000045
T4-E033,val_cold,no_size,2070000.0,14.90909020410431,2984940.000000001,0.44200000000000045
T4-E033,val_cold,no_size,2070000.0,14.90909020410431,2984940.000000001,0.44200000000000045
T4-E033,val_cold,no_size,828000.0,15.152036776850045,3805800.000000004,3.596376811594208
T4-E033,val_cold,no_size,828000.0,15.152036776850045,3805800.000000004,3.596376811594208
T4-E033,val_cold,no_size,828000.0,15.152036776850045,3805800.000000004,3.596376811594208
T4-E033,val_cold,no_size,7314000.0,15.152036776850045,3805800.000000004,0.4796554552912217
T4-E033,val_cold,no_size,735540.0,14.90909020410431,2984940.000000001,3.058161350844279
T4-E033,val_cold,no_size,1449000.0,14.90909020410431,2984940.000000001,1.0600000000000007
T4-E033,val_cold,no_size,828000.0,15.152036776850045,3805800.000000004,3.596376811594208
T4-E033,val_cold,no_size,662400.0,14.90909020410431,2984940.000000001,3.5062500000000014
T4-E033,val_cold,no_size,2484000.0,15.152036776850045,3805800.000000004,0.532125603864736
T4-E033,val_cold,no_size,3174000.0,14.90909020410431,2984940.000000001,0.059565217391304055
T4-E033,val_cold,no_size,662400.0,14.90909020410431,2984940.000000001,3.5062500000000014
T4-E033,val_cold,no_size,1725000.0,14.90909020410431,2984940.000000001,0.7304000000000005
T4-E033,val_cold,no_size,4278000.0,15.152036776850045,3805800.000000004,0.11037868162692749
T4-E033,val_cold,no_size,735540.0,14.90909020410431,2984940.000000001,3.058161350844279
T4-E033,val_cold,no_size,5000000.0,14.90909020410431,2984940.000000001,0.4030119999999998
T4-E033,val_cold,no_size,2898000.0,14.90909020410431,2984940.000000001,0.03000000000000032
T4-E033,val_cold,no_size,666540.0,14.90909020410431,2984940.000000001,3.4782608695652186
T4-E033,val_cold,no_size,3036000.0,14.90909020410431,2984940.000000001,0.01681818181818151
T4-E033,val_cold,no_size,3864000.0,14.90909020410431,2984940.000000001,0.22749999999999976
T4-E033,val_cold,no_size,6072000.0,14.90909020410431,2984940.000000001,0.5084090909090908
T4-E033,val_cold,no_size,1725000.0,14.90909020410431,2984940.000000001,0.7304000000000005
T4-E033,val_cold,no_size,2484000.0,15.152036776850045,3805800.000000004,0.532125603864736
T4-E033,val_cold,no_size,662400.0,14.90909020410431,2984940.000000001,3.5062500000000014
T4-E033,val_cold,no_size,2760000.0,14.90909020410431,2984940.000000001,0.08150000000000034
T4-E033,val_cold,no_size,2346000.0,14.90909020410431,2984940.000000001,0.27235294117647096
T4-E033,val_cold,no_size,3450000.0,15.152036776850045,3805800.000000004,0.10313043478260991
T4-E033,val_cold,no_size,2346000.0,14.90909020410431,2984940.000000001,0.27235294117647096
T4-E033,val_cold,no_size,2070000.0,14.90909020410431,2984940.000000001,0.44200000000000045
T4-E033,val_cold,no_size,8418000.0,14.90909020410431,2984940.000000001,0.6454098360655737
T4-E033,val_cold,no_size,4140000.0,15.152036776850045,3805800.000000004,0.08072463768115841
T4-E033,val_cold,no_size,2760000.0,14.90909020410431,2984940.000000001,0.08150000000000034
T4-E033,val_cold,no_size,2760000.0,14.90909020410431,2984940.000000001,0.08150000000000034
T4-E033,val_cold,no_size,2484000.0,15.152036776850045,3805800.000000004,0.532125603864736
T4-E033,val_cold,no_size,6210000.0,15.152036776850045,3805800.000000004,0.3871497584541056
T4-E033,val_cold,no_size,4140000.0,15.152036776850045,3805800.000000004,0.08072463768115841
T4-E033,val_cold,no_size,6210000.0,15.152036776850045,3805800.000000004,0.3871497584541056
T4-E033,val_cold,no_size,2760000.0,14.90909020410431,2984940.000000001,0.08150000000000034
T4-E033,val_cold,no_size,2622000.0,14.90909020410431,2984940.000000001,0.1384210526315793
T4-E033,val_cold,no_size,1725000.0,14.90909020410431,2984940.000000001,0.7304000000000005
T4-E033,val_cold,no_size,4140000.0,14.90909020410431,2984940.000000001,0.27899999999999975
T4-E033,val_cold,no_size,2760000.0,14.90909020410431,2984940.000000001,0.08150000000000034
T4-E033,val_cold,no_size,6210000.0,15.152036776850045,3805800.000000004,0.3871497584541056
T4-E033,val_cold,no_size,1656000.0,14.656387850548557,2318400.0000000037,0.40000000000000224
T4-E033,val_cold,no_size,1242000.0,14.656387850548557,2318400.0000000037,0.8666666666666697
T4-E033,val_cold,no_size,2070000.0,14.656387850548557,2318400.0000000037,0.1200000000000018
T4-E033,val_cold,no_size,1656000.0,14.90909020410431,2984940.000000001,0.8025000000000005
T4-E033,val_cold,no_size,1380000.0,14.90909020410431,2984940.000000001,1.1630000000000007
T4-E033,val_cold,no_size,1794000.0,14.90909020410431,2984940.000000001,0.6638461538461544
T4-E033,val_cold,no_size,2070000.0,14.90909020410431,2984940.000000001,0.44200000000000045
T4-E033,val_cold,no_size,2346000.0,14.90909020410431,2984940.000000001,0.27235294117647096
T4-E033,val_cold,no_size,1794000.0,14.90909020410431,2984940.000000001,0.6638461538461544
T4-E033,val_cold,no_size,1794000.0,14.90909020410431,2984940.000000001,0.6638461538461544
T4-E033,val_cold,no_size,3312000.0,14.90909020410431,2984940.000000001,0.09874999999999971
T4-E033,val_cold,no_size,1932000.0,14.90909020410431,2984940.000000001,0.5450000000000005
T4-E033,val_cold,no_size,1656000.0,14.90909020410431,2984940.000000001,0.8025000000000005
T4-E033,val_cold,no_size,10074000.0,14.979161242811609,3201600.000000008,0.6821917808219171
T4-E033,val_cold,no_size,8280000.0,14.90909020410431,2984940.000000001,0.6394999999999998
T4-E033,val_cold,no_size,5520000.0,14.979161242811609,3201600.000000008,0.41999999999999854
T4-E033,val_cold,no_size,6762000.0,14.979161242811609,3201600.000000008,0.5265306122448968
T4-E033,val_cold,no_size,650000.0,14.979161242811609,3201600.000000008,3.9255384615384736
T4-E033,val_cold,no_size,1021200.0,14.90909020410431,2984940.000000001,1.9229729729729739
T4-E033,val_cold,no_size,2553000.0,14.90909020410431,2984940.000000001,0.16918918918918954
T4-E033,val_cold,no_size,1380000.0,14.90909020410431,2984940.000000001,1.1630000000000007
T4-E033,val_cold,no_size,18906000.0,14.90909020410431,2984940.000000001,0.8421167883211679
T4-E033,val_cold,no_size,5934000.0,14.90909020410431,2984940.000000001,0.49697674418604637
T4-E033,val_cold,no_size,5934000.0,14.90909020410431,2984940.000000001,0.49697674418604637
T4-E033,val_cold,no_size,9936000.0,14.90909020410431,2984940.000000001,0.6995833333333332
T4-E033,val_cold,no_size,19527000.0,14.90909020410431,2984940.000000001,0.8471378091872791
T4-E033,val_cold,no_size,19527000.0,14.90909020410431,2984940.000000001,0.8471378091872791
T4-E033,val_cold,no_size,19527000.0,14.90909020410431,2984940.000000001,0.8471378091872791
T4-E033,val_cold,no_size,19527000.0,14.90909020410431,2984940.000000001,0.8471378091872791
T4-E033,val_cold,no_size,11730000.0,14.90909020410431,2984940.000000001,0.7455294117647059
T4-E033,val_cold,no_size,2001000.0,14.90909020410431,2984940.000000001,0.4917241379310349
T4-E033,val_cold,no_size,2001000.0,14.90909020410431,2984940.000000001,0.4917241379310349
T4-E033,val_cold,no_size,690000.0,14.90909020410431,2984940.000000001,3.3260000000000014
T4-E033,val_cold,no_size,20010000.0,14.90909020410431,2984940.000000001,0.8508275862068966
T4-E033,val_cold,no_size,8280000.0,14.90909020410431,2984940.000000001,0.6394999999999998
T4-E033,val_cold,no_size,16560000.0,14.90909020410431,2984940.000000001,0.81975
T4-E033,val_cold,no_size,2400000.0,14.979161242811609,3201600.000000008,0.3340000000000033
T4-E033,val_cold,no_size,2400000.0,14.979161242811609,3201600.000000008,0.3340000000000033
T4-E033,val_cold,no_size,11040000.0,14.979161242811609,3201600.000000008,0.7099999999999993
T4-E033,val_cold,no_size,800000.0,14.979161242811609,3201600.000000008,3.00200000000001
T4-E033,val_cold,no_size,11730000.0,14.90909020410431,2984940.000000001,0.7455294117647059
T4-E033,val_cold,no_size,6348000.0,14.90909020410431,2984940.000000001,0.5297826086956521
T4-E033,val_cold,no_size,11730000.0,14.90909020410431,2984940.000000001,0.7455294117647059
T4-E033,val_cold,no_size,690000.0,14.90909020410431,2984940.000000001,3.3260000000000014
T4-E033,val_cold,no_size,690000.0,14.90909020410431,2984940.000000001,3.3260000000000014
T4-E033,val_cold,no_size,690000.0,14.90909020410431,2984940.000000001,3.3260000000000014
T4-E033,val_cold,no_size,690000.0,14.90909020410431,2984940.000000001,3.3260000000000014
T4-E033,val_cold,no_size,2070000.0,14.979161242811609,3201600.000000008,0.5466666666666705
T4-E033,val_cold,no_size,2070000.0,14.979161242811609,3201600.000000008,0.5466666666666705
T4-E033,val_cold,no_size,2070000.0,14.979161242811609,3201600.000000008,0.5466666666666705
T4-E033,val_cold,no_size,2000000.0,14.979161242811609,3201600.000000008,0.600800000000004
T4-E033,val_cold,no_size,2000000.0,14.979161242811609,3201600.000000008,0.600800000000004
T4-E033,val_cold,no_size,700000.0,14.979161242811609,3201600.000000008,3.573714285714297
T4-E033,val_cold,no_size,700000.0,14.979161242811609,3201600.000000008,3.573714285714297
T4-E033,val_cold,no_size,6900000.0,14.979161242811609,3201600.000000008,0.5359999999999988
T4-E033,val_cold,no_size,3036000.0,14.90909020410431,2984940.000000001,0.01681818181818151
T4-E033,val_cold,no_size,2070000.0,14.979161242811609,3201600.000000008,0.5466666666666705
T4-E033,val_cold,no_size,2070000.0,14.979161242811609,3201600.000000008,0.5466666666666705
T4-E033,val_cold,no_size,1104000.0,14.979161242811609,3201600.000000008,1.9000000000000072
T4-E033,val_cold,no_size,8000000.0,14.90909020410431,2984940.000000001,0.6268824999999999
T4-E033,val_cold,no_size,700000.0,14.90909020410431,2984940.000000001,3.2642000000000015
T4-E033,val_cold,no_size,4500000.0,14.90909020410431,2984940.000000001,0.3366799999999998
T4-E033,val_cold,no_size,4500000.0,14.90909020410431,2984940.000000001,0.3366799999999998
T4-E033,val_cold,no_size,345000000.0,15.52388841825328,5520000.000000013,0.984
T4-E033,val_cold,no_size,800000.0,15.013062794487288,3312000.0000000023,3.140000000000003
T4-E033,val_cold,no_size,800000.0,15.013062794487288,3312000.0000000023,3.140000000000003
T4-E033,val_cold,no_size,4000000.0,14.979161242811609,3201600.000000008,0.19959999999999803
T4-E033,val_cold,no_size,2000000.0,14.979161242811609,3201600.000000008,0.600800000000004
T4-E033,val_cold,no_size,4000000.0,14.979161242811609,3201600.000000008,0.19959999999999803
T4-E033,val_cold,no_size,800000.0,14.90909020410431,2984940.000000001,2.7311750000000012
T4-E033,val_cold,no_size,800000.0,15.013062794487288,3312000.0000000023,3.140000000000003
T4-E033,val_cold,no_size,2000000.0,14.979161242811609,3201600.000000008,0.600800000000004
T4-E033,val_cold,no_size,4000000.0,14.979161242811609,3201600.000000008,0.19959999999999803
T4-E033,val_cold,no_size,800000.0,15.013062794487288,3312000.0000000023,3.140000000000003
T4-E033,val_cold,no_size,800000.0,15.013062794487288,3312000.0000000023,3.140000000000003
T4-E033,val_cold,no_size,800000.0,15.013062794487288,3312000.0000000023,3.140000000000003
T4-E033,val_cold,no_size,800000.0,14.90909020410431,2984940.000000001,2.7311750000000012
T4-E033,val_cold,no_size,800000.0,15.013062794487288,3312000.0000000023,3.140000000000003
T4-E033,val_cold,no_size,800000.0,15.013062794487288,3312000.0000000023,3.140000000000003
T4-E033,val_cold,no_size,2500000.0,14.90909020410431,2984940.000000001,0.19397600000000037
T4-E033,val_cold,no_size,800000.0,15.013062794487288,3312000.0000000023,3.140000000000003
T4-E033,val_cold,no_size,800000.0,15.013062794487288,3312000.0000000023,3.140000000000003
T4-E033,val_cold,no_size,800000.0,15.013062794487288,3312000.0000000023,3.140000000000003
T4-E033,val_cold,no_size,800000.0,15.013062794487288,3312000.0000000023,3.140000000000003
T4-E033,val_cold,no_size,800000.0,14.90909020410431,2984940.000000001,2.7311750000000012
T4-E033,val_cold,no_size,800000.0,15.013062794487288,3312000.0000000023,3.140000000000003
T4-E033,val_cold,no_size,800000.0,15.013062794487288,3312000.0000000023,3.140000000000003
T4-E033,val_cold,no_size,800000.0,15.013062794487288,3312000.0000000023,3.140000000000003
T4-E033,val_cold,no_size,4000000.0,14.979161242811609,3201600.000000008,0.19959999999999803
T4-E033,val_cold,no_size,800000.0,15.013062794487288,3312000.0000000023,3.140000000000003
T4-E033,val_cold,no_size,2500000.0,14.90909020410431,2984940.000000001,0.19397600000000037
T4-E033,val_cold,no_size,4000000.0,14.979161242811609,3201600.000000008,0.19959999999999803
T4-E033,val_cold,no_size,800000.0,15.013062794487288,3312000.0000000023,3.140000000000003
T4-E033,val_cold,no_size,800000.0,15.013062794487288,3312000.0000000023,3.140000000000003
T4-E033,val_cold,no_size,2500000.0,14.90909020410431,2984940.000000001,0.19397600000000037
T4-E033,val_cold,no_size,800000.0,15.013062794487288,3312000.0000000023,3.140000000000003
T4-E033,val_cold,no_size,6000000.0,14.979161242811609,3201600.000000008,0.4663999999999987
T4-E033,val_cold,no_size,800000.0,15.013062794487288,3312000.0000000023,3.140000000000003
T4-E033,val_cold,no_size,800000.0,15.013062794487288,3312000.0000000023,3.140000000000003
T4-E033,val_cold,no_size,4500000.0,14.979161242811609,3201600.000000008,0.2885333333333316
T4-E033,val_cold,no_size,12000000.0,14.979161242811609,3201600.000000008,0.7331999999999994
T4-E033,val_cold,no_size,3000000.0,14.979161242811609,3201600.000000008,0.06720000000000263
T4-E033,val_cold,no_size,7500000.0,14.979161242811609,3201600.000000008,0.573119999999999
T4-E033,val_cold,no_size,7500000.0,14.979161242811609,3201600.000000008,0.573119999999999
T4-E033,val_cold,no_size,450000.0,14.979161242811609,3201600.000000008,6.114666666666684
T4-E033,val_cold,no_size,7500000.0,14.979161242811609,3201600.000000008,0.573119999999999
T4-E033,val_cold,no_size,12000000.0,14.979161242811609,3201600.000000008,0.7331999999999994
T4-E033,val_cold,no_size,12000000.0,14.979161242811609,3201600.000000008,0.7331999999999994
T4-E033,val_cold,no_size,12000000.0,14.979161242811609,3201600.000000008,0.7331999999999994
T4-E033,val_cold,no_size,7500000.0,14.979161242811609,3201600.000000008,0.573119999999999
T4-E033,val_cold,no_size,20000000.0,14.979161242811609,3201600.000000008,0.8399199999999997
T4-E033,val_cold,no_size,50000000.0,14.979161242811609,3201600.000000008,0.9359679999999998
T4-E033,val_cold,no_size,7500000.0,14.979161242811609,3201600.000000008,0.573119999999999
T4-E033,val_cold,no_size,3000000.0,14.979161242811609,3201600.000000008,0.06720000000000263
T4-E033,val_cold,no_size,3000000.0,14.979161242811609,3201600.000000008,0.06720000000000263
T4-E033,val_cold,no_size,2000000.0,14.979161242811609,3201600.000000008,0.600800000000004
T4-E033,val_cold,no_size,700000.0,14.979161242811609,3201600.000000008,3.573714285714297
T4-E033,val_cold,no_size,700000.0,14.979161242811609,3201600.000000008,3.573714285714297
T4-E033,val_cold,no_size,8500000.0,14.979161242811609,3201600.000000008,0.6233411764705874
T4-E033,val_cold,no_size,4000000.0,14.979161242811609,3201600.000000008,0.19959999999999803
T4-E033,val_cold,no_size,20000000.0,14.979161242811609,3201600.000000008,0.8399199999999997
T4-E033,val_cold,no_size,20000000.0,14.979161242811609,3201600.000000008,0.8399199999999997
T4-E033,val_cold,no_size,700000.0,14.979161242811609,3201600.000000008,3.573714285714297
T4-E033,val_cold,no_size,12000000.0,14.979161242811609,3201600.000000008,0.7331999999999994
T4-E033,val_cold,no_size,700000.0,14.979161242811609,3201600.000000008,3.573714285714297
T4-E033,val_cold,no_size,700000.0,14.979161242811609,3201600.000000008,3.573714285714297
T4-E033,val_cold,no_size,12000000.0,14.979161242811609,3201600.000000008,0.7331999999999994
T4-E033,val_cold,no_size,12000000.0,14.979161242811609,3201600.000000008,0.7331999999999994
T4-E033,val_cold,no_size,20000000.0,14.979161242811609,3201600.000000008,0.8399199999999997
T4-E033,val_cold,no_size,20000000.0,14.979161242811609,3201600.000000008,0.8399199999999997
T4-E033,val_cold,no_size,6500000.0,14.979161242811609,3201600.000000008,0.5074461538461527
T4-E033,val_cold,no_size,17000000.0,14.979161242811609,3201600.000000008,0.8116705882352937
T4-E033,val_cold,no_size,700000.0,14.979161242811609,3201600.000000008,3.573714285714297
T4-E033,val_cold,no_size,700000.0,14.979161242811609,3201600.000000008,3.573714285714297
T4-E033,val_cold,no_size,300000.0,14.90909020410431,2984940.000000001,8.949800000000003
T4-E033,val_cold,no_size,8600000.0,14.921495600961796,3022199.9999999977,0.6485813953488374
T4-E033,val_cold,no_size,480000.0,14.90909020410431,2984940.000000001,5.218625000000002
T4-E033,val_cold,no_size,8600000.0,14.90909020410431,2984940.000000001,0.652913953488372
T4-E033,val_cold,no_size,9000000.0,14.90909020410431,2984940.000000001,0.6683399999999999
T4-E033,val_cold,no_size,2400000.0,14.90909020410431,2984940.000000001,0.24372500000000039
T4-E033,val_cold,no_size,4000000.0,14.90909020410431,2984940.000000001,0.25376499999999974
T4-E033,val_cold,no_size,1200000.0,14.90909020410431,2984940.000000001,1.4874500000000008
T4-E033,val_cold,no_size,9000000.0,14.90909020410431,2984940.000000001,0.6683399999999999
T4-E033,val_cold,no_size,2400000.0,14.90909020410431,2984940.000000001,0.24372500000000039
T4-E033,val_cold,no_size,2400000.0,14.90909020410431,2984940.000000001,0.24372500000000039
T4-E033,val_cold,no_size,8600000.0,14.90909020410431,2984940.000000001,0.652913953488372
T4-E033,val_cold,no_size,9000000.0,14.90909020410431,2984940.000000001,0.6683399999999999
T4-E033,val_cold,no_size,400000.0,14.90909020410431,2984940.000000001,6.4623500000000025
T4-E033,val_cold,no_size,1040000.0,14.90909020410431,2984940.000000001,1.8701346153846163
T4-E033,val_cold,no_size,100000.0,14.90909020410431,2984940.000000001,28.84940000000001
T4-E033,val_cold,no_size,400000.0,14.90909020410431,2984940.000000001,6.4623500000000025
T4-E033,val_cold,no_size,2400000.0,14.90909020410431,2984940.000000001,0.24372500000000039
T4-E033,val_cold,no_size,960000.0,14.90909020410431,2984940.000000001,2.109312500000001
T4-E033,val_cold,no_size,300000.0,14.90909020410431,2984940.000000001,8.949800000000003
T4-E033,val_cold,no_size,640000.0,14.90909020410431,2984940.000000001,3.6639687500000013
T4-E033,val_cold,no_size,300000.0,14.90909020410431,2984940.000000001,8.949800000000003
T4-E033,val_cold,no_size,2400000.0,14.90909020410431,2984940.000000001,0.24372500000000039
T4-E033,val_cold,no_size,2800000.0,14.90909020410431,2984940.000000001,0.06605000000000033
T4-E033,val_cold,no_size,7200000.0,14.90909020410431,2984940.000000001,0.5854249999999999
T4-E033,val_cold,no_size,4186400.0,14.979161242811609,3201600.000000008,0.23523791324287982
T4-E033,val_cold,no_size,928700.0,14.979161242811609,3201600.000000008,2.4473995908258943
T4-E033,val_cold,no_size,1476700.0,14.979161242811609,3201600.000000008,1.1680774700345418
T4-E033,val_cold,no_size,3075100.0,14.979161242811609,3201600.000000008,0.041136873597609154
T4-E033,val_cold,no_size,989600.0,14.979161242811609,3201600.000000008,2.235246564268399
T4-E033,val_cold,no_size,989600.0,14.979161242811609,3201600.000000008,2.235246564268399
T4-E033,val_cold,no_size,989600.0,14.979161242811609,3201600.000000008,2.235246564268399
T4-E033,val_cold,no_size,6135000.0,14.979161242811609,3201600.000000008,0.47814180929095224
T4-E033,val_cold,no_size,4917100.0,14.979161242811609,3201600.000000008,0.3488845050944646
T4-E033,val_cold,no_size,6135000.0,14.979161242811609,3201600.000000008,0.47814180929095224
T4-E033,val_cold,no_size,593800.0,14.979161242811609,3201600.000000008,4.391714381946797
T4-E033,val_cold,no_size,822100.0,14.979161242811609,3201600.000000008,2.8944167376231698
T4-E033,val_cold,no_size,1476700.0,14.979161242811609,3201600.000000008,1.1680774700345418
T4-E033,val_cold,no_size,2207400.0,14.979161242811609,3201600.000000008,0.4503941288393621
T4-E033,val_cold,no_size,989600.0,14.979161242811609,3201600.000000008,2.235246564268399
T4-E033,val_cold,no_size,600000.0,14.90909020410431,2984940.000000001,3.9749000000000017
T4-E033,val_cold,no_size,600000.0,14.90909020410431,2984940.000000001,3.9749000000000017
T4-E033,val_cold,no_size,600000.0,14.90909020410431,2984940.000000001,3.9749000000000017
T4-E033,val_cold,no_size,800000.0,14.90909020410431,2984940.000000001,2.7311750000000012
T4-E033,val_cold,no_size,800000.0,15.152036776850045,3805800.000000004,3.7572500000000053
T4-E033,val_cold,no_size,600000.0,14.90909020410431,2984940.000000001,3.9749000000000017
T4-E033,val_cold,no_size,600000.0,14.90909020410431,2984940.000000001,3.9749000000000017
T4-E033,val_cold,no_size,800000.0,14.90909020410431,2984940.000000001,2.7311750000000012
T4-E033,val_cold,no_size,600000.0,14.90909020410431,2984940.000000001,3.9749000000000017
T4-E033,val_cold,no_size,1000000.0,14.90909020410431,2984940.000000001,1.984940000000001
T4-E033,val_cold,no_size,800000.0,14.90909020410431,2984940.000000001,2.7311750000000012
T4-E033,val_cold,no_size,800000.0,14.90909020410431,2984940.000000001,2.7311750000000012
T4-E033,val_cold,no_size,600000.0,14.90909020410431,2984940.000000001,3.9749000000000017
T4-E033,val_cold,no_size,800000.0,14.90909020410431,2984940.000000001,2.7311750000000012
T4-E033,val_cold,no_size,600000.0,14.725380722035506,2484000.0,3.14
T4-E033,val_cold,no_size,800000.0,14.90909020410431,2984940.000000001,2.7311750000000012
T4-E033,val_cold,no_size,600000.0,14.90909020410431,2984940.000000001,3.9749000000000017
T4-E033,val_cold,no_size,600000.0,15.152036776850045,3805800.000000004,5.343000000000007
T4-E033,val_cold,no_size,800000.0,14.90909020410431,2984940.000000001,2.7311750000000012
T4-E033,val_cold,no_size,600000.0,14.90909020410431,2984940.000000001,3.9749000000000017
T4-E033,val_cold,no_size,600000.0,14.90909020410431,2984940.000000001,3.9749000000000017
T4-E033,val_cold,no_size,600000.0,14.90909020410431,2984940.000000001,3.9749000000000017
T4-E033,val_cold,no_size,21312500.0,14.979161242811609,3201600.000000008,0.8497782991202343
T4-E033,val_cold,no_size,22834800.0,14.979161242811609,3201600.000000008,0.8597929476062848
T4-E033,val_cold,no_size,6089300.0,14.979161242811609,3201600.000000008,0.47422528040989803
T4-E033,val_cold,no_size,30446400.0,14.979161242811609,3201600.000000008,0.8948447107047136
T4-E033,val_cold,no_size,22834800.0,14.979161242811609,3201600.000000008,0.8597929476062848
T4-E033,val_cold,no_size,22834800.0,14.979161242811609,3201600.000000008,0.8597929476062848
T4-E033,val_cold,no_size,12178600.0,14.979161242811609,3201600.000000008,0.737112640204949
T4-E033,val_cold,no_size,3653600.0,14.979161242811609,3201600.000000008,0.1237135975476221
T4-E033,val_cold,no_size,16745600.0,14.979161242811609,3201600.000000008,0.80880947831072
T4-E033,val_cold,no_size,21312500.0,14.979161242811609,3201600.000000008,0.8497782991202343
T4-E033,val_cold,no_size,18267900.0,14.979161242811609,3201600.000000008,0.8247417601366327
T4-E033,val_cold,no_size,21312500.0,14.979161242811609,3201600.000000008,0.8497782991202343
T4-E033,val_cold,no_size,60892800.0,14.979161242811609,3201600.000000008,0.9474223553523569
T4-E033,val_cold,no_size,42625000.0,14.979161242811609,3201600.000000008,0.9248891495601171
T4-E033,val_cold,no_size,3805800.0,14.979161242811609,3201600.000000008,0.15875768563770878
T4-E033,val_cold,no_size,98950800.0,14.979161242811609,3201600.000000008,0.967644526370681
T4-E033,val_cold,no_size,11417400.0,14.979161242811609,3201600.000000008,0.7195858952125697
T4-E033,val_cold,no_size,45669600.0,14.979161242811609,3201600.000000008,0.9298964738031424
T4-E033,val_cold,no_size,22834800.0,14.979161242811609,3201600.000000008,0.8597929476062848
T4-E033,val_cold,no_size,16745600.0,14.979161242811609,3201600.000000008,0.80880947831072
T4-E033,val_cold,no_size,9134000.0,14.979161242811609,3201600.000000008,0.6494854390190489
T4-E033,val_cold,no_size,27401800.0,14.979161242811609,3201600.000000008,0.8831609602288898
T4-E033,val_cold,no_size,9134000.0,14.979161242811609,3201600.000000008,0.6494854390190489
T4-E033,val_cold,no_size,11417400.0,14.979161242811609,3201600.000000008,0.7195858952125697
T4-E033,val_cold,no_size,5328200.0,14.921495600961796,3022199.9999999977,0.4327915618783083
T4-E033,val_cold,no_size,776400.0,14.921495600961796,3022199.9999999977,2.892581143740337
T4-E033,val_cold,no_size,900000.0,14.921495600961796,3022199.9999999977,2.3579999999999974
T4-E033,val_cold,no_size,7916100.0,14.921495600961796,3022199.9999999977,0.6182210937203928
T4-E033,val_cold,no_size,2511900.0,14.921495600961796,3022199.9999999977,0.20315299175922516
T4-E033,val_cold,no_size,395900.0,14.921495600961796,3022199.9999999977,6.633745895428133
T4-E033,val_cold,no_size,2207400.0,14.921495600961796,3022199.9999999977,0.36912204403370374
T4-E033,val_cold,no_size,989600.0,14.921495600961796,3022199.9999999977,2.053961196443005
T4-E033,val_cold,no_size,3805800.0,14.921495600961796,3022199.9999999977,0.20589626359766733
T4-E033,val_cold,no_size,1674600.0,14.921495600961796,3022199.9999999977,0.8047294876388378
T4-E033,val_cold,no_size,1248400.0,14.979161242811609,3201600.000000008,1.564562640179436
T4-E033,val_cold,no_size,3714500.0,14.979161242811609,3201600.000000008,0.13808049535603503
T4-E033,val_cold,no_size,6180700.0,14.979161242811609,3201600.000000008,0.48200042066432475
T4-E033,val_cold,no_size,1248400.0,14.979161242811609,3201600.000000008,1.564562640179436
T4-E033,val_cold,no_size,6180700.0,14.979161242811609,3201600.000000008,0.48200042066432475
T4-E033,val_cold,no_size,7429000.0,14.979161242811609,3201600.000000008,0.5690402476780175
T4-E033,val_cold,no_size,3714500.0,14.979161242811609,3201600.000000008,0.13808049535603503
T4-E033,val_cold,no_size,12361300.0,14.979161242811609,3201600.000000008,0.7409981150849824
T4-E033,val_cold,no_size,2481400.0,14.979161242811609,3201600.000000008,0.290239380994603
T4-E033,val_cold,no_size,1248400.0,14.979161242811609,3201600.000000008,1.564562640179436
T4-E033,val_cold,no_size,1248400.0,14.979161242811609,3201600.000000008,1.564562640179436
T4-E033,val_cold,no_size,1491900.0,14.979161242811609,3201600.000000008,1.1459883370199129
T4-E033,val_cold,no_size,2481400.0,14.979161242811609,3201600.000000008,0.290239380994603
T4-E033,val_cold,no_size,1248400.0,14.979161242811609,3201600.000000008,1.564562640179436
T4-E033,val_cold,no_size,1248400.0,14.979161242811609,3201600.000000008,1.564562640179436
T4-E033,val_cold,no_size,6180700.0,14.979161242811609,3201600.000000008,0.48200042066432475
T4-E033,val_cold,no_size,4947600.0,14.979161242811609,3201600.000000008,0.3528983749696807
T4-E033,val_cold,no_size,12361300.0,14.979161242811609,3201600.000000008,0.7409981150849824
T4-E033,val_cold,no_size,6000000.0,14.90909020410431,2984940.000000001,0.5025099999999998
T4-E033,val_cold,no_size,2500000.0,14.90909020410431,2984940.000000001,0.19397600000000037
T4-E033,val_cold,no_size,6000000.0,14.90909020410431,2984940.000000001,0.5025099999999998
T4-E033,val_cold,no_size,6000000.0,14.90909020410431,2984940.000000001,0.5025099999999998
T4-E033,val_cold,no_size,1500000.0,14.90909020410431,2984940.000000001,0.9899600000000006
T4-E033,val_cold,no_size,6000000.0,14.90909020410431,2984940.000000001,0.5025099999999998
T4-E033,val_cold,no_size,2500000.0,14.90909020410431,2984940.000000001,0.19397600000000037
T4-E033,val_cold,no_size,6000000.0,14.90909020410431,2984940.000000001,0.5025099999999998
T4-E033,val_cold,no_size,2500000.0,14.90909020410431,2984940.000000001,0.19397600000000037
T4-E033,val_cold,no_size,1500000.0,14.90909020410431,2984940.000000001,0.9899600000000006
T4-E033,val_cold,no_size,8000000.0,14.90909020410431,2984940.000000001,0.6268824999999999
T4-E033,val_cold,no_size,9000000.0,14.90909020410431,2984940.000000001,0.6683399999999999
T4-E033,val_cold,no_size,1500000.0,14.90909020410431,2984940.000000001,0.9899600000000006
T4-E033,val_cold,no_size,6000000.0,14.90909020410431,2984940.000000001,0.5025099999999998
T4-E033,val_cold,no_size,6000000.0,14.90909020410431,2984940.000000001,0.5025099999999998
T4-E033,val_cold,no_size,8000000.0,14.90909020410431,2984940.000000001,0.6268824999999999
T4-E033,val_cold,no_size,3021900.0,14.90909020410431,2984940.000000001,0.012230715774843333
T4-E033,val_cold,no_size,9155000.0,14.90909020410431,2984940.000000001,0.6739552157291097
T4-E033,val_cold,no_size,50625000.0,14.90909020410431,2984940.000000001,0.9410382222222222
T4-E033,val_cold,no_size,50625000.0,14.90909020410431,2984940.000000001,0.9410382222222222
T4-E033,val_cold,no_size,50625000.0,14.90909020410431,2984940.000000001,0.9410382222222222
T4-E033,val_cold,no_size,24300000.0,14.90909020410431,2984940.000000001,0.8771629629629629
T4-E033,val_cold,no_size,10125000.0,14.90909020410431,2984940.000000001,0.705191111111111
T4-E033,val_cold,no_size,16200000.0,14.90909020410431,2984940.000000001,0.8157444444444445
T4-E033,val_cold,no_size,14175000.0,14.90909020410431,2984940.000000001,0.7894222222222222
T4-E033,val_cold,no_size,19237500.0,14.90909020410431,2984940.000000001,0.8448374269005848
T4-E033,val_cold,no_size,2664100.0,14.921495600961796,3022199.9999999977,0.1344168762433834
T4-E033,val_cold,no_size,650000.0,14.90909020410431,2984940.000000001,3.592215384615386
T4-E033,val_cold,no_size,650000.0,14.90909020410431,2984940.000000001,3.592215384615386
T4-E033,val_cold,no_size,5500000.0,14.90909020410431,2984940.000000001,0.45728363636363617
T4-E033,val_cold,no_size,3500000.0,14.90909020410431,2984940.000000001,0.14715999999999974
T4-E033,val_cold,no_size,3200000.0,14.90909020410431,2984940.000000001,0.0672062499999997
T4-E033,val_cold,no_size,650000.0,14.90909020410431,2984940.000000001,3.592215384615386
T4-E033,val_cold,no_size,3000000.0,14.921495600961796,3022199.9999999977,0.007399999999999224
T4-E033,val_cold,no_size,2500000.0,14.921495600961796,3022199.9999999977,0.20887999999999907
T4-E033,val_cold,no_size,7000000.0,14.921495600961796,3022199.9999999977,0.5682571428571432
T4-E033,val_cold,no_size,3500000.0,14.921495600961796,3022199.9999999977,0.1365142857142864
T4-E033,val_cold,no_size,1000000.0,14.921495600961796,3022199.9999999977,2.0221999999999976
T4-E033,val_cold,no_size,7000000.0,14.921495600961796,3022199.9999999977,0.5682571428571432
T4-E033,val_cold,no_size,1000000.0,14.921495600961796,3022199.9999999977,2.0221999999999976
T4-E033,val_cold,no_size,5328200.0,14.979161242811609,3201600.000000008,0.39912165459254384
T4-E033,val_cold,no_size,3805800.0,14.979161242811609,3201600.000000008,0.15875768563770878
T4-E033,val_cold,no_size,3805800.0,14.979161242811609,3201600.000000008,0.15875768563770878
T4-E033,val_cold,no_size,6850500.0,14.979161242811609,3201600.000000008,0.5326472520253984
T4-E033,val_cold,no_size,6850500.0,14.979161242811609,3201600.000000008,0.5326472520253984
T4-E033,val_cold,no_size,3000000.0,14.90909020410431,2984940.000000001,0.00501999999999969
T4-E033,val_cold,no_size,13000000.0,14.90909020410431,2984940.000000001,0.7703892307692307
T4-E033,val_cold,no_size,3000000.0,14.90909020410431,2984940.000000001,0.00501999999999969
T4-E033,val_cold,no_size,35000000.0,14.90909020410431,2984940.000000001,0.914716
T4-E033,val_cold,no_size,32000000.0,14.90909020410431,2984940.000000001,0.906720625
T4-E033,val_cold,no_size,11861000.0,14.90909020410431,2984940.000000001,0.7483399376106568
T4-E033,val_cold,no_size,11861000.0,14.90909020410431,2984940.000000001,0.7483399376106568
T4-E033,val_cold,no_size,11861000.0,14.90909020410431,2984940.000000001,0.7483399376106568
T4-E033,val_cold,no_size,427000.0,15.01722080463595,3325799.999999999,6.788758782201403
T4-E033,val_cold,no_size,7116600.0,14.90909020410431,2984940.000000001,0.5805665626844279
T4-E033,val_cold,no_size,900000.0,14.921495600961796,3022199.9999999977,2.3579999999999974
T4-E033,val_cold,no_size,950000.0,14.979161242811609,3201600.000000008,2.370105263157903
T4-E033,val_cold,no_size,950000.0,14.979161242811609,3201600.000000008,2.370105263157903
T4-E033,val_cold,no_size,600000.0,14.979161242811609,3201600.000000008,4.336000000000014
T4-E033,val_cold,no_size,950000.0,14.979161242811609,3201600.000000008,2.370105263157903
T4-E033,val_cold,no_size,800000.0,14.90909020410431,2984940.000000001,2.7311750000000012
T4-E033,val_cold,no_size,480000.0,14.90909020410431,2984940.000000001,5.218625000000002
T4-E033,val_cold,no_size,2400000.0,15.152036776850045,3805800.000000004,0.5857500000000018
T4-E033,val_cold,no_size,480000.0,14.90909020410431,2984940.000000001,5.218625000000002
T4-E033,val_cold,no_size,2435800.0,14.90909020410431,2984940.000000001,0.22544543887018678
T4-E033,val_cold,no_size,9999999.0,14.979161242811609,3201600.000000008,0.679839967983996
T4-E033,val_cold,no_size,1033400.0,14.979161242811609,3201600.000000008,2.0981227017611843
T4-E033,val_cold,no_size,3131300.0,14.979161242811609,3201600.000000008,0.02245073930955447
T4-E033,val_cold,no_size,3349200.0,14.90909020410431,2984940.000000001,0.10876030096739492
T4-E033,val_cold,no_size,6089300.0,14.90909020410431,2984940.000000001,0.5098057247959534
T4-E033,val_cold,no_size,25879500.0,14.90909020410431,2984940.000000001,0.884660059120153
T4-E033,val_cold,no_size,28924100.0,14.90909020410431,2984940.000000001,0.8968009376264084
T4-E033,val_cold,no_size,2000000.0,14.921495600961796,3022199.9999999977,0.5110999999999989
T4-E033,val_cold,no_size,2000000.0,14.921495600961796,3022199.9999999977,0.5110999999999989
T4-E033,val_cold,no_size,5300000.0,14.921495600961796,3022199.9999999977,0.4297735849056608
T4-E033,val_cold,no_size,8372800.0,14.90909020410431,2984940.000000001,0.6434956048155932
T4-E033,val_cold,no_size,3805800.0,14.90909020410431,2984940.000000001,0.21568658363550347
T4-E033,val_cold,no_size,99715000.0,14.979161242811609,3201600.000000008,0.9678924936067792
T4-E033,val_cold,no_size,22985600.0,14.656387850548557,2318400.0000000037,0.8991368508979534
T4-E033,val_cold,no_size,571360000.0,15.706209975047232,6623999.9999999935,0.9884066087930552
T4-E033,val_warm,area_only,604440.0,13.01333914846656,448354.3454679807,0.25823184192313425
T4-E033,val_warm,area_only,1800900.0,14.792211503549753,2655680.5395214516,0.47464075713335085
T4-E033,val_warm,area_only,234600.0,11.45508537783192,94380.08612665386,0.5976978425973833
T4-E033,val_warm,area_only,9813180.0,15.875373884475351,7844897.547527107,0.20057539477242775
T4-E033,val_warm,area_only,4816200.0,16.385076226564177,13060150.775326459,1.7117127144484154
T4-E033,val_warm,area_only,3615600.0,15.129148921614162,3719682.68029179,0.028787111486832075
T4-E033,val_warm,area_only,2219040.0,14.6689479676782,2347703.01497603,0.057981386084086005
T4-E033,val_warm,area_only,364320.0,12.925439511813176,410626.57827806537,0.1271041344918351
T4-E033,val_warm,area_only,2797260.0,15.587936931993037,5885115.543201978,1.1038857822304606
T4-E033,val_warm,area_only,558900.0,13.538347721338425,757931.068123642,0.35611212761431743
T4-E033,val_warm,area_only,12268200.0,16.2533735478164,11448548.917261139,0.0668110303662201
T4-E033,val_warm,area_only,4429800.0,14.961405498042055,3145254.912345484,0.2899781226363529
T4-E033,val_warm,area_only,1283400.0,14.161388629305879,1413230.2920387755,0.10116120620132112
T4-E033,val_warm,area_only,964620.0,13.57958035833922,789835.8028439549,0.18119487171740697
T4-E033,val_warm,area_only,19666380.0,16.45863118544212,14057001.899497462,0.28522677282258035
T4-E033,val_warm,area_only,1407600.0,14.294148130441968,1613874.1171540476,0.14654313523305457
T4-E033,val_warm,area_only,1283400.0,14.52329818135489,2029496.2780907825,0.581343523524063
T4-E033,val_warm,area_only,12282000.0,16.111289105794107,9932165.668968312,0.1913234270502921
T4-E033,val_warm,area_only,41262000.0,16.07175518420894,9547168.575051337,0.7686207994025657
T4-E033,val_warm,area_only,1535940.0,14.746385966157817,2536728.879149251,0.6515807122343654
T4-E033,val_warm,area_only,2856600.0,15.385276005410965,4805520.914376769,0.6822519479019706
T4-E033,val_warm,area_only,7051800.0,15.290256013129676,4369923.289946321,0.3803109433128674
T4-E033,val_warm,area_only,9784200.0,16.160874478852847,10437070.304397505,0.0667269990798946
T4-E033,val_warm,area_only,3808800.0,15.402452967412518,4888778.170821829,0.2835481439880878
T4-E033,val_warm,area_only,2760000.0,15.53681370182821,5591810.65211591,1.0260183522159094
T4-E033,val_warm,area_only,3339600.0,14.682652069364575,2380097.6384489974,0.2873105646038456
T4-E033,val_warm,area_only,9880800.0,15.400717479361827,4880301.112768049,0.5060823908217909
T4-E033,val_warm,area_only,1324800.0,14.21005329558146,1483705.5930292304,0.1199468546416292
T4-E033,val_warm,area_only,2111400.0,15.129951843924633,3722670.4958350346,0.763128964589862
T4-E033,val_warm,area_only,786600.0,13.345717040248983,625131.3335033865,0.20527417556142072
T4-E033,val_warm,area_only,2235600.0,14.322886527552539,1660927.14840544,0.25705531024984796
T4-E033,val_warm,area_only,3767400.0,14.867131402653454,2862286.682451511,0.24024879692851547
T4-E033,val_warm,area_only,772800.0,14.098633242367166,1327267.9869093546,0.7174792791270116
T4-E033,val_warm,area_only,6900000.0,15.36723818036332,4719616.859174823,0.31599755664132995
T4-E033,val_warm,area_only,4623000.0,15.914921850373645,8161363.841177914,0.7653826176028368
T4-E033,val_warm,area_only,690000.0,14.739120471484936,2518365.080812125,2.6498044649451087
T4-E033,val_warm,area_only,1794000.0,14.555603381293245,2096130.0752358774,0.16841141317495953
T4-E033,val_warm,area_only,276000.0,13.42441864817686,676317.9929396794,1.4504275106510123
T4-E033,val_warm,area_only,2346000.0,14.900732820378222,2960097.6640819763,0.26176371017987055
T4-E033,val_warm,area_only,1794000.0,14.304528757416032,1630714.3974594946,0.09101761568590042
T4-E033,val_warm,area_only,8694000.0,15.60958742805306,6013920.528657098,0.3082677100693469
T4-E033,val_warm,area_only,42780000.0,17.307392367569832,32847702.704903718,0.23217151227434038
T4-E033,val_warm,area_only,676200.0,13.616861311116764,819837.4034612295,0.21241852035082745
T4-E033,val_warm,area_only,3174000.0,15.188059629702463,3945394.983074205,0.2430355964316966
T4-E033,val_warm,area_only,4429800.0,15.312545554504972,4468420.527099879,0.008718345546047104
T4-E033,val_warm,area_only,1104000.0,14.243206480200548,1533719.6400156948,0.3892388043620424
T4-E033,val_warm,area_only,10184400.0,15.888609081571197,7949416.451196401,0.2194516661564352
T4-E033,val_warm,area_only,4692000.0,16.09271490090596,9749386.334149225,1.0778743252662457
T4-E033,val_warm,area_only,1656000.0,14.432537392244306,1853409.3487762704,0.1192085439470232
T4-E033,val_warm,area_only,565800.0,13.658464278828282,854664.5047675845,0.5105417192781627
T4-E033,val_warm,area_only,2346000.0,15.04031775249877,3403509.8042336553,0.4507714425548403
T4-E033,val_warm,area_only,2000000.0,14.664081149343609,2336304.9296018463,0.16815246480092313
T4-E033,val_warm,area_only,455400.0,14.011391081760252,1216381.567999925,1.6710179358803798
T4-E033,val_warm,area_only,13386000.0,16.459747696542067,14072705.463120451,0.05130027365310408
T4-E033,val_warm,area_only,276000.0,13.45612027850053,698101.8433648297,1.529354504945035
T4-E033,val_warm,area_only,2760000.0,15.639801905957622,6198400.953083464,1.245797446769371
T4-E033,val_warm,area_only,552000.0,13.890618495275605,1078000.5010809554,0.9528994584799916
T4-E033,val_warm,area_only,3864000.0,15.21923202516016,4070319.376237628,0.05339528370539028
T4-E033,val_warm,area_only,73871400.0,16.624137382083287,16587125.532468565,0.7754594398851441
T4-E033,val_warm,area_only,2450000.0,14.865322320693146,2857113.2522396483,0.1661686743835299
T4-E033,val_warm,area_only,9000000.0,13.627341379387182,828474.5352329379,0.9079472738630069
T4-E033,val_warm,area_only,10397500.0,16.089338991041483,9716528.777931072,0.06549374581090918
T4-E033,val_warm,area_only,1826800.0,14.4550087250411,1895529.401522953,0.037622838582741985
T4-E033,val_warm,area_only,700000.0,14.235698775795269,1522248.04288165,1.1746400612594998
T4-E033,val_warm,area_only,1202700.0,14.331036560676987,1674519.071760367,0.39229988505892316
T4-E033,val_warm,area_only,7002700.0,15.939725927370901,8366330.433295883,0.19472923776484546
T4-E033,val_warm,area_only,2283500.0,14.66292553292693,2333606.616678476,0.02194290198312935
T4-E033,val_cold,area_only,4678200.0,15.32956686013575,4545129.873149071,0.028444728068686486
T4-E033,val_cold,area_only,10639800.0,15.792293097638463,7219477.195404675,0.3214649527806279
T4-E033,val_cold,area_only,993600.0,13.641875924505632,840603.9701232287,0.15398151155069573
T4-E033,val_cold,area_only,1573200.0,14.102319214976355,1332169.2878353877,0.15321047048348096
T4-E033,val_cold,area_only,17912400.0,15.99263191037091,8820877.478307694,0.5075546840005977
T4-E033,val_cold,area_only,1959600.0,15.0274340884533,3359941.390397925,0.7146057309644442
T4-E033,val_cold,area_only,19458000.0,16.198395194761293,10836116.082075477,0.4431022673411719
T4-E033,val_cold,area_only,17843400.0,15.896306003220337,8010838.56413955,0.5510475265846448
T4-E033,val_cold,area_only,17843400.0,15.896306003220337,8010838.56413955,0.5510475265846448
T4-E033,val_cold,area_only,407100.0,13.067100545077704,473118.206874529,0.1621670520130902
T4-E033,val_cold,area_only,1035000.0,14.535030904642067,2053448.0312203295,0.9840077596331686
T4-E033,val_cold,area_only,1094340.0,14.282423013226378,1595061.7580409448,0.4575559314664042
T4-E033,val_cold,area_only,1860240.0,14.40509849092236,1803245.2043647778,0.03063840990153003
T4-E033,val_cold,area_only,1959600.0,15.0274340884533,3359941.390397925,0.7146057309644442
T4-E033,val_cold,area_only,4512600.0,14.558574529108968,2102367.2487242445,0.534111765118946
T4-E033,val_cold,area_only,4512600.0,14.558574529108968,2102367.2487242445,0.534111765118946
T4-E033,val_cold,area_only,4077900.0,14.558574529108968,2102367.2487242445,0.48444855226360517
T4-E033,val_cold,area_only,500940.0,13.641875924505632,840603.9701232287,0.678053200230025
T4-E033,val_cold,area_only,4512600.0,14.558574529108968,2102367.2487242445,0.534111765118946
T4-E033,val_cold,area_only,3063600.0,14.558574529108968,2102367.2487242445,0.31375922159412306
T4-E033,val_cold,area_only,1573200.0,14.045035033478422,1258001.6570838527,0.20035490904916559
T4-E033,val_cold,area_only,4567800.0,15.07956074251792,3539729.0495939436,0.22506916905426164
T4-E033,val_cold,area_only,1959600.0,15.0274340884533,3359941.390397925,0.7146057309644442
T4-E033,val_cold,area_only,4719600.0,15.738003285105291,6837982.466870159,0.4488478826320364
T4-E033,val_cold,area_only,2898000.0,15.039987550491366,3402386.14399172,0.17404628847195305
T4-E033,val_cold,area_only,4015800.0,15.1968145561227,3980088.2728499677,0.00889280520694066
T4-E033,val_cold,area_only,745200.0,13.655778829674624,852372.4257049544,0.14381699638346004
T4-E033,val_cold,area_only,1280640.0,14.424262916188058,1838136.6315036896,0.43532658007222136
T4-E033,val_cold,area_only,500940.0,13.641875924505632,840603.9701232287,0.678053200230025
T4-E033,val_cold,area_only,2018940.0,14.917941911494372,3011479.100348227,0.4916139659168807
T4-E033,val_cold,area_only,4077900.0,14.558574529108968,2102367.2487242445,0.48444855226360517
T4-E033,val_cold,area_only,4512600.0,14.558574529108968,2102367.2487242445,0.534111765118946
T4-E033,val_cold,area_only,4077900.0,14.47428110462548,1932415.0591805542,0.5261249517691572
T4-E033,val_cold,area_only,7438200.0,14.827348648015052,2750652.317878608,0.6301991990160781
T4-E033,val_cold,area_only,8914800.0,15.033636283062235,3380845.158385241,0.6207604031066046
T4-E033,val_cold,area_only,6072000.0,15.041336993622291,3406980.5698634977,0.4389030682042988
T4-E033,val_cold,area_only,2815200.0,14.796635830986386,2667456.170209686,0.05248075795336537
T4-E033,val_cold,area_only,732780.0,14.027981051267934,1236729.6212215154,0.6877229471621978
T4-E033,val_cold,area_only,2014800.0,15.0274340884533,3359941.390397925,0.6676302314859663
T4-E033,val_cold,area_only,2815200.0,14.9359813763547,3066297.532762254,0.0891934970027899
T4-E033,val_cold,area_only,4491900.0,15.412210709903087,4936715.10709301,0.0990260484634587
T4-E033,val_cold,area_only,2815200.0,14.9359813763547,3066297.532762254,0.0891934970027899
T4-E033,val_cold,area_only,2394300.0,14.96769331360015,3165094.0020216936,0.32192874828621876
T4-E033,val_cold,area_only,16380600.0,15.711612212062162,6659881.250232316,0.5934287358074603
T4-E033,val_cold,area_only,16366800.0,15.689956448204434,6517206.871696922,0.6018032314382211
T4-E033,val_cold,area_only,890100.0,13.209289271271393,545407.9202896431,0.3872509602408234
T4-E033,val_cold,area_only,745200.0,13.012873369008485,448145.5598517233,0.3986237790502908
T4-E033,val_cold,area_only,1035000.0,14.535030904642067,2053448.0312203295,0.9840077596331686
T4-E033,val_cold,area_only,1711200.0,14.971885049359999,3178389.0850037015,0.857403626112495
T4-E033,val_cold,area_only,22535400.0,16.254288841300536,11459032.49653194,0.4915096915727283
T4-E033,val_cold,area_only,3332700.0,15.101892295312707,3619665.9310845216,0.08610613949185993
T4-E033,val_cold,area_only,3318900.0,15.052266155796417,3444420.2324383967,0.037819829593659544
T4-E033,val_cold,area_only,3332700.0,15.101892295312707,3619665.9310845216,0.08610613949185993
T4-E033,val_cold,area_only,3332700.0,15.155315739125271,3818299.5562145263,0.14570755129910473
T4-E033,val_cold,area_only,1311000.0,13.988840893127405,1189258.8942352578,0.09286125535068059
T4-E033,val_cold,area_only,2884200.0,15.268514382413665,4275939.415010674,0.4825391495078961
T4-E033,val_cold,area_only,717600.0,14.030554557742002,1239916.451814134,0.7278657355269424
T4-E033,val_cold,area_only,1959600.0,15.0274340884533,3359941.390397925,0.7146057309644442
T4-E033,val_cold,area_only,3318900.0,15.039618163049402,3401129.57737167,0.024776153958139726
T4-E033,val_cold,area_only,2898000.0,15.35873461270754,4679653.434560807,0.6147872444999335
T4-E033,val_cold,area_only,2639940.0,14.578383095344192,2144427.3292841036,0.1876984593270667
T4-E033,val_cold,area_only,407100.0,13.399217748690345,659487.1382601965,0.6199634936384096
T4-E033,val_cold,area_only,1076400.0,14.535030904642067,2053448.0312203295,0.9076997688780467
T4-E033,val_cold,area_only,2159700.0,14.89258905735191,2936089.2223891057,0.3594893838908671
T4-E033,val_cold,area_only,22425000.0,16.359354612778738,12728506.123441454,0.43239660542067093
T4-E033,val_cold,area_only,1035000.0,14.535030904642067,2053448.0312203295,0.9840077596331686
T4-E033,val_cold,area_only,2898000.0,15.35873461270754,4679653.434560807,0.6147872444999335
T4-E033,val_cold,area_only,1076400.0,14.535030904642067,2053448.0312203295,0.9076997688780467
T4-E033,val_cold,area_only,514740.0,13.37860762082357,646034.1342877911,0.2550688391960817
T4-E033,val_cold,area_only,4347000.0,15.412210709903087,4936715.10709301,0.1356602500789073
T4-E033,val_cold,area_only,313260.0,13.184524745763959,532067.0242198555,0.6984837649870892
T4-E033,val_cold,area_only,1959600.0,15.0274340884533,3359941.390397925,0.7146057309644442
T4-E033,val_cold,area_only,1108140.0,14.535030904642067,2053448.0312203295,0.8530583060085634
T4-E033,val_cold,area_only,1035000.0,14.282423013226378,1595061.7580409448,0.5411224715371448
T4-E033,val_cold,area_only,2159700.0,14.89258905735191,2936089.2223891057,0.3594893838908671
T4-E033,val_cold,area_only,1511100.0,14.827721681200497,2751678.5938804005,0.8209771649000069
T4-E033,val_cold,area_only,673440.0,14.030554557742002,1239916.451814134,0.841168406709037
T4-E033,val_cold,area_only,500940.0,13.641875924505632,840603.9701232287,0.678053200230025
T4-E033,val_cold,area_only,1283400.0,14.082581839116012,1306133.545715961,0.017713531023812457
T4-E033,val_cold,area_only,10225800.0,15.746133577360373,6893803.877461756,0.32584209768802874
T4-E033,val_cold,area_only,3788100.0,14.558574529108968,2102367.2487242445,0.445007457901258
T4-E033,val_cold,area_only,6713700.0,14.794529472172993,2661843.4636583617,0.6035206423196804
T4-E033,val_cold,area_only,3788100.0,14.558574529108968,2102367.2487242445,0.445007457901258
T4-E033,val_cold,area_only,1004640.0,14.40728757301022,1807196.9799441407,0.7988503144849306
T4-E033,val_cold,area_only,1004640.0,14.40728757301022,1807196.9799441407,0.7988503144849306
T4-E033,val_cold,area_only,1094340.0,14.279333831361225,1590141.9252258758,0.4530602237201197
T4-E033,val_cold,area_only,471960.0,13.641875924505632,840603.9701232287,0.7810915546301143
T4-E033,val_cold,area_only,442980.0,13.641875924505632,840603.9701232287,0.8976115628769442
T4-E033,val_cold,area_only,2049300.0,14.586542510624989,2161996.1807086496,0.05499252462238304
T4-E033,val_cold,area_only,1138500.0,14.082581839116012,1306133.545715961,0.1472407076995704
T4-E033,val_cold,area_only,1759500.0,14.499455462019432,1981679.8697243847,0.12627443576265118
T4-E033,val_cold,area_only,2049300.0,14.586542510624989,2161996.1807086496,0.05499252462238304
T4-E033,val_cold,area_only,1138500.0,14.082581839116012,1306133.545715961,0.1472407076995704
T4-E033,val_cold,area_only,1759500.0,14.586542510624989,2161996.1807086496,0.22875599926606965
T4-E033,val_cold,area_only,7534800.0,15.412210709903087,4936715.10709301,0.34481139418524576
T4-E033,val_cold,area_only,22425000.0,16.359354612778738,12728506.123441454,0.43239660542067093
T4-E033,val_cold,area_only,8452500.0,16.30632955097291,12071158.267414877,0.4281169201318991
T4-E033,val_cold,area_only,3995100.0,15.372637517876532,4745168.582644662,0.18774713590264622
T4-E033,val_cold,area_only,6085800.0,15.412210709903087,4936715.10709301,0.18881410708649476
T4-E033,val_cold,area_only,18078000.0,16.359354612778738,12728506.123441454,0.29591181970121394
T4-E033,val_cold,area_only,11964600.0,15.79933404330606,7270488.515311931,0.39233334041155316
T4-E033,val_cold,area_only,62734800.0,17.257017124076263,31233978.793568432,0.5021267495302698
T4-E033,val_cold,area_only,2511600.0,14.793993501258363,2660417.1752412408,0.05925194108983945
T4-E033,val_cold,area_only,1380000.0,14.424262916188058,1838136.6315036896,0.3319830663070214
T4-E033,val_cold,area_only,1614600.0,14.499455462019432,1981679.8697243847,0.22735034666442755
T4-E033,val_cold,area_only,862500.0,13.755641428072497,941887.7904758251,0.09204381504443487
T4-E033,val_cold,area_only,30125400.0,16.80248108229069,19825530.46076581,0.34189984329616174
T4-E033,val_cold,area_only,1052940.0,13.810500121911664,995002.0952442857,0.055024887225971424
T4-E033,val_cold,area_only,5375100.0,15.570899652774736,5785698.48930841,0.07638899542490564
T4-E033,val_cold,area_only,7562400.0,16.319666103458477,12233224.201498652,0.6176378135907452
T4-E033,val_cold,area_only,2484000.0,15.718449805353156,6705574.848684112,1.6995067828841028
T4-E033,val_cold,area_only,20617200.0,17.015675738360706,24536582.824870896,0.19010257575572317
T4-E033,val_cold,area_only,11964600.0,15.79933404330606,7270488.515311931,0.39233334041155316
T4-E033,val_cold,area_only,2194200.0,14.586542510624989,2161996.1807086496,0.014676793041359234
T4-E033,val_cold,area_only,1035000.0,14.535030904642067,2053448.0312203295,0.9840077596331686
T4-E033,val_cold,area_only,7617600.0,15.79933404330606,7270488.515311931,0.04556704010292858
T4-E033,val_cold,area_only,3229200.0,15.239458201392601,4153484.595242579,0.2862271136016905
T4-E033,val_cold,area_only,1759500.0,14.499455462019432,1981679.8697243847,0.12627443576265118
T4-E033,val_cold,area_only,2587500.0,15.71023780024936,6650734.118173228,1.5703320263471412
T4-E033,val_cold,area_only,26427000.0,16.913495807349992,22153272.96840413,0.16171820606182583
T4-E033,val_cold,area_only,2339100.0,14.586542510624989,2161996.1807086496,0.07571451382640777
T4-E033,val_cold,area_only,586500.0,14.027981051267934,1236729.6212215154,1.1086609057485344
T4-E033,val_cold,area_only,776940.0,13.786116117206873,971033.3737788665,0.24981771279489598
T4-E033,val_cold,area_only,7631400.0,15.332548493250837,4558702.006397345,0.402638833451615
T4-E033,val_cold,area_only,1138500.0,14.086567640336998,1311349.9232132677,0.15182250611617717
T4-E033,val_cold,area_only,3760500.0,15.306605390410738,4441956.055396893,0.18121421497058718
T4-E033,val_cold,area_only,749340.0,13.520579965283456,744583.2652008277,0.0063478992168738676
T4-E033,val_cold,area_only,2049300.0,14.51646485770061,2015675.3483902125,0.016407871765865167
T4-E033,val_cold,area_only,2049300.0,14.51646485770061,2015675.3483902125,0.016407871765865167
T4-E033,val_cold,area_only,2235600.0,14.565787007725937,2117585.3416654663,0.05278880762861589
T4-E033,val_cold,area_only,862500.0,13.799819085763906,984430.9975359625,0.14136927250546377
T4-E033,val_cold,area_only,23349600.0,15.69942335927607,6579197.657234116,0.7182308194900933
T4-E033,val_cold,area_only,23349600.0,15.69942335927607,6579197.657234116,0.7182308194900933
T4-E033,val_cold,area_only,2235600.0,14.903340249157315,2967825.97905714,0.32752996021521746
T4-E033,val_cold,area_only,10791600.0,16.199148474044023,10844281.778964385,0.004881739405128562
T4-E033,val_cold,area_only,2463300.0,15.45850050090707,5170606.240905625,1.0990566479542179
T4-E033,val_cold,area_only,2042400.0,15.542902818971847,5625963.717704913,1.7545846639761618
T4-E033,val_cold,area_only,4650600.0,15.93046401082271,8289199.918577186,0.7823936521260022
T4-E033,val_cold,area_only,22369800.0,16.24773953481638,11384229.003582194,0.4910893703304368
T4-E033,val_cold,area_only,6072000.0,15.321859078346339,4510231.670522369,0.2572082229047481
T4-E033,val_cold,area_only,3829500.0,14.86707214606058,2862117.078120019,0.25261337560516545
T4-E033,val_cold,area_only,690000.0,13.690643282180744,882614.0390677802,0.2791507812576525
T4-E033,val_cold,area_only,558900.0,14.082581839116012,1306133.545715961,1.3369718119806064
T4-E033,val_cold,area_only,690000.0,13.690643282180744,882614.0390677802,0.2791507812576525
T4-E033,val_cold,area_only,3560400.0,15.372637517876532,4745168.582644662,0.3327627745884344
T4-E033,val_cold,area_only,2180400.0,14.410360011019065,1812758.0192344068,0.16861217242964283
T4-E033,val_cold,area_only,1297200.0,14.032549888721505,1242392.965432951,0.04225025791477722
T4-E033,val_cold,area_only,5568300.0,15.76093487473648,6996600.000000002,0.25650557620817876
T4-E033,val_cold,area_only,442980.0,13.441761230576917,688149.3904158316,0.5534547618760025
T4-E033,val_cold,area_only,732780.0,14.027981051267934,1236729.6212215154,0.6877229471621978
T4-E033,val_cold,area_only,2056200.0,15.579627404029315,5836415.627900052,1.838447440861809
T4-E033,val_cold,area_only,1283400.0,14.082581839116012,1306133.545715961,0.017713531023812457
T4-E033,val_cold,area_only,16311600.0,15.79933404330606,7270488.515311931,0.5542749628907078
T4-E033,val_cold,area_only,485760.0,13.23675698811963,560596.6758799105,0.15406100930482228
T4-E033,val_cold,area_only,5375100.0,15.570899652774736,5785698.48930841,0.07638899542490564
T4-E033,val_cold,area_only,2339100.0,13.810500121911664,995002.0952442857,0.574621822391396
T4-E033,val_cold,area_only,6196200.0,15.637055224707812,6181399.2811822845,0.0023886767402142494
T4-E033,val_cold,area_only,4222800.0,15.550966450667547,5671512.815825401,0.34306924690380813
T4-E033,val_cold,area_only,1904400.0,14.408092189156044,1808651.6649659327,0.05027742860432014
T4-E033,val_cold,area_only,1614600.0,14.408092189156044,1808651.6649659327,0.12018559703080188
T4-E033,val_cold,area_only,834900.0,13.755641428072497,941887.7904758251,0.12814443702937486
T4-E033,val_cold,area_only,11419500.0,16.065267033937037,9485425.62602557,0.1693659419391768
T4-E033,val_cold,area_only,6168600.0,15.751252978975064,6929186.519865258,0.12329969845106793
T4-E033,val_cold,area_only,6127200.0,15.602280290226286,5970136.146551678,0.025633870846116014
T4-E033,val_cold,area_only,4512600.0,15.721098722010431,6723360.904086569,0.48990845722788845
T4-E033,val_cold,area_only,7424400.0,16.11732843771083,9992330.809853442,0.34587721699442947
T4-E033,val_cold,area_only,1542840.0,14.408092189156044,1808651.6649659327,0.17228725270665313
T4-E033,val_cold,area_only,4512600.0,15.721098722010431,6723360.904086569,0.48990845722788845
T4-E033,val_cold,area_only,4222800.0,15.498905046893753,5383800.238930623,0.2749361179621633
T4-E033,val_cold,area_only,5685600.0,16.04128520364162,9260653.75147452,0.6287909370118405
T4-E033,val_cold,area_only,4077900.0,15.568643439359612,5772659.433738289,0.4155961239212069
T4-E033,val_cold,area_only,964620.0,13.810500121911664,995002.0952442857,0.031496439265499006
T4-E033,val_cold,area_only,5423400.0,15.744932797721727,6885530.906134688,0.2695967301203467
T4-E033,val_cold,area_only,1080540.0,13.810500121911664,995002.0952442857,0.07916218257141276
T4-E033,val_cold,area_only,8162700.0,16.30632955097291,12071158.267414877,0.47881929599457007
T4-E033,val_cold,area_only,1095720.0,13.961490612773916,1157173.1077827152,0.05608468201978173
T4-E033,val_cold,area_only,2049300.0,14.51646485770061,2015675.3483902125,0.016407871765865167
T4-E033,val_cold,area_only,1080540.0,13.810500121911664,995002.0952442857,0.07916218257141276
T4-E033,val_cold,area_only,950820.0,13.755641428072497,941887.7904758251,0.009394217122247028
T4-E033,val_cold,area_only,5382000.0,15.744932797721727,6885530.906134688,0.27936285881358014
T4-E033,val_cold,area_only,2408100.0,14.653303939370021,2311261.2735805316,0.04021374794214045
T4-E033,val_cold,area_only,13082400.0,16.78065779192229,19397559.01062209,0.4827217491150012
T4-E033,val_cold,area_only,2870400.0,14.874636149465339,2883848.22506783,0.004685139725414639
T4-E033,val_cold,area_only,2049300.0,14.51646485770061,2015675.3483902125,0.016407871765865167
T4-E033,val_cold,area_only,8452500.0,16.30632955097291,12071158.267414877,0.4281169201318991
T4-E033,val_cold,area_only,2670300.0,14.837994807991397,2780092.637605765,0.041116218254789685
T4-E033,val_cold,area_only,1052940.0,13.810500121911664,995002.0952442857,0.055024887225971424
T4-E033,val_cold,area_only,1052940.0,13.776363280796668,961609.0756559258,0.08673896361053261
T4-E033,val_cold,area_only,8148900.0,15.878897536621007,7872588.996467941,0.03390776712587693
T4-E033,val_cold,area_only,862500.0,13.799819085763906,984430.9975359625,0.14136927250546377
T4-E033,val_cold,area_only,1197840.0,13.990702890861538,1191475.3544832228,0.0053134354477869985
T4-E033,val_cold,area_only,1211640.0,13.990702890861538,1191475.3544832228,0.016642439599862318
T4-E033,val_cold,area_only,2049300.0,14.536347078052628,2056152.5043063583,0.0033438268220164374
T4-E033,val_cold,area_only,908040.0,13.755641428072497,941887.7904758251,0.03727566018658328
T4-E033,val_cold,area_only,862500.0,13.799819085763906,984430.9975359625,0.14136927250546377
T4-E033,val_cold,area_only,2525400.0,14.837994807991397,2780092.637605765,0.10085239471203172
T4-E033,val_cold,area_only,2152800.0,14.40928217745678,1810805.220386093,0.15886045132567214
T4-E033,val_cold,area_only,1108140.0,14.092273499808224,1318853.6889509012,0.19015078325022214
T4-E033,val_cold,area_only,1439340.0,14.308753252128692,1637617.913475997,0.13775613369738704
T4-E033,val_cold,area_only,1121940.0,14.092273499808224,1318853.6889509012,0.17551178222623415
T4-E033,val_cold,area_only,890100.0,13.802611249171106,987183.5307171395,0.10907036368625939
T4-E033,val_cold,area_only,890100.0,13.83516884815334,1019852.7867751658,0.14577326904299048
T4-E033,val_cold,area_only,890100.0,13.96476305637523,1160966.0942972268,0.3043097340717074
T4-E033,val_cold,area_only,21900600.0,15.70861129227294,6639925.438665576,0.696815364023562
T4-E033,val_cold,area_only,1338600.0,14.406205547263664,1805242.603816064,0.3486049632571822
T4-E033,val_cold,area_only,979800.0,13.628647985675308,829557.7327724783,0.15333972976885257
T4-E033,val_cold,area_only,993600.0,13.641875924505632,840603.9701232287,0.15398151155069573
T4-E033,val_cold,area_only,993600.0,13.641875924505632,840603.9701232287,0.15398151155069573
T4-E033,val_cold,area_only,8583600.0,16.093403616896918,9756103.205162311,0.13659807134096544
T4-E033,val_cold,area_only,2477100.0,15.171266790197006,3879693.7970416346,0.5662241318645329
T4-E033,val_cold,area_only,2263200.0,14.80010042633155,2676713.8542446103,0.18271202467506642
T4-E033,val_cold,area_only,1524900.0,15.035161889120591,3386006.932657131,1.2204780199731988
T4-E033,val_cold,area_only,6044400.0,15.967435639090207,8601400.863733396,0.4230363416936993
T4-E033,val_cold,area_only,2332200.0,15.244687285204662,4175260.3984346553,0.7902668718097313
T4-E033,val_cold,area_only,2332200.0,15.244687285204662,4175260.3984346553,0.7902668718097313
T4-E033,val_cold,area_only,2394300.0,14.994903124457299,3252397.9872251693,0.3583920090319381
T4-E033,val_cold,area_only,903900.0,14.652383829498175,2309135.6373257106,1.5546361736095924
T4-E033,val_cold,area_only,2925600.0,15.588681029735696,5889496.2740368005,1.0130900581203173
T4-E033,val_cold,area_only,26427000.0,16.899592902181,21847409.239057273,0.1732921164317829
T4-E033,val_cold,area_only,661020.0,13.874376976575993,1060633.5503746555,0.6045407860195691
T4-E033,val_cold,area_only,1062600.0,15.785536356416488,7170861.483087617,5.748410957168847
T4-E033,val_cold,area_only,1062600.0,15.785536356416488,7170861.483087617,5.748410957168847
T4-E033,val_cold,area_only,1062600.0,15.785536356416488,7170861.483087617,5.748410957168847
T4-E033,val_cold,area_only,1062600.0,15.785536356416488,7170861.483087617,5.748410957168847
T4-E033,val_cold,area_only,890100.0,13.802611249171106,987183.5307171395,0.10907036368625939
T4-E033,val_cold,area_only,890100.0,13.83516884815334,1019852.7867751658,0.14577326904299048
T4-E033,val_cold,area_only,3939900.0,15.216260664546978,4058242.940168464,0.03003704159203637
T4-E033,val_cold,area_only,890100.0,13.802611249171106,987183.5307171395,0.10907036368625939
T4-E033,val_cold,area_only,2566800.0,14.5644801901752,2114819.8513649926,0.17608701442847416
T4-E033,val_cold,area_only,2566800.0,14.5644801901752,2114819.8513649926,0.17608701442847416
T4-E033,val_cold,area_only,2639940.0,14.659701798265067,2326095.801084076,0.11888308026543178
T4-E033,val_cold,area_only,7452000.0,15.332548493250837,4558702.006397345,0.3882579164791539
T4-E033,val_cold,area_only,2049300.0,14.545844627945904,2075773.9456198579,0.012918531020279057
T4-E033,val_cold,area_only,7534800.0,15.412210709903087,4936715.10709301,0.34481139418524576
T4-E033,val_cold,area_only,8190300.0,15.015574207381512,3320328.252969293,0.5946023646301976
T4-E033,val_cold,area_only,1614600.0,14.499455462019432,1981679.8697243847,0.22735034666442755
T4-E033,val_cold,area_only,6085800.0,15.412210709903087,4936715.10709301,0.18881410708649476
T4-E033,val_cold,area_only,4554000.0,14.957423777617329,3132756.2861504955,0.3120868936867599
T4-E033,val_cold,area_only,4567800.0,15.07956074251792,3539729.0495939436,0.22506916905426164
T4-E033,val_cold,area_only,2339100.0,14.499455462019432,1981679.8697243847,0.15280241557676683
T4-E033,val_cold,area_only,6085800.0,15.371512827224002,4739834.735921104,0.22116488614132826
T4-E033,val_cold,area_only,6741300.0,15.015574207381512,3320328.252969293,0.5074646947963608
T4-E033,val_cold,area_only,2484000.0,14.499455462019432,1981679.8697243847,0.2022222746681221
T4-E033,val_cold,area_only,14862600.0,15.79933404330606,7270488.515311931,0.5108198757073505
T4-E033,val_cold,area_only,6182400.0,15.646485268399296,6239965.855148417,0.009311247274265163
T4-E033,val_cold,area_only,2484000.0,14.586542510624989,2161996.1807086496,0.129631167186534
T4-E033,val_cold,area_only,2484000.0,14.586542510624989,2161996.1807086496,0.129631167186534
T4-E033,val_cold,area_only,4581600.0,15.153677888762505,3812050.8715033624,0.16796514940122176
T4-E033,val_cold,area_only,5975400.0,14.717704631280068,2465005.585255438,0.5874743807518429
T4-E033,val_cold,area_only,10432800.0,15.412210709903087,4936715.10709301,0.5268082291337887
T4-E033,val_cold,area_only,8983800.0,15.412210709903087,4936715.10709301,0.4504869757682707
T4-E033,val_cold,area_only,4498800.0,14.409959349720545,1812031.8627336337,0.5972188444177039
T4-E033,val_cold,area_only,8914800.0,15.062501926051379,3479857.58148082,0.6096538810202338
T4-E033,val_cold,area_only,6003000.0,14.843907498723722,2796579.157394946,0.5341364055647266
T4-E033,val_cold,area_only,6016800.0,14.98831725608268,3231048.501796939,0.4629955288862952
T4-E033,val_cold,area_only,7452000.0,14.85112591152053,2816839.0543507966,0.622002273973323
T4-E033,val_cold,area_only,4540200.0,14.77972239266604,2622719.7049793634,0.4223338828731414
T4-E033,val_cold,area_only,4077900.0,14.555640993083982,2096208.9159242834,0.4859587248524281
T4-E033,val_cold,area_only,3746700.0,13.940055919307198,1132633.3970669124,0.6976984020426208
T4-E033,val_cold,area_only,6796500.0,15.343292579339614,4607945.155826284,0.3220120421060423
T4-E033,val_cold,area_only,6085800.0,15.371512827224002,4739834.735921104,0.22116488614132826
T4-E033,val_cold,area_only,1283400.0,14.082581839116012,1306133.545715961,0.017713531023812457
T4-E033,val_cold,area_only,1138500.0,14.082581839116012,1306133.545715961,0.1472407076995704
T4-E033,val_cold,area_only,690000.0,13.690643282180744,882614.0390677802,0.2791507812576525
T4-E033,val_cold,area_only,1138500.0,14.082581839116012,1306133.545715961,0.1472407076995704
T4-E033,val_cold,area_only,1283400.0,14.082581839116012,1306133.545715961,0.017713531023812457
T4-E033,val_cold,area_only,1904400.0,14.586542510624989,2161996.1807086496,0.1352636949740861
T4-E033,val_cold,area_only,1138500.0,14.082581839116012,1306133.545715961,0.1472407076995704
T4-E033,val_cold,area_only,2339100.0,14.499455462019432,1981679.8697243847,0.15280241557676683
T4-E033,val_cold,area_only,9066600.0,15.79933404330606,7270488.515311931,0.19810198803168427
T4-E033,val_cold,area_only,703800.0,14.082581839116012,1306133.545715961,0.8558305565728345
T4-E033,val_cold,area_only,2194200.0,14.586542510624989,2161996.1807086496,0.014676793041359234
T4-E033,val_cold,area_only,2194200.0,14.499455462019432,1981679.8697243847,0.0968554052846665
T4-E033,val_cold,area_only,1138500.0,14.082581839116012,1306133.545715961,0.1472407076995704
T4-E033,val_cold,area_only,1138500.0,14.082581839116012,1306133.545715961,0.1472407076995704
T4-E033,val_cold,area_only,690000.0,13.690643282180744,882614.0390677802,0.2791507812576525
T4-E033,val_cold,area_only,703800.0,14.082581839116012,1306133.545715961,0.8558305565728345
T4-E033,val_cold,area_only,717600.0,14.264510023045862,1566743.8191191107,1.1833107847256281
T4-E033,val_cold,area_only,1324800.0,14.586542510624989,2161996.1807086496,0.6319415615252487
T4-E033,val_cold,area_only,545100.0,13.690643282180744,882614.0390677802,0.6191782041236108
T4-E033,val_cold,area_only,558900.0,14.082581839116012,1306133.545715961,1.3369718119806064
T4-E033,val_cold,area_only,558900.0,14.082581839116012,1306133.545715961,1.3369718119806064
T4-E033,val_cold,area_only,1138500.0,14.082581839116012,1306133.545715961,0.1472407076995704
T4-E033,val_cold,area_only,2049300.0,14.586542510624989,2161996.1807086496,0.05499252462238304
T4-E033,val_cold,area_only,1138500.0,14.082581839116012,1306133.545715961,0.1472407076995704
T4-E033,val_cold,area_only,1283400.0,14.082581839116012,1306133.545715961,0.017713531023812457
T4-E033,val_cold,area_only,1614600.0,14.586542510624989,2161996.1807086496,0.3390289735591785
T4-E033,val_cold,area_only,1283400.0,14.082581839116012,1306133.545715961,0.017713531023812457
T4-E033,val_cold,area_only,1904400.0,14.586542510624989,2161996.1807086496,0.1352636949740861
T4-E033,val_cold,area_only,2049300.0,14.586542510624989,2161996.1807086496,0.05499252462238304
T4-E033,val_cold,area_only,1138500.0,14.082581839116012,1306133.545715961,0.1472407076995704
T4-E033,val_cold,area_only,1904400.0,14.586542510624989,2161996.1807086496,0.1352636949740861
T4-E033,val_cold,area_only,1890600.0,14.291250599479413,1609204.635181184,0.14883918587687298
T4-E033,val_cold,area_only,703800.0,14.082581839116012,1306133.545715961,0.8558305565728345
T4-E033,val_cold,area_only,1614600.0,14.499455462019432,1981679.8697243847,0.22735034666442755
T4-E033,val_cold,area_only,1759500.0,14.499455462019432,1981679.8697243847,0.12627443576265118
T4-E033,val_cold,area_only,1759500.0,14.499455462019432,1981679.8697243847,0.12627443576265118
T4-E033,val_cold,area_only,545100.0,13.690643282180744,882614.0390677802,0.6191782041236108
T4-E033,val_cold,area_only,834900.0,13.911135864180926,1100346.6936768577,0.31793830839245146
T4-E033,val_cold,area_only,1573200.0,14.082581839116012,1306133.545715961,0.16976001416478456
T4-E033,val_cold,area_only,1863000.0,14.082581839116012,1306133.545715961,0.2989084564058181
T4-E033,val_cold,area_only,1573200.0,14.082581839116012,1306133.545715961,0.16976001416478456
T4-E033,val_cold,area_only,1573200.0,14.082581839116012,1306133.545715961,0.16976001416478456
T4-E033,val_cold,area_only,1573200.0,14.082581839116012,1306133.545715961,0.16976001416478456
T4-E033,val_cold,area_only,1573200.0,14.082581839116012,1306133.545715961,0.16976001416478456
T4-E033,val_cold,area_only,3560400.0,15.372637517876532,4745168.582644662,0.3327627745884344
T4-E033,val_cold,area_only,1573200.0,14.304441434048497,1630572.0042040416,0.03646834744726771
T4-E033,val_cold,area_only,1573200.0,14.304441434048497,1630572.0042040416,0.03646834744726771
T4-E033,val_cold,area_only,427800.0,14.12128155547516,1357671.3608245524,2.1736123441434136
T4-E033,val_cold,area_only,427800.0,14.12128155547516,1357671.3608245524,2.1736123441434136
T4-E033,val_cold,area_only,1297200.0,14.030554557742002,1239916.451814134,0.04415938034679779
T4-E033,val_cold,area_only,2339100.0,14.535030904642067,2053448.0312203295,0.12212046033930594
T4-E033,val_cold,area_only,2339100.0,14.586542510624989,2161996.1807086496,0.07571451382640777
T4-E033,val_cold,area_only,3243000.0,15.372637517876532,4745168.582644662,0.4632033865694301
T4-E033,val_cold,area_only,2856600.0,15.190084929892672,3953393.689440517,0.3839507419451506
T4-E033,val_cold,area_only,3532800.0,15.282417287582657,4335802.566820826,0.2272991867133227
T4-E033,val_cold,area_only,1021200.0,14.276883791654297,1586250.7830422951,0.5533203907582208
T4-E033,val_cold,area_only,876300.0,14.279333831361225,1590141.9252258758,0.8146090667874881
T4-E033,val_cold,area_only,876300.0,14.279333831361225,1590141.9252258758,0.8146090667874881
T4-E033,val_cold,area_only,775560.0,14.258869330662616,1557931.1772592908,1.008782269920175
T4-E033,val_cold,area_only,1021200.0,14.279333831361225,1590141.9252258758,0.557130753256831
T4-E033,val_cold,area_only,891480.0,14.261028083913192,1561297.9990135669,0.7513550489226533
T4-E033,val_cold,area_only,891480.0,14.261028083913192,1561297.9990135669,0.7513550489226533
T4-E033,val_cold,area_only,299460.0,13.184524745763959,532067.0242198555,0.7767549062307338
T4-E033,val_cold,area_only,429180.0,13.641875924505632,840603.9701232287,0.9586280118440484
T4-E033,val_cold,area_only,890100.0,14.444854674171355,1876379.4886863013,1.108054700243008
T4-E033,val_cold,area_only,890100.0,14.535030904642067,2053448.0312203295,1.3069857670153122
T4-E033,val_cold,area_only,2245260.0,14.439753553112233,1866832.2213476903,0.16854519238409346
T4-E033,val_cold,area_only,299460.0,12.983730867157586,435273.94355524814,0.4535294982810664
T4-E033,val_cold,area_only,342240.0,12.983730867157586,435273.94355524814,0.2718383109959331
T4-E033,val_cold,area_only,3243000.0,15.282417287582657,4335802.566820826,0.3369727310579175
T4-E033,val_cold,area_only,3201600.0,15.190084929892672,3953393.689440517,0.23481811889071627
T4-E033,val_cold,area_only,963240.0,14.274930989082184,1583156.170999758,0.6435739493789273
T4-E033,val_cold,area_only,2352900.0,14.648943826159295,2301205.850090506,0.021970398193503327
T4-E033,val_cold,area_only,1918200.0,14.686314123967962,2388829.6647825,0.2453496323545511
T4-E033,val_cold,area_only,1283400.0,14.082581839116012,1306133.545715961,0.017713531023812457
T4-E033,val_cold,area_only,1283400.0,14.082581839116012,1306133.545715961,0.017713531023812457
T4-E033,val_cold,area_only,6265200.0,15.748429895708396,6909652.435496322,0.10286222873911796
T4-E033,val_cold,area_only,4636800.0,15.494658695455815,5360987.201411235,0.15618253998689507
T4-E033,val_cold,area_only,683100.0,13.76954433324149,955074.2195424872,0.3981470056250727
T4-E033,val_cold,area_only,1759500.0,14.408092189156044,1808651.6649659327,0.02793501845179467
T4-E033,val_cold,area_only,3912300.0,15.40199376191877,4886533.732396742,0.24901815617328485
T4-E033,val_cold,area_only,2002380.0,15.070693237664528,3508479.2437404804,0.7521545579462842
T4-E033,val_cold,area_only,4650600.0,15.488082535959034,5325848.161116109,0.14519592334668843
T4-E033,val_cold,area_only,3450000.0,15.253021073169993,4210201.527046377,0.22034826870909474
T4-E033,val_cold,area_only,10777800.0,16.226080571136265,11140309.458713738,0.03363482888100895
T4-E033,val_cold,area_only,6113400.0,15.550966450667547,5671512.815825401,0.07228173915899486
T4-E033,val_cold,area_only,4940400.0,15.488082535959034,5325848.161116109,0.07801962616713408
T4-E033,val_cold,area_only,1542840.0,14.408092189156044,1808651.6649659327,0.17228725270665313
T4-E033,val_cold,area_only,1904400.0,14.536347078052628,2056152.5043063583,0.07968520494977856
T4-E033,val_cold,area_only,11923200.0,17.015675738360706,24536582.824870896,1.057885703910938
T4-E033,val_cold,area_only,3739800.0,15.219665926413304,4072085.876131219,0.08885124234751025
T4-E033,val_cold,area_only,3795000.0,15.216260664546978,4058242.940168464,0.0693657286346414
T4-E033,val_cold,area_only,3795000.0,15.216260664546978,4058242.940168464,0.0693657286346414
T4-E033,val_cold,area_only,5471700.0,15.54308398510563,5626983.044131381,0.028379305175974822
T4-E033,val_cold,area_only,19182000.0,17.124570513015946,27359394.319158964,0.4263056156375229
T4-E033,val_cold,area_only,2829000.0,15.009217811151888,3299289.865978682,0.1662389063197886
T4-E033,val_cold,area_only,8293800.0,16.090410175589927,9726942.549962584,0.17279685427217728
T4-E033,val_cold,area_only,2352900.0,14.578383095344192,2144427.3292841036,0.08860243559687891
T4-E033,val_cold,area_only,1124700.0,13.810500121911664,995002.0952442857,0.11531777785695238
T4-E033,val_cold,area_only,22066200.0,17.015675738360706,24536582.824870896,0.11195325089371508
T4-E033,val_cold,area_only,862500.0,13.756713369901757,942897.9807327702,0.09321505012495092
T4-E033,val_cold,area_only,2208000.0,14.653482400924297,2311673.7816670747,0.046953705465160624
T4-E033,val_cold,area_only,8293800.0,16.09081543214614,9730885.256052652,0.17327223420538865
T4-E033,val_cold,area_only,3726000.0,15.237512438801785,4145410.757728414,0.1125632736791235
T4-E033,val_cold,area_only,1108140.0,14.092273499808224,1318853.6889509012,0.19015078325022214
T4-E033,val_cold,area_only,890100.0,13.96476305637523,1160966.0942972268,0.3043097340717074
T4-E033,val_cold,area_only,8148900.0,15.882403098051345,7900235.27035458,0.030515128378728402
T4-E033,val_cold,area_only,5671800.0,15.639662839807043,6197539.025257055,0.09269350563437616
T4-E033,val_cold,area_only,26427000.0,16.899592902181,21847409.239057273,0.1732921164317829
T4-E033,val_cold,area_only,1066740.0,13.665980552462587,861112.5995164968,0.1927624355358412
T4-E033,val_cold,area_only,1066740.0,13.665980552462587,861112.5995164968,0.1927624355358412
T4-E033,val_cold,area_only,7300200.0,15.644822571427992,6229599.303425348,0.14665361176058897
T4-E033,val_cold,area_only,7300200.0,15.644822571427992,6229599.303425348,0.14665361176058897
T4-E033,val_cold,area_only,7452000.0,14.919718305421599,3016833.427823462,0.5951645963736633
T4-E033,val_cold,area_only,3739800.0,15.219665926413304,4072085.876131219,0.08885124234751025
T4-E033,val_cold,area_only,3739800.0,15.219665926413304,4072085.876131219,0.08885124234751025
T4-E033,val_cold,area_only,3739800.0,15.219665926413304,4072085.876131219,0.08885124234751025
T4-E033,val_cold,area_only,3739800.0,15.219665926413304,4072085.876131219,0.08885124234751025
T4-E033,val_cold,area_only,473340.0,13.12435024958306,500994.4236585788,0.05842401584184471
T4-E033,val_cold,area_only,2525400.0,14.578383095344192,2144427.3292841036,0.15085636759162763
T4-E033,val_cold,area_only,7741800.0,15.332548493250837,4558702.006397345,0.4111573527606829
T4-E033,val_cold,area_only,2566800.0,14.5644801901752,2114819.8513649926,0.17608701442847416
T4-E033,val_cold,area_only,2566800.0,14.5644801901752,2114819.8513649926,0.17608701442847416
T4-E033,val_cold,area_only,1380000.0,14.424262916188058,1838136.6315036896,0.3319830663070214
T4-E033,val_cold,area_only,1511100.0,14.827721681200497,2751678.5938804005,0.8209771649000069
T4-E033,val_cold,area_only,1035000.0,14.535030904642067,2053448.0312203295,0.9840077596331686
T4-E033,val_cold,area_only,1108140.0,14.535030904642067,2053448.0312203295,0.8530583060085634
T4-E033,val_cold,area_only,1511100.0,14.827721681200497,2751678.5938804005,0.8209771649000069
T4-E033,val_cold,area_only,1987200.0,15.0274340884533,3359941.390397925,0.690791762478827
T4-E033,val_cold,area_only,1035000.0,14.535030904642067,2053448.0312203295,0.9840077596331686
T4-E033,val_cold,area_only,890100.0,14.535030904642067,2053448.0312203295,1.3069857670153122
T4-E033,val_cold,area_only,1121940.0,14.5644801901752,2114819.8513649926,0.8849669780603174
T4-E033,val_cold,area_only,1121940.0,14.5644801901752,2114819.8513649926,0.8849669780603174
T4-E033,val_cold,area_only,2463300.0,15.35873461270754,4679653.434560807,0.8997496994116865
T4-E033,val_cold,area_only,1814700.0,15.0274340884533,3359941.390397925,0.8515134129045709
T4-E033,val_cold,area_only,1814700.0,15.0274340884533,3359941.390397925,0.8515134129045709
T4-E033,val_cold,area_only,2898000.0,15.35873461270754,4679653.434560807,0.6147872444999335
T4-E033,val_cold,area_only,863880.0,13.516143677879626,741287.3959573202,0.14190929763703267
T4-E033,val_cold,area_only,661020.0,13.365045922575257,637331.9558343476,0.03583559372734919
T4-E033,val_cold,area_only,761760.0,13.784560287425355,969523.7857725923,0.27274178976658303
T4-E033,val_cold,area_only,6168600.0,15.751252978975064,6929186.519865258,0.12329969845106793
T4-E033,val_cold,area_only,2380500.0,14.888365402159064,2923714.345900521,0.22819338202080283
T4-E033,val_cold,area_only,6168600.0,15.751252978975064,6929186.519865258,0.12329969845106793
T4-E033,val_cold,area_only,3753600.0,15.219665926413304,4072085.876131219,0.08484811278005618
T4-E033,val_cold,area_only,6168600.0,15.751252978975064,6929186.519865258,0.12329969845106793
T4-E033,val_cold,area_only,3753600.0,15.219665926413304,4072085.876131219,0.08484811278005618
T4-E033,val_cold,area_only,3753600.0,15.219665926413304,4072085.876131219,0.08484811278005618
T4-E033,val_cold,area_only,3739800.0,15.219665926413304,4072085.876131219,0.08885124234751025
T4-E033,val_cold,area_only,1080540.0,14.024058037618227,1231887.418260759,0.14006646515701313
T4-E033,val_cold,area_only,5526900.0,15.78602791345659,7174387.23701681,0.2980852262600753
T4-E033,val_cold,area_only,11557500.0,16.120160633371615,10020671.159578033,0.13297242832982628
T4-E033,val_cold,area_only,11681700.0,16.305686467597663,12063398.001729479,0.032674867675892984
T4-E033,val_cold,area_only,3739800.0,15.219665926413304,4072085.876131219,0.08885124234751025
T4-E033,val_cold,area_only,2231460.0,14.161400077789619,1413246.471475409,0.36667183302617606
T4-E033,val_cold,area_only,4393920.0,15.082034876301377,3548497.6556991595,0.19240731381109363
T4-E033,val_cold,area_only,4393920.0,15.082034876301377,3548497.6556991595,0.19240731381109363
T4-E033,val_cold,area_only,1407600.0,14.548933809811059,2082196.3036574156,0.47925284431473114
T4-E033,val_cold,area_only,4305600.0,15.228533431266696,4108355.6911158054,0.04581110852940231
T4-E033,val_cold,area_only,4347000.0,15.412210709903087,4936715.10709301,0.1356602500789073
T4-E033,val_cold,area_only,5375100.0,15.570899652774736,5785698.48930841,0.07638899542490564
T4-E033,val_cold,area_only,4347000.0,15.412210709903087,4936715.10709301,0.1356602500789073
T4-E033,val_cold,area_only,1773300.0,14.472128245708348,1928259.3171570203,0.08738471615463843
T4-E033,val_cold,area_only,1773300.0,14.472128245708348,1928259.3171570203,0.08738471615463843
T4-E033,val_cold,area_only,1773300.0,14.472128245708348,1928259.3171570203,0.08738471615463843
T4-E033,val_cold,area_only,2829000.0,15.082257403810699,3549287.381908963,0.25460847716824425
T4-E033,val_cold,area_only,6186540.0,15.604852219794916,5985510.678867891,0.03249462884457363
T4-E033,val_cold,area_only,7493400.0,16.00905244692831,8966916.7596727,0.19664194620235134
T4-E033,val_cold,area_only,7493400.0,16.00905244692831,8966916.7596727,0.19664194620235134
T4-E033,val_cold,area_only,645840.0,13.445659121257627,690836.9560273403,0.06967198691214582
T4-E033,val_cold,area_only,661020.0,13.413120653859337,668719.9581958397,0.011648600943753078
T4-E033,val_cold,area_only,957720.0,14.246265074643514,1538417.8476769922,0.606333633710262
T4-E033,val_cold,area_only,661020.0,13.413120653859337,668719.9581958397,0.011648600943753078
T4-E033,val_cold,area_only,964620.0,14.277084053911805,1586568.4810154752,0.6447600931096963
T4-E033,val_cold,area_only,659640.0,13.871890319779876,1057999.3952256776,0.6039042435656989
T4-E033,val_cold,area_only,659640.0,13.687231276901192,879607.6870677294,0.3334662650350637
T4-E033,val_cold,area_only,1101240.0,14.539905125348861,2063481.4227523538,0.873779941477202
T4-E033,val_cold,area_only,903900.0,14.274930989082184,1583156.170999758,0.75147269720075
T4-E033,val_cold,area_only,903900.0,14.274930989082184,1583156.170999758,0.75147269720075
T4-E033,val_cold,area_only,4664400.0,15.556986890274622,5705760.806749225,0.2232571835068229
T4-E033,val_cold,area_only,1090200.0,14.548933809811059,2082196.3036574156,0.9099213939253491
T4-E033,val_cold,area_only,485760.0,13.23675698811963,560596.6758799105,0.15406100930482228
T4-E033,val_cold,area_only,1090200.0,14.548933809811059,2082196.3036574156,0.9099213939253491
T4-E033,val_cold,area_only,2753100.0,15.451981384425308,5137008.090657583,0.8658995643665626
T4-E033,val_cold,area_only,17512200.0,15.05378428139393,3449653.2661580266,0.8030142834048248
T4-E033,val_cold,area_only,487140.0,13.641875924505632,840603.9701232287,0.7255901180835668
T4-E033,val_cold,area_only,500940.0,13.641875924505632,840603.9701232287,0.678053200230025
T4-E033,val_cold,area_only,3676320.0,15.372637517876532,4745168.582644662,0.29073872313744775
T4-E033,val_cold,area_only,529920.0,13.641875924505632,840603.9701232287,0.5862846658424455
T4-E033,val_cold,area_only,891480.0,14.258869330662616,1557931.1772592908,0.7475783834290066
T4-E033,val_cold,area_only,12185400.0,16.199148474044023,10844281.778964385,0.11005943350531083
T4-E033,val_cold,area_only,22383600.0,16.21695920738438,11039156.67083755,0.5068194271324743
T4-E033,val_cold,area_only,1283400.0,14.117416641461114,1352434.2048535773,0.0537900926083663
T4-E033,val_cold,area_only,1642200.0,14.478950189502244,1941458.7655957732,0.18223040165374085
T4-E033,val_cold,area_only,2435700.0,15.317908271572563,4492447.770196321,0.844417526869615
T4-E033,val_cold,area_only,22397400.0,16.30165955691035,12014917.454321662,0.46355749085511433
T4-E033,val_cold,area_only,3270600.0,15.508531484217006,5435877.31066796,0.6620428394386229
T4-E033,val_cold,area_only,3118800.0,15.002297633114658,3276537.0104159825,0.0505761864871048
T4-E033,val_cold,area_only,3132600.0,15.14696499507123,3786546.6784998067,0.20875524436564089
T4-E033,val_cold,area_only,1614600.0,14.201691679728771,1471351.1403970378,0.08872095850548876
T4-E033,val_cold,area_only,3118800.0,15.013265416986032,3312671.153708967,0.0621620987908705
T4-E033,val_cold,area_only,3160200.0,14.94513533574782,3094495.158925487,0.020791355317547246
T4-E033,val_cold,area_only,3105000.0,14.865744038796533,2858318.402720573,0.07944656917211823
T4-E033,val_cold,area_only,3105000.0,14.865744038796533,2858318.402720573,0.07944656917211823
T4-E033,val_cold,area_only,407100.0,13.399217748690345,659487.1382601965,0.6199634936384096
T4-E033,val_cold,area_only,313260.0,13.184524745763959,532067.0242198555,0.6984837649870892
T4-E033,val_cold,area_only,498180.0,13.641875924505632,840603.9701232287,0.6873498938601083
T4-E033,val_cold,area_only,500940.0,13.641875924505632,840603.9701232287,0.678053200230025
T4-E033,val_cold,area_only,420900.0,13.399217748690345,659487.1382601965,0.5668499364699372
T4-E033,val_cold,area_only,673440.0,13.655778829674624,852372.4257049544,0.26569913534235334
T4-E033,val_cold,area_only,284280.0,12.983730867157586,435273.94355524814,0.5311451511019001
T4-E033,val_cold,area_only,471960.0,13.641875924505632,840603.9701232287,0.7810915546301143
T4-E033,val_cold,area_only,673440.0,13.64994539950166,847414.6451705057,0.258337261182148
T4-E033,val_cold,area_only,2787600.0,15.1968145561227,3980088.2728499677,0.4277831370533677
T4-E033,val_cold,area_only,1159200.0,13.990702890861538,1191475.3544832228,0.0278427833706201
T4-E033,val_cold,area_only,1352400.0,14.424262916188058,1838136.6315036896,0.3591663941908382
T4-E033,val_cold,area_only,7769400.0,15.878897536621007,7872588.996467941,0.013281462721438134
T4-E033,val_cold,area_only,1914060.0,15.327578060524344,4536099.503397986,1.3698836522355549
T4-E033,val_cold,area_only,1449000.0,14.151491294659696,1399312.0691767153,0.03429118759370923
T4-E033,val_cold,area_only,659640.0,14.030554557742002,1239916.451814134,0.8796865742134102
T4-E033,val_cold,area_only,4485000.0,15.359119677452435,4681455.751098794,0.043802843054357624
T4-E033,val_cold,area_only,5299200.0,15.20998667643716,4032861.2775976714,0.23896790504270995
T4-E033,val_cold,area_only,814200.0,14.044457462910994,1257275.2821395325,0.5441848220824521
T4-E033,val_cold,area_only,834900.0,13.874376976575993,1060633.5503746555,0.2703719611626009
T4-E033,val_cold,area_only,1352400.0,14.424262916188058,1838136.6315036896,0.3591663941908382
T4-E033,val_cold,area_only,538200.0,13.824403027080656,1008932.1245777063,0.8746416287211192
T4-E033,val_cold,area_only,1186800.0,14.902268307328056,2964646.3467431306,1.4980168071647544
T4-E033,val_cold,area_only,703800.0,14.226799471147208,1508761.194594367,1.1437357126944685
T4-E033,val_cold,area_only,1393800.0,14.84953468004448,2812360.3756368244,1.0177646546397077
T4-E033,val_cold,area_only,1173000.0,14.653303939370021,2311261.2735805316,0.9703847174599587
T4-E033,val_cold,area_only,814200.0,13.990702890861538,1191475.3544832228,0.4633693864937642
T4-E033,val_cold,area_only,883200.0,14.212896565978216,1487930.1721837928,0.6847035464037509
T4-E033,val_cold,area_only,2635800.0,15.40199376191877,4886533.732396742,0.8539091480373102
T4-E033,val_cold,area_only,738300.0,13.810500121911664,995002.0952442857,0.34769347859174543
T4-E033,val_cold,area_only,1449000.0,14.739392713410286,2519050.7787040807,0.7384753476218638
T4-E033,val_cold,area_only,5009400.0,15.579627404029315,5836415.627900052,0.16509275120773984
T4-E033,val_cold,area_only,6058200.0,15.332233843092908,4557267.835733928,0.2477521647132931
T4-E033,val_cold,area_only,12392400.0,16.43280841774065,13698657.834858533,0.10540797866906595
T4-E033,val_cold,area_only,1600800.0,14.733722456610801,2504807.533489058,0.5647223472570326
T4-E033,val_cold,area_only,634800.0,13.520579965283456,744583.2652008277,0.17294150157660323
T4-E033,val_cold,area_only,883200.0,14.212896565978216,1487930.1721837928,0.6847035464037509
T4-E033,val_cold,area_only,1600800.0,14.733722456610801,2504807.533489058,0.5647223472570326
T4-E033,val_cold,area_only,1545600.0,14.630755654991376,2259729.457453463,0.46204028044349327
T4-E033,val_cold,area_only,952200.0,13.8386704511442,1023430.1659691631,0.0748058873862246
T4-E033,val_cold,area_only,1600800.0,14.733722456610801,2504807.533489058,0.5647223472570326
T4-E033,val_cold,area_only,579600.0,12.532368027556661,277164.93122340814,0.5217996355703793
T4-E033,val_cold,area_only,1173000.0,14.653303939370021,2311261.2735805316,0.9703847174599587
T4-E033,val_cold,area_only,510600.0,12.532368027556661,277164.93122340814,0.4571779647015117
T4-E033,val_cold,area_only,510600.0,12.532368027556661,277164.93122340814,0.4571779647015117
T4-E033,val_cold,area_only,510600.0,12.532368027556661,277164.93122340814,0.4571779647015117
T4-E033,val_cold,area_only,952200.0,14.105640425740717,1336601.0581620585,0.4036978136547558
T4-E033,val_cold,area_only,1090200.0,14.433235330808934,1854703.366156611,0.7012505651775921
T4-E033,val_cold,area_only,1021200.0,14.120297099083427,1356335.4502562552,0.3281780750648798
T4-E033,val_cold,area_only,1242000.0,14.653303939370021,2311261.2735805316,0.8609188998232944
T4-E033,val_cold,area_only,1090200.0,14.408092189156044,1808651.6649659327,0.659009048767137
T4-E033,val_cold,area_only,1945800.0,14.817269482346754,2723067.2880425686,0.39945898244555894
T4-E033,val_cold,area_only,1876800.0,14.953767308475248,3121322.3760692747,0.6631086829013613
T4-E033,val_cold,area_only,1821600.0,14.835631774875488,2773530.9424426258,0.5225795687541863
T4-E033,val_cold,area_only,1435200.0,14.408092189156044,1808651.6649659327,0.26020879665965213
T4-E033,val_cold,area_only,634800.0,13.810500121911664,995002.0952442857,0.5674261109708344
T4-E033,val_cold,area_only,2083800.0,14.817269482346754,2723067.2880425686,0.3067795796345948
T4-E033,val_cold,area_only,1449000.0,14.645020812509586,2292195.872817044,0.5819157162298442
T4-E033,val_cold,area_only,1159200.0,14.46269297700412,1910151.2340213463,0.6478185248631352
T4-E033,val_cold,area_only,1449000.0,14.52671861350656,2036449.9178591503,0.40541747264261585
T4-E033,val_cold,area_only,634800.0,13.520579965283456,744583.2652008277,0.17294150157660323
T4-E033,val_cold,area_only,4485000.0,15.968355748962054,8609318.739679137,0.9195805439641331
T4-E033,val_cold,area_only,1159200.0,14.408092189156044,1808651.6649659327,0.5602585101500455
T4-E033,val_cold,area_only,745200.0,13.755641428072497,941887.7904758251,0.2639396007458737
T4-E033,val_cold,area_only,910800.0,13.810500121911664,995002.0952442857,0.09244850158573303
T4-E033,val_cold,area_only,745200.0,13.755641428072497,941887.7904758251,0.2639396007458737
T4-E033,val_cold,area_only,745200.0,13.755641428072497,941887.7904758251,0.2639396007458737
T4-E033,val_cold,area_only,848700.0,13.990702890861538,1191475.3544832228,0.40388282606718845
T4-E033,val_cold,area_only,4126200.0,15.76300983835929,7011132.762746173,0.6991742433101092
T4-E033,val_cold,area_only,1304100.0,14.408092189156044,1808651.6649659327,0.3868964534667071
T4-E033,val_cold,area_only,1186800.0,14.408092189156044,1808651.6649659327,0.523973428518649
T4-E033,val_cold,area_only,1545600.0,14.408092189156044,1808651.6649659327,0.17019388261253413
T4-E033,val_cold,area_only,1449000.0,14.590420024661508,2170395.6252043317,0.4978575743301116
T4-E033,val_cold,area_only,1614600.0,14.739392713410286,2519050.7787040807,0.5601701837632111
T4-E033,val_cold,area_only,3187800.0,15.40199376191877,4886533.732396742,0.5328859189399405
T4-E033,val_cold,area_only,1304100.0,14.408092189156044,1808651.6649659327,0.3868964534667071
T4-E033,val_cold,area_only,4167600.0,15.488082535959034,5325848.161116109,0.2779173051915033
T4-E033,val_cold,area_only,931500.0,13.810500121911664,995002.0952442857,0.06817186821716119
T4-E033,val_cold,area_only,2290800.0,15.052330945135793,3444643.4013791964,0.5036857872268188
T4-E033,val_cold,area_only,1186800.0,14.41824247658098,1827103.4864412397,0.5395209693640375
T4-E033,val_cold,area_only,2166600.0,15.233568831582296,4129095.0783970584,0.9057948298703307
T4-E033,val_cold,area_only,3594900.0,15.637055224707812,6181399.2811822845,0.7194913018949858
T4-E033,val_cold,area_only,1211640.0,14.02906901634366,1238075.872061676,0.021818256298633352
T4-E033,val_cold,area_only,2346000.0,15.017811671148666,3327765.6845193757,0.4184849465129479
T4-E033,val_cold,area_only,924600.0,13.810500121911664,995002.0952442857,0.07614330006952806
T4-E033,val_cold,area_only,966000.0,13.810500121911664,995002.0952442857,0.03002287292369115
T4-E033,val_cold,area_only,6679200.0,16.30632955097291,12071158.267414877,0.807276061117331
T4-E033,val_cold,area_only,966000.0,13.810500121911664,995002.0952442857,0.03002287292369115
T4-E033,val_cold,area_only,11205600.0,14.556796232673628,2098631.9387686113,0.8127157904290168
T4-E033,val_cold,area_only,1731900.0,14.536347078052628,2056152.5043063583,0.18722357197664893
T4-E033,val_cold,area_only,1731900.0,14.536347078052628,2056152.5043063583,0.18722357197664893
T4-E033,val_cold,area_only,966000.0,13.810500121911664,995002.0952442857,0.03002287292369115
T4-E033,val_cold,area_only,1738800.0,14.753295618579278,2554317.4896059395,0.4690116687404759
T4-E033,val_cold,area_only,731400.0,13.799819085763906,984430.9975359625,0.345954330784745
T4-E033,val_cold,area_only,731400.0,13.799819085763906,984430.9975359625,0.345954330784745
T4-E033,val_cold,area_only,993600.0,13.961490612773916,1157173.1077827152,0.16462671878292595
T4-E033,val_cold,area_only,993600.0,13.961490612773916,1157173.1077827152,0.16462671878292595
T4-E033,val_cold,area_only,993600.0,13.961490612773916,1157173.1077827152,0.16462671878292595
T4-E033,val_cold,area_only,938400.0,13.810500121911664,995002.0952442857,0.060317663303799715
T4-E033,val_cold,area_only,966000.0,13.810500121911664,995002.0952442857,0.03002287292369115
T4-E033,val_cold,area_only,4650600.0,15.433854911142394,5044731.105500688,0.08474844224415944
T4-E033,val_cold,area_only,1849200.0,14.739392713410286,2519050.7787040807,0.3622381455245948
T4-E033,val_cold,area_only,1683600.0,14.51646485770061,2015675.3483902125,0.1972412380554838
T4-E033,val_cold,area_only,938400.0,13.755641428072497,941887.7904758251,0.0037167417687820553
T4-E033,val_cold,area_only,855600.0,13.755641428072497,941887.7904758251,0.10085062000447065
T4-E033,val_cold,area_only,1849200.0,14.739392713410286,2519050.7787040807,0.3622381455245948
T4-E033,val_cold,area_only,2049300.0,14.51646485770061,2015675.3483902125,0.016407871765865167
T4-E033,val_cold,area_only,1697400.0,14.590420024661508,2170395.6252043317,0.2786589049159489
T4-E033,val_cold,area_only,3988200.0,15.523573369967092,5518261.207376455,0.3836470606730994
T4-E033,val_cold,area_only,1932000.0,14.565787007725937,2117585.3416654663,0.0960586654583159
T4-E033,val_cold,area_only,1932000.0,14.565787007725937,2117585.3416654663,0.0960586654583159
T4-E033,val_cold,area_only,1683600.0,14.536347078052628,2056152.5043063583,0.2212832646153233
T4-E033,val_cold,area_only,15814800.0,16.21379046799096,11004231.823317703,0.30418141087350437
T4-E033,val_cold,area_only,966000.0,13.810500121911664,995002.0952442857,0.03002287292369115
T4-E033,val_cold,area_only,2387400.0,14.739392713410286,2519050.7787040807,0.05514399711153587
T4-E033,val_cold,area_only,1159200.0,14.02906901634366,1238075.872061676,0.06804336789309534
T4-E033,val_cold,area_only,1159200.0,14.02906901634366,1238075.872061676,0.06804336789309534
T4-E033,val_cold,area_only,1090200.0,14.02906901634366,1238075.872061676,0.13564104940531657
T4-E033,val_cold,area_only,7507200.0,16.30632955097291,12071158.267414877,0.607944142611743
T4-E033,val_cold,area_only,1035000.0,13.810500121911664,995002.0952442857,0.038645318604554925
T4-E033,val_cold,area_only,1821600.0,14.51646485770061,2015675.3483902125,0.1065411442634017
T4-E033,val_cold,area_only,2758302.0,14.659701798265067,2326095.801084076,0.15669284904840874
T4-E033,val_cold,area_only,2758302.0,14.662474459377183,2332554.225828858,0.1543513995824757
T4-E033,val_cold,area_only,2242527.0,14.5644801901752,2114819.8513649926,0.05694787560417665
T4-E033,val_cold,area_only,7235878.0,15.462142701472725,5189472.963217806,0.28281364566707645
T4-E033,val_cold,area_only,1499618.0,14.261028083913192,1561297.9990135669,0.041130473903065234
T4-E033,val_cold,area_only,3645532.0,14.917941911494372,3011479.100348227,0.17392602771057086
T4-E033,val_cold,area_only,17744688.0,16.06750888955478,9506714.435053706,0.46425012177989794
T4-E033,val_cold,area_only,2772102.0,14.766186506207553,2587458.056063975,0.06660791844456834
T4-E033,val_cold,area_only,17813688.0,16.185725415138553,10699690.942522148,0.39935565602574
T4-E033,val_cold,area_only,1141963.0,13.807396767315762,991919.037304452,0.1313912645992453
T4-E033,val_cold,area_only,1141260.0,13.807396767315762,991919.037304452,0.13085621391755425
T4-E033,val_cold,area_only,5406205.0,15.171680161655921,3881297.8832455473,0.28206609197291865
T4-E033,val_cold,area_only,3645532.0,14.95721138292381,3132090.9759959,0.1408411787371774
T4-E033,val_cold,area_only,1843472.0,14.410360011019065,1812758.0192344068,0.01666094237698931
T4-E033,val_cold,area_only,8666400.0,15.563580989376511,5743509.481428832,0.3372669757420807
T4-E033,val_cold,area_only,10046400.0,15.644122710460104,6225240.975317056,0.38035107348731323
T4-E033,val_cold,area_only,1311000.0,13.819776188727916,1004274.7415163106,0.23396282111646788
T4-E033,val_cold,area_only,15525000.0,16.920626249633454,22311800.1153625,0.4371529864967793
T4-E033,val_cold,area_only,2056200.0,14.40928217745678,1810805.220386093,0.11934382823358962
T4-E033,val_cold,area_only,11247000.0,14.862425567672753,2848848.8765032943,0.7467014424732555
T4-E033,val_cold,area_only,2746200.0,15.219665926413304,4072085.876131219,0.48280747073454916
T4-E033,val_cold,area_only,2746200.0,15.196647851316007,3979424.8283050545,0.4490659195634165
T4-E033,val_cold,area_only,5188800.0,15.681770263299915,6464073.587350162,0.24577428063331824
T4-E033,val_cold,area_only,16311600.0,16.185725415138553,10699690.942522148,0.3440440580616158
T4-E033,val_cold,area_only,745200.0,13.799819085763906,984430.9975359625,0.3210292505850275
T4-E033,val_cold,area_only,1145400.0,13.990702890861538,1191475.3544832228,0.04022643136303721
T4-E033,val_cold,area_only,1145400.0,13.990702890861538,1191475.3544832228,0.04022643136303721
T4-E033,val_cold,area_only,828000.0,13.799819085763906,984430.9975359625,0.18892632552652475
T4-E033,val_cold,area_only,745200.0,13.755641428072497,941887.7904758251,0.2639396007458737
T4-E033,val_cold,area_only,1890600.0,14.536347078052628,2056152.5043063583,0.08756611885452147
T4-E033,val_cold,area_only,1117800.0,14.83471166500364,2770980.1629212773,1.4789588145654655
T4-E033,val_cold,area_only,1159200.0,13.990702890861538,1191475.3544832228,0.0278427833706201
T4-E033,val_cold,area_only,1104000.0,14.111696156807318,1344719.712095535,0.21804321747783958
T4-E033,val_cold,area_only,1324800.0,14.033119984119654,1243101.44987791,0.06166859157766449
T4-E033,val_cold,area_only,1407600.0,14.033119984119654,1243101.44987791,0.11686455677897835
T4-E033,val_cold,area_only,1145400.0,13.990702890861538,1191475.3544832228,0.04022643136303721
T4-E033,val_cold,area_only,1145400.0,13.990702890861538,1191475.3544832228,0.04022643136303721
T4-E033,val_cold,area_only,1145400.0,13.990702890861538,1191475.3544832228,0.04022643136303721
T4-E033,val_cold,area_only,2332200.0,14.739392713410286,2519050.7787040807,0.08011781952837696
T4-E033,val_cold,area_only,1145400.0,13.990702890861538,1191475.3544832228,0.04022643136303721
T4-E033,val_cold,area_only,371220.0,13.419084823625095,672720.2348589142,0.8121874760490118
T4-E033,val_cold,area_only,7631400.0,15.979697311251435,8707517.676496694,0.14101182961143352
T4-E033,val_cold,area_only,1504200.0,14.269269787832204,1574218.9269434721,0.04654894757576926
T4-E033,val_cold,area_only,4857600.0,15.17618202472368,3898810.344615892,0.1973792933514715
T4-E033,val_cold,area_only,1145400.0,13.990702890861538,1191475.3544832228,0.04022643136303721
T4-E033,val_cold,area_only,1076400.0,13.810500121911664,995002.0952442857,0.07562049865822588
T4-E033,val_cold,area_only,2056200.0,14.40928217745678,1810805.220386093,0.11934382823358962
T4-E033,val_cold,area_only,1145400.0,13.990702890861538,1191475.3544832228,0.04022643136303721
T4-E033,val_cold,area_only,4733400.0,15.446688226772872,5109888.933277199,0.07953879521637704
T4-E033,val_cold,area_only,3919200.0,16.346656191090077,12567896.090373313,2.206750380274881
T4-E033,val_cold,area_only,1766400.0,15.346568074612055,4623063.204431596,1.6172232814943366
T4-E033,val_cold,area_only,1642200.0,14.269269787832204,1574218.9269434721,0.04139634213648026
T4-E033,val_cold,area_only,869400.0,13.755641428072497,941887.7904758251,0.08337680063932032
T4-E033,val_cold,area_only,745200.0,13.799819085763906,984430.9975359625,0.3210292505850275
T4-E033,val_cold,area_only,1021200.0,13.810500121911664,995002.0952442857,0.025654039126238103
T4-E033,val_cold,area_only,1821600.0,14.51646485770061,2015675.3483902125,0.1065411442634017
T4-E033,val_cold,area_only,1145400.0,13.990702890861538,1191475.3544832228,0.04022643136303721
T4-E033,val_cold,area_only,1145400.0,13.990702890861538,1191475.3544832228,0.04022643136303721
T4-E033,val_cold,area_only,2056200.0,14.40928217745678,1810805.220386093,0.11934382823358962
T4-E033,val_cold,area_only,2704800.0,15.009217811151888,3299289.865978682,0.21979069283447278
T4-E033,val_cold,area_only,1145400.0,13.990702890861538,1191475.3544832228,0.04022643136303721
T4-E033,val_cold,area_only,1007400.0,13.810500121911664,995002.0952442857,0.01230683418276191
T4-E033,val_cold,area_only,1007400.0,13.810500121911664,995002.0952442857,0.01230683418276191
T4-E033,val_cold,area_only,1959600.0,14.536347078052628,2056152.5043063583,0.049271537204714375
T4-E033,val_cold,area_only,2111400.0,14.653303939370021,2311261.2735805316,0.09465817636664374
T4-E033,val_cold,area_only,1007400.0,13.810500121911664,995002.0952442857,0.01230683418276191
T4-E033,val_cold,area_only,16918800.0,15.455799331031606,5156658.401312534,0.6952113387880622
T4-E033,val_cold,area_only,11247000.0,14.889437343988323,2926850.0779656195,0.7397661529327271
T4-E033,val_cold,area_only,5409600.0,15.744733255457982,6884157.088782461,0.27258153815115005
T4-E033,val_cold,area_only,1435200.0,14.151491294659696,1399312.0691767153,0.025005525935956428
T4-E033,val_cold,area_only,2097600.0,14.535030904642067,2053448.0312203295,0.021048802812581303
T4-E033,val_cold,area_only,1269600.0,14.548933809811059,2082196.3036574156,0.6400411969576367
T4-E033,val_cold,area_only,8183400.0,16.093403616896918,9756103.205162311,0.19218212542003457
T4-E033,val_cold,area_only,8583600.0,16.093403616896918,9756103.205162311,0.13659807134096544
T4-E033,val_cold,area_only,4981800.0,15.155315739125271,3818299.5562145263,0.23355021152705321
T4-E033,val_cold,area_only,1462800.0,15.035161889120591,3386006.932657131,1.3147435962928158
T4-E033,val_cold,area_only,2277000.0,15.19053387019625,3955168.925661344,0.7370087508394133
T4-E033,val_cold,area_only,4388400.0,15.77460737840541,7092917.992776947,0.6162879392892505
T4-E033,val_cold,area_only,661020.0,13.874376976575993,1060633.5503746555,0.6045407860195691
T4-E033,val_cold,area_only,1242000.0,14.030554557742002,1239916.451814134,0.0016775750288776918
T4-E033,val_cold,area_only,1242000.0,14.030554557742002,1239916.451814134,0.0016775750288776918
T4-E033,val_cold,area_only,11237436.0,16.12595335439169,10078886.562044442,0.10309731134002083
T4-E033,val_cold,area_only,772800.0,13.406778922750972,664492.5347934563,0.14014941149915072
T4-E033,val_cold,area_only,772800.0,13.406778922750972,664492.5347934563,0.14014941149915072
T4-E033,val_cold,area_only,4554000.0,15.53892952135023,5603654.439496959,0.23049065425932336
T4-E033,val_cold,area_only,848700.0,14.082581839116012,1306133.545715961,0.5389814371579603
T4-E033,val_cold,area_only,992220.0,14.082581839116012,1306133.545715961,0.3163749427707171
T4-E033,val_cold,area_only,545100.0,13.690643282180744,882614.0390677802,0.6191782041236108
T4-E033,val_cold,area_only,545100.0,13.690643282180744,882614.0390677802,0.6191782041236108
T4-E033,val_cold,area_only,558900.0,14.030554557742002,1239916.451814134,1.2184942777136052
T4-E033,val_cold,area_only,1504200.0,14.082581839116012,1306133.545715961,0.13167561114482057
T4-E033,val_cold,area_only,1545600.0,14.499455462019432,1981679.8697243847,0.28214277285480377
T4-E033,val_cold,area_only,3146400.0,15.15378321727457,3812452.4102959447,0.2116871377752176
T4-E033,val_cold,area_only,1269600.0,13.874376976575993,1060633.5503746555,0.16459235162676786
T4-E033,val_cold,area_only,821100.0,13.17000559626742,524397.674498681,0.36134736999308126
T4-E033,val_cold,area_only,7424400.0,15.835810815482734,7540588.71224111,0.015649576025148212
T4-E033,val_cold,area_only,717600.0,14.261028083913192,1561297.9990135669,1.1757218492385269
T4-E033,val_cold,area_only,485760.0,13.23675698811963,560596.6758799105,0.15406100930482228
T4-E033,val_cold,area_only,442980.0,13.641875924505632,840603.9701232287,0.8976115628769442
T4-E033,val_cold,area_only,2539200.0,15.082257403810699,3549287.381908963,0.3977974881494026
T4-E033,val_cold,area_only,471960.0,14.030554557742002,1239916.451814134,1.6271642762397955
T4-E033,val_cold,area_only,2325300.0,14.350664368477549,1707710.8859429054,0.2655954560947381
T4-E033,val_cold,area_only,1035000.0,14.667206844539013,2343618.931410661,1.2643661173049865
T4-E033,val_cold,area_only,538200.0,13.824403027080656,1008932.1245777063,0.8746416287211192
T4-E033,val_cold,area_only,538200.0,13.824403027080656,1008932.1245777063,0.8746416287211192
T4-E033,val_cold,area_only,193200.0,12.613802284057623,300680.12892145413,0.5563153670882719
T4-E033,val_cold,area_only,524400.0,12.599899378888631,296528.726746996,0.4345371343497407
T4-E033,val_cold,area_only,600300.0,13.76954433324149,955074.2195424872,0.5909948684699103
T4-E033,val_cold,area_only,655500.0,13.810242215920574,994745.5113314618,0.5175370119473102
T4-E033,val_cold,area_only,538200.0,13.534482870452448,755007.4309136397,0.40283803588561823
T4-E033,val_cold,area_only,1738800.0,14.935623454084745,3065200.2329746983,0.762825070723889
T4-E033,val_cold,area_only,1035000.0,14.653303939370021,2311261.2735805316,1.2331026797879532
T4-E033,val_cold,area_only,883200.0,14.408092189156044,1808651.6649659327,1.0478392945719346
T4-E033,val_cold,area_only,1738800.0,15.070693237664528,3508479.2437404804,1.0177589393492525
T4-E033,val_cold,area_only,1738800.0,14.97632133676383,3192520.65514275,0.8360482258699966
T4-E033,val_cold,area_only,1738800.0,15.070693237664528,3508479.2437404804,1.0177589393492525
T4-E033,val_cold,area_only,966000.0,14.239667258819571,1528301.0611046264,0.5820921957604828
T4-E033,val_cold,area_only,800400.0,13.76954433324149,955074.2195424872,0.19324615135243275
T4-E033,val_cold,area_only,1311000.0,14.557064877904821,2099195.8019671794,0.6012172402495648
T4-E033,val_cold,area_only,2290800.0,15.070693237664528,3508479.2437404804,0.5315519660120833
T4-E033,val_cold,area_only,2263200.0,15.196647851316007,3979424.8283050545,0.7583177926409749
T4-E033,val_cold,area_only,1738800.0,14.888365402159064,2923714.345900521,0.681455225385623
T4-E033,val_cold,area_only,1449000.0,14.753295618579278,2554317.4896059395,0.7628140024885711
T4-E033,val_cold,area_only,2014800.0,15.070693237664528,3508479.2437404804,0.7413536051918207
T4-E033,val_cold,area_only,1159200.0,14.408092189156044,1808651.6649659327,0.5602585101500455
T4-E033,val_cold,area_only,1186800.0,14.41824247658098,1827103.4864412397,0.5395209693640375
T4-E033,val_cold,area_only,1449000.0,14.590420024661508,2170395.6252043317,0.4978575743301116
T4-E033,val_cold,area_only,6679200.0,16.30632955097291,12071158.267414877,0.807276061117331
T4-E033,val_cold,area_only,4319400.0,15.802875677970503,7296283.58085168,0.6891891422076398
T4-E033,val_cold,area_only,6706800.0,16.30632955097291,12071158.267414877,0.7998387110715807
T4-E033,val_cold,area_only,9991200.0,16.77846686926323,19355106.98059382,0.9372154476533169
T4-E033,val_cold,area_only,1932000.0,14.565787007725937,2117585.3416654663,0.0960586654583159
T4-E033,val_cold,area_only,8790600.0,15.813212903216845,7372098.088393052,0.16136576702465677
T4-E033,val_cold,area_only,8790600.0,15.758612115368768,6980367.441269971,0.2059282140843661
T4-E033,val_cold,area_only,8293800.0,16.090410175589927,9726942.549962584,0.17279685427217728
T4-E033,val_cold,area_only,7079400.0,16.090410175589927,9726942.549962584,0.3739783809309523
T4-E033,val_cold,area_only,1145400.0,13.990702890861538,1191475.3544832228,0.04022643136303721
T4-E033,val_cold,area_only,2056200.0,14.40928217745678,1810805.220386093,0.11934382823358962
T4-E033,val_cold,area_only,2049300.0,14.536347078052628,2056152.5043063583,0.0033438268220164374
T4-E033,val_cold,area_only,1173000.0,14.021965655043426,1229312.5332543505,0.04800727472664155
T4-E033,val_cold,area_only,2704800.0,15.024959954669843,3351638.7210861123,0.23914475047549258
T4-E033,val_cold,area_only,1173000.0,14.021965655043426,1229312.5332543505,0.04800727472664155
T4-E033,val_cold,area_only,5409600.0,15.639662839807043,6197539.025257055,0.14565569085645053
T4-E033,val_cold,area_only,1173000.0,14.032549888721505,1242392.965432951,0.059158538306011074
T4-E033,val_cold,area_only,676200.0,13.755641428072497,941887.7904758251,0.39291302939341183
T4-E033,val_cold,area_only,952200.0,14.421995094325036,1833972.788275457,0.92603737479044
T4-E033,val_cold,area_only,1380000.0,14.668296793597975,2346174.749262124,0.7001266299000898
T4-E033,val_cold,area_only,1242000.0,14.667206844539013,2343618.931410661,0.886971764420822
T4-E033,val_cold,area_only,772800.0,13.810500121911664,995002.0952442857,0.28752859115461393
T4-E033,val_cold,area_only,814200.0,13.755641428072497,941887.7904758251,0.15682607525893524
T4-E033,val_cold,area_only,6624000.0,15.655696034168228,6297706.227352995,0.0492593255807676
T4-E033,val_cold,area_only,3036000.0,15.88009077313454,7881988.463893178,1.5961753833640244
T4-E033,val_cold,area_only,29449200.0,15.88009077313454,7881988.463893178,0.7323530532614407
T4-E033,val_cold,area_only,4678200.0,15.666623549212305,6366901.886643036,0.3609725720668283
T4-E033,val_cold,area_only,4567800.0,15.07956074251792,3539729.0495939436,0.22506916905426164
T4-E033,val_cold,area_only,2297700.0,14.08515534559008,1309499.217783734,0.43008259660367587
T4-E033,val_cold,area_only,1380000.0,14.588129783042447,2165430.5825575385,0.5691525960561873
T4-E033,val_cold,area_only,4719600.0,15.372637517876532,4745168.582644662,0.0054175317070645585
T4-E033,val_cold,area_only,5892600.0,15.748429895708396,6909652.435496322,0.17259824788655634
T4-E033,val_cold,area_only,1807800.0,15.054198105700294,3451081.1119463593,0.90899497286556
T4-E033,val_cold,area_only,1697400.0,14.707904727218098,2440966.748541245,0.438062182479819
T4-E033,val_cold,area_only,1725000.0,14.707904727218098,2440966.748541245,0.4150531875601419
T4-E033,val_cold,area_only,1600800.0,14.46269297700412,1910151.2340213463,0.19324789731468411
T4-E033,val_cold,area_only,1373100.0,14.045303678709615,1258339.65862908,0.08357755543727328
T4-E033,val_cold,area_only,1338600.0,14.045303678709615,1258339.65862908,0.05995842026813085
T4-E033,val_cold,area_only,1145400.0,13.329969002917554,615363.8531102423,0.46275200531670835
T4-E033,val_cold,area_only,772800.0,13.329969002917554,615363.8531102423,0.20372172216583556
T4-E033,val_cold,area_only,1725000.0,14.707904727218098,2440966.748541245,0.4150531875601419
T4-E033,val_cold,area_only,1414500.0,14.045303678709615,1258339.65862908,0.11039967576593845
T4-E033,val_cold,area_only,28359000.0,16.307646612792364,12087067.203311786,0.573783729916013
T4-E033,val_cold,area_only,1090200.0,13.547373758080724,764803.1489644778,0.29847445517842797
T4-E033,val_cold,area_only,1393800.0,14.254152464280615,1550599.9279182202,0.11249815462635972
T4-E033,val_cold,area_only,2428800.0,14.905213166672977,2973389.680867668,0.22422170654959972
T4-E033,val_cold,area_only,1048800.0,13.810500121911664,995002.0952442857,0.051294722307126575
T4-E033,val_cold,area_only,1449000.0,14.667206844539013,2343618.931410661,0.6174043695035617
T4-E033,val_cold,area_only,1683600.0,14.548933809811059,2082196.3036574156,0.23675237803362767
T4-E033,val_cold,area_only,717600.0,13.655778829674624,852372.4257049544,0.1878099577828239
T4-E033,val_cold,area_only,1035000.0,14.044457462910994,1257275.2821395325,0.21475872670486232
T4-E033,val_cold,area_only,717600.0,13.655778829674624,852372.4257049544,0.1878099577828239
T4-E033,val_cold,area_only,717600.0,13.655778829674624,852372.4257049544,0.1878099577828239
T4-E033,val_cold,area_only,2001000.0,14.658425986769982,2323130.033604787,0.16098452454012355
T4-E033,val_cold,area_only,2470200.0,14.794013782324555,2660471.1318852166,0.07702660994462658
T4-E033,val_cold,area_only,1035000.0,14.044457462910994,1257275.2821395325,0.21475872670486232
T4-E033,val_cold,area_only,1035000.0,14.044457462910994,1257275.2821395325,0.21475872670486232
T4-E033,val_cold,area_only,3256800.0,15.041336993622291,3406980.5698634977,0.04611292368690056
T4-E033,val_cold,area_only,1683600.0,14.548933809811059,2082196.3036574156,0.23675237803362767
T4-E033,val_cold,area_only,1035000.0,14.044457462910994,1257275.2821395325,0.21475872670486232
T4-E033,val_cold,area_only,3256800.0,15.041336993622291,3406980.5698634977,0.04611292368690056
T4-E033,val_cold,area_only,1338600.0,14.111696156807318,1344719.712095535,0.0045717257549192395
T4-E033,val_cold,area_only,12972000.0,16.307019290204884,12079487.09087522,0.06880303030564142
T4-E033,val_cold,area_only,12972000.0,16.476261556640488,14307029.62542135,0.10291625234515502
T4-E033,val_cold,area_only,10384500.0,16.265458580189353,11587744.398399696,0.11586926654145079
T4-E033,val_cold,area_only,10384500.0,16.265458580189353,11587744.398399696,0.11586926654145079
T4-E033,val_cold,area_only,138165600.0,14.350922274468639,1708151.371610944,0.9876369271974288
T4-E033,val_cold,area_only,5216400.0,15.684118595191903,6479271.215060257,0.2420963145196414
T4-E033,val_cold,area_only,12972000.0,16.476261556640488,14307029.62542135,0.10291625234515502
T4-E033,val_cold,area_only,7845300.0,16.057816598608166,9415017.686421534,0.20008383190209858
T4-E033,val_cold,area_only,1018440.0,13.619933238730852,822359.7568799778,0.19252999010253155
T4-E033,val_cold,area_only,1435200.0,14.41824247658098,1827103.4864412397,0.27306541697410797
T4-E033,val_cold,area_only,5837400.0,15.59387711347657,5920178.233851971,0.014180668422923065
T4-E033,val_cold,area_only,3960600.0,15.338219859829431,4584629.52934653,0.15755934185389342
T4-E033,val_cold,area_only,1385520.0,14.589631692490144,2168685.3067465024,0.5652500914793741
T4-E033,val_cold,area_only,5210880.0,15.4912938823408,5342978.79581704,0.025350573380511526
T4-E033,val_cold,area_only,2677200.0,14.97254269934245,3180480.040012575,0.18798746451986226
T4-E033,val_cold,area_only,1407600.0,14.733722456610801,2504807.533489058,0.7794881596256449
T4-E033,val_cold,area_only,1449000.0,14.619080978023277,2233501.2468494144,0.541408727984413
T4-E033,val_cold,area_only,710700.0,13.476492647147353,712469.6880607671,0.0024900634033588488
T4-E033,val_cold,area_only,2139000.0,14.94296619000714,3087790.0227698,0.44356709806909767
T4-E033,val_cold,area_only,3850200.0,15.933498324469085,8314390.149210605,1.1594696766948742
T4-E033,val_cold,area_only,4278000.0,15.716799154208779,6694515.414031746,0.5648703632612777
T4-E033,val_cold,area_only,4609200.0,15.744932797721727,6885530.906134688,0.49386681118950976
T4-E033,val_cold,area_only,814200.0,13.755641428072497,941887.7904758251,0.15682607525893524
T4-E033,val_cold,area_only,15373200.0,16.129469331411368,10114386.066731196,0.3420767265936047
T4-E033,val_cold,area_only,12640800.0,15.852163801890589,7664913.628220083,0.3936369827684891
T4-E033,val_cold,area_only,1366200.0,14.41000081214739,1812106.995529766,0.32638485985197335
T4-E033,val_cold,area_only,5533800.0,15.436693094492723,5059069.314939998,0.08578746703169647
T4-E033,val_cold,area_only,7548600.0,15.7463321085996,6895172.648755965,0.08656272040431805
T4-E033,val_cold,area_only,2495040.0,14.739392713410286,2519050.7787040807,0.00962340431579483
T4-E033,val_cold,area_only,2495040.0,14.739392713410286,2519050.7787040807,0.00962340431579483
T4-E033,val_cold,area_only,1642200.0,14.461846761205502,1908535.517588167,0.16218214443317927
T4-E033,val_cold,area_only,1642200.0,14.461846761205502,1908535.517588167,0.16218214443317927
T4-E033,val_cold,area_only,10087800.0,15.658725476596985,6316813.693673307,0.3738165215732561
T4-E033,val_cold,area_only,14531400.0,16.322557645948656,12268648.279500755,0.15571464005527655
T4-E033,val_cold,area_only,7341600.0,15.725186057386319,6750897.772826959,0.08045960378841678
T4-E033,val_cold,area_only,1516620.0,14.410360011019065,1812758.0192344068,0.1952618449146172
T4-E033,val_cold,area_only,3007020.0,15.02630939780077,3356164.619970407,0.11610984295761481
T4-E033,val_cold,area_only,3007020.0,15.02824127773725,3362654.5939700627,0.11826811726229379
T4-E033,val_cold,area_only,1516620.0,14.40928217745678,1810805.220386093,0.1939742456159704
T4-E033,val_cold,area_only,1516620.0,14.40928217745678,1810805.220386093,0.1939742456159704
T4-E033,val_cold,area_only,4428420.0,15.130842177218485,3725986.389225616,0.15861946490495119
T4-E033,val_cold,area_only,959100.0,14.030554557742002,1239916.451814134,0.29279162945900733
T4-E033,val_cold,area_only,2993220.0,14.917941911494372,3011479.100348227,0.006100153128813516
T4-E033,val_cold,area_only,959100.0,14.030554557742002,1239916.451814134,0.29279162945900733
T4-E033,val_cold,area_only,4469820.0,15.35873461270754,4679653.434560807,0.046944493192300235
T4-E033,val_cold,area_only,1516620.0,14.40928217745678,1810805.220386093,0.1939742456159704
T4-E033,val_cold,area_only,14484480.0,16.06750888955478,9506714.435053706,0.34366201375170485
T4-E033,val_cold,area_only,4469820.0,15.35873461270754,4679653.434560807,0.046944493192300235
T4-E033,val_cold,area_only,4456020.0,15.268514382413665,4275939.415010674,0.04041287628631067
T4-E033,val_cold,area_only,3007020.0,14.958664629137955,3136645.9843217754,0.043107789213831425
T4-E033,val_cold,area_only,2993220.0,14.95721138292381,3132090.9759959,0.046395178435230326
T4-E033,val_cold,area_only,21321234.0,16.329053407394323,12348601.890641391,0.4208308069485382
T4-E033,val_cold,area_only,14622480.0,16.308654740779666,12099258.658284782,0.17255768800608504
T4-E033,val_cold,area_only,14622480.0,16.309208681445586,12105962.786356248,0.1720992070868794
T4-E033,val_cold,area_only,15732000.0,16.06750888955478,9506714.435053706,0.39570846459104336
T4-E033,val_cold,area_only,15773400.0,16.132226587661957,10142312.503413144,0.3569989663982943
T4-E033,val_cold,area_only,17250000.0,16.331277776542795,12376100.31169531,0.2825449094669386
T4-E033,val_cold,area_only,1338600.0,13.729701593586189,917769.5411494648,0.3143810390337182
T4-E033,val_cold,area_only,1352400.0,13.62525052701719,826744.1269320132,0.38868372749777197
T4-E033,val_cold,area_only,1338600.0,13.390189064228148,653559.6360216803,0.5117588256225307
T4-E033,val_cold,area_only,2332200.0,14.548933809811059,2082196.3036574156,0.1071965081650735
T4-E033,val_cold,area_only,5935380.0,14.283172693001196,1596257.9919206817,0.7310605231812147
T4-E033,val_cold,area_only,17912400.0,17.194883786658387,29352368.12455895,0.6386619394698059
T4-E033,val_cold,area_only,55641600.0,15.99514954175932,8843113.175219618,0.8410701134543288
T4-E033,val_cold,area_only,69441600.0,15.99514954175932,8843113.175219618,0.8726539541828008
T4-E033,val_cold,area_only,20989800.0,15.428787554716036,5019232.315206768,0.7608727898690427
T4-E033,val_cold,area_only,2097600.0,14.44511899531286,1876875.5210076757,0.10522715436323624
T4-E033,val_cold,area_only,2097600.0,14.44511899531286,1876875.5210076757,0.10522715436323624
T4-E033,val_cold,area_only,3995100.0,15.265529716643428,4263196.1915944135,0.06710625305860016
T4-E033,val_cold,area_only,2097600.0,14.44511899531286,1876875.5210076757,0.10522715436323624
T4-E033,val_cold,area_only,2263200.0,14.715955051562002,2460696.632006314,0.08726433015478707
T4-E033,val_cold,area_only,2967000.0,14.914642223520863,3001558.535364026,0.011647635781606405
T4-E033,val_cold,area_only,2097600.0,14.531866928490528,2046961.2380620188,0.024141286202317525
T4-E033,val_cold,area_only,3995100.0,15.265529716643428,4263196.1915944135,0.06710625305860016
T4-E033,val_cold,area_only,3995100.0,15.265529716643428,4263196.1915944135,0.06710625305860016
T4-E033,val_cold,area_only,1159200.0,14.087150676569582,1312114.7106598283,0.13191400160440672
T4-E033,val_cold,area_only,828000.0,13.799819085763906,984430.9975359625,0.18892632552652475
T4-E033,val_cold,area_only,828000.0,13.755641428072497,941887.7904758251,0.13754564067128633
T4-E033,val_cold,area_only,6734400.0,16.24032620298663,11300145.989078924,0.6779736857149745
T4-E033,val_cold,area_only,2111400.0,15.264587464285237,4259181.076852183,1.0172307837700971
T4-E033,val_cold,area_only,3443100.0,15.786224103662047,7175794.919605125,1.084108773955193
T4-E033,val_cold,area_only,2125200.0,15.323115170261742,4515900.49559764,1.12492965160815
T4-E033,val_cold,area_only,6706800.0,16.18432097124553,10684674.374352723,0.5931106301593492
T4-E033,val_cold,area_only,1440720.0,14.97254269934245,3180480.040012575,1.207562912996679
T4-E033,val_cold,area_only,841800.0,13.73002754528785,918068.7384524216,0.0906019701264215
T4-E033,val_cold,area_only,418140.0,13.73002754528785,918068.7384524216,1.1956013259970861
T4-E033,val_cold,area_only,1407600.0,13.729701593586189,917769.5411494648,0.34798981163010456
T4-E033,val_cold,area_only,3933000.0,15.69942335927607,6579197.657234116,0.672819134816709
T4-E033,val_cold,area_only,2346000.0,15.253021073169993,4210201.527046377,0.7946298069251393
T4-E033,val_cold,area_only,680340.0,13.84092558596694,1025740.7433275841,0.507688425386695
T4-E033,val_cold,area_only,1407600.0,15.769758421156384,7058607.987758715,4.014640514179252
T4-E033,val_cold,area_only,2221800.0,14.298985340018481,1621699.6761644057,0.27009646405418775
T4-E033,val_cold,area_only,2760000.0,16.306721585094294,12075891.501074243,3.3753230076355956
T4-E033,val_cold,area_only,28110600.0,15.882403098051345,7900235.27035458,0.7189588528756206
T4-E033,val_cold,area_only,124890000.0,16.335478750475758,12428201.347418938,0.9004868176201543
T4-E033,val_cold,area_only,5740800.0,15.481005087652001,5288287.818540049,0.07882388891094468
T4-E033,val_cold,area_only,33630600.0,16.766567031915535,19126149.33684832,0.43128729975533237
T4-E033,val_cold,area_only,5685600.0,14.531125043418513,2045443.191254266,0.6402414536277146
T4-E033,val_cold,area_only,5699400.0,15.481005087652001,5288287.818540049,0.07213253701441401
T4-E033,val_cold,area_only,3256800.0,15.735833670247297,6823162.760851829,1.0950512038970244
T4-E033,val_cold,area_only,1559400.0,14.645020812509586,2292195.872817044,0.46992168322242156
T4-E033,val_cold,area_only,2332200.0,15.660425932354793,6327564.293759131,1.7131310752761901
T4-E033,val_cold,area_only,3215400.0,15.725679996625415,6754233.129800114,1.1005887696087933
T4-E033,val_cold,area_only,1766400.0,14.709052467372354,2443769.9524608743,0.38347483721743336
T4-E033,val_cold,area_only,1780200.0,15.234378534897326,4132439.7742930492,1.3213345547090491
T4-E033,val_cold,area_only,1766400.0,15.346568074612055,4623063.204431596,1.6172232814943366
T4-E033,val_cold,area_only,17250000.0,15.68778084530149,6503043.430106676,0.6230119750662796
T4-E033,val_cold,area_only,17250000.0,15.68778084530149,6503043.430106676,0.6230119750662796
T4-E033,val_cold,area_only,11040000.0,13.784302381434266,969273.7720211457,0.912203462679244
T4-E033,val_cold,area_only,17250000.0,15.68778084530149,6503043.430106676,0.6230119750662796
T4-E033,val_cold,area_only,5520000.0,13.976407620594784,1174564.0560565302,0.7872166565114982
T4-E033,val_cold,area_only,17250000.0,15.68778084530149,6503043.430106676,0.6230119750662796
T4-E033,val_cold,area_only,17250000.0,15.68778084530149,6503043.430106676,0.6230119750662796
T4-E033,val_cold,area_only,5520000.0,13.976407620594784,1174564.0560565302,0.7872166565114982
T4-E033,val_cold,area_only,5520000.0,13.976407620594784,1174564.0560565302,0.7872166565114982
T4-E033,val_cold,area_only,17250000.0,15.68778084530149,6503043.430106676,0.6230119750662796
T4-E033,val_cold,area_only,14352000.0,14.692787403666511,2404343.385508504,0.8324732869628969
T4-E033,val_cold,area_only,38640.0,11.599727756728498,109068.10217732003,1.8226734517939966
T4-E033,val_cold,area_only,5520000.0,13.217940394390983,550146.7800325952,0.9003357282549646
T4-E033,val_cold,area_only,38640000.0,15.395532346018054,4855061.592428128,0.8743514080634543
T4-E033,val_cold,area_only,29808000.0,14.885796275319734,2916212.593506865,0.9021667809478373
T4-E033,val_cold,area_only,22080000.0,14.114997431314706,1349166.3367264983,0.93889645214101
T4-E033,val_cold,area_only,33120000.0,12.636921734004988,307712.66909901536,0.9907091585416964
T4-E033,val_cold,area_only,131100.0,13.045389962540572,462957.2344207989,2.5313290192280617
T4-E033,val_cold,area_only,3174000.0,13.481141553363813,715789.603831908,0.7744834266440114
T4-E033,val_cold,area_only,44160000.0,14.47310965262546,1930152.6531033972,0.9562918330366079
T4-E033,val_cold,area_only,44160000.0,14.435731144098074,1859338.1408255172,0.9578954225356541
T4-E033,val_cold,area_only,110400.0,12.896417273791796,398880.548474103,2.6130484463233965
T4-E033,val_cold,area_only,33120000.0,16.353249535358387,12651034.334374543,0.6180243256529425
T4-E033,val_cold,area_only,4416000.0,13.325001966790904,612314.897026827,0.8613417352747221
T4-E033,val_cold,area_only,22080000.0,14.040867391305785,1252769.6664299637,0.9432622433682082
T4-E033,val_cold,area_only,4692000.0,15.249808906291152,4196699.354373513,0.10556279744810043
T4-E033,val_cold,area_only,11040000.0,13.698213607394,889321.0695507644,0.9194455552943148
T4-E033,val_cold,area_only,4692000.0,13.846813412372896,1031797.9411279141,0.7800942154458836
T4-E033,val_cold,area_only,5520000.0,14.065045278705776,1283428.1252584048,0.7674949048444919
T4-E033,val_cold,area_only,49680000.0,15.70817183801077,6637008.136188521,0.8664048281765595
T4-E033,val_cold,area_only,75900.0,12.636212669349863,307494.55825790577,3.051311703002711
T4-E033,val_cold,area_only,33120000.0,15.22499747389479,4093854.373652742,0.8763932858196636
T4-E033,val_cold,area_only,3450000.0,15.135200039365003,3742259.15575335,0.08471279876908692
T4-E033,val_cold,area_only,5244000.0,15.031254825744885,3372803.399297617,0.35682620150693806
T4-E033,val_cold,area_only,22080000.0,14.099095523445733,1327881.6996288504,0.9398604302704324
T4-E033,val_cold,area_only,22080000.0,14.902831705164733,2966317.092684529,0.8656559287733456
T4-E033,val_cold,area_only,27600000.0,14.923131646417124,3027148.5034596054,0.890320706396391
T4-E033,val_cold,area_only,3036000.0,14.613865527450379,2221882.8554010377,0.2681545272065093
T4-E033,val_cold,area_only,35328000.0,15.462468653174387,5191164.75646736,0.8530580628264447
T4-E033,val_cold,area_only,3450000.0,15.547493691335514,5651851.176598094,0.6382177323472737
T4-E033,val_cold,area_only,4692000.0,14.11290544672328,1346346.8517266505,0.7130548056848571
T4-E033,val_cold,area_only,22080000.0,13.776090376330467,961346.6840499894,0.9564607480049824
T4-E033,val_cold,area_only,6900000.0,14.768027084264347,2592224.860076553,0.6243152376700648
T4-E033,val_cold,area_only,6900000.0,14.39755581838216,1789695.0825852659,0.7406239010745992
T4-E033,val_cold,area_only,5244000.0,14.341657321170269,1692398.5163450222,0.6772695430310789
T4-E033,val_cold,area_only,14352000.0,14.714011652291285,2455919.159737909,0.8288796572088971
T4-E033,val_cold,area_only,5520000.0,13.976407620594784,1174564.0560565302,0.7872166565114982
T4-E033,val_cold,area_only,4140000.0,14.499881239093417,1982523.8032319122,0.5211295161275574
T4-E033,val_cold,area_only,11040000.0,14.531927998652913,2047086.2501344376,0.8145755208211559
T4-E033,val_cold,area_only,2760000.0,13.585711345553118,794693.1510067801,0.712067698910587
T4-E033,val_cold,area_only,5244000.0,14.341657321170269,1692398.5163450222,0.6772695430310789
T4-E033,val_cold,area_only,27600000.0,15.82281915907344,7443257.589802024,0.7303167539926804
T4-E033,val_cold,area_only,20700000.0,15.945097818848716,8411394.383407565,0.5936524452460114
T4-E033,val_cold,area_only,7176000.0,15.675493581724634,6423627.72145995,0.10484563524805597
T4-E033,val_cold,area_only,4416000.0,15.15252697597978,3807666.057180389,0.13775678052980325
T4-E033,val_cold,area_only,27600000.0,14.304921650124651,1631355.219134936,0.9408929268429371
T4-E033,val_cold,area_only,22080000.0,14.836967775861934,2777238.8588561416,0.8742192545807906
T4-E033,val_cold,area_only,22080000.0,14.708757051352164,2443048.1302914238,0.8893547042440478
T4-E033,val_cold,area_only,4692000.0,14.00845438015428,1212814.6583338608,0.7415143524437637
T4-E033,val_cold,area_only,6900000.0,15.353440473377294,4654944.162138867,0.32537041128422217
T4-E033,val_cold,area_only,1324800.0,13.73037837393437,918390.8797702419,0.3067701692555541
T4-E033,val_cold,area_only,3450000.0,15.135200039365003,3742259.15575335,0.08471279876908692
T4-E033,val_cold,area_only,16560000.0,13.131851620350718,504766.6995138944,0.9695189191114798
T4-E033,val_cold,area_only,8832000.0,13.948267924410995,1141972.8837750705,0.8707005339928588
T4-E033,val_cold,area_only,4416000.0,14.888792829850633,2924964.2894854187,0.33764395618536713
T4-E033,val_cold,area_only,2346000.0,13.79407978508932,978797.2344423534,0.5827803774755528
T4-E033,val_cold,area_only,5796000.0,15.023042820641088,3345219.3358189473,0.4228400041720243
T4-E033,val_cold,area_only,22080000.0,15.255857694651793,4222161.229696028,0.8087789298144915
T4-E033,val_cold,area_only,13800000.0,14.951196246085988,3113307.5692027183,0.7743980022316872
T4-E033,val_cold,area_only,15870000.0,15.44864412403939,5119893.131476678,0.6773854359497997
T4-E033,val_cold,area_only,4830000.0,16.581368098125957,15892662.745329548,2.29040636549266
T4-E033,val_cold,area_only,13800000.0,14.100329795024928,1329521.6781524776,0.9036578494092408
T4-E033,val_cold,area_only,41400000.0,15.259393572576887,4237116.701163363,0.8976541859622376
T4-E033,val_cold,area_only,2346000.0,14.635369074532857,2270178.622148223,0.03231942789930809
T4-E033,val_cold,area_only,4416000.0,14.375164470090926,1750066.7186064394,0.6036986597358607
T4-E033,val_cold,area_only,35328000.0,15.462468653174387,5191164.75646736,0.8530580628264447
T4-E033,val_cold,area_only,1324800.0,13.4664848800211,705375.0174577914,0.4675611281266671
T4-E033,val_cold,area_only,27600000.0,15.063536508688117,3483459.6447076835,0.8737876940323304
T4-E033,val_cold,area_only,69000000.0,15.055275442265327,3454801.091292236,0.9499304189667792
T4-E033,val_cold,area_only,41400000.0,14.565283145409602,2116518.63896839,0.948876361377575
T4-E033,val_cold,area_only,11040000.0,14.734942701882458,2507865.878624315,0.7728382356318556
T4-E033,val_cold,area_only,27600000.0,14.43470786578017,1857436.4935435092,0.9327015763208873
T4-E033,val_cold,area_only,13800000.0,14.815571843482731,2718448.424875136,0.8030109837047003
T4-E033,val_cold,area_only,4140000.0,14.178113936627138,1437065.7752456143,0.6528826629841511
T4-E033,val_cold,area_only,3450000.0,15.719123724590562,6710095.387640493,0.9449551848233313
T4-E033,val_cold,area_only,4140000.0,14.682209074598882,2379043.501159215,0.4253518113141993
T4-E033,val_cold,area_only,1449000.0,13.727025527087573,915316.8121236666,0.3683113787966414
T4-E033,val_cold,area_only,1932000.0,15.055337917421934,3455016.9372738963,0.7883110441376275
T4-E033,val_cold,area_only,1932000.0,15.055337917421934,3455016.9372738963,0.7883110441376275
T4-E033,val_cold,area_only,3864000.0,15.718449805353156,6705574.848684112,0.7353972175683519
T4-E033,val_cold,area_only,1269600.0,14.051017678730723,1265550.3929139022,0.0031896716179094374
T4-E033,val_cold,area_only,1269600.0,14.051017678730723,1265550.3929139022,0.0031896716179094374
T4-E033,val_cold,area_only,19320000.0,15.049568858647428,3435142.1260955823,0.8221976125209326
T4-E033,val_cold,area_only,44063400.0,15.917672162143997,8183841.031684719,0.8142712311876814
T4-E033,val_cold,area_only,21459000.0,15.049568858647428,3435142.1260955823,0.8399206800831548
T4-E033,val_cold,area_only,5520000.0,13.948267924410995,1141972.8837750705,0.7931208543885743
T4-E033,val_cold,area_only,3312000.0,13.325001966790904,612314.897026827,0.8151223136996295
T4-E033,val_cold,area_only,22632000.0,15.731729399236835,6795216.041418297,0.6997518539493506
T4-E033,val_cold,area_only,2001000.0,14.717496039789323,2464491.459688688,0.23162991488690063
T4-E033,val_cold,area_only,23322000.0,15.399078794795727,4872310.387583769,0.7910852247841622
T4-E033,val_cold,area_only,3312000.0,15.384623901150999,4802388.235244861,0.4499964478396319
T4-E033,val_cold,area_only,2001000.0,14.717496039789323,2464491.459688688,0.23162991488690063
T4-E033,val_cold,area_only,3036000.0,14.894008280423533,2940259.1462800377,0.03153519555993488
T4-E033,val_cold,area_only,4968000.0,15.674744862531776,6418820.028127846,0.2920330169339465
T4-E033,val_cold,area_only,8280000.0,16.12546038346265,10073919.18845823,0.21665690681862684
T4-E033,val_cold,area_only,883200.0,14.141809128371218,1385829.0746603345,0.569099948664328
T4-E033,val_cold,area_only,2001000.0,14.894008280423533,2940259.1462800377,0.46939487570216776
T4-E033,val_cold,area_only,372600.0,13.876901848329055,1063314.89767091,1.8537705251500536
T4-E033,val_cold,area_only,3312000.0,15.171266790197006,3879693.7970416346,0.17140513195701526
T4-E033,val_cold,area_only,5520000.0,15.556609328932016,5703606.938672685,0.0332621265711386
T4-E033,val_cold,area_only,3312000.0,15.460370267466816,5180283.111473766,0.5640951423531902
T4-E033,val_cold,area_only,3312000.0,15.334415653815338,4567221.786432452,0.37899208527549866
T4-E033,val_cold,area_only,6072000.0,15.893940047567627,7991907.679003982,0.31619032921672957
T4-E033,val_cold,area_only,7728000.0,16.026732254510097,9126859.837838393,0.1810118837782599
T4-E033,val_cold,area_only,2001000.0,14.717496039789323,2464491.459688688,0.23162991488690063
T4-E033,val_cold,area_only,3312000.0,15.334415653815338,4567221.786432452,0.37899208527549866
T4-E033,val_cold,area_only,3036000.0,14.894008280423533,2940259.1462800377,0.03153519555993488
T4-E033,val_cold,area_only,4968000.0,15.674744862531776,6418820.028127846,0.2920330169339465
T4-E033,val_cold,area_only,3312000.0,15.384623901150999,4802388.235244861,0.4499964478396319
T4-E033,val_cold,area_only,3312000.0,15.171266790197006,3879693.7970416346,0.17140513195701526
T4-E033,val_cold,area_only,2001000.0,14.894008280423533,2940259.1462800377,0.46939487570216776
T4-E033,val_cold,area_only,772800.0,13.902437915034024,1090817.4366651222,0.41151324620228025
T4-E033,val_cold,area_only,952200.0,15.168935582823787,3870659.9602208617,3.064965301639216
T4-E033,val_cold,area_only,3312000.0,15.460370267466816,5180283.111473766,0.5640951423531902
T4-E033,val_cold,area_only,469200.0,14.499637057226325,1982039.7659670506,3.2242961764003635
T4-E033,val_cold,area_only,4968000.0,15.674744862531776,6418820.028127846,0.2920330169339465
T4-E033,val_cold,area_only,6072000.0,15.893940047567627,7991907.679003982,0.31619032921672957
T4-E033,val_cold,area_only,7728000.0,16.026732254510097,9126859.837838393,0.1810118837782599
T4-E033,val_cold,area_only,8280000.0,14.953773536269463,3121341.815083241,0.6230263508353574
T4-E033,val_cold,area_only,4968000.0,15.674744862531776,6418820.028127846,0.2920330169339465
T4-E033,val_cold,area_only,2760000.0,15.460370267466816,5180283.111473766,0.8769141708238283
T4-E033,val_cold,area_only,759000.0,14.5034111407494,1989534.2831609866,1.621257290067176
T4-E033,val_cold,area_only,952200.0,14.619080978023277,2233501.2468494144,1.345621977367585
T4-E033,val_cold,area_only,3312000.0,14.480113303762783,1943718.2177180557,0.4131285574522779
T4-E033,val_cold,area_only,3312000.0,14.472718795105424,1929398.3858392315,0.41745217818863783
T4-E033,val_cold,area_only,7590000.0,15.144745082387477,3778150.198674777,0.5022200001746012
T4-E033,val_cold,area_only,3312000.0,14.480113303762783,1943718.2177180557,0.4131285574522779
T4-E033,val_cold,area_only,3312000.0,14.480113303762783,1943718.2177180557,0.4131285574522779
T4-E033,val_cold,area_only,3174000.0,14.578383095344192,2144427.3292841036,0.32437702290986026
T4-E033,val_cold,area_only,1656000.0,15.082476163447135,3550063.9076593844,1.143758398345039
T4-E033,val_cold,area_only,3312000.0,14.480113303762783,1943718.2177180557,0.4131285574522779
T4-E033,val_cold,area_only,1380000.0,13.74360449875518,930618.3147255579,0.3256389023727841
T4-E033,val_cold,area_only,3312000.0,14.480113303762783,1943718.2177180557,0.4131285574522779
T4-E033,val_cold,area_only,3174000.0,14.578383095344192,2144427.3292841036,0.32437702290986026
T4-E033,val_cold,area_only,3174000.0,14.578383095344192,2144427.3292841036,0.32437702290986026
T4-E033,val_cold,area_only,1380000.0,13.835971399277257,1020671.599300929,0.26038289905729783
T4-E033,val_cold,area_only,1380000.0,13.750947234677577,937476.748273542,0.32066902299018696
T4-E033,val_cold,area_only,14490000.0,15.65898619948186,6318460.846278607,0.5639433508434364
T4-E033,val_cold,area_only,5520000.0,14.876328472841745,2888732.7607743423,0.47667884768580754
T4-E033,val_cold,area_only,10350000.0,15.760235013768591,6991705.065838553,0.3244729404986905
T4-E033,val_cold,area_only,34500000.0,15.494658695455815,5360987.201411235,0.8446090666257613
T4-E033,val_cold,area_only,6210000.0,15.373535910083648,4749433.52062743,0.23519589039815947
T4-E033,val_cold,area_only,1380000.0,13.96663021693973,1163135.829396768,0.15714794971248694
T4-E033,val_cold,area_only,48300000.0,17.042071064870175,25192857.12469695,0.47840875518225773
T4-E033,val_cold,area_only,5520000.0,14.780089411376546,2623682.468848873,0.5246952049186825
T4-E033,val_cold,area_only,3615600.0,15.4912938823408,5342978.79581704,0.47775716224611126
T4-E033,val_cold,area_only,1380000.0,13.210597658468586,546121.9920691181,0.604259426036871
T4-E033,val_cold,area_only,1932000.0,14.818584711247079,2726651.101087961,0.4113100937308286
T4-E033,val_cold,area_only,1932000.0,15.017093028558849,3325375.069471329,0.72120862809075
T4-E033,val_cold,area_only,6734400.0,15.0274340884533,3359941.390397925,0.5010778405800183
T4-E033,val_cold,area_only,7231200.0,16.05765586938408,9413504.53954077,0.3017900956329198
T4-E033,val_cold,area_only,1656000.0,15.082476163447135,3550063.9076593844,1.143758398345039
T4-E033,val_cold,area_only,6624000.0,15.597684772953707,5942763.227305687,0.10284371568452792
T4-E033,val_cold,area_only,4485000.0,15.517934676544204,5487232.985726775,0.22346331900262534
T4-E033,val_cold,area_only,1725000.0,14.529029954783406,2041162.2924675902,0.1832824883870088
T4-E033,val_cold,area_only,1380000.0,12.88663987013674,394999.5363703972,0.7137684519055093
T4-E033,val_cold,area_only,13800000.0,15.76093487473648,6996600.000000002,0.4929999999999999
T4-E033,val_cold,area_only,4140000.0,15.237512438801785,4145410.757728414,0.001306946311211146
T4-E033,val_cold,area_only,1380000.0,13.14984102910957,513929.3219813126,0.6275874478396286
T4-E033,val_cold,area_only,2263200.0,15.082034876301377,3548497.6556991595,0.5679116541618767
T4-E033,val_cold,area_only,11205600.0,16.184708288438355,10688813.533969741,0.04611858945797268
T4-E033,val_cold,area_only,12420000.0,16.664833836243698,17276086.780692384,0.3909892738077604
T4-E033,val_cold,area_only,3450000.0,14.845060516648017,2799805.5229613567,0.18846216725757778
T4-E033,val_cold,area_only,1380000.0,12.88663987013674,394999.5363703972,0.7137684519055093
T4-E033,val_cold,area_only,12420000.0,16.363255528627743,12778255.926522732,0.028845082650783557
T4-E033,val_cold,area_only,30360000.0,16.415220744426797,13459836.626821864,0.5566588726343259
T4-E033,val_cold,area_only,20700000.0,16.30951581603354,12109681.51729462,0.4149912310485691
T4-E033,val_cold,area_only,12000000.0,16.635291288537815,16773172.424993504,0.39776436874945864
T4-E033,val_cold,area_only,14490000.0,15.74749687267967,6903208.577255047,0.523588089906484
T4-E033,val_cold,area_only,5602800.0,15.502604927048607,5403756.549806278,0.035525710393682054
T4-E033,val_cold,area_only,14490000.0,15.68778084530149,6503043.430106676,0.5512047322217615
T4-E033,val_cold,area_only,3367200.0,15.362997818029669,4699646.344648306,0.3957134546947928
T4-E033,val_cold,area_only,1131600.0,14.261028083913192,1561297.9990135669,0.3797260507366268
T4-E033,val_cold,area_only,1131600.0,14.261028083913192,1561297.9990135669,0.3797260507366268
T4-E033,val_cold,area_only,3450000.0,15.576784033577615,5819844.106811266,0.6869113353076135
T4-E033,val_cold,area_only,1656000.0,15.06826558561216,3499972.2071441617,1.113509786922803
T4-E033,val_cold,area_only,7314000.0,15.902953641159465,8064269.1152192755,0.102579862622269
T4-E033,val_cold,area_only,3036000.0,15.556986890274622,5705760.806749225,0.8793678546604824
T4-E033,val_cold,area_only,16560000.0,15.900593822838676,8045261.341484537,0.5141750397654264
T4-E033,val_cold,area_only,2249400.0,15.0274340884533,3359941.390397925,0.4937056061162643
T4-E033,val_cold,area_only,1380000.0,13.14984102910957,513929.3219813126,0.6275874478396286
T4-E033,val_cold,area_only,20700000.0,16.322557645948656,12268648.279500755,0.40731167731880413
T4-E033,val_cold,area_only,48300000.0,16.835009714431575,20481031.322908532,0.5759620844118316
T4-E033,val_cold,area_only,1131600.0,14.261028083913192,1561297.9990135669,0.3797260507366268
T4-E033,val_cold,area_only,8694000.0,15.411982861228854,4935590.411235886,0.43229923956339017
T4-E033,val_cold,area_only,48300000.0,16.835009714431575,20481031.322908532,0.5759620844118316
T4-E033,val_cold,area_only,5602800.0,15.502604927048607,5403756.549806278,0.035525710393682054
T4-E033,val_cold,area_only,20700000.0,16.08141179472377,9639808.437144447,0.5343087711524421
T4-E033,val_cold,area_only,8000000.0,16.162466510250123,10453699.681750767,0.30671246021884585
T4-E033,val_cold,area_only,15180000.0,15.902477237341557,8060428.18161451,0.4690100012111654
T4-E033,val_cold,area_only,16560000.0,15.263319734003026,4253785.005128093,0.7431289248111055
T4-E033,val_cold,area_only,7314000.0,15.068076947118872,3499312.039928888,0.5215597429684321
T4-E033,val_cold,area_only,12420000.0,16.18432097124553,10684674.374352723,0.1397202597139514
T4-E033,val_cold,area_only,11592000.0,16.363255528627743,12778255.926522732,0.10233401712583952
T4-E033,val_cold,area_only,2263200.0,15.082034876301377,3548497.6556991595,0.5679116541618767
T4-E033,val_cold,area_only,4692000.0,15.237512438801785,4145410.757728414,0.11649387090187252
T4-E033,val_cold,area_only,1725000.0,14.529029954783406,2041162.2924675902,0.1832824883870088
T4-E033,val_cold,area_only,4554000.0,14.881066377133171,2902451.77414116,0.36265881112403164
T4-E033,val_cold,area_only,11205600.0,16.184708288438355,10688813.533969741,0.04611858945797268
T4-E033,val_cold,area_only,828000.0,14.97254269934245,3180480.040012575,2.8411594686142214
T4-E033,val_cold,area_only,1380000.0,13.14984102910957,513929.3219813126,0.6275874478396286
T4-E033,val_cold,area_only,1380000.0,13.312866914315155,604929.3263960376,0.5616454156550452
T4-E033,val_cold,area_only,1656000.0,15.06826558561216,3499972.2071441617,1.113509786922803
T4-E033,val_cold,area_only,1380000.0,13.14984102910957,513929.3219813126,0.6275874478396286
T4-E033,val_cold,area_only,30360000.0,16.396892587533188,13215389.603932844,0.5647104873539907
T4-E033,val_cold,area_only,2760000.0,14.539905125348861,2063481.4227523538,0.25236180335059644
T4-E033,val_cold,area_only,1131600.0,14.261028083913192,1561297.9990135669,0.3797260507366268
T4-E033,val_cold,area_only,12420000.0,16.363255528627743,12778255.926522732,0.028845082650783557
T4-E033,val_cold,area_only,500000.0,13.484655691687438,718309.4123951788,0.43661882479035763
T4-E033,val_cold,area_only,15180000.0,15.803030683556473,7297414.633220987,0.5192743983385384
T4-E033,val_cold,area_only,41400000.0,17.629099083621085,45312753.435420625,0.0945109525463919
T4-E033,val_cold,area_only,20700000.0,16.13985625956068,10219990.973913053,0.5062806292795626
T4-E033,val_cold,area_only,8004000.0,15.788793473960125,7194255.90032833,0.10116742874458648
T4-E033,val_cold,area_only,1380000.0,16.083105476364086,9656149.037692003,5.9972094476029
T4-E033,val_cold,area_only,1807800.0,15.082034876301377,3548497.6556991595,0.962881765515632
T4-E033,val_cold,area_only,2594400.0,15.013265416986032,3312671.153708967,0.2768544379081741
T4-E033,val_cold,area_only,4830000.0,14.595876118691526,2182269.8718639566,0.5481842915395535
T4-E033,val_cold,area_only,20700000.0,16.322557645948656,12268648.279500755,0.40731167731880413
T4-E033,val_cold,area_only,966000.0,13.398016940445261,658695.6959473751,0.31812039757000504
T4-E033,val_cold,area_only,11592000.0,16.18432097124553,10684674.374352723,0.07827170683637652
T4-E033,val_cold,area_only,12420000.0,16.18432097124553,10684674.374352723,0.1397202597139514
T4-E033,val_cold,area_only,9691740.0,16.561196878644676,15575299.91519481,0.6070695164330461
T4-E033,val_cold,area_only,20700000.0,16.322557645948656,12268648.279500755,0.40731167731880413
T4-E033,val_cold,area_only,3367200.0,15.353994006480523,4657521.541092771,0.3832031186424243
T4-E033,val_cold,area_only,12420000.0,16.363255528627743,12778255.926522732,0.028845082650783557
T4-E033,val_cold,area_only,2760000.0,14.539905125348861,2063481.4227523538,0.25236180335059644
T4-E033,val_cold,area_only,9273600.0,16.122109677402857,10040220.934387842,0.08266702622367174
T4-E033,val_cold,area_only,5602800.0,15.502604927048607,5403756.549806278,0.035525710393682054
T4-E033,val_cold,area_only,2249400.0,15.030798901568312,3371266.007178801,0.4987401116648
T4-E033,val_cold,area_only,69000000.0,16.076762105922967,9595090.370923767,0.8609407192619745
T4-E033,val_cold,area_only,2484000.0,14.724627609170941,2482129.9719039146,0.0007528293462501668
T4-E033,val_cold,area_only,20700000.0,16.143623088566443,10258560.52920675,0.5044173657388044
T4-E033,val_cold,area_only,14904000.0,14.881066377133171,2902451.77414116,0.8052568589545653
T4-E033,val_cold,area_only,41400000.0,17.629099083621085,45312753.435420625,0.0945109525463919
T4-E033,val_cold,area_only,4830000.0,15.792637025410901,7221960.601146277,0.4952299381255232
T4-E033,val_cold,area_only,16560000.0,15.263319734003026,4253785.005128093,0.7431289248111055
T4-E033,val_cold,area_only,1352400.0,14.30889945019288,1637857.3475467993,0.2110746432614606
T4-E033,val_cold,area_only,3588000.0,15.15149180792442,3803726.522304638,0.06012444880285335
T4-E033,val_cold,area_only,20700000.0,16.319666103458477,12233224.201498652,0.4090229854348477
T4-E033,val_cold,area_only,4968000.0,14.58572583126659,2160231.2438467746,0.5651708446363175
T4-E033,val_cold,area_only,1380000.0,13.312866914315155,604929.3263960376,0.5616454156550452
T4-E033,val_cold,area_only,966000.0,13.320521186964548,609577.3864600834,0.36896750884049334
T4-E033,val_cold,area_only,2070000.0,14.912303128015195,2994545.808200685,0.4466404870534709
T4-E033,val_cold,area_only,6762000.0,16.078538992692753,9612154.916451491,0.4214958468576592
T4-E033,val_cold,area_only,8280000.0,15.090775285319094,3579648.915669352,0.5676752517307546
T4-E033,val_cold,area_only,41400000.0,17.629099083621085,45312753.435420625,0.0945109525463919
T4-E033,val_cold,area_only,12420000.0,16.363255528627743,12778255.926522732,0.028845082650783557
T4-E033,val_cold,area_only,17250000.0,15.632850398405107,6155462.139699877,0.6431616150898622
T4-E033,val_cold,area_only,19320000.0,15.823031607099816,7444839.063171288,0.6146563631898919
T4-E033,val_cold,area_only,500000.0,13.484655691687438,718309.4123951788,0.43661882479035763
T4-E033,val_cold,area_only,11592000.0,16.18432097124553,10684674.374352723,0.07827170683637652
T4-E033,val_cold,area_only,23736000.0,15.622944516480512,6094787.870769942,0.7432259912887622
T4-E033,val_cold,area_only,41400000.0,17.629099083621085,45312753.435420625,0.0945109525463919
T4-E033,val_cold,area_only,6900000.0,14.928296708412532,3042824.3616892197,0.5590109620740261
T4-E033,val_cold,area_only,2760000.0,15.413335400555617,4942270.507896239,0.7906777202522605
T4-E033,val_cold,area_only,1131600.0,14.261028083913192,1561297.9990135669,0.3797260507366268
T4-E033,val_cold,area_only,1131600.0,14.261028083913192,1561297.9990135669,0.3797260507366268
T4-E033,val_cold,area_only,6762000.0,16.319666103458477,12233224.201498652,0.8091133098933233
T4-E033,val_cold,area_only,11592000.0,16.18432097124553,10684674.374352723,0.07827170683637652
T4-E033,val_cold,area_only,7590000.0,14.487599660564904,1958324.1903634379,0.741986272679389
T4-E033,val_cold,area_only,5520000.0,16.232078165112863,11207325.277570391,1.0303125502844912
T4-E033,val_cold,area_only,12000000.0,16.584882236449584,15948610.006178955,0.32905083384824624
T4-E033,val_cold,area_only,12000000.0,16.588998555634227,16014394.878392883,0.3345329065327402
T4-E033,val_cold,area_only,800000.0,14.05922968383452,1275985.8887272272,0.594982360909034
T4-E033,val_cold,area_only,800000.0,13.258238441169139,572769.3826767445,0.2840382716540694
T4-E033,val_cold,area_only,3000000.0,15.071747565233633,3512180.28084267,0.17072676028088993
T4-E033,val_cold,area_only,800000.0,13.348550790611025,626905.3119649712,0.21636836004378593
T4-E033,val_cold,area_only,3200000.0,15.456274581547662,5159109.68832045,0.6122217776001405
T4-E033,val_cold,area_only,9660000.0,15.75338488723379,6943974.6677194275,0.2811620426791483
T4-E033,val_cold,area_only,1600000.0,14.183097227053553,1444244.96450123,0.09734689718673122
T4-E033,val_cold,area_only,800000.0,12.398154652029923,242353.977179448,0.69705752852569
T4-E033,val_cold,area_only,2500000.0,14.476618982129025,1936938.0939654435,0.22522476241382258
T4-E033,val_cold,area_only,3200000.0,15.456274581547662,5159109.68832045,0.6122217776001405
T4-E033,val_cold,area_only,2500000.0,14.476618982129025,1936938.0939654435,0.22522476241382258
T4-E033,val_cold,area_only,6000000.0,15.718449805353156,6705574.848684112,0.1175958081140186
T4-E033,val_cold,area_only,3000000.0,15.07319245973934,3517258.6788246636,0.1724195596082212
T4-E033,val_cold,area_only,800000.0,12.889358966256886,396075.0396129053,0.5049062004838684
T4-E033,val_cold,area_only,1000000.0,13.656833239767966,853271.6497860664,0.14672835021393363
T4-E033,val_cold,area_only,800000.0,13.948267924410995,1141972.8837750705,0.42746610471883817
T4-E033,val_cold,area_only,800000.0,13.348550790611025,626905.3119649712,0.21636836004378593
T4-E033,val_cold,area_only,2800000.0,14.684155983902993,2383679.794843691,0.14868578755582468
T4-E033,val_cold,area_only,2001000.0,14.894008280423533,2940259.1462800377,0.46939487570216776
T4-E033,val_cold,area_only,2500000.0,14.654968436665659,2315111.5652309856,0.07395537390760575
T4-E033,val_cold,area_only,2500000.0,14.715320039488478,2459134.555956778,0.016346177617288755
T4-E033,val_cold,area_only,2001000.0,14.894008280423533,2940259.1462800377,0.46939487570216776
T4-E033,val_cold,area_only,2000000.0,14.476618982129025,1936938.0939654435,0.03153095301727823
T4-E033,val_cold,area_only,2000000.0,14.476618982129025,1936938.0939654435,0.03153095301727823
T4-E033,val_cold,area_only,3000000.0,15.07319245973934,3517258.6788246636,0.1724195596082212
T4-E033,val_cold,area_only,2500000.0,14.446903429942749,1880227.6726415863,0.2479089309433655
T4-E033,val_cold,area_only,800000.0,13.348550790611025,626905.3119649712,0.21636836004378593
T4-E033,val_cold,area_only,800000.0,12.98890912598331,437533.75057829655,0.45308281177712934
T4-E033,val_cold,area_only,2800000.0,14.684155983902993,2383679.794843691,0.14868578755582468
T4-E033,val_cold,area_only,3000000.0,15.071747565233633,3512180.28084267,0.17072676028088993
T4-E033,val_cold,area_only,1600000.0,14.192653916464693,1458113.3273286636,0.08867917041958528
T4-E033,val_cold,area_only,1200000.0,13.599246371006771,805522.4652310953,0.3287312789740872
T4-E033,val_cold,area_only,3000000.0,15.10370041207191,3626216.630146938,0.20873887671564598
T4-E033,val_cold,area_only,1380000.0,14.019363844223307,1226118.251863916,0.1115085131420899
T4-E033,val_cold,area_only,966000.0,13.889769636001418,1077085.8186312981,0.11499567146097116
T4-E033,val_cold,area_only,1380000.0,14.535030904642067,2053448.0312203295,0.48800581972487644
T4-E033,val_cold,area_only,9000000.0,15.747031969567487,6899999.999999997,0.23333333333333364
T4-E033,val_cold,area_only,2000000.0,13.768563831230031,954138.2262957518,0.5229308868521241
T4-E033,val_cold,area_only,1794000.0,13.39992487779554,659953.6457312278,0.6321328619112442
T4-E033,val_cold,area_only,2000000.0,13.768563831230031,954138.2262957518,0.5229308868521241
T4-E033,val_cold,area_only,2000000.0,13.770915164162187,956384.3626013387,0.5218078186993307
T4-E033,val_cold,area_only,3864000.0,16.250138987485705,11411577.720107103,1.9533068633817554
T4-E033,val_cold,area_only,1104000.0,13.37860762082357,646034.1342877911,0.4148241537248269
T4-E033,val_cold,area_only,1449000.0,13.176774052221841,527959.076059695,0.6356390089305073
T4-E033,val_cold,area_only,4416000.0,14.44285445865582,1872630.076386401,0.5759442761806157
T4-E033,val_cold,area_only,3312000.0,14.036525992090981,1247342.6820605013,0.6233868713585443
T4-E033,val_cold,area_only,1242000.0,12.746343626130976,343294.38595293084,0.7235955024533568
T4-E033,val_cold,area_only,12000000.0,16.454515031436443,13999260.033552809,0.16660500279606738
T4-E033,val_cold,area_only,4457400.0,14.277515565260966,1587253.2510536509,0.6439060324283997
T4-E033,val_cold,area_only,1932000.0,15.065999044269608,3492048.3586961427,0.8074784465300946
T4-E033,val_cold,area_only,2553000.0,13.763196178066725,949030.4638394014,0.6282685218020362
T4-E033,val_cold,area_only,9384000.0,16.18432097124553,10684674.374352723,0.13860553861388783
T4-E033,val_cold,area_only,15249000.0,16.096216313753754,9783582.793742131,0.35841151591959264
T4-E033,val_cold,area_only,2553000.0,13.571966487028357,783844.9304913507,0.6929710417190166
T4-E033,val_cold,area_only,11937000.0,15.752514699332302,6937934.733295408,0.41878740610744675
T4-E033,val_cold,area_only,786600.0,14.261028083913192,1561297.9990135669,0.9848690554456736
T4-E033,val_cold,area_only,9315000.0,15.35760992205501,4674393.230691422,0.49818644866436695
T4-E033,val_cold,area_only,897000.0,14.44794385603651,1882184.9285879347,1.0983109571771847
T4-E033,val_cold,area_only,345000.0,14.968639975714385,3168091.695278846,8.182874479069119
T4-E033,val_cold,area_only,2760000.0,13.565765303840447,778999.2046317165,0.7177539113653201
T4-E033,val_cold,area_only,7038000.0,15.0274340884533,3359941.390397925,0.5225999729471548
T4-E033,val_cold,area_only,897000.0,14.44794385603651,1882184.9285879347,1.0983109571771847
T4-E033,val_cold,area_only,11040000.0,15.472965212407447,5245941.103480698,0.5248241754093571
T4-E033,val_cold,area_only,1656000.0,13.974913343800166,1172810.2429112499,0.2917812542806462
T4-E033,val_cold,area_only,897000.0,14.282423013226378,1595061.7580409448,0.7782182363890132
T4-E033,val_cold,area_only,331200.0,13.453818536538423,696496.8409174844,1.102949398905448
T4-E033,val_cold,area_only,565800.0,13.981610820889143,1180691.4753696213,1.0867647143330175
T4-E033,val_cold,area_only,897000.0,14.535030904642067,2053448.0312203295,1.289239722653656
T4-E033,val_cold,area_only,2787600.0,15.644822571427992,6229599.303425348,1.2347536602903388
T4-E033,val_cold,area_only,5520000.0,15.747031969567487,6899999.999999997,0.2499999999999995
T4-E033,val_cold,area_only,2760000.0,13.729701593586189,917769.5411494648,0.6674748039313533
T4-E033,val_cold,area_only,4692000.0,14.862425567672753,2848848.8765032943,0.39282845769324504
T4-E033,val_cold,area_only,27600000.0,16.60568918649401,16283928.316182334,0.4100025972397705
T4-E033,val_cold,area_only,2760000.0,14.535030904642067,2053448.0312203295,0.2559970901375618
T4-E033,val_cold,area_only,2760000.0,14.535030904642067,2053448.0312203295,0.2559970901375618
T4-E033,val_cold,area_only,2760000.0,14.535030904642067,2053448.0312203295,0.2559970901375618
T4-E033,val_cold,area_only,11730000.0,15.644122710460104,6225240.975317056,0.46928891941031065
T4-E033,val_cold,area_only,2760000.0,14.535030904642067,2053448.0312203295,0.2559970901375618
T4-E033,val_cold,area_only,3036000.0,14.589631692490144,2168685.3067465024,0.2856767764339584
T4-E033,val_cold,area_only,27600000.0,16.71436639178828,18153363.018532407,0.34226945585027513
T4-E033,val_cold,area_only,6982800.0,15.966663371191174,8594760.842227364,0.23084734522360142
T4-E033,val_cold,area_only,3450000.0,14.659701798265067,2326095.801084076,0.3257693330191084
T4-E033,val_cold,area_only,11730000.0,15.7463321085996,6895172.648755965,0.4121762447778376
T4-E033,val_cold,area_only,3312000.0,14.418508864777383,1827590.270077463,0.4481913435756452
T4-E033,val_cold,area_only,3615600.0,15.4912938823408,5342978.79581704,0.47775716224611126
T4-E033,val_cold,area_only,331200.0,13.453818536538423,696496.8409174844,1.102949398905448
T4-E033,val_cold,area_only,9177000.0,16.308654740779666,12099258.658284782,0.318432892915417
T4-E033,val_cold,area_only,4071000.0,14.91702635552083,3008723.1844588453,0.26093756215700187
T4-E033,val_cold,area_only,6210000.0,15.54308398510563,5626983.044131381,0.0938835677727244
T4-E033,val_cold,area_only,19320000.0,16.183988070119312,10681118.02620923,0.44714710009269
T4-E033,val_cold,area_only,2760000.0,14.535030904642067,2053448.0312203295,0.2559970901375618
T4-E033,val_cold,area_only,5520000.0,15.195176734281189,3973574.9326469563,0.2801494687233775
T4-E033,val_cold,area_only,2760000.0,14.535030904642067,2053448.0312203295,0.2559970901375618
T4-E033,val_cold,area_only,6900000.0,15.322757470553455,4514285.448175928,0.34575573214841626
T4-E033,val_cold,area_only,1380000.0,14.686792603261022,2389972.943807603,0.7318644520344948
T4-E033,val_cold,area_only,3036000.0,14.589631692490144,2168685.3067465024,0.2856767764339584
T4-E033,val_cold,area_only,11040000.0,16.35616561819984,12687979.640129238,0.1492735181276484
T4-E033,val_cold,area_only,2070000.0,13.729701593586189,917769.5411494648,0.5566330719084711
T4-E033,val_cold,area_only,2760000.0,15.17618202472368,3898810.344615892,0.41261244370141015
T4-E033,val_cold,area_only,2760000.0,14.535030904642067,2053448.0312203295,0.2559970901375618
T4-E033,val_cold,area_only,2760000.0,14.535030904642067,2053448.0312203295,0.2559970901375618
T4-E033,val_cold,area_only,2898000.0,15.37387414505378,4751040.216837525,0.6394203646782352
T4-E033,val_cold,area_only,2760000.0,14.535030904642067,2053448.0312203295,0.2559970901375618
T4-E033,val_cold,area_only,11730000.0,15.7463321085996,6895172.648755965,0.4121762447778376
T4-E033,val_cold,area_only,2760000.0,14.535030904642067,2053448.0312203295,0.2559970901375618
T4-E033,val_cold,area_only,5520000.0,15.0274340884533,3359941.390397925,0.3913149655076223
T4-E033,val_cold,area_only,12420000.0,15.7463321085996,6895172.648755965,0.4448331200679577
T4-E033,val_cold,area_only,2760000.0,14.535030904642067,2053448.0312203295,0.2559970901375618
T4-E033,val_cold,area_only,6900000.0,15.35060432045246,4641760.732586651,0.3272810532483114
T4-E033,val_cold,area_only,2760000.0,14.535030904642067,2053448.0312203295,0.2559970901375618
T4-E033,val_cold,area_only,2760000.0,14.535030904642067,2053448.0312203295,0.2559970901375618
T4-E033,val_cold,area_only,2760000.0,14.535030904642067,2053448.0312203295,0.2559970901375618
T4-E033,val_cold,area_only,2208000.0,14.030554557742002,1239916.451814134,0.4384436359537437
T4-E033,val_cold,area_only,2484000.0,14.464960798867143,1914488.0324359832,0.22927212864896007
T4-E033,val_cold,area_only,11730000.0,15.562881128408623,5739491.229596906,0.5106998099235374
T4-E033,val_cold,area_only,345000.0,13.277454870798714,583882.3994914363,0.6924127521490908
T4-E033,val_cold,area_only,3036000.0,14.296063580629472,1616968.375136818,0.4674017209694275
T4-E033,val_cold,area_only,11730000.0,15.800932896447677,7282122.256559294,0.3791882134220551
T4-E033,val_cold,area_only,19320000.0,16.307646612792364,12087067.203311786,0.3743754035552906
T4-E033,val_cold,area_only,2760000.0,14.535030904642067,2053448.0312203295,0.2559970901375618
T4-E033,val_cold,area_only,2760000.0,14.535030904642067,2053448.0312203295,0.2559970901375618
T4-E033,val_cold,area_only,2760000.0,14.535030904642067,2053448.0312203295,0.2559970901375618
T4-E033,val_cold,area_only,9246000.0,16.02216131807489,9085236.742399175,0.017387330478133817
T4-E033,val_cold,area_only,2760000.0,14.535030904642067,2053448.0312203295,0.2559970901375618
T4-E033,val_cold,area_only,2484000.0,14.535030904642067,2053448.0312203295,0.17333010015284644
T4-E033,val_cold,area_only,2760000.0,15.17618202472368,3898810.344615892,0.41261244370141015
T4-E033,val_cold,area_only,2760000.0,14.535030904642067,2053448.0312203295,0.2559970901375618
T4-E033,val_cold,area_only,4830000.0,14.870331107449442,2871459.822720998,0.4054948607202903
T4-E033,val_cold,area_only,2760000.0,14.535030904642067,2053448.0312203295,0.2559970901375618
T4-E033,val_cold,area_only,1656000.0,13.729701593586189,917769.5411494648,0.4457913398855889
T4-E033,val_cold,area_only,2760000.0,14.535030904642067,2053448.0312203295,0.2559970901375618
T4-E033,val_cold,area_only,5561400.0,16.308654740779666,12099258.658284782,1.1755778505924375
T4-E033,val_cold,area_only,2000000.0,13.763196178066725,949030.4638394014,0.5254847680802992
T4-E033,val_cold,area_only,2760000.0,14.535030904642067,2053448.0312203295,0.2559970901375618
T4-E033,val_cold,area_only,8280000.0,15.789803631156554,7201526.901507795,0.13025037421403443
T4-E033,val_cold,area_only,55200000.0,16.076762105922967,9595090.370923767,0.826175899077468
T4-E033,val_cold,area_only,2760000.0,14.535030904642067,2053448.0312203295,0.2559970901375618
T4-E033,val_cold,area_only,11730000.0,15.698723498308182,6574594.744481162,0.4395059893877952
T4-E033,val_cold,area_only,2760000.0,14.535030904642067,2053448.0312203295,0.2559970901375618
T4-E033,val_cold,area_only,10626000.0,16.620018177874236,16518940.306008074,0.5545774803320228
T4-E033,val_cold,area_only,3049800.0,15.268514382413665,4275939.415010674,0.4020392861862004
T4-E033,val_cold,area_only,2760000.0,14.535030904642067,2053448.0312203295,0.2559970901375618
T4-E033,val_cold,area_only,2484000.0,14.535030904642067,2053448.0312203295,0.17333010015284644
T4-E033,val_cold,area_only,2760000.0,14.535030904642067,2053448.0312203295,0.2559970901375618
T4-E033,val_cold,area_only,8280000.0,15.248726260553125,4192158.274337752,0.49370069150510243
T4-E033,val_cold,area_only,11730000.0,15.800932896447677,7282122.256559294,0.3791882134220551
T4-E033,val_cold,area_only,22080000.0,16.454515031436443,13999260.033552809,0.365975541958659
T4-E033,val_cold,area_only,4002000.0,15.888574332172565,7949140.218554738,0.9862919086843424
T4-E033,val_cold,area_only,19320000.0,16.183988070119312,10681118.02620923,0.44714710009269
T4-E033,val_cold,area_only,35880000.0,16.80495084501067,19874555.331781153,0.4460826273193659
T4-E033,val_cold,area_only,6900000.0,15.264587464285237,4259181.076852183,0.38272738016635033
T4-E033,val_cold,area_only,6900000.0,15.35873461270754,4679653.434560807,0.3217893573100279
T4-E033,val_cold,area_only,2760000.0,14.535030904642067,2053448.0312203295,0.2559970901375618
T4-E033,val_cold,area_only,2760000.0,14.535030904642067,2053448.0312203295,0.2559970901375618
T4-E033,val_cold,area_only,2760000.0,14.535030904642067,2053448.0312203295,0.2559970901375618
T4-E033,val_cold,area_only,1380000.0,15.023833713788493,3347866.0933814584,1.4259899227401873
T4-E033,val_cold,area_only,11730000.0,15.644122710460104,6225240.975317056,0.46928891941031065
T4-E033,val_cold,area_only,6900000.0,15.35873461270754,4679653.434560807,0.3217893573100279
T4-E033,val_cold,area_only,1380000.0,15.0274340884533,3359941.390397925,1.4347401379695108
T4-E033,val_cold,area_only,2000000.0,13.763196178066725,949030.4638394014,0.5254847680802992
T4-E033,val_cold,area_only,2001000.0,15.20998667643716,4032861.2775976714,1.015422927335168
T4-E033,val_cold,area_only,2760000.0,14.535030904642067,2053448.0312203295,0.2559970901375618
T4-E033,val_cold,area_only,19320000.0,16.307646612792364,12087067.203311786,0.3743754035552906
T4-E033,val_cold,area_only,11040000.0,14.9440381318364,3091101.72871613,0.7200089013844085
T4-E033,val_cold,area_only,11730000.0,15.7463321085996,6895172.648755965,0.4121762447778376
T4-E033,val_cold,area_only,22080000.0,16.454515031436443,13999260.033552809,0.365975541958659
T4-E033,val_cold,area_only,19320000.0,16.307646612792364,12087067.203311786,0.3743754035552906
T4-E033,val_cold,area_only,7590000.0,15.237512438801785,4145410.757728414,0.45383257473933936
T4-E033,val_cold,area_only,4912800.0,15.597684772953707,5942763.227305687,0.20964892267254662
T4-E033,val_cold,area_only,2760000.0,14.535030904642067,2053448.0312203295,0.2559970901375618
T4-E033,val_cold,area_only,2760000.0,14.535030904642067,2053448.0312203295,0.2559970901375618
T4-E033,val_cold,area_only,2000000.0,13.763196178066725,949030.4638394014,0.5254847680802992
T4-E033,val_cold,area_only,12420000.0,15.644122710460104,6225240.975317056,0.49877286833196005
T4-E033,val_cold,area_only,2760000.0,14.535030904642067,2053448.0312203295,0.2559970901375618
T4-E033,val_cold,area_only,5520000.0,15.0274340884533,3359941.390397925,0.3913149655076223
T4-E033,val_cold,area_only,11730000.0,15.562881128408623,5739491.229596906,0.5106998099235374
T4-E033,val_cold,area_only,5520000.0,15.0274340884533,3359941.390397925,0.3913149655076223
T4-E033,val_cold,area_only,19320000.0,16.307646612792364,12087067.203311786,0.3743754035552906
T4-E033,val_cold,area_only,13000000.0,16.308150832265355,12093163.27471684,0.06975667117562775
T4-E033,val_cold,area_only,3450000.0,15.513617043907615,5463592.2023378415,0.5836499137211135
T4-E033,val_cold,area_only,5520000.0,15.0274340884533,3359941.390397925,0.3913149655076223
T4-E033,val_cold,area_only,5520000.0,15.0274340884533,3359941.390397925,0.3913149655076223
T4-E033,val_cold,area_only,17940000.0,16.066500761567475,9497135.279483119,0.4706167625706177
T4-E033,val_cold,area_only,2760000.0,14.535030904642067,2053448.0312203295,0.2559970901375618
T4-E033,val_cold,area_only,2760000.0,14.535030904642067,2053448.0312203295,0.2559970901375618
T4-E033,val_cold,area_only,2760000.0,14.535030904642067,2053448.0312203295,0.2559970901375618
T4-E033,val_cold,area_only,3312000.0,14.776183959027136,2613455.784898821,0.21091310842426908
T4-E033,val_cold,area_only,4140000.0,14.870331107449442,2871459.822720998,0.30641067084033863
T4-E033,val_cold,area_only,2760000.0,15.268514382413665,4275939.415010674,0.5492534112357514
T4-E033,val_cold,area_only,19320000.0,16.307646612792364,12087067.203311786,0.3743754035552906
T4-E033,val_cold,area_only,12420000.0,15.751509173263075,6930961.965291993,0.44195153258518577
T4-E033,val_cold,area_only,8280000.0,15.387149281098914,4814531.4168162355,0.41853485304151744
T4-E033,val_cold,area_only,3450000.0,14.409076290990589,1810432.4384750007,0.4752369743550723
T4-E033,val_cold,area_only,19320000.0,16.307646612792364,12087067.203311786,0.3743754035552906
T4-E033,val_cold,area_only,4830000.0,14.870331107449442,2871459.822720998,0.4054948607202903
T4-E033,val_cold,area_only,2760000.0,14.535030904642067,2053448.0312203295,0.2559970901375618
T4-E033,val_cold,area_only,4457400.0,15.978729005201918,8699090.215293579,0.9516063658845019
T4-E033,val_cold,area_only,2484000.0,14.535030904642067,2053448.0312203295,0.17333010015284644
T4-E033,val_cold,area_only,27600000.0,14.870331107449442,2871459.822720998,0.8959616006260508
T4-E033,val_cold,area_only,938400.0,14.446903429942749,1880227.6726415863,1.003652677580548
T4-E033,val_cold,area_only,11730000.0,15.7463321085996,6895172.648755965,0.4121762447778376
T4-E033,val_cold,area_only,19320000.0,16.36224740064044,12765380.300324349,0.3392660300039157
T4-E033,val_cold,area_only,2484000.0,14.535030904642067,2053448.0312203295,0.17333010015284644
T4-E033,val_cold,area_only,3450000.0,14.699123869449068,2419626.79536537,0.29865889989409566
T4-E033,val_cold,area_only,19320000.0,16.454515031436443,13999260.033552809,0.2754006193813246
T4-E033,val_cold,area_only,7000000.0,15.3567105409735,4670191.059811952,0.3328298485982926
T4-E033,val_cold,area_only,16560000.0,16.183988070119312,10681118.02620923,0.3550049501081383
T4-E033,val_cold,area_only,22080000.0,16.454515031436443,13999260.033552809,0.365975541958659
T4-E033,val_cold,area_only,2000000.0,13.76017551795347,946168.0906756909,0.5269159546621546
T4-E033,val_cold,area_only,5561400.0,16.308654740779666,12099258.658284782,1.1755778505924375
T4-E033,val_cold,area_only,34500000.0,15.968355748962054,8609318.739679137,0.7504545292846627
T4-E033,val_cold,area_only,2484000.0,14.535030904642067,2053448.0312203295,0.17333010015284644
T4-E033,val_cold,area_only,2000000.0,13.763196178066725,949030.4638394014,0.5254847680802992
T4-E033,val_cold,area_only,19320000.0,16.183988070119312,10681118.02620923,0.44714710009269
T4-E033,val_cold,area_only,20700000.0,16.15352495371798,10360643.986450288,0.4994857977560247
T4-E033,val_cold,area_only,19320000.0,16.36224740064044,12765380.300324349,0.3392660300039157
T4-E033,val_cold,area_only,1380000.0,13.77593055677238,961193.0543246204,0.3034832939676664
T4-E033,val_cold,area_only,1104000.0,13.443957809008353,689662.6258861813,0.37530559249440104
T4-E033,val_cold,area_only,966000.0,14.006873617893552,1210899.0011908722,0.2535186347731596
T4-E033,val_cold,area_only,938400.0,14.454150338759614,1893903.0032273897,1.0182257067640554
T4-E033,val_cold,area_only,662400.0,13.74360449875518,930618.3147255579,0.4049189533900331
T4-E033,val_cold,area_only,1242000.0,14.77283324111876,2604713.486464947,1.097192823240698
T4-E033,val_cold,area_only,4761000.0,15.556986890274622,5705760.806749225,0.19843747253711924
T4-E033,val_cold,area_only,662400.0,13.74360449875518,930618.3147255579,0.4049189533900331
T4-E033,val_cold,area_only,1104000.0,12.976552383677697,432160.52492400515,0.6085502491630388
T4-E033,val_cold,area_only,9660000.0,16.199628320307546,10849486.615717484,0.12313526042624055
T4-E033,val_cold,area_only,952200.0,14.539905125348861,2063481.4227523538,1.167067236664938
T4-E033,val_cold,area_only,2484000.0,15.35459168211668,4660306.06027951,0.8761296538967431
T4-E033,val_cold,area_only,11040000.0,16.735474524598917,18540619.366798535,0.6794039281520412
T4-E033,val_cold,area_only,2070000.0,14.903340249157315,2967825.97905714,0.43373235703243485
T4-E033,val_cold,area_only,2208000.0,14.229907906139568,1513458.3773482186,0.31455689431693
T4-E033,val_cold,area_only,1600000.0,14.183097227053553,1444244.96450123,0.09734689718673122
T4-E033,val_cold,area_only,2856600.0,15.372637517876532,4745168.582644662,0.6611246176029763
T4-E033,val_cold,area_only,1600000.0,14.066332031145022,1285080.642491457,0.19682459844283934
T4-E033,val_cold,area_only,1242000.0,14.469290792828064,1922795.7272088127,0.5481447078975947
T4-E033,val_cold,area_only,2484000.0,15.302654824891418,4424442.43409819,0.7811765032601408
T4-E033,val_cold,area_only,1104000.0,15.985154945904316,8755170.043031797,6.930407647673729
T4-E033,val_cold,area_only,4140000.0,15.658725476596985,6316813.693673307,0.5258004090998326
T4-E033,val_cold,area_only,372600.0,13.453001857180023,695928.2585306683,0.867762368573989
T4-E033,val_cold,area_only,4200000.0,15.359119677452435,4681455.751098794,0.11463232169018903
T4-E033,val_cold,area_only,2760000.0,13.93027855530626,1121613.1901426802,0.5936184093685941
T4-E033,val_cold,area_only,700000.0,13.79249902282859,977251.2109829445,0.39607315854706354
T4-E033,val_cold,area_only,1200000.0,13.892577187503957,1080114.0414964622,0.09990496541961484
T4-E033,val_cold,area_only,1600000.0,14.192653916464693,1458113.3273286636,0.08867917041958528
T4-E033,val_cold,area_only,6210000.0,15.372637517876532,4745168.582644662,0.23588267590263093
T4-E033,val_cold,area_only,938400.0,14.710848401850196,2448162.7465789164,1.6088690820320934
T4-E033,val_cold,area_only,4000000.0,15.66571617806958,6361127.363816413,0.5902818409541033
T4-E033,val_cold,area_only,2856600.0,15.372637517876532,4745168.582644662,0.6611246176029763
T4-E033,val_cold,area_only,2856600.0,15.372637517876532,4745168.582644662,0.6611246176029763
T4-E033,val_cold,area_only,12420000.0,16.13985625956068,10219990.973913053,0.17713438213260443
T4-E033,val_cold,area_only,1863000.0,14.619080978023277,2233501.2468494144,0.19887345509898788
T4-E033,val_cold,area_only,4002000.0,15.050077402640008,3436889.4912558384,0.1412070236742033
T4-E033,val_cold,area_only,690000.0,14.461846761205502,1908535.517588167,1.7659935037509666
T4-E033,val_cold,area_only,93840000.0,15.760235013768591,6991705.065838553,0.9254933390255909
T4-E033,val_cold,area_only,2760000.0,14.548933809811059,2082196.3036574156,0.2455810493994871
T4-E033,val_cold,area_only,1100000.0,14.019363844223307,1226118.251863916,0.11465295623992358
T4-E033,val_cold,area_only,1000000.0,14.045496795361327,1258582.6884364667,0.25858268843646676
T4-E033,val_cold,area_only,2760000.0,14.548933809811059,2082196.3036574156,0.2455810493994871
T4-E033,val_cold,area_only,6900000.0,16.052369559379507,9363873.135388823,0.35708306309982946
T4-E033,val_cold,area_only,7590000.0,15.762332800877388,7006387.569593275,0.07689228332104414
T4-E033,val_cold,area_only,2070000.0,15.041336993622291,3406980.5698634977,0.6458843332673903
T4-E033,val_cold,area_only,20700000.0,16.322557645948656,12268648.279500755,0.40731167731880413
T4-E033,val_cold,area_only,14766000.0,16.319666103458477,12233224.201498652,0.17152754967502018
T4-E033,val_cold,area_only,7590000.0,15.762332800877388,7006387.569593275,0.07689228332104414
T4-E033,val_cold,area_only,6210000.0,15.372637517876532,4745168.582644662,0.23588267590263093
T4-E033,val_cold,area_only,12420000.0,15.658025615629096,6312394.348971499,0.4917556884886072
T4-E033,val_cold,area_only,19320000.0,16.321549517961355,12256286.144158138,0.3656166592050653
T4-E033,val_cold,area_only,14766000.0,16.319666103458477,12233224.201498652,0.17152754967502018
T4-E033,val_cold,area_only,20700000.0,16.30951581603354,12109681.51729462,0.4149912310485691
T4-E033,val_cold,area_only,4830000.0,14.804019319359666,2687224.1904967697,0.44363888395512013
T4-E033,val_cold,area_only,13800000.0,14.548933809811059,2082196.3036574156,0.8491162098798973
T4-E033,val_cold,area_only,11040000.0,15.658025615629096,6312394.348971499,0.42822514954968305
T4-E033,val_cold,area_only,745200.0,14.548933809811059,2082196.3036574156,1.7941442614833811
T4-E033,val_cold,area_only,14766000.0,16.319666103458477,12233224.201498652,0.17152754967502018
T4-E033,val_cold,area_only,9522000.0,16.087702606959013,9700641.807040257,0.01876095432054793
T4-E033,val_cold,area_only,8280000.0,15.262629165722117,4250848.490178484,0.4866125011861735
T4-E033,val_cold,area_only,7590000.0,15.762332800877388,7006387.569593275,0.07689228332104414
T4-E033,val_cold,area_only,1000000.0,13.320521186964548,609577.3864600834,0.3904226135399166
T4-E033,val_cold,area_only,2760000.0,14.548933809811059,2082196.3036574156,0.2455810493994871
T4-E033,val_cold,area_only,12420000.0,15.902477237341557,8060428.18161451,0.35101222370253543
T4-E033,val_cold,area_only,4140000.0,15.658725476596985,6316813.693673307,0.5258004090998326
T4-E033,val_cold,area_only,4002000.0,15.050077402640008,3436889.4912558384,0.1412070236742033
T4-E033,val_cold,area_only,14766000.0,16.319666103458477,12233224.201498652,0.17152754967502018
T4-E033,val_cold,area_only,27600000.0,14.884234012618434,2911660.2602390936,0.8945050630348154
T4-E033,val_cold,area_only,9108000.0,15.900593822838676,8045261.341484537,0.11668189048259361
T4-E033,val_cold,area_only,13800000.0,14.548933809811059,2082196.3036574156,0.8491162098798973
T4-E033,val_cold,area_only,49680000.0,15.674744862531776,6418820.028127846,0.8707966983066053
T4-E033,val_cold,area_only,365700.0,13.486030103500243,719297.3440938042,0.9669055075028828
T4-E033,val_cold,area_only,2070000.0,14.807919506383268,2697725.3323111017,0.3032489528072955
T4-E033,val_cold,area_only,2070000.0,14.807919506383268,2697725.3323111017,0.3032489528072955
T4-E033,val_cold,area_only,2070000.0,14.807919506383268,2697725.3323111017,0.3032489528072955
T4-E033,val_cold,area_only,828000.0,14.219276600404658,1497453.565390732,0.8085187987810771
T4-E033,val_cold,area_only,828000.0,14.219276600404658,1497453.565390732,0.8085187987810771
T4-E033,val_cold,area_only,828000.0,14.219276600404658,1497453.565390732,0.8085187987810771
T4-E033,val_cold,area_only,7314000.0,16.01759511974699,9043846.31993279,0.2365116652902366
T4-E033,val_cold,area_only,735540.0,14.053535670338393,1268741.0535248562,0.7249110225478644
T4-E033,val_cold,area_only,1449000.0,14.636862023769503,2273570.414846372,0.5690617079685106
T4-E033,val_cold,area_only,828000.0,14.219276600404658,1497453.565390732,0.8085187987810771
T4-E033,val_cold,area_only,662400.0,14.019363844223307,1226118.251863916,0.8510239309539793
T4-E033,val_cold,area_only,2484000.0,15.265962917947931,4265043.413826617,0.7170062052442099
T4-E033,val_cold,area_only,3174000.0,15.136968860581389,3748884.4008549275,0.18112299963923362
T4-E033,val_cold,area_only,662400.0,14.019363844223307,1226118.251863916,0.8510239309539793
T4-E033,val_cold,area_only,1725000.0,14.814121339801094,2714508.1637989595,0.5736279210428751
T4-E033,val_cold,area_only,4278000.0,15.614877585665553,6045819.416802804,0.4132350202905105
T4-E033,val_cold,area_only,735540.0,14.053535670338393,1268741.0535248562,0.7249110225478644
T4-E033,val_cold,area_only,5000000.0,15.314984878006658,4479333.755342705,0.10413324893145896
T4-E033,val_cold,area_only,2898000.0,15.064579256544773,3487093.909267441,0.20327602114128396
T4-E033,val_cold,area_only,666540.0,14.053535670338393,1268741.0535248562,0.9034732402029229
T4-E033,val_cold,area_only,3036000.0,15.203543747709864,4006961.3650592268,0.31981599639631975
T4-E033,val_cold,area_only,3864000.0,15.228415605493238,4107871.649445711,0.06311378091245114
T4-E033,val_cold,area_only,6072000.0,15.118377955841055,3679833.0999459103,0.3939668807730714
T4-E033,val_cold,area_only,1725000.0,14.47696908752468,1937616.3451659633,0.12325585227012364
T4-E033,val_cold,area_only,2484000.0,14.943559064898237,3089621.2387306183,0.24380887227480608
T4-E033,val_cold,area_only,662400.0,14.019363844223307,1226118.251863916,0.8510239309539793
T4-E033,val_cold,area_only,2760000.0,14.991595072853519,3241656.6630700734,0.17451328372104108
T4-E033,val_cold,area_only,2346000.0,14.619080978023277,2233501.2468494144,0.04795343271550962
T4-E033,val_cold,area_only,3450000.0,15.265962917947931,4265043.413826617,0.23624446777583114
T4-E033,val_cold,area_only,2346000.0,14.619080978023277,2233501.2468494144,0.04795343271550962
T4-E033,val_cold,area_only,2070000.0,14.927848866455552,3041461.9623648943,0.4693052958284514
T4-E033,val_cold,area_only,8418000.0,15.792293097638463,7219477.195404675,0.14237619441617072
T4-E033,val_cold,area_only,4140000.0,15.062841170142615,3481038.3028687355,0.15916949206069192
T4-E033,val_cold,area_only,2760000.0,15.2373590959037,4144775.1371642696,0.5017301221609672
T4-E033,val_cold,area_only,2760000.0,15.734797158931725,6816094.139428113,1.469599325879751
T4-E033,val_cold,area_only,2484000.0,15.265962917947931,4265043.413826617,0.7170062052442099
T4-E033,val_cold,area_only,6210000.0,15.283577061411311,4340834.034282201,0.30099290913330096
T4-E033,val_cold,area_only,4140000.0,14.2362745786574,1523124.8100599141,0.6320954565072671
T4-E033,val_cold,area_only,6210000.0,15.283577061411311,4340834.034282201,0.30099290913330096
T4-E033,val_cold,area_only,2760000.0,14.991595072853519,3241656.6630700734,0.17451328372104108
T4-E033,val_cold,area_only,2622000.0,14.9440381318364,3091101.72871613,0.17890988890775358
T4-E033,val_cold,area_only,1725000.0,14.814121339801094,2714508.1637989595,0.5736279210428751
T4-E033,val_cold,area_only,4140000.0,14.765325491850026,2585231.1763534807,0.37554802503539114
T4-E033,val_cold,area_only,2760000.0,15.605638221323062,5990217.148812197,1.1703685321783324
T4-E033,val_cold,area_only,6210000.0,15.283577061411311,4340834.034282201,0.30099290913330096
T4-E033,val_cold,area_only,1656000.0,13.731285512849983,919224.3658637047,0.44491282254607206
T4-E033,val_cold,area_only,1242000.0,13.427563564630098,678448.3045935612,0.4537453264142019
T4-E033,val_cold,area_only,2070000.0,13.931612827222352,1123110.7259608305,0.45743443190298044
T4-E033,val_cold,area_only,1656000.0,13.962990622369318,1158910.1810354986,0.3001750114519936
T4-E033,val_cold,area_only,1380000.0,13.58128767820472,791185.4570184792,0.42667720505907303
T4-E033,val_cold,area_only,1794000.0,14.147649665248004,1393946.7431712307,0.2229951264374411
T4-E033,val_cold,area_only,2070000.0,14.08224775893182,1305697.2652608135,0.3692283742701384
T4-E033,val_cold,area_only,2346000.0,14.514629911454278,2011980.0838186261,0.1423784808957263
T4-E033,val_cold,area_only,1794000.0,14.148812779508543,1395569.0057621337,0.22209085520505364
T4-E033,val_cold,area_only,1794000.0,14.147649665248004,1393946.7431712307,0.2229951264374411
T4-E033,val_cold,area_only,3312000.0,14.480113303762783,1943718.2177180557,0.4131285574522779
T4-E033,val_cold,area_only,1932000.0,14.08515534559008,1309499.217783734,0.32220537381794306
T4-E033,val_cold,area_only,1656000.0,13.828514442091093,1013088.802317554,0.38823139956669445
T4-E033,val_cold,area_only,10074000.0,15.817847314091836,7406342.710478426,0.2648061633434161
T4-E033,val_cold,area_only,8280000.0,14.651441941635888,2306961.7144530383,0.7213814354525316
T4-E033,val_cold,area_only,5520000.0,15.149104089603428,3794655.129075009,0.3125624766168462
T4-E033,val_cold,area_only,6762000.0,13.172232377400805,525566.6944393662,0.9222764427034359
T4-E033,val_cold,area_only,650000.0,13.773913654243016,959256.3753250494,0.47577903896161444
T4-E033,val_cold,area_only,1021200.0,14.291562971701532,1609707.3845272968,0.5762900357689941
T4-E033,val_cold,area_only,2553000.0,14.933286940030996,3058046.7099607615,0.19782479826116783
T4-E033,val_cold,area_only,1380000.0,16.10831464263259,9902666.701616887,6.175845435954266
T4-E033,val_cold,area_only,18906000.0,16.363255528627743,12778255.926522732,0.3241163690615291
T4-E033,val_cold,area_only,5934000.0,15.413335400555617,4942270.507896239,0.16712664174313466
T4-E033,val_cold,area_only,5934000.0,15.597684772953707,5942763.227305687,0.0014767824916897595
T4-E033,val_cold,area_only,9936000.0,15.597684772953707,5942763.227305687,0.401895810456352
T4-E033,val_cold,area_only,19527000.0,16.290707969285908,11884052.928141465,0.3914040596025265
T4-E033,val_cold,area_only,19527000.0,16.3716534721065,12886018.85771836,0.34009223855592974
T4-E033,val_cold,area_only,19527000.0,16.3716534721065,12886018.85771836,0.34009223855592974
T4-E033,val_cold,area_only,19527000.0,16.3716534721065,12886018.85771836,0.34009223855592974
T4-E033,val_cold,area_only,11730000.0,15.801632757415565,7287220.513517478,0.3787535794102747
T4-E033,val_cold,area_only,2001000.0,13.612124833353736,815963.4435353951,0.5922221671487281
T4-E033,val_cold,area_only,2001000.0,13.612124833353736,815963.4435353951,0.5922221671487281
T4-E033,val_cold,area_only,690000.0,13.032565502716702,457057.96628398116,0.33759715031307075
T4-E033,val_cold,area_only,20010000.0,16.290707969285908,11884052.928141465,0.4060943064397069
T4-E033,val_cold,area_only,8280000.0,15.417598605877746,4963385.398405591,0.4005573190331412
T4-E033,val_cold,area_only,16560000.0,15.98396059292103,8744719.521619719,0.471937226955331
T4-E033,val_cold,area_only,2400000.0,14.640162736965168,2281087.2172960015,0.04954699279333271
T4-E033,val_cold,area_only,2400000.0,14.640162736965168,2281087.2172960015,0.04954699279333271
T4-E033,val_cold,area_only,11040000.0,15.668012960731724,6375754.281853186,0.42248602519445777
T4-E033,val_cold,area_only,800000.0,13.247505177181242,566654.572328714,0.29168178458910754
T4-E033,val_cold,area_only,11730000.0,15.801632757415565,7287220.513517478,0.3787535794102747
T4-E033,val_cold,area_only,6348000.0,15.082034876301377,3548497.6556991595,0.4410054102553309
T4-E033,val_cold,area_only,11730000.0,15.801632757415565,7287220.513517478,0.3787535794102747
T4-E033,val_cold,area_only,690000.0,13.032565502716702,457057.96628398116,0.33759715031307075
T4-E033,val_cold,area_only,690000.0,13.032565502716702,457057.96628398116,0.33759715031307075
T4-E033,val_cold,area_only,690000.0,13.032565502716702,457057.96628398116,0.33759715031307075
T4-E033,val_cold,area_only,690000.0,13.032565502716702,457057.96628398116,0.33759715031307075
T4-E033,val_cold,area_only,2070000.0,14.71382408315513,2455458.5483022444,0.18621185908320986
T4-E033,val_cold,area_only,2070000.0,14.76075110003193,2573432.3228761903,0.2432040207131354
T4-E033,val_cold,area_only,2070000.0,14.76075110003193,2573432.3228761903,0.2432040207131354
T4-E033,val_cold,area_only,2000000.0,14.497434474417773,1977678.9635298937,0.011160518235053169
T4-E033,val_cold,area_only,2000000.0,14.497434474417773,1977678.9635298937,0.011160518235053169
T4-E033,val_cold,area_only,700000.0,13.28965657808706,591050.4036332285,0.1556422805239593
T4-E033,val_cold,area_only,700000.0,13.247505177181242,566654.572328714,0.1904934681018372
T4-E033,val_cold,area_only,6900000.0,15.35873461270754,4679653.434560807,0.3217893573100279
T4-E033,val_cold,area_only,3036000.0,14.589631692490144,2168685.3067465024,0.2856767764339584
T4-E033,val_cold,area_only,2070000.0,14.368312981065914,1738117.1386444774,0.16032988471281287
T4-E033,val_cold,area_only,2070000.0,14.337494001797623,1685367.167846723,0.18581296239288744
T4-E033,val_cold,area_only,1104000.0,13.495320896551249,726011.3276807443,0.3423810437674417
T4-E033,val_cold,area_only,8000000.0,16.162466510250123,10453699.681750767,0.30671246021884585
T4-E033,val_cold,area_only,700000.0,13.418582100982752,672382.1281589557,0.039454102630063256
T4-E033,val_cold,area_only,4500000.0,15.466185862338072,5210497.310983846,0.15788829132974355
T4-E033,val_cold,area_only,4500000.0,15.466185862338072,5210497.310983846,0.15788829132974355
T4-E033,val_cold,area_only,345000000.0,15.746589501536944,6896947.645923593,0.98000884740312
T4-E033,val_cold,area_only,800000.0,14.146170623908162,1391886.562234494,0.7398582027931174
T4-E033,val_cold,area_only,800000.0,14.326079846014549,1666239.4952257948,1.0827993690322435
T4-E033,val_cold,area_only,4000000.0,15.32870939004067,4541234.230641753,0.13530855766043837
T4-E033,val_cold,area_only,2000000.0,15.001120289079145,3272681.669086527,0.6363408345432635
T4-E033,val_cold,area_only,4000000.0,15.198102414379163,3985217.364456178,0.0036956588859554614
T4-E033,val_cold,area_only,800000.0,13.465167158277355,704446.141594161,0.11944232300729869
T4-E033,val_cold,area_only,800000.0,14.326079846014549,1666239.4952257948,1.0827993690322435
T4-E033,val_cold,area_only,2000000.0,15.001120289079145,3272681.669086527,0.6363408345432635
T4-E033,val_cold,area_only,4000000.0,15.198102414379163,3985217.364456178,0.0036956588859554614
T4-E033,val_cold,area_only,800000.0,14.146170623908162,1391886.562234494,0.7398582027931174
T4-E033,val_cold,area_only,800000.0,14.146170623908162,1391886.562234494,0.7398582027931174
T4-E033,val_cold,area_only,800000.0,14.326079846014549,1666239.4952257948,1.0827993690322435
T4-E033,val_cold,area_only,800000.0,13.562746806803007,776651.3431295392,0.029185821088076044
T4-E033,val_cold,area_only,800000.0,14.326079846014549,1666239.4952257948,1.0827993690322435
T4-E033,val_cold,area_only,800000.0,14.326079846014549,1666239.4952257948,1.0827993690322435
T4-E033,val_cold,area_only,2500000.0,15.384591884237922,4802234.480059571,0.9208937920238283
T4-E033,val_cold,area_only,800000.0,14.146170623908162,1391886.562234494,0.7398582027931174
T4-E033,val_cold,area_only,800000.0,14.146170623908162,1391886.562234494,0.7398582027931174
T4-E033,val_cold,area_only,800000.0,14.326079846014549,1666239.4952257948,1.0827993690322435
T4-E033,val_cold,area_only,800000.0,14.146170623908162,1391886.562234494,0.7398582027931174
T4-E033,val_cold,area_only,800000.0,13.465167158277355,704446.141594161,0.11944232300729869
T4-E033,val_cold,area_only,800000.0,14.146170623908162,1391886.562234494,0.7398582027931174
T4-E033,val_cold,area_only,800000.0,14.326079846014549,1666239.4952257948,1.0827993690322435
T4-E033,val_cold,area_only,800000.0,14.326079846014549,1666239.4952257948,1.0827993690322435
T4-E033,val_cold,area_only,4000000.0,15.198102414379163,3985217.364456178,0.0036956588859554614
T4-E033,val_cold,area_only,800000.0,14.326079846014549,1666239.4952257948,1.0827993690322435
T4-E033,val_cold,area_only,2500000.0,15.384591884237922,4802234.480059571,0.9208937920238283
T4-E033,val_cold,area_only,4000000.0,15.198102414379163,3985217.364456178,0.0036956588859554614
T4-E033,val_cold,area_only,800000.0,14.326079846014549,1666239.4952257948,1.0827993690322435
T4-E033,val_cold,area_only,800000.0,14.326079846014549,1666239.4952257948,1.0827993690322435
T4-E033,val_cold,area_only,2500000.0,15.384591884237922,4802234.480059571,0.9208937920238283
T4-E033,val_cold,area_only,800000.0,14.146170623908162,1391886.562234494,0.7398582027931174
T4-E033,val_cold,area_only,6000000.0,16.409497104471676,13383017.420570955,1.2305029034284924
T4-E033,val_cold,area_only,800000.0,13.99154332691658,1192477.1342367698,0.4905964177959622
T4-E033,val_cold,area_only,800000.0,14.326079846014549,1666239.4952257948,1.0827993690322435
T4-E033,val_cold,area_only,4500000.0,15.46812965035277,5220635.263030364,0.16014116956230315
T4-E033,val_cold,area_only,12000000.0,16.410895030612586,13401738.973092465,0.11681158109103873
T4-E033,val_cold,area_only,3000000.0,15.141306329794118,3765180.387647323,0.25506012921577426
T4-E033,val_cold,area_only,7500000.0,15.853561728031497,7675636.104217373,0.023418147228983045
T4-E033,val_cold,area_only,7500000.0,15.853561728031497,7675636.104217373,0.023418147228983045
T4-E033,val_cold,area_only,450000.0,13.172232377400805,525566.6944393662,0.16792598764303607
T4-E033,val_cold,area_only,7500000.0,15.7482939821041,6908713.383545792,0.07883821552722776
T4-E033,val_cold,area_only,12000000.0,16.410895030612586,13401738.973092465,0.11681158109103873
T4-E033,val_cold,area_only,12000000.0,16.410895030612586,13401738.973092465,0.11681158109103873
T4-E033,val_cold,area_only,12000000.0,16.60085362443934,16205376.44460294,0.350448037050245
T4-E033,val_cold,area_only,7500000.0,15.854459133536373,7682527.353970974,0.024336980529463165
T4-E033,val_cold,area_only,20000000.0,16.76665650611398,19127860.710290283,0.04360696448548585
T4-E033,val_cold,area_only,50000000.0,17.664319017411504,46937102.43743871,0.06125795125122577
T4-E033,val_cold,area_only,7500000.0,15.7482939821041,6908713.383545792,0.07883821552722776
T4-E033,val_cold,area_only,3000000.0,15.141306329794118,3765180.387647323,0.25506012921577426
T4-E033,val_cold,area_only,3000000.0,15.141306329794118,3765180.387647323,0.25506012921577426
T4-E033,val_cold,area_only,2000000.0,13.751011193211578,937536.7098295281,0.5312316450852359
T4-E033,val_cold,area_only,700000.0,13.235589006979348,559942.2917637222,0.20008244033753972
T4-E033,val_cold,area_only,700000.0,13.228945981525934,556234.9086212092,0.20537870196970112
T4-E033,val_cold,area_only,8500000.0,15.495851713547047,5367386.772772551,0.36854273261499404
T4-E033,val_cold,area_only,4000000.0,14.682983950883665,2380887.6799616646,0.4047780800095839
T4-E033,val_cold,area_only,20000000.0,16.422184516581524,13553894.982704557,0.32230525086477213
T4-E033,val_cold,area_only,20000000.0,16.422184516581524,13553894.982704557,0.32230525086477213
T4-E033,val_cold,area_only,700000.0,13.212098217012018,546942.0952426014,0.21865414965342664
T4-E033,val_cold,area_only,12000000.0,15.852163801890589,7664913.628220083,0.3612571976483264
T4-E033,val_cold,area_only,700000.0,13.212098217012018,546942.0952426014,0.21865414965342664
T4-E033,val_cold,area_only,700000.0,13.12635522699302,501999.91381622263,0.2828572659768248
T4-E033,val_cold,area_only,12000000.0,15.852163801890589,7664913.628220083,0.3612571976483264
T4-E033,val_cold,area_only,12000000.0,15.852163801890589,7664913.628220083,0.3612571976483264
T4-E033,val_cold,area_only,20000000.0,16.422184516581524,13553894.982704557,0.32230525086477213
T4-E033,val_cold,area_only,20000000.0,16.336873441683803,12445546.943633595,0.37772265281832024
T4-E033,val_cold,area_only,6500000.0,15.1325659207764,3732414.5729393912,0.4257823733939398
T4-E033,val_cold,area_only,17000000.0,16.03896884109164,9239227.544947723,0.456516026767781
T4-E033,val_cold,area_only,700000.0,13.18841285920711,534139.7881287545,0.23694315981606504
T4-E033,val_cold,area_only,700000.0,13.205260623721024,543215.0840555882,0.22397845134915967
T4-E033,val_cold,area_only,300000.0,13.453818536538423,696496.8409174844,1.3216561363916146
T4-E033,val_cold,area_only,8600000.0,16.624308958045006,16589971.728646394,0.9290664800751621
T4-E033,val_cold,area_only,480000.0,13.879523989524131,1066106.7181415376,1.22105566279487
T4-E033,val_cold,area_only,8600000.0,16.620018177874236,16518940.306008074,0.9208070123265203
T4-E033,val_cold,area_only,9000000.0,16.729125027011797,18423268.702006828,1.0470298557785365
T4-E033,val_cold,area_only,2400000.0,15.296323011641368,4396516.196033157,0.8318817483471489
T4-E033,val_cold,area_only,4000000.0,15.801632757415565,7287220.513517478,0.8218051283793694
T4-E033,val_cold,area_only,1200000.0,14.686792603261022,2389972.943807603,0.991644119839669
T4-E033,val_cold,area_only,9000000.0,16.735474524598917,18540619.366798535,1.0600688185331706
T4-E033,val_cold,area_only,2400000.0,15.314566395216435,4477459.623427754,0.865608176428231
T4-E033,val_cold,area_only,2400000.0,15.302654824891418,4424442.43409819,0.8435176808742457
T4-E033,val_cold,area_only,8600000.0,16.66155225929452,17219486.891778745,1.0022659176486912
T4-E033,val_cold,area_only,9000000.0,16.660827355242784,17207008.93916769,0.9118898821297433
T4-E033,val_cold,area_only,400000.0,13.38524174997125,650334.256179172,0.6258356404479299
T4-E033,val_cold,area_only,1040000.0,14.77283324111876,2604713.486464947,1.5045321985239875
T4-E033,val_cold,area_only,100000.0,12.6515784073477,312255.9263613601,2.122559263613601
T4-E033,val_cold,area_only,400000.0,13.446658486738903,691527.6997296008,0.728819249324002
T4-E033,val_cold,area_only,2400000.0,15.138285682188005,3753824.264580507,0.5640934435752112
T4-E033,val_cold,area_only,960000.0,14.642915732478976,2287375.692271832,1.3826830127831582
T4-E033,val_cold,area_only,300000.0,13.277454870798714,583882.3994914363,0.9462746649714544
T4-E033,val_cold,area_only,640000.0,14.31562887176127,1648916.3487138348,1.5764317948653668
T4-E033,val_cold,area_only,300000.0,13.886571637280834,1073646.8014785417,2.578822671595139
T4-E033,val_cold,area_only,2400000.0,15.35459168211668,4660306.06027951,0.9417941917831292
T4-E033,val_cold,area_only,2800000.0,15.37387414505378,4751040.216837525,0.6968000774419734
T4-E033,val_cold,area_only,7200000.0,16.28693685895203,11839321.250393657,0.6443501736657857
T4-E033,val_cold,area_only,4186400.0,15.888574332172565,7949140.218554738,0.8988009312427714
T4-E033,val_cold,area_only,928700.0,14.44794385603651,1882184.9285879347,1.0266877663270537
T4-E033,val_cold,area_only,1476700.0,14.870331107449442,2871459.822720998,0.944511290526849
T4-E033,val_cold,area_only,3075100.0,15.644822571427992,6229599.303425348,1.0258200720059016
T4-E033,val_cold,area_only,989600.0,14.282423013226378,1595061.7580409448,0.6118247352879393
T4-E033,val_cold,area_only,989600.0,14.535030904642067,2053448.0312203295,1.0750283258087403
T4-E033,val_cold,area_only,989600.0,14.44794385603651,1882184.9285879347,0.9019653684194975
T4-E033,val_cold,area_only,6135000.0,16.308654740779666,12099258.658284782,0.9721693004539171
T4-E033,val_cold,area_only,4917100.0,15.978729005201918,8699090.215293579,0.7691505593324477
T4-E033,val_cold,area_only,6135000.0,16.308654740779666,12099258.658284782,0.9721693004539171
T4-E033,val_cold,area_only,593800.0,13.981610820889143,1180691.4753696213,0.9883655698376916
T4-E033,val_cold,area_only,822100.0,14.261028083913192,1561297.9990135669,0.8991582520539677
T4-E033,val_cold,area_only,1476700.0,14.917941911494372,3011479.100348227,1.039330331379581
T4-E033,val_cold,area_only,2207400.0,15.20998667643716,4032861.2775976714,0.8269734880844756
T4-E033,val_cold,area_only,989600.0,14.44794385603651,1882184.9285879347,0.9019653684194975
T4-E033,val_cold,area_only,600000.0,13.519860651045736,744047.8684393421,0.24007978073223687
T4-E033,val_cold,area_only,600000.0,13.479134808318044,714354.6368785718,0.19059106146428637
T4-E033,val_cold,area_only,600000.0,13.60893544962179,813365.1686530478,0.3556086144217463
T4-E033,val_cold,area_only,800000.0,13.781246212543804,966316.0296550075,0.20789503706875942
T4-E033,val_cold,area_only,800000.0,13.863211543419984,1048856.9849374273,0.31107123117178415
T4-E033,val_cold,area_only,600000.0,14.074487783197105,1295604.2974058206,1.1593404956763675
T4-E033,val_cold,area_only,600000.0,13.516188340908863,741320.5048373253,0.2355341747288755
T4-E033,val_cold,area_only,800000.0,13.784302381434266,969273.7720211457,0.2115922150264321
T4-E033,val_cold,area_only,600000.0,13.518981805612844,743394.2526240178,0.23899042104002963
T4-E033,val_cold,area_only,1000000.0,14.416066274793733,1823131.6638797375,0.8231316638797375
T4-E033,val_cold,area_only,800000.0,13.772874396125744,958259.97819703,0.19782497274628752
T4-E033,val_cold,area_only,800000.0,13.564827802437732,778269.2340123648,0.027163457484544053
T4-E033,val_cold,area_only,600000.0,13.209728389287184,545647.4713251358,0.09058754779144035
T4-E033,val_cold,area_only,800000.0,13.519860651045736,744047.8684393421,0.06994016445082234
T4-E033,val_cold,area_only,600000.0,13.646912227948746,844848.1853992831,0.4080803089988051
T4-E033,val_cold,area_only,800000.0,14.00338434125461,1206681.202406608,0.50835150300826
T4-E033,val_cold,area_only,600000.0,13.479134808318044,714354.6368785718,0.19059106146428637
T4-E033,val_cold,area_only,600000.0,13.264451791740294,576339.2786705338,0.03943453554911035
T4-E033,val_cold,area_only,800000.0,13.256941133201366,572026.8061722562,0.2849664922846797
T4-E033,val_cold,area_only,600000.0,13.380017026075013,646945.3001394062,0.07824216689901038
T4-E033,val_cold,area_only,600000.0,13.277184714529083,583724.6813057243,0.027125531157126147
T4-E033,val_cold,area_only,600000.0,13.479134808318044,714354.6368785718,0.19059106146428637
T4-E033,val_cold,area_only,21312500.0,15.828275831071178,7483984.019394894,0.6488453246031721
T4-E033,val_cold,area_only,22834800.0,15.890668188739589,7965802.015622721,0.6511551659912624
T4-E033,val_cold,area_only,6089300.0,14.758614233247398,2567939.112043337,0.5782866483761127
T4-E033,val_cold,area_only,30446400.0,16.15957635532542,10423530.487956457,0.6576432521428984
T4-E033,val_cold,area_only,22834800.0,15.890668188739589,7965802.015622721,0.6511551659912624
T4-E033,val_cold,area_only,22834800.0,15.892231687608948,7978266.27945979,0.6506093208847991
T4-E033,val_cold,area_only,12178600.0,15.593214368282135,5916255.964053587,0.5142088611126413
T4-E033,val_cold,area_only,3653600.0,14.428207189268141,1845401.0613665192,0.49490884022155707
T4-E033,val_cold,area_only,16745600.0,15.65538326426994,6295736.802421289,0.6240363556742494
T4-E033,val_cold,area_only,21312500.0,15.828275831071178,7483984.019394894,0.6488453246031721
T4-E033,val_cold,area_only,18267900.0,15.892231687608948,7978266.27945979,0.5632630855511696
T4-E033,val_cold,area_only,21312500.0,15.828275831071178,7483984.019394894,0.6488453246031721
T4-E033,val_cold,area_only,60892800.0,16.705306462203446,17989637.61806824,0.7045687237560394
T4-E033,val_cold,area_only,42625000.0,16.457477038047255,14040787.406133082,0.6705973629059687
T4-E033,val_cold,area_only,3805800.0,14.522659290183372,2028200.0649497362,0.4670765502785916
T4-E033,val_cold,area_only,98950800.0,17.159413502860808,28329479.6125424,0.7137013585282546
T4-E033,val_cold,area_only,11417400.0,15.358152905493094,4676932.038001563,0.5903680314255817
T4-E033,val_cold,area_only,45669600.0,16.457030175782872,14034514.509743787,0.6926946040748378
T4-E033,val_cold,area_only,22834800.0,16.01780350077085,9045731.082256105,0.6038620402956845
T4-E033,val_cold,area_only,16745600.0,15.65538326426994,6295736.802421289,0.6240363556742494
T4-E033,val_cold,area_only,9134000.0,15.17636104090226,3899508.357220702,0.5730776924435405
T4-E033,val_cold,area_only,27401800.0,16.15957635532542,10423530.487956457,0.6196041687788226
T4-E033,val_cold,area_only,9134000.0,15.17636104090226,3899508.357220702,0.5730776924435405
T4-E033,val_cold,area_only,11417400.0,15.358152905493094,4676932.038001563,0.5903680314255817
T4-E033,val_cold,area_only,5328200.0,15.359119677452435,4681455.751098794,0.12138137624361062
T4-E033,val_cold,area_only,776400.0,13.798463192594348,983097.1187734093,0.2662250370600326
T4-E033,val_cold,area_only,900000.0,14.424262916188058,1838136.6315036896,1.0423740350040995
T4-E033,val_cold,area_only,7916100.0,15.925481664495718,8248002.967769381,0.041927586534957956
T4-E033,val_cold,area_only,2511900.0,15.041336993622291,3406980.5698634977,0.3563360682604792
T4-E033,val_cold,area_only,395900.0,13.424187472653571,676161.6628442935,0.7079102370403979
T4-E033,val_cold,area_only,2207400.0,14.889890171090059,2928175.735127732,0.3265270160042277
T4-E033,val_cold,area_only,989600.0,14.424262916188058,1838136.6315036896,0.8574541547127017
T4-E033,val_cold,area_only,3805800.0,15.346451398419827,4622523.834486903,0.2145997778356463
T4-E033,val_cold,area_only,1674600.0,14.715697600831087,2460063.2054014136,0.4690452677662807
T4-E033,val_cold,area_only,1248400.0,14.261028083913192,1561297.9990135669,0.2506392174091372
T4-E033,val_cold,area_only,3714500.0,15.362997818029669,4699646.344648306,0.2652164072279731
T4-E033,val_cold,area_only,6180700.0,15.502604927048607,5403756.549806278,0.12570476648174508
T4-E033,val_cold,area_only,1248400.0,14.261028083913192,1561297.9990135669,0.2506392174091372
T4-E033,val_cold,area_only,6180700.0,15.502604927048607,5403756.549806278,0.12570476648174508
T4-E033,val_cold,area_only,7429000.0,15.925096599750823,8244827.564017955,0.10981660573670148
T4-E033,val_cold,area_only,3714500.0,15.359633004914656,4683859.48779825,0.26096634481040526
T4-E033,val_cold,area_only,12361300.0,16.184708288438355,10688813.533969741,0.13530020839476906
T4-E033,val_cold,area_only,2481400.0,15.030798901568312,3371266.007178801,0.35861449471217904
T4-E033,val_cold,area_only,1248400.0,14.261028083913192,1561297.9990135669,0.2506392174091372
T4-E033,val_cold,area_only,1248400.0,14.261028083913192,1561297.9990135669,0.2506392174091372
T4-E033,val_cold,area_only,1491900.0,14.30889945019288,1637857.3475467993,0.09783319763174432
T4-E033,val_cold,area_only,2481400.0,15.0274340884533,3359941.390397925,0.3540506933174518
T4-E033,val_cold,area_only,1248400.0,14.261028083913192,1561297.9990135669,0.2506392174091372
T4-E033,val_cold,area_only,1248400.0,14.261028083913192,1561297.9990135669,0.2506392174091372
T4-E033,val_cold,area_only,6180700.0,15.502604927048607,5403756.549806278,0.12570476648174508
T4-E033,val_cold,area_only,4947600.0,15.517934676544204,5487232.985726775,0.10906964704640122
T4-E033,val_cold,area_only,12361300.0,16.184708288438355,10688813.533969741,0.13530020839476906
T4-E033,val_cold,area_only,6000000.0,15.62370949032696,6099452.007834712,0.016575334639118675
T4-E033,val_cold,area_only,2500000.0,14.781827408605425,2628246.386598565,0.05129855463942606
T4-E033,val_cold,area_only,6000000.0,15.62370949032696,6099452.007834712,0.016575334639118675
T4-E033,val_cold,area_only,6000000.0,15.409688453595775,4924279.13622263,0.1792868106295617
T4-E033,val_cold,area_only,1500000.0,14.372609942960613,1745601.8309602241,0.16373455397348277
T4-E033,val_cold,area_only,6000000.0,15.409688453595775,4924279.13622263,0.1792868106295617
T4-E033,val_cold,area_only,2500000.0,14.8664687285381,2860390.5474854973,0.14415621899419892
T4-E033,val_cold,area_only,6000000.0,15.409688453595775,4924279.13622263,0.1792868106295617
T4-E033,val_cold,area_only,2500000.0,14.8664687285381,2860390.5474854973,0.14415621899419892
T4-E033,val_cold,area_only,1500000.0,14.372609942960613,1745601.8309602241,0.16373455397348277
T4-E033,val_cold,area_only,8000000.0,15.925524522741352,8248356.470281753,0.031044558785219094
T4-E033,val_cold,area_only,9000000.0,15.925524522741352,8248356.470281753,0.08351594774647192
T4-E033,val_cold,area_only,1500000.0,14.372609942960613,1745601.8309602241,0.16373455397348277
T4-E033,val_cold,area_only,6000000.0,15.62370949032696,6099452.007834712,0.016575334639118675
T4-E033,val_cold,area_only,6000000.0,15.409688453595775,4924279.13622263,0.1792868106295617
T4-E033,val_cold,area_only,8000000.0,15.925524522741352,8248356.470281753,0.031044558785219094
T4-E033,val_cold,area_only,3021900.0,15.230782812571757,4117607.3509563887,0.36258888479313967
T4-E033,val_cold,area_only,9155000.0,14.334156986234774,1679752.4447979103,0.8165207597162304
T4-E033,val_cold,area_only,50625000.0,15.279500215809332,4323173.148953263,0.9146039871811702
T4-E033,val_cold,area_only,50625000.0,15.513796666383005,5464573.67443833,0.8920578039617121
T4-E033,val_cold,area_only,50625000.0,14.741479369139523,2524312.6584001654,0.950137033908145
T4-E033,val_cold,area_only,24300000.0,12.068709038061641,174330.64577606527,0.9928258993507791
T4-E033,val_cold,area_only,10125000.0,11.012006922625583,60597.379141107245,0.9940150736650758
T4-E033,val_cold,area_only,16200000.0,11.816799810758686,135509.8771523712,0.9916351927683722
T4-E033,val_cold,area_only,14175000.0,11.518854433261133,100594.65794114568,0.9929033751011538
T4-E033,val_cold,area_only,19237500.0,13.984588909741783,1184212.9204763903,0.9384424732695833
T4-E033,val_cold,area_only,2664100.0,13.720586423657881,909441.9272937136,0.6586307093225804
T4-E033,val_cold,area_only,650000.0,13.484655691687438,718309.4123951788,0.10509140368489048
T4-E033,val_cold,area_only,650000.0,13.484655691687438,718309.4123951788,0.10509140368489048
T4-E033,val_cold,area_only,5500000.0,16.507653692561043,14763281.740442008,1.6842330437167288
T4-E033,val_cold,area_only,3500000.0,15.987152345534463,8772675.092907844,1.5064785979736697
T4-E033,val_cold,area_only,3200000.0,15.9796973875989,8707518.341293622,1.7210994816542569
T4-E033,val_cold,area_only,650000.0,13.756902325641452,943076.1635519795,0.4508864054645838
T4-E033,val_cold,area_only,3000000.0,15.556986890274622,5705760.806749225,0.9019202689164082
T4-E033,val_cold,area_only,2500000.0,14.724627609170941,2482129.9719039146,0.007148011238434166
T4-E033,val_cold,area_only,7000000.0,16.319666103458477,12233224.201498652,0.7476034573569502
T4-E033,val_cold,area_only,3500000.0,15.576784033577615,5819844.106811266,0.6628126019460762
T4-E033,val_cold,area_only,1000000.0,13.398016940445261,658695.6959473751,0.34130430405262485
T4-E033,val_cold,area_only,7000000.0,16.078538992692753,9612154.916451491,0.37316498806449877
T4-E033,val_cold,area_only,1000000.0,13.377884218303667,645566.9605648016,0.35443303943519844
T4-E033,val_cold,area_only,5328200.0,15.525026616181238,5526286.429484176,0.03717698837959845
T4-E033,val_cold,area_only,3805800.0,15.362997818029669,4699646.344648306,0.23486424526993174
T4-E033,val_cold,area_only,3805800.0,15.216260664546978,4058242.940168464,0.06633111045469128
T4-E033,val_cold,area_only,6850500.0,15.886690917669682,7934182.78252911,0.158190319324007
T4-E033,val_cold,area_only,6850500.0,15.886690917669682,7934182.78252911,0.158190319324007
T4-E033,val_cold,area_only,3000000.0,14.472718795105424,1929398.3858392315,0.3568672047202561
T4-E033,val_cold,area_only,13000000.0,14.818742017317987,2727080.0535969445,0.7902246112617736
T4-E033,val_cold,area_only,3000000.0,14.472718795105424,1929398.3858392315,0.3568672047202561
T4-E033,val_cold,area_only,35000000.0,15.395532346018054,4855061.592428128,0.8612839545020534
T4-E033,val_cold,area_only,32000000.0,15.223439038118029,4087479.333367686,0.8722662708322598
T4-E033,val_cold,area_only,11861000.0,16.232078165112863,11207325.277570391,0.05511126569678854
T4-E033,val_cold,area_only,11861000.0,16.232078165112863,11207325.277570391,0.05511126569678854
T4-E033,val_cold,area_only,11861000.0,16.232078165112863,11207325.277570391,0.05511126569678854
T4-E033,val_cold,area_only,427000.0,11.86996114861884,142908.68639775328,0.6653192356024513
T4-E033,val_cold,area_only,7116600.0,15.814688866818358,7382987.07073232,0.03743178915947499
T4-E033,val_cold,area_only,900000.0,15.579971389417857,5838423.614936805,5.4871373499297835
T4-E033,val_cold,area_only,950000.0,15.04729150746463,3427328.002240959,2.6077136865694306
T4-E033,val_cold,area_only,950000.0,15.747031969567487,6899999.999999997,6.263157894736839
T4-E033,val_cold,area_only,600000.0,13.645245362806412,843441.1104363697,0.4057351840606161
T4-E033,val_cold,area_only,950000.0,15.747031969567487,6899999.999999997,6.263157894736839
T4-E033,val_cold,area_only,800000.0,14.045496795361327,1258582.6884364667,0.5732283605455835
T4-E033,val_cold,area_only,480000.0,13.419646710423335,673098.3336922138,0.402288195192112
T4-E033,val_cold,area_only,2400000.0,15.780357656657104,7133821.736095494,1.9724257233731224
T4-E033,val_cold,area_only,480000.0,13.419646710423335,673098.3336922138,0.402288195192112
T4-E033,val_cold,area_only,2435800.0,14.894008280423533,2940259.1462800377,0.20710203887020187
T4-E033,val_cold,area_only,9999999.0,14.692766011199897,2404291.951223056,0.7595707808347725
T4-E033,val_cold,area_only,1033400.0,15.04475340317822,3418640.1163916215,2.3081479740580817
T4-E033,val_cold,area_only,3131300.0,16.50877790151903,14779888.086776549,3.7200485698516745
T4-E033,val_cold,area_only,3349200.0,15.4443391823113,5097899.664155422,0.5221245862162373
T4-E033,val_cold,area_only,6089300.0,16.112003532103927,9939264.004752712,0.6322506699871434
T4-E033,val_cold,area_only,25879500.0,15.095714596455885,3597373.65338597,0.8609952412764554
T4-E033,val_cold,area_only,28924100.0,15.709893835760989,6648446.89519927,0.7701416156354297
T4-E033,val_cold,area_only,2000000.0,13.83620396564997,1020909.0007972417,0.48954549960137916
T4-E033,val_cold,area_only,2000000.0,13.83620396564997,1020909.0007972417,0.48954549960137916
T4-E033,val_cold,area_only,5300000.0,15.76093487473648,6996600.000000002,0.32011320754717015
T4-E033,val_cold,area_only,8372800.0,15.222033899972848,4081739.893535988,0.512500012715461
T4-E033,val_cold,area_only,3805800.0,15.910927928283556,8128832.995920856,1.1359065100427914
T4-E033,val_cold,area_only,99715000.0,16.419100194013247,13512154.801702159,0.8644922549094705
T4-E033,val_cold,area_only,22985600.0,15.321470981421308,4508481.603099722,0.8038562576961349
T4-E033,val_cold,area_only,571360000.0,17.251364812573165,31057932.61855858,0.9456420949689188
T4-E033,val_warm,area_aspect,604440.0,13.011327837535784,447453.47174436133,0.259722268969027
T4-E033,val_warm,area_aspect,1800900.0,14.774184074201745,2608234.397160086,0.44829496205235486
T4-E033,val_warm,area_aspect,234600.0,11.43916814233044,92889.708878447,0.6040506867926385
T4-E033,val_warm,area_aspect,9813180.0,15.87692364835193,7857064.712042524,0.19933551488482595
T4-E033,val_warm,area_aspect,4816200.0,16.419277266606016,13514547.645834109,1.8060603060159688
T4-E033,val_warm,area_aspect,3615600.0,15.132723487181979,3733002.72242286,0.03247115898408565
T4-E033,val_warm,area_aspect,2219040.0,14.650245420739989,2304203.0372922146,0.03837832454224105
T4-E033,val_warm,area_aspect,364320.0,12.938038883509549,415832.94476630987,0.14139477592860636
T4-E033,val_warm,area_aspect,2797260.0,15.580600289642176,5842096.555693482,1.088506808696182
T4-E033,val_warm,area_aspect,558900.0,13.52761538520893,749840.1918005206,0.34163569833694873
T4-E033,val_warm,area_aspect,12268200.0,16.222038318417038,11095368.405252995,0.09559932139572268
T4-E033,val_warm,area_aspect,4429800.0,15.099163134315281,3609800.747961454,0.1851097683955361
T4-E033,val_warm,area_aspect,1283400.0,14.158197233544037,1408727.3041044734,0.0976525667013195
T4-E033,val_warm,area_aspect,964620.0,13.564178185519182,777763.8213308521,0.19370962520904386
T4-E033,val_warm,area_aspect,19666380.0,16.462386665369717,14109891.939553352,0.2825374095510535
T4-E033,val_warm,area_aspect,1407600.0,14.280058596484796,1591294.822374164,0.13050214718255462
T4-E033,val_warm,area_aspect,1283400.0,14.516529655750867,2015805.9644545268,0.5706763008060829
T4-E033,val_warm,area_aspect,12282000.0,16.08354032085955,9660348.874020116,0.2134547407571962
T4-E033,val_warm,area_aspect,41262000.0,16.063496586723648,9468647.037843198,0.7705237982200767
T4-E033,val_warm,area_aspect,1535940.0,14.759964210482012,2571408.1123933843,0.6741592200173082
T4-E033,val_warm,area_aspect,2856600.0,15.385096312479332,4804657.473815047,0.6819496862756589
T4-E033,val_warm,area_aspect,7051800.0,15.285338038518038,4348484.878143987,0.3833510765841364
T4-E033,val_warm,area_aspect,9784200.0,16.161133841947166,10439777.64632439,0.06700370457721536
T4-E033,val_warm,area_aspect,3808800.0,15.379592532628518,4778286.333863572,0.2545385249589299
T4-E033,val_warm,area_aspect,2760000.0,15.522746610163829,5513700.816260082,0.9977176870507543
T4-E033,val_warm,area_aspect,3339600.0,14.680017217410665,2373834.6881326195,0.2891859240230508
T4-E033,val_warm,area_aspect,9880800.0,15.393936593214299,4847320.292522842,0.5094202602498945
T4-E033,val_warm,area_aspect,1324800.0,14.225145510879862,1506267.82606024,0.13697752570972216
T4-E033,val_warm,area_aspect,2111400.0,15.127599927016384,3713925.3720853906,0.7589871043314345
T4-E033,val_warm,area_aspect,786600.0,13.338722803440778,620774.2718431911,0.21081328268091645
T4-E033,val_warm,area_aspect,2235600.0,14.649289952605109,2302002.496154667,0.029702315331305636
T4-E033,val_warm,area_aspect,3767400.0,14.920536607882482,3019303.1203814624,0.19857113118292127
T4-E033,val_warm,area_aspect,772800.0,14.076683156686908,1298451.7572088526,0.6801911972164241
T4-E033,val_warm,area_aspect,6900000.0,15.321581215792037,4508978.620125857,0.34652483766291925
T4-E033,val_warm,area_aspect,4623000.0,15.90770870729855,8102706.5621019695,0.7526944759035192
T4-E033,val_warm,area_aspect,690000.0,14.739619554672318,2519622.2681780914,2.6516264756204224
T4-E033,val_warm,area_aspect,1794000.0,14.55623754749309,2097459.791666114,0.16915261519850266
T4-E033,val_warm,area_aspect,276000.0,13.419248797443739,672830.5524090509,1.4377918565545322
T4-E033,val_warm,area_aspect,2346000.0,14.883193295689084,2908631.6223644614,0.23982592598655644
T4-E033,val_warm,area_aspect,1794000.0,14.295355941504349,1615824.5498059941,0.09931741928316937
T4-E033,val_warm,area_aspect,8694000.0,15.654783607061496,6291962.650177149,0.2762867897196746
T4-E033,val_warm,area_aspect,42780000.0,17.351060583551735,34313883.03839889,0.19789894720900206
T4-E033,val_warm,area_aspect,676200.0,13.646512786856219,844510.785707224,0.24890681116123048
T4-E033,val_warm,area_aspect,3174000.0,15.18125647354334,3918644.9404260893,0.23460773170324176
T4-E033,val_warm,area_aspect,4429800.0,15.30923752410509,4453663.278328012,0.005386987748433732
T4-E033,val_warm,area_aspect,1104000.0,14.24466814236352,1535963.0591431267,0.39127088690500605
T4-E033,val_warm,area_aspect,10184400.0,15.874060290514018,7834599.302818256,0.23072549165210945
T4-E033,val_warm,area_aspect,4692000.0,16.08735623093632,9697282.319170166,1.0667694627387394
T4-E033,val_warm,area_aspect,1656000.0,14.433481816424067,1855160.5802027346,0.12026605084706193
T4-E033,val_warm,area_aspect,565800.0,13.668841423506318,863579.6589045749,0.5262984427440349
T4-E033,val_warm,area_aspect,2346000.0,15.034730854551134,3384547.761116014,0.44268873022847993
T4-E033,val_warm,area_aspect,2000000.0,14.65974264250346,2326190.810635784,0.1630954053178921
T4-E033,val_warm,area_aspect,455400.0,14.005314233652447,1209012.215864835,1.6548357836294139
T4-E033,val_warm,area_aspect,13386000.0,16.528778300687478,15078467.650422264,0.1264356529525074
T4-E033,val_warm,area_aspect,276000.0,13.490831467656628,722759.2568808552,1.6186929597132433
T4-E033,val_warm,area_aspect,2760000.0,15.632660364931208,6154292.506984219,1.22981612571892
T4-E033,val_warm,area_aspect,552000.0,13.868898304836177,1054838.5761916416,0.9109394496225391
T4-E033,val_warm,area_aspect,3864000.0,15.215159818582041,4053777.8979158397,0.0491143628146583
T4-E033,val_warm,area_aspect,73871400.0,16.651157419214947,17041420.170213096,0.7693096357966264
T4-E033,val_warm,area_aspect,2450000.0,14.865451329254466,2857481.8680866365,0.16631912983128022
T4-E033,val_warm,area_aspect,9000000.0,13.611458205512005,815419.6808499092,0.909397813238899
T4-E033,val_warm,area_aspect,10397500.0,16.09869221606978,9807836.000936579,0.056712094163348985
T4-E033,val_warm,area_aspect,1826800.0,14.4551823270236,1895858.497749996,0.03780298760126774
T4-E033,val_warm,area_aspect,700000.0,14.227906320841385,1510432.0910061933,1.1577601300088476
T4-E033,val_warm,area_aspect,1202700.0,14.314687934721565,1647365.5519614264,0.36972275044601843
T4-E033,val_warm,area_aspect,7002700.0,15.933021734472161,8310428.538142064,0.1867463318637188
T4-E033,val_warm,area_aspect,2283500.0,14.65635117759362,2318314.978980276,0.015246323179450757
T4-E033,val_cold,area_aspect,4678200.0,15.295314138558334,4392082.905873438,0.061159654167534876
T4-E033,val_cold,area_aspect,10639800.0,15.85061018517066,7653014.53595825,0.28071819621061955
T4-E033,val_cold,area_aspect,993600.0,13.651326971192894,848586.2183748442,0.14594784785140483
T4-E033,val_cold,area_aspect,1573200.0,14.100650198138386,1329947.7292879773,0.15462259770659972
T4-E033,val_cold,area_aspect,17912400.0,16.014898618994184,9019492.431418858,0.4964665577243218
T4-E033,val_cold,area_aspect,1959600.0,15.014106165991436,3315457.4498103885,0.6919052101502289
T4-E033,val_cold,area_aspect,19458000.0,16.214500504382762,11012048.002933685,0.43406064328637656
T4-E033,val_cold,area_aspect,17843400.0,15.865114079003495,7764821.907407838,0.5648350702552295
T4-E033,val_cold,area_aspect,17843400.0,15.865114079003495,7764821.907407838,0.5648350702552295
T4-E033,val_cold,area_aspect,407100.0,13.037134506983092,459151.04408139177,0.12785812842395422
T4-E033,val_cold,area_aspect,1035000.0,14.519168859708113,2021133.114158102,0.95278561754406
T4-E033,val_cold,area_aspect,1094340.0,14.3124974362837,1643760.9496724277,0.5020569015775972
T4-E033,val_cold,area_aspect,1860240.0,14.41166935821503,1815133.103429452,0.024247890901468602
T4-E033,val_cold,area_aspect,1959600.0,15.014106165991436,3315457.4498103885,0.6919052101502289
T4-E033,val_cold,area_aspect,4512600.0,14.53321739075328,2049727.4493789268,0.545776836108025
T4-E033,val_cold,area_aspect,4512600.0,14.53321739075328,2049727.4493789268,0.545776836108025
T4-E033,val_cold,area_aspect,4077900.0,14.53321739075328,2049727.4493789268,0.4973571079774083
T4-E033,val_cold,area_aspect,500940.0,13.651326971192894,848586.2183748442,0.6939877397988665
T4-E033,val_cold,area_aspect,4512600.0,14.53321739075328,2049727.4493789268,0.545776836108025
T4-E033,val_cold,area_aspect,3063600.0,14.53321739075328,2049727.4493789268,0.3309415558888475
T4-E033,val_cold,area_aspect,1573200.0,14.044513824788051,1257346.1465314177,0.20077158242345683
T4-E033,val_cold,area_aspect,4567800.0,15.062420293252625,3479573.5225616,0.23823864386321644
T4-E033,val_cold,area_aspect,1959600.0,15.014106165991436,3315457.4498103885,0.6919052101502289
T4-E033,val_cold,area_aspect,4719600.0,15.733469661749988,6807051.796837622,0.4422942191790877
T4-E033,val_cold,area_aspect,2898000.0,15.03254965021015,3377173.416247435,0.16534624439179949
T4-E033,val_cold,area_aspect,4015800.0,15.167336923785422,3864477.0381999174,0.037681896957040335
T4-E033,val_cold,area_aspect,745200.0,13.670903646161262,865362.3900039528,0.16124851047229305
T4-E033,val_cold,area_aspect,1280640.0,14.396678629378275,1788125.870087109,0.3962751984063508
T4-E033,val_cold,area_aspect,500940.0,13.651326971192894,848586.2183748442,0.6939877397988665
T4-E033,val_cold,area_aspect,2018940.0,14.923356330308517,3027828.7313804524,0.4997120921773071
T4-E033,val_cold,area_aspect,4077900.0,14.53321739075328,2049727.4493789268,0.4973571079774083
T4-E033,val_cold,area_aspect,4512600.0,14.53321739075328,2049727.4493789268,0.545776836108025
T4-E033,val_cold,area_aspect,4077900.0,14.579616125317811,2147073.1032814686,0.4734855922701713
T4-E033,val_cold,area_aspect,7438200.0,14.816195782843135,2720145.1011031405,0.6343006236585276
T4-E033,val_cold,area_aspect,8914800.0,15.018484021002255,3330003.8596241795,0.6264634249086711
T4-E033,val_cold,area_aspect,6072000.0,15.033682840959804,3381002.5670921034,0.4431813954064388
T4-E033,val_cold,area_aspect,2815200.0,14.922779673835104,3026083.2176713757,0.07490878718079558
T4-E033,val_cold,area_aspect,732780.0,14.026826759987374,1235302.8985884888,0.6857759471990076
T4-E033,val_cold,area_aspect,2014800.0,15.014106165991436,3315457.4498103885,0.6455516427488528
T4-E033,val_cold,area_aspect,2815200.0,14.897714924782909,2951177.8646614365,0.04830131594964355
T4-E033,val_cold,area_aspect,4491900.0,15.399846361930956,4876051.648560716,0.08552097076086196
T4-E033,val_cold,area_aspect,2815200.0,14.897714924782909,2951177.8646614365,0.04830131594964355
T4-E033,val_cold,area_aspect,2394300.0,15.042845203973934,3412122.8901023516,0.4251024892880389
T4-E033,val_cold,area_aspect,16380600.0,15.772697741562222,7079386.019941445,0.5678188820958057
T4-E033,val_cold,area_aspect,16366800.0,15.729280920181887,6778598.449481878,0.5858323893808272
T4-E033,val_cold,area_aspect,890100.0,13.232411231078306,558165.7448719335,0.3729179363308241
T4-E033,val_cold,area_aspect,745200.0,13.035730939001878,458507.04643034283,0.38471947607307727
T4-E033,val_cold,area_aspect,1035000.0,14.519168859708113,2021133.114158102,0.95278561754406
T4-E033,val_cold,area_aspect,1711200.0,14.962818627297965,3149702.705992916,0.8406397300098856
T4-E033,val_cold,area_aspect,22535400.0,16.212791522802064,10993244.687567156,0.5121788524913179
T4-E033,val_cold,area_aspect,3332700.0,15.086105502287293,3562971.701695052,0.06909463848982866
T4-E033,val_cold,area_aspect,3318900.0,15.037376790660375,3393514.916278852,0.022481821169318794
T4-E033,val_cold,area_aspect,3332700.0,15.086105502287293,3562971.701695052,0.06909463848982866
T4-E033,val_cold,area_aspect,3332700.0,15.14820042830313,3791227.59498509,0.13758441953523876
T4-E033,val_cold,area_aspect,1311000.0,13.95289566398934,1147269.8840021468,0.12488948588699712
T4-E033,val_cold,area_aspect,2884200.0,15.275713046405388,4306831.523659105,0.49324995619551537
T4-E033,val_cold,area_aspect,717600.0,14.028958248531382,1237938.740700903,0.7251097278440679
T4-E033,val_cold,area_aspect,1959600.0,15.014106165991436,3315457.4498103885,0.6919052101502289
T4-E033,val_cold,area_aspect,3318900.0,15.024962035165467,3351645.6941630607,0.009866429890343411
T4-E033,val_cold,area_aspect,2898000.0,15.350036590772309,4639126.21516823,0.6008026967454211
T4-E033,val_cold,area_aspect,2639940.0,14.55042109559353,2085295.4286871785,0.21009741559005943
T4-E033,val_cold,area_aspect,407100.0,13.394308853402233,656257.7178828678,0.6120307489139469
T4-E033,val_cold,area_aspect,1076400.0,14.519168859708113,2021133.114158102,0.8776784784077499
T4-E033,val_cold,area_aspect,2159700.0,14.863857011403521,2852929.7634506663,0.32098428645213056
T4-E033,val_cold,area_aspect,22425000.0,16.343868904370982,12532914.53497359,0.44111863835123344
T4-E033,val_cold,area_aspect,1035000.0,14.519168859708113,2021133.114158102,0.95278561754406
T4-E033,val_cold,area_aspect,2898000.0,15.350036590772309,4639126.21516823,0.6008026967454211
T4-E033,val_cold,area_aspect,1076400.0,14.519168859708113,2021133.114158102,0.8776784784077499
T4-E033,val_cold,area_aspect,514740.0,13.347878150877726,626483.7723311745,0.217087796423776
T4-E033,val_cold,area_aspect,4347000.0,15.399846361930956,4876051.648560716,0.12170500311955736
T4-E033,val_cold,area_aspect,313260.0,13.20166625462486,541266.0733751187,0.7278493052899146
T4-E033,val_cold,area_aspect,1959600.0,15.014106165991436,3315457.4498103885,0.6919052101502289
T4-E033,val_cold,area_aspect,1108140.0,14.519168859708113,2021133.114158102,0.8238969030610772
T4-E033,val_cold,area_aspect,1035000.0,14.3124974362837,1643760.9496724277,0.5881748306013794
T4-E033,val_cold,area_aspect,2159700.0,14.863857011403521,2852929.7634506663,0.32098428645213056
T4-E033,val_cold,area_aspect,1511100.0,14.817957972689522,2724942.739113984,0.8032841897385905
T4-E033,val_cold,area_aspect,673440.0,14.028958248531382,1237938.740700903,0.838231677210892
T4-E033,val_cold,area_aspect,500940.0,13.651326971192894,848586.2183748442,0.6939877397988665
T4-E033,val_cold,area_aspect,1283400.0,14.077573515452153,1299608.3599314103,0.012629234791499369
T4-E033,val_cold,area_aspect,10225800.0,15.740200151400638,6853021.112978857,0.32983032007482477
T4-E033,val_cold,area_aspect,3788100.0,14.53321739075328,2049727.4493789268,0.45890355339644495
T4-E033,val_cold,area_aspect,6713700.0,14.778172127269777,2618656.943369682,0.6099532383976523
T4-E033,val_cold,area_aspect,3788100.0,14.53321739075328,2049727.4493789268,0.45890355339644495
T4-E033,val_cold,area_aspect,1004640.0,14.401016651893952,1795899.6495968213,0.7876051616467802
T4-E033,val_cold,area_aspect,1004640.0,14.401016651893952,1795899.6495968213,0.7876051616467802
T4-E033,val_cold,area_aspect,1094340.0,14.30877277492557,1637649.8846699677,0.49647265444922756
T4-E033,val_cold,area_aspect,471960.0,13.651326971192894,848586.2183748442,0.7980045308391478
T4-E033,val_cold,area_aspect,442980.0,13.651326971192894,848586.2183748442,0.9156309954734845
T4-E033,val_cold,area_aspect,2049300.0,14.566361962812605,2118803.2082048417,0.03391558493380262
T4-E033,val_cold,area_aspect,1138500.0,14.077573515452153,1299608.3599314103,0.14150931921950838
T4-E033,val_cold,area_aspect,1759500.0,14.493504164358804,1969921.3269508937,0.11959154700249715
T4-E033,val_cold,area_aspect,2049300.0,14.566361962812605,2118803.2082048417,0.03391558493380262
T4-E033,val_cold,area_aspect,1138500.0,14.077573515452153,1299608.3599314103,0.14150931921950838
T4-E033,val_cold,area_aspect,1759500.0,14.566361962812605,2118803.2082048417,0.20420756362878187
T4-E033,val_cold,area_aspect,7534800.0,15.399846361930956,4876051.648560716,0.3528624982002554
T4-E033,val_cold,area_aspect,22425000.0,16.343868904370982,12532914.53497359,0.44111863835123344
T4-E033,val_cold,area_aspect,8452500.0,16.294849064550263,11933367.96209641,0.411815198118475
T4-E033,val_cold,area_aspect,3995100.0,15.369613265740677,4730839.674460331,0.1841605152462594
T4-E033,val_cold,area_aspect,6085800.0,15.399846361930956,4876051.648560716,0.1987821406288876
T4-E033,val_cold,area_aspect,18078000.0,16.343868904370982,12532914.53497359,0.3067311353593545
T4-E033,val_cold,area_aspect,11964600.0,15.789313736496693,7197999.775966427,0.3983919415637441
T4-E033,val_cold,area_aspect,62734800.0,17.506648477847527,40090440.72096656,0.36095371753848643
T4-E033,val_cold,area_aspect,2511600.0,14.777552911304847,2617035.9311138024,0.04197958716109347
T4-E033,val_cold,area_aspect,1380000.0,14.396678629378275,1788125.870087109,0.2957433841210935
T4-E033,val_cold,area_aspect,1614600.0,14.493504164358804,1969921.3269508937,0.22006771147708024
T4-E033,val_cold,area_aspect,862500.0,13.723987935400185,912540.6719086651,0.05801817032888707
T4-E033,val_cold,area_aspect,30125400.0,16.963084611172473,23279521.143355682,0.22724607330174262
T4-E033,val_cold,area_aspect,1052940.0,13.80800020437368,992517.7786432039,0.05738429669002612
T4-E033,val_cold,area_aspect,5375100.0,15.55715553820656,5706723.152655957,0.061696182890728965
T4-E033,val_cold,area_aspect,7562400.0,16.31387093797065,12162535.666513622,0.6082904456936451
T4-E033,val_cold,area_aspect,2484000.0,15.731960409872675,6796785.989927116,1.7362262439320113
T4-E033,val_cold,area_aspect,20617200.0,17.012205930211493,24451593.124079462,0.18598030402185856
T4-E033,val_cold,area_aspect,11964600.0,15.789313736496693,7197999.775966427,0.3983919415637441
T4-E033,val_cold,area_aspect,2194200.0,14.566361962812605,2118803.2082048417,0.034361859354278684
T4-E033,val_cold,area_aspect,1035000.0,14.519168859708113,2021133.114158102,0.95278561754406
T4-E033,val_cold,area_aspect,7617600.0,15.789313736496693,7197999.775966427,0.05508299517348938
T4-E033,val_cold,area_aspect,3229200.0,15.209876059336006,4032415.198846213,0.24873504237774466
T4-E033,val_cold,area_aspect,1759500.0,14.493504164358804,1969921.3269508937,0.11959154700249715
T4-E033,val_cold,area_aspect,2587500.0,15.759565000746848,6987022.101399019,1.7002983966759495
T4-E033,val_cold,area_aspect,26427000.0,16.891743142753207,21676583.679354217,0.17975617060755225
T4-E033,val_cold,area_aspect,2339100.0,14.566361962812605,2118803.2082048417,0.0941801512526862
T4-E033,val_cold,area_aspect,586500.0,14.026826759987374,1235302.8985884888,1.1062283010886425
T4-E033,val_cold,area_aspect,776940.0,13.84341311984008,1028295.4843567373,0.32351981408697883
T4-E033,val_cold,area_aspect,7631400.0,15.297030365795813,4399627.190187109,0.42348360848768135
T4-E033,val_cold,area_aspect,1138500.0,14.082227084110029,1305670.270481599,0.14683379049767153
T4-E033,val_cold,area_aspect,3760500.0,15.271150843505147,4287227.636848085,0.14006851132777148
T4-E033,val_cold,area_aspect,749340.0,13.525299024183434,748105.3012969733,0.0016477149265043214
T4-E033,val_cold,area_aspect,2049300.0,14.496664045197289,1976155.8886536846,0.03569224191007435
T4-E033,val_cold,area_aspect,2049300.0,14.496664045197289,1976155.8886536846,0.03569224191007435
T4-E033,val_cold,area_aspect,2235600.0,14.532148035468097,2047536.7340330284,0.08412205491455163
T4-E033,val_cold,area_aspect,862500.0,13.841534289115042,1026365.3050142332,0.18998875943679214
T4-E033,val_cold,area_aspect,23349600.0,15.708099256365331,6636526.428698978,0.715775583791629
T4-E033,val_cold,area_aspect,23349600.0,15.708099256365331,6636526.428698978,0.715775583791629
T4-E033,val_cold,area_aspect,2235600.0,14.874581854522484,2883691.6509438786,0.2898960685918226
T4-E033,val_cold,area_aspect,10791600.0,16.195800242551734,10808033.331162099,0.0015227891287759735
T4-E033,val_cold,area_aspect,2463300.0,15.45624146556387,5158938.842156517,1.094320156763901
T4-E033,val_cold,area_aspect,2042400.0,15.50314894320791,5406697.080465888,1.647227321027168
T4-E033,val_cold,area_aspect,4650600.0,15.910817059352249,8127931.810851463,0.7477168130674458
T4-E033,val_cold,area_aspect,22369800.0,16.24207034991963,11319872.301841475,0.49396631611183495
T4-E033,val_cold,area_aspect,6072000.0,15.32543747952944,4526399.999999997,0.254545454545455
T4-E033,val_cold,area_aspect,3829500.0,14.855564275638201,2829368.997390657,0.26116490471584874
T4-E033,val_cold,area_aspect,690000.0,13.696423994228285,887730.9521280761,0.28656659728706685
T4-E033,val_cold,area_aspect,558900.0,14.077573515452153,1299608.3599314103,1.3252967613730726
T4-E033,val_cold,area_aspect,690000.0,13.696423994228285,887730.9521280761,0.28656659728706685
T4-E033,val_cold,area_aspect,3560400.0,15.369613265740677,4730839.674460331,0.3287382525728376
T4-E033,val_cold,area_aspect,2180400.0,14.377101954409907,1753460.732293342,0.19580777275117317
T4-E033,val_cold,area_aspect,1297200.0,14.031286391965327,1240824.1972267006,0.043459607441643074
T4-E033,val_cold,area_aspect,5568300.0,15.760521381974216,6993707.5545833865,0.2559861276481846
T4-E033,val_cold,area_aspect,442980.0,13.491701647506758,723388.46114342,0.6330047883503092
T4-E033,val_cold,area_aspect,732780.0,14.026826759987374,1235302.8985884888,0.6857759471990076
T4-E033,val_cold,area_aspect,2056200.0,15.539783524794705,5608442.023705666,1.727576122802094
T4-E033,val_cold,area_aspect,1283400.0,14.077573515452153,1299608.3599314103,0.012629234791499369
T4-E033,val_cold,area_aspect,16311600.0,15.789313736496693,7197999.775966427,0.5587189622130001
T4-E033,val_cold,area_aspect,485760.0,13.212083003898778,546933.774613862,0.12593415393169888
T4-E033,val_cold,area_aspect,5375100.0,15.55715553820656,5706723.152655957,0.061696182890728965
T4-E033,val_cold,area_aspect,2339100.0,13.80800020437368,992517.7786432039,0.5756839046457167
T4-E033,val_cold,area_aspect,6196200.0,15.66522446807994,6358000.302812819,0.02611282767063997
T4-E033,val_cold,area_aspect,4222800.0,15.514913031276784,5470677.5390841225,0.2955095053244583
T4-E033,val_cold,area_aspect,1904400.0,14.401687043142646,1797104.0086562238,0.05634110026453278
T4-E033,val_cold,area_aspect,1614600.0,14.401687043142646,1797104.0086562238,0.11303357404696134
T4-E033,val_cold,area_aspect,834900.0,13.723987935400185,912540.6719086651,0.09299397761248665
T4-E033,val_cold,area_aspect,11419500.0,16.10143014792776,9834725.982251784,0.13877788149640669
T4-E033,val_cold,area_aspect,6168600.0,15.7445390954671,6882820.5906563075,0.11578325562628596
T4-E033,val_cold,area_aspect,6127200.0,15.623375464875842,6097414.97585543,0.004861115051666396
T4-E033,val_cold,area_aspect,4512600.0,15.695932496241756,6556270.620192722,0.45288096002143385
T4-E033,val_cold,area_aspect,7424400.0,16.093310672324208,9755196.470457278,0.31393735122801547
T4-E033,val_cold,area_aspect,1542840.0,14.401687043142646,1797104.0086562238,0.16480257749100605
T4-E033,val_cold,area_aspect,4512600.0,15.695932496241756,6556270.620192722,0.45288096002143385
T4-E033,val_cold,area_aspect,4222800.0,15.483114732488255,5299456.003939294,0.2549625850003065
T4-E033,val_cold,area_aspect,5685600.0,16.000309907832445,8888864.822525993,0.5633996099841693
T4-E033,val_cold,area_aspect,4077900.0,15.57636046030667,5817379.498414523,0.426562568580525
T4-E033,val_cold,area_aspect,964620.0,13.80800020437368,992517.7786432039,0.028921003756094524
T4-E033,val_cold,area_aspect,5423400.0,15.738708776624746,6842808.307605411,0.2617192734457003
T4-E033,val_cold,area_aspect,1080540.0,13.80800020437368,992517.7786432039,0.08146132614877385
T4-E033,val_cold,area_aspect,8162700.0,16.294849064550263,11933367.96209641,0.46193881461972264
T4-E033,val_cold,area_aspect,1095720.0,13.96484244315394,1161058.2633140967,0.05963043780719228
T4-E033,val_cold,area_aspect,2049300.0,14.496664045197289,1976155.8886536846,0.03569224191007435
T4-E033,val_cold,area_aspect,1080540.0,13.80800020437368,992517.7786432039,0.08146132614877385
T4-E033,val_cold,area_aspect,950820.0,13.723987935400185,912540.6719086651,0.04025927945492827
T4-E033,val_cold,area_aspect,5382000.0,15.738708776624746,6842808.307605411,0.2714248063183595
T4-E033,val_cold,area_aspect,2408100.0,14.655246953589794,2315756.452785044,0.03834705668990325
T4-E033,val_cold,area_aspect,13082400.0,16.74159068324422,18654364.22244445,0.4259129993307381
T4-E033,val_cold,area_aspect,2870400.0,14.84024025933825,2786342.214297564,0.029284345632119645
T4-E033,val_cold,area_aspect,2049300.0,14.496664045197289,1976155.8886536846,0.03569224191007435
T4-E033,val_cold,area_aspect,8452500.0,16.294849064550263,11933367.96209641,0.411815198118475
T4-E033,val_cold,area_aspect,2670300.0,14.834175604358311,2769495.147571652,0.037147566779632324
T4-E033,val_cold,area_aspect,1052940.0,13.80800020437368,992517.7786432039,0.05738429669002612
T4-E033,val_cold,area_aspect,1052940.0,13.781801785216869,966853.0375942837,0.08175865899834397
T4-E033,val_cold,area_aspect,8148900.0,15.842040433925696,7587710.325196473,0.06886692373247028
T4-E033,val_cold,area_aspect,862500.0,13.841534289115042,1026365.3050142332,0.18998875943679214
T4-E033,val_cold,area_aspect,1197840.0,13.994269787119556,1195732.8119072479,0.0017591565590998187
T4-E033,val_cold,area_aspect,1211640.0,13.994269787119556,1195732.8119072479,0.01312864224749276
T4-E033,val_cold,area_aspect,2049300.0,14.51948057800975,2021763.236545067,0.013437155836106452
T4-E033,val_cold,area_aspect,908040.0,13.723987935400185,912540.6719086651,0.004956468777438328
T4-E033,val_cold,area_aspect,862500.0,13.841534289115042,1026365.3050142332,0.18998875943679214
T4-E033,val_cold,area_aspect,2525400.0,14.834175604358311,2769495.147571652,0.09665603372600468
T4-E033,val_cold,area_aspect,2152800.0,14.37602676236859,1751576.4384396202,0.1863728918433574
T4-E033,val_cold,area_aspect,1108140.0,14.086278053029712,1310970.2279002198,0.1830366450991931
T4-E033,val_cold,area_aspect,1439340.0,14.291806251608381,1610099.0416290788,0.11863704310939653
T4-E033,val_cold,area_aspect,1121940.0,14.086278053029712,1310970.2279002198,0.16848514884951055
T4-E033,val_cold,area_aspect,890100.0,13.846910143606364,1031897.7530428357,0.15930541854042887
T4-E033,val_cold,area_aspect,890100.0,13.803320452153743,987883.8925415269,0.10985719867602171
T4-E033,val_cold,area_aspect,890100.0,13.9683935251727,1165188.6056875892,0.30905359587415926
T4-E033,val_cold,area_aspect,21900600.0,15.716312509858502,6691258.358505782,0.6944714592976547
T4-E033,val_cold,area_aspect,1338600.0,14.378665514891933,1756204.5186801404,0.3119711031526523
T4-E033,val_cold,area_aspect,979800.0,13.636964054693703,836485.1566773363,0.14626948695924033
T4-E033,val_cold,area_aspect,993600.0,13.651326971192894,848586.2183748442,0.14594784785140483
T4-E033,val_cold,area_aspect,993600.0,13.651326971192894,848586.2183748442,0.14594784785140483
T4-E033,val_cold,area_aspect,8583600.0,16.087662332184102,9700251.123742385,0.13009123488307758
T4-E033,val_cold,area_aspect,2477100.0,15.157992615774324,3828534.3656852827,0.5455711782670392
T4-E033,val_cold,area_aspect,2263200.0,14.778688435373544,2620009.326263612,0.1576570017071457
T4-E033,val_cold,area_aspect,1524900.0,15.054477436362347,3452045.239367065,1.2637846674320055
T4-E033,val_cold,area_aspect,6044400.0,15.98091339929698,8718113.225904156,0.44234551417910056
T4-E033,val_cold,area_aspect,2332200.0,15.239223457654935,4152509.7051735,0.7805118365378183
T4-E033,val_cold,area_aspect,2332200.0,15.239223457654935,4152509.7051735,0.7805118365378183
T4-E033,val_cold,area_aspect,2394300.0,14.989685359894796,3235471.9367385325,0.3513226983830483
T4-E033,val_cold,area_aspect,903900.0,14.66595022461712,2340675.7427941468,1.589529530693823
T4-E033,val_cold,area_aspect,2925600.0,15.548814962156834,5659323.73819587,0.934414731404112
T4-E033,val_cold,area_aspect,26427000.0,16.872166467784837,21256355.007137537,0.19565766045568786
T4-E033,val_cold,area_aspect,661020.0,13.838712272044,1023472.9676345832,0.5483237536452501
T4-E033,val_cold,area_aspect,1062600.0,15.784743695277042,7165179.672026535,5.7430638735427575
T4-E033,val_cold,area_aspect,1062600.0,15.784743695277042,7165179.672026535,5.7430638735427575
T4-E033,val_cold,area_aspect,1062600.0,15.784743695277042,7165179.672026535,5.7430638735427575
T4-E033,val_cold,area_aspect,1062600.0,15.784743695277042,7165179.672026535,5.7430638735427575
T4-E033,val_cold,area_aspect,890100.0,13.846910143606364,1031897.7530428357,0.15930541854042887
T4-E033,val_cold,area_aspect,890100.0,13.803320452153743,987883.8925415269,0.10985719867602171
T4-E033,val_cold,area_aspect,3939900.0,15.233841995990405,4130223.1542782476,0.048306595161868984
T4-E033,val_cold,area_aspect,890100.0,13.846910143606364,1031897.7530428357,0.15930541854042887
T4-E033,val_cold,area_aspect,2566800.0,14.530844420625161,2044869.2738032206,0.20333907051456265
T4-E033,val_cold,area_aspect,2566800.0,14.530844420625161,2044869.2738032206,0.20333907051456265
T4-E033,val_cold,area_aspect,2639940.0,14.625832662559967,2248632.164793963,0.148226033624263
T4-E033,val_cold,area_aspect,7452000.0,15.297030365795813,4399627.190187109,0.40960451017349586
T4-E033,val_cold,area_aspect,2049300.0,14.535191882316195,2053778.6171160976,0.0021854375231042766
T4-E033,val_cold,area_aspect,7534800.0,15.399846361930956,4876051.648560716,0.3528624982002554
T4-E033,val_cold,area_aspect,8190300.0,15.023251857396055,3345918.682705615,0.5914778844846202
T4-E033,val_cold,area_aspect,1614600.0,14.493504164358804,1969921.3269508937,0.22006771147708024
T4-E033,val_cold,area_aspect,6085800.0,15.399846361930956,4876051.648560716,0.1987821406288876
T4-E033,val_cold,area_aspect,4554000.0,14.96135972616412,3145110.9514162703,0.3093739676292775
T4-E033,val_cold,area_aspect,4567800.0,15.062420293252625,3479573.5225616,0.23823864386321644
T4-E033,val_cold,area_aspect,2339100.0,14.493504164358804,1969921.3269508937,0.15782936729900657
T4-E033,val_cold,area_aspect,6085800.0,15.368676281434546,4726409.027977803,0.2233709573141078
T4-E033,val_cold,area_aspect,6741300.0,15.023251857396055,3345918.682705615,0.5036686273114065
T4-E033,val_cold,area_aspect,2484000.0,14.493504164358804,1969921.3269508937,0.20695598753989786
T4-E033,val_cold,area_aspect,14862600.0,15.789313736496693,7197999.775966427,0.515697134016496
T4-E033,val_cold,area_aspect,6182400.0,15.7570002142042,6969124.842275719,0.12725233603062228
T4-E033,val_cold,area_aspect,2484000.0,14.566361962812605,2118803.2082048417,0.14701964242961285
T4-E033,val_cold,area_aspect,2484000.0,14.566361962812605,2118803.2082048417,0.14701964242961285
T4-E033,val_cold,area_aspect,4581600.0,15.256962364501312,4226827.900997266,0.07743410577150642
T4-E033,val_cold,area_aspect,5975400.0,14.702429296343974,2427637.9276624504,0.5937279633727532
T4-E033,val_cold,area_aspect,10432800.0,15.399846361930956,4876051.648560716,0.5326229153668511
T4-E033,val_cold,area_aspect,8983800.0,15.399846361930956,4876051.648560716,0.457239514619569
T4-E033,val_cold,area_aspect,4498800.0,14.408778526820045,1809893.4368133068,0.597694176933114
T4-E033,val_cold,area_aspect,8914800.0,15.042740736628769,3411766.4533009715,0.6172918682078149
T4-E033,val_cold,area_aspect,6003000.0,14.835462205847788,2773060.6773697445,0.538054193341705
T4-E033,val_cold,area_aspect,6016800.0,14.991024679814767,3239808.1719087977,0.46153966029969457
T4-E033,val_cold,area_aspect,7452000.0,14.836064770995254,2774732.130614897,0.6276526931542006
T4-E033,val_cold,area_aspect,4540200.0,14.763615674869833,2580814.6809657877,0.43156365777591565
T4-E033,val_cold,area_aspect,4077900.0,14.536930507144685,2057352.4735095093,0.49548726709592944
T4-E033,val_cold,area_aspect,3746700.0,13.904230250865425,1092774.3009975394,0.7083368561674168
T4-E033,val_cold,area_aspect,6796500.0,15.425923949995619,5004879.777661047,0.26360924333685765
T4-E033,val_cold,area_aspect,6085800.0,15.368676281434546,4726409.027977803,0.2233709573141078
T4-E033,val_cold,area_aspect,1283400.0,14.077573515452153,1299608.3599314103,0.012629234791499369
T4-E033,val_cold,area_aspect,1138500.0,14.077573515452153,1299608.3599314103,0.14150931921950838
T4-E033,val_cold,area_aspect,690000.0,13.696423994228285,887730.9521280761,0.28656659728706685
T4-E033,val_cold,area_aspect,1138500.0,14.077573515452153,1299608.3599314103,0.14150931921950838
T4-E033,val_cold,area_aspect,1283400.0,14.077573515452153,1299608.3599314103,0.012629234791499369
T4-E033,val_cold,area_aspect,1904400.0,14.566361962812605,2118803.2082048417,0.11258307509180934
T4-E033,val_cold,area_aspect,1138500.0,14.077573515452153,1299608.3599314103,0.14150931921950838
T4-E033,val_cold,area_aspect,2339100.0,14.493504164358804,1969921.3269508937,0.15782936729900657
T4-E033,val_cold,area_aspect,9066600.0,15.789313736496693,7197999.775966427,0.20609712836494085
T4-E033,val_cold,area_aspect,703800.0,14.077573515452153,1299608.3599314103,0.8465591928550871
T4-E033,val_cold,area_aspect,2194200.0,14.566361962812605,2118803.2082048417,0.034361859354278684
T4-E033,val_cold,area_aspect,2194200.0,14.493504164358804,1969921.3269508937,0.10221432551686549
T4-E033,val_cold,area_aspect,1138500.0,14.077573515452153,1299608.3599314103,0.14150931921950838
T4-E033,val_cold,area_aspect,1138500.0,14.077573515452153,1299608.3599314103,0.14150931921950838
T4-E033,val_cold,area_aspect,690000.0,13.696423994228285,887730.9521280761,0.28656659728706685
T4-E033,val_cold,area_aspect,703800.0,14.077573515452153,1299608.3599314103,0.8465591928550871
T4-E033,val_cold,area_aspect,717600.0,14.29361015688937,1613006.1290600495,1.2477788866500132
T4-E033,val_cold,area_aspect,1324800.0,14.566361962812605,2118803.2082048417,0.5993381704444759
T4-E033,val_cold,area_aspect,545100.0,13.696423994228285,887730.9521280761,0.6285653130216036
T4-E033,val_cold,area_aspect,558900.0,14.077573515452153,1299608.3599314103,1.3252967613730726
T4-E033,val_cold,area_aspect,558900.0,14.077573515452153,1299608.3599314103,1.3252967613730726
T4-E033,val_cold,area_aspect,1138500.0,14.077573515452153,1299608.3599314103,0.14150931921950838
T4-E033,val_cold,area_aspect,2049300.0,14.566361962812605,2118803.2082048417,0.03391558493380262
T4-E033,val_cold,area_aspect,1138500.0,14.077573515452153,1299608.3599314103,0.14150931921950838
T4-E033,val_cold,area_aspect,1283400.0,14.077573515452153,1299608.3599314103,0.012629234791499369
T4-E033,val_cold,area_aspect,1614600.0,14.566361962812605,2118803.2082048417,0.31227747318521104
T4-E033,val_cold,area_aspect,1283400.0,14.077573515452153,1299608.3599314103,0.012629234791499369
T4-E033,val_cold,area_aspect,1904400.0,14.566361962812605,2118803.2082048417,0.11258307509180934
T4-E033,val_cold,area_aspect,2049300.0,14.566361962812605,2118803.2082048417,0.03391558493380262
T4-E033,val_cold,area_aspect,1138500.0,14.077573515452153,1299608.3599314103,0.14150931921950838
T4-E033,val_cold,area_aspect,1904400.0,14.566361962812605,2118803.2082048417,0.11258307509180934
T4-E033,val_cold,area_aspect,1890600.0,14.32604425192357,1666180.1880011077,0.11870295779059153
T4-E033,val_cold,area_aspect,703800.0,14.077573515452153,1299608.3599314103,0.8465591928550871
T4-E033,val_cold,area_aspect,1614600.0,14.493504164358804,1969921.3269508937,0.22006771147708024
T4-E033,val_cold,area_aspect,1759500.0,14.493504164358804,1969921.3269508937,0.11959154700249715
T4-E033,val_cold,area_aspect,1759500.0,14.493504164358804,1969921.3269508937,0.11959154700249715
T4-E033,val_cold,area_aspect,545100.0,13.696423994228285,887730.9521280761,0.6285653130216036
T4-E033,val_cold,area_aspect,834900.0,13.938895431778338,1131319.7525163318,0.35503623489799
T4-E033,val_cold,area_aspect,1573200.0,14.077573515452153,1299608.3599314103,0.17390772951219788
T4-E033,val_cold,area_aspect,1863000.0,14.077573515452153,1299608.3599314103,0.3024109715880782
T4-E033,val_cold,area_aspect,1573200.0,14.077573515452153,1299608.3599314103,0.17390772951219788
T4-E033,val_cold,area_aspect,1573200.0,14.077573515452153,1299608.3599314103,0.17390772951219788
T4-E033,val_cold,area_aspect,1573200.0,14.077573515452153,1299608.3599314103,0.17390772951219788
T4-E033,val_cold,area_aspect,1573200.0,14.077573515452153,1299608.3599314103,0.17390772951219788
T4-E033,val_cold,area_aspect,3560400.0,15.369613265740677,4730839.674460331,0.3287382525728376
T4-E033,val_cold,area_aspect,1573200.0,14.288177866779977,1604267.5685062024,0.019748009475084177
T4-E033,val_cold,area_aspect,1573200.0,14.288177866779977,1604267.5685062024,0.019748009475084177
T4-E033,val_cold,area_aspect,427800.0,14.094439805959416,1321713.8266582284,2.0895601371160084
T4-E033,val_cold,area_aspect,427800.0,14.094439805959416,1321713.8266582284,2.0895601371160084
T4-E033,val_cold,area_aspect,1297200.0,14.028958248531382,1237938.740700903,0.045683980341579465
T4-E033,val_cold,area_aspect,2339100.0,14.519168859708113,2021133.114158102,0.13593556745838054
T4-E033,val_cold,area_aspect,2339100.0,14.566361962812605,2118803.2082048417,0.0941801512526862
T4-E033,val_cold,area_aspect,3243000.0,15.369613265740677,4730839.674460331,0.4587849751650728
T4-E033,val_cold,area_aspect,2856600.0,15.160623790314022,3838621.1720874137,0.3437727270487341
T4-E033,val_cold,area_aspect,3532800.0,15.295289721373756,4391975.6648837095,0.24319963340231815
T4-E033,val_cold,area_aspect,1021200.0,14.306838545393564,1634485.3553495922,0.6005536186345399
T4-E033,val_cold,area_aspect,876300.0,14.30877277492557,1637649.8846699677,0.8688233306743897
T4-E033,val_cold,area_aspect,876300.0,14.30877277492557,1637649.8846699677,0.8688233306743897
T4-E033,val_cold,area_aspect,775560.0,14.24785816340961,1540870.637104579,0.9867845648364781
T4-E033,val_cold,area_aspect,1021200.0,14.30877277492557,1637649.8846699677,0.6036524526732938
T4-E033,val_cold,area_aspect,891480.0,14.249670557370273,1543665.833975261,0.7315765176731515
T4-E033,val_cold,area_aspect,891480.0,14.249670557370273,1543665.833975261,0.7315765176731515
T4-E033,val_cold,area_aspect,299460.0,13.20166625462486,541266.0733751187,0.8074736972387586
T4-E033,val_cold,area_aspect,429180.0,13.651326971192894,848586.2183748442,0.9772268474179696
T4-E033,val_cold,area_aspect,890100.0,14.442757408894025,1872448.3469021018,1.1036381832401998
T4-E033,val_cold,area_aspect,890100.0,14.519168859708113,2021133.114158102,1.270680950632628
T4-E033,val_cold,area_aspect,2245260.0,14.437482161854266,1862596.727013419,0.1704316083600924
T4-E033,val_cold,area_aspect,299460.0,13.04448308079742,462537.577275506,0.5445721541291191
T4-E033,val_cold,area_aspect,342240.0,13.04448308079742,462537.577275506,0.35150063486297917
T4-E033,val_cold,area_aspect,3243000.0,15.295289721373756,4391975.6648837095,0.3542940687276317
T4-E033,val_cold,area_aspect,3201600.0,15.160623790314022,3838621.1720874137,0.198969631461586
T4-E033,val_cold,area_aspect,963240.0,14.26924723233864,1574183.420059037,0.6342587725375161
T4-E033,val_cold,area_aspect,2352900.0,14.781103533777912,2626344.553626359,0.1162159690706613
T4-E033,val_cold,area_aspect,1918200.0,14.648659549131956,2300551.7631075047,0.1993284136729771
T4-E033,val_cold,area_aspect,1283400.0,14.077573515452153,1299608.3599314103,0.012629234791499369
T4-E033,val_cold,area_aspect,1283400.0,14.077573515452153,1299608.3599314103,0.012629234791499369
T4-E033,val_cold,area_aspect,6265200.0,15.74257522783583,6869316.906150987,0.09642420132653186
T4-E033,val_cold,area_aspect,4636800.0,15.494742425989836,5361436.098525424,0.15627935182139052
T4-E033,val_cold,area_aspect,683100.0,13.743564610368553,930581.1946027533,0.3622913110858634
T4-E033,val_cold,area_aspect,1759500.0,14.401687043142646,1797104.0086562238,0.021371985596035106
T4-E033,val_cold,area_aspect,3912300.0,15.387783322310305,4817584.996093291,0.23139457508199546
T4-E033,val_cold,area_aspect,2002380.0,15.062664209612883,3480422.3509878353,0.7381427855790785
T4-E033,val_cold,area_aspect,4650600.0,15.487979700761628,5325300.504628768,0.14507816295290246
T4-E033,val_cold,area_aspect,3450000.0,15.217697849042256,4064079.5771576106,0.1779940803355393
T4-E033,val_cold,area_aspect,10777800.0,16.224930700337673,11127506.904232286,0.032446965450489515
T4-E033,val_cold,area_aspect,6113400.0,15.514913031276784,5470677.5390841225,0.10513338909868117
T4-E033,val_cold,area_aspect,4940400.0,15.487979700761628,5325300.504628768,0.0779087735059445
T4-E033,val_cold,area_aspect,1542840.0,14.401687043142646,1797104.0086562238,0.16480257749100605
T4-E033,val_cold,area_aspect,1904400.0,14.51948057800975,2021763.236545067,0.061627408393755016
T4-E033,val_cold,area_aspect,11923200.0,17.012205930211493,24451593.124079462,1.050757609037797
T4-E033,val_cold,area_aspect,3739800.0,15.23811915341863,4147926.6021505734,0.10913059579404605
T4-E033,val_cold,area_aspect,3795000.0,15.233841995990405,4130223.1542782476,0.08833284697714035
T4-E033,val_cold,area_aspect,3795000.0,15.233841995990405,4130223.1542782476,0.08833284697714035
T4-E033,val_cold,area_aspect,5471700.0,15.507049883816268,5427829.475975845,0.008017713694858087
T4-E033,val_cold,area_aspect,19182000.0,17.13422489716395,27624811.58051116,0.4401424033214034
T4-E033,val_cold,area_aspect,2829000.0,14.995883977099407,3255589.675416138,0.15079168448785366
T4-E033,val_cold,area_aspect,8293800.0,16.08476339383946,9672171.414145319,0.16619298923838516
T4-E033,val_cold,area_aspect,2352900.0,14.55042109559353,2085295.4286871785,0.11373393315177928
T4-E033,val_cold,area_aspect,1124700.0,13.80800020437368,992517.7786432039,0.11752664831225758
T4-E033,val_cold,area_aspect,22066200.0,17.012205930211493,24451593.124079462,0.10810167242567648
T4-E033,val_cold,area_aspect,862500.0,13.725057250147755,913516.9870079317,0.059150129864268625
T4-E033,val_cold,area_aspect,2208000.0,14.65558163628918,2316531.626117097,0.04915381617622156
T4-E033,val_cold,area_aspect,8293800.0,16.08513709427352,9675786.584254341,0.1666288775054066
T4-E033,val_cold,area_aspect,3726000.0,15.198507004281833,3986830.069381849,0.07000270246426434
T4-E033,val_cold,area_aspect,1108140.0,14.086278053029712,1310970.2279002198,0.1830366450991931
T4-E033,val_cold,area_aspect,890100.0,13.9683935251727,1165188.6056875892,0.30905359587415926
T4-E033,val_cold,area_aspect,8148900.0,15.845537404035127,7614290.769825649,0.06560507923454093
T4-E033,val_cold,area_aspect,5671800.0,15.652388464721325,6276910.537203274,0.10668756606426068
T4-E033,val_cold,area_aspect,26427000.0,16.872166467784837,21256355.007137537,0.19565766045568786
T4-E033,val_cold,area_aspect,1066740.0,13.679810103234248,873104.1275335592,0.18152115085816672
T4-E033,val_cold,area_aspect,1066740.0,13.679810103234248,873104.1275335592,0.18152115085816672
T4-E033,val_cold,area_aspect,7300200.0,15.657352500900553,6308146.813062694,0.13589397371815923
T4-E033,val_cold,area_aspect,7300200.0,15.657352500900553,6308146.813062694,0.13589397371815923
T4-E033,val_cold,area_aspect,7452000.0,14.924405195884157,3031006.182774127,0.5932627237286464
T4-E033,val_cold,area_aspect,3739800.0,15.23811915341863,4147926.6021505734,0.10913059579404605
T4-E033,val_cold,area_aspect,3739800.0,15.23811915341863,4147926.6021505734,0.10913059579404605
T4-E033,val_cold,area_aspect,3739800.0,15.23811915341863,4147926.6021505734,0.10913059579404605
T4-E033,val_cold,area_aspect,3739800.0,15.23811915341863,4147926.6021505734,0.10913059579404605
T4-E033,val_cold,area_aspect,473340.0,13.132597266677049,505143.21730615065,0.06718894939398877
T4-E033,val_cold,area_aspect,2525400.0,14.55042109559353,2085295.4286871785,0.1742712327998818
T4-E033,val_cold,area_aspect,7741800.0,15.297030365795813,4399627.190187109,0.43170487610283026
T4-E033,val_cold,area_aspect,2566800.0,14.530844420625161,2044869.2738032206,0.20333907051456265
T4-E033,val_cold,area_aspect,2566800.0,14.530844420625161,2044869.2738032206,0.20333907051456265
T4-E033,val_cold,area_aspect,1380000.0,14.396678629378275,1788125.870087109,0.2957433841210935
T4-E033,val_cold,area_aspect,1511100.0,14.817957972689522,2724942.739113984,0.8032841897385905
T4-E033,val_cold,area_aspect,1035000.0,14.519168859708113,2021133.114158102,0.95278561754406
T4-E033,val_cold,area_aspect,1108140.0,14.519168859708113,2021133.114158102,0.8238969030610772
T4-E033,val_cold,area_aspect,1511100.0,14.817957972689522,2724942.739113984,0.8032841897385905
T4-E033,val_cold,area_aspect,1987200.0,15.014106165991436,3315457.4498103885,0.6684065266759202
T4-E033,val_cold,area_aspect,1035000.0,14.519168859708113,2021133.114158102,0.95278561754406
T4-E033,val_cold,area_aspect,890100.0,14.519168859708113,2021133.114158102,1.270680950632628
T4-E033,val_cold,area_aspect,1121940.0,14.530844420625161,2044869.2738032206,0.8226191006677902
T4-E033,val_cold,area_aspect,1121940.0,14.530844420625161,2044869.2738032206,0.8226191006677902
T4-E033,val_cold,area_aspect,2463300.0,15.350036590772309,4639126.21516823,0.8832972902887306
T4-E033,val_cold,area_aspect,1814700.0,15.014106165991436,3315457.4498103885,0.8270003029759125
T4-E033,val_cold,area_aspect,1814700.0,15.014106165991436,3315457.4498103885,0.8270003029759125
T4-E033,val_cold,area_aspect,2898000.0,15.350036590772309,4639126.21516823,0.6008026967454211
T4-E033,val_cold,area_aspect,863880.0,13.54644251641714,764091.2639276705,0.11551226567616966
T4-E033,val_cold,area_aspect,661020.0,13.33434968921762,618065.482285629,0.06498217559887896
T4-E033,val_cold,area_aspect,761760.0,13.782123942426825,967164.5664492515,0.2696447259625755
T4-E033,val_cold,area_aspect,6168600.0,15.7445390954671,6882820.5906563075,0.11578325562628596
T4-E033,val_cold,area_aspect,2380500.0,14.853935864806546,2824765.3715829165,0.18662691517870889
T4-E033,val_cold,area_aspect,6168600.0,15.7445390954671,6882820.5906563075,0.11578325562628596
T4-E033,val_cold,area_aspect,3753600.0,15.23811915341863,4147926.6021505734,0.10505290978009735
T4-E033,val_cold,area_aspect,6168600.0,15.7445390954671,6882820.5906563075,0.11578325562628596
T4-E033,val_cold,area_aspect,3753600.0,15.23811915341863,4147926.6021505734,0.10505290978009735
T4-E033,val_cold,area_aspect,3753600.0,15.23811915341863,4147926.6021505734,0.10505290978009735
T4-E033,val_cold,area_aspect,3739800.0,15.23811915341863,4147926.6021505734,0.10913059579404605
T4-E033,val_cold,area_aspect,1080540.0,14.099136128622767,1327935.6195950517,0.22895554037337973
T4-E033,val_cold,area_aspect,5526900.0,15.785194882996157,7168413.242518596,0.29700433199779197
T4-E033,val_cold,area_aspect,11557500.0,16.082712250583725,9652352.737401867,0.16484077547896456
T4-E033,val_cold,area_aspect,11681700.0,16.295157175235026,11937045.326759322,0.021858575957208422
T4-E033,val_cold,area_aspect,3739800.0,15.23811915341863,4147926.6021505734,0.10913059579404605
T4-E033,val_cold,area_aspect,2231460.0,14.151440068120865,1399240.3890986433,0.3729484780822227
T4-E033,val_cold,area_aspect,4393920.0,15.064852921456215,3488048.335103783,0.20616480611759366
T4-E033,val_cold,area_aspect,4393920.0,15.064852921456215,3488048.335103783,0.20616480611759366
T4-E033,val_cold,area_aspect,1407600.0,14.538745534676481,2061090.015736503,0.46425832320013005
T4-E033,val_cold,area_aspect,4305600.0,15.189550002219102,3951279.4752777647,0.08229294981471462
T4-E033,val_cold,area_aspect,4347000.0,15.399846361930956,4876051.648560716,0.12170500311955736
T4-E033,val_cold,area_aspect,5375100.0,15.55715553820656,5706723.152655957,0.061696182890728965
T4-E033,val_cold,area_aspect,4347000.0,15.399846361930956,4876051.648560716,0.12170500311955736
T4-E033,val_cold,area_aspect,1773300.0,14.434998590960129,1857976.5756062793,0.04775084622245492
T4-E033,val_cold,area_aspect,1773300.0,14.434998590960129,1857976.5756062793,0.04775084622245492
T4-E033,val_cold,area_aspect,1773300.0,14.434998590960129,1857976.5756062793,0.04775084622245492
T4-E033,val_cold,area_aspect,2829000.0,15.064685741721298,3487465.252848872,0.23275547997485754
T4-E033,val_cold,area_aspect,6186540.0,15.564946520366492,5751357.778944165,0.07034339405480843
T4-E033,val_cold,area_aspect,7493400.0,15.977584207234418,8689137.212671598,0.15957205176176348
T4-E033,val_cold,area_aspect,7493400.0,15.977584207234418,8689137.212671598,0.15957205176176348
T4-E033,val_cold,area_aspect,645840.0,13.420473166187168,673654.8496259447,0.04306770968962087
T4-E033,val_cold,area_aspect,661020.0,13.413885528370603,669231.6407085481,0.012422681172352021
T4-E033,val_cold,area_aspect,957720.0,14.24233635146174,1532385.6869192682,0.6000351740793428
T4-E033,val_cold,area_aspect,661020.0,13.413885528370603,669231.6407085481,0.012422681172352021
T4-E033,val_cold,area_aspect,964620.0,14.271055746917693,1577032.9296374598,0.634874800063714
T4-E033,val_cold,area_aspect,659640.0,13.893388397548541,1080990.5963432007,0.6387584081365604
T4-E033,val_cold,area_aspect,659640.0,13.710673430901787,900471.173028344,0.3650948593601723
T4-E033,val_cold,area_aspect,1101240.0,14.531128877010834,2045451.0326646091,0.85740713437998
T4-E033,val_cold,area_aspect,903900.0,14.26924723233864,1574183.420059037,0.7415459896659331
T4-E033,val_cold,area_aspect,903900.0,14.26924723233864,1574183.420059037,0.7415459896659331
T4-E033,val_cold,area_aspect,4664400.0,15.526626558784637,5535135.247494141,0.18667679604968285
T4-E033,val_cold,area_aspect,1090200.0,14.538745534676481,2061090.015736503,0.8905613793216869
T4-E033,val_cold,area_aspect,485760.0,13.212083003898778,546933.774613862,0.12593415393169888
T4-E033,val_cold,area_aspect,1090200.0,14.538745534676481,2061090.015736503,0.8905613793216869
T4-E033,val_cold,area_aspect,2753100.0,15.439117505198269,5071349.45678593,0.8420505818117505
T4-E033,val_cold,area_aspect,17512200.0,15.070544799741707,3507958.4910199614,0.7996848773415127
T4-E033,val_cold,area_aspect,487140.0,13.651326971192894,848586.2183748442,0.7419760610396275
T4-E033,val_cold,area_aspect,500940.0,13.651326971192894,848586.2183748442,0.6939877397988665
T4-E033,val_cold,area_aspect,3676320.0,15.369613265740677,4730839.674460331,0.2868411004646851
T4-E033,val_cold,area_aspect,529920.0,13.651326971192894,848586.2183748442,0.601347785278616
T4-E033,val_cold,area_aspect,891480.0,14.24785816340961,1540870.637104579,0.7284410610496915
T4-E033,val_cold,area_aspect,12185400.0,16.195800242551734,10808033.331162099,0.11303417769116329
T4-E033,val_cold,area_aspect,22383600.0,16.21417588256791,11008473.832084045,0.5081902003214833
T4-E033,val_cold,area_aspect,1283400.0,14.10719009942503,1338673.9593937236,0.04306838039093317
T4-E033,val_cold,area_aspect,1642200.0,14.64465048050381,2291347.156484943,0.3952911682407398
T4-E033,val_cold,area_aspect,2435700.0,15.300183687597304,4413522.527245052,0.8120140112678295
T4-E033,val_cold,area_aspect,22397400.0,16.260046143735615,11525195.890806202,0.4854225985691999
T4-E033,val_cold,area_aspect,3270600.0,15.503226456092358,5407116.185394742,0.653249001832918
T4-E033,val_cold,area_aspect,3118800.0,15.003642511558478,3280946.5188734843,0.05199003426750171
T4-E033,val_cold,area_aspect,3132600.0,15.143083029904753,3771875.9302829923,0.20407199459969108
T4-E033,val_cold,area_aspect,1614600.0,14.236817743006645,1523952.341878736,0.05614248613976469
T4-E033,val_cold,area_aspect,3118800.0,15.016572108718053,3323643.266723922,0.06568015477873605
T4-E033,val_cold,area_aspect,3160200.0,14.93667684181319,3068430.7784951213,0.029039054966419443
T4-E033,val_cold,area_aspect,3105000.0,14.871482135259392,2874766.8557104594,0.07414916080178441
T4-E033,val_cold,area_aspect,3105000.0,14.871482135259392,2874766.8557104594,0.07414916080178441
T4-E033,val_cold,area_aspect,407100.0,13.394308853402233,656257.7178828678,0.6120307489139469
T4-E033,val_cold,area_aspect,313260.0,13.20166625462486,541266.0733751187,0.7278493052899146
T4-E033,val_cold,area_aspect,498180.0,13.651326971192894,848586.2183748442,0.703372713426561
T4-E033,val_cold,area_aspect,500940.0,13.651326971192894,848586.2183748442,0.6939877397988665
T4-E033,val_cold,area_aspect,420900.0,13.394308853402233,656257.7178828678,0.5591772817364404
T4-E033,val_cold,area_aspect,673440.0,13.670903646161262,865362.3900039528,0.2849881058504882
T4-E033,val_cold,area_aspect,284280.0,13.04448308079742,462537.577275506,0.6270493079903827
T4-E033,val_cold,area_aspect,471960.0,13.651326971192894,848586.2183748442,0.7980045308391478
T4-E033,val_cold,area_aspect,673440.0,13.665253913731874,860487.1090305113,0.2777487363841045
T4-E033,val_cold,area_aspect,2787600.0,15.167336923785422,3864477.0381999174,0.3863097425024815
T4-E033,val_cold,area_aspect,1159200.0,13.994269787119556,1195732.8119072479,0.03151553822226352
T4-E033,val_cold,area_aspect,1352400.0,14.396678629378275,1788125.870087109,0.32218712665417704
T4-E033,val_cold,area_aspect,7769400.0,15.842040433925696,7587710.325196473,0.02338529034462469
T4-E033,val_cold,area_aspect,1914060.0,15.31136391257046,4463143.572373529,1.3317678507327508
T4-E033,val_cold,area_aspect,1449000.0,14.16019631746542,1411546.2849585728,0.02584797449373856
T4-E033,val_cold,area_aspect,659640.0,14.028958248531382,1237938.740700903,0.8766884068596554
T4-E033,val_cold,area_aspect,4485000.0,15.387069340101645,4814146.553756766,0.07338830630028229
T4-E033,val_cold,area_aspect,5299200.0,15.228463625047235,4108068.9123463957,0.2247756430505745
T4-E033,val_cold,area_aspect,814200.0,14.04853492349975,1262412.2383027074,0.5504940288660126
T4-E033,val_cold,area_aspect,834900.0,13.838712272044,1023472.9676345832,0.22586293883648728
T4-E033,val_cold,area_aspect,1352400.0,14.396678629378275,1788125.870087109,0.32218712665417704
T4-E033,val_cold,area_aspect,538200.0,13.827576879342049,1012139.4131205446,0.8806009162403282
T4-E033,val_cold,area_aspect,1186800.0,14.873512539774914,2880609.725002176,1.4272073854079677
T4-E033,val_cold,area_aspect,703800.0,14.230381810392903,1514175.7816875465,1.1514290731565027
T4-E033,val_cold,area_aspect,1393800.0,14.82806744447497,2752630.187784948,0.97491045184743
T4-E033,val_cold,area_aspect,1173000.0,14.655246953589794,2315756.452785044,0.9742169247954339
T4-E033,val_cold,area_aspect,814200.0,13.994269787119556,1195732.8119072479,0.46859839340118875
T4-E033,val_cold,area_aspect,883200.0,14.210805135424534,1484821.5214566228,0.6811837878811399
T4-E033,val_cold,area_aspect,2635800.0,15.387783322310305,4817584.996093291,0.8277505865745849
T4-E033,val_cold,area_aspect,738300.0,13.80800020437368,992517.7786432039,0.34432856378600013
T4-E033,val_cold,area_aspect,1449000.0,14.726806155840068,2487543.3023420414,0.7167310575169368
T4-E033,val_cold,area_aspect,5009400.0,15.539783524794705,5608442.023705666,0.11958358759645187
T4-E033,val_cold,area_aspect,6058200.0,15.324581389111785,4522526.650538768,0.25348673689565093
T4-E033,val_cold,area_aspect,12392400.0,16.52079133086764,14958516.046946289,0.20707175744377918
T4-E033,val_cold,area_aspect,1600800.0,14.71848002600417,2466917.6787989507,0.5410530227379752
T4-E033,val_cold,area_aspect,634800.0,13.525299024183434,748105.3012969733,0.17848976259762642
T4-E033,val_cold,area_aspect,883200.0,14.210805135424534,1484821.5214566228,0.6811837878811399
T4-E033,val_cold,area_aspect,1600800.0,14.71848002600417,2466917.6787989507,0.5410530227379752
T4-E033,val_cold,area_aspect,1545600.0,14.672286314721248,2355553.5590233793,0.524038275765644
T4-E033,val_cold,area_aspect,952200.0,13.903722975789531,1092220.1044080092,0.14704904894770973
T4-E033,val_cold,area_aspect,1600800.0,14.71848002600417,2466917.6787989507,0.5410530227379752
T4-E033,val_cold,area_aspect,579600.0,12.522520607907532,274448.9664038968,0.526485565210668
T4-E033,val_cold,area_aspect,1173000.0,14.655246953589794,2315756.452785044,0.9742169247954339
T4-E033,val_cold,area_aspect,510600.0,12.522520607907532,274448.9664038968,0.4624971280769745
T4-E033,val_cold,area_aspect,510600.0,12.522520607907532,274448.9664038968,0.4624971280769745
T4-E033,val_cold,area_aspect,510600.0,12.522520607907532,274448.9664038968,0.4624971280769745
T4-E033,val_cold,area_aspect,952200.0,14.106172062028882,1337311.832707408,0.4044442687538415
T4-E033,val_cold,area_aspect,1090200.0,14.45003627042945,1886127.3625871132,0.7300746308815934
T4-E033,val_cold,area_aspect,1021200.0,14.087749919635895,1312901.2219345765,0.2856455365595148
T4-E033,val_cold,area_aspect,1242000.0,14.655246953589794,2315756.452785044,0.8645382067512432
T4-E033,val_cold,area_aspect,1090200.0,14.401687043142646,1797104.0086562238,0.6484168121961326
T4-E033,val_cold,area_aspect,1945800.0,14.792776858367844,2657182.3658021414,0.3655989134557207
T4-E033,val_cold,area_aspect,1876800.0,14.928126603728007,3042306.8070315938,0.621007463252128
T4-E033,val_cold,area_aspect,1821600.0,14.872924415958959,2878916.067907285,0.5804326240158569
T4-E033,val_cold,area_aspect,1435200.0,14.401687043142646,1797104.0086562238,0.2521627708028315
T4-E033,val_cold,area_aspect,634800.0,13.80800020437368,992517.7786432039,0.5635125687511089
T4-E033,val_cold,area_aspect,2083800.0,14.792776858367844,2657182.3658021414,0.2751618993195803
T4-E033,val_cold,area_aspect,1449000.0,14.607467438036798,2207712.430388285,0.5236110630698998
T4-E033,val_cold,area_aspect,1159200.0,14.452433798607425,1890654.831284342,0.6309996819223103
T4-E033,val_cold,area_aspect,1449000.0,14.501882638374566,1986495.5981945673,0.37094244181819686
T4-E033,val_cold,area_aspect,634800.0,13.525299024183434,748105.3012969733,0.17848976259762642
T4-E033,val_cold,area_aspect,4485000.0,15.968865698626576,8613710.178493412,0.9205596830531577
T4-E033,val_cold,area_aspect,1159200.0,14.401687043142646,1797104.0086562238,0.5502967638511247
T4-E033,val_cold,area_aspect,745200.0,13.723987935400185,912540.6719086651,0.22455806751028595
T4-E033,val_cold,area_aspect,910800.0,13.80800020437368,992517.7786432039,0.08972088125077284
T4-E033,val_cold,area_aspect,745200.0,13.723987935400185,912540.6719086651,0.22455806751028595
T4-E033,val_cold,area_aspect,745200.0,13.723987935400185,912540.6719086651,0.22455806751028595
T4-E033,val_cold,area_aspect,848700.0,13.994269787119556,1195732.8119072479,0.4088992717182136
T4-E033,val_cold,area_aspect,4126200.0,15.731806220167671,6795738.076291177,0.6469725355753908
T4-E033,val_cold,area_aspect,1304100.0,14.401687043142646,1797104.0086562238,0.3780415678676664
T4-E033,val_cold,area_aspect,1186800.0,14.401687043142646,1797104.0086562238,0.5142433507383078
T4-E033,val_cold,area_aspect,1545600.0,14.401687043142646,1797104.0086562238,0.16272257288834355
T4-E033,val_cold,area_aspect,1449000.0,14.556720682572019,2098473.39290155,0.448221803244686
T4-E033,val_cold,area_aspect,1614600.0,14.726806155840068,2487543.3023420414,0.5406560772587894
T4-E033,val_cold,area_aspect,3187800.0,15.387783322310305,4817584.996093291,0.5112569785097217
T4-E033,val_cold,area_aspect,1304100.0,14.401687043142646,1797104.0086562238,0.3780415678676664
T4-E033,val_cold,area_aspect,4167600.0,15.487979700761628,5325300.504628768,0.2777858970699607
T4-E033,val_cold,area_aspect,931500.0,13.80800020437368,992517.7786432039,0.06550486166742232
T4-E033,val_cold,area_aspect,2290800.0,15.066312934655516,3493144.6511518913,0.5248579758826136
T4-E033,val_cold,area_aspect,1186800.0,14.384965101870423,1767302.8023966374,0.4891327960874936
T4-E033,val_cold,area_aspect,2166600.0,15.257695828386998,4229929.263843442,0.9523351167005641
T4-E033,val_cold,area_aspect,3594900.0,15.66522446807994,6358000.302812819,0.7686167356012182
T4-E033,val_cold,area_aspect,1211640.0,14.027660036766036,1236332.6767940442,0.020379549036053785
T4-E033,val_cold,area_aspect,2346000.0,15.00581840302848,3288093.274880453,0.40157428596779754
T4-E033,val_cold,area_aspect,924600.0,13.80800020437368,992517.7786432039,0.07345639048583592
T4-E033,val_cold,area_aspect,966000.0,13.80800020437368,992517.7786432039,0.027451116607871532
T4-E033,val_cold,area_aspect,6679200.0,16.294849064550263,11933367.96209641,0.7866462992718304
T4-E033,val_cold,area_aspect,966000.0,13.80800020437368,992517.7786432039,0.027451116607871532
T4-E033,val_cold,area_aspect,11205600.0,14.577138506042393,2141760.0581444562,0.8088669898850168
T4-E033,val_cold,area_aspect,1731900.0,14.51948057800975,2021763.236545067,0.1673671901062804
T4-E033,val_cold,area_aspect,1731900.0,14.51948057800975,2021763.236545067,0.1673671901062804
T4-E033,val_cold,area_aspect,966000.0,13.80800020437368,992517.7786432039,0.027451116607871532
T4-E033,val_cold,area_aspect,1738800.0,14.746382830808436,2536720.9256303986,0.45889172166459546
T4-E033,val_cold,area_aspect,731400.0,13.841534289115042,1026365.3050142332,0.4032886314113115
T4-E033,val_cold,area_aspect,731400.0,13.841534289115042,1026365.3050142332,0.4032886314113115
T4-E033,val_cold,area_aspect,993600.0,13.96484244315394,1161058.2633140967,0.16853689947070927
T4-E033,val_cold,area_aspect,993600.0,13.96484244315394,1161058.2633140967,0.16853689947070927
T4-E033,val_cold,area_aspect,993600.0,13.96484244315394,1161058.2633140967,0.16853689947070927
T4-E033,val_cold,area_aspect,938400.0,13.80800020437368,992517.7786432039,0.057670267096338344
T4-E033,val_cold,area_aspect,966000.0,13.80800020437368,992517.7786432039,0.027451116607871532
T4-E033,val_cold,area_aspect,4650600.0,15.43916617855745,5071596.3024069285,0.09052515856167559
T4-E033,val_cold,area_aspect,1849200.0,14.726806155840068,2487543.3023420414,0.345199709248346
T4-E033,val_cold,area_aspect,1683600.0,14.496664045197289,1976155.8886536846,0.17376804980618
T4-E033,val_cold,area_aspect,938400.0,13.723987935400185,912540.6719086651,0.027556828741831737
T4-E033,val_cold,area_aspect,855600.0,13.723987935400185,912540.6719086651,0.06655057492831358
T4-E033,val_cold,area_aspect,1849200.0,14.726806155840068,2487543.3023420414,0.345199709248346
T4-E033,val_cold,area_aspect,2049300.0,14.496664045197289,1976155.8886536846,0.03569224191007435
T4-E033,val_cold,area_aspect,1697400.0,14.556720682572019,2098473.39290155,0.23628690520887832
T4-E033,val_cold,area_aspect,3988200.0,15.487587084686396,5323210.11643207,0.3347400121438418
T4-E033,val_cold,area_aspect,1932000.0,14.532148035468097,2047536.7340330284,0.05980162217030453
T4-E033,val_cold,area_aspect,1932000.0,14.532148035468097,2047536.7340330284,0.05980162217030453
T4-E033,val_cold,area_aspect,1683600.0,14.51948057800975,2021763.236545067,0.20085723244539502
T4-E033,val_cold,area_aspect,15814800.0,16.283502030870846,11798724.977822214,0.2539440917480958
T4-E033,val_cold,area_aspect,966000.0,13.80800020437368,992517.7786432039,0.027451116607871532
T4-E033,val_cold,area_aspect,2387400.0,14.726806155840068,2487543.3023420414,0.0419465956027651
T4-E033,val_cold,area_aspect,1159200.0,14.027660036766036,1236332.6767940442,0.06653957625435146
T4-E033,val_cold,area_aspect,1159200.0,14.027660036766036,1236332.6767940442,0.06653957625435146
T4-E033,val_cold,area_aspect,1090200.0,14.027660036766036,1236332.6767940442,0.13404208108057622
T4-E033,val_cold,area_aspect,7507200.0,16.294849064550263,11933367.96209641,0.5895897221462609
T4-E033,val_cold,area_aspect,1035000.0,13.80800020437368,992517.7786432039,0.0410456244993199
T4-E033,val_cold,area_aspect,1821600.0,14.496664045197289,1976155.8886536846,0.08484622785116636
T4-E033,val_cold,area_aspect,2758302.0,14.625832662559967,2248632.164793963,0.1847766615860181
T4-E033,val_cold,area_aspect,2758302.0,14.628598528520477,2254860.188925877,0.18251874199203813
T4-E033,val_cold,area_aspect,2242527.0,14.853012652886953,2822158.7179538095,0.2584725704322889
T4-E033,val_cold,area_aspect,7235878.0,15.641085790071322,6206364.092377649,0.1422790582735573
T4-E033,val_cold,area_aspect,1499618.0,14.249670557370273,1543665.833975261,0.029372702898512206
T4-E033,val_cold,area_aspect,3645532.0,14.923356330308517,3027828.7313804524,0.16944118680608142
T4-E033,val_cold,area_aspect,17744688.0,16.10237294176668,9844002.473537609,0.4452422903385166
T4-E033,val_cold,area_aspect,2772102.0,14.839445811846565,2784129.490777143,0.004338761985360861
T4-E033,val_cold,area_aspect,17813688.0,16.196111080415456,10811393.399344949,0.3930850591216738
T4-E033,val_cold,area_aspect,1141963.0,13.849724002846104,1034805.4570860948,0.09383626519765109
T4-E033,val_cold,area_aspect,1141260.0,13.849724002846104,1034805.4570860948,0.09327808116809949
T4-E033,val_cold,area_aspect,5406205.0,15.136556285303861,3747338.022853427,0.3068450007253837
T4-E033,val_cold,area_aspect,3645532.0,15.030002530737146,3368582.2980222637,0.07596962582628168
T4-E033,val_cold,area_aspect,1843472.0,14.377101954409907,1753460.732293342,0.04882703274400587
T4-E033,val_cold,area_aspect,8666400.0,15.592639337118513,5912854.91045191,0.317726517302235
T4-E033,val_cold,area_aspect,10046400.0,15.656520619873922,6302901.367511517,0.37262090226235095
T4-E033,val_cold,area_aspect,1311000.0,13.787965516579222,972830.8639171029,0.25794747222188946
T4-E033,val_cold,area_aspect,15525000.0,16.89007362303562,21640424.388215248,0.3939081731539612
T4-E033,val_cold,area_aspect,2056200.0,14.37602676236859,1751576.4384396202,0.1481487995138507
T4-E033,val_cold,area_aspect,11247000.0,14.828059602859689,2752608.602802636,0.7552584153282976
T4-E033,val_cold,area_aspect,2746200.0,15.23811915341863,4147926.6021505734,0.5104240776893793
T4-E033,val_cold,area_aspect,2746200.0,15.210682931522346,4035670.155504341,0.46954706703966964
T4-E033,val_cold,area_aspect,5188800.0,15.645396273994049,6233174.265915749,0.20127471976482977
T4-E033,val_cold,area_aspect,16311600.0,16.196111080415456,10811393.399344949,0.337196020050458
T4-E033,val_cold,area_aspect,745200.0,13.841534289115042,1026365.3050142332,0.3773018049036946
T4-E033,val_cold,area_aspect,1145400.0,13.994269787119556,1195732.8119072479,0.043943436273134164
T4-E033,val_cold,area_aspect,1145400.0,13.994269787119556,1195732.8119072479,0.043943436273134164
T4-E033,val_cold,area_aspect,828000.0,13.841534289115042,1026365.3050142332,0.23957162441332513
T4-E033,val_cold,area_aspect,745200.0,13.723987935400185,912540.6719086651,0.22455806751028595
T4-E033,val_cold,area_aspect,1890600.0,14.51948057800975,2021763.236545067,0.06937651356451235
T4-E033,val_cold,area_aspect,1117800.0,14.829125004137932,2755542.798296835,1.4651483255473563
T4-E033,val_cold,area_aspect,1159200.0,13.994269787119556,1195732.8119072479,0.03151553822226352
T4-E033,val_cold,area_aspect,1104000.0,14.079170056281567,1301684.8949356673,0.17906240483303196
T4-E033,val_cold,area_aspect,1324800.0,14.031084408510953,1240573.5965785175,0.06357669340389684
T4-E033,val_cold,area_aspect,1407600.0,14.031084408510953,1240573.5965785175,0.11866041732131467
T4-E033,val_cold,area_aspect,1145400.0,13.994269787119556,1195732.8119072479,0.043943436273134164
T4-E033,val_cold,area_aspect,1145400.0,13.994269787119556,1195732.8119072479,0.043943436273134164
T4-E033,val_cold,area_aspect,1145400.0,13.994269787119556,1195732.8119072479,0.043943436273134164
T4-E033,val_cold,area_aspect,2332200.0,14.726806155840068,2487543.3023420414,0.06660805348685421
T4-E033,val_cold,area_aspect,1145400.0,13.994269787119556,1195732.8119072479,0.043943436273134164
T4-E033,val_cold,area_aspect,371220.0,13.420811348705115,673882.7064456431,0.8153189656959299
T4-E033,val_cold,area_aspect,7631400.0,15.94444282800849,8405886.801037818,0.10148685706919021
T4-E033,val_cold,area_aspect,1504200.0,14.257835392903946,1556321.2058382593,0.03465044930079731
T4-E033,val_cold,area_aspect,4857600.0,15.141047115345653,3764204.5249740877,0.22508964818550567
T4-E033,val_cold,area_aspect,1145400.0,13.994269787119556,1195732.8119072479,0.043943436273134164
T4-E033,val_cold,area_aspect,1076400.0,13.80800020437368,992517.7786432039,0.0779284850954999
T4-E033,val_cold,area_aspect,2056200.0,14.37602676236859,1751576.4384396202,0.1481487995138507
T4-E033,val_cold,area_aspect,1145400.0,13.994269787119556,1195732.8119072479,0.043943436273134164
T4-E033,val_cold,area_aspect,4733400.0,15.520215539782935,5499762.897802121,0.16190537410785502
T4-E033,val_cold,area_aspect,3919200.0,16.317979813150924,12212612.817370346,2.1160983918581207
T4-E033,val_cold,area_aspect,1766400.0,15.381934056151936,4789487.912978501,1.711440168126416
T4-E033,val_cold,area_aspect,1642200.0,14.257835392903946,1556321.2058382593,0.05229496660683272
T4-E033,val_cold,area_aspect,869400.0,13.723987935400185,912540.6719086651,0.049621200723102256
T4-E033,val_cold,area_aspect,745200.0,13.841534289115042,1026365.3050142332,0.3773018049036946
T4-E033,val_cold,area_aspect,1021200.0,13.80800020437368,992517.7786432039,0.02808678158714855
T4-E033,val_cold,area_aspect,1821600.0,14.496664045197289,1976155.8886536846,0.08484622785116636
T4-E033,val_cold,area_aspect,1145400.0,13.994269787119556,1195732.8119072479,0.043943436273134164
T4-E033,val_cold,area_aspect,1145400.0,13.994269787119556,1195732.8119072479,0.043943436273134164
T4-E033,val_cold,area_aspect,2056200.0,14.37602676236859,1751576.4384396202,0.1481487995138507
T4-E033,val_cold,area_aspect,2704800.0,14.995883977099407,3255589.675416138,0.20363415979596938
T4-E033,val_cold,area_aspect,1145400.0,13.994269787119556,1195732.8119072479,0.043943436273134164
T4-E033,val_cold,area_aspect,1007400.0,13.80800020437368,992517.7786432039,0.014772901882862914
T4-E033,val_cold,area_aspect,1007400.0,13.80800020437368,992517.7786432039,0.014772901882862914
T4-E033,val_cold,area_aspect,1959600.0,14.51948057800975,2021763.236545067,0.03172241097421262
T4-E033,val_cold,area_aspect,2111400.0,14.655246953589794,2315756.452785044,0.09678718044190773
T4-E033,val_cold,area_aspect,1007400.0,13.80800020437368,992517.7786432039,0.014772901882862914
T4-E033,val_cold,area_aspect,16918800.0,15.527368555011225,5539243.821045976,0.672598303600375
T4-E033,val_cold,area_aspect,11247000.0,14.855005179554116,2827787.550395389,0.7485740597141115
T4-E033,val_cold,area_aspect,5409600.0,15.738566981031914,6841838.096332267,0.2647585951516317
T4-E033,val_cold,area_aspect,1435200.0,14.16019631746542,1411546.2849585728,0.016481128094639894
T4-E033,val_cold,area_aspect,2097600.0,14.519168859708113,2021133.114158102,0.03645446502760198
T4-E033,val_cold,area_aspect,1269600.0,14.538745534676481,2061090.015736503,0.6234168365914485
T4-E033,val_cold,area_aspect,8183400.0,16.087662332184102,9700251.123742385,0.18535707942204765
T4-E033,val_cold,area_aspect,8583600.0,16.087662332184102,9700251.123742385,0.13009123488307758
T4-E033,val_cold,area_aspect,4981800.0,15.14820042830313,3791227.59498509,0.2389843841613292
T4-E033,val_cold,area_aspect,1462800.0,15.054477436362347,3452045.239367065,1.359888733502232
T4-E033,val_cold,area_aspect,2277000.0,15.182571719588012,3923802.313548288,0.7232333392833938
T4-E033,val_cold,area_aspect,4388400.0,15.760247923442138,6991795.327051111,0.5932447650740841
T4-E033,val_cold,area_aspect,661020.0,13.838712272044,1023472.9676345832,0.5483237536452501
T4-E033,val_cold,area_aspect,1242000.0,14.028958248531382,1237938.740700903,0.003269935023427443
T4-E033,val_cold,area_aspect,1242000.0,14.028958248531382,1237938.740700903,0.003269935023427443
T4-E033,val_cold,area_aspect,11237436.0,16.088490774983313,9708290.55658171,0.1360760091019242
T4-E033,val_cold,area_aspect,772800.0,13.402942881770624,661948.3970270122,0.14344151523419746
T4-E033,val_cold,area_aspect,772800.0,13.402942881770624,661948.3970270122,0.14344151523419746
T4-E033,val_cold,area_aspect,4554000.0,15.508613444298295,5436322.853872348,0.1937467838981879
T4-E033,val_cold,area_aspect,848700.0,14.077573515452153,1299608.3599314103,0.5312929891969015
T4-E033,val_cold,area_aspect,992220.0,14.077573515452153,1299608.3599314103,0.3097985929848323
T4-E033,val_cold,area_aspect,545100.0,13.696423994228285,887730.9521280761,0.6285653130216036
T4-E033,val_cold,area_aspect,545100.0,13.696423994228285,887730.9521280761,0.6285653130216036
T4-E033,val_cold,area_aspect,558900.0,14.028958248531382,1237938.740700903,1.214955699947939
T4-E033,val_cold,area_aspect,1504200.0,14.077573515452153,1299608.3599314103,0.13601358866413357
T4-E033,val_cold,area_aspect,1545600.0,14.493504164358804,1969921.3269508937,0.27453502002516417
T4-E033,val_cold,area_aspect,3146400.0,15.1515563389746,3803971.988691736,0.20899186012323162
T4-E033,val_cold,area_aspect,1269600.0,13.838712272044,1023472.9676345832,0.19386187174339695
T4-E033,val_cold,area_aspect,821100.0,13.136067143203505,506899.04639175616,0.3826585721693385
T4-E033,val_cold,area_aspect,7424400.0,15.853897205798189,7678211.541452365,0.03418613510214495
T4-E033,val_cold,area_aspect,717600.0,14.249670557370273,1543665.833975261,1.1511508277247229
T4-E033,val_cold,area_aspect,485760.0,13.212083003898778,546933.774613862,0.12593415393169888
T4-E033,val_cold,area_aspect,442980.0,13.651326971192894,848586.2183748442,0.9156309954734845
T4-E033,val_cold,area_aspect,2539200.0,15.064685741721298,3487465.252848872,0.3734503988850315
T4-E033,val_cold,area_aspect,471960.0,14.028958248531382,1237938.740700903,1.6229738552015067
T4-E033,val_cold,area_aspect,2325300.0,14.355594942247818,1716151.6723042426,0.26196547873210224
T4-E033,val_cold,area_aspect,1035000.0,14.674823628558162,2361537.926560967,1.281679156097553
T4-E033,val_cold,area_aspect,538200.0,13.827576879342049,1012139.4131205446,0.8806009162403282
T4-E033,val_cold,area_aspect,538200.0,13.827576879342049,1012139.4131205446,0.8806009162403282
T4-E033,val_cold,area_aspect,193200.0,12.633610782148894,306695.53204122186,0.5874509940021835
T4-E033,val_cold,area_aspect,524400.0,12.614034107180526,300749.8416081296,0.4264877162316369
T4-E033,val_cold,area_aspect,600300.0,13.743564610368553,930581.1946027533,0.5501935608908101
T4-E033,val_cold,area_aspect,655500.0,13.774734690864964,960044.2833454376,0.4645984490395692
T4-E033,val_cold,area_aspect,538200.0,13.544875699151802,762895.0099434791,0.4174935153167579
T4-E033,val_cold,area_aspect,1738800.0,14.96048064615247,3142347.3621304804,0.8071930999140099
T4-E033,val_cold,area_aspect,1035000.0,14.655246953589794,2315756.452785044,1.2374458481014918
T4-E033,val_cold,area_aspect,883200.0,14.401687043142646,1797104.0086562238,1.0347645025546013
T4-E033,val_cold,area_aspect,1738800.0,15.062664209612883,3480422.3509878353,1.0016231602184469
T4-E033,val_cold,area_aspect,1738800.0,14.991650726648881,3241837.0785869923,0.8644105581935774
T4-E033,val_cold,area_aspect,1738800.0,15.062664209612883,3480422.3509878353,1.0016231602184469
T4-E033,val_cold,area_aspect,966000.0,14.212535373304677,1487392.8397529724,0.5397441405310273
T4-E033,val_cold,area_aspect,800400.0,13.743564610368553,930581.1946027533,0.16264517066810752
T4-E033,val_cold,area_aspect,1311000.0,14.577141986948392,2141767.513422867,0.6336899415887619
T4-E033,val_cold,area_aspect,2290800.0,15.062664209612883,3480422.3509878353,0.5193043264308693
T4-E033,val_cold,area_aspect,2263200.0,15.210682931522346,4035670.155504341,0.7831699167127699
T4-E033,val_cold,area_aspect,1738800.0,14.853935864806546,2824765.3715829165,0.6245487529232324
T4-E033,val_cold,area_aspect,1449000.0,14.746382830808436,2536720.9256303986,0.7506700659975145
T4-E033,val_cold,area_aspect,2014800.0,15.062664209612883,3480422.3509878353,0.7274282067638651
T4-E033,val_cold,area_aspect,1159200.0,14.401687043142646,1797104.0086562238,0.5502967638511247
T4-E033,val_cold,area_aspect,1186800.0,14.384965101870423,1767302.8023966374,0.4891327960874936
T4-E033,val_cold,area_aspect,1449000.0,14.556720682572019,2098473.39290155,0.448221803244686
T4-E033,val_cold,area_aspect,6679200.0,16.294849064550263,11933367.96209641,0.7866462992718304
T4-E033,val_cold,area_aspect,4319400.0,15.76620488728157,7033569.4990720395,0.6283672498661943
T4-E033,val_cold,area_aspect,6706800.0,16.294849064550263,11933367.96209641,0.779293845365362
T4-E033,val_cold,area_aspect,9991200.0,16.739405130030256,18613638.636941765,0.8630033066039879
T4-E033,val_cold,area_aspect,1932000.0,14.532148035468097,2047536.7340330284,0.05980162217030453
T4-E033,val_cold,area_aspect,8790600.0,15.808589049234065,7338089.269783708,0.16523453805386343
T4-E033,val_cold,area_aspect,8790600.0,15.757842293769286,6974995.871481863,0.2065392724635562
T4-E033,val_cold,area_aspect,8293800.0,16.08476339383946,9672171.414145319,0.16619298923838516
T4-E033,val_cold,area_aspect,7079400.0,16.08476339383946,9672171.414145319,0.3662416891467241
T4-E033,val_cold,area_aspect,1145400.0,13.994269787119556,1195732.8119072479,0.043943436273134164
T4-E033,val_cold,area_aspect,2056200.0,14.37602676236859,1751576.4384396202,0.1481487995138507
T4-E033,val_cold,area_aspect,2049300.0,14.51948057800975,2021763.236545067,0.013437155836106452
T4-E033,val_cold,area_aspect,1173000.0,14.019809802537008,1226665.171434516,0.04575035927921235
T4-E033,val_cold,area_aspect,2704800.0,15.011673537787846,3307401.9764684774,0.22278984637255153
T4-E033,val_cold,area_aspect,1173000.0,14.019809802537008,1226665.171434516,0.04575035927921235
T4-E033,val_cold,area_aspect,5409600.0,15.652388464721325,6276910.537203274,0.16032803482757943
T4-E033,val_cold,area_aspect,1173000.0,14.031286391965327,1240824.1972267006,0.05782114000571237
T4-E033,val_cold,area_aspect,676200.0,13.723987935400185,912540.6719086651,0.34951297235827433
T4-E033,val_cold,area_aspect,952200.0,14.421263718111014,1832631.9545876512,0.9246292318710893
T4-E033,val_cold,area_aspect,1380000.0,14.64514553462107,2292481.7781552267,0.661218679822628
T4-E033,val_cold,area_aspect,1242000.0,14.674823628558162,2361537.926560967,0.9013992967479607
T4-E033,val_cold,area_aspect,772800.0,13.80800020437368,992517.7786432039,0.2843138957598394
T4-E033,val_cold,area_aspect,814200.0,13.723987935400185,912540.6719086651,0.12078196009416003
T4-E033,val_cold,area_aspect,6624000.0,15.727185501007135,6764409.315596277,0.02119705851393069
T4-E033,val_cold,area_aspect,3036000.0,16.029507177416814,9152221.342104327,2.0145656594546533
T4-E033,val_cold,area_aspect,29449200.0,15.887239154623147,7938533.787307862,0.730432956164926
T4-E033,val_cold,area_aspect,4678200.0,15.653097964011643,6281365.581013135,0.3426885513687176
T4-E033,val_cold,area_aspect,4567800.0,15.062420293252625,3479573.5225616,0.23823864386321644
T4-E033,val_cold,area_aspect,2297700.0,14.07970500399616,1302381.414579519,0.43318039144382686
T4-E033,val_cold,area_aspect,1380000.0,14.58115486808201,2150379.4396315403,0.5582459707474929
T4-E033,val_cold,area_aspect,4719600.0,15.369613265740677,4730839.674460331,0.0023814887830178356
T4-E033,val_cold,area_aspect,5892600.0,15.74257522783583,6869316.906150987,0.16575313208956782
T4-E033,val_cold,area_aspect,1807800.0,15.054692627065185,3452788.1673410805,0.909939245127271
T4-E033,val_cold,area_aspect,1697400.0,14.705993709054573,2436306.4711039094,0.43531664375156676
T4-E033,val_cold,area_aspect,1725000.0,14.705993709054573,2436306.4711039094,0.4123515774515417
T4-E033,val_cold,area_aspect,1600800.0,14.452433798607425,1890654.831284342,0.18106873518512126
T4-E033,val_cold,area_aspect,1373100.0,14.045016542584337,1257978.395723515,0.08384065565252716
T4-E033,val_cold,area_aspect,1338600.0,14.045016542584337,1257978.395723515,0.06022830141676755
T4-E033,val_cold,area_aspect,1145400.0,13.322485869201063,610776.189571019,0.4667572991347835
T4-E033,val_cold,area_aspect,772800.0,13.322485869201063,610776.189571019,0.20965813978905404
T4-E033,val_cold,area_aspect,1725000.0,14.705993709054573,2436306.4711039094,0.4123515774515417
T4-E033,val_cold,area_aspect,1414500.0,14.045016542584337,1257978.395723515,0.11065507548708733
T4-E033,val_cold,area_aspect,28359000.0,16.295864948735428,11945497.041711815,0.5787758016251696
T4-E033,val_cold,area_aspect,1090200.0,13.543078034023956,761524.8121352992,0.30148155188470077
T4-E033,val_cold,area_aspect,1393800.0,14.241059496143603,1530430.3007437722,0.0980271923832488
T4-E033,val_cold,area_aspect,2428800.0,14.906538809594581,2977333.947618314,0.22584566354508978
T4-E033,val_cold,area_aspect,1048800.0,13.80800020437368,992517.7786432039,0.05366344522959201
T4-E033,val_cold,area_aspect,1449000.0,14.674823628558162,2361537.926560967,0.6297708257839664
T4-E033,val_cold,area_aspect,1683600.0,14.538745534676481,2061090.015736503,0.22421597513453495
T4-E033,val_cold,area_aspect,717600.0,13.670903646161262,865362.3900039528,0.20591191472122738
T4-E033,val_cold,area_aspect,1035000.0,14.04853492349975,1262412.2383027074,0.21972196937459657
T4-E033,val_cold,area_aspect,717600.0,13.670903646161262,865362.3900039528,0.20591191472122738
T4-E033,val_cold,area_aspect,717600.0,13.670903646161262,865362.3900039528,0.20591191472122738
T4-E033,val_cold,area_aspect,2001000.0,14.665906943520223,2340574.437972827,0.1697023678025122
T4-E033,val_cold,area_aspect,2470200.0,14.797954923641521,2670977.11376656,0.08127969952496149
T4-E033,val_cold,area_aspect,1035000.0,14.04853492349975,1262412.2383027074,0.21972196937459657
T4-E033,val_cold,area_aspect,1035000.0,14.04853492349975,1262412.2383027074,0.21972196937459657
T4-E033,val_cold,area_aspect,3256800.0,15.033682840959804,3381002.5670921034,0.038136381445622515
T4-E033,val_cold,area_aspect,1683600.0,14.538745534676481,2061090.015736503,0.22421597513453495
T4-E033,val_cold,area_aspect,1035000.0,14.04853492349975,1262412.2383027074,0.21972196937459657
T4-E033,val_cold,area_aspect,3256800.0,15.033682840959804,3381002.5670921034,0.038136381445622515
T4-E033,val_cold,area_aspect,1338600.0,14.079170056281567,1301684.8949356673,0.02757739807584993
T4-E033,val_cold,area_aspect,12972000.0,16.29534171012539,11939248.3313693,0.07961391216702902
T4-E033,val_cold,area_aspect,12972000.0,16.482977315504396,14403435.543557415,0.11034809925666164
T4-E033,val_cold,area_aspect,10384500.0,16.278583158162277,11740831.054682227,0.130611108352085
T4-E033,val_cold,area_aspect,10384500.0,16.278583158162277,11740831.054682227,0.130611108352085
T4-E033,val_cold,area_aspect,138165600.0,14.379175263588971,1757099.9698534142,0.9872826523399935
T4-E033,val_cold,area_aspect,5216400.0,15.693394315981159,6539650.724589503,0.2536712530844075
T4-E033,val_cold,area_aspect,12972000.0,16.482977315504396,14403435.543557415,0.11034809925666164
T4-E033,val_cold,area_aspect,7845300.0,16.076195793267832,9589658.088149974,0.22234434478604695
T4-E033,val_cold,area_aspect,1018440.0,13.62691406033512,828120.587909487,0.18687346538874458
T4-E033,val_cold,area_aspect,1435200.0,14.384965101870423,1767302.8023966374,0.23139827368773508
T4-E033,val_cold,area_aspect,5837400.0,15.590250787739082,5898748.618019468,0.010509579268076224
T4-E033,val_cold,area_aspect,3960600.0,15.329538322865542,4545000.16940045,0.14755344377125937
T4-E033,val_cold,area_aspect,1385520.0,14.569915615172892,2126346.09268337,0.5346917350044533
T4-E033,val_cold,area_aspect,5210880.0,15.49199291062355,5346714.994811692,0.0260675730033492
T4-E033,val_cold,area_aspect,2677200.0,14.974103085773296,3185446.691850919,0.18984263105144136
T4-E033,val_cold,area_aspect,1407600.0,14.71848002600417,2466917.6787989507,0.7525701042902463
T4-E033,val_cold,area_aspect,1449000.0,14.58159117608994,2151317.872109057,0.4846914231256431
T4-E033,val_cold,area_aspect,710700.0,13.518106067530784,742743.5189447307,0.04508726459086921
T4-E033,val_cold,area_aspect,2139000.0,14.904682620271325,2971812.5780718736,0.3893466938157427
T4-E033,val_cold,area_aspect,3850200.0,15.892787189390475,7982699.451795091,1.0733207240650073
T4-E033,val_cold,area_aspect,4278000.0,15.787985895053222,7188448.31636915,0.6803291997122838
T4-E033,val_cold,area_aspect,4609200.0,15.738708776624746,6842808.307605411,0.4845978277370066
T4-E033,val_cold,area_aspect,814200.0,13.723987935400185,912540.6719086651,0.12078196009416003
T4-E033,val_cold,area_aspect,15373200.0,16.091998135155887,9742400.811731346,0.3662737223394384
T4-E033,val_cold,area_aspect,12640800.0,15.837639720766113,7554392.353705472,0.4023802011181672
T4-E033,val_cold,area_aspect,1366200.0,14.376743635851653,1752832.5473236793,0.28299849752867756
T4-E033,val_cold,area_aspect,5533800.0,15.44124615515877,5082156.082287747,0.08161551153136228
T4-E033,val_cold,area_aspect,7548600.0,15.740128550893962,6852530.45076095,0.0922117411492263
T4-E033,val_cold,area_aspect,2495040.0,14.726806155840068,2487543.3023420414,0.0030046402694780864
T4-E033,val_cold,area_aspect,2495040.0,14.726806155840068,2487543.3023420414,0.0030046402694780864
T4-E033,val_cold,area_aspect,1642200.0,14.465940826449655,1916365.2032034805,0.1669499471461944
T4-E033,val_cold,area_aspect,1642200.0,14.465940826449655,1916365.2032034805,0.1669499471461944
T4-E033,val_cold,area_aspect,10087800.0,15.67692917586892,6432856.066295944,0.3623132827478792
T4-E033,val_cold,area_aspect,14531400.0,16.316612115094102,12195921.067790013,0.1607194717790431
T4-E033,val_cold,area_aspect,7341600.0,15.718959659639193,6708994.586470956,0.08616724059183883
T4-E033,val_cold,area_aspect,1516620.0,14.377101954409907,1753460.732293342,0.15616352962069735
T4-E033,val_cold,area_aspect,3007020.0,15.012807021447001,3311152.9880166044,0.10114099274916843
T4-E033,val_cold,area_aspect,3007020.0,15.014571814065553,3317001.6456847256,0.10308599400227654
T4-E033,val_cold,area_aspect,1516620.0,14.37602676236859,1751576.4384396202,0.15492109984018423
T4-E033,val_cold,area_aspect,1516620.0,14.37602676236859,1751576.4384396202,0.15492109984018423
T4-E033,val_cold,area_aspect,4428420.0,15.203207796082273,4005615.4459614563,0.09547526071116645
T4-E033,val_cold,area_aspect,959100.0,14.028958248531382,1237938.740700903,0.29072958054520187
T4-E033,val_cold,area_aspect,2993220.0,14.923356330308517,3027828.7313804524,0.011562374760442735
T4-E033,val_cold,area_aspect,959100.0,14.028958248531382,1237938.740700903,0.29072958054520187
T4-E033,val_cold,area_aspect,4469820.0,15.350036590772309,4639126.21516823,0.037877636049825324
T4-E033,val_cold,area_aspect,1516620.0,14.37602676236859,1751576.4384396202,0.15492109984018423
T4-E033,val_cold,area_aspect,14484480.0,16.10237294176668,9844002.473537609,0.3203758454885775
T4-E033,val_cold,area_aspect,4469820.0,15.350036590772309,4639126.21516823,0.037877636049825324
T4-E033,val_cold,area_aspect,4456020.0,15.275713046405388,4306831.523659105,0.03348020797503032
T4-E033,val_cold,area_aspect,3007020.0,15.031452215380677,3373469.2214432363,0.12186457737003291
T4-E033,val_cold,area_aspect,2993220.0,15.030002530737146,3368582.2980222637,0.125404179452985
T4-E033,val_cold,area_aspect,21321234.0,16.368880946035684,12850341.515520994,0.39729841548941336
T4-E033,val_cold,area_aspect,14622480.0,16.297035440125732,11959487.329310356,0.18211634898386897
T4-E033,val_cold,area_aspect,14622480.0,16.297678681961546,11967182.64660513,0.1815900827626278
T4-E033,val_cold,area_aspect,15732000.0,16.10237294176668,9844002.473537609,0.3742688486182552
T4-E033,val_cold,area_aspect,15773400.0,16.094748634008628,9769234.159616511,0.3806513396213555
T4-E033,val_cold,area_aspect,17250000.0,16.37193638444388,12889664.987176094,0.2527730442216757
T4-E033,val_cold,area_aspect,1338600.0,13.69811167345333,889230.4221697239,0.3357011637757927
T4-E033,val_cold,area_aspect,1352400.0,13.634187621341857,834165.9324655668,0.3831958499958838
T4-E033,val_cold,area_aspect,1338600.0,13.383837895103328,649421.9218102173,0.5148499015312884
T4-E033,val_cold,area_aspect,2332200.0,14.538745534676481,2061090.015736503,0.11624645582003985
T4-E033,val_cold,area_aspect,5935380.0,14.277412067872314,1587088.9829878416,0.7326053288942171
T4-E033,val_cold,area_aspect,17912400.0,17.197224704209482,29421160.085007332,0.6425024053173964
T4-E033,val_cold,area_aspect,55641600.0,15.95800753226605,8520687.024782121,0.8468648093372203
T4-E033,val_cold,area_aspect,69441600.0,15.95800753226605,8520687.024782121,0.8772970809315724
T4-E033,val_cold,area_aspect,20989800.0,15.5004229783168,5391978.684077804,0.7431143372458144
T4-E033,val_cold,area_aspect,2097600.0,14.443133775562398,1873153.2066826695,0.10700171306127504
T4-E033,val_cold,area_aspect,2097600.0,14.443133775562398,1873153.2066826695,0.10700171306127504
T4-E033,val_cold,area_aspect,3995100.0,15.272556831491377,4293259.666886931,0.0746313401133717
T4-E033,val_cold,area_aspect,2097600.0,14.443133775562398,1873153.2066826695,0.10700171306127504
T4-E033,val_cold,area_aspect,2263200.0,14.704966232381565,2433804.508610714,0.07538198507012824
T4-E033,val_cold,area_aspect,2967000.0,14.920416775865426,3018941.3328757402,0.01750634744716557
T4-E033,val_cold,area_aspect,2097600.0,14.515693669818681,2014121.4832256343,0.03979715711973955
T4-E033,val_cold,area_aspect,3995100.0,15.272556831491377,4293259.666886931,0.0746313401133717
T4-E033,val_cold,area_aspect,3995100.0,15.272556831491377,4293259.666886931,0.0746313401133717
T4-E033,val_cold,area_aspect,1159200.0,14.082033147430106,1305417.077676748,0.12613619537331602
T4-E033,val_cold,area_aspect,828000.0,13.841534289115042,1026365.3050142332,0.23957162441332513
T4-E033,val_cold,area_aspect,828000.0,13.723987935400185,912540.6719086651,0.10210226075925737
T4-E033,val_cold,area_aspect,6734400.0,16.246857835880235,11374195.964690741,0.6889694649398226
T4-E033,val_cold,area_aspect,2111400.0,15.279210380512014,4321920.322343735,1.0469453075417898
T4-E033,val_cold,area_aspect,3443100.0,15.77894455087121,7123748.010620875,1.0689924807937252
T4-E033,val_cold,area_aspect,2125200.0,15.326459801870167,4531029.806016894,1.1320486570755195
T4-E033,val_cold,area_aspect,6706800.0,16.142995127826502,10252120.578175936,0.5286158194930423
T4-E033,val_cold,area_aspect,1440720.0,14.974103085773296,3185446.691850919,1.2110102531032532
T4-E033,val_cold,area_aspect,841800.0,13.741754944793605,928898.6767067164,0.10346718544394917
T4-E033,val_cold,area_aspect,418140.0,13.741754944793605,928898.6767067164,1.2215015944581156
T4-E033,val_cold,area_aspect,1407600.0,13.69811167345333,889230.4221697239,0.3682648322181558
T4-E033,val_cold,area_aspect,3933000.0,15.708099256365331,6636526.428698978,0.687395481489697
T4-E033,val_cold,area_aspect,2346000.0,15.35193461248467,4647939.738934852,0.9812189850532191
T4-E033,val_cold,area_aspect,680340.0,13.87332761080345,1059521.1415936106,0.5573406555451842
T4-E033,val_cold,area_aspect,1407600.0,15.762068178777854,7004533.769893462,3.9762246162925985
T4-E033,val_cold,area_aspect,2221800.0,14.31202427016875,1642983.3616686217,0.26051698547636076
T4-E033,val_cold,area_aspect,2760000.0,16.299791923784117,11992498.937773481,3.3451083107874933
T4-E033,val_cold,area_aspect,28110600.0,15.845537404035127,7614290.769825649,0.7291309765773178
T4-E033,val_cold,area_aspect,124890000.0,16.35298720163387,12647715.976696203,0.8987291538418112
T4-E033,val_cold,area_aspect,5740800.0,15.434151747717255,5046228.788475687,0.12098857502862202
T4-E033,val_cold,area_aspect,33630600.0,16.716563076757584,18193284.069150496,0.45902588508232095
T4-E033,val_cold,area_aspect,5685600.0,14.551265725001537,2087057.4745637602,0.6329222114528352
T4-E033,val_cold,area_aspect,5699400.0,15.434151747717255,5046228.788475687,0.11460350414505269
T4-E033,val_cold,area_aspect,3256800.0,15.701259039804734,6591286.054090556,1.0238534924129685
T4-E033,val_cold,area_aspect,1559400.0,14.667873981585883,2345182.9680789434,0.503900838834772
T4-E033,val_cold,area_aspect,2332200.0,15.64967205571506,6259883.018211799,1.6841107187255804
T4-E033,val_cold,area_aspect,3215400.0,15.702483848459234,6599364.06429244,1.0524239796891337
T4-E033,val_cold,area_aspect,1766400.0,14.67134216611165,2353330.6159652234,0.3322750316832107
T4-E033,val_cold,area_aspect,1780200.0,15.270561055523979,4284699.827024542,1.4068643000924288
T4-E033,val_cold,area_aspect,1766400.0,15.381934056151936,4789487.912978501,1.711440168126416
T4-E033,val_cold,area_aspect,17250000.0,15.676933145428377,6432881.6019512545,0.6270793274231157
T4-E033,val_cold,area_aspect,17250000.0,15.676933145428377,6432881.6019512545,0.6270793274231157
T4-E033,val_cold,area_aspect,11040000.0,13.939772936925095,1132312.9271159745,0.8974354232684806
T4-E033,val_cold,area_aspect,17250000.0,15.676933145428377,6432881.6019512545,0.6270793274231157
T4-E033,val_cold,area_aspect,5520000.0,13.988563518990116,1188929.070319883,0.7846142988550936
T4-E033,val_cold,area_aspect,17250000.0,15.676933145428377,6432881.6019512545,0.6270793274231157
T4-E033,val_cold,area_aspect,17250000.0,15.676933145428377,6432881.6019512545,0.6270793274231157
T4-E033,val_cold,area_aspect,5520000.0,13.988563518990116,1188929.070319883,0.7846142988550936
T4-E033,val_cold,area_aspect,5520000.0,13.988563518990116,1188929.070319883,0.7846142988550936
T4-E033,val_cold,area_aspect,17250000.0,15.676933145428377,6432881.6019512545,0.6270793274231157
T4-E033,val_cold,area_aspect,14352000.0,14.77443853182235,2608898.1667257966,0.8182205848156496
T4-E033,val_cold,area_aspect,38640.0,11.574318687292465,106331.6951952038,1.7518554657143843
T4-E033,val_cold,area_aspect,5520000.0,13.225647012841456,554402.9305570675,0.8995646864932849
T4-E033,val_cold,area_aspect,38640000.0,15.435361337682817,5052336.3492596075,0.8692459536941095
T4-E033,val_cold,area_aspect,29808000.0,14.924018619035254,3029834.6924051,0.898354982138852
T4-E033,val_cold,area_aspect,22080000.0,14.372650882667942,1745673.296851183,0.9209387093817398
T4-E033,val_cold,area_aspect,33120000.0,12.637332641904734,307839.1366470782,0.990705340077081
T4-E033,val_cold,area_aspect,131100.0,13.014268426095013,448771.1847805706,2.4231211653742992
T4-E033,val_cold,area_aspect,3174000.0,13.439189416769425,686381.8721501136,0.7837486225109912
T4-E033,val_cold,area_aspect,44160000.0,14.673918836110877,2359402.1912253397,0.9465715083508754
T4-E033,val_cold,area_aspect,44160000.0,14.6797310630584,2373155.5021856944,0.9462600656207949
T4-E033,val_cold,area_aspect,110400.0,12.866637102348239,387176.949881654,2.5070375895077355
T4-E033,val_cold,area_aspect,33120000.0,16.408183762077467,13365452.473349774,0.5964537296693909
T4-E033,val_cold,area_aspect,4416000.0,13.335900247445215,619024.5721745829,0.8598223341995963
T4-E033,val_cold,area_aspect,22080000.0,14.06616003481804,1284859.6323480844,0.9418088934624962
T4-E033,val_cold,area_aspect,4692000.0,15.364606290896793,4707211.680966774,0.0032420462418529415
T4-E033,val_cold,area_aspect,11040000.0,13.824064754698206,1008590.8884228325,0.908642129671845
T4-E033,val_cold,area_aspect,4692000.0,13.844236127594076,1029142.1278630594,0.7806602455534827
T4-E033,val_cold,area_aspect,5520000.0,14.108461001899594,1340376.365007963,0.7571781947449342
T4-E033,val_cold,area_aspect,49680000.0,15.723746670897633,6741187.611800031,0.864307817797906
T4-E033,val_cold,area_aspect,75900.0,12.623178610869815,303512.66270544677,2.998849311007204
T4-E033,val_cold,area_aspect,33120000.0,15.41389780177353,4945050.828603726,0.8506929097643803
T4-E033,val_cold,area_aspect,3450000.0,15.0898974705718,3576508.025822447,0.03666899299201366
T4-E033,val_cold,area_aspect,5244000.0,15.057096660264323,3461098.7702050465,0.33998879286707734
T4-E033,val_cold,area_aspect,22080000.0,14.150382568525895,1397761.4750672246,0.9366955853683322
T4-E033,val_cold,area_aspect,22080000.0,15.209033226814379,4029017.9800202823,0.8175263596005308
T4-E033,val_cold,area_aspect,27600000.0,15.182815697042393,3924759.749639905,0.8577985597956556
T4-E033,val_cold,area_aspect,3036000.0,14.7033741096182,2429932.676085199,0.1996269182855075
T4-E033,val_cold,area_aspect,35328000.0,15.539559021539478,5607183.051541555,0.8412821826443174
T4-E033,val_cold,area_aspect,3450000.0,15.808724785918727,7339085.385296121,1.1272711261727888
T4-E033,val_cold,area_aspect,4692000.0,14.29707055362957,1618597.438706454,0.6550303839074054
T4-E033,val_cold,area_aspect,22080000.0,13.764530863041841,950297.966210442,0.9569611428346719
T4-E033,val_cold,area_aspect,6900000.0,14.7554167576178,2559741.302446917,0.6290229996453743
T4-E033,val_cold,area_aspect,6900000.0,14.494222076692287,1971336.0655358802,0.7142991209368289
T4-E033,val_cold,area_aspect,5244000.0,14.340052537970244,1689684.7617145665,0.6777870401001971
T4-E033,val_cold,area_aspect,14352000.0,14.767157160160082,2589970.8017590796,0.8195393811483361
T4-E033,val_cold,area_aspect,5520000.0,13.988563518990116,1188929.070319883,0.7846142988550936
T4-E033,val_cold,area_aspect,4140000.0,14.530880167620557,2044942.3730422675,0.506052566898003
T4-E033,val_cold,area_aspect,11040000.0,14.518102800164462,2018979.6139964147,0.8171214117756871
T4-E033,val_cold,area_aspect,2760000.0,13.565255987841425,778602.5488937036,0.7178976272124262
T4-E033,val_cold,area_aspect,5244000.0,14.340052537970244,1689684.7617145665,0.6777870401001971
T4-E033,val_cold,area_aspect,27600000.0,15.789822103498793,7201659.931806049,0.7390702923258677
T4-E033,val_cold,area_aspect,20700000.0,16.033133681839796,9185472.168975329,0.5562573831412885
T4-E033,val_cold,area_aspect,7176000.0,15.637926269143444,6186785.900282298,0.13785034834416135
T4-E033,val_cold,area_aspect,4416000.0,15.206708776686865,4019663.604764108,0.08975008950088133
T4-E033,val_cold,area_aspect,27600000.0,14.294323528661385,1614157.212627055,0.941516043020759
T4-E033,val_cold,area_aspect,22080000.0,14.843689571556366,2795969.7732239845,0.8733709341836964
T4-E033,val_cold,area_aspect,22080000.0,14.896565236671107,2947786.8802153864,0.866495159410535
T4-E033,val_cold,area_aspect,4692000.0,14.13042439977001,1370141.2569748238,0.7079835343190912
T4-E033,val_cold,area_aspect,6900000.0,15.364117744839076,4704912.5529179,0.318128615519145
T4-E033,val_cold,area_aspect,1324800.0,13.700832313766306,891652.9922804573,0.32695275341149055
T4-E033,val_cold,area_aspect,3450000.0,15.0898974705718,3576508.025822447,0.03666899299201366
T4-E033,val_cold,area_aspect,16560000.0,13.183918202467273,531744.4003854806,0.9678898308945966
T4-E033,val_cold,area_aspect,8832000.0,14.049099562111202,1263125.2462729951,0.8569831016448148
T4-E033,val_cold,area_aspect,4416000.0,14.886346629597014,2917817.98530776,0.33926223158791663
T4-E033,val_cold,area_aspect,2346000.0,13.80147576756298,986063.2381303476,0.5796831892027504
T4-E033,val_cold,area_aspect,5796000.0,15.016362535204173,3322946.792109497,0.4266827480832476
T4-E033,val_cold,area_aspect,22080000.0,15.343526804839104,4609024.580491486,0.7912579447241175
T4-E033,val_cold,area_aspect,13800000.0,14.924592417665451,3031573.706275502,0.780320745922065
T4-E033,val_cold,area_aspect,15870000.0,15.72403832560941,6743153.997668899,0.5751005672546377
T4-E033,val_cold,area_aspect,4830000.0,16.53181802275398,15124371.733750036,2.1313399034679166
T4-E033,val_cold,area_aspect,13800000.0,14.184387472398564,1446109.5975020817,0.8952094494563708
T4-E033,val_cold,area_aspect,41400000.0,15.24048848077641,4157766.049960567,0.8995708683584404
T4-E033,val_cold,area_aspect,2346000.0,14.68821493008301,2393374.68504983,0.02019381289421569
T4-E033,val_cold,area_aspect,4416000.0,14.38727288605167,1771386.0656804475,0.5988709090397537
T4-E033,val_cold,area_aspect,35328000.0,15.539559021539478,5607183.051541555,0.8412821826443174
T4-E033,val_cold,area_aspect,1324800.0,13.457611559162412,699143.6857905143,0.47226472992865764
T4-E033,val_cold,area_aspect,27600000.0,15.050439682026097,3438134.83103763,0.8754298974261728
T4-E033,val_cold,area_aspect,69000000.0,15.047998118009238,3429750.64417854,0.9502934689249487
T4-E033,val_cold,area_aspect,41400000.0,14.546722660032382,2077597.3421315642,0.9498164893204937
T4-E033,val_cold,area_aspect,11040000.0,14.819060254465583,2727948.049881472,0.752903256351316
T4-E033,val_cold,area_aspect,27600000.0,14.465171835066092,1914892.1013483673,0.9306198514004215
T4-E033,val_cold,area_aspect,13800000.0,14.783773002987498,2633364.865630463,0.8091764590122853
T4-E033,val_cold,area_aspect,4140000.0,14.420825443806951,1831828.9350774132,0.5575292427349244
T4-E033,val_cold,area_aspect,3450000.0,15.671686810907529,6399220.927918899,0.8548466457735939
T4-E033,val_cold,area_aspect,4140000.0,14.680544336512233,2375086.3115890333,0.4263076542055475
T4-E033,val_cold,area_aspect,1449000.0,13.704606300215424,895024.436481389,0.3823157788258185
T4-E033,val_cold,area_aspect,1932000.0,15.070574396464485,3508062.3166313763,0.8157672446332175
T4-E033,val_cold,area_aspect,1932000.0,15.070574396464485,3508062.3166313763,0.8157672446332175
T4-E033,val_cold,area_aspect,3864000.0,15.731960409872675,6796785.989927116,0.7590025853848643
T4-E033,val_cold,area_aspect,1269600.0,14.059394471094071,1276196.1722706056,0.005195472802934447
T4-E033,val_cold,area_aspect,1269600.0,14.059394471094071,1276196.1722706056,0.005195472802934447
T4-E033,val_cold,area_aspect,19320000.0,15.038797153878226,3398338.364758653,0.824102569111871
T4-E033,val_cold,area_aspect,44063400.0,15.93021083321484,8287101.544412524,0.8119277780558803
T4-E033,val_cold,area_aspect,21459000.0,15.038797153878226,3398338.364758653,0.8416357535412343
T4-E033,val_cold,area_aspect,5520000.0,14.049099562111202,1263125.2462729951,0.7711729626317038
T4-E033,val_cold,area_aspect,3312000.0,13.335900247445215,619024.5721745829,0.8130964455994618
T4-E033,val_cold,area_aspect,22632000.0,15.748942642755106,6913196.247838426,0.6945388720467291
T4-E033,val_cold,area_aspect,2001000.0,14.761649470983865,2575745.2585033653,0.2872290147443105
T4-E033,val_cold,area_aspect,23322000.0,15.405894570180104,4905632.389431353,0.7896564450119478
T4-E033,val_cold,area_aspect,3312000.0,15.375723011500241,4759832.380944306,0.43714745801458516
T4-E033,val_cold,area_aspect,2001000.0,14.761649470983865,2575745.2585033653,0.2872290147443105
T4-E033,val_cold,area_aspect,3036000.0,15.05528217232404,3454824.3423846625,0.13795268194488225
T4-E033,val_cold,area_aspect,4968000.0,15.726715938749185,6761233.749905598,0.36095687397455684
T4-E033,val_cold,area_aspect,8280000.0,16.173249420880538,10567030.913353246,0.27621146296536786
T4-E033,val_cold,area_aspect,883200.0,14.127598594007564,1366274.9691774163,0.5469598835795021
T4-E033,val_cold,area_aspect,2001000.0,14.89880045951117,2954383.210164972,0.47645337839328944
T4-E033,val_cold,area_aspect,372600.0,13.921773013985359,1112113.7191486475,1.984738913442425
T4-E033,val_cold,area_aspect,3312000.0,15.324190513369693,4520759.250017607,0.3649635416719827
T4-E033,val_cold,area_aspect,5520000.0,15.716259338794277,6690902.586636322,0.21212003381092784
T4-E033,val_cold,area_aspect,3312000.0,15.466842693093033,5213920.850086145,0.5742514643979907
T4-E033,val_cold,area_aspect,3312000.0,15.366765672413004,4717387.329463161,0.42433192314708956
T4-E033,val_cold,area_aspect,6072000.0,16.0067393046177,8946198.97594898,0.47335292752782937
T4-E033,val_cold,area_aspect,7728000.0,16.1852301017304,10694392.554424893,0.38384996822268286
T4-E033,val_cold,area_aspect,2001000.0,14.761649470983865,2575745.2585033653,0.2872290147443105
T4-E033,val_cold,area_aspect,3312000.0,15.366765672413004,4717387.329463161,0.42433192314708956
T4-E033,val_cold,area_aspect,3036000.0,15.05528217232404,3454824.3423846625,0.13795268194488225
T4-E033,val_cold,area_aspect,4968000.0,15.726715938749185,6761233.749905598,0.36095687397455684
T4-E033,val_cold,area_aspect,3312000.0,15.375723011500241,4759832.380944306,0.43714745801458516
T4-E033,val_cold,area_aspect,3312000.0,15.324190513369693,4520759.250017607,0.3649635416719827
T4-E033,val_cold,area_aspect,2001000.0,14.89880045951117,2954383.210164972,0.47645337839328944
T4-E033,val_cold,area_aspect,772800.0,13.868382399169978,1054294.5193463298,0.3642527424253751
T4-E033,val_cold,area_aspect,952200.0,15.130098214329255,3723215.424501525,2.910119118359089
T4-E033,val_cold,area_aspect,3312000.0,15.466842693093033,5213920.850086145,0.5742514643979907
T4-E033,val_cold,area_aspect,469200.0,14.500026278502427,1982811.3681662998,3.225940682366368
T4-E033,val_cold,area_aspect,4968000.0,15.726715938749185,6761233.749905598,0.36095687397455684
T4-E033,val_cold,area_aspect,6072000.0,16.0067393046177,8946198.97594898,0.47335292752782937
T4-E033,val_cold,area_aspect,7728000.0,16.1852301017304,10694392.554424893,0.38384996822268286
T4-E033,val_cold,area_aspect,8280000.0,14.955914176054529,3128030.6401837575,0.6222185217169375
T4-E033,val_cold,area_aspect,4968000.0,15.726715938749185,6761233.749905598,0.36095687397455684
T4-E033,val_cold,area_aspect,2760000.0,15.466842693093033,5213920.850086145,0.8891017572775888
T4-E033,val_cold,area_aspect,759000.0,14.549048078579588,2082434.2472593726,1.7436551347290812
T4-E033,val_cold,area_aspect,952200.0,14.58159117608994,2151317.872109057,1.259313035191196
T4-E033,val_cold,area_aspect,3312000.0,14.492419729171987,1967786.2328435148,0.4058616446728518
T4-E033,val_cold,area_aspect,3312000.0,14.483630324183872,1950566.3498339048,0.41106088471198526
T4-E033,val_cold,area_aspect,7590000.0,15.222784471050641,4084804.679473112,0.46181756528681
T4-E033,val_cold,area_aspect,3312000.0,14.492419729171987,1967786.2328435148,0.4058616446728518
T4-E033,val_cold,area_aspect,3312000.0,14.492419729171987,1967786.2328435148,0.4058616446728518
T4-E033,val_cold,area_aspect,3174000.0,14.55042109559353,2085295.4286871785,0.34300711131468853
T4-E033,val_cold,area_aspect,1656000.0,15.077178435173144,3531306.3637772207,1.1324313790925247
T4-E033,val_cold,area_aspect,3312000.0,14.492419729171987,1967786.2328435148,0.4058616446728518
T4-E033,val_cold,area_aspect,1380000.0,13.717688348421698,906810.1116074262,0.3428912234728796
T4-E033,val_cold,area_aspect,3312000.0,14.492419729171987,1967786.2328435148,0.4058616446728518
T4-E033,val_cold,area_aspect,3174000.0,14.55042109559353,2085295.4286871785,0.34300711131468853
T4-E033,val_cold,area_aspect,3174000.0,14.55042109559353,2085295.4286871785,0.34300711131468853
T4-E033,val_cold,area_aspect,1380000.0,13.811321774965254,995819.9777159732,0.2783913204956716
T4-E033,val_cold,area_aspect,1380000.0,13.769279733294482,954821.5403855284,0.30810033305396495
T4-E033,val_cold,area_aspect,14490000.0,15.648954219644406,6255391.060820659,0.5682959930420526
T4-E033,val_cold,area_aspect,5520000.0,14.847636277828057,2807026.449037301,0.4914807157541122
T4-E033,val_cold,area_aspect,10350000.0,15.75970522586233,6988001.926076471,0.3248307317800511
T4-E033,val_cold,area_aspect,34500000.0,15.494742425989836,5361436.098525424,0.8445960551152051
T4-E033,val_cold,area_aspect,6210000.0,15.370657172029341,4735780.806337772,0.23739439511469052
T4-E033,val_cold,area_aspect,1380000.0,14.016650949639107,1222796.4302121582,0.11391563028104475
T4-E033,val_cold,area_aspect,48300000.0,17.133343432960416,27600472.02677219,0.42856165576041017
T4-E033,val_cold,area_aspect,5520000.0,14.859022486814933,2839170.4909295966,0.4856575197591311
T4-E033,val_cold,area_aspect,3615600.0,15.49199291062355,5346714.994811692,0.4787905174277277
T4-E033,val_cold,area_aspect,1380000.0,13.400766606226968,660509.3813346816,0.521370013525593
T4-E033,val_cold,area_aspect,1932000.0,14.870112759912379,2870832.9149853038,0.4859383617936355
T4-E033,val_cold,area_aspect,1932000.0,15.024705038101331,3350784.4417340485,0.7343604770880169
T4-E033,val_cold,area_aspect,6734400.0,15.014106165991436,3315457.4498103885,0.5076833199972695
T4-E033,val_cold,area_aspect,7231200.0,16.06539524533883,9486641.843706517,0.31190422664378203
T4-E033,val_cold,area_aspect,1656000.0,15.077178435173144,3531306.3637772207,1.1324313790925247
T4-E033,val_cold,area_aspect,6624000.0,15.557796639281047,5710382.912013405,0.1379252850221309
T4-E033,val_cold,area_aspect,4485000.0,15.508308055875561,5434662.917286145,0.21174201054317604
T4-E033,val_cold,area_aspect,1725000.0,14.673455626274631,2358309.5460042474,0.36713596869811443
T4-E033,val_cold,area_aspect,1380000.0,12.889192351231118,396009.0530573029,0.7130369180744182
T4-E033,val_cold,area_aspect,13800000.0,15.760521381974216,6993707.5545833865,0.4932095974939575
T4-E033,val_cold,area_aspect,4140000.0,15.198507004281833,3986830.069381849,0.0369975677821621
T4-E033,val_cold,area_aspect,1380000.0,13.162395538911271,520422.1243868109,0.622882518560282
T4-E033,val_cold,area_aspect,2263200.0,15.064852921456215,3488048.335103783,0.5412019861716962
T4-E033,val_cold,area_aspect,11205600.0,16.34442975652565,12539945.618609685,0.11907846243036388
T4-E033,val_cold,area_aspect,12420000.0,16.668606575261677,17341388.05223966,0.39624702514006926
T4-E033,val_cold,area_aspect,3450000.0,14.824120385565262,2741786.8080840134,0.2052791860626048
T4-E033,val_cold,area_aspect,1380000.0,12.889192351231118,396009.0530573029,0.7130369180744182
T4-E033,val_cold,area_aspect,12420000.0,16.34778219559051,12582055.568253929,0.013047952355388791
T4-E033,val_cold,area_aspect,30360000.0,16.395609945778276,13198449.859553535,0.5652684499488295
T4-E033,val_cold,area_aspect,20700000.0,16.30209338177356,12020130.955034088,0.41931734516743535
T4-E033,val_cold,area_aspect,12000000.0,16.615577211829848,16445742.906902779,0.37047857557523156
T4-E033,val_cold,area_aspect,14490000.0,15.73038365242656,6786077.551531415,0.531671666560979
T4-E033,val_cold,area_aspect,5602800.0,15.52029067428993,5500176.135300038,0.018316531859063616
T4-E033,val_cold,area_aspect,14490000.0,15.676933145428377,6432881.6019512545,0.556046818360852
T4-E033,val_cold,area_aspect,3367200.0,15.353884647050506,4657012.2250415115,0.38305186060866936
T4-E033,val_cold,area_aspect,1131600.0,14.249670557370273,1543665.833975261,0.3641444273376291
T4-E033,val_cold,area_aspect,1131600.0,14.249670557370273,1543665.833975261,0.3641444273376291
T4-E033,val_cold,area_aspect,3450000.0,15.611370150483259,6024651.241776508,0.7462757222540604
T4-E033,val_cold,area_aspect,1656000.0,15.065471406266578,3490206.3072845764,1.1076125043988987
T4-E033,val_cold,area_aspect,7314000.0,15.901160342398367,8049820.430681977,0.10060437936587058
T4-E033,val_cold,area_aspect,3036000.0,15.526626558784637,5535135.247494141,0.82316707756724
T4-E033,val_cold,area_aspect,16560000.0,15.905925931969776,8088274.12546528,0.5115776494284251
T4-E033,val_cold,area_aspect,2249400.0,15.014106165991436,3315457.4498103885,0.4739296922781135
T4-E033,val_cold,area_aspect,1380000.0,13.162395538911271,520422.1243868109,0.622882518560282
T4-E033,val_cold,area_aspect,20700000.0,16.316612115094102,12195921.067790013,0.4108250691888883
T4-E033,val_cold,area_aspect,48300000.0,17.05850781077185,25610367.572625007,0.46976464652950295
T4-E033,val_cold,area_aspect,1131600.0,14.249670557370273,1543665.833975261,0.3641444273376291
T4-E033,val_cold,area_aspect,8694000.0,15.399952655182743,4876569.967492733,0.43908788043561847
T4-E033,val_cold,area_aspect,48300000.0,17.05850781077185,25610367.572625007,0.46976464652950295
T4-E033,val_cold,area_aspect,5602800.0,15.52029067428993,5500176.135300038,0.018316531859063616
T4-E033,val_cold,area_aspect,20700000.0,16.12194961673505,10038614.018525608,0.5150428010374103
T4-E033,val_cold,area_aspect,8000000.0,16.15039661069035,10328282.982625687,0.29103537282821096
T4-E033,val_cold,area_aspect,15180000.0,15.90813686285719,8106176.523745244,0.4659962764331196
T4-E033,val_cold,area_aspect,16560000.0,15.353118344671497,4653444.912489,0.7189948724342391
T4-E033,val_cold,area_aspect,7314000.0,15.0470915812664,3426642.8580748015,0.531495370785507
T4-E033,val_cold,area_aspect,12420000.0,16.142995127826502,10252120.578175936,0.17454745747375716
T4-E033,val_cold,area_aspect,11592000.0,16.34778219559051,12582055.568253929,0.0854085203807737
T4-E033,val_cold,area_aspect,2263200.0,15.064852921456215,3488048.335103783,0.5412019861716962
T4-E033,val_cold,area_aspect,4692000.0,15.198507004281833,3986830.069381849,0.15029197157249596
T4-E033,val_cold,area_aspect,1725000.0,14.673455626274631,2358309.5460042474,0.36713596869811443
T4-E033,val_cold,area_aspect,4554000.0,14.867249093100167,2862623.566073391,0.3714045748631113
T4-E033,val_cold,area_aspect,11205600.0,16.34442975652565,12539945.618609685,0.11907846243036388
T4-E033,val_cold,area_aspect,828000.0,14.974103085773296,3185446.691850919,2.8471578403996602
T4-E033,val_cold,area_aspect,1380000.0,13.162395538911271,520422.1243868109,0.622882518560282
T4-E033,val_cold,area_aspect,1380000.0,13.545740988064157,763555.4202185126,0.44669897085615023
T4-E033,val_cold,area_aspect,1656000.0,15.065471406266578,3490206.3072845764,1.1076125043988987
T4-E033,val_cold,area_aspect,1380000.0,13.162395538911271,520422.1243868109,0.622882518560282
T4-E033,val_cold,area_aspect,30360000.0,16.37770053085964,12964177.447469098,0.5729849325603064
T4-E033,val_cold,area_aspect,2760000.0,14.531128877010834,2045451.0326646091,0.258894553382388
T4-E033,val_cold,area_aspect,1131600.0,14.249670557370273,1543665.833975261,0.3641444273376291
T4-E033,val_cold,area_aspect,12420000.0,16.34778219559051,12582055.568253929,0.013047952355388791
T4-E033,val_cold,area_aspect,500000.0,13.49443600269836,725369.1688828408,0.45073833776568156
T4-E033,val_cold,area_aspect,15180000.0,15.79332198330061,7226909.034579987,0.5239190359301722
T4-E033,val_cold,area_aspect,41400000.0,17.77004029288926,52171153.90311788,0.26017279959221934
T4-E033,val_cold,area_aspect,20700000.0,16.108067449951683,9900219.13740924,0.5217285440865101
T4-E033,val_cold,area_aspect,8004000.0,15.8153046051436,7387534.458683388,0.07701968282316488
T4-E033,val_cold,area_aspect,1380000.0,16.095722394108385,9778751.683186635,6.086051944338141
T4-E033,val_cold,area_aspect,1807800.0,15.064852921456215,3488048.335103783,0.92944370787907
T4-E033,val_cold,area_aspect,2594400.0,15.082198970845456,3549079.992581983,0.3679771787627132
T4-E033,val_cold,area_aspect,4830000.0,14.579921068656395,2147727.9387605516,0.5553358304843579
T4-E033,val_cold,area_aspect,20700000.0,16.316612115094102,12195921.067790013,0.4108250691888883
T4-E033,val_cold,area_aspect,966000.0,13.396378162241307,657617.1238094574,0.3192369318742677
T4-E033,val_cold,area_aspect,11592000.0,16.142995127826502,10252120.578175936,0.11558656157902554
T4-E033,val_cold,area_aspect,12420000.0,16.142995127826502,10252120.578175936,0.17454745747375716
T4-E033,val_cold,area_aspect,9691740.0,16.56790433673069,15680121.737548938,0.6178850998426432
T4-E033,val_cold,area_aspect,20700000.0,16.316612115094102,12195921.067790013,0.4108250691888883
T4-E033,val_cold,area_aspect,3367200.0,15.346386214687696,4622222.530951657,0.37271992484903105
T4-E033,val_cold,area_aspect,12420000.0,16.34778219559051,12582055.568253929,0.013047952355388791
T4-E033,val_cold,area_aspect,2760000.0,14.531128877010834,2045451.0326646091,0.258894553382388
T4-E033,val_cold,area_aspect,9273600.0,16.15311969723146,10356446.118934229,0.11676653283883595
T4-E033,val_cold,area_aspect,5602800.0,15.52029067428993,5500176.135300038,0.018316531859063616
T4-E033,val_cold,area_aspect,2249400.0,15.017994363473441,3328373.6973065333,0.4796717779436887
T4-E033,val_cold,area_aspect,69000000.0,16.035699864425254,9209074.038095219,0.8665351588681852
T4-E033,val_cold,area_aspect,2484000.0,14.740663693661189,2522254.4779828223,0.015400353455242488
T4-E033,val_cold,area_aspect,20700000.0,16.111825047330093,9937490.155771978,0.5199280117984552
T4-E033,val_cold,area_aspect,14904000.0,14.867249093100167,2862623.566073391,0.8079291756526173
T4-E033,val_cold,area_aspect,41400000.0,17.77004029288926,52171153.90311788,0.26017279959221934
T4-E033,val_cold,area_aspect,4830000.0,15.80216976552888,7291134.860980863,0.5095517310519384
T4-E033,val_cold,area_aspect,16560000.0,15.353118344671497,4653444.912489,0.7189948724342391
T4-E033,val_cold,area_aspect,1352400.0,14.33347567602653,1678608.4020781936,0.24120704087414493
T4-E033,val_cold,area_aspect,3588000.0,15.188680263737439,3947844.389495994,0.10029107845484782
T4-E033,val_cold,area_aspect,20700000.0,16.31387093797065,12162535.666513622,0.4124378905065883
T4-E033,val_cold,area_aspect,4968000.0,14.602012480466316,2195702.2400737973,0.5580309500656607
T4-E033,val_cold,area_aspect,1380000.0,13.545740988064157,763555.4202185126,0.44669897085615023
T4-E033,val_cold,area_aspect,966000.0,13.339699110206267,621380.6339141652,0.35674882617581244
T4-E033,val_cold,area_aspect,2070000.0,14.911628869339834,2992527.3902551155,0.44566540592034565
T4-E033,val_cold,area_aspect,6762000.0,16.119938597146152,10018446.45456885,0.4815803689099157
T4-E033,val_cold,area_aspect,8280000.0,15.07325525537245,3517479.554245143,0.5751836287143547
T4-E033,val_cold,area_aspect,41400000.0,17.77004029288926,52171153.90311788,0.26017279959221934
T4-E033,val_cold,area_aspect,12420000.0,16.34778219559051,12582055.568253929,0.013047952355388791
T4-E033,val_cold,area_aspect,17250000.0,15.653666397874117,6284937.136912451,0.6356558181500029
T4-E033,val_cold,area_aspect,19320000.0,15.860435949529226,7728581.898998458,0.5999698810042206
T4-E033,val_cold,area_aspect,500000.0,13.49443600269836,725369.1688828408,0.45073833776568156
T4-E033,val_cold,area_aspect,11592000.0,16.142995127826502,10252120.578175936,0.11558656157902554
T4-E033,val_cold,area_aspect,23736000.0,15.647722341030233,6247689.922757081,0.7367842128936181
T4-E033,val_cold,area_aspect,41400000.0,17.77004029288926,52171153.90311788,0.26017279959221934
T4-E033,val_cold,area_aspect,6900000.0,14.939448219132695,3076946.3524450217,0.5540657460224606
T4-E033,val_cold,area_aspect,2760000.0,15.400783346237088,4880622.573539371,0.7683415121519459
T4-E033,val_cold,area_aspect,1131600.0,14.249670557370273,1543665.833975261,0.3641444273376291
T4-E033,val_cold,area_aspect,1131600.0,14.249670557370273,1543665.833975261,0.3641444273376291
T4-E033,val_cold,area_aspect,6762000.0,16.31387093797065,12162535.666513622,0.7986595188573827
T4-E033,val_cold,area_aspect,11592000.0,16.142995127826502,10252120.578175936,0.11558656157902554
T4-E033,val_cold,area_aspect,7590000.0,14.492131489277321,1967219.1200832238,0.7408143451800759
T4-E033,val_cold,area_aspect,5520000.0,16.27654680845183,11716946.943218736,1.1226353158004956
T4-E033,val_cold,area_aspect,12000000.0,16.587064608682915,15983453.817070011,0.3319544847558343
T4-E033,val_cold,area_aspect,12000000.0,16.591937906940217,16061536.059198204,0.33846133826651703
T4-E033,val_cold,area_aspect,800000.0,14.066067712339336,1284741.0163975833,0.6059262704969791
T4-E033,val_cold,area_aspect,800000.0,13.328008986007067,614158.9107914527,0.23230136151068406
T4-E033,val_cold,area_aspect,3000000.0,15.072112681586486,3513462.8694301588,0.17115428981005293
T4-E033,val_cold,area_aspect,800000.0,13.323937438243696,611663.4171600422,0.23542072854994722
T4-E033,val_cold,area_aspect,3200000.0,15.461989977533856,5188680.4669843195,0.6214626459325998
T4-E033,val_cold,area_aspect,9660000.0,15.757348315371553,6971551.225057579,0.27830732659859436
T4-E033,val_cold,area_aspect,1600000.0,14.171577812883745,1427703.5651233068,0.10768527179793323
T4-E033,val_cold,area_aspect,800000.0,12.573727354707884,288868.646879888,0.6389141914001399
T4-E033,val_cold,area_aspect,2500000.0,14.61973911824635,2234971.687683304,0.10601132492667846
T4-E033,val_cold,area_aspect,3200000.0,15.461989977533856,5188680.4669843195,0.6214626459325998
T4-E033,val_cold,area_aspect,2500000.0,14.61973911824635,2234971.687683304,0.10601132492667846
T4-E033,val_cold,area_aspect,6000000.0,15.731960409872675,6796785.989927116,0.13279766498785264
T4-E033,val_cold,area_aspect,3000000.0,15.073295459529914,3517620.97438984,0.1725403247966133
T4-E033,val_cold,area_aspect,800000.0,12.913638354699085,405809.19079445745,0.4927385115069282
T4-E033,val_cold,area_aspect,1000000.0,13.623654219400022,825425.4417783427,0.1745745582216573
T4-E033,val_cold,area_aspect,800000.0,14.049099562111202,1263125.2462729951,0.5789065578412439
T4-E033,val_cold,area_aspect,800000.0,13.323937438243696,611663.4171600422,0.23542072854994722
T4-E033,val_cold,area_aspect,2800000.0,14.679549593786119,2372724.886456646,0.15259825483691214
T4-E033,val_cold,area_aspect,2001000.0,14.89880045951117,2954383.210164972,0.47645337839328944
T4-E033,val_cold,area_aspect,2500000.0,14.68102885220069,2376237.3569957,0.04950505720172003
T4-E033,val_cold,area_aspect,2500000.0,14.784983788610928,2636555.2369891433,0.05462209479565732
T4-E033,val_cold,area_aspect,2001000.0,14.89880045951117,2954383.210164972,0.47645337839328944
T4-E033,val_cold,area_aspect,2000000.0,14.61973911824635,2234971.687683304,0.11748584384165192
T4-E033,val_cold,area_aspect,2000000.0,14.61973911824635,2234971.687683304,0.11748584384165192
T4-E033,val_cold,area_aspect,3000000.0,15.073295459529914,3517620.97438984,0.1725403247966133
T4-E033,val_cold,area_aspect,2500000.0,14.600750103395331,2192932.184706271,0.12282712611749154
T4-E033,val_cold,area_aspect,800000.0,13.323937438243696,611663.4171600422,0.23542072854994722
T4-E033,val_cold,area_aspect,800000.0,13.353387020721167,629944.5135262691,0.2125693580921636
T4-E033,val_cold,area_aspect,2800000.0,14.679549593786119,2372724.886456646,0.15259825483691214
T4-E033,val_cold,area_aspect,3000000.0,15.072112681586486,3513462.8694301588,0.17115428981005293
T4-E033,val_cold,area_aspect,1600000.0,14.18266744932955,1443624.3935508213,0.09773475403073666
T4-E033,val_cold,area_aspect,1200000.0,13.602542607490642,808182.0386529799,0.32651496778918343
T4-E033,val_cold,area_aspect,3000000.0,15.102053751199055,3620250.394636978,0.2067501315456593
T4-E033,val_cold,area_aspect,1380000.0,14.01914028063748,1225844.1671097083,0.11170712528282008
T4-E033,val_cold,area_aspect,966000.0,13.854067207618522,1039309.6032200269,0.07588985840582499
T4-E033,val_cold,area_aspect,1380000.0,14.519168859708113,2021133.114158102,0.46458921315804497
T4-E033,val_cold,area_aspect,9000000.0,15.740944707005848,6858125.468263517,0.23798605908183143
T4-E033,val_cold,area_aspect,2000000.0,13.766489719493393,952161.287906497,0.5239193560467514
T4-E033,val_cold,area_aspect,1794000.0,13.393925335891867,656006.0798136339,0.6343332888441282
T4-E033,val_cold,area_aspect,2000000.0,13.766489719493393,952161.287906497,0.5239193560467514
T4-E033,val_cold,area_aspect,2000000.0,13.769230103862066,954774.154310302,0.522612922844849
T4-E033,val_cold,area_aspect,3864000.0,16.948371445072098,22939513.1129944,4.936726996116563
T4-E033,val_cold,area_aspect,1104000.0,13.347878150877726,626483.7723311745,0.4325328149174144
T4-E033,val_cold,area_aspect,1449000.0,13.19420082212078,537240.3336786692,0.6292337241693104
T4-E033,val_cold,area_aspect,4416000.0,14.441101886475172,1869351.0312308432,0.5766868135799721
T4-E033,val_cold,area_aspect,3312000.0,14.035928155923433,1246597.1983526037,0.6236119570191414
T4-E033,val_cold,area_aspect,1242000.0,12.814626347614944,367554.30212908925,0.7040625586722309
T4-E033,val_cold,area_aspect,12000000.0,16.468664464456644,14198749.62982263,0.18322913581855255
T4-E033,val_cold,area_aspect,4457400.0,14.308628571642755,1637413.7472068043,0.6326527241874625
T4-E033,val_cold,area_aspect,1932000.0,15.048891831592519,3432817.229036667,0.7768205119237407
T4-E033,val_cold,area_aspect,2553000.0,13.761244487077448,947180.05593416,0.628993319258065
T4-E033,val_cold,area_aspect,9384000.0,16.142995127826502,10252120.578175936,0.09251071804943903
T4-E033,val_cold,area_aspect,15249000.0,16.09094755278327,9732170.991746755,0.3617830027053082
T4-E033,val_cold,area_aspect,2553000.0,13.610667566942922,814775.2333963176,0.6808557644354416
T4-E033,val_cold,area_aspect,11937000.0,15.746431578625533,6895858.545870688,0.4223122605453055
T4-E033,val_cold,area_aspect,786600.0,14.249670557370273,1543665.833975261,0.9624533866962384
T4-E033,val_cold,area_aspect,9315000.0,15.349099606466178,4634781.462510852,0.5024389197519215
T4-E033,val_cold,area_aspect,897000.0,14.446364151481287,1879213.9797110353,1.0949988625541085
T4-E033,val_cold,area_aspect,345000.0,14.954691437459164,3124208.213782905,8.055675981979435
T4-E033,val_cold,area_aspect,2760000.0,13.604812882027344,810018.9180776841,0.7065148847544623
T4-E033,val_cold,area_aspect,7038000.0,15.014106165991436,3315457.4498103885,0.5289205101150343
T4-E033,val_cold,area_aspect,897000.0,14.446364151481287,1879213.9797110353,1.0949988625541085
T4-E033,val_cold,area_aspect,11040000.0,15.4572384705414,5164084.8947546715,0.5322386870693232
T4-E033,val_cold,area_aspect,1656000.0,14.01431540684027,1219943.8692509073,0.2633189195344762
T4-E033,val_cold,area_aspect,897000.0,14.3124974362837,1643760.9496724277,0.8325094199246685
T4-E033,val_cold,area_aspect,331200.0,13.445055608867012,690420.1531499843,1.0846019116847352
T4-E033,val_cold,area_aspect,565800.0,13.949403529458115,1143270.4505678138,1.0206264591159664
T4-E033,val_cold,area_aspect,897000.0,14.519168859708113,2021133.114158102,1.2532141740893
T4-E033,val_cold,area_aspect,2787600.0,15.657352500900553,6308146.813062694,1.2629311282331375
T4-E033,val_cold,area_aspect,5520000.0,15.740944707005848,6858125.468263517,0.24241403410570964
T4-E033,val_cold,area_aspect,2760000.0,13.69811167345333,889230.4221697239,0.6778150644312594
T4-E033,val_cold,area_aspect,4692000.0,14.828059602859689,2752608.602802636,0.4133400249781253
T4-E033,val_cold,area_aspect,27600000.0,16.58718639994776,15985400.580673989,0.42081881954079753
T4-E033,val_cold,area_aspect,2760000.0,14.519168859708113,2021133.114158102,0.2677053934209775
T4-E033,val_cold,area_aspect,2760000.0,14.519168859708113,2021133.114158102,0.2677053934209775
T4-E033,val_cold,area_aspect,2760000.0,14.519168859708113,2021133.114158102,0.2677053934209775
T4-E033,val_cold,area_aspect,11730000.0,15.656520619873922,6302901.367511517,0.46266825511410764
T4-E033,val_cold,area_aspect,2760000.0,14.519168859708113,2021133.114158102,0.2677053934209775
T4-E033,val_cold,area_aspect,3036000.0,14.569915615172892,2126346.09268337,0.29962249911614947
T4-E033,val_cold,area_aspect,27600000.0,16.842413985917418,20633241.24554233,0.2524187954513649
T4-E033,val_cold,area_aspect,6982800.0,15.99325961333156,8826416.107341418,0.2640224705478344
T4-E033,val_cold,area_aspect,3450000.0,14.625832662559967,2248632.164793963,0.34822256092928605
T4-E033,val_cold,area_aspect,11730000.0,15.740128550893962,6852530.45076095,0.41581155577485507
T4-E033,val_cold,area_aspect,3312000.0,14.411423376419195,1814686.668638657,0.45208735850282095
T4-E033,val_cold,area_aspect,3615600.0,15.49199291062355,5346714.994811692,0.4787905174277277
T4-E033,val_cold,area_aspect,331200.0,13.445055608867012,690420.1531499843,1.0846019116847352
T4-E033,val_cold,area_aspect,9177000.0,16.297035440125732,11959487.329310356,0.3032022806266052
T4-E033,val_cold,area_aspect,4071000.0,14.926057699056198,3036019.070871626,0.2542326035687482
T4-E033,val_cold,area_aspect,6210000.0,15.507049883816268,5427829.475975845,0.12595338551113608
T4-E033,val_cold,area_aspect,19320000.0,16.194324962264343,10792100.20844391,0.44140268072236494
T4-E033,val_cold,area_aspect,2760000.0,14.519168859708113,2021133.114158102,0.2677053934209775
T4-E033,val_cold,area_aspect,5520000.0,15.161058203831146,3840289.083267041,0.3042954559298839
T4-E033,val_cold,area_aspect,2760000.0,14.519168859708113,2021133.114158102,0.2677053934209775
T4-E033,val_cold,area_aspect,6900000.0,15.326498884462962,4531206.893870251,0.34330334871445634
T4-E033,val_cold,area_aspect,1380000.0,14.66574346569325,2340191.8372240593,0.6957911863942459
T4-E033,val_cold,area_aspect,3036000.0,14.569915615172892,2126346.09268337,0.29962249911614947
T4-E033,val_cold,area_aspect,11040000.0,16.333480186129922,12403387.5915264,0.1234952528556522
T4-E033,val_cold,area_aspect,2070000.0,13.69811167345333,889230.4221697239,0.5704200859083459
T4-E033,val_cold,area_aspect,2760000.0,15.141047115345653,3764204.5249740877,0.36384221919351006
T4-E033,val_cold,area_aspect,2760000.0,14.519168859708113,2021133.114158102,0.2677053934209775
T4-E033,val_cold,area_aspect,2760000.0,14.519168859708113,2021133.114158102,0.2677053934209775
T4-E033,val_cold,area_aspect,2898000.0,15.35831573999322,4677693.665900058,0.6141109958247267
T4-E033,val_cold,area_aspect,2760000.0,14.519168859708113,2021133.114158102,0.2677053934209775
T4-E033,val_cold,area_aspect,11730000.0,15.740128550893962,6852530.45076095,0.41581155577485507
T4-E033,val_cold,area_aspect,2760000.0,14.519168859708113,2021133.114158102,0.2677053934209775
T4-E033,val_cold,area_aspect,5520000.0,15.014106165991436,3315457.4498103885,0.3993736503966688
T4-E033,val_cold,area_aspect,12420000.0,15.740128550893962,6852530.45076095,0.44826646934291864
T4-E033,val_cold,area_aspect,2760000.0,14.519168859708113,2021133.114158102,0.2677053934209775
T4-E033,val_cold,area_aspect,6900000.0,15.340596781485562,4595539.795847837,0.3339797397321976
T4-E033,val_cold,area_aspect,2760000.0,14.519168859708113,2021133.114158102,0.2677053934209775
T4-E033,val_cold,area_aspect,2760000.0,14.519168859708113,2021133.114158102,0.2677053934209775
T4-E033,val_cold,area_aspect,2760000.0,14.519168859708113,2021133.114158102,0.2677053934209775
T4-E033,val_cold,area_aspect,2208000.0,14.028958248531382,1237938.740700903,0.43933933845067796
T4-E033,val_cold,area_aspect,2484000.0,14.427848709874686,1844739.6416731076,0.25735119095285525
T4-E033,val_cold,area_aspect,11730000.0,15.59179347551489,5907855.56818928,0.4963464988755942
T4-E033,val_cold,area_aspect,345000.0,13.243253084395189,564250.219896961,0.6355078837593072
T4-E033,val_cold,area_aspect,3036000.0,14.37047504891044,1741879.1311960572,0.4262585206864107
T4-E033,val_cold,area_aspect,11730000.0,15.79087530635874,7209248.736216374,0.38540078975137476
T4-E033,val_cold,area_aspect,19320000.0,16.295864948735428,11945497.041711815,0.38170305167123114
T4-E033,val_cold,area_aspect,2760000.0,14.519168859708113,2021133.114158102,0.2677053934209775
T4-E033,val_cold,area_aspect,2760000.0,14.519168859708113,2021133.114158102,0.2677053934209775
T4-E033,val_cold,area_aspect,2760000.0,14.519168859708113,2021133.114158102,0.2677053934209775
T4-E033,val_cold,area_aspect,9246000.0,15.984953108960477,8753403.104590245,0.05327675702030666
T4-E033,val_cold,area_aspect,2760000.0,14.519168859708113,2021133.114158102,0.2677053934209775
T4-E033,val_cold,area_aspect,2484000.0,14.519168859708113,2021133.114158102,0.18633932602330835
T4-E033,val_cold,area_aspect,2760000.0,15.141047115345653,3764204.5249740877,0.36384221919351006
T4-E033,val_cold,area_aspect,2760000.0,14.519168859708113,2021133.114158102,0.2677053934209775
T4-E033,val_cold,area_aspect,4830000.0,14.884700560467692,2913019.006006592,0.39689047494687535
T4-E033,val_cold,area_aspect,2760000.0,14.519168859708113,2021133.114158102,0.2677053934209775
T4-E033,val_cold,area_aspect,1656000.0,13.69811167345333,889230.4221697239,0.46302510738543246
T4-E033,val_cold,area_aspect,2760000.0,14.519168859708113,2021133.114158102,0.2677053934209775
T4-E033,val_cold,area_aspect,5561400.0,16.297035440125732,11959487.329310356,1.1504454506617678
T4-E033,val_cold,area_aspect,2000000.0,13.761244487077448,947180.05593416,0.52640997203292
T4-E033,val_cold,area_aspect,2760000.0,14.519168859708113,2021133.114158102,0.2677053934209775
T4-E033,val_cold,area_aspect,8280000.0,15.89123697657409,7970334.155692133,0.03739925655892112
T4-E033,val_cold,area_aspect,55200000.0,16.035699864425254,9209074.038095219,0.8331689485852315
T4-E033,val_cold,area_aspect,2760000.0,14.519168859708113,2021133.114158102,0.2677053934209775
T4-E033,val_cold,area_aspect,11730000.0,15.7072673753387,6631007.923968145,0.43469668167364495
T4-E033,val_cold,area_aspect,2760000.0,14.519168859708113,2021133.114158102,0.2677053934209775
T4-E033,val_cold,area_aspect,10626000.0,16.597932154225408,16158102.009066042,0.5206194249074009
T4-E033,val_cold,area_aspect,3049800.0,15.275713046405388,4306831.523659105,0.4121685106102385
T4-E033,val_cold,area_aspect,2760000.0,14.519168859708113,2021133.114158102,0.2677053934209775
T4-E033,val_cold,area_aspect,2484000.0,14.519168859708113,2021133.114158102,0.18633932602330835
T4-E033,val_cold,area_aspect,2760000.0,14.519168859708113,2021133.114158102,0.2677053934209775
T4-E033,val_cold,area_aspect,8280000.0,15.21341356201855,4046705.1388779273,0.5112674953045981
T4-E033,val_cold,area_aspect,11730000.0,15.79087530635874,7209248.736216374,0.38540078975137476
T4-E033,val_cold,area_aspect,22080000.0,16.468664464456644,14198749.62982263,0.3569406870551345
T4-E033,val_cold,area_aspect,4002000.0,15.888560187888823,7949027.78445513,0.9862638142066791
T4-E033,val_cold,area_aspect,19320000.0,16.194324962264343,10792100.20844391,0.44140268072236494
T4-E033,val_cold,area_aspect,35880000.0,16.80320363223215,19839860.573127136,0.44704959383703635
T4-E033,val_cold,area_aspect,6900000.0,15.279210380512014,4321920.322343735,0.3736347358922123
T4-E033,val_cold,area_aspect,6900000.0,15.350036590772309,4639126.21516823,0.3276628673669231
T4-E033,val_cold,area_aspect,2760000.0,14.519168859708113,2021133.114158102,0.2677053934209775
T4-E033,val_cold,area_aspect,2760000.0,14.519168859708113,2021133.114158102,0.2677053934209775
T4-E033,val_cold,area_aspect,2760000.0,14.519168859708113,2021133.114158102,0.2677053934209775
T4-E033,val_cold,area_aspect,1380000.0,15.010372553904343,3303101.8975740066,1.393552099691309
T4-E033,val_cold,area_aspect,11730000.0,15.656520619873922,6302901.367511517,0.46266825511410764
T4-E033,val_cold,area_aspect,6900000.0,15.350036590772309,4639126.21516823,0.3276628673669231
T4-E033,val_cold,area_aspect,1380000.0,15.014106165991436,3315457.4498103885,1.4025053984133249
T4-E033,val_cold,area_aspect,2000000.0,13.761244487077448,947180.05593416,0.52640997203292
T4-E033,val_cold,area_aspect,2001000.0,15.228463625047235,4108068.9123463957,1.0530079521970992
T4-E033,val_cold,area_aspect,2760000.0,14.519168859708113,2021133.114158102,0.2677053934209775
T4-E033,val_cold,area_aspect,19320000.0,16.295864948735428,11945497.041711815,0.38170305167123114
T4-E033,val_cold,area_aspect,11040000.0,14.905751935018895,2974992.0807301975,0.7305260796440038
T4-E033,val_cold,area_aspect,11730000.0,15.740128550893962,6852530.45076095,0.41581155577485507
T4-E033,val_cold,area_aspect,22080000.0,16.468664464456644,14198749.62982263,0.3569406870551345
T4-E033,val_cold,area_aspect,19320000.0,16.295864948735428,11945497.041711815,0.38170305167123114
T4-E033,val_cold,area_aspect,7590000.0,15.198507004281833,3986830.069381849,0.4747259460629975
T4-E033,val_cold,area_aspect,4912800.0,15.557796639281047,5710382.912013405,0.16234793030723926
T4-E033,val_cold,area_aspect,2760000.0,14.519168859708113,2021133.114158102,0.2677053934209775
T4-E033,val_cold,area_aspect,2760000.0,14.519168859708113,2021133.114158102,0.2677053934209775
T4-E033,val_cold,area_aspect,2000000.0,13.761244487077448,947180.05593416,0.52640997203292
T4-E033,val_cold,area_aspect,12420000.0,15.656520619873922,6302901.367511517,0.49252001871887946
T4-E033,val_cold,area_aspect,2760000.0,14.519168859708113,2021133.114158102,0.2677053934209775
T4-E033,val_cold,area_aspect,5520000.0,15.014106165991436,3315457.4498103885,0.3993736503966688
T4-E033,val_cold,area_aspect,11730000.0,15.59179347551489,5907855.56818928,0.4963464988755942
T4-E033,val_cold,area_aspect,5520000.0,15.014106165991436,3315457.4498103885,0.3993736503966688
T4-E033,val_cold,area_aspect,19320000.0,16.295864948735428,11945497.041711815,0.38170305167123114
T4-E033,val_cold,area_aspect,13000000.0,16.29645034952888,11952491.992383275,0.08057753904744037
T4-E033,val_cold,area_aspect,3450000.0,15.513451629532426,5462688.520390456,0.5833879769247697
T4-E033,val_cold,area_aspect,5520000.0,15.014106165991436,3315457.4498103885,0.3993736503966688
T4-E033,val_cold,area_aspect,5520000.0,15.014106165991436,3315457.4498103885,0.3993736503966688
T4-E033,val_cold,area_aspect,17940000.0,16.101145863002618,9831930.515285496,0.4519548207756134
T4-E033,val_cold,area_aspect,2760000.0,14.519168859708113,2021133.114158102,0.2677053934209775
T4-E033,val_cold,area_aspect,2760000.0,14.519168859708113,2021133.114158102,0.2677053934209775
T4-E033,val_cold,area_aspect,2760000.0,14.519168859708113,2021133.114158102,0.2677053934209775
T4-E033,val_cold,area_aspect,3312000.0,14.761075689074769,2574267.7663912526,0.22274523961616768
T4-E033,val_cold,area_aspect,4140000.0,14.884700560467692,2913019.006006592,0.2963722207713546
T4-E033,val_cold,area_aspect,2760000.0,15.275713046405388,4306831.523659105,0.5604462042243136
T4-E033,val_cold,area_aspect,19320000.0,16.295864948735428,11945497.041711815,0.38170305167123114
T4-E033,val_cold,area_aspect,12420000.0,15.744657735493181,6883637.217112025,0.4457618987832508
T4-E033,val_cold,area_aspect,8280000.0,15.347777121260592,4628656.083849643,0.44098356475245853
T4-E033,val_cold,area_aspect,3450000.0,14.41437142536857,1820044.347234664,0.4724509138450249
T4-E033,val_cold,area_aspect,19320000.0,16.295864948735428,11945497.041711815,0.38170305167123114
T4-E033,val_cold,area_aspect,4830000.0,14.884700560467692,2913019.006006592,0.39689047494687535
T4-E033,val_cold,area_aspect,2760000.0,14.519168859708113,2021133.114158102,0.2677053934209775
T4-E033,val_cold,area_aspect,4457400.0,15.995321944025816,8844637.879401363,0.9842594066947915
T4-E033,val_cold,area_aspect,2484000.0,14.519168859708113,2021133.114158102,0.18633932602330835
T4-E033,val_cold,area_aspect,27600000.0,14.884700560467692,2913019.006006592,0.8944558331157032
T4-E033,val_cold,area_aspect,938400.0,14.409835595388344,1811807.6298157186,0.9307412934950113
T4-E033,val_cold,area_aspect,11730000.0,15.740128550893962,6852530.45076095,0.41581155577485507
T4-E033,val_cold,area_aspect,19320000.0,16.346611704200207,12567336.99620032,0.34951671862317185
T4-E033,val_cold,area_aspect,2484000.0,14.519168859708113,2021133.114158102,0.18633932602330835
T4-E033,val_cold,area_aspect,3450000.0,14.697077024016634,2414679.258460081,0.30009296856229534
T4-E033,val_cold,area_aspect,19320000.0,16.468664464456644,14198749.62982263,0.2650750709201537
T4-E033,val_cold,area_aspect,7000000.0,15.348054510261287,4629940.20022695,0.3385799713961499
T4-E033,val_cold,area_aspect,16560000.0,16.194324962264343,10792100.20844391,0.3483031275094257
T4-E033,val_cold,area_aspect,22080000.0,16.468664464456644,14198749.62982263,0.3569406870551345
T4-E033,val_cold,area_aspect,2000000.0,13.75873904370916,944809.9203045687,0.5275950398477156
T4-E033,val_cold,area_aspect,5561400.0,16.297035440125732,11959487.329310356,1.1504454506617678
T4-E033,val_cold,area_aspect,34500000.0,16.002872345365322,8911671.190839933,0.7416906901205818
T4-E033,val_cold,area_aspect,2484000.0,14.519168859708113,2021133.114158102,0.18633932602330835
T4-E033,val_cold,area_aspect,2000000.0,13.761244487077448,947180.05593416,0.52640997203292
T4-E033,val_cold,area_aspect,19320000.0,16.194324962264343,10792100.20844391,0.44140268072236494
T4-E033,val_cold,area_aspect,20700000.0,16.33359966132461,12404869.577202175,0.40073093829941187
T4-E033,val_cold,area_aspect,19320000.0,16.346611704200207,12567336.99620032,0.34951671862317185
T4-E033,val_cold,area_aspect,1380000.0,13.784655067421312,969615.6815879613,0.29737994087828895
T4-E033,val_cold,area_aspect,1104000.0,13.463265922201948,703108.0955503386,0.3631267250449831
T4-E033,val_cold,area_aspect,966000.0,14.05190519629498,1266674.0896926194,0.3112568216279704
T4-E033,val_cold,area_aspect,938400.0,14.417064743706511,1824952.913249155,0.9447494812970535
T4-E033,val_cold,area_aspect,662400.0,13.717688348421698,906810.1116074262,0.36897661776483426
T4-E033,val_cold,area_aspect,1242000.0,14.780723855112583,2625347.5759091056,1.1138064218269772
T4-E033,val_cold,area_aspect,4761000.0,15.526626558784637,5535135.247494141,0.16259929583997912
T4-E033,val_cold,area_aspect,662400.0,13.717688348421698,906810.1116074262,0.36897661776483426
T4-E033,val_cold,area_aspect,1104000.0,12.992787129839988,439233.80242369475,0.6021432949060735
T4-E033,val_cold,area_aspect,9660000.0,16.215687755383826,11025129.832119683,0.14131778800410796
T4-E033,val_cold,area_aspect,952200.0,14.531128877010834,2045451.0326646091,1.1481317293264117
T4-E033,val_cold,area_aspect,2484000.0,15.325322325099547,4525878.794998642,0.8220123973424485
T4-E033,val_cold,area_aspect,11040000.0,16.716879193001414,18199036.17089187,0.6484634212764375
T4-E033,val_cold,area_aspect,2070000.0,14.874581854522484,2883691.6509438786,0.3930877540791684
T4-E033,val_cold,area_aspect,2208000.0,14.24701910767661,1539578.3030086902,0.3027272178402671
T4-E033,val_cold,area_aspect,1600000.0,14.171577812883745,1427703.5651233068,0.10768527179793323
T4-E033,val_cold,area_aspect,2856600.0,15.369613265740677,4730839.674460331,0.656108546684986
T4-E033,val_cold,area_aspect,1600000.0,14.064838634540903,1283162.9397257513,0.19802316267140543
T4-E033,val_cold,area_aspect,1242000.0,14.483715009182987,1950731.5405380018,0.5706373112222237
T4-E033,val_cold,area_aspect,2484000.0,15.292126917639061,4378106.651892525,0.7625228067200182
T4-E033,val_cold,area_aspect,1104000.0,15.985476312058761,8757984.11050884,6.932956621837718
T4-E033,val_cold,area_aspect,4140000.0,15.67692917586892,6432856.066295944,0.5538299677043343
T4-E033,val_cold,area_aspect,372600.0,13.472064551059955,709321.7785891743,0.9037084771582777
T4-E033,val_cold,area_aspect,4200000.0,15.387069340101645,4814146.553756766,0.14622536994208715
T4-E033,val_cold,area_aspect,2760000.0,13.940935741296283,1133630.351342059,0.5892643654557758
T4-E033,val_cold,area_aspect,700000.0,13.79675236429834,981416.6463146912,0.40202378044955883
T4-E033,val_cold,area_aspect,1200000.0,13.887773821689747,1074938.299077552,0.10421808410203996
T4-E033,val_cold,area_aspect,1600000.0,14.18266744932955,1443624.3935508213,0.09773475403073666
T4-E033,val_cold,area_aspect,6210000.0,15.369613265740677,4730839.674460331,0.23819006852490646
T4-E033,val_cold,area_aspect,938400.0,14.706669587150872,2437953.6738750315,1.59798984854543
T4-E033,val_cold,area_aspect,4000000.0,15.63759347189594,6184727.297531453,0.5461818243828632
T4-E033,val_cold,area_aspect,2856600.0,15.369613265740677,4730839.674460331,0.656108546684986
T4-E033,val_cold,area_aspect,2856600.0,15.369613265740677,4730839.674460331,0.656108546684986
T4-E033,val_cold,area_aspect,12420000.0,16.108067449951683,9900219.13740924,0.20288090681085025
T4-E033,val_cold,area_aspect,1863000.0,14.58159117608994,2151317.872109057,0.15475999576438912
T4-E033,val_cold,area_aspect,4002000.0,15.04208517487604,3409530.5626672073,0.14804333766436598
T4-E033,val_cold,area_aspect,690000.0,14.465940826449655,1916365.2032034805,1.7773408742079426
T4-E033,val_cold,area_aspect,93840000.0,15.75970522586233,6988001.926076471,0.9255328012992703
T4-E033,val_cold,area_aspect,2760000.0,14.538745534676481,2061090.015736503,0.2532282551679337
T4-E033,val_cold,area_aspect,1100000.0,14.01914028063748,1225844.1671097083,0.114403788281553
T4-E033,val_cold,area_aspect,1000000.0,14.054916703308054,1270494.4372113976,0.27049443721139754
T4-E033,val_cold,area_aspect,2760000.0,14.538745534676481,2061090.015736503,0.2532282551679337
T4-E033,val_cold,area_aspect,6900000.0,16.06416395995066,9474968.26844768,0.37318380702140297
T4-E033,val_cold,area_aspect,7590000.0,15.762151902804199,7005120.242213914,0.07705925662530776
T4-E033,val_cold,area_aspect,2070000.0,15.033682840959804,3381002.5670921034,0.6333345734744461
T4-E033,val_cold,area_aspect,20700000.0,16.316612115094102,12195921.067790013,0.4108250691888883
T4-E033,val_cold,area_aspect,14766000.0,16.31387093797065,12162535.666513622,0.1763147997755911
T4-E033,val_cold,area_aspect,7590000.0,15.762151902804199,7005120.242213914,0.07705925662530776
T4-E033,val_cold,area_aspect,6210000.0,15.369613265740677,4730839.674460331,0.23819006852490646
T4-E033,val_cold,area_aspect,12420000.0,15.67609729484229,6427506.92062222,0.4824873654893542
T4-E033,val_cold,area_aspect,19320000.0,16.315441623703794,12181654.19843602,0.36947959635424327
T4-E033,val_cold,area_aspect,14766000.0,16.31387093797065,12162535.666513622,0.1763147997755911
T4-E033,val_cold,area_aspect,20700000.0,16.30209338177356,12020130.955034088,0.41931734516743535
T4-E033,val_cold,area_aspect,4830000.0,14.769981345774193,2597295.698603893,0.4622576193366681
T4-E033,val_cold,area_aspect,13800000.0,14.538745534676481,2061090.015736503,0.8506456510335867
T4-E033,val_cold,area_aspect,11040000.0,15.67609729484229,6427506.92062222,0.4177982861755235
T4-E033,val_cold,area_aspect,745200.0,14.538745534676481,2061090.015736503,1.7658212771558013
T4-E033,val_cold,area_aspect,14766000.0,16.31387093797065,12162535.666513622,0.1763147997755911
T4-E033,val_cold,area_aspect,9522000.0,16.103088403372624,9851047.99945733,0.03455660569810224
T4-E033,val_cold,area_aspect,8280000.0,15.232990236986918,4126706.6973197167,0.5016054713381984
T4-E033,val_cold,area_aspect,7590000.0,15.762151902804199,7005120.242213914,0.07705925662530776
T4-E033,val_cold,area_aspect,1000000.0,13.339699110206267,621380.6339141652,0.3786193660858348
T4-E033,val_cold,area_aspect,2760000.0,14.538745534676481,2061090.015736503,0.2532282551679337
T4-E033,val_cold,area_aspect,12420000.0,15.90813686285719,8106176.523745244,0.3473287823071462
T4-E033,val_cold,area_aspect,4140000.0,15.67692917586892,6432856.066295944,0.5538299677043343
T4-E033,val_cold,area_aspect,4002000.0,15.04208517487604,3409530.5626672073,0.14804333766436598
T4-E033,val_cold,area_aspect,14766000.0,16.31387093797065,12162535.666513622,0.1763147997755911
T4-E033,val_cold,area_aspect,27600000.0,14.90427723543606,2970608.0944756614,0.8923692719392876
T4-E033,val_cold,area_aspect,9108000.0,15.905925931969776,8088274.12546528,0.11195936259713654
T4-E033,val_cold,area_aspect,13800000.0,14.538745534676481,2061090.015736503,0.8506456510335867
T4-E033,val_cold,area_aspect,49680000.0,15.758578730950902,6980134.409656283,0.8594980996445997
T4-E033,val_cold,area_aspect,365700.0,13.455700388659794,697808.7790246776,0.9081454170759573
T4-E033,val_cold,area_aspect,2070000.0,14.829627688610984,2756928.3150860807,0.33184942757781677
T4-E033,val_cold,area_aspect,2070000.0,14.829627688610984,2756928.3150860807,0.33184942757781677
T4-E033,val_cold,area_aspect,2070000.0,14.829627688610984,2756928.3150860807,0.33184942757781677
T4-E033,val_cold,area_aspect,828000.0,14.208277996887231,1481073.9091309863,0.7887366052306598
T4-E033,val_cold,area_aspect,828000.0,14.208277996887231,1481073.9091309863,0.7887366052306598
T4-E033,val_cold,area_aspect,828000.0,14.208277996887231,1481073.9091309863,0.7887366052306598
T4-E033,val_cold,area_aspect,7314000.0,16.038049192312595,9230734.606475508,0.2620637963461181
T4-E033,val_cold,area_aspect,735540.0,14.348804928150633,1704538.449846739,1.3173973541163484
T4-E033,val_cold,area_aspect,1449000.0,14.715922861992345,2460617.424515508,0.6981486711632217
T4-E033,val_cold,area_aspect,828000.0,14.208277996887231,1481073.9091309863,0.7887366052306598
T4-E033,val_cold,area_aspect,662400.0,14.082142068279785,1305559.272557886,0.9709530080885962
T4-E033,val_cold,area_aspect,2484000.0,15.250194273110882,4198316.934717948,0.6901436935257438
T4-E033,val_cold,area_aspect,3174000.0,15.12245905691849,3694881.5570256007,0.16410887114858244
T4-E033,val_cold,area_aspect,662400.0,14.082142068279785,1305559.272557886,0.9709530080885962
T4-E033,val_cold,area_aspect,1725000.0,14.82984824439317,2757536.4386271643,0.5985718484795156
T4-E033,val_cold,area_aspect,4278000.0,15.65117035285557,6269269.212936348,0.46546732420204495
T4-E033,val_cold,area_aspect,735540.0,14.348804928150633,1704538.449846739,1.3173973541163484
T4-E033,val_cold,area_aspect,5000000.0,15.326927391087356,4533148.962105608,0.09337020757887848
T4-E033,val_cold,area_aspect,2898000.0,15.037166140006898,3392800.1454302706,0.1707384904866358
T4-E033,val_cold,area_aspect,666540.0,14.348804928150633,1704538.449846739,1.5572935605466123
T4-E033,val_cold,area_aspect,3036000.0,15.166134089513408,3859831.5072369855,0.2713542513955815
T4-E033,val_cold,area_aspect,3864000.0,15.670952726331846,6394525.082324112,0.6548977956325341
T4-E033,val_cold,area_aspect,6072000.0,15.178287420649449,3907027.5312110265,0.356550143081188
T4-E033,val_cold,area_aspect,1725000.0,14.44535319862803,1877315.1429553062,0.08829863359727896
T4-E033,val_cold,area_aspect,2484000.0,15.159360790197535,3833776.0534366965,0.5433881052482675
T4-E033,val_cold,area_aspect,662400.0,14.082142068279785,1305559.272557886,0.9709530080885962
T4-E033,val_cold,area_aspect,2760000.0,14.971707740611546,3177825.5787717104,0.15138607926511247
T4-E033,val_cold,area_aspect,2346000.0,14.58159117608994,2151317.872109057,0.0829847092459263
T4-E033,val_cold,area_aspect,3450000.0,15.250194273110882,4198316.934717948,0.21690345933853555
T4-E033,val_cold,area_aspect,2346000.0,14.58159117608994,2151317.872109057,0.0829847092459263
T4-E033,val_cold,area_aspect,2070000.0,14.952246168725837,3116578.0178630548,0.5055932453444709
T4-E033,val_cold,area_aspect,8418000.0,15.85061018517066,7653014.53595825,0.09087496603014374
T4-E033,val_cold,area_aspect,4140000.0,15.072175097263457,3513682.1714375396,0.15128449965276822
T4-E033,val_cold,area_aspect,2760000.0,15.201337076379362,3998129.0668661236,0.4485974879949723
T4-E033,val_cold,area_aspect,2760000.0,15.739857685770422,6850674.590609089,1.4821284748583654
T4-E033,val_cold,area_aspect,2484000.0,15.250194273110882,4198316.934717948,0.6901436935257438
T4-E033,val_cold,area_aspect,6210000.0,15.266987064243486,4269413.679753107,0.3124937713763113
T4-E033,val_cold,area_aspect,4140000.0,14.241202350322004,1530648.9447237165,0.6302780326754308
T4-E033,val_cold,area_aspect,6210000.0,15.266987064243486,4269413.679753107,0.3124937713763113
T4-E033,val_cold,area_aspect,2760000.0,14.971707740611546,3177825.5787717104,0.15138607926511247
T4-E033,val_cold,area_aspect,2622000.0,14.905751935018895,2974992.0807301975,0.13462703307787852
T4-E033,val_cold,area_aspect,1725000.0,14.82984824439317,2757536.4386271643,0.5985718484795156
T4-E033,val_cold,area_aspect,4140000.0,14.7718337741576,2602111.4619273166,0.3714706613702134
T4-E033,val_cold,area_aspect,2760000.0,15.622327717470373,6091029.770759573,1.2068948444781062
T4-E033,val_cold,area_aspect,6210000.0,15.266987064243486,4269413.679753107,0.3124937713763113
T4-E033,val_cold,area_aspect,1656000.0,13.71678835345593,905994.3542159087,0.4529019600145479
T4-E033,val_cold,area_aspect,1242000.0,13.408704128216343,665773.0516866889,0.4639508440525854
T4-E033,val_cold,area_aspect,2070000.0,13.948459671451797,1142191.8746909695,0.4482164856565365
T4-E033,val_cold,area_aspect,1656000.0,13.973132779450964,1170723.8368457023,0.29304116132505903
T4-E033,val_cold,area_aspect,1380000.0,13.671628913687673,865990.2368949595,0.3724708428297395
T4-E033,val_cold,area_aspect,1794000.0,14.120264350074095,1356291.0323412628,0.24398493180531616
T4-E033,val_cold,area_aspect,2070000.0,14.046073611152636,1259308.868221674,0.39163822791223474
T4-E033,val_cold,area_aspect,2346000.0,14.517667123978468,2018100.1842458,0.1397697424357204
T4-E033,val_cold,area_aspect,1794000.0,14.115377912754422,1349679.7671458914,0.24767014094431916
T4-E033,val_cold,area_aspect,1794000.0,14.120264350074095,1356291.0323412628,0.24398493180531616
T4-E033,val_cold,area_aspect,3312000.0,14.492419729171987,1967786.2328435148,0.4058616446728518
T4-E033,val_cold,area_aspect,1932000.0,14.07970500399616,1302381.414579519,0.32588953696712264
T4-E033,val_cold,area_aspect,1656000.0,13.822464721403934,1006978.3997828236,0.3919212561697925
T4-E033,val_cold,area_aspect,10074000.0,15.84227937142576,7589523.530345516,0.24662263943363943
T4-E033,val_cold,area_aspect,8280000.0,14.613872830459577,2221899.081891219,0.7316547002546837
T4-E033,val_cold,area_aspect,5520000.0,15.128214500470524,3716208.5535492264,0.3267738127628213
T4-E033,val_cold,area_aspect,6762000.0,13.133829520743356,505766.065764703,0.9252046634479884
T4-E033,val_cold,area_aspect,650000.0,13.771717965939155,957152.4579399988,0.47254224298461356
T4-E033,val_cold,area_aspect,1021200.0,14.280264098143705,1591621.869703209,0.5585799742491275
T4-E033,val_cold,area_aspect,2553000.0,14.895027091899932,2943256.242520635,0.1528618262908872
T4-E033,val_cold,area_aspect,1380000.0,16.160403242934798,10432153.140653953,6.559531261343444
T4-E033,val_cold,area_aspect,18906000.0,16.34778219559051,12582055.568253929,0.33449404589791976
T4-E033,val_cold,area_aspect,5934000.0,15.400783346237088,4880622.573539371,0.17751557574328097
T4-E033,val_cold,area_aspect,5934000.0,15.557796639281047,5710382.912013405,0.03768403909447169
T4-E033,val_cold,area_aspect,9936000.0,15.557796639281047,5710382.912013405,0.4252835233480873
T4-E033,val_cold,area_aspect,19527000.0,16.300143089764365,11996711.034947924,0.3856347091233715
T4-E033,val_cold,area_aspect,19527000.0,16.356101047839445,12687160.399160836,0.3502760076222238
T4-E033,val_cold,area_aspect,19527000.0,16.356101047839445,12687160.399160836,0.3502760076222238
T4-E033,val_cold,area_aspect,19527000.0,16.356101047839445,12687160.399160836,0.3502760076222238
T4-E033,val_cold,area_aspect,11730000.0,15.791691462470627,7215135.010367116,0.3848989760982851
T4-E033,val_cold,area_aspect,2001000.0,13.577102848216512,787881.3986748755,0.6062561725762741
T4-E033,val_cold,area_aspect,2001000.0,13.577102848216512,787881.3986748755,0.6062561725762741
T4-E033,val_cold,area_aspect,690000.0,13.045861790786715,463175.7222610687,0.328730837302799
T4-E033,val_cold,area_aspect,20010000.0,16.300143089764365,11996711.034947924,0.40046421614453154
T4-E033,val_cold,area_aspect,8280000.0,15.404631402515285,4899439.665269418,0.4082802336631138
T4-E033,val_cold,area_aspect,16560000.0,16.103474358706244,9854850.797782408,0.4049003141435744
T4-E033,val_cold,area_aspect,2400000.0,14.615863873468378,2226327.3855330725,0.07236358936121978
T4-E033,val_cold,area_aspect,2400000.0,14.615863873468378,2226327.3855330725,0.07236358936121978
T4-E033,val_cold,area_aspect,11040000.0,15.688488489275155,6507646.898216608,0.4105392302340029
T4-E033,val_cold,area_aspect,800000.0,13.264507656913157,576371.4768633348,0.2795356539208315
T4-E033,val_cold,area_aspect,11730000.0,15.791691462470627,7215135.010367116,0.3848989760982851
T4-E033,val_cold,area_aspect,6348000.0,15.064852921456215,3488048.335103783,0.4505279875387866
T4-E033,val_cold,area_aspect,11730000.0,15.791691462470627,7215135.010367116,0.3848989760982851
T4-E033,val_cold,area_aspect,690000.0,13.045861790786715,463175.7222610687,0.328730837302799
T4-E033,val_cold,area_aspect,690000.0,13.045861790786715,463175.7222610687,0.328730837302799
T4-E033,val_cold,area_aspect,690000.0,13.045861790786715,463175.7222610687,0.328730837302799
T4-E033,val_cold,area_aspect,690000.0,13.045861790786715,463175.7222610687,0.328730837302799
T4-E033,val_cold,area_aspect,2070000.0,14.901234295524938,2961582.451753309,0.43071616026729903
T4-E033,val_cold,area_aspect,2070000.0,14.773398570558385,2606186.423988875,0.2590272579656401
T4-E033,val_cold,area_aspect,2070000.0,14.773398570558385,2606186.423988875,0.2590272579656401
T4-E033,val_cold,area_aspect,2000000.0,14.45578385368383,1896999.2502425371,0.051500374878731436
T4-E033,val_cold,area_aspect,2000000.0,14.45578385368383,1896999.2502425371,0.051500374878731436
T4-E033,val_cold,area_aspect,700000.0,13.298361268385124,596217.7718892775,0.1482603258724607
T4-E033,val_cold,area_aspect,700000.0,13.264507656913157,576371.4768633348,0.17661217590952175
T4-E033,val_cold,area_aspect,6900000.0,15.350036590772309,4639126.21516823,0.3276628673669231
T4-E033,val_cold,area_aspect,3036000.0,14.569915615172892,2126346.09268337,0.29962249911614947
T4-E033,val_cold,area_aspect,2070000.0,14.348174085709589,1703463.4937497973,0.17707077596628149
T4-E033,val_cold,area_aspect,2070000.0,14.319454690253636,1655236.886278443,0.20036865397176665
T4-E033,val_cold,area_aspect,1104000.0,13.480532908863593,715354.0749807861,0.3520343523724764
T4-E033,val_cold,area_aspect,8000000.0,16.15039661069035,10328282.982625687,0.29103537282821096
T4-E033,val_cold,area_aspect,700000.0,13.439105937047838,686324.5755741085,0.019536320608416407
T4-E033,val_cold,area_aspect,4500000.0,15.471555996675823,5238553.647232839,0.16412303271840864
T4-E033,val_cold,area_aspect,4500000.0,15.471555996675823,5238553.647232839,0.16412303271840864
T4-E033,val_cold,area_aspect,345000000.0,16.021253507843937,9076992.81406121,0.9736898759012718
T4-E033,val_cold,area_aspect,800000.0,14.180508227739024,1440510.6514310127,0.8006383142887659
T4-E033,val_cold,area_aspect,800000.0,14.3541413726254,1713658.9384858971,1.1420736731073715
T4-E033,val_cold,area_aspect,4000000.0,15.347721449107752,4628398.4037735695,0.15709960094339237
T4-E033,val_cold,area_aspect,2000000.0,15.016131735350701,3322179.9449742883,0.6610899724871442
T4-E033,val_cold,area_aspect,4000000.0,15.21220728321024,4041826.6272395877,0.010456656809896929
T4-E033,val_cold,area_aspect,800000.0,13.471415584154599,708861.6015656018,0.11392299804299778
T4-E033,val_cold,area_aspect,800000.0,14.3541413726254,1713658.9384858971,1.1420736731073715
T4-E033,val_cold,area_aspect,2000000.0,15.016131735350701,3322179.9449742883,0.6610899724871442
T4-E033,val_cold,area_aspect,4000000.0,15.21220728321024,4041826.6272395877,0.010456656809896929
T4-E033,val_cold,area_aspect,800000.0,14.180508227739024,1440510.6514310127,0.8006383142887659
T4-E033,val_cold,area_aspect,800000.0,14.180508227739024,1440510.6514310127,0.8006383142887659
T4-E033,val_cold,area_aspect,800000.0,14.3541413726254,1713658.9384858971,1.1420736731073715
T4-E033,val_cold,area_aspect,800000.0,13.566028737398657,779204.4461966064,0.025994442254242023
T4-E033,val_cold,area_aspect,800000.0,14.3541413726254,1713658.9384858971,1.1420736731073715
T4-E033,val_cold,area_aspect,800000.0,14.3541413726254,1713658.9384858971,1.1420736731073715
T4-E033,val_cold,area_aspect,2500000.0,15.441506153353867,5083477.605485718,1.0333910421942871
T4-E033,val_cold,area_aspect,800000.0,14.180508227739024,1440510.6514310127,0.8006383142887659
T4-E033,val_cold,area_aspect,800000.0,14.180508227739024,1440510.6514310127,0.8006383142887659
T4-E033,val_cold,area_aspect,800000.0,14.3541413726254,1713658.9384858971,1.1420736731073715
T4-E033,val_cold,area_aspect,800000.0,14.180508227739024,1440510.6514310127,0.8006383142887659
T4-E033,val_cold,area_aspect,800000.0,13.471415584154599,708861.6015656018,0.11392299804299778
T4-E033,val_cold,area_aspect,800000.0,14.180508227739024,1440510.6514310127,0.8006383142887659
T4-E033,val_cold,area_aspect,800000.0,14.3541413726254,1713658.9384858971,1.1420736731073715
T4-E033,val_cold,area_aspect,800000.0,14.3541413726254,1713658.9384858971,1.1420736731073715
T4-E033,val_cold,area_aspect,4000000.0,15.21220728321024,4041826.6272395877,0.010456656809896929
T4-E033,val_cold,area_aspect,800000.0,14.3541413726254,1713658.9384858971,1.1420736731073715
T4-E033,val_cold,area_aspect,2500000.0,15.441506153353867,5083477.605485718,1.0333910421942871
T4-E033,val_cold,area_aspect,4000000.0,15.21220728321024,4041826.6272395877,0.010456656809896929
T4-E033,val_cold,area_aspect,800000.0,14.3541413726254,1713658.9384858971,1.1420736731073715
T4-E033,val_cold,area_aspect,800000.0,14.3541413726254,1713658.9384858971,1.1420736731073715
T4-E033,val_cold,area_aspect,2500000.0,15.441506153353867,5083477.605485718,1.0333910421942871
T4-E033,val_cold,area_aspect,800000.0,14.180508227739024,1440510.6514310127,0.8006383142887659
T4-E033,val_cold,area_aspect,6000000.0,16.421268428954868,13541484.112808028,1.2569140188013381
T4-E033,val_cold,area_aspect,800000.0,14.008802494620978,1213236.9301570512,0.516546162696314
T4-E033,val_cold,area_aspect,800000.0,14.3541413726254,1713658.9384858971,1.1420736731073715
T4-E033,val_cold,area_aspect,4500000.0,15.45057966081077,5129812.4694231255,0.13995832653847234
T4-E033,val_cold,area_aspect,12000000.0,16.390989276762546,13137604.87176305,0.09480040598025422
T4-E033,val_cold,area_aspect,3000000.0,15.119203513667935,3682872.2692955956,0.22762408976519852
T4-E033,val_cold,area_aspect,7500000.0,15.839270241596095,7566719.9953030655,0.008895999373742068
T4-E033,val_cold,area_aspect,7500000.0,15.839270241596095,7566719.9953030655,0.008895999373742068
T4-E033,val_cold,area_aspect,450000.0,13.133829520743356,505766.065764703,0.12392459058822883
T4-E033,val_cold,area_aspect,7500000.0,15.753245396272723,6943006.113573251,0.07426585152356649
T4-E033,val_cold,area_aspect,12000000.0,16.390989276762546,13137604.87176305,0.09480040598025422
T4-E033,val_cold,area_aspect,12000000.0,16.390989276762546,13137604.87176305,0.09480040598025422
T4-E033,val_cold,area_aspect,12000000.0,16.580527590217134,15879310.448741352,0.323275870728446
T4-E033,val_cold,area_aspect,7500000.0,15.840013886736148,7572349.042601141,0.009646539013485486
T4-E033,val_cold,area_aspect,20000000.0,16.767411816749885,19142313.64446724,0.042884317776638085
T4-E033,val_cold,area_aspect,50000000.0,17.973587726469553,63948442.2276967,0.27896884455393406
T4-E033,val_cold,area_aspect,7500000.0,15.753245396272723,6943006.113573251,0.07426585152356649
T4-E033,val_cold,area_aspect,3000000.0,15.119203513667935,3682872.2692955956,0.22762408976519852
T4-E033,val_cold,area_aspect,3000000.0,15.119203513667935,3682872.2692955956,0.22762408976519852
T4-E033,val_cold,area_aspect,2000000.0,13.711189883436331,900936.3437569002,0.5495318281215499
T4-E033,val_cold,area_aspect,700000.0,13.241213949717999,563100.8100060177,0.19557027141997474
T4-E033,val_cold,area_aspect,700000.0,13.233359897233248,558695.509067892,0.20186355847444004
T4-E033,val_cold,area_aspect,8500000.0,15.48097581126949,5288132.998869335,0.3778667060153723
T4-E033,val_cold,area_aspect,4000000.0,14.654443569465158,2313896.7579390365,0.4215258105152409
T4-E033,val_cold,area_aspect,20000000.0,16.40204930613493,13283713.66189845,0.33581431690507746
T4-E033,val_cold,area_aspect,20000000.0,16.40204930613493,13283713.66189845,0.33581431690507746
T4-E033,val_cold,area_aspect,700000.0,13.213485153817839,547701.1956556136,0.21756972049198064
T4-E033,val_cold,area_aspect,12000000.0,15.837639720766113,7554392.353705472,0.3704673038578773
T4-E033,val_cold,area_aspect,700000.0,13.213485153817839,547701.1956556136,0.21756972049198064
T4-E033,val_cold,area_aspect,700000.0,13.13352412574539,505611.63092109223,0.2776976701127254
T4-E033,val_cold,area_aspect,12000000.0,15.837639720766113,7554392.353705472,0.3704673038578773
T4-E033,val_cold,area_aspect,12000000.0,15.837639720766113,7554392.353705472,0.3704673038578773
T4-E033,val_cold,area_aspect,20000000.0,16.40204930613493,13283713.66189845,0.33581431690507746
T4-E033,val_cold,area_aspect,20000000.0,16.34089236608548,12495665.299420848,0.3752167350289576
T4-E033,val_cold,area_aspect,6500000.0,15.1108011797517,3652057.1873155273,0.43814504810530347
T4-E033,val_cold,area_aspect,17000000.0,16.155359935924317,10379673.037457123,0.3894309977966398
T4-E033,val_cold,area_aspect,700000.0,13.194189517062146,537234.2601795265,0.23252248545781926
T4-E033,val_cold,area_aspect,700000.0,13.214154503679868,548067.9220958131,0.21704582557740987
T4-E033,val_cold,area_aspect,300000.0,13.445055608867012,690420.1531499843,1.3014005104999478
T4-E033,val_cold,area_aspect,8600000.0,16.618868613179526,16499961.626138449,0.9186001890858662
T4-E033,val_cold,area_aspect,480000.0,13.843846670852912,1028741.3995619812,1.1432112490874609
T4-E033,val_cold,area_aspect,8600000.0,16.597932154225408,16158102.009066042,0.8788490708216328
T4-E033,val_cold,area_aspect,9000000.0,16.72501403964607,18347686.342646167,1.038631815849574
T4-E033,val_cold,area_aspect,2400000.0,15.317247720331558,4489481.25812105,0.8706171908837708
T4-E033,val_cold,area_aspect,4000000.0,15.791691462470627,7215135.010367116,0.803783752591779
T4-E033,val_cold,area_aspect,1200000.0,14.66574346569325,2340191.8372240593,0.9501598643533827
T4-E033,val_cold,area_aspect,9000000.0,16.716879193001414,18199036.17089187,1.0221151300990967
T4-E033,val_cold,area_aspect,2400000.0,15.336988994279755,4578989.938302008,0.9079124742925035
T4-E033,val_cold,area_aspect,2400000.0,15.292126917639061,4378106.651892525,0.8242111049552188
T4-E033,val_cold,area_aspect,8600000.0,16.651343844663447,17044597.420762394,0.98192993264679
T4-E033,val_cold,area_aspect,9000000.0,16.64518105748896,16939878.206932973,0.8822086896592193
T4-E033,val_cold,area_aspect,400000.0,13.350775802837159,628301.7369038984,0.5707543422597461
T4-E033,val_cold,area_aspect,1040000.0,14.780723855112583,2625347.5759091056,1.5243726691433708
T4-E033,val_cold,area_aspect,100000.0,12.618910499511747,302219.99744442647,2.0221999744442645
T4-E033,val_cold,area_aspect,400000.0,13.412042021376823,667999.0439978553,0.6699976099946382
T4-E033,val_cold,area_aspect,2400000.0,15.100465441891565,3614504.881273771,0.506043700530738
T4-E033,val_cold,area_aspect,960000.0,14.610791224684679,2215062.603924312,1.3073568790878252
T4-E033,val_cold,area_aspect,300000.0,13.243253084395189,564250.219896961,0.8808340663232034
T4-E033,val_cold,area_aspect,640000.0,14.300417312835052,1624023.5694962502,1.537536827337891
T4-E033,val_cold,area_aspect,300000.0,13.865195634554247,1050940.0786228462,2.503133595409487
T4-E033,val_cold,area_aspect,2400000.0,15.325322325099547,4525878.794998642,0.8857828312494342
T4-E033,val_cold,area_aspect,2800000.0,15.35831573999322,4677693.665900058,0.6706048806785921
T4-E033,val_cold,area_aspect,7200000.0,16.270273871002384,11643677.316100983,0.6171774050140254
T4-E033,val_cold,area_aspect,4186400.0,15.888560187888823,7949027.78445513,0.8987740742535663
T4-E033,val_cold,area_aspect,928700.0,14.446364151481287,1879213.9797110353,1.0234887258652259
T4-E033,val_cold,area_aspect,1476700.0,14.884700560467692,2913019.006006592,0.9726545716845615
T4-E033,val_cold,area_aspect,3075100.0,15.657352500900553,6308146.813062694,1.0513631469099196
T4-E033,val_cold,area_aspect,989600.0,14.3124974362837,1643760.9496724277,0.661035721172623
T4-E033,val_cold,area_aspect,989600.0,14.519168859708113,2021133.114158102,1.0423738016957378
T4-E033,val_cold,area_aspect,989600.0,14.446364151481287,1879213.9797110353,0.8989631969594132
T4-E033,val_cold,area_aspect,6135000.0,16.297035440125732,11959487.329310356,0.9493866877441492
T4-E033,val_cold,area_aspect,4917100.0,15.995321944025816,8844637.879401363,0.798750865225715
T4-E033,val_cold,area_aspect,6135000.0,16.297035440125732,11959487.329310356,0.9493866877441492
T4-E033,val_cold,area_aspect,593800.0,13.949403529458115,1143270.4505678138,0.9253459928727077
T4-E033,val_cold,area_aspect,822100.0,14.249670557370273,1543665.833975261,0.8777105388337928
T4-E033,val_cold,area_aspect,1476700.0,14.923356330308517,3027828.7313804524,1.050402066350953
T4-E033,val_cold,area_aspect,2207400.0,15.228463625047235,4108068.9123463957,0.8610441752044921
T4-E033,val_cold,area_aspect,989600.0,14.446364151481287,1879213.9797110353,0.8989631969594132
T4-E033,val_cold,area_aspect,600000.0,13.518292897737812,742882.2988338778,0.23813716472312962
T4-E033,val_cold,area_aspect,600000.0,13.487905893445294,720647.8610664441,0.20107976844407346
T4-E033,val_cold,area_aspect,600000.0,13.611414997612641,815384.4490395519,0.3589740817325865
T4-E033,val_cold,area_aspect,800000.0,13.899622708102394,1087750.8783796548,0.35968859797456854
T4-E033,val_cold,area_aspect,800000.0,13.93918130777781,1131643.215914313,0.4145540198928912
T4-E033,val_cold,area_aspect,600000.0,14.06146268025668,1278838.3442276854,1.1313972403794756
T4-E033,val_cold,area_aspect,600000.0,13.515262999856441,740634.8478234131,0.2343914130390218
T4-E033,val_cold,area_aspect,800000.0,13.796109769649837,980786.19581357,0.22598274476696256
T4-E033,val_cold,area_aspect,600000.0,13.518533354508499,743060.9513907034,0.23843491898450572
T4-E033,val_cold,area_aspect,1000000.0,14.409363335961798,1810952.188594439,0.8109521885944391
T4-E033,val_cold,area_aspect,800000.0,13.782562003477143,967588.3363868356,0.20948542048354443
T4-E033,val_cold,area_aspect,800000.0,13.582367722691046,792040.4341325415,0.009949457334323088
T4-E033,val_cold,area_aspect,600000.0,13.244031300772107,564689.4995639104,0.05885083406014931
T4-E033,val_cold,area_aspect,800000.0,13.518292897737812,742882.2988338778,0.07139712645765278
T4-E033,val_cold,area_aspect,600000.0,13.686158428169064,878664.5071110654,0.4644408451851091
T4-E033,val_cold,area_aspect,800000.0,14.008226156450956,1212537.896864055,0.5156723710800687
T4-E033,val_cold,area_aspect,600000.0,13.487905893445294,720647.8610664441,0.20107976844407346
T4-E033,val_cold,area_aspect,600000.0,13.282640595850822,586918.1174743854,0.021803137542690965
T4-E033,val_cold,area_aspect,800000.0,13.313399436551453,605251.5505018685,0.2434355618726644
T4-E033,val_cold,area_aspect,600000.0,13.384031732159997,649547.8160451669,0.08257969340861154
T4-E033,val_cold,area_aspect,600000.0,13.276542781076742,583350.0891503183,0.027749851416136177
T4-E033,val_cold,area_aspect,600000.0,13.487905893445294,720647.8610664441,0.20107976844407346
T4-E033,val_cold,area_aspect,21312500.0,15.783363625738644,7155298.046057893,0.66426754036092
T4-E033,val_cold,area_aspect,22834800.0,15.881438709037306,7892620.042862607,0.6543600100345698
T4-E033,val_cold,area_aspect,6089300.0,14.752276650049444,2551716.0460884534,0.5809508406403933
T4-E033,val_cold,area_aspect,30446400.0,16.16754691435073,10506943.83687095,0.6549035735958619
T4-E033,val_cold,area_aspect,22834800.0,15.881438709037306,7892620.042862607,0.6543600100345698
T4-E033,val_cold,area_aspect,22834800.0,15.882959211503989,7904629.919315924,0.6538340638273196
T4-E033,val_cold,area_aspect,12178600.0,15.763657065778443,7015672.028919848,0.4239344400078952
T4-E033,val_cold,area_aspect,3653600.0,14.49411563936513,1971126.2529602803,0.460497522180786
T4-E033,val_cold,area_aspect,16745600.0,15.610894778661978,6021787.972955698,0.6403958070803257
T4-E033,val_cold,area_aspect,21312500.0,15.783363625738644,7155298.046057893,0.66426754036092
T4-E033,val_cold,area_aspect,18267900.0,15.882959211503989,7904629.919315924,0.5672940009899374
T4-E033,val_cold,area_aspect,21312500.0,15.783363625738644,7155298.046057893,0.66426754036092
T4-E033,val_cold,area_aspect,60892800.0,16.697702877853033,17853370.606381405,0.7068065418837465
T4-E033,val_cold,area_aspect,42625000.0,16.464761559504737,14143441.261441734,0.66818906131515
T4-E033,val_cold,area_aspect,3805800.0,14.480946849255615,1945339.0707112753,0.48884884368299036
T4-E033,val_cold,area_aspect,98950800.0,17.247237387487697,30930007.51062285,0.6874203390915197
T4-E033,val_cold,area_aspect,11417400.0,15.31439286280252,4476682.706463186,0.6079069922694146
T4-E033,val_cold,area_aspect,45669600.0,16.58963771937401,16024633.970793447,0.6491181448755091
T4-E033,val_cold,area_aspect,22834800.0,16.240724285591504,11304645.276114253,0.5049378459143827
T4-E033,val_cold,area_aspect,16745600.0,15.610894778661978,6021787.972955698,0.6403958070803257
T4-E033,val_cold,area_aspect,9134000.0,15.159805856639757,3835482.7182665234,0.5800872872491216
T4-E033,val_cold,area_aspect,27401800.0,16.16754691435073,10506943.83687095,0.6165600859479687
T4-E033,val_cold,area_aspect,9134000.0,15.159805856639757,3835482.7182665234,0.5800872872491216
T4-E033,val_cold,area_aspect,11417400.0,15.31439286280252,4476682.706463186,0.6079069922694146
T4-E033,val_cold,area_aspect,5328200.0,15.387069340101645,4814146.553756766,0.09647788113119514
T4-E033,val_cold,area_aspect,776400.0,13.801700617395193,986284.9792122807,0.27033098816625545
T4-E033,val_cold,area_aspect,900000.0,14.396678629378275,1788125.870087109,0.98680652231901
T4-E033,val_cold,area_aspect,7916100.0,15.926435060701964,8255870.332269759,0.04292143003117178
T4-E033,val_cold,area_aspect,2511900.0,15.033682840959804,3381002.5670921034,0.34599409494490363
T4-E033,val_cold,area_aspect,395900.0,13.423132482849967,675448.6953372577,0.7061093592757204
T4-E033,val_cold,area_aspect,2207400.0,14.861164739488165,2845259.2309848233,0.28896404411743376
T4-E033,val_cold,area_aspect,989600.0,14.396678629378275,1788125.870087109,0.8069178153669251
T4-E033,val_cold,area_aspect,3805800.0,15.31660704076418,4486605.860413483,0.17888639981435792
T4-E033,val_cold,area_aspect,1674600.0,14.733423108142055,2504057.835405491,0.4953169923596625
T4-E033,val_cold,area_aspect,1248400.0,14.249670557370273,1543665.833975261,0.2365154069010422
T4-E033,val_cold,area_aspect,3714500.0,15.353884647050506,4657012.2250415115,0.25373865258891143
T4-E033,val_cold,area_aspect,6180700.0,15.52029067428993,5500176.135300038,0.11010465880886657
T4-E033,val_cold,area_aspect,1248400.0,14.249670557370273,1543665.833975261,0.2365154069010422
T4-E033,val_cold,area_aspect,6180700.0,15.52029067428993,5500176.135300038,0.11010465880886657
T4-E033,val_cold,area_aspect,7429000.0,16.16723241563966,10503639.93614046,0.41386996044426716
T4-E033,val_cold,area_aspect,3714500.0,15.351080497060973,4643971.556799439,0.2502279059898879
T4-E033,val_cold,area_aspect,12361300.0,16.34442975652565,12539945.618609685,0.014452008980421593
T4-E033,val_cold,area_aspect,2481400.0,15.017994363473441,3328373.6973065333,0.3413289664328739
T4-E033,val_cold,area_aspect,1248400.0,14.249670557370273,1543665.833975261,0.2365154069010422
T4-E033,val_cold,area_aspect,1248400.0,14.249670557370273,1543665.833975261,0.2365154069010422
T4-E033,val_cold,area_aspect,1491900.0,14.33347567602653,1678608.4020781936,0.1251480676172623
T4-E033,val_cold,area_aspect,2481400.0,15.014106165991436,3315457.4498103885,0.3361237405538762
T4-E033,val_cold,area_aspect,1248400.0,14.249670557370273,1543665.833975261,0.2365154069010422
T4-E033,val_cold,area_aspect,1248400.0,14.249670557370273,1543665.833975261,0.2365154069010422
T4-E033,val_cold,area_aspect,6180700.0,15.52029067428993,5500176.135300038,0.11010465880886657
T4-E033,val_cold,area_aspect,4947600.0,15.508308055875561,5434662.917286145,0.09844427950645658
T4-E033,val_cold,area_aspect,12361300.0,16.34442975652565,12539945.618609685,0.014452008980421593
T4-E033,val_cold,area_aspect,6000000.0,15.609634542533238,6014203.878071508,0.002367313011918062
T4-E033,val_cold,area_aspect,2500000.0,15.085993912961733,3562574.1342684254,0.42502965370737017
T4-E033,val_cold,area_aspect,6000000.0,15.609634542533238,6014203.878071508,0.002367313011918062
T4-E033,val_cold,area_aspect,6000000.0,15.644978152732117,6230568.588008472,0.03842809800141196
T4-E033,val_cold,area_aspect,1500000.0,14.335724184573067,1682387.0139451034,0.12159134263006893
T4-E033,val_cold,area_aspect,6000000.0,15.644978152732117,6230568.588008472,0.03842809800141196
T4-E033,val_cold,area_aspect,2500000.0,14.88549466339803,2915333.1616526707,0.1661332646610683
T4-E033,val_cold,area_aspect,6000000.0,15.644978152732117,6230568.588008472,0.03842809800141196
T4-E033,val_cold,area_aspect,2500000.0,14.88549466339803,2915333.1616526707,0.1661332646610683
T4-E033,val_cold,area_aspect,1500000.0,14.335724184573067,1682387.0139451034,0.12159134263006893
T4-E033,val_cold,area_aspect,8000000.0,15.931021923480634,8293825.858451028,0.03672823230637855
T4-E033,val_cold,area_aspect,9000000.0,15.931021923480634,8293825.858451028,0.07846379350544129
T4-E033,val_cold,area_aspect,1500000.0,14.335724184573067,1682387.0139451034,0.12159134263006893
T4-E033,val_cold,area_aspect,6000000.0,15.609634542533238,6014203.878071508,0.002367313011918062
T4-E033,val_cold,area_aspect,6000000.0,15.644978152732117,6230568.588008472,0.03842809800141196
T4-E033,val_cold,area_aspect,8000000.0,15.931021923480634,8293825.858451028,0.03672823230637855
T4-E033,val_cold,area_aspect,3021900.0,15.191793870810432,3960155.581872083,0.31048531780405797
T4-E033,val_cold,area_aspect,9155000.0,14.297365467157421,1619074.8553821312,0.8231485685000403
T4-E033,val_cold,area_aspect,50625000.0,15.271307012350457,4287897.220520405,0.9153007956440413
T4-E033,val_cold,area_aspect,50625000.0,15.730020804017968,6783615.680761215,0.8660026532195315
T4-E033,val_cold,area_aspect,50625000.0,14.731655589420503,2499635.775489662,0.9506244785088462
T4-E033,val_cold,area_aspect,24300000.0,12.0374696083447,168968.8417129312,0.9930465497237476
T4-E033,val_cold,area_aspect,10125000.0,10.983357225582466,58885.91609913795,0.9941841070519369
T4-E033,val_cold,area_aspect,16200000.0,11.786177752339913,131423.1767079215,0.991887458227906
T4-E033,val_cold,area_aspect,14175000.0,11.488962570105386,97632.19356432013,0.9931123672970498
T4-E033,val_cold,area_aspect,19237500.0,14.038861206265636,1250258.8980415175,0.9350092840524228
T4-E033,val_cold,area_aspect,2664100.0,13.737682449608398,925123.4338651975,0.6527444788614551
T4-E033,val_cold,area_aspect,650000.0,13.49443600269836,725369.1688828408,0.11595256751206273
T4-E033,val_cold,area_aspect,650000.0,13.49443600269836,725369.1688828408,0.11595256751206273
T4-E033,val_cold,area_aspect,5500000.0,16.518404068353036,14922848.732873287,1.7132452241587794
T4-E033,val_cold,area_aspect,3500000.0,15.949135753975137,8445427.714198895,1.41297934691397
T4-E033,val_cold,area_aspect,3200000.0,16.0032594196795,8915121.337542828,1.7859754179821339
T4-E033,val_cold,area_aspect,650000.0,13.760151755075187,946145.6072656525,0.4556086265625423
T4-E033,val_cold,area_aspect,3000000.0,15.526626558784637,5535135.247494141,0.8450450824980469
T4-E033,val_cold,area_aspect,2500000.0,14.740663693661189,2522254.4779828223,0.008901791193128936
T4-E033,val_cold,area_aspect,7000000.0,16.31387093797065,12162535.666513622,0.7375050952162316
T4-E033,val_cold,area_aspect,3500000.0,15.611370150483259,6024651.241776508,0.7213289262218595
T4-E033,val_cold,area_aspect,1000000.0,13.396378162241307,657617.1238094574,0.3423828761905426
T4-E033,val_cold,area_aspect,7000000.0,16.119938597146152,10018446.45456885,0.43120663636697854
T4-E033,val_cold,area_aspect,1000000.0,13.407935856551427,665261.7535488987,0.3347382464511013
T4-E033,val_cold,area_aspect,5328200.0,15.489036769329926,5330932.688686879,0.0005128727688298772
T4-E033,val_cold,area_aspect,3805800.0,15.353884647050506,4657012.2250415115,0.2236618385205506
T4-E033,val_cold,area_aspect,3805800.0,15.233841995990405,4130223.1542782476,0.08524440440334427
T4-E033,val_cold,area_aspect,6850500.0,15.886349257001408,7931472.447371245,0.15779467883676307
T4-E033,val_cold,area_aspect,6850500.0,15.886349257001408,7931472.447371245,0.15779467883676307
T4-E033,val_cold,area_aspect,3000000.0,14.483630324183872,1950566.3498339048,0.34981121672203175
T4-E033,val_cold,area_aspect,13000000.0,14.867697177216414,2863906.5496449564,0.7796994961811572
T4-E033,val_cold,area_aspect,3000000.0,14.483630324183872,1950566.3498339048,0.34981121672203175
T4-E033,val_cold,area_aspect,35000000.0,15.435361337682817,5052336.3492596075,0.855647532878297
T4-E033,val_cold,area_aspect,32000000.0,15.26998188429549,4282218.970651681,0.866180657167135
T4-E033,val_cold,area_aspect,11861000.0,16.217482632537166,11044936.355588833,0.06880226325024594
T4-E033,val_cold,area_aspect,11861000.0,16.217482632537166,11044936.355588833,0.06880226325024594
T4-E033,val_cold,area_aspect,11861000.0,16.217482632537166,11044936.355588833,0.06880226325024594
T4-E033,val_cold,area_aspect,427000.0,11.83266092572775,137676.35081825303,0.6775729489033887
T4-E033,val_cold,area_aspect,7116600.0,15.810065376514078,7348930.691930385,0.032646304686280714
T4-E033,val_cold,area_aspect,900000.0,15.590595267373976,5900780.966821022,5.556423296467803
T4-E033,val_cold,area_aspect,950000.0,15.035358746822514,3386673.5598137802,2.5649195366460846
T4-E033,val_cold,area_aspect,950000.0,15.740944707005848,6858125.468263517,6.219079440277387
T4-E033,val_cold,area_aspect,600000.0,13.654078212943066,850924.0987698499,0.4182068312830831
T4-E033,val_cold,area_aspect,950000.0,15.740944707005848,6858125.468263517,6.219079440277387
T4-E033,val_cold,area_aspect,800000.0,14.054916703308054,1270494.4372113976,0.5881180465142469
T4-E033,val_cold,area_aspect,480000.0,13.385096444682398,650239.7660373526,0.3546661792444846
T4-E033,val_cold,area_aspect,2400000.0,15.92363428119063,8232779.810619084,2.430324921091285
T4-E033,val_cold,area_aspect,480000.0,13.385096444682398,650239.7660373526,0.3546661792444846
T4-E033,val_cold,area_aspect,2435800.0,14.89880045951117,2954383.210164972,0.21290057072213323
T4-E033,val_cold,area_aspect,9999999.0,14.706544469752007,2437648.6625343147,0.7562351093700794
T4-E033,val_cold,area_aspect,1033400.0,15.036787947666028,3391517.2570057455,2.2819017389256295
T4-E033,val_cold,area_aspect,3131300.0,16.49185498976981,14531873.825681454,3.6408436833524265
T4-E033,val_cold,area_aspect,3349200.0,15.466657130039803,5212953.428775501,0.5564771971741017
T4-E033,val_cold,area_aspect,6089300.0,16.098911614914858,9809988.064899452,0.61102065342477
T4-E033,val_cold,area_aspect,25879500.0,15.250357615034144,4199002.75189035,0.8377479181633977
T4-E033,val_cold,area_aspect,28924100.0,15.970421053718674,8627117.98072519,0.7017325351272747
T4-E033,val_cold,area_aspect,2000000.0,13.840743564210337,1025554.0531870141,0.48722297340649295
T4-E033,val_cold,area_aspect,2000000.0,13.840743564210337,1025554.0531870141,0.48722297340649295
T4-E033,val_cold,area_aspect,5300000.0,15.760521381974216,6993707.5545833865,0.31956746312894085
T4-E033,val_cold,area_aspect,8372800.0,15.217158276204188,4061887.30170536,0.5148710942927861
T4-E033,val_cold,area_aspect,3805800.0,15.923966813406789,8235517.930365944,1.1639387068069642
T4-E033,val_cold,area_aspect,99715000.0,16.43461388482617,13723412.650973579,0.8623736383595891
T4-E033,val_cold,area_aspect,22985600.0,15.303877429406656,4429855.085487325,0.8072769435869708
T4-E033,val_cold,area_aspect,571360000.0,17.271369202060253,31685483.55862986,0.9445437490222804
T4-E033,val_warm,raw_width_height,604440.0,13.111792767093062,494742.53112645337,0.18148611751959937
T4-E033,val_warm,raw_width_height,1800900.0,14.543061234155415,2070004.2826561267,0.14942766542069336
T4-E033,val_warm,raw_width_height,234600.0,12.848392790825088,380177.2197785159,0.6205337586467005
T4-E033,val_warm,raw_width_height,9813180.0,15.817661436992589,7404966.168917115,0.24540605910447838
T4-E033,val_warm,raw_width_height,4816200.0,16.346329609013182,12563792.310912808,1.6086525291542728
T4-E033,val_warm,raw_width_height,3615600.0,15.003896170721994,3281778.86658485,0.09232800459540602
T4-E033,val_warm,raw_width_height,2219040.0,14.494843148660275,1972560.787386505,0.11107470465313607
T4-E033,val_warm,raw_width_height,364320.0,13.564791659160743,778241.1053202031,1.1361470831143037
T4-E033,val_warm,raw_width_height,2797260.0,15.212813224466268,4044276.478900883,0.44579927461189983
T4-E033,val_warm,raw_width_height,558900.0,13.947322493581252,1140893.7376134265,1.0413199814160432
T4-E033,val_warm,raw_width_height,12268200.0,16.015303974639323,9023149.274703184,0.26450911505329355
T4-E033,val_warm,raw_width_height,4429800.0,15.03109429548013,3372262.0057311533,0.2387326728675892
T4-E033,val_warm,raw_width_height,1283400.0,14.12552679103215,1363447.246884241,0.06237123802730326
T4-E033,val_warm,raw_width_height,964620.0,13.96393762306897,1160008.1896131597,0.20255457031075422
T4-E033,val_warm,raw_width_height,19666380.0,16.427890841265278,13631459.000469178,0.30686486275210906
T4-E033,val_warm,raw_width_height,1407600.0,14.61584398938262,2226283.117488531,0.5816163096678963
T4-E033,val_warm,raw_width_height,1283400.0,14.519339003866605,2021477.0274075964,0.5750950813523424
T4-E033,val_warm,raw_width_height,12282000.0,15.928688588490207,8274496.144489944,0.3262908203476678
T4-E033,val_warm,raw_width_height,41262000.0,16.214787203082192,11015205.595391382,0.7330423732395089
T4-E033,val_warm,raw_width_height,1535940.0,14.563090493921731,2111882.93532406,0.3749774960767086
T4-E033,val_warm,raw_width_height,2856600.0,15.419591992372569,4973289.211611643,0.7409820106460979
T4-E033,val_warm,raw_width_height,7051800.0,14.885177759779173,2914409.4283985086,0.5867141115178383
T4-E033,val_warm,raw_width_height,9784200.0,16.04624199555638,9306670.839460906,0.048806152832024524
T4-E033,val_warm,raw_width_height,3808800.0,15.148364974850953,3791851.4797254847,0.004449832040147885
T4-E033,val_warm,raw_width_height,2760000.0,15.191384918200331,3958536.397017972,0.4342523177601348
T4-E033,val_warm,raw_width_height,3339600.0,14.646665101837879,2295968.0064186994,0.31250209413741187
T4-E033,val_warm,raw_width_height,9880800.0,15.246223775065298,4181680.5747071723,0.576787246507654
T4-E033,val_warm,raw_width_height,1324800.0,14.214516941980134,1490343.1329512307,0.1249570749933807
T4-E033,val_warm,raw_width_height,2111400.0,14.951552101389225,3114415.653358945,0.4750476713834163
T4-E033,val_warm,raw_width_height,786600.0,13.780821964702197,965906.1591146094,0.22795087606739048
T4-E033,val_warm,raw_width_height,2235600.0,14.745840621088517,2535345.8637074577,0.13407848618154306
T4-E033,val_warm,raw_width_height,3767400.0,14.788689466884493,2646343.5874856184,0.29756766271550184
T4-E033,val_warm,raw_width_height,772800.0,14.129921478587875,1369452.3571598476,0.7720656795546682
T4-E033,val_warm,raw_width_height,6900000.0,14.948054451526366,3103541.5458721127,0.5502113701634619
T4-E033,val_warm,raw_width_height,4623000.0,15.814312659661647,7380210.060556713,0.5964114342541018
T4-E033,val_warm,raw_width_height,690000.0,14.838183579537278,2780617.4895276544,3.029880419605296
T4-E033,val_warm,raw_width_height,1794000.0,14.489783059454284,1962604.6645164802,0.09398253317529552
T4-E033,val_warm,raw_width_height,276000.0,13.56860346283108,781213.2686747052,1.8304828575170478
T4-E033,val_warm,raw_width_height,2346000.0,14.732737889338882,2502342.5956168263,0.06664219762013057
T4-E033,val_warm,raw_width_height,1794000.0,14.410649632533614,1813283.108992423,0.010748667219856706
T4-E033,val_warm,raw_width_height,8694000.0,15.536345203722226,5589191.512995135,0.35712082896306246
T4-E033,val_warm,raw_width_height,42780000.0,17.262300121258523,31399424.455208067,0.26602560880766557
T4-E033,val_warm,raw_width_height,676200.0,14.062323930868793,1279940.2189614794,0.8928426781447492
T4-E033,val_warm,raw_width_height,3174000.0,15.019440899247446,3333191.7928625927,0.05015494419111302
T4-E033,val_warm,raw_width_height,4429800.0,15.083750968486676,3554592.432899675,0.19757270465942597
T4-E033,val_warm,raw_width_height,1104000.0,14.217515776770671,1494819.1338273447,0.3540028386117253
T4-E033,val_warm,raw_width_height,10184400.0,15.912192910160766,8139122.328881357,0.20082456218516978
T4-E033,val_warm,raw_width_height,4692000.0,16.146139672921525,10284409.574149003,1.1919031487956102
T4-E033,val_warm,raw_width_height,1656000.0,14.493720444143184,1970347.4271875059,0.18982332559631998
T4-E033,val_warm,raw_width_height,565800.0,13.732128632515568,919999.7088111637,0.6260157455128379
T4-E033,val_warm,raw_width_height,2346000.0,14.914282983715,3000480.4497157275,0.2789771737918702
T4-E033,val_warm,raw_width_height,2000000.0,14.615676099869754,2225909.379274674,0.11295468963733711
T4-E033,val_warm,raw_width_height,455400.0,13.995243523798491,1196897.7078633253,1.6282338776094099
T4-E033,val_warm,raw_width_height,13386000.0,17.69549803055252,48423608.4450639,2.6174815811343115
T4-E033,val_warm,raw_width_height,276000.0,13.962587117694644,1158442.6496918083,3.197255977144233
T4-E033,val_warm,raw_width_height,2760000.0,15.740939333008665,6858088.612815599,1.4848147147882604
T4-E033,val_warm,raw_width_height,552000.0,14.007960348635441,1212215.6376458677,1.196042821822224
T4-E033,val_warm,raw_width_height,3864000.0,15.069847058447104,3505511.6972348215,0.0927764758709054
T4-E033,val_warm,raw_width_height,73871400.0,16.70448308180495,17974831.399489027,0.7566740118707778
T4-E033,val_warm,raw_width_height,2450000.0,14.511189025056664,2005068.9858861533,0.18160449555667213
T4-E033,val_warm,raw_width_height,9000000.0,14.199285927757034,1467815.688904769,0.8369093678994701
T4-E033,val_warm,raw_width_height,10397500.0,16.28920481412905,11866202.771836411,0.1412553759881136
T4-E033,val_warm,raw_width_height,1826800.0,14.560869113344033,2107196.8463096917,0.1534907194600896
T4-E033,val_warm,raw_width_height,700000.0,14.13719975821728,1379455.9747571019,0.9706513925101455
T4-E033,val_warm,raw_width_height,1202700.0,14.125411855749775,1363290.547695221,0.13352502510619516
T4-E033,val_warm,raw_width_height,7002700.0,15.653648546214447,6284824.941355074,0.10251403867721395
T4-E033,val_warm,raw_width_height,2283500.0,14.592103548292307,2174052.614978161,0.04792966280789964
T4-E033,val_cold,raw_width_height,4678200.0,15.046358913698377,3424133.1874748855,0.2680660964740957
T4-E033,val_cold,raw_width_height,10639800.0,15.699845137846342,6581973.207108106,0.3813818674121594
T4-E033,val_cold,raw_width_height,993600.0,13.90395857913347,1092477.465433293,0.09951435732014192
T4-E033,val_cold,raw_width_height,1573200.0,14.08085691640892,1303882.508295378,0.17119087954781467
T4-E033,val_cold,raw_width_height,17912400.0,16.15774500284043,10404458.79831836,0.4191476966616221
T4-E033,val_cold,raw_width_height,1959600.0,14.796796561926271,2667884.9474049853,0.3614436351321623
T4-E033,val_cold,raw_width_height,19458000.0,16.533699322289735,15152851.988816638,0.22125336679943275
T4-E033,val_cold,raw_width_height,17843400.0,15.882637147778215,7902084.5346632805,0.5571424428828989
T4-E033,val_cold,raw_width_height,17843400.0,15.882637147778215,7902084.5346632805,0.5571424428828989
T4-E033,val_cold,raw_width_height,407100.0,13.706236929479466,896485.0800799981,1.2021249817735153
T4-E033,val_cold,raw_width_height,1035000.0,14.407476581808064,1807538.5883552663,0.7464140950292427
T4-E033,val_cold,raw_width_height,1094340.0,14.23288618327181,1517972.5947825445,0.3871124100211493
T4-E033,val_cold,raw_width_height,1860240.0,14.257622057965285,1555989.2235622443,0.1635545824397689
T4-E033,val_cold,raw_width_height,1959600.0,14.796796561926271,2667884.9474049853,0.3614436351321623
T4-E033,val_cold,raw_width_height,4512600.0,14.369658638785662,1740457.623782689,0.6143115667724397
T4-E033,val_cold,raw_width_height,4512600.0,14.369658638785662,1740457.623782689,0.6143115667724397
T4-E033,val_cold,raw_width_height,4077900.0,14.369658638785662,1740457.623782689,0.5731975713522429
T4-E033,val_cold,raw_width_height,500940.0,13.925238593043535,1115974.5232608814,1.2277608561122717
T4-E033,val_cold,raw_width_height,4512600.0,14.369658638785662,1740457.623782689,0.6143115667724397
T4-E033,val_cold,raw_width_height,3063600.0,14.369658638785662,1740457.623782689,0.4318913618675124
T4-E033,val_cold,raw_width_height,1573200.0,14.074737496836823,1295927.8678688577,0.17624722357687664
T4-E033,val_cold,raw_width_height,4567800.0,14.811051832154325,2706188.7350401096,0.40755095778271605
T4-E033,val_cold,raw_width_height,1959600.0,14.796796561926271,2667884.9474049853,0.3614436351321623
T4-E033,val_cold,raw_width_height,4719600.0,15.711931977938637,6662011.193520954,0.4115626734301538
T4-E033,val_cold,raw_width_height,2898000.0,14.821789993803796,2735404.809861037,0.05610600073808249
T4-E033,val_cold,raw_width_height,4015800.0,14.959216169624542,3138376.448740946,0.2184928410924483
T4-E033,val_cold,raw_width_height,745200.0,13.902032387428681,1090375.1697639443,0.4631980270584331
T4-E033,val_cold,raw_width_height,1280640.0,14.308085992721312,1636525.5619989638,0.2778966469881964
T4-E033,val_cold,raw_width_height,500940.0,13.925238593043535,1115974.5232608814,1.2277608561122717
T4-E033,val_cold,raw_width_height,2018940.0,14.698032639245882,2416987.8656276143,0.19715685737447092
T4-E033,val_cold,raw_width_height,4077900.0,14.369658638785662,1740457.623782689,0.5731975713522429
T4-E033,val_cold,raw_width_height,4512600.0,14.369658638785662,1740457.623782689,0.6143115667724397
T4-E033,val_cold,raw_width_height,4077900.0,14.448857779980251,1883905.888754285,0.5380205770729334
T4-E033,val_cold,raw_width_height,7438200.0,14.55980194107953,2104949.3037503036,0.7170082407369655
T4-E033,val_cold,raw_width_height,8914800.0,14.769126315890453,2595075.882304553,0.7089025124170422
T4-E033,val_cold,raw_width_height,6072000.0,14.8228582146032,2738328.387408885,0.5490236516125024
T4-E033,val_cold,raw_width_height,2815200.0,14.805156323263677,2690281.3125428203,0.04437293530022011
T4-E033,val_cold,raw_width_height,732780.0,14.081539536470714,1304772.8685080623,0.780579257769129
T4-E033,val_cold,raw_width_height,2014800.0,14.796796561926271,2667884.9474049853,0.3241438095121031
T4-E033,val_cold,raw_width_height,2815200.0,14.658544763240418,2323405.9831783744,0.17469239017534302
T4-E033,val_cold,raw_width_height,4491900.0,15.135790955173064,3744471.1693388782,0.16639480635390855
T4-E033,val_cold,raw_width_height,2815200.0,14.658544763240418,2323405.9831783744,0.17469239017534302
T4-E033,val_cold,raw_width_height,2394300.0,14.895955091212997,2945988.8500247058,0.23041759596738326
T4-E033,val_cold,raw_width_height,16380600.0,15.736431847299885,6827245.441202555,0.5832115159882694
T4-E033,val_cold,raw_width_height,16366800.0,15.65152119442364,6271469.119064368,0.6168176357587086
T4-E033,val_cold,raw_width_height,890100.0,13.760917839692176,946870.7125713583,0.0637801511867861
T4-E033,val_cold,raw_width_height,745200.0,13.700567664751315,891417.0484168695,0.19621182020513886
T4-E033,val_cold,raw_width_height,1035000.0,14.39012874438138,1776452.1238602793,0.7163788636331201
T4-E033,val_cold,raw_width_height,1711200.0,14.683816355574672,2382870.3671197877,0.3925142397848222
T4-E033,val_cold,raw_width_height,22535400.0,16.441457574906355,13817653.543908741,0.38684675914744177
T4-E033,val_cold,raw_width_height,3332700.0,14.804516705456393,2688561.110903161,0.19327838962308005
T4-E033,val_cold,raw_width_height,3318900.0,14.757161783499795,2564212.0168926213,0.22739099795335163
T4-E033,val_cold,raw_width_height,3332700.0,14.804516705456393,2688561.110903161,0.19327838962308005
T4-E033,val_cold,raw_width_height,3332700.0,14.857927745426581,2836064.0341782244,0.14901910337617416
T4-E033,val_cold,raw_width_height,1311000.0,14.026356555119825,1234722.1896894502,0.058182921670899924
T4-E033,val_cold,raw_width_height,2884200.0,15.049691385846932,3435563.0502269943,0.19116671875285846
T4-E033,val_cold,raw_width_height,717600.0,14.082839061769139,1306469.5560648127,0.8206097492541983
T4-E033,val_cold,raw_width_height,1959600.0,14.824784406307987,2743608.015989707,0.4000857399416753
T4-E033,val_cold,raw_width_height,3318900.0,14.745323053010646,2534033.989143523,0.23648377801575132
T4-E033,val_cold,raw_width_height,2898000.0,15.148455308527321,3792194.0270814397,0.3085555649004278
T4-E033,val_cold,raw_width_height,2639940.0,14.414634567123658,1820523.339917257,0.3103921528833015
T4-E033,val_cold,raw_width_height,407100.0,13.822466692252654,1006980.3843868694,1.4735455278478737
T4-E033,val_cold,raw_width_height,1076400.0,14.39012874438138,1776452.1238602793,0.6503642919549232
T4-E033,val_cold,raw_width_height,2159700.0,14.665615653493631,2339892.751271638,0.08343415811068115
T4-E033,val_cold,raw_width_height,22425000.0,16.63908702324695,16836959.921371,0.24918796337253057
T4-E033,val_cold,raw_width_height,1035000.0,14.39012874438138,1776452.1238602793,0.7163788636331201
T4-E033,val_cold,raw_width_height,2898000.0,15.148455308527321,3792194.0270814397,0.3085555649004278
T4-E033,val_cold,raw_width_height,1076400.0,14.39012874438138,1776452.1238602793,0.6503642919549232
T4-E033,val_cold,raw_width_height,514740.0,13.805682265588324,990219.8474497185,0.9237281879195681
T4-E033,val_cold,raw_width_height,4347000.0,15.178119678494172,3906372.212955999,0.10136365011364178
T4-E033,val_cold,raw_width_height,313260.0,13.740903704577935,928108.2972459384,1.9627411646745145
T4-E033,val_cold,raw_width_height,1959600.0,14.824784406307987,2743608.015989707,0.4000857399416753
T4-E033,val_cold,raw_width_height,1108140.0,14.39012874438138,1776452.1238602793,0.603093583717111
T4-E033,val_cold,raw_width_height,1035000.0,14.23288618327181,1517972.5947825445,0.4666401881956952
T4-E033,val_cold,raw_width_height,2159700.0,14.665615653493631,2339892.751271638,0.08343415811068115
T4-E033,val_cold,raw_width_height,1511100.0,14.616847858491198,2228519.1364845443,0.4747661547776747
T4-E033,val_cold,raw_width_height,673440.0,14.103887771180181,1334260.509907282,0.9812611515610625
T4-E033,val_cold,raw_width_height,500940.0,13.925238593043535,1115974.5232608814,1.2277608561122717
T4-E033,val_cold,raw_width_height,1283400.0,14.091454722324947,1317774.283203515,0.02678376437861539
T4-E033,val_cold,raw_width_height,10225800.0,15.661638099886458,6335239.012333151,0.3804651946710134
T4-E033,val_cold,raw_width_height,3788100.0,14.369658638785662,1740457.623782689,0.5405460194338352
T4-E033,val_cold,raw_width_height,6713700.0,14.556689479994725,2098407.9161448367,0.6874438958927511
T4-E033,val_cold,raw_width_height,3788100.0,14.357862109335517,1720046.8887780204,0.5459341388088962
T4-E033,val_cold,raw_width_height,1004640.0,14.326544206071905,1667013.409967006,0.6593141921155896
T4-E033,val_cold,raw_width_height,1004640.0,14.302951147171616,1628143.793958709,0.6206240981433241
T4-E033,val_cold,raw_width_height,1094340.0,14.27562281448336,1584251.817607259,0.447677885855638
T4-E033,val_cold,raw_width_height,471960.0,13.90395857913347,1092477.465433293,1.3147670680424042
T4-E033,val_cold,raw_width_height,442980.0,13.90395857913347,1092477.465433293,1.4662004276339633
T4-E033,val_cold,raw_width_height,2049300.0,14.393512703155379,1782473.747327966,0.1302036074132797
T4-E033,val_cold,raw_width_height,1138500.0,14.091454722324947,1317774.283203515,0.15746533439043917
T4-E033,val_cold,raw_width_height,1759500.0,14.344374546382806,1697003.3976798542,0.03551952391028464
T4-E033,val_cold,raw_width_height,2049300.0,14.393512703155379,1782473.747327966,0.1302036074132797
T4-E033,val_cold,raw_width_height,1138500.0,14.091454722324947,1317774.283203515,0.15746533439043917
T4-E033,val_cold,raw_width_height,1759500.0,14.393512703155379,1782473.747327966,0.013056974895121294
T4-E033,val_cold,raw_width_height,7534800.0,15.178119678494172,3906372.212955999,0.4815559519886395
T4-E033,val_cold,raw_width_height,22425000.0,16.712641853936088,18122083.8356819,0.191880319479068
T4-E033,val_cold,raw_width_height,8452500.0,16.653772165950503,17086037.474026818,1.0214182163888574
T4-E033,val_cold,raw_width_height,3995100.0,15.146529116822533,3784896.564815432,0.052615312554020716
T4-E033,val_cold,raw_width_height,6085800.0,15.178119678494172,3906372.212955999,0.35811689293831556
T4-E033,val_cold,raw_width_height,18078000.0,16.712641853936088,18122083.8356819,0.0024385349973393288
T4-E033,val_cold,raw_width_height,11964600.0,15.707582086480587,6633095.104456004,0.4456066141403805
T4-E033,val_cold,raw_width_height,62734800.0,20.91790571964323,1214873410.7687724,18.365223301401652
T4-E033,val_cold,raw_width_height,2511600.0,14.532669132774673,2048603.9779550652,0.18434305703333922
T4-E033,val_cold,raw_width_height,1380000.0,14.308085992721312,1636525.5619989638,0.18588808840504625
T4-E033,val_cold,raw_width_height,1614600.0,14.316849310999135,1650929.979432796,0.022500916284402265
T4-E033,val_cold,raw_width_height,862500.0,13.954376720532045,1148970.3144761072,0.33213949504476203
T4-E033,val_cold,raw_width_height,30125400.0,18.620857601298177,122161879.13131063,3.055112268428324
T4-E033,val_cold,raw_width_height,1052940.0,13.993259797387239,1194525.743710478,0.1344670576770548
T4-E033,val_cold,raw_width_height,5375100.0,15.330926054298812,4551311.787402187,0.15326007192383648
T4-E033,val_cold,raw_width_height,7562400.0,16.6506621011968,17032981.33787338,1.2523248357496801
T4-E033,val_cold,raw_width_height,2484000.0,15.635329879492069,6170743.42866136,1.4841962273193883
T4-E033,val_cold,raw_width_height,20617200.0,18.6697097623205,128277925.66904317,5.22188879523132
T4-E033,val_cold,raw_width_height,11964600.0,15.707582086480587,6633095.104456004,0.4456066141403805
T4-E033,val_cold,raw_width_height,2194200.0,14.393512703155379,1782473.747327966,0.18764299182938388
T4-E033,val_cold,raw_width_height,1035000.0,14.407476581808064,1807538.5883552663,0.7464140950292427
T4-E033,val_cold,raw_width_height,7617600.0,15.707582086480587,6633095.104456004,0.12924082329657585
T4-E033,val_cold,raw_width_height,3229200.0,15.00491366931266,3285119.771351188,0.017316911727730692
T4-E033,val_cold,raw_width_height,1759500.0,14.344374546382806,1697003.3976798542,0.03551952391028464
T4-E033,val_cold,raw_width_height,2587500.0,15.567032551937444,5763367.815149064,1.2273885275938412
T4-E033,val_cold,raw_width_height,26427000.0,18.15390736778078,76584661.0891484,1.8979702989044689
T4-E033,val_cold,raw_width_height,2339100.0,14.37662747472674,1752628.9481485821,0.250725087363267
T4-E033,val_cold,raw_width_height,586500.0,14.081539536470714,1304772.8685080623,1.2246766726480176
T4-E033,val_cold,raw_width_height,776940.0,13.945188975266944,1138462.2147012192,0.4653154872978856
T4-E033,val_cold,raw_width_height,7631400.0,15.126884588177425,3711269.6070209425,0.5136843034016114
T4-E033,val_cold,raw_width_height,1138500.0,14.094053772921798,1321203.6999240834,0.16047755812392045
T4-E033,val_cold,raw_width_height,3760500.0,15.097050987344769,3602184.3645395734,0.04209962384268756
T4-E033,val_cold,raw_width_height,749340.0,13.872978295617479,1059151.0994034351,0.4134452977332521
T4-E033,val_cold,raw_width_height,2049300.0,14.377605320526504,1754343.5871937415,0.14393032391853733
T4-E033,val_cold,raw_width_height,2049300.0,14.377605320526504,1754343.5871937415,0.14393032391853733
T4-E033,val_cold,raw_width_height,2235600.0,14.417507857267578,1825761.7538242035,0.18332360269090914
T4-E033,val_cold,raw_width_height,862500.0,13.9803880973014,1179248.698291375,0.367244867584203
T4-E033,val_cold,raw_width_height,23349600.0,15.596949732340642,5938396.659978546,0.7456745871458806
T4-E033,val_cold,raw_width_height,23349600.0,15.596949732340642,5938396.659978546,0.7456745871458806
T4-E033,val_cold,raw_width_height,2235600.0,14.67508663788495,2362159.11474678,0.056610804592404786
T4-E033,val_cold,raw_width_height,10791600.0,16.32416429216697,12288375.499951389,0.138698200447699
T4-E033,val_cold,raw_width_height,2463300.0,15.193155272146134,3965550.6145399013,0.6098528861851586
T4-E033,val_cold,raw_width_height,2042400.0,15.304939447947987,4434562.172788097,1.171250574220572
T4-E033,val_cold,raw_width_height,4650600.0,15.850068061524926,7648866.780216971,0.6447053670960675
T4-E033,val_cold,raw_width_height,22369800.0,16.404863192146767,13321145.15723907,0.4045031624225934
T4-E033,val_cold,raw_width_height,6072000.0,15.096934897739487,3601766.212650556,0.40682374626967127
T4-E033,val_cold,raw_width_height,3829500.0,14.62255736232402,2241279.2673806115,0.4147331851728394
T4-E033,val_cold,raw_width_height,690000.0,13.911506018889872,1100754.0675780282,0.5952957501130843
T4-E033,val_cold,raw_width_height,558900.0,14.070174708414882,1290028.2926896226,1.3081558287522324
T4-E033,val_cold,raw_width_height,690000.0,13.890226004979807,1077577.4793668047,0.5617064918359489
T4-E033,val_cold,raw_width_height,3560400.0,15.146529116822533,3784896.564815432,0.06305374812252326
T4-E033,val_cold,raw_width_height,2180400.0,14.3100121844261,1639680.8618417818,0.2479907990085389
T4-E033,val_cold,raw_width_height,1297200.0,14.105187296478608,1335995.542309676,0.029907140232559408
T4-E033,val_cold,raw_width_height,5568300.0,15.720687994227886,6720599.999999999,0.2069392812887235
T4-E033,val_cold,raw_width_height,442980.0,13.868391586176113,1054304.2052010396,1.3800266495124827
T4-E033,val_cold,raw_width_height,732780.0,14.081539536470714,1304772.8685080623,0.780579257769129
T4-E033,val_cold,raw_width_height,2056200.0,15.352294369904586,4649612.170560065,1.2612645513860834
T4-E033,val_cold,raw_width_height,1283400.0,14.091454722324947,1317774.283203515,0.02678376437861539
T4-E033,val_cold,raw_width_height,16311600.0,15.707582086480587,6633095.104456004,0.5933510443821572
T4-E033,val_cold,raw_width_height,485760.0,13.751665659731277,938150.4970467832,0.9313045476094846
T4-E033,val_cold,raw_width_height,5375100.0,15.330926054298812,4551311.787402187,0.15326007192383648
T4-E033,val_cold,raw_width_height,2339100.0,13.975634394561729,1173656.2035837108,0.49824453696562315
T4-E033,val_cold,raw_width_height,6196200.0,15.631053202900342,6144409.505659677,0.008358428446519304
T4-E033,val_cold,raw_width_height,4222800.0,15.39775474176917,4865863.4592480995,0.15228366468885562
T4-E033,val_cold,raw_width_height,1904400.0,14.326971494391666,1667725.8575253906,0.1242775375313009
T4-E033,val_cold,raw_width_height,1614600.0,14.326971494391666,1667725.8575253906,0.032903417270773304
T4-E033,val_cold,raw_width_height,834900.0,13.954376720532045,1148970.3144761072,0.37617716430244014
T4-E033,val_cold,raw_width_height,11419500.0,16.22348925946516,11111478.81551766,0.026973263670242987
T4-E033,val_cold,raw_width_height,6168600.0,15.727834167569421,6768798.5851652175,0.09729899574704431
T4-E033,val_cold,raw_width_height,6127200.0,15.471035169337569,5235825.975665067,0.14547819955851493
T4-E033,val_cold,raw_width_height,4512600.0,15.65006801385903,6262362.1606590925,0.38775033476467946
T4-E033,val_cold,raw_width_height,7424400.0,16.282240602216863,11783851.111187788,0.5871789115871704
T4-E033,val_cold,raw_width_height,1542840.0,14.303470957290985,1628990.3395810265,0.05583880349292633
T4-E033,val_cold,raw_width_height,4512600.0,15.62656747675835,6116909.093085831,0.35551768228644925
T4-E033,val_cold,raw_width_height,4222800.0,15.319988588058779,4501803.211121147,0.06607066664799341
T4-E033,val_cold,raw_width_height,5685600.0,16.04793817344702,9322470.00408325,0.639663360785713
T4-E033,val_cold,raw_width_height,4077900.0,15.393585686993386,4845619.6360803535,0.18826347779012567
T4-E033,val_cold,raw_width_height,964620.0,13.975634394561729,1173656.2035837108,0.21670316143529145
T4-E033,val_cold,raw_width_height,5423400.0,15.659784693797238,6323508.116186286,0.16596749570127342
T4-E033,val_cold,raw_width_height,1080540.0,13.993259797387239,1194525.743710478,0.10548961048223858
T4-E033,val_cold,raw_width_height,8162700.0,16.653772165950503,17086037.474026818,1.0931845435979293
T4-E033,val_cold,raw_width_height,1095720.0,14.071084172507147,1291202.060768886,0.17840512244814916
T4-E033,val_cold,raw_width_height,2049300.0,14.377605320526504,1754343.5871937415,0.14393032391853733
T4-E033,val_cold,raw_width_height,1080540.0,13.993259797387239,1194525.743710478,0.10548961048223858
T4-E033,val_cold,raw_width_height,950820.0,13.954376720532045,1148970.3144761072,0.2083993968112863
T4-E033,val_cold,raw_width_height,5382000.0,15.659784693797238,6323508.116186286,0.17493647643743707
T4-E033,val_cold,raw_width_height,2408100.0,14.478018075670455,1939649.9481693483,0.19453097954015686
T4-E033,val_cold,raw_width_height,13082400.0,17.827535787362244,55258668.79725763,3.223893841898859
T4-E033,val_cold,raw_width_height,2870400.0,14.663990226051673,2336092.514723558,0.1861439120946356
T4-E033,val_cold,raw_width_height,2049300.0,14.391113503269414,1778202.362518514,0.13228792147635093
T4-E033,val_cold,raw_width_height,8452500.0,16.653772165950503,17086037.474026818,1.0214182163888574
T4-E033,val_cold,raw_width_height,2670300.0,14.611857897139561,2217426.6107761096,0.16959644580155428
T4-E033,val_cold,raw_width_height,1052940.0,13.993259797387239,1194525.743710478,0.1344670576770548
T4-E033,val_cold,raw_width_height,1052940.0,13.952334566737525,1146626.3345869314,0.0889759479048487
T4-E033,val_cold,raw_width_height,8148900.0,15.878880748848212,7872456.834341917,0.03392398552664566
T4-E033,val_cold,raw_width_height,862500.0,14.018576470090007,1225153.2180392246,0.4204674991759126
T4-E033,val_cold,raw_width_height,1197840.0,14.062907953751465,1280687.9516630552,0.06916445573954387
T4-E033,val_cold,raw_width_height,1211640.0,14.062907953751465,1280687.9516630552,0.05698718403408209
T4-E033,val_cold,raw_width_height,2049300.0,14.391171724678932,1778305.8949803407,0.13223740058539954
T4-E033,val_cold,raw_width_height,908040.0,13.954376720532045,1148970.3144761072,0.26533006748172683
T4-E033,val_cold,raw_width_height,862500.0,13.9803880973014,1179248.698291375,0.367244867584203
T4-E033,val_cold,raw_width_height,2525400.0,14.611857897139561,2217426.6107761096,0.121950340232791
T4-E033,val_cold,raw_width_height,2152800.0,14.30930186059675,1638516.5710138024,0.23889048169184204
T4-E033,val_cold,raw_width_height,1108140.0,14.095958910021583,1323723.1733182536,0.19454506950227732
T4-E033,val_cold,raw_width_height,1439340.0,14.195841854991285,1462769.1202287215,0.01627768298575842
T4-E033,val_cold,raw_width_height,1121940.0,14.095958910021583,1323723.1733182536,0.17985201821688646
T4-E033,val_cold,raw_width_height,890100.0,13.9825443092913,1181794.1517561418,0.32770941664548003
T4-E033,val_cold,raw_width_height,890100.0,13.99036646121906,1191074.5742766426,0.33813568618879075
T4-E033,val_cold,raw_width_height,890100.0,14.049833619202834,1264052.7927120125,0.4201244722076312
T4-E033,val_cold,raw_width_height,21900600.0,15.608325853831747,6006338.305323501,0.7257454907480388
T4-E033,val_cold,raw_width_height,1338600.0,14.296247262232162,1617265.4097585257,0.2081767591203688
T4-E033,val_cold,raw_width_height,979800.0,13.918972271050425,1109003.3322371803,0.13186704657805706
T4-E033,val_cold,raw_width_height,993600.0,13.925238593043535,1115974.5232608814,0.12316276495660369
T4-E033,val_cold,raw_width_height,993600.0,13.925238593043535,1115974.5232608814,0.12316276495660369
T4-E033,val_cold,raw_width_height,8583600.0,16.23707620328624,11263480.132285427,0.3122093448303075
T4-E033,val_cold,raw_width_height,2477100.0,14.873236043401066,2879813.356960253,0.16257452543710502
T4-E033,val_cold,raw_width_height,2263200.0,14.538008516681511,2059571.5149555898,0.08997370318328482
T4-E033,val_cold,raw_width_height,1524900.0,14.75165267656226,2550124.33957185,0.6723223421679126
T4-E033,val_cold,raw_width_height,6044400.0,15.925390528559243,8247251.31254678,0.3644449924801106
T4-E033,val_cold,raw_width_height,2332200.0,14.950324544349552,3110594.876090006,0.3337599159977729
T4-E033,val_cold,raw_width_height,2332200.0,14.950324544349552,3110594.876090006,0.3337599159977729
T4-E033,val_cold,raw_width_height,2394300.0,14.705180771562747,2434326.7110515856,0.01671750033478913
T4-E033,val_cold,raw_width_height,903900.0,14.429420402826969,1847641.285616081,1.0440770943866369
T4-E033,val_cold,raw_width_height,2925600.0,15.364133100393737,4704984.800014475,0.6082119223456642
T4-E033,val_cold,raw_width_height,26427000.0,18.15583355948557,76732319.99207559,1.9035577247540618
T4-E033,val_cold,raw_width_height,661020.0,13.971898394869736,1169279.6049448017,0.7689020074200503
T4-E033,val_cold,raw_width_height,1062600.0,15.793162859350025,7225759.151753262,5.800074488757069
T4-E033,val_cold,raw_width_height,1062600.0,15.793162859350025,7225759.151753262,5.800074488757069
T4-E033,val_cold,raw_width_height,1062600.0,15.793162859350025,7225759.151753262,5.800074488757069
T4-E033,val_cold,raw_width_height,1062600.0,15.793162859350025,7225759.151753262,5.800074488757069
T4-E033,val_cold,raw_width_height,890100.0,14.021866074125116,1229190.1232783496,0.3809573343201322
T4-E033,val_cold,raw_width_height,890100.0,13.99036646121906,1191074.5742766426,0.33813568618879075
T4-E033,val_cold,raw_width_height,3939900.0,15.066870419117596,3495092.5679349266,0.11289815276151004
T4-E033,val_cold,raw_width_height,890100.0,14.021866074125116,1229190.1232783496,0.3809573343201322
T4-E033,val_cold,raw_width_height,2566800.0,14.416560758828446,1824033.3963084756,0.2893745534095077
T4-E033,val_cold,raw_width_height,2566800.0,14.416560758828446,1824033.3963084756,0.2893745534095077
T4-E033,val_cold,raw_width_height,2639940.0,14.487593141763345,1958311.424478262,0.258198510391046
T4-E033,val_cold,raw_width_height,7452000.0,15.126884588177425,3711269.6070209425,0.5019767032983169
T4-E033,val_cold,raw_width_height,2049300.0,14.386066111077785,1769249.690628536,0.136656570229573
T4-E033,val_cold,raw_width_height,7534800.0,15.135790955173064,3744471.1693388782,0.5030430576340609
T4-E033,val_cold,raw_width_height,8190300.0,14.7809228453406,2625870.0464033945,0.6793926905725803
T4-E033,val_cold,raw_width_height,1614600.0,14.316849310999135,1650929.979432796,0.022500916284402265
T4-E033,val_cold,raw_width_height,6085800.0,15.178119678494172,3906372.212955999,0.35811689293831556
T4-E033,val_cold,raw_width_height,4554000.0,14.72132128500441,2473936.7977021015,0.45675520472066283
T4-E033,val_cold,raw_width_height,4567800.0,14.811051832154325,2706188.7350401096,0.40755095778271605
T4-E033,val_cold,raw_width_height,2339100.0,14.344374546382806,1697003.3976798542,0.27450583656968314
T4-E033,val_cold,raw_width_height,6085800.0,15.187558314845216,3943417.593640243,0.35202970954677393
T4-E033,val_cold,raw_width_height,6741300.0,14.7809228453406,2625870.0464033945,0.6104801675636161
T4-E033,val_cold,raw_width_height,2484000.0,14.344374546382806,1697003.3976798542,0.3168263294364516
T4-E033,val_cold,raw_width_height,14862600.0,15.707582086480587,6633095.104456004,0.5537056030266573
T4-E033,val_cold,raw_width_height,6182400.0,15.755806724110165,6960812.222313878,0.12590777405439282
T4-E033,val_cold,raw_width_height,2484000.0,14.37662747472674,1752628.9481485821,0.2944327906004098
T4-E033,val_cold,raw_width_height,2484000.0,14.37662747472674,1752628.9481485821,0.2944327906004098
T4-E033,val_cold,raw_width_height,4581600.0,15.080961586022832,3544691.130780367,0.22632025257980462
T4-E033,val_cold,raw_width_height,5975400.0,14.49619630225055,1975231.7718165244,0.6694394062629239
T4-E033,val_cold,raw_width_height,10432800.0,15.178119678494172,3906372.212955999,0.6255681875473508
T4-E033,val_cold,raw_width_height,8983800.0,15.178119678494172,3906372.212955999,0.5651759597324073
T4-E033,val_cold,raw_width_height,4498800.0,14.288473858030978,1604742.4879532778,0.6432954370158092
T4-E033,val_cold,raw_width_height,8914800.0,14.791558952677933,2653948.1381715923,0.7022986339377673
T4-E033,val_cold,raw_width_height,6003000.0,14.60607144133492,2204632.6213185843,0.6327448573515602
T4-E033,val_cold,raw_width_height,6016800.0,14.748434712879945,2541931.3215490305,0.5775277021757362
T4-E033,val_cold,raw_width_height,7452000.0,14.579294820555921,2146383.3492858144,0.7119721753508031
T4-E033,val_cold,raw_width_height,4540200.0,14.544850749505574,2073711.9035276372,0.5432553844483421
T4-E033,val_cold,raw_width_height,4077900.0,14.372665597272954,1745698.983933213,0.5719122627006025
T4-E033,val_cold,raw_width_height,3746700.0,14.002679094141525,1205830.4939872846,0.6781619841494423
T4-E033,val_cold,raw_width_height,6796500.0,15.269544357548845,4280345.795129111,0.3702132281131301
T4-E033,val_cold,raw_width_height,6085800.0,15.145229591524107,3779981.1904959097,0.3788850782976914
T4-E033,val_cold,raw_width_height,1283400.0,14.091454722324947,1317774.283203515,0.02678376437861539
T4-E033,val_cold,raw_width_height,1138500.0,14.091454722324947,1317774.283203515,0.15746533439043917
T4-E033,val_cold,raw_width_height,690000.0,13.911506018889872,1100754.0675780282,0.5952957501130843
T4-E033,val_cold,raw_width_height,1138500.0,14.091454722324947,1317774.283203515,0.15746533439043917
T4-E033,val_cold,raw_width_height,1283400.0,14.070174708414882,1290028.2926896226,0.005164635101778567
T4-E033,val_cold,raw_width_height,1904400.0,14.393512703155379,1782473.747327966,0.06402344710776837
T4-E033,val_cold,raw_width_height,1138500.0,14.091454722324947,1317774.283203515,0.15746533439043917
T4-E033,val_cold,raw_width_height,2339100.0,14.344374546382806,1697003.3976798542,0.27450583656968314
T4-E033,val_cold,raw_width_height,9066600.0,15.707582086480587,6633095.104456004,0.2684032487971231
T4-E033,val_cold,raw_width_height,703800.0,14.091454722324947,1317774.283203515,0.8723703938668869
T4-E033,val_cold,raw_width_height,2194200.0,14.393512703155379,1782473.747327966,0.18764299182938388
T4-E033,val_cold,raw_width_height,2194200.0,14.344374546382806,1697003.3976798542,0.22659584464503957
T4-E033,val_cold,raw_width_height,1138500.0,14.070174708414882,1290028.2926896226,0.13309467956927765
T4-E033,val_cold,raw_width_height,1138500.0,14.070174708414882,1290028.2926896226,0.13309467956927765
T4-E033,val_cold,raw_width_height,690000.0,13.890226004979807,1077577.4793668047,0.5617064918359489
T4-E033,val_cold,raw_width_height,703800.0,14.070174708414882,1290028.2926896226,0.8329472757738315
T4-E033,val_cold,raw_width_height,717600.0,14.179133229954063,1438531.3135805107,1.004642298746531
T4-E033,val_cold,raw_width_height,1324800.0,14.393512703155379,1782473.747327966,0.34546629478258295
T4-E033,val_cold,raw_width_height,545100.0,13.890226004979807,1077577.4793668047,0.976843660551834
T4-E033,val_cold,raw_width_height,558900.0,14.091454722324947,1317774.283203515,1.3577997552397836
T4-E033,val_cold,raw_width_height,558900.0,14.091454722324947,1317774.283203515,1.3577997552397836
T4-E033,val_cold,raw_width_height,1138500.0,14.091454722324947,1317774.283203515,0.15746533439043917
T4-E033,val_cold,raw_width_height,2049300.0,14.393512703155379,1782473.747327966,0.1302036074132797
T4-E033,val_cold,raw_width_height,1138500.0,14.070174708414882,1290028.2926896226,0.13309467956927765
T4-E033,val_cold,raw_width_height,1283400.0,14.091454722324947,1317774.283203515,0.02678376437861539
T4-E033,val_cold,raw_width_height,1614600.0,14.37662747472674,1752628.9481485821,0.08548801446090805
T4-E033,val_cold,raw_width_height,1283400.0,14.070174708414882,1290028.2926896226,0.005164635101778567
T4-E033,val_cold,raw_width_height,1904400.0,14.37662747472674,1752628.9481485821,0.07969494426140405
T4-E033,val_cold,raw_width_height,2049300.0,14.37662747472674,1752628.9481485821,0.1447670189095876
T4-E033,val_cold,raw_width_height,1138500.0,14.070174708414882,1290028.2926896226,0.13309467956927765
T4-E033,val_cold,raw_width_height,1904400.0,14.37662747472674,1752628.9481485821,0.07969494426140405
T4-E033,val_cold,raw_width_height,1890600.0,14.246098232837662,1538161.1966757847,0.1864163775120149
T4-E033,val_cold,raw_width_height,703800.0,14.091454722324947,1317774.283203515,0.8723703938668869
T4-E033,val_cold,raw_width_height,1614600.0,14.344374546382806,1697003.3976798542,0.0510364162516129
T4-E033,val_cold,raw_width_height,1759500.0,14.344374546382806,1697003.3976798542,0.03551952391028464
T4-E033,val_cold,raw_width_height,1759500.0,14.344374546382806,1697003.3976798542,0.03551952391028464
T4-E033,val_cold,raw_width_height,545100.0,13.911506018889872,1100754.0675780282,1.0193617090039042
T4-E033,val_cold,raw_width_height,834900.0,14.027361474360722,1235963.6094338528,0.4803732296488835
T4-E033,val_cold,raw_width_height,1573200.0,14.070174708414882,1290028.2926896226,0.17999727136433855
T4-E033,val_cold,raw_width_height,1863000.0,14.070174708414882,1290028.2926896226,0.3075532513743303
T4-E033,val_cold,raw_width_height,1573200.0,14.070174708414882,1290028.2926896226,0.17999727136433855
T4-E033,val_cold,raw_width_height,1573200.0,14.070174708414882,1290028.2926896226,0.17999727136433855
T4-E033,val_cold,raw_width_height,1573200.0,14.070174708414882,1290028.2926896226,0.17999727136433855
T4-E033,val_cold,raw_width_height,1573200.0,14.070174708414882,1290028.2926896226,0.17999727136433855
T4-E033,val_cold,raw_width_height,3560400.0,15.146529116822533,3784896.564815432,0.06305374812252326
T4-E033,val_cold,raw_width_height,1573200.0,14.193242804394432,1458972.2455457824,0.07260853957171219
T4-E033,val_cold,raw_width_height,1573200.0,14.193242804394432,1458972.2455457824,0.07260853957171219
T4-E033,val_cold,raw_width_height,427800.0,14.125769543188406,1363778.2668196387,2.187887486721923
T4-E033,val_cold,raw_width_height,427800.0,14.125769543188406,1363778.2668196387,2.187887486721923
T4-E033,val_cold,raw_width_height,1297200.0,14.103887771180181,1334260.509907282,0.028569619108296297
T4-E033,val_cold,raw_width_height,2339100.0,14.39012874438138,1776452.1238602793,0.24054032582605303
T4-E033,val_cold,raw_width_height,2339100.0,14.37662747472674,1752628.9481485821,0.250725087363267
T4-E033,val_cold,raw_width_height,3243000.0,15.146529116822533,3784896.564815432,0.1670973064494085
T4-E033,val_cold,raw_width_height,2856600.0,14.952112931331053,3116162.800789146,0.09086424448265289
T4-E033,val_cold,raw_width_height,3532800.0,15.107441754889935,3639808.960621691,0.030290126987571005
T4-E033,val_cold,raw_width_height,1021200.0,14.274554593683956,1582560.3904338812,0.5497066102956142
T4-E033,val_cold,raw_width_height,876300.0,14.27562281448336,1584251.817607259,0.8078875015488519
T4-E033,val_cold,raw_width_height,876300.0,14.27562281448336,1584251.817607259,0.8078875015488519
T4-E033,val_cold,raw_width_height,775560.0,14.209948736447283,1483550.4661671554,0.9128764585166272
T4-E033,val_cold,raw_width_height,1021200.0,14.27562281448336,1584251.817607259,0.5513629236263796
T4-E033,val_cold,raw_width_height,891480.0,14.228827403671415,1511823.964988355,0.6958585329882387
T4-E033,val_cold,raw_width_height,891480.0,14.211248261745709,1485479.6307570345,0.6663072988255873
T4-E033,val_cold,raw_width_height,299460.0,13.740903704577935,928108.2972459384,2.0992730155811743
T4-E033,val_cold,raw_width_height,429180.0,13.90395857913347,1092477.465433293,1.5454994767540264
T4-E033,val_cold,raw_width_height,890100.0,14.355739374438638,1716399.5577509422,0.9283221635220112
T4-E033,val_cold,raw_width_height,890100.0,14.407476581808064,1807538.5883552663,1.0307140639874917
T4-E033,val_cold,raw_width_height,2245260.0,14.324778172157734,1664072.005823852,0.2588510881484318
T4-E033,val_cold,raw_width_height,299460.0,13.690222217939313,882242.4800875335,1.946111267239476
T4-E033,val_cold,raw_width_height,342240.0,13.690222217939313,882242.4800875335,1.5778473588345414
T4-E033,val_cold,raw_width_height,3243000.0,15.107441754889935,3639808.960621691,0.12235860642050288
T4-E033,val_cold,raw_width_height,3201600.0,14.952112931331053,3116162.800789146,0.026685781862460577
T4-E033,val_cold,raw_width_height,963240.0,14.226901211966627,1508914.7050036176,0.566499216190791
T4-E033,val_cold,raw_width_height,2352900.0,14.622960569381258,2242183.14921198,0.047055485055897
T4-E033,val_cold,raw_width_height,1918200.0,14.454918598827042,1895358.5723325678,0.011907740416761669
T4-E033,val_cold,raw_width_height,1283400.0,14.091454722324947,1317774.283203515,0.02678376437861539
T4-E033,val_cold,raw_width_height,1283400.0,14.091454722324947,1317774.283203515,0.02678376437861539
T4-E033,val_cold,raw_width_height,6265200.0,15.665074066783692,6357044.123232861,0.014659408036911998
T4-E033,val_cold,raw_width_height,4636800.0,15.238197149112509,4148250.135180993,0.10536358368249805
T4-E033,val_cold,raw_width_height,683100.0,13.952450528827256,1146759.3074825897,0.6787575867114474
T4-E033,val_cold,raw_width_height,1759500.0,14.303470957290985,1628990.3395810265,0.07417428838816342
T4-E033,val_cold,raw_width_height,3912300.0,15.199707086289019,3991617.46447261,0.020273870733995357
T4-E033,val_cold,raw_width_height,2002380.0,14.838862580979738,2782506.1739511336,0.3895994636138663
T4-E033,val_cold,raw_width_height,4650600.0,15.308238319508439,4449215.380058638,0.04330293294227888
T4-E033,val_cold,raw_width_height,3450000.0,15.036910236459889,3391932.026920803,0.016831296544694813
T4-E033,val_cold,raw_width_height,10777800.0,16.587430082783257,15989296.423069708,0.48353990824377036
T4-E033,val_cold,raw_width_height,6113400.0,15.39775474176917,4865863.4592480995,0.20406591107270922
T4-E033,val_cold,raw_width_height,4940400.0,15.308238319508439,4449215.380058638,0.09942203464119549
T4-E033,val_cold,raw_width_height,1542840.0,14.326971494391666,1667725.8575253906,0.08094543667871625
T4-E033,val_cold,raw_width_height,1904400.0,14.391171724678932,1778305.8949803407,0.0662119854125495
T4-E033,val_cold,raw_width_height,11923200.0,18.6697097623205,128277925.66904317,9.758682708420825
T4-E033,val_cold,raw_width_height,3739800.0,15.001659430808868,3274446.5840693377,0.12443270119542818
T4-E033,val_cold,raw_width_height,3795000.0,15.066870419117596,3495092.5679349266,0.07902699132149496
T4-E033,val_cold,raw_width_height,3795000.0,14.997479069410861,3260786.7853097357,0.140767645504681
T4-E033,val_cold,raw_width_height,5471700.0,15.387336658938718,4815433.637838262,0.11993829379566458
T4-E033,val_cold,raw_width_height,19182000.0,19.111952211815044,199625209.07048485,9.406902777107957
T4-E033,val_cold,raw_width_height,2829000.0,14.779460284401548,2622032.3585527674,0.073159293547979
T4-E033,val_cold,raw_width_height,8293800.0,16.231607256811326,11202048.89750225,0.3506533672746207
T4-E033,val_cold,raw_width_height,2352900.0,14.414634567123658,1820523.339917257,0.2262640401558685
T4-E033,val_cold,raw_width_height,1124700.0,13.975634394561729,1173656.2035837108,0.04352823293652603
T4-E033,val_cold,raw_width_height,22066200.0,18.6697097623205,128277925.66904317,4.813321988790239
T4-E033,val_cold,raw_width_height,862500.0,13.95485026975161,1149514.5373198125,0.3327704780519565
T4-E033,val_cold,raw_width_height,2208000.0,14.513575047280966,2009858.8371210594,0.08973784550676657
T4-E033,val_cold,raw_width_height,8293800.0,16.23234071109058,11210268.102039427,0.35164437315095937
T4-E033,val_cold,raw_width_height,3726000.0,14.949777533273497,3108893.8115326585,0.16562162868151944
T4-E033,val_cold,raw_width_height,1108140.0,14.095958910021583,1323723.1733182536,0.19454506950227732
T4-E033,val_cold,raw_width_height,890100.0,14.07296406910508,1293631.670121825,0.45335543211080226
T4-E033,val_cold,raw_width_height,8148900.0,15.884563339483003,7917320.132975416,0.028418543241981585
T4-E033,val_cold,raw_width_height,5671800.0,15.601211322102984,5963757.67112008,0.0514753113861702
T4-E033,val_cold,raw_width_height,26427000.0,18.15583355948557,76732319.99207559,1.9035577247540618
T4-E033,val_cold,raw_width_height,1066740.0,13.938233846027796,1130571.5350210674,0.05983795022317281
T4-E033,val_cold,raw_width_height,1066740.0,13.938233846027796,1130571.5350210674,0.05983795022317281
T4-E033,val_cold,raw_width_height,7300200.0,15.608314560396474,6006270.473513649,0.17724576401829417
T4-E033,val_cold,raw_width_height,7300200.0,15.608314560396474,6006270.473513649,0.17724576401829417
T4-E033,val_cold,raw_width_height,7452000.0,14.687941535135769,2392720.437942085,0.6789156685531287
T4-E033,val_cold,raw_width_height,3739800.0,15.001659430808868,3274446.5840693377,0.12443270119542818
T4-E033,val_cold,raw_width_height,3739800.0,15.001659430808868,3274446.5840693377,0.12443270119542818
T4-E033,val_cold,raw_width_height,3739800.0,15.001659430808868,3274446.5840693377,0.12443270119542818
T4-E033,val_cold,raw_width_height,3739800.0,15.001659430808868,3274446.5840693377,0.12443270119542818
T4-E033,val_cold,raw_width_height,473340.0,13.72150498686978,910277.6909836084,0.9230947965175315
T4-E033,val_cold,raw_width_height,2525400.0,14.414634567123658,1820523.339917257,0.27911485708511247
T4-E033,val_cold,raw_width_height,7741800.0,15.126884588177425,3711269.6070209425,0.5206192865973104
T4-E033,val_cold,raw_width_height,2566800.0,14.416560758828446,1824033.3963084756,0.2893745534095077
T4-E033,val_cold,raw_width_height,2566800.0,14.416560758828446,1824033.3963084756,0.2893745534095077
T4-E033,val_cold,raw_width_height,1380000.0,14.308085992721312,1636525.5619989638,0.18588808840504625
T4-E033,val_cold,raw_width_height,1511100.0,14.616847858491198,2228519.1364845443,0.4747661547776747
T4-E033,val_cold,raw_width_height,1035000.0,14.39012874438138,1776452.1238602793,0.7163788636331201
T4-E033,val_cold,raw_width_height,1108140.0,14.39012874438138,1776452.1238602793,0.603093583717111
T4-E033,val_cold,raw_width_height,1511100.0,14.616847858491198,2228519.1364845443,0.4747661547776747
T4-E033,val_cold,raw_width_height,1987200.0,14.796796561926271,2667884.9474049853,0.34253469575532675
T4-E033,val_cold,raw_width_height,1035000.0,14.39012874438138,1776452.1238602793,0.7163788636331201
T4-E033,val_cold,raw_width_height,890100.0,14.407476581808064,1807538.5883552663,1.0307140639874917
T4-E033,val_cold,raw_width_height,1121940.0,14.416560758828446,1824033.3963084756,0.6257851545612739
T4-E033,val_cold,raw_width_height,1121940.0,14.416560758828446,1824033.3963084756,0.6257851545612739
T4-E033,val_cold,raw_width_height,2463300.0,15.148455308527321,3792194.0270814397,0.5394771351769738
T4-E033,val_cold,raw_width_height,1814700.0,14.796796561926271,2667884.9474049853,0.4701520622719928
T4-E033,val_cold,raw_width_height,1814700.0,14.796796561926271,2667884.9474049853,0.4701520622719928
T4-E033,val_cold,raw_width_height,2898000.0,15.148455308527321,3792194.0270814397,0.3085555649004278
T4-E033,val_cold,raw_width_height,863880.0,13.858100886386216,1043510.3107563403,0.2079343320326206
T4-E033,val_cold,raw_width_height,661020.0,13.800946773392665,985541.7543689103,0.49094090098470594
T4-E033,val_cold,raw_width_height,761760.0,13.981282284198675,1180303.6386126308,0.5494429198338463
T4-E033,val_cold,raw_width_height,6168600.0,15.669082824817721,6382579.122555479,0.03468844187586801
T4-E033,val_cold,raw_width_height,2380500.0,14.676065731150606,2364473.0214088038,0.006732610204241226
T4-E033,val_cold,raw_width_height,6168600.0,15.669082824817721,6382579.122555479,0.03468844187586801
T4-E033,val_cold,raw_width_height,3753600.0,15.001659430808868,3274446.5840693377,0.1276516986175038
T4-E033,val_cold,raw_width_height,6168600.0,15.669082824817721,6382579.122555479,0.03468844187586801
T4-E033,val_cold,raw_width_height,3753600.0,15.001659430808868,3274446.5840693377,0.1276516986175038
T4-E033,val_cold,raw_width_height,3753600.0,15.001659430808868,3274446.5840693377,0.1276516986175038
T4-E033,val_cold,raw_width_height,3739800.0,15.001659430808868,3274446.5840693377,0.12443270119542818
T4-E033,val_cold,raw_width_height,1080540.0,14.105423301810834,1336310.881590904,0.23670653709340142
T4-E033,val_cold,raw_width_height,5526900.0,15.793850052729471,7230726.352121954,0.30827884566790675
T4-E033,val_cold,raw_width_height,11557500.0,16.29986600504237,11993387.390092839,0.03771467792280671
T4-E033,val_cold,raw_width_height,11681700.0,16.652592513005487,17065893.763231777,0.46090840915549763
T4-E033,val_cold,raw_width_height,3739800.0,15.001659430808868,3274446.5840693377,0.12443270119542818
T4-E033,val_cold,raw_width_height,2231460.0,14.170701972025071,1426453.6714407746,0.3607531968125019
T4-E033,val_cold,raw_width_height,4393920.0,14.813419578252155,2712603.8945949273,0.3826460439436933
T4-E033,val_cold,raw_width_height,4393920.0,14.813419578252155,2712603.8945949273,0.3826460439436933
T4-E033,val_cold,raw_width_height,1407600.0,14.405550390103276,1804060.2735462987,0.2816569149945288
T4-E033,val_cold,raw_width_height,4305600.0,14.940306548882178,3079588.5208005286,0.2847481138980564
T4-E033,val_cold,raw_width_height,4347000.0,15.135790955173064,3744471.1693388782,0.13860796656570548
T4-E033,val_cold,raw_width_height,5375100.0,15.37603043160819,4761295.874070751,0.11419399191256896
T4-E033,val_cold,raw_width_height,4347000.0,15.178119678494172,3906372.212955999,0.10136365011364178
T4-E033,val_cold,raw_width_height,1773300.0,14.303382848565928,1628846.8176419358,0.08146009268486112
T4-E033,val_cold,raw_width_height,1773300.0,14.303382848565928,1628846.8176419358,0.08146009268486112
T4-E033,val_cold,raw_width_height,1773300.0,14.303382848565928,1628846.8176419358,0.08146009268486112
T4-E033,val_cold,raw_width_height,2829000.0,14.813188273753132,2711976.529669003,0.04136566643018625
T4-E033,val_cold,raw_width_height,6186540.0,15.385442815274205,4806322.589525094,0.22310005438822117
T4-E033,val_cold,raw_width_height,7493400.0,16.07205683560461,9550048.92618583,0.2744613828416779
T4-E033,val_cold,raw_width_height,7493400.0,16.07205683560461,9550048.92618583,0.2744613828416779
T4-E033,val_cold,raw_width_height,645840.0,13.822698042666175,1007213.3766655963,0.5595400976489475
T4-E033,val_cold,raw_width_height,661020.0,13.808281362099676,992796.8719176336,0.5019165409785386
T4-E033,val_cold,raw_width_height,957720.0,14.192285238358068,1457575.8519516895,0.5219227456372316
T4-E033,val_cold,raw_width_height,661020.0,13.808281362099676,992796.8719176336,0.5019165409785386
T4-E033,val_cold,raw_width_height,964620.0,14.210621595339347,1484549.0221961208,0.5389987997305891
T4-E033,val_cold,raw_width_height,659640.0,13.998239460551224,1200488.9145234707,0.819915278824011
T4-E033,val_cold,raw_width_height,659640.0,13.941968364514757,1134801.5689732085,0.7203346809975267
T4-E033,val_cold,raw_width_height,1101240.0,14.381704926184462,1761550.4666780655,0.5996063225800602
T4-E033,val_cold,raw_width_height,903900.0,14.20932207004092,1482621.06617016,0.6402489945460338
T4-E033,val_cold,raw_width_height,903900.0,14.20932207004092,1482621.06617016,0.6402489945460338
T4-E033,val_cold,raw_width_height,4664400.0,15.38541046723393,4806167.116923025,0.03039343043543111
T4-E033,val_cold,raw_width_height,1090200.0,14.388202552676592,1773033.6299096372,0.6263379470827712
T4-E033,val_cold,raw_width_height,485760.0,13.751665659731277,938150.4970467832,0.9313045476094846
T4-E033,val_cold,raw_width_height,1090200.0,14.388202552676592,1773033.6299096372,0.6263379470827712
T4-E033,val_cold,raw_width_height,2753100.0,15.18291457263064,3925147.831754485,0.42571930977969746
T4-E033,val_cold,raw_width_height,17512200.0,14.830998720177861,2760710.7431553295,0.8423550014758094
T4-E033,val_cold,raw_width_height,487140.0,13.90395857913347,1092477.465433293,1.2426355163470317
T4-E033,val_cold,raw_width_height,500940.0,13.90395857913347,1092477.465433293,1.1808549236101988
T4-E033,val_cold,raw_width_height,3676320.0,15.18862653564462,3947632.285044234,0.07379996437857253
T4-E033,val_cold,raw_width_height,529920.0,13.925238593043535,1115974.5232608814,1.105930184293632
T4-E033,val_cold,raw_width_height,891480.0,14.227759182872012,1510209.8654447566,0.6940479488544404
T4-E033,val_cold,raw_width_height,12185400.0,16.32416429216697,12288375.499951389,0.008450727916308754
T4-E033,val_cold,raw_width_height,22383600.0,16.358523961139305,12717937.558967868,0.43181894069908916
T4-E033,val_cold,raw_width_height,1283400.0,14.088136758093825,1313409.200865242,0.02338257820261955
T4-E033,val_cold,raw_width_height,1642200.0,14.405406935967639,1803801.492201191,0.09840548788283456
T4-E033,val_cold,raw_width_height,2435700.0,15.028296062255125,3362838.8204271067,0.3806457365139823
T4-E033,val_cold,raw_width_height,22397400.0,16.536167418819552,15190296.88002213,0.32178302481439225
T4-E033,val_cold,raw_width_height,3270600.0,15.309018526852382,4452688.045096171,0.36142849785854925
T4-E033,val_cold,raw_width_height,3118800.0,14.71354993456656,2454785.4800715037,0.21290705397219967
T4-E033,val_cold,raw_width_height,3132600.0,14.850273596439337,2814439.2427865504,0.10156443759607021
T4-E033,val_cold,raw_width_height,1614600.0,14.145290871087376,1390662.5845829921,0.13869529011334564
T4-E033,val_cold,raw_width_height,3118800.0,14.724232142560597,2481148.5664468273,0.20445409566281028
T4-E033,val_cold,raw_width_height,3160200.0,14.660138894596372,2327112.7512613996,0.26361852058053303
T4-E033,val_cold,raw_width_height,3105000.0,14.595162629675063,2180713.4016076666,0.297676843282555
T4-E033,val_cold,raw_width_height,3105000.0,14.595162629675063,2180713.4016076666,0.297676843282555
T4-E033,val_cold,raw_width_height,407100.0,13.810207553804464,994711.0319446152,1.443407103769627
T4-E033,val_cold,raw_width_height,313260.0,13.740903704577935,928108.2972459384,1.9627411646745145
T4-E033,val_cold,raw_width_height,498180.0,13.90395857913347,1092477.465433293,1.1929372223559618
T4-E033,val_cold,raw_width_height,500940.0,13.925238593043535,1115974.5232608814,1.2277608561122717
T4-E033,val_cold,raw_width_height,420900.0,13.810207553804464,994711.0319446152,1.3632953954493114
T4-E033,val_cold,raw_width_height,673440.0,13.902032387428681,1090375.1697639443,0.6191125709253154
T4-E033,val_cold,raw_width_height,284280.0,13.690222217939313,882242.4800875335,2.1034278883056614
T4-E033,val_cold,raw_width_height,471960.0,13.90395857913347,1092477.465433293,1.3147670680424042
T4-E033,val_cold,raw_width_height,673440.0,13.899664641330851,1087796.4922421044,0.615283458425553
T4-E033,val_cold,raw_width_height,2787600.0,14.959216169624542,3138376.448740946,0.1258345705054334
T4-E033,val_cold,raw_width_height,1159200.0,14.062907953751465,1280687.9516630552,0.10480327093086199
T4-E033,val_cold,raw_width_height,1352400.0,14.308085992721312,1636525.5619989638,0.2100898861275982
T4-E033,val_cold,raw_width_height,7769400.0,15.878880748848212,7872456.834341917,0.013264452125249978
T4-E033,val_cold,raw_width_height,1914060.0,15.038978270249162,3398953.9152119383,0.7757823240713135
T4-E033,val_cold,raw_width_height,1449000.0,14.149707963721633,1396818.856444206,0.03601183130144507
T4-E033,val_cold,raw_width_height,659640.0,14.103887771180181,1334260.509907282,1.0227101296271937
T4-E033,val_cold,raw_width_height,4485000.0,15.224630336247314,4092351.6414605486,0.08754701416710176
T4-E033,val_cold,raw_width_height,5299200.0,15.061298010621554,3475670.6481074453,0.34411408361498996
T4-E033,val_cold,raw_width_height,814200.0,14.101961579475393,1331692.9419889373,0.6355845516936101
T4-E033,val_cold,raw_width_height,834900.0,13.971898394869736,1169279.6049448017,0.4005025810813291
T4-E033,val_cold,raw_width_height,1352400.0,14.308085992721312,1636525.5619989638,0.2100898861275982
T4-E033,val_cold,raw_width_height,538200.0,13.97370820285694,1171397.6926009513,1.1765100196970482
T4-E033,val_cold,raw_width_height,1186800.0,14.674139539445818,2359922.976624834,0.9884757133677401
T4-E033,val_cold,raw_width_height,703800.0,14.204763800917117,1475878.259780086,1.0970137251777297
T4-E033,val_cold,raw_width_height,1393800.0,14.624627625575782,2245924.1118512335,0.6113675648236716
T4-E033,val_cold,raw_width_height,1173000.0,14.513268881321476,2009243.5809518069,0.7129101286886674
T4-E033,val_cold,raw_width_height,814200.0,14.062907953751465,1280687.9516630552,0.5729402501388544
T4-E033,val_cold,raw_width_height,883200.0,14.183189455521225,1444378.1711438766,0.6353919510234111
T4-E033,val_cold,raw_width_height,2635800.0,15.199707086289019,3991617.46447261,0.5143855620580507
T4-E033,val_cold,raw_width_height,738300.0,13.975634394561729,1173656.2035837108,0.589673850174334
T4-E033,val_cold,raw_width_height,1449000.0,14.544033960830506,2072018.8106731432,0.4299646726522728
T4-E033,val_cold,raw_width_height,5009400.0,15.352294369904586,4649612.170560065,0.0718225395137013
T4-E033,val_cold,raw_width_height,6058200.0,15.09129528806724,3581510.8270004485,0.4088160135022864
T4-E033,val_cold,raw_width_height,12392400.0,17.065525090782085,25790714.72622787,1.081171905863906
T4-E033,val_cold,raw_width_height,1600800.0,14.58212674344093,2152470.356311869,0.3446216618639861
T4-E033,val_cold,raw_width_height,634800.0,13.855352892791968,1040646.6875180542,0.6393300055419883
T4-E033,val_cold,raw_width_height,883200.0,14.206689992621905,1478723.8239125612,0.6742796919299832
T4-E033,val_cold,raw_width_height,1600800.0,14.58212674344093,2152470.356311869,0.3446216618639861
T4-E033,val_cold,raw_width_height,1545600.0,14.511641371582089,2005976.17704207,0.2978624333864325
T4-E033,val_cold,raw_width_height,952200.0,14.09007316395315,1315954.9581516737,0.38201528896416054
T4-E033,val_cold,raw_width_height,1600800.0,14.58212674344093,2152470.356311869,0.3446216618639861
T4-E033,val_cold,raw_width_height,579600.0,13.706060687243857,896327.0954674842,0.5464580667140859
T4-E033,val_cold,raw_width_height,1173000.0,14.513268881321476,2009243.5809518069,0.7129101286886674
T4-E033,val_cold,raw_width_height,510600.0,13.706060687243857,896327.0954674842,0.7554388865403138
T4-E033,val_cold,raw_width_height,510600.0,13.706060687243857,896327.0954674842,0.7554388865403138
T4-E033,val_cold,raw_width_height,510600.0,13.706060687243857,896327.0954674842,0.7554388865403138
T4-E033,val_cold,raw_width_height,952200.0,14.146549241737025,1392413.6550797888,0.4623121771474362
T4-E033,val_cold,raw_width_height,1090200.0,14.32472863132067,1663989.5683457782,0.5263158763032271
T4-E033,val_cold,raw_width_height,1021200.0,14.134798973186685,1376148.1697556912,0.34757948468046534
T4-E033,val_cold,raw_width_height,1242000.0,14.513268881321476,2009243.5809518069,0.6177484548726303
T4-E033,val_cold,raw_width_height,1090200.0,14.303470957290985,1628990.3395810265,0.494212382664673
T4-E033,val_cold,raw_width_height,1945800.0,14.610049845990556,2213421.012299333,0.13753777998732283
T4-E033,val_cold,raw_width_height,1876800.0,14.730331347760316,2496327.84439395,0.3300979563053868
T4-E033,val_cold,raw_width_height,1821600.0,14.640814925499587,2282575.401460706,0.25306071665607477
T4-E033,val_cold,raw_width_height,1435200.0,14.303470957290985,1628990.3395810265,0.1350267137548958
T4-E033,val_cold,raw_width_height,634800.0,13.993259797387239,1194525.743710478,0.8817355761034626
T4-E033,val_cold,raw_width_height,2083800.0,14.621800114540896,2239582.7060637446,0.07475895290514666
T4-E033,val_cold,raw_width_height,1449000.0,14.424137899555253,1837906.8482150508,0.2683967206453076
T4-E033,val_cold,raw_width_height,1159200.0,14.292106129235153,1610581.9467111453,0.38939091331189213
T4-E033,val_cold,raw_width_height,1449000.0,14.385990813741047,1769116.4758542303,0.22092234358470003
T4-E033,val_cold,raw_width_height,634800.0,13.872978295617479,1059151.0994034351,0.6684799927590346
T4-E033,val_cold,raw_width_height,4485000.0,16.100428941429044,9824884.318276333,1.190609658478558
T4-E033,val_cold,raw_width_height,1159200.0,14.303470957290985,1628990.3395810265,0.40527116941082336
T4-E033,val_cold,raw_width_height,745200.0,13.954376720532045,1148970.3144761072,0.5418281192647708
T4-E033,val_cold,raw_width_height,910800.0,13.975634394561729,1173656.2035837108,0.28859925733828595
T4-E033,val_cold,raw_width_height,745200.0,13.954376720532045,1148970.3144761072,0.5418281192647708
T4-E033,val_cold,raw_width_height,745200.0,13.954376720532045,1148970.3144761072,0.5418281192647708
T4-E033,val_cold,raw_width_height,848700.0,14.062907953751465,1280687.9516630552,0.5089995895641042
T4-E033,val_cold,raw_width_height,4126200.0,15.6925833619184,6534349.518073381,0.5836240410240369
T4-E033,val_cold,raw_width_height,1304100.0,14.303470957290985,1628990.3395810265,0.24912992836517633
T4-E033,val_cold,raw_width_height,1186800.0,14.326971494391666,1667725.8575253906,0.40522906768233113
T4-E033,val_cold,raw_width_height,1545600.0,14.303470957290985,1628990.3395810265,0.053953377058117535
T4-E033,val_cold,raw_width_height,1449000.0,14.435502727611086,1858913.4858402119,0.2828940551002152
T4-E033,val_cold,raw_width_height,1614600.0,14.544033960830506,2072018.8106731432,0.2833016293033217
T4-E033,val_cold,raw_width_height,3187800.0,15.199707086289019,3991617.46447261,0.2521542959008125
T4-E033,val_cold,raw_width_height,1304100.0,14.303470957290985,1628990.3395810265,0.24912992836517633
T4-E033,val_cold,raw_width_height,4167600.0,15.308238319508439,4449215.380058638,0.06757255496176164
T4-E033,val_cold,raw_width_height,931500.0,13.975634394561729,1173656.2035837108,0.25996371828632403
T4-E033,val_cold,raw_width_height,2290800.0,14.827112312429398,2750002.317664246,0.20045500159954865
T4-E033,val_cold,raw_width_height,1186800.0,14.315221225841325,1648244.3116778363,0.38881387906794435
T4-E033,val_cold,raw_width_height,2166600.0,14.99973323910408,3268145.442772595,0.508421232702204
T4-E033,val_cold,raw_width_height,3594900.0,15.631053202900342,6144409.505659677,0.7092017874376693
T4-E033,val_cold,raw_width_height,1211640.0,14.103223708250638,1333374.7710900058,0.10047107316530138
T4-E033,val_cold,raw_width_height,2346000.0,14.787578762477017,2643405.9137448943,0.12677148923482282
T4-E033,val_cold,raw_width_height,924600.0,13.975634394561729,1173656.2035837108,0.2693664326018936
T4-E033,val_cold,raw_width_height,966000.0,13.993259797387239,1194525.743710478,0.23656909286798972
T4-E033,val_cold,raw_width_height,6679200.0,16.653772165950503,17086037.474026818,1.5580963998722628
T4-E033,val_cold,raw_width_height,966000.0,13.975634394561729,1173656.2035837108,0.21496501406181245
T4-E033,val_cold,raw_width_height,11205600.0,14.411909668710797,1815569.3513807994,0.8379766053240524
T4-E033,val_cold,raw_width_height,1731900.0,14.391171724678932,1778305.8949803407,0.02679478894875035
T4-E033,val_cold,raw_width_height,1731900.0,14.391171724678932,1778305.8949803407,0.02679478894875035
T4-E033,val_cold,raw_width_height,966000.0,13.993259797387239,1194525.743710478,0.23656909286798972
T4-E033,val_cold,raw_width_height,1738800.0,14.542107769125717,2068031.5465781724,0.1893441146642353
T4-E033,val_cold,raw_width_height,731400.0,14.018576470090007,1225153.2180392246,0.6750795980848026
T4-E033,val_cold,raw_width_height,731400.0,14.018576470090007,1225153.2180392246,0.6750795980848026
T4-E033,val_cold,raw_width_height,993600.0,14.071084172507147,1291202.060768886,0.29951898225532003
T4-E033,val_cold,raw_width_height,993600.0,14.048161896654022,1261941.4124682436,0.27006985956948837
T4-E033,val_cold,raw_width_height,993600.0,14.048161896654022,1261941.4124682436,0.27006985956948837
T4-E033,val_cold,raw_width_height,938400.0,13.993259797387239,1194525.743710478,0.2729387720699894
T4-E033,val_cold,raw_width_height,966000.0,13.993259797387239,1194525.743710478,0.23656909286798972
T4-E033,val_cold,raw_width_height,4650600.0,15.242489449487465,4166093.93887835,0.10418140909165485
T4-E033,val_cold,raw_width_height,1849200.0,14.567534497931186,2121289.0364514817,0.1471387824202259
T4-E033,val_cold,raw_width_height,1683600.0,14.377605320526504,1754343.5871937415,0.04201923686964924
T4-E033,val_cold,raw_width_height,938400.0,13.954376720532045,1148970.3144761072,0.22439291823967097
T4-E033,val_cold,raw_width_height,855600.0,13.954376720532045,1148970.3144761072,0.3428825554886714
T4-E033,val_cold,raw_width_height,1849200.0,14.544033960830506,2072018.8106731432,0.12049470618275106
T4-E033,val_cold,raw_width_height,2049300.0,14.377605320526504,1754343.5871937415,0.14393032391853733
T4-E033,val_cold,raw_width_height,1697400.0,14.435502727611086,1858913.4858402119,0.09515346167091543
T4-E033,val_cold,raw_width_height,3988200.0,15.361765001082155,4693856.110869818,0.17693598888466436
T4-E033,val_cold,raw_width_height,1932000.0,14.417507857267578,1825761.7538242035,0.054988740256623446
T4-E033,val_cold,raw_width_height,1932000.0,14.417507857267578,1825761.7538242035,0.054988740256623446
T4-E033,val_cold,raw_width_height,1683600.0,14.391171724678932,1778305.8949803407,0.05625201650055876
T4-E033,val_cold,raw_width_height,15814800.0,16.789940964281918,19578468.301148955,0.23798393284448457
T4-E033,val_cold,raw_width_height,966000.0,13.993259797387239,1194525.743710478,0.23656909286798972
T4-E033,val_cold,raw_width_height,2387400.0,14.544033960830506,2072018.8106731432,0.1321023663093142
T4-E033,val_cold,raw_width_height,1159200.0,14.082082477039986,1305481.4749802537,0.12619174860270335
T4-E033,val_cold,raw_width_height,1159200.0,14.082082477039986,1305481.4749802537,0.12619174860270335
T4-E033,val_cold,raw_width_height,1090200.0,14.103223708250638,1333374.7710900058,0.22305519270776533
T4-E033,val_cold,raw_width_height,7507200.0,16.653772165950503,17086037.474026818,1.2759534145922338
T4-E033,val_cold,raw_width_height,1035000.0,13.993259797387239,1194525.743710478,0.15413115334345706
T4-E033,val_cold,raw_width_height,1821600.0,14.391113503269414,1778202.362518514,0.023823911660894797
T4-E033,val_cold,raw_width_height,2758302.0,14.487593141763345,1958311.424478262,0.2900300893527025
T4-E033,val_cold,raw_width_height,2758302.0,14.489724113251391,1962488.9798333468,0.2885155505693913
T4-E033,val_cold,raw_width_height,2242527.0,14.799268208190604,2674487.1710885586,0.19262206033129528
T4-E033,val_cold,raw_width_height,7235878.0,15.716086057254634,6689743.27718087,0.0754759440138612
T4-E033,val_cold,raw_width_height,1499618.0,14.211248261745709,1485479.6307570345,0.009427980487674513
T4-E033,val_cold,raw_width_height,3645532.0,14.743599625553303,2529670.526524468,0.30609016008514867
T4-E033,val_cold,raw_width_height,17744688.0,16.376691919382388,12951108.221296132,0.27014167725596916
T4-E033,val_cold,raw_width_height,2772102.0,14.69959626841593,2420770.0945891156,0.12673844808411971
T4-E033,val_cold,raw_width_height,17813688.0,16.537993260092353,15218057.286347521,0.14570990092857125
T4-E033,val_cold,raw_width_height,1141963.0,14.022702990425497,1230219.2831290448,0.07728471336553357
T4-E033,val_cold,raw_width_height,1141260.0,14.022702990425497,1230219.2831290448,0.07794830549484325
T4-E033,val_cold,raw_width_height,5406205.0,14.94930363084018,3107420.8482384607,0.42521216856584965
T4-E033,val_cold,raw_width_height,3645532.0,14.881492929670232,2903690.0863929563,0.20349345818581313
T4-E033,val_cold,raw_width_height,1843472.0,14.3100121844261,1639680.8618417818,0.11054745510548478
T4-E033,val_cold,raw_width_height,8666400.0,15.52712977964179,5537921.343949973,0.3609894138338903
T4-E033,val_cold,raw_width_height,10046400.0,15.607015035098048,5998470.242480637,0.4029234111243195
T4-E033,val_cold,raw_width_height,1311000.0,13.983263222925569,1182644.0651552968,0.09790689156727932
T4-E033,val_cold,raw_width_height,15525000.0,18.222981586683968,82061669.25734366,4.2857757975744715
T4-E033,val_cold,raw_width_height,2056200.0,14.30930186059675,1638516.5710138024,0.20313365868407623
T4-E033,val_cold,raw_width_height,11247000.0,14.65333536861144,2311333.9159106226,0.794493294575387
T4-E033,val_cold,raw_width_height,2746200.0,15.07216104211091,3513632.786445674,0.2794526205104049
T4-E033,val_cold,raw_width_height,2746200.0,14.974526622504012,3186796.1312770657,0.16043847180724846
T4-E033,val_cold,raw_width_height,5188800.0,15.57817699442381,5827956.570643509,0.12318003597045729
T4-E033,val_cold,raw_width_height,16311600.0,16.422109706082107,13552881.046978854,0.16912620178407675
T4-E033,val_cold,raw_width_height,745200.0,14.018576470090007,1225153.2180392246,0.6440596055276766
T4-E033,val_cold,raw_width_height,1145400.0,14.086408490852145,1311141.239154947,0.14470162314907192
T4-E033,val_cold,raw_width_height,1145400.0,14.062907953751465,1280687.9516630552,0.11811415371316154
T4-E033,val_cold,raw_width_height,828000.0,13.9803880973014,1179248.698291375,0.42421340373354477
T4-E033,val_cold,raw_width_height,745200.0,13.954376720532045,1148970.3144761072,0.5418281192647708
T4-E033,val_cold,raw_width_height,1890600.0,14.391171724678932,1778305.8949803407,0.05939601450315205
T4-E033,val_cold,raw_width_height,1117800.0,14.601424250834969,2194411.0427520634,0.9631517648524454
T4-E033,val_cold,raw_width_height,1159200.0,14.062907953751465,1280687.9516630552,0.10480327093086199
T4-E033,val_cold,raw_width_height,1104000.0,14.130063480991025,1369646.8364935033,0.24062213450498487
T4-E033,val_cold,raw_width_height,1324800.0,14.104955991979585,1335686.5562663742,0.008217509259038486
T4-E033,val_cold,raw_width_height,1407600.0,14.104955991979585,1335686.5562663742,0.05108940305031672
T4-E033,val_cold,raw_width_height,1145400.0,14.062907953751465,1280687.9516630552,0.11811415371316154
T4-E033,val_cold,raw_width_height,1145400.0,14.062907953751465,1280687.9516630552,0.11811415371316154
T4-E033,val_cold,raw_width_height,1145400.0,14.086408490852145,1311141.239154947,0.14470162314907192
T4-E033,val_cold,raw_width_height,2332200.0,14.544033960830506,2072018.8106731432,0.11156041048231573
T4-E033,val_cold,raw_width_height,1145400.0,14.086408490852145,1311141.239154947,0.14470162314907192
T4-E033,val_cold,raw_width_height,371220.0,13.810417803698483,994920.1918208117,1.6801362852777644
T4-E033,val_cold,raw_width_height,7631400.0,16.044998143043735,9295101.910065431,0.2180074311483386
T4-E033,val_cold,raw_width_height,1504200.0,14.21619739810125,1492849.6946852035,0.007545742131895034
T4-E033,val_cold,raw_width_height,4857600.0,14.954039123035841,3122170.9122564155,0.35726059942020433
T4-E033,val_cold,raw_width_height,1145400.0,14.086408490852145,1311141.239154947,0.14470162314907192
T4-E033,val_cold,raw_width_height,1076400.0,13.975634394561729,1173656.2035837108,0.0903532177477804
T4-E033,val_cold,raw_width_height,2056200.0,14.30930186059675,1638516.5710138024,0.20313365868407623
T4-E033,val_cold,raw_width_height,1145400.0,14.062907953751465,1280687.9516630552,0.11811415371316154
T4-E033,val_cold,raw_width_height,4733400.0,15.384675269031566,4802634.93008621,0.01462689189297553
T4-E033,val_cold,raw_width_height,3919200.0,16.653404680968904,17079759.765412543,3.3579709546367993
T4-E033,val_cold,raw_width_height,1766400.0,15.085570677928509,3561066.6471195333,1.0160024043928517
T4-E033,val_cold,raw_width_height,1642200.0,14.21619739810125,1492849.6946852035,0.09094525959980301
T4-E033,val_cold,raw_width_height,869400.0,13.954376720532045,1148970.3144761072,0.3215669593698036
T4-E033,val_cold,raw_width_height,745200.0,13.9803880973014,1179248.698291375,0.5824593374817164
T4-E033,val_cold,raw_width_height,1021200.0,13.975634394561729,1173656.2035837108,0.1492912295179307
T4-E033,val_cold,raw_width_height,1821600.0,14.377605320526504,1754343.5871937415,0.03692161440835449
T4-E033,val_cold,raw_width_height,1145400.0,14.086408490852145,1311141.239154947,0.14470162314907192
T4-E033,val_cold,raw_width_height,1145400.0,14.086408490852145,1311141.239154947,0.14470162314907192
T4-E033,val_cold,raw_width_height,2056200.0,14.30930186059675,1638516.5710138024,0.20313365868407623
T4-E033,val_cold,raw_width_height,2704800.0,14.779460284401548,2622032.3585527674,0.030600281517018844
T4-E033,val_cold,raw_width_height,1145400.0,14.062907953751465,1280687.9516630552,0.11811415371316154
T4-E033,val_cold,raw_width_height,1007400.0,13.975634394561729,1173656.2035837108,0.16503494499077906
T4-E033,val_cold,raw_width_height,1007400.0,13.975634394561729,1173656.2035837108,0.16503494499077906
T4-E033,val_cold,raw_width_height,1959600.0,14.391171724678932,1778305.8949803407,0.09251587314740727
T4-E033,val_cold,raw_width_height,2111400.0,14.513268881321476,2009243.5809518069,0.048383261839629224
T4-E033,val_cold,raw_width_height,1007400.0,13.975634394561729,1173656.2035837108,0.16503494499077906
T4-E033,val_cold,raw_width_height,16918800.0,15.328627517226021,4540862.442233201,0.7316084803748965
T4-E033,val_cold,raw_width_height,11247000.0,14.677012829589739,2366713.470912392,0.7895693544134088
T4-E033,val_cold,raw_width_height,5409600.0,15.718946914536419,6708909.080190335,0.24018579565778161
T4-E033,val_cold,raw_width_height,1435200.0,14.149707963721633,1396818.856444206,0.026742714294728197
T4-E033,val_cold,raw_width_height,2097600.0,14.39012874438138,1776452.1238602793,0.15310253439155258
T4-E033,val_cold,raw_width_height,1269600.0,14.388202552676592,1773033.6299096372,0.3965293241254231
T4-E033,val_cold,raw_width_height,8183400.0,16.23707620328624,11263480.132285427,0.37638147130598865
T4-E033,val_cold,raw_width_height,8583600.0,16.23707620328624,11263480.132285427,0.3122093448303075
T4-E033,val_cold,raw_width_height,4981800.0,14.857927745426581,2836064.0341782244,0.43071499574888106
T4-E033,val_cold,raw_width_height,1462800.0,14.75165267656226,2550124.33957185,0.7433171585807014
T4-E033,val_cold,raw_width_height,2277000.0,14.93507874671807,3063531.0504767355,0.34542426459233
T4-E033,val_cold,raw_width_height,4388400.0,15.61098040675171,6022303.629233608,0.3723233135615732
T4-E033,val_cold,raw_width_height,661020.0,13.971898394869736,1169279.6049448017,0.7689020074200503
T4-E033,val_cold,raw_width_height,1242000.0,14.082839061769139,1306469.5560648127,0.051907855124647906
T4-E033,val_cold,raw_width_height,1242000.0,14.082839061769139,1306469.5560648127,0.051907855124647906
T4-E033,val_cold,raw_width_height,11237436.0,16.31075763709239,12124728.915973319,0.07895866245407927
T4-E033,val_cold,raw_width_height,772800.0,13.78264281036616,967666.5273492894,0.25215647948924613
T4-E033,val_cold,raw_width_height,772800.0,13.78264281036616,967666.5273492894,0.25215647948924613
T4-E033,val_cold,raw_width_height,4554000.0,15.36173300625563,4693705.93416027,0.03067763156791168
T4-E033,val_cold,raw_width_height,848700.0,14.091454722324947,1317774.283203515,0.5526973997920526
T4-E033,val_cold,raw_width_height,992220.0,14.091454722324947,1317774.283203515,0.3281069553158725
T4-E033,val_cold,raw_width_height,545100.0,13.890226004979807,1077577.4793668047,0.976843660551834
T4-E033,val_cold,raw_width_height,545100.0,13.911506018889872,1100754.0675780282,1.0193617090039042
T4-E033,val_cold,raw_width_height,558900.0,14.082839061769139,1306469.5560648127,1.3375730113881064
T4-E033,val_cold,raw_width_height,1504200.0,14.070174708414882,1290028.2926896226,0.1423824672984825
T4-E033,val_cold,raw_width_height,1545600.0,14.344374546382806,1697003.3976798542,0.09795768483427418
T4-E033,val_cold,raw_width_height,3146400.0,14.90470595533672,2971881.9263218436,0.05546595273269653
T4-E033,val_cold,raw_width_height,1269600.0,13.971898394869736,1169279.6049448017,0.07901732439760424
T4-E033,val_cold,raw_width_height,821100.0,13.709078578010615,899036.1985653699,0.09491681715426858
T4-E033,val_cold,raw_width_height,7424400.0,15.879032376724963,7873650.60875897,0.06051002219155355
T4-E033,val_cold,raw_width_height,717600.0,14.211248261745709,1485479.6307570345,1.0700663750794794
T4-E033,val_cold,raw_width_height,485760.0,13.751665659731277,938150.4970467832,0.9313045476094846
T4-E033,val_cold,raw_width_height,442980.0,13.925238593043535,1115974.5232608814,1.5192435849493915
T4-E033,val_cold,raw_width_height,2539200.0,14.785663038369462,2638346.724862202,0.039046441738422366
T4-E033,val_cold,raw_width_height,471960.0,14.082839061769139,1306469.5560648127,1.7681785661174945
T4-E033,val_cold,raw_width_height,2325300.0,14.223262388992948,1503434.0091981373,0.3534451429070927
T4-E033,val_cold,raw_width_height,1035000.0,14.476091883965667,1935917.4064784572,0.8704516004622774
T4-E033,val_cold,raw_width_height,538200.0,13.97370820285694,1171397.6926009513,1.1765100196970482
T4-E033,val_cold,raw_width_height,538200.0,13.97370820285694,1171397.6926009513,1.1765100196970482
T4-E033,val_cold,raw_width_height,193200.0,13.585730889242804,794708.6823948881,3.113398977199214
T4-E033,val_cold,raw_width_height,524400.0,13.587657080947592,796240.9188835036,0.5183846660631267
T4-E033,val_cold,raw_width_height,600300.0,13.952450528827256,1146759.3074825897,0.9103103572923367
T4-E033,val_cold,raw_width_height,655500.0,13.943011892476212,1135986.3842275417,0.7330074511480423
T4-E033,val_cold,raw_width_height,538200.0,13.85342670108718,1038644.131773233,0.9298478851230638
T4-E033,val_cold,raw_width_height,1738800.0,14.70490461895485,2433654.5581945083,0.3996172982485095
T4-E033,val_cold,raw_width_height,1035000.0,14.513268881321476,2009243.5809518069,0.9412981458471564
T4-E033,val_cold,raw_width_height,883200.0,14.303470957290985,1628990.3395810265,0.8444184098517057
T4-E033,val_cold,raw_width_height,1738800.0,14.874113386630757,2882341.0503769713,0.6576610595680764
T4-E033,val_cold,raw_width_height,1738800.0,14.754217325355505,2556672.9066799306,0.470366290936238
T4-E033,val_cold,raw_width_height,1738800.0,14.838862580979738,2782506.1739511336,0.6002450965902539
T4-E033,val_cold,raw_width_height,966000.0,14.193013532366777,1458637.7823637454,0.509977000376548
T4-E033,val_cold,raw_width_height,800400.0,13.952450528827256,1146759.3074825897,0.43273276796925253
T4-E033,val_cold,raw_width_height,1311000.0,14.459003264711766,1903116.3119332774,0.4516524118484191
T4-E033,val_cold,raw_width_height,2290800.0,14.874113386630757,2882341.0503769713,0.25822465967215436
T4-E033,val_cold,raw_width_height,2263200.0,14.974526622504012,3186796.1312770657,0.40809302371733197
T4-E033,val_cold,raw_width_height,1738800.0,14.676065731150606,2364473.0214088038,0.3598303550775269
T4-E033,val_cold,raw_width_height,1449000.0,14.542107769125717,2068031.5465781724,0.4272129375970824
T4-E033,val_cold,raw_width_height,2014800.0,14.838862580979738,2782506.1739511336,0.3810334395230959
T4-E033,val_cold,raw_width_height,1159200.0,14.326971494391666,1667725.8575253906,0.43868690262714854
T4-E033,val_cold,raw_width_height,1186800.0,14.315221225841325,1648244.3116778363,0.38881387906794435
T4-E033,val_cold,raw_width_height,1449000.0,14.435502727611086,1858913.4858402119,0.2828940551002152
T4-E033,val_cold,raw_width_height,6679200.0,16.653772165950503,17086037.474026818,1.5580963998722628
T4-E033,val_cold,raw_width_height,4319400.0,15.75859924707845,6980277.61645316,0.6160294523436495
T4-E033,val_cold,raw_width_height,6706800.0,16.653772165950503,17086037.474026818,1.5475692541937762
T4-E033,val_cold,raw_width_height,9991200.0,17.821379647507886,54919533.65669972,4.496790541346357
T4-E033,val_cold,raw_width_height,1932000.0,14.417507857267578,1825761.7538242035,0.054988740256623446
T4-E033,val_cold,raw_width_height,8790600.0,15.670545946607625,6391924.448153085,0.2728682401482168
T4-E033,val_cold,raw_width_height,8790600.0,15.681910774663457,6464981.926958479,0.26455737640678917
T4-E033,val_cold,raw_width_height,8293800.0,16.30798400238854,12091145.942057779,0.45785357038483915
T4-E033,val_cold,raw_width_height,7079400.0,16.231607256811326,11202048.89750225,0.5823443932398578
T4-E033,val_cold,raw_width_height,1145400.0,14.086408490852145,1311141.239154947,0.14470162314907192
T4-E033,val_cold,raw_width_height,2056200.0,14.30930186059675,1638516.5710138024,0.20313365868407623
T4-E033,val_cold,raw_width_height,2049300.0,14.391171724678932,1778305.8949803407,0.13223740058539954
T4-E033,val_cold,raw_width_height,1173000.0,14.078334874072503,1300598.2047249414,0.10877937316704298
T4-E033,val_cold,raw_width_height,2704800.0,14.822416660210157,2737119.533386876,0.011948954964091938
T4-E033,val_cold,raw_width_height,1173000.0,14.078334874072503,1300598.2047249414,0.10877937316704298
T4-E033,val_cold,raw_width_height,5409600.0,15.601211322102984,5963757.67112008,0.10243967596866314
T4-E033,val_cold,raw_width_height,1173000.0,14.105187296478608,1335995.542309676,0.138956131551301
T4-E033,val_cold,raw_width_height,676200.0,13.954376720532045,1148970.3144761072,0.6991575191897474
T4-E033,val_cold,raw_width_height,952200.0,14.325045302686878,1664516.5896376122,0.7480745532846169
T4-E033,val_cold,raw_width_height,1380000.0,14.489768344220796,1962575.7845430842,0.42215636561093056
T4-E033,val_cold,raw_width_height,1242000.0,14.511342689616688,2005377.1176035432,0.6146353603893263
T4-E033,val_cold,raw_width_height,772800.0,13.993259797387239,1194525.743710478,0.5457113660849872
T4-E033,val_cold,raw_width_height,814200.0,13.954376720532045,1148970.3144761072,0.41116471932707843
T4-E033,val_cold,raw_width_height,6624000.0,15.517568229095621,5485222.571577441,0.17191688231016894
T4-E033,val_cold,raw_width_height,3036000.0,15.988811764761408,8787244.72384828,1.8943493820317125
T4-E033,val_cold,raw_width_height,29449200.0,15.779582689666084,7128295.401370274,0.7579460426303508
T4-E033,val_cold,raw_width_height,4678200.0,15.458233432887877,5169225.521720015,0.10496035263990754
T4-E033,val_cold,raw_width_height,4567800.0,14.811051832154325,2706188.7350401096,0.40755095778271605
T4-E033,val_cold,raw_width_height,2297700.0,14.092522943124349,1319182.709222805,0.4258681685064173
T4-E033,val_cold,raw_width_height,1380000.0,14.436882000068818,1861479.2030173077,0.3488979732009476
T4-E033,val_cold,raw_width_height,4719600.0,15.18862653564462,3947632.285044234,0.16356634353669086
T4-E033,val_cold,raw_width_height,5892600.0,15.665074066783692,6357044.123232861,0.07881819964580339
T4-E033,val_cold,raw_width_height,1807800.0,14.808482941965215,2699245.755043557,0.49311082810242113
T4-E033,val_cold,raw_width_height,1697400.0,14.501904053265644,1986538.1392369343,0.17034178109870052
T4-E033,val_cold,raw_width_height,1725000.0,14.501904053265644,1986538.1392369343,0.1516163126011213
T4-E033,val_cold,raw_width_height,1600800.0,14.315606666335833,1648879.7342313244,0.030034816486334583
T4-E033,val_cold,raw_width_height,1373100.0,14.075043662796313,1296324.6976127333,0.05591384632384142
T4-E033,val_cold,raw_width_height,1338600.0,14.075043662796313,1296324.6976127333,0.03158172896105383
T4-E033,val_cold,raw_width_height,1145400.0,13.756714505546402,942899.0515304208,0.17679496112238452
T4-E033,val_cold,raw_width_height,772800.0,13.756714505546402,942899.0515304208,0.2201074683364658
T4-E033,val_cold,raw_width_height,1725000.0,14.501904053265644,1986538.1392369343,0.1516163126011213
T4-E033,val_cold,raw_width_height,1414500.0,14.075043662796313,1296324.6976127333,0.08354563618753387
T4-E033,val_cold,raw_width_height,28359000.0,16.65648686879687,17132484.004330266,0.39587136343558427
T4-E033,val_cold,raw_width_height,1090200.0,13.878918291298236,1065461.1747157343,0.022692006314681417
T4-E033,val_cold,raw_width_height,1393800.0,14.223397997978688,1503637.9021838002,0.0788046363781032
T4-E033,val_cold,raw_width_height,2428800.0,14.726699076556143,2487276.952247037,0.024076479021342675
T4-E033,val_cold,raw_width_height,1048800.0,13.993259797387239,1194525.743710478,0.13894521711525368
T4-E033,val_cold,raw_width_height,1449000.0,14.476091883965667,1935917.4064784572,0.33603685747305534
T4-E033,val_cold,raw_width_height,1683600.0,14.405550390103276,1804060.2735462987,0.07154922401181915
T4-E033,val_cold,raw_width_height,717600.0,13.923312401338745,1113827.0113152447,0.5521558128696276
T4-E033,val_cold,raw_width_height,1035000.0,14.101961579475393,1331692.9419889373,0.2866598473323066
T4-E033,val_cold,raw_width_height,717600.0,13.923312401338745,1113827.0113152447,0.5521558128696276
T4-E033,val_cold,raw_width_height,717600.0,13.923312401338745,1113827.0113152447,0.5521558128696276
T4-E033,val_cold,raw_width_height,2001000.0,14.504314312783666,1991331.986582279,0.004831590913403812
T4-E033,val_cold,raw_width_height,2470200.0,14.610862887186013,2215221.346538999,0.10322186602744753
T4-E033,val_cold,raw_width_height,1035000.0,14.101961579475393,1331692.9419889373,0.2866598473323066
T4-E033,val_cold,raw_width_height,1035000.0,14.101961579475393,1331692.9419889373,0.2866598473323066
T4-E033,val_cold,raw_width_height,3256800.0,14.8228582146032,2738328.387408885,0.15919663859958083
T4-E033,val_cold,raw_width_height,1683600.0,14.405550390103276,1804060.2735462987,0.07154922401181915
T4-E033,val_cold,raw_width_height,1035000.0,14.101961579475393,1331692.9419889373,0.2866598473323066
T4-E033,val_cold,raw_width_height,3256800.0,14.794870370221483,2662751.03558647,0.18240265426600658
T4-E033,val_cold,raw_width_height,1338600.0,14.130063480991025,1369646.8364935033,0.02319351299380196
T4-E033,val_cold,raw_width_height,12972000.0,16.72874217418758,18416216.65158781,0.4196898436314994
T4-E033,val_cold,raw_width_height,12972000.0,16.894308158800065,21732255.833793905,0.6753203695493297
T4-E033,val_cold,raw_width_height,10384500.0,16.48547029906826,14439387.867286557,0.3904750221278403
T4-E033,val_cold,raw_width_height,10384500.0,16.407983291895743,13362773.367213035,0.2867998812858621
T4-E033,val_cold,raw_width_height,138165600.0,14.275043004034705,1583333.518095663,0.9885403203250616
T4-E033,val_cold,raw_width_height,5216400.0,15.552355632475148,5679397.053302425,0.08875796589648512
T4-E033,val_cold,raw_width_height,12972000.0,16.894308158800065,21732255.833793905,0.6753203695493297
T4-E033,val_cold,raw_width_height,7845300.0,16.12770933379692,10096600.427314652,0.2869616748007918
T4-E033,val_cold,raw_width_height,1018440.0,13.88286176121689,1069671.0841777073,0.05030348786154051
T4-E033,val_cold,raw_width_height,1435200.0,14.315221225841325,1648244.3116778363,0.14844224615233859
T4-E033,val_cold,raw_width_height,5837400.0,15.363082080496136,4700042.365125427,0.19483976340058468
T4-E033,val_cold,raw_width_height,3960600.0,15.051532014754882,3441892.470162015,0.1309669064884071
T4-E033,val_cold,raw_width_height,1385520.0,14.396111753752232,1787112.5123660914,0.2898496682589146
T4-E033,val_cold,raw_width_height,5210880.0,15.297444701450358,4401450.490301749,0.1553345134983441
T4-E033,val_cold,raw_width_height,2677200.0,14.73223479749747,2501084.004092666,0.06578365303575906
T4-E033,val_cold,raw_width_height,1407600.0,14.58212674344093,2152470.356311869,0.5291775762374743
T4-E033,val_cold,raw_width_height,1449000.0,14.405195930772614,1803420.9208682186,0.2445969088117451
T4-E033,val_cold,raw_width_height,710700.0,13.815404448364841,999893.8960299916,0.40691416354297394
T4-E033,val_cold,raw_width_height,2139000.0,14.664700903094774,2337753.312119722,0.09291879949496115
T4-E033,val_cold,raw_width_height,3850200.0,15.86751592079238,7783494.196113492,1.021581786949637
T4-E033,val_cold,raw_width_height,4278000.0,15.76934554799012,7055694.27946677,0.6492974005298667
T4-E033,val_cold,raw_width_height,4609200.0,15.659784693797238,6323508.116186286,0.371931813804193
T4-E033,val_cold,raw_width_height,814200.0,13.954376720532045,1148970.3144761072,0.41116471932707843
T4-E033,val_cold,raw_width_height,15373200.0,16.317387326166315,12205379.146367563,0.20606125293578675
T4-E033,val_cold,raw_width_height,12640800.0,15.794261302846865,7233700.600721226,0.42774977843797657
T4-E033,val_cold,raw_width_height,1366200.0,14.309775409816316,1639292.6730039935,0.19989216293660772
T4-E033,val_cold,raw_width_height,5533800.0,15.30880952950619,4451757.542351014,0.19553335097925223
T4-E033,val_cold,raw_width_height,7548600.0,15.721314660634249,6724812.8941523535,0.10913111117924469
T4-E033,val_cold,raw_width_height,2495040.0,14.544033960830506,2072018.8106731432,0.16954485271853628
T4-E033,val_cold,raw_width_height,2495040.0,14.544033960830506,2072018.8106731432,0.16954485271853628
T4-E033,val_cold,raw_width_height,1642200.0,14.356412233330703,1717554.8410834558,0.045886518745253825
T4-E033,val_cold,raw_width_height,1642200.0,14.328424388948987,1670150.6484030858,0.017020246256902793
T4-E033,val_cold,raw_width_height,10087800.0,15.521962226548494,5509377.655409874,0.4538573667786956
T4-E033,val_cold,raw_width_height,14531400.0,16.656697118690886,17136086.485973854,0.1792453917705007
T4-E033,val_cold,raw_width_height,7341600.0,15.607600393509909,6001982.52536725,0.18246941737942005
T4-E033,val_cold,raw_width_height,1516620.0,14.3100121844261,1639680.8618417818,0.08114152644814242
T4-E033,val_cold,raw_width_height,3007020.0,14.795728341126868,2665036.5788278854,0.11372834938647383
T4-E033,val_cold,raw_width_height,3007020.0,14.797585107274898,2669989.52533945,0.11208122149521778
T4-E033,val_cold,raw_width_height,1516620.0,14.30930186059675,1638516.5710138024,0.08037383854479199
T4-E033,val_cold,raw_width_height,1516620.0,14.30930186059675,1638516.5710138024,0.08037383854479199
T4-E033,val_cold,raw_width_height,4428420.0,15.06632340804154,3493181.23639585,0.21119016796151904
T4-E033,val_cold,raw_width_height,959100.0,14.082839061769139,1306469.5560648127,0.3621828339743642
T4-E033,val_cold,raw_width_height,2993220.0,14.743599625553303,2529670.526524468,0.15486648942461034
T4-E033,val_cold,raw_width_height,959100.0,14.103887771180181,1334260.509907282,0.3911589092975518
T4-E033,val_cold,raw_width_height,4469820.0,15.190552727349408,3955243.5095907594,0.11512241889141858
T4-E033,val_cold,raw_width_height,1516620.0,14.30930186059675,1638516.5710138024,0.08037383854479199
T4-E033,val_cold,raw_width_height,14484480.0,16.376691919382388,12951108.221296132,0.10586308785015881
T4-E033,val_cold,raw_width_height,4469820.0,15.190552727349408,3955243.5095907594,0.11512241889141858
T4-E033,val_cold,raw_width_height,4456020.0,15.109367946594723,3646826.687022071,0.18159552986250715
T4-E033,val_cold,raw_width_height,3007020.0,14.882959838228734,2907952.6598703233,0.03294535458017464
T4-E033,val_cold,raw_width_height,2993220.0,14.881492929670232,2903690.0863929563,0.02991090317686093
T4-E033,val_cold,raw_width_height,21321234.0,16.9421456279029,22797139.554151785,0.06922233272951203
T4-E033,val_cold,raw_width_height,14622480.0,16.732409445583833,18483877.906402934,0.26407270903450947
T4-E033,val_cold,raw_width_height,14622480.0,16.733838923412105,18510319.094093874,0.26588096506843395
T4-E033,val_cold,raw_width_height,15732000.0,16.376691919382388,12951108.221296132,0.17676657632239184
T4-E033,val_cold,raw_width_height,15773400.0,16.32259636758154,12269123.350793116,0.22216368374648993
T4-E033,val_cold,raw_width_height,17250000.0,16.760504394994072,19010545.22468367,0.10206059273528513
T4-E033,val_cold,raw_width_height,1338600.0,13.94301153926246,1135985.9829816,0.15136263037382333
T4-E033,val_cold,raw_width_height,1352400.0,13.897086645339002,1084995.7689230503,0.19772569585695782
T4-E033,val_cold,raw_width_height,1338600.0,13.807002891406253,991528.4212236563,0.2592795299389988
T4-E033,val_cold,raw_width_height,2332200.0,14.405550390103276,1804060.2735462987,0.22645558976661576
T4-E033,val_cold,raw_width_height,5935380.0,14.214271206396461,1489976.9476058087,0.7489668820520659
T4-E033,val_cold,raw_width_height,17912400.0,16.786820635831656,19517472.2628236,0.0896067675366562
T4-E033,val_cold,raw_width_height,55641600.0,16.0739830273094,9568461.878953226,0.828034027077704
T4-E033,val_cold,raw_width_height,69441600.0,16.0739830273094,9568461.878953226,0.8622085050034385
T4-E033,val_cold,raw_width_height,20989800.0,15.294267848253686,4387489.915331552,0.7909703801212231
T4-E033,val_cold,raw_width_height,2097600.0,14.328404652764947,1670117.6863277883,0.20379591612901016
T4-E033,val_cold,raw_width_height,2097600.0,14.328404652764947,1670117.6863277883,0.20379591612901016
T4-E033,val_cold,raw_width_height,3995100.0,15.046301679849503,3423937.2167616403,0.14296582895005375
T4-E033,val_cold,raw_width_height,2097600.0,14.328404652764947,1670117.6863277883,0.20379591612901016
T4-E033,val_cold,raw_width_height,2263200.0,14.5253308767096,2033625.8213774965,0.10143786612871313
T4-E033,val_cold,raw_width_height,2967000.0,14.695182513758915,2410108.9544467106,0.18769499344566543
T4-E033,val_cold,raw_width_height,2097600.0,14.387922911432867,1772537.8858986683,0.15496858986524203
T4-E033,val_cold,raw_width_height,3995100.0,15.046301679849503,3423937.2167616403,0.14296582895005375
T4-E033,val_cold,raw_width_height,3995100.0,15.046301679849503,3423937.2167616403,0.14296582895005375
T4-E033,val_cold,raw_width_height,1159200.0,14.07254245451271,1293086.3710936422,0.1154989398668411
T4-E033,val_cold,raw_width_height,828000.0,14.018576470090007,1225153.2180392246,0.479653644974909
T4-E033,val_cold,raw_width_height,828000.0,13.954376720532045,1148970.3144761072,0.3876453073382938
T4-E033,val_cold,raw_width_height,6734400.0,16.52662843203652,15046085.74640856,1.2342132552875622
T4-E033,val_cold,raw_width_height,2111400.0,15.049933182565722,3436393.858539048,0.6275427955569992
T4-E033,val_cold,raw_width_height,3443100.0,15.693089604286978,6537658.320107752,0.8987709680542977
T4-E033,val_cold,raw_width_height,2125200.0,15.098003118538891,3605615.7499453444,0.6966006728521289
T4-E033,val_cold,raw_width_height,6706800.0,16.30649604733005,12073168.238614643,0.8001384026084933
T4-E033,val_cold,raw_width_height,1440720.0,14.73223479749747,2501084.004092666,0.7359958937841259
T4-E033,val_cold,raw_width_height,841800.0,13.90754884226929,1096406.796449548,0.30245521079775256
T4-E033,val_cold,raw_width_height,418140.0,13.90754884226929,1096406.796449548,1.622104549790855
T4-E033,val_cold,raw_width_height,1407600.0,13.94301153926246,1135985.9829816,0.19296250143393
T4-E033,val_cold,raw_width_height,3933000.0,15.596949732340642,5938396.659978546,0.5098898194707719
T4-E033,val_cold,raw_width_height,2346000.0,15.260701292111715,4242661.2860356355,0.8084660213280629
T4-E033,val_cold,raw_width_height,680340.0,14.031623064123064,1241242.0185170034,0.8244436877399586
T4-E033,val_cold,raw_width_height,1407600.0,15.673291672447787,6409499.036738499,3.553494626838945
T4-E033,val_cold,raw_width_height,2221800.0,14.237455072130935,1524923.9106618993,0.3136538344306872
T4-E033,val_cold,raw_width_height,2760000.0,16.623533512995845,16577112.103814289,5.006200037613873
T4-E033,val_cold,raw_width_height,28110600.0,15.884563339483003,7917320.132975416,0.71835107991379
T4-E033,val_cold,raw_width_height,124890000.0,16.73627992293972,18555557.965827916,0.8514247900886547
T4-E033,val_cold,raw_width_height,5740800.0,15.14281812212529,3770876.8633420337,0.3431443590889713
T4-E033,val_cold,raw_width_height,33630600.0,16.58714324180155,15984710.69530566,0.5246974274825409
T4-E033,val_cold,raw_width_height,5685600.0,14.393430308926202,1782326.8878277985,0.6865191206156257
T4-E033,val_cold,raw_width_height,5699400.0,15.14281812212529,3770876.8633420337,0.33837301060777736
T4-E033,val_cold,raw_width_height,3256800.0,15.572687300643148,5796050.5310259275,0.7796765324938367
T4-E033,val_cold,raw_width_height,1559400.0,14.427770170759429,1844594.7631431601,0.18288749720607936
T4-E033,val_cold,raw_width_height,2332200.0,15.450162935802393,5127675.193637892,1.1986429952996707
T4-E033,val_cold,raw_width_height,3215400.0,15.57456117692545,5806921.795167932,0.8059718215985359
T4-E033,val_cold,raw_width_height,1766400.0,14.4722031453412,1928403.7484807803,0.09171407862363014
T4-E033,val_cold,raw_width_height,1780200.0,14.962307378051758,3148092.8344165804,0.7683927841908664
T4-E033,val_cold,raw_width_height,1766400.0,15.085570677928509,3561066.6471195333,1.0160024043928517
T4-E033,val_cold,raw_width_height,17250000.0,15.300738197045627,4415970.545848791,0.7440017074870267
T4-E033,val_cold,raw_width_height,17250000.0,15.340059961879442,4593073.482026755,0.7337348706071446
T4-E033,val_cold,raw_width_height,11040000.0,14.063365274963417,1281273.7713729222,0.8839425931727426
T4-E033,val_cold,raw_width_height,17250000.0,15.340059961879442,4593073.482026755,0.7337348706071446
T4-E033,val_cold,raw_width_height,5520000.0,14.416744486323282,1824368.552182608,0.6694984506915564
T4-E033,val_cold,raw_width_height,17250000.0,15.340059961879442,4593073.482026755,0.7337348706071446
T4-E033,val_cold,raw_width_height,17250000.0,15.340059961879442,4593073.482026755,0.7337348706071446
T4-E033,val_cold,raw_width_height,5520000.0,14.416744486323282,1824368.552182608,0.6694984506915564
T4-E033,val_cold,raw_width_height,5520000.0,14.416744486323282,1824368.552182608,0.6694984506915564
T4-E033,val_cold,raw_width_height,17250000.0,15.340059961879442,4593073.482026755,0.7337348706071446
T4-E033,val_cold,raw_width_height,14352000.0,14.5935215964469,2177137.7131687407,0.8483042284581424
T4-E033,val_cold,raw_width_height,38640.0,14.04715729063139,1260674.2951085016,31.62614635373969
T4-E033,val_cold,raw_width_height,5520000.0,13.73848395035687,925865.2182205162,0.8322707938006312
T4-E033,val_cold,raw_width_height,38640000.0,15.250434385825692,4199325.125029587,0.891321813534431
T4-E033,val_cold,raw_width_height,29808000.0,14.702656721377497,2428190.0960856136,0.9185389795999189
T4-E033,val_cold,raw_width_height,22080000.0,14.346947795626953,1701375.833661327,0.9229449350696863
T4-E033,val_cold,raw_width_height,33120000.0,13.571858706551689,783760.4518637636,0.976335735149041
T4-E033,val_cold,raw_width_height,131100.0,14.206401890987355,1478297.862524875,10.276108791188978
T4-E033,val_cold,raw_width_height,3174000.0,14.290429526906514,1607883.903673462,0.49342032020369814
T4-E033,val_cold,raw_width_height,44160000.0,14.559329930415077,2103955.9796790206,0.9523560693007469
T4-E033,val_cold,raw_width_height,44160000.0,14.576951273379787,2141359.088244609,0.9515090786176492
T4-E033,val_cold,raw_width_height,110400.0,14.18503747499928,1447049.878060677,12.107335851998887
T4-E033,val_cold,raw_width_height,33120000.0,16.182985371942294,10670413.456259089,0.6778256806685058
T4-E033,val_cold,raw_width_height,4416000.0,13.77515666431943,960449.4820336543,0.7825069107713646
T4-E033,val_cold,raw_width_height,22080000.0,14.055207117154628,1270863.4599700256,0.9424427780810676
T4-E033,val_cold,raw_width_height,4692000.0,15.046889255373976,3425949.62963192,0.2698317072395738
T4-E033,val_cold,raw_width_height,11040000.0,13.998389010042107,1200668.4604546155,0.8912437988718646
T4-E033,val_cold,raw_width_height,4692000.0,14.392078505790385,1779919.1605051055,0.6206480902589289
T4-E033,val_cold,raw_width_height,5520000.0,14.120519387956968,1356636.982047976,0.7542324307884102
T4-E033,val_cold,raw_width_height,49680000.0,15.529812826898828,5552799.79949571,0.8882286674819704
T4-E033,val_cold,raw_width_height,75900.0,14.146051716046493,1391721.0658193002,17.336245926472994
T4-E033,val_cold,raw_width_height,33120000.0,15.322685791598705,4513961.880510192,0.8637088804193782
T4-E033,val_cold,raw_width_height,3450000.0,14.856402109175093,2831740.5309613645,0.1792056431996045
T4-E033,val_cold,raw_width_height,5244000.0,14.859235601461751,2839775.6242251233,0.45847146753906876
T4-E033,val_cold,raw_width_height,22080000.0,14.095622904140553,1323278.4692629362,0.94006890990657
T4-E033,val_cold,raw_width_height,22080000.0,15.116527777764684,3673031.047863881,0.8336489561655851
T4-E033,val_cold,raw_width_height,27600000.0,15.07291592883145,3516286.182557754,0.8725983267189219
T4-E033,val_cold,raw_width_height,3036000.0,14.675872031648947,2364015.0685169245,0.22133891023816715
T4-E033,val_cold,raw_width_height,35328000.0,15.267594722223366,4272008.811441408,0.8790758375384565
T4-E033,val_cold,raw_width_height,3450000.0,15.402430178184007,4888666.760608434,0.4170048581473721
T4-E033,val_cold,raw_width_height,4692000.0,14.575610078543706,2138489.0335747325,0.5442265486839871
T4-E033,val_cold,raw_width_height,22080000.0,13.924707576235955,1115382.0793449588,0.9494845072760436
T4-E033,val_cold,raw_width_height,6900000.0,14.586113781603144,2161069.468869187,0.6868015262508425
T4-E033,val_cold,raw_width_height,6900000.0,14.43513284165348,1858226.0269939215,0.7306918801458085
T4-E033,val_cold,raw_width_height,5244000.0,14.554792673631686,2094431.4151756584,0.600604230515702
T4-E033,val_cold,raw_width_height,14352000.0,14.573587208491963,2134167.5205560024,0.8512982496825527
T4-E033,val_cold,raw_width_height,5520000.0,14.416744486323282,1824368.552182608,0.6694984506915564
T4-E033,val_cold,raw_width_height,4140000.0,14.362803441965259,1728567.2462177153,0.5824716796575566
T4-E033,val_cold,raw_width_height,11040000.0,14.372055621926156,1744634.4752851056,0.8419715149198274
T4-E033,val_cold,raw_width_height,2760000.0,14.113916596155088,1347708.8980809392,0.5116996746083554
T4-E033,val_cold,raw_width_height,5244000.0,14.554792673631686,2094431.4151756584,0.600604230515702
T4-E033,val_cold,raw_width_height,27600000.0,15.703713211555712,6607482.067897909,0.7605984758008004
T4-E033,val_cold,raw_width_height,20700000.0,15.74148277635842,6861816.608349709,0.6685112749589512
T4-E033,val_cold,raw_width_height,7176000.0,15.290939006008674,4372908.935906526,0.390620270916036
T4-E033,val_cold,raw_width_height,4416000.0,14.944693265414053,3093127.476745873,0.2995635242876193
T4-E033,val_cold,raw_width_height,27600000.0,14.21434621491308,1490088.7127580622,0.9460112785232587
T4-E033,val_cold,raw_width_height,22080000.0,14.617746068501253,2230521.7139134435,0.8989799948408767
T4-E033,val_cold,raw_width_height,22080000.0,14.750347649215126,2546798.528179539,0.8846558637599847
T4-E033,val_cold,raw_width_height,4692000.0,14.502979664635154,1988676.0318101237,0.5761560034505279
T4-E033,val_cold,raw_width_height,6900000.0,15.101182511085744,3617097.6608664314,0.4757829477005172
T4-E033,val_cold,raw_width_height,1324800.0,14.347310134362038,1701992.4197285622,0.2847165003989751
T4-E033,val_cold,raw_width_height,3450000.0,14.856402109175093,2831740.5309613645,0.1792056431996045
T4-E033,val_cold,raw_width_height,16560000.0,13.704671292460588,895082.6080193218,0.9459491178732293
T4-E033,val_cold,raw_width_height,8832000.0,14.106094106939565,1337207.5865073581,0.8485951555132067
T4-E033,val_cold,raw_width_height,4416000.0,14.801534477392146,2680555.152236627,0.3929902282072856
T4-E033,val_cold,raw_width_height,2346000.0,14.381396297796348,1761006.88608347,0.24935767856629584
T4-E033,val_cold,raw_width_height,5796000.0,14.872566860327044,2877886.879260458,0.5034701726603764
T4-E033,val_cold,raw_width_height,22080000.0,15.171915856844064,3882212.7942962106,0.82417514518586
T4-E033,val_cold,raw_width_height,13800000.0,14.818272803399772,2725800.7698320537,0.8024782050846337
T4-E033,val_cold,raw_width_height,15870000.0,15.328369736242314,4539692.045105504,0.7139450507179896
T4-E033,val_cold,raw_width_height,4830000.0,16.303013710061954,12031198.513694683,1.4909313692949655
T4-E033,val_cold,raw_width_height,13800000.0,14.177126489874464,1435647.4496881969,0.895967576109551
T4-E033,val_cold,raw_width_height,41400000.0,14.708166165602796,2441604.994372428,0.9410240339523568
T4-E033,val_cold,raw_width_height,2346000.0,14.716076813439846,2460996.2692908617,0.0490180176005378
T4-E033,val_cold,raw_width_height,4416000.0,14.57544207560319,2138129.791306555,0.5158220581280446
T4-E033,val_cold,raw_width_height,35328000.0,15.267594722223366,4272008.811441408,0.8790758375384565
T4-E033,val_cold,raw_width_height,1324800.0,14.285803436926065,1600462.8664844604,0.20807885453235236
T4-E033,val_cold,raw_width_height,27600000.0,14.800226621356975,2677051.6635319795,0.9030053745097109
T4-E033,val_cold,raw_width_height,69000000.0,14.605087158685786,2202463.7072690423,0.9680802361265356
T4-E033,val_cold,raw_width_height,41400000.0,14.385050874910418,1767454.3958318126,0.9573078648349803
T4-E033,val_cold,raw_width_height,11040000.0,14.515886421710121,2014509.7463691416,0.8175262910897516
T4-E033,val_cold,raw_width_height,27600000.0,14.335929581751886,1682732.6069821517,0.9390314272832553
T4-E033,val_cold,raw_width_height,13800000.0,14.74492737547465,2533031.527157491,0.816446990785689
T4-E033,val_cold,raw_width_height,4140000.0,14.635245239467997,2269897.511837321,0.4517155768508887
T4-E033,val_cold,raw_width_height,3450000.0,15.332237809951684,4557285.913807691,0.320952438784838
T4-E033,val_cold,raw_width_height,4140000.0,14.43934493183769,1866069.5498185633,0.5492585628457577
T4-E033,val_cold,raw_width_height,1449000.0,14.346153611866926,1700025.1650150751,0.1732402795135094
T4-E033,val_cold,raw_width_height,1932000.0,14.830304806680793,2758795.713218556,0.42794809172803094
T4-E033,val_cold,raw_width_height,1932000.0,14.830304806680793,2758795.713218556,0.42794809172803094
T4-E033,val_cold,raw_width_height,3864000.0,15.542808079883091,5625430.744276034,0.4558568178768203
T4-E033,val_cold,raw_width_height,1269600.0,14.084385084619559,1308490.9500098552,0.030632443296987406
T4-E033,val_cold,raw_width_height,1269600.0,14.084385084619559,1308490.9500098552,0.030632443296987406
T4-E033,val_cold,raw_width_height,19320000.0,14.789544413362936,2648607.0370427333,0.8629085384553451
T4-E033,val_cold,raw_width_height,44063400.0,15.810504934404413,7352161.682453214,0.8331458379867823
T4-E033,val_cold,raw_width_height,21459000.0,14.789544413362936,2648607.0370427333,0.8765736037540084
T4-E033,val_cold,raw_width_height,5520000.0,14.106094106939565,1337207.5865073581,0.7577522488211308
T4-E033,val_cold,raw_width_height,3312000.0,13.77515666431943,960449.4820336543,0.7100092143618194
T4-E033,val_cold,raw_width_height,22632000.0,15.610192033388957,6017557.676507083,0.7341128633568804
T4-E033,val_cold,raw_width_height,2001000.0,14.494228664807762,1971349.0529683018,0.014818064483607292
T4-E033,val_cold,raw_width_height,23322000.0,15.183114718822486,3925933.5137684513,0.831663943325253
T4-E033,val_cold,raw_width_height,3312000.0,15.150488940512988,3799913.801079899,0.1473169689250903
T4-E033,val_cold,raw_width_height,2001000.0,14.494228664807762,1971349.0529683018,0.014818064483607292
T4-E033,val_cold,raw_width_height,3036000.0,14.744377535710557,2531639.148527808,0.166126762672
T4-E033,val_cold,raw_width_height,4968000.0,15.519677629980846,5496805.316957404,0.1064422940735515
T4-E033,val_cold,raw_width_height,8280000.0,15.745462839358764,6889181.491603723,0.16797324980631367
T4-E033,val_cold,raw_width_height,883200.0,14.11732332600966,1352308.0077333506,0.5311458420893915
T4-E033,val_cold,raw_width_height,2001000.0,14.665100990457852,2338688.804804816,0.16876002239121235
T4-E033,val_cold,raw_width_height,372600.0,14.023496499053547,1231195.8601545065,2.3043367153905168
T4-E033,val_cold,raw_width_height,3312000.0,15.016941842499026,3324872.357119651,0.0038865812559332868
T4-E033,val_cold,raw_width_height,5520000.0,15.505904862637012,5421618.053052495,0.01782281647599724
T4-E033,val_cold,raw_width_height,3312000.0,15.268602739866457,4276317.242817385,0.2911585878071815
T4-E033,val_cold,raw_width_height,3312000.0,15.161780659926082,3843064.5259685917,0.16034556943496125
T4-E033,val_cold,raw_width_height,6072000.0,15.946965949742342,8427122.65577525,0.38786605002886215
T4-E033,val_cold,raw_width_height,7728000.0,16.267432189563465,11610636.662131632,0.5024115763627888
T4-E033,val_cold,raw_width_height,2001000.0,14.494228664807762,1971349.0529683018,0.014818064483607292
T4-E033,val_cold,raw_width_height,3312000.0,15.161780659926082,3843064.5259685917,0.16034556943496125
T4-E033,val_cold,raw_width_height,3036000.0,14.744377535710557,2531639.148527808,0.166126762672
T4-E033,val_cold,raw_width_height,4968000.0,15.519677629980846,5496805.316957404,0.1064422940735515
T4-E033,val_cold,raw_width_height,3312000.0,15.150488940512988,3799913.801079899,0.1473169689250903
T4-E033,val_cold,raw_width_height,3312000.0,15.016941842499026,3324872.357119651,0.0038865812559332868
T4-E033,val_cold,raw_width_height,2001000.0,14.665100990457852,2338688.804804816,0.16876002239121235
T4-E033,val_cold,raw_width_height,772800.0,13.985499259655358,1185291.459455648,0.5337622404964388
T4-E033,val_cold,raw_width_height,952200.0,14.8787451503386,2895722.3386076787,2.0410862619278287
T4-E033,val_cold,raw_width_height,3312000.0,15.268602739866457,4276317.242817385,0.2911585878071815
T4-E033,val_cold,raw_width_height,469200.0,14.350354862769287,1707182.4214612497,2.638496209422953
T4-E033,val_cold,raw_width_height,4968000.0,15.519677629980846,5496805.316957404,0.1064422940735515
T4-E033,val_cold,raw_width_height,6072000.0,15.946965949742342,8427122.65577525,0.38786605002886215
T4-E033,val_cold,raw_width_height,7728000.0,16.267432189563465,11610636.662131632,0.5024115763627888
T4-E033,val_cold,raw_width_height,8280000.0,14.715660574812661,2459972.120742104,0.7029019177847701
T4-E033,val_cold,raw_width_height,4968000.0,15.519677629980846,5496805.316957404,0.1064422940735515
T4-E033,val_cold,raw_width_height,2760000.0,15.268602739866457,4276317.242817385,0.5493903053686178
T4-E033,val_cold,raw_width_height,759000.0,14.400905846673195,1795700.6655641287,1.3658770297287597
T4-E033,val_cold,raw_width_height,952200.0,14.405195930772614,1803420.9208682186,0.8939518177570034
T4-E033,val_cold,raw_width_height,3312000.0,14.348483326257606,1703990.355193393,0.4855101584561011
T4-E033,val_cold,raw_width_height,3312000.0,14.341985699765475,1692954.3550501207,0.4888422841032244
T4-E033,val_cold,raw_width_height,7590000.0,15.064397216336753,3486459.175742075,0.5406509649878689
T4-E033,val_cold,raw_width_height,3312000.0,14.348483326257606,1703990.355193393,0.4855101584561011
T4-E033,val_cold,raw_width_height,3312000.0,14.348483326257606,1703990.355193393,0.4855101584561011
T4-E033,val_cold,raw_width_height,3174000.0,14.414634567123658,1820523.339917257,0.4264261688981547
T4-E033,val_cold,raw_width_height,1656000.0,14.828530172315723,2753904.2011461286,0.6629856287114303
T4-E033,val_cold,raw_width_height,3312000.0,14.348483326257606,1703990.355193393,0.4855101584561011
T4-E033,val_cold,raw_width_height,1380000.0,13.941085347557673,1133799.9622278302,0.17840582447258682
T4-E033,val_cold,raw_width_height,3312000.0,14.348483326257606,1703990.355193393,0.4855101584561011
T4-E033,val_cold,raw_width_height,3174000.0,14.414634567123658,1820523.339917257,0.4264261688981547
T4-E033,val_cold,raw_width_height,3174000.0,14.414634567123658,1820523.339917257,0.4264261688981547
T4-E033,val_cold,raw_width_height,1380000.0,13.95185460469959,1146076.129523968,0.16951005106958833
T4-E033,val_cold,raw_width_height,1380000.0,13.917768441265281,1107669.0842588712,0.19734124329067307
T4-E033,val_cold,raw_width_height,14490000.0,15.277060736067327,4312639.708915765,0.7023713106338325
T4-E033,val_cold,raw_width_height,5520000.0,14.651409176906652,2306886.128715387,0.5820858462472125
T4-E033,val_cold,raw_width_height,10350000.0,15.719388468929461,6711872.082582433,0.35150994371184224
T4-E033,val_cold,raw_width_height,34500000.0,15.300649363848569,4415578.278490529,0.8720122238118687
T4-E033,val_cold,raw_width_height,6210000.0,15.147597337621937,3788941.830283246,0.3898644395679153
T4-E033,val_cold,raw_width_height,1380000.0,14.02690356619588,1235397.7811642247,0.10478421654766325
T4-E033,val_cold,raw_width_height,48300000.0,17.22366063665837,30209307.69429021,0.3745484949422317
T4-E033,val_cold,raw_width_height,5520000.0,14.605148277102161,2202598.3224766483,0.6009785647687231
T4-E033,val_cold,raw_width_height,3615600.0,15.234298573217231,4132109.350676595,0.14285577792803264
T4-E033,val_cold,raw_width_height,1380000.0,13.79378498028837,978508.7228478746,0.29093570808125024
T4-E033,val_cold,raw_width_height,1932000.0,14.70626712040881,2436972.6760253566,0.2613730207170583
T4-E033,val_cold,raw_width_height,1932000.0,14.768258328577835,2592824.3666482996,0.3420415976440474
T4-E033,val_cold,raw_width_height,6734400.0,14.796796561926271,2667884.9474049853,0.6038422209246577
T4-E033,val_cold,raw_width_height,7231200.0,16.074041222616877,9569018.734737402,0.32329609673877113
T4-E033,val_cold,raw_width_height,1656000.0,14.828530172315723,2753904.2011461286,0.6629856287114303
T4-E033,val_cold,raw_width_height,6624000.0,15.375971830882886,4761016.866854238,0.2812474536753867
T4-E033,val_cold,raw_width_height,4485000.0,15.344427323953452,4613176.964594735,0.028579033354455927
T4-E033,val_cold,raw_width_height,1725000.0,14.600525600765215,2192439.9209224624,0.27097966430287673
T4-E033,val_cold,raw_width_height,1380000.0,13.641461061453448,840255.3069232461,0.39111934280924193
T4-E033,val_cold,raw_width_height,13800000.0,15.661011433480095,6331270.174566372,0.5412123061908426
T4-E033,val_cold,raw_width_height,4140000.0,14.949777533273497,3108893.8115326585,0.24905946581336752
T4-E033,val_cold,raw_width_height,1380000.0,14.237018486936327,1524258.2967687587,0.10453499765852078
T4-E033,val_cold,raw_width_height,2263200.0,14.813419578252155,2712603.8945949273,0.19857011956297602
T4-E033,val_cold,raw_width_height,11205600.0,17.037186776863923,25070107.969939724,1.2372838553883525
T4-E033,val_cold,raw_width_height,12420000.0,17.317101853102557,33168190.366453376,1.6705467283778885
T4-E033,val_cold,raw_width_height,3450000.0,14.616108366064458,2226871.7726418823,0.35452992097336744
T4-E033,val_cold,raw_width_height,1380000.0,13.641461061453448,840255.3069232461,0.39111934280924193
T4-E033,val_cold,raw_width_height,12420000.0,16.647258482339844,16975106.109882135,0.36675572543334417
T4-E033,val_cold,raw_width_height,30360000.0,16.064473066364794,9477897.494611166,0.6878162880562857
T4-E033,val_cold,raw_width_height,20700000.0,16.69868903491546,17870985.518000234,0.13666736628018195
T4-E033,val_cold,raw_width_height,12000000.0,17.267519658275575,31563743.374755114,1.6303119478962596
T4-E033,val_cold,raw_width_height,14490000.0,15.35040616399245,4640841.028837295,0.6797211160222708
T4-E033,val_cold,raw_width_height,5602800.0,15.419731788870461,4973984.508625344,0.11223236442040688
T4-E033,val_cold,raw_width_height,14490000.0,15.300738197045627,4415970.545848791,0.695240127960746
T4-E033,val_cold,raw_width_height,3367200.0,15.153422105222004,3811075.9363263804,0.13182345459918637
T4-E033,val_cold,raw_width_height,1131600.0,14.228827403671415,1511823.964988355,0.3360056247687832
T4-E033,val_cold,raw_width_height,1131600.0,14.228827403671415,1511823.964988355,0.3360056247687832
T4-E033,val_cold,raw_width_height,3450000.0,15.4221300830687,4985927.902976517,0.44519649361638164
T4-E033,val_cold,raw_width_height,1656000.0,14.817847964321684,2724642.9890986113,0.6453158146730744
T4-E033,val_cold,raw_width_height,7314000.0,15.888842815282688,7951274.714968714,0.08713080598423761
T4-E033,val_cold,raw_width_height,3036000.0,15.38541046723393,4806167.116923025,0.5830589976689805
T4-E033,val_cold,raw_width_height,16560000.0,15.956318581584368,8506308.150645893,0.48633404887404025
T4-E033,val_cold,raw_width_height,2249400.0,14.824784406307987,2743608.015989707,0.21970659553201158
T4-E033,val_cold,raw_width_height,1380000.0,14.237018486936327,1524258.2967687587,0.10453499765852078
T4-E033,val_cold,raw_width_height,20700000.0,16.730483253879047,18448308.681677595,0.10877735837306306
T4-E033,val_cold,raw_width_height,48300000.0,17.091059055944495,26457733.514779408,0.45222083820332487
T4-E033,val_cold,raw_width_height,1131600.0,14.228827403671415,1511823.964988355,0.3360056247687832
T4-E033,val_cold,raw_width_height,8694000.0,15.178350982993193,3907275.8789306805,0.5505778837208787
T4-E033,val_cold,raw_width_height,48300000.0,17.091059055944495,26457733.514779408,0.45222083820332487
T4-E033,val_cold,raw_width_height,5602800.0,15.419731788870461,4973984.508625344,0.11223236442040688
T4-E033,val_cold,raw_width_height,20700000.0,16.3747657276776,12926185.914348524,0.37554657418606163
T4-E033,val_cold,raw_width_height,8000000.0,16.25170188119893,11429426.747617045,0.4286783434521307
T4-E033,val_cold,raw_width_height,15180000.0,15.960217157479647,8539535.365885288,0.4374482631169112
T4-E033,val_cold,raw_width_height,16560000.0,15.184911109828327,3932992.363751173,0.7625004611261369
T4-E033,val_cold,raw_width_height,7314000.0,14.795600531376525,2664695.982934294,0.6356718645154096
T4-E033,val_cold,raw_width_height,12420000.0,16.30649604733005,12073168.238614643,0.02792526259141361
T4-E033,val_cold,raw_width_height,11592000.0,16.647258482339844,16975106.109882135,0.46438113439286877
T4-E033,val_cold,raw_width_height,2263200.0,14.813419578252155,2712603.8945949273,0.19857011956297602
T4-E033,val_cold,raw_width_height,4692000.0,14.949777533273497,3108893.8115326585,0.33740541101179483
T4-E033,val_cold,raw_width_height,1725000.0,14.600525600765215,2192439.9209224624,0.27097966430287673
T4-E033,val_cold,raw_width_height,4554000.0,14.632171349518655,2262930.8096132027,0.5030894137871755
T4-E033,val_cold,raw_width_height,11205600.0,17.037186776863923,25070107.969939724,1.2372838553883525
T4-E033,val_cold,raw_width_height,828000.0,14.73223479749747,2501084.004092666,2.020632855184379
T4-E033,val_cold,raw_width_height,1380000.0,14.237018486936327,1524258.2967687587,0.10453499765852078
T4-E033,val_cold,raw_width_height,1380000.0,13.847196020258558,1032192.7906880602,0.25203420964633316
T4-E033,val_cold,raw_width_height,1656000.0,14.817847964321684,2724642.9890986113,0.6453158146730744
T4-E033,val_cold,raw_width_height,1380000.0,14.237018486936327,1524258.2967687587,0.10453499765852078
T4-E033,val_cold,raw_width_height,30360000.0,16.040795605386492,9256120.861294553,0.6951211837518263
T4-E033,val_cold,raw_width_height,2760000.0,14.400209286106257,1794450.2868232909,0.34983685260025693
T4-E033,val_cold,raw_width_height,1131600.0,14.228827403671415,1511823.964988355,0.3360056247687832
T4-E033,val_cold,raw_width_height,12420000.0,16.647258482339844,16975106.109882135,0.36675572543334417
T4-E033,val_cold,raw_width_height,500000.0,13.831608263365013,1016227.9715168199,1.0324559430336397
T4-E033,val_cold,raw_width_height,15180000.0,15.713848408473694,6674790.716820166,0.5602904666126374
T4-E033,val_cold,raw_width_height,41400000.0,21.26968348304555,1727055000.5318453,40.716304360672595
T4-E033,val_cold,raw_width_height,20700000.0,16.308831445387604,12101396.841950223,0.41539145691061724
T4-E033,val_cold,raw_width_height,8004000.0,15.772385647628177,7077176.931247376,0.1157949861010275
T4-E033,val_cold,raw_width_height,1380000.0,16.238831628900673,11283269.698291011,7.17628239006595
T4-E033,val_cold,raw_width_height,1807800.0,14.813419578252155,2712603.8945949273,0.5004999970101379
T4-E033,val_cold,raw_width_height,2594400.0,14.767507985612802,2590879.588841638,0.0013569269034697572
T4-E033,val_cold,raw_width_height,4830000.0,14.403765902739474,1800843.8214971758,0.6271544883028621
T4-E033,val_cold,raw_width_height,20700000.0,16.730483253879047,18448308.681677595,0.10877735837306306
T4-E033,val_cold,raw_width_height,966000.0,13.814042874055735,998533.39261276,0.033678460261656266
T4-E033,val_cold,raw_width_height,11592000.0,16.30649604733005,12073168.238614643,0.04150864722348542
T4-E033,val_cold,raw_width_height,12420000.0,16.30649604733005,12073168.238614643,0.02792526259141361
T4-E033,val_cold,raw_width_height,9691740.0,17.103754470536675,26795766.60588371,1.7648045248720776
T4-E033,val_cold,raw_width_height,20700000.0,16.730483253879047,18448308.681677595,0.10877735837306306
T4-E033,val_cold,raw_width_height,3367200.0,15.143025902834594,3771660.4602167383,0.12011774180824966
T4-E033,val_cold,raw_width_height,12420000.0,16.647258482339844,16975106.109882135,0.36675572543334417
T4-E033,val_cold,raw_width_height,2760000.0,14.381704926184462,1761550.4666780655,0.361757077290556
T4-E033,val_cold,raw_width_height,9273600.0,16.214516557963922,11012224.787159039,0.18748110627577627
T4-E033,val_cold,raw_width_height,5602800.0,15.419731788870461,4973984.508625344,0.11223236442040688
T4-E033,val_cold,raw_width_height,2249400.0,14.828682982203267,2754325.0570920673,0.2244709954174746
T4-E033,val_cold,raw_width_height,69000000.0,16.109973121210164,9919103.688630238,0.8562448740778227
T4-E033,val_cold,raw_width_height,2484000.0,14.566834529911437,2119804.72151242,0.14661645671802734
T4-E033,val_cold,raw_width_height,20700000.0,16.315934683681093,12187661.965551604,0.4112240596351882
T4-E033,val_cold,raw_width_height,14904000.0,14.632171349518655,2262930.8096132027,0.8481662097683037
T4-E033,val_cold,raw_width_height,41400000.0,21.26968348304555,1727055000.5318453,40.716304360672595
T4-E033,val_cold,raw_width_height,4830000.0,15.755014538424653,6955300.1500924425,0.44002073500878724
T4-E033,val_cold,raw_width_height,16560000.0,15.184911109828327,3932992.363751173,0.7625004611261369
T4-E033,val_cold,raw_width_height,1352400.0,14.289972293873651,1607148.8940878299,0.18836800805074672
T4-E033,val_cold,raw_width_height,3588000.0,14.963550300617333,3152008.1027226234,0.1215139067105286
T4-E033,val_cold,raw_width_height,20700000.0,16.724679540883983,18341550.09061897,0.11393477823096755
T4-E033,val_cold,raw_width_height,4968000.0,14.428326380674859,1845621.0304239322,0.6284981822818172
T4-E033,val_cold,raw_width_height,1380000.0,13.847196020258558,1032192.7906880602,0.25203420964633316
T4-E033,val_cold,raw_width_height,966000.0,13.796434031159624,981104.2785944173,0.01563589916606342
T4-E033,val_cold,raw_width_height,2070000.0,14.674626675956777,2361072.8613224686,0.1406149088514341
T4-E033,val_cold,raw_width_height,6762000.0,16.219825313920666,11070841.454219555,0.6372140571161721
T4-E033,val_cold,raw_width_height,8280000.0,14.82159103734505,2734860.6375419237,0.6697028215529077
T4-E033,val_cold,raw_width_height,41400000.0,21.26968348304555,1727055000.5318453,40.716304360672595
T4-E033,val_cold,raw_width_height,12420000.0,16.647258482339844,16975106.109882135,0.36675572543334417
T4-E033,val_cold,raw_width_height,17250000.0,15.549197231304866,5661487.5366100455,0.671797823964635
T4-E033,val_cold,raw_width_height,19320000.0,15.867480127654973,7783215.605422072,0.5971420494087955
T4-E033,val_cold,raw_width_height,500000.0,13.831608263365013,1016227.9715168199,1.0324559430336397
T4-E033,val_cold,raw_width_height,11592000.0,16.30649604733005,12073168.238614643,0.04150864722348542
T4-E033,val_cold,raw_width_height,23736000.0,15.521568664581022,5507209.8005208615,0.7679807128193099
T4-E033,val_cold,raw_width_height,41400000.0,21.26968348304555,1727055000.5318453,40.716304360672595
T4-E033,val_cold,raw_width_height,6900000.0,14.704086749410637,2431664.9599770266,0.6475847884091265
T4-E033,val_cold,raw_width_height,2760000.0,15.179187899293575,3910547.3105701315,0.4168649675978737
T4-E033,val_cold,raw_width_height,1131600.0,14.228827403671415,1511823.964988355,0.3360056247687832
T4-E033,val_cold,raw_width_height,1131600.0,14.228827403671415,1511823.964988355,0.3360056247687832
T4-E033,val_cold,raw_width_height,6762000.0,16.724679540883983,18341550.09061897,1.7124445564358137
T4-E033,val_cold,raw_width_height,11592000.0,16.30649604733005,12073168.238614643,0.04150864722348542
T4-E033,val_cold,raw_width_height,7590000.0,14.39189477829555,1779592.1704561866,0.7655346283983944
T4-E033,val_cold,raw_width_height,5520000.0,16.443645619210574,13847920.282450339,1.5086812105888294
T4-E033,val_cold,raw_width_height,12000000.0,17.155735482473723,28225474.59251084,1.3521228827092369
T4-E033,val_cold,raw_width_height,12000000.0,17.16641769046776,28528601.13073902,1.3773834275615848
T4-E033,val_cold,raw_width_height,800000.0,14.059833207135076,1276756.2083718008,0.595945260464751
T4-E033,val_cold,raw_width_height,800000.0,13.74855664693185,935238.3045113701,0.16904788063921267
T4-E033,val_cold,raw_width_height,3000000.0,14.778084691009326,2618427.9878088054,0.1271906707303982
T4-E033,val_cold,raw_width_height,800000.0,13.763591439368309,949405.6529997747,0.18675706624971833
T4-E033,val_cold,raw_width_height,3200000.0,15.262105113374325,4248621.40665224,0.327694189578825
T4-E033,val_cold,raw_width_height,9660000.0,15.684697169506325,6483021.039632956,0.32887980956180585
T4-E033,val_cold,raw_width_height,1600000.0,14.14215730948307,1386311.6781802257,0.13355520113735897
T4-E033,val_cold,raw_width_height,800000.0,13.553795855108437,769730.5943249868,0.0378367570937665
T4-E033,val_cold,raw_width_height,2500000.0,14.495068679510338,1973005.7108677847,0.21079771565288613
T4-E033,val_cold,raw_width_height,3200000.0,15.262105113374325,4248621.40665224,0.327694189578825
T4-E033,val_cold,raw_width_height,2500000.0,14.495068679510338,1973005.7108677847,0.21079771565288613
T4-E033,val_cold,raw_width_height,6000000.0,15.542808079883091,5625430.744276034,0.062428209287327716
T4-E033,val_cold,raw_width_height,3000000.0,14.826570334108332,2748512.2798457644,0.08382924005141187
T4-E033,val_cold,raw_width_height,800000.0,13.63292389550912,833112.441230167,0.04139055153770881
T4-E033,val_cold,raw_width_height,1000000.0,13.877794162757898,1064264.1323414175,0.06426413234141748
T4-E033,val_cold,raw_width_height,800000.0,14.041328847213281,1253347.8977971491,0.5666848722464364
T4-E033,val_cold,raw_width_height,800000.0,13.763591439368309,949405.6529997747,0.18675706624971833
T4-E033,val_cold,raw_width_height,2800000.0,14.480580898149933,1944627.3019716449,0.3054902492958411
T4-E033,val_cold,raw_width_height,2001000.0,14.618840090653363,2232963.2894045394,0.11592368286083927
T4-E033,val_cold,raw_width_height,2500000.0,14.436633043335668,1861015.8329180432,0.2555936668327827
T4-E033,val_cold,raw_width_height,2500000.0,14.596549655453693,2183740.205954071,0.12650391761837154
T4-E033,val_cold,raw_width_height,2001000.0,14.665100990457852,2338688.804804816,0.16876002239121235
T4-E033,val_cold,raw_width_height,2000000.0,14.386355564969788,1769761.8809615811,0.11511905951920944
T4-E033,val_cold,raw_width_height,2000000.0,14.386355564969788,1769761.8809615811,0.11511905951920944
T4-E033,val_cold,raw_width_height,3000000.0,14.826570334108332,2748512.2798457644,0.08382924005141187
T4-E033,val_cold,raw_width_height,2500000.0,14.4843864715163,1952041.8231433576,0.21918327074265695
T4-E033,val_cold,raw_width_height,800000.0,13.763591439368309,949405.6529997747,0.18675706624971833
T4-E033,val_cold,raw_width_height,800000.0,13.759070851985372,945123.4680715695,0.18140433508946183
T4-E033,val_cold,raw_width_height,2800000.0,14.480580898149933,1944627.3019716449,0.3054902492958411
T4-E033,val_cold,raw_width_height,3000000.0,14.825502113308929,2745577.829460526,0.08480739017982471
T4-E033,val_cold,raw_width_height,1600000.0,14.1486549359752,1395348.741603335,0.12790703649791568
T4-E033,val_cold,raw_width_height,1200000.0,13.85349858990964,1038718.8013607427,0.13440099886604778
T4-E033,val_cold,raw_width_height,3000000.0,14.854520678284246,2826417.815582222,0.05786072813925939
T4-E033,val_cold,raw_width_height,1380000.0,14.061599241049247,1279012.9953305137,0.0731789888909321
T4-E033,val_cold,raw_width_height,966000.0,13.979001633163227,1177614.845162319,0.21906298671047517
T4-E033,val_cold,raw_width_height,1380000.0,14.39012874438138,1776452.1238602793,0.2872841477248401
T4-E033,val_cold,raw_width_height,9000000.0,15.722614185932674,6733557.6394136725,0.2518269289540364
T4-E033,val_cold,raw_width_height,2000000.0,13.974179045905187,1171949.366927063,0.41402531653646846
T4-E033,val_cold,raw_width_height,1794000.0,13.810438858303486,994941.1396929843,0.44540627664828075
T4-E033,val_cold,raw_width_height,2000000.0,13.956831208478503,1151793.9120894151,0.4241030439552924
T4-E033,val_cold,raw_width_height,2000000.0,13.957899429277907,1153024.9396905196,0.4234875301547402
T4-E033,val_cold,raw_width_height,3864000.0,17.91891484672576,60546053.4046857,14.669268479473525
T4-E033,val_cold,raw_width_height,1104000.0,13.805682265588324,990219.8474497185,0.10306173238250135
T4-E033,val_cold,raw_width_height,1449000.0,13.756809013902878,942988.167581143,0.34921451512688545
T4-E033,val_cold,raw_width_height,4416000.0,14.326914613756541,1667630.9989172353,0.6223661687234522
T4-E033,val_cold,raw_width_height,3312000.0,14.10778634707546,1339472.3786008405,0.5955699339973308
T4-E033,val_cold,raw_width_height,1242000.0,13.654798227785271,851536.9973721211,0.3143824497809009
T4-E033,val_cold,raw_width_height,12000000.0,16.99724930380666,24088601.11542154,1.0073834262851284
T4-E033,val_cold,raw_width_height,4457400.0,14.276085423481403,1584984.8762999515,0.6444149333019358
T4-E033,val_cold,raw_width_height,1932000.0,14.770157036484056,2597752.0594169092,0.3445921632592698
T4-E033,val_cold,raw_width_height,2553000.0,13.971811299807356,1169177.770899355,0.5420376925580278
T4-E033,val_cold,raw_width_height,9384000.0,16.30649604733005,12073168.238614643,0.2865695053937173
T4-E033,val_cold,raw_width_height,15249000.0,16.319904314455776,12236138.637147406,0.1975776354418384
T4-E033,val_cold,raw_width_height,2553000.0,13.882064352971144,1068818.4596250507,0.5813480377496864
T4-E033,val_cold,raw_width_height,11937000.0,15.73101694952459,6790376.515868949,0.43114882165795854
T4-E033,val_cold,raw_width_height,786600.0,14.211248261745709,1485479.6307570345,0.8884816053356656
T4-E033,val_cold,raw_width_height,9315000.0,15.189484506550004,3951020.692059421,0.5758431892582478
T4-E033,val_cold,raw_width_height,897000.0,14.330350580653775,1673370.7790266196,0.8655192631288959
T4-E033,val_cold,raw_width_height,345000.0,14.709932663444706,2445921.896101998,6.089628684353618
T4-E033,val_cold,raw_width_height,2760000.0,13.911616627738411,1100875.8274517031,0.6011319465754699
T4-E033,val_cold,raw_width_height,7038000.0,14.824784406307987,2743608.015989707,0.6101722057417296
T4-E033,val_cold,raw_width_height,897000.0,14.330350580653775,1673370.7790266196,0.8655192631288959
T4-E033,val_cold,raw_width_height,11040000.0,15.287117708087987,4356230.634756293,0.6054138917793213
T4-E033,val_cold,raw_width_height,1656000.0,14.064258900220237,1282419.2617192455,0.22559223326132521
T4-E033,val_cold,raw_width_height,897000.0,14.23288618327181,1517972.5947825445,0.6922771402258021
T4-E033,val_cold,raw_width_height,331200.0,13.811101864196822,995601.0102569866,2.0060416976358293
T4-E033,val_cold,raw_width_height,565800.0,14.061398844153956,1278756.7107773842,1.2600860918652956
T4-E033,val_cold,raw_width_height,897000.0,14.407476581808064,1807538.5883552663,1.0150931865722033
T4-E033,val_cold,raw_width_height,2787600.0,15.523888418253282,5520000.000000022,0.9801980198019882
T4-E033,val_cold,raw_width_height,5520000.0,15.722614185932674,6733557.6394136725,0.21984739844450588
T4-E033,val_cold,raw_width_height,2760000.0,13.94301153926246,1135985.9829816,0.5884108757313044
T4-E033,val_cold,raw_width_height,4692000.0,14.65333536861144,2311333.9159106226,0.5073883384674718
T4-E033,val_cold,raw_width_height,27600000.0,17.410939055969227,36431307.386303544,0.31997490530085304
T4-E033,val_cold,raw_width_height,2760000.0,14.407476581808064,1807538.5883552663,0.34509471436403394
T4-E033,val_cold,raw_width_height,2760000.0,14.407476581808064,1807538.5883552663,0.34509471436403394
T4-E033,val_cold,raw_width_height,2760000.0,14.407476581808064,1807538.5883552663,0.34509471436403394
T4-E033,val_cold,raw_width_height,11730000.0,15.607015035098048,5998470.242480637,0.48862146270412304
T4-E033,val_cold,raw_width_height,2760000.0,14.407476581808064,1807538.5883552663,0.34509471436403394
T4-E033,val_cold,raw_width_height,3036000.0,14.396111753752232,1787112.5123660914,0.4113595150309317
T4-E033,val_cold,raw_width_height,27600000.0,17.774631534365835,52411234.982170366,0.8989577892090712
T4-E033,val_cold,raw_width_height,6982800.0,15.937359761783107,8346557.712119905,0.1953024162398902
T4-E033,val_cold,raw_width_height,3450000.0,14.487593141763345,1958311.424478262,0.43237350015122844
T4-E033,val_cold,raw_width_height,11730000.0,15.721314660634249,6724812.8941523535,0.42669966801770215
T4-E033,val_cold,raw_width_height,3312000.0,14.333416139866372,1678508.4671544249,0.4932039652311519
T4-E033,val_cold,raw_width_height,3615600.0,15.234298573217231,4132109.350676595,0.14285577792803264
T4-E033,val_cold,raw_width_height,331200.0,13.811101864196822,995601.0102569866,2.0060416976358293
T4-E033,val_cold,raw_width_height,9177000.0,16.658623310395676,17169125.683314417,0.8708865297280611
T4-E033,val_cold,raw_width_height,4071000.0,14.691091496426376,2400269.2977671553,0.410398109121308
T4-E033,val_cold,raw_width_height,6210000.0,15.387336658938718,4815433.637838262,0.22456785219995778
T4-E033,val_cold,raw_width_height,19320000.0,16.534325988696096,15162350.748084411,0.21519923664159363
T4-E033,val_cold,raw_width_height,2760000.0,14.407476581808064,1807538.5883552663,0.34509471436403394
T4-E033,val_cold,raw_width_height,5520000.0,14.902389010728797,2965004.211236473,0.46286155593542155
T4-E033,val_cold,raw_width_height,2760000.0,14.407476581808064,1807538.5883552663,0.34509471436403394
T4-E033,val_cold,raw_width_height,6900000.0,15.098234423037912,3606449.8415508997,0.47732610992015945
T4-E033,val_cold,raw_width_height,1380000.0,14.449796299260445,1885674.8007020943,0.36643101500151765
T4-E033,val_cold,raw_width_height,3036000.0,14.396111753752232,1787112.5123660914,0.4113595150309317
T4-E033,val_cold,raw_width_height,11040000.0,16.807437306560622,19924034.13751819,0.804713237094039
T4-E033,val_cold,raw_width_height,2070000.0,13.94301153926246,1135985.9829816,0.45121450097507243
T4-E033,val_cold,raw_width_height,2760000.0,14.954039123035841,3122170.9122564155,0.1312213450204404
T4-E033,val_cold,raw_width_height,2760000.0,14.407476581808064,1807538.5883552663,0.34509471436403394
T4-E033,val_cold,raw_width_height,2760000.0,14.407476581808064,1807538.5883552663,0.34509471436403394
T4-E033,val_cold,raw_width_height,2898000.0,15.091211687204733,3581211.422121662,0.2357527336513672
T4-E033,val_cold,raw_width_height,2760000.0,14.407476581808064,1807538.5883552663,0.34509471436403394
T4-E033,val_cold,raw_width_height,11730000.0,15.66186940438548,6336704.551105398,0.4597864832817223
T4-E033,val_cold,raw_width_height,2760000.0,14.407476581808064,1807538.5883552663,0.34509471436403394
T4-E033,val_cold,raw_width_height,5520000.0,14.796796561926271,2667884.9474049853,0.5166875095280824
T4-E033,val_cold,raw_width_height,12420000.0,15.66186940438548,6336704.551105398,0.4897983453216266
T4-E033,val_cold,raw_width_height,2760000.0,14.407476581808064,1807538.5883552663,0.34509471436403394
T4-E033,val_cold,raw_width_height,6900000.0,15.138841321332688,3755910.615859709,0.455665128136274
T4-E033,val_cold,raw_width_height,2760000.0,14.407476581808064,1807538.5883552663,0.34509471436403394
T4-E033,val_cold,raw_width_height,2760000.0,14.407476581808064,1807538.5883552663,0.34509471436403394
T4-E033,val_cold,raw_width_height,2760000.0,14.407476581808064,1807538.5883552663,0.34509471436403394
T4-E033,val_cold,raw_width_height,2208000.0,14.082839061769139,1306469.5560648127,0.4083018314923855
T4-E033,val_cold,raw_width_height,2484000.0,14.298647356370267,1621151.6608068806,0.34736245539175503
T4-E033,val_cold,raw_width_height,11730000.0,15.525830254343363,5530729.349164532,0.5284970716824782
T4-E033,val_cold,raw_width_height,345000.0,13.742227023380234,929337.2934037672,1.6937312852283106
T4-E033,val_cold,raw_width_height,3036000.0,14.263477779083583,1565127.3916886451,0.4844771437125675
T4-E033,val_cold,raw_width_height,11730000.0,15.709949832578417,6648819.197490016,0.43317824403324673
T4-E033,val_cold,raw_width_height,19320000.0,16.729810394986984,18435899.74833634,0.04576088259128669
T4-E033,val_cold,raw_width_height,2760000.0,14.407476581808064,1807538.5883552663,0.34509471436403394
T4-E033,val_cold,raw_width_height,2760000.0,14.407476581808064,1807538.5883552663,0.34509471436403394
T4-E033,val_cold,raw_width_height,2760000.0,14.407476581808064,1807538.5883552663,0.34509471436403394
T4-E033,val_cold,raw_width_height,9246000.0,16.121337949265996,10032475.602422178,0.08506117266084554
T4-E033,val_cold,raw_width_height,2760000.0,14.407476581808064,1807538.5883552663,0.34509471436403394
T4-E033,val_cold,raw_width_height,2484000.0,14.407476581808064,1807538.5883552663,0.2723274604044822
T4-E033,val_cold,raw_width_height,2760000.0,14.954039123035841,3122170.9122564155,0.1312213450204404
T4-E033,val_cold,raw_width_height,2760000.0,14.407476581808064,1807538.5883552663,0.34509471436403394
T4-E033,val_cold,raw_width_height,4830000.0,14.711553001571192,2449888.32921824,0.4927767434330766
T4-E033,val_cold,raw_width_height,2760000.0,14.407476581808064,1807538.5883552663,0.34509471436403394
T4-E033,val_cold,raw_width_height,1656000.0,13.94301153926246,1135985.9829816,0.3140181262188405
T4-E033,val_cold,raw_width_height,2760000.0,14.407476581808064,1807538.5883552663,0.34509471436403394
T4-E033,val_cold,raw_width_height,5561400.0,16.658623310395676,17169125.683314417,2.0871948939681406
T4-E033,val_cold,raw_width_height,2000000.0,13.971811299807356,1169177.770899355,0.41541111455032254
T4-E033,val_cold,raw_width_height,2760000.0,14.407476581808064,1807538.5883552663,0.34509471436403394
T4-E033,val_cold,raw_width_height,8280000.0,16.059682746978,9432603.910477012,0.13920337083055706
T4-E033,val_cold,raw_width_height,55200000.0,16.109973121210164,9919103.688630238,0.8203060925972783
T4-E033,val_cold,raw_width_height,2760000.0,14.407476581808064,1807538.5883552663,0.34509471436403394
T4-E033,val_cold,raw_width_height,11730000.0,15.511455369398046,5451794.450387279,0.5352263895663019
T4-E033,val_cold,raw_width_height,2760000.0,14.407476581808064,1807538.5883552663,0.34509471436403394
T4-E033,val_cold,raw_width_height,10626000.0,17.230131930296444,30405434.908936165,1.8614186814357392
T4-E033,val_cold,raw_width_height,3049800.0,15.049691385846932,3435563.0502269943,0.12648798289297472
T4-E033,val_cold,raw_width_height,2760000.0,14.407476581808064,1807538.5883552663,0.34509471436403394
T4-E033,val_cold,raw_width_height,2484000.0,14.407476581808064,1807538.5883552663,0.2723274604044822
T4-E033,val_cold,raw_width_height,2760000.0,14.407476581808064,1807538.5883552663,0.34509471436403394
T4-E033,val_cold,raw_width_height,8280000.0,15.032174744264228,3375907.531162025,0.592281699135021
T4-E033,val_cold,raw_width_height,11730000.0,15.709949832578417,6648819.197490016,0.43317824403324673
T4-E033,val_cold,raw_width_height,22080000.0,16.99724930380666,24088601.11542154,0.09096925341583066
T4-E033,val_cold,raw_width_height,4002000.0,15.88511895100996,7921720.309585135,0.979440357217675
T4-E033,val_cold,raw_width_height,19320000.0,16.418673739184875,13506393.706556004,0.300911298832505
T4-E033,val_cold,raw_width_height,35880000.0,17.719368455972457,49593406.82639801,0.3822019739798776
T4-E033,val_cold,raw_width_height,6900000.0,14.979847919361921,3203799.218633006,0.5356812726618833
T4-E033,val_cold,raw_width_height,6900000.0,15.148455308527321,3792194.0270814397,0.45040666274182034
T4-E033,val_cold,raw_width_height,2760000.0,14.39012874438138,1776452.1238602793,0.35635792613757994
T4-E033,val_cold,raw_width_height,2760000.0,14.407476581808064,1807538.5883552663,0.34509471436403394
T4-E033,val_cold,raw_width_height,2760000.0,14.407476581808064,1807538.5883552663,0.34509471436403394
T4-E033,val_cold,raw_width_height,1380000.0,14.821117134911733,2733564.8874848126,0.9808441213658062
T4-E033,val_cold,raw_width_height,11730000.0,15.522820197453878,5514106.569490253,0.5299141884492538
T4-E033,val_cold,raw_width_height,6900000.0,15.148455308527321,3792194.0270814397,0.45040666274182034
T4-E033,val_cold,raw_width_height,1380000.0,14.824784406307987,2743608.015989707,0.9881217507171789
T4-E033,val_cold,raw_width_height,2000000.0,13.971811299807356,1169177.770899355,0.41541111455032254
T4-E033,val_cold,raw_width_height,2001000.0,14.991212747417753,3240417.5321644885,0.6193990665489697
T4-E033,val_cold,raw_width_height,2760000.0,14.407476581808064,1807538.5883552663,0.34509471436403394
T4-E033,val_cold,raw_width_height,19320000.0,16.729810394986984,18435899.74833634,0.04576088259128669
T4-E033,val_cold,raw_width_height,11040000.0,14.665648001533906,2339968.443440835,0.7880463366448518
T4-E033,val_cold,raw_width_height,11730000.0,15.66186940438548,6336704.551105398,0.4597864832817223
T4-E033,val_cold,raw_width_height,22080000.0,16.99724930380666,24088601.11542154,0.09096925341583066
T4-E033,val_cold,raw_width_height,19320000.0,16.65648686879687,17132484.004330266,0.11322546561437545
T4-E033,val_cold,raw_width_height,7590000.0,14.949777533273497,3108893.8115326585,0.5903960722618368
T4-E033,val_cold,raw_width_height,4912800.0,15.375971830882886,4761016.866854238,0.0308954431578248
T4-E033,val_cold,raw_width_height,2760000.0,14.407476581808064,1807538.5883552663,0.34509471436403394
T4-E033,val_cold,raw_width_height,2760000.0,14.407476581808064,1807538.5883552663,0.34509471436403394
T4-E033,val_cold,raw_width_height,2000000.0,13.971811299807356,1169177.770899355,0.41541111455032254
T4-E033,val_cold,raw_width_height,12420000.0,15.522820197453878,5514106.569490253,0.5560300668687397
T4-E033,val_cold,raw_width_height,2760000.0,14.407476581808064,1807538.5883552663,0.34509471436403394
T4-E033,val_cold,raw_width_height,5520000.0,14.796796561926271,2667884.9474049853,0.5166875095280824
T4-E033,val_cold,raw_width_height,11730000.0,15.424056274773488,4995541.011316448,0.5741226759321015
T4-E033,val_cold,raw_width_height,5520000.0,14.796796561926271,2667884.9474049853,0.5166875095280824
T4-E033,val_cold,raw_width_height,19320000.0,16.729810394986984,18435899.74833634,0.04576088259128669
T4-E033,val_cold,raw_width_height,13000000.0,16.73110992028541,18459873.240164287,0.4199902492434067
T4-E033,val_cold,raw_width_height,3450000.0,15.340924155880014,4597044.504193734,0.33247666788224184
T4-E033,val_cold,raw_width_height,5520000.0,14.796796561926271,2667884.9474049853,0.5166875095280824
T4-E033,val_cold,raw_width_height,5520000.0,14.824784406307987,2743608.015989707,0.5029695623207053
T4-E033,val_cold,raw_width_height,17940000.0,16.374092868785535,12917491.340654192,0.2799614637316504
T4-E033,val_cold,raw_width_height,2760000.0,14.407476581808064,1807538.5883552663,0.34509471436403394
T4-E033,val_cold,raw_width_height,2760000.0,14.407476581808064,1807538.5883552663,0.34509471436403394
T4-E033,val_cold,raw_width_height,2760000.0,14.39012874438138,1776452.1238602793,0.35635792613757994
T4-E033,val_cold,raw_width_height,3312000.0,14.518427335509411,2019634.950576079,0.39020683859417904
T4-E033,val_cold,raw_width_height,4140000.0,14.711553001571192,2449888.32921824,0.40823953400525603
T4-E033,val_cold,raw_width_height,2760000.0,15.109367946594723,3646826.687022071,0.3213140170369822
T4-E033,val_cold,raw_width_height,19320000.0,16.65648686879687,17132484.004330266,0.11322546561437545
T4-E033,val_cold,raw_width_height,12420000.0,15.727955289929692,6769618.487679315,0.45494215075045774
T4-E033,val_cold,raw_width_height,8280000.0,15.115519760121593,3669330.4332197877,0.5568441505773203
T4-E033,val_cold,raw_width_height,3450000.0,14.33804222984682,1686291.38671954,0.5112198879073797
T4-E033,val_cold,raw_width_height,19320000.0,16.729810394986984,18435899.74833634,0.04576088259128669
T4-E033,val_cold,raw_width_height,4830000.0,14.711553001571192,2449888.32921824,0.4927767434330766
T4-E033,val_cold,raw_width_height,2760000.0,14.407476581808064,1807538.5883552663,0.34509471436403394
T4-E033,val_cold,raw_width_height,4457400.0,16.04748851251933,9318278.995909788,1.0905189114528173
T4-E033,val_cold,raw_width_height,2484000.0,14.407476581808064,1807538.5883552663,0.2723274604044822
T4-E033,val_cold,raw_width_height,27600000.0,14.659046880293095,2324572.8978821905,0.9157763442796308
T4-E033,val_cold,raw_width_height,938400.0,14.286808625881118,1602072.4429095194,0.7072383236461205
T4-E033,val_cold,raw_width_height,11730000.0,15.66186940438548,6336704.551105398,0.4597864832817223
T4-E033,val_cold,raw_width_height,19320000.0,16.645122040741036,16938878.499911018,0.12324645445595146
T4-E033,val_cold,raw_width_height,2484000.0,14.407476581808064,1807538.5883552663,0.2723274604044822
T4-E033,val_cold,raw_width_height,3450000.0,14.494875676432622,1972624.95143829,0.42822465175701735
T4-E033,val_cold,raw_width_height,19320000.0,16.99724930380666,24088601.11542154,0.24682200390380646
T4-E033,val_cold,raw_width_height,7000000.0,15.188184981251577,3945889.5754455123,0.4363014892220697
T4-E033,val_cold,raw_width_height,16560000.0,16.418673739184875,13506393.706556004,0.18439651530458917
T4-E033,val_cold,raw_width_height,22080000.0,16.99724930380666,24088601.11542154,0.09096925341583066
T4-E033,val_cold,raw_width_height,2000000.0,13.970743079007953,1167929.4977206662,0.4160352511396669
T4-E033,val_cold,raw_width_height,5561400.0,16.732409445583833,18483877.906402934,2.3236015942753507
T4-E033,val_cold,raw_width_height,34500000.0,16.189945363689773,10744938.491831414,0.6885525074831474
T4-E033,val_cold,raw_width_height,2484000.0,14.407476581808064,1807538.5883552663,0.2723274604044822
T4-E033,val_cold,raw_width_height,2000000.0,13.971811299807356,1169177.770899355,0.41541111455032254
T4-E033,val_cold,raw_width_height,19320000.0,16.418673739184875,13506393.706556004,0.300911298832505
T4-E033,val_cold,raw_width_height,20700000.0,16.677234775345994,17491660.375669762,0.15499225238310327
T4-E033,val_cold,raw_width_height,19320000.0,16.645122040741036,16938878.499911018,0.12324645445595146
T4-E033,val_cold,raw_width_height,1380000.0,13.952448968980177,1146757.5187148277,0.16901629078635672
T4-E033,val_cold,raw_width_height,1104000.0,13.841046899716057,1025865.1873310113,0.0707742868378521
T4-E033,val_cold,raw_width_height,966000.0,14.11366980722983,1347376.3394879978,0.39479952327950085
T4-E033,val_cold,raw_width_height,938400.0,14.291544118076777,1609677.0359943935,0.71534210996845
T4-E033,val_cold,raw_width_height,662400.0,13.941085347557673,1133799.9622278302,0.7116545323487775
T4-E033,val_cold,raw_width_height,1242000.0,14.51985736354255,2022525.151213544,0.6284421507355427
T4-E033,val_cold,raw_width_height,4761000.0,15.38541046723393,4806167.116923025,0.009486897064277437
T4-E033,val_cold,raw_width_height,662400.0,13.941085347557673,1133799.9622278302,0.7116545323487775
T4-E033,val_cold,raw_width_height,1104000.0,13.687572411767054,879907.8031051795,0.20298206240472877
T4-E033,val_cold,raw_width_height,9660000.0,16.536067068387567,15188772.60365041,0.5723367084524233
T4-E033,val_cold,raw_width_height,952200.0,14.381704926184462,1761550.4666780655,0.8499794861143305
T4-E033,val_cold,raw_width_height,2484000.0,15.071907911188358,3512743.4898959096,0.4141479427922341
T4-E033,val_cold,raw_width_height,11040000.0,17.52334563905642,40765457.01805026,2.692523280620495
T4-E033,val_cold,raw_width_height,2070000.0,14.67508663788495,2362159.11474678,0.14113966895979715
T4-E033,val_cold,raw_width_height,2208000.0,14.217728733250535,1495137.4991458931,0.3228543935027658
T4-E033,val_cold,raw_width_height,1600000.0,14.123652949561274,1360894.7551190148,0.14944077805061579
T4-E033,val_cold,raw_width_height,2856600.0,15.18862653564462,3947632.285044234,0.38193386720024985
T4-E033,val_cold,raw_width_height,1600000.0,14.062146252125302,1279712.820994122,0.2001794868786738
T4-E033,val_cold,raw_width_height,1242000.0,14.343142222260587,1694913.4274822406,0.364664595396329
T4-E033,val_cold,raw_width_height,2484000.0,15.011831241785526,3307923.608112716,0.33169227379738975
T4-E033,val_cold,raw_width_height,1104000.0,16.08980398047083,9721047.911696041,7.805297021463805
T4-E033,val_cold,raw_width_height,4140000.0,15.606388368691686,5994712.380276095,0.4479981594869795
T4-E033,val_cold,raw_width_height,372600.0,13.80169418136401,986278.6314718259,1.6470172610623346
T4-E033,val_cold,raw_width_height,4200000.0,15.143673761589458,3774104.7551597077,0.1014036297238791
T4-E033,val_cold,raw_width_height,2760000.0,14.047360416421991,1260930.3965809136,0.5431411606590892
T4-E033,val_cold,raw_width_height,700000.0,13.959409204470353,1154767.062917031,0.6496672327386159
T4-E033,val_cold,raw_width_height,1200000.0,14.005178595521897,1208848.2388290844,0.007373532357570366
T4-E033,val_cold,raw_width_height,1600000.0,14.128994053558293,1368182.8815297259,0.14488569904392135
T4-E033,val_cold,raw_width_height,6210000.0,15.18862653564462,3947632.285044234,0.3643104210878851
T4-E033,val_cold,raw_width_height,938400.0,14.50846139407977,1999607.3496597195,1.1308688721864018
T4-E033,val_cold,raw_width_height,4000000.0,15.459116449844961,5173792.051375532,0.2934480128438829
T4-E033,val_cold,raw_width_height,2856600.0,15.146529116822533,3784896.564815432,0.3249655411382174
T4-E033,val_cold,raw_width_height,2856600.0,15.18862653564462,3947632.285044234,0.38193386720024985
T4-E033,val_cold,raw_width_height,12420000.0,16.308831445387604,12101396.841950223,0.02565242818436209
T4-E033,val_cold,raw_width_height,1863000.0,14.405195930772614,1803420.9208682186,0.03198018203530937
T4-E033,val_cold,raw_width_height,4002000.0,14.831029673696094,2760796.1981882113,0.3101458775141901
T4-E033,val_cold,raw_width_height,690000.0,14.328424388948987,1670150.6484030858,1.4205081860914286
T4-E033,val_cold,raw_width_height,93840000.0,15.659943212680691,6324510.591085869,0.9326032545706963
T4-E033,val_cold,raw_width_height,2760000.0,14.405550390103276,1804060.2735462987,0.3463549733527903
T4-E033,val_cold,raw_width_height,1100000.0,14.061599241049247,1279012.9953305137,0.16273908666410336
T4-E033,val_cold,raw_width_height,1000000.0,14.082248643020751,1305698.4196138245,0.30569841961382443
T4-E033,val_cold,raw_width_height,2760000.0,14.388202552676592,1773033.6299096372,0.3575965109023054
T4-E033,val_cold,raw_width_height,6900000.0,16.141870195701394,10240594.122842541,0.4841440757742813
T4-E033,val_cold,raw_width_height,7590000.0,15.723287044824739,6738089.898160888,0.11224112013690542
T4-E033,val_cold,raw_width_height,2070000.0,14.8228582146032,2738328.387408885,0.32286395526999284
T4-E033,val_cold,raw_width_height,20700000.0,16.730483253879047,18448308.681677595,0.10877735837306306
T4-E033,val_cold,raw_width_height,14766000.0,16.724679540883983,18341550.09061897,0.24214750715284922
T4-E033,val_cold,raw_width_height,7590000.0,15.723287044824739,6738089.898160888,0.11224112013690542
T4-E033,val_cold,raw_width_height,6210000.0,15.18862653564462,3947632.285044234,0.3643104210878851
T4-E033,val_cold,raw_width_height,12420000.0,15.60508884339326,5986927.159522416,0.5179607762059246
T4-E033,val_cold,raw_width_height,19320000.0,16.727884203282194,18400422.84979351,0.04759716098377285
T4-E033,val_cold,raw_width_height,14766000.0,16.724679540883983,18341550.09061897,0.24214750715284922
T4-E033,val_cold,raw_width_height,20700000.0,16.69868903491546,17870985.518000234,0.13666736628018195
T4-E033,val_cold,raw_width_height,4830000.0,14.544947651652185,2073912.8603989603,0.570618455403942
T4-E033,val_cold,raw_width_height,13800000.0,14.388202552676592,1773033.6299096372,0.8715193021804611
T4-E033,val_cold,raw_width_height,11040000.0,15.60508884339326,5986927.159522416,0.45770587323166523
T4-E033,val_cold,raw_width_height,745200.0,14.405550390103276,1804060.2735462987,1.4209075061007765
T4-E033,val_cold,raw_width_height,14766000.0,16.6506621011968,17032981.33787338,0.15352711214095766
T4-E033,val_cold,raw_width_height,9522000.0,16.314676558206166,12172337.999310438,0.2783383742186975
T4-E033,val_cold,raw_width_height,8280000.0,15.03024855255944,3369411.1447307784,0.5930662868682635
T4-E033,val_cold,raw_width_height,7590000.0,15.723287044824739,6738089.898160888,0.11224112013690542
T4-E033,val_cold,raw_width_height,1000000.0,13.796434031159624,981104.2785944173,0.018895721405582735
T4-E033,val_cold,raw_width_height,2760000.0,14.405550390103276,1804060.2735462987,0.3463549733527903
T4-E033,val_cold,raw_width_height,12420000.0,15.883192759305173,7906476.243846876,0.3634077098351952
T4-E033,val_cold,raw_width_height,4140000.0,15.606388368691686,5994712.380276095,0.4479981594869795
T4-E033,val_cold,raw_width_height,4002000.0,14.831029673696094,2760796.1981882113,0.3101458775141901
T4-E033,val_cold,raw_width_height,14766000.0,16.724679540883983,18341550.09061897,0.24214750715284922
T4-E033,val_cold,raw_width_height,27600000.0,14.657120688588307,2320099.6344136717,0.9159384190429829
T4-E033,val_cold,raw_width_height,9108000.0,15.956318581584368,8506308.150645893,0.0660619070437096
T4-E033,val_cold,raw_width_height,13800000.0,14.388202552676592,1773033.6299096372,0.8715193021804611
T4-E033,val_cold,raw_width_height,49680000.0,15.735001819266746,6817489.266296917,0.8627719551872601
T4-E033,val_cold,raw_width_height,365700.0,13.814415928810243,998905.9697339216,1.7314902098275131
T4-E033,val_cold,raw_width_height,2070000.0,14.553863825732053,2092486.9101692454,0.010863241627654802
T4-E033,val_cold,raw_width_height,2070000.0,14.553863825732053,2092486.9101692454,0.010863241627654802
T4-E033,val_cold,raw_width_height,2070000.0,14.553863825732053,2092486.9101692454,0.010863241627654802
T4-E033,val_cold,raw_width_height,828000.0,14.263637542729002,1565377.4621218364,0.8905524904853096
T4-E033,val_cold,raw_width_height,828000.0,14.263637542729002,1565377.4621218364,0.8905524904853096
T4-E033,val_cold,raw_width_height,828000.0,14.263637542729002,1565377.4621218364,0.8905524904853096
T4-E033,val_cold,raw_width_height,7314000.0,16.065773627951003,9490232.103231136,0.29754335565096196
T4-E033,val_cold,raw_width_height,735540.0,14.337422110128028,1685246.0083423774,1.2911684046311245
T4-E033,val_cold,raw_width_height,1449000.0,14.543853629500076,2071645.194452706,0.4297068284697764
T4-E033,val_cold,raw_width_height,828000.0,14.263637542729002,1565377.4621218364,0.8905524904853096
T4-E033,val_cold,raw_width_height,662400.0,14.112150224953155,1345330.4451285913,1.030994029481569
T4-E033,val_cold,raw_width_height,2484000.0,15.03849612852075,3397315.5326944934,0.3676793609881213
T4-E033,val_cold,raw_width_height,3174000.0,14.871259004291872,2874125.4777588537,0.09447842540678837
T4-E033,val_cold,raw_width_height,662400.0,14.112150224953155,1345330.4451285913,1.030994029481569
T4-E033,val_cold,raw_width_height,1725000.0,14.60937690549744,2211932.0127320853,0.2822794276707741
T4-E033,val_cold,raw_width_height,4278000.0,15.510509817456082,5446641.931928336,0.2731748321478111
T4-E033,val_cold,raw_width_height,735540.0,14.337422110128028,1685246.0083423774,1.2911684046311245
T4-E033,val_cold,raw_width_height,5000000.0,15.033469163311628,3380280.1995947314,0.3239439600810537
T4-E033,val_cold,raw_width_height,2898000.0,14.785633337399057,2638268.3645679033,0.08962444286821832
T4-E033,val_cold,raw_width_height,666540.0,14.337422110128028,1685246.0083423774,1.5283493988993568
T4-E033,val_cold,raw_width_height,3036000.0,14.913104819310938,2996947.472077706,0.012863151489556687
T4-E033,val_cold,raw_width_height,3864000.0,15.44015108335613,5076593.802569099,0.3138182718864127
T4-E033,val_cold,raw_width_height,6072000.0,14.966304854086099,3160702.446595684,0.4794627064236357
T4-E033,val_cold,raw_width_height,1725000.0,14.30959446945143,1638996.0856227076,0.04985734166799559
T4-E033,val_cold,raw_width_height,2484000.0,15.052604901745614,3445587.2134833587,0.38711240478396086
T4-E033,val_cold,raw_width_height,662400.0,14.112150224953155,1345330.4451285913,1.030994029481569
T4-E033,val_cold,raw_width_height,2760000.0,14.724568148441627,2481982.3870333275,0.10073101919082338
T4-E033,val_cold,raw_width_height,2346000.0,14.405195930772614,1803420.9208682186,0.2312783798515692
T4-E033,val_cold,raw_width_height,3450000.0,15.03849612852075,3397315.5326944934,0.015270860088552631
T4-E033,val_cold,raw_width_height,2346000.0,14.405195930772614,1803420.9208682186,0.2312783798515692
T4-E033,val_cold,raw_width_height,2070000.0,14.721708092375348,2474893.91978969,0.19560092743463287
T4-E033,val_cold,raw_width_height,8418000.0,15.857132197181606,7703090.709879707,0.08492626397247487
T4-E033,val_cold,raw_width_height,4140000.0,14.839382752254915,2783953.9302438,0.3275473598444928
T4-E033,val_cold,raw_width_height,2760000.0,14.952090578263723,3116093.145770755,0.12901925571404171
T4-E033,val_cold,raw_width_height,2760000.0,15.641385997505656,6208227.568719094,1.2493578147532949
T4-E033,val_cold,raw_width_height,2484000.0,15.03849612852075,3397315.5326944934,0.3676793609881213
T4-E033,val_cold,raw_width_height,6210000.0,15.055675963006918,3456185.087928548,0.4434484560501533
T4-E033,val_cold,raw_width_height,4140000.0,14.267380615752367,1571247.7639019373,0.6204715546130586
T4-E033,val_cold,raw_width_height,6210000.0,15.055675963006918,3456185.087928548,0.4434484560501533
T4-E033,val_cold,raw_width_height,2760000.0,14.724568148441627,2481982.3870333275,0.10073101919082338
T4-E033,val_cold,raw_width_height,2622000.0,14.665648001533906,2339968.443440835,0.10756352271516591
T4-E033,val_cold,raw_width_height,1725000.0,14.60937690549744,2211932.0127320853,0.2822794276707741
T4-E033,val_cold,raw_width_height,4140000.0,14.513448038746128,2009603.584104925,0.5145885062548491
T4-E033,val_cold,raw_width_height,2760000.0,15.48026986063801,5284401.155443034,0.9146380997982008
T4-E033,val_cold,raw_width_height,6210000.0,15.055675963006918,3456185.087928548,0.4434484560501533
T4-E033,val_cold,raw_width_height,1656000.0,13.881504834455964,1068220.6031789968,0.3549392492880454
T4-E033,val_cold,raw_width_height,1242000.0,13.758205433977391,944305.8950247801,0.23968929547119158
T4-E033,val_cold,raw_width_height,2070000.0,13.96145339147073,1157130.03709321,0.44099998208057484
T4-E033,val_cold,raw_width_height,1656000.0,14.012478285178478,1217704.7413474815,0.26467104991094115
T4-E033,val_cold,raw_width_height,1380000.0,13.871843547341822,1057949.9111717572,0.23336962958568322
T4-E033,val_cold,raw_width_height,1794000.0,14.11269723602921,1346066.557095375,0.24968419336935624
T4-E033,val_cold,raw_width_height,2070000.0,14.073711477076424,1294598.9021574983,0.3745899023393728
T4-E033,val_cold,raw_width_height,2346000.0,14.36335011575355,1729512.4669626832,0.26278240964932514
T4-E033,val_cold,raw_width_height,1794000.0,14.108071146048761,1339853.913286795,0.25314720552575537
T4-E033,val_cold,raw_width_height,1794000.0,14.11269723602921,1346066.557095375,0.24968419336935624
T4-E033,val_cold,raw_width_height,3312000.0,14.348483326257606,1703990.355193393,0.4855101584561011
T4-E033,val_cold,raw_width_height,1932000.0,14.071474233713307,1291705.8068416186,0.33141521385009387
T4-E033,val_cold,raw_width_height,1656000.0,13.965181963947185,1161452.5336643648,0.29863977435726763
T4-E033,val_cold,raw_width_height,10074000.0,15.82790985742033,7481245.579569408,0.25737089740228236
T4-E033,val_cold,raw_width_height,8280000.0,14.428873391750914,1846630.8817445217,0.7769769466492124
T4-E033,val_cold,raw_width_height,5520000.0,14.913699659404056,2998730.7069082726,0.45675168353111006
T4-E033,val_cold,raw_width_height,6762000.0,13.777884046393659,963072.5701899519,0.8575757808059816
T4-E033,val_cold,raw_width_height,650000.0,13.976546792003017,1174727.5331656768,0.807273127947195
T4-E033,val_cold,raw_width_height,1021200.0,14.185588655407189,1447847.6834498832,0.4177905243340024
T4-E033,val_cold,raw_width_height,2553000.0,14.656177017142587,2317911.255355264,0.09208333123569759
T4-E033,val_cold,raw_width_height,1380000.0,16.402596816639573,13290988.62604691,8.631151178294862
T4-E033,val_cold,raw_width_height,18906000.0,16.647258482339844,16975106.109882135,0.10213127526276658
T4-E033,val_cold,raw_width_height,5934000.0,15.137090480471489,3749340.3674905016,0.368159695400994
T4-E033,val_cold,raw_width_height,5934000.0,15.375971830882886,4761016.866854238,0.19767157619578052
T4-E033,val_cold,raw_width_height,9936000.0,15.375971830882886,4761016.866854238,0.5208316357835912
T4-E033,val_cold,raw_width_height,19527000.0,16.513504278748556,14849908.754983589,0.23951919112082815
T4-E033,val_cold,raw_width_height,19527000.0,16.73891836551124,18604580.382880688,0.04723816342086917
T4-E033,val_cold,raw_width_height,19527000.0,16.73891836551124,18604580.382880688,0.04723816342086917
T4-E033,val_cold,raw_width_height,19527000.0,16.73891836551124,18604580.382880688,0.04723816342086917
T4-E033,val_cold,raw_width_height,11730000.0,15.65157279712905,6271792.752187908,0.46532031098142307
T4-E033,val_cold,raw_width_height,2001000.0,13.86061432827173,1046136.4121735004,0.4771931973145925
T4-E033,val_cold,raw_width_height,2001000.0,13.86061432827173,1046136.4121735004,0.4771931973145925
T4-E033,val_cold,raw_width_height,690000.0,13.685094010906184,877729.7390213188,0.27207208553814327
T4-E033,val_cold,raw_width_height,20010000.0,16.513504278748556,14849908.754983589,0.25787562443860124
T4-E033,val_cold,raw_width_height,8280000.0,15.183692086990211,3928200.8772966843,0.5255796041912217
T4-E033,val_cold,raw_width_height,16560000.0,16.366260108558045,12816706.953489399,0.22604426609363534
T4-E033,val_cold,raw_width_height,2400000.0,14.479123698722255,1941795.6558178086,0.19091847674257975
T4-E033,val_cold,raw_width_height,2400000.0,14.479123698722255,1941795.6558178086,0.19091847674257975
T4-E033,val_cold,raw_width_height,11040000.0,15.495703391687679,5366590.731023117,0.5138957671174713
T4-E033,val_cold,raw_width_height,800000.0,13.821209889720265,1005715.603845882,0.2571445048073525
T4-E033,val_cold,raw_width_height,11730000.0,15.65157279712905,6271792.752187908,0.46532031098142307
T4-E033,val_cold,raw_width_height,6348000.0,14.813419578252155,2712603.8945949273,0.5726836965036346
T4-E033,val_cold,raw_width_height,11730000.0,15.711249357876842,6657465.122824411,0.43244116599962396
T4-E033,val_cold,raw_width_height,690000.0,13.685094010906184,877729.7390213188,0.27207208553814327
T4-E033,val_cold,raw_width_height,690000.0,13.685094010906184,877729.7390213188,0.27207208553814327
T4-E033,val_cold,raw_width_height,690000.0,13.685094010906184,877729.7390213188,0.27207208553814327
T4-E033,val_cold,raw_width_height,690000.0,13.685094010906184,877729.7390213188,0.27207208553814327
T4-E033,val_cold,raw_width_height,2070000.0,14.796686880222587,2667592.345285564,0.2886919542442339
T4-E033,val_cold,raw_width_height,2070000.0,14.608361214548303,2209686.513966077,0.06748140771308068
T4-E033,val_cold,raw_width_height,2070000.0,14.608361214548303,2209686.513966077,0.06748140771308068
T4-E033,val_cold,raw_width_height,2000000.0,14.369820570851141,1740739.4825009536,0.1296302587495232
T4-E033,val_cold,raw_width_height,2000000.0,14.369820570851141,1740739.4825009536,0.1296302587495232
T4-E033,val_cold,raw_width_height,700000.0,13.830823876914899,1015431.1686072916,0.4506159551532738
T4-E033,val_cold,raw_width_height,700000.0,13.821209889720265,1005715.603845882,0.4367365769226886
T4-E033,val_cold,raw_width_height,6900000.0,15.190552727349408,3955243.5095907594,0.42677630295786095
T4-E033,val_cold,raw_width_height,3036000.0,14.396111753752232,1787112.5123660914,0.4113595150309317
T4-E033,val_cold,raw_width_height,2070000.0,14.284194903958326,1597890.5385918207,0.22807220357883057
T4-E033,val_cold,raw_width_height,2070000.0,14.284362906898842,1598159.0114524101,0.2279425065447294
T4-E033,val_cold,raw_width_height,1104000.0,13.890215233271565,1077565.8720791042,0.02394395645008679
T4-E033,val_cold,raw_width_height,8000000.0,16.25170188119893,11429426.747617045,0.4286783434521307
T4-E033,val_cold,raw_width_height,700000.0,13.78985545087486,974671.1888294783,0.3923874126135405
T4-E033,val_cold,raw_width_height,4500000.0,15.205709016651854,4015646.913935921,0.10763401912535085
T4-E033,val_cold,raw_width_height,4500000.0,15.205709016651854,4015646.913935921,0.10763401912535085
T4-E033,val_cold,raw_width_height,345000000.0,15.815164210164573,7386497.358741513,0.9785898627282854
T4-E033,val_cold,raw_width_height,800000.0,14.129849899120838,1369354.3359981836,0.7116929199977294
T4-E033,val_cold,raw_width_height,800000.0,14.224559743034035,1505385.7611683775,0.8817322014604718
T4-E033,val_cold,raw_width_height,4000000.0,15.200566021983578,3995047.480062403,0.0012381299843993037
T4-E033,val_cold,raw_width_height,2000000.0,14.77832580259258,2619059.3972435873,0.30952969862179364
T4-E033,val_cold,raw_width_height,4000000.0,14.976114653422787,3191860.8824917534,0.20203477937706163
T4-E033,val_cold,raw_width_height,800000.0,13.804007226354233,988562.5787374136,0.23570322342176703
T4-E033,val_cold,raw_width_height,800000.0,14.254629327906953,1551339.5289532463,0.9391744111915579
T4-E033,val_cold,raw_width_height,2000000.0,14.77832580259258,2619059.3972435873,0.30952969862179364
T4-E033,val_cold,raw_width_height,4000000.0,14.976114653422787,3191860.8824917534,0.20203477937706163
T4-E033,val_cold,raw_width_height,800000.0,14.159919483993756,1411155.5757832765,0.7639444697290956
T4-E033,val_cold,raw_width_height,800000.0,14.159919483993756,1411155.5757832765,0.7639444697290956
T4-E033,val_cold,raw_width_height,800000.0,14.224559743034035,1505385.7611683775,0.8817322014604718
T4-E033,val_cold,raw_width_height,800000.0,13.839523417821683,1024303.4902027516,0.2803793627534395
T4-E033,val_cold,raw_width_height,800000.0,14.224559743034035,1505385.7611683775,0.8817322014604718
T4-E033,val_cold,raw_width_height,800000.0,14.224559743034035,1505385.7611683775,0.8817322014604718
T4-E033,val_cold,raw_width_height,2500000.0,15.150090434288956,3798399.8134661624,0.5193599253864649
T4-E033,val_cold,raw_width_height,800000.0,14.159919483993756,1411155.5757832765,0.7639444697290956
T4-E033,val_cold,raw_width_height,800000.0,14.159919483993756,1411155.5757832765,0.7639444697290956
T4-E033,val_cold,raw_width_height,800000.0,14.254629327906953,1551339.5289532463,0.9391744111915579
T4-E033,val_cold,raw_width_height,800000.0,14.159919483993756,1411155.5757832765,0.7639444697290956
T4-E033,val_cold,raw_width_height,800000.0,13.804007226354233,988562.5787374136,0.23570322342176703
T4-E033,val_cold,raw_width_height,800000.0,14.159919483993756,1411155.5757832765,0.7639444697290956
T4-E033,val_cold,raw_width_height,800000.0,14.224559743034035,1505385.7611683775,0.8817322014604718
T4-E033,val_cold,raw_width_height,800000.0,14.224559743034035,1505385.7611683775,0.8817322014604718
T4-E033,val_cold,raw_width_height,4000000.0,14.976114653422787,3191860.8824917534,0.20203477937706163
T4-E033,val_cold,raw_width_height,800000.0,14.254629327906953,1551339.5289532463,0.9391744111915579
T4-E033,val_cold,raw_width_height,2500000.0,15.150090434288956,3798399.8134661624,0.5193599253864649
T4-E033,val_cold,raw_width_height,4000000.0,14.976114653422787,3191860.8824917534,0.20203477937706163
T4-E033,val_cold,raw_width_height,800000.0,14.254629327906953,1551339.5289532463,0.9391744111915579
T4-E033,val_cold,raw_width_height,800000.0,14.224559743034035,1505385.7611683775,0.8817322014604718
T4-E033,val_cold,raw_width_height,2500000.0,15.150090434288956,3798399.8134661624,0.5193599253864649
T4-E033,val_cold,raw_width_height,800000.0,14.129849899120838,1369354.3359981836,0.7116929199977294
T4-E033,val_cold,raw_width_height,6000000.0,16.891162257698383,21663995.732284375,2.610665955380729
T4-E033,val_cold,raw_width_height,800000.0,14.052761398172352,1267759.0828465384,0.584698853558173
T4-E033,val_cold,raw_width_height,800000.0,14.254629327906953,1551339.5289532463,0.9391744111915579
T4-E033,val_cold,raw_width_height,4500000.0,15.225069222136195,4094148.111042064,0.09018930865731908
T4-E033,val_cold,raw_width_height,12000000.0,16.72423540981578,18333405.847074386,0.5277838205895321
T4-E033,val_cold,raw_width_height,3000000.0,14.87684644243238,2890229.424079469,0.03659019197351036
T4-E033,val_cold,raw_width_height,7500000.0,15.736721183697881,6829221.097607619,0.08943718698565079
T4-E033,val_cold,raw_width_height,7500000.0,15.736721183697881,6829221.097607619,0.08943718698565079
T4-E033,val_cold,raw_width_height,450000.0,13.777884046393659,963072.5701899519,1.140161267088782
T4-E033,val_cold,raw_width_height,7500000.0,15.679356065509307,6448486.857472077,0.1402017523370564
T4-E033,val_cold,raw_width_height,12000000.0,16.72423540981578,18333405.847074386,0.5277838205895321
T4-E033,val_cold,raw_width_height,12000000.0,16.72423540981578,18333405.847074386,0.5277838205895321
T4-E033,val_cold,raw_width_height,12000000.0,17.2290732370928,30373261.91531406,1.5311051596095049
T4-E033,val_cold,raw_width_height,7500000.0,15.738020708996308,6838101.612169417,0.08825311837741112
T4-E033,val_cold,raw_width_height,20000000.0,17.726635923518113,49955138.144192286,1.4977569072096142
T4-E033,val_cold,raw_width_height,50000000.0,22.20774017858532,4412645259.152916,87.25290518305832
T4-E033,val_cold,raw_width_height,7500000.0,15.679356065509307,6448486.857472077,0.1402017523370564
T4-E033,val_cold,raw_width_height,3000000.0,14.87684644243238,2890229.424079469,0.03659019197351036
T4-E033,val_cold,raw_width_height,3000000.0,14.87684644243238,2890229.424079469,0.03659019197351036
T4-E033,val_cold,raw_width_height,2000000.0,13.979142464709202,1177780.7021602013,0.4111096489198994
T4-E033,val_cold,raw_width_height,700000.0,13.795602291504979,980288.5945259848,0.40041227789426403
T4-E033,val_cold,raw_width_height,700000.0,13.793465849906172,978196.5008075869,0.39742357258226707
T4-E033,val_cold,raw_width_height,8500000.0,15.258272368613419,4232368.691365438,0.5020742716040661
T4-E033,val_cold,raw_width_height,4000000.0,14.493107471261114,1969140.027735749,0.5077149930660627
T4-E033,val_cold,raw_width_height,20000000.0,16.747912870794078,18772674.20656532,0.06136628967173398
T4-E033,val_cold,raw_width_height,20000000.0,16.747912870794078,18772674.20656532,0.06136628967173398
T4-E033,val_cold,raw_width_height,700000.0,13.788124745909153,972985.7794569222,0.3899796849384603
T4-E033,val_cold,raw_width_height,12000000.0,15.794261302846865,7233700.600721226,0.3971916166065645
T4-E033,val_cold,raw_width_height,700000.0,13.788124745909153,972985.7794569222,0.3899796849384603
T4-E033,val_cold,raw_width_height,700000.0,13.763984675932809,949779.0674323699,0.35682723918909987
T4-E033,val_cold,raw_width_height,12000000.0,15.794261302846865,7233700.600721226,0.3971916166065645
T4-E033,val_cold,raw_width_height,12000000.0,15.734584742099074,6814646.440063262,0.4321127966613948
T4-E033,val_cold,raw_width_height,20000000.0,16.747912870794078,18772674.20656532,0.06136628967173398
T4-E033,val_cold,raw_width_height,20000000.0,16.710650143500953,18086025.812690224,0.09569870936548877
T4-E033,val_cold,raw_width_height,6500000.0,14.868443678840462,2866045.258710966,0.5590699601983129
T4-E033,val_cold,raw_width_height,17000000.0,16.462267306512327,14108207.899478104,0.17010541767775858
T4-E033,val_cold,raw_width_height,700000.0,13.781627119417022,966684.1761827242,0.38097739454674884
T4-E033,val_cold,raw_width_height,700000.0,13.786968223414041,971861.1499705595,0.3883730713865136
T4-E033,val_cold,raw_width_height,300000.0,13.811101864196822,995601.0102569866,2.3186700341899553
T4-E033,val_cold,raw_width_height,8600000.0,17.44425555019386,37665516.42654465,3.379711212388913
T4-E033,val_cold,raw_width_height,480000.0,13.974266140967567,1172051.442375351,1.4417738382819811
T4-E033,val_cold,raw_width_height,8600000.0,17.298366757508067,32552566.046584465,2.785182098440054
T4-E033,val_cold,raw_width_height,9000000.0,17.642740961591006,45935140.09752182,4.103904455280202
T4-E033,val_cold,raw_width_height,2400000.0,15.096716093309064,3600978.216457553,0.5004075901906472
T4-E033,val_cold,raw_width_height,4000000.0,15.711249357876842,6657465.122824411,0.6643662807061027
T4-E033,val_cold,raw_width_height,1200000.0,14.467144136687129,1918672.573033688,0.5988938108614066
T4-E033,val_cold,raw_width_height,9000000.0,17.608928303694725,44407916.17298889,3.9342129081098767
T4-E033,val_cold,raw_width_height,2400000.0,15.039525281325217,3400813.689262688,0.4170057038594534
T4-E033,val_cold,raw_width_height,2400000.0,15.053466051609567,3448555.65839801,0.43689819099917077
T4-E033,val_cold,raw_width_height,8600000.0,17.441756048813488,37571488.97606836,3.368777787914926
T4-E033,val_cold,raw_width_height,9000000.0,17.421821660858555,36829940.0569148,3.092215561879422
T4-E033,val_cold,raw_width_height,400000.0,13.777743214847682,962936.9487411174,1.4073423718527935
T4-E033,val_cold,raw_width_height,1040000.0,14.56519304535095,2116327.9491055952,1.0349307202938416
T4-E033,val_cold,raw_width_height,100000.0,13.576484796532139,787394.5976989155,6.873945976989155
T4-E033,val_cold,raw_width_height,400000.0,13.799052929728152,983677.0586397152,1.459192646599288
T4-E033,val_cold,raw_width_height,2400000.0,14.848658364563878,2809896.9402335584,0.17079039176398267
T4-E033,val_cold,raw_width_height,960000.0,14.420062720268557,1830432.2887255508,0.906700300755782
T4-E033,val_cold,raw_width_height,300000.0,13.742227023380234,929337.2934037672,2.0977909780125574
T4-E033,val_cold,raw_width_height,640000.0,14.217462575615583,1494739.6098381798,1.3355306403721559
T4-E033,val_cold,raw_width_height,300000.0,13.983627723143675,1183075.2177478215,2.943584059159405
T4-E033,val_cold,raw_width_height,2400000.0,15.08809922611993,3570082.3692900883,0.4875343205375368
T4-E033,val_cold,raw_width_height,2800000.0,15.127989102549304,3715371.022258889,0.32691822223531747
T4-E033,val_cold,raw_width_height,7200000.0,16.557867840688658,15523535.361489482,1.1560465779846503
T4-E033,val_cold,raw_width_height,4186400.0,15.962143349184435,8556000.000000017,1.0437607490923029
T4-E033,val_cold,raw_width_height,928700.0,14.358338425035491,1720866.369266054,0.8529841383289049
T4-E033,val_cold,raw_width_height,1476700.0,14.711553001571192,2449888.32921824,0.6590291387676847
T4-E033,val_cold,raw_width_height,3075100.0,15.608314560396474,6006270.473513649,0.9531951720313645
T4-E033,val_cold,raw_width_height,989600.0,14.27822186508021,1588374.7237393209,0.6050674249588933
T4-E033,val_cold,raw_width_height,989600.0,14.39012874438138,1776452.1238602793,0.795121386277566
T4-E033,val_cold,raw_width_height,989600.0,14.358338425035491,1720866.369266054,0.7389514644968208
T4-E033,val_cold,raw_width_height,6135000.0,16.732409445583833,18483877.906402934,2.012857034458506
T4-E033,val_cold,raw_width_height,4917100.0,16.159671194545215,10424519.094334029,1.120054319483848
T4-E033,val_cold,raw_width_height,6135000.0,16.658623310395676,17169125.683314417,1.7985534936127818
T4-E033,val_cold,raw_width_height,593800.0,14.061398844153956,1278756.7107773842,1.1535141643270195
T4-E033,val_cold,raw_width_height,822100.0,14.228827403671415,1511823.964988355,0.8389781839050664
T4-E033,val_cold,raw_width_height,1476700.0,14.743599625553303,2529670.526524468,0.7130564952424107
T4-E033,val_cold,raw_width_height,2207400.0,15.061298010621554,3475670.6481074453,0.5745540672770886
T4-E033,val_cold,raw_width_height,989600.0,14.358338425035491,1720866.369266054,0.7389514644968208
T4-E033,val_cold,raw_width_height,600000.0,13.823037496832582,1007555.3374794932,0.6792588957991554
T4-E033,val_cold,raw_width_height,600000.0,13.809348330351252,993856.7199718007,0.6564278666196678
T4-E033,val_cold,raw_width_height,600000.0,13.875901525726714,1062251.7715685498,0.7704196192809163
T4-E033,val_cold,raw_width_height,800000.0,14.033299589708196,1243324.7378967206,0.5541559223709008
T4-E033,val_cold,raw_width_height,800000.0,14.104334341647734,1334856.4843094074,0.6685706053867593
T4-E033,val_cold,raw_width_height,600000.0,14.08180713454221,1305122.0699321446,1.1752034498869077
T4-E033,val_cold,raw_width_height,600000.0,13.837929286465727,1022671.9167077583,0.7044531945129305
T4-E033,val_cold,raw_width_height,800000.0,13.956207189142013,1151075.3946243317,0.43884424328041466
T4-E033,val_cold,raw_width_height,600000.0,13.822806192333559,1007322.3123478395,0.6788705205797324
T4-E033,val_cold,raw_width_height,1000000.0,14.287691642838203,1603487.7248100848,0.6034877248100848
T4-E033,val_cold,raw_width_height,800000.0,13.94970956264988,1143620.382815563,0.4295254785194536
T4-E033,val_cold,raw_width_height,800000.0,13.866838449225833,1052667.99733946,0.3158349966743251
T4-E033,val_cold,raw_width_height,600000.0,13.748451144334338,935139.6396457432,0.5585660660762386
T4-E033,val_cold,raw_width_height,800000.0,13.83899750726513,1023764.9398112212,0.2797061747640265
T4-E033,val_cold,raw_width_height,600000.0,13.977810103172015,1176212.5173799286,0.9603541956332143
T4-E033,val_cold,raw_width_height,800000.0,14.031277251157803,1240812.8551433801,0.5510160689292252
T4-E033,val_cold,raw_width_height,600000.0,13.809348330351252,993856.7199718007,0.6564278666196678
T4-E033,val_cold,raw_width_height,600000.0,13.87785903210554,1064333.1727006794,0.773888621167799
T4-E033,val_cold,raw_width_height,800000.0,13.775598172797974,960873.6222470449,0.20109202780880617
T4-E033,val_cold,raw_width_height,600000.0,13.79080566900815,975597.7792288805,0.6259962987148009
T4-E033,val_cold,raw_width_height,600000.0,13.74002338060522,927291.6207852712,0.5454860346421186
T4-E033,val_cold,raw_width_height,600000.0,13.809348330351252,993856.7199718007,0.6564278666196678
T4-E033,val_cold,raw_width_height,21312500.0,15.709964862222881,6648919.127629615,0.6880272550085811
T4-E033,val_cold,raw_width_height,22834800.0,15.794262104062371,7233706.396476638,0.6832156884896458
T4-E033,val_cold,raw_width_height,6089300.0,14.585222164195157,2159143.4804608636,0.645420084334675
T4-E033,val_cold,raw_width_height,30446400.0,16.370123713823386,12866321.433624469,0.5774107469643548
T4-E033,val_cold,raw_width_height,22834800.0,15.864809976264215,7762460.96279883,0.6600600415681841
T4-E033,val_cold,raw_width_height,22834800.0,15.7966298501602,7250854.269463177,0.6824647349894382
T4-E033,val_cold,raw_width_height,12178600.0,15.827467547726284,7477937.2838256,0.38597726472454963
T4-E033,val_cold,raw_width_height,3653600.0,14.422852602685788,1835546.1097465456,0.49760616659006307
T4-E033,val_cold,raw_width_height,16745600.0,15.468454760244228,5222332.819125256,0.6881370139543966
T4-E033,val_cold,raw_width_height,21312500.0,15.709964862222881,6648919.127629615,0.6880272550085811
T4-E033,val_cold,raw_width_height,18267900.0,15.867177722362046,7780862.275674615,0.574069144473387
T4-E033,val_cold,raw_width_height,21312500.0,15.709964862222881,6648919.127629615,0.6880272550085811
T4-E033,val_cold,raw_width_height,60892800.0,17.532346341143647,41134030.976056956,0.3244844878859741
T4-E033,val_cold,raw_width_height,42625000.0,16.98332775212233,23755573.916310694,0.4426844829018019
T4-E033,val_cold,raw_width_height,3805800.0,14.38639479353595,1769831.3075443641,0.5349647097734079
T4-E033,val_cold,raw_width_height,98950800.0,19.42086370588303,271877921.6050578,1.7476071098470936
T4-E033,val_cold,raw_width_height,11417400.0,15.10855735337408,3643871.79180352,0.6808492483574614
T4-E033,val_cold,raw_width_height,45669600.0,17.44893131504574,37842043.9032504,0.1713953285500551
T4-E033,val_cold,raw_width_height,22834800.0,16.376628444795234,12950286.181138199,0.43287061059706244
T4-E033,val_cold,raw_width_height,16745600.0,15.468454760244228,5222332.819125256,0.6881370139543966
T4-E033,val_cold,raw_width_height,9134000.0,14.911029508013298,2990734.3224702175,0.6725712368655334
T4-E033,val_cold,raw_width_height,27401800.0,16.252621028319982,11439936.901756417,0.5825114809335001
T4-E033,val_cold,raw_width_height,9134000.0,14.911029508013298,2990734.3224702175,0.6725712368655334
T4-E033,val_cold,raw_width_height,11417400.0,15.10855735337408,3643871.79180352,0.6808492483574614
T4-E033,val_cold,raw_width_height,5328200.0,15.224630336247314,4092351.6414605486,0.23194481410972775
T4-E033,val_cold,raw_width_height,776400.0,13.962008255067204,1157772.26458503,0.4912059049266229
T4-E033,val_cold,raw_width_height,900000.0,14.308085992721312,1636525.5619989638,0.8183617355544043
T4-E033,val_cold,raw_width_height,7916100.0,15.918973855859747,8194500.822512554,0.035168937041289774
T4-E033,val_cold,raw_width_height,2511900.0,14.794870370221483,2662751.03558647,0.06005455455490657
T4-E033,val_cold,raw_width_height,395900.0,13.812179937994955,996674.9203927174,1.5174915897770076
T4-E033,val_cold,raw_width_height,2207400.0,14.663247907395801,2334359.033145494,0.05751519124105003
T4-E033,val_cold,raw_width_height,989600.0,14.308085992721312,1636525.5619989638,0.6537242946634638
T4-E033,val_cold,raw_width_height,3805800.0,15.124958396472637,3704127.870674435,0.026715047907290176
T4-E033,val_cold,raw_width_height,1674600.0,14.516389048605042,2015522.5476570078,0.2035844665335052
T4-E033,val_cold,raw_width_height,1248400.0,14.211248261745709,1485479.6307570345,0.18990678529079985
T4-E033,val_cold,raw_width_height,3714500.0,15.195056915046043,3973098.8504602057,0.069618750965192
T4-E033,val_cold,raw_width_height,6180700.0,15.335999560224336,4574461.570347794,0.2598796948002986
T4-E033,val_cold,raw_width_height,1248400.0,14.211248261745709,1485479.6307570345,0.18990678529079985
T4-E033,val_cold,raw_width_height,6180700.0,15.335999560224336,4574461.570347794,0.2598796948002986
T4-E033,val_cold,raw_width_height,7429000.0,16.714294190219665,18152052.364563063,1.4434045449674333
T4-E033,val_cold,raw_width_height,3714500.0,15.191852252647832,3960386.789780448,0.0661964705291286
T4-E033,val_cold,raw_width_height,12361300.0,16.697169163300927,17843844.545009565,0.44352491606947203
T4-E033,val_cold,raw_width_height,2481400.0,14.800001224324483,2676448.33202831,0.07860414766998865
T4-E033,val_cold,raw_width_height,1248400.0,14.211248261745709,1485479.6307570345,0.18990678529079985
T4-E033,val_cold,raw_width_height,1248400.0,14.211248261745709,1485479.6307570345,0.18990678529079985
T4-E033,val_cold,raw_width_height,1491900.0,14.2471809615545,1539827.5098943533,0.032125149067868716
T4-E033,val_cold,raw_width_height,2481400.0,14.796796561926271,2667884.9474049853,0.07515311816111281
T4-E033,val_cold,raw_width_height,1248400.0,14.211248261745709,1485479.6307570345,0.18990678529079985
T4-E033,val_cold,raw_width_height,1248400.0,14.211248261745709,1485479.6307570345,0.18990678529079985
T4-E033,val_cold,raw_width_height,6180700.0,15.335999560224336,4574461.570347794,0.2598796948002986
T4-E033,val_cold,raw_width_height,4947600.0,15.389994310260874,4828248.402458012,0.024123129909852836
T4-E033,val_cold,raw_width_height,12361300.0,16.697169163300927,17843844.545009565,0.44352491606947203
T4-E033,val_cold,raw_width_height,6000000.0,15.400196302937239,4877758.277573621,0.18704028707106318
T4-E033,val_cold,raw_width_height,2500000.0,14.779284215758949,2621570.741513882,0.048628296605552734
T4-E033,val_cold,raw_width_height,6000000.0,15.400196302937239,4877758.277573621,0.18704028707106318
T4-E033,val_cold,raw_width_height,6000000.0,15.414496583268637,4948012.720206702,0.175331213298883
T4-E033,val_cold,raw_width_height,1500000.0,14.23945370392452,1527974.7197790495,0.01864981318603301
T4-E033,val_cold,raw_width_height,6000000.0,15.414496583268637,4948012.720206702,0.175331213298883
T4-E033,val_cold,raw_width_height,2500000.0,14.601218747688652,2193960.130711974,0.12241594771521036
T4-E033,val_cold,raw_width_height,6000000.0,15.414496583268637,4948012.720206702,0.175331213298883
T4-E033,val_cold,raw_width_height,2500000.0,14.601218747688652,2193960.130711974,0.12241594771521036
T4-E033,val_cold,raw_width_height,1500000.0,14.23945370392452,1527974.7197790495,0.01864981318603301
T4-E033,val_cold,raw_width_height,8000000.0,15.85061507260098,7653051.939624936,0.04336850754688296
T4-E033,val_cold,raw_width_height,9000000.0,15.85061507260098,7653051.939624936,0.1496608955972293
T4-E033,val_cold,raw_width_height,1500000.0,14.23945370392452,1527974.7197790495,0.01864981318603301
T4-E033,val_cold,raw_width_height,6000000.0,15.400196302937239,4877758.277573621,0.18704028707106318
T4-E033,val_cold,raw_width_height,6000000.0,15.414496583268637,4948012.720206702,0.175331213298883
T4-E033,val_cold,raw_width_height,8000000.0,15.85061507260098,7653051.939624936,0.04336850754688296
T4-E033,val_cold,raw_width_height,3021900.0,14.942674294980009,3086888.843748561,0.021505954448711444
T4-E033,val_cold,raw_width_height,9155000.0,14.21577624294622,1492221.1057166334,0.8370047945694556
T4-E033,val_cold,raw_width_height,50625000.0,14.986997258312114,3226786.3386197826,0.9362610105951648
T4-E033,val_cold,raw_width_height,50625000.0,15.530570843169908,5557010.507784856,0.8902318912042497
T4-E033,val_cold,raw_width_height,50625000.0,14.491368608741483,1965718.9392089357,0.9611709839168606
T4-E033,val_cold,raw_width_height,24300000.0,13.469936222129792,707813.7139251026,0.9708718636244814
T4-E033,val_cold,raw_width_height,10125000.0,13.351548917238295,628787.6738431767,0.937897513694501
T4-E033,val_cold,raw_width_height,16200000.0,13.434420030662343,683116.0461681162,0.9578323428291285
T4-E033,val_cold,raw_width_height,14175000.0,13.398903839194894,659280.1514746269,0.9534899364039064
T4-E033,val_cold,raw_width_height,19237500.0,14.08615971898463,1310815.1046685313,0.9318614630451706
T4-E033,val_cold,raw_width_height,2664100.0,13.92952012260655,1120762.844528573,0.5793090182318332
T4-E033,val_cold,raw_width_height,650000.0,13.81148477195006,995982.3065989496,0.5322804716906917
T4-E033,val_cold,raw_width_height,650000.0,13.81148477195006,995982.3065989496,0.5322804716906917
T4-E033,val_cold,raw_width_height,5500000.0,16.983054120654955,23749074.533020057,3.318013551458192
T4-E033,val_cold,raw_width_height,3500000.0,15.952600057365881,8474735.975107634,1.4213531357450384
T4-E033,val_cold,raw_width_height,3200000.0,16.081845372427328,9643988.94937231,2.013746546678847
T4-E033,val_cold,raw_width_height,650000.0,13.917570737354362,1107450.115395123,0.7037694083001891
T4-E033,val_cold,raw_width_height,3000000.0,15.38541046723393,4806167.116923025,0.6020557056410083
T4-E033,val_cold,raw_width_height,2500000.0,14.522886675097173,2028661.299483576,0.18853548020656957
T4-E033,val_cold,raw_width_height,7000000.0,16.6506621011968,17032981.33787338,1.4332830482676258
T4-E033,val_cold,raw_width_height,3500000.0,15.523904062638575,5520086.3576823445,0.5771675307663842
T4-E033,val_cold,raw_width_height,1000000.0,13.814042874055735,998533.39261276,0.0014666073872400447
T4-E033,val_cold,raw_width_height,7000000.0,16.37179236977841,12887808.820045806,0.8411155457208295
T4-E033,val_cold,raw_width_height,1000000.0,13.822424537128148,1006937.9358981076,0.006937935898107593
T4-E033,val_cold,raw_width_height,5328200.0,15.363659197960418,4702755.624516588,0.11738380231286594
T4-E033,val_cold,raw_width_height,3805800.0,15.153422105222004,3811075.9363263804,0.0013862883825688037
T4-E033,val_cold,raw_width_height,3805800.0,14.997479069410861,3260786.7853097357,0.14320595267493413
T4-E033,val_cold,raw_width_height,6850500.0,15.88191428861175,7896374.504445692,0.152671265520136
T4-E033,val_cold,raw_width_height,6850500.0,15.88191428861175,7896374.504445692,0.152671265520136
T4-E033,val_cold,raw_width_height,3000000.0,14.302663934931658,1627676.2382797447,0.4574412539067518
T4-E033,val_cold,raw_width_height,13000000.0,14.578971314743493,2145689.0941004697,0.8349469927615023
T4-E033,val_cold,raw_width_height,3000000.0,14.302663934931658,1627676.2382797447,0.4574412539067518
T4-E033,val_cold,raw_width_height,35000000.0,15.14634736126559,3784208.701345721,0.8918797513901223
T4-E033,val_cold,raw_width_height,32000000.0,14.95924071842942,3138453.493077691,0.9019233283413222
T4-E033,val_cold,raw_width_height,11861000.0,16.45247578878142,13970741.233613258,0.1778721215423032
T4-E033,val_cold,raw_width_height,11861000.0,16.45247578878142,13970741.233613258,0.1778721215423032
T4-E033,val_cold,raw_width_height,11861000.0,16.45247578878142,13970741.233613258,0.1778721215423032
T4-E033,val_cold,raw_width_height,427000.0,13.648851599281828,846488.2495835389,0.9824080786499739
T4-E033,val_cold,raw_width_height,7116600.0,15.742151959432443,6866409.956605101,0.035155838939226455
T4-E033,val_cold,raw_width_height,900000.0,15.40990844482631,4925362.553616101,4.472625059573446
T4-E033,val_cold,raw_width_height,950000.0,14.815881533512226,2719290.431621833,1.8624109806545608
T4-E033,val_cold,raw_width_height,950000.0,15.662937625184883,6343477.167387337,5.677344386723513
T4-E033,val_cold,raw_width_height,600000.0,13.926306813842938,1117167.2674018636,0.8619454456697726
T4-E033,val_cold,raw_width_height,950000.0,15.662937625184883,6343477.167387337,5.677344386723513
T4-E033,val_cold,raw_width_height,800000.0,14.053335580642946,1268487.2169097476,0.5856090211371845
T4-E033,val_cold,raw_width_height,480000.0,13.789581945336833,974404.6473135297,1.030009681903187
T4-E033,val_cold,raw_width_height,2400000.0,15.988474121807494,8784278.273411678,2.660115947254866
T4-E033,val_cold,raw_width_height,480000.0,13.789581945336833,974404.6473135297,1.030009681903187
T4-E033,val_cold,raw_width_height,2435800.0,14.665100990457852,2338688.804804816,0.039868295917228055
T4-E033,val_cold,raw_width_height,9999999.0,14.558078513622187,2101324.7005913593,0.7898675089276149
T4-E033,val_cold,raw_width_height,1033400.0,14.813568488522002,2713007.8592493543,1.6253221010734995
T4-E033,val_cold,raw_width_height,3131300.0,17.104773096479498,26823075.375255473,7.566114832579272
T4-E033,val_cold,raw_width_height,3349200.0,15.189959210198825,3952896.701237483,0.1802510155372874
T4-E033,val_cold,raw_width_height,6089300.0,16.159305082275957,10420703.248549078,0.7113138207263688
T4-E033,val_cold,raw_width_height,25879500.0,14.937540296560316,3071081.373786904,0.8813315027806988
T4-E033,val_cold,raw_width_height,28924100.0,15.900705049937853,8046156.242333364,0.7218182677305996
T4-E033,val_cold,raw_width_height,2000000.0,13.997692449475169,1199832.413363618,0.40008379331819094
T4-E033,val_cold,raw_width_height,2000000.0,13.997692449475169,1199832.413363618,0.40008379331819094
T4-E033,val_cold,raw_width_height,5300000.0,15.661011433480095,6331270.174566372,0.19457927822007023
T4-E033,val_cold,raw_width_height,8372800.0,14.972907983175743,3181642.0301684923,0.6200026239527408
T4-E033,val_cold,raw_width_height,3805800.0,15.832993729636271,7519376.11938196,0.975767544112134
T4-E033,val_cold,raw_width_height,99715000.0,17.064923818658123,25775212.1495066,0.7415111853832763
T4-E033,val_cold,raw_width_height,22985600.0,15.009549097028511,3300383.0551832393,0.8564151879792897
T4-E033,val_cold,raw_width_height,571360000.0,17.76327792308051,51819543.46689229,0.9093049155228012
T4-E033,val_warm,full_size,604440.0,13.015655989352437,449394.31540416396,0.2565112907746609
T4-E033,val_warm,full_size,1800900.0,14.745626313989279,2534802.5793067724,0.40751989522281773
T4-E033,val_warm,full_size,234600.0,11.495661141513073,98288.38510388767,0.5810384266671454
T4-E033,val_warm,full_size,9813180.0,15.872224750839942,7820231.775084962,0.20308892987951285
T4-E033,val_warm,full_size,4816200.0,16.38082907102252,13004799.908659302,1.7002200715624978
T4-E033,val_warm,full_size,3615600.0,15.113802031711506,3663032.9303369024,0.013118965133560787
T4-E033,val_warm,full_size,2219040.0,14.624626014627347,2245920.4937862167,0.012113568834368336
T4-E033,val_warm,full_size,364320.0,12.896146274447768,398772.46675282007,0.0945664985529756
T4-E033,val_warm,full_size,2797260.0,15.5111933053552,5450365.918284465,0.9484659696576166
T4-E033,val_warm,full_size,558900.0,13.507483814209465,734895.6638768122,0.3148965179402616
T4-E033,val_warm,full_size,12268200.0,16.18287542469642,10669240.33817896,0.13033368072097287
T4-E033,val_warm,full_size,4429800.0,15.030584032894645,3370541.70554091,0.2391210200142422
T4-E033,val_warm,full_size,1283400.0,14.08890080252144,1314413.087304426,0.024164786741799824
T4-E033,val_warm,full_size,964620.0,13.59001903384316,798123.8252201002,0.172602864112189
T4-E033,val_warm,full_size,19666380.0,16.442021434519766,13825446.957683412,0.29700092453804855
T4-E033,val_warm,full_size,1407600.0,14.290573417203575,1608115.2792119486,0.1424518891815492
T4-E033,val_warm,full_size,1283400.0,14.458034743882548,1901273.9964492177,0.4814352473501774
T4-E033,val_warm,full_size,12282000.0,16.01746414644391,9042661.895073438,0.263746792454532
T4-E033,val_warm,full_size,41262000.0,16.01996541612334,9065308.3417211,0.7802988623498351
T4-E033,val_warm,full_size,1535940.0,14.657033800288396,2319898.0536584435,0.510409295713663
T4-E033,val_warm,full_size,2856600.0,15.380229683277042,4781331.792204878,0.6737841462594967
T4-E033,val_warm,full_size,7051800.0,15.221267775698,4078613.971095359,0.42162086685734723
T4-E033,val_warm,full_size,9784200.0,16.15474152352978,10373256.10335981,0.06020483057989505
T4-E033,val_warm,full_size,3808800.0,15.25052782542455,4199717.526617384,0.10263535145383942
T4-E033,val_warm,full_size,2760000.0,15.366745444926922,4717291.909541664,0.7091637353411825
T4-E033,val_warm,full_size,3339600.0,14.594136440899431,2178476.7258141455,0.34768333758110387
T4-E033,val_warm,full_size,9880800.0,15.309978102376355,4456962.786200591,0.5489269303901919
T4-E033,val_warm,full_size,1324800.0,14.160061111824806,1411355.448840209,0.06533472889508533
T4-E033,val_warm,full_size,2111400.0,15.056386653585577,3458642.2391423276,0.6380800602170729
T4-E033,val_warm,full_size,786600.0,13.30250369195972,598692.680964943,0.23888548059376682
T4-E033,val_warm,full_size,2235600.0,14.400854739318344,1795608.894398118,0.19681119413217127
T4-E033,val_warm,full_size,3767400.0,14.807876057246284,2697608.121019978,0.28396025879386894
T4-E033,val_warm,full_size,772800.0,14.006931083674322,1210968.5884468334,0.5669883390875173
T4-E033,val_warm,full_size,6900000.0,15.832248802651037,7513776.818992413,0.08895316217281343
T4-E033,val_warm,full_size,4623000.0,15.983798245350112,8743299.952881915,0.8912610756828716
T4-E033,val_warm,full_size,690000.0,14.750427439427048,2547001.745881109,2.6913068780885636
T4-E033,val_warm,full_size,1794000.0,14.565162237873244,2116262.751383777,0.17963364068214982
T4-E033,val_warm,full_size,276000.0,13.498852113760064,728579.5632048688,1.639781026104597
T4-E033,val_warm,full_size,2346000.0,14.933749547838184,3059461.7135141464,0.3041183774570104
T4-E033,val_warm,full_size,1794000.0,14.09412095432765,1321292.4632276492,0.2634936102409982
T4-E033,val_warm,full_size,8694000.0,15.569755932657808,5779085.052237133,0.33527892198790743
T4-E033,val_warm,full_size,42780000.0,17.300315500658723,32616064.487684976,0.23758615035799494
T4-E033,val_warm,full_size,676200.0,13.576184506240189,787158.1862431018,0.1640907811935845
T4-E033,val_warm,full_size,3174000.0,15.077623558060083,3532878.57894905,0.11306823533366415
T4-E033,val_warm,full_size,4429800.0,15.229076626566275,4110587.936834024,0.07206015241455059
T4-E033,val_warm,full_size,1104000.0,14.323762127110268,1662382.0923631904,0.5057808807637594
T4-E033,val_warm,full_size,10184400.0,15.98195782917,8727223.440455623,0.14307927413930885
T4-E033,val_warm,full_size,4692000.0,16.036712843259664,9218407.361611817,0.9647074513239167
T4-E033,val_warm,full_size,1656000.0,14.301461738402777,1625720.6273058376,0.018284645346716435
T4-E033,val_warm,full_size,565800.0,13.61749845974141,820359.9281805545,0.4499115026167454
T4-E033,val_warm,full_size,2346000.0,15.13492600094436,3741233.773468156,0.5947288036948661
T4-E033,val_warm,full_size,2000000.0,14.56033606613941,2106073.9102367316,0.05303695511836582
T4-E033,val_warm,full_size,455400.0,14.071717033532169,1292019.4708547844,1.83710907082737
T4-E033,val_warm,full_size,13386000.0,16.70869692555486,18050734.33968853,0.3484785850656304
T4-E033,val_warm,full_size,276000.0,13.581884873702046,791658.0905242143,1.8683264149428056
T4-E033,val_warm,full_size,2760000.0,15.74161029199721,6862691.653067536,1.486482482995484
T4-E033,val_warm,full_size,552000.0,13.958656956557771,1153898.718450538,1.090396229077062
T4-E033,val_warm,full_size,3864000.0,15.247248338633646,4185967.1678470895,0.08332483639935027
T4-E033,val_warm,full_size,73871400.0,16.57493517471028,15790754.59810521,0.7862399440364578
T4-E033,val_warm,full_size,2450000.0,14.811346067109199,2706985.1075150077,0.1048918806183705
T4-E033,val_warm,full_size,9000000.0,13.666154784732026,861262.6461900595,0.9043041504233268
T4-E033,val_warm,full_size,10397500.0,16.10614405726402,9881195.429209474,0.04965660695268339
T4-E033,val_warm,full_size,1826800.0,14.398407891890981,1791220.6842240712,0.019476305986385365
T4-E033,val_warm,full_size,700000.0,14.280285462751014,1591655.874442686,1.2737941063466944
T4-E033,val_warm,full_size,1202700.0,14.261494766895128,1562026.8002657797,0.2987667749777831
T4-E033,val_warm,full_size,7002700.0,15.783003735651022,7152723.388541779,0.02142364924126102
T4-E033,val_warm,full_size,2283500.0,14.748749501044426,2542731.6173991994,0.1135238088019266
T4-E033,val_cold,full_size,4678200.0,15.213961099414623,4048921.4679785073,0.134512960544973
T4-E033,val_cold,full_size,10639800.0,15.695873966018988,6555886.891442769,0.3838336348951325
T4-E033,val_cold,full_size,993600.0,13.626357358563517,827659.7000115552,0.16700915860350724
T4-E033,val_cold,full_size,1573200.0,14.022345635538324,1229779.7367976166,0.21829409051766044
T4-E033,val_cold,full_size,17912400.0,15.984867159459915,8752650.786296342,0.5113635924668753
T4-E033,val_cold,full_size,1959600.0,14.955273884640544,3126028.430089536,0.5952380231116229
T4-E033,val_cold,full_size,19458000.0,16.202930330137264,10885370.939760633,0.44057092508168194
T4-E033,val_cold,full_size,17843400.0,15.837284750084532,7551711.241788962,0.5767784591619892
T4-E033,val_cold,full_size,17843400.0,15.837284750084532,7551711.241788962,0.5767784591619892
T4-E033,val_cold,full_size,407100.0,13.077088553463007,477867.39346816274,0.1738329488286975
T4-E033,val_cold,full_size,1035000.0,14.480652122188028,1944765.8111132125,0.8790007836842633
T4-E033,val_cold,full_size,1094340.0,14.240131761952334,1529011.1266363794,0.3971993408231257
T4-E033,val_cold,full_size,1860240.0,14.313845513468177,1645978.3605901392,0.11517956791051737
T4-E033,val_cold,full_size,1959600.0,14.955273884640544,3126028.430089536,0.5952380231116229
T4-E033,val_cold,full_size,4512600.0,14.460603836232064,1906164.8247325404,0.5775905631492841
T4-E033,val_cold,full_size,4512600.0,14.460603836232064,1906164.8247325404,0.5775905631492841
T4-E033,val_cold,full_size,4077900.0,14.460603836232064,1906164.8247325404,0.5325621460230657
T4-E033,val_cold,full_size,500940.0,13.635381942222095,835162.7894213386,0.6671912592752397
T4-E033,val_cold,full_size,4512600.0,14.460603836232064,1906164.8247325404,0.5775905631492841
T4-E033,val_cold,full_size,3063600.0,14.460603836232064,1906164.8247325404,0.3778023159901618
T4-E033,val_cold,full_size,1573200.0,13.978005702490508,1176442.606248611,0.2521976822726857
T4-E033,val_cold,full_size,4567800.0,14.977958234127442,3197750.763193661,0.29993634502525046
T4-E033,val_cold,full_size,1959600.0,14.955273884640544,3126028.430089536,0.5952380231116229
T4-E033,val_cold,full_size,4719600.0,15.698385583809937,6572373.468918667,0.3925700205353562
T4-E033,val_cold,full_size,2898000.0,14.979644606671853,3203147.9118071413,0.10529603582026958
T4-E033,val_cold,full_size,4015800.0,15.122194592928553,3693904.5231075217,0.08015724809315163
T4-E033,val_cold,full_size,745200.0,13.6400689033171,839086.3525345816,0.12598812739476858
T4-E033,val_cold,full_size,1280640.0,14.36396130468191,1730569.8489311123,0.3513320284631999
T4-E033,val_cold,full_size,500940.0,13.635381942222095,835162.7894213386,0.6671912592752397
T4-E033,val_cold,full_size,2018940.0,14.850289120882971,2814482.9357290915,0.39403990991762583
T4-E033,val_cold,full_size,4077900.0,14.460603836232064,1906164.8247325404,0.5325621460230657
T4-E033,val_cold,full_size,4512600.0,14.460603836232064,1906164.8247325404,0.5775905631492841
T4-E033,val_cold,full_size,4077900.0,14.446748694312603,1879936.7569359362,0.5389939044763392
T4-E033,val_cold,full_size,7438200.0,14.71914810804208,2468566.332845916,0.6681231571017294
T4-E033,val_cold,full_size,8914800.0,14.933454451192032,3058559.009822425,0.6569122122961341
T4-E033,val_cold,full_size,6072000.0,14.980854718771166,3207026.426096345,0.4718335925401277
T4-E033,val_cold,full_size,2815200.0,14.817360742545297,2723315.8070436954,0.032638602215226145
T4-E033,val_cold,full_size,732780.0,13.989517169397997,1190063.433819872,0.6240391847756108
T4-E033,val_cold,full_size,2014800.0,14.955273884640544,3126028.430089536,0.5515328717934962
T4-E033,val_cold,full_size,2815200.0,14.822623112303617,2737684.6757800016,0.027534570978970743
T4-E033,val_cold,full_size,4491900.0,15.298155062655146,4404578.220752518,0.019439831529526996
T4-E033,val_cold,full_size,2815200.0,14.822623112303617,2737684.6757800016,0.027534570978970743
T4-E033,val_cold,full_size,2394300.0,14.960906462107387,3143685.708697602,0.31298739034273154
T4-E033,val_cold,full_size,16380600.0,15.678936274757412,6445780.410436057,0.6064991263790058
T4-E033,val_cold,full_size,16366800.0,15.64018645615199,6200785.007739709,0.6211363853813997
T4-E033,val_cold,full_size,890100.0,13.230955480812538,557353.7860884937,0.37383014707505485
T4-E033,val_cold,full_size,745200.0,13.046545480965483,463492.4992297342,0.37802938911737227
T4-E033,val_cold,full_size,1035000.0,14.473295124640275,1930510.6756054196,0.8652277058989561
T4-E033,val_cold,full_size,1711200.0,14.861086703259774,2845037.2063487372,0.6625977129200195
T4-E033,val_cold,full_size,22535400.0,16.173971125632757,10574659.942402389,0.5307533949962109
T4-E033,val_cold,full_size,3332700.0,14.988337357578233,3231113.451356817,0.030481756126618947
T4-E033,val_cold,full_size,3318900.0,14.939410316788939,3076829.7311767763,0.07293689741276436
T4-E033,val_cold,full_size,3332700.0,14.988337357578233,3231113.451356817,0.030481756126618947
T4-E033,val_cold,full_size,3332700.0,15.042393031991715,3410580.37249946,0.023368551774675155
T4-E033,val_cold,full_size,1311000.0,13.90724612584114,1096074.9463311045,0.16393978159336042
T4-E033,val_cold,full_size,2884200.0,15.197642296194655,3983384.1152655627,0.38110537246569676
T4-E033,val_cold,full_size,717600.0,13.991866042004556,1192862.026702018,0.66229379417784
T4-E033,val_cold,full_size,1959600.0,14.967143174017584,3163353.2374043018,0.6142851793245059
T4-E033,val_cold,full_size,3318900.0,14.926961679910617,3038764.8148483573,0.08440603367128947
T4-E033,val_cold,full_size,2898000.0,15.286012013559434,4351416.636274669,0.5015240290802861
T4-E033,val_cold,full_size,2639940.0,14.513227530304142,2009160.4984034486,0.23893705978035537
T4-E033,val_cold,full_size,407100.0,13.399535364541732,659696.6350970905,0.6204781014421284
T4-E033,val_cold,full_size,1076400.0,14.473295124640275,1930510.6756054196,0.7934881787489962
T4-E033,val_cold,full_size,2159700.0,14.820425900180947,2731676.005401386,0.26484048960567946
T4-E033,val_cold,full_size,22425000.0,16.282514087816953,11787074.265503358,0.4743779591748781
T4-E033,val_cold,full_size,1035000.0,14.473295124640275,1930510.6756054196,0.8652277058989561
T4-E033,val_cold,full_size,2898000.0,15.286012013559434,4351416.636274669,0.5015240290802861
T4-E033,val_cold,full_size,1076400.0,14.473295124640275,1930510.6756054196,0.7934881787489962
T4-E033,val_cold,full_size,514740.0,13.368868527775357,639772.886668056,0.24290493582790537
T4-E033,val_cold,full_size,4347000.0,15.316106136671664,4484359.063938244,0.03159858843759932
T4-E033,val_cold,full_size,313260.0,13.199156146314783,539909.1406429034,0.723517655120039
T4-E033,val_cold,full_size,1959600.0,14.967143174017584,3163353.2374043018,0.6142851793245059
T4-E033,val_cold,full_size,1108140.0,14.473295124640275,1930510.6756054196,0.7421180316615406
T4-E033,val_cold,full_size,1035000.0,14.240131761952334,1529011.1266363794,0.4773054363636516
T4-E033,val_cold,full_size,2159700.0,14.820425900180947,2731676.005401386,0.26484048960567946
T4-E033,val_cold,full_size,1511100.0,14.759268354419403,2569619.404882591,0.7004959333482835
T4-E033,val_cold,full_size,673440.0,14.000792532362496,1203557.7647614612,0.7871789094224596
T4-E033,val_cold,full_size,500940.0,13.635381942222095,835162.7894213386,0.6671912592752397
T4-E033,val_cold,full_size,1283400.0,14.011797731099144,1216876.3093466957,0.05183394939481404
T4-E033,val_cold,full_size,10225800.0,15.680394144086243,6455184.369202757,0.36873551514768943
T4-E033,val_cold,full_size,3788100.0,14.460603836232064,1906164.8247325404,0.49680187304122375
T4-E033,val_cold,full_size,6713700.0,14.696284510784068,2412766.3512975886,0.6406204698902856
T4-E033,val_cold,full_size,3788100.0,14.455601077899592,1896652.5564014607,0.4993129652328448
T4-E033,val_cold,full_size,1004640.0,14.361637991363224,1726553.8599589623,0.7185796503811935
T4-E033,val_cold,full_size,1004640.0,14.351632474698281,1709364.9319917483,0.7014701106782014
T4-E033,val_cold,full_size,1094340.0,14.256039078085477,1553528.072418452,0.4196027490710858
T4-E033,val_cold,full_size,471960.0,13.626357358563517,827659.7000115552,0.7536649292557742
T4-E033,val_cold,full_size,442980.0,13.626357358563517,827659.7000115552,0.8683906722911987
T4-E033,val_cold,full_size,2049300.0,14.490644744925687,1964296.5412701252,0.041479265471075395
T4-E033,val_cold,full_size,1138500.0,14.011797731099144,1216876.3093466957,0.06884172977311873
T4-E033,val_cold,full_size,1759500.0,14.413606594337935,1818652.8530375694,0.03361912647773199
T4-E033,val_cold,full_size,2049300.0,14.490644744925687,1964296.5412701252,0.041479265471075395
T4-E033,val_cold,full_size,1138500.0,14.011797731099144,1216876.3093466957,0.06884172977311873
T4-E033,val_cold,full_size,1759500.0,14.490644744925687,1964296.5412701252,0.11639473786310042
T4-E033,val_cold,full_size,7534800.0,15.316106136671664,4484359.063938244,0.40484696820907734
T4-E033,val_cold,full_size,22425000.0,16.313707757419426,12160551.139161833,0.4577234720552137
T4-E033,val_cold,full_size,8452500.0,16.27094719230231,11651519.892037777,0.3784702622937329
T4-E033,val_cold,full_size,3995100.0,15.299723558313016,4411492.203424944,0.10422572737226693
T4-E033,val_cold,full_size,6085800.0,15.316106136671664,4484359.063938244,0.26314386540171475
T4-E033,val_cold,full_size,18078000.0,16.313707757419426,12160551.139161833,0.32732873441963534
T4-E033,val_cold,full_size,11964600.0,15.717405388517104,6698575.089386249,0.4401338039394339
T4-E033,val_cold,full_size,62734800.0,17.703407917843535,48808152.57549653,0.22199237782703488
T4-E033,val_cold,full_size,2511600.0,14.685743208910823,2387466.2351962086,0.04942417773681773
T4-E033,val_cold,full_size,1380000.0,14.36396130468191,1730569.8489311123,0.2540361224138495
T4-E033,val_cold,full_size,1614600.0,14.401933491562167,1797546.9566785495,0.11330791321599748
T4-E033,val_cold,full_size,862500.0,13.724449273666071,912961.7589641114,0.05850638720476689
T4-E033,val_cold,full_size,30125400.0,17.00801573535539,24349350.542113528,0.1917335357501136
T4-E033,val_cold,full_size,1052940.0,13.790170573609604,974978.3782786259,0.07404184637431772
T4-E033,val_cold,full_size,5375100.0,15.458362591119924,5169893.21286743,0.038177296633098844
T4-E033,val_cold,full_size,7562400.0,16.284045741189512,11805141.81063079,0.561031129090076
T4-E033,val_cold,full_size,2484000.0,15.650858194729024,6267312.515019494,1.523072671102856
T4-E033,val_cold,full_size,20617200.0,17.129723539553446,27500741.875214472,0.33387374984064144
T4-E033,val_cold,full_size,11964600.0,15.717405388517104,6698575.089386249,0.4401338039394339
T4-E033,val_cold,full_size,2194200.0,14.490644744925687,1964296.5412701252,0.10477780454374022
T4-E033,val_cold,full_size,1035000.0,14.480652122188028,1944765.8111132125,0.8790007836842633
T4-E033,val_cold,full_size,7617600.0,15.717405388517104,6698575.089386249,0.12064494205704566
T4-E033,val_cold,full_size,3229200.0,15.164882540602557,3855003.761028461,0.1937952932703026
T4-E033,val_cold,full_size,1759500.0,14.413606594337935,1818652.8530375694,0.03361912647773199
T4-E033,val_cold,full_size,2587500.0,15.610036878231327,6016624.093824192,1.3252653502702192
T4-E033,val_cold,full_size,26427000.0,16.951855055242145,23019564.787628856,0.12893764757146647
T4-E033,val_cold,full_size,2339100.0,14.483483933979208,1950280.8269261299,0.16622597284163573
T4-E033,val_cold,full_size,586500.0,13.989517169397997,1190063.433819872,1.0290936638019985
T4-E033,val_cold,full_size,776940.0,13.738675850314783,926042.9087657852,0.1919104548173413
T4-E033,val_cold,full_size,7631400.0,15.258736419038936,4234333.179633167,0.4451433315468765
T4-E033,val_cold,full_size,1138500.0,14.015943267518757,1221931.3851662278,0.07328184907002883
T4-E033,val_cold,full_size,3760500.0,15.232592469482388,4125065.5539131914,0.09694603215348795
T4-E033,val_cold,full_size,749340.0,13.51835500002544,742928.4349566388,0.008556282920117916
T4-E033,val_cold,full_size,2049300.0,14.454694660915345,1894934.177212815,0.07532612247459375
T4-E033,val_cold,full_size,2049300.0,14.454694660915345,1894934.177212815,0.07532612247459375
T4-E033,val_cold,full_size,2235600.0,14.500785379782965,1984317.094241932,0.11240065564415279
T4-E033,val_cold,full_size,862500.0,13.78428010173375,969252.1771323512,0.12377064015345067
T4-E033,val_cold,full_size,23349600.0,15.627314968124407,6121483.139136861,0.7378334901181663
T4-E033,val_cold,full_size,23349600.0,15.627314968124407,6121483.139136861,0.7378334901181663
T4-E033,val_cold,full_size,2235600.0,14.831012868818647,2760749.8037362727,0.2349032938523317
T4-E033,val_cold,full_size,10791600.0,16.11049593378297,9924290.876595024,0.08036890946708329
T4-E033,val_cold,full_size,2463300.0,15.345856916775682,4619776.645575277,0.8754421489770944
T4-E033,val_cold,full_size,2042400.0,15.429833695948933,5024485.888599932,1.4600890563062732
T4-E033,val_cold,full_size,4650600.0,15.827920816590515,7481327.56826217,0.6086800774657399
T4-E033,val_cold,full_size,22369800.0,16.09723165251061,9793521.489251088,0.562198969626412
T4-E033,val_cold,full_size,6072000.0,15.235086894959439,4135368.0666084634,0.31894465306184727
T4-E033,val_cold,full_size,3829500.0,14.770579145423124,2598848.825243716,0.32136079769063425
T4-E033,val_cold,full_size,690000.0,13.643185756754482,841705.7417222712,0.21986339380039305
T4-E033,val_cold,full_size,558900.0,14.002773147440566,1205943.9116568973,1.1577096290157403
T4-E033,val_cold,full_size,690000.0,13.634161173095904,834143.8705315707,0.20890416019068225
T4-E033,val_cold,full_size,3560400.0,15.299723558313016,4411492.203424944,0.2390439847839972
T4-E033,val_cold,full_size,2180400.0,14.350249759928328,1707003.0011676762,0.2171147490516987
T4-E033,val_cold,full_size,1297200.0,14.002867164195111,1206057.2959195613,0.07026110397813654
T4-E033,val_cold,full_size,5568300.0,15.720331737199155,6718206.165448221,0.20650937726922425
T4-E033,val_cold,full_size,442980.0,13.463547381311763,703306.0195814697,0.5876699164329534
T4-E033,val_cold,full_size,732780.0,13.989517169397997,1190063.433819872,0.6240391847756108
T4-E033,val_cold,full_size,2056200.0,15.467280878708277,5216206.015828484,1.5368184105770275
T4-E033,val_cold,full_size,1283400.0,14.011797731099144,1216876.3093466957,0.05183394939481404
T4-E033,val_cold,full_size,16311600.0,15.717405388517104,6698575.089386249,0.5893367242093818
T4-E033,val_cold,full_size,485760.0,13.236487520767488,560445.6337294196,0.15375006943638742
T4-E033,val_cold,full_size,5375100.0,15.458362591119924,5169893.21286743,0.038177296633098844
T4-E033,val_cold,full_size,2339100.0,13.782695864101086,967717.867034598,0.5862862352893856
T4-E033,val_cold,full_size,6196200.0,15.617630873014052,6062488.231402618,0.02157964052118752
T4-E033,val_cold,full_size,4222800.0,15.480530494399593,5285778.628294057,0.25172364978072775
T4-E033,val_cold,full_size,1904400.0,14.362347560579714,1727779.4041814066,0.09274343405723241
T4-E033,val_cold,full_size,1614600.0,14.362347560579714,1727779.4041814066,0.0700974880350592
T4-E033,val_cold,full_size,834900.0,13.724449273666071,912961.7589641114,0.093498333889222
T4-E033,val_cold,full_size,11419500.0,16.01689804049709,9037544.239103965,0.20858669476737463
T4-E033,val_cold,full_size,6168600.0,15.710548155398595,6652798.52808655,0.07849407127817488
T4-E033,val_cold,full_size,6127200.0,15.536177746467706,5588255.640690873,0.08795932225308895
T4-E033,val_cold,full_size,4512600.0,15.664482113329472,6353282.162568139,0.40789836514828237
T4-E033,val_cold,full_size,7424400.0,16.069625818450923,9526860.790225726,0.2831825858285822
T4-E033,val_cold,full_size,1542840.0,14.352381281235026,1710645.3949762015,0.1087639644915879
T4-E033,val_cold,full_size,4512600.0,15.654515833984782,6290278.05753408,0.39393654601207284
T4-E033,val_cold,full_size,4222800.0,15.4271165196345,5010852.0057712775,0.1866183588546172
T4-E033,val_cold,full_size,5685600.0,15.946607772775184,8424104.795036906,0.48165625352414987
T4-E033,val_cold,full_size,4077900.0,15.498935772411167,5383965.661519952,0.32027898220161166
T4-E033,val_cold,full_size,964620.0,13.782695864101086,967717.867034598,0.0032114895343223456
T4-E033,val_cold,full_size,5423400.0,15.679142141894575,6447107.521395516,0.18875751768180765
T4-E033,val_cold,full_size,1080540.0,13.790170573609604,974978.3782786259,0.09769339563678726
T4-E033,val_cold,full_size,8162700.0,16.27094719230231,11651519.892037777,0.4274100349195459
T4-E033,val_cold,full_size,1095720.0,13.93705341989425,1129237.7661979464,0.030589718356830567
T4-E033,val_cold,full_size,2049300.0,14.454694660915345,1894934.177212815,0.07532612247459375
T4-E033,val_cold,full_size,1080540.0,13.790170573609604,974978.3782786259,0.09769339563678726
T4-E033,val_cold,full_size,950820.0,13.724449273666071,912961.7589641114,0.0398164121872579
T4-E033,val_cold,full_size,5382000.0,15.679142141894575,6447107.521395516,0.19790180627936002
T4-E033,val_cold,full_size,2408100.0,14.591221467194957,2172135.7697925833,0.09798772069574216
T4-E033,val_cold,full_size,13082400.0,16.806635146598275,19908058.28349651,0.5217435855421414
T4-E033,val_cold,full_size,2870400.0,14.80272759562357,2683755.280144953,0.06502394086365901
T4-E033,val_cold,full_size,2049300.0,14.460423309672528,1905820.7424137562,0.0700137888968154
T4-E033,val_cold,full_size,8452500.0,16.27094719230231,11651519.892037777,0.3784702622937329
T4-E033,val_cold,full_size,2670300.0,14.769466929288086,2595959.950472123,0.027839587135481784
T4-E033,val_cold,full_size,1052940.0,13.790170573609604,974978.3782786259,0.07404184637431772
T4-E033,val_cold,full_size,1052940.0,13.751489830009485,937985.5568070115,0.10917473283661797
T4-E033,val_cold,full_size,8148900.0,15.819899230837317,7421555.511471764,0.08925676944473927
T4-E033,val_cold,full_size,862500.0,13.800475305668868,985077.2127580643,0.14211850754558175
T4-E033,val_cold,full_size,1197840.0,13.955153764060878,1149863.4613858657,0.040052543423273815
T4-E033,val_cold,full_size,1211640.0,13.955153764060878,1149863.4613858657,0.050985885753304865
T4-E033,val_cold,full_size,2049300.0,14.47440830446809,1932660.8777056483,0.0569165677520869
T4-E033,val_cold,full_size,908040.0,13.724449273666071,912961.7589641114,0.005420200612430561
T4-E033,val_cold,full_size,862500.0,13.78428010173375,969252.1771323512,0.12377064015345067
T4-E033,val_cold,full_size,2525400.0,14.769466929288086,2595959.950472123,0.027940108684613524
T4-E033,val_cold,full_size,2152800.0,14.349208851173277,1705227.0912393066,0.20790268894495234
T4-E033,val_cold,full_size,1108140.0,14.020604674166425,1227640.6003971293,0.10783890158024195
T4-E033,val_cold,full_size,1439340.0,14.216354479688066,1493084.2123028387,0.03733948358472542
T4-E033,val_cold,full_size,1121940.0,14.020604674166425,1227640.6003971293,0.09421234682525742
T4-E033,val_cold,full_size,890100.0,13.787654298406599,972528.1483810947,0.09260549194595515
T4-E033,val_cold,full_size,890100.0,13.799847358001802,984458.8299967588,0.1060092461484764
T4-E033,val_cold,full_size,890100.0,13.930509213493925,1121871.9292473805,0.2603886408801039
T4-E033,val_cold,full_size,21900600.0,15.636177087004876,6175973.5440374175,0.7179998016475614
T4-E033,val_cold,full_size,1338600.0,14.346527821840008,1700661.4504310624,0.2704777009047231
T4-E033,val_cold,full_size,979800.0,13.622319764169047,824324.6830997204,0.1586806663607671
T4-E033,val_cold,full_size,993600.0,13.635381942222095,835162.7894213386,0.15945774011539998
T4-E033,val_cold,full_size,993600.0,13.635381942222095,835162.7894213386,0.15945774011539998
T4-E033,val_cold,full_size,8583600.0,16.0429769737666,9276333.908699976,0.08070435582971903
T4-E033,val_cold,full_size,2477100.0,15.057392242000848,3462121.9590003393,0.39765126922624816
T4-E033,val_cold,full_size,2263200.0,14.690987161273341,2400018.878366649,0.06045372851124477
T4-E033,val_cold,full_size,1524900.0,14.92862267302447,3043816.376423541,0.9960760551010172
T4-E033,val_cold,full_size,6044400.0,15.868216445256776,7788948.634477051,0.28862230072084094
T4-E033,val_cold,full_size,2332200.0,15.131393973195015,3728042.9408700787,0.5985091076537513
T4-E033,val_cold,full_size,2332200.0,15.131393973195015,3728042.9408700787,0.5985091076537513
T4-E033,val_cold,full_size,2394300.0,14.884333152194293,2911948.935311665,0.21620053264489197
T4-E033,val_cold,full_size,903900.0,14.553929248864849,2092623.8116964572,1.3151054449568063
T4-E033,val_cold,full_size,2925600.0,15.476526712227159,5264657.831803222,0.7995138883658812
T4-E033,val_cold,full_size,26427000.0,16.938143510488565,22706085.051884234,0.14079974829211664
T4-E033,val_cold,full_size,661020.0,13.79849816423829,983131.4998969857,0.48729463540737905
T4-E033,val_cold,full_size,1062600.0,15.751262881830753,6929255.138939169,5.521038150705034
T4-E033,val_cold,full_size,1062600.0,15.751262881830753,6929255.138939169,5.521038150705034
T4-E033,val_cold,full_size,1062600.0,15.751262881830753,6929255.138939169,5.521038150705034
T4-E033,val_cold,full_size,1062600.0,15.751262881830753,6929255.138939169,5.521038150705034
T4-E033,val_cold,full_size,890100.0,13.804330159514839,988881.8699275033,0.11097839560443017
T4-E033,val_cold,full_size,890100.0,13.799847358001802,984458.8299967588,0.1060092461484764
T4-E033,val_cold,full_size,3939900.0,15.17677656208908,3901129.022248319,0.00984059944457502
T4-E033,val_cold,full_size,890100.0,13.804330159514839,988881.8699275033,0.11097839560443017
T4-E033,val_cold,full_size,2566800.0,14.49951598555056,1981799.8116172848,0.227910311821223
T4-E033,val_cold,full_size,2566800.0,14.49951598555056,1981799.8116172848,0.227910311821223
T4-E033,val_cold,full_size,2639940.0,14.592183702247922,2174226.8808789244,0.17641049384496452
T4-E033,val_cold,full_size,7452000.0,15.258736419038936,4234333.179633167,0.43178567101004206
T4-E033,val_cold,full_size,2049300.0,14.483939500690221,1951169.5123603845,0.047884881491053306
T4-E033,val_cold,full_size,7534800.0,15.298155062655146,4404578.220752518,0.4154352841810642
T4-E033,val_cold,full_size,8190300.0,14.929442609462495,3046313.1358333533,0.6280584183933002
T4-E033,val_cold,full_size,1614600.0,14.401933491562167,1797546.9566785495,0.11330791321599748
T4-E033,val_cold,full_size,6085800.0,15.316106136671664,4484359.063938244,0.26314386540171475
T4-E033,val_cold,full_size,4554000.0,14.869261006741958,2868388.7150235176,0.37013862208530574
T4-E033,val_cold,full_size,4567800.0,14.977958234127442,3197750.763193661,0.29993634502525046
T4-E033,val_cold,full_size,2339100.0,14.413606594337935,1818652.8530375694,0.22249888716276797
T4-E033,val_cold,full_size,6085800.0,15.316561703382677,4486402.454062922,0.26280810180043346
T4-E033,val_cold,full_size,6741300.0,14.929442609462495,3046313.1358333533,0.5481119167173463
T4-E033,val_cold,full_size,2484000.0,14.413606594337935,1818652.8530375694,0.26785311874493983
T4-E033,val_cold,full_size,14862600.0,15.717405388517104,6698575.089386249,0.549299914591912
T4-E033,val_cold,full_size,6182400.0,15.64475411283257,6229172.848404418,0.007565484019865707
T4-E033,val_cold,full_size,2484000.0,14.483483933979208,1950280.8269261299,0.2148627910925403
T4-E033,val_cold,full_size,2484000.0,14.483483933979208,1950280.8269261299,0.2148627910925403
T4-E033,val_cold,full_size,4581600.0,15.126504608570153,3709859.66814416,0.19026984718348178
T4-E033,val_cold,full_size,5975400.0,14.621499241963393,2238908.978400612,0.6253122839641511
T4-E033,val_cold,full_size,10432800.0,15.316106136671664,4484359.063938244,0.570167254817667
T4-E033,val_cold,full_size,8983800.0,15.316106136671664,4484359.063938244,0.5008393926914843
T4-E033,val_cold,full_size,4498800.0,14.329233299074797,1671502.1967410787,0.6284559889879348
T4-E033,val_cold,full_size,8914800.0,14.959324771548422,3138717.3009694093,0.6479206150480764
T4-E033,val_cold,full_size,6003000.0,14.749511953761251,2544671.069305276,0.5761001050632557
T4-E033,val_cold,full_size,6016800.0,14.899259847994747,2955740.7315787734,0.5087520390275938
T4-E033,val_cold,full_size,7452000.0,14.741773052350236,2525054.1155179543,0.6611575260979664
T4-E033,val_cold,full_size,4540200.0,14.681876420125061,2378252.2333118306,0.47617897156252353
T4-E033,val_cold,full_size,4077900.0,14.461370690908979,1907627.136762105,0.5322035516412602
T4-E033,val_cold,full_size,3746700.0,13.860857346789052,1046390.673587168,0.7207167177550463
T4-E033,val_cold,full_size,6796500.0,15.308618097688857,4450905.415879018,0.34511801428985245
T4-E033,val_cold,full_size,6085800.0,15.29861062936616,4406585.257100707,0.2759234189259084
T4-E033,val_cold,full_size,1283400.0,14.011797731099144,1216876.3093466957,0.05183394939481404
T4-E033,val_cold,full_size,1138500.0,14.011797731099144,1216876.3093466957,0.06884172977311873
T4-E033,val_cold,full_size,690000.0,13.643185756754482,841705.7417222712,0.21986339380039305
T4-E033,val_cold,full_size,1138500.0,14.011797731099144,1216876.3093466957,0.06884172977311873
T4-E033,val_cold,full_size,1283400.0,14.002773147440566,1205943.9116568973,0.06035225833185501
T4-E033,val_cold,full_size,1904400.0,14.490644744925687,1964296.5412701252,0.031451659982212346
T4-E033,val_cold,full_size,1138500.0,14.011797731099144,1216876.3093466957,0.06884172977311873
T4-E033,val_cold,full_size,2339100.0,14.413606594337935,1818652.8530375694,0.22249888716276797
T4-E033,val_cold,full_size,9066600.0,15.717405388517104,6698575.089386249,0.261181138531947
T4-E033,val_cold,full_size,703800.0,14.011797731099144,1216876.3093466957,0.7290086805153391
T4-E033,val_cold,full_size,2194200.0,14.490644744925687,1964296.5412701252,0.10477780454374022
T4-E033,val_cold,full_size,2194200.0,14.413606594337935,1818652.8530375694,0.17115447405087528
T4-E033,val_cold,full_size,1138500.0,14.002773147440566,1205943.9116568973,0.0592392724259089
T4-E033,val_cold,full_size,1138500.0,14.002773147440566,1205943.9116568973,0.0592392724259089
T4-E033,val_cold,full_size,690000.0,13.634161173095904,834143.8705315707,0.20890416019068225
T4-E033,val_cold,full_size,703800.0,14.002773147440566,1205943.9116568973,0.7134752936301467
T4-E033,val_cold,full_size,717600.0,14.184777250619977,1446673.3693948293,1.0159885303718357
T4-E033,val_cold,full_size,1324800.0,14.490644744925687,1964296.5412701252,0.48271176122443027
T4-E033,val_cold,full_size,545100.0,13.634161173095904,834143.8705315707,0.5302584306211168
T4-E033,val_cold,full_size,558900.0,14.011797731099144,1216876.3093466957,1.1772701902785752
T4-E033,val_cold,full_size,558900.0,14.011797731099144,1216876.3093466957,1.1772701902785752
T4-E033,val_cold,full_size,1138500.0,14.011797731099144,1216876.3093466957,0.06884172977311873
T4-E033,val_cold,full_size,2049300.0,14.490644744925687,1964296.5412701252,0.041479265471075395
T4-E033,val_cold,full_size,1138500.0,14.002773147440566,1205943.9116568973,0.0592392724259089
T4-E033,val_cold,full_size,1283400.0,14.011797731099144,1216876.3093466957,0.05183394939481404
T4-E033,val_cold,full_size,1614600.0,14.483483933979208,1950280.8269261299,0.20790339831916876
T4-E033,val_cold,full_size,1283400.0,14.002773147440566,1205943.9116568973,0.06035225833185501
T4-E033,val_cold,full_size,1904400.0,14.483483933979208,1950280.8269261299,0.024092011618425682
T4-E033,val_cold,full_size,2049300.0,14.483483933979208,1950280.8269261299,0.04831853465762462
T4-E033,val_cold,full_size,1138500.0,14.002773147440566,1205943.9116568973,0.0592392724259089
T4-E033,val_cold,full_size,1904400.0,14.483483933979208,1950280.8269261299,0.024092011618425682
T4-E033,val_cold,full_size,1890600.0,14.232552727136381,1517466.50189198,0.197362476519634
T4-E033,val_cold,full_size,703800.0,14.011797731099144,1216876.3093466957,0.7290086805153391
T4-E033,val_cold,full_size,1614600.0,14.413606594337935,1818652.8530375694,0.12637981731547718
T4-E033,val_cold,full_size,1759500.0,14.413606594337935,1818652.8530375694,0.03361912647773199
T4-E033,val_cold,full_size,1759500.0,14.413606594337935,1818652.8530375694,0.03361912647773199
T4-E033,val_cold,full_size,545100.0,13.643185756754482,841705.7417222712,0.5441308782283456
T4-E033,val_cold,full_size,834900.0,13.863277490748697,1048926.1565346015,0.2563494508738789
T4-E033,val_cold,full_size,1573200.0,14.002773147440566,1205943.9116568973,0.23344526337598698
T4-E033,val_cold,full_size,1863000.0,14.002773147440566,1205943.9116568973,0.3526871112952779
T4-E033,val_cold,full_size,1573200.0,14.002773147440566,1205943.9116568973,0.23344526337598698
T4-E033,val_cold,full_size,1573200.0,14.002773147440566,1205943.9116568973,0.23344526337598698
T4-E033,val_cold,full_size,1573200.0,14.002773147440566,1205943.9116568973,0.23344526337598698
T4-E033,val_cold,full_size,1573200.0,14.002773147440566,1205943.9116568973,0.23344526337598698
T4-E033,val_cold,full_size,3560400.0,15.299723558313016,4411492.203424944,0.2390439847839972
T4-E033,val_cold,full_size,1573200.0,14.212351653551847,1487119.6014085016,0.054716754761949135
T4-E033,val_cold,full_size,1573200.0,14.212351653551847,1487119.6014085016,0.054716754761949135
T4-E033,val_cold,full_size,427800.0,14.072844518511404,1293477.0249318113,2.023555457998624
T4-E033,val_cold,full_size,427800.0,14.072844518511404,1293477.0249318113,2.023555457998624
T4-E033,val_cold,full_size,1297200.0,14.000792532362496,1203557.7647614612,0.07218797042748908
T4-E033,val_cold,full_size,2339100.0,14.473295124640275,1930510.6756054196,0.17467800623939997
T4-E033,val_cold,full_size,2339100.0,14.483483933979208,1950280.8269261299,0.16622597284163573
T4-E033,val_cold,full_size,3243000.0,15.299723558313016,4411492.203424944,0.36031211946498415
T4-E033,val_cold,full_size,2856600.0,15.11546724217535,3669137.7325815153,0.28444225043111226
T4-E033,val_cold,full_size,3532800.0,15.236661912512506,4141886.475858752,0.17240898886400366
T4-E033,val_cold,full_size,1021200.0,14.253924671688754,1550246.7529685455,0.5180638004000642
T4-E033,val_cold,full_size,876300.0,14.256039078085477,1553528.072418452,0.772826740178537
T4-E033,val_cold,full_size,876300.0,14.256039078085477,1553528.072418452,0.772826740178537
T4-E033,val_cold,full_size,775560.0,14.208029156519615,1480705.404006348,0.9092080612800402
T4-E033,val_cold,full_size,1021200.0,14.256039078085477,1553528.072418452,0.521277000018069
T4-E033,val_cold,full_size,891480.0,14.217486739230425,1494775.7285867794,0.6767350120998558
T4-E033,val_cold,full_size,891480.0,14.210031648382037,1483673.4753060034,0.6642812797886698
T4-E033,val_cold,full_size,299460.0,13.199156146314783,539909.1406429034,0.8029424318536813
T4-E033,val_cold,full_size,429180.0,13.626357358563517,827659.7000115552,0.9284675427828771
T4-E033,val_cold,full_size,890100.0,14.400350616295366,1794703.9147438933,1.0162947025546494
T4-E033,val_cold,full_size,890100.0,14.480652122188028,1944765.8111132125,1.1848846321910038
T4-E033,val_cold,full_size,2245260.0,14.383723259782604,1765109.4535730197,0.21385075511387558
T4-E033,val_cold,full_size,299460.0,13.024722293322728,453487.18644120474,0.5143497844159646
T4-E033,val_cold,full_size,342240.0,13.024722293322728,453487.18644120474,0.325056061363969
T4-E033,val_cold,full_size,3243000.0,15.236661912512506,4141886.475858752,0.2771774516986593
T4-E033,val_cold,full_size,3201600.0,15.11546724217535,3669137.7325815153,0.14603252516913898
T4-E033,val_cold,full_size,963240.0,14.231198283984007,1515412.5710598077,0.5732450594450061
T4-E033,val_cold,full_size,2352900.0,14.633370699981851,2265646.4849255863,0.03708339286600099
T4-E033,val_cold,full_size,1918200.0,14.578164994150764,2143959.6781238606,0.11769350334890033
T4-E033,val_cold,full_size,1283400.0,14.011797731099144,1216876.3093466957,0.05183394939481404
T4-E033,val_cold,full_size,1283400.0,14.011797731099144,1216876.3093466957,0.05183394939481404
T4-E033,val_cold,full_size,6265200.0,15.682764569702684,6470504.0535030775,0.032768954463237805
T4-E033,val_cold,full_size,4636800.0,15.382598846282047,4792672.975853215,0.033616497552884525
T4-E033,val_cold,full_size,683100.0,13.738160818419653,925566.0899305058,0.3549496266000671
T4-E033,val_cold,full_size,1759500.0,14.352381281235026,1710645.3949762015,0.02776618643012136
T4-E033,val_cold,full_size,3912300.0,15.32913549789832,4543169.6985606225,0.161252894348752
T4-E033,val_cold,full_size,2002380.0,14.998739266317099,3264898.609038089,0.6305089988104601
T4-E033,val_cold,full_size,4650600.0,15.417385065511203,4962325.6284241825,0.06702912063479606
T4-E033,val_cold,full_size,3450000.0,15.178719861702925,3908717.4556826088,0.1329615813572779
T4-E033,val_cold,full_size,10777800.0,16.224032324025234,11117514.704662774,0.03151985606179125
T4-E033,val_cold,full_size,6113400.0,15.480530494399593,5285778.628294057,0.13537824642685622
T4-E033,val_cold,full_size,4940400.0,15.417385065511203,4962325.6284241825,0.004438026966274499
T4-E033,val_cold,full_size,1542840.0,14.362347560579714,1727779.4041814066,0.11986946422273638
T4-E033,val_cold,full_size,1904400.0,14.47440830446809,1932660.8777056483,0.014839780353732571
T4-E033,val_cold,full_size,11923200.0,17.129723539553446,27500741.875214472,1.3064900257661092
T4-E033,val_cold,full_size,3739800.0,15.15090115985139,3801480.5219270964,0.016493000140942408
T4-E033,val_cold,full_size,3795000.0,15.17677656208908,3901129.022248319,0.0279654867584503
T4-E033,val_cold,full_size,3795000.0,15.147348571898068,3787999.388654584,0.0018446933716511028
T4-E033,val_cold,full_size,5471700.0,15.472471206533987,5243350.217772824,0.04173287684397468
T4-E033,val_cold,full_size,19182000.0,17.281180040612966,31997874.62575152,0.6681198324341321
T4-E033,val_cold,full_size,2829000.0,14.937271774735205,3070256.8321200204,0.08527989823966788
T4-E033,val_cold,full_size,8293800.0,16.03980749659881,9246979.32409208,0.11492673130435757
T4-E033,val_cold,full_size,2352900.0,14.513227530304142,2009160.4984034486,0.1460918447858181
T4-E033,val_cold,full_size,1124700.0,13.782695864101086,967717.867034598,0.13957689425215788
T4-E033,val_cold,full_size,22066200.0,17.129723539553446,27500741.875214472,0.24628354112690323
T4-E033,val_cold,full_size,862500.0,13.725464568250722,913889.154804303,0.05958162875861213
T4-E033,val_cold,full_size,2208000.0,14.606433804995648,2205431.6448256024,0.0011632043362307899
T4-E033,val_cold,full_size,8293800.0,16.04023665998893,9250948.640768953,0.11540531972906902
T4-E033,val_cold,full_size,3726000.0,15.12173902621754,3692222.0864333026,0.009065462578287007
T4-E033,val_cold,full_size,1108140.0,14.020604674166425,1227640.6003971293,0.10783890158024195
T4-E033,val_cold,full_size,890100.0,13.940318543557595,1132930.893126921,0.2728130469912606
T4-E033,val_cold,full_size,8148900.0,15.82357320533095,7448872.266928402,0.08590456786457046
T4-E033,val_cold,full_size,5671800.0,15.60881877113039,6009299.663167985,0.05950485968616403
T4-E033,val_cold,full_size,26427000.0,16.938143510488565,22706085.051884234,0.14079974829211664
T4-E033,val_cold,full_size,1066740.0,13.66024821854474,856190.5354905863,0.19737655333953324
T4-E033,val_cold,full_size,1066740.0,13.66024821854474,856190.5354905863,0.19737655333953324
T4-E033,val_cold,full_size,7300200.0,15.614058990081839,6040872.360823614,0.1725059093143183
T4-E033,val_cold,full_size,7300200.0,15.614058990081839,6040872.360823614,0.1725059093143183
T4-E033,val_cold,full_size,7452000.0,14.832253306564835,2764176.4668423603,0.6290691805096135
T4-E033,val_cold,full_size,3739800.0,15.15090115985139,3801480.5219270964,0.016493000140942408
T4-E033,val_cold,full_size,3739800.0,15.15090115985139,3801480.5219270964,0.016493000140942408
T4-E033,val_cold,full_size,3739800.0,15.15090115985139,3801480.5219270964,0.016493000140942408
T4-E033,val_cold,full_size,3739800.0,15.15090115985139,3801480.5219270964,0.016493000140942408
T4-E033,val_cold,full_size,473340.0,13.14044247541734,509121.75712164864,0.07559419681761237
T4-E033,val_cold,full_size,2525400.0,14.513227530304142,2009160.4984034486,0.20441890456820758
T4-E033,val_cold,full_size,7741800.0,15.258736419038936,4234333.179633167,0.4530557261059228
T4-E033,val_cold,full_size,2566800.0,14.49951598555056,1981799.8116172848,0.227910311821223
T4-E033,val_cold,full_size,2566800.0,14.49951598555056,1981799.8116172848,0.227910311821223
T4-E033,val_cold,full_size,1380000.0,14.36396130468191,1730569.8489311123,0.2540361224138495
T4-E033,val_cold,full_size,1511100.0,14.759268354419403,2569619.404882591,0.7004959333482835
T4-E033,val_cold,full_size,1035000.0,14.473295124640275,1930510.6756054196,0.8652277058989561
T4-E033,val_cold,full_size,1108140.0,14.473295124640275,1930510.6756054196,0.7421180316615406
T4-E033,val_cold,full_size,1511100.0,14.759268354419403,2569619.404882591,0.7004959333482835
T4-E033,val_cold,full_size,1987200.0,14.955273884640544,3126028.430089536,0.5730819394572948
T4-E033,val_cold,full_size,1035000.0,14.473295124640275,1930510.6756054196,0.8652277058989561
T4-E033,val_cold,full_size,890100.0,14.480652122188028,1944765.8111132125,1.1848846321910038
T4-E033,val_cold,full_size,1121940.0,14.49951598555056,1981799.8116172848,0.7664044526599326
T4-E033,val_cold,full_size,1121940.0,14.49951598555056,1981799.8116172848,0.7664044526599326
T4-E033,val_cold,full_size,2463300.0,15.286012013559434,4351416.636274669,0.7664988577415132
T4-E033,val_cold,full_size,1814700.0,14.955273884640544,3126028.430089536,0.7226144432079882
T4-E033,val_cold,full_size,1814700.0,14.955273884640544,3126028.430089536,0.7226144432079882
T4-E033,val_cold,full_size,2898000.0,15.286012013559434,4351416.636274669,0.5015240290802861
T4-E033,val_cold,full_size,863880.0,13.513681836598556,739464.7085489255,0.144019182584473
T4-E033,val_cold,full_size,661020.0,13.356130924526713,631675.3942733671,0.04439291659349622
T4-E033,val_cold,full_size,761760.0,13.765510231184926,951229.1136586338,0.24872546951616492
T4-E033,val_cold,full_size,6168600.0,15.685632457036872,6489087.36480853,0.0519546355426725
T4-E033,val_cold,full_size,2380500.0,14.816245516559357,2720280.3873918,0.14273488233219914
T4-E033,val_cold,full_size,6168600.0,15.685632457036872,6489087.36480853,0.0519546355426725
T4-E033,val_cold,full_size,3753600.0,15.15090115985139,3801480.5219270964,0.012755893522777178
T4-E033,val_cold,full_size,6168600.0,15.685632457036872,6489087.36480853,0.0519546355426725
T4-E033,val_cold,full_size,3753600.0,15.15090115985139,3801480.5219270964,0.012755893522777178
T4-E033,val_cold,full_size,3753600.0,15.15090115985139,3801480.5219270964,0.012755893522777178
T4-E033,val_cold,full_size,3739800.0,15.15090115985139,3801480.5219270964,0.016493000140942408
T4-E033,val_cold,full_size,1080540.0,14.00643948293507,1210373.4216977346,0.12015605317501862
T4-E033,val_cold,full_size,5526900.0,15.751748107379765,6932618.206425353,0.25434116890577957
T4-E033,val_cold,full_size,11557500.0,16.07531037175385,9581170.956465965,0.1709997009330768
T4-E033,val_cold,full_size,11681700.0,16.27017095622497,11642479.071301313,0.0033574675516994
T4-E033,val_cold,full_size,3739800.0,15.15090115985139,3801480.5219270964,0.016493000140942408
T4-E033,val_cold,full_size,2231460.0,14.122252169081827,1358989.774852542,0.3909862713862037
T4-E033,val_cold,full_size,4393920.0,14.980399152060153,3205565.744359527,0.270454231219611
T4-E033,val_cold,full_size,4393920.0,14.980399152060153,3205565.744359527,0.270454231219611
T4-E033,val_cold,full_size,1407600.0,14.49436366694161,1971615.2072623046,0.40069281561686887
T4-E033,val_cold,full_size,4305600.0,15.11276361212885,3659231.139478792,0.1501228308531234
T4-E033,val_cold,full_size,4347000.0,15.298155062655146,4404578.220752518,0.013245507419488772
T4-E033,val_cold,full_size,5375100.0,15.47749078474408,5269735.791097058,0.01960227882326692
T4-E033,val_cold,full_size,4347000.0,15.316106136671664,4484359.063938244,0.03159858843759932
T4-E033,val_cold,full_size,1773300.0,14.370428660931914,1741798.3308184235,0.017764433080458164
T4-E033,val_cold,full_size,1773300.0,14.370428660931914,1741798.3308184235,0.017764433080458164
T4-E033,val_cold,full_size,1773300.0,14.370428660931914,1741798.3308184235,0.017764433080458164
T4-E033,val_cold,full_size,2829000.0,14.980376853417248,3205494.265390628,0.1330838689963337
T4-E033,val_cold,full_size,6186540.0,15.493055236748125,5352397.967882266,0.13483175282431437
T4-E033,val_cold,full_size,7493400.0,15.956017092054974,8503743.974360254,0.13483118135429226
T4-E033,val_cold,full_size,7493400.0,15.956017092054974,8503743.974360254,0.13483118135429226
T4-E033,val_cold,full_size,645840.0,13.432531827779949,681827.4014749117,0.05572185289686566
T4-E033,val_cold,full_size,661020.0,13.408047964361568,665336.3387679743,0.006529815690863043
T4-E033,val_cold,full_size,957720.0,14.196609324756913,1463892.182205524,0.5285179198570815
T4-E033,val_cold,full_size,661020.0,13.408047964361568,665336.3387679743,0.006529815690863043
T4-E033,val_cold,full_size,964620.0,14.225741095973412,1507165.203930249,0.562444489985952
T4-E033,val_cold,full_size,659640.0,13.845971543481445,1030929.6680763332,0.5628671215759099
T4-E033,val_cold,full_size,659640.0,13.682725925570718,875653.6592350805,0.3274720441984726
T4-E033,val_cold,full_size,1101240.0,14.478496717378025,1940578.5677529308,0.7621758815089633
T4-E033,val_cold,full_size,903900.0,14.223743193135618,1504157.0403022375,0.6640746103576032
T4-E033,val_cold,full_size,903900.0,14.223743193135618,1504157.0403022375,0.6640746103576032
T4-E033,val_cold,full_size,4664400.0,15.486182751287568,5315739.801310816,0.13964064002032756
T4-E033,val_cold,full_size,1090200.0,14.487006669393857,1957163.2656515762,0.7952332284457679
T4-E033,val_cold,full_size,485760.0,13.236487520767488,560445.6337294196,0.15375006943638742
T4-E033,val_cold,full_size,1090200.0,14.487006669393857,1957163.2656515762,0.7952332284457679
T4-E033,val_cold,full_size,2753100.0,15.338143387219398,4584278.9441656405,0.6651334656080928
T4-E033,val_cold,full_size,17512200.0,14.97318050752196,3182509.223242906,0.8182690225532541
T4-E033,val_cold,full_size,487140.0,13.626357358563517,827659.7000115552,0.699018146757719
T4-E033,val_cold,full_size,500940.0,13.626357358563517,827659.7000115552,0.6522132391335393
T4-E033,val_cold,full_size,3676320.0,15.317576539028895,4490957.726231921,0.22159053788351435
T4-E033,val_cold,full_size,529920.0,13.635381942222095,835162.7894213386,0.576016737283625
T4-E033,val_cold,full_size,891480.0,14.215582340668641,1491931.7886961054,0.6735448789609474
T4-E033,val_cold,full_size,12185400.0,16.11049593378297,9924290.876595024,0.1855588756548801
T4-E033,val_cold,full_size,22383600.0,16.12943823007948,10114071.50074502,0.5481481307410326
T4-E033,val_cold,full_size,1283400.0,14.034787753702549,1245176.386441567,0.029783086768297506
T4-E033,val_cold,full_size,1642200.0,14.431362591012391,1851233.2396881848,0.12728853957385508
T4-E033,val_cold,full_size,2435700.0,15.203068911358725,4005059.1657979093,0.6443154599490534
T4-E033,val_cold,full_size,22397400.0,16.225150772150233,11129956.024327239,0.5030692837415397
T4-E033,val_cold,full_size,3270600.0,15.419499355391695,4972828.522452824,0.5204636832547006
T4-E033,val_cold,full_size,3118800.0,14.892739044710316,2936529.6316827014,0.05844246771748705
T4-E033,val_cold,full_size,3132600.0,15.034601974797802,3384111.589542868,0.08028844715024838
T4-E033,val_cold,full_size,1614600.0,14.126432222010857,1364682.3133087265,0.15478613073905206
T4-E033,val_cold,full_size,3118800.0,14.903881833718255,2969433.743117753,0.04789222036752823
T4-E033,val_cold,full_size,3160200.0,14.834912311252538,2771536.205478798,0.12298708769103281
T4-E033,val_cold,full_size,3105000.0,14.759754278569412,2570868.3484290964,0.17202307619030713
T4-E033,val_cold,full_size,3105000.0,14.759754278569412,2570868.3484290964,0.17202307619030713
T4-E033,val_cold,full_size,407100.0,13.394336419607987,656275.8086674924,0.6120751870977459
T4-E033,val_cold,full_size,313260.0,13.199156146314783,539909.1406429034,0.723517655120039
T4-E033,val_cold,full_size,498180.0,13.626357358563517,827659.7000115552,0.6613667750844178
T4-E033,val_cold,full_size,500940.0,13.635381942222095,835162.7894213386,0.6671912592752397
T4-E033,val_cold,full_size,420900.0,13.394336419607987,656275.8086674924,0.5592202629306067
T4-E033,val_cold,full_size,673440.0,13.6400689033171,839086.3525345816,0.24597046883847345
T4-E033,val_cold,full_size,284280.0,13.024722293322728,453487.18644120474,0.5952131224187588
T4-E033,val_cold,full_size,471960.0,13.626357358563517,827659.7000115552,0.7536649292557742
T4-E033,val_cold,full_size,673440.0,13.634616739806917,834523.9652838646,0.23919571941652507
T4-E033,val_cold,full_size,2787600.0,15.122194592928553,3693904.5231075217,0.3251200039846182
T4-E033,val_cold,full_size,1159200.0,13.955153764060878,1149863.4613858657,0.008054294870716273
T4-E033,val_cold,full_size,1352400.0,14.36396130468191,1730569.8489311123,0.2796286963406628
T4-E033,val_cold,full_size,7769400.0,15.819899230837317,7421555.511471764,0.04477108766806134
T4-E033,val_cold,full_size,1914060.0,15.212883523620397,4044560.798109993,1.1130794218101798
T4-E033,val_cold,full_size,1449000.0,14.109598991048069,1341902.5670021635,0.07391127191017012
T4-E033,val_cold,full_size,659640.0,14.000792532362496,1203557.7647614612,0.8245675895359001
T4-E033,val_cold,full_size,4485000.0,15.325004288606083,4524439.629242582,0.008793674301579096
T4-E033,val_cold,full_size,5299200.0,15.170998244638144,3878652.062385562,0.26806837590852167
T4-E033,val_cold,full_size,814200.0,14.014504077116078,1220174.058111404,0.4986171187808942
T4-E033,val_cold,full_size,834900.0,13.79849816423829,983131.4998969857,0.17754401712418938
T4-E033,val_cold,full_size,1352400.0,14.36396130468191,1730569.8489311123,0.2796286963406628
T4-E033,val_cold,full_size,538200.0,13.796407408854668,981078.1596847931,0.8228876991542049
T4-E033,val_cold,full_size,1186800.0,14.829957061312939,2757836.5215753196,1.3237584441989547
T4-E033,val_cold,full_size,703800.0,14.189512941304827,1453540.6147350161,1.0652750990835693
T4-E033,val_cold,full_size,1393800.0,14.778603988447108,2619788.083870526,0.8796011507178404
T4-E033,val_cold,full_size,1173000.0,14.606170886211991,2204851.871640078,0.8796691147826751
T4-E033,val_cold,full_size,814200.0,13.955153764060878,1149863.4613858657,0.4122616818789802
T4-E033,val_cold,full_size,883200.0,14.165835117206555,1419528.1948310274,0.6072556553793336
T4-E033,val_cold,full_size,2635800.0,15.32913549789832,4543169.6985606225,0.7236397672663414
T4-E033,val_cold,full_size,738300.0,13.782695864101086,967717.867034598,0.31073800221400244
T4-E033,val_cold,full_size,1449000.0,14.672487230868255,2356026.875315377,0.6259674777883899
T4-E033,val_cold,full_size,5009400.0,15.467280878708277,5216206.015828484,0.04128359001646579
T4-E033,val_cold,full_size,6058200.0,15.238084601451696,4147783.28560372,0.31534394942330723
T4-E033,val_cold,full_size,12392400.0,16.425039571856612,13592647.395890087,0.09685350665650616
T4-E033,val_cold,full_size,1600800.0,14.59342134267692,2176919.4578458746,0.35989471379677324
T4-E033,val_cold,full_size,634800.0,13.510880290516925,737395.9632878487,0.1616193498548342
T4-E033,val_cold,full_size,883200.0,14.175801396551245,1433746.3426883898,0.6233541017758036
T4-E033,val_cold,full_size,1600800.0,14.59342134267692,2176919.4578458746,0.35989471379677324
T4-E033,val_cold,full_size,1545600.0,14.504308424342666,1991320.2607758867,0.2883800859057238
T4-E033,val_cold,full_size,952200.0,13.756536036784894,942730.7885197594,0.009944561520941577
T4-E033,val_cold,full_size,1600800.0,14.59342134267692,2176919.4578458746,0.35989471379677324
T4-E033,val_cold,full_size,579600.0,12.516647457231375,272841.8104256549,0.5292584361186078
T4-E033,val_cold,full_size,1173000.0,14.606170886211991,2204851.871640078,0.8796691147826751
T4-E033,val_cold,full_size,510600.0,12.516647457231375,272841.8104256549,0.46564471126977103
T4-E033,val_cold,full_size,510600.0,12.516647457231375,272841.8104256549,0.46564471126977103
T4-E033,val_cold,full_size,510600.0,12.516647457231375,272841.8104256549,0.46564471126977103
T4-E033,val_cold,full_size,952200.0,14.07388933332311,1294829.1751363375,0.35982900140342106
T4-E033,val_cold,full_size,1090200.0,14.38164779444894,1761449.829117521,0.6157125565194652
T4-E033,val_cold,full_size,1021200.0,14.07148819588765,1291723.841989198,0.26490779669917547
T4-E033,val_cold,full_size,1242000.0,14.606170886211991,2204851.871640078,0.7752430528503041
T4-E033,val_cold,full_size,1090200.0,14.352381281235026,1710645.3949762015,0.5691115345589813
T4-E033,val_cold,full_size,1945800.0,14.747131990888986,2538622.04771685,0.3046675134735584
T4-E033,val_cold,full_size,1876800.0,14.881283433277307,2903081.837508884,0.5468253609915195
T4-E033,val_cold,full_size,1821600.0,14.776625645850856,2614610.3688468733,0.4353372688004355
T4-E033,val_cold,full_size,1435200.0,14.352381281235026,1710645.3949762015,0.19192126182845698
T4-E033,val_cold,full_size,634800.0,13.790170573609604,974978.3782786259,0.5358827635139034
T4-E033,val_cold,full_size,2083800.0,14.75211513056133,2551303.9275023662,0.22435163043591816
T4-E033,val_cold,full_size,1449000.0,14.537981143853251,2059515.139429804,0.4213354999515555
T4-E033,val_cold,full_size,1159200.0,14.365637259277594,1733472.6372138115,0.49540427640943024
T4-E033,val_cold,full_size,1449000.0,14.463901847976617,1912461.7566817426,0.31984938349326614
T4-E033,val_cold,full_size,634800.0,13.51835500002544,742928.4349566388,0.17033464863994777
T4-E033,val_cold,full_size,4485000.0,15.946349217515344,8421926.979987603,0.8777986577452849
T4-E033,val_cold,full_size,1159200.0,14.352381281235026,1710645.3949762015,0.47571203845428006
T4-E033,val_cold,full_size,745200.0,13.724449273666071,912961.7589641114,0.22512313333885056
T4-E033,val_cold,full_size,910800.0,13.782695864101086,967717.867034598,0.062492168461350486
T4-E033,val_cold,full_size,745200.0,13.724449273666071,912961.7589641114,0.22512313333885056
T4-E033,val_cold,full_size,745200.0,13.724449273666071,912961.7589641114,0.22512313333885056
T4-E033,val_cold,full_size,848700.0,13.955153764060878,1149863.4613858657,0.3548526704204851
T4-E033,val_cold,full_size,4126200.0,15.698334788748069,6572039.633280362,0.5927583813873205
T4-E033,val_cold,full_size,1304100.0,14.352381281235026,1710645.3949762015,0.3117440341815823
T4-E033,val_cold,full_size,1186800.0,14.362347560579714,1727779.4041814066,0.4558303034895573
T4-E033,val_cold,full_size,1545600.0,14.352381281235026,1710645.3949762015,0.10678402884071006
T4-E033,val_cold,full_size,1449000.0,14.524725165810683,2032394.4050319693,0.4026186370130913
T4-E033,val_cold,full_size,1614600.0,14.672487230868255,2356026.875315377,0.45920158263060634
T4-E033,val_cold,full_size,3187800.0,15.32913549789832,4543169.6985606225,0.4251740067007411
T4-E033,val_cold,full_size,1304100.0,14.352381281235026,1710645.3949762015,0.3117440341815823
T4-E033,val_cold,full_size,4167600.0,15.417385065511203,4962325.6284241825,0.19069143594015323
T4-E033,val_cold,full_size,931500.0,13.782695864101086,967717.867034598,0.038881231384431586
T4-E033,val_cold,full_size,2290800.0,14.984201961340588,3217779.1073477985,0.4046530065251434
T4-E033,val_cold,full_size,1186800.0,14.357863405662327,1720049.1185223612,0.44931674968180074
T4-E033,val_cold,full_size,2166600.0,15.164612704604972,3853963.6825745236,0.7788072014098235
T4-E033,val_cold,full_size,3594900.0,15.617630873014052,6062488.231402618,0.6864135946487018
T4-E033,val_cold,full_size,1211640.0,13.999460228070465,1201955.3272899543,0.00799302821799025
T4-E033,val_cold,full_size,2346000.0,14.945926511384943,3096944.4168732744,0.3200956593662721
T4-E033,val_cold,full_size,924600.0,13.782695864101086,967717.867034598,0.04663407639476316
T4-E033,val_cold,full_size,966000.0,13.790170573609604,974978.3782786259,0.009294387451993682
T4-E033,val_cold,full_size,6679200.0,16.27094719230231,11651519.892037777,0.7444484207746103
T4-E033,val_cold,full_size,966000.0,13.782695864101086,967717.867034598,0.0017783302635590277
T4-E033,val_cold,full_size,11205600.0,14.501692093451979,1986117.1176045123,0.8227567361315313
T4-E033,val_cold,full_size,1731900.0,14.47440830446809,1932660.8777056483,0.1159194397515147
T4-E033,val_cold,full_size,1731900.0,14.47440830446809,1932660.8777056483,0.1159194397515147
T4-E033,val_cold,full_size,966000.0,13.790170573609604,974978.3782786259,0.009294387451993682
T4-E033,val_cold,full_size,1738800.0,14.686198775621836,2388554.133122856,0.37367962567452023
T4-E033,val_cold,full_size,731400.0,13.800475305668868,985077.2127580643,0.3468378626716766
T4-E033,val_cold,full_size,731400.0,13.800475305668868,985077.2127580643,0.3468378626716766
T4-E033,val_cold,full_size,993600.0,13.93705341989425,1129237.7661979464,0.1365114394101715
T4-E033,val_cold,full_size,993600.0,13.927332373801152,1118313.5771221407,0.12551688518733964
T4-E033,val_cold,full_size,993600.0,13.927332373801152,1118313.5771221407,0.12551688518733964
T4-E033,val_cold,full_size,938400.0,13.790170573609604,974978.3782786259,0.03897951649469938
T4-E033,val_cold,full_size,966000.0,13.790170573609604,974978.3782786259,0.009294387451993682
T4-E033,val_cold,full_size,4650600.0,15.363268636198411,4700919.266622518,0.010819951537977506
T4-E033,val_cold,full_size,1849200.0,14.682453510212945,2379625.0951965544,0.28684030672537014
T4-E033,val_cold,full_size,1683600.0,14.454694660915345,1894934.177212815,0.12552517059444943
T4-E033,val_cold,full_size,938400.0,13.724449273666071,912961.7589641114,0.027108099995618664
T4-E033,val_cold,full_size,855600.0,13.724449273666071,912961.7589641114,0.0670427290370634
T4-E033,val_cold,full_size,1849200.0,14.672487230868255,2356026.875315377,0.27407899378941003
T4-E033,val_cold,full_size,2049300.0,14.454694660915345,1894934.177212815,0.07532612247459375
T4-E033,val_cold,full_size,1697400.0,14.524725165810683,2032394.4050319693,0.197357373059956
T4-E033,val_cold,full_size,3988200.0,15.452541324134174,5139885.310932076,0.28877320869868
T4-E033,val_cold,full_size,1932000.0,14.500785379782965,1984317.094241932,0.027079241326051776
T4-E033,val_cold,full_size,1932000.0,14.500785379782965,1984317.094241932,0.027079241326051776
T4-E033,val_cold,full_size,1683600.0,14.47440830446809,1932660.8777056483,0.147933522039468
T4-E033,val_cold,full_size,15814800.0,16.275283362805506,11702152.565529183,0.2600505497679906
T4-E033,val_cold,full_size,966000.0,13.790170573609604,974978.3782786259,0.009294387451993682
T4-E033,val_cold,full_size,2387400.0,14.672487230868255,2356026.875315377,0.013141126197798014
T4-E033,val_cold,full_size,1159200.0,13.99049450039227,1191227.088244038,0.027628613046961643
T4-E033,val_cold,full_size,1159200.0,13.99049450039227,1191227.088244038,0.027628613046961643
T4-E033,val_cold,full_size,1090200.0,13.999460228070465,1201955.3272899543,0.1025090142083602
T4-E033,val_cold,full_size,7507200.0,16.27094719230231,11651519.892037777,0.5520460214244695
T4-E033,val_cold,full_size,1035000.0,13.790170573609604,974978.3782786259,0.0579919050448059
T4-E033,val_cold,full_size,1821600.0,14.460423309672528,1905820.7424137562,0.04623448749108268
T4-E033,val_cold,full_size,2758302.0,14.592183702247922,2174226.8808789244,0.2117516932957579
T4-E033,val_cold,full_size,2758302.0,14.594887359161499,2180113.1981226215,0.20961765676034694
T4-E033,val_cold,full_size,2242527.0,14.666396989282445,2341721.7076416803,0.044233450764106855
T4-E033,val_cold,full_size,7235878.0,15.535994150741235,5587229.755013811,0.22784356576854786
T4-E033,val_cold,full_size,1499618.0,14.210031648382037,1483673.4753060034,0.010632390844866257
T4-E033,val_cold,full_size,3645532.0,14.869613501108402,2869399.984109192,0.21289952080815855
T4-E033,val_cold,full_size,17744688.0,16.083006364729886,9655192.048405975,0.45588268171263563
T4-E033,val_cold,full_size,2772102.0,14.75774002928642,2565695.1904655118,0.07445859118260736
T4-E033,val_cold,full_size,17813688.0,16.190528769318494,10751208.978368524,0.39646360830118255
T4-E033,val_cold,full_size,1141963.0,13.807998655529673,992516.2413891804,0.13086830187214435
T4-E033,val_cold,full_size,1141260.0,13.807998655529673,992516.2413891804,0.13033292905281846
T4-E033,val_cold,full_size,5406205.0,15.097256751316781,3602925.640563675,0.3335573400261967
T4-E033,val_cold,full_size,3645532.0,14.948954046026616,3106334.7309566773,0.14790633275015078
T4-E033,val_cold,full_size,1843472.0,14.350249759928328,1707003.0011676762,0.07402824606629438
T4-E033,val_cold,full_size,8666400.0,15.541521800604595,5618199.520960426,0.35172626223571196
T4-E033,val_cold,full_size,10046400.0,15.613228741806665,6035859.018412922,0.39920180179836345
T4-E033,val_cold,full_size,1311000.0,13.78524218619572,970185.128308655,0.25996557718638064
T4-E033,val_cold,full_size,15525000.0,16.964066684454863,23302394.568949103,0.500959392524902
T4-E033,val_cold,full_size,2056200.0,14.349208851173277,1705227.0912393066,0.1706900635933729
T4-E033,val_cold,full_size,11247000.0,14.790712232930794,2651701.938959931,0.7642302890584218
T4-E033,val_cold,full_size,2746200.0,15.180799997885456,3916856.582600854,0.42628234746225835
T4-E033,val_cold,full_size,2746200.0,15.127187429282644,3712393.702213022,0.35182932860426114
T4-E033,val_cold,full_size,5188800.0,15.614913750685515,6046038.067936435,0.16520931004017023
T4-E033,val_cold,full_size,16311600.0,16.141384025699505,10235616.663222315,0.37249462571284764
T4-E033,val_cold,full_size,745200.0,13.800475305668868,985077.2127580643,0.32189642077034925
T4-E033,val_cold,full_size,1145400.0,13.965120043405566,1161380.6181209637,0.013951997661047395
T4-E033,val_cold,full_size,1145400.0,13.955153764060878,1149863.4613858657,0.0038968582031305185
T4-E033,val_cold,full_size,828000.0,13.78428010173375,969252.1771323512,0.1705944168265111
T4-E033,val_cold,full_size,745200.0,13.724449273666071,912961.7589641114,0.22512313333885056
T4-E033,val_cold,full_size,1890600.0,14.47440830446809,1932660.8777056483,0.022247369991351056
T4-E033,val_cold,full_size,1117800.0,14.74210508042091,2525892.643563996,1.259699985296114
T4-E033,val_cold,full_size,1159200.0,13.955153764060878,1149863.4613858657,0.008054294870716273
T4-E033,val_cold,full_size,1104000.0,14.063261708659754,1281141.0814556617,0.16045387813012835
T4-E033,val_cold,full_size,1324800.0,14.00303685235923,1206261.9669325615,0.08947617230332014
T4-E033,val_cold,full_size,1407600.0,14.00303685235923,1206261.9669325615,0.14303639746194838
T4-E033,val_cold,full_size,1145400.0,13.955153764060878,1149863.4613858657,0.0038968582031305185
T4-E033,val_cold,full_size,1145400.0,13.955153764060878,1149863.4613858657,0.0038968582031305185
T4-E033,val_cold,full_size,1145400.0,13.965120043405566,1161380.6181209637,0.013951997661047395
T4-E033,val_cold,full_size,2332200.0,14.672487230868255,2356026.875315377,0.010216480282727477
T4-E033,val_cold,full_size,1145400.0,13.965120043405566,1161380.6181209637,0.013951997661047395
T4-E033,val_cold,full_size,371220.0,13.413893517989322,669236.9876355523,0.8028042337038745
T4-E033,val_cold,full_size,7631400.0,15.925580943517021,8248821.862080562,0.08090545143493487
T4-E033,val_cold,full_size,1504200.0,14.21792347537631,1495428.6937538104,0.005831210109154124
T4-E033,val_cold,full_size,4857600.0,15.101755697421769,3619171.5261205416,0.25494657318005975
T4-E033,val_cold,full_size,1145400.0,13.965120043405566,1161380.6181209637,0.013951997661047395
T4-E033,val_cold,full_size,1076400.0,13.782695864101086,967717.867034598,0.10096816514808805
T4-E033,val_cold,full_size,2056200.0,14.349208851173277,1705227.0912393066,0.1706900635933729
T4-E033,val_cold,full_size,1145400.0,13.955153764060878,1149863.4613858657,0.0038968582031305185
T4-E033,val_cold,full_size,4733400.0,15.409793358848937,4924795.746069123,0.04043515149134302
T4-E033,val_cold,full_size,3919200.0,16.28680608533425,11837773.080753762,2.0204564913129626
T4-E033,val_cold,full_size,1766400.0,15.240490327340783,4157773.7275503166,1.3538121193106412
T4-E033,val_cold,full_size,1642200.0,14.21792347537631,1495428.6937538104,0.08937480589830084
T4-E033,val_cold,full_size,869400.0,13.724449273666071,912961.7589641114,0.05010554286187192
T4-E033,val_cold,full_size,745200.0,13.78428010173375,969252.1771323512,0.30066046314056794
T4-E033,val_cold,full_size,1021200.0,13.782695864101086,967717.867034598,0.052371849750687406
T4-E033,val_cold,full_size,1821600.0,14.454694660915345,1894934.177212815,0.04025811221608203
T4-E033,val_cold,full_size,1145400.0,13.965120043405566,1161380.6181209637,0.013951997661047395
T4-E033,val_cold,full_size,1145400.0,13.965120043405566,1161380.6181209637,0.013951997661047395
T4-E033,val_cold,full_size,2056200.0,14.349208851173277,1705227.0912393066,0.1706900635933729
T4-E033,val_cold,full_size,2704800.0,14.937271774735205,3070256.8321200204,0.13511417928128527
T4-E033,val_cold,full_size,1145400.0,13.955153764060878,1149863.4613858657,0.0038968582031305185
T4-E033,val_cold,full_size,1007400.0,13.782695864101086,967717.867034598,0.03939064221302559
T4-E033,val_cold,full_size,1007400.0,13.782695864101086,967717.867034598,0.03939064221302559
T4-E033,val_cold,full_size,1959600.0,14.47440830446809,1932660.8777056483,0.013747255712569755
T4-E033,val_cold,full_size,2111400.0,14.606170886211991,2204851.871640078,0.04426061932370834
T4-E033,val_cold,full_size,1007400.0,13.782695864101086,967717.867034598,0.03939064221302559
T4-E033,val_cold,full_size,16918800.0,15.399117494360443,4872498.947523498,0.7120068239163831
T4-E033,val_cold,full_size,11247000.0,14.817301324065065,2723153.996564563,0.7578773009189506
T4-E033,val_cold,full_size,5409600.0,15.704149410474535,6610364.873124624,0.22196925338742673
T4-E033,val_cold,full_size,1435200.0,14.109598991048069,1341902.5670021635,0.06500657260161406
T4-E033,val_cold,full_size,2097600.0,14.473295124640275,1930510.6756054196,0.07965738195775193
T4-E033,val_cold,full_size,1269600.0,14.487006669393857,1957163.2656515762,0.5415589679045182
T4-E033,val_cold,full_size,8183400.0,16.0429769737666,9276333.908699976,0.13355499043184693
T4-E033,val_cold,full_size,8583600.0,16.0429769737666,9276333.908699976,0.08070435582971903
T4-E033,val_cold,full_size,4981800.0,15.042393031991715,3410580.37249946,0.31539195220613836
T4-E033,val_cold,full_size,1462800.0,14.92862267302447,3043816.376423541,1.0808151329119093
T4-E033,val_cold,full_size,2277000.0,15.094866937195869,3594325.598335494,0.5785356163089564
T4-E033,val_cold,full_size,4388400.0,15.666548916577135,6366426.72570884,0.450739842700948
T4-E033,val_cold,full_size,661020.0,13.79849816423829,983131.4998969857,0.48729463540737905
T4-E033,val_cold,full_size,1242000.0,13.991866042004556,1192862.026702018,0.03956358558613689
T4-E033,val_cold,full_size,1242000.0,13.991866042004556,1192862.026702018,0.03956358558613689
T4-E033,val_cold,full_size,11237436.0,16.08150984119287,9640753.632660277,0.1420860031896709
T4-E033,val_cold,full_size,772800.0,13.364721257813972,637125.0701931033,0.17556279736917277
T4-E033,val_cold,full_size,772800.0,13.364721257813972,637125.0701931033,0.17556279736917277
T4-E033,val_cold,full_size,4554000.0,15.46773644541929,5218582.887017667,0.14593387945051983
T4-E033,val_cold,full_size,848700.0,14.011797731099144,1216876.3093466957,0.4338120765249154
T4-E033,val_cold,full_size,992220.0,14.011797731099144,1216876.3093466957,0.22641784014300828
T4-E033,val_cold,full_size,545100.0,13.634161173095904,834143.8705315707,0.5302584306211168
T4-E033,val_cold,full_size,545100.0,13.643185756754482,841705.7417222712,0.5441308782283456
T4-E033,val_cold,full_size,558900.0,13.991866042004556,1192862.026702018,1.134303143141918
T4-E033,val_cold,full_size,1504200.0,14.002773147440566,1205943.9116568973,0.19828220206295885
T4-E033,val_cold,full_size,1545600.0,14.413606594337935,1818652.8530375694,0.17666463058848955
T4-E033,val_cold,full_size,3146400.0,15.061624488176099,3476805.561812887,0.10501066673432716
T4-E033,val_cold,full_size,1269600.0,13.79849816423829,983131.4998969857,0.22563681482594067
T4-E033,val_cold,full_size,821100.0,13.135485912967983,506604.506945544,0.383017285415243
T4-E033,val_cold,full_size,7424400.0,15.81395581023357,7377576.906665192,0.006306650144766986
T4-E033,val_cold,full_size,717600.0,14.210031648382037,1483673.4753060034,1.0675494360451552
T4-E033,val_cold,full_size,485760.0,13.236487520767488,560445.6337294196,0.15375006943638742
T4-E033,val_cold,full_size,442980.0,13.635381942222095,835162.7894213386,0.8853284333860187
T4-E033,val_cold,full_size,2539200.0,14.96870375064148,3168293.7465385734,0.24775273571934997
T4-E033,val_cold,full_size,471960.0,13.991866042004556,1192862.026702018,1.5274642484575345
T4-E033,val_cold,full_size,2325300.0,14.26122042295404,1561598.3264545938,0.32843145983116423
T4-E033,val_cold,full_size,1035000.0,14.604933011948539,2202124.230839927,1.127656261681089
T4-E033,val_cold,full_size,538200.0,13.796407408854668,981078.1596847931,0.8228876991542049
T4-E033,val_cold,full_size,538200.0,13.796407408854668,981078.1596847931,0.8228876991542049
T4-E033,val_cold,full_size,193200.0,12.667782179694576,317356.86592881515,0.642633881619126
T4-E033,val_cold,full_size,524400.0,12.654070634940993,313035.1097450668,0.4030604314548688
T4-E033,val_cold,full_size,600300.0,13.738160818419653,925566.0899305058,0.5418392302690419
T4-E033,val_cold,full_size,655500.0,13.73770525170864,925144.5288629766,0.41135702343703523
T4-E033,val_cold,full_size,538200.0,13.524591835270506,747576.4365478778,0.3890309114601967
T4-E033,val_cold,full_size,1738800.0,14.870438782718473,2871769.024576321,0.6515809895193931
T4-E033,val_cold,full_size,1035000.0,14.606170886211991,2204851.871640078,1.130291663420365
T4-E033,val_cold,full_size,883200.0,14.352381281235026,1710645.3949762015,0.9368720504712426
T4-E033,val_cold,full_size,1738800.0,15.013688685334133,3314073.5993404826,0.9059544509664611
T4-E033,val_cold,full_size,1738800.0,14.894898914369183,2942879.0073801572,0.6924769998735664
T4-E033,val_cold,full_size,1738800.0,14.998739266317099,3264898.609038089,0.8776734581539504
T4-E033,val_cold,full_size,966000.0,14.18625264736869,1448809.361911223,0.4998026520820114
T4-E033,val_cold,full_size,800400.0,13.738160818419653,925566.0899305058,0.1563794227017814
T4-E033,val_cold,full_size,1311000.0,14.52182216232087,2026502.912630497,0.5457688120751312
T4-E033,val_cold,full_size,2290800.0,15.013688685334133,3314073.5993404826,0.44668831820345845
T4-E033,val_cold,full_size,2263200.0,15.127187429282644,3712393.702213022,0.640329490196634
T4-E033,val_cold,full_size,1738800.0,14.816245516559357,2720280.3873918,0.5644584698595584
T4-E033,val_cold,full_size,1449000.0,14.686198775621836,2388554.133122856,0.6484155508094243
T4-E033,val_cold,full_size,2014800.0,14.998739266317099,3264898.609038089,0.6204579159410805
T4-E033,val_cold,full_size,1159200.0,14.362347560579714,1727779.4041814066,0.4904929297631182
T4-E033,val_cold,full_size,1186800.0,14.357863405662327,1720049.1185223612,0.44931674968180074
T4-E033,val_cold,full_size,1449000.0,14.524725165810683,2032394.4050319693,0.4026186370130913
T4-E033,val_cold,full_size,6679200.0,16.27094719230231,11651519.892037777,0.7444484207746103
T4-E033,val_cold,full_size,4319400.0,15.740477665994753,6854923.190266386,0.5870081933292554
T4-E033,val_cold,full_size,6706800.0,16.27094719230231,11651519.892037777,0.737269620689118
T4-E033,val_cold,full_size,9991200.0,16.804116139883675,19857972.860248778,0.9875463267924551
T4-E033,val_cold,full_size,1932000.0,14.500785379782965,1984317.094241932,0.027079241326051776
T4-E033,val_cold,full_size,8790600.0,15.706827722324265,6628093.222121303,0.24600218163478
T4-E033,val_cold,full_size,8790600.0,15.693571744281696,6540811.146646487,0.2559312053049295
T4-E033,val_cold,full_size,8293800.0,16.072197904469053,9551396.235772714,0.15163088521217222
T4-E033,val_cold,full_size,7079400.0,16.03980749659881,9246979.32409208,0.30618121932537795
T4-E033,val_cold,full_size,1145400.0,13.965120043405566,1161380.6181209637,0.013951997661047395
T4-E033,val_cold,full_size,2056200.0,14.349208851173277,1705227.0912393066,0.1706900635933729
T4-E033,val_cold,full_size,2049300.0,14.47440830446809,1932660.8777056483,0.0569165677520869
T4-E033,val_cold,full_size,1173000.0,13.983559776235275,1182994.8341753092,0.008520745247492896
T4-E033,val_cold,full_size,2704800.0,14.964702256084873,3155641.167853148,0.1666818869613828
T4-E033,val_cold,full_size,1173000.0,13.983559776235275,1182994.8341753092,0.008520745247492896
T4-E033,val_cold,full_size,5409600.0,15.60881877113039,6009299.663167985,0.1108584115587077
T4-E033,val_cold,full_size,1173000.0,14.002867164195111,1206057.2959195613,0.02818183795359019
T4-E033,val_cold,full_size,676200.0,13.724449273666071,912961.7589641114,0.3501356979652639
T4-E033,val_cold,full_size,952200.0,14.376059105333296,1751633.0905306926,0.8395642622670579
T4-E033,val_cold,full_size,1380000.0,14.601689316848992,2194992.783636757,0.5905744808962009
T4-E033,val_cold,full_size,1242000.0,14.619882430965573,2235292.0105058705,0.7997520213412805
T4-E033,val_cold,full_size,772800.0,13.790170573609604,974978.3782786259,0.2616179843149921
T4-E033,val_cold,full_size,814200.0,13.724449273666071,912961.7589641114,0.12129913898810052
T4-E033,val_cold,full_size,6624000.0,15.560011846342142,5723046.613743851,0.13601349430195486
T4-E033,val_cold,full_size,3036000.0,15.81173092106454,7361180.8621663125,1.4246313775251358
T4-E033,val_cold,full_size,29449200.0,15.77692697630136,7109389.807036389,0.7585880157343361
T4-E033,val_cold,full_size,4678200.0,15.55586156777186,5699343.5971104195,0.21827702900911025
T4-E033,val_cold,full_size,4567800.0,14.977958234127442,3197750.763193661,0.29993634502525046
T4-E033,val_cold,full_size,2297700.0,14.014048510405065,1219618.3140277509,0.46920036818220356
T4-E033,val_cold,full_size,1380000.0,14.534350986510852,2052052.3292077144,0.48699444145486553
T4-E033,val_cold,full_size,4719600.0,15.317576539028895,4490957.726231921,0.0484452652275783
T4-E033,val_cold,full_size,5892600.0,15.682764569702684,6470504.0535030775,0.09807284619744722
T4-E033,val_cold,full_size,1807800.0,14.963608030714534,3152190.0737093207,0.743660843959133
T4-E033,val_cold,full_size,1697400.0,14.61942686425456,2234273.917798672,0.31629192753544944
T4-E033,val_cold,full_size,1725000.0,14.61942686425456,2234273.917798672,0.29523125669488226
T4-E033,val_cold,full_size,1600800.0,14.375603538622283,1750835.2865450052,0.09372519149488079
T4-E033,val_cold,full_size,1373100.0,13.978376021448135,1176878.345924616,0.14290412502759006
T4-E033,val_cold,full_size,1338600.0,13.978376021448135,1176878.345924616,0.12081402515716712
T4-E033,val_cold,full_size,1145400.0,13.291768009142467,592299.6842315746,0.4828883497192469
T4-E033,val_cold,full_size,772800.0,13.291768009142467,592299.6842315746,0.2335666611910266
T4-E033,val_cold,full_size,1725000.0,14.61942686425456,2234273.917798672,0.29523125669488226
T4-E033,val_cold,full_size,1414500.0,13.978376021448135,1176878.345924616,0.16798985795361182
T4-E033,val_cold,full_size,28359000.0,16.272397681846385,11668432.562674498,0.5885456975678093
T4-E033,val_cold,full_size,1090200.0,13.539683698048346,758944.323070178,0.30384853873584844
T4-E033,val_cold,full_size,1393800.0,14.209965032690068,1483574.6426627291,0.06440998899607486
T4-E033,val_cold,full_size,2428800.0,14.854500990290248,2826362.169633014,0.16368666404521331
T4-E033,val_cold,full_size,1048800.0,13.790170573609604,974978.3782786259,0.0703867483994795
T4-E033,val_cold,full_size,1449000.0,14.604933011948539,2202124.230839927,0.5197544726293494
T4-E033,val_cold,full_size,1683600.0,14.49436366694161,1971615.2072623046,0.17107104256492314
T4-E033,val_cold,full_size,717600.0,13.649093486975676,846693.0294399653,0.1798955259754254
T4-E033,val_cold,full_size,1035000.0,14.014504077116078,1220174.058111404,0.17891213344097012
T4-E033,val_cold,full_size,717600.0,13.649093486975676,846693.0294399653,0.1798955259754254
T4-E033,val_cold,full_size,717600.0,13.649093486975676,846693.0294399653,0.1798955259754254
T4-E033,val_cold,full_size,2001000.0,14.6111901898459,2215946.5130459494,0.1074195467495999
T4-E033,val_cold,full_size,2470200.0,14.742560647131922,2527043.6183209824,0.023011747356887068
T4-E033,val_cold,full_size,1035000.0,14.014504077116078,1220174.058111404,0.17891213344097012
T4-E033,val_cold,full_size,1035000.0,14.014504077116078,1220174.058111404,0.17891213344097012
T4-E033,val_cold,full_size,3256800.0,14.980854718771166,3207026.426096345,0.015282969142610896
T4-E033,val_cold,full_size,1683600.0,14.49436366694161,1971615.2072623046,0.17107104256492314
T4-E033,val_cold,full_size,1035000.0,14.014504077116078,1220174.058111404,0.17891213344097012
T4-E033,val_cold,full_size,3256800.0,14.968985429394126,3169186.313271756,0.02690177067312828
T4-E033,val_cold,full_size,1338600.0,14.063261708659754,1281141.0814556617,0.04292463659370859
T4-E033,val_cold,full_size,12972000.0,16.302903910207025,12029877.562364716,0.07262738495492475
T4-E033,val_cold,full_size,12972000.0,16.396809267333385,13214288.540901607,0.018677809196855296
T4-E033,val_cold,full_size,10384500.0,16.172718436399297,10561421.473320061,0.017037071916804983
T4-E033,val_cold,full_size,10384500.0,16.139857180686,10220000.387809845,0.015840879405860205
T4-E033,val_cold,full_size,138165600.0,14.30533449787531,1632028.8595135696,0.9881878784624134
T4-E033,val_cold,full_size,5216400.0,15.55724060310078,5707208.615104895,0.0940895282388036
T4-E033,val_cold,full_size,12972000.0,16.396809267333385,13214288.540901607,0.018677809196855296
T4-E033,val_cold,full_size,7845300.0,15.954755057038929,8493018.720943347,0.08256137062232759
T4-E033,val_cold,full_size,1018440.0,13.576689901352863,787556.1126899009,0.22670347522691478
T4-E033,val_cold,full_size,1435200.0,14.357863405662327,1720049.1185223612,0.19847346608302757
T4-E033,val_cold,full_size,5837400.0,15.48257653898218,5296604.6384942485,0.09264319071945584
T4-E033,val_cold,full_size,3960600.0,15.224331126926982,4091127.3548754607,0.032956459848371644
T4-E033,val_cold,full_size,1385520.0,14.493908100230597,1970717.2095714074,0.42236648303265734
T4-E033,val_cold,full_size,5210880.0,15.406064927063326,4906468.168863819,0.058418507264834545
T4-E033,val_cold,full_size,2677200.0,14.88286947915097,2907689.911820813,0.08609364702704807
T4-E033,val_cold,full_size,1407600.0,14.59342134267692,2176919.4578458746,0.5465469294159382
T4-E033,val_cold,full_size,1449000.0,14.51277196359313,2008245.400223255,0.3859526571589061
T4-E033,val_cold,full_size,710700.0,13.442819176288545,688877.8003535267,0.030705219707996737
T4-E033,val_cold,full_size,2139000.0,14.829501494601926,2756580.4292003345,0.28872390331946446
T4-E033,val_cold,full_size,3850200.0,15.833155208879885,7520590.440591363,0.9532986443798668
T4-E033,val_cold,full_size,4278000.0,15.691762747197334,6528989.534207879,0.526178011736297
T4-E033,val_cold,full_size,4609200.0,15.679142141894575,6447107.521395516,0.39874761811063
T4-E033,val_cold,full_size,814200.0,13.724449273666071,912961.7589641114,0.12129913898810052
T4-E033,val_cold,full_size,15373200.0,16.085274313055173,9677114.374997796,0.3705204918300811
T4-E033,val_cold,full_size,12640800.0,15.708622920736897,6640002.651248149,0.4747165803392073
T4-E033,val_cold,full_size,1366200.0,14.349902862166811,1706410.948344505,0.24901987142768622
T4-E033,val_cold,full_size,5533800.0,15.392808949020758,4841857.320663875,0.12503933632153766
T4-E033,val_cold,full_size,7548600.0,15.7057950582217,6621252.161049398,0.12285030852748885
T4-E033,val_cold,full_size,2495040.0,14.672487230868255,2356026.875315377,0.055715790001211594
T4-E033,val_cold,full_size,2495040.0,14.672487230868255,2356026.875315377,0.055715790001211594
T4-E033,val_cold,full_size,1642200.0,14.417342782338991,1825460.391207465,0.11159444112012237
T4-E033,val_cold,full_size,1642200.0,14.405473492961951,1803921.5518022068,0.09847859688357495
T4-E033,val_cold,full_size,10087800.0,15.591966480103023,5908877.7427264955,0.41425506624571307
T4-E033,val_cold,full_size,14531400.0,16.287184057060596,11842248.269975426,0.18505799372562687
T4-E033,val_cold,full_size,7341600.0,15.657984352962888,6312133.888124194,0.14022367220712187
T4-E033,val_cold,full_size,1516620.0,14.350249759928328,1707003.0011676762,0.12553111601302644
T4-E033,val_cold,full_size,3007020.0,14.95414126736771,3122489.8406063137,0.038400090656634696
T4-E033,val_cold,full_size,3007020.0,14.956031498675243,3128397.6504650195,0.04036476327560825
T4-E033,val_cold,full_size,1516620.0,14.349208851173277,1705227.0912393066,0.12436015036021325
T4-E033,val_cold,full_size,1516620.0,14.349208851173277,1705227.0912393066,0.12436015036021325
T4-E033,val_cold,full_size,4428420.0,15.124632884409161,3702922.328587763,0.1638276566839272
T4-E033,val_cold,full_size,959100.0,13.991866042004556,1192862.026702018,0.2437306085934918
T4-E033,val_cold,full_size,2993220.0,14.869613501108402,2869399.984109192,0.04136682766078265
T4-E033,val_cold,full_size,959100.0,14.000792532362496,1203557.7647614612,0.25488245726354
T4-E033,val_cold,full_size,4469820.0,15.303864994275314,4429800.000000007,0.00895338067304557
T4-E033,val_cold,full_size,1516620.0,14.349208851173277,1705227.0912393066,0.12436015036021325
T4-E033,val_cold,full_size,14484480.0,16.083006364729886,9655192.048405975,0.3334112064495256
T4-E033,val_cold,full_size,4469820.0,15.303864994275314,4429800.000000007,0.00895338067304557
T4-E033,val_cold,full_size,4456020.0,15.222950367758925,4085482.391336947,0.08315438634993846
T4-E033,val_cold,full_size,3007020.0,14.950416728297222,3110881.6362224235,0.0345397224569253
T4-E033,val_cold,full_size,2993220.0,14.948954046026616,3106334.7309566773,0.03779031643403336
T4-E033,val_cold,full_size,21321234.0,16.377307216223254,12959079.449354649,0.39219843235365043
T4-E033,val_cold,full_size,14622480.0,16.304764275210122,12052278.3559388,0.17577056997590015
T4-E033,val_cold,full_size,14622480.0,16.30546285288122,12060700.749989813,0.17519458053696685
T4-E033,val_cold,full_size,15732000.0,16.083006364729886,9655192.048405975,0.38627052832405445
T4-E033,val_cold,full_size,15773400.0,16.088227295381508,9705732.957004102,0.38467718075975366
T4-E033,val_cold,full_size,17250000.0,16.30016558334256,11996980.886940647,0.30452284713387556
T4-E033,val_cold,full_size,1338600.0,13.69988830014283,890811.6568868485,0.33451990371518864
T4-E033,val_cold,full_size,1352400.0,13.610548878149658,814678.5344457382,0.39760534276416876
T4-E033,val_cold,full_size,1338600.0,13.38549313074175,650497.7582553509,0.5140461988231355
T4-E033,val_cold,full_size,2332200.0,14.49436366694161,1971615.2072623046,0.15461143672828034
T4-E033,val_cold,full_size,5935380.0,14.231635020129891,1516074.5510502898,0.74456992626415
T4-E033,val_cold,full_size,17912400.0,16.49716506336451,14609244.385046236,0.1844060882379672
T4-E033,val_cold,full_size,55641600.0,15.942305547301393,8387940.246595804,0.8492505562996786
T4-E033,val_cold,full_size,69441600.0,15.942305547301393,8387940.246595804,0.8792087128378984
T4-E033,val_cold,full_size,20989800.0,15.372006046702978,4742173.0913538085,0.7740724975295712
T4-E033,val_cold,full_size,2097600.0,14.388955164632769,1774368.5384892786,0.15409585312296023
T4-E033,val_cold,full_size,2097600.0,14.388955164632769,1774368.5384892786,0.15409585312296023
T4-E033,val_cold,full_size,3995100.0,15.194634807100064,3971422.127769145,0.005926728299881058
T4-E033,val_cold,full_size,2097600.0,14.388955164632769,1774368.5384892786,0.15409585312296023
T4-E033,val_cold,full_size,2263200.0,14.649875122722367,2303349.9534326866,0.017740347045195577
T4-E033,val_cold,full_size,2967000.0,14.847116106564533,2805566.694236724,0.05440960760474413
T4-E033,val_cold,full_size,2097600.0,14.470180295464734,1924506.8199758884,0.08251963197183049
T4-E033,val_cold,full_size,3995100.0,15.194634807100064,3971422.127769145,0.005926728299881058
T4-E033,val_cold,full_size,3995100.0,15.194634807100064,3971422.127769145,0.005926728299881058
T4-E033,val_cold,full_size,1159200.0,14.007098558579102,1211171.4122793518,0.04483386152463065
T4-E033,val_cold,full_size,828000.0,13.800475305668868,985077.2127580643,0.18970677869331434
T4-E033,val_cold,full_size,828000.0,13.724449273666071,912961.7589641114,0.10261082000496552
T4-E033,val_cold,full_size,6734400.0,16.203784747361063,10894675.562627971,0.6177648435833885
T4-E033,val_cold,full_size,2111400.0,15.184254222680712,3930409.679974515,0.8615182722243606
T4-E033,val_cold,full_size,3443100.0,15.705829511367613,6621480.287946052,0.9231158804408969
T4-E033,val_cold,full_size,2125200.0,15.236206345801493,4139999.9999999846,0.9480519480519408
T4-E033,val_cold,full_size,6706800.0,16.098798918931042,9808882.580936225,0.4625279687684477
T4-E033,val_cold,full_size,1440720.0,14.88286947915097,2907689.911820813,1.0182199954334035
T4-E033,val_cold,full_size,841800.0,13.672874904298228,867069.9250999612,0.030018917913947764
T4-E033,val_cold,full_size,418140.0,13.672874904298228,867069.9250999612,1.0736354453053074
T4-E033,val_cold,full_size,1407600.0,13.69988830014283,890811.6568868485,0.3671414770624833
T4-E033,val_cold,full_size,3933000.0,15.627314968124407,6121483.139136861,0.5564411744563593
T4-E033,val_cold,full_size,2346000.0,15.266383770562442,4266838.746257002,0.818771844099319
T4-E033,val_cold,full_size,680340.0,13.835463133283108,1020152.9584507293,0.4994752012974825
T4-E033,val_cold,full_size,1407600.0,15.703891919097197,6608662.980289502,3.6949864878442042
T4-E033,val_cold,full_size,2221800.0,14.251763734127117,1546900.3834802092,0.3037625423169461
T4-E033,val_cold,full_size,2760000.0,16.27016944950875,11642461.529402468,3.2182831628269812
T4-E033,val_cold,full_size,28110600.0,15.82357320533095,7448872.266928402,0.7350155362415458
T4-E033,val_cold,full_size,124890000.0,16.302218283891886,12021632.388617098,0.9037422340570334
T4-E033,val_cold,full_size,5740800.0,15.08227282028941,3549342.099844102,0.3817338872902554
T4-E033,val_cold,full_size,33630600.0,16.37487660877268,12927619.263462093,0.6155995057042666
T4-E033,val_cold,full_size,5685600.0,14.476837372652389,1937361.1490834397,0.6592512401358802
T4-E033,val_cold,full_size,5699400.0,15.08227282028941,3549342.099844102,0.37724285015192793
T4-E033,val_cold,full_size,3256800.0,15.632010791166573,6150296.13814049,0.8884475982990943
T4-E033,val_cold,full_size,1559400.0,14.548987045140041,2082307.1530131714,0.33532586444348556
T4-E033,val_cold,full_size,2332200.0,15.549703494342658,5664354.464137238,1.4287601681404847
T4-E033,val_cold,full_size,3215400.0,15.630310493251649,6139847.687697112,0.9095128717102419
T4-E033,val_cold,full_size,1766400.0,14.6003210693403,2191991.5439165533,0.24093724180058496
T4-E033,val_cold,full_size,1780200.0,15.129094807006016,3719481.3965673638,1.0893615304838578
T4-E033,val_cold,full_size,1766400.0,15.240490327340783,4157773.7275503166,1.3538121193106412
T4-E033,val_cold,full_size,17250000.0,15.289035511802398,4364593.046217282,0.7469801132627663
T4-E033,val_cold,full_size,17250000.0,15.305711372910638,4437986.643574896,0.7427254119666726
T4-E033,val_cold,full_size,11040000.0,14.77010650628289,2597620.7977991323,0.7647082610689191
T4-E033,val_cold,full_size,17250000.0,15.305711372910638,4437986.643574896,0.7427254119666726
T4-E033,val_cold,full_size,5520000.0,14.63767371674996,2275416.605161175,0.5877868468910915
T4-E033,val_cold,full_size,17250000.0,15.305711372910638,4437986.643574896,0.7427254119666726
T4-E033,val_cold,full_size,17250000.0,15.305711372910638,4437986.643574896,0.7427254119666726
T4-E033,val_cold,full_size,5520000.0,14.63767371674996,2275416.605161175,0.5877868468910915
T4-E033,val_cold,full_size,5520000.0,14.63767371674996,2275416.605161175,0.5877868468910915
T4-E033,val_cold,full_size,17250000.0,15.305711372910638,4437986.643574896,0.7427254119666726
T4-E033,val_cold,full_size,14352000.0,15.621451503985227,6085695.06584751,0.575968849927013
T4-E033,val_cold,full_size,38640.0,12.433816917659236,251152.8300949599,5.499814443451343
T4-E033,val_cold,full_size,5520000.0,13.197914278181342,539239.0608476762,0.902311764339189
T4-E033,val_cold,full_size,38640000.0,16.30561639834128,12062552.758015173,0.6878221335917399
T4-E033,val_cold,full_size,29808000.0,15.78920060658793,7197185.51296811,0.7585485268059545
T4-E033,val_cold,full_size,22080000.0,15.136414453870831,3746806.5702208327,0.8303076734501434
T4-E033,val_cold,full_size,33120000.0,13.619236733896363,821787.1787584843,0.9751875851824129
T4-E033,val_cold,full_size,131100.0,13.761167485697525,947107.1245707615,6.224310637458134
T4-E033,val_cold,full_size,3174000.0,14.161828027545143,1413851.3993875163,0.5545521741060125
T4-E033,val_cold,full_size,44160000.0,15.463797656176398,5198068.416488955,0.882290117380232
T4-E033,val_cold,full_size,44160000.0,15.447288952681728,5112959.498142386,0.8842174026688772
T4-E033,val_cold,full_size,110400.0,13.624970380559137,826512.5499323899,6.4865267204020824
T4-E033,val_cold,full_size,33120000.0,16.992811126894967,23981928.533109803,0.27590795491818226
T4-E033,val_cold,full_size,4416000.0,13.299924112770377,597150.2959916854,0.8647757481902887
T4-E033,val_cold,full_size,22080000.0,14.941793594113463,3084171.4148655715,0.8603183236021027
T4-E033,val_cold,full_size,4692000.0,15.123598772078864,3699095.0701982537,0.2116165664539101
T4-E033,val_cold,full_size,11040000.0,14.674602889874377,2361016.7013167534,0.7861397915473955
T4-E033,val_cold,full_size,4692000.0,14.518497921442926,2019777.51342583,0.5695273841803432
T4-E033,val_cold,full_size,5520000.0,14.989375704806012,3234470.211491366,0.4140452515414192
T4-E033,val_cold,full_size,49680000.0,16.57250990806472,15752504.210114101,0.6829206076869143
T4-E033,val_cold,full_size,75900.0,13.38907946911465,652834.8516261461,7.601249692044086
T4-E033,val_cold,full_size,33120000.0,16.22150894937523,11089496.415073844,0.6651722096897995
T4-E033,val_cold,full_size,3450000.0,15.13767740277967,3751541.584901755,0.08740335794253774
T4-E033,val_cold,full_size,5244000.0,15.635555213367251,6172134.062863508,0.17698971450486428
T4-E033,val_cold,full_size,22080000.0,15.004352756576182,3283277.6225212486,0.8513008323133493
T4-E033,val_cold,full_size,22080000.0,15.951147952569091,8462438.700972872,0.61673737767333
T4-E033,val_cold,full_size,27600000.0,15.94802396879517,8436043.430448197,0.6943462525199928
T4-E033,val_cold,full_size,3036000.0,15.25872615556646,4234289.720894145,0.3946935839572282
T4-E033,val_cold,full_size,35328000.0,16.337840615414713,12457589.772519391,0.6473734779064937
T4-E033,val_cold,full_size,3450000.0,15.458679983268198,5171534.356809932,0.4989954657420092
T4-E033,val_cold,full_size,4692000.0,14.84514358840039,2800038.1173733314,0.4032314327848825
T4-E033,val_cold,full_size,22080000.0,14.681570514974462,2377524.824968889,0.8923222452459743
T4-E033,val_cold,full_size,6900000.0,15.58521503199216,5869118.628077837,0.14940309738002366
T4-E033,val_cold,full_size,6900000.0,15.279655057198264,4323842.606916803,0.373356143925101
T4-E033,val_cold,full_size,5244000.0,14.236853686633927,1524007.11923815,0.709380793432847
T4-E033,val_cold,full_size,14352000.0,15.627052239503849,6119875.061569192,0.5735873006153015
T4-E033,val_cold,full_size,5520000.0,14.63767371674996,2275416.605161175,0.5877868468910915
T4-E033,val_cold,full_size,4140000.0,14.079064239512721,1301547.1621333782,0.685616627504015
T4-E033,val_cold,full_size,11040000.0,14.097577887505915,1325867.9870654482,0.8799032620411732
T4-E033,val_cold,full_size,2760000.0,13.21291414289771,547388.5415648714,0.8016708182735972
T4-E033,val_cold,full_size,5244000.0,14.236853686633927,1524007.11923815,0.709380793432847
T4-E033,val_cold,full_size,27600000.0,16.694731132638896,17800393.69365689,0.3550581995051851
T4-E033,val_cold,full_size,20700000.0,16.593148176247382,16080986.61114541,0.22314074342292703
T4-E033,val_cold,full_size,7176000.0,15.273022373864519,4295258.826491416,0.4014410776907168
T4-E033,val_cold,full_size,4416000.0,15.759327553166735,6985363.246862133,0.5818304453945048
T4-E033,val_cold,full_size,27600000.0,15.193854928107354,3968326.1064984114,0.85622006860513
T4-E033,val_cold,full_size,22080000.0,15.72255184145211,6733137.852346142,0.6950571624843234
T4-E033,val_cold,full_size,22080000.0,15.692932544820076,6536631.599607404,0.7039569021916936
T4-E033,val_cold,full_size,4692000.0,14.7210910289313,2473367.22430632,0.47285438527145784
T4-E033,val_cold,full_size,6900000.0,15.960340507147825,8540588.779706845,0.23776648981258625
T4-E033,val_cold,full_size,1324800.0,14.396790705160369,1788326.286923207,0.34988397261715515
T4-E033,val_cold,full_size,3450000.0,15.13767740277967,3751541.584901755,0.08740335794253774
T4-E033,val_cold,full_size,16560000.0,14.094730534349104,1322098.1422537009,0.9201631556610084
T4-E033,val_cold,full_size,8832000.0,13.932585207722173,1124203.3480660173,0.8727124832352788
T4-E033,val_cold,full_size,4416000.0,14.757039107707165,2563897.4694450507,0.4194072759408853
T4-E033,val_cold,full_size,2346000.0,13.502147587873745,730984.538886186,0.6884123875165448
T4-E033,val_cold,full_size,5796000.0,14.66009787777017,2327017.3024396454,0.5985132328434014
T4-E033,val_cold,full_size,22080000.0,16.192812941245972,10775794.656371592,0.5119658217223011
T4-E033,val_cold,full_size,13800000.0,15.552308116375162,5679127.1969154915,0.588469043701776
T4-E033,val_cold,full_size,15870000.0,15.144130417246648,3775828.6150222034,0.7620775919960805
T4-E033,val_cold,full_size,4830000.0,16.182156242835347,10661569.972580833,1.2073643835571084
T4-E033,val_cold,full_size,13800000.0,15.042682763117325,3411568.6669526873,0.752784879206327
T4-E033,val_cold,full_size,41400000.0,14.788355064795617,2645458.792608951,0.9361000291640349
T4-E033,val_cold,full_size,2346000.0,15.287432503593914,4357602.1724485215,0.8574604315637346
T4-E033,val_cold,full_size,4416000.0,15.021801427970878,3341069.181573717,0.24341730489725613
T4-E033,val_cold,full_size,35328000.0,16.337840615414713,12457589.772519391,0.6473734779064937
T4-E033,val_cold,full_size,1324800.0,14.157284159295527,1407441.6185324397,0.06238044877146716
T4-E033,val_cold,full_size,27600000.0,15.935582067851644,8331733.26769293,0.6981256062430098
T4-E033,val_cold,full_size,69000000.0,14.59871296045203,2188469.415573738,0.9682830519482067
T4-E033,val_cold,full_size,41400000.0,14.127899610231884,1366686.302015844,0.9669882535744966
T4-E033,val_cold,full_size,11040000.0,14.335124670787474,1681378.7020161918,0.8477012045275188
T4-E033,val_cold,full_size,27600000.0,15.340826514084242,4596595.662426314,0.8334566788975972
T4-E033,val_cold,full_size,13800000.0,15.420121139415857,4975921.509268225,0.6394259775892591
T4-E033,val_cold,full_size,4140000.0,14.930789302775974,3050418.34897526,0.2631839736774735
T4-E033,val_cold,full_size,3450000.0,15.5388435097076,5603172.480701219,0.6241079654206433
T4-E033,val_cold,full_size,4140000.0,14.246809557808787,1539255.7183787536,0.6281991018408808
T4-E033,val_cold,full_size,1449000.0,14.39556640573759,1786138.1798048425,0.2326695512800845
T4-E033,val_cold,full_size,1932000.0,15.197634448538391,3983352.85515892,1.0617768401443686
T4-E033,val_cold,full_size,1932000.0,15.197634448538391,3983352.85515892,1.0617768401443686
T4-E033,val_cold,full_size,3864000.0,15.83545068922912,7537873.637192371,0.9507954547599304
T4-E033,val_cold,full_size,1269600.0,14.211861192438093,1486390.405908145,0.17075488808139966
T4-E033,val_cold,full_size,1269600.0,14.211861192438093,1486390.405908145,0.17075488808139966
T4-E033,val_cold,full_size,19320000.0,15.175857372104721,3897544.791070441,0.7982637271702671
T4-E033,val_cold,full_size,44063400.0,16.000499741583823,8890552.389254238,0.7982327194620877
T4-E033,val_cold,full_size,21459000.0,15.175857372104721,3897544.791070441,0.8183724874844849
T4-E033,val_cold,full_size,5520000.0,14.156415022476951,1406218.8906376641,0.7452502009714377
T4-E033,val_cold,full_size,3312000.0,13.523753927525156,746950.2988209127,0.7744715281337824
T4-E033,val_cold,full_size,22632000.0,15.836004930310814,7542052.594398629,0.6667527132202797
T4-E033,val_cold,full_size,2001000.0,14.848402395681816,2809177.7860995242,0.4038869495749746
T4-E033,val_cold,full_size,23322000.0,15.489015043841778,5330816.872830016,0.7714253977862098
T4-E033,val_cold,full_size,3312000.0,15.514255726962581,5467082.820677454,0.650689257450922
T4-E033,val_cold,full_size,2001000.0,14.848402395681816,2809177.7860995242,0.4038869495749746
T4-E033,val_cold,full_size,3036000.0,15.055039304739354,3453985.379423694,0.13767634368369375
T4-E033,val_cold,full_size,4968000.0,15.79837107290287,7263490.619978779,0.46205527777350625
T4-E033,val_cold,full_size,8280000.0,16.10617658322917,9881516.829854548,0.19341990698726425
T4-E033,val_cold,full_size,883200.0,14.287892724677386,1603810.1894907062,0.8159082761443684
T4-E033,val_cold,full_size,2001000.0,15.030645683952217,3370749.5094072483,0.6845324884593945
T4-E033,val_cold,full_size,372600.0,13.838449780136528,1023204.3495196456,1.746120100696848
T4-E033,val_cold,full_size,3312000.0,15.324075703433769,4520240.251731432,0.3648068392908913
T4-E033,val_cold,full_size,5520000.0,15.710007983818631,6649205.845814241,0.2045662764156234
T4-E033,val_cold,full_size,3312000.0,15.60221663724209,5969756.141664247,0.8024626031594949
T4-E033,val_cold,full_size,3312000.0,15.490770420272158,5340182.680977747,0.6123739978797544
T4-E033,val_cold,full_size,6072000.0,16.038550025251038,9235358.82029509,0.5209747727758712
T4-E033,val_cold,full_size,7728000.0,16.189944641798682,10744930.735158846,0.3903895878828734
T4-E033,val_cold,full_size,2001000.0,14.848402395681816,2809177.7860995242,0.4038869495749746
T4-E033,val_cold,full_size,3312000.0,15.490770420272158,5340182.680977747,0.6123739978797544
T4-E033,val_cold,full_size,3036000.0,15.055039304739354,3453985.379423694,0.13767634368369375
T4-E033,val_cold,full_size,4968000.0,15.79837107290287,7263490.619978779,0.46205527777350625
T4-E033,val_cold,full_size,3312000.0,15.514255726962581,5467082.820677454,0.650689257450922
T4-E033,val_cold,full_size,3312000.0,15.324075703433769,4520240.251731432,0.3648068392908913
T4-E033,val_cold,full_size,2001000.0,15.030645683952217,3370749.5094072483,0.6845324884593945
T4-E033,val_cold,full_size,772800.0,14.049750534787568,1263947.7739876348,0.6355431858018049
T4-E033,val_cold,full_size,952200.0,15.05330099725209,3447986.506231408,2.621073835571737
T4-E033,val_cold,full_size,3312000.0,15.60221663724209,5969756.141664247,0.8024626031594949
T4-E033,val_cold,full_size,469200.0,14.417167762528068,1825140.9274320083,2.8898996748337775
T4-E033,val_cold,full_size,4968000.0,15.79837107290287,7263490.619978779,0.46205527777350625
T4-E033,val_cold,full_size,6072000.0,16.038550025251038,9235358.82029509,0.5209747727758712
T4-E033,val_cold,full_size,7728000.0,16.189944641798682,10744930.735158846,0.3903895878828734
T4-E033,val_cold,full_size,8280000.0,15.088387154353978,3571110.4448009646,0.5687064680192072
T4-E033,val_cold,full_size,4968000.0,15.79837107290287,7263490.619978779,0.46205527777350625
T4-E033,val_cold,full_size,2760000.0,15.60221663724209,5969756.141664247,1.1629551237913938
T4-E033,val_cold,full_size,759000.0,14.444732753714108,1876150.7335863193,1.4718718492573377
T4-E033,val_cold,full_size,952200.0,14.51277196359313,2008245.400223255,1.1090583913287702
T4-E033,val_cold,full_size,3312000.0,14.62831381419464,2254218.289310672,0.3193785358361498
T4-E033,val_cold,full_size,3312000.0,14.620378353205346,2236400.8164443052,0.3247582075953185
T4-E033,val_cold,full_size,7590000.0,15.138344429162743,3754044.7968774857,0.505395942440384
T4-E033,val_cold,full_size,3312000.0,14.62831381419464,2254218.289310672,0.3193785358361498
T4-E033,val_cold,full_size,3312000.0,14.62831381419464,2254218.289310672,0.3193785358361498
T4-E033,val_cold,full_size,3174000.0,14.513227530304142,2009160.4984034486,0.3669941718955739
T4-E033,val_cold,full_size,1656000.0,15.212098320195945,4041386.2416203343,1.4404506289977865
T4-E033,val_cold,full_size,3312000.0,14.62831381419464,2254218.289310672,0.3193785358361498
T4-E033,val_cold,full_size,1380000.0,13.713599844896411,903110.1840068277,0.34557233042983504
T4-E033,val_cold,full_size,3312000.0,14.62831381419464,2254218.289310672,0.3193785358361498
T4-E033,val_cold,full_size,3174000.0,14.513227530304142,2009160.4984034486,0.3669941718955739
T4-E033,val_cold,full_size,3174000.0,14.513227530304142,2009160.4984034486,0.3669941718955739
T4-E033,val_cold,full_size,1380000.0,13.98806581832369,1188337.4867572302,0.13888587916142736
T4-E033,val_cold,full_size,1380000.0,13.918219212067473,1108168.5016934888,0.19697934659892116
T4-E033,val_cold,full_size,14490000.0,15.484897301896494,5308911.076750327,0.6336155226535316
T4-E033,val_cold,full_size,5520000.0,14.804423777684375,2688311.2805174612,0.5129870868627787
T4-E033,val_cold,full_size,10350000.0,15.943336417730059,8396591.584591547,0.18873511259985054
T4-E033,val_cold,full_size,34500000.0,15.632913852208736,6155852.739578124,0.8215694858093298
T4-E033,val_cold,full_size,6210000.0,15.524470611287272,5523214.641227714,0.11059345551888666
T4-E033,val_cold,full_size,1380000.0,14.131034860212392,1370977.9293643967,0.0065377323446400544
T4-E033,val_cold,full_size,48300000.0,16.681004393867056,17557721.697349153,0.6364860932225849
T4-E033,val_cold,full_size,5520000.0,14.732214253785319,2501032.6230705986,0.5469143798785148
T4-E033,val_cold,full_size,3615600.0,15.603115270744285,5975123.175670182,0.652595191854791
T4-E033,val_cold,full_size,1380000.0,13.500194640984407,729558.3579858786,0.4713345231986387
T4-E033,val_cold,full_size,1932000.0,14.923736598460748,3028980.3371630306,0.5677952055709268
T4-E033,val_cold,full_size,1932000.0,15.072331630093984,3514232.221102699,0.8189607769682707
T4-E033,val_cold,full_size,6734400.0,15.179103699395322,3910218.056746229,0.419366527567975
T4-E033,val_cold,full_size,7231200.0,15.961808593463184,8553136.30939414,0.1828100881450022
T4-E033,val_cold,full_size,1656000.0,15.212098320195945,4041386.2416203343,1.4404506289977865
T4-E033,val_cold,full_size,6624000.0,15.709556999331333,6646207.833204333,0.0033526318243255948
T4-E033,val_cold,full_size,4485000.0,15.67061542843556,6392368.586177351,0.4252772767396546
T4-E033,val_cold,full_size,1725000.0,14.700698220573996,2423439.137727869,0.4048922537552865
T4-E033,val_cold,full_size,1380000.0,13.109448646710492,493584.15329408995,0.6423303236999348
T4-E033,val_cold,full_size,13800000.0,15.695023665634885,6550314.787617574,0.525339508143654
T4-E033,val_cold,full_size,4140000.0,15.34556884097232,4618445.991380585,0.11556666458468245
T4-E033,val_cold,full_size,1380000.0,13.128161424039533,502907.44392028067,0.6355743159997966
T4-E033,val_cold,full_size,2263200.0,15.204228966814933,4009707.952439446,0.771698459013541
T4-E033,val_cold,full_size,11205600.0,16.542645293359346,15289017.12088551,0.3644086100597478
T4-E033,val_cold,full_size,12420000.0,16.772400682434085,19238050.687183112,0.5489573822208624
T4-E033,val_cold,full_size,3450000.0,14.898855559122657,2954546.000016823,0.14360985506758756
T4-E033,val_cold,full_size,1380000.0,13.109448646710492,493584.15329408995,0.6423303236999348
T4-E033,val_cold,full_size,12420000.0,16.51055830510436,14806225.691342698,0.19212767241084527
T4-E033,val_cold,full_size,30360000.0,16.011651723626827,8990254.575043827,0.7038783078048805
T4-E033,val_cold,full_size,20700000.0,16.302661436934272,12026960.992190804,0.41898739168160365
T4-E033,val_cold,full_size,12000000.0,16.809408252041557,19963342.0467118,0.6636118372259833
T4-E033,val_cold,full_size,14490000.0,15.346381064919896,4622198.727640195,0.6810076792518844
T4-E033,val_cold,full_size,5602800.0,15.693874076895323,6542788.946137272,0.16777128331142854
T4-E033,val_cold,full_size,14490000.0,15.289035511802398,4364593.046217282,0.6987858491223409
T4-E033,val_cold,full_size,3367200.0,15.51409022507938,5466178.083044973,0.6233600864353093
T4-E033,val_cold,full_size,1131600.0,14.441316553985205,1869752.3632370245,0.6523085571200288
T4-E033,val_cold,full_size,1131600.0,14.441316553985205,1869752.3632370245,0.6523085571200288
T4-E033,val_cold,full_size,3450000.0,15.735067312799249,6817935.782373566,0.9762132702532076
T4-E033,val_cold,full_size,1656000.0,15.199456301042687,3990616.5512159066,1.409792603391248
T4-E033,val_cold,full_size,7314000.0,16.05697776214052,9407123.337739306,0.2861803852528446
T4-E033,val_cold,full_size,3036000.0,15.710012566042346,6649236.31403276,1.1901305382189593
T4-E033,val_cold,full_size,16560000.0,15.872289538949525,7820738.449531234,0.5277331854147805
T4-E033,val_cold,full_size,2249400.0,15.190972988772364,3956906.0951920636,0.7590940229359223
T4-E033,val_cold,full_size,1380000.0,13.128161424039533,502907.44392028067,0.6355743159997966
T4-E033,val_cold,full_size,20700000.0,16.542305634718485,15283824.955941888,0.2616509683119861
T4-E033,val_cold,full_size,48300000.0,16.507368508948794,14759072.094716141,0.6944291491777197
T4-E033,val_cold,full_size,1131600.0,14.441316553985205,1869752.3632370245,0.6523085571200288
T4-E033,val_cold,full_size,8694000.0,15.53993533603702,5609293.512887916,0.3548086596632257
T4-E033,val_cold,full_size,48300000.0,16.731198323703573,18461505.228193197,0.6177742188779877
T4-E033,val_cold,full_size,5602800.0,15.693874076895323,6542788.946137272,0.16777128331142854
T4-E033,val_cold,full_size,20700000.0,16.320547724238246,12244014.021724252,0.408501738080954
T4-E033,val_cold,full_size,8000000.0,16.29542735854659,11940270.95293155,0.4925338691164437
T4-E033,val_cold,full_size,15180000.0,15.87456124466615,7838525.061099651,0.48362812509224956
T4-E033,val_cold,full_size,16560000.0,15.230724852325611,4117368.700336987,0.7513666243757858
T4-E033,val_cold,full_size,7314000.0,15.187941457379853,3944928.774132481,0.4606332001459556
T4-E033,val_cold,full_size,12420000.0,16.32262873368582,12269520.460945357,0.012115904915832799
T4-E033,val_cold,full_size,11592000.0,16.51055830510436,14806225.691342698,0.27727964901161994
T4-E033,val_cold,full_size,2263200.0,15.204228966814933,4009707.952439446,0.771698459013541
T4-E033,val_cold,full_size,4692000.0,15.34556884097232,4618445.991380585,0.015676472425280186
T4-E033,val_cold,full_size,1725000.0,14.700698220573996,2423439.137727869,0.4048922537552865
T4-E033,val_cold,full_size,4554000.0,15.006864970641303,3291536.288168721,0.2772208414210099
T4-E033,val_cold,full_size,11205600.0,16.542645293359346,15289017.12088551,0.3644086100597478
T4-E033,val_cold,full_size,828000.0,15.106699293905749,3637107.5474495734,3.3926419655188083
T4-E033,val_cold,full_size,1380000.0,13.128161424039533,502907.44392028067,0.6355743159997966
T4-E033,val_cold,full_size,1380000.0,13.609776114033897,814049.2232942928,0.4101092584823965
T4-E033,val_cold,full_size,1656000.0,15.199456301042687,3990616.5512159066,1.409792603391248
T4-E033,val_cold,full_size,1380000.0,13.128161424039533,502907.44392028067,0.6355743159997966
T4-E033,val_cold,full_size,30360000.0,15.993080748726772,8824837.515094034,0.7093268275660727
T4-E033,val_cold,full_size,2760000.0,14.486344181428962,1955867.0979379085,0.2913525007471346
T4-E033,val_cold,full_size,1131600.0,14.441316553985205,1869752.3632370245,0.6523085571200288
T4-E033,val_cold,full_size,12420000.0,16.51055830510436,14806225.691342698,0.19212767241084527
T4-E033,val_cold,full_size,500000.0,13.673803993573763,867875.8848147991,0.7357517696295981
T4-E033,val_cold,full_size,15180000.0,15.945354620665576,8413554.722145136,0.44574738325789615
T4-E033,val_cold,full_size,41400000.0,17.99216990408537,65147852.85753054,0.5736196342398682
T4-E033,val_cold,full_size,20700000.0,16.095221385946452,9773853.675853118,0.527833155755888
T4-E033,val_cold,full_size,8004000.0,15.958580452539422,8525570.097793873,0.06516368038404216
T4-E033,val_cold,full_size,1380000.0,16.26183732513409,11545858.106663661,7.36656384540845
T4-E033,val_cold,full_size,1807800.0,15.204228966814933,4009707.952439446,1.2180041776963415
T4-E033,val_cold,full_size,2594400.0,15.143360535808052,3772922.79336878,0.45425639584057204
T4-E033,val_cold,full_size,4830000.0,14.725886598431744,2485256.91486323,0.48545405489374116
T4-E033,val_cold,full_size,20700000.0,16.542305634718485,15283824.955941888,0.2616509683119861
T4-E033,val_cold,full_size,966000.0,13.621796604077058,823893.5421103946,0.14710813446128926
T4-E033,val_cold,full_size,11592000.0,16.32262873368582,12269520.460945357,0.05844724473303629
T4-E033,val_cold,full_size,12420000.0,16.32262873368582,12269520.460945357,0.012115904915832799
T4-E033,val_cold,full_size,9691740.0,16.501369064737162,14670790.94876768,0.5137416964103123
T4-E033,val_cold,full_size,20700000.0,16.542305634718485,15283824.955941888,0.2616509683119861
T4-E033,val_cold,full_size,3367200.0,15.50518228450815,5417701.925448786,0.6089635083893994
T4-E033,val_cold,full_size,12420000.0,16.51055830510436,14806225.691342698,0.19212767241084527
T4-E033,val_cold,full_size,2760000.0,14.478496717378025,1940578.5677529308,0.2968918232779236
T4-E033,val_cold,full_size,9273600.0,16.2561353255121,11480210.965953968,0.23794545440324885
T4-E033,val_cold,full_size,5602800.0,15.693874076895323,6542788.946137272,0.16777128331142854
T4-E033,val_cold,full_size,2249400.0,15.194656700866148,3971509.0781080616,0.7655859687508053
T4-E033,val_cold,full_size,69000000.0,15.984176262530987,8746605.69525599,0.8732375986194785
T4-E033,val_cold,full_size,2484000.0,14.904931864659439,2972553.37799576,0.19668010386302745
T4-E033,val_cold,full_size,20700000.0,16.323084300396832,12275111.319435244,0.4069994531673795
T4-E033,val_cold,full_size,14904000.0,15.006864970641303,3291536.288168721,0.7791508126564197
T4-E033,val_cold,full_size,41400000.0,17.99216990408537,65147852.85753054,0.5736196342398682
T4-E033,val_cold,full_size,4830000.0,15.888691276630851,7950069.880809802,0.6459772009958181
T4-E033,val_cold,full_size,16560000.0,15.230724852325611,4117368.700336987,0.7513666243757858
T4-E033,val_cold,full_size,1352400.0,14.506072065322911,1994835.3335446601,0.4750335208108992
T4-E033,val_cold,full_size,3588000.0,15.307916693640932,4447784.627398169,0.23962782257474044
T4-E033,val_cold,full_size,20700000.0,16.315435597393257,12181580.788226165,0.4115178363175766
T4-E033,val_cold,full_size,4968000.0,14.733541825577078,2504355.1283754376,0.49590275193731126
T4-E033,val_cold,full_size,1380000.0,13.609776114033897,814049.2232942928,0.4101092584823965
T4-E033,val_cold,full_size,966000.0,13.55777966398053,772803.170109447,0.1999967183132019
T4-E033,val_cold,full_size,2070000.0,15.04555097623715,3421367.819273204,0.6528346953010647
T4-E033,val_cold,full_size,6762000.0,16.253707377941637,11452371.425778743,0.693636708929125
T4-E033,val_cold,full_size,8280000.0,15.212734097633188,4043956.480771392,0.5115994588440347
T4-E033,val_cold,full_size,41400000.0,17.99216990408537,65147852.85753054,0.5736196342398682
T4-E033,val_cold,full_size,12420000.0,16.51055830510436,14806225.691342698,0.19212767241084527
T4-E033,val_cold,full_size,17250000.0,15.730183136511195,6784716.971392977,0.6066830741221462
T4-E033,val_cold,full_size,19320000.0,15.941853666836124,8384150.756517279,0.5660377455218799
T4-E033,val_cold,full_size,500000.0,13.673803993573763,867875.8848147991,0.7357517696295981
T4-E033,val_cold,full_size,11592000.0,16.32262873368582,12269520.460945357,0.05844724473303629
T4-E033,val_cold,full_size,23736000.0,15.783261098578635,7154564.471276518,0.6985774995249192
T4-E033,val_cold,full_size,41400000.0,17.99216990408537,65147852.85753054,0.5736196342398682
T4-E033,val_cold,full_size,6900000.0,15.068431606751167,3500553.324754054,0.4926734311950646
T4-E033,val_cold,full_size,2760000.0,15.540950787072662,5614992.36875965,1.0344175249129166
T4-E033,val_cold,full_size,1131600.0,14.441316553985205,1869752.3632370245,0.6523085571200288
T4-E033,val_cold,full_size,1131600.0,14.441316553985205,1869752.3632370245,0.6523085571200288
T4-E033,val_cold,full_size,6762000.0,16.539265412148037,15237429.288661554,1.2533909033808865
T4-E033,val_cold,full_size,11592000.0,16.32262873368582,12269520.460945357,0.05844724473303629
T4-E033,val_cold,full_size,7590000.0,14.445522321121272,1877632.666022273,0.7526175670589891
T4-E033,val_cold,full_size,5520000.0,16.37440880797126,12921573.127114164,1.3408646969409717
T4-E033,val_cold,full_size,12000000.0,16.751297800052907,18836326.048469055,0.5696938373724213
T4-E033,val_cold,full_size,12000000.0,16.755812840388298,18921565.10443241,0.5767970920360342
T4-E033,val_cold,full_size,800000.0,14.207220486231597,1479508.4855622386,0.8493856069527983
T4-E033,val_cold,full_size,800000.0,13.470854282503868,708463.8280244198,0.1144202149694752
T4-E033,val_cold,full_size,3000000.0,15.184785901071205,3932499.9494934673,0.3108333164978224
T4-E033,val_cold,full_size,800000.0,13.528733323404735,750678.9355361589,0.06165133057980143
T4-E033,val_cold,full_size,3200000.0,15.59749107174377,5941612.218357697,0.8567538182367803
T4-E033,val_cold,full_size,9660000.0,15.843376767692504,7597856.8167564785,0.21347237921775586
T4-E033,val_cold,full_size,1600000.0,14.32886272073376,1670882.8889880772,0.044301805617548234
T4-E033,val_cold,full_size,800000.0,12.705985047718002,329715.3705298758,0.5878557868376553
T4-E033,val_cold,full_size,2500000.0,14.691767200722321,2401891.7181195533,0.03924331275217868
T4-E033,val_cold,full_size,3200000.0,15.59749107174377,5941612.218357697,0.8567538182367803
T4-E033,val_cold,full_size,2500000.0,14.691767200722321,2401891.7181195533,0.03924331275217868
T4-E033,val_cold,full_size,6000000.0,15.83545068922912,7537873.637192371,0.2563122728653952
T4-E033,val_cold,full_size,3000000.0,15.206177099665773,4017527.010032427,0.339175670010809
T4-E033,val_cold,full_size,800000.0,13.113365050276503,495521.0183290717,0.3805987270886604
T4-E033,val_cold,full_size,1000000.0,13.816890743760723,1001381.1386912055,0.0013811386912055315
T4-E033,val_cold,full_size,800000.0,14.128948898298674,1368121.1022713443,0.7101513778391804
T4-E033,val_cold,full_size,800000.0,13.528733323404735,750678.9355361589,0.06165133057980143
T4-E033,val_cold,full_size,2800000.0,14.8184552698383,2726298.1823698278,0.026322077725061514
T4-E033,val_cold,full_size,2001000.0,15.011027023824877,3305264.3859750433,0.6518062898426004
T4-E033,val_cold,full_size,2500000.0,14.783225721555027,2631924.068231376,0.05276962729255036
T4-E033,val_cold,full_size,2500000.0,14.890095717374516,2928777.6726312144,0.17151106905248575
T4-E033,val_cold,full_size,2001000.0,15.030645683952217,3370749.5094072483,0.6845324884593945
T4-E033,val_cold,full_size,2000000.0,14.645663349423069,2293669.1665503797,0.14683458327518986
T4-E033,val_cold,full_size,2000000.0,14.645663349423069,2293669.1665503797,0.14683458327518986
T4-E033,val_cold,full_size,3000000.0,15.206177099665773,4017527.010032427,0.339175670010809
T4-E033,val_cold,full_size,2500000.0,14.66768748818048,2344745.647700884,0.06210174091964644
T4-E033,val_cold,full_size,800000.0,13.528733323404735,750678.9355361589,0.06165133057980143
T4-E033,val_cold,full_size,800000.0,13.316006131448201,606831.3147169467,0.24146085660381664
T4-E033,val_cold,full_size,2800000.0,14.8184552698383,2726298.1823698278,0.026322077725061514
T4-E033,val_cold,full_size,3000000.0,15.20489502770173,4012379.5516991615,0.33745985056638717
T4-E033,val_cold,full_size,1600000.0,14.338811003850278,1687588.2621380857,0.054742663836303544
T4-E033,val_cold,full_size,1200000.0,13.771246823699554,956701.6092026074,0.20274865899782715
T4-E033,val_cold,full_size,3000000.0,15.235609710096986,4137530.6649033176,0.37917688830110585
T4-E033,val_cold,full_size,1380000.0,14.177404336354943,1436046.3946994685,0.04061332949236848
T4-E033,val_cold,full_size,966000.0,14.036933150799149,1247850.651900726,0.2917708611808757
T4-E033,val_cold,full_size,1380000.0,14.697124939395055,2414794.9615024696,0.7498514213786012
T4-E033,val_cold,full_size,9000000.0,15.706620192445573,6626717.837460602,0.26369801805993315
T4-E033,val_cold,full_size,2000000.0,13.75046104597526,937021.0684520137,0.5314894657739931
T4-E033,val_cold,full_size,1794000.0,13.39472341215137,656529.8316611814,0.634041342440813
T4-E033,val_cold,full_size,2000000.0,13.743104048427508,930152.7030025027,0.5349236484987486
T4-E033,val_cold,full_size,2000000.0,13.74542289487761,932312.0869682417,0.5338439565158791
T4-E033,val_cold,full_size,3864000.0,16.406907621173513,13348407.151178341,2.454556716143463
T4-E033,val_cold,full_size,1104000.0,13.592698342530136,800265.1126222941,0.2751221805957481
T4-E033,val_cold,full_size,1449000.0,13.199741372036826,540225.2018341225,0.6271737737514682
T4-E033,val_cold,full_size,4416000.0,14.386818774108674,1770581.8407302622,0.5990530251969516
T4-E033,val_cold,full_size,3312000.0,14.007003188852654,1211055.9087009404,0.6343430227352234
T4-E033,val_cold,full_size,1242000.0,12.816929415379066,368401.7801189132,0.7033802092440313
T4-E033,val_cold,full_size,12000000.0,16.654997384899698,17106984.440596428,0.42558203671636896
T4-E033,val_cold,full_size,4457400.0,14.255124794036389,1552108.35559315,0.651790650246074
T4-E033,val_cold,full_size,1932000.0,15.17652122678839,3900133.0534548014,1.0187024086204977
T4-E033,val_cold,full_size,2553000.0,13.745412884484127,932302.7542041145,0.6348206994891835
T4-E033,val_cold,full_size,9384000.0,16.32262873368582,12269520.460945357,0.30749365525845657
T4-E033,val_cold,full_size,15249000.0,16.078813079272937,9614789.840202864,0.36948063215929805
T4-E033,val_cold,full_size,2553000.0,13.568567337624973,781185.0476941086,0.6940129072878541
T4-E033,val_cold,full_size,11937000.0,15.71236971059334,6664928.011713066,0.44165803705176626
T4-E033,val_cold,full_size,786600.0,14.433861463136815,1855865.0195292043,1.3593503935026752
T4-E033,val_cold,full_size,9315000.0,15.302850158629095,4425306.761389372,0.5249268103715113
T4-E033,val_cold,full_size,897000.0,14.615591762963147,2225721.660879145,1.4812950511473186
T4-E033,val_cold,full_size,345000.0,15.093454739950117,3589253.2840223154,9.40363270731106
T4-E033,val_cold,full_size,2760000.0,13.576370282318903,787304.4349886086,0.7147447699316636
T4-E033,val_cold,full_size,7038000.0,14.967143174017584,3163353.2374043018,0.5505323618351375
T4-E033,val_cold,full_size,897000.0,14.615591762963147,2225721.660879145,1.4812950511473186
T4-E033,val_cold,full_size,11040000.0,15.62463947845827,6105127.064268045,0.44699936012064806
T4-E033,val_cold,full_size,1656000.0,14.173312929318055,1430182.9474289252,0.13636295445113214
T4-E033,val_cold,full_size,897000.0,14.463961576707113,1912575.9890060346,1.132191738022335
T4-E033,val_cold,full_size,331200.0,13.63662115733908,836198.3773006855,1.5247535546518283
T4-E033,val_cold,full_size,565800.0,14.162922670912563,1415399.9098230875,1.501590508701109
T4-E033,val_cold,full_size,897000.0,14.704481936942807,2432626.113557072,1.7119577631628449
T4-E033,val_cold,full_size,2787600.0,15.802084750104221,7290515.028402448,1.6153375765541855
T4-E033,val_cold,full_size,5520000.0,15.930450007200353,8289083.8405646365,0.5016456232906951
T4-E033,val_cold,full_size,2760000.0,13.923718114897609,1114278.9977182706,0.5962757254643947
T4-E033,val_cold,full_size,4692000.0,15.014542047685573,3316902.9120228267,0.29307269564730887
T4-E033,val_cold,full_size,27600000.0,16.854009051922876,20873877.439936735,0.24370009275591542
T4-E033,val_cold,full_size,2760000.0,14.704481936942807,2432626.113557072,0.1186137269720754
T4-E033,val_cold,full_size,2760000.0,14.704481936942807,2432626.113557072,0.1186137269720754
T4-E033,val_cold,full_size,2760000.0,14.704481936942807,2432626.113557072,0.1186137269720754
T4-E033,val_cold,full_size,11730000.0,15.837058556561443,7550003.286789294,0.35635095594294164
T4-E033,val_cold,full_size,2760000.0,14.704481936942807,2432626.113557072,0.1186137269720754
T4-E033,val_cold,full_size,3036000.0,14.717737914985376,2465087.631140309,0.18804755232532644
T4-E033,val_cold,full_size,27600000.0,16.916047329840367,22209869.71585043,0.19529457551266552
T4-E033,val_cold,full_size,6982800.0,16.093070881183944,9752857.5412106,0.3966972476958526
T4-E033,val_cold,full_size,3450000.0,14.816013517002702,2719649.3567501917,0.21169583862313285
T4-E033,val_cold,full_size,11730000.0,15.929624872976477,8282247.054824062,0.2939260822826887
T4-E033,val_cold,full_size,3312000.0,14.595925637755885,2182377.938501846,0.34106946301272767
T4-E033,val_cold,full_size,3615600.0,15.379285455989507,4776819.259019672,0.32116917220369284
T4-E033,val_cold,full_size,331200.0,13.63662115733908,836198.3773006855,1.5247535546518283
T4-E033,val_cold,full_size,9177000.0,16.497302327061792,14611249.841580082,0.592159729931359
T4-E033,val_cold,full_size,4071000.0,15.055980999433208,3457239.511086928,0.1507640601604205
T4-E033,val_cold,full_size,6210000.0,15.696301021288765,6558687.215391809,0.0561493100469902
T4-E033,val_cold,full_size,19320000.0,16.41240857069692,13422038.40035125,0.3052775155097696
T4-E033,val_cold,full_size,2760000.0,14.704481936942807,2432626.113557072,0.1186137269720754
T4-E033,val_cold,full_size,5520000.0,15.303358102073066,4427555.137922098,0.19790667791266342
T4-E033,val_cold,full_size,2760000.0,14.704481936942807,2432626.113557072,0.1186137269720754
T4-E033,val_cold,full_size,6900000.0,15.459937732137522,5178042.940523775,0.2495589941269891
T4-E033,val_cold,full_size,1380000.0,14.804456063149459,2688398.07529854,0.9481145473177824
T4-E033,val_cold,full_size,3036000.0,14.717737914985376,2465087.631140309,0.18804755232532644
T4-E033,val_cold,full_size,11040000.0,16.56999717578715,15712972.071972461,0.423276455794607
T4-E033,val_cold,full_size,2070000.0,13.923718114897609,1114278.9977182706,0.4617009672858596
T4-E033,val_cold,full_size,2760000.0,15.325585512176547,4527070.104571318,0.6402427915113472
T4-E033,val_cold,full_size,2760000.0,14.704481936942807,2432626.113557072,0.1186137269720754
T4-E033,val_cold,full_size,2760000.0,14.704481936942807,2432626.113557072,0.1186137269720754
T4-E033,val_cold,full_size,2898000.0,15.259349802753718,4236931.247373278,0.4620190639659345
T4-E033,val_cold,full_size,2760000.0,14.704481936942807,2432626.113557072,0.1186137269720754
T4-E033,val_cold,full_size,11730000.0,15.904414894712843,8076061.670977941,0.3115036938637732
T4-E033,val_cold,full_size,2760000.0,14.704481936942807,2432626.113557072,0.1186137269720754
T4-E033,val_cold,full_size,5520000.0,15.179103699395322,3910218.056746229,0.2916271636329295
T4-E033,val_cold,full_size,12420000.0,15.904414894712843,8076061.670977941,0.3497534886491191
T4-E033,val_cold,full_size,2760000.0,14.704481936942807,2432626.113557072,0.1186137269720754
T4-E033,val_cold,full_size,6900000.0,15.501545979184193,5398037.282085673,0.2176757562194677
T4-E033,val_cold,full_size,2760000.0,14.704481936942807,2432626.113557072,0.1186137269720754
T4-E033,val_cold,full_size,2760000.0,14.704481936942807,2432626.113557072,0.1186137269720754
T4-E033,val_cold,full_size,2760000.0,14.704481936942807,2432626.113557072,0.1186137269720754
T4-E033,val_cold,full_size,2208000.0,14.215695856759334,1492101.156573146,0.3242295486534664
T4-E033,val_cold,full_size,2484000.0,14.587335552725675,2163711.4147379766,0.12894065429227994
T4-E033,val_cold,full_size,11730000.0,15.764516820325817,7021706.378507641,0.40138905554069554
T4-E033,val_cold,full_size,345000.0,13.236031954056475,560190.3715042608,0.623740207258727
T4-E033,val_cold,full_size,3036000.0,14.489341232973981,1961737.7253377761,0.35384132894012643
T4-E033,val_cold,full_size,11730000.0,15.942880851019046,8392767.248165963,0.28450407091509267
T4-E033,val_cold,full_size,19320000.0,16.527323072903,15056541.003352499,0.22067593150349385
T4-E033,val_cold,full_size,2760000.0,14.704481936942807,2432626.113557072,0.1186137269720754
T4-E033,val_cold,full_size,2760000.0,14.704481936942807,2432626.113557072,0.1186137269720754
T4-E033,val_cold,full_size,2760000.0,14.704481936942807,2432626.113557072,0.1186137269720754
T4-E033,val_cold,full_size,9246000.0,16.194750099243198,10796689.304750176,0.16771461223774348
T4-E033,val_cold,full_size,2760000.0,14.704481936942807,2432626.113557072,0.1186137269720754
T4-E033,val_cold,full_size,2484000.0,14.704481936942807,2432626.113557072,0.020681918857861557
T4-E033,val_cold,full_size,2760000.0,15.325585512176547,4527070.104571318,0.6402427915113472
T4-E033,val_cold,full_size,2760000.0,14.704481936942807,2432626.113557072,0.1186137269720754
T4-E033,val_cold,full_size,4830000.0,15.051455262500376,3441628.3072928414,0.28744755542591277
T4-E033,val_cold,full_size,2760000.0,14.704481936942807,2432626.113557072,0.1186137269720754
T4-E033,val_cold,full_size,1656000.0,13.923718114897609,1114278.9977182706,0.3271262091073245
T4-E033,val_cold,full_size,2760000.0,14.704481936942807,2432626.113557072,0.1186137269720754
T4-E033,val_cold,full_size,5561400.0,16.497302327061792,14611249.841580082,1.6272610928147735
T4-E033,val_cold,full_size,2000000.0,13.969242699238906,1166178.4738594848,0.4169107630702576
T4-E033,val_cold,full_size,2760000.0,14.704481936942807,2432626.113557072,0.1186137269720754
T4-E033,val_cold,full_size,8280000.0,16.05831939702138,9419752.732661745,0.13765129621518654
T4-E033,val_cold,full_size,55200000.0,15.984176262530987,8746605.69525599,0.8415469982743481
T4-E033,val_cold,full_size,2760000.0,14.704481936942807,2432626.113557072,0.1186137269720754
T4-E033,val_cold,full_size,11730000.0,15.81460857317225,7382394.2875799285,0.37063987318159175
T4-E033,val_cold,full_size,2760000.0,14.704481936942807,2432626.113557072,0.1186137269720754
T4-E033,val_cold,full_size,10626000.0,16.79290766214272,19636637.944389835,0.8479802319207449
T4-E033,val_cold,full_size,3049800.0,15.421472110949432,4982648.380463187,0.6337623386658754
T4-E033,val_cold,full_size,2760000.0,14.704481936942807,2432626.113557072,0.1186137269720754
T4-E033,val_cold,full_size,2484000.0,14.704481936942807,2432626.113557072,0.020681918857861557
T4-E033,val_cold,full_size,2760000.0,14.704481936942807,2432626.113557072,0.1186137269720754
T4-E033,val_cold,full_size,8280000.0,15.398239013874694,4868220.431852682,0.4120506724815602
T4-E033,val_cold,full_size,11730000.0,15.942880851019046,8392767.248165963,0.28450407091509267
T4-E033,val_cold,full_size,22080000.0,16.654997384899698,17106984.440596428,0.22522715395849513
T4-E033,val_cold,full_size,4002000.0,16.052014445555326,9360548.484940173,1.338967637416335
T4-E033,val_cold,full_size,19320000.0,16.363361920378566,12779615.499865625,0.33852921843345624
T4-E033,val_cold,full_size,35880000.0,16.996970585755804,24081888.123030297,0.3288214012533362
T4-E033,val_cold,full_size,6900000.0,15.378361767342568,4772409.00246716,0.308346521381571
T4-E033,val_cold,full_size,6900000.0,15.509841828314212,5443004.849159291,0.21115871751314624
T4-E033,val_cold,full_size,2760000.0,14.697124939395055,2414794.9615024696,0.12507428931069942
T4-E033,val_cold,full_size,2760000.0,14.704481936942807,2432626.113557072,0.1186137269720754
T4-E033,val_cold,full_size,2760000.0,14.704481936942807,2432626.113557072,0.1186137269720754
T4-E033,val_cold,full_size,1380000.0,15.187299855289247,3942398.511381438,1.8568105154937957
T4-E033,val_cold,full_size,11730000.0,15.801352595129682,7285179.195124245,0.37892760484874294
T4-E033,val_cold,full_size,6900000.0,15.509841828314212,5443004.849159291,0.21115871751314624
T4-E033,val_cold,full_size,1380000.0,15.190972988772364,3956906.0951920636,1.8673232573855534
T4-E033,val_cold,full_size,2000000.0,13.969242699238906,1166178.4738594848,0.4169107630702576
T4-E033,val_cold,full_size,2001000.0,15.3651057893,4709563.513004247,1.353604954025111
T4-E033,val_cold,full_size,2760000.0,14.704481936942807,2432626.113557072,0.1186137269720754
T4-E033,val_cold,full_size,19320000.0,16.527323072903,15056541.003352499,0.22067593150349385
T4-E033,val_cold,full_size,11040000.0,14.830557302107634,2759492.384469182,0.7500459796676465
T4-E033,val_cold,full_size,11730000.0,15.904414894712843,8076061.670977941,0.3115036938637732
T4-E033,val_cold,full_size,22080000.0,16.654997384899698,17106984.440596428,0.22522715395849513
T4-E033,val_cold,full_size,19320000.0,16.49622749660116,14595553.662059492,0.24453655993480894
T4-E033,val_cold,full_size,7590000.0,15.34556884097232,4618445.991380585,0.3915090920447187
T4-E033,val_cold,full_size,4912800.0,15.709556999331333,6646207.833204333,0.35283500920133787
T4-E033,val_cold,full_size,2760000.0,14.704481936942807,2432626.113557072,0.1186137269720754
T4-E033,val_cold,full_size,2760000.0,14.704481936942807,2432626.113557072,0.1186137269720754
T4-E033,val_cold,full_size,2000000.0,13.969242699238906,1166178.4738594848,0.4169107630702576
T4-E033,val_cold,full_size,12420000.0,15.801352595129682,7285179.195124245,0.41343162680159057
T4-E033,val_cold,full_size,2760000.0,14.704481936942807,2432626.113557072,0.1186137269720754
T4-E033,val_cold,full_size,5520000.0,15.179103699395322,3910218.056746229,0.2916271636329295
T4-E033,val_cold,full_size,11730000.0,15.721355768045667,6725089.3394846395,0.4266761006406957
T4-E033,val_cold,full_size,5520000.0,15.179103699395322,3910218.056746229,0.2916271636329295
T4-E033,val_cold,full_size,19320000.0,16.527323072903,15056541.003352499,0.22067593150349385
T4-E033,val_cold,full_size,13000000.0,16.52795872282074,15066114.734851193,0.15893190268086096
T4-E033,val_cold,full_size,3450000.0,15.667074673573477,6369774.7991609825,0.8463115359886906
T4-E033,val_cold,full_size,5520000.0,15.179103699395322,3910218.056746229,0.2916271636329295
T4-E033,val_cold,full_size,5520000.0,15.190972988772364,3956906.0951920636,0.28316918565361165
T4-E033,val_cold,full_size,17940000.0,16.305546759096767,12061712.76020297,0.3276637257411945
T4-E033,val_cold,full_size,2760000.0,14.704481936942807,2432626.113557072,0.1186137269720754
T4-E033,val_cold,full_size,2760000.0,14.704481936942807,2432626.113557072,0.1186137269720754
T4-E033,val_cold,full_size,2760000.0,14.697124939395055,2414794.9615024696,0.12507428931069942
T4-E033,val_cold,full_size,3312000.0,14.892406149469478,2935552.2376376735,0.11366176399828698
T4-E033,val_cold,full_size,4140000.0,15.051455262500376,3441628.3072928414,0.1686888146635649
T4-E033,val_cold,full_size,2760000.0,15.446780182513702,5110358.838504528,0.8515792893132347
T4-E033,val_cold,full_size,19320000.0,16.49622749660116,14595553.662059492,0.24453655993480894
T4-E033,val_cold,full_size,12420000.0,15.710707807047386,6653860.743130574,0.464262420037796
T4-E033,val_cold,full_size,8280000.0,15.495822211836284,5367228.428016158,0.3517840062782418
T4-E033,val_cold,full_size,3450000.0,14.593328796517111,2176718.00163198,0.369067245903774
T4-E033,val_cold,full_size,19320000.0,16.527323072903,15056541.003352499,0.22067593150349385
T4-E033,val_cold,full_size,4830000.0,15.051455262500376,3441628.3072928414,0.28744755542591277
T4-E033,val_cold,full_size,2760000.0,14.704481936942807,2432626.113557072,0.1186137269720754
T4-E033,val_cold,full_size,4457400.0,16.147410178652308,10297484.27943593,1.3101997306582158
T4-E033,val_cold,full_size,2484000.0,14.704481936942807,2432626.113557072,0.020681918857861557
T4-E033,val_cold,full_size,27600000.0,15.029188083255843,3365839.881582749,0.878049279652799
T4-E033,val_cold,full_size,938400.0,14.569902069883772,2126317.290905841,1.2658965163105724
T4-E033,val_cold,full_size,11730000.0,15.904414894712843,8076061.670977941,0.3115036938637732
T4-E033,val_cold,full_size,19320000.0,16.50948347464373,14790320.058423309,0.2344554835184623
T4-E033,val_cold,full_size,2484000.0,14.704481936942807,2432626.113557072,0.020681918857861557
T4-E033,val_cold,full_size,3450000.0,14.834564437889664,2770572.2295391704,0.19693558564082017
T4-E033,val_cold,full_size,19320000.0,16.654997384899698,17106984.440596428,0.11454531880970871
T4-E033,val_cold,full_size,7000000.0,15.525663676449422,5529808.128647208,0.21002741019325596
T4-E033,val_cold,full_size,16560000.0,16.363361920378566,12779615.499865625,0.22828408817236565
T4-E033,val_cold,full_size,22080000.0,16.654997384899698,17106984.440596428,0.22522715395849513
T4-E033,val_cold,full_size,2000000.0,13.966608745326521,1163110.8552622478,0.41844457236887606
T4-E033,val_cold,full_size,5561400.0,16.5285940899649,15075690.2908186,1.7107725196566692
T4-E033,val_cold,full_size,34500000.0,16.19884165223798,10840955.027229821,0.6857694195005848
T4-E033,val_cold,full_size,2484000.0,14.704481936942807,2432626.113557072,0.020681918857861557
T4-E033,val_cold,full_size,2000000.0,13.969242699238906,1166178.4738594848,0.4169107630702576
T4-E033,val_cold,full_size,19320000.0,16.363361920378566,12779615.499865625,0.33852921843345624
T4-E033,val_cold,full_size,20700000.0,16.372239576106175,12893573.618632259,0.3771220474090696
T4-E033,val_cold,full_size,19320000.0,16.50948347464373,14790320.058423309,0.2344554835184623
T4-E033,val_cold,full_size,1380000.0,13.975722361450403,1173759.4510094244,0.1494496731815765
T4-E033,val_cold,full_size,1104000.0,13.674259560284776,868271.350250816,0.21352232767136234
T4-E033,val_cold,full_size,966000.0,14.222010279723506,1501552.723572597,0.5544024053546552
T4-E033,val_cold,full_size,938400.0,14.576897252434549,2141243.413127034,1.2818024436562596
T4-E033,val_cold,full_size,662400.0,13.713599844896411,903110.1840068277,0.363390978271177
T4-E033,val_cold,full_size,1242000.0,14.893434781503817,2938573.3942706445,1.366001122601163
T4-E033,val_cold,full_size,4761000.0,15.486182751287568,5315739.801310816,0.11651749659962525
T4-E033,val_cold,full_size,662400.0,13.713599844896411,903110.1840068277,0.363390978271177
T4-E033,val_cold,full_size,1104000.0,13.233660311552326,558863.3744121346,0.4937831753513273
T4-E033,val_cold,full_size,9660000.0,16.204240314072074,10899639.944859354,0.1283271164450677
T4-E033,val_cold,full_size,952200.0,14.478496717378025,1940578.5677529308,1.0379947151364532
T4-E033,val_cold,full_size,2484000.0,15.463003559899002,5193942.288198154,1.090959053219869
T4-E033,val_cold,full_size,11040000.0,16.921274867892624,22326276.650677312,1.0223076676338145
T4-E033,val_cold,full_size,2070000.0,15.054842683573426,3453306.319552252,0.6682639224890107
T4-E033,val_cold,full_size,2208000.0,14.42318439774219,1836155.2359184958,0.16840795474705805
T4-E033,val_cold,full_size,1600000.0,14.321015256682823,1657822.0099995255,0.03613875624970344
T4-E033,val_cold,full_size,2856600.0,15.317576539028895,4490957.726231921,0.5721339096240011
T4-E033,val_cold,full_size,1600000.0,13.988126316954245,1188409.3817225678,0.2572441364233951
T4-E033,val_cold,full_size,1242000.0,14.618891192189672,2233077.4001747426,0.7979689212357025
T4-E033,val_cold,full_size,2484000.0,15.412381496787143,4937558.305285167,0.9877448894062669
T4-E033,val_cold,full_size,1104000.0,16.181973105405113,10659617.618833775,8.65545074169726
T4-E033,val_cold,full_size,4140000.0,15.8516003495902,7660596.031498113,0.8503855148546166
T4-E033,val_cold,full_size,372600.0,13.638132127957379,837462.8034947092,1.2476189036358272
T4-E033,val_cold,full_size,4200000.0,15.290671633383235,4371739.896055118,0.04089045144169481
T4-E033,val_cold,full_size,2760000.0,14.132234094777182,1372623.0397242971,0.5026728116940953
T4-E033,val_cold,full_size,700000.0,13.99029599664505,1190990.6486710797,0.7014152123872567
T4-E033,val_cold,full_size,1200000.0,14.083018721572277,1306704.2972142035,0.08892024767850293
T4-E033,val_cold,full_size,1600000.0,14.33047307329616,1673575.7671895467,0.045984854493466704
T4-E033,val_cold,full_size,6210000.0,15.541406353783675,5617550.955124585,0.09540242268525202
T4-E033,val_cold,full_size,938400.0,14.869076690261437,2867860.0724310665,2.0561168717296106
T4-E033,val_cold,full_size,4000000.0,15.778500569659384,7120585.902356654,0.7801464755891636
T4-E033,val_cold,full_size,2856600.0,15.299723558313016,4411492.203424944,0.5443156911800545
T4-E033,val_cold,full_size,2856600.0,15.317576539028895,4490957.726231921,0.5721339096240011
T4-E033,val_cold,full_size,12420000.0,16.31905120070123,12225704.270457258,0.015643778546114456
T4-E033,val_cold,full_size,1863000.0,14.736601778347907,2512030.0732855494,0.34837899800619937
T4-E033,val_cold,full_size,4002000.0,15.2131896643442,4045799.192431992,0.010944325945025467
T4-E033,val_cold,full_size,690000.0,14.629303307716729,2256449.927619063,2.270217286404439
T4-E033,val_cold,full_size,93840000.0,15.918126439466427,8187559.6096446505,0.9127497910310672
T4-E033,val_cold,full_size,2760000.0,14.718193481696389,2466210.8988470463,0.10644532650469336
T4-E033,val_cold,full_size,1100000.0,14.177404336354943,1436046.3946994685,0.3054967224540623
T4-E033,val_cold,full_size,1000000.0,14.207071088659353,1479287.4670966035,0.47928746709660347
T4-E033,val_cold,full_size,2760000.0,14.710836484148636,2448133.57027979,0.11299508323196011
T4-E033,val_cold,full_size,6900000.0,16.22287080544994,11104609.001380194,0.6093636233884339
T4-E033,val_cold,full_size,7590000.0,15.945810187376589,8417388.530809328,0.10901034661519472
T4-E033,val_cold,full_size,2070000.0,15.204684533525946,4011535.058056109,0.9379396415729996
T4-E033,val_cold,full_size,20700000.0,16.542305634718485,15283824.955941888,0.2616509683119861
T4-E033,val_cold,full_size,14766000.0,16.539265412148037,15237429.288661554,0.03192667538003213
T4-E033,val_cold,full_size,7590000.0,15.945810187376589,8417388.530809328,0.10901034661519472
T4-E033,val_cold,full_size,6210000.0,15.541406353783675,5617550.955124585,0.09540242268525202
T4-E033,val_cold,full_size,12420000.0,15.850770101315025,7654238.474396751,0.3837167089857688
T4-E033,val_cold,full_size,19320000.0,16.541034617656578,15264411.29381313,0.20991659969911336
T4-E033,val_cold,full_size,14766000.0,16.539265412148037,15237429.288661554,0.03192667538003213
T4-E033,val_cold,full_size,20700000.0,16.302661436934272,12026960.992190804,0.41898739168160365
T4-E033,val_cold,full_size,4830000.0,14.917220367790485,3009306.9703016,0.37695507861250516
T4-E033,val_cold,full_size,13800000.0,14.710836484148636,2448133.57027979,0.822599016646392
T4-E033,val_cold,full_size,11040000.0,15.850770101315025,7654238.474396751,0.30668129760898993
T4-E033,val_cold,full_size,745200.0,14.718193481696389,2466210.8988470463,2.3094617536863207
T4-E033,val_cold,full_size,14766000.0,16.50787555594429,14766557.535452796,3.775805585779129e-05
T4-E033,val_cold,full_size,9522000.0,16.30543543148256,12060370.033240816,0.2665795035959689
T4-E033,val_cold,full_size,8280000.0,15.411950558628275,4935430.981405226,0.4039334563520259
T4-E033,val_cold,full_size,7590000.0,15.945810187376589,8417388.530809328,0.10901034661519472
T4-E033,val_cold,full_size,1000000.0,13.55777966398053,772803.170109447,0.22719682989055304
T4-E033,val_cold,full_size,2760000.0,14.718193481696389,2466210.8988470463,0.10644532650469336
T4-E033,val_cold,full_size,12420000.0,16.065725990308906,9489780.021718914,0.23592753448317924
T4-E033,val_cold,full_size,4140000.0,15.8516003495902,7660596.031498113,0.8503855148546166
T4-E033,val_cold,full_size,4002000.0,15.2131896643442,4045799.192431992,0.010944325945025467
T4-E033,val_cold,full_size,14766000.0,16.539265412148037,15237429.288661554,0.03192667538003213
T4-E033,val_cold,full_size,27600000.0,15.042899628009424,3412308.5966530223,0.8763656305560499
T4-E033,val_cold,full_size,9108000.0,16.096119353704303,9782634.223058118,0.07407051197388204
T4-E033,val_cold,full_size,13800000.0,14.710836484148636,2448133.57027979,0.822599016646392
T4-E033,val_cold,full_size,49680000.0,15.880010572151383,7881356.346017712,0.8413575614730735
T4-E033,val_cold,full_size,365700.0,13.433694973390523,682620.9274277571,0.8666145130646898
T4-E033,val_cold,full_size,2070000.0,14.930657637686785,3050016.741810681,0.47343803952206803
T4-E033,val_cold,full_size,2070000.0,14.930657637686785,3050016.741810681,0.47343803952206803
T4-E033,val_cold,full_size,2070000.0,14.930657637686785,3050016.741810681,0.47343803952206803
T4-E033,val_cold,full_size,828000.0,14.323548753404872,1662027.4215764145,1.0072794946575054
T4-E033,val_cold,full_size,828000.0,14.323548753404872,1662027.4215764145,1.0072794946575054
T4-E033,val_cold,full_size,828000.0,14.323548753404872,1662027.4215764145,1.0072794946575054
T4-E033,val_cold,full_size,7314000.0,16.13762714122431,10197234.777186165,0.39420765342988306
T4-E033,val_cold,full_size,735540.0,14.121600506245725,1358104.4602162815,0.8464046281864772
T4-E033,val_cold,full_size,1449000.0,14.81743020287213,2723504.9760195143,0.8795755528084984
T4-E033,val_cold,full_size,828000.0,14.323548753404872,1662027.4215764145,1.0072794946575054
T4-E033,val_cold,full_size,662400.0,14.207308289418494,1479638.3968255403,1.2337536183960451
T4-E033,val_cold,full_size,2484000.0,15.116911847776707,3674442.0198812713,0.4792439693563894
T4-E033,val_cold,full_size,3174000.0,15.036958928033958,3392097.189451307,0.06871367027451387
T4-E033,val_cold,full_size,662400.0,14.207308289418494,1479638.3968255403,1.2337536183960451
T4-E033,val_cold,full_size,1725000.0,14.957899446857189,3134246.796418634,0.8169546645905124
T4-E033,val_cold,full_size,4278000.0,15.729129541090375,6777572.389070872,0.5842852709375578
T4-E033,val_cold,full_size,735540.0,14.121600506245725,1358104.4602162815,0.8464046281864772
T4-E033,val_cold,full_size,5000000.0,15.428064482111688,5015604.357621221,0.0031208715242441744
T4-E033,val_cold,full_size,2898000.0,15.180444532477976,3915464.52300885,0.3510919679119565
T4-E033,val_cold,full_size,666540.0,14.121600506245725,1358104.4602162815,1.0375438236509158
T4-E033,val_cold,full_size,3036000.0,15.311642019598299,4464384.976580876,0.4704825351056904
T4-E033,val_cold,full_size,3864000.0,15.481426813378613,5290518.495896812,0.3691818053563177
T4-E033,val_cold,full_size,6072000.0,15.064509459421899,3486850.528639114,0.425749254176694
T4-E033,val_cold,full_size,1725000.0,14.601889509710617,2195432.2495108573,0.27271434754252594
T4-E033,val_cold,full_size,2484000.0,15.150640997497185,3800491.6484444495,0.5299885863302937
T4-E033,val_cold,full_size,662400.0,14.207308289418494,1479638.3968255403,1.2337536183960451
T4-E033,val_cold,full_size,2760000.0,14.88878124462998,2924930.4033250124,0.05975739250906247
T4-E033,val_cold,full_size,2346000.0,14.51277196359313,2008245.400223255,0.14397041763714624
T4-E033,val_cold,full_size,3450000.0,15.116911847776707,3674442.0198812713,0.06505565793660037
T4-E033,val_cold,full_size,2346000.0,14.51277196359313,2008245.400223255,0.14397041763714624
T4-E033,val_cold,full_size,2070000.0,15.075796947232625,3526431.2748350236,0.7035899878430065
T4-E033,val_cold,full_size,8418000.0,15.762577410451948,7008101.608702519,0.16748614769511536
T4-E033,val_cold,full_size,4140000.0,15.14171264756135,3766710.5581823466,0.09016653184001289
T4-E033,val_cold,full_size,2760000.0,15.123550658200354,3698917.096668983,0.3401873538655735
T4-E033,val_cold,full_size,2760000.0,15.88537903737507,7923780.908981158,1.870935111949695
T4-E033,val_cold,full_size,2484000.0,15.116911847776707,3674442.0198812713,0.4792439693563894
T4-E033,val_cold,full_size,6210000.0,15.35778019109066,4675189.202881844,0.24715149712047604
T4-E033,val_cold,full_size,4140000.0,14.341778720819136,1692603.9854023326,0.5911584576322868
T4-E033,val_cold,full_size,6210000.0,15.35778019109066,4675189.202881844,0.24715149712047604
T4-E033,val_cold,full_size,2760000.0,14.88878124462998,2924930.4033250124,0.05975739250906247
T4-E033,val_cold,full_size,2622000.0,15.054387116862413,3451733.466447094,0.316450597424521
T4-E033,val_cold,full_size,1725000.0,14.957899446857189,3134246.796418634,0.8169546645905124
T4-E033,val_cold,full_size,4140000.0,14.662008756072673,2331468.2005203567,0.43684342982600083
T4-E033,val_cold,full_size,2760000.0,15.759388356932877,6985787.996168466,1.5310826073074153
T4-E033,val_cold,full_size,6210000.0,15.35778019109066,4675189.202881844,0.24715149712047604
T4-E033,val_cold,full_size,1656000.0,13.937088446890183,1129277.320697324,0.31806925078664017
T4-E033,val_cold,full_size,1242000.0,13.647825076840695,845619.7562394039,0.3191467341067602
T4-E033,val_cold,full_size,2070000.0,14.127446245551695,1366066.8351504218,0.3400643308452068
T4-E033,val_cold,full_size,1656000.0,14.116651044912985,1351399.182150229,0.18393769193826745
T4-E033,val_cold,full_size,1380000.0,13.779768259800393,964888.9150916949,0.3008051339915254
T4-E033,val_cold,full_size,1794000.0,14.2869619702782,1602318.130579292,0.10684608105948044
T4-E033,val_cold,full_size,2070000.0,14.220067756109394,1498638.7530937537,0.27601992604166486
T4-E033,val_cold,full_size,2346000.0,14.657007906378386,2319837.983204743,0.011151754814687598
T4-E033,val_cold,full_size,1794000.0,14.284091288533485,1597724.98106212,0.10940636507128201
T4-E033,val_cold,full_size,1794000.0,14.2869619702782,1602318.130579292,0.10684608105948044
T4-E033,val_cold,full_size,3312000.0,14.62831381419464,2254218.289310672,0.3193785358361498
T4-E033,val_cold,full_size,1932000.0,14.228951834801903,1512012.0946577673,0.21738504417299828
T4-E033,val_cold,full_size,1656000.0,13.992579046560232,1193712.8460443383,0.2791589093935155
T4-E033,val_cold,full_size,10074000.0,15.926555415627854,8256864.026728571,0.1803787942496951
T4-E033,val_cold,full_size,8280000.0,14.544225394890246,2072415.5036149872,0.7497082725102673
T4-E033,val_cold,full_size,5520000.0,15.21002490645399,4033015.4568993086,0.26938125780809624
T4-E033,val_cold,full_size,6762000.0,13.302921096509108,598942.630175003,0.911425224759686
T4-E033,val_cold,full_size,650000.0,13.979323068517663,1177993.4330499698,0.812297589307646
T4-E033,val_cold,full_size,1021200.0,14.424832542142465,1839183.9801068944,0.8010027223921802
T4-E033,val_cold,full_size,2553000.0,15.043800148224712,3415382.833523581,0.33779194419255026
T4-E033,val_cold,full_size,1380000.0,16.32298318907463,12273870.229444742,7.89410886191648
T4-E033,val_cold,full_size,18906000.0,16.51055830510436,14806225.691342698,0.21685043418265637
T4-E033,val_cold,full_size,5934000.0,15.52309780635678,5515637.547062163,0.07050260413512584
T4-E033,val_cold,full_size,5934000.0,15.709556999331333,6646207.833204333,0.12002154250157275
T4-E033,val_cold,full_size,9936000.0,15.709556999331333,6646207.833204333,0.3310982454504496
T4-E033,val_cold,full_size,19527000.0,16.43237712265139,13692750.94490278,0.2987785658369038
T4-E033,val_cold,full_size,19527000.0,16.55103607956639,15417843.717237957,0.21043459224468905
T4-E033,val_cold,full_size,19527000.0,16.55103607956639,15417843.717237957,0.21043459224468905
T4-E033,val_cold,full_size,19527000.0,16.55103607956639,15417843.717237957,0.21043459224468905
T4-E033,val_cold,full_size,11730000.0,15.918397913678652,8189782.622671424,0.3018088130714898
T4-E033,val_cold,full_size,2001000.0,13.774325676581551,959651.6918140854,0.5204139471193976
T4-E033,val_cold,full_size,2001000.0,13.774325676581551,959651.6918140854,0.5204139471193976
T4-E033,val_cold,full_size,690000.0,13.250234839731945,568203.4611040886,0.17651672303755278
T4-E033,val_cold,full_size,20010000.0,16.43237712265139,13692750.94490278,0.3157046004546337
T4-E033,val_cold,full_size,8280000.0,15.545002997236557,5637791.660469532,0.3191072873829068
T4-E033,val_cold,full_size,16560000.0,16.240366446834575,11300600.759586658,0.31759657248872836
T4-E033,val_cold,full_size,2400000.0,14.482654850479351,1948664.5513787142,0.18805643692553578
T4-E033,val_cold,full_size,2400000.0,14.482654850479351,1948664.5513787142,0.18805643692553578
T4-E033,val_cold,full_size,11040000.0,15.49952868158221,5387158.810667413,0.5120327164250531
T4-E033,val_cold,full_size,800000.0,13.172772309236805,525850.541251705,0.3426868234353687
T4-E033,val_cold,full_size,11730000.0,15.918397913678652,8189782.622671424,0.3018088130714898
T4-E033,val_cold,full_size,6348000.0,15.204228966814933,4009707.952439446,0.36835098417778106
T4-E033,val_cold,full_size,11730000.0,15.943705985242921,8399695.265534487,0.28391344709850924
T4-E033,val_cold,full_size,690000.0,13.250234839731945,568203.4611040886,0.17651672303755278
T4-E033,val_cold,full_size,690000.0,13.250234839731945,568203.4611040886,0.17651672303755278
T4-E033,val_cold,full_size,690000.0,13.250234839731945,568203.4611040886,0.17651672303755278
T4-E033,val_cold,full_size,690000.0,13.250234839731945,568203.4611040886,0.17651672303755278
T4-E033,val_cold,full_size,2070000.0,14.667056358694547,2343266.276472113,0.13201269394788073
T4-E033,val_cold,full_size,2070000.0,14.621158526978151,2238146.2785000987,0.08123008623193176
T4-E033,val_cold,full_size,2070000.0,14.621158526978151,2238146.2785000987,0.08123008623193176
T4-E033,val_cold,full_size,2000000.0,14.33481900537775,1680864.84124507,0.15956757937746496
T4-E033,val_cold,full_size,2000000.0,14.33481900537775,1680864.84124507,0.15956757937746496
T4-E033,val_cold,full_size,700000.0,13.208908245356406,545200.1453241108,0.22114264953698465
T4-E033,val_cold,full_size,700000.0,13.172772309236805,525850.541251705,0.24878494106899282
T4-E033,val_cold,full_size,6900000.0,15.527694809030093,5541051.316439365,0.19694908457400506
T4-E033,val_cold,full_size,3036000.0,14.717737914985376,2465087.631140309,0.18804755232532644
T4-E033,val_cold,full_size,2070000.0,14.437862094265931,1863304.5223285486,0.09985288776398618
T4-E033,val_cold,full_size,2070000.0,14.416577787100369,1824064.4567095968,0.11880944120309334
T4-E033,val_cold,full_size,1104000.0,13.616230338819687,819320.2719365275,0.25786207252126137
T4-E033,val_cold,full_size,8000000.0,16.29542735854659,11940270.95293155,0.4925338691164437
T4-E033,val_cold,full_size,700000.0,13.606267093121334,811197.7134756303,0.15885387639375753
T4-E033,val_cold,full_size,4500000.0,15.57847491311185,5829693.0864764,0.295487352550311
T4-E033,val_cold,full_size,4500000.0,15.57847491311185,5829693.0864764,0.295487352550311
T4-E033,val_cold,full_size,345000000.0,15.52131775278405,5505828.149956975,0.9840410778262116
T4-E033,val_cold,full_size,800000.0,14.262862839067898,1564165.228092619,0.9552065351157737
T4-E033,val_cold,full_size,800000.0,14.432670072075352,1853655.2751298968,1.317069093912371
T4-E033,val_cold,full_size,4000000.0,15.292200381893727,4378428.298049155,0.09460707451228867
T4-E033,val_cold,full_size,2000000.0,15.157739648773843,3827565.995318594,0.9137829976592969
T4-E033,val_cold,full_size,4000000.0,15.128646374828639,3717813.8353479863,0.07054654116300342
T4-E033,val_cold,full_size,800000.0,13.646017950883842,844092.9947689133,0.055116243461141565
T4-E033,val_cold,full_size,800000.0,14.445422201158124,1877444.686919332,1.346805858649165
T4-E033,val_cold,full_size,2000000.0,15.157739648773843,3827565.995318594,0.9137829976592969
T4-E033,val_cold,full_size,4000000.0,15.128646374828639,3717813.8353479863,0.07054654116300342
T4-E033,val_cold,full_size,800000.0,14.27561496815067,1584239.3870892012,0.9802992338615015
T4-E033,val_cold,full_size,800000.0,14.27561496815067,1584239.3870892012,0.9802992338615015
T4-E033,val_cold,full_size,800000.0,14.432670072075352,1853655.2751298968,1.317069093912371
T4-E033,val_cold,full_size,800000.0,13.736904519709775,924404.0325442554,0.15550504068031923
T4-E033,val_cold,full_size,800000.0,14.432670072075352,1853655.2751298968,1.317069093912371
T4-E033,val_cold,full_size,800000.0,14.432670072075352,1853655.2751298968,1.317069093912371
T4-E033,val_cold,full_size,2500000.0,15.507407142500698,5429768.961622157,1.171907584648863
T4-E033,val_cold,full_size,800000.0,14.27561496815067,1584239.3870892012,0.9802992338615015
T4-E033,val_cold,full_size,800000.0,14.27561496815067,1584239.3870892012,0.9802992338615015
T4-E033,val_cold,full_size,800000.0,14.445422201158124,1877444.686919332,1.346805858649165
T4-E033,val_cold,full_size,800000.0,14.27561496815067,1584239.3870892012,0.9802992338615015
T4-E033,val_cold,full_size,800000.0,13.646017950883842,844092.9947689133,0.055116243461141565
T4-E033,val_cold,full_size,800000.0,14.27561496815067,1584239.3870892012,0.9802992338615015
T4-E033,val_cold,full_size,800000.0,14.432670072075352,1853655.2751298968,1.317069093912371
T4-E033,val_cold,full_size,800000.0,14.432670072075352,1853655.2751298968,1.317069093912371
T4-E033,val_cold,full_size,4000000.0,15.128646374828639,3717813.8353479863,0.07054654116300342
T4-E033,val_cold,full_size,800000.0,14.445422201158124,1877444.686919332,1.346805858649165
T4-E033,val_cold,full_size,2500000.0,15.507407142500698,5429768.961622157,1.171907584648863
T4-E033,val_cold,full_size,4000000.0,15.128646374828639,3717813.8353479863,0.07054654116300342
T4-E033,val_cold,full_size,800000.0,14.445422201158124,1877444.686919332,1.346805858649165
T4-E033,val_cold,full_size,800000.0,14.432670072075352,1853655.2751298968,1.317069093912371
T4-E033,val_cold,full_size,2500000.0,15.507407142500698,5429768.961622157,1.171907584648863
T4-E033,val_cold,full_size,800000.0,14.262862839067898,1564165.228092619,0.9552065351157737
T4-E033,val_cold,full_size,6000000.0,16.55675037634597,15506198.052966733,1.584366342161122
T4-E033,val_cold,full_size,800000.0,14.111935952121264,1345042.2082460548,0.6813027603075685
T4-E033,val_cold,full_size,800000.0,14.445422201158124,1877444.686919332,1.346805858649165
T4-E033,val_cold,full_size,4500000.0,15.516092953370704,5477136.322062232,0.21714140490271813
T4-E033,val_cold,full_size,12000000.0,16.49616673948203,14594666.905205553,0.21622224210046279
T4-E033,val_cold,full_size,3000000.0,15.189709651805538,3951910.3457696536,0.3173034485898845
T4-E033,val_cold,full_size,7500000.0,15.908597112748787,8109908.249308824,0.08132109990784314
T4-E033,val_cold,full_size,7500000.0,15.908597112748787,8109908.249308824,0.08132109990784314
T4-E033,val_cold,full_size,450000.0,13.302921096509108,598942.630175003,0.3309836226111177
T4-E033,val_cold,full_size,7500000.0,15.838803375721488,7563188.1764615495,0.008425090194873263
T4-E033,val_cold,full_size,12000000.0,16.49616673948203,14594666.905205553,0.21622224210046279
T4-E033,val_cold,full_size,12000000.0,16.49616673948203,14594666.905205553,0.21622224210046279
T4-E033,val_cold,full_size,12000000.0,16.738735672073812,18601181.758601278,0.5500984798834399
T4-E033,val_cold,full_size,7500000.0,15.909514216283066,8117349.286406113,0.08231323818748171
T4-E033,val_cold,full_size,20000000.0,16.951203058309087,23004560.993732296,0.1502280496866148
T4-E033,val_cold,full_size,50000000.0,18.02953228797141,67627975.08127882,0.3525595016255763
T4-E033,val_cold,full_size,7500000.0,15.838803375721488,7563188.1764615495,0.008425090194873263
T4-E033,val_cold,full_size,3000000.0,15.189709651805538,3951910.3457696536,0.3173034485898845
T4-E033,val_cold,full_size,3000000.0,15.189709651805538,3951910.3457696536,0.3173034485898845
T4-E033,val_cold,full_size,2000000.0,13.846457738401797,1031431.022712355,0.4842844886438225
T4-E033,val_cold,full_size,700000.0,13.373601174193354,642807.8816427236,0.0817030262246806
T4-E033,val_cold,full_size,700000.0,13.367056652750803,638614.7476717135,0.0876932176118379
T4-E033,val_cold,full_size,8500000.0,15.544251602698917,5633557.045743931,0.33722858285365515
T4-E033,val_cold,full_size,4000000.0,14.739990054893584,2520555.961742112,0.369861009564472
T4-E033,val_cold,full_size,20000000.0,16.508392973611397,14774199.99020406,0.261290000489797
T4-E033,val_cold,full_size,20000000.0,16.508392973611397,14774199.99020406,0.261290000489797
T4-E033,val_cold,full_size,700000.0,13.350476919928038,628113.9763135803,0.10269431955202815
T4-E033,val_cold,full_size,12000000.0,15.932452735491676,8305701.25781285,0.3078582285155958
T4-E033,val_cold,full_size,700000.0,13.350476919928038,628113.9763135803,0.10269431955202815
T4-E033,val_cold,full_size,700000.0,13.272095857750733,580761.7354023923,0.17034037799658236
T4-E033,val_cold,full_size,12000000.0,15.932452735491676,8305701.25781285,0.3078582285155958
T4-E033,val_cold,full_size,12000000.0,15.907144663927406,8098137.572852476,0.3251552022622937
T4-E033,val_cold,full_size,20000000.0,16.508392973611397,14774199.99020406,0.261290000489797
T4-E033,val_cold,full_size,20000000.0,16.468889267827937,14201941.915412389,0.2899029042293806
T4-E033,val_cold,full_size,6500000.0,15.181106427686645,3918057.0080984244,0.39722199875408853
T4-E033,val_cold,full_size,17000000.0,16.235166305914078,11241988.571050454,0.33870655464409094
T4-E033,val_cold,full_size,700000.0,13.32959548942628,615134.0493291412,0.1212370723869412
T4-E033,val_cold,full_size,700000.0,13.346204571111883,625436.1786265001,0.10651974481928561
T4-E033,val_cold,full_size,300000.0,13.4127913425843,668499.777429758,1.2283325914325267
T4-E033,val_cold,full_size,8600000.0,16.65751712626289,17150143.9694806,0.994202787148907
T4-E033,val_cold,full_size,480000.0,13.803381219619455,987943.9255661032,1.0582165115960482
T4-E033,val_cold,full_size,8600000.0,16.59801537107577,16159446.691372424,0.8790054292293517
T4-E033,val_cold,full_size,9000000.0,16.743002810629388,18680725.169142712,1.0756361299047457
T4-E033,val_cold,full_size,2400000.0,15.220599882524807,4075890.8021621774,0.6982878342342406
T4-E033,val_cold,full_size,4000000.0,15.719876170488142,6715146.271407375,0.6787865678518438
T4-E033,val_cold,full_size,1200000.0,15.559058811899662,5717594.951428646,3.764662459523872
T4-E033,val_cold,full_size,9000000.0,16.733739574373427,18508480.203033805,1.0564978003370895
T4-E033,val_cold,full_size,2400000.0,15.205822602474582,4016103.060399821,0.673376275166592
T4-E033,val_cold,full_size,2400000.0,15.206208476146973,4017653.0678707426,0.6740221116128094
T4-E033,val_cold,full_size,8600000.0,16.658408103420225,17165431.16526226,0.9959803680537511
T4-E033,val_cold,full_size,9000000.0,16.651533731456883,17047834.272019953,0.894203808002217
T4-E033,val_cold,full_size,400000.0,13.337087564108916,619759.9868630294,0.5493999671575736
T4-E033,val_cold,full_size,1040000.0,14.688831253673833,2394850.2329906984,1.3027406086449023
T4-E033,val_cold,full_size,100000.0,12.65270503618875,312607.921140291,2.1260792114029097
T4-E033,val_cold,full_size,400000.0,13.3947606060719,656554.2510336891,0.6413856275842228
T4-E033,val_cold,full_size,2400000.0,15.02339648623068,3346402.6340212612,0.39433443084219216
T4-E033,val_cold,full_size,960000.0,14.536503314757681,2056473.7758952703,1.1421601832242398
T4-E033,val_cold,full_size,300000.0,13.236031954056475,560190.3715042608,0.867301238347536
T4-E033,val_cold,full_size,640000.0,14.230742717272994,1514722.3567702468,1.3667536824535105
T4-E033,val_cold,full_size,300000.0,13.816813754263057,1001304.045828074,2.3376801527602464
T4-E033,val_cold,full_size,2400000.0,15.246040276188793,4180913.311417942,0.7420472130908091
T4-E033,val_cold,full_size,2800000.0,15.274946637554955,4303531.994417762,0.536975712292058
T4-E033,val_cold,full_size,7200000.0,16.233075870339206,11218512.464402542,0.5581267311670196
T4-E033,val_cold,full_size,4186400.0,16.08467951466735,9671360.154438972,1.3101853990156154
T4-E033,val_cold,full_size,928700.0,14.62746105234019,2252296.797345913,1.4252145981973867
T4-E033,val_cold,full_size,1476700.0,14.827625447745596,2751413.803083606,0.8632178527010267
T4-E033,val_cold,full_size,3075100.0,15.614058990081839,6040872.360823614,0.9644474523832115
T4-E033,val_cold,full_size,989600.0,14.259358048877129,1558692.7526853073,0.5750735172648619
T4-E033,val_cold,full_size,989600.0,14.473295124640275,1930510.6756054196,0.9507989850499389
T4-E033,val_cold,full_size,989600.0,14.40363123758541,1800601.3269146597,0.819524380471564
T4-E033,val_cold,full_size,6135000.0,16.304764275210122,12052278.3559388,0.9645115494602771
T4-E033,val_cold,full_size,4917100.0,15.971155614706333,8633457.453109259,0.7558026993775312
T4-E033,val_cold,full_size,6135000.0,16.273472512307013,11680980.891875815,0.9039903654239306
T4-E033,val_cold,full_size,593800.0,14.162922670912563,1415399.9098230875,1.3836307002746506
T4-E033,val_cold,full_size,822100.0,14.441316553985205,1869752.3632370245,1.274361225200127
T4-E033,val_cold,full_size,1476700.0,14.869613501108402,2869399.984109192,0.9431163974464631
T4-E033,val_cold,full_size,2207400.0,15.170998244638144,3878652.062385562,0.7571133742799501
T4-E033,val_cold,full_size,989600.0,14.40363123758541,1800601.3269146597,0.819524380471564
T4-E033,val_cold,full_size,600000.0,13.695314423634178,886746.4982296656,0.47791083038277593
T4-E033,val_cold,full_size,600000.0,13.659812310862238,855817.396791401,0.4263623279856683
T4-E033,val_cold,full_size,600000.0,13.788098260357758,972960.0097333182,0.6216000162221971
T4-E033,val_cold,full_size,800000.0,14.00368141474857,1207039.7286591884,0.5087996608239854
T4-E033,val_cold,full_size,800000.0,14.006689634220843,1210676.2360385568,0.513345295048196
T4-E033,val_cold,full_size,600000.0,14.223966744757888,1504493.3346369169,1.507488891061528
T4-E033,val_cold,full_size,600000.0,13.698897169699812,889929.1837299594,0.483215306216599
T4-E033,val_cold,full_size,800000.0,13.958749112083847,1154005.0614939497,0.4425063268674372
T4-E033,val_cold,full_size,600000.0,13.694780461524125,886273.1355884931,0.47712189264748844
T4-E033,val_cold,full_size,1000000.0,14.556092966949302,2097156.561709966,1.0971565617099661
T4-E033,val_cold,full_size,800000.0,13.94690680482174,1140419.5794688363,0.4255244743360454
T4-E033,val_cold,full_size,800000.0,13.753015574033675,939417.7749864135,0.17427221873301693
T4-E033,val_cold,full_size,600000.0,13.425142555212345,676807.7615450742,0.12801293590845694
T4-E033,val_cold,full_size,800000.0,13.702082861378111,892768.7443056204,0.11596093038202554
T4-E033,val_cold,full_size,600000.0,13.781222124016185,966292.7528049924,0.610487921341654
T4-E033,val_cold,full_size,800000.0,14.153652575688142,1402339.6463487358,0.7529245579359197
T4-E033,val_cold,full_size,600000.0,13.659812310862238,855817.396791401,0.4263623279856683
T4-E033,val_cold,full_size,600000.0,13.428646844602401,679183.652275968,0.13197275379328
T4-E033,val_cold,full_size,800000.0,13.478816009035125,714126.937429724,0.10734132821284496
T4-E033,val_cold,full_size,600000.0,13.572613209185342,784352.0243322765,0.3072533738871276
T4-E033,val_cold,full_size,600000.0,13.467992537903708,706439.283736185,0.1773988062269751
T4-E033,val_cold,full_size,600000.0,13.659812310862238,855817.396791401,0.4263623279856683
T4-E033,val_cold,full_size,21312500.0,15.659685264787266,6322879.407291207,0.7033253064027586
T4-E033,val_cold,full_size,22834800.0,15.72334715342788,6738494.927505264,0.7049023890068989
T4-E033,val_cold,full_size,6089300.0,14.608436533286971,2209852.9510349976,0.637092448880003
T4-E033,val_cold,full_size,30446400.0,16.054786589354038,9386533.271517113,0.6917030167271956
T4-E033,val_cold,full_size,22834800.0,15.753265610122076,6943146.459871356,0.6959401238516932
T4-E033,val_cold,full_size,22834800.0,15.724958765194243,6749363.520842048,0.704426422791439
T4-E033,val_cold,full_size,12178600.0,15.565611322539977,5755182.56531838,0.5274347983086414
T4-E033,val_cold,full_size,3653600.0,14.32327004957421,1661564.2727110367,0.5452254563414066
T4-E033,val_cold,full_size,16745600.0,15.48180198699688,5292503.731244101,0.6839466050040547
T4-E033,val_cold,full_size,21312500.0,15.659685264787266,6322879.407291207,0.7033253064027586
T4-E033,val_cold,full_size,18267900.0,15.754877221888439,6954345.13793848,0.6193133782241812
T4-E033,val_cold,full_size,21312500.0,15.659685264787266,6322879.407291207,0.7033253064027586
T4-E033,val_cold,full_size,60892800.0,16.64733986100861,16976487.577629782,0.7212069805029531
T4-E033,val_cold,full_size,42625000.0,16.382154225937974,13022044.706673626,0.6944974848874222
T4-E033,val_cold,full_size,3805800.0,14.359175411180669,1722307.3135158976,0.5474519644973731
T4-E033,val_cold,full_size,98950800.0,17.307436466152517,32849151.27397712,0.6680254098604851
T4-E033,val_cold,full_size,11417400.0,15.180722589994248,3916553.398727194,0.6569662621326052
T4-E033,val_cold,full_size,45669600.0,16.4981234788555,14623252.823056243,0.679803352272491
T4-E033,val_cold,full_size,22834800.0,15.916655776968891,8175527.322665689,0.6419707059984897
T4-E033,val_cold,full_size,16745600.0,15.48180198699688,5292503.731244101,0.6839466050040547
T4-E033,val_cold,full_size,9134000.0,15.001260889851912,3273141.8430078663,0.6416529622281731
T4-E033,val_cold,full_size,27401800.0,16.004955192630593,8930252.184777552,0.6740997969192699
T4-E033,val_cold,full_size,9134000.0,15.001260889851912,3273141.8430078663,0.6416529622281731
T4-E033,val_cold,full_size,11417400.0,15.180722589994248,3916553.398727194,0.6569662621326052
T4-E033,val_cold,full_size,5328200.0,15.325004288606083,4524439.629242582,0.15085026289505232
T4-E033,val_cold,full_size,776400.0,13.771864778390754,957292.9901545895,0.2329894257529489
T4-E033,val_cold,full_size,900000.0,14.36396130468191,1730569.8489311123,0.9228553877012359
T4-E033,val_cold,full_size,7916100.0,15.865656433984686,7769034.339460874,0.018578044812360382
T4-E033,val_cold,full_size,2511900.0,15.192815244148903,3964202.4455271163,0.5781688942741018
T4-E033,val_cold,full_size,395900.0,13.417979645223056,671977.1696701654,0.6973406660019333
T4-E033,val_cold,full_size,2207400.0,14.817769074748846,2724428.0516553363,0.23422490335024748
T4-E033,val_cold,full_size,989600.0,14.587791119436687,2164697.3541943156,1.1874468009239245
T4-E033,val_cold,full_size,3805800.0,15.496277778547295,5369674.115662995,0.4109186283207196
T4-E033,val_cold,full_size,1674600.0,14.654134396232587,2313181.473577636,0.3813337355652907
T4-E033,val_cold,full_size,1248400.0,14.210031648382037,1483673.4753060034,0.18846000905639487
T4-E033,val_cold,full_size,3714500.0,15.307917204439208,4447786.899319471,0.19741200681638738
T4-E033,val_cold,full_size,6180700.0,15.434534487310057,5048160.549684538,0.18323805561108975
T4-E033,val_cold,full_size,1248400.0,14.210031648382037,1483673.4753060034,0.18846000905639487
T4-E033,val_cold,full_size,6180700.0,15.434534487310057,5048160.549684538,0.18323805561108975
T4-E033,val_cold,full_size,7429000.0,16.08581768965931,9682374.121426905,0.3033213247310411
T4-E033,val_cold,full_size,3714500.0,15.304880325795429,4434299.999676983,0.19378112792488433
T4-E033,val_cold,full_size,12361300.0,16.17461832666861,10581506.088448346,0.14398112751503922
T4-E033,val_cold,full_size,2481400.0,14.958663316832416,3136641.868086578,0.264061363781163
T4-E033,val_cold,full_size,1248400.0,14.210031648382037,1483673.4753060034,0.18846000905639487
T4-E033,val_cold,full_size,1248400.0,14.210031648382037,1483673.4753060034,0.18846000905639487
T4-E033,val_cold,full_size,1491900.0,14.264094989950342,1566093.7035010564,0.04973101648974892
T4-E033,val_cold,full_size,2481400.0,14.955273884640544,3126028.430089536,0.2597841662325849
T4-E033,val_cold,full_size,1248400.0,14.210031648382037,1483673.4753060034,0.18846000905639487
T4-E033,val_cold,full_size,1248400.0,14.210031648382037,1483673.4753060034,0.18846000905639487
T4-E033,val_cold,full_size,6180700.0,15.434534487310057,5048160.549684538,0.18323805561108975
T4-E033,val_cold,full_size,4947600.0,15.466109993906212,5210102.01371913,0.05305643417396926
T4-E033,val_cold,full_size,12361300.0,16.17461832666861,10581506.088448346,0.14398112751503922
T4-E033,val_cold,full_size,6000000.0,15.51205069720797,5455041.0215287395,0.09082649641187675
T4-E033,val_cold,full_size,2500000.0,14.770343017027699,2598235.2356864684,0.03929409427458737
T4-E033,val_cold,full_size,6000000.0,15.73588051196275,6823482.376985983,0.13724706283099716
T4-E033,val_cold,full_size,6000000.0,15.364342344810366,4705969.394821093,0.21567176752981776
T4-E033,val_cold,full_size,1500000.0,14.498291207978768,1979374.033478801,0.3195826889858673
T4-E033,val_cold,full_size,6000000.0,15.588172159565143,5886500.04747318,0.018916658754469982
T4-E033,val_cold,full_size,2500000.0,14.987125631914655,3227200.5993962064,0.2908802397584826
T4-E033,val_cold,full_size,6000000.0,15.588172159565143,5886500.04747318,0.018916658754469982
T4-E033,val_cold,full_size,2500000.0,14.987125631914655,3227200.5993962064,0.2908802397584826
T4-E033,val_cold,full_size,1500000.0,14.498291207978768,1979374.033478801,0.3195826889858673
T4-E033,val_cold,full_size,8000000.0,16.047648672006538,9319771.526213693,0.16497144077671155
T4-E033,val_cold,full_size,9000000.0,16.047648672006538,9319771.526213693,0.035530169579299165
T4-E033,val_cold,full_size,1500000.0,14.498291207978768,1979374.033478801,0.3195826889858673
T4-E033,val_cold,full_size,6000000.0,15.73588051196275,6823482.376985983,0.13724706283099716
T4-E033,val_cold,full_size,6000000.0,15.588172159565143,5886500.04747318,0.018916658754469982
T4-E033,val_cold,full_size,8000000.0,16.047648672006538,9319771.526213693,0.16497144077671155
T4-E033,val_cold,full_size,3021900.0,15.338841490219115,4587480.360377216,0.5180781496334147
T4-E033,val_cold,full_size,9155000.0,14.237468143422323,1524943.8435169538,0.8334304922428233
T4-E033,val_cold,full_size,50625000.0,16.13679608270356,10188763.798763452,0.7987404681725737
T4-E033,val_cold,full_size,50625000.0,16.4331195976812,13702921.245698756,0.7293250124306419
T4-E033,val_cold,full_size,50625000.0,15.606725058513456,5996731.078737517,0.8815460527656787
T4-E033,val_cold,full_size,24300000.0,12.113551190349895,182325.93031522312,0.9924968752956699
T4-E033,val_cold,full_size,10125000.0,11.142499691775363,69044.02970748427,0.9931808365721003
T4-E033,val_cold,full_size,16200000.0,11.881436395519582,144558.04415307302,0.9910766639411683
T4-E033,val_cold,full_size,14175000.0,11.60745813958776,109914.5076691248,0.9922458901115256
T4-E033,val_cold,full_size,19237500.0,14.917130494580697,3009036.5263779555,0.84358484593227
T4-E033,val_cold,full_size,2664100.0,13.925563322779759,1116336.9722192453,0.5809703193501575
T4-E033,val_cold,full_size,650000.0,13.665269876418371,860500.8448260974,0.32384745357861133
T4-E033,val_cold,full_size,650000.0,13.665269876418371,860500.8448260974,0.32384745357861133
T4-E033,val_cold,full_size,5500000.0,16.6666718127938,17307869.021632504,2.146885276660455
T4-E033,val_cold,full_size,3500000.0,15.888969661134745,7952283.3651550645,1.2720809614728756
T4-E033,val_cold,full_size,3200000.0,16.15961065350637,10423888.002222275,2.257465000694461
T4-E033,val_cold,full_size,650000.0,13.919852479029268,1109979.9155539414,0.7076614085445252
T4-E033,val_cold,full_size,3000000.0,15.486182751287568,5315739.801310816,0.7719132671036053
T4-E033,val_cold,full_size,2500000.0,14.662464322783686,2332530.5817946964,0.06698776728212144
T4-E033,val_cold,full_size,7000000.0,16.284045741189512,11805141.81063079,0.686448830090113
T4-E033,val_cold,full_size,3500000.0,15.55439855032462,5691011.454511222,0.6260032727174921
T4-E033,val_cold,full_size,1000000.0,13.39796678932228,658662.6624468614,0.3413373375531386
T4-E033,val_cold,full_size,7000000.0,16.094324861705175,9765095.105823843,0.3950135865462633
T4-E033,val_cold,full_size,1000000.0,13.392702175141238,655204.1694572486,0.34479583054275137
T4-E033,val_cold,full_size,5328200.0,15.454024900665708,5147516.383394494,0.033910817275159766
T4-E033,val_cold,full_size,3805800.0,15.290260410324603,4369942.505393088,0.1482323047435724
T4-E033,val_cold,full_size,3805800.0,15.147348571898068,3787999.388654584,0.004677232472913956
T4-E033,val_cold,full_size,6850500.0,15.826207204985831,7468518.456578427,0.09021508745032143
T4-E033,val_cold,full_size,6850500.0,15.826207204985831,7468518.456578427,0.09021508745032143
T4-E033,val_cold,full_size,3000000.0,14.603702492097106,2199416.139780173,0.2668612867399423
T4-E033,val_cold,full_size,13000000.0,15.695239103009214,6551726.122258106,0.4960210675186072
T4-E033,val_cold,full_size,3000000.0,14.603702492097106,2199416.139780173,0.2668612867399423
T4-E033,val_cold,full_size,35000000.0,16.261474413054763,11541668.735523257,0.6702380361279069
T4-E033,val_cold,full_size,32000000.0,16.091801616625478,9740486.437552333,0.6956097988264895
T4-E033,val_cold,full_size,11861000.0,16.175193247575056,10587591.366629476,0.1073609841809733
T4-E033,val_cold,full_size,11861000.0,16.175193247575056,10587591.366629476,0.1073609841809733
T4-E033,val_cold,full_size,11861000.0,16.175193247575056,10587591.366629476,0.1073609841809733
T4-E033,val_cold,full_size,427000.0,12.812335612796062,366713.29631978,0.14118665967264638
T4-E033,val_cold,full_size,7116600.0,15.737776912714258,6836434.711620429,0.03936785661405326
T4-E033,val_cold,full_size,900000.0,15.734611073831218,6814825.883870501,6.572028759856113
T4-E033,val_cold,full_size,950000.0,15.198911194290444,3988441.8319691475,3.1983598231254184
T4-E033,val_cold,full_size,950000.0,15.905141935636083,8081935.433285399,7.507300456089894
T4-E033,val_cold,full_size,600000.0,13.862129662963673,1047722.86066802,0.7462047677800333
T4-E033,val_cold,full_size,950000.0,15.905141935636083,8081935.433285399,7.507300456089894
T4-E033,val_cold,full_size,800000.0,14.194809426079765,1461259.694419617,0.8265746180245214
T4-E033,val_cold,full_size,480000.0,13.593216717324061,800680.0574243066,0.6680834529673055
T4-E033,val_cold,full_size,2400000.0,15.976960207891707,8683716.888077538,2.6182153700323076
T4-E033,val_cold,full_size,480000.0,13.593216717324061,800680.0574243066,0.6680834529673055
T4-E033,val_cold,full_size,2435800.0,15.030645683952217,3370749.5094072483,0.38383673101537413
T4-E033,val_cold,full_size,9999999.0,14.875463719097755,2886235.7980885943,0.7113763913287797
T4-E033,val_cold,full_size,1033400.0,14.97308061712297,3182191.3370039607,2.0793413363692284
T4-E033,val_cold,full_size,3131300.0,16.49280404666135,14545671.947248248,3.645250198718822
T4-E033,val_cold,full_size,3349200.0,15.559427375625381,5719702.637910627,0.7077817502420359
T4-E033,val_cold,full_size,6089300.0,16.24204406218498,11319574.731953384,0.8589287326873999
T4-E033,val_cold,full_size,25879500.0,15.997497835497986,8863903.804217126,0.6574932357960113
T4-E033,val_cold,full_size,28924100.0,16.646710087126916,16965799.59500988,0.41343725146124244
T4-E033,val_cold,full_size,2000000.0,14.786835355001871,2641441.516293118,0.32072075814655887
T4-E033,val_cold,full_size,2000000.0,14.786835355001871,2641441.516293118,0.32072075814655887
T4-E033,val_cold,full_size,5300000.0,15.695023665634885,6550314.787617574,0.23590845049388198
T4-E033,val_cold,full_size,8372800.0,15.128560131128621,3717493.2111529554,0.5560035816987201
T4-E033,val_cold,full_size,3805800.0,15.809521138717079,7344932.214240345,0.9299312139997754
T4-E033,val_cold,full_size,99715000.0,16.678760361882468,17518365.782764666,0.8243156417513446
T4-E033,val_cold,full_size,22985600.0,15.469022575229285,5225298.979992512,0.772670759954384
T4-E033,val_cold,full_size,571360000.0,17.31793155128414,33195721.373320635,0.941900515658568
