experiment_id,task,feature_set,split,artist_key,actual_price_krw,pred_log_price,pred_price_krw,ape
T5-E006,warm,warm_baseline,val_warm,injung kwon,513360.0,13.565405260971303,778718.7820081327,0.516905839972208
T5-E006,warm,warm_baseline,val_warm,injung kwon,356040.0,13.17287308938861,525903.5392196055,0.47709116733964024
T5-E006,warm,warm_baseline,val_warm,injung kwon,513360.0,13.560340010353162,774784.3490727012,0.5092417583619705
T5-E006,warm,warm_baseline,val_warm,ari kwon,690000.0,13.587011693294619,795727.2006172085,0.1532278269814616
T5-E006,warm,warm_baseline,val_warm,ari kwon,966000.0,14.266138731274406,1569297.6668411838,0.6245317462124056
T5-E006,warm,warm_baseline,val_warm,ari kwon,862500.0,13.589254575346013,797513.9258312229,0.07534617294930678
T5-E006,warm,warm_baseline,val_warm,panmook kim,1515240.0,14.53173960255902,2046700.6234074747,0.35074352802689657
T5-E006,warm,warm_baseline,val_warm,panmook kim,5464800.0,15.262282687568154,4249375.919162405,0.22240961807158455
T5-E006,warm,warm_baseline,val_warm,panmook kim,5464800.0,15.262282687568154,4249375.919162405,0.22240961807158455
T5-E006,warm,warm_baseline,val_warm,miae kim,3063600.0,14.842773395909676,2793409.346888099,0.08819384159547627
T5-E006,warm,warm_baseline,val_warm,miae kim,717600.0,13.799477330663672,984094.6207042495,0.3713693153626665
T5-E006,warm,warm_baseline,val_warm,miae kim,4416000.0,15.087181343814885,3566806.95730708,0.19229914916053448
T5-E006,warm,warm_baseline,val_warm,eunha jang,17844780.0,16.456806723503508,14031378.815838836,0.21369841399900497
T5-E006,warm,warm_baseline,val_warm,eunha jang,10631520.0,16.019799999966267,9063808.917270456,0.14745879072132156
T5-E006,warm,warm_baseline,val_warm,eunha jang,10603920.0,15.919580694323255,8199475.069930583,0.22675057243636473
T5-E006,warm,warm_baseline,val_warm,jinhui lee,1807800.0,14.929567988477,3046695.1035170653,0.6853054007727986
T5-E006,warm,warm_baseline,val_warm,jinhui lee,862500.0,13.96260725838715,1158465.9817639627,0.34314896436401465
T5-E006,warm,warm_baseline,val_warm,laila lee,23584200.0,17.0540238957266,25495789.930328775,0.08105383817677832
T5-E006,warm,warm_baseline,val_warm,laila lee,23582820.0,17.0540238957266,25495789.930328775,0.08111709839318518
T5-E006,warm,warm_baseline,val_warm,laila lee,23708400.0,17.166003719268378,28516793.555678856,0.20281392062217846
T5-E006,warm,warm_baseline,val_warm,jennifer lee,2746200.0,14.573354170572525,2133670.2365425467,0.223046305242682
T5-E006,warm,warm_baseline,val_warm,jennifer lee,8100600.0,15.956234254665391,8505590.870131137,0.04999516950980629
T5-E006,warm,warm_baseline,val_warm,jennifer lee,7120800.0,15.757006758910817,6969170.453302442,0.02129389207639
T5-E006,warm,warm_baseline,val_warm,hyera lee,124157220.0,18.959968243566085,171478464.21005377,0.3811396889367672
T5-E006,warm,warm_baseline,val_warm,hyera lee,124115820.0,18.581978595898065,117503490.31291376,0.05327547839659956
T5-E006,warm,warm_baseline,val_warm,hyera lee,138207000.0,18.916940230441426,164256572.61371806,0.18848229549674084
T5-E006,warm,warm_baseline,val_warm,jisup kim,11730000.0,16.149148562907108,10315400.832386171,0.1205966894811448
T5-E006,warm,warm_baseline,val_warm,jisup kim,12282000.0,16.174665153552343,10582001.599005181,0.1384138089069222
T5-E006,warm,warm_baseline,val_warm,jisup kim,8901000.0,16.086222935049644,9686298.654052759,0.08822589080471392
T5-E006,warm,warm_baseline,val_warm,rahee kang,5464800.0,15.482879947985237,5298211.919846691,0.03048383841189226
T5-E006,warm,warm_baseline,val_warm,rahee kang,13413600.0,16.05144681540043,9355236.663071502,0.3025558639685467
T5-E006,warm,warm_baseline,val_warm,rahee kang,2649600.0,15.092554049543498,3586021.9334641467,0.35342011377722926
T5-E006,warm,warm_baseline,val_warm,kyoung soo lee,19666380.0,16.68135191788877,17563824.487777244,0.10691116068248227
T5-E006,warm,warm_baseline,val_warm,kyoung soo lee,19417980.0,16.602514643941202,16232316.258496713,0.16405742211616692
T5-E006,warm,warm_baseline,val_warm,kyoung soo lee,18327780.0,16.762317553124998,19045045.61721296,0.039135433599320736
T5-E006,warm,warm_baseline,val_warm,myeonghyeon an,4824480.0,15.100511152598052,3614670.106621752,0.25076482716857523
T5-E006,warm,warm_baseline,val_warm,myeonghyeon an,1092960.0,14.09514556599367,1322646.9687022525,0.21015130352643507
T5-E006,warm,warm_baseline,val_warm,myeonghyeon an,2177640.0,14.52499541770697,2032943.7376996872,0.06644636500997077
T5-E006,warm,warm_baseline,val_warm,eunmee kim,1228200.0,13.796002505407497,980680.9981674525,0.2015298826189118
T5-E006,warm,warm_baseline,val_warm,eunmee kim,1035000.0,13.807782055062612,992301.285188377,0.04125479691944249
T5-E006,warm,warm_baseline,val_warm,eunmee kim,745200.0,13.807782055062612,992301.285188377,0.3315905598341076
T5-E006,warm,warm_baseline,val_warm,ho rin,776940.0,13.616418912621238,819474.7888433572,0.0547465555169733
T5-E006,warm,warm_baseline,val_warm,ho rin,1410360.0,14.353516814872762,1712588.9936664356,0.21429209114441392
T5-E006,warm,warm_baseline,val_warm,h m moon,1104000.0,13.544223100521616,762397.3081224412,0.3094227281499627
T5-E006,warm,warm_baseline,val_warm,h m moon,528540.0,13.187935371356247,533884.8037500761,0.01011239215589378
T5-E006,warm,warm_baseline,val_warm,h m moon,276000.0,12.770834907259738,351805.90887332615,0.2746590901207469
T5-E006,warm,warm_baseline,val_warm,jihee yoo,1920960.0,14.409593240173223,1811368.5819927498,0.05705033837625467
T5-E006,warm,warm_baseline,val_warm,jihee yoo,1846440.0,14.409593240173223,1811368.5819927498,0.018994074005789615
T5-E006,warm,warm_baseline,val_warm,jihee yoo,2290800.0,14.713333353180523,2454253.8767995727,0.07135231220515659
T5-E006,warm,warm_baseline,val_warm,hyoung jun lee,2339100.0,14.818897338396397,2727503.65950839,0.1660483346194647
T5-E006,warm,warm_baseline,val_warm,hyoung jun lee,3884700.0,15.60159774347555,5966062.639860916,0.5357846525757243
T5-E006,warm,warm_baseline,val_warm,hyoung jun lee,10695000.0,16.18690010105725,10712267.103880443,0.0016145024666145563
T5-E006,warm,warm_baseline,val_warm,nakjin sung,4926600.0,15.550260705414294,5667511.584667894,0.1503900427613149
T5-E006,warm,warm_baseline,val_warm,nakjin sung,1411740.0,14.690222560471003,2398184.523370641,0.6987437654034319
T5-E006,warm,warm_baseline,val_warm,nakjin sung,2290800.0,14.977933249702952,3197670.8702292233,0.39587518344212647
T5-E006,warm,warm_baseline,val_warm,kyungmin lee,676200.0,12.696855421483647,326718.89161251654,0.5168309795733266
T5-E006,warm,warm_baseline,val_warm,leo,4207620.0,15.385504964406236,4806621.307584732,0.1423610752835883
T5-E006,warm,warm_baseline,val_warm,leo,73767900.0,16.849632179876668,20782714.798416145,0.718268856800639
T5-E006,warm,warm_baseline,val_warm,leo,73767900.0,16.849632179876668,20782714.798416145,0.718268856800639
T5-E006,warm,warm_baseline,val_warm,jinyoup chris park,241500.0,11.497196838090465,98439.44219973433,0.5923832621129014
T5-E006,warm,warm_baseline,val_warm,jinyoup chris park,241500.0,11.497196838090465,98439.44219973433,0.5923832621129014
T5-E006,warm,warm_baseline,val_warm,nah su,6113400.0,16.154974286178238,10375670.890948841,0.6972013758217753
T5-E006,warm,warm_baseline,val_warm,nah su,4485000.0,15.864656931508412,7761273.049760592,0.7304956632688054
T5-E006,warm,warm_baseline,val_warm,nah su,4002000.0,16.022598768731648,9089211.95459514,1.2711674049463118
T5-E006,warm,warm_baseline,val_warm,zhanna kan,245640.0,12.069204897668289,174417.1107369756,0.2899482546125403
T5-E006,warm,warm_baseline,val_warm,zhanna kan,244260.0,12.069204897668289,174417.1107369756,0.2859366628306903
T5-E006,warm,warm_baseline,val_warm,zhanna kan,255300.0,12.069204897668289,174417.1107369756,0.31681507741098475
T5-E006,warm,warm_baseline,val_warm,seungeun suh,2180400.0,14.513492951132232,2009693.8422238478,0.07829121160161083
T5-E006,warm,warm_baseline,val_warm,seungeun suh,28110600.0,16.120887811486263,10027960.622387057,0.6432676420145049
T5-E006,warm,warm_baseline,val_warm,seungeun suh,36597600.0,16.421781214448494,13548429.770087197,0.6298000478149606
T5-E006,warm,warm_baseline,val_warm,tommy seo,6292800.0,15.570131484362607,5781255.805070129,0.08129039456678597
T5-E006,warm,warm_baseline,val_warm,tommy seo,4554000.0,15.182723358318087,3924397.3590630153,0.13825266599406777
T5-E006,warm,warm_baseline,val_warm,tommy seo,1628400.0,14.507923461373608,1998531.9847297696,0.22729795181145274
T5-E006,warm,warm_baseline,val_warm,kai jun,31878000.0,17.074130720233633,26013617.795437597,0.1839633039890333
T5-E006,warm,warm_baseline,val_warm,kai jun,27199800.0,17.046921412488338,25315348.06091473,0.06928183071512552
T5-E006,warm,warm_baseline,val_warm,kai jun,22880400.0,16.895687947908353,21762262.46033955,0.04886879336289794
T5-E006,warm,warm_baseline,val_warm,semi yh,420900.0,13.127939090144784,502795.6429786055,0.19457268467238187
T5-E006,warm,warm_baseline,val_warm,semi yh,420900.0,13.127939090144784,502795.6429786055,0.19457268467238187
T5-E006,warm,warm_baseline,val_warm,semi yh,393300.0,12.176655797822573,194202.32322523592,0.5062234344641853
T5-E006,warm,warm_baseline,val_warm,yoojin kim,993600.0,13.774803558396513,960110.4015020807,0.03370531249790587
T5-E006,warm,warm_baseline,val_warm,yoojin kim,966000.0,13.577026273806428,787821.0694314234,0.18445023868382665
T5-E006,warm,warm_baseline,val_warm,yoojin kim,1269600.0,13.788489452448212,973340.6984498069,0.23334853619265367
T5-E006,warm,warm_baseline,val_warm,cheolmin im,5934000.0,15.233513508381742,4128866.649960684,0.30420177789675024
T5-E006,warm,warm_baseline,val_warm,cheolmin im,5934000.0,15.233513508381742,4128866.649960684,0.30420177789675024
T5-E006,warm,warm_baseline,val_warm,cheolmin im,5934000.0,15.233513508381742,4128866.649960684,0.30420177789675024
T5-E006,warm,warm_baseline,val_warm,kyunghee jee,496800.0,14.356167356032504,1717134.3023867542,2.4563894975578786
T5-E006,warm,warm_baseline,val_warm,kyunghee jee,7120800.0,15.49869402231592,5382664.24462364,0.24409276420856652
T5-E006,warm,warm_baseline,val_warm,jung hoon lee,7990200.0,15.45495083386365,5152284.846999521,0.3551744828665714
T5-E006,warm,warm_baseline,val_warm,jung hoon lee,4071000.0,15.098449275644274,3607224.7799448567,0.11392169492879964
T5-E006,warm,warm_baseline,val_warm,jung hoon lee,10363800.0,15.239061033258032,4151835.291061139,0.5993906394313728
T5-E006,warm,warm_baseline,val_warm,huieun oh,510600.0,12.316454977516797,223340.9881738159,0.5625910924915474
T5-E006,warm,warm_baseline,val_warm,huieun oh,400200.0,13.060557559901703,470032.7066592201,0.17449451938835608
T5-E006,warm,warm_baseline,val_warm,youngran kim,1295820.0,14.261300474543637,1561723.339886634,0.2052008302747557
T5-E006,warm,warm_baseline,val_warm,youngran kim,3726000.0,14.850410112677425,2814823.4856714034,0.244545494988888
T5-E006,warm,warm_baseline,val_warm,sunghee kim,10101600.0,16.158771038825428,10415139.625969617,0.03103861031614959
T5-E006,warm,warm_baseline,val_warm,sunghee kim,7176000.0,15.853632286302146,7676177.702933922,0.0697014636195544
T5-E006,warm,warm_baseline,val_warm,sunghee kim,7148400.0,15.711788929570993,6661058.271853067,0.06817493818853632
T5-E006,warm,warm_baseline,val_warm,hobong kim,2760000.0,15.199866579843183,3992254.1525013535,0.44646889583382376
T5-E006,warm,warm_baseline,val_warm,hobong kim,10350000.0,16.154457092376983,10370306.045732118,0.0019619367857119023
T5-E006,warm,warm_baseline,val_warm,hobong kim,8970000.0,15.930995241790999,8293604.568115803,0.0754064026626752
T5-E006,warm,warm_baseline,val_warm,jaeyeon yoo,1500000.0,14.287313561600463,1602881.5907775613,0.06858772718504087
T5-E006,warm,warm_baseline,val_warm,jaeyeon yoo,3000000.0,14.911776310944305,2992968.6458238717,0.0023437847253760945
T5-E006,warm,warm_baseline,val_warm,jaeyeon yoo,1200000.0,14.001604194455847,1204535.0435326912,0.003779202943909331
T5-E006,warm,warm_baseline,val_warm,song yu jeong,6900000.0,15.157251528800646,3825698.139813427,0.44555099422993816
T5-E006,warm,warm_baseline,val_warm,song yu jeong,4830000.0,14.528870749306995,2040837.3541190543,0.5774663863107549
T5-E006,warm,warm_baseline,val_warm,byeongseok hwang,938400.0,13.960911920306552,1156503.6541443763,0.23242077381114268
T5-E006,warm,warm_baseline,val_warm,byeongseok hwang,565800.0,13.002317928052241,443440.0638369861,0.21626004977556365
T5-E006,warm,warm_baseline,val_warm,seo jiin,690000.0,13.432246429774052,681632.8370596339,0.012126323101979822
T5-E006,warm,warm_baseline,val_warm,seo jiin,690000.0,13.432246429774052,681632.8370596339,0.012126323101979822
T5-E006,warm,warm_baseline,val_warm,seo jiin,828000.0,13.838858717417086,1023622.8614905339,0.23625949455378492
T5-E006,warm,warm_baseline,val_warm,hyunmin wang,3174000.0,15.952236868836637,8471658.607079316,1.6690795863513912
T5-E006,warm,warm_baseline,val_warm,hyunmin wang,3174000.0,16.09615504944799,9782983.427694451,2.0822254025502365
T5-E006,warm,warm_baseline,val_warm,yongju jang,5520000.0,15.639907630369603,6199056.310022452,0.1230174474678355
T5-E006,warm,warm_baseline,val_warm,yongju jang,2760000.0,15.10522518524059,3631750.005467454,0.3158514512563239
T5-E006,warm,warm_baseline,val_warm,beomsik won,12420000.0,15.746888346079599,6899009.069095747,0.44452422954140525
T5-E006,warm,warm_baseline,val_warm,beomsik won,44160000.0,16.435128806296085,13730480.950441461,0.6890742538396408
T5-E006,warm,warm_baseline,val_warm,beomsik won,27600000.0,15.746888346079599,6899009.069095747,0.7500359032936325
T5-E006,warm,warm_baseline,val_warm,joy,455400.0,13.443503771004513,689349.5639205943,0.5137232409323546
T5-E006,warm,warm_baseline,val_warm,joy,455400.0,13.443503771004513,689349.5639205943,0.5137232409323546
T5-E006,warm,warm_baseline,val_warm,lee ufan,20010000.0,16.72831477338637,18408347.227654487,0.08004261730862135
T5-E006,warm,warm_baseline,val_warm,lee ufan,48300000.0,17.938626268461526,61751342.15016672,0.27849569669082236
T5-E006,warm,warm_baseline,val_warm,lee ufan,26220000.0,17.427611661750973,37043803.9814027,0.4128071693898819
T5-E006,warm,warm_baseline,val_warm,eun jeong lee,124200.0,11.944566452297137,153978.22145890706,0.23976023718926784
T5-E006,warm,warm_baseline,val_warm,eun jeong lee,1932000.0,13.28874159443503,590509.8495131818,0.6943530799621211
T5-E006,warm,warm_baseline,val_warm,eun jeong lee,124200.0,11.944566452297137,153978.22145890706,0.23976023718926784
T5-E006,warm,warm_baseline,val_warm,sujin park,2070000.0,14.887866505901485,2922256.079547182,0.4117179128247257
T5-E006,warm,warm_baseline,val_warm,sujin park,2070000.0,14.887866505901485,2922256.079547182,0.4117179128247257
T5-E006,warm,warm_baseline,val_warm,ellie you,1173000.0,13.611324140241527,815310.368717487,0.30493574704391563
T5-E006,warm,warm_baseline,val_warm,a jihye,2000000.0,13.343073507234234,623480.9605535094,0.6882595197232453
T5-E006,warm,warm_baseline,val_warm,a jihye,2300000.0,13.800077496188845,984685.4176393467,0.5718759053741971
T5-E006,warm,warm_baseline,val_warm,hyuna kim 김현아,4084800.0,15.194295363798261,3970074.2839004714,0.028086005703958233
T5-E006,warm,warm_baseline,val_warm,hyuna kim 김현아,5299200.0,15.579825418315398,5837571.436003374,0.10159485129894587
T5-E006,warm,warm_baseline,val_warm,jooyeon oh 오주연,3312000.0,14.988389033061924,3231280.4250214626,0.024371852348592207
T5-E006,warm,warm_baseline,val_warm,manwook,10350000.0,15.944987195667892,8410463.939670982,0.1873947884375863
T5-E006,warm,warm_baseline,val_warm,manwook,11730000.0,16.10144429498501,9834865.115667455,0.16156307624318372
T5-E006,warm,warm_baseline,val_warm,manwook,670000.0,14.249984340499775,1544150.2862740566,1.3047019198120249
T5-E006,warm,warm_baseline,val_warm,gabby chu,2346000.0,14.457151133046066,1899594.7521513219,0.19028356685791908
T5-E006,warm,warm_baseline,val_warm,gabby chu,1228200.0,14.146757734000762,1392703.992820328,0.13393909202111065
T5-E006,warm,warm_baseline,val_warm,hyunjung park,2300000.0,14.049240880930904,1263303.7622554717,0.45073749467153407
T5-E006,warm,warm_baseline,val_warm,hyunjung park,1400000.0,13.807892072148661,992410.4612897646,0.29113538479302525
T5-E006,warm,warm_baseline,val_warm,hyunjung park,2300000.0,14.049240880930904,1263303.7622554717,0.45073749467153407
T5-E006,warm,warm_baseline,val_warm,wheedong kim,2346000.0,14.449948944167465,1885962.661326388,0.1960943472607042
T5-E006,warm,warm_baseline,val_warm,wheedong kim,1283400.0,14.237121237111857,1524414.9226228348,0.18779408027336356
T5-E006,warm,warm_baseline,val_warm,kim myoungjin,25764600.0,16.721048999096254,18275081.05887169,0.2906902859399451
T5-E006,warm,warm_baseline,val_warm,kim myoungjin,14766000.0,16.287470653374854,11845642.701074611,0.19777578890189548
T5-E006,warm,warm_baseline,val_warm,kim myoungjin,25764600.0,16.721048999096254,18275081.05887169,0.2906902859399451
T5-E006,warm,warm_baseline,val_warm,jung boram,2622000.0,14.493260356628484,1969441.1034467423,0.2488782976938435
T5-E006,warm,warm_baseline,val_warm,jung boram,1242000.0,14.158844116206991,1409638.8801839214,0.13497494378737634
T5-E006,warm,warm_baseline,val_warm,jung boram,2070000.0,14.526210217070044,2035414.8571106605,0.016707798497265447
T5-E006,warm,warm_baseline,val_warm,kong mi sook 공미숙,1656000.0,14.907367472059871,2979802.1750298045,0.7993974486894955
T5-E006,warm,warm_baseline,val_warm,kong mi sook 공미숙,20700000.0,16.5731913254982,15763241.899112593,0.2384907295114689
T5-E006,warm,warm_baseline,val_warm,kong mi sook 공미숙,20700000.0,16.507123724196887,14755459.74105765,0.28717585791992034
T5-E006,warm,warm_baseline,val_warm,hyewook jeong 정혜욱,2208000.0,14.872927651023923,2878925.3814028567,0.30386113288172856
T5-E006,warm,warm_baseline,val_warm,hyewook jeong 정혜욱,2208000.0,14.872927651023923,2878925.3814028567,0.30386113288172856
T5-E006,warm,warm_baseline,val_warm,hyewook jeong 정혜욱,2208000.0,14.872927651023923,2878925.3814028567,0.30386113288172856
T5-E006,warm,warm_baseline,val_warm,minzo king,731400.0,13.103259999695045,490538.9677053337,0.329315056459757
T5-E006,warm,warm_baseline,val_warm,minzo king,3767400.0,15.309417013702456,4454462.736301693,0.18237053041930593
T5-E006,warm,warm_baseline,val_warm,minzo king,5754600.0,15.598665649037894,5948595.201383697,0.033711326831351765
T5-E006,warm,warm_baseline,val_warm,jang bae park,41400000.0,15.995848234535424,8849293.953494547,0.7862489383213878
T5-E006,warm,warm_baseline,val_warm,jang bae park,2070000.0,14.595175030823171,2180740.445125227,0.05349779957740428
T5-E006,warm,warm_baseline,val_warm,jang bae park,6210000.0,15.83690013343953,7548807.2864377005,0.21558893501412246
T5-E006,warm,warm_baseline,val_warm,junghwabaek,1656000.0,14.219641943756105,1498000.7500439996,0.09541017509420312
T5-E006,warm,warm_baseline,val_warm,junghwabaek,1104000.0,13.647629454112785,845454.3499750537,0.23418990038491513
T5-E006,warm,warm_baseline,val_warm,junghwabaek,1104000.0,13.67121429947539,865631.2594587598,0.21591371425836975
T5-E006,warm,warm_baseline,val_warm,mi young um,3588000.0,14.386379514419922,1769804.2662930477,0.5067435155259065
T5-E006,warm,warm_baseline,val_warm,mi young um,372600.0,13.82524504189361,1009782.0181331327,1.7100966670239741
T5-E006,warm,warm_baseline,val_warm,jea hyun nam,2070000.0,15.232973479643308,4126637.545257014,0.99354470785363
T5-E006,warm,warm_baseline,val_warm,jea hyun nam,2070000.0,15.135559072968876,3743602.9937717346,0.8085038617254757
T5-E006,warm,warm_baseline,val_warm,minseok jang,3726000.0,14.967751248770876,3165277.377594957,0.15048916328637757
T5-E006,warm,warm_baseline,val_warm,minseok jang,2070000.0,14.619876652199732,2235279.093314078,0.0798449726154967
T5-E006,warm,warm_baseline,val_warm,min kim,20700000.0,16.635887839590836,16783181.463820647,0.1892182867719494
T5-E006,warm,warm_baseline,val_warm,min kim,7728000.0,16.505036525882236,14724694.288323633,0.9053693437271783
T5-E006,warm,warm_baseline,val_warm,min kim,11592000.0,16.927872600708806,22474066.46153302,0.9387565960604746
T5-E006,warm,warm_baseline,val_warm,seungyeon kim,3312000.0,15.101267358254963,3617404.5743839336,0.09221152608210555
T5-E006,warm,warm_baseline,val_warm,seungyeon kim,3726000.0,15.11790869747372,3678106.7125659045,0.012853807684942436
T5-E006,warm,warm_baseline,val_warm,ttodoa,13938000.0,16.283278773905167,11796091.124308797,0.15367404761739153
T5-E006,warm,warm_baseline,val_warm,ttodoa,4140000.0,15.539444219394628,5606539.371849283,0.354236563248619
T5-E006,warm,warm_baseline,val_warm,ttodoa,13938000.0,16.283278773905167,11796091.124308797,0.15367404761739153
T5-E006,warm,warm_baseline,val_warm,suzy yoo,3270600.0,14.65830261073557,2322843.43271402,0.2897806418657066
T5-E006,warm,warm_baseline,val_warm,suzy yoo,1090200.0,14.16885287986512,1423818.4642616932,0.30601583586653197
T5-E006,warm,warm_baseline,val_warm,suzy yoo,3270600.0,14.82091781474875,2733020.087182562,0.16436736770544796
T5-E006,warm,warm_baseline,val_warm,lee kyoungmi,26000000.0,16.648179072643977,16990740.42327303,0.34650998372026803
T5-E006,warm,warm_baseline,val_warm,lee kyoungmi,6500000.0,15.470423435612256,5232624.023806706,0.19498091941435292
T5-E006,warm,warm_baseline,val_warm,sejin hong,1680000.0,14.992282419382043,3243885.5704522245,0.9308842681263241
T5-E006,warm,warm_baseline,val_warm,sejin hong,1680000.0,14.979318792880429,3202104.4520375268,0.9060145547842421
T5-E006,warm,warm_baseline,val_warm,sejin hong,1120000.0,14.6270992439238,2251482.0448094765,1.0102518257227469
T5-E006,warm,warm_baseline,val_warm,mikyung lee 이미경,8280000.0,15.9625267845268,8559281.30183263,0.033729625825196785
T5-E006,warm,warm_baseline,val_warm,mikyung lee 이미경,1656000.0,14.828704164840286,2754383.4015779262,0.663275000952854
T5-E006,warm,warm_baseline,val_warm,mikyung lee 이미경,4140000.0,15.58834707072842,5887529.752094898,0.4221086357717146
T5-E006,warm,warm_baseline,val_warm,yeju kwon,2346000.0,14.531443216179559,2046094.099107074,0.12783712740533926
T5-E006,warm,warm_baseline,val_warm,yeju kwon,414000.0,13.23409130256039,559104.2914140444,0.3504934575218465
T5-E006,warm,warm_baseline,val_warm,yeju kwon,5658000.0,15.233975612524715,4130775.0572529086,0.26992310759050747
T5-E006,warm,warm_baseline,val_warm,soyeong kim,9000000.0,15.582063194687052,5850649.242576562,0.34992786193593756
T5-E006,warm,warm_baseline,val_warm,soyeong kim,1100000.0,14.145247118180812,1390601.7403839324,0.26418340034902943
T5-E006,warm,warm_baseline,val_warm,soyeong kim,400000.0,13.108750497130435,493239.67798638256,0.2330991949659564
T5-E006,warm,warm_baseline,val_warm,hee seon kim,565800.0,13.362955723186188,636001.1962305835,0.12407422451499377
T5-E006,warm,warm_baseline,val_warm,hee seon kim,662400.0,13.790210895919316,975017.6924513708,0.47194699947368773
T5-E006,warm,warm_baseline,val_warm,noma,2111400.0,14.357523427762862,1719464.4392307198,0.1856282849148812
T5-E006,warm,warm_baseline,val_warm,noma,2111400.0,14.357523427762862,1719464.4392307198,0.1856282849148812
T5-E006,warm,warm_baseline,val_warm,shin sun mi,5520000.0,15.698749167907607,6574763.513860751,0.19108034671390417
T5-E006,warm,warm_baseline,val_warm,shin sun mi,5520000.0,15.439712257156442,5074366.548927729,0.0807306976580201
T5-E006,warm,warm_baseline,val_warm,lee minwoo,12000000.0,16.538221752457314,15221534.893535208,0.268461241127934
T5-E006,warm,warm_baseline,val_warm,lee minwoo,7500000.0,16.105236120155197,9872227.996748129,0.31629706623308385
T5-E006,warm,warm_baseline,val_warm,lee minwoo,3000000.0,15.539626152545813,5607559.480017374,0.8691864933391248
T5-E006,warm,warm_baseline,val_warm,michelle sakhai,12178600.0,16.774443531825522,19277391.29711091,0.5828905865297253
T5-E006,warm,warm_baseline,val_warm,michelle sakhai,21312500.0,16.8021550574354,19819067.89860147,0.07007306047617742
T5-E006,warm,warm_baseline,val_warm,michelle sakhai,22834800.0,16.877144980999315,21362443.91482367,0.06447860656438112
T5-E006,warm,warm_baseline,val_warm,ahhyeon lee,433900.0,13.85877286395728,1044211.7619336753,1.4065723944081017
T5-E006,warm,warm_baseline,val_warm,ahhyeon lee,3273000.0,15.303403919805723,4427758.003107105,0.3528133220614437
T5-E006,warm,warm_baseline,val_warm,ahhyeon lee,4338700.0,15.305774487100381,4438266.752345322,0.022948521987074862
T5-E006,warm,warm_baseline,val_warm,faozee,2989000.0,14.963813757752462,3152838.6311467835,0.054813861206685674
T5-E006,warm,warm_baseline,val_warm,faozee,3653200.0,15.238257265182085,4148499.519170658,0.1355796340662045
T5-E006,warm,warm_baseline,val_warm,faozee,1281000.0,13.891523313299073,1078976.3367739262,0.1577077776940467
T5-E006,warm,warm_baseline,val_warm,nonsenso,502400.0,13.260113756059626,573844.513418152,0.14220643594377388
T5-E006,warm,warm_baseline,val_warm,nonsenso,319700.0,12.521338275287118,274124.66819023504,0.14255655867927733
T5-E006,warm,warm_baseline,val_warm,hey sook yoo,22000000.0,16.55427525227464,15467865.747086901,0.2969151933142318
T5-E006,warm,warm_baseline,val_warm,hey sook yoo,4500000.0,15.15837576288047,3830001.538601853,0.148888546977366
T5-E006,warm,warm_baseline,val_warm,edgar plans,10320360.0,15.198181390430124,3985532.1136145038,0.6138184991982351
T5-E006,warm,warm_baseline,val_warm,kohei nawa,5547200.0,15.23464734363758,4133550.759537533,0.25484014285810264
T5-E006,warm,warm_baseline,val_warm,엠버 토플리세크,3300000.0,14.46748516705477,1919327.0102317894,0.4183857544752153
T5-E006,warm,warm_baseline,val_warm,엠버 토플리세크,3300000.0,14.544364899349723,2072704.634986721,0.3719076863676603
T5-E006,warm,warm_no_support,val_warm,injung kwon,513360.0,13.555026774207196,770678.6537869849,0.5012440661270549
T5-E006,warm,warm_no_support,val_warm,injung kwon,356040.0,13.163042928253802,520759.1492051228,0.4626422570641579
T5-E006,warm,warm_no_support,val_warm,injung kwon,513360.0,13.549450041461162,766392.7466885909,0.49289533015542863
T5-E006,warm,warm_no_support,val_warm,ari kwon,690000.0,13.589347353088645,797587.920805469,0.15592452290647688
T5-E006,warm,warm_no_support,val_warm,ari kwon,966000.0,14.266680231578867,1570147.6721238578,0.6254116688652772
T5-E006,warm,warm_no_support,val_warm,ari kwon,862500.0,13.591598418246276,799385.3655076979,0.07317638781716183
T5-E006,warm,warm_no_support,val_warm,panmook kim,1515240.0,14.545904611687646,2075898.462042571,0.3700129761902874
T5-E006,warm,warm_no_support,val_warm,panmook kim,5464800.0,15.277939287511588,4316430.249609299,0.21013939218099492
T5-E006,warm,warm_no_support,val_warm,panmook kim,5464800.0,15.277939287511588,4316430.249609299,0.21013939218099492
T5-E006,warm,warm_no_support,val_warm,miae kim,3063600.0,14.851875951938185,2818952.590011091,0.07985618552973921
T5-E006,warm,warm_no_support,val_warm,miae kim,717600.0,13.810805837797858,995306.3296938806,0.3869932130628214
T5-E006,warm,warm_no_support,val_warm,miae kim,4416000.0,15.096085592978449,3598708.514100771,0.18507506474167326
T5-E006,warm,warm_no_support,val_warm,eunha jang,17844780.0,16.455541443024178,14013636.413050052,0.21469267690327076
T5-E006,warm,warm_no_support,val_warm,eunha jang,10631520.0,16.019427287015166,9060431.347771728,0.14777648466336626
T5-E006,warm,warm_no_support,val_warm,eunha jang,10603920.0,15.918550923677987,8191035.837179809,0.22754643215152426
T5-E006,warm,warm_no_support,val_warm,jinhui lee,1807800.0,14.93420487799103,3060855.0958842174,0.6931381214095682
T5-E006,warm,warm_no_support,val_warm,jinhui lee,862500.0,13.965912676606191,1162301.5318826449,0.34759597899437084
T5-E006,warm,warm_no_support,val_warm,laila lee,23584200.0,17.061804241529263,25694929.675985083,0.08949761603043915
T5-E006,warm,warm_no_support,val_warm,laila lee,23582820.0,17.061804241529263,25694929.675985083,0.08956137035287057
T5-E006,warm,warm_no_support,val_warm,laila lee,23708400.0,17.175043012369617,28775733.766025487,0.21373579684944946
T5-E006,warm,warm_no_support,val_warm,jennifer lee,2746200.0,14.57390402837551,2134843.7743810085,0.22261897371604092
T5-E006,warm,warm_no_support,val_warm,jennifer lee,8100600.0,15.952826539967745,8476655.572730912,0.046423175163680705
T5-E006,warm,warm_no_support,val_warm,jennifer lee,7120800.0,15.757948196542497,6975734.58200284,0.02037206746393102
T5-E006,warm,warm_no_support,val_warm,hyera lee,124157220.0,18.957818585719714,171110240.10369864,0.37817390002529566
T5-E006,warm,warm_no_support,val_warm,hyera lee,124115820.0,18.57991432583566,117261181.55703206,0.05522775777469734
T5-E006,warm,warm_no_support,val_warm,hyera lee,138207000.0,18.91875744940394,164555334.14753535,0.19064399160343076
T5-E006,warm,warm_no_support,val_warm,jisup kim,11730000.0,16.148403253153354,10307715.52785389,0.1212518731582362
T5-E006,warm,warm_no_support,val_warm,jisup kim,12282000.0,16.176744402570193,10604027.105758246,0.13662049293614673
T5-E006,warm,warm_no_support,val_warm,jisup kim,8901000.0,16.08905554123595,9713775.02003302,0.09131277609628362
T5-E006,warm,warm_no_support,val_warm,rahee kang,5464800.0,15.483012901140544,5298916.3806680245,0.030354929609862295
T5-E006,warm,warm_no_support,val_warm,rahee kang,13413600.0,16.05082562707703,9349427.103895767,0.3029889735868248
T5-E006,warm,warm_no_support,val_warm,rahee kang,2649600.0,15.0932913233602,3588666.7884131535,0.354418322921631
T5-E006,warm,warm_no_support,val_warm,kyoung soo lee,19666380.0,16.686437891648353,17653381.18670258,0.10235736385127414
T5-E006,warm,warm_no_support,val_warm,kyoung soo lee,19417980.0,16.606417429997197,16295791.30023119,0.16078854235964862
T5-E006,warm,warm_no_support,val_warm,kyoung soo lee,18327780.0,16.766659462324903,19127917.256364647,0.04365707447190261
T5-E006,warm,warm_no_support,val_warm,myeonghyeon an,4824480.0,15.099116589184998,3609632.733225507,0.2518089549079886
T5-E006,warm,warm_no_support,val_warm,myeonghyeon an,1092960.0,14.094205705153751,1321404.4486007884,0.2090144640250223
T5-E006,warm,warm_no_support,val_warm,myeonghyeon an,2177640.0,14.52440196151572,2031737.6325727613,0.06700022383279088
T5-E006,warm,warm_no_support,val_warm,eunmee kim,1228200.0,13.856039343383932,1041361.285292698,0.1521240145801189
T5-E006,warm,warm_no_support,val_warm,eunmee kim,1035000.0,13.823504187906718,1008025.6643023216,0.026062160094375248
T5-E006,warm,warm_no_support,val_warm,eunmee kim,745200.0,13.823504187906718,1008025.6643023216,0.3526914443133677
T5-E006,warm,warm_no_support,val_warm,ho rin,776940.0,13.621350183360791,823525.821050454,0.059960641813337
T5-E006,warm,warm_no_support,val_warm,ho rin,1410360.0,14.360754401310233,1725028.9679312734,0.2231125159046438
T5-E006,warm,warm_no_support,val_warm,h m moon,1104000.0,13.543158160844174,761585.833141689,0.31015775983542665
T5-E006,warm,warm_no_support,val_warm,h m moon,528540.0,13.18897338157682,534439.2693536748,0.011161443511701747
T5-E006,warm,warm_no_support,val_warm,h m moon,276000.0,12.77185776305162,352165.9396832456,0.27596354957697683
T5-E006,warm,warm_no_support,val_warm,jihee yoo,1920960.0,14.41081465914001,1813582.373642971,0.05589789811189663
T5-E006,warm,warm_no_support,val_warm,jihee yoo,1846440.0,14.41081465914001,1813582.373642971,0.017795122699372282
T5-E006,warm,warm_no_support,val_warm,jihee yoo,2290800.0,14.714602144640004,2457369.7894615326,0.0727124975822999
T5-E006,warm,warm_no_support,val_warm,hyoung jun lee,2339100.0,14.832032729948365,2763566.821389214,0.18146587208294393
T5-E006,warm,warm_no_support,val_warm,hyoung jun lee,3884700.0,15.546243540191364,5644789.923119817,0.45308258633094367
T5-E006,warm,warm_no_support,val_warm,hyoung jun lee,10695000.0,16.239273644420635,11288258.181025747,0.05547061066159394
T5-E006,warm,warm_no_support,val_warm,nakjin sung,4926600.0,15.550782688565528,5670470.702462142,0.1509906837295787
T5-E006,warm,warm_no_support,val_warm,nakjin sung,1411740.0,14.692419187644058,2403458.230724569,0.7024793734856056
T5-E006,warm,warm_no_support,val_warm,nakjin sung,2290800.0,14.97923355267486,3201831.515628523,0.3976914246675935
T5-E006,warm,warm_no_support,val_warm,kyungmin lee,676200.0,12.701191055960678,328138.5005321926,0.5147315875004547
T5-E006,warm,warm_no_support,val_warm,leo,4207620.0,15.385928912733924,4808659.498663234,0.1428454800251053
T5-E006,warm,warm_no_support,val_warm,leo,73767900.0,16.84698363167695,20727743.605612747,0.7190140480396928
T5-E006,warm,warm_no_support,val_warm,leo,73767900.0,16.84698363167695,20727743.605612747,0.7190140480396928
T5-E006,warm,warm_no_support,val_warm,jinyoup chris park,241500.0,11.495661217776487,98288.39259969571,0.5930087262952558
T5-E006,warm,warm_no_support,val_warm,jinyoup chris park,241500.0,11.495661217776487,98288.39259969571,0.5930087262952558
T5-E006,warm,warm_no_support,val_warm,nah su,6113400.0,16.160140340838314,10429410.866213078,0.7059918975059832
T5-E006,warm,warm_no_support,val_warm,nah su,4485000.0,15.845997377665181,7617793.948414454,0.6985047822551738
T5-E006,warm,warm_no_support,val_warm,nah su,4002000.0,15.903974154864649,8072503.013061846,1.0171171946681274
T5-E006,warm,warm_no_support,val_warm,zhanna kan,245640.0,12.091451101854116,178340.71018076385,0.2739752883049835
T5-E006,warm,warm_no_support,val_warm,zhanna kan,244260.0,12.091451101854116,178340.71018076385,0.2698734537756331
T5-E006,warm,warm_no_support,val_warm,zhanna kan,255300.0,12.091451101854116,178340.71018076385,0.3014464936123625
T5-E006,warm,warm_no_support,val_warm,seungeun suh,2180400.0,14.52740532206956,2037848.8457287648,0.06537844169475107
T5-E006,warm,warm_no_support,val_warm,seungeun suh,28110600.0,16.13020953249818,10121875.517798195,0.6399267351889254
T5-E006,warm,warm_no_support,val_warm,seungeun suh,36597600.0,16.430381381858325,13665451.014126789,0.6266025363923649
T5-E006,warm,warm_no_support,val_warm,tommy seo,6292800.0,15.61514957074371,6047464.013112098,0.038986776456887556
T5-E006,warm,warm_no_support,val_warm,tommy seo,4554000.0,15.225798839895806,4097136.3642230867,0.10032139564710436
T5-E006,warm,warm_no_support,val_warm,tommy seo,1628400.0,14.552254997540317,2089123.1648070493,0.2829299710188217
T5-E006,warm,warm_no_support,val_warm,kai jun,31878000.0,17.018688182772514,24610609.36111782,0.22797511258178615
T5-E006,warm,warm_no_support,val_warm,kai jun,27199800.0,17.059096589555928,25625450.853626393,0.0578809089174776
T5-E006,warm,warm_no_support,val_warm,kai jun,22880400.0,16.907590350394113,22022833.30046333,0.037480406790819654
T5-E006,warm,warm_no_support,val_warm,semi yh,420900.0,13.143573689878277,510718.42498012533,0.2133961154196373
T5-E006,warm,warm_no_support,val_warm,semi yh,420900.0,13.143573689878277,510718.42498012533,0.2133961154196373
T5-E006,warm,warm_no_support,val_warm,semi yh,393300.0,12.194257064184335,197650.7897041484,0.4974554037524831
T5-E006,warm,warm_no_support,val_warm,yoojin kim,993600.0,13.789333902200728,974162.9829018128,0.019562215275953337
T5-E006,warm,warm_no_support,val_warm,yoojin kim,966000.0,13.597709134054195,804285.137607945,0.1674066898468478
T5-E006,warm,warm_no_support,val_warm,yoojin kim,1269600.0,13.80306019002969,987626.8172362699,0.2220960796815769
T5-E006,warm,warm_no_support,val_warm,cheolmin im,5934000.0,15.24639977232684,4182416.6038046144,0.29517751873868986
T5-E006,warm,warm_no_support,val_warm,cheolmin im,5934000.0,15.24639977232684,4182416.6038046144,0.29517751873868986
T5-E006,warm,warm_no_support,val_warm,cheolmin im,5934000.0,15.24639977232684,4182416.6038046144,0.29517751873868986
T5-E006,warm,warm_no_support,val_warm,kyunghee jee,496800.0,14.281520410986031,1593622.7012702776,2.2077751635875154
T5-E006,warm,warm_no_support,val_warm,kyunghee jee,7120800.0,15.528913462985008,5547808.056768479,0.22090101438483334
T5-E006,warm,warm_no_support,val_warm,jung hoon lee,7990200.0,15.457882541425617,5167412.002810707,0.3532812692034358
T5-E006,warm,warm_no_support,val_warm,jung hoon lee,4071000.0,15.101534483618284,3618371.0039683236,0.11118373766437642
T5-E006,warm,warm_no_support,val_warm,jung hoon lee,10363800.0,15.244688478162322,4175265.3793465,0.5971298771351724
T5-E006,warm,warm_no_support,val_warm,huieun oh,510600.0,12.336720931730516,227913.38188247202,0.553636149858065
T5-E006,warm,warm_no_support,val_warm,huieun oh,400200.0,13.061152053809987,470312.2213166718,0.1751929568132729
T5-E006,warm,warm_no_support,val_warm,youngran kim,1295820.0,14.265630669313577,1568500.568896162,0.21043090004488438
T5-E006,warm,warm_no_support,val_warm,youngran kim,3726000.0,14.853859019133377,2824548.3089266634,0.24193550485060028
T5-E006,warm,warm_no_support,val_warm,sunghee kim,10101600.0,16.189965214652425,10745151.791321201,0.06370790679904186
T5-E006,warm,warm_no_support,val_warm,sunghee kim,7176000.0,15.841451445612334,7583242.568347197,0.05675063661471531
T5-E006,warm,warm_no_support,val_warm,sunghee kim,7148400.0,15.743893595054809,6878379.160753944,0.03777360517683063
T5-E006,warm,warm_no_support,val_warm,hobong kim,2760000.0,15.260396723530372,4241369.301465566,0.5367280077773791
T5-E006,warm,warm_no_support,val_warm,hobong kim,10350000.0,16.148625321850005,10310004.802985372,0.0038642702429592247
T5-E006,warm,warm_no_support,val_warm,hobong kim,8970000.0,15.924087934719756,8236515.487522129,0.08177084865974037
T5-E006,warm,warm_no_support,val_warm,jaeyeon yoo,1500000.0,14.328369811583894,1670059.4984687718,0.11337299897918121
T5-E006,warm,warm_no_support,val_warm,jaeyeon yoo,3000000.0,14.91045281767052,2989010.0920899264,0.003663302636691214
T5-E006,warm,warm_no_support,val_warm,jaeyeon yoo,1200000.0,14.043169429460349,1255656.912000648,0.046380760000539985
T5-E006,warm,warm_no_support,val_warm,song yu jeong,6900000.0,15.098509519968706,3607442.101310923,0.4771823041578372
T5-E006,warm,warm_no_support,val_warm,song yu jeong,4830000.0,14.515201267091685,2013129.9684471167,0.5832029050834127
T5-E006,warm,warm_no_support,val_warm,byeongseok hwang,938400.0,13.91201863603073,1101318.4776317126,0.1736130409545104
T5-E006,warm,warm_no_support,val_warm,byeongseok hwang,565800.0,12.918083062990814,407616.90868296573,0.27957421583074277
T5-E006,warm,warm_no_support,val_warm,seo jiin,690000.0,13.376371600331932,644591.202538902,0.06580985139289557
T5-E006,warm,warm_no_support,val_warm,seo jiin,690000.0,13.376371600331932,644591.202538902,0.06580985139289557
T5-E006,warm,warm_no_support,val_warm,seo jiin,828000.0,13.72560781980562,914020.0802241452,0.10388898577795315
T5-E006,warm,warm_no_support,val_warm,hyunmin wang,3174000.0,15.864901780001576,7763173.618438055,1.4458644040447557
T5-E006,warm,warm_no_support,val_warm,hyunmin wang,3174000.0,16.00957741109817,8971625.305486424,1.8265990250429818
T5-E006,warm,warm_no_support,val_warm,yongju jang,5520000.0,15.55475330834736,5693030.744640721,0.031346149391434965
T5-E006,warm,warm_no_support,val_warm,yongju jang,2760000.0,15.026645849657656,3357293.997768789,0.21641086875680762
T5-E006,warm,warm_no_support,val_warm,beomsik won,12420000.0,15.697402411114222,6565914.8662591325,0.47134340851375744
T5-E006,warm,warm_no_support,val_warm,beomsik won,44160000.0,16.384406260004443,13051403.841445684,0.704451905764364
T5-E006,warm,warm_no_support,val_warm,beomsik won,27600000.0,15.697402411114222,6565914.8662591325,0.7621045338311909
T5-E006,warm,warm_no_support,val_warm,joy,455400.0,13.46650957763762,705392.438754606,0.5489513367470487
T5-E006,warm,warm_no_support,val_warm,joy,455400.0,13.46650957763762,705392.438754606,0.5489513367470487
T5-E006,warm,warm_no_support,val_warm,lee ufan,20010000.0,16.84688846517046,20725771.1125255,0.03577067029112945
T5-E006,warm,warm_no_support,val_warm,lee ufan,48300000.0,17.890717900048113,58862684.03472778,0.21868911044985057
T5-E006,warm,warm_no_support,val_warm,lee ufan,26220000.0,17.30594640018418,32800240.32089808,0.25096263618985803
T5-E006,warm,warm_no_support,val_warm,eun jeong lee,124200.0,11.94158578672803,153519.9471962599,0.23607042831127126
T5-E006,warm,warm_no_support,val_warm,eun jeong lee,1932000.0,13.28336631009693,587344.2069044202,0.6959916113331158
T5-E006,warm,warm_no_support,val_warm,eun jeong lee,124200.0,11.94158578672803,153519.9471962599,0.23607042831127126
T5-E006,warm,warm_no_support,val_warm,sujin park,2070000.0,14.925507193277037,3034348.184785888,0.4658686883023614
T5-E006,warm,warm_no_support,val_warm,sujin park,2070000.0,14.925507193277037,3034348.184785888,0.4658686883023614
T5-E006,warm,warm_no_support,val_warm,ellie you,1173000.0,13.536530566379811,756555.0405312378,0.3550255408940854
T5-E006,warm,warm_no_support,val_warm,a jihye,2000000.0,13.383481189578479,649190.3107336805,0.6754048446331596
T5-E006,warm,warm_no_support,val_warm,a jihye,2300000.0,13.839811381486406,1024598.4948628522,0.5545223935378903
T5-E006,warm,warm_no_support,val_warm,hyuna kim 김현아,4084800.0,15.242052181368777,4164272.637047052,0.019455698454527007
T5-E006,warm,warm_no_support,val_warm,hyuna kim 김현아,5299200.0,15.626895422482201,6118915.436233944,0.15468663878206979
T5-E006,warm,warm_no_support,val_warm,jooyeon oh 오주연,3312000.0,14.907283490062845,2979551.935800345,0.10037683097815665
T5-E006,warm,warm_no_support,val_warm,manwook,10350000.0,15.943595419155072,8398766.595430503,0.1885249666250722
T5-E006,warm,warm_no_support,val_warm,manwook,11730000.0,16.09773937373791,9798495.130505953,0.16466367173862292
T5-E006,warm,warm_no_support,val_warm,manwook,670000.0,14.212766590881401,1487736.790883258,1.2205026729600865
T5-E006,warm,warm_no_support,val_warm,gabby chu,2346000.0,14.359469103820727,1722813.2167841925,0.26563801501100065
T5-E006,warm,warm_no_support,val_warm,gabby chu,1228200.0,14.237763397740792,1525394.1562472938,0.24197537554738138
T5-E006,warm,warm_no_support,val_warm,hyunjung park,2300000.0,14.075197334278991,1296523.9210581372,0.4362939473660273
T5-E006,warm,warm_no_support,val_warm,hyunjung park,1400000.0,13.833771949671469,1018429.1505347366,0.2725506067609024
T5-E006,warm,warm_no_support,val_warm,hyunjung park,2300000.0,14.075197334278991,1296523.9210581372,0.4362939473660273
T5-E006,warm,warm_no_support,val_warm,wheedong kim,2346000.0,14.406470517407026,1805721.0025854977,0.2302979528621067
T5-E006,warm,warm_no_support,val_warm,wheedong kim,1283400.0,14.257361426848373,1555583.737196481,0.21208020663587432
T5-E006,warm,warm_no_support,val_warm,kim myoungjin,25764600.0,16.72410180692875,18330956.61474004,0.2885215910691398
T5-E006,warm,warm_no_support,val_warm,kim myoungjin,14766000.0,16.291412466415927,11892428.159139046,0.19460733041182132
T5-E006,warm,warm_no_support,val_warm,kim myoungjin,25764600.0,16.72410180692875,18330956.61474004,0.2885215910691398
T5-E006,warm,warm_no_support,val_warm,jung boram,2622000.0,14.50837032953158,1999425.264610737,0.23744269084258693
T5-E006,warm,warm_no_support,val_warm,jung boram,1242000.0,14.175964528176342,1433980.2511376636,0.154573471125333
T5-E006,warm,warm_no_support,val_warm,jung boram,2070000.0,14.542980724310825,2069837.6336415622,7.843785431778175e-05
T5-E006,warm,warm_no_support,val_warm,kong mi sook 공미숙,1656000.0,14.909453559130394,2986024.7900215816,0.8031550664381532
T5-E006,warm,warm_no_support,val_warm,kong mi sook 공미숙,20700000.0,16.571950696382302,15743697.688316895,0.23943489428420797
T5-E006,warm,warm_no_support,val_warm,kong mi sook 공미숙,20700000.0,16.50650809831267,14746378.693658227,0.2876145558619214
T5-E006,warm,warm_no_support,val_warm,hyewook jeong 정혜욱,2208000.0,14.841305387335304,2789311.606510043,0.26327518410780937
T5-E006,warm,warm_no_support,val_warm,hyewook jeong 정혜욱,2208000.0,14.841305387335304,2789311.606510043,0.26327518410780937
T5-E006,warm,warm_no_support,val_warm,hyewook jeong 정혜욱,2208000.0,14.841305387335304,2789311.606510043,0.26327518410780937
T5-E006,warm,warm_no_support,val_warm,minzo king,731400.0,13.132181297879852,504933.13718605204,0.30963475911122224
T5-E006,warm,warm_no_support,val_warm,minzo king,3767400.0,15.273994650342756,4299437.036474851,0.14122127633775308
T5-E006,warm,warm_no_support,val_warm,minzo king,5754600.0,15.565761241910094,5756045.443342926,0.0002511805065384181
T5-E006,warm,warm_no_support,val_warm,jang bae park,41400000.0,16.033674078188177,9190437.306043737,0.7780087607235813
T5-E006,warm,warm_no_support,val_warm,jang bae park,2070000.0,14.638065730382971,2276308.774350995,0.09966607456569816
T5-E006,warm,warm_no_support,val_warm,jang bae park,6210000.0,15.875606743253604,7846724.513489816,0.2635627235893424
T5-E006,warm,warm_no_support,val_warm,junghwabaek,1656000.0,14.217185529392447,1494325.5552334827,0.09762949563195487
T5-E006,warm,warm_no_support,val_warm,junghwabaek,1104000.0,13.687370353409847,879730.0283410337,0.2031430902708028
T5-E006,warm,warm_no_support,val_warm,junghwabaek,1104000.0,13.71103598529768,900797.7019991812,0.18406005253697358
T5-E006,warm,warm_no_support,val_warm,mi young um,3588000.0,14.39051679152636,1777141.6048020413,0.5046985493862761
T5-E006,warm,warm_no_support,val_warm,mi young um,372600.0,13.830381967853622,1014982.5395067148,1.7240540512794278
T5-E006,warm,warm_no_support,val_warm,jea hyun nam,2070000.0,15.290320882457921,4370206.773129205,1.1112110015116934
T5-E006,warm,warm_no_support,val_warm,jea hyun nam,2070000.0,15.187467977130966,3943061.370398941,0.9048605654101164
T5-E006,warm,warm_no_support,val_warm,minseok jang,3726000.0,14.915264095946412,3003425.7023605024,0.1939276161136601
T5-E006,warm,warm_no_support,val_warm,minseok jang,2070000.0,14.634464786186095,2268126.6540004197,0.09571335942049258
T5-E006,warm,warm_no_support,val_warm,min kim,20700000.0,16.64815919397483,16990402.67332263,0.1792076003225783
T5-E006,warm,warm_no_support,val_warm,min kim,7728000.0,16.49047938887798,14511897.50995581,0.87783352872099
T5-E006,warm,warm_no_support,val_warm,min kim,11592000.0,16.912562190437367,22132599.949932273,0.9092995125890505
T5-E006,warm,warm_no_support,val_warm,seungyeon kim,3312000.0,15.128771372898708,3718278.5839480143,0.12266865457367582
T5-E006,warm,warm_no_support,val_warm,seungyeon kim,3726000.0,15.160600091396553,3838530.2019990142,0.03020134245813587
T5-E006,warm,warm_no_support,val_warm,ttodoa,13938000.0,16.286598889903534,11835320.602341525,0.15085947751890333
T5-E006,warm,warm_no_support,val_warm,ttodoa,4140000.0,15.544105741803982,5632735.389996746,0.3605641038639482
T5-E006,warm,warm_no_support,val_warm,ttodoa,13938000.0,16.286598889903534,11835320.602341525,0.15085947751890333
T5-E006,warm,warm_no_support,val_warm,suzy yoo,3270600.0,14.657570841776051,2321144.2697653132,0.2903001682366192
T5-E006,warm,warm_no_support,val_warm,suzy yoo,1090200.0,14.169478866699654,1424710.034901714,0.3068336405262465
T5-E006,warm,warm_no_support,val_warm,suzy yoo,3270600.0,14.820634178325948,2732245.013066408,0.16460434994606243
T5-E006,warm,warm_no_support,val_warm,lee kyoungmi,26000000.0,16.61023896575394,16358185.394065434,0.3708390233051756
T5-E006,warm,warm_no_support,val_warm,lee kyoungmi,6500000.0,15.436077423758503,5055955.552644914,0.22216068420847476
T5-E006,warm,warm_no_support,val_warm,sejin hong,1680000.0,14.997694638352844,3261489.785436849,0.941362967521934
T5-E006,warm,warm_no_support,val_warm,sejin hong,1680000.0,14.984728395399337,3219473.5018177847,0.9163532748915385
T5-E006,warm,warm_no_support,val_warm,sejin hong,1120000.0,14.633132284815728,2265106.384829092,1.022416415025975
T5-E006,warm,warm_no_support,val_warm,mikyung lee 이미경,8280000.0,15.96701755112468,8597805.473192733,0.038382303525692364
T5-E006,warm,warm_no_support,val_warm,mikyung lee 이미경,1656000.0,14.836290985294365,2775359.8856999567,0.675941959963742
T5-E006,warm,warm_no_support,val_warm,mikyung lee 이미경,4140000.0,15.593280867295329,5916649.402318481,0.4291423677097781
T5-E006,warm,warm_no_support,val_warm,yeju kwon,2346000.0,14.532089543100255,2047416.972263821,0.12727324285429628
T5-E006,warm,warm_no_support,val_warm,yeju kwon,414000.0,13.237048833687258,560760.3074113998,0.3544934961628014
T5-E006,warm,warm_no_support,val_warm,yeju kwon,5658000.0,15.23420598947369,4131726.802233345,0.2697548953281469
T5-E006,warm,warm_no_support,val_warm,soyeong kim,9000000.0,15.504535680192657,5414199.948322509,0.3984222279641656
T5-E006,warm,warm_no_support,val_warm,soyeong kim,1100000.0,14.13180605146067,1372035.6233348507,0.24730511212259151
T5-E006,warm,warm_no_support,val_warm,soyeong kim,400000.0,13.097970859963912,487951.28789415053,0.21987821973537633
T5-E006,warm,warm_no_support,val_warm,hee seon kim,565800.0,13.362506622109072,635715.6315368146,0.1235695149113019
T5-E006,warm,warm_no_support,val_warm,hee seon kim,662400.0,13.789348203050363,974176.914359767,0.4706777088764598
T5-E006,warm,warm_no_support,val_warm,noma,2111400.0,14.394706897983863,1784603.6397590765,0.1547770958799486
T5-E006,warm,warm_no_support,val_warm,noma,2111400.0,14.394706897983863,1784603.6397590765,0.1547770958799486
T5-E006,warm,warm_no_support,val_warm,shin sun mi,5520000.0,15.737275640160156,6833008.653297827,0.23786388646699758
T5-E006,warm,warm_no_support,val_warm,shin sun mi,5520000.0,15.48107540321904,5288659.680570363,0.04190947815754292
T5-E006,warm,warm_no_support,val_warm,lee minwoo,12000000.0,16.485832811598176,14444623.275205895,0.20371860626715793
T5-E006,warm,warm_no_support,val_warm,lee minwoo,7500000.0,16.05373096906879,9376629.884615254,0.2502173179487005
T5-E006,warm,warm_no_support,val_warm,lee minwoo,3000000.0,15.48887049759013,5330046.378920166,0.776682126306722
T5-E006,warm,warm_no_support,val_warm,michelle sakhai,12178600.0,16.748858809628423,18790440.40966778,0.5429064432420622
T5-E006,warm,warm_no_support,val_warm,michelle sakhai,21312500.0,16.770626451882492,19203948.211673696,0.09893498127044244
T5-E006,warm,warm_no_support,val_warm,michelle sakhai,22834800.0,16.84646627669888,20717022.77775021,0.09274341015685668
T5-E006,warm,warm_no_support,val_warm,ahhyeon lee,433900.0,13.86173563601217,1047310.1109458092,1.413713092753651
T5-E006,warm,warm_no_support,val_warm,ahhyeon lee,3273000.0,15.304089547797233,4430794.838884512,0.35374116678414663
T5-E006,warm,warm_no_support,val_warm,ahhyeon lee,4338700.0,15.305577761602033,4437393.717983539,0.02274730172252961
T5-E006,warm,warm_no_support,val_warm,faozee,2989000.0,14.970468723458708,3173890.6366047054,0.06185702127959363
T5-E006,warm,warm_no_support,val_warm,faozee,3653200.0,15.24126553938914,4160998.133475939,0.1390009124810957
T5-E006,warm,warm_no_support,val_warm,faozee,1281000.0,13.895667654194174,1083457.2613572325,0.15420978816765615
T5-E006,warm,warm_no_support,val_warm,nonsenso,502400.0,13.300917763924964,597743.9499663934,0.18977697047450917
T5-E006,warm,warm_no_support,val_warm,nonsenso,319700.0,12.563506523068387,285931.20618927263,0.10562650550743624
T5-E006,warm,warm_no_support,val_warm,hey sook yoo,22000000.0,16.558522025923146,15533693.951547544,0.2939230022023843
T5-E006,warm,warm_no_support,val_warm,hey sook yoo,4500000.0,15.164873566197302,3854969.1648176927,0.1433401855960683
T5-E006,warm,warm_no_support,val_warm,edgar plans,10320360.0,15.249024310678314,4193407.933857565,0.5936761959992127
T5-E006,warm,warm_no_support,val_warm,kohei nawa,5547200.0,15.244421847481778,4174152.2738975785,0.24752086207499666
T5-E006,warm,warm_no_support,val_warm,엠버 토플리세크,3300000.0,14.377447854561602,1754067.3595368124,0.4684644365039962
T5-E006,warm,warm_no_support,val_warm,엠버 토플리세크,3300000.0,14.454115442134752,1893836.9135579194,0.4261100261945699
T5-E006,warm,warm_full_size,val_warm,injung kwon,513360.0,13.538746916280374,758233.690771079,0.4770018910142571
T5-E006,warm,warm_full_size,val_warm,injung kwon,356040.0,13.169277263806293,524015.8777041818,0.47178934306308795
T5-E006,warm,warm_full_size,val_warm,injung kwon,513360.0,13.538035047031428,757694.1195979534,0.4759508329397565
T5-E006,warm,warm_full_size,val_warm,ari kwon,690000.0,13.598036598760107,804548.5557317161,0.16601239961118275
T5-E006,warm,warm_full_size,val_warm,ari kwon,966000.0,14.253896590039744,1550203.2200945904,0.6047652381931579
T5-E006,warm,warm_full_size,val_warm,ari kwon,862500.0,13.589898210739173,798027.3992475321,0.07475084145213666
T5-E006,warm,warm_full_size,val_warm,panmook kim,1515240.0,14.527249560662645,2037531.452244942,0.34469222845551994
T5-E006,warm,warm_full_size,val_warm,panmook kim,5464800.0,15.259161509749022,4236133.537961929,0.22483283231555976
T5-E006,warm,warm_full_size,val_warm,panmook kim,5464800.0,15.259161509749022,4236133.537961929,0.22483283231555976
T5-E006,warm,warm_full_size,val_warm,miae kim,3063600.0,14.834320496280446,2769896.4541192637,0.09586876416005233
T5-E006,warm,warm_full_size,val_warm,miae kim,717600.0,13.83816312040322,1022911.0800699712,0.42546137133496537
T5-E006,warm,warm_full_size,val_warm,miae kim,4416000.0,15.075544743282379,3525542.007080371,0.2016435672372348
T5-E006,warm,warm_full_size,val_warm,eunha jang,17844780.0,16.48504712549856,14433278.792669091,0.19117642287161335
T5-E006,warm,warm_full_size,val_warm,eunha jang,10631520.0,16.032500495532325,9179657.894723954,0.13656204430561636
T5-E006,warm,warm_full_size,val_warm,eunha jang,10603920.0,15.922219719242142,8221142.266522774,0.22470725292884391
T5-E006,warm,warm_full_size,val_warm,jinhui lee,1807800.0,14.926497067085604,3037353.293673992,0.6801378989235491
T5-E006,warm,warm_full_size,val_warm,jinhui lee,862500.0,13.954002720624082,1148540.680030871,0.33164136815173445
T5-E006,warm,warm_full_size,val_warm,laila lee,23584200.0,17.053909800353,25492881.144594084,0.08093050197140816
T5-E006,warm,warm_full_size,val_warm,laila lee,23582820.0,17.053909800353,25492881.144594084,0.08099375497052874
T5-E006,warm,warm_full_size,val_warm,laila lee,23708400.0,17.185176114631886,29068803.564376343,0.22609722985846126
T5-E006,warm,warm_full_size,val_warm,jennifer lee,2746200.0,14.590968445891077,2171586.242691869,0.2092395882703849
T5-E006,warm,warm_full_size,val_warm,jennifer lee,8100600.0,15.952954275934312,8477738.415681273,0.046556849576731694
T5-E006,warm,warm_full_size,val_warm,jennifer lee,7120800.0,15.739379444742081,6847399.100247411,0.03839468876426651
T5-E006,warm,warm_full_size,val_warm,hyera lee,124157220.0,18.961707120435054,171776903.54442373,0.3835434100765443
T5-E006,warm,warm_full_size,val_warm,hyera lee,124115820.0,18.58721184834729,118120027.5818849,0.04830804339136698
T5-E006,warm,warm_full_size,val_warm,hyera lee,138207000.0,18.893728306184684,160487771.27276537,0.16121304472830875
T5-E006,warm,warm_full_size,val_warm,jisup kim,11730000.0,16.14891997239118,10313043.0990759,0.12079768976335035
T5-E006,warm,warm_full_size,val_warm,jisup kim,12282000.0,16.177046458462932,10607230.598424865,0.13635966467799504
T5-E006,warm,warm_full_size,val_warm,jisup kim,8901000.0,16.115301107867523,9972093.580099693,0.1203340725873152
T5-E006,warm,warm_full_size,val_warm,rahee kang,5464800.0,15.465934186939572,5209186.122000646,0.04677460803677246
T5-E006,warm,warm_full_size,val_warm,rahee kang,13413600.0,16.044726521383396,9292577.501909086,0.30722717973481495
T5-E006,warm,warm_full_size,val_warm,rahee kang,2649600.0,15.08252408401882,3550234.032827573,0.33991320683407794
T5-E006,warm,warm_full_size,val_warm,kyoung soo lee,19666380.0,16.664490461812644,17270155.6325838,0.1218436930139761
T5-E006,warm,warm_full_size,val_warm,kyoung soo lee,19417980.0,16.620522545655884,16527274.02873935,0.148867491431171
T5-E006,warm,warm_full_size,val_warm,kyoung soo lee,18327780.0,16.773218585186342,19253791.978333358,0.05052504876931946
T5-E006,warm,warm_full_size,val_warm,myeonghyeon an,4824480.0,15.066860171990221,3495056.7534596967,0.27555783142230944
T5-E006,warm,warm_full_size,val_warm,myeonghyeon an,1092960.0,14.086539815090987,1311313.4350866952,0.19978172585153642
T5-E006,warm,warm_full_size,val_warm,myeonghyeon an,2177640.0,14.486043082362976,1955278.2768327177,0.10211133298767579
T5-E006,warm,warm_full_size,val_warm,eunmee kim,1228200.0,13.792635188568497,977384.2881772342,0.20421406271190828
T5-E006,warm,warm_full_size,val_warm,eunmee kim,1035000.0,13.806943362206685,991469.3980872093,0.042058552572744615
T5-E006,warm,warm_full_size,val_warm,eunmee kim,745200.0,13.806943362206685,991469.3980872093,0.3304742325378547
T5-E006,warm,warm_full_size,val_warm,ho rin,776940.0,13.631217498647057,831692.0330094334,0.07047137875438698
T5-E006,warm,warm_full_size,val_warm,ho rin,1410360.0,14.340928594575198,1691165.6697952952,0.1991021227171043
T5-E006,warm,warm_full_size,val_warm,h m moon,1104000.0,13.54219228703793,760850.5924662652,0.3108237387080931
T5-E006,warm,warm_full_size,val_warm,h m moon,528540.0,13.191622843562277,535857.123327061,0.013844029452947652
T5-E006,warm,warm_full_size,val_warm,h m moon,276000.0,12.796096976576884,360806.4617716482,0.3072697890277109
T5-E006,warm,warm_full_size,val_warm,jihee yoo,1920960.0,14.40122389427819,1796271.8746911294,0.0649092772930569
T5-E006,warm,warm_full_size,val_warm,jihee yoo,1846440.0,14.40122389427819,1796271.8746911294,0.02717018982954798
T5-E006,warm,warm_full_size,val_warm,jihee yoo,2290800.0,14.7029035515009,2428789.520521634,0.060236389262106595
T5-E006,warm,warm_full_size,val_warm,hyoung jun lee,2339100.0,14.777478051475303,2616840.027582832,0.11873798793674155
T5-E006,warm,warm_full_size,val_warm,hyoung jun lee,3884700.0,15.554240421750208,5690111.6141300695,0.46474930216749544
T5-E006,warm,warm_full_size,val_warm,hyoung jun lee,10695000.0,16.201877106669368,10873912.246971449,0.01672858784211771
T5-E006,warm,warm_full_size,val_warm,nakjin sung,4926600.0,15.571817533572748,5791011.508841115,0.1754580255837931
T5-E006,warm,warm_full_size,val_warm,nakjin sung,1411740.0,14.668350736990035,2346301.3133000825,0.6619925151232398
T5-E006,warm,warm_full_size,val_warm,nakjin sung,2290800.0,14.960332217775465,3141880.9832243184,0.3715212952786443
T5-E006,warm,warm_full_size,val_warm,kyungmin lee,676200.0,12.727596366358725,336918.50877160195,0.5017472511511358
T5-E006,warm,warm_full_size,val_warm,leo,4207620.0,15.367498905946064,4720847.544459362,0.12197573556056907
T5-E006,warm,warm_full_size,val_warm,leo,73767900.0,16.827361303495476,20324981.50623659,0.7244739038763935
T5-E006,warm,warm_full_size,val_warm,leo,73767900.0,16.882903324827527,21485811.066244423,0.7087376614185246
T5-E006,warm,warm_full_size,val_warm,jinyoup chris park,241500.0,11.573605145407875,106255.85013955255,0.560017183687153
T5-E006,warm,warm_full_size,val_warm,jinyoup chris park,241500.0,11.573605145407875,106255.85013955255,0.560017183687153
T5-E006,warm,warm_full_size,val_warm,nah su,6113400.0,16.175021871438407,10585777.06159338,0.7315695131339974
T5-E006,warm,warm_full_size,val_warm,nah su,4485000.0,15.806919925099663,7325851.304066306,0.6334116619991763
T5-E006,warm,warm_full_size,val_warm,nah su,4002000.0,15.94357394331584,8398586.226806147,1.0985972580725005
T5-E006,warm,warm_full_size,val_warm,zhanna kan,245640.0,12.115349774366283,182654.15389962652,0.2564152666519031
T5-E006,warm,warm_full_size,val_warm,zhanna kan,244260.0,12.115349774366283,182654.15389962652,0.2522142229606709
T5-E006,warm,warm_full_size,val_warm,zhanna kan,255300.0,12.115349774366283,182654.15389962652,0.28455090521102033
T5-E006,warm,warm_full_size,val_warm,seungeun suh,2180400.0,14.486710623378444,1956583.9410228736,0.10264908226799045
T5-E006,warm,warm_full_size,val_warm,seungeun suh,28110600.0,16.11646390027231,9983695.798953181,0.6448423086325734
T5-E006,warm,warm_full_size,val_warm,seungeun suh,36597600.0,16.49878215418098,14632887.971738022,0.6001680992267793
T5-E006,warm,warm_full_size,val_warm,tommy seo,6292800.0,15.602823075901119,5973377.530537645,0.05075999069767904
T5-E006,warm,warm_full_size,val_warm,tommy seo,4554000.0,15.150159751276849,3798663.1162256193,0.16586229331892416
T5-E006,warm,warm_full_size,val_warm,tommy seo,1628400.0,14.468801870283828,1921855.8588099678,0.18021116360228923
T5-E006,warm,warm_full_size,val_warm,kai jun,31878000.0,17.04939183843126,25377965.06701066,0.20390347364920447
T5-E006,warm,warm_full_size,val_warm,kai jun,27199800.0,17.012458945664697,24457780.537717935,0.10081028030654877
T5-E006,warm,warm_full_size,val_warm,kai jun,22880400.0,16.880855899830394,21441865.48257843,0.06287191296575102
T5-E006,warm,warm_full_size,val_warm,semi yh,420900.0,13.1023035089014,490069.9960181046,0.16433831318152675
T5-E006,warm,warm_full_size,val_warm,semi yh,420900.0,13.1023035089014,490069.9960181046,0.16433831318152675
T5-E006,warm,warm_full_size,val_warm,semi yh,393300.0,12.2114922534441,201086.8641111609,0.4887188809784874
T5-E006,warm,warm_full_size,val_warm,yoojin kim,993600.0,13.748619658702255,935297.2373894018,0.058678303754627854
T5-E006,warm,warm_full_size,val_warm,yoojin kim,966000.0,13.528867886379068,750779.9559231432,0.22279507668411677
T5-E006,warm,warm_full_size,val_warm,yoojin kim,1269600.0,13.76070937380684,946673.3429030991,0.25435306954702336
T5-E006,warm,warm_full_size,val_warm,cheolmin im,5934000.0,15.166895804348425,3862772.718196513,0.3490440313116763
T5-E006,warm,warm_full_size,val_warm,cheolmin im,5934000.0,15.24434483807838,4173830.837298252,0.296624395467096
T5-E006,warm,warm_full_size,val_warm,cheolmin im,5934000.0,15.166895804348425,3862772.718196513,0.3490440313116763
T5-E006,warm,warm_full_size,val_warm,kyunghee jee,496800.0,14.331309536749199,1674976.2377942759,2.3715302693121494
T5-E006,warm,warm_full_size,val_warm,kyunghee jee,7120800.0,15.448073813930735,5116974.037142188,0.2814046122426991
T5-E006,warm,warm_full_size,val_warm,jung hoon lee,7990200.0,15.498786137009315,5383160.089927148,0.32627968136878327
T5-E006,warm,warm_full_size,val_warm,jung hoon lee,4071000.0,15.098916748450954,3608911.45364339,0.11350738058379023
T5-E006,warm,warm_full_size,val_warm,jung hoon lee,10363800.0,15.260694731512793,4242633.451727877,0.5906295517350897
T5-E006,warm,warm_full_size,val_warm,huieun oh,510600.0,12.368316726370692,235229.45626121765,0.5393077629039998
T5-E006,warm,warm_full_size,val_warm,huieun oh,400200.0,13.05446453831027,467177.49449682905,0.16736005621396566
T5-E006,warm,warm_full_size,val_warm,youngran kim,1295820.0,14.252921068375334,1548691.7006490019,0.195144156324954
T5-E006,warm,warm_full_size,val_warm,youngran kim,3726000.0,14.820183110304807,2731012.862627814,0.26703895259586313
T5-E006,warm,warm_full_size,val_warm,sunghee kim,10101600.0,16.14980275909388,10322151.336111896,0.021833307209936616
T5-E006,warm,warm_full_size,val_warm,sunghee kim,7176000.0,15.856657925790467,7699438.220536724,0.07294289583845091
T5-E006,warm,warm_full_size,val_warm,sunghee kim,7148400.0,15.687577778205602,6501723.010034369,0.0904645780825962
T5-E006,warm,warm_full_size,val_warm,hobong kim,2760000.0,15.171088847903345,3879003.496847309,0.4054360495823584
T5-E006,warm,warm_full_size,val_warm,hobong kim,10350000.0,16.073017627789923,9559228.947903847,0.07640300020252683
T5-E006,warm,warm_full_size,val_warm,hobong kim,8970000.0,15.905735553272649,8086734.436941867,0.09846884760960237
T5-E006,warm,warm_full_size,val_warm,jaeyeon yoo,1500000.0,14.273638379461877,1581111.090133026,0.054074060088684005
T5-E006,warm,warm_full_size,val_warm,jaeyeon yoo,3000000.0,14.895894558725205,2945810.5273878174,0.018063157537394202
T5-E006,warm,warm_full_size,val_warm,jaeyeon yoo,1200000.0,14.004457156549828,1207976.4431097913,0.00664703592482605
T5-E006,warm,warm_full_size,val_warm,song yu jeong,6900000.0,15.446063812738657,5106699.242861347,0.2598986604548772
T5-E006,warm,warm_full_size,val_warm,song yu jeong,4830000.0,14.713790088640426,2455375.077599301,0.49164077068337453
T5-E006,warm,warm_full_size,val_warm,byeongseok hwang,938400.0,14.19228777281224,1457579.5461155695,0.5532603858861568
T5-E006,warm,warm_full_size,val_warm,byeongseok hwang,565800.0,13.349654365482447,627597.5308014204,0.10922151078370529
T5-E006,warm,warm_full_size,val_warm,seo jiin,690000.0,13.464918537906298,704271.0237028879,0.020682643047663672
T5-E006,warm,warm_full_size,val_warm,seo jiin,690000.0,13.464918537906298,704271.0237028879,0.020682643047663672
T5-E006,warm,warm_full_size,val_warm,seo jiin,828000.0,13.788860388264954,973701.812347653,0.17596837240054708
T5-E006,warm,warm_full_size,val_warm,hyunmin wang,3174000.0,16.29458941166432,11930269.830902776,2.7587491590745987
T5-E006,warm,warm_full_size,val_warm,hyunmin wang,3174000.0,16.420197404050032,13526988.609982692,3.2618111562642382
T5-E006,warm,warm_full_size,val_warm,yongju jang,5520000.0,15.563373348690758,5742317.018987623,0.040274822280366496
T5-E006,warm,warm_full_size,val_warm,yongju jang,2760000.0,15.02306554010041,3345295.338256934,0.21206352835396167
T5-E006,warm,warm_full_size,val_warm,beomsik won,12420000.0,15.703780166401499,6607924.485651646,0.46796099149342624
T5-E006,warm,warm_full_size,val_warm,beomsik won,44160000.0,16.406528334932325,13343345.24402068,0.6978409138582274
T5-E006,warm,warm_full_size,val_warm,beomsik won,27600000.0,15.703780166401499,6607924.485651646,0.7605824461720418
T5-E006,warm,warm_full_size,val_warm,joy,455400.0,13.441715236107138,688117.7400773661,0.5110183137403735
T5-E006,warm,warm_full_size,val_warm,joy,455400.0,13.441715236107138,688117.7400773661,0.5110183137403735
T5-E006,warm,warm_full_size,val_warm,lee ufan,20010000.0,16.75817484077746,18966310.67229386,0.05215838719171112
T5-E006,warm,warm_full_size,val_warm,lee ufan,48300000.0,17.968976776310626,63654257.90368902,0.31789353837865464
T5-E006,warm,warm_full_size,val_warm,lee ufan,26220000.0,17.3535774489221,34400355.23613363,0.31198913944064177
T5-E006,warm,warm_full_size,val_warm,eun jeong lee,124200.0,11.968780125681501,157752.10523165853,0.2701457748120654
T5-E006,warm,warm_full_size,val_warm,eun jeong lee,1932000.0,13.253797807660456,570231.5626978205,0.7048490876305278
T5-E006,warm,warm_full_size,val_warm,eun jeong lee,124200.0,11.9687801256815,157752.10523165824,0.2701457748120631
T5-E006,warm,warm_full_size,val_warm,sujin park,2070000.0,14.898525908689098,2953572.1931636934,0.42684647012738813
T5-E006,warm,warm_full_size,val_warm,sujin park,2070000.0,14.898525908689098,2953572.1931636934,0.42684647012738813
T5-E006,warm,warm_full_size,val_warm,ellie you,1173000.0,13.581040048984564,790989.5606365936,0.3256695987752825
T5-E006,warm,warm_full_size,val_warm,a jihye,2000000.0,13.395886717256582,657294.0205723278,0.6713529897138361
T5-E006,warm,warm_full_size,val_warm,a jihye,2300000.0,13.820272498093752,1004773.2961848397,0.5631420451370263
T5-E006,warm,warm_full_size,val_warm,hyuna kim 김현아,4084800.0,15.197187066098104,3981571.1716147386,0.025271452307398492
T5-E006,warm,warm_full_size,val_warm,hyuna kim 김현아,5299200.0,15.598461583567728,5947381.422356503,0.12231684449662271
T5-E006,warm,warm_full_size,val_warm,jooyeon oh 오주연,3312000.0,14.93798838422288,3072457.7958170623,0.07232554474122517
T5-E006,warm,warm_full_size,val_warm,manwook,10350000.0,15.93721638473258,8345361.0930789905,0.19368491854309272
T5-E006,warm,warm_full_size,val_warm,manwook,11730000.0,16.105538075332557,9875209.417208841,0.15812366434707237
T5-E006,warm,warm_full_size,val_warm,manwook,670000.0,14.25125837469582,1546118.8402788865,1.307640060117741
T5-E006,warm,warm_full_size,val_warm,gabby chu,2346000.0,14.376159619589666,1751809.1634769938,0.25327827643776907
T5-E006,warm,warm_full_size,val_warm,gabby chu,1228200.0,14.13963615032258,1382820.9679604957,0.12589233672080746
T5-E006,warm,warm_full_size,val_warm,hyunjung park,2300000.0,14.049414477588739,1263523.0866028648,0.450642136259624
T5-E006,warm,warm_full_size,val_warm,hyunjung park,1400000.0,13.818712553141864,1003207.1270400868,0.2834234806856523
T5-E006,warm,warm_full_size,val_warm,hyunjung park,2300000.0,14.049414477588739,1263523.0866028648,0.450642136259624
T5-E006,warm,warm_full_size,val_warm,wheedong kim,2346000.0,14.407131814840682,1806915.5161712582,0.22978878253569557
T5-E006,warm,warm_full_size,val_warm,wheedong kim,1283400.0,14.217290071613387,1494481.7835119183,0.1644707678914744
T5-E006,warm,warm_full_size,val_warm,kim myoungjin,25764600.0,16.768405631759556,19161347.019347213,0.2562916940551294
T5-E006,warm,warm_full_size,val_warm,kim myoungjin,14766000.0,16.255657357893043,11474725.107987953,0.22289549586970384
T5-E006,warm,warm_full_size,val_warm,kim myoungjin,25764600.0,16.73300035919729,18494803.509213116,0.2821622105830047
T5-E006,warm,warm_full_size,val_warm,jung boram,2622000.0,14.492703846221726,1968345.3938923406,0.24929618844685714
T5-E006,warm,warm_full_size,val_warm,jung boram,1242000.0,14.157783117460012,1408144.0482459897,0.1337713753993476
T5-E006,warm,warm_full_size,val_warm,jung boram,2070000.0,14.522063197123032,2026991.4292315096,0.020777087327773155
T5-E006,warm,warm_full_size,val_warm,kong mi sook 공미숙,1656000.0,14.934834123431486,3062781.731096838,0.8495058762662065
T5-E006,warm,warm_full_size,val_warm,kong mi sook 공미숙,20700000.0,16.571785018266723,15741089.518215971,0.23956089283980816
T5-E006,warm,warm_full_size,val_warm,kong mi sook 공미숙,20700000.0,16.530333296796503,15101932.84836622,0.2704380266489749
T5-E006,warm,warm_full_size,val_warm,hyewook jeong 정혜욱,2208000.0,14.856852582846614,2833016.442875926,0.28306904115757514
T5-E006,warm,warm_full_size,val_warm,hyewook jeong 정혜욱,2208000.0,14.856852582846614,2833016.442875926,0.28306904115757514
T5-E006,warm,warm_full_size,val_warm,hyewook jeong 정혜욱,2208000.0,14.856852582846614,2833016.442875926,0.28306904115757514
T5-E006,warm,warm_full_size,val_warm,minzo king,731400.0,13.163707375207473,521105.28101578756,0.2875235424996068
T5-E006,warm,warm_full_size,val_warm,minzo king,3767400.0,15.280413476225796,4327123.135272259,0.14857013730218688
T5-E006,warm,warm_full_size,val_warm,minzo king,5754600.0,15.581896371223191,5849673.298411537,0.016521269664535668
T5-E006,warm,warm_full_size,val_warm,jang bae park,41400000.0,16.00350329248222,8917295.75830024,0.7846063826497527
T5-E006,warm,warm_full_size,val_warm,jang bae park,2070000.0,14.577819018285775,2143218.048120157,0.03537103773920621
T5-E006,warm,warm_full_size,val_warm,jang bae park,6210000.0,15.841520251808626,7583764.360374945,0.2212180934581232
T5-E006,warm,warm_full_size,val_warm,junghwabaek,1656000.0,14.2100858125186,1483753.8393751397,0.10401338201984318
T5-E006,warm,warm_full_size,val_warm,junghwabaek,1104000.0,13.668471327003056,863260.1102280971,0.21806149435860772
T5-E006,warm,warm_full_size,val_warm,junghwabaek,1104000.0,13.681046907445815,874184.654458016,0.2081660738604927
T5-E006,warm,warm_full_size,val_warm,mi young um,3588000.0,14.372778147240407,1745895.4733542684,0.5134070587083979
T5-E006,warm,warm_full_size,val_warm,mi young um,372600.0,13.835855306710583,1020553.1137930108,1.7390045995518273
T5-E006,warm,warm_full_size,val_warm,jea hyun nam,2070000.0,15.118164962231411,3679049.4024753054,0.7773185519204374
T5-E006,warm,warm_full_size,val_warm,jea hyun nam,2070000.0,15.100623020191717,3615074.493686954,0.7464127988825865
T5-E006,warm,warm_full_size,val_warm,minseok jang,3726000.0,14.941961569465589,3084689.5231584925,0.17211768031173041
T5-E006,warm,warm_full_size,val_warm,minseok jang,2070000.0,14.622631733458004,2241445.9600597853,0.08282413529458227
T5-E006,warm,warm_full_size,val_warm,min kim,20700000.0,16.60945542440304,16345373.099520303,0.21036844929853607
T5-E006,warm,warm_full_size,val_warm,min kim,7728000.0,16.48861376963746,14484849.073631668,0.8743334722608267
T5-E006,warm,warm_full_size,val_warm,min kim,11592000.0,16.965116908550304,23326880.160635483,1.0123257557484027
T5-E006,warm,warm_full_size,val_warm,seungyeon kim,3312000.0,15.073325484062343,3517726.5909003913,0.062115516576205114
T5-E006,warm,warm_full_size,val_warm,seungyeon kim,3726000.0,15.101605140285407,3618626.6750362064,0.028817317488940855
T5-E006,warm,warm_full_size,val_warm,ttodoa,13938000.0,16.30816175587028,12093295.376376264,0.13235074068185795
T5-E006,warm,warm_full_size,val_warm,ttodoa,4140000.0,15.529952366464704,5553574.688831728,0.3414431615535575
T5-E006,warm,warm_full_size,val_warm,ttodoa,13938000.0,16.30816175587028,12093295.376376264,0.13235074068185795
T5-E006,warm,warm_full_size,val_warm,suzy yoo,3270600.0,14.653610844791121,2311970.721056042,0.2931050201626485
T5-E006,warm,warm_full_size,val_warm,suzy yoo,1090200.0,14.164418500941188,1417518.6917844901,0.3002372883732252
T5-E006,warm,warm_full_size,val_warm,suzy yoo,3270600.0,14.821205569112967,2733806.638801546,0.16412687616903754
T5-E006,warm,warm_full_size,val_warm,lee kyoungmi,26000000.0,16.651447703529527,17046367.745253656,0.34437047133639787
T5-E006,warm,warm_full_size,val_warm,lee kyoungmi,6500000.0,15.451539270054706,5134737.4475377705,0.21004039268649685
T5-E006,warm,warm_full_size,val_warm,sejin hong,1680000.0,14.947595312556494,3102116.916080342,0.846498164333537
T5-E006,warm,warm_full_size,val_warm,sejin hong,1680000.0,14.923521359934586,3028328.454057184,0.8025764607483238
T5-E006,warm,warm_full_size,val_warm,sejin hong,1120000.0,14.59005493878444,2169603.3890398373,0.9371458830712833
T5-E006,warm,warm_full_size,val_warm,mikyung lee 이미경,8280000.0,15.934564910213188,8323262.890143025,0.0052249867322493645
T5-E006,warm,warm_full_size,val_warm,mikyung lee 이미경,1656000.0,14.849459404896805,2812148.682761941,0.698157417126776
T5-E006,warm,warm_full_size,val_warm,mikyung lee 이미경,4140000.0,15.585613358501172,5871456.919282708,0.4182263090054851
T5-E006,warm,warm_full_size,val_warm,yeju kwon,2346000.0,14.516860629414268,2016473.2535607554,0.14046323377631909
T5-E006,warm,warm_full_size,val_warm,yeju kwon,414000.0,13.274488906886702,582153.1910182954,0.40616712806351535
T5-E006,warm,warm_full_size,val_warm,yeju kwon,5658000.0,15.244734245965041,4175456.4764416963,0.2620260734461477
T5-E006,warm,warm_full_size,val_warm,soyeong kim,9000000.0,15.60285127582562,5973545.981708163,0.33627266869909295
T5-E006,warm,warm_full_size,val_warm,soyeong kim,1100000.0,14.125879512308792,1363928.2485625714,0.23993477142051942
T5-E006,warm,warm_full_size,val_warm,soyeong kim,400000.0,13.141018143036396,509414.9264073169,0.2735373160182922
T5-E006,warm,warm_full_size,val_warm,hee seon kim,565800.0,13.364583677107573,637037.4201055003,0.12590565589519312
T5-E006,warm,warm_full_size,val_warm,hee seon kim,662400.0,13.78652846085804,971433.8557880479,0.4665366180375119
T5-E006,warm,warm_full_size,val_warm,noma,2111400.0,14.350800720069149,1707943.75091559,0.19108470639595057
T5-E006,warm,warm_full_size,val_warm,noma,2111400.0,14.350800720069149,1707943.75091559,0.19108470639595057
T5-E006,warm,warm_full_size,val_warm,shin sun mi,5520000.0,15.685806987729192,6490220.008556507,0.17576449430371496
T5-E006,warm,warm_full_size,val_warm,shin sun mi,5520000.0,15.391037091886913,4833285.837193765,0.12440473963881074
T5-E006,warm,warm_full_size,val_warm,lee minwoo,12000000.0,16.516181069772284,14889712.106302252,0.24080934219185435
T5-E006,warm,warm_full_size,val_warm,lee minwoo,7500000.0,16.039575340133965,9244832.827232888,0.23264437696438506
T5-E006,warm,warm_full_size,val_warm,lee minwoo,3000000.0,15.463634728738668,5197221.577509238,0.7324071925030795
T5-E006,warm,warm_full_size,val_warm,michelle sakhai,12178600.0,16.743650960439346,18692837.00232815,0.534892106016139
T5-E006,warm,warm_full_size,val_warm,michelle sakhai,21312500.0,16.772941020686943,19248448.55080856,0.09684698881836667
T5-E006,warm,warm_full_size,val_warm,michelle sakhai,22834800.0,16.823963511317658,20256038.636161458,0.11293119991585397
T5-E006,warm,warm_full_size,val_warm,ahhyeon lee,433900.0,13.848499528304222,1033539.1395930783,1.3819754311893946
T5-E006,warm,warm_full_size,val_warm,ahhyeon lee,3273000.0,15.34048841259814,4595041.809296665,0.4039235592107133
T5-E006,warm,warm_full_size,val_warm,ahhyeon lee,4338700.0,15.336492405334393,4576716.627015068,0.054858973198208726
T5-E006,warm,warm_full_size,val_warm,faozee,2989000.0,14.879697852851352,2898482.4151130496,0.030283568045149027
T5-E006,warm,warm_full_size,val_warm,faozee,3653200.0,15.23995132971142,4155533.3012142223,0.13750500963928128
T5-E006,warm,warm_full_size,val_warm,faozee,1281000.0,13.913749189106213,1103226.0177839417,0.13877750368154435
T5-E006,warm,warm_full_size,val_warm,nonsenso,502400.0,13.224822137197181,553945.8056440597,0.10259913543801685
T5-E006,warm,warm_full_size,val_warm,nonsenso,319700.0,12.521295110186971,274112.83582685434,0.14259356951249816
T5-E006,warm,warm_full_size,val_warm,hey sook yoo,22000000.0,16.574684554923856,15786797.618429769,0.28241829007137415
T5-E006,warm,warm_full_size,val_warm,hey sook yoo,4500000.0,15.131389986589717,3728028.0786639634,0.1715493158524526
T5-E006,warm,warm_full_size,val_warm,edgar plans,10320360.0,15.222187829394915,4082368.2417582283,0.6044354807624707
T5-E006,warm,warm_full_size,val_warm,kohei nawa,5547200.0,15.093401430484114,3589061.947946454,0.3529957549851359
T5-E006,warm,warm_full_size,val_warm,엠버 토플리세크,3300000.0,14.459030848407771,1903168.8076390966,0.42328217950330405
T5-E006,warm,warm_full_size,val_warm,엠버 토플리세크,3300000.0,14.538105819384604,2059771.9265813467,0.3758266889147434
T5-E006,warm,warm_area_only,val_warm,injung kwon,513360.0,13.56997903459056,782288.6230292007,0.5238597144873007
T5-E006,warm,warm_area_only,val_warm,injung kwon,356040.0,13.16729264732663,522976.9384466765,0.46887130223198653
T5-E006,warm,warm_area_only,val_warm,injung kwon,513360.0,13.566501444400668,779572.8686654016,0.5185695587217578
T5-E006,warm,warm_area_only,val_warm,ari kwon,690000.0,13.57954923173515,789811.2183202584,0.14465393959457742
T5-E006,warm,warm_area_only,val_warm,ari kwon,966000.0,14.277565551050941,1587332.5931442666,0.6432014421783299
T5-E006,warm,warm_area_only,val_warm,ari kwon,862500.0,13.581478188814373,791336.2006009138,0.0825087529264767
T5-E006,warm,warm_area_only,val_warm,panmook kim,1515240.0,14.53518652502501,2053767.6144554887,0.3554074697443895
T5-E006,warm,warm_area_only,val_warm,panmook kim,5464800.0,15.285131675325731,4347587.603508248,0.20443792938291466
T5-E006,warm,warm_area_only,val_warm,panmook kim,5464800.0,15.285131675325731,4347587.603508248,0.20443792938291466
T5-E006,warm,warm_area_only,val_warm,miae kim,3063600.0,14.852249136583323,2820004.7761506997,0.07951273790615625
T5-E006,warm,warm_area_only,val_warm,miae kim,717600.0,13.794078993895914,978796.4600247422,0.3639861483064969
T5-E006,warm,warm_area_only,val_warm,miae kim,4416000.0,15.091522186313963,3582323.557727815,0.1887854262391723
T5-E006,warm,warm_area_only,val_warm,eunha jang,17844780.0,16.452378694714646,13969384.823381796,0.21717248274387263
T5-E006,warm,warm_area_only,val_warm,eunha jang,10631520.0,16.010203730235226,8977246.166148292,0.15560087681269547
T5-E006,warm,warm_area_only,val_warm,eunha jang,10603920.0,15.931784244238544,8300150.824585608,0.21725637079630852
T5-E006,warm,warm_area_only,val_warm,jinhui lee,1807800.0,14.80737479760667,2696256.2577909576,0.49145716218108065
T5-E006,warm,warm_area_only,val_warm,jinhui lee,862500.0,13.99524355490804,1196897.7450982733,0.38770753054872265
T5-E006,warm,warm_area_only,val_warm,laila lee,23584200.0,17.06809637233619,25857115.245902438,0.09637448995100269
T5-E006,warm,warm_area_only,val_warm,laila lee,23582820.0,17.068096372336193,25857115.24590253,0.09643864668867128
T5-E006,warm,warm_area_only,val_warm,laila lee,23708400.0,17.14172088074197,27832664.77325666,0.17395795470199
T5-E006,warm,warm_area_only,val_warm,jennifer lee,2746200.0,14.56716705665949,2120509.7304936484,0.22783856583874137
T5-E006,warm,warm_area_only,val_warm,jennifer lee,8100600.0,15.996624293172223,8856164.190005107,0.0932726205472566
T5-E006,warm,warm_area_only,val_warm,jennifer lee,7120800.0,15.68989129710594,6516782.282341494,0.08482441827582655
T5-E006,warm,warm_area_only,val_warm,hyera lee,124157220.0,18.96551493187902,172432244.519142,0.3888217255439676
T5-E006,warm,warm_area_only,val_warm,hyera lee,124115820.0,18.601369405789946,119804212.49894966,0.03473858127876316
T5-E006,warm,warm_area_only,val_warm,hyera lee,138207000.0,18.908860490104225,162934769.2630906,0.17891835625612748
T5-E006,warm,warm_area_only,val_warm,jisup kim,11730000.0,16.15375563043433,10363034.221459525,0.11653587199833548
T5-E006,warm,warm_area_only,val_warm,jisup kim,12282000.0,16.18091988895924,10648396.644345604,0.1330079266938932
T5-E006,warm,warm_area_only,val_warm,jisup kim,8901000.0,16.07615590137477,9589275.546165219,0.07732564275533295
T5-E006,warm,warm_area_only,val_warm,rahee kang,5464800.0,15.491774558465696,5345547.6555053145,0.021821904643296284
T5-E006,warm,warm_area_only,val_warm,rahee kang,13413600.0,16.056206330236453,9399869.18107478,0.2992284561135877
T5-E006,warm,warm_area_only,val_warm,rahee kang,2649600.0,15.101977699734663,3619975.079762183,0.36623455606966454
T5-E006,warm,warm_area_only,val_warm,kyoung soo lee,19666380.0,16.67959944827357,17533071.373855222,0.10847490113303912
T5-E006,warm,warm_area_only,val_warm,kyoung soo lee,19417980.0,16.635683229940557,16779747.81422167,0.13586542914238922
T5-E006,warm,warm_area_only,val_warm,kyoung soo lee,18327780.0,16.776957879086513,19325922.339497074,0.05446062422710631
T5-E006,warm,warm_area_only,val_warm,myeonghyeon an,4824480.0,15.091286446586947,3581479.161283039,0.2576445210088882
T5-E006,warm,warm_area_only,val_warm,myeonghyeon an,1092960.0,14.116672629681533,1351428.3521036047,0.23648473146648066
T5-E006,warm,warm_area_only,val_warm,myeonghyeon an,2177640.0,14.518949489725946,2020689.7868510215,0.07207353517981785
T5-E006,warm,warm_area_only,val_warm,eunmee kim,1228200.0,13.805327195784773,989868.312696394,0.19404957442078322
T5-E006,warm,warm_area_only,val_warm,eunmee kim,1035000.0,13.807837654092568,992356.4577110128,0.04120149013428715
T5-E006,warm,warm_area_only,val_warm,eunmee kim,745200.0,13.80783765409257,992356.4577110145,0.33166459703571466
T5-E006,warm,warm_area_only,val_warm,ho rin,776940.0,13.638610290418857,837863.3425239571,0.07841447540859929
T5-E006,warm,warm_area_only,val_warm,ho rin,1410360.0,14.282755052975013,1595591.4698839686,0.13133630412374755
T5-E006,warm,warm_area_only,val_warm,h m moon,1104000.0,13.565286651140763,778626.423782765,0.2947224422257563
T5-E006,warm,warm_area_only,val_warm,h m moon,528540.0,13.168104018588693,523401.4390957795,0.009722179786242296
T5-E006,warm,warm_area_only,val_warm,h m moon,276000.0,12.76919750225558,351230.33147290035,0.2725736647568853
T5-E006,warm,warm_area_only,val_warm,jihee yoo,1920960.0,14.425313607905817,1840068.9614022647,0.042109694422442605
T5-E006,warm,warm_area_only,val_warm,jihee yoo,1846440.0,14.425313607905817,1840068.9614022647,0.0034504444215546367
T5-E006,warm,warm_area_only,val_warm,jihee yoo,2290800.0,14.71483536643595,2457942.9684934593,0.0729627066934954
T5-E006,warm,warm_area_only,val_warm,hyoung jun lee,2339100.0,14.798213553151278,2671667.996605559,0.14217775922600948
T5-E006,warm,warm_area_only,val_warm,hyoung jun lee,3884700.0,15.59666548904926,5936708.950437801,0.5282284218698486
T5-E006,warm,warm_area_only,val_warm,hyoung jun lee,10695000.0,16.17396668650099,10574613.000197694,0.011256381468191332
T5-E006,warm,warm_area_only,val_warm,nakjin sung,4926600.0,15.551560400514248,5674882.410579008,0.1518861711076621
T5-E006,warm,warm_area_only,val_warm,nakjin sung,1411740.0,14.683536785085282,2382204.2799985893,0.6874242282563285
T5-E006,warm,warm_area_only,val_warm,nakjin sung,2290800.0,14.982883536479148,3213539.502788199,0.4028022973582151
T5-E006,warm,warm_area_only,val_warm,kyungmin lee,676200.0,12.684112272394783,322581.8793319124,0.5229490101568879
T5-E006,warm,warm_area_only,val_warm,leo,4207620.0,15.36181337970936,4694083.198677817,0.11561481281052409
T5-E006,warm,warm_area_only,val_warm,leo,73767900.0,16.845445293089384,20695881.83117299,0.7194459672679717
T5-E006,warm,warm_area_only,val_warm,leo,73767900.0,16.845445293089384,20695881.83117299,0.7194459672679717
T5-E006,warm,warm_area_only,val_warm,jinyoup chris park,241500.0,11.504249054050995,99136.1120509516,0.589498500824217
T5-E006,warm,warm_area_only,val_warm,jinyoup chris park,241500.0,11.504249054050996,99136.11205095178,0.5894985008242163
T5-E006,warm,warm_area_only,val_warm,nah su,6113400.0,16.18025556137557,10641324.969947157,0.740655767649288
T5-E006,warm,warm_area_only,val_warm,nah su,4485000.0,15.839157330253927,7565865.675024722,0.6869265719118666
T5-E006,warm,warm_area_only,val_warm,nah su,4002000.0,16.035567150806347,9207851.949648526,1.3008125811215705
T5-E006,warm,warm_area_only,val_warm,zhanna kan,245640.0,12.07633657516117,175665.44338197465,0.28486629465081154
T5-E006,warm,warm_area_only,val_warm,zhanna kan,244260.0,12.07633657516117,175665.44338197465,0.28082599123075963
T5-E006,warm,warm_area_only,val_warm,zhanna kan,255300.0,12.07633657516117,175665.44338197465,0.3119254078261863
T5-E006,warm,warm_area_only,val_warm,seungeun suh,2180400.0,14.464740035643388,1914065.4305352976,0.12214940811993322
T5-E006,warm,warm_area_only,val_warm,seungeun suh,28110600.0,16.126022029328492,10079578.752709929,0.641431390553388
T5-E006,warm,warm_area_only,val_warm,seungeun suh,36597600.0,16.433327670796032,13705772.75185527,0.6255007773226859
T5-E006,warm,warm_area_only,val_warm,tommy seo,6292800.0,15.52004853977523,5498844.514042993,0.1261688733087031
T5-E006,warm,warm_area_only,val_warm,tommy seo,4554000.0,15.200977866337121,3996693.156667251,0.12237743595361196
T5-E006,warm,warm_area_only,val_warm,tommy seo,1628400.0,14.52145673196822,2025762.5022489415,0.24402020526218463
T5-E006,warm,warm_area_only,val_warm,kai jun,31878000.0,17.101946627229914,26747367.820467677,0.1609458617081474
T5-E006,warm,warm_area_only,val_warm,kai jun,27199800.0,17.050018580840124,25393875.49931939,0.06639477131010561
T5-E006,warm,warm_area_only,val_warm,kai jun,22880400.0,16.900240067462214,21861552.69988606,0.04452926085706276
T5-E006,warm,warm_area_only,val_warm,semi yh,420900.0,13.128944927660216,503301.6281256717,0.19577483517622168
T5-E006,warm,warm_area_only,val_warm,semi yh,420900.0,13.128944927660216,503301.6281256717,0.19577483517622168
T5-E006,warm,warm_area_only,val_warm,semi yh,393300.0,12.165778887581087,192101.4482136337,0.5115650948038808
T5-E006,warm,warm_area_only,val_warm,yoojin kim,993600.0,13.789169304424444,974002.6510365857,0.019723579874611836
T5-E006,warm,warm_area_only,val_warm,yoojin kim,966000.0,13.435724444861656,684007.6938510372,0.2919175011894025
T5-E006,warm,warm_area_only,val_warm,yoojin kim,1269600.0,13.801194078901771,985785.5144145783,0.22354638121094964
T5-E006,warm,warm_area_only,val_warm,cheolmin im,5934000.0,15.202851088991848,4004186.869337218,0.3252128632731348
T5-E006,warm,warm_area_only,val_warm,cheolmin im,5934000.0,15.202851088991848,4004186.869337218,0.3252128632731348
T5-E006,warm,warm_area_only,val_warm,cheolmin im,5934000.0,15.202851088991848,4004186.869337218,0.3252128632731348
T5-E006,warm,warm_area_only,val_warm,kyunghee jee,496800.0,14.338070134851622,1686338.443345337,2.394401053432643
T5-E006,warm,warm_area_only,val_warm,kyunghee jee,7120800.0,15.512878236188564,5459557.148992827,0.2332944122861438
T5-E006,warm,warm_area_only,val_warm,jung hoon lee,7990200.0,15.447024236346865,5111606.1933725765,0.3602655511285604
T5-E006,warm,warm_area_only,val_warm,jung hoon lee,4071000.0,15.101633577962296,3618729.5818355805,0.11109565663581908
T5-E006,warm,warm_area_only,val_warm,jung hoon lee,10363800.0,15.168440303248602,3868743.3760617496,0.6267060946697399
T5-E006,warm,warm_area_only,val_warm,huieun oh,510600.0,12.326962122636717,225700.03607387983,0.5579709438427736
T5-E006,warm,warm_area_only,val_warm,huieun oh,400200.0,13.049078991543421,464668.25114038185,0.16109008280954984
T5-E006,warm,warm_area_only,val_warm,youngran kim,1295820.0,14.26636017272312,1569645.21286912,0.21131423567248542
T5-E006,warm,warm_area_only,val_warm,youngran kim,3726000.0,14.841578987098055,2790074.865912859,0.2511876366310094
T5-E006,warm,warm_area_only,val_warm,sunghee kim,10101600.0,16.16862233795757,10518249.330316518,0.04124587494223861
T5-E006,warm,warm_area_only,val_warm,sunghee kim,7176000.0,15.842667527925096,7592470.025044218,0.05803651408085531
T5-E006,warm,warm_area_only,val_warm,sunghee kim,7148400.0,15.716419419785018,6691973.758686192,0.06385012608609027
T5-E006,warm,warm_area_only,val_warm,hobong kim,2760000.0,15.232186649139752,4123391.8580295974,0.4939825572571005
T5-E006,warm,warm_area_only,val_warm,hobong kim,10350000.0,16.104772725442125,9867654.318279242,0.046603447509251966
T5-E006,warm,warm_area_only,val_warm,hobong kim,8970000.0,15.919528984531546,8199051.0877447035,0.08594748185677775
T5-E006,warm,warm_area_only,val_warm,jaeyeon yoo,1500000.0,14.28688308755267,1602191.7403430543,0.06812782689536953
T5-E006,warm,warm_area_only,val_warm,jaeyeon yoo,3000000.0,14.914679837085234,3001671.4368025106,0.0005571456008368793
T5-E006,warm,warm_area_only,val_warm,jaeyeon yoo,1200000.0,13.999783602557677,1202344.0718292147,0.0019533931910122432
T5-E006,warm,warm_area_only,val_warm,song yu jeong,6900000.0,15.17271022196976,3885297.9139440283,0.4369133458052133
T5-E006,warm,warm_area_only,val_warm,song yu jeong,4830000.0,14.480755709979393,1944967.2755427554,0.5973152638627836
T5-E006,warm,warm_area_only,val_warm,byeongseok hwang,938400.0,13.894930154746325,1082658.5068019389,0.1537281615536433
T5-E006,warm,warm_area_only,val_warm,byeongseok hwang,565800.0,12.999210736689099,442064.34911185206,0.21869150033253434
T5-E006,warm,warm_area_only,val_warm,seo jiin,690000.0,13.486550256025517,719671.5857466902,0.043002298183608935
T5-E006,warm,warm_area_only,val_warm,seo jiin,690000.0,13.486550256025517,719671.5857466902,0.043002298183608935
T5-E006,warm,warm_area_only,val_warm,seo jiin,828000.0,13.88861387554217,1075841.6845298982,0.29932570595398333
T5-E006,warm,warm_area_only,val_warm,hyunmin wang,3174000.0,16.00277613798935,8910813.863580404,1.8074397805861386
T5-E006,warm,warm_area_only,val_warm,hyunmin wang,3174000.0,16.120352973047808,10022598.717591105,2.157718562568086
T5-E006,warm,warm_area_only,val_warm,yongju jang,5520000.0,15.640554819271033,6203069.5689938925,0.12374448713657474
T5-E006,warm,warm_area_only,val_warm,yongju jang,2760000.0,14.953305803454302,3119882.202469964,0.13039210234418988
T5-E006,warm,warm_area_only,val_warm,beomsik won,12420000.0,15.754815765825928,6953917.764401441,0.4401032395812044
T5-E006,warm,warm_area_only,val_warm,beomsik won,44160000.0,16.446685609999985,13890081.885534149,0.6854601022297521
T5-E006,warm,warm_area_only,val_warm,beomsik won,27600000.0,15.754815765825928,6953917.764401441,0.7480464578115419
T5-E006,warm,warm_area_only,val_warm,joy,455400.0,13.443103557243248,689073.7319383501,0.5131175492717395
T5-E006,warm,warm_area_only,val_warm,joy,455400.0,13.443103557243248,689073.7319383501,0.5131175492717395
T5-E006,warm,warm_area_only,val_warm,lee ufan,20010000.0,16.719534767112517,18247429.287508816,0.08808449337787029
T5-E006,warm,warm_area_only,val_warm,lee ufan,48300000.0,17.910817727737705,60057784.26040052,0.24343238634369604
T5-E006,warm,warm_area_only,val_warm,lee ufan,26220000.0,17.437274943600148,37403503.841575,0.42652569952612496
T5-E006,warm,warm_area_only,val_warm,eun jeong lee,124200.0,11.950169008024135,154843.3141274787,0.24672555658195403
T5-E006,warm,warm_area_only,val_warm,eun jeong lee,1932000.0,13.300884229256368,597723.905157226,0.6906190967095103
T5-E006,warm,warm_area_only,val_warm,eun jeong lee,124200.0,11.950169008024135,154843.3141274787,0.24672555658195403
T5-E006,warm,warm_area_only,val_warm,sujin park,2070000.0,14.885518469965772,2915402.5665552197,0.4084070369831979
T5-E006,warm,warm_area_only,val_warm,sujin park,2070000.0,14.885518469965772,2915402.5665552197,0.4084070369831979
T5-E006,warm,warm_area_only,val_warm,ellie you,1173000.0,13.600358544148634,806418.8440539218,0.31251590447236
T5-E006,warm,warm_area_only,val_warm,a jihye,2000000.0,13.33857288628814,620681.2141075758,0.689659392946212
T5-E006,warm,warm_area_only,val_warm,a jihye,2300000.0,13.794057058576637,978774.990047361,0.5744456565011474
T5-E006,warm,warm_area_only,val_warm,hyuna kim 김현아,4084800.0,15.231438802737378,4120309.347029035,0.008693044219799006
T5-E006,warm,warm_area_only,val_warm,hyuna kim 김현아,5299200.0,15.61884465228356,6069851.221557967,0.1454278422324063
T5-E006,warm,warm_area_only,val_warm,jooyeon oh 오주연,3312000.0,15.00317498424917,3279412.9452972305,0.009839086564845863
T5-E006,warm,warm_area_only,val_warm,manwook,10350000.0,15.969509288066662,8619255.65571813,0.16722167577602617
T5-E006,warm,warm_area_only,val_warm,manwook,11730000.0,16.10291667550694,9849356.445257284,0.16032766877602014
T5-E006,warm,warm_area_only,val_warm,manwook,670000.0,14.235636629063325,1522153.443080142,1.271870810567376
T5-E006,warm,warm_area_only,val_warm,gabby chu,2346000.0,14.45807755334627,1901355.3907116032,0.18953308153810605
T5-E006,warm,warm_area_only,val_warm,gabby chu,1228200.0,14.163350056878135,1416004.961166235,0.15291073210082634
T5-E006,warm,warm_area_only,val_warm,hyunjung park,2300000.0,14.055451263576781,1271173.774616386,0.44731575016678865
T5-E006,warm,warm_area_only,val_warm,hyunjung park,1400000.0,13.826438685101156,1010988.0572271709,0.2778656734091636
T5-E006,warm,warm_area_only,val_warm,hyunjung park,2300000.0,14.055451263576781,1271173.774616386,0.44731575016678865
T5-E006,warm,warm_area_only,val_warm,wheedong kim,2346000.0,14.467803716081232,1919938.507373099,0.18161188944028175
T5-E006,warm,warm_area_only,val_warm,wheedong kim,1283400.0,14.251827862228215,1546999.586445204,0.20539160545831694
T5-E006,warm,warm_area_only,val_warm,kim myoungjin,25764600.0,16.72653478231899,18375609.678939886,0.2867884741490306
T5-E006,warm,warm_area_only,val_warm,kim myoungjin,14766000.0,16.287736987955903,11848798.025528014,0.1975621003976694
T5-E006,warm,warm_area_only,val_warm,kim myoungjin,25764600.0,16.72653478231899,18375609.678939886,0.2867884741490306
T5-E006,warm,warm_area_only,val_warm,jung boram,2622000.0,14.549490061807381,2083354.8517005173,0.2054329322271101
T5-E006,warm,warm_area_only,val_warm,jung boram,1242000.0,14.175713572457376,1433620.430744137,0.15428376066355629
T5-E006,warm,warm_area_only,val_warm,jung boram,2070000.0,14.536743983457898,2056968.7643276672,0.006295282933494112
T5-E006,warm,warm_area_only,val_warm,kong mi sook 공미숙,1656000.0,14.910043967512339,2987788.284626074,0.8042199786389337
T5-E006,warm,warm_area_only,val_warm,kong mi sook 공미숙,20700000.0,16.593550633448178,16087459.822510855,0.2228280278980263
T5-E006,warm,warm_area_only,val_warm,kong mi sook 공미숙,20700000.0,16.513630483671665,14851783.004843486,0.28252256015248856
T5-E006,warm,warm_area_only,val_warm,hyewook jeong 정혜욱,2208000.0,14.881650282081049,2904147.024977566,0.31528397870360786
T5-E006,warm,warm_area_only,val_warm,hyewook jeong 정혜욱,2208000.0,14.881650282081049,2904147.024977566,0.31528397870360786
T5-E006,warm,warm_area_only,val_warm,hyewook jeong 정혜욱,2208000.0,14.881650282081049,2904147.024977566,0.31528397870360786
T5-E006,warm,warm_area_only,val_warm,minzo king,731400.0,13.10042140548946,489148.50105293695,0.3312161593479123
T5-E006,warm,warm_area_only,val_warm,minzo king,3767400.0,15.313348180450555,4472008.437032896,0.18702777433585394
T5-E006,warm,warm_area_only,val_warm,minzo king,5754600.0,15.601173909857447,5963534.5577273825,0.03630739890303106
T5-E006,warm,warm_area_only,val_warm,jang bae park,41400000.0,16.028104122628093,9139389.278272217,0.7792418048726517
T5-E006,warm,warm_area_only,val_warm,jang bae park,2070000.0,14.55207864839613,2088754.782207767,0.009060281259790828
T5-E006,warm,warm_area_only,val_warm,jang bae park,6210000.0,15.852443081237277,7667054.579238384,0.23463036702711498
T5-E006,warm,warm_area_only,val_warm,junghwabaek,1656000.0,14.226029799984675,1507600.391387419,0.08961329022498848
T5-E006,warm,warm_area_only,val_warm,junghwabaek,1104000.0,13.653312108099048,850272.4513428874,0.2298256781314426
T5-E006,warm,warm_area_only,val_warm,junghwabaek,1104000.0,13.67373625856563,867817.1012255577,0.2139337851217774
T5-E006,warm,warm_area_only,val_warm,mi young um,3588000.0,14.411188822919156,1814261.0774429564,0.4943530999322864
T5-E006,warm,warm_area_only,val_warm,mi young um,372600.0,13.847324152728985,1032325.0565738851,1.770598648883213
T5-E006,warm,warm_area_only,val_warm,jea hyun nam,2070000.0,15.090069287105969,3577122.5818297984,0.7280785419467625
T5-E006,warm,warm_area_only,val_warm,jea hyun nam,2070000.0,15.14186803222649,3767295.892715937,0.8199497066260565
T5-E006,warm,warm_area_only,val_warm,minseok jang,3726000.0,14.96311067928063,3150622.717252024,0.15442224443048203
T5-E006,warm,warm_area_only,val_warm,minseok jang,2070000.0,14.618661932196016,2232565.5035450966,0.07853405968362155
T5-E006,warm,warm_area_only,val_warm,min kim,20700000.0,16.63633849421281,16790746.586619508,0.18885282190243924
T5-E006,warm,warm_area_only,val_warm,min kim,7728000.0,16.52799930308028,15066726.134102682,0.9496281229428936
T5-E006,warm,warm_area_only,val_warm,min kim,11592000.0,16.95289268523728,23043462.97512133,0.9878763781160568
T5-E006,warm,warm_area_only,val_warm,seungyeon kim,3312000.0,15.105964928209199,3634437.560925313,0.09735433602817416
T5-E006,warm,warm_area_only,val_warm,seungyeon kim,3726000.0,15.141402253837116,3765541.5762957856,0.010612339317172734
T5-E006,warm,warm_area_only,val_warm,ttodoa,13938000.0,16.29152870002327,11893810.539302016,0.14666304065848645
T5-E006,warm,warm_area_only,val_warm,ttodoa,4140000.0,15.543640757406553,5630116.864759424,0.35993160984527145
T5-E006,warm,warm_area_only,val_warm,ttodoa,13938000.0,16.29152870002327,11893810.539302016,0.14666304065848645
T5-E006,warm,warm_area_only,val_warm,suzy yoo,3270600.0,14.67698718092145,2366652.7686421135,0.2763857492074501
T5-E006,warm,warm_area_only,val_warm,suzy yoo,1090200.0,14.172198222425104,1428589.600861434,0.310392222400875
T5-E006,warm,warm_area_only,val_warm,suzy yoo,3270600.0,14.820713874789591,2732462.772008951,0.16453776921392074
T5-E006,warm,warm_area_only,val_warm,lee kyoungmi,26000000.0,16.677872064911867,17502811.18108554,0.326814954573633
T5-E006,warm,warm_area_only,val_warm,lee kyoungmi,6500000.0,15.454485369001926,5149887.197499733,0.20770966192311793
T5-E006,warm,warm_area_only,val_warm,sejin hong,1680000.0,14.99441393956203,3250807.3523454145,0.93500437639608
T5-E006,warm,warm_area_only,val_warm,sejin hong,1680000.0,14.98207301166801,3210935.9045726294,0.9112713717694222
T5-E006,warm,warm_area_only,val_warm,sejin hong,1120000.0,14.62824731239272,2254068.384717031,1.0125610577830633
T5-E006,warm,warm_area_only,val_warm,mikyung lee 이미경,8280000.0,15.961659497217601,8551861.163944514,0.03283347390634233
T5-E006,warm,warm_area_only,val_warm,mikyung lee 이미경,1656000.0,14.793616033921205,2659413.1441607643,0.6059258116912828
T5-E006,warm,warm_area_only,val_warm,mikyung lee 이미경,4140000.0,15.591622197930526,5906843.771610298,0.4267738578768836
T5-E006,warm,warm_area_only,val_warm,yeju kwon,2346000.0,14.550914479842527,2086324.534457612,0.11068860423801702
T5-E006,warm,warm_area_only,val_warm,yeju kwon,414000.0,13.247250305371123,566510.1664554271,0.36838204457832624
T5-E006,warm,warm_area_only,val_warm,yeju kwon,5658000.0,15.23457760861694,4133262.5163404406,0.26948347183802746
T5-E006,warm,warm_area_only,val_warm,soyeong kim,9000000.0,15.621153091944022,6083879.292098606,0.32401341198904376
T5-E006,warm,warm_area_only,val_warm,soyeong kim,1100000.0,14.156458079495053,1406279.4395334118,0.2784358541212834
T5-E006,warm,warm_area_only,val_warm,soyeong kim,400000.0,13.093182081012506,485620.1830650592,0.21405045766264796
T5-E006,warm,warm_area_only,val_warm,hee seon kim,565800.0,13.36227682621551,635569.5634787772,0.1233113529140636
T5-E006,warm,warm_area_only,val_warm,hee seon kim,662400.0,13.782340674725688,967374.2049660154,0.4604079181250233
T5-E006,warm,warm_area_only,val_warm,noma,2111400.0,14.349694547063976,1706055.5141947577,0.19197901193769173
T5-E006,warm,warm_area_only,val_warm,noma,2111400.0,14.349694547063976,1706055.5141947577,0.19197901193769173
T5-E006,warm,warm_area_only,val_warm,shin sun mi,5520000.0,15.717891862673007,6701834.565809848,0.2141004648206246
T5-E006,warm,warm_area_only,val_warm,shin sun mi,5520000.0,15.394241958389186,4848800.721355901,0.12159407221813386
T5-E006,warm,warm_area_only,val_warm,lee minwoo,12000000.0,16.565931855820768,15649223.479885977,0.3041019566571647
T5-E006,warm,warm_area_only,val_warm,lee minwoo,7500000.0,16.127840603762557,10097925.89470094,0.34639011929345875
T5-E006,warm,warm_area_only,val_warm,lee minwoo,3000000.0,15.566363520163327,5759513.228519044,0.9198377428396813
T5-E006,warm,warm_area_only,val_warm,michelle sakhai,12178600.0,16.65592284841315,17122823.658700142,0.40597635678157934
T5-E006,warm,warm_area_only,val_warm,michelle sakhai,21312500.0,16.840990654219688,20603894.189502645,0.03324836647494919
T5-E006,warm,warm_area_only,val_warm,michelle sakhai,22834800.0,16.89011319687634,21641280.799868736,0.052267556542262845
T5-E006,warm,warm_area_only,val_warm,ahhyeon lee,433900.0,13.865597403696343,1051362.3987485452,1.4230523133176889
T5-E006,warm,warm_area_only,val_warm,ahhyeon lee,3273000.0,15.309350652417628,4454167.142239402,0.36088210884185823
T5-E006,warm,warm_area_only,val_warm,ahhyeon lee,4338700.0,15.33515468244859,4570598.341638845,0.053448807624137507
T5-E006,warm,warm_area_only,val_warm,faozee,2989000.0,14.87525482823766,2885632.9527769224,0.03458248485215042
T5-E006,warm,warm_area_only,val_warm,faozee,3653200.0,15.235259416237366,4136081.567137254,0.1321804355461661
T5-E006,warm,warm_area_only,val_warm,faozee,1281000.0,13.915663246067925,1105339.6774107828,0.13712749616644593
T5-E006,warm,warm_area_only,val_warm,nonsenso,502400.0,13.266720581851729,577648.3559761064,0.14977777861486138
T5-E006,warm,warm_area_only,val_warm,nonsenso,319700.0,12.523066911982841,274598.93995455856,0.1410730686438581
T5-E006,warm,warm_area_only,val_warm,hey sook yoo,22000000.0,16.559461057466343,15548287.430946806,0.29325966222969063
T5-E006,warm,warm_area_only,val_warm,hey sook yoo,4500000.0,15.163057462485138,3847974.4944531005,0.1448945567881999
T5-E006,warm,warm_area_only,val_warm,edgar plans,10320360.0,15.19253334502288,3963085.097819416,0.6159935217551117
T5-E006,warm,warm_area_only,val_warm,kohei nawa,5547200.0,15.242762651005132,4167232.2775560394,0.24876833761969291
T5-E006,warm,warm_area_only,val_warm,엠버 토플리세크,3300000.0,14.46937969014613,1922966.666190048,0.41728282842725817
T5-E006,warm,warm_area_only,val_warm,엠버 토플리세크,3300000.0,14.548638856125311,2081582.2427474181,0.36921750219775207
T5-E006,cold,cold_baseline,val_cold,zinna yoo,6618480.0,15.705181649303274,6617191.871358932,0.00019462605327325974
T5-E006,cold,cold_baseline,val_cold,zinna yoo,1440720.0,14.500639490230647,1984027.6242252353,0.3771084070639925
T5-E006,cold,cold_baseline,val_cold,joanna jung,2208000.0,14.598342613623133,2187659.0729287197,0.009212376390978402
T5-E006,cold,cold_baseline,val_cold,joanna jung,6003000.0,14.966131304658086,3160153.956090443,0.4735708885406559
T5-E006,cold,cold_baseline,val_cold,eun lee,4842420.0,14.829677743888398,2757066.317351546,0.4306428774555809
T5-E006,cold,cold_baseline,val_cold,eun lee,2468820.0,14.32044955564902,1656884.4435907532,0.328875963581487
T5-E006,cold,cold_baseline,val_cold,eun lee,3022200.0,14.171274160737394,1427270.105685178,0.5277380366338502
T5-E006,cold,cold_baseline,val_cold,eun lee,4814820.0,14.829677743888398,2757066.317351546,0.4273791507571319
T5-E006,cold,cold_baseline,val_cold,eun lee,3042900.0,14.32044955564902,1656884.4435907532,0.45549165480602277
T5-E006,cold,cold_baseline,val_cold,eun lee,3323040.0,14.757619261330495,2565385.3554112813,0.22800045879336953
T5-E006,cold,cold_baseline,val_cold,eun lee,5285400.0,14.892523673512512,2935897.255878751,0.4445269504902654
T5-E006,cold,cold_baseline,val_cold,eun lee,4876920.0,14.829677743888398,2757066.317351546,0.43467058771693073
T5-E006,cold,cold_baseline,val_cold,kyong seob lee,5250900.0,14.558141004226647,2101456.0177450674,0.5997912704974258
T5-E006,cold,cold_baseline,val_cold,kyong seob lee,6741300.0,14.945292214827605,3094980.658559792,0.5408926084642737
T5-E006,cold,cold_baseline,val_cold,kyong seob lee,4512600.0,14.471916252813312,1927850.583207874,0.5727849613952325
T5-E006,cold,cold_baseline,val_cold,kyong seob lee,7534800.0,15.297944805812945,4403652.225396432,0.41555817999197964
T5-E006,cold,cold_baseline,val_cold,kyong seob lee,4512600.0,14.432462400995025,1853270.364505143,0.589312067432269
T5-E006,cold,cold_baseline,val_cold,kyong seob lee,7465800.0,14.967633970191393,3164906.180127626,0.5760794315240663
T5-E006,cold,cold_baseline,val_cold,kyong seob lee,7465800.0,14.967633970191393,3164906.180127626,0.5760794315240663
T5-E006,cold,cold_baseline,val_cold,kyong seob lee,4512600.0,14.480110092837387,1943711.9765938881,0.569270049063979
T5-E006,cold,cold_baseline,val_cold,kyong seob lee,7465800.0,14.967633970191393,3164906.180127626,0.5760794315240663
T5-E006,cold,cold_baseline,val_cold,kyong seob lee,5292300.0,14.967633970191393,3164906.180127626,0.4019790676780179
T5-E006,cold,cold_baseline,val_cold,kyong seob lee,3788100.0,14.480110092837387,1943711.9765938881,0.4868900038029914
T5-E006,cold,cold_baseline,val_cold,kyong seob lee,6741300.0,14.967633970191393,3164906.180127626,0.5305199026704603
T5-E006,cold,cold_baseline,val_cold,kyong seob lee,9791100.0,15.67911287304008,6446918.824705035,0.34155316310679745
T5-E006,cold,cold_baseline,val_cold,kyong seob lee,5292300.0,14.967633970191393,3164906.180127626,0.4019790676780179
T5-E006,cold,cold_baseline,val_cold,kyong seob lee,7534800.0,15.297944805812945,4403652.225396432,0.41555817999197964
T5-E006,cold,cold_baseline,val_cold,kyong seob lee,3801900.0,14.595609432068631,2181687.9672781164,0.4261585083042383
T5-E006,cold,cold_baseline,val_cold,kyong seob lee,3788100.0,14.471916252813312,1927850.583207874,0.491077167126561
T5-E006,cold,cold_baseline,val_cold,kyong seob lee,9066600.0,15.678481920129297,6442852.405501431,0.2893860537024429
T5-E006,cold,cold_baseline,val_cold,kyong seob lee,9066600.0,15.678481920129297,6442852.405501431,0.2893860537024429
T5-E006,cold,cold_baseline,val_cold,kyong seob lee,9066600.0,15.67911287304008,6446918.824705035,0.28893754828656437
T5-E006,cold,cold_baseline,val_cold,kyong seob lee,9066600.0,15.67911287304008,6446918.824705035,0.28893754828656437
T5-E006,cold,cold_baseline,val_cold,kyong seob lee,7617600.0,15.697032937691517,6563489.383323641,0.13837831031773254
T5-E006,cold,cold_baseline,val_cold,kyong seob lee,6796500.0,15.279760481363983,4324298.468445326,0.36374627110346114
T5-E006,cold,cold_baseline,val_cold,kyong seob lee,5292300.0,14.967633970191393,3164906.180127626,0.4019790676780179
T5-E006,cold,cold_baseline,val_cold,wookyung jeong,3180900.0,14.223875118554584,1504355.489939958,0.5270660850891389
T5-E006,cold,cold_baseline,val_cold,wookyung jeong,31160400.0,16.271045501399126,11652665.39874085,0.626042496285643
T5-E006,cold,cold_baseline,val_cold,taerin kim,2815200.0,14.83602227732123,2774614.2245573853,0.014416657943526104
T5-E006,cold,cold_baseline,val_cold,taerin kim,4491900.0,15.318474203206204,4494990.908055162,0.0006881070493915842
T5-E006,cold,cold_baseline,val_cold,taerin kim,2815200.0,14.83602227732123,2774614.2245573853,0.014416657943526104
T5-E006,cold,cold_baseline,val_cold,wookyung jeong,31119000.0,16.231110895383637,11196490.01224068,0.6402040550068872
T5-E006,cold,cold_baseline,val_cold,nahyun lee,9108000.0,15.333912290315675,4564923.392202709,0.4988006815763385
T5-E006,cold,cold_baseline,val_cold,zinna yoo,1614600.0,14.409733111807006,1811621.9587953966,0.12202524389656672
T5-E006,cold,cold_baseline,val_cold,zinna yoo,1614600.0,14.409733111807006,1811621.9587953966,0.12202524389656672
T5-E006,cold,cold_baseline,val_cold,zinna yoo,7547220.0,15.612160167813059,6029412.7012336105,0.20110812971748399
T5-E006,cold,cold_baseline,val_cold,zinna yoo,3031860.0,14.975960112290474,3191367.6468103714,0.05261049217654226
T5-E006,cold,cold_baseline,val_cold,zinna yoo,1614600.0,14.409733111807006,1811621.9587953966,0.12202524389656672
T5-E006,cold,cold_baseline,val_cold,joanna jung,1280640.0,14.739053804675658,2518197.1950438553,0.9663583794382928
T5-E006,cold,cold_baseline,val_cold,zinna yoo,14096700.0,16.143091430606045,10253107.933425589,0.27265899583408965
T5-E006,cold,cold_baseline,val_cold,zinna yoo,7574820.0,15.702758964669343,6601179.906095238,0.12853640006029998
T5-E006,cold,cold_baseline,val_cold,zinna yoo,1614600.0,14.488436234936469,1959963.1596565782,0.21390013604396024
T5-E006,cold,cold_baseline,val_cold,taerin kim,4347000.0,15.318474203206204,4494990.908055162,0.034044377284371305
T5-E006,cold,cold_baseline,val_cold,zinna yoo,1614600.0,14.488436234936469,1959963.1596565782,0.21390013604396024
T5-E006,cold,cold_baseline,val_cold,kyung sook park,15262800.0,16.22028817882978,11075966.944356332,0.27431618416304143
T5-E006,cold,cold_baseline,val_cold,seo yeongyeong,4421520.0,14.972410480871613,3180059.54960407,0.2807768483227329
T5-E006,cold,cold_baseline,val_cold,zinna yoo,1571820.0,14.488436234936469,1959963.1596565782,0.24693868232786084
T5-E006,cold,cold_baseline,val_cold,zinna yoo,1571820.0,14.401006550943439,1795881.5093949507,0.14254908920547563
T5-E006,cold,cold_baseline,val_cold,zinna yoo,1571820.0,14.488436234936469,1959963.1596565782,0.24693868232786084
T5-E006,cold,cold_baseline,val_cold,zinna yoo,1614600.0,14.409733111807006,1811621.9587953966,0.12202524389656672
T5-E006,cold,cold_baseline,val_cold,zinna yoo,1642200.0,14.217998562868086,1495540.985959372,0.08930642676935086
T5-E006,cold,cold_baseline,val_cold,zinna yoo,4402200.0,15.308832735117903,4451860.849306629,0.011280916202496261
T5-E006,cold,cold_baseline,val_cold,zinna yoo,2265960.0,14.611690192789089,2217054.7698671697,0.021582565505494505
T5-E006,cold,cold_baseline,val_cold,zinna yoo,2815200.0,14.81051130584696,2704726.364096714,0.03924184281872898
T5-E006,cold,cold_baseline,val_cold,sangjune won,7093200.0,15.533702425976077,5574440.023085961,0.21411492371765056
T5-E006,cold,cold_baseline,val_cold,zinna yoo,1469700.0,14.409733111807006,1811621.9587953966,0.23264745104129864
T5-E006,cold,cold_baseline,val_cold,taerin kim,5375100.0,15.474210685416292,5252478.851980609,0.022812812416399902
T5-E006,cold,cold_baseline,val_cold,zinna yoo,8597400.0,15.832429137502668,7515131.937004086,0.12588318131015358
T5-E006,cold,cold_baseline,val_cold,zinna yoo,30008100.0,16.700022168177142,17894825.810826138,0.40366681626540374
T5-E006,cold,cold_baseline,val_cold,zinna yoo,1571820.0,14.500639490230647,1984027.6242252353,0.26224861894188606
T5-E006,cold,cold_baseline,val_cold,zinna yoo,1440720.0,14.401723779349666,1797170.0286537777,0.24741103660237776
T5-E006,cold,cold_baseline,val_cold,ransoo kim,645840.0,13.902475485917186,1090858.420409479,0.6890536671768224
T5-E006,cold,cold_baseline,val_cold,zinna yoo,1542840.0,14.500639490230647,1984027.6242252353,0.2859581189399
T5-E006,cold,cold_baseline,val_cold,da eun an,832140.0,14.597243576605278,2185256.0753586437,1.626067819547965
T5-E006,cold,cold_baseline,val_cold,taerin kim,5375100.0,15.474210685416292,5252478.851980609,0.022812812416399902
T5-E006,cold,cold_baseline,val_cold,zinna yoo,4087560.0,15.212167592549589,4041666.207654115,0.011227674296129033
T5-E006,cold,cold_baseline,val_cold,zinna yoo,3033240.0,14.833487727227421,2767590.7302731746,0.08757937707758878
T5-E006,cold,cold_baseline,val_cold,zinna yoo,2012040.0,14.73608532976037,2510733.07384794,0.24785445311621052
T5-E006,cold,cold_baseline,val_cold,zinna yoo,10474200.0,15.59163470907118,5906917.673425838,0.4360507080802507
T5-E006,cold,cold_baseline,val_cold,zinna yoo,2771040.0,14.885957617000068,2916683.1381051205,0.05255901686916122
T5-E006,cold,cold_baseline,val_cold,ransoo kim,3105000.0,14.87985477403738,2898937.284099666,0.06636480383263577
T5-E006,cold,cold_baseline,val_cold,ransoo kim,2525400.0,14.87985477403738,2898937.284099666,0.1479121264352839
T5-E006,cold,cold_baseline,val_cold,gwanhee lee,4429800.0,15.687201955551874,6499279.974341766,0.467172327044509
T5-E006,cold,cold_baseline,val_cold,gwanhee lee,8804400.0,16.261794585345175,11545364.649670558,0.3113175968459586
T5-E006,cold,cold_baseline,val_cold,gwanhee lee,1669800.0,14.97283093726122,3181396.9070915803,0.905256262481483
T5-E006,cold,cold_baseline,val_cold,gwanhee lee,1938900.0,15.304424286107949,4432278.243926408,1.2859756789552879
T5-E006,cold,cold_baseline,val_cold,zinna yoo,12344100.0,16.143091430606045,10253107.933425589,0.169392022632222
T5-E006,cold,cold_baseline,val_cold,gwanhee lee,1669800.0,14.9735627161975,3183725.838363635,0.9066509991397981
T5-E006,cold,cold_baseline,val_cold,gwanhee lee,4733400.0,15.689058426630584,6511356.90641555,0.37561940812429756
T5-E006,cold,cold_baseline,val_cold,zinna yoo,3394800.0,14.81051130584696,2704726.364096714,0.20327372331309232
T5-E006,cold,cold_baseline,val_cold,gwanhee lee,2257680.0,15.306270947912026,4440470.724907223,0.9668291010715527
T5-E006,cold,cold_baseline,val_cold,gwanhee lee,731400.0,14.227769288636559,1510225.12734719,1.0648415741689772
T5-E006,cold,cold_baseline,val_cold,gwanhee lee,1380000.0,14.978401882392232,3199169.7545142267,1.318238952546541
T5-E006,cold,cold_baseline,val_cold,gwanhee lee,4918320.0,15.690555709375165,6521113.551160491,0.3258823238749189
T5-E006,cold,cold_baseline,val_cold,seo yeongyeong,2656500.0,14.736094253727732,2510755.479647921,0.054863361698505204
T5-E006,cold,cold_baseline,val_cold,zinna yoo,16704900.0,16.130888175311867,10128746.987252327,0.3936661107068988
T5-E006,cold,cold_baseline,val_cold,ransoo kim,703800.0,14.152806981825846,1401154.3377663873,0.9908416279715647
T5-E006,cold,cold_baseline,val_cold,zinna yoo,3201600.0,14.843954390578462,2796710.2972532366,0.1264647997085093
T5-E006,cold,cold_baseline,val_cold,zinna yoo,3201600.0,14.843954390578462,2796710.2972532366,0.1264647997085093
T5-E006,cold,cold_baseline,val_cold,zinna yoo,5216400.0,15.30231741440824,4422949.8326625535,0.15210684904099503
T5-E006,cold,cold_baseline,val_cold,zinna yoo,5216400.0,15.30231741440824,4422949.8326625535,0.15210684904099503
T5-E006,cold,cold_baseline,val_cold,zinna yoo,5216400.0,15.30231741440824,4422949.8326625535,0.15210684904099503
T5-E006,cold,cold_baseline,val_cold,zinna yoo,20907000.0,16.130888175311867,10128746.987252327,0.5155332191489775
T5-E006,cold,cold_baseline,val_cold,ransoo kim,545100.0,13.344294738753879,624242.8402755122,0.14518958039903174
T5-E006,cold,cold_baseline,val_cold,ransoo kim,545100.0,13.655645718718308,852258.9731472882,0.5634910532879989
T5-E006,cold,cold_baseline,val_cold,ransoo kim,545100.0,13.538221244670837,757835.2135896925,0.3902682325989589
T5-E006,cold,cold_baseline,val_cold,nahyun lee,6085800.0,15.310397486687084,4458832.358473861,0.26733833539159013
T5-E006,cold,cold_baseline,val_cold,joanna jung,9101100.0,14.972177697248766,3179319.3699754337,0.6506664721873803
T5-E006,cold,cold_baseline,val_cold,joanna jung,7562400.0,14.591703926447567,2173183.989633991,0.7126330279231473
T5-E006,cold,cold_baseline,val_cold,zinna yoo,3408600.0,14.975960112290474,3191367.6468103714,0.06373066748507557
T5-E006,cold,cold_baseline,val_cold,joanna jung,7990200.0,14.46734255519014,1919053.3109448715,0.7598241206797237
T5-E006,cold,cold_baseline,val_cold,sarah soh,3539700.0,14.805157245287152,2690283.793046487,0.2399684173668709
T5-E006,cold,cold_baseline,val_cold,seo yeongyeong,3728760.0,14.406506061844587,1805785.1870636193,0.5157142891836377
T5-E006,cold,cold_baseline,val_cold,seo yeongyeong,2455020.0,14.16643765625178,1420383.773728172,0.4214369847381398
T5-E006,cold,cold_baseline,val_cold,seo yeongyeong,674820.0,13.522380009431835,745924.7549585073,0.10536847597656747
T5-E006,cold,cold_baseline,val_cold,seo yeongyeong,2482620.0,14.406506061844587,1805785.1870636193,0.27262924367659197
T5-E006,cold,cold_baseline,val_cold,seo yeongyeong,2917320.0,14.406506061844587,1805785.1870636193,0.38101230339365605
T5-E006,cold,cold_baseline,val_cold,seo yeongyeong,2252160.0,14.236405875947131,1523324.805348531,0.32361608173996026
T5-E006,cold,cold_baseline,val_cold,seo yeongyeong,1123320.0,13.599013880580284,805335.2107378904,0.2830758726472506
T5-E006,cold,cold_baseline,val_cold,seo yeongyeong,3639060.0,14.974920335366535,3188051.060928952,0.12393556002677836
T5-E006,cold,cold_baseline,val_cold,seo yeongyeong,3538320.0,14.810182994865851,2703838.518483193,0.23584115668362582
T5-E006,cold,cold_baseline,val_cold,seo yeongyeong,2179020.0,14.230880786814843,1514931.508230466,0.304764752856575
T5-E006,cold,cold_baseline,val_cold,seo yeongyeong,4076520.0,14.413373986316277,1818229.8689919892,0.5539749911709033
T5-E006,cold,cold_baseline,val_cold,seo yeongyeong,819720.0,13.517054317234951,741962.748888494,0.0948583066309301
T5-E006,cold,cold_baseline,val_cold,seo yeongyeong,1399320.0,13.517054317234951,741962.748888494,0.4697690671980005
T5-E006,cold,cold_baseline,val_cold,seo yeongyeong,3800520.0,14.60789459242933,2208655.6658896264,0.4188543499601038
T5-E006,cold,cold_baseline,val_cold,seo yeongyeong,1468320.0,14.485016823356835,1953272.6841963856,0.330277244876039
T5-E006,cold,cold_baseline,val_cold,seo yeongyeong,1268220.0,13.889391061698552,1076678.1387918072,0.15103204586601124
T5-E006,cold,cold_baseline,val_cold,seo yeongyeong,978420.0,13.889391061698552,1076678.1387918072,0.10042531713559333
T5-E006,cold,cold_baseline,val_cold,nahyun lee,7576200.0,15.562016870049474,5734532.969242071,0.24308585184629883
T5-E006,cold,cold_baseline,val_cold,seo yeongyeong,819720.0,13.532495121794001,753508.1564897402,0.08077373189657415
T5-E006,cold,cold_baseline,val_cold,seo yeongyeong,327060.0,13.029280698423568,455559.0834302744,0.39289146771318534
T5-E006,cold,cold_baseline,val_cold,seo yeongyeong,1309620.0,14.236405875947131,1523324.805348531,0.16318077407838236
T5-E006,cold,cold_baseline,val_cold,seo yeongyeong,1123320.0,13.589144512466117,797426.1539820884,0.29011665956086563
T5-E006,cold,cold_baseline,val_cold,seo yeongyeong,529920.0,13.029280698423568,455559.0834302744,0.14032479727076844
T5-E006,cold,cold_baseline,val_cold,seo yeongyeong,5202600.0,15.29991789711135,4412349.61082968,0.1518952810460769
T5-E006,cold,cold_baseline,val_cold,seo yeongyeong,2760000.0,14.604066382918464,2200216.6327629774,0.20282006059312413
T5-E006,cold,cold_baseline,val_cold,seo yeongyeong,2470200.0,14.411441194834193,1814719.0037668892,0.2653554352818034
T5-E006,cold,cold_baseline,val_cold,seo yeongyeong,2470200.0,14.411441194834193,1814719.0037668892,0.2653554352818034
T5-E006,cold,cold_baseline,val_cold,seo yeongyeong,2615100.0,14.411441194834193,1814719.0037668892,0.3060613346461362
T5-E006,cold,cold_baseline,val_cold,seo yeongyeong,4367700.0,14.503495096634621,1989701.3232848109,0.5444510100774296
T5-E006,cold,cold_baseline,val_cold,seo yeongyeong,2061720.0,14.598745245844473,2188540.0723082535,0.06151178254479439
T5-E006,cold,cold_baseline,val_cold,seo yeongyeong,2049300.0,14.58720751023287,2163434.3854708625,0.05569432756105133
T5-E006,cold,cold_baseline,val_cold,seo yeongyeong,1861620.0,14.000001160299222,1202605.6795464016,0.3540004514635631
T5-E006,cold,cold_baseline,val_cold,seo yeongyeong,385020.0,13.029280698423568,455559.0834302744,0.18320888117571657
T5-E006,cold,cold_baseline,val_cold,seo yeongyeong,2111400.0,13.029280698423568,455559.0834302744,0.784238380491487
T5-E006,cold,cold_baseline,val_cold,zinna yoo,5840160.0,15.274029190222615,4299585.541078204,0.26378976927375203
T5-E006,cold,cold_baseline,val_cold,seo yeongyeong,414000.0,13.029280698423568,455559.0834302744,0.1003842594934164
T5-E006,cold,cold_baseline,val_cold,seo yeongyeong,529920.0,13.029280698423568,455559.0834302744,0.14032479727076844
T5-E006,cold,cold_baseline,val_cold,ransoo kim,1642200.0,14.740398293912138,2521585.161099519,0.5354921209959318
T5-E006,cold,cold_baseline,val_cold,seo yeongyeong,442980.0,13.029280698423568,455559.0834302744,0.02839650419945458
T5-E006,cold,cold_baseline,val_cold,seo yeongyeong,2105880.0,14.406506061844587,1805785.1870636193,0.14250328268295476
T5-E006,cold,cold_baseline,val_cold,seo yeongyeong,819720.0,13.029280698423568,455559.0834302744,0.44425037399322403
T5-E006,cold,cold_baseline,val_cold,seo yeongyeong,964620.0,13.029280698423568,455559.0834302744,0.5277320774706368
T5-E006,cold,cold_baseline,val_cold,ransoo kim,3581100.0,15.105088037526581,3631251.9534104844,0.01400462243737521
T5-E006,cold,cold_baseline,val_cold,ransoo kim,6230700.0,15.385468281165886,4806444.988374037,0.22858667752033693
T5-E006,cold,cold_baseline,val_cold,ransoo kim,6085800.0,15.385468281165886,4806444.988374037,0.2102196936517735
T5-E006,cold,cold_baseline,val_cold,ransoo kim,3118800.0,14.883472710186465,2909444.4497598824,0.06712695595745723
T5-E006,cold,cold_baseline,val_cold,ransoo kim,1573200.0,14.008327302398303,1212660.5463609733,0.22917585408023566
T5-E006,cold,cold_baseline,val_cold,ransoo kim,3091200.0,14.739053804675658,2518197.1950438553,0.18536581423270726
T5-E006,cold,cold_baseline,val_cold,seo yeongyeong,964620.0,13.029280698423568,455559.0834302744,0.5277320774706368
T5-E006,cold,cold_baseline,val_cold,seo yeongyeong,964620.0,13.029280698423568,455559.0834302744,0.5277320774706368
T5-E006,cold,cold_baseline,val_cold,seo yeongyeong,964620.0,13.029280698423568,455559.0834302744,0.5277320774706368
T5-E006,cold,cold_baseline,val_cold,seo yeongyeong,1109520.0,13.029280698423568,455559.0834302744,0.589408858397979
T5-E006,cold,cold_baseline,val_cold,seo yeongyeong,1242000.0,13.029280698423568,455559.0834302744,0.6332052468355278
T5-E006,cold,cold_baseline,val_cold,seo yeongyeong,819720.0,13.029280698423568,455559.0834302744,0.44425037399322403
T5-E006,cold,cold_baseline,val_cold,joanna jung,545100.0,13.504751317163983,732890.3047132837,0.3445061543079869
T5-E006,cold,cold_baseline,val_cold,gwanhee lee,7210500.0,16.235747066906992,11248519.37573005,0.5600193295513558
T5-E006,cold,cold_baseline,val_cold,nahyun lee,9218400.0,15.331045962701022,4551857.560647319,0.5062204329767293
T5-E006,cold,cold_baseline,val_cold,zinna yoo,4462920.0,15.318474203206204,4494990.908055162,0.0071860817704915295
T5-E006,cold,cold_baseline,val_cold,seo yeongyeong,2731020.0,14.000001160299222,1202605.6795464016,0.5596496255807715
T5-E006,cold,cold_baseline,val_cold,seo yeongyeong,1399320.0,13.029280698423568,455559.0834302744,0.6744425267770957
T5-E006,cold,cold_baseline,val_cold,seo yeongyeong,1399320.0,13.029280698423568,455559.0834302744,0.6744425267770957
T5-E006,cold,cold_baseline,val_cold,seo yeongyeong,1399320.0,13.029280698423568,455559.0834302744,0.6744425267770957
T5-E006,cold,cold_baseline,val_cold,seo yeongyeong,1399320.0,13.029280698423568,455559.0834302744,0.6744425267770957
T5-E006,cold,cold_baseline,val_cold,seo yeongyeong,1254420.0,13.029280698423568,455559.0834302744,0.6368368780549781
T5-E006,cold,cold_baseline,val_cold,seo yeongyeong,1254420.0,13.029280698423568,455559.0834302744,0.6368368780549781
T5-E006,cold,cold_baseline,val_cold,seo yeongyeong,1254420.0,13.029280698423568,455559.0834302744,0.6368368780549781
T5-E006,cold,cold_baseline,val_cold,seo yeongyeong,964620.0,13.029280698423568,455559.0834302744,0.5277320774706368
T5-E006,cold,cold_baseline,val_cold,seo yeongyeong,964620.0,13.029280698423568,455559.0834302744,0.5277320774706368
T5-E006,cold,cold_baseline,val_cold,seo yeongyeong,2282520.0,13.742277839248707,929384.519685348,0.5928252459188318
T5-E006,cold,cold_baseline,val_cold,seo yeongyeong,2427420.0,13.742277839248707,929384.519685348,0.6171307315234495
T5-E006,cold,cold_baseline,val_cold,seo yeongyeong,1254420.0,13.029280698423568,455559.0834302744,0.6368368780549781
T5-E006,cold,cold_baseline,val_cold,seo yeongyeong,1254420.0,13.029280698423568,455559.0834302744,0.6368368780549781
T5-E006,cold,cold_baseline,val_cold,seo yeongyeong,1109520.0,13.029280698423568,455559.0834302744,0.589408858397979
T5-E006,cold,cold_baseline,val_cold,seo yeongyeong,1254420.0,13.029280698423568,455559.0834302744,0.6368368780549781
T5-E006,cold,cold_baseline,val_cold,seo yeongyeong,1254420.0,13.029280698423568,455559.0834302744,0.6368368780549781
T5-E006,cold,cold_baseline,val_cold,seo yeongyeong,1254420.0,13.029280698423568,455559.0834302744,0.6368368780549781
T5-E006,cold,cold_baseline,val_cold,seo yeongyeong,1109520.0,13.029280698423568,455559.0834302744,0.589408858397979
T5-E006,cold,cold_baseline,val_cold,seo yeongyeong,1399320.0,13.029280698423568,455559.0834302744,0.6744425267770957
T5-E006,cold,cold_baseline,val_cold,seo yeongyeong,1254420.0,13.388294955331423,652322.8945318304,0.4799804734205207
T5-E006,cold,cold_baseline,val_cold,seo yeongyeong,964620.0,13.029280698423568,455559.0834302744,0.5277320774706368
T5-E006,cold,cold_baseline,val_cold,seo yeongyeong,964620.0,13.029280698423568,455559.0834302744,0.5277320774706368
T5-E006,cold,cold_baseline,val_cold,seo yeongyeong,1399320.0,13.388294955331423,652322.8945318304,0.5338286492497567
T5-E006,cold,cold_baseline,val_cold,seo yeongyeong,1109520.0,13.029280698423568,455559.0834302744,0.589408858397979
T5-E006,cold,cold_baseline,val_cold,seo yeongyeong,1109520.0,13.029280698423568,455559.0834302744,0.589408858397979
T5-E006,cold,cold_baseline,val_cold,seo yeongyeong,1109520.0,13.029280698423568,455559.0834302744,0.589408858397979
T5-E006,cold,cold_baseline,val_cold,seo yeongyeong,1254420.0,13.029280698423568,455559.0834302744,0.6368368780549781
T5-E006,cold,cold_baseline,val_cold,seo yeongyeong,1109520.0,13.029280698423568,455559.0834302744,0.589408858397979
T5-E006,cold,cold_baseline,val_cold,seo yeongyeong,964620.0,13.029280698423568,455559.0834302744,0.5277320774706368
T5-E006,cold,cold_baseline,val_cold,seo yeongyeong,1109520.0,13.388294955331423,652322.8945318304,0.41206747554633494
T5-E006,cold,cold_baseline,val_cold,seo yeongyeong,964620.0,13.029280698423568,455559.0834302744,0.5277320774706368
T5-E006,cold,cold_baseline,val_cold,seo yeongyeong,1109520.0,13.029280698423568,455559.0834302744,0.589408858397979
T5-E006,cold,cold_baseline,val_cold,seo yeongyeong,1109520.0,13.029280698423568,455559.0834302744,0.589408858397979
T5-E006,cold,cold_baseline,val_cold,seo yeongyeong,964620.0,13.029280698423568,455559.0834302744,0.5277320774706368
T5-E006,cold,cold_baseline,val_cold,lee mong,6648840.0,16.201733938787736,10872355.563426202,0.6352259286471328
T5-E006,cold,cold_baseline,val_cold,seo yeongyeong,3062220.0,14.406506061844587,1805785.1870636193,0.4103019420343348
T5-E006,cold,cold_baseline,val_cold,seo yeongyeong,3339600.0,14.406506061844587,1805785.1870636193,0.45928099560916896
T5-E006,cold,cold_baseline,val_cold,seo yeongyeong,4962480.0,14.000001160299222,1202605.6795464016,0.7576603473371375
T5-E006,cold,cold_baseline,val_cold,ransoo kim,1945800.0,14.774972968324548,2610292.8297828394,0.34150109455382843
T5-E006,cold,cold_baseline,val_cold,ransoo kim,3105000.0,14.871528631938299,2874900.5259294687,0.07410611081176532
T5-E006,cold,cold_baseline,val_cold,ransoo kim,5361300.0,15.382460293648194,4792008.984389159,0.10618525648832207
T5-E006,cold,cold_baseline,val_cold,ransoo kim,1945800.0,14.774972968324548,2610292.8297828394,0.34150109455382843
T5-E006,cold,cold_baseline,val_cold,ransoo kim,1932000.0,14.732072151813057,2500677.2466526115,0.2943464009589087
T5-E006,cold,cold_baseline,val_cold,ransoo kim,3118800.0,14.970052034146928,3172568.3858026923,0.017240087791038947
T5-E006,cold,cold_baseline,val_cold,ransoo kim,4636800.0,15.298959242758812,4408121.71953733,0.04931812466845025
T5-E006,cold,cold_baseline,val_cold,ransoo kim,3898500.0,15.218004691040864,4065326.798797772,0.04279256093312089
T5-E006,cold,cold_baseline,val_cold,ransoo kim,3105000.0,14.871528631938299,2874900.5259294687,0.07410611081176532
T5-E006,cold,cold_baseline,val_cold,seo yeongyeong,2704800.0,13.599013880580284,805335.2107378904,0.7022570205790112
T5-E006,cold,cold_baseline,val_cold,lee mong,960480.0,14.795502365717807,2664434.4141365923,1.7740654819846247
T5-E006,cold,cold_baseline,val_cold,seo yeongyeong,3588000.0,14.000001160299222,1202605.6795464016,0.6648256188555178
T5-E006,cold,cold_baseline,val_cold,seo yeongyeong,4409100.0,14.8980687024086,2952222.1100638253,0.3304252318922625
T5-E006,cold,cold_baseline,val_cold,seo yeongyeong,4345620.0,15.294952183255198,4390493.455846131,0.010326134325166684
T5-E006,cold,cold_baseline,val_cold,zinna yoo,818340.0,13.198247372273412,539418.7081111183,0.34083790586905405
T5-E006,cold,cold_baseline,val_cold,zinna yoo,818340.0,13.198247372273412,539418.7081111183,0.34083790586905405
T5-E006,cold,cold_baseline,val_cold,zinna yoo,1571820.0,14.488436234936469,1959963.1596565782,0.24693868232786084
T5-E006,cold,cold_baseline,val_cold,zinna yoo,3018060.0,14.875884113098177,2887449.4093814925,0.04327633997286584
T5-E006,cold,cold_baseline,val_cold,zinna yoo,1614600.0,14.409733111807006,1811621.9587953966,0.12202524389656672
T5-E006,cold,cold_baseline,val_cold,zinna yoo,1556640.0,14.401006550943439,1795881.5093949507,0.15369096862148646
T5-E006,cold,cold_baseline,val_cold,zinna yoo,1556640.0,14.401006550943439,1795881.5093949507,0.15369096862148646
T5-E006,cold,cold_baseline,val_cold,zinna yoo,16744920.0,16.242749097632572,11327558.247391062,0.32352270136906824
T5-E006,cold,cold_baseline,val_cold,zinna yoo,1614600.0,14.409733111807006,1811621.9587953966,0.12202524389656672
T5-E006,cold,cold_baseline,val_cold,taerin kim,4305600.0,15.12404839881256,3700758.656200641,0.14047782975644724
T5-E006,cold,cold_baseline,val_cold,taerin kim,4347000.0,15.318474203206204,4494990.908055162,0.034044377284371305
T5-E006,cold,cold_baseline,val_cold,taerin kim,5375100.0,15.474210685416292,5252478.851980609,0.022812812416399902
T5-E006,cold,cold_baseline,val_cold,taerin kim,4347000.0,15.318474203206204,4494990.908055162,0.034044377284371305
T5-E006,cold,cold_baseline,val_cold,taerin kim,1773300.0,14.37934519740166,1757398.585922332,0.008967131380853767
T5-E006,cold,cold_baseline,val_cold,taerin kim,1773300.0,14.37934519740166,1757398.585922332,0.008967131380853767
T5-E006,cold,cold_baseline,val_cold,taerin kim,1773300.0,14.37934519740166,1757398.585922332,0.008967131380853767
T5-E006,cold,cold_baseline,val_cold,taerin kim,2829000.0,14.99060513768641,3238449.2209814014,0.1447328458753628
T5-E006,cold,cold_baseline,val_cold,taerin kim,6186540.0,15.49454533870486,5360379.5317625515,0.13354160293757875
T5-E006,cold,cold_baseline,val_cold,ransoo kim,1800900.0,14.783299110423629,2632117.2292488366,0.4615565712970385
T5-E006,cold,cold_baseline,val_cold,ransoo kim,3118800.0,14.978378176246009,3199093.915427164,0.025745131277146394
T5-E006,cold,cold_baseline,val_cold,ransoo kim,674820.0,13.902475485917186,1090858.420409479,0.616517620120149
T5-E006,cold,cold_baseline,val_cold,zinna yoo,2718600.0,15.30231741440824,4422949.8326625535,0.6269218835660095
T5-E006,cold,cold_baseline,val_cold,sarah soh,4581600.0,14.998864452820436,3265307.3558629663,0.28729977390803074
T5-E006,cold,cold_baseline,val_cold,zinna yoo,5658000.0,15.286232445516793,4352375.933287065,0.2307571697972668
T5-E006,cold,cold_baseline,val_cold,zinna yoo,1062600.0,14.217998562868086,1495540.985959372,0.4074355222655487
T5-E006,cold,cold_baseline,val_cold,zinna yoo,1542840.0,14.500639490230647,1984027.6242252353,0.2859581189399
T5-E006,cold,cold_baseline,val_cold,gwanhee lee,1587000.0,14.775155168438038,2610768.4687620923,0.64509670369382
T5-E006,cold,cold_baseline,val_cold,gwanhee lee,1407600.0,14.484370926001795,1952011.4778847469,0.3867657558146823
T5-E006,cold,cold_baseline,val_cold,gwanhee lee,2359800.0,15.301271956306701,4418328.240188888,0.8723316553050633
T5-E006,cold,cold_baseline,val_cold,gwanhee lee,6900000.0,16.22742092480791,11155251.424922612,0.616703105061248
T5-E006,cold,cold_baseline,val_cold,hagley art,833520.0,13.335968596654798,619066.8834607584,0.25728610775895194
T5-E006,cold,cold_baseline,val_cold,artist aeun,234600.0,12.989492418084236,437789.0350043538,0.8661084186033836
T5-E006,cold,cold_baseline,val_cold,artist aeun,317400.0,13.191410243057158,535743.2119412082,0.6879118208607694
T5-E006,cold,cold_baseline,val_cold,artist aeun,234600.0,12.47250669220616,261060.2995047496,0.11278900044650296
T5-E006,cold,cold_baseline,val_cold,artist aeun,303600.0,12.860510809343161,384812.2412866393,0.2674975009441347
T5-E006,cold,cold_baseline,val_cold,zinna yoo,1131600.0,14.425226729321263,1839909.105759533,0.6259359365142567
T5-E006,cold,cold_baseline,val_cold,zinna yoo,593400.0,13.61009615011712,814309.7901124338,0.3722780419825309
T5-E006,cold,cold_baseline,val_cold,zinna yoo,510600.0,13.355167780071119,631067.292511566,0.23593280946252637
T5-E006,cold,cold_baseline,val_cold,zinna yoo,4319400.0,15.318688270337733,4495953.2408633325,0.04087448276689645
T5-E006,cold,cold_baseline,val_cold,zinna yoo,10170600.0,15.855616603549711,7691424.7972784005,0.24375899187084335
T5-E006,cold,cold_baseline,val_cold,zinna yoo,1076400.0,14.383534612304032,1764776.5015314692,0.639517374146664
T5-E006,cold,cold_baseline,val_cold,zinna yoo,993600.0,14.3530798590049,1711840.8313252837,0.722867181285511
T5-E006,cold,cold_baseline,val_cold,zinna yoo,1104000.0,14.380049154408498,1758636.154517134,0.5929675312655199
T5-E006,cold,cold_baseline,val_cold,zinna yoo,1301340.0,14.50064270358784,1984033.9996249157,0.5246084802011124
T5-E006,cold,cold_baseline,val_cold,zinna yoo,1104000.0,14.50064270358784,1984033.9996249157,0.7971322460370612
T5-E006,cold,cold_baseline,val_cold,zinna yoo,1104000.0,14.417748227848774,1826200.6659867677,0.6541672699155505
T5-E006,cold,cold_baseline,val_cold,zinna yoo,1304100.0,14.320341699495547,1656705.7480447982,0.27038244616578344
T5-E006,cold,cold_baseline,val_cold,zinna yoo,1304100.0,14.272306716233503,1579006.983925693,0.21080207340364462
T5-E006,cold,cold_baseline,val_cold,zinna yoo,6030600.0,15.589680312443248,5895384.4873245135,0.022421568778477514
T5-E006,cold,cold_baseline,val_cold,zinna yoo,6527400.0,15.589680312443248,5895384.4873245135,0.09682500117588726
T5-E006,cold,cold_baseline,val_cold,zinna yoo,1214400.0,14.203916203729841,1474627.8395195436,0.21428511159382704
T5-E006,cold,cold_baseline,val_cold,zinna yoo,1849200.0,14.82516158512834,2744643.0420073634,0.4842326638586218
T5-E006,cold,cold_baseline,val_cold,zinna yoo,2635800.0,14.811162554742502,2706488.38784981,0.026818570396012622
T5-E006,cold,cold_baseline,val_cold,zinna yoo,2387400.0,14.682707904891723,2380230.5361654754,0.0030030425712174835
T5-E006,cold,cold_baseline,val_cold,zinna yoo,1324800.0,14.363005214910773,1728916.0595118639,0.3050392961291243
T5-E006,cold,cold_baseline,val_cold,zinna yoo,1214400.0,14.417748227848774,1826200.6659867677,0.503788427195955
T5-E006,cold,cold_baseline,val_cold,zinna yoo,1021200.0,14.123593354498615,1360813.6549274207,0.3325633126982184
T5-E006,cold,cold_baseline,val_cold,zinna yoo,966000.0,14.160176301445242,1411518.0317024104,0.4611987905822054
T5-E006,cold,cold_baseline,val_cold,zinna yoo,1228200.0,14.316158743029213,1649790.2936289627,0.3432586660388884
T5-E006,cold,cold_baseline,val_cold,zinna yoo,2208000.0,14.88898613435446,2925529.752907659,0.3249681851936861
T5-E006,cold,cold_baseline,val_cold,zinna yoo,676200.0,13.524121456833441,747224.8754019414,0.10503530819571334
T5-E006,cold,cold_baseline,val_cold,zinna yoo,841800.0,14.007059115913684,1211123.6413926848,0.43873086409204654
T5-E006,cold,cold_baseline,val_cold,zinna yoo,1145400.0,14.380049154408498,1758636.154517134,0.535390391581224
T5-E006,cold,cold_baseline,val_cold,zinna yoo,2194200.0,14.829382178282172,2756251.5437895046,0.25615328766270373
T5-E006,cold,cold_baseline,val_cold,zinna yoo,2626140.0,14.88898613435446,2925529.752907659,0.11400372901203246
T5-E006,cold,cold_baseline,val_cold,zinna yoo,1269600.0,14.422253176742926,1834446.16548954,0.4449008864914461
T5-E006,cold,cold_baseline,val_cold,zinna yoo,1380000.0,14.422253176742926,1834446.16548954,0.32930881557213043
T5-E006,cold,cold_baseline,val_cold,zinna yoo,2628900.0,14.833292862830069,2767051.477915651,0.05255105858558757
T5-E006,cold,cold_baseline,val_cold,zinna yoo,1849200.0,14.748288585054548,2541559.901790745,0.374410502807022
T5-E006,cold,cold_baseline,val_cold,zinna yoo,1269600.0,14.25374291144369,1549965.0053448495,0.22082939929493506
T5-E006,cold,cold_baseline,val_cold,zinna yoo,2249400.0,14.8456909825216,2801571.2613566634,0.24547490946770847
T5-E006,cold,cold_baseline,val_cold,zinna yoo,1242000.0,14.272306716233503,1579006.983925693,0.27134217707382685
T5-E006,cold,cold_baseline,val_cold,zinna yoo,2263200.0,14.88898613435446,2925529.752907659,0.2926518879938401
T5-E006,cold,cold_baseline,val_cold,zinna yoo,1214400.0,14.417748227848774,1826200.6659867677,0.503788427195955
T5-E006,cold,cold_baseline,val_cold,zinna yoo,1283400.0,14.50064270358784,1984033.9996249157,0.5459202116447839
T5-E006,cold,cold_baseline,val_cold,zinna yoo,1283400.0,14.50064270358784,1984033.9996249157,0.5459202116447839
T5-E006,cold,cold_baseline,val_cold,zinna yoo,1228200.0,14.288087341710243,1604122.3486458103,0.30607584159404844
T5-E006,cold,cold_baseline,val_cold,zinna yoo,1228200.0,14.288087341710243,1604122.3486458103,0.30607584159404844
T5-E006,cold,cold_baseline,val_cold,zinna yoo,1228200.0,14.288087341710243,1604122.3486458103,0.30607584159404844
T5-E006,cold,cold_baseline,val_cold,zinna yoo,1228200.0,14.288087341710243,1604122.3486458103,0.30607584159404844
T5-E006,cold,cold_baseline,val_cold,zinna yoo,1324800.0,14.288087341710243,1604122.3486458103,0.21084114481114904
T5-E006,cold,cold_baseline,val_cold,zinna yoo,621000.0,13.335081455341937,618517.9271899131,0.003996896634600463
T5-E006,cold,cold_baseline,val_cold,zinna yoo,993600.0,14.076121314252529,1297722.4368134164,0.30608135750142557
T5-E006,cold,cold_baseline,val_cold,zinna yoo,1752600.0,14.604149913400104,2200400.4255940677,0.2555063480509344
T5-E006,cold,cold_baseline,val_cold,zinna yoo,1407600.0,14.475147349087791,1934089.7282561443,0.37403362337037815
T5-E006,cold,cold_baseline,val_cold,zinna yoo,1614600.0,14.416528329593882,1823974.245260732,0.12967561331644495
T5-E006,cold,cold_baseline,val_cold,zinna yoo,1380000.0,14.409733111807006,1811621.9587953966,0.31276953535898305
T5-E006,cold,cold_baseline,val_cold,zinna yoo,3933000.0,15.304564270577774,4432898.73747522,0.12710367085563695
T5-E006,cold,cold_baseline,val_cold,zinna yoo,1255800.0,14.422253176742926,1834446.16548954,0.4607789182111323
T5-E006,cold,cold_baseline,val_cold,zinna yoo,779700.0,14.012417098633943,1217630.2364814654,0.561665046147833
T5-E006,cold,cold_baseline,val_cold,zinna yoo,6610200.0,15.67894988310614,6445868.127460551,0.024860348028720544
T5-E006,cold,cold_baseline,val_cold,zinna yoo,1021200.0,14.371227475801858,1743190.2610988107,0.7070018224626035
T5-E006,cold,cold_baseline,val_cold,zinna yoo,931500.0,14.229431589400907,1512737.6634474944,0.6239803150268324
T5-E006,cold,cold_baseline,val_cold,zinna yoo,1255800.0,14.492279467064414,1967510.246354919,0.5667385303033277
T5-E006,cold,cold_baseline,val_cold,zinna yoo,2194200.0,14.829382178282172,2756251.5437895046,0.25615328766270373
T5-E006,cold,cold_baseline,val_cold,zinna yoo,1214400.0,14.50064270358784,1984033.9996249157,0.6337565873064194
T5-E006,cold,cold_baseline,val_cold,zinna yoo,3339600.0,15.235119857308673,4135504.380301484,0.2383232663497077
T5-E006,cold,cold_baseline,val_cold,zinna yoo,3132600.0,15.12493459752043,3704039.717361251,0.18241707123834863
T5-E006,cold,cold_baseline,val_cold,zinna yoo,945300.0,14.229431589400907,1512737.6634474944,0.6002725732016232
T5-E006,cold,cold_baseline,val_cold,zinna yoo,2346000.0,14.988210712417953,3230704.2723867004,0.37711179556125335
T5-E006,cold,cold_baseline,val_cold,zinna yoo,1242000.0,14.492279467064414,1967510.246354919,0.5841467361955869
T5-E006,cold,cold_baseline,val_cold,zinna yoo,1255800.0,14.713363980844626,2454329.046014057,0.9543948447316906
T5-E006,cold,cold_baseline,val_cold,zinna yoo,945300.0,14.229431589400907,1512737.6634474944,0.6002725732016232
T5-E006,cold,cold_baseline,val_cold,gwanhee lee,1807800.0,15.304696306622633,4433484.078533983,1.452419558874866
T5-E006,cold,cold_baseline,val_cold,zinna yoo,1214400.0,14.266887239295283,1570472.738452358,0.29320877672295614
T5-E006,cold,cold_baseline,val_cold,zinna yoo,703800.0,14.001247525624079,1204105.5000328328,0.7108631714021495
T5-E006,cold,cold_baseline,val_cold,zinna yoo,3036000.0,15.235119857308673,4135504.380301484,0.3621555929846785
T5-E006,cold,cold_baseline,val_cold,zinna yoo,703800.0,14.001247525624079,1204105.5000328328,0.7108631714021495
T5-E006,cold,cold_baseline,val_cold,zinna yoo,2346000.0,14.988210712417953,3230704.2723867004,0.37711179556125335
T5-E006,cold,cold_baseline,val_cold,zinna yoo,1214400.0,14.422253176742926,1834446.16548954,0.5105781995137846
T5-E006,cold,cold_baseline,val_cold,zinna yoo,5188800.0,15.598006454542329,5944675.21233015,0.14567437795446933
T5-E006,cold,cold_baseline,val_cold,zinna yoo,9591000.0,16.142884048319267,10250981.840920357,0.06881262026069826
T5-E006,cold,cold_baseline,val_cold,zinna yoo,945300.0,14.229431589400907,1512737.6634474944,0.6002725732016232
T5-E006,cold,cold_baseline,val_cold,zinna yoo,11109000.0,16.142884048319267,10250981.840920357,0.0772363092159189
T5-E006,cold,cold_baseline,val_cold,zinna yoo,1214400.0,14.422253176742926,1834446.16548954,0.5105781995137846
T5-E006,cold,cold_baseline,val_cold,zinna yoo,814200.0,14.001247525624079,1204105.5000328328,0.47888172443236654
T5-E006,cold,cold_baseline,val_cold,zinna yoo,3988200.0,15.304238260578705,4431453.803706167,0.1111413178140934
T5-E006,cold,cold_baseline,val_cold,eunju park,4733400.0,15.37992251872576,4779863.362106776,0.009816065007558175
T5-E006,cold,cold_baseline,val_cold,eunju park,3919200.0,16.215763466652692,11025964.590288594,1.8133202159340156
T5-E006,cold,cold_baseline,val_cold,eunju park,1766400.0,15.262069190220352,4248468.785512608,1.4051566946969019
T5-E006,cold,cold_baseline,val_cold,zinna yoo,1232340.0,14.50064270358784,1984033.9996249157,0.6099728967857212
T5-E006,cold,cold_baseline,val_cold,zinna yoo,3988200.0,15.229878445772123,4113885.206919687,0.031514268822949415
T5-E006,cold,cold_baseline,val_cold,zinna yoo,1232340.0,14.488439448293661,1959969.4577284139,0.5904453784900383
T5-E006,cold,cold_baseline,val_cold,zinna yoo,1214400.0,14.484186623881888,1951651.7511815054,0.6070913629623726
T5-E006,cold,cold_baseline,val_cold,zinna yoo,1610460.0,14.73608532976037,2510733.07384794,0.5590161033791217
T5-E006,cold,cold_baseline,val_cold,gwanhee lee,1863000.0,15.304424286107949,4432278.243926408,1.3791080214312441
T5-E006,cold,cold_baseline,val_cold,zinna yoo,1221300.0,14.410049921448747,1812195.9890234885,0.4838254229292463
T5-E006,cold,cold_baseline,val_cold,hyeong gil choi,10819200.0,15.673009368072131,6407689.862495584,0.40774827505771366
T5-E006,cold,cold_baseline,val_cold,zinna yoo,11136600.0,16.112612721292006,9945320.74158386,0.10696974466319527
T5-E006,cold,cold_baseline,val_cold,zinna yoo,2311500.0,14.829382178282172,2756251.5437895046,0.1924081954529546
T5-E006,cold,cold_baseline,val_cold,zinna yoo,1745700.0,14.745618740458326,2534783.381973675,0.45201545624888295
T5-E006,cold,cold_baseline,val_cold,zinna yoo,1745700.0,14.748288585054548,2541559.901790745,0.4558972915109956
T5-E006,cold,cold_baseline,val_cold,zinna yoo,1596660.0,14.682112476705866,2378813.7016688613,0.48986866437993143
T5-E006,cold,cold_baseline,val_cold,zinna yoo,6313500.0,15.697207078919737,6564632.456951493,0.03977705820091762
T5-E006,cold,cold_baseline,val_cold,zinna yoo,10267200.0,15.939613239806347,8365387.705012973,0.18523183487095085
T5-E006,cold,cold_baseline,val_cold,zinna yoo,5119800.0,15.593451906392138,5917661.467237258,0.15583840525748238
T5-E006,cold,cold_baseline,val_cold,zinna yoo,1938900.0,14.74831430296098,2541625.266231005,0.3108593874005906
T5-E006,cold,cold_baseline,val_cold,zinna yoo,1304100.0,14.401006550943439,1795881.5093949507,0.3771041403227902
T5-E006,cold,cold_baseline,val_cold,zinna yoo,1007400.0,14.480242394912393,1943969.150733566,0.9296894488123545
T5-E006,cold,cold_baseline,val_cold,zinna yoo,1725000.0,14.791373051560885,2653454.8121044734,0.5382346736837527
T5-E006,cold,cold_baseline,val_cold,zinna yoo,1952700.0,14.791373051560885,2653454.8121044734,0.3588645527241631
T5-E006,cold,cold_baseline,val_cold,zinna yoo,1110900.0,14.488436234936469,1959963.1596565782,0.7643020610825261
T5-E006,cold,cold_baseline,val_cold,zinna yoo,9108000.0,16.130888175311867,10128746.987252327,0.11207147422621067
T5-E006,cold,cold_baseline,val_cold,zinna yoo,1104000.0,14.480242394912393,1943969.150733566,0.7608416220412735
T5-E006,cold,cold_baseline,val_cold,zinna yoo,1007400.0,14.401006550943439,1795881.5093949507,0.7826896063082696
T5-E006,cold,cold_baseline,val_cold,zinna yoo,2628900.0,14.81051130584696,2704726.364096714,0.02884338091852645
T5-E006,cold,cold_baseline,val_cold,gwanhee lee,2152800.0,15.304238260578705,4431453.803706167,1.0584605182581601
T5-E006,cold,cold_baseline,val_cold,zinna yoo,4057200.0,15.221025350644773,4077625.3327265223,0.0050343420897472025
T5-E006,cold,cold_baseline,val_cold,zinna yoo,730020.0,14.005039922414172,1208680.6157097153,0.6556815096979745
T5-E006,cold,cold_baseline,val_cold,zinna yoo,730020.0,14.005039922414172,1208680.6157097153,0.6556815096979745
T5-E006,cold,cold_baseline,val_cold,sarah soh,2380500.0,14.858049741616972,2836410.0442916267,0.1915186071378394
T5-E006,cold,cold_baseline,val_cold,gwanhee lee,993600.0,14.493349502283108,1969616.6783889066,0.9823034202786902
T5-E006,cold,cold_baseline,val_cold,sarah soh,13703400.0,15.924554164326,8240356.490219714,0.3986633616314408
T5-E006,cold,cold_baseline,val_cold,zinna yoo,2635800.0,14.81051130584696,2704726.364096714,0.02615007363863502
T5-E006,cold,cold_baseline,val_cold,seo yeongyeong,841800.0,14.392530076161272,1780723.1007647018,1.1153755057789283
T5-E006,cold,cold_baseline,val_cold,seo yeongyeong,441600.0,14.424231861006739,1838079.5487236718,3.162317818667735
T5-E006,cold,cold_baseline,val_cold,zinna yoo,7134600.0,15.689058426630584,6511356.90641555,0.0873550154997407
T5-E006,cold,cold_baseline,val_cold,zinna yoo,1338600.0,14.480238386385478,1943961.3582965217,0.4522346916902149
T5-E006,cold,cold_baseline,val_cold,zinna yoo,1304100.0,14.488436234936469,1959963.1596565782,0.5029239779591889
T5-E006,cold,cold_baseline,val_cold,zinna yoo,1076400.0,14.221920995900742,1501418.665190067,0.3948519743497463
T5-E006,cold,cold_baseline,val_cold,zinna yoo,1304100.0,14.488436234936469,1959963.1596565782,0.5029239779591889
T5-E006,cold,cold_baseline,val_cold,zinna yoo,1062600.0,14.217998562868086,1495540.985959372,0.4074355222655487
T5-E006,cold,cold_baseline,val_cold,zinna yoo,1062600.0,14.217998562868086,1495540.985959372,0.4074355222655487
T5-E006,cold,cold_baseline,val_cold,zinna yoo,7838400.0,15.697207078919737,6564632.456951493,0.16250351386105666
T5-E006,cold,cold_baseline,val_cold,zinna yoo,1407600.0,14.488436234936469,1959963.1596565782,0.3924148619327779
T5-E006,cold,cold_baseline,val_cold,zinna yoo,2842800.0,14.981985659255454,3210655.433824877,0.12939898474211228
T5-E006,cold,cold_baseline,val_cold,zinna yoo,4981800.0,15.30231741440824,4422949.8326625535,0.11217836270774549
T5-E006,cold,cold_baseline,val_cold,zinna yoo,2249400.0,14.59948693749491,2190163.896320449,0.026334179638815156
T5-E006,cold,cold_baseline,val_cold,zinna yoo,1973400.0,14.59948693749491,2190163.896320449,0.10984285817393796
T5-E006,cold,cold_baseline,val_cold,zinna yoo,1407600.0,14.480238386385478,1943961.3582965217,0.3810467166073613
T5-E006,cold,cold_baseline,val_cold,sarah soh,2001000.0,14.871359454039226,2874414.1974376244,0.4364888542916664
T5-E006,cold,cold_baseline,val_cold,zinna yoo,1338600.0,14.480238386385478,1943961.3582965217,0.4522346916902149
T5-E006,cold,cold_baseline,val_cold,sarah soh,1518000.0,14.140400580814886,1383878.4426052403,0.08835412213093527
T5-E006,cold,cold_baseline,val_cold,zinna yoo,1338600.0,14.485146313628078,1953525.6303827562,0.4593796730784075
T5-E006,cold,cold_baseline,val_cold,zinna yoo,1407600.0,14.485146313628078,1953525.6303827562,0.38784145380985807
T5-E006,cold,cold_baseline,val_cold,zinna yoo,2691000.0,14.88531630974998,2914813.247713662,0.08317103222358313
T5-E006,cold,cold_baseline,val_cold,zinna yoo,4043400.0,15.107406813218347,3639681.7818342783,0.09984622302164559
T5-E006,cold,cold_baseline,val_cold,zinna yoo,1407600.0,14.500639490230647,1984027.6242252353,0.40951095781843944
T5-E006,cold,cold_baseline,val_cold,geum sahong,42228000.0,16.27093116795208,11651333.185498279,0.7240851286942721
T5-E006,cold,cold_baseline,val_cold,zinna yoo,1338600.0,14.500639490230647,1984027.6242252353,0.4821661618296992
T5-E006,cold,cold_baseline,val_cold,geum sahong,10755720.0,15.040489726261278,3404095.1689526625,0.6835083872625298
T5-E006,cold,cold_baseline,val_cold,geum sahong,10755720.0,15.040489726261278,3404095.1689526625,0.6835083872625298
T5-E006,cold,cold_baseline,val_cold,geum sahong,10893720.0,15.517604509082268,5485421.578989064,0.4964602010159005
T5-E006,cold,cold_baseline,val_cold,geum sahong,9949800.0,15.040489726261278,3404095.1689526625,0.6578730055928097
T5-E006,cold,cold_baseline,val_cold,zinna yoo,1476600.0,14.401006550943439,1795881.5093949507,0.21622748841592218
T5-E006,cold,cold_baseline,val_cold,zinna yoo,1407600.0,14.500639490230647,1984027.6242252353,0.40951095781843944
T5-E006,cold,cold_baseline,val_cold,zinna yoo,4209000.0,15.308832735117903,4451860.849306629,0.057700368093758385
T5-E006,cold,cold_baseline,val_cold,zinna yoo,3256800.0,14.975960112290474,3191367.6468103714,0.02009099520683756
T5-E006,cold,cold_baseline,val_cold,zinna yoo,1476600.0,14.500639490230647,1984027.6242252353,0.3436459597895404
T5-E006,cold,cold_baseline,val_cold,zinna yoo,1476600.0,14.500639490230647,1984027.6242252353,0.3436459597895404
T5-E006,cold,cold_baseline,val_cold,zinna yoo,1476600.0,14.500639490230647,1984027.6242252353,0.3436459597895404
T5-E006,cold,cold_baseline,val_cold,zinna yoo,2884200.0,14.818509136964932,2726445.0441747326,0.05469626094766915
T5-E006,cold,cold_baseline,val_cold,zinna yoo,1932000.0,14.500639490230647,1984027.6242252353,0.026929412124862998
T5-E006,cold,cold_baseline,val_cold,zinna yoo,1701540.0,14.404325074299704,1801851.0837365268,0.05895311525825239
T5-E006,cold,cold_baseline,val_cold,zinna yoo,1556640.0,14.500639490230647,1984027.6242252353,0.2745577810060356
T5-E006,cold,cold_baseline,val_cold,cheyoung yoon,1973400.0,14.49572666241238,1974304.3420828837,0.00045826597896204366
T5-E006,cold,cold_baseline,val_cold,seo yeongyeong,1820220.0,14.406506061844587,1805785.1870636193,0.00793025729657994
T5-E006,cold,cold_baseline,val_cold,seo yeongyeong,385020.0,15.366821781029032,4717652.022963204,11.253005098340877
T5-E006,cold,cold_baseline,val_cold,zinna yoo,1542840.0,14.500639490230647,1984027.6242252353,0.2859581189399
T5-E006,cold,cold_baseline,val_cold,zinna yoo,1542840.0,14.500639490230647,1984027.6242252353,0.2859581189399
T5-E006,cold,cold_baseline,val_cold,zinna yoo,1421400.0,14.488436234936469,1959963.1596565782,0.37889627104022666
T5-E006,cold,cold_baseline,val_cold,zinna yoo,1571820.0,14.488436234936469,1959963.1596565782,0.24693868232786084
T5-E006,cold,cold_baseline,val_cold,taerin kim,2539200.0,14.99060513768641,3238449.2209814014,0.27538170328505096
T5-E006,cold,cold_baseline,val_cold,artist aeun,386400.0,13.52280745360529,746243.6643019653,0.9312724231417321
T5-E006,cold,cold_baseline,val_cold,hyeong gil choi,4429800.0,15.426442713955531,5007476.802476586,0.13040697152841796
T5-E006,cold,cold_baseline,val_cold,hyeong gil choi,3698400.0,15.232210688562745,4123490.983182088,0.11493915833389791
T5-E006,cold,cold_baseline,val_cold,hyeong gil choi,1849200.0,14.657327689590844,2320579.9470748655,0.25491020283088117
T5-E006,cold,cold_baseline,val_cold,hyeong gil choi,7217400.0,15.608445400141525,6007056.383824141,0.16769800983399274
T5-E006,cold,cold_baseline,val_cold,eunju park,6624000.0,15.718015555419006,6702663.5854013255,0.011875541274354693
T5-E006,cold,cold_baseline,val_cold,동훈 이,1587000.0,14.764592336344718,2583336.49451712,0.6278112756881664
T5-E006,cold,cold_baseline,val_cold,zinna yoo,1571820.0,14.488436234936469,1959963.1596565782,0.24693868232786084
T5-E006,cold,cold_baseline,val_cold,zinna yoo,5710440.0,15.286232445516793,4352375.933287065,0.23782126538636872
T5-E006,cold,cold_baseline,val_cold,artist aeun,234600.0,12.989492418084236,437789.0350043538,0.8661084186033836
T5-E006,cold,cold_baseline,val_cold,zinna yoo,4462920.0,15.318474203206204,4494990.908055162,0.0071860817704915295
T5-E006,cold,cold_baseline,val_cold,zinna yoo,2815200.0,14.818509136964932,2726445.0441747326,0.031527051657170846
T5-E006,cold,cold_baseline,val_cold,bong jun kim,42090000.0,16.401103455542795,13271155.193619188,0.6846957663668523
T5-E006,cold,cold_baseline,val_cold,bong jun kim,42186600.0,16.55471563414047,15474679.014774708,0.6331849683365166
T5-E006,cold,cold_baseline,val_cold,il mo jung,1531800.0,14.282417339472367,1595052.7080785716,0.041293059197396266
T5-E006,cold,cold_baseline,val_cold,il mo jung,4416000.0,14.83572244852199,2773782.4400087926,0.3718789764472843
T5-E006,cold,cold_baseline,val_cold,il mo jung,1545600.0,14.414832203943668,1820883.17791836,0.17810764616871125
T5-E006,cold,cold_baseline,val_cold,il mo jung,1076400.0,13.62661441622309,827872.4836246199,0.2308876963725196
T5-E006,cold,cold_baseline,val_cold,il mo jung,5837400.0,15.523901185608562,5520070.476251063,0.05436144923235294
T5-E006,cold,cold_baseline,val_cold,il mo jung,2980800.0,14.974762179473592,3187546.891736376,0.06935953158090985
T5-E006,cold,cold_baseline,val_cold,il mo jung,2249400.0,14.596793633926195,2184273.056553256,0.028953029006287795
T5-E006,cold,cold_baseline,val_cold,il mo jung,11523000.0,15.829484274696792,7493033.458944835,0.3497324083185946
T5-E006,cold,cold_baseline,val_cold,il mo jung,1973400.0,14.666914010714484,2342932.7409905223,0.18725688709360613
T5-E006,cold,cold_baseline,val_cold,il mo jung,966000.0,13.350929361407069,628398.2254282193,0.34948423868714357
T5-E006,cold,cold_baseline,val_cold,il mo jung,2415000.0,14.891268201643777,2932213.632291241,0.21416713552432343
T5-E006,cold,cold_baseline,val_cold,il mo jung,1876800.0,14.938149085177416,3072951.5823925473,0.6373356683677255
T5-E006,cold,cold_baseline,val_cold,minchae kang,10225800.0,16.231110895383637,11196490.01224068,0.0949255815917268
T5-E006,cold,cold_baseline,val_cold,minchae kang,10225800.0,16.231110895383637,11196490.01224068,0.0949255815917268
T5-E006,cold,cold_baseline,val_cold,minchae kang,9259800.0,16.21650150803169,11034105.212087944,0.19161377266117455
T5-E006,cold,cold_baseline,val_cold,minchae kang,4167600.0,15.402989691041453,4891402.7978694,0.1736737685644976
T5-E006,cold,cold_baseline,val_cold,minchae kang,9867000.0,15.703567329992923,6606518.228392662,0.33044306999162243
T5-E006,cold,cold_baseline,val_cold,minchae kang,13896600.0,16.048845632501198,9330933.603499928,0.328545572046405
T5-E006,cold,cold_baseline,val_cold,minchae kang,7107000.0,15.78544142513815,7170180.776350929,0.008889936168696976
T5-E006,cold,cold_baseline,val_cold,minchae kang,14034600.0,15.884591561620306,7917543.579824337,0.43585541591321897
T5-E006,cold,cold_baseline,val_cold,minchae kang,13841400.0,16.18120454139448,10651428.167826587,0.2304659811994027
T5-E006,cold,cold_baseline,val_cold,minchae kang,14048400.0,16.409922700559754,13388714.392650358,0.046958059803937933
T5-E006,cold,cold_baseline,val_cold,hyeyoung jeong,1476600.0,13.552689361964465,768879.3637269199,0.4792906923155087
T5-E006,cold,cold_baseline,val_cold,hyeyoung jeong,5837400.0,15.264235808118926,4257683.572881758,0.2706198696539969
T5-E006,cold,cold_baseline,val_cold,hyerim jun,2732400.0,15.140548559199361,3762328.3254065365,0.3769317542843421
T5-E006,cold,cold_baseline,val_cold,hyerim jun,1821600.0,14.407810173412228,1808141.6686382112,0.007388192447183131
T5-E006,cold,cold_baseline,val_cold,hyerim jun,2994600.0,15.140548559199361,3762328.3254065365,0.25637090943916935
T5-E006,cold,cold_baseline,val_cold,tae hwa song,10419000.0,15.954806758795524,8493457.836281432,0.18481065013135312
T5-E006,cold,cold_baseline,val_cold,hagley art,14490000.0,16.233885771035354,11227602.025781393,0.2251482383863773
T5-E006,cold,cold_baseline,val_cold,gwanhee lee,1945800.0,15.32180135369996,4509971.326508309,1.3177979887492592
T5-E006,cold,cold_baseline,val_cold,gwanhee lee,2415000.0,15.23091949871332,4118170.209284251,0.7052464634717396
T5-E006,cold,cold_baseline,val_cold,hagley art,2166600.0,13.867789364066686,1053669.471043261,0.5136760495507888
T5-E006,cold,cold_baseline,val_cold,hagley art,2166600.0,13.867789364066686,1053669.471043261,0.5136760495507888
T5-E006,cold,cold_baseline,val_cold,hagley art,2166600.0,13.867789364066686,1053669.471043261,0.5136760495507888
T5-E006,cold,cold_baseline,val_cold,hagley art,2166600.0,13.867789364066686,1053669.471043261,0.5136760495507888
T5-E006,cold,cold_baseline,val_cold,hagley art,2166600.0,13.867789364066686,1053669.471043261,0.5136760495507888
T5-E006,cold,cold_baseline,val_cold,hagley art,2166600.0,13.867789364066686,1053669.471043261,0.5136760495507888
T5-E006,cold,cold_baseline,val_cold,gwanhee lee,1945800.0,15.301271956306701,4418328.240188888,1.2707000926040128
T5-E006,cold,cold_baseline,val_cold,gwanhee lee,1393800.0,15.301271956306701,4418328.240188888,2.1699872579917407
T5-E006,cold,cold_baseline,val_cold,hagley art,2235600.0,14.217498399920473,1494793.1588048649,0.3313682417226405
T5-E006,cold,cold_baseline,val_cold,hagley art,2263200.0,14.406506061844587,1805785.1870636193,0.20210976181352985
T5-E006,cold,cold_baseline,val_cold,hagley art,2263200.0,14.406506061844587,1805785.1870636193,0.20210976181352985
T5-E006,cold,cold_baseline,val_cold,hagley art,2263200.0,14.406506061844587,1805785.1870636193,0.20210976181352985
T5-E006,cold,cold_baseline,val_cold,hagley art,2263200.0,14.406506061844587,1805785.1870636193,0.20210976181352985
T5-E006,cold,cold_baseline,val_cold,hagley art,2718600.0,14.66959756266133,2349228.566518108,0.13586825332225855
T5-E006,cold,cold_baseline,val_cold,hagley art,2718600.0,14.66959756266133,2349228.566518108,0.13586825332225855
T5-E006,cold,cold_baseline,val_cold,hagley art,2263200.0,14.406506061844587,1805785.1870636193,0.20210976181352985
T5-E006,cold,cold_baseline,val_cold,hagley art,1531800.0,13.99539204525582,1197075.4860567811,0.21851711316308844
T5-E006,cold,cold_baseline,val_cold,hagley art,2277000.0,14.483388471838788,1950094.657830163,0.14356844188398643
T5-E006,cold,cold_baseline,val_cold,hagley art,2277000.0,14.483388471838788,1950094.657830163,0.14356844188398643
T5-E006,cold,cold_baseline,val_cold,hagley art,2263200.0,14.406506061844587,1805785.1870636193,0.20210976181352985
T5-E006,cold,cold_baseline,val_cold,hagley art,2263200.0,14.406506061844587,1805785.1870636193,0.20210976181352985
T5-E006,cold,cold_baseline,val_cold,hagley art,2235600.0,14.483388471838788,1950094.657830163,0.12770859821517136
T5-E006,cold,cold_baseline,val_cold,gwanhee lee,717600.0,14.484181616040006,1951641.9776425997,1.7196794560236897
T5-E006,cold,cold_baseline,val_cold,hagley art,2870400.0,14.776309455818495,2613783.7857952835,0.08940085500443022
T5-E006,cold,cold_baseline,val_cold,hagley art,3546600.0,14.970052034146928,3172568.3858026923,0.1054620239658568
T5-E006,cold,cold_baseline,val_cold,hagley art,2829000.0,14.582275034869685,2152789.5728843133,0.2390280760394792
T5-E006,cold,cold_baseline,val_cold,hagley art,2829000.0,14.582275034869685,2152789.5728843133,0.2390280760394792
T5-E006,cold,cold_baseline,val_cold,hagley art,2829000.0,14.582275034869685,2152789.5728843133,0.2390280760394792
T5-E006,cold,cold_baseline,val_cold,hagley art,6182400.0,15.68228965174811,6467431.824539022,0.046103750087186465
T5-E006,cold,cold_baseline,val_cold,hagley art,2346000.0,14.600192306582159,2191709.3152101994,0.06576755532387066
T5-E006,cold,cold_baseline,val_cold,hagley art,3546600.0,14.970052034146928,3172568.3858026923,0.1054620239658568
T5-E006,cold,cold_baseline,val_cold,hagley art,2870400.0,14.776309455818495,2613783.7857952835,0.08940085500443022
T5-E006,cold,cold_baseline,val_cold,hagley art,3546600.0,14.970052034146928,3172568.3858026923,0.1054620239658568
T5-E006,cold,cold_baseline,val_cold,hagley art,3546600.0,14.970052034146928,3172568.3858026923,0.1054620239658568
T5-E006,cold,cold_baseline,val_cold,hagley art,4278000.0,15.29991789711135,4412349.61082968,0.03140477111493226
T5-E006,cold,cold_baseline,val_cold,hagley art,13717200.0,16.02766078042649,9135338.29935959,0.33402310242909705
T5-E006,cold,cold_baseline,val_cold,hagley art,2870400.0,14.73954044945725,2519422.960799907,0.12227460953180502
T5-E006,cold,cold_baseline,val_cold,hagley art,772800.0,13.388294955331423,652322.8945318304,0.15589687560580948
T5-E006,cold,cold_baseline,val_cold,hagley art,952200.0,13.681630961884874,874695.3750157962,0.08139532134446947
T5-E006,cold,cold_baseline,val_cold,hagley art,952200.0,13.681630961884874,874695.3750157962,0.08139532134446947
T5-E006,cold,cold_baseline,val_cold,hagley art,6941400.0,15.455426076365775,5154734.0136698205,0.25739274301008147
T5-E006,cold,cold_baseline,val_cold,hagley art,5257800.0,15.29991789711135,4412349.61082968,0.16079926759677426
T5-E006,cold,cold_baseline,val_cold,hagley art,2014800.0,14.483388471838788,1950094.657830163,0.032115019937381924
T5-E006,cold,cold_baseline,val_cold,hagley art,17043000.0,16.123210359479874,10051278.109720647,0.410240092136323
T5-E006,cold,cold_baseline,val_cold,hagley art,1807800.0,14.284241447271851,1597964.911442903,0.11607207022740176
T5-E006,cold,cold_baseline,val_cold,hagley art,2870400.0,14.733414742876088,2504036.888383312,0.12763486330012816
T5-E006,cold,cold_baseline,val_cold,hagley art,4761000.0,15.29991789711135,4412349.61082968,0.07323049551991594
T5-E006,cold,cold_baseline,val_cold,hagley art,2014800.0,14.483388471838788,1950094.657830163,0.032115019937381924
T5-E006,cold,cold_baseline,val_cold,hagley art,8638800.0,15.68228965174811,6467431.824539022,0.25135067086412216
T5-E006,cold,cold_baseline,val_cold,hagley art,833520.0,13.335968596654798,619066.8834607584,0.25728610775895194
T5-E006,cold,cold_baseline,val_cold,hagley art,833520.0,13.335968596654798,619066.8834607584,0.25728610775895194
T5-E006,cold,cold_baseline,val_cold,hagley art,833520.0,13.335968596654798,619066.8834607584,0.25728610775895194
T5-E006,cold,cold_baseline,val_cold,hagley art,847320.0,13.615660560315678,818853.5738275809,0.033595838847683406
T5-E006,cold,cold_baseline,val_cold,hagley art,833520.0,13.335968596654798,619066.8834607584,0.25728610775895194
T5-E006,cold,cold_baseline,val_cold,hagley art,833520.0,13.335968596654798,619066.8834607584,0.25728610775895194
T5-E006,cold,cold_baseline,val_cold,hagley art,847320.0,13.615660560315678,818853.5738275809,0.033595838847683406
T5-E006,cold,cold_baseline,val_cold,hagley art,847320.0,13.615660560315678,818853.5738275809,0.033595838847683406
T5-E006,cold,cold_baseline,val_cold,hagley art,847320.0,13.615660560315678,818853.5738275809,0.033595838847683406
T5-E006,cold,cold_baseline,val_cold,hagley art,847320.0,13.615660560315678,818853.5738275809,0.033595838847683406
T5-E006,cold,cold_baseline,val_cold,hagley art,847320.0,13.615660560315678,818853.5738275809,0.033595838847683406
T5-E006,cold,cold_baseline,val_cold,hagley art,833520.0,13.335968596654798,619066.8834607584,0.25728610775895194
T5-E006,cold,cold_baseline,val_cold,hagley art,833520.0,13.335968596654798,619066.8834607584,0.25728610775895194
T5-E006,cold,cold_baseline,val_cold,hagley art,833520.0,13.335968596654798,619066.8834607584,0.25728610775895194
T5-E006,cold,cold_baseline,val_cold,hagley art,833520.0,13.335968596654798,619066.8834607584,0.25728610775895194
T5-E006,cold,cold_baseline,val_cold,hagley art,3360300.0,15.298959242758812,4408121.71953733,0.31182386082710767
T5-E006,cold,cold_baseline,val_cold,hagley art,3360300.0,15.298959242758812,4408121.71953733,0.31182386082710767
T5-E006,cold,cold_baseline,val_cold,hagley art,3346500.0,15.218004691040864,4065326.798797772,0.2147995812932233
T5-E006,cold,cold_baseline,val_cold,hagley art,2663400.0,14.774972968324548,2610292.8297828394,0.019939614859638282
T5-E006,cold,cold_baseline,val_cold,hagley art,3168480.0,14.970052034146928,3172568.3858026923,0.0012903303169634235
T5-E006,cold,cold_baseline,val_cold,hagley art,1966500.0,14.475197265019121,1934186.2725557345,0.016432101420933386
T5-E006,cold,cold_baseline,val_cold,hagley art,2663400.0,14.774972968324548,2610292.8297828394,0.019939614859638282
T5-E006,cold,cold_baseline,val_cold,hagley art,1966500.0,14.475197265019121,1934186.2725557345,0.016432101420933386
T5-E006,cold,cold_baseline,val_cold,hagley art,3974400.0,15.298959242758812,4408121.71953733,0.10912885455347471
T5-E006,cold,cold_baseline,val_cold,hagley art,2663400.0,14.812840127944549,2711032.5307413912,0.017884107059169197
T5-E006,cold,cold_baseline,val_cold,hagley art,3974400.0,15.298959242758812,4408121.71953733,0.10912885455347471
T5-E006,cold,cold_baseline,val_cold,hagley art,1380000.0,14.257440152353533,1555706.206132662,0.12732333777729132
T5-E006,cold,cold_baseline,val_cold,hagley art,1106760.0,14.122591352417317,1359450.7997188284,0.22831580443712132
T5-E006,cold,cold_baseline,val_cold,hagley art,2663400.0,14.812840127944549,2711032.5307413912,0.017884107059169197
T5-E006,cold,cold_baseline,val_cold,hagley art,615480.0,13.335968596654798,619066.8834607584,0.005827782317473143
T5-E006,cold,cold_baseline,val_cold,hagley art,601680.0,13.138158142091116,507960.08065803343,0.15576372713396916
T5-E006,cold,cold_baseline,val_cold,hagley art,7797000.0,15.68868242478368,6508909.084414521,0.16520340074201342
T5-E006,cold,cold_baseline,val_cold,hagley art,2663400.0,14.812840127944549,2711032.5307413912,0.017884107059169197
T5-E006,cold,cold_baseline,val_cold,hagley art,7797000.0,15.68868242478368,6508909.084414521,0.16520340074201342
T5-E006,cold,cold_baseline,val_cold,hagley art,1667040.0,14.66959756266133,2349228.566518108,0.4092214743006214
T5-E006,cold,cold_baseline,val_cold,hagley art,5202600.0,15.302293600147417,4422844.504635791,0.1498780408573038
T5-E006,cold,cold_baseline,val_cold,hagley art,1106760.0,14.122591352417317,1359450.7997188284,0.22831580443712132
T5-E006,cold,cold_baseline,val_cold,hagley art,2663400.0,14.812840127944549,2711032.5307413912,0.017884107059169197
T5-E006,cold,cold_baseline,val_cold,hagley art,2049300.0,14.774972968324548,2610292.8297828394,0.2737485140208068
T5-E006,cold,cold_baseline,val_cold,hagley art,1667040.0,14.66959756266133,2349228.566518108,0.4092214743006214
T5-E006,cold,cold_baseline,val_cold,hagley art,2663400.0,14.812840127944549,2711032.5307413912,0.017884107059169197
T5-E006,cold,cold_baseline,val_cold,hagley art,2677200.0,14.970052034146928,3172568.3858026923,0.18503226722048868
T5-E006,cold,cold_baseline,val_cold,hagley art,1639440.0,14.522528687569174,2027935.1940159337,0.23696822940512227
T5-E006,cold,cold_baseline,val_cold,hagley art,1667040.0,14.66959756266133,2349228.566518108,0.4092214743006214
T5-E006,cold,cold_baseline,val_cold,hagley art,3946800.0,15.165972689797242,3859208.5817986145,0.022193021739481487
T5-E006,cold,cold_baseline,val_cold,hagley art,2021700.0,14.663146797237157,2334123.0176653033,0.15453480618553855
T5-E006,cold,cold_baseline,val_cold,hagley art,2021700.0,14.605958715995842,2204384.1173654106,0.09036163494356757
T5-E006,cold,cold_baseline,val_cold,hagley art,1352400.0,14.351759237321502,1709581.62930884,0.26410945675010356
T5-E006,cold,cold_baseline,val_cold,hagley art,601680.0,13.615660560315678,818853.5738275809,0.360945309512666
T5-E006,cold,cold_baseline,val_cold,hagley art,601680.0,13.51972076892369,743943.7967236573,0.236444283877904
T5-E006,cold,cold_baseline,val_cold,hagley art,12834000.0,16.019510834557963,9061188.35617017,0.2939700517243128
T5-E006,cold,cold_baseline,val_cold,hagley art,601680.0,13.615660560315678,818853.5738275809,0.360945309512666
T5-E006,cold,cold_baseline,val_cold,hagley art,6458400.0,15.519844171224115,5497720.837982787,0.1487487863893864
T5-E006,cold,cold_baseline,val_cold,hagley art,12875400.0,16.044520007864644,9290658.657171406,0.2784178621890267
T5-E006,cold,cold_baseline,val_cold,hagley art,5202600.0,15.302293600147417,4422844.504635791,0.1498780408573038
T5-E006,cold,cold_baseline,val_cold,hagley art,601680.0,13.615660560315678,818853.5738275809,0.360945309512666
T5-E006,cold,cold_baseline,val_cold,hagley art,601680.0,13.36924845502336,640016.0000000002,0.06371493152506354
T5-E006,cold,cold_baseline,val_cold,hagley art,1380000.0,14.257440152353533,1555706.206132662,0.12732333777729132
T5-E006,cold,cold_baseline,val_cold,hagley art,39026400.0,17.301096488666456,32641547.19245748,0.16360342761675484
T5-E006,cold,cold_baseline,val_cold,hagley art,3360300.0,15.302953313944988,4425763.278851963,0.31707385615926037
T5-E006,cold,cold_baseline,val_cold,hagley art,521640.0,15.243652043231972,4170940.230218852,6.99582131396912
T5-E006,cold,cold_baseline,val_cold,hagley art,9384000.0,16.389393303166493,13116654.323979858,0.3977679373380071
T5-E006,cold,cold_baseline,val_cold,hagley art,9384000.0,16.389393303166493,13116654.323979858,0.3977679373380071
T5-E006,cold,cold_baseline,val_cold,gwanhee lee,1807800.0,15.304424286107949,4432278.243926408,1.4517525411696026
T5-E006,cold,cold_baseline,val_cold,gwanhee lee,4236600.0,15.681260727854538,6460780.751715354,0.5249919160919968
T5-E006,cold,cold_baseline,val_cold,hagley art,2691000.0,15.165972689797242,3859208.5817986145,0.4341169014487605
T5-E006,cold,cold_baseline,val_cold,hagley art,5771160.0,15.68868242478368,6508909.084414521,0.12783376035572072
T5-E006,cold,cold_baseline,val_cold,hagley art,11012400.0,16.233885771035354,11227602.025781393,0.019541791596871985
T5-E006,cold,cold_baseline,val_cold,gwanhee lee,317400.0,14.399717393947322,1793567.8278527204,4.650812312075364
T5-E006,cold,cold_baseline,val_cold,gwanhee lee,317400.0,14.399717393947322,1793567.8278527204,4.650812312075364
T5-E006,cold,cold_baseline,val_cold,gwanhee lee,317400.0,14.4119206492415,1815589.2874052601,4.7201930920140525
T5-E006,cold,cold_baseline,val_cold,gwanhee lee,317400.0,14.4119206492415,1815589.2874052601,4.7201930920140525
T5-E006,cold,cold_baseline,val_cold,gwanhee lee,4236600.0,15.691097468938027,6524647.383944764,0.5400668894738148
T5-E006,cold,cold_baseline,val_cold,gwanhee lee,4471200.0,15.88771540667609,7942315.430757673,0.7763274804879391
T5-E006,cold,cold_baseline,val_cold,동훈 이,3201600.0,16.474597475289848,14283241.362530429,3.461282284648435
T5-E006,cold,cold_baseline,val_cold,동훈 이,4788600.0,15.586031533523578,5873912.72935491,0.22664510072983954
T5-E006,cold,cold_baseline,val_cold,동훈 이,3243000.0,15.312608547992918,4468702.017360424,0.3779531351712685
T5-E006,cold,cold_baseline,val_cold,동훈 이,3933000.0,15.312608547992918,4468702.017360424,0.13620697110613367
T5-E006,cold,cold_baseline,val_cold,동훈 이,4623000.0,15.586031533523578,5873912.72935491,0.2705846267261323
T5-E006,cold,cold_baseline,val_cold,동훈 이,2911800.0,15.32211997224013,4511408.515934003,0.5493538415873351
T5-E006,cold,cold_baseline,val_cold,동훈 이,3049800.0,15.346020124015205,4620530.688099735,0.5150274405206031
T5-E006,cold,cold_baseline,val_cold,동훈 이,1269600.0,14.458556872083971,1902266.9644271298,0.4983199152702661
T5-E006,cold,cold_baseline,val_cold,동훈 이,1269600.0,14.413950129980472,1819277.7324420186,0.4329534754584267
T5-E006,cold,cold_baseline,val_cold,동훈 이,2014800.0,14.896050994033757,2946271.3922134317,0.4623145683012863
T5-E006,cold,cold_baseline,val_cold,동훈 이,2884200.0,15.183828338808905,3928736.138274722,0.3621580120223014
T5-E006,cold,cold_baseline,val_cold,동훈 이,2884200.0,15.183828338808905,3928736.138274722,0.3621580120223014
T5-E006,cold,cold_baseline,val_cold,동훈 이,1863000.0,14.860524592559534,2843438.4298792435,0.5262686150720577
T5-E006,cold,cold_baseline,val_cold,동훈 이,1876800.0,14.963687616846476,3152440.9543076106,0.679689340530483
T5-E006,cold,cold_baseline,val_cold,동훈 이,1876800.0,14.896050994033757,2946271.3922134317,0.5698376983234397
T5-E006,cold,cold_baseline,val_cold,동훈 이,2911800.0,15.32211997224013,4511408.515934003,0.5493538415873351
T5-E006,cold,cold_baseline,val_cold,동훈 이,2898000.0,15.241997497988132,4164044.9267673716,0.4368685047506458
T5-E006,cold,cold_baseline,val_cold,동훈 이,2111400.0,14.896050994033757,2946271.3922134317,0.3954112873986131
T5-E006,cold,cold_baseline,val_cold,artist aeun,1352400.0,15.10440520012717,3628773.2451436752,1.6832100304227116
T5-E006,cold,cold_baseline,val_cold,artist aeun,1352400.0,15.10440520012717,3628773.2451436752,1.6832100304227116
T5-E006,cold,cold_baseline,val_cold,동훈 이,1559400.0,15.525974149367972,5531525.250862108,2.5472138327960163
T5-E006,cold,cold_baseline,val_cold,동훈 이,1366200.0,15.17279804099231,3885639.1319916444,1.8441217479078058
T5-E006,cold,cold_baseline,val_cold,동훈 이,1559400.0,15.515111629275651,5471764.112587924,2.508890671147829
T5-E006,cold,cold_baseline,val_cold,jang kyungki,6789600.0,15.682999799324591,6472026.286755289,0.04677355267537278
T5-E006,cold,cold_baseline,val_cold,jang kyungki,7355400.0,15.683037932599664,6472273.091019657,0.12006510984859321
T5-E006,cold,cold_baseline,val_cold,moonsun kim,2401200.0,14.892075015070619,2934580.3362360173,0.22213074139431005
T5-E006,cold,cold_baseline,val_cold,moonsun kim,786600.0,13.169403490769106,524082.02681170276,0.333737570796208
T5-E006,cold,cold_baseline,val_cold,moonsun kim,1297200.0,14.49572666241238,1974304.3420828837,0.5219737450531018
T5-E006,cold,cold_baseline,val_cold,artist aeun,317400.0,13.191410243057158,535743.2119412082,0.6879118208607694
T5-E006,cold,cold_baseline,val_cold,artist aeun,248400.0,13.191410243057158,535743.2119412082,1.1567762155443164
T5-E006,cold,cold_baseline,val_cold,jang kyungki,5685600.0,15.777378648801664,7112601.648201732,0.25098523431154707
T5-E006,cold,cold_baseline,val_cold,jang kyungki,5685600.0,15.776991784826025,7109850.571031614,0.25050136679182744
T5-E006,cold,cold_baseline,val_cold,jang kyungki,5685600.0,15.776991784826025,7109850.571031614,0.25050136679182744
T5-E006,cold,cold_baseline,val_cold,jang kyungki,2898000.0,15.11235909900792,3657751.231811571,0.26216398613235714
T5-E006,cold,cold_baseline,val_cold,jang kyungki,2898000.0,15.11015362407249,3649693.0424834006,0.2593833824994481
T5-E006,cold,cold_baseline,val_cold,jang kyungki,5685600.0,15.680899993570847,6458450.546916451,0.1359312204369726
T5-E006,cold,cold_baseline,val_cold,jang kyungki,5685600.0,15.680899993570847,6458450.546916451,0.1359312204369726
T5-E006,cold,cold_baseline,val_cold,jang kyungki,2898000.0,15.11235909900792,3657751.231811571,0.26216398613235714
T5-E006,cold,cold_baseline,val_cold,jang kyungki,1490400.0,14.437816846280215,1863220.213459556,0.2501477546024933
T5-E006,cold,cold_baseline,val_cold,jang kyungki,1490400.0,14.437816846280215,1863220.213459556,0.2501477546024933
T5-E006,cold,cold_baseline,val_cold,jang kyungki,1490400.0,14.437816846280215,1863220.213459556,0.2501477546024933
T5-E006,cold,cold_baseline,val_cold,jang kyungki,1490400.0,14.437816846280215,1863220.213459556,0.2501477546024933
T5-E006,cold,cold_baseline,val_cold,jang kyungki,2221800.0,15.272693967261176,4293848.466728136,0.9325990038383905
T5-E006,cold,cold_baseline,val_cold,jang kyungki,27931200.0,16.935375633295337,22643324.29402503,0.18931788487336634
T5-E006,cold,cold_baseline,val_cold,jang kyungki,5685600.0,15.683037932599664,6472273.091019657,0.13836237002597043
T5-E006,cold,cold_baseline,val_cold,jang kyungki,27931200.0,16.935375633295337,22643324.29402503,0.18931788487336634
T5-E006,cold,cold_baseline,val_cold,jang kyungki,27931200.0,16.935375633295337,22643324.29402503,0.18931788487336634
T5-E006,cold,cold_baseline,val_cold,jang kyungki,27931200.0,16.935375633295337,22643324.29402503,0.18931788487336634
T5-E006,cold,cold_baseline,val_cold,jang kyungki,27931200.0,17.064654560186423,25768272.88954466,0.07743767222515831
T5-E006,cold,cold_baseline,val_cold,zinna yoo,1348260.0,14.50310138834023,1988918.1155582787,0.475174013586607
T5-E006,cold,cold_baseline,val_cold,zinna yoo,1814700.0,14.988030549131661,3230122.2705172105,0.7799759026380175
T5-E006,cold,cold_baseline,val_cold,zinna yoo,6779940.0,15.53817740466215,5599441.422017757,0.17411637536353466
T5-E006,cold,cold_baseline,val_cold,zinna yoo,10654980.0,15.798933363295406,7267575.959436589,0.3179174471058051
T5-E006,cold,cold_baseline,val_cold,zinna yoo,2899380.0,15.228105024864151,4106596.0221874304,0.4163704040820556
T5-E006,cold,cold_baseline,val_cold,zinna yoo,1807800.0,14.651566027403167,2307247.993328659,0.2762739204163397
T5-E006,cold,cold_baseline,val_cold,zinna yoo,1440720.0,14.50064270358784,1984033.9996249157,0.3771128322123075
T5-E006,cold,cold_baseline,val_cold,lee toll,2898000.0,14.837417828776292,2778489.0446022055,0.041239115044097475
T5-E006,cold,cold_baseline,val_cold,lee toll,2842800.0,14.978378176246009,3199093.915427164,0.12533203722638392
T5-E006,cold,cold_baseline,val_cold,zinna yoo,6917940.0,15.610209709836507,6017664.04648985,0.13013642117597873
T5-E006,cold,cold_baseline,val_cold,gwanhee lee,1807800.0,15.304696306622633,4433484.078533983,1.452419558874866
T5-E006,cold,cold_baseline,val_cold,gwanhee lee,1807800.0,15.304696306622633,4433484.078533983,1.452419558874866
T5-E006,cold,cold_baseline,val_cold,gwanhee lee,1311000.0,14.78348131053712,2632596.844998422,1.0080830244076446
T5-E006,cold,cold_baseline,val_cold,gwanhee lee,1807800.0,15.304696306622633,4433484.078533983,1.452419558874866
T5-E006,cold,cold_baseline,val_cold,zinna yoo,4173120.0,15.304350512033787,4431951.268763829,0.06202344259542717
T5-E006,cold,cold_baseline,val_cold,zinna yoo,4202100.0,15.304350512033787,4431951.268763829,0.054699142991320775
T5-E006,cold,cold_baseline,val_cold,zinna yoo,2119680.0,14.792060198363114,2655278.7516788235,0.2526790608388169
T5-E006,cold,cold_baseline,val_cold,zinna yoo,2757240.0,14.829382178282172,2756251.5437895046,0.00035849480295347465
T5-E006,cold,cold_baseline,val_cold,ransoo kim,1469700.0,14.413038144760112,1817619.3343705086,0.23672813116316838
T5-E006,cold,cold_baseline,val_cold,zinna yoo,4145520.0,15.182563557172005,3923770.2859721864,0.05349141097565894
T5-E006,cold,cold_baseline,val_cold,gwanhee lee,4250400.0,15.699405210846052,6579078.256209337,0.5478727310863301
T5-E006,cold,cold_baseline,val_cold,lee toll,1449000.0,14.483523407118202,1950357.8121517026,0.34600263088454286
T5-E006,cold,cold_baseline,val_cold,lee toll,1449000.0,14.483523407118202,1950357.8121517026,0.34600263088454286
T5-E006,cold,cold_baseline,val_cold,sangjune won,4084800.0,15.036795081498306,3391541.4516073274,0.16971664424027433
T5-E006,cold,cold_baseline,val_cold,sangjune won,3974400.0,15.111586210238617,3654925.289173938,0.08038312973683125
T5-E006,cold,cold_baseline,val_cold,sangjune won,8901000.0,15.749780979951042,6918994.267403957,0.22267225397101928
T5-E006,cold,cold_baseline,val_cold,sangjune won,3788100.0,14.714472577291204,2457051.4151987904,0.3513763060112483
T5-E006,cold,cold_baseline,val_cold,zinna yoo,6917940.0,15.701429390964107,6592408.982955027,0.047056062504874666
T5-E006,cold,cold_baseline,val_cold,eunju park,3256800.0,15.610677910573866,6020482.18090842,0.8485882402691047
T5-E006,cold,cold_baseline,val_cold,eunju park,1559400.0,14.5642299833759,2114290.7752508693,0.3558360749332239
T5-E006,cold,cold_baseline,val_cold,eunju park,2332200.0,15.548303198427869,5656428.242544207,1.4253615652792242
T5-E006,cold,cold_baseline,val_cold,eunju park,3215400.0,15.60638139415311,5994670.570069156,0.8643623095319884
T5-E006,cold,cold_baseline,val_cold,eunju park,1766400.0,14.596943926134413,2184601.360444417,0.23675348757043546
T5-E006,cold,cold_baseline,val_cold,eunju park,1780200.0,15.151887185924473,3805230.729435379,1.1375299008175368
T5-E006,cold,cold_baseline,val_cold,eunju park,1766400.0,15.262069190220352,4248468.785512608,1.4051566946969019
T5-E006,cold,cold_baseline,val_cold,momo kim,110400.0,13.297706792682419,595827.6895076996,4.396989941192931
T5-E006,cold,cold_baseline,val_cold,momo kim,175260.0,13.9114937929534,1100740.609910994,5.280615142707943
T5-E006,cold,cold_baseline,val_cold,momo kim,193200.0,13.8400655390809,1024858.937446957,4.304652885336217
T5-E006,cold,cold_baseline,val_cold,jung kwangmin,5520000.0,15.583340618461058,5858127.7766240295,0.061255031997106794
T5-E006,cold,cold_baseline,val_cold,lee eun,18630000.0,16.468298317166234,14193551.747771736,0.23813463511692237
T5-E006,cold,cold_baseline,val_cold,momo kim,220800.0,13.890708901780247,1078097.9637438229,3.882690053187604
T5-E006,cold,cold_baseline,val_cold,jihyung song,2240000.0,13.834131464919171,1018795.3571675476,0.5451806441216306
T5-E006,cold,cold_baseline,val_cold,jihyung song,800000.0,14.543286859611467,2070471.381009088,1.58808922626136
T5-E006,cold,cold_baseline,val_cold,jihyung song,480000.0,12.925031369341488,410459.0183279583,0.14487704515008687
T5-E006,cold,cold_baseline,val_cold,jihyung song,720000.0,13.284903288724692,588247.6364957108,0.18298939375595719
T5-E006,cold,cold_baseline,val_cold,jihyung song,1280000.0,15.529790617719302,5552676.477737531,3.338028498232446
T5-E006,cold,cold_baseline,val_cold,jihyung song,800000.0,13.102021127925822,489931.6291115377,0.3875854636105779
T5-E006,cold,cold_baseline,val_cold,jihyung song,1000000.0,13.017689323694386,450309.0139275641,0.5496909860724359
T5-E006,cold,cold_baseline,val_cold,nam jong hyun,850000.0,13.051818015952168,465942.7334445041,0.4518320783005834
T5-E006,cold,cold_baseline,val_cold,nam jong hyun,850000.0,13.051818015952168,465942.7334445041,0.4518320783005834
T5-E006,cold,cold_baseline,val_cold,nam jong hyun,3800000.0,14.610408006897424,2214213.915161308,0.4173121275891295
T5-E006,cold,cold_baseline,val_cold,nam jong hyun,2500000.0,14.481711623702061,1946827.385362196,0.22126904585512158
T5-E006,cold,cold_baseline,val_cold,joo minseok,41400.0,13.77649113856473,961732.0327064267,22.230242335904027
T5-E006,cold,cold_baseline,val_cold,nam jong hyun,850000.0,13.051818015952168,465942.7334445041,0.4518320783005834
T5-E006,cold,cold_baseline,val_cold,nam jong hyun,4800000.0,15.338529395962272,4586048.857496893,0.044573154688147286
T5-E006,cold,cold_baseline,val_cold,nam jong hyun,4000000.0,15.178382677624526,3907399.7205617293,0.02315006985956768
T5-E006,cold,cold_baseline,val_cold,nam jong hyun,850000.0,13.051818015952168,465942.7334445041,0.4518320783005834
T5-E006,cold,cold_baseline,val_cold,nam jong hyun,3800000.0,14.610408006897424,2214213.915161308,0.4173121275891295
T5-E006,cold,cold_baseline,val_cold,nam jong hyun,4800000.0,15.338529395962272,4586048.857496893,0.044573154688147286
T5-E006,cold,cold_baseline,val_cold,nam jong hyun,4800000.0,15.338529395962272,4586048.857496893,0.044573154688147286
T5-E006,cold,cold_baseline,val_cold,nam jong hyun,850000.0,13.051818015952168,465942.7334445041,0.4518320783005834
T5-E006,cold,cold_baseline,val_cold,nam jong hyun,850000.0,13.051818015952168,465942.7334445041,0.4518320783005834
T5-E006,cold,cold_baseline,val_cold,joo minseok,27600.0,13.356061245125042,631631.3810432695,21.885194965335852
T5-E006,cold,cold_baseline,val_cold,nam jong hyun,850000.0,13.051818015952168,465942.7334445041,0.4518320783005834
T5-E006,cold,cold_baseline,val_cold,nam jong hyun,950000.0,13.00439311050549,444361.23834854196,0.5322513280541664
T5-E006,cold,cold_baseline,val_cold,nam jong hyun,3800000.0,14.610408006897424,2214213.915161308,0.4173121275891295
T5-E006,cold,cold_baseline,val_cold,nam jong hyun,5200000.0,15.414297617257985,4947028.331788273,0.0486483977330245
T5-E006,cold,cold_baseline,val_cold,nam jong hyun,950000.0,13.00439311050549,444361.23834854196,0.5322513280541664
T5-E006,cold,cold_baseline,val_cold,nam jong hyun,4800000.0,15.338529395962272,4586048.857496893,0.044573154688147286
T5-E006,cold,cold_baseline,val_cold,nam jong hyun,8000000.0,15.752939810878049,6940884.756454195,0.13238940544322564
T5-E006,cold,cold_baseline,val_cold,nam jong hyun,3800000.0,14.610408006897424,2214213.915161308,0.4173121275891295
T5-E006,cold,cold_baseline,val_cold,nam jong hyun,850000.0,13.051818015952168,465942.7334445041,0.4518320783005834
T5-E006,cold,cold_baseline,val_cold,nam jong hyun,850000.0,13.374661327379062,643489.7178277865,0.24295327314378062
T5-E006,cold,cold_baseline,val_cold,nam jong hyun,850000.0,13.051818015952168,465942.7334445041,0.4518320783005834
T5-E006,cold,cold_baseline,val_cold,nam jong hyun,850000.0,13.051818015952168,465942.7334445041,0.4518320783005834
T5-E006,cold,cold_baseline,val_cold,nam jong hyun,3800000.0,14.610408006897424,2214213.915161308,0.4173121275891295
T5-E006,cold,cold_baseline,val_cold,nam jong hyun,3800000.0,14.610408006897424,2214213.915161308,0.4173121275891295
T5-E006,cold,cold_baseline,val_cold,nam jong hyun,5200000.0,15.423743828661067,4993980.417761413,0.03961915043049743
T5-E006,cold,cold_baseline,val_cold,nam jong hyun,3800000.0,14.610408006897424,2214213.915161308,0.4173121275891295
T5-E006,cold,cold_baseline,val_cold,nam jong hyun,4800000.0,15.338529395962272,4586048.857496893,0.044573154688147286
T5-E006,cold,cold_baseline,val_cold,nam jong hyun,850000.0,13.051818015952168,465942.7334445041,0.4518320783005834
T5-E006,cold,cold_baseline,val_cold,nam jong hyun,4800000.0,15.338529395962272,4586048.857496893,0.044573154688147286
T5-E006,cold,cold_baseline,val_cold,nam jong hyun,3800000.0,14.610408006897424,2214213.915161308,0.4173121275891295
T5-E006,cold,cold_baseline,val_cold,yun hyong keun,8418000.0,15.71805300164216,6702914.579537028,0.20374024952042902
T5-E006,cold,cold_baseline,val_cold,ava an,483000.0,14.676800471725684,2366210.9340555957,3.898987441108894
T5-E006,cold,cold_baseline,val_cold,ava an,483000.0,14.676800471725684,2366210.9340555957,3.898987441108894
T5-E006,cold,cold_baseline,val_cold,ava an,483000.0,14.676800471725684,2366210.9340555957,3.898987441108894
T5-E006,cold,cold_baseline,val_cold,miro kim,1145400.0,15.232940139135708,4126499.9633601154,2.6026715237996467
T5-E006,cold,cold_baseline,val_cold,miro kim,1145400.0,15.232940139135708,4126499.9633601154,2.6026715237996467
T5-E006,cold,cold_baseline,val_cold,yun hyong keun,6732000.0,14.87376006669979,2881322.841723325,0.5719960128159054
T5-E006,cold,cold_baseline,val_cold,kim ji hoon,1794000.0,14.49572666241238,1974304.3420828837,0.10050409257685824
T5-E006,cold,cold_baseline,val_cold,kim ji hoon,3588000.0,14.99902764550505,3265840.2736194152,0.08978810657206933
T5-E006,cold,cold_baseline,val_cold,kim ji hoon,1794000.0,14.49572666241238,1974304.3420828837,0.10050409257685824
T5-E006,cold,cold_baseline,val_cold,kim ji hoon,1794000.0,14.49572666241238,1974304.3420828837,0.10050409257685824
T5-E006,cold,cold_baseline,val_cold,kim ji hoon,3588000.0,14.99902764550505,3265840.2736194152,0.08978810657206933
T5-E006,cold,cold_baseline,val_cold,kim ji hoon,1794000.0,14.49572666241238,1974304.3420828837,0.10050409257685824
T5-E006,cold,cold_baseline,val_cold,kim ji hoon,3588000.0,14.99902764550505,3265840.2736194152,0.08978810657206933
T5-E006,cold,cold_baseline,val_cold,kim ji hoon,5244000.0,15.323482711338247,4517560.579583022,0.1385277308194085
T5-E006,cold,cold_baseline,val_cold,kim ji hoon,5244000.0,15.323482711338247,4517560.579583022,0.1385277308194085
T5-E006,cold,cold_baseline,val_cold,jung kwangmin,11040000.0,16.372933245199956,12902520.59492161,0.16870657562695737
T5-E006,cold,cold_baseline,val_cold,hijo nam,8280000.0,14.674921708300717,2361769.556951777,0.7147621308029255
T5-E006,cold,cold_baseline,val_cold,hijo nam,13662000.0,15.086910205865026,3565839.991677595,0.738995755257093
T5-E006,cold,cold_baseline,val_cold,yoonjung lee 이윤정,883200.0,13.78106937996338,966145.1686053241,0.09391436662740502
T5-E006,cold,cold_baseline,val_cold,jung kwangmin,11040000.0,16.372933245199956,12902520.59492161,0.16870657562695737
T5-E006,cold,cold_baseline,val_cold,jeong zik seong,13662000.0,15.284876517738317,4346478.425057931,0.6818563588744012
T5-E006,cold,cold_baseline,val_cold,sung won kwon,1380000.0,14.305928571971792,1632998.6936318602,0.18333238668975377
T5-E006,cold,cold_baseline,val_cold,jung kwangmin,11040000.0,16.372933245199956,12902520.59492161,0.16870657562695737
T5-E006,cold,cold_baseline,val_cold,lee sang sun,828000.0,12.994118518659459,439818.98286228144,0.4688176535479693
T5-E006,cold,cold_baseline,val_cold,kim ji hoon,6210000.0,15.20189791140501,4000371.986579064,0.3558177155267208
T5-E006,cold,cold_baseline,val_cold,momo kim,4140000.0,15.84518968957413,7611643.631065632,0.8385612635424232
T5-E006,cold,cold_baseline,val_cold,jung kwangmin,27600000.0,17.36453816807037,34779481.82289915,0.2601261530035923
T5-E006,cold,cold_baseline,val_cold,yoonjung lee 이윤정,1324800.0,14.322417446215997,1660148.2211831615,0.2531312056032318
T5-E006,cold,cold_baseline,val_cold,yoonjung lee 이윤정,1766400.0,14.451306834711962,1888525.3317106513,0.06913798217314951
T5-E006,cold,cold_baseline,val_cold,yoonjung lee 이윤정,883200.0,13.615040966570474,818346.3744200153,0.07343028258603344
T5-E006,cold,cold_baseline,val_cold,lee sang sun,2070000.0,14.091179685157032,1317411.8961339523,0.3635691323024385
T5-E006,cold,cold_baseline,val_cold,jung sane,7130460.0,17.073814435131357,26005391.37668803,2.6470846728946
T5-E006,cold,cold_baseline,val_cold,jung kwangmin,11040000.0,16.372933245199956,12902520.59492161,0.16870657562695737
T5-E006,cold,cold_baseline,val_cold,seo sook yang,59340000.0,16.76541964033431,19104216.73916316,0.6780549925992052
T5-E006,cold,cold_baseline,val_cold,lee sang sun,828000.0,12.994118518659459,439818.98286228144,0.4688176535479693
T5-E006,cold,cold_baseline,val_cold,yoonjung lee 이윤정,607200.0,13.15088949924882,514468.4441064318,0.1527199537114101
T5-E006,cold,cold_baseline,val_cold,kim ji hoon,5520000.0,15.238380686989284,4149011.5660767066,0.24836746991364012
T5-E006,cold,cold_baseline,val_cold,jeong zik seong,13662000.0,15.284876517738317,4346478.425057931,0.6818563588744012
T5-E006,cold,cold_baseline,val_cold,yoonjung lee 이윤정,1987200.0,14.326321517589614,1666642.2266114452,0.16131127887910368
T5-E006,cold,cold_baseline,val_cold,jung kwangmin,11040000.0,16.372933245199956,12902520.59492161,0.16870657562695737
T5-E006,cold,cold_baseline,val_cold,gum ran choe,28538400.0,16.257005480289116,11490204.873859897,0.5973773976866293
T5-E006,cold,cold_baseline,val_cold,gum ran choe,14283000.0,15.612160167813059,6029412.7012336105,0.5778609044854995
T5-E006,cold,cold_baseline,val_cold,kim ji hoon,2622000.0,14.246825836338443,1539280.7754025597,0.4129363938205341
T5-E006,cold,cold_baseline,val_cold,kim ji hoon,13800000.0,16.006137265107526,8940814.631656215,0.35211488176404243
T5-E006,cold,cold_baseline,val_cold,park hyung jin b 1974,19320000.0,16.31515692558173,12178186.59799516,0.3696590787787184
T5-E006,cold,cold_baseline,val_cold,park hyung jin b 1974,16560000.0,16.180881398542795,10647986.791012034,0.35700562856207524
T5-E006,cold,cold_baseline,val_cold,kim ji hoon,8280000.0,15.20189791140501,4000371.986579064,0.5168632866450406
T5-E006,cold,cold_baseline,val_cold,kim ji hoon,6900000.0,15.313320174140781,4471883.194333095,0.35190098632853695
T5-E006,cold,cold_baseline,val_cold,momo kim,4140000.0,15.84518968957413,7611643.631065632,0.8385612635424232
T5-E006,cold,cold_baseline,val_cold,jeah hyuck,15180000.0,16.962720477923234,23271045.83884477,0.5330069722559136
T5-E006,cold,cold_baseline,val_cold,doezny,6486000.0,15.795856652549642,7245250.093114603,0.11705983550949789
T5-E006,cold,cold_baseline,val_cold,yoonjung lee 이윤정,5078400.0,15.644689451380575,6228770.074065437,0.22652214753966537
T5-E006,cold,cold_baseline,val_cold,kim ji hoon,9660000.0,15.303682350649728,4428990.999149062,0.5415123189286686
T5-E006,cold,cold_baseline,val_cold,jeah hyuck,15180000.0,16.962720477923234,23271045.83884477,0.5330069722559136
T5-E006,cold,cold_baseline,val_cold,yoonjung lee 이윤정,386400.0,12.651248748053952,312153.0052585885,0.19215060750882887
T5-E006,cold,cold_baseline,val_cold,lee sang sun,12420000.0,15.32723689305355,4534552.1977633275,0.6348991789240477
T5-E006,cold,cold_baseline,val_cold,jeah hyuck,8280000.0,16.962720477923234,23271045.83884477,1.810512782469175
T5-E006,cold,cold_baseline,val_cold,dongyoon kang 강동윤,41400000.0,16.54945085132946,15393422.277916566,0.628178205847426
T5-E006,cold,cold_baseline,val_cold,lee sang sun,5520000.0,14.841054075632629,2788610.7079366166,0.49481690073612017
T5-E006,cold,cold_baseline,val_cold,lee sang sun,13800000.0,15.692858868388873,6536150.021659747,0.5263659404594386
T5-E006,cold,cold_baseline,val_cold,kim ji hoon,20700000.0,16.25729179483502,11493495.15765627,0.44475868803592905
T5-E006,cold,cold_baseline,val_cold,kim ji hoon,2277000.0,14.629488361381135,2256867.5305850063,0.008841664213875123
T5-E006,cold,cold_baseline,val_cold,lee sang sun,13800000.0,15.692858868388873,6536150.021659747,0.5263659404594386
T5-E006,cold,cold_baseline,val_cold,kim ji hoon,2622000.0,14.246825836338443,1539280.7754025597,0.4129363938205341
T5-E006,cold,cold_baseline,val_cold,lee sang sun,5520000.0,14.986824390210872,3226228.5784031767,0.41553830101391726
T5-E006,cold,cold_baseline,val_cold,jung kwangmin,12420000.0,16.372933245199956,12902520.59492161,0.03885028944618433
T5-E006,cold,cold_baseline,val_cold,lee sang sun,2760000.0,14.499823840753589,1982410.0129226546,0.28173550256425556
T5-E006,cold,cold_baseline,val_cold,yoonjung lee 이윤정,4636800.0,15.471614021218079,5238857.620729176,0.12984334470522263
T5-E006,cold,cold_baseline,val_cold,sung won kwon,4140000.0,14.944305190766018,3091927.3452743706,0.2531576460689926
T5-E006,cold,cold_baseline,val_cold,yoonjung lee 이윤정,1324800.0,13.580317582167087,790418.3033081428,0.40336782660919174
T5-E006,cold,cold_baseline,val_cold,lee sang sun,27600000.0,16.04913759577436,9333658.291151484,0.6618239749582795
T5-E006,cold,cold_baseline,val_cold,sung won kwon,6210000.0,15.311279456044069,4462766.646687763,0.28135802790857284
T5-E006,cold,cold_baseline,val_cold,lee sang sun,13800000.0,15.6270213800369,6119686.208400973,0.5565444776521034
T5-E006,cold,cold_baseline,val_cold,doezny,3450000.0,15.355234753830374,4663303.935104966,0.351682300030425
T5-E006,cold,cold_baseline,val_cold,sung won kwon,20700000.0,16.240512515141205,11302251.539763916,0.45399751015633255
T5-E006,cold,cold_baseline,val_cold,kim ji hoon,8280000.0,15.313320174140781,4471883.194333095,0.4599174886071141
T5-E006,cold,cold_baseline,val_cold,yoonjung lee 이윤정,883200.0,14.07440538651683,1295497.54831071,0.4668224052431045
T5-E006,cold,cold_baseline,val_cold,jung kwangmin,12420000.0,16.189236760463373,10737327.290727941,0.13548089446634934
T5-E006,cold,cold_baseline,val_cold,sung won kwon,6210000.0,15.311279456044069,4462766.646687763,0.28135802790857284
T5-E006,cold,cold_baseline,val_cold,kim ji hoon,11040000.0,15.303682350649728,4428990.999149062,0.598823279062585
T5-E006,cold,cold_baseline,val_cold,lee sang sun,8280000.0,15.311279456044069,4462766.646687763,0.4610185209314296
T5-E006,cold,cold_baseline,val_cold,sung won kwon,41400000.0,16.866926261081428,21145258.651296616,0.4892449601136083
T5-E006,cold,cold_baseline,val_cold,sung won kwon,6210000.0,15.311279456044069,4462766.646687763,0.28135802790857284
T5-E006,cold,cold_baseline,val_cold,sung won kwon,4140000.0,14.944305190766018,3091927.3452743706,0.2531576460689926
T5-E006,cold,cold_baseline,val_cold,lee sang sun,5520000.0,14.986824390210872,3226228.5784031767,0.41553830101391726
T5-E006,cold,cold_baseline,val_cold,lee sang sun,16560000.0,15.6270213800369,6119686.208400973,0.6304537313767529
T5-E006,cold,cold_baseline,val_cold,jeah hyuck,4140000.0,16.962720477923234,23271045.83884477,4.62102556493835
T5-E006,cold,cold_baseline,val_cold,siyoung yang,16560000.0,16.437036366479706,13756697.666236343,0.16928154189394065
T5-E006,cold,cold_baseline,val_cold,yoonjung lee 이윤정,717600.0,13.221303325259232,551999.9999999997,0.23076923076923125
T5-E006,cold,cold_baseline,val_cold,kim ji hoon,10350000.0,15.802880916449038,7296321.802376711,0.29504137175104245
T5-E006,cold,cold_baseline,val_cold,dongyoon kang 강동윤,33120000.0,16.326811834680267,12320952.602109293,0.6279905615305166
T5-E006,cold,cold_baseline,val_cold,kim ji hoon,10350000.0,15.802880916449038,7296321.802376711,0.29504137175104245
T5-E006,cold,cold_baseline,val_cold,jung kwangmin,12420000.0,16.372933245199956,12902520.59492161,0.03885028944618433
T5-E006,cold,cold_baseline,val_cold,kim ji hoon,6900000.0,15.579081808767791,5833232.175706369,0.15460403250632335
T5-E006,cold,cold_baseline,val_cold,jeah hyuck,3450000.0,15.199742760846961,3991759.866201175,0.15703184527570288
T5-E006,cold,cold_baseline,val_cold,kim ji hoon,20700000.0,16.251640292776894,11428722.84893512,0.44788778507559807
T5-E006,cold,cold_baseline,val_cold,kim ji hoon,6900000.0,15.579081808767791,5833232.175706369,0.15460403250632335
T5-E006,cold,cold_baseline,val_cold,jeah hyuck,3450000.0,15.199742760846961,3991759.866201175,0.15703184527570288
T5-E006,cold,cold_baseline,val_cold,park hyung jin b 1974,17940000.0,16.195925075066576,10809382.60935847,0.3974703116299626
T5-E006,cold,cold_baseline,val_cold,jung kwangmin,11730000.0,16.372933245199956,12902520.59492161,0.09995913000184223
T5-E006,cold,cold_baseline,val_cold,jung kwangmin,12420000.0,16.372933245199956,12902520.59492161,0.03885028944618433
T5-E006,cold,cold_baseline,val_cold,lee sang sun,2760000.0,14.499823840753589,1982410.0129226546,0.28173550256425556
T5-E006,cold,cold_baseline,val_cold,jung kwangmin,12420000.0,16.372933245199956,12902520.59492161,0.03885028944618433
T5-E006,cold,cold_baseline,val_cold,yoonjung lee 이윤정,5078400.0,15.729996390261064,6783450.069238663,0.3357455240309276
T5-E006,cold,cold_baseline,val_cold,sung won kwon,4140000.0,14.944305190766018,3091927.3452743706,0.2531576460689926
T5-E006,cold,cold_baseline,val_cold,gum ran choe,28538400.0,16.41705682853642,13484572.720795834,0.5274937375327337
T5-E006,cold,cold_baseline,val_cold,dongyoon kang 강동윤,5520000.0,15.211611693377069,4039420.073123684,0.2682210012457094
T5-E006,cold,cold_baseline,val_cold,jeah hyuck,1656000.0,14.677096327705826,2366911.0952790473,0.4292941396612604
T5-E006,cold,cold_baseline,val_cold,sung won kwon,4140000.0,14.944305190766018,3091927.3452743706,0.2531576460689926
T5-E006,cold,cold_baseline,val_cold,seo sook yang,59340000.0,16.459300598053645,14066414.984116493,0.7629522247368302
T5-E006,cold,cold_baseline,val_cold,kim ji hoon,8694000.0,15.697564487059857,6566979.129363435,0.24465388436123356
T5-E006,cold,cold_baseline,val_cold,lee sang sun,5520000.0,14.805157245287152,2690283.793046487,0.5126297476365059
T5-E006,cold,cold_baseline,val_cold,dongyoon kang 강동윤,3312000.0,14.734579202087037,2506954.4355552117,0.24306931293622835
T5-E006,cold,cold_baseline,val_cold,kim ji hoon,8280000.0,15.20189791140501,4000371.986579064,0.5168632866450406
T5-E006,cold,cold_baseline,val_cold,jeah hyuck,1656000.0,14.677096327705826,2366911.0952790473,0.4292941396612604
T5-E006,cold,cold_baseline,val_cold,siyoung yang,1656000.0,14.679423147148963,2372424.882341514,0.43262372122072096
T5-E006,cold,cold_baseline,val_cold,jeah hyuck,1656000.0,14.677096327705826,2366911.0952790473,0.4292941396612604
T5-E006,cold,cold_baseline,val_cold,jung kwangmin,4830000.0,15.551069110450207,5672095.081985577,0.1743468078645087
T5-E006,cold,cold_baseline,val_cold,sung won kwon,6210000.0,15.311279456044069,4462766.646687763,0.28135802790857284
T5-E006,cold,cold_baseline,val_cold,sung won kwon,4140000.0,14.944305190766018,3091927.3452743706,0.2531576460689926
T5-E006,cold,cold_baseline,val_cold,siyoung yang,1656000.0,14.679423147148963,2372424.882341514,0.43262372122072096
T5-E006,cold,cold_baseline,val_cold,yoonjung lee 이윤정,1048800.0,13.674497374154601,868477.8617753565,0.1719318632958081
T5-E006,cold,cold_baseline,val_cold,yoonjung lee 이윤정,5078400.0,15.729996390261064,6783450.069238663,0.3357455240309276
T5-E006,cold,cold_baseline,val_cold,jung kwangmin,17940000.0,16.583520539955355,15926907.619231243,0.1122125072892284
T5-E006,cold,cold_baseline,val_cold,namkyoung kim,6210000.0,16.442149079788358,13827211.823209694,1.2266041583268428
T5-E006,cold,cold_baseline,val_cold,jung kwangmin,12420000.0,16.372933245199956,12902520.59492161,0.03885028944618433
T5-E006,cold,cold_baseline,val_cold,kim ji hoon,5520000.0,14.706358303372642,2437194.896547943,0.5584791854079814
T5-E006,cold,cold_baseline,val_cold,kim ji hoon,2622000.0,14.082484778237406,1306006.7773986591,0.5019043564459729
T5-E006,cold,cold_baseline,val_cold,lee sang sun,2760000.0,14.37766909229375,1754455.4683520459,0.3643277288579544
T5-E006,cold,cold_baseline,val_cold,geonwoo lee,4140000.0,15.32284901874449,4514698.741760376,0.09050694245419708
T5-E006,cold,cold_baseline,val_cold,sundoo kim,37674000.0,16.43069014999996,13669671.12152487,0.637159018911587
T5-E006,cold,cold_baseline,val_cold,kim ji hoon,2622000.0,14.246825836338443,1539280.7754025597,0.4129363938205341
T5-E006,cold,cold_baseline,val_cold,jeah hyuck,5520000.0,16.962720477923234,23271045.83884477,3.2157691737037624
T5-E006,cold,cold_baseline,val_cold,jeah hyuck,9660000.0,16.962720477923234,23271045.83884477,1.40901095640215
T5-E006,cold,cold_baseline,val_cold,geonwoo lee,3105000.0,15.14220152288803,3768552.460230533,0.21370449604848085
T5-E006,cold,cold_baseline,val_cold,jung kwangmin,11730000.0,16.372933245199956,12902520.59492161,0.09995913000184223
T5-E006,cold,cold_baseline,val_cold,da young kim,1104000.0,14.929862436045035,3047592.3275670754,1.7605002967093073
T5-E006,cold,cold_baseline,val_cold,yoonjung lee 이윤정,5078400.0,15.763165104932193,7012221.441817964,0.38079344711286317
T5-E006,cold,cold_baseline,val_cold,yoonjung lee 이윤정,5078400.0,15.774317180722225,7090859.943043497,0.39627834417208124
T5-E006,cold,cold_baseline,val_cold,kim ji hoon,20700000.0,16.25729179483502,11493495.15765627,0.44475868803592905
T5-E006,cold,cold_baseline,val_cold,kim ji hoon,2622000.0,14.082484778237406,1306006.7773986591,0.5019043564459729
T5-E006,cold,cold_baseline,val_cold,junho jung,1380000.0,16.072188724244835,9551308.552216152,5.921238081316052
T5-E006,cold,cold_baseline,val_cold,park hyung jin b 1974,2208000.0,14.387615945995623,1771993.8615341038,0.1974665482182501
T5-E006,cold,cold_baseline,val_cold,jeah hyuck,11040000.0,16.962720477923234,23271045.83884477,1.1078845868518812
T5-E006,cold,cold_baseline,val_cold,dongyoon kang 강동윤,16560000.0,16.033475828126818,9188615.481878238,0.44513191534551705
T5-E006,cold,cold_baseline,val_cold,lee sang sun,20700000.0,15.980153941889593,8711494.70379724,0.5791548452271865
T5-E006,cold,cold_baseline,val_cold,sung won kwon,6210000.0,15.311279456044069,4462766.646687763,0.28135802790857284
T5-E006,cold,cold_baseline,val_cold,dongyoon kang 강동윤,3312000.0,14.734579202087037,2506954.4355552117,0.24306931293622835
T5-E006,cold,cold_baseline,val_cold,kim ji hoon,11040000.0,15.303682350649728,4428990.999149062,0.598823279062585
T5-E006,cold,cold_baseline,val_cold,junho jung,3312000.0,16.773972007767853,19268303.686027218,4.817724542882614
T5-E006,cold,cold_baseline,val_cold,siyoung yang,16560000.0,16.24874588999449,11395691.348016197,0.3118543871970896
T5-E006,cold,cold_baseline,val_cold,lee sang sun,2760000.0,14.301472034879636,1625737.366586833,0.41096472225114744
T5-E006,cold,cold_baseline,val_cold,yoonjung lee 이윤정,883200.0,14.323801945519138,1662448.2870909187,0.8823010496953337
T5-E006,cold,cold_baseline,val_cold,da young kim,1104000.0,14.929862436045035,3047592.3275670754,1.7605002967093073
T5-E006,cold,cold_baseline,val_cold,jeah hyuck,3450000.0,14.767843803377167,2591749.7983406265,0.2487681743940213
T5-E006,cold,cold_baseline,val_cold,kim ji hoon,8280000.0,15.313320174140781,4471883.194333095,0.4599174886071141
T5-E006,cold,cold_baseline,val_cold,sung won kwon,4140000.0,14.944305190766018,3091927.3452743706,0.2531576460689926
T5-E006,cold,cold_baseline,val_cold,kim ji hoon,8280000.0,14.921196121515367,3021295.048730915,0.6351092936315319
T5-E006,cold,cold_baseline,val_cold,kim ji hoon,2277000.0,14.629488361381135,2256867.5305850063,0.008841664213875123
T5-E006,cold,cold_baseline,val_cold,doezny,6486000.0,15.795856652549642,7245250.093114603,0.11705983550949789
T5-E006,cold,cold_baseline,val_cold,jeah hyuck,15180000.0,16.962720477923234,23271045.83884477,0.5330069722559136
T5-E006,cold,cold_baseline,val_cold,kim ji hoon,11040000.0,15.176374757489185,3899561.8455328895,0.6467788183394122
T5-E006,cold,cold_baseline,val_cold,kim ji hoon,8970000.0,15.303682350649728,4428990.999149062,0.5062440357693354
T5-E006,cold,cold_baseline,val_cold,lee sang sun,13800000.0,15.598751046670369,5949103.219021888,0.5689055638389936
T5-E006,cold,cold_baseline,val_cold,lee sang sun,3450000.0,14.669272214059243,2348464.3726094575,0.31928568909870797
T5-E006,cold,cold_baseline,val_cold,jung kwangmin,11730000.0,16.372933245199956,12902520.59492161,0.09995913000184223
T5-E006,cold,cold_baseline,val_cold,kim ji hoon,8970000.0,15.303682350649728,4428990.999149062,0.5062440357693354
T5-E006,cold,cold_baseline,val_cold,jeah hyuck,1656000.0,14.677096327705826,2366911.0952790473,0.4292941396612604
T5-E006,cold,cold_baseline,val_cold,geonwoo lee,2070000.0,15.651719893487348,6272715.37791753,2.0302972840181304
T5-E006,cold,cold_baseline,val_cold,kim ji hoon,5244000.0,15.477661232241818,5270634.080929839,0.005078962801266029
T5-E006,cold,cold_baseline,val_cold,kim ji hoon,2277000.0,14.629488361381135,2256867.5305850063,0.008841664213875123
T5-E006,cold,cold_baseline,val_cold,dongyoon kang 강동윤,16560000.0,16.033475828126818,9188615.481878238,0.44513191534551705
T5-E006,cold,cold_baseline,val_cold,siyoung yang,1656000.0,14.68761435396863,2391937.7129299864,0.4444068314794604
T5-E006,cold,cold_baseline,val_cold,sung won kwon,6210000.0,15.311279456044069,4462766.646687763,0.28135802790857284
T5-E006,cold,cold_baseline,val_cold,jeah hyuck,15180000.0,16.962720477923234,23271045.83884477,0.5330069722559136
T5-E006,cold,cold_baseline,val_cold,gum ran choe,14283000.0,15.776501225914096,7106363.625817461,0.5024600135953609
T5-E006,cold,cold_baseline,val_cold,kim ji hoon,1794000.0,14.462927391948634,1910599.0545027372,0.06499389883095721
T5-E006,cold,cold_baseline,val_cold,kim ji hoon,6900000.0,15.313320174140781,4471883.194333095,0.35190098632853695
T5-E006,cold,cold_baseline,val_cold,kim ji hoon,2622000.0,14.082484778237406,1306006.7773986591,0.5019043564459729
T5-E006,cold,cold_baseline,val_cold,kim ji hoon,2622000.0,14.082484778237406,1306006.7773986591,0.5019043564459729
T5-E006,cold,cold_baseline,val_cold,park hyung jin b 1974,17250000.0,16.093738755879695,9759373.403621241,0.4342392229784788
T5-E006,cold,cold_baseline,val_cold,jung kwangmin,41400000.0,17.48813338650315,39354992.008750156,0.04939632829105904
T5-E006,cold,cold_baseline,val_cold,kim ji hoon,8280000.0,15.20189791140501,4000371.986579064,0.5168632866450406
T5-E006,cold,cold_baseline,val_cold,geonwoo lee,10350000.0,16.045602029897477,9300716.795120113,0.1013800197951582
T5-E006,cold,cold_baseline,val_cold,jung kwangmin,11730000.0,16.372933245199956,12902520.59492161,0.09995913000184223
T5-E006,cold,cold_baseline,val_cold,siyoung yang,1656000.0,14.68761435396863,2391937.7129299864,0.4444068314794604
T5-E006,cold,cold_baseline,val_cold,miro kim,3036000.0,15.17427791627677,3891393.6502418607,0.28175021417716095
T5-E006,cold,cold_baseline,val_cold,lee sang sun,27600000.0,16.130343618109976,10123232.806663925,0.6332162026571042
T5-E006,cold,cold_baseline,val_cold,kim ji hoon,2622000.0,14.246825836338443,1539280.7754025597,0.4129363938205341
T5-E006,cold,cold_baseline,val_cold,geonwoo lee,20700000.0,16.599677835614514,16186333.541487515,0.21805151973490267
T5-E006,cold,cold_baseline,val_cold,geonwoo lee,6210000.0,15.651719893487348,6272715.37791753,0.010099094672710147
T5-E006,cold,cold_baseline,val_cold,jeah hyuck,6900000.0,16.962720477923234,23271045.83884477,2.37261533896301
T5-E006,cold,cold_baseline,val_cold,siyoung yang,8280000.0,15.671185260754541,6396012.202419144,0.2275347581619391
T5-E006,cold,cold_baseline,val_cold,jung sane,1018440.0,14.824391445836023,2742530.0982922516,1.6928735107539488
T5-E006,cold,cold_baseline,val_cold,lee sang sun,20700000.0,16.03297704822099,9184033.527901765,0.5563268827100597
T5-E006,cold,cold_baseline,val_cold,kim ji hoon,5520000.0,14.706358303372642,2437194.896547943,0.5584791854079814
T5-E006,cold,cold_baseline,val_cold,jeah hyuck,15180000.0,16.962720477923234,23271045.83884477,0.5330069722559136
T5-E006,cold,cold_baseline,val_cold,dongyoon kang 강동윤,16560000.0,16.033475828126818,9188615.481878238,0.44513191534551705
T5-E006,cold,cold_baseline,val_cold,geonwoo lee,20700000.0,16.599677835614514,16186333.541487515,0.21805151973490267
T5-E006,cold,cold_baseline,val_cold,dongyoon kang 강동윤,16560000.0,15.899323681686864,8035049.210774269,0.5147917143252253
T5-E006,cold,cold_baseline,val_cold,jeah hyuck,15180000.0,16.962720477923234,23271045.83884477,0.5330069722559136
T5-E006,cold,cold_baseline,val_cold,sung won kwon,20700000.0,16.240512515141205,11302251.539763916,0.45399751015633255
T5-E006,cold,cold_baseline,val_cold,jeah hyuck,12420000.0,16.962720477923234,23271045.83884477,0.8736751883127833
T5-E006,cold,cold_baseline,val_cold,geonwoo lee,4140000.0,15.32284901874449,4514698.741760376,0.09050694245419708
T5-E006,cold,cold_baseline,val_cold,sung won kwon,4140000.0,14.944305190766018,3091927.3452743706,0.2531576460689926
T5-E006,cold,cold_baseline,val_cold,dongyoon kang 강동윤,16560000.0,16.363819376099258,12785462.945456032,0.22793098155458746
T5-E006,cold,cold_baseline,val_cold,kim ji hoon,13800000.0,16.006137265107526,8940814.631656215,0.35211488176404243
T5-E006,cold,cold_baseline,val_cold,kim ji hoon,10350000.0,15.802880916449038,7296321.802376711,0.29504137175104245
T5-E006,cold,cold_baseline,val_cold,momo kim,1380000.0,14.679423147148963,2372424.882341514,0.7191484654648651
T5-E006,cold,cold_baseline,val_cold,momo kim,1380000.0,14.857984311097454,2836224.4625802827,1.0552351178117991
T5-E006,cold,cold_baseline,val_cold,jungbin suh,450000.0,11.886905736353562,145350.847446247,0.6769981167861178
T5-E006,cold,cold_baseline,val_cold,jungbin suh,50000.0,11.886905736353562,145350.847446247,1.90701694892494
T5-E006,cold,cold_baseline,val_cold,park hyung jin b 1974,4140000.0,14.8720620368655,2876434.4210924646,0.30520907703080563
T5-E006,cold,cold_baseline,val_cold,jungbin suh,700000.0,11.886905736353562,145350.847446247,0.7923559322196472
T5-E006,cold,cold_baseline,val_cold,jungbin suh,900000.0,14.35411064967378,1713606.2906339911,0.9040069895933235
T5-E006,cold,cold_baseline,val_cold,momo kim,276000.0,13.037458433082614,459299.79917972133,0.6641297071729034
T5-E006,cold,cold_baseline,val_cold,momo kim,276000.0,13.037458433082614,459299.79917972133,0.6641297071729034
T5-E006,cold,cold_baseline,val_cold,doezny,552000.0,13.55896840102717,773722.3761063851,0.40167097120721945
T5-E006,cold,cold_baseline,val_cold,momo kim,276000.0,13.037458433082614,459299.79917972133,0.6641297071729034
T5-E006,cold,cold_baseline,val_cold,doezny,1035000.0,14.018157705993172,1224640.2752668918,0.1832273190984462
T5-E006,cold,cold_baseline,val_cold,momo kim,276000.0,13.037458433082614,459299.79917972133,0.6641297071729034
T5-E006,cold,cold_baseline,val_cold,momo kim,276000.0,13.037458433082614,459299.79917972133,0.6641297071729034
T5-E006,cold,cold_baseline,val_cold,momo kim,276000.0,13.037458433082614,459299.79917972133,0.6641297071729034
T5-E006,cold,cold_baseline,val_cold,sung won kwon,621000.0,13.70723518005462,897380.4436510525,0.44505707512246784
T5-E006,cold,cold_baseline,val_cold,momo kim,276000.0,13.037458433082614,459299.79917972133,0.6641297071729034
T5-E006,cold,cold_baseline,val_cold,momo kim,276000.0,13.037458433082614,459299.79917972133,0.6641297071729034
T5-E006,cold,cold_baseline,val_cold,sung won kwon,621000.0,13.70723518005462,897380.4436510525,0.44505707512246784
T5-E006,cold,cold_baseline,val_cold,momo kim,276000.0,13.037458433082614,459299.79917972133,0.6641297071729034
T5-E006,cold,cold_baseline,val_cold,sung won kwon,621000.0,13.70723518005462,897380.4436510525,0.44505707512246784
T5-E006,cold,cold_baseline,val_cold,momo kim,276000.0,13.037458433082614,459299.79917972133,0.6641297071729034
T5-E006,cold,cold_baseline,val_cold,sung won kwon,621000.0,13.834997385007593,1019677.9345989265,0.641993453460429
T5-E006,cold,cold_baseline,val_cold,sung won kwon,621000.0,13.70723518005462,897380.4436510525,0.44505707512246784
T5-E006,cold,cold_baseline,val_cold,momo kim,276000.0,13.037458433082614,459299.79917972133,0.6641297071729034
T5-E006,cold,cold_baseline,val_cold,sung won kwon,621000.0,13.70723518005462,897380.4436510525,0.44505707512246784
T5-E006,cold,cold_baseline,val_cold,sung won kwon,621000.0,13.70723518005462,897380.4436510525,0.44505707512246784
T5-E006,cold,cold_baseline,val_cold,momo kim,276000.0,13.037458433082614,459299.79917972133,0.6641297071729034
T5-E006,cold,cold_baseline,val_cold,doezny,828000.0,13.759194495597692,945240.3337759495,0.14159460600960092
T5-E006,cold,cold_baseline,val_cold,momo kim,276000.0,13.037458433082614,459299.79917972133,0.6641297071729034
T5-E006,cold,cold_baseline,val_cold,momo kim,276000.0,13.037458433082614,459299.79917972133,0.6641297071729034
T5-E006,cold,cold_baseline,val_cold,momo kim,276000.0,13.037458433082614,459299.79917972133,0.6641297071729034
T5-E006,cold,cold_baseline,val_cold,momo kim,276000.0,13.037458433082614,459299.79917972133,0.6641297071729034
T5-E006,cold,cold_baseline,val_cold,sung won kwon,621000.0,13.70723518005462,897380.4436510525,0.44505707512246784
T5-E006,cold,cold_baseline,val_cold,jeongwoong lee,2400000.0,14.713813227601685,2455431.893085421,0.023096622118925443
T5-E006,cold,cold_baseline,val_cold,jeongwoong lee,5000000.0,15.109307797108666,3646607.338868014,0.2706785322263972
T5-E006,cold,cold_baseline,val_cold,noori noh,1794000.0,15.15374851888351,3812320.1266263435,1.1250390895353084
T5-E006,cold,cold_baseline,val_cold,yun hyong keun,276000000.0,15.327787585560742,4537050.029387561,0.9835614129370017
T5-E006,cold,cold_baseline,val_cold,noori noh,2760000.0,15.483614381847932,5302104.535351709,0.9210523678810542
T5-E006,cold,cold_baseline,val_cold,jeongwoong lee,1500000.0,13.709462153835652,899381.1132632135,0.40041259115785766
T5-E006,cold,cold_baseline,val_cold,noori noh,2760000.0,15.483614381847932,5302104.535351709,0.9210523678810542
T5-E006,cold,cold_baseline,val_cold,noori noh,2760000.0,15.483614381847932,5302104.535351709,0.9210523678810542
T5-E006,cold,cold_baseline,val_cold,noori noh,2760000.0,15.483614381847932,5302104.535351709,0.9210523678810542
T5-E006,cold,cold_baseline,val_cold,seohyun oh,4692000.0,15.144183869042612,3776030.4452369725,0.19521942769885495
T5-E006,cold,cold_baseline,val_cold,seohyun oh,3312000.0,14.720284755814538,2471373.8185282154,0.2538122528598383
T5-E006,cold,cold_baseline,val_cold,noori noh,2760000.0,15.289430068354756,4366315.464775463,0.5819983568027038
T5-E006,cold,cold_baseline,val_cold,seohyun oh,11040000.0,16.622517102008352,16560271.5048658,0.500024592832047
T5-E006,cold,cold_baseline,val_cold,noori noh,6348000.0,17.11907211803192,27209374.3750769,3.2862908593378863
T5-E006,cold,cold_baseline,val_cold,heeju moon,1656000.0,15.422230573170706,4986428.964555528,2.011128601784739
T5-E006,cold,cold_baseline,val_cold,heeju moon,1656000.0,15.401701175777447,4885104.209487026,1.9499421554873344
T5-E006,cold,cold_baseline,val_cold,sj park,4692000.0,15.650655863361282,6266044.569383177,0.3354741196468834
T5-E006,cold,cold_baseline,val_cold,noori noh,1794000.0,15.15374851888351,3812320.1266263435,1.1250390895353084
T5-E006,cold,cold_baseline,val_cold,lee sejun,2070000.0,14.871377259882422,2874465.3792617717,0.3886306180008559
T5-E006,cold,cold_baseline,val_cold,heeju moon,13386000.0,17.193743850043948,29318927.349216603,1.1902679926203947
T5-E006,cold,cold_baseline,val_cold,sung won kwon,2484000.0,14.782441730581056,2629861.472151705,0.05872039941695051
T5-E006,cold,cold_baseline,val_cold,jeongyoon oh,9963600.0,15.349669174533824,4637422.037954761,0.5345636077366854
T5-E006,cold,cold_baseline,val_cold,jeongyoon oh,9963600.0,15.401701175777447,4885104.209487026,0.5097049049051522
T5-E006,cold,cold_baseline,val_cold,jeongyoon oh,2346000.0,14.588408487397613,2166034.181600641,0.07671177254874638
T5-E006,cold,cold_baseline,val_cold,zain,1242000.0,14.667084956575371,2343333.289880044,0.8867417792915007
T5-E006,cold,cold_baseline,val_cold,heeju moon,1380000.0,15.313708137803168,4473618.459103009,2.241752506596383
T5-E006,cold,cold_baseline,val_cold,lee sukju,70000000.0,16.122017476010893,10039295.25471719,0.8565814963611831
T5-E006,cold,cold_baseline,val_cold,seohyun oh,9246000.0,16.285977900342942,11827973.273344634,0.2792530038226946
T5-E006,cold,cold_baseline,val_cold,semi cho,27324000.0,17.364177329252204,34766934.29973455,0.272395487473816
T5-E006,cold,cold_baseline,val_cold,seohyun oh,8280000.0,16.126534014492844,10084740.668793699,0.21796384888812786
T5-E006,cold,cold_baseline,val_cold,jeongyoon oh,29890800.0,16.203207319294545,10888386.487101614,0.6357278330756749
T5-E006,cold,cold_baseline,val_cold,jeongyoon oh,24150000.0,16.04775864896363,9320796.542689994,0.614045691814079
T5-E006,cold,cold_baseline,val_cold,noori noh,2760000.0,15.483614381847932,5302104.535351709,0.9210523678810542
T5-E006,cold,cold_baseline,val_cold,jeongyoon oh,9963600.0,15.401701175777447,4885104.209487026,0.5097049049051522
T5-E006,cold,cold_baseline,val_cold,jeongyoon oh,14945400.0,15.703540655960698,6606342.008262799,0.5579682037106535
T5-E006,cold,cold_baseline,val_cold,jung yeonkyung,18975000.0,16.203207319294545,10888386.487101614,0.42617199013957235
T5-E006,cold,cold_baseline,val_cold,jeongyoon oh,2760000.0,14.588408487397613,2166034.181600641,0.2152050066664344
T5-E006,cold,cold_baseline,val_cold,jeongyoon oh,2760000.0,14.588408487397613,2166034.181600641,0.2152050066664344
T5-E006,cold,cold_baseline,val_cold,jeongyoon oh,29890800.0,16.417582255771936,13491659.744257163,0.5486350400706183
T5-E006,cold,cold_baseline,val_cold,jeongyoon oh,9963600.0,15.349669174533824,4637422.037954761,0.5345636077366854
T5-E006,cold,cold_baseline,val_cold,heeju moon,1380000.0,15.503185124888654,5406892.7073925715,2.918038193762733
T5-E006,cold,cold_baseline,val_cold,zain,1242000.0,14.667084956575371,2343333.289880044,0.8867417792915007
T5-E006,cold,cold_baseline,val_cold,jeongyoon oh,2346000.0,14.588408487397613,2166034.181600641,0.07671177254874638
T5-E006,cold,cold_baseline,val_cold,jeongyoon oh,9963600.0,15.401701175777447,4885104.209487026,0.5097049049051522
T5-E006,cold,cold_baseline,val_cold,jeongyoon oh,14945400.0,15.703540655960698,6606342.008262799,0.5579682037106535
T5-E006,cold,cold_baseline,val_cold,heeju moon,1380000.0,15.313708137803168,4473618.459103009,2.241752506596383
T5-E006,cold,cold_baseline,val_cold,heeju moon,1656000.0,15.482655727495395,5297024.0853481265,2.198686041876888
T5-E006,cold,cold_baseline,val_cold,sj park,4692000.0,15.590424904571288,5899775.778863216,0.2574117175752804
T5-E006,cold,cold_baseline,val_cold,sj park,4692000.0,15.466959378624699,5214529.274709084,0.11136600057738365
T5-E006,cold,cold_baseline,val_cold,sunghoon yang,8280000.0,15.463906863159805,5198636.1128579,0.3721453969978382
T5-E006,cold,cold_baseline,val_cold,jung yeonkyung,7107000.0,15.473983768429129,5251287.110522683,0.26111057963660017
T5-E006,cold,cold_baseline,val_cold,jeongyoon oh,2346000.0,14.588408487397613,2166034.181600641,0.07671177254874638
T5-E006,cold,cold_baseline,val_cold,sj park,4692000.0,15.650655863361282,6266044.569383177,0.3354741196468834
T5-E006,cold,cold_baseline,val_cold,jeongyoon oh,2346000.0,14.588408487397613,2166034.181600641,0.07671177254874638
T5-E006,cold,cold_baseline,val_cold,jeongyoon oh,2760000.0,14.667084956575371,2343333.289880044,0.1509661993188247
T5-E006,cold,cold_baseline,val_cold,jeongyoon oh,9963600.0,15.145967665146005,3782772.124734659,0.6203408281409672
T5-E006,cold,cold_baseline,val_cold,jeongyoon oh,2346000.0,14.588408487397613,2166034.181600641,0.07671177254874638
T5-E006,cold,cold_baseline,val_cold,jeongyoon oh,2346000.0,14.588408487397613,2166034.181600641,0.07671177254874638
T5-E006,cold,cold_baseline,val_cold,jeongyoon oh,14945400.0,15.703540655960698,6606342.008262799,0.5579682037106535
T5-E006,cold,cold_baseline,val_cold,heeju moon,5796000.0,16.493535099817617,14556309.494467758,1.5114405615023736
T5-E006,cold,cold_baseline,val_cold,heeju moon,1380000.0,15.476487261484104,5264450.14123663,2.8148189429250943
T5-E006,cold,cold_baseline,val_cold,heeju moon,2760000.0,15.866734417336247,7777413.744754778,1.817903530708253
T5-E006,cold,cold_baseline,val_cold,jeong yeon kim,1462800.0,14.675411098674452,2362925.6671094466,0.6153443171379864
T5-E006,cold,cold_baseline,val_cold,jeong yeon kim,1462800.0,14.675411098674452,2362925.6671094466,0.6153443171379864
T5-E006,cold,cold_baseline,val_cold,misoung lim,910800.0,15.063551258773963,3483511.026415426,2.824671746174161
T5-E006,cold,cold_baseline,val_cold,misoung lim,1145400.0,15.248820992869845,4192555.426014389,2.660341737396882
T5-E006,cold,cold_baseline,val_cold,ryeong ah kim,469200.0,13.937365511313965,1129590.2466157912,1.4074813440234255
T5-E006,cold,cold_baseline,val_cold,jeong yeon kim,4374600.0,16.910036410051745,22076768.40189215,4.046579893451321
T5-E006,cold,cold_baseline,val_cold,jeong yeon kim,4374600.0,16.990955282482993,23937463.07829836,4.471920422049641
T5-E006,cold,cold_baseline,val_cold,kangso lee,97014000.0,15.87506055943533,7842439.929725765,0.9191617711904904
T5-E006,cold,cold_baseline,val_cold,hyun jin oh,952200.0,13.523928690591047,747080.8495525935,0.21541603701680997
T5-E006,cold,cold_baseline,val_cold,jeong yeon kim,43732200.0,16.425908397871016,13604462.173302036,0.6889142971700021
T5-E006,cold,cold_baseline,val_cold,jeong yeon kim,4374600.0,15.490981869594476,5341311.978377072,0.22098294206946284
T5-E006,cold,cold_baseline,val_cold,ryeong ah kim,469200.0,13.937365511313965,1129590.2466157912,1.4074813440234255
T5-E006,cold,cold_baseline,val_cold,ryeong ah kim,469200.0,13.84383401264013,1028728.3776168654,1.1925157238211113
T5-E006,cold,cold_baseline,val_cold,misoung lim,1366200.0,15.408906476883427,4920429.969788401,2.6015444076917005
T5-E006,cold,cold_baseline,val_cold,hyun jin oh,1380000.0,13.732607573641486,920440.4400412769,0.3330141738831327
T5-E006,cold,cold_baseline,val_cold,sung won kwon,5175000.0,15.252208428894566,4206781.520689532,0.18709535832086335
T5-E006,cold,cold_baseline,val_cold,misoung lim,1145400.0,15.248820992869845,4192555.426014389,2.660341737396882
T5-E006,cold,cold_baseline,val_cold,sung won kwon,16560000.0,16.43439741929937,13720442.32672258,0.17147087399018243
T5-E006,cold,cold_baseline,val_cold,jeong yeon kim,4374600.0,16.990955282482993,23937463.07829836,4.471920422049641
T5-E006,cold,cold_baseline,val_cold,sj park,2760000.0,15.282189736577184,4334816.062831458,0.5705855300113977
T5-E006,cold,cold_baseline,val_cold,choi sangchul,66240000.0,16.425908397871016,13604462.173302036,0.7946186266107784
T5-E006,cold,cold_baseline,val_cold,sung won kwon,6624000.0,15.644689451380575,6228770.074065437,0.05966635355292322
T5-E006,cold,cold_baseline,val_cold,jimo,1794000.0,15.063551258773963,3483511.026415426,0.9417564249807279
T5-E006,cold,cold_baseline,val_cold,sung won kwon,33120000.0,16.84339254719406,20653442.018672027,0.3764057361512069
T5-E006,cold,cold_baseline,val_cold,seol min yi,2056200.0,14.511821238733702,2006337.0187140487,0.02425006384882372
T5-E006,cold,cold_baseline,val_cold,jimo,2760000.0,15.410027317876528,4925948.081287317,0.7847637975678685
T5-E006,cold,cold_baseline,val_cold,choi sangchul,44850000.0,16.220338861943603,11076528.323075766,0.7530316984821457
T5-E006,cold,cold_baseline,val_cold,jimo,455400.0,13.93699844436702,1129175.6874628037,1.4795250054080011
T5-E006,cold,cold_baseline,val_cold,sung won kwon,6624000.0,15.644689451380575,6228770.074065437,0.05966635355292322
T5-E006,cold,cold_baseline,val_cold,hyun jin oh,2346000.0,14.599802971112972,2190856.171126044,0.06613121435377499
T5-E006,cold,cold_baseline,val_cold,jimo,4554000.0,15.783653397255463,7157371.748061367,0.571667050518526
T5-E006,cold,cold_baseline,val_cold,ryeong ah kim,276000.0,13.873653588720536,1059866.5783877806,2.8400962985064515
T5-E006,cold,cold_baseline,val_cold,hyun jin oh,1794000.0,14.196498524734345,1463729.9919042082,0.18409699447925965
T5-E006,cold,cold_baseline,val_cold,ryeong ah kim,469200.0,13.84383401264013,1028728.3776168654,1.1925157238211113
T5-E006,cold,cold_baseline,val_cold,jimo,455400.0,13.93699844436702,1129175.6874628037,1.4795250054080011
T5-E006,cold,cold_baseline,val_cold,choi sangchul,44850000.0,16.220338861943603,11076528.323075766,0.7530316984821457
T5-E006,cold,cold_baseline,val_cold,ryeong ah kim,276000.0,13.873653588720536,1059866.5783877806,2.8400962985064515
T5-E006,cold,cold_baseline,val_cold,sung won kwon,6624000.0,15.644689451380575,6228770.074065437,0.05966635355292322
T5-E006,cold,cold_baseline,val_cold,noori noh,1794000.0,14.49171461393787,1966399.2058576471,0.09609766212800842
T5-E006,cold,cold_baseline,val_cold,siyoung yang,2760000.0,14.006691098988068,1210678.009398726,0.5613485473193022
T5-E006,cold,cold_baseline,val_cold,jung sane,10074000.0,16.63644292871388,16792500.21142972,0.666914851243768
T5-E006,cold,cold_baseline,val_cold,sung won kwon,6624000.0,15.644689451380575,6228770.074065437,0.05966635355292322
T5-E006,cold,cold_baseline,val_cold,sung won kwon,16560000.0,16.43439741929937,13720442.32672258,0.17147087399018243
T5-E006,cold,cold_baseline,val_cold,siyoung yang,1656000.0,14.543781864157166,2071496.5274595725,0.2509037001567467
T5-E006,cold,cold_baseline,val_cold,sung won kwon,6624000.0,15.644689451380575,6228770.074065437,0.05966635355292322
T5-E006,cold,cold_baseline,val_cold,ryeong ah kim,952200.0,14.675411098674452,2362925.6671094466,1.4815434437192256
T5-E006,cold,cold_baseline,val_cold,momo kim,6527400.0,15.87506055943533,7842439.929725765,0.2014645846318236
T5-E006,cold,cold_baseline,val_cold,sung won kwon,6624000.0,15.644689451380575,6228770.074065437,0.05966635355292322
T5-E006,cold,cold_baseline,val_cold,jimo,4554000.0,15.783653397255463,7157371.748061367,0.571667050518526
T5-E006,cold,cold_baseline,val_cold,seol min yi,2056200.0,14.511821238733702,2006337.0187140487,0.02425006384882372
T5-E006,cold,cold_baseline,val_cold,chung hyunhee,1587000.0,14.49171461393787,1966399.2058576471,0.23906692240557476
T5-E006,cold,cold_baseline,val_cold,sung won kwon,4140000.0,14.944305190766018,3091927.3452743706,0.2531576460689926
T5-E006,cold,cold_baseline,val_cold,hyun jin oh,1794000.0,14.196498524734345,1463729.9919042082,0.18409699447925965
T5-E006,cold,cold_baseline,val_cold,seol min yi,5147400.0,15.307285384857893,4444977.588045356,0.13646159458263282
T5-E006,cold,cold_baseline,val_cold,ryeong ah kim,276000.0,13.45390007894601,696553.6372623935,1.523745062544904
T5-E006,cold,cold_baseline,val_cold,jimo,2760000.0,15.410027317876528,4925948.081287317,0.7847637975678685
T5-E006,cold,cold_baseline,val_cold,sung won kwon,3312000.0,15.1280016755026,3715417.735738896,0.12180487190184053
T5-E006,cold,cold_baseline,val_cold,sung won kwon,6624000.0,15.644689451380575,6228770.074065437,0.05966635355292322
T5-E006,cold,cold_baseline,val_cold,chung hyunhee,1587000.0,14.49171461393787,1966399.2058576471,0.23906692240557476
T5-E006,cold,cold_baseline,val_cold,siyoung yang,16560000.0,16.232834080510944,11215800.270104127,0.3227173749937121
T5-E006,cold,cold_baseline,val_cold,sung won kwon,1656000.0,14.166989595273986,1421167.9553497112,0.1418067902477589
T5-E006,cold,cold_baseline,val_cold,siyoung yang,4968000.0,15.304381725843584,4432089.609006811,0.10787246195515078
T5-E006,cold,cold_baseline,val_cold,choi sangchul,44850000.0,16.220338861943603,11076528.323075766,0.7530316984821457
T5-E006,cold,cold_baseline,val_cold,choi sangchul,22770000.0,15.65385068909785,6286095.502403512,0.723930807975252
T5-E006,cold,cold_baseline,val_cold,hyun jin oh,1794000.0,14.008327302398303,1212660.5463609733,0.32404651819343744
T5-E006,cold,cold_baseline,val_cold,sj park,1794000.0,13.986778568432939,1186808.7835798154,0.3384566423746848
T5-E006,cold,cold_baseline,val_cold,choi sangchul,89700000.0,16.79103728965596,19599944.443000957,0.781494487814928
T5-E006,cold,cold_baseline,val_cold,sj park,4692000.0,14.60556971870436,2203526.784675227,0.5303651354059619
T5-E006,cold,cold_baseline,val_cold,ryeong ah kim,1794000.0,15.162074660982592,3844194.5571064963,1.1428063306056278
T5-E006,cold,cold_baseline,val_cold,sj park,4692000.0,15.226177431695106,4098687.8001131197,0.12645187550871279
T5-E006,cold,cold_baseline,val_cold,ryeong ah kim,565800.0,14.529489310077377,2042100.1265555257,2.6092260985428166
T5-E006,cold,cold_baseline,val_cold,sung won kwon,16560000.0,16.43439741929937,13720442.32672258,0.17147087399018243
T5-E006,cold,cold_baseline,val_cold,sung won kwon,6210000.0,15.494975940780652,5362688.219343119,0.13644312087872476
T5-E006,cold,cold_baseline,val_cold,sung won kwon,6624000.0,15.644689451380575,6228770.074065437,0.05966635355292322
T5-E006,cold,cold_baseline,val_cold,jimo,1380000.0,14.966995595160212,3162886.4277945207,1.2919466868076237
T5-E006,cold,cold_baseline,val_cold,hyun jin oh,1794000.0,14.13172426006554,1371923.407216271,0.23527123343574644
T5-E006,cold,cold_baseline,val_cold,sj park,2760000.0,14.936110456582924,3066693.356693556,0.11112078141070872
T5-E006,cold,cold_baseline,val_cold,jimo,1380000.0,14.966995595160212,3162886.4277945207,1.2919466868076237
T5-E006,cold,cold_baseline,val_cold,seol min yi,5147400.0,15.307285384857893,4444977.588045356,0.13646159458263282
T5-E006,cold,cold_baseline,val_cold,hyun jin oh,1794000.0,14.008327302398303,1212660.5463609733,0.32404651819343744
T5-E006,cold,cold_baseline,val_cold,sung won kwon,1656000.0,14.166989595273986,1421167.9553497112,0.1418067902477589
T5-E006,cold,cold_baseline,val_cold,jimo,1794000.0,15.063551258773963,3483511.026415426,0.9417564249807279
T5-E006,cold,cold_baseline,val_cold,hyun jin oh,1794000.0,14.599802971112972,2190856.171126044,0.22121302738352502
T5-E006,cold,cold_baseline,val_cold,sung won kwon,3312000.0,15.292342733603638,4379051.619168467,0.32217742124651777
T5-E006,cold,cold_baseline,val_cold,sung won kwon,1656000.0,14.401751233629785,1797219.3693404684,0.08527739694472732
T5-E006,cold,cold_baseline,val_cold,seol min yi,3422400.0,15.010728251726896,3304277.0127072,0.034514664356241266
T5-E006,cold,cold_baseline,val_cold,sung won kwon,3312000.0,15.1280016755026,3715417.735738896,0.12180487190184053
T5-E006,cold,cold_baseline,val_cold,seol min yi,3422400.0,15.010728251726896,3304277.0127072,0.034514664356241266
T5-E006,cold,cold_baseline,val_cold,sj park,4692000.0,15.460992966643992,5183509.874051757,0.1047548751175953
T5-E006,cold,cold_baseline,val_cold,sung won kwon,1656000.0,14.401751233629785,1797219.3693404684,0.08527739694472732
T5-E006,cold,cold_baseline,val_cold,choi sangchul,66240000.0,16.425908397871016,13604462.173302036,0.7946186266107784
T5-E006,cold,cold_baseline,val_cold,momo kim,5934000.0,15.87506055943533,7842439.929725765,0.32161104309500593
T5-E006,cold,cold_baseline,val_cold,sundoo kim,44160000.0,16.203131975786384,10887566.148769433,0.753451853515185
T5-E006,cold,cold_baseline,val_cold,sundoo kim,62100000.0,16.706530679004143,18011674.32077736,0.7099569352531827
T5-E006,cold,cold_baseline,val_cold,junho jung,2760000.0,16.599677835614514,16186333.541487515,4.86461360198823
T5-E006,cold,cold_baseline,val_cold,jeah hyuck,3450000.0,14.767843803377167,2591749.7983406265,0.2487681743940213
T5-E006,cold,cold_baseline,val_cold,junho jung,1380000.0,16.051604872830545,9356715.444599725,5.78022858304328
T5-E006,cold,cold_baseline,val_cold,sundoo kim,16560000.0,15.60374503797044,5978887.297554349,0.6389560810655587
T5-E006,cold,cold_baseline,val_cold,jeah hyuck,3450000.0,14.767843803377167,2591749.7983406265,0.2487681743940213
T5-E006,cold,cold_baseline,val_cold,see ji ui,1104000.0,15.021293664455055,3339373.1391701377,2.024794510117878
T5-E006,cold,cold_baseline,val_cold,sundoo kim,66240000.0,16.692300563331752,17757181.13991719,0.7319266132258878
T5-E006,cold,cold_baseline,val_cold,jeah hyuck,3450000.0,14.767843803377167,2591749.7983406265,0.2487681743940213
T5-E006,cold,cold_baseline,val_cold,sundoo kim,66240000.0,16.71275659254527,18124163.257669378,0.7263864242501604
T5-E006,cold,cold_baseline,val_cold,see ji ui,5520000.0,16.42882111132816,13644145.838868745,1.4717655505197
T5-E006,cold,cold_baseline,val_cold,sundoo kim,22080000.0,15.775460163596074,7098969.308069088,0.6784887088736826
T5-E006,cold,cold_baseline,val_cold,sundoo kim,55200000.0,16.754227207052654,18891586.214085378,0.6577611193100475
T5-E006,cold,cold_baseline,val_cold,jeah hyuck,3450000.0,14.767843803377167,2591749.7983406265,0.2487681743940213
T5-E006,cold,cold_baseline,val_cold,jeah hyuck,3450000.0,14.767843803377167,2591749.7983406265,0.2487681743940213
T5-E006,cold,cold_baseline,val_cold,momo kim,2898000.0,14.816756388227898,2721670.4566154634,0.06084525306574763
T5-E006,cold,cold_baseline,val_cold,momo kim,1242000.0,13.937310916492992,1129528.5785218987,0.09055670006288348
T5-E006,cold,cold_baseline,val_cold,momo kim,1242000.0,13.658782365886426,854936.4057274016,0.31164540601658486
T5-E006,cold,cold_baseline,val_cold,momo kim,717600.0,12.994652327215393,440053.824673103,0.3867700325068241
T5-E006,cold,cold_baseline,val_cold,momo kim,1242000.0,13.937310916492992,1129528.5785218987,0.09055670006288348
T5-E006,cold,cold_baseline,val_cold,momo kim,1242000.0,13.937310916492992,1129528.5785218987,0.09055670006288348
T5-E006,cold,cold_baseline,val_cold,momo kim,828000.0,13.652726515203234,849774.6835947282,0.026297927046773233
T5-E006,cold,cold_baseline,val_cold,momo kim,828000.0,13.652726515203234,849774.6835947282,0.026297927046773233
T5-E006,cold,cold_baseline,val_cold,momo kim,1380000.0,13.655356085583888,852012.1664529815,0.38259987938189743
T5-E006,cold,cold_baseline,val_cold,ahnnlee lee,2000000.0,14.375697040305804,1750999.0002454992,0.1245004998772504
T5-E006,cold,cold_baseline,val_cold,ahnnlee lee,2000000.0,14.375697040305804,1750999.0002454992,0.1245004998772504
T5-E006,cold,cold_baseline,val_cold,ahnnlee lee,2000000.0,14.375697040305804,1750999.0002454992,0.1245004998772504
T5-E006,cold,cold_baseline,val_cold,ahnnlee lee,2000000.0,14.375697040305804,1750999.0002454992,0.1245004998772504
T5-E006,cold,cold_baseline,val_cold,sundoo kim,44160000.0,16.113033979709883,9949511.17423028,0.774694040438626
T5-E006,cold,cold_baseline,val_cold,namkyoung kim,3174000.0,17.509858770104,40219349.55918328,11.671502696655097
T5-E006,cold,cold_baseline,val_cold,namkyoung kim,20976000.0,17.727565329791293,50001588.34517152,1.3837523047850648
T5-E006,cold,cold_baseline,val_cold,sundoo kim,52440000.0,16.217769097391248,11048100.794898959,0.7893192068097071
T5-E006,cold,cold_baseline,val_cold,sundoo kim,33120000.0,16.015532274824213,9025209.496516451,0.7274997132694309
T5-E006,cold,cold_baseline,val_cold,sundoo kim,33120000.0,16.230702490015094,11191918.239242712,0.6620797633078892
T5-E006,cold,cold_baseline,val_cold,namkyoung kim,6210000.0,17.30892424706127,32898059.98781508,4.297594200936405
T5-E006,cold,cold_baseline,val_cold,namkyoung kim,524400.0,14.375182065117453,1750097.5113476766,2.3373331642785597
T5-E006,cold,cold_baseline,val_cold,namkyoung kim,524400.0,14.009367663702108,1213922.8079582672,1.3148794964879236
T5-E006,cold,cold_baseline,val_cold,namkyoung kim,6210000.0,16.49138089605855,14524985.988557048,1.3389671479157887
T5-E006,cold,cold_baseline,val_cold,namkyoung kim,5244000.0,16.088642846908595,9709767.027279867,0.8515955429595474
T5-E006,cold,cold_baseline,val_cold,namkyoung kim,2622000.0,15.19391041299598,3968546.2947389614,0.5135569392597107
T5-E006,cold,cold_baseline,val_cold,junho jung,2760000.0,16.45592062892777,14018951.194017297,4.07933014275989
T5-E006,cold,cold_baseline,val_cold,junho jung,2760000.0,16.599677835614514,16186333.541487515,4.86461360198823
T5-E006,cold,cold_baseline,val_cold,lee sejun,2070000.0,14.765855050527422,2586600.5705112712,0.24956549300061412
T5-E006,cold,cold_baseline,val_cold,namkyoung kim,1048800.0,14.674921708300717,2361769.556951777,1.2518779147137462
T5-E006,cold,cold_baseline,val_cold,namkyoung kim,524400.0,14.432263709161358,1852902.171397832,2.533375612886789
T5-E006,cold,cold_baseline,val_cold,jung sane,917700.0,15.522754539357079,5513744.535632708,5.008221135047083
T5-E006,cold,cold_baseline,val_cold,jung sane,5093580.0,16.456458520831006,14026493.902755529,1.7537594192602313
T5-E006,cold,cold_baseline,val_cold,jung sane,612720.0,14.74587803339977,2535440.7186304037,3.1380087456430403
T5-E006,cold,cold_baseline,val_cold,jung sane,4075140.0,15.686456304765102,6494435.587450348,0.5936717726140324
T5-E006,cold,cold_baseline,val_cold,jung sane,1018440.0,15.040302613472106,3403458.278797997,2.3418348442696644
T5-E006,cold,cold_baseline,val_cold,diego rodarte,2087600.0,13.420169545483482,673450.3451139325,0.6774045099090187
T5-E006,cold,cold_baseline,val_cold,diego rodarte,2087600.0,13.420169545483482,673450.3451139325,0.6774045099090187
T5-E006,cold,cold_baseline,val_cold,diego rodarte,4602100.0,15.61632310566287,6054565.089169245,0.3156091977943211
T5-E006,cold,cold_baseline,val_cold,diego rodarte,4602100.0,15.61632310566287,6054565.089169245,0.3156091977943211
T5-E006,cold,cold_baseline,val_cold,diego rodarte,4602100.0,15.61632310566287,6054565.089169245,0.3156091977943211
T5-E006,cold,cold_baseline,val_cold,diego rodarte,4602100.0,15.61632310566287,6054565.089169245,0.3156091977943211
T5-E006,cold,cold_baseline,val_cold,diego rodarte,2514600.0,14.795173761984639,2663559.0148789347,0.05923765802868636
T5-E006,cold,cold_baseline,val_cold,diego rodarte,2087600.0,13.420169545483482,673450.3451139325,0.6774045099090187
T5-E006,cold,cold_baseline,val_cold,diego rodarte,2514600.0,14.795173761984639,2663559.0148789347,0.05923765802868636
T5-E006,cold,cold_baseline,val_cold,diego rodarte,4602100.0,15.61632310566287,6054565.089169245,0.3156091977943211
T5-E006,cold,cold_baseline,val_cold,diego rodarte,2087600.0,13.420169545483482,673450.3451139325,0.6774045099090187
T5-E006,cold,cold_baseline,val_cold,diego rodarte,4602100.0,15.61632310566287,6054565.089169245,0.3156091977943211
T5-E006,cold,cold_baseline,val_cold,diego rodarte,2087600.0,13.420169545483482,673450.3451139325,0.6774045099090187
T5-E006,cold,cold_baseline,val_cold,diego rodarte,2514600.0,14.795173761984639,2663559.0148789347,0.05923765802868636
T5-E006,cold,cold_baseline,val_cold,diego rodarte,4602100.0,15.61632310566287,6054565.089169245,0.3156091977943211
T5-E006,cold,cold_baseline,val_cold,diego rodarte,2514600.0,14.795173761984639,2663559.0148789347,0.05923765802868636
T5-E006,cold,cold_baseline,val_cold,diego rodarte,2514600.0,14.795173761984639,2663559.0148789347,0.05923765802868636
T5-E006,cold,cold_baseline,val_cold,diego rodarte,2514600.0,14.795173761984639,2663559.0148789347,0.05923765802868636
T5-E006,cold,cold_baseline,val_cold,diego rodarte,2514600.0,14.978870246721224,3200668.4824575866,0.2728340421767226
T5-E006,cold,cold_baseline,val_cold,diego rodarte,4602100.0,15.61632310566287,6054565.089169245,0.3156091977943211
T5-E006,cold,cold_baseline,val_cold,diego rodarte,2514600.0,14.795173761984639,2663559.0148789347,0.05923765802868636
T5-E006,cold,cold_baseline,val_cold,diego rodarte,2087600.0,13.420169545483482,673450.3451139325,0.6774045099090187
T5-E006,cold,cold_baseline,val_cold,diego rodarte,2087600.0,13.420169545483482,673450.3451139325,0.6774045099090187
T5-E006,cold,cold_baseline,val_cold,diego rodarte,4602100.0,15.61632310566287,6054565.089169245,0.3156091977943211
T5-E006,cold,cold_baseline,val_cold,diego rodarte,2514600.0,14.795173761984639,2663559.0148789347,0.05923765802868636
T5-E006,cold,cold_baseline,val_cold,diego rodarte,2087600.0,13.420169545483482,673450.3451139325,0.6774045099090187
T5-E006,cold,cold_baseline,val_cold,diego rodarte,2514600.0,14.795173761984639,2663559.0148789347,0.05923765802868636
T5-E006,cold,cold_baseline,val_cold,diego rodarte,2087600.0,13.420169545483482,673450.3451139325,0.6774045099090187
T5-E006,cold,cold_baseline,val_cold,diego rodarte,2087600.0,13.420169545483482,673450.3451139325,0.6774045099090187
T5-E006,cold,cold_baseline,val_cold,diego rodarte,2514600.0,15.61632310566287,6054565.089169245,1.4077646898788059
T5-E006,cold,cold_baseline,val_cold,diego rodarte,2087600.0,13.420169545483482,673450.3451139325,0.6774045099090187
T5-E006,cold,cold_baseline,val_cold,prach pimarnman,2087600.0,15.005909043083445,3288391.32134289,0.5752018209153527
T5-E006,cold,cold_baseline,val_cold,prach pimarnman,7116600.0,16.121109184386643,10030180.786847994,0.40940628767220216
T5-E006,cold,cold_baseline,val_cold,prach pimarnman,2087600.0,15.005909043083445,3288391.32134289,0.5752018209153527
T5-E006,cold,cold_baseline,val_cold,prach pimarnman,41750600.0,18.219918041171834,81810654.29297698,0.9595084691711491
T5-E006,cold,cold_baseline,val_cold,prach pimarnman,2087600.0,15.005909043083445,3288391.32134289,0.5752018209153527
T5-E006,cold,cold_baseline,val_cold,prach pimarnman,7116600.0,16.121109184386643,10030180.786847994,0.40940628767220216
T5-E006,cold,cold_baseline,val_cold,prach pimarnman,2087600.0,15.005909043083445,3288391.32134289,0.5752018209153527
T5-E006,cold,cold_baseline,val_cold,prach pimarnman,2087600.0,15.005909043083445,3288391.32134289,0.5752018209153527
T5-E006,cold,cold_baseline,val_cold,prach pimarnman,7116600.0,16.121109184386643,10030180.786847994,0.40940628767220216
T5-E006,cold,cold_baseline,val_cold,prach pimarnman,7116600.0,16.121109184386643,10030180.786847994,0.40940628767220216
T5-E006,cold,cold_baseline,val_cold,prach pimarnman,7116600.0,16.121109184386643,10030180.786847994,0.40940628767220216
T5-E006,cold,cold_baseline,val_cold,prach pimarnman,7116600.0,16.121109184386643,10030180.786847994,0.40940628767220216
T5-E006,cold,cold_baseline,val_cold,chang sook young,11000000.0,15.95118372367217,8462741.417154156,0.23065987116780404
T5-E006,cold,cold_baseline,val_cold,chang sook young,2400000.0,14.290418589400351,1607866.3175295307,0.3300557010293622
T5-E006,cold,cold_baseline,val_cold,chang sook young,3600000.0,15.17645616969073,3899879.3303711917,0.0832998139919977
T5-E006,cold,cold_baseline,val_cold,chang sook young,3800000.0,15.430652525108295,5028601.76902781,0.3233162550073183
T5-E006,cold,cold_baseline,val_cold,chang sook young,2400000.0,14.290418589400351,1607866.3175295307,0.3300557010293622
T5-E006,cold,cold_baseline,val_cold,chang sook young,2400000.0,14.290418589400351,1607866.3175295307,0.3300557010293622
T5-E006,cold,cold_baseline,val_cold,chang sook young,3200000.0,14.69572358078435,2411413.337777248,0.24643333194460995
T5-E006,cold,cold_baseline,val_cold,chang sook young,960000.0,13.52684258710686,749260.9405743929,0.21951985356834072
T5-E006,cold,cold_baseline,val_cold,chang sook young,4200000.0,15.24906904501708,4193595.5273845694,0.0015248744322453804
T5-E006,cold,cold_baseline,val_cold,chang sook young,3200000.0,14.846736302980437,2804501.3322777846,0.12359333366319232
T5-E006,cold,cold_baseline,val_cold,lim jimin,700000.0,13.615660560315678,818853.5738275809,0.16979081975368698
T5-E006,cold,cold_baseline,val_cold,lim jimin,700000.0,13.615660560315678,818853.5738275809,0.16979081975368698
T5-E006,cold,cold_baseline,val_cold,lim jimin,700000.0,13.615660560315678,818853.5738275809,0.16979081975368698
T5-E006,cold,cold_baseline,val_cold,lim jimin,700000.0,13.615660560315678,818853.5738275809,0.16979081975368698
T5-E006,cold,cold_baseline,val_cold,lim jimin,1000000.0,14.483388471838788,1950094.657830163,0.9500946578301629
T5-E006,cold,cold_baseline,val_cold,lim jimin,700000.0,13.615660560315678,818853.5738275809,0.16979081975368698
T5-E006,cold,cold_baseline,val_cold,lim jimin,800000.0,13.881946088523927,1068692.0638749572,0.33586507984369646
T5-E006,cold,cold_baseline,val_cold,lim jimin,800000.0,14.057715869264701,1274055.744007187,0.5925696800089837
T5-E006,cold,cold_baseline,val_cold,lim jimin,800000.0,13.993258039505319,1194523.6438771158,0.49315455484639475
T5-E006,cold,cold_baseline,val_cold,lim jimin,1000000.0,14.483388471838788,1950094.657830163,0.9500946578301629
T5-E006,cold,cold_baseline,val_cold,jeongwoong lee,1500000.0,13.709462153835652,899381.1132632135,0.40041259115785766
T5-E006,cold,cold_baseline,val_cold,jeongwoong lee,5000000.0,14.925611312372082,3034664.1348208706,0.3930671730358259
T5-E006,cold,cold_baseline,val_cold,jeongwoong lee,14000000.0,15.61869523793782,6068944.366459225,0.566503973824341
T5-E006,cold,cold_baseline,val_cold,jeongwoong lee,5000000.0,15.109307797108666,3646607.338868014,0.2706785322263972
T5-E006,cold,cold_baseline,val_cold,jeongwoong lee,20000000.0,16.040811453675282,9256267.556133464,0.5371866221933268
T5-E006,cold,cold_baseline,val_cold,jeongwoong lee,26000000.0,16.274568684629454,11693792.28029031,0.5502387584503727
T5-E006,cold,cold_baseline,val_cold,jeongwoong lee,2400000.0,14.5049632831714,1992624.721501686,0.16973969937429753
T5-E006,cold,cold_baseline,val_cold,jeongwoong lee,5000000.0,14.925611312372082,3034664.1348208706,0.3930671730358259
T5-E006,cold,cold_baseline,val_cold,jeongwoong lee,2400000.0,14.713813227601685,2455431.893085421,0.023096622118925443
T5-E006,cold,cold_baseline,val_cold,chu mirim,1674600.0,14.009624795013394,1214234.9856552884,0.27491043493652906
T5-E006,cold,cold_baseline,val_cold,chu mirim,1674600.0,13.393164201516347,655506.9610080742,0.6085590821640545
T5-E006,cold,cold_baseline,val_cold,chu mirim,3958100.0,14.184274219142821,1445945.830155772,0.6346868876087587
T5-E006,cold,cold_baseline,val_cold,chu mirim,1674600.0,13.327485951161941,613837.7682723496,0.6334421543817332
T5-E006,cold,cold_baseline,val_cold,chu mirim,8677300.0,15.611361228828565,6024597.49215825,0.30570598087443673
T5-E006,cold,cold_baseline,val_cold,chu mirim,7307200.0,15.037509153777984,3393964.122221319,0.5355315138190663
T5-E006,cold,cold_baseline,val_cold,chu mirim,1674600.0,13.393164201516347,655506.9610080742,0.6085590821640545
T5-E006,cold,cold_baseline,val_cold,hansol noh,800000.0,14.150195572196855,1397500.1232391915,0.7468751540489893
T5-E006,cold,cold_baseline,val_cold,hansol noh,480000.0,13.511182435898524,737618.7977350707,0.5367058286147306
T5-E006,cold,cold_baseline,val_cold,hansol noh,2400000.0,15.957925695019368,8519989.743748339,2.549995726561808
T5-E006,cold,cold_baseline,val_cold,hansol noh,480000.0,13.511182435898524,737618.7977350707,0.5367058286147306
T5-E006,cold,cold_baseline,val_cold,i kyoung ha,5000000.0,14.970052034146928,3172568.3858026923,0.36548632283946153
T5-E006,cold,cold_baseline,val_cold,i kyoung ha,3000000.0,14.600192306582159,2191709.3152101994,0.26943022826326685
T5-E006,cold,cold_baseline,val_cold,i kyoung ha,3000000.0,14.600192306582159,2191709.3152101994,0.26943022826326685
T5-E006,cold,cold_baseline,val_cold,i kyoung ha,2000000.0,14.215548976455503,1491882.012396298,0.25405899380185093
T5-E006,cold,cold_baseline,val_cold,yusuke ochiai,3044700.0,14.145800560612837,1391371.5714020347,0.543018500541257
T5-E006,cold,cold_baseline,val_cold,yusuke ochiai,12939800.0,16.189388958295236,10738961.613028593,0.1700828750808673
T5-E006,cold,cold_baseline,val_cold,yusuke ochiai,3044700.0,14.145800560612837,1391371.5714020347,0.543018500541257
T5-E006,cold,cold_baseline,val_cold,rodel tapaya,114174000.0,16.847579085545316,20740089.696124125,0.8183466490083195
T5-E006,cold,cold_baseline,val_cold,rodel tapaya,91339200.0,16.50926882236768,14787145.623271316,0.8381073446748897
T5-E006,cold,cold_baseline,val_cold,rodel tapaya,114174000.0,16.847579085545316,20740089.696124125,0.8183466490083195
T5-E006,cold,cold_baseline,val_cold,peter ravn,1200000.0,15.081755743746895,3547507.2927116565,1.9562560772597137
T5-E006,cold,cold_baseline,val_cold,peter ravn,1000000.0,14.784934279297909,2636424.7061818955,1.6364247061818955
T5-E006,cold,cold_baseline,val_cold,eun lee,5200000.0,16.00958408499773,8971685.181412397,0.7253240733485379
T5-E006,cold,cold_baseline,val_cold,eun lee,4400000.0,15.61632310566287,6054565.089169245,0.37603752026573756
T5-E006,cold,cold_baseline,val_cold,ha ninh pham,3349200.0,15.535593744688503,5584993.042228453,0.6675603255190651
T5-E006,cold,cold_baseline,val_cold,ha ninh pham,6089300.0,16.175972952669444,10595849.78470227,0.7400768207679486
T5-E006,cold,cold_baseline,val_cold,jean michel othoniel,3196900.0,14.312585225145977,1643905.2599103788,0.4857814570645379
T5-E006,cold,cold_baseline,val_cold,올리버 비어,96029000.0,16.255049237148537,11467749.210921125,0.8805803537377134
T5-E006,cold,cold_baseline,val_cold,올리버 비어,109619400.0,16.386237537037708,13075326.475351883,0.8807206892634708
T5-E006,cold,cold_baseline,val_cold,샘 폴스,86196000.0,16.1766679062181,10603215.967392113,0.8769871459534999
T5-E006,cold,cold_baseline,val_cold,샘 폴스,86196000.0,16.19980890296336,10851446.021736791,0.874107313312256
T5-E006,cold,cold_no_support,val_cold,zinna yoo,6618480.0,15.724557721193536,6746657.271792168,0.019366572353798423
T5-E006,cold,cold_no_support,val_cold,zinna yoo,1440720.0,14.51429641731495,2011309.2121243349,0.3960444861765887
T5-E006,cold,cold_no_support,val_cold,joanna jung,2208000.0,14.604102186639583,2200295.4101159503,0.0034893975924138246
T5-E006,cold,cold_no_support,val_cold,joanna jung,6003000.0,14.996600172435713,3257922.1487121442,0.45728433304811855
T5-E006,cold,cold_no_support,val_cold,eun lee,4842420.0,14.859798894376386,2841375.7003268576,0.41323228874677176
T5-E006,cold,cold_no_support,val_cold,eun lee,2468820.0,14.347275917787188,1701934.1843738516,0.3106284847117847
T5-E006,cold,cold_no_support,val_cold,eun lee,3022200.0,14.196081138789028,1463119.1790590642,0.5158761236651895
T5-E006,cold,cold_no_support,val_cold,eun lee,4814820.0,14.859798894376386,2841375.7003268576,0.40986875930421957
T5-E006,cold,cold_no_support,val_cold,eun lee,3042900.0,14.347275917787188,1701934.1843738516,0.44068678419473145
T5-E006,cold,cold_no_support,val_cold,eun lee,3323040.0,14.786130222488065,2639579.6065203683,0.20567323699974474
T5-E006,cold,cold_no_support,val_cold,eun lee,5285400.0,14.922135856419043,3024135.599615877,0.4278322171234198
T5-E006,cold,cold_no_support,val_cold,eun lee,4876920.0,14.859798894376386,2841375.7003268576,0.41738316389712
T5-E006,cold,cold_no_support,val_cold,kyong seob lee,5250900.0,14.556841309975304,2098726.541565826,0.6003110816115663
T5-E006,cold,cold_no_support,val_cold,kyong seob lee,6741300.0,14.961169254861655,3144511.9550845725,0.5335451685751157
T5-E006,cold,cold_no_support,val_cold,kyong seob lee,4512600.0,14.483553773169005,1950417.0377153286,0.5677841958703788
T5-E006,cold,cold_no_support,val_cold,kyong seob lee,7534800.0,15.313538052118712,4472857.625350697,0.4063734106611062
T5-E006,cold,cold_no_support,val_cold,kyong seob lee,4512600.0,14.43346262476497,1855124.9769349555,0.5889010820956975
T5-E006,cold,cold_no_support,val_cold,kyong seob lee,7465800.0,14.98183126504383,3210159.765475523,0.5700179799250552
T5-E006,cold,cold_no_support,val_cold,kyong seob lee,7465800.0,14.98183126504383,3210159.765475523,0.5700179799250552
T5-E006,cold,cold_no_support,val_cold,kyong seob lee,4512600.0,14.491910333046405,1966784.1054221147,0.5641572252311051
T5-E006,cold,cold_no_support,val_cold,kyong seob lee,7465800.0,14.98183126504383,3210159.765475523,0.5700179799250552
T5-E006,cold,cold_no_support,val_cold,kyong seob lee,5292300.0,14.98183126504383,3210159.765475523,0.3934282324366489
T5-E006,cold,cold_no_support,val_cold,kyong seob lee,3788100.0,14.491910333046405,1966784.1054221147,0.48079931748842036
T5-E006,cold,cold_no_support,val_cold,kyong seob lee,6741300.0,14.98183126504383,3210159.765475523,0.5238070156385974
T5-E006,cold,cold_no_support,val_cold,kyong seob lee,9791100.0,15.696557123143599,6560367.122457423,0.32996628341479267
T5-E006,cold,cold_no_support,val_cold,kyong seob lee,5292300.0,14.98183126504383,3210159.765475523,0.3934282324366489
T5-E006,cold,cold_no_support,val_cold,kyong seob lee,7534800.0,15.313538052118712,4472857.625350697,0.4063734106611062
T5-E006,cold,cold_no_support,val_cold,kyong seob lee,3801900.0,14.604013553655982,2200100.4000112386,0.42131555274698473
T5-E006,cold,cold_no_support,val_cold,kyong seob lee,3788100.0,14.483553773169005,1950417.0377153286,0.4851199710368447
T5-E006,cold,cold_no_support,val_cold,kyong seob lee,9066600.0,15.695977947996324,6556568.620968111,0.2768437318324277
T5-E006,cold,cold_no_support,val_cold,kyong seob lee,9066600.0,15.695977947996324,6556568.620968111,0.2768437318324277
T5-E006,cold,cold_no_support,val_cold,kyong seob lee,9066600.0,15.696557123143599,6560367.122457423,0.2764247763817282
T5-E006,cold,cold_no_support,val_cold,kyong seob lee,9066600.0,15.696557123143599,6560367.122457423,0.2764247763817282
T5-E006,cold,cold_no_support,val_cold,kyong seob lee,7617600.0,15.71414366552752,6676761.786833955,0.12350848208964044
T5-E006,cold,cold_no_support,val_cold,kyong seob lee,6796500.0,15.28481644761695,4346217.339413225,0.3605212477873575
T5-E006,cold,cold_no_support,val_cold,kyong seob lee,5292300.0,14.98183126504383,3210159.765475523,0.3934282324366489
T5-E006,cold,cold_no_support,val_cold,wookyung jeong,3180900.0,14.228566188879327,1511429.105779445,0.5248423069636124
T5-E006,cold,cold_no_support,val_cold,wookyung jeong,31160400.0,16.29441241846299,11928158.441109018,0.6172013696515765
T5-E006,cold,cold_no_support,val_cold,taerin kim,2815200.0,14.853022699575169,2822187.071444973,0.002481909436264878
T5-E006,cold,cold_no_support,val_cold,taerin kim,4491900.0,15.335924136387257,4574116.559914761,0.018303292574358563
T5-E006,cold,cold_no_support,val_cold,taerin kim,2815200.0,14.853022699575169,2822187.071444973,0.002481909436264878
T5-E006,cold,cold_no_support,val_cold,wookyung jeong,31119000.0,16.252029474103843,11433171.560080295,0.6325983624126644
T5-E006,cold,cold_no_support,val_cold,nahyun lee,9108000.0,15.328625619565397,4540853.82522552,0.5014433656976812
T5-E006,cold,cold_no_support,val_cold,zinna yoo,1614600.0,14.41465766186537,1820565.3849190802,0.12756434096313649
T5-E006,cold,cold_no_support,val_cold,zinna yoo,1614600.0,14.41465766186537,1820565.3849190802,0.12756434096313649
T5-E006,cold,cold_no_support,val_cold,zinna yoo,7547220.0,15.62944093384611,6134511.045991463,0.18718269164123177
T5-E006,cold,cold_no_support,val_cold,zinna yoo,3031860.0,14.984904871063339,3220041.7106777984,0.062068073947279354
T5-E006,cold,cold_no_support,val_cold,zinna yoo,1614600.0,14.41465766186537,1820565.3849190802,0.12756434096313649
T5-E006,cold,cold_no_support,val_cold,joanna jung,1280640.0,14.745757172467684,2535134.30141921,0.9795838810432363
T5-E006,cold,cold_no_support,val_cold,zinna yoo,14096700.0,16.163436938067616,10463849.166592354,0.2577093102220836
T5-E006,cold,cold_no_support,val_cold,zinna yoo,7574820.0,15.722083182821745,6729983.048502964,0.11153228083268461
T5-E006,cold,cold_no_support,val_cold,zinna yoo,1614600.0,14.494983939065914,1972838.5245708167,0.22187447328800736
T5-E006,cold,cold_no_support,val_cold,taerin kim,4347000.0,15.335924136387257,4574116.559914761,0.05224673566017051
T5-E006,cold,cold_no_support,val_cold,zinna yoo,1614600.0,14.494983939065914,1972838.5245708167,0.22187447328800736
T5-E006,cold,cold_no_support,val_cold,kyung sook park,15262800.0,16.24128453475957,11310980.468702938,0.25891838530918715
T5-E006,cold,cold_no_support,val_cold,seo yeongyeong,4421520.0,14.986575059404247,3225424.280501656,0.2705168628657892
T5-E006,cold,cold_no_support,val_cold,zinna yoo,1571820.0,14.494983939065914,1972838.5245708167,0.2551300559674878
T5-E006,cold,cold_no_support,val_cold,zinna yoo,1571820.0,14.405840145865444,1804583.086146181,0.14808507726468742
T5-E006,cold,cold_no_support,val_cold,zinna yoo,1571820.0,14.494983939065914,1972838.5245708167,0.2551300559674878
T5-E006,cold,cold_no_support,val_cold,zinna yoo,1614600.0,14.41465766186537,1820565.3849190802,0.12756434096313649
T5-E006,cold,cold_no_support,val_cold,zinna yoo,1642200.0,14.222569939627078,1502393.3176265336,0.08513377321487421
T5-E006,cold,cold_no_support,val_cold,zinna yoo,4402200.0,15.326352576368082,4530543.990117377,0.029154511407336485
T5-E006,cold,cold_no_support,val_cold,zinna yoo,2265960.0,14.627423245205815,2252211.6460679183,0.006067341847200181
T5-E006,cold,cold_no_support,val_cold,zinna yoo,2815200.0,14.820327322863827,2731406.7373816106,0.02976458603949611
T5-E006,cold,cold_no_support,val_cold,sangjune won,7093200.0,15.591256427996324,5904683.620835801,0.16755715039251667
T5-E006,cold,cold_no_support,val_cold,zinna yoo,1469700.0,14.41465766186537,1820565.3849190802,0.23873265626936122
T5-E006,cold,cold_no_support,val_cold,taerin kim,5375100.0,15.49262377190916,5350089.0944896415,0.0046531051534591935
T5-E006,cold,cold_no_support,val_cold,zinna yoo,8597400.0,15.844893513439047,7609389.577688233,0.11491967598480553
T5-E006,cold,cold_no_support,val_cold,zinna yoo,30008100.0,16.724092706066553,18330789.78798908,0.38913860630999364
T5-E006,cold,cold_no_support,val_cold,zinna yoo,1571820.0,14.51429641731495,2011309.2121243349,0.2796053060301656
T5-E006,cold,cold_no_support,val_cold,zinna yoo,1440720.0,14.411893179505867,1815539.4143325204,0.26016117936345745
T5-E006,cold,cold_no_support,val_cold,ransoo kim,645840.0,13.909703436144747,1098771.654557727,0.7013062903470318
T5-E006,cold,cold_no_support,val_cold,zinna yoo,1542840.0,14.51429641731495,2011309.2121243349,0.3036408260897662
T5-E006,cold,cold_no_support,val_cold,da eun an,832140.0,14.611154306974411,2215866.999948584,1.662853606302526
T5-E006,cold,cold_no_support,val_cold,taerin kim,5375100.0,15.49262377190916,5350089.0944896415,0.0046531051534591935
T5-E006,cold,cold_no_support,val_cold,zinna yoo,4087560.0,15.225940142016556,4097715.3391845883,0.0024844501816703086
T5-E006,cold,cold_no_support,val_cold,zinna yoo,3033240.0,14.839286867589967,2783687.004551214,0.08227274974904256
T5-E006,cold,cold_no_support,val_cold,zinna yoo,2012040.0,14.742716420303529,2527437.2945814994,0.25615658465114977
T5-E006,cold,cold_no_support,val_cold,zinna yoo,10474200.0,15.601733518436541,5966872.73677731,0.4303266371868677
T5-E006,cold,cold_no_support,val_cold,zinna yoo,2771040.0,14.899896909159047,2957624.319127135,0.06733367945866353
T5-E006,cold,cold_no_support,val_cold,ransoo kim,3105000.0,14.886706178905593,2918867.273371031,0.05994612773879838
T5-E006,cold,cold_no_support,val_cold,ransoo kim,2525400.0,14.886706178905593,2918867.273371031,0.15580394130475608
T5-E006,cold,cold_no_support,val_cold,gwanhee lee,4429800.0,15.699390765801805,6578983.221819212,0.4851648430672292
T5-E006,cold,cold_no_support,val_cold,gwanhee lee,8804400.0,16.274754540862354,11695965.84645099,0.32842281659749556
T5-E006,cold,cold_no_support,val_cold,gwanhee lee,1669800.0,14.981780424199727,3209996.5623920653,0.9223838557863608
T5-E006,cold,cold_no_support,val_cold,gwanhee lee,1938900.0,15.31471802340756,4478138.584004769,1.3096284408709935
T5-E006,cold,cold_no_support,val_cold,zinna yoo,12344100.0,16.163436938067616,10463849.166592354,0.15231979920833807
T5-E006,cold,cold_no_support,val_cold,gwanhee lee,1669800.0,14.98252378148935,3212383.6238462324,0.92381340510614
T5-E006,cold,cold_no_support,val_cold,gwanhee lee,4733400.0,15.701284830498297,6591456.050121511,0.3925415240887124
T5-E006,cold,cold_no_support,val_cold,zinna yoo,3394800.0,14.820327322863827,2731406.7373816106,0.1954145347644602
T5-E006,cold,cold_no_support,val_cold,gwanhee lee,2257680.0,15.316611658138221,4486626.576798741,0.9872730310755912
T5-E006,cold,cold_no_support,val_cold,gwanhee lee,731400.0,14.232539264991228,1517446.0736751703,1.0747143473819665
T5-E006,cold,cold_no_support,val_cold,gwanhee lee,1380000.0,14.98739613878518,3228073.697415087,1.3391838387065846
T5-E006,cold,cold_no_support,val_cold,gwanhee lee,4918320.0,15.702770704572709,6601257.403764344,0.34217728894507554
T5-E006,cold,cold_no_support,val_cold,seo yeongyeong,2656500.0,14.74800823767306,2540847.4819945632,0.04353567400919885
T5-E006,cold,cold_no_support,val_cold,zinna yoo,16704900.0,16.144124459818578,10263705.166123137,0.3855871531033926
T5-E006,cold,cold_no_support,val_cold,ransoo kim,703800.0,14.158907281477504,1409727.9232172978,1.0030234771487607
T5-E006,cold,cold_no_support,val_cold,zinna yoo,3201600.0,14.860999625508699,2844789.477693066,0.11144756443869752
T5-E006,cold,cold_no_support,val_cold,zinna yoo,3201600.0,14.860999625508699,2844789.477693066,0.11144756443869752
T5-E006,cold,cold_no_support,val_cold,zinna yoo,5216400.0,15.31262950143953,4468795.65305056,0.1433180635973929
T5-E006,cold,cold_no_support,val_cold,zinna yoo,5216400.0,15.31262950143953,4468795.65305056,0.1433180635973929
T5-E006,cold,cold_no_support,val_cold,zinna yoo,5216400.0,15.31262950143953,4468795.65305056,0.1433180635973929
T5-E006,cold,cold_no_support,val_cold,zinna yoo,20907000.0,16.144124459818578,10263705.166123137,0.5090780520340968
T5-E006,cold,cold_no_support,val_cold,ransoo kim,545100.0,13.345827327852566,625200.2815420703,0.1469460310806647
T5-E006,cold,cold_no_support,val_cold,ransoo kim,545100.0,13.540849426514304,759829.5619454887,0.3939269160621697
T5-E006,cold,cold_no_support,val_cold,ransoo kim,545100.0,13.540849426514304,759829.5619454887,0.3939269160621697
T5-E006,cold,cold_no_support,val_cold,nahyun lee,6085800.0,15.318161516594568,4493585.6043000715,0.26162778857338864
T5-E006,cold,cold_no_support,val_cold,joanna jung,9101100.0,14.980947323831684,3207323.4267242835,0.647589475258564
T5-E006,cold,cold_no_support,val_cold,joanna jung,7562400.0,14.597273843091921,2185322.2163833836,0.7110279519222227
T5-E006,cold,cold_no_support,val_cold,zinna yoo,3408600.0,14.984904871063339,3220041.7106777984,0.055318397383735736
T5-E006,cold,cold_no_support,val_cold,joanna jung,7990200.0,14.467836468369969,1920001.3907832322,0.7597054653471463
T5-E006,cold,cold_no_support,val_cold,sarah soh,3539700.0,14.814943014402234,2716739.522811711,0.23249441398657772
T5-E006,cold,cold_no_support,val_cold,seo yeongyeong,3728760.0,14.4166963394162,1824280.7165939664,0.5107540531989277
T5-E006,cold,cold_no_support,val_cold,seo yeongyeong,2455020.0,14.175076591794591,1432707.5330319414,0.4164171644092751
T5-E006,cold,cold_no_support,val_cold,seo yeongyeong,674820.0,13.524979266956901,747866.1274614948,0.10824535055495504
T5-E006,cold,cold_no_support,val_cold,seo yeongyeong,2482620.0,14.4166963394162,1824280.7165939664,0.26517923943496535
T5-E006,cold,cold_no_support,val_cold,seo yeongyeong,2917320.0,14.4166963394162,1824280.7165939664,0.3746723991218083
T5-E006,cold,cold_no_support,val_cold,seo yeongyeong,2252160.0,14.246258214682548,1538407.2942268066,0.31691918237300787
T5-E006,cold,cold_no_support,val_cold,seo yeongyeong,1123320.0,13.603898901493613,809278.9147804255,0.2795651152116712
T5-E006,cold,cold_no_support,val_cold,seo yeongyeong,3639060.0,14.989232809704458,3234008.0545627885,0.1113067510393375
T5-E006,cold,cold_no_support,val_cold,seo yeongyeong,3538320.0,14.82529673191332,2745013.996756517,0.22420414299539984
T5-E006,cold,cold_no_support,val_cold,seo yeongyeong,2179020.0,14.240877954486582,1530152.4891089753,0.2977795113817334
T5-E006,cold,cold_no_support,val_cold,seo yeongyeong,4076520.0,14.42361589389928,1836947.7008070957,0.5493833709126668
T5-E006,cold,cold_no_support,val_cold,seo yeongyeong,819720.0,13.519708674177851,743934.79896693,0.09245254603165713
T5-E006,cold,cold_no_support,val_cold,seo yeongyeong,1399320.0,13.519708674177851,743934.79896693,0.46835977548600033
T5-E006,cold,cold_no_support,val_cold,seo yeongyeong,3800520.0,14.618908128901069,2233115.22148248,0.41241850549859493
T5-E006,cold,cold_no_support,val_cold,seo yeongyeong,1468320.0,14.496828159076694,1976480.2298766014,0.34608275435640823
T5-E006,cold,cold_no_support,val_cold,seo yeongyeong,1268220.0,13.894869936812055,1082593.3133060688,0.1463678909762748
T5-E006,cold,cold_no_support,val_cold,seo yeongyeong,978420.0,13.894869936812055,1082593.3133060688,0.10647095654838287
T5-E006,cold,cold_no_support,val_cold,nahyun lee,7576200.0,15.571267369002255,5787826.375735668,0.23605153299336495
T5-E006,cold,cold_no_support,val_cold,seo yeongyeong,819720.0,13.535350624874498,755662.8762921792,0.07814512724811006
T5-E006,cold,cold_no_support,val_cold,seo yeongyeong,327060.0,13.034333182493144,457866.61291122355,0.3999468382291431
T5-E006,cold,cold_no_support,val_cold,seo yeongyeong,1309620.0,14.246258214682548,1538407.2942268066,0.17469746508667142
T5-E006,cold,cold_no_support,val_cold,seo yeongyeong,1123320.0,13.593119868532426,800602.5162832021,0.28728900377167493
T5-E006,cold,cold_no_support,val_cold,seo yeongyeong,529920.0,13.034333182493144,457866.61291122355,0.13597031078045071
T5-E006,cold,cold_no_support,val_cold,seo yeongyeong,5202600.0,15.315525421276948,4481755.683579072,0.13855462968917995
T5-E006,cold,cold_no_support,val_cold,seo yeongyeong,2760000.0,14.498485390967023,1979758.4315640714,0.2826962204478002
T5-E006,cold,cold_no_support,val_cold,seo yeongyeong,2470200.0,14.4215932816571,1833236.022807242,0.25785927341622455
T5-E006,cold,cold_no_support,val_cold,seo yeongyeong,2470200.0,14.4215932816571,1833236.022807242,0.25785927341622455
T5-E006,cold,cold_no_support,val_cold,seo yeongyeong,2615100.0,14.4215932816571,1833236.022807242,0.2989805273958005
T5-E006,cold,cold_no_support,val_cold,seo yeongyeong,4367700.0,14.516876192573408,2016504.6364991106,0.5383142989447282
T5-E006,cold,cold_no_support,val_cold,seo yeongyeong,2061720.0,14.609687593725534,2212619.340736616,0.07319099622481032
T5-E006,cold,cold_no_support,val_cold,seo yeongyeong,2049300.0,14.597849589527309,2186580.7701287903,0.06698910365919597
T5-E006,cold,cold_no_support,val_cold,seo yeongyeong,1861620.0,14.00799811541131,1212261.419986679,0.34881371064627636
T5-E006,cold,cold_no_support,val_cold,seo yeongyeong,385020.0,13.034333182493144,457866.61291122355,0.18920215290432588
T5-E006,cold,cold_no_support,val_cold,seo yeongyeong,2111400.0,13.034333182493144,457866.61291122355,0.7831454897645054
T5-E006,cold,cold_no_support,val_cold,zinna yoo,5840160.0,15.286463863357675,4353383.267281283,0.2545780822304042
T5-E006,cold,cold_no_support,val_cold,seo yeongyeong,414000.0,13.034333182493144,457866.61291122355,0.10595800220102307
T5-E006,cold,cold_no_support,val_cold,seo yeongyeong,529920.0,13.034333182493144,457866.61291122355,0.13597031078045071
T5-E006,cold,cold_no_support,val_cold,ransoo kim,1642200.0,14.747091197775433,2538518.4915315914,0.5458034901544218
T5-E006,cold,cold_no_support,val_cold,seo yeongyeong,442980.0,13.034333182493144,457866.61291122355,0.03360560953366642
T5-E006,cold,cold_no_support,val_cold,seo yeongyeong,2105880.0,14.4166963394162,1824280.7165939664,0.1337204795173674
T5-E006,cold,cold_no_support,val_cold,seo yeongyeong,819720.0,13.034333182493144,457866.61291122355,0.4414353524237257
T5-E006,cold,cold_no_support,val_cold,seo yeongyeong,964620.0,13.034333182493144,457866.61291122355,0.5253399132184451
T5-E006,cold,cold_no_support,val_cold,ransoo kim,3581100.0,15.119784041794716,3685010.9009431126,0.02901647564801669
T5-E006,cold,cold_no_support,val_cold,ransoo kim,6230700.0,15.400492307911314,4879202.33199922,0.21690944324085257
T5-E006,cold,cold_no_support,val_cold,ransoo kim,6085800.0,15.400492307911314,4879202.33199922,0.19826442998468238
T5-E006,cold,cold_no_support,val_cold,ransoo kim,3118800.0,14.890293442446197,2929356.8226608266,0.060742329530323644
T5-E006,cold,cold_no_support,val_cold,ransoo kim,1573200.0,14.011071721430818,1215993.1660050477,0.22705748410561422
T5-E006,cold,cold_no_support,val_cold,ransoo kim,3091200.0,14.745757172467684,2535134.30141921,0.1798866778535164
T5-E006,cold,cold_no_support,val_cold,seo yeongyeong,964620.0,13.034333182493144,457866.61291122355,0.5253399132184451
T5-E006,cold,cold_no_support,val_cold,seo yeongyeong,964620.0,13.034333182493144,457866.61291122355,0.5253399132184451
T5-E006,cold,cold_no_support,val_cold,seo yeongyeong,964620.0,13.034333182493144,457866.61291122355,0.5253399132184451
T5-E006,cold,cold_no_support,val_cold,seo yeongyeong,1109520.0,13.034333182493144,457866.61291122355,0.5873291036563347
T5-E006,cold,cold_no_support,val_cold,seo yeongyeong,1242000.0,13.034333182493144,457866.61291122355,0.631347332599659
T5-E006,cold,cold_no_support,val_cold,seo yeongyeong,819720.0,13.034333182493144,457866.61291122355,0.4414353524237257
T5-E006,cold,cold_no_support,val_cold,joanna jung,545100.0,13.501623477313668,730601.5225503234,0.3403073244364766
T5-E006,cold,cold_no_support,val_cold,gwanhee lee,7210500.0,16.251366246217252,11425591.275875272,0.584576835985753
T5-E006,cold,cold_no_support,val_cold,nahyun lee,9218400.0,15.325823363693006,4528147.003126709,0.5087925233091741
T5-E006,cold,cold_no_support,val_cold,zinna yoo,4462920.0,15.335924136387257,4574116.559914761,0.0249156516170492
T5-E006,cold,cold_no_support,val_cold,seo yeongyeong,2731020.0,14.00799811541131,1212261.419986679,0.5561140453066331
T5-E006,cold,cold_no_support,val_cold,seo yeongyeong,1399320.0,13.034333182493144,457866.61291122355,0.6727934904730701
T5-E006,cold,cold_no_support,val_cold,seo yeongyeong,1399320.0,13.034333182493144,457866.61291122355,0.6727934904730701
T5-E006,cold,cold_no_support,val_cold,seo yeongyeong,1399320.0,13.034333182493144,457866.61291122355,0.6727934904730701
T5-E006,cold,cold_no_support,val_cold,seo yeongyeong,1399320.0,13.034333182493144,457866.61291122355,0.6727934904730701
T5-E006,cold,cold_no_support,val_cold,seo yeongyeong,1254420.0,13.034333182493144,457866.61291122355,0.6349973590095633
T5-E006,cold,cold_no_support,val_cold,seo yeongyeong,1254420.0,13.034333182493144,457866.61291122355,0.6349973590095633
T5-E006,cold,cold_no_support,val_cold,seo yeongyeong,1254420.0,13.034333182493144,457866.61291122355,0.6349973590095633
T5-E006,cold,cold_no_support,val_cold,seo yeongyeong,964620.0,13.034333182493144,457866.61291122355,0.5253399132184451
T5-E006,cold,cold_no_support,val_cold,seo yeongyeong,964620.0,13.034333182493144,457866.61291122355,0.5253399132184451
T5-E006,cold,cold_no_support,val_cold,seo yeongyeong,2282520.0,13.748768983037827,935436.9104559718,0.5901736193084959
T5-E006,cold,cold_no_support,val_cold,seo yeongyeong,2427420.0,13.748768983037827,935436.9104559718,0.6146373884799614
T5-E006,cold,cold_no_support,val_cold,seo yeongyeong,1254420.0,13.034333182493144,457866.61291122355,0.6349973590095633
T5-E006,cold,cold_no_support,val_cold,seo yeongyeong,1254420.0,13.034333182493144,457866.61291122355,0.6349973590095633
T5-E006,cold,cold_no_support,val_cold,seo yeongyeong,1109520.0,13.034333182493144,457866.61291122355,0.5873291036563347
T5-E006,cold,cold_no_support,val_cold,seo yeongyeong,1254420.0,13.034333182493144,457866.61291122355,0.6349973590095633
T5-E006,cold,cold_no_support,val_cold,seo yeongyeong,1254420.0,13.034333182493144,457866.61291122355,0.6349973590095633
T5-E006,cold,cold_no_support,val_cold,seo yeongyeong,1254420.0,13.034333182493144,457866.61291122355,0.6349973590095633
T5-E006,cold,cold_no_support,val_cold,seo yeongyeong,1109520.0,13.034333182493144,457866.61291122355,0.5873291036563347
T5-E006,cold,cold_no_support,val_cold,seo yeongyeong,1399320.0,13.034333182493144,457866.61291122355,0.6727934904730701
T5-E006,cold,cold_no_support,val_cold,seo yeongyeong,1254420.0,13.395375699608557,656958.2175358207,0.4762852812169603
T5-E006,cold,cold_no_support,val_cold,seo yeongyeong,964620.0,13.034333182493144,457866.61291122355,0.5253399132184451
T5-E006,cold,cold_no_support,val_cold,seo yeongyeong,964620.0,13.034333182493144,457866.61291122355,0.5253399132184451
T5-E006,cold,cold_no_support,val_cold,seo yeongyeong,1399320.0,13.395375699608557,656958.2175358207,0.5305160952921272
T5-E006,cold,cold_no_support,val_cold,seo yeongyeong,1109520.0,13.034333182493144,457866.61291122355,0.5873291036563347
T5-E006,cold,cold_no_support,val_cold,seo yeongyeong,1109520.0,13.034333182493144,457866.61291122355,0.5873291036563347
T5-E006,cold,cold_no_support,val_cold,seo yeongyeong,1109520.0,13.034333182493144,457866.61291122355,0.5873291036563347
T5-E006,cold,cold_no_support,val_cold,seo yeongyeong,1254420.0,13.034333182493144,457866.61291122355,0.6349973590095633
T5-E006,cold,cold_no_support,val_cold,seo yeongyeong,1109520.0,13.034333182493144,457866.61291122355,0.5873291036563347
T5-E006,cold,cold_no_support,val_cold,seo yeongyeong,964620.0,13.034333182493144,457866.61291122355,0.5253399132184451
T5-E006,cold,cold_no_support,val_cold,seo yeongyeong,1109520.0,13.395375699608557,656958.2175358207,0.4078897022714141
T5-E006,cold,cold_no_support,val_cold,seo yeongyeong,964620.0,13.034333182493144,457866.61291122355,0.5253399132184451
T5-E006,cold,cold_no_support,val_cold,seo yeongyeong,1109520.0,13.034333182493144,457866.61291122355,0.5873291036563347
T5-E006,cold,cold_no_support,val_cold,seo yeongyeong,1109520.0,13.034333182493144,457866.61291122355,0.5873291036563347
T5-E006,cold,cold_no_support,val_cold,seo yeongyeong,964620.0,13.034333182493144,457866.61291122355,0.5253399132184451
T5-E006,cold,cold_no_support,val_cold,lee mong,6648840.0,16.217420156436464,11044246.332588034,0.6610786742631848
T5-E006,cold,cold_no_support,val_cold,seo yeongyeong,3062220.0,14.4166963394162,1824280.7165939664,0.4042620332327637
T5-E006,cold,cold_no_support,val_cold,seo yeongyeong,3339600.0,14.4166963394162,1824280.7165939664,0.45374274865433994
T5-E006,cold,cold_no_support,val_cold,seo yeongyeong,4962480.0,14.00799811541131,1212261.419986679,0.7557145983486726
T5-E006,cold,cold_no_support,val_cold,ransoo kim,1945800.0,14.787826258774146,2644060.2278871797,0.3588550867957548
T5-E006,cold,cold_no_support,val_cold,ransoo kim,3105000.0,14.883632572886084,2909909.5985829933,0.06283104715523566
T5-E006,cold,cold_no_support,val_cold,ransoo kim,5361300.0,15.39741628283977,4864216.842982781,0.09271690765620631
T5-E006,cold,cold_no_support,val_cold,ransoo kim,1945800.0,14.787826258774146,2644060.2278871797,0.3588550867957548
T5-E006,cold,cold_no_support,val_cold,ransoo kim,1932000.0,14.744017591755924,2530728.064300449,0.3099006543998184
T5-E006,cold,cold_no_support,val_cold,ransoo kim,3118800.0,14.984265970054485,3217985.0798420124,0.031802321355012306
T5-E006,cold,cold_no_support,val_cold,ransoo kim,4636800.0,15.314573771652734,4477492.651245262,0.03435717493847879
T5-E006,cold,cold_no_support,val_cold,ransoo kim,3898500.0,15.231843785858818,4121978.340704016,0.057324186406057694
T5-E006,cold,cold_no_support,val_cold,ransoo kim,3105000.0,14.883632572886084,2909909.5985829933,0.06283104715523566
T5-E006,cold,cold_no_support,val_cold,seo yeongyeong,2704800.0,13.603898901493613,809278.9147804255,0.7007989815215818
T5-E006,cold,cold_no_support,val_cold,lee mong,960480.0,14.810212343042691,2703917.872378621,1.8151735302959153
T5-E006,cold,cold_no_support,val_cold,seo yeongyeong,3588000.0,14.00799811541131,1212261.419986679,0.6621344983314718
T5-E006,cold,cold_no_support,val_cold,seo yeongyeong,4409100.0,14.912708805248409,2995760.8737044306,0.32055048111759077
T5-E006,cold,cold_no_support,val_cold,seo yeongyeong,4345620.0,15.310509762919553,4459333.007477249,0.026167268992053842
T5-E006,cold,cold_no_support,val_cold,zinna yoo,818340.0,13.198954863047588,539800.4769035494,0.3403713897603082
T5-E006,cold,cold_no_support,val_cold,zinna yoo,818340.0,13.198954863047588,539800.4769035494,0.3403713897603082
T5-E006,cold,cold_no_support,val_cold,zinna yoo,1571820.0,14.494983939065914,1972838.5245708167,0.2551300559674878
T5-E006,cold,cold_no_support,val_cold,zinna yoo,3018060.0,14.882683270147929,2907148.524188368,0.03674926138368087
T5-E006,cold,cold_no_support,val_cold,zinna yoo,1614600.0,14.41465766186537,1820565.3849190802,0.12756434096313649
T5-E006,cold,cold_no_support,val_cold,zinna yoo,1556640.0,14.405840145865444,1804583.086146181,0.15928094237985724
T5-E006,cold,cold_no_support,val_cold,zinna yoo,1556640.0,14.405840145865444,1804583.086146181,0.15928094237985724
T5-E006,cold,cold_no_support,val_cold,zinna yoo,16744920.0,16.25843896940127,11506687.768645532,0.3128251572031677
T5-E006,cold,cold_no_support,val_cold,zinna yoo,1614600.0,14.41465766186537,1820565.3849190802,0.12756434096313649
T5-E006,cold,cold_no_support,val_cold,taerin kim,4305600.0,15.142676031991183,3770341.097007278,0.1243169135527504
T5-E006,cold,cold_no_support,val_cold,taerin kim,4347000.0,15.335924136387257,4574116.559914761,0.05224673566017051
T5-E006,cold,cold_no_support,val_cold,taerin kim,5375100.0,15.49262377190916,5350089.0944896415,0.0046531051534591935
T5-E006,cold,cold_no_support,val_cold,taerin kim,4347000.0,15.335924136387257,4574116.559914761,0.05224673566017051
T5-E006,cold,cold_no_support,val_cold,taerin kim,1773300.0,14.39376561083678,1782924.6056409243,0.005427511216897481
T5-E006,cold,cold_no_support,val_cold,taerin kim,1773300.0,14.39376561083678,1782924.6056409243,0.005427511216897481
T5-E006,cold,cold_no_support,val_cold,taerin kim,1773300.0,14.39376561083678,1782924.6056409243,0.005427511216897481
T5-E006,cold,cold_no_support,val_cold,taerin kim,2829000.0,15.006708617034215,3291021.6848283,0.16331625479968187
T5-E006,cold,cold_no_support,val_cold,taerin kim,6186540.0,15.515266103801633,5472609.426043515,0.11540062360487201
T5-E006,cold,cold_no_support,val_cold,ransoo kim,1800900.0,14.790899864793655,2652199.5294149425,0.47270782909375453
T5-E006,cold,cold_no_support,val_cold,ransoo kim,3118800.0,14.987339576073994,3227891.113978612,0.034978553924141266
T5-E006,cold,cold_no_support,val_cold,ransoo kim,674820.0,13.909703436144747,1098771.654557727,0.6282440570192452
T5-E006,cold,cold_no_support,val_cold,zinna yoo,2718600.0,15.31262950143953,4468795.65305056,0.6437856444679466
T5-E006,cold,cold_no_support,val_cold,sarah soh,4581600.0,15.008142509580221,3295744.041157572,0.2806565302170482
T5-E006,cold,cold_no_support,val_cold,zinna yoo,5658000.0,15.30577634160671,4438274.983146739,0.2155752946011419
T5-E006,cold,cold_no_support,val_cold,zinna yoo,1062600.0,14.222569939627078,1502393.3176265336,0.41388416866792166
T5-E006,cold,cold_no_support,val_cold,zinna yoo,1542840.0,14.51429641731495,2011309.2121243349,0.3036408260897662
T5-E006,cold,cold_no_support,val_cold,gwanhee lee,1587000.0,14.788041897500483,2644630.4511459777,0.6664338066452286
T5-E006,cold,cold_no_support,val_cold,gwanhee lee,1407600.0,14.496130733672977,1975102.262924775,0.4031701214299339
T5-E006,cold,cold_no_support,val_cold,gwanhee lee,2359800.0,15.316926809962029,4488040.768177953,0.9018733656148625
T5-E006,cold,cold_no_support,val_cold,gwanhee lee,6900000.0,16.248292640197743,11390527.423591187,0.6508010758827808
T5-E006,cold,cold_no_support,val_cold,hagley art,833520.0,13.342753721833057,623281.6123204392,0.2522295657927354
T5-E006,cold,cold_no_support,val_cold,artist aeun,234600.0,12.991984500643456,438881.401992122,0.8707647143739216
T5-E006,cold,cold_no_support,val_cold,artist aeun,317400.0,13.199119387647928,539889.2946674285,0.7009744633504362
T5-E006,cold,cold_no_support,val_cold,artist aeun,234600.0,12.476154372837753,262014.30299516136,0.11685551148832633
T5-E006,cold,cold_no_support,val_cold,artist aeun,303600.0,12.866350529137588,387066.0112368172,0.27492098562851525
T5-E006,cold,cold_no_support,val_cold,zinna yoo,1131600.0,14.437229865723058,1862126.8603404567,0.6455698659777808
T5-E006,cold,cold_no_support,val_cold,zinna yoo,593400.0,13.616631131450545,819648.7152782709,0.38127521954545146
T5-E006,cold,cold_no_support,val_cold,zinna yoo,510600.0,13.363802077046849,636539.7061512282,0.24665042332790474
T5-E006,cold,cold_no_support,val_cold,zinna yoo,4319400.0,15.33614812482095,4575141.223870696,0.05920758065256646
T5-E006,cold,cold_no_support,val_cold,zinna yoo,10170600.0,15.870960652884577,7810352.481600486,0.23206571081347357
T5-E006,cold,cold_no_support,val_cold,zinna yoo,1076400.0,14.395721237072106,1786414.751373272,0.6596197987488591
T5-E006,cold,cold_no_support,val_cold,zinna yoo,993600.0,14.367351885740375,1736447.4448832455,0.7476322915491601
T5-E006,cold,cold_no_support,val_cold,zinna yoo,1104000.0,14.394473544866694,1784187.2455221636,0.6161116354367424
T5-E006,cold,cold_no_support,val_cold,zinna yoo,1301340.0,14.514286777660566,2011289.8238921168,0.5455529099944033
T5-E006,cold,cold_no_support,val_cold,zinna yoo,1104000.0,14.514286777660566,2011289.8238921168,0.8218204926559028
T5-E006,cold,cold_no_support,val_cold,zinna yoo,1104000.0,14.429677096317686,1848115.6239844607,0.6740177753482434
T5-E006,cold,cold_no_support,val_cold,zinna yoo,1304100.0,14.330043362816305,1672856.7686352246,0.28276724839753437
T5-E006,cold,cold_no_support,val_cold,zinna yoo,1304100.0,14.280813623563914,1592496.74674154,0.22114619027800017
T5-E006,cold,cold_no_support,val_cold,zinna yoo,6030600.0,15.605110453076724,5987056.5365211535,0.007220419772302337
T5-E006,cold,cold_no_support,val_cold,zinna yoo,6527400.0,15.605110453076724,5987056.5365211535,0.08278081065644001
T5-E006,cold,cold_no_support,val_cold,zinna yoo,1214400.0,14.213774353243007,1489236.831740494,0.2263149141473105
T5-E006,cold,cold_no_support,val_cold,zinna yoo,1849200.0,14.836213261570458,2775144.182777185,0.5007268996199357
T5-E006,cold,cold_no_support,val_cold,zinna yoo,2635800.0,14.824381940001226,2742504.0283781206,0.040482596698581313
T5-E006,cold,cold_no_support,val_cold,zinna yoo,2387400.0,14.695079745563124,2409861.2846243097,0.009408261968798586
T5-E006,cold,cold_no_support,val_cold,zinna yoo,1324800.0,14.37333515280356,1746868.2177324772,0.31859014019661624
T5-E006,cold,cold_no_support,val_cold,zinna yoo,1214400.0,14.429677096317686,1848115.6239844607,0.5218343412256758
T5-E006,cold,cold_no_support,val_cold,zinna yoo,1021200.0,14.13314102887277,1373868.483041548,0.3453471240124833
T5-E006,cold,cold_no_support,val_cold,zinna yoo,966000.0,14.173358514608786,1430248.1442203792,0.4805881410148853
T5-E006,cold,cold_no_support,val_cold,zinna yoo,1228200.0,14.330222182977641,1673155.9359002563,0.3622829636054847
T5-E006,cold,cold_no_support,val_cold,zinna yoo,2208000.0,14.902899805613243,2966519.107087523,0.3435322042968855
T5-E006,cold,cold_no_support,val_cold,zinna yoo,676200.0,13.52831750848458,750366.8569224855,0.10968183514120898
T5-E006,cold,cold_no_support,val_cold,zinna yoo,841800.0,14.016847937931264,1223037.3305190918,0.45288350026026586
T5-E006,cold,cold_no_support,val_cold,zinna yoo,1145400.0,14.394473544866694,1784187.2455221636,0.5576979618667396
T5-E006,cold,cold_no_support,val_cold,zinna yoo,2194200.0,14.846345087127112,2803404.381482188,0.27764305053422117
T5-E006,cold,cold_no_support,val_cold,zinna yoo,2626140.0,14.902899805613243,2966519.107087523,0.12961194265634093
T5-E006,cold,cold_no_support,val_cold,zinna yoo,1269600.0,14.434279263774412,1856640.5631176804,0.46238229609143067
T5-E006,cold,cold_no_support,val_cold,zinna yoo,1380000.0,14.434279263774412,1856640.5631176804,0.3453917124041162
T5-E006,cold,cold_no_support,val_cold,zinna yoo,2628900.0,14.839103446945813,2783176.465710829,0.0586847980945753
T5-E006,cold,cold_no_support,val_cold,zinna yoo,1849200.0,14.762028898552565,2576722.7526967833,0.3934256720185936
T5-E006,cold,cold_no_support,val_cold,zinna yoo,1269600.0,14.254995554709607,1551907.7751159028,0.22235962123180747
T5-E006,cold,cold_no_support,val_cold,zinna yoo,2249400.0,14.858599345839004,2837969.375695693,0.2616561641751991
T5-E006,cold,cold_no_support,val_cold,zinna yoo,1242000.0,14.280813623563914,1592496.74674154,0.2822034997919002
T5-E006,cold,cold_no_support,val_cold,zinna yoo,2263200.0,14.902899805613243,2966519.107087523,0.3107631261433029
T5-E006,cold,cold_no_support,val_cold,zinna yoo,1214400.0,14.429677096317686,1848115.6239844607,0.5218343412256758
T5-E006,cold,cold_no_support,val_cold,zinna yoo,1283400.0,14.514286777660566,2011289.8238921168,0.5671574130373358
T5-E006,cold,cold_no_support,val_cold,zinna yoo,1283400.0,14.514286777660566,2011289.8238921168,0.5671574130373358
T5-E006,cold,cold_no_support,val_cold,zinna yoo,1228200.0,14.30199219156045,1626583.2247096174,0.3243634788386398
T5-E006,cold,cold_no_support,val_cold,zinna yoo,1228200.0,14.30199219156045,1626583.2247096174,0.3243634788386398
T5-E006,cold,cold_no_support,val_cold,zinna yoo,1228200.0,14.30199219156045,1626583.2247096174,0.3243634788386398
T5-E006,cold,cold_no_support,val_cold,zinna yoo,1228200.0,14.30199219156045,1626583.2247096174,0.3243634788386398
T5-E006,cold,cold_no_support,val_cold,zinna yoo,1324800.0,14.30199219156045,1626583.2247096174,0.22779530850665566
T5-E006,cold,cold_no_support,val_cold,zinna yoo,621000.0,13.343602274113445,623810.7238115304,0.004526125300371001
T5-E006,cold,cold_no_support,val_cold,zinna yoo,993600.0,14.088828656620583,1314318.2612088423,0.3227840793164677
T5-E006,cold,cold_no_support,val_cold,zinna yoo,1752600.0,14.6120713011735,2217899.86905563,0.265491195398625
T5-E006,cold,cold_no_support,val_cold,zinna yoo,1407600.0,14.476329518535001,1936377.502042753,0.37565892444071675
T5-E006,cold,cold_no_support,val_cold,zinna yoo,1614600.0,14.42844541364431,1845840.733251345,0.14321858866056306
T5-E006,cold,cold_no_support,val_cold,zinna yoo,1380000.0,14.41465766186537,1820565.3849190802,0.3192502789268697
T5-E006,cold,cold_no_support,val_cold,zinna yoo,3933000.0,15.31492891267109,4479083.07494074,0.13884644671770663
T5-E006,cold,cold_no_support,val_cold,zinna yoo,1255800.0,14.434279263774412,1856640.5631176804,0.47845243121331454
T5-E006,cold,cold_no_support,val_cold,zinna yoo,779700.0,14.022165089707764,1229557.725235865,0.5769625820647236
T5-E006,cold,cold_no_support,val_cold,zinna yoo,6610200.0,15.696449387201904,6559660.373199453,0.007645703125555558
T5-E006,cold,cold_no_support,val_cold,zinna yoo,1021200.0,14.38560202796161,1768428.8022137785,0.7317164142320588
T5-E006,cold,cold_no_support,val_cold,zinna yoo,931500.0,14.241112137350012,1530510.8665616505,0.6430605116067102
T5-E006,cold,cold_no_support,val_cold,zinna yoo,1255800.0,14.505757284044282,1994207.495548721,0.5879976871705056
T5-E006,cold,cold_no_support,val_cold,zinna yoo,2194200.0,14.846345087127112,2803404.381482188,0.27764305053422117
T5-E006,cold,cold_no_support,val_cold,zinna yoo,1214400.0,14.514286777660566,2011289.8238921168,0.6562004478690027
T5-E006,cold,cold_no_support,val_cold,zinna yoo,3339600.0,15.25072792826867,4200557.986125326,0.2578027267113803
T5-E006,cold,cold_no_support,val_cold,zinna yoo,3132600.0,15.14356723730127,3773702.7427495383,0.20465515633963427
T5-E006,cold,cold_no_support,val_cold,zinna yoo,945300.0,14.241112137350012,1530510.8665616505,0.6190742267657363
T5-E006,cold,cold_no_support,val_cold,zinna yoo,2346000.0,15.001208186400998,3272969.3416831573,0.3951275966253867
T5-E006,cold,cold_no_support,val_cold,zinna yoo,1242000.0,14.505757284044282,1994207.495548721,0.6056421059168445
T5-E006,cold,cold_no_support,val_cold,zinna yoo,1255800.0,14.728359268137043,2491409.73816147,0.9839223906366219
T5-E006,cold,cold_no_support,val_cold,zinna yoo,945300.0,14.241112137350012,1530510.8665616505,0.6190742267657363
T5-E006,cold,cold_no_support,val_cold,gwanhee lee,1807800.0,15.315134103033275,4480002.233917196,1.4781514735685344
T5-E006,cold,cold_no_support,val_cold,zinna yoo,1214400.0,14.27525496906029,1583669.164996781,0.3040753993715258
T5-E006,cold,cold_no_support,val_cold,zinna yoo,703800.0,14.010911783333096,1215798.6979230759,0.7274775474894514
T5-E006,cold,cold_no_support,val_cold,zinna yoo,3036000.0,15.25072792826867,4200557.986125326,0.3835829993825184
T5-E006,cold,cold_no_support,val_cold,zinna yoo,703800.0,14.010911783333096,1215798.6979230759,0.7274775474894514
T5-E006,cold,cold_no_support,val_cold,zinna yoo,2346000.0,15.001208186400998,3272969.3416831573,0.3951275966253867
T5-E006,cold,cold_no_support,val_cold,zinna yoo,1214400.0,14.434279263774412,1856640.5631176804,0.5288542186410411
T5-E006,cold,cold_no_support,val_cold,zinna yoo,5188800.0,15.608184059096233,6005486.698550195,0.1573941370933926
T5-E006,cold,cold_no_support,val_cold,zinna yoo,9591000.0,16.163233581758842,10461721.493195508,0.09078526672875692
T5-E006,cold,cold_no_support,val_cold,zinna yoo,945300.0,14.241112137350012,1530510.8665616505,0.6190742267657363
T5-E006,cold,cold_no_support,val_cold,zinna yoo,11109000.0,16.163233581758842,10461721.493195508,0.05826613617827818
T5-E006,cold,cold_no_support,val_cold,zinna yoo,1214400.0,14.434279263774412,1856640.5631176804,0.5288542186410411
T5-E006,cold,cold_no_support,val_cold,zinna yoo,814200.0,14.010911783333096,1215798.6979230759,0.49324330376206815
T5-E006,cold,cold_no_support,val_cold,zinna yoo,3988200.0,15.314536255204617,4477324.6747754775,0.12264296544192305
T5-E006,cold,cold_no_support,val_cold,eunju park,4733400.0,15.406238933064513,4907321.998053379,0.03674356658076211
T5-E006,cold,cold_no_support,val_cold,eunju park,3919200.0,16.255210313758262,11469596.545862429,1.9265147340943123
T5-E006,cold,cold_no_support,val_cold,eunju park,1766400.0,15.29094921280559,4372953.569527746,1.475630417531559
T5-E006,cold,cold_no_support,val_cold,zinna yoo,1232340.0,14.514286777660566,2011289.8238921168,0.6320900270153665
T5-E006,cold,cold_no_support,val_cold,zinna yoo,3988200.0,15.245442773721631,4178415.951563015,0.04769468721804702
T5-E006,cold,cold_no_support,val_cold,zinna yoo,1232340.0,14.49497429941153,1972819.5071809432,0.6008727357555084
T5-E006,cold,cold_no_support,val_cold,zinna yoo,1214400.0,14.49063711291591,1964281.5497969266,0.617491394760315
T5-E006,cold,cold_no_support,val_cold,zinna yoo,1610460.0,14.742716420303529,2527437.2945814994,0.5693884322376833
T5-E006,cold,cold_no_support,val_cold,gwanhee lee,1863000.0,15.31471802340756,4478138.584004769,1.4037244143879597
T5-E006,cold,cold_no_support,val_cold,zinna yoo,1221300.0,14.414966785525376,1821128.2517473921,0.4911391564295358
T5-E006,cold,cold_no_support,val_cold,hyeong gil choi,10819200.0,15.725133067437255,6750540.052575718,0.37605922317955875
T5-E006,cold,cold_no_support,val_cold,zinna yoo,11136600.0,16.13119402752234,10131845.360705739,0.0902209506756336
T5-E006,cold,cold_no_support,val_cold,zinna yoo,2311500.0,14.846345087127112,2803404.381482188,0.2128074330444249
T5-E006,cold,cold_no_support,val_cold,zinna yoo,1745700.0,14.759388598064989,2569928.4038648135,0.47214779393069456
T5-E006,cold,cold_no_support,val_cold,zinna yoo,1745700.0,14.762028898552565,2576722.7526967833,0.4760398422963758
T5-E006,cold,cold_no_support,val_cold,zinna yoo,1596660.0,14.694360972826853,2408129.7643940416,0.5082295318941049
T5-E006,cold,cold_no_support,val_cold,zinna yoo,6313500.0,15.716455734916748,6692216.783007477,0.05998523529064345
T5-E006,cold,cold_no_support,val_cold,zinna yoo,10267200.0,15.958263333616546,8522866.906826716,0.1698937483611193
T5-E006,cold,cold_no_support,val_cold,zinna yoo,5119800.0,15.603593882089518,5977983.621877626,0.16762053632517396
T5-E006,cold,cold_no_support,val_cold,zinna yoo,1938900.0,14.762063124849353,2576810.945883714,0.32900662534618297
T5-E006,cold,cold_no_support,val_cold,zinna yoo,1304100.0,14.405840145865444,1804583.086146181,0.3837766169359566
T5-E006,cold,cold_no_support,val_cold,zinna yoo,1007400.0,14.486627379188514,1956421.0735566514,0.9420499042650897
T5-E006,cold,cold_no_support,val_cold,zinna yoo,1725000.0,14.806034789460952,2692645.6720899707,0.5609540128057801
T5-E006,cold,cold_no_support,val_cold,zinna yoo,1952700.0,14.806034789460952,2692645.6720899707,0.3789346402877916
T5-E006,cold,cold_no_support,val_cold,zinna yoo,1110900.0,14.494983939065914,1972838.5245708167,0.7758920916111411
T5-E006,cold,cold_no_support,val_cold,zinna yoo,9108000.0,16.144124459818578,10263705.166123137,0.1268890169217322
T5-E006,cold,cold_no_support,val_cold,zinna yoo,1104000.0,14.486627379188514,1956421.0735566514,0.7721205376418944
T5-E006,cold,cold_no_support,val_cold,zinna yoo,1007400.0,14.405840145865444,1804583.086146181,0.7913272643896972
T5-E006,cold,cold_no_support,val_cold,zinna yoo,2628900.0,14.820327322863827,2731406.7373816106,0.03899225431990968
T5-E006,cold,cold_no_support,val_cold,gwanhee lee,2152800.0,15.314536255204617,4477324.6747754775,1.079768057773819
T5-E006,cold,cold_no_support,val_cold,zinna yoo,4057200.0,15.229551433221566,4112540.1347652,0.01363998194942321
T5-E006,cold,cold_no_support,val_cold,zinna yoo,730020.0,14.014810500484083,1220548.0052459878,0.6719377623160842
T5-E006,cold,cold_no_support,val_cold,zinna yoo,730020.0,14.014810500484083,1220548.0052459878,0.6719377623160842
T5-E006,cold,cold_no_support,val_cold,sarah soh,2380500.0,14.904819846940338,2972220.41799551,0.24856980382084023
T5-E006,cold,cold_no_support,val_cold,gwanhee lee,993600.0,14.499865426717694,1982492.4550685,0.9952621327178945
T5-E006,cold,cold_no_support,val_cold,sarah soh,13703400.0,15.939022208088604,8360444.956352591,0.38989995502192226
T5-E006,cold,cold_no_support,val_cold,zinna yoo,2635800.0,14.820327322863827,2731406.7373816106,0.03627237930860101
T5-E006,cold,cold_no_support,val_cold,seo yeongyeong,841800.0,14.40256417620139,1798680.9995065143,1.1367082436523097
T5-E006,cold,cold_no_support,val_cold,seo yeongyeong,441600.0,14.434800202452983,1857608.0109678362,3.2065398799090494
T5-E006,cold,cold_no_support,val_cold,zinna yoo,7134600.0,15.701284830498297,6591456.050121511,0.07612815713263374
T5-E006,cold,cold_no_support,val_cold,zinna yoo,1338600.0,14.486710183524558,1956583.0804120118,0.4616637385417689
T5-E006,cold,cold_no_support,val_cold,zinna yoo,1304100.0,14.494983939065914,1972838.5245708167,0.5127969669280091
T5-E006,cold,cold_no_support,val_cold,zinna yoo,1076400.0,14.226572347634617,1508418.5583640346,0.40135503378301246
T5-E006,cold,cold_no_support,val_cold,zinna yoo,1304100.0,14.494983939065914,1972838.5245708167,0.5127969669280091
T5-E006,cold,cold_no_support,val_cold,zinna yoo,1062600.0,14.222569939627078,1502393.3176265336,0.41388416866792166
T5-E006,cold,cold_no_support,val_cold,zinna yoo,1062600.0,14.222569939627078,1502393.3176265336,0.41388416866792166
T5-E006,cold,cold_no_support,val_cold,zinna yoo,7838400.0,15.716455734916748,6692216.783007477,0.1462266810819201
T5-E006,cold,cold_no_support,val_cold,zinna yoo,1407600.0,14.494983939065914,1972838.5245708167,0.4015618958303614
T5-E006,cold,cold_no_support,val_cold,zinna yoo,2842800.0,14.990955533815296,3239584.1598795108,0.13957512307566863
T5-E006,cold,cold_no_support,val_cold,zinna yoo,4981800.0,15.31262950143953,4468795.65305056,0.10297570094131447
T5-E006,cold,cold_no_support,val_cold,zinna yoo,2249400.0,14.608110766956779,2209133.17259503,0.01790114137324168
T5-E006,cold,cold_no_support,val_cold,zinna yoo,1973400.0,14.608110766956779,2209133.17259503,0.11945534235078047
T5-E006,cold,cold_no_support,val_cold,zinna yoo,1407600.0,14.486710183524558,1956583.0804120118,0.3900135552799175
T5-E006,cold,cold_no_support,val_cold,sarah soh,2001000.0,14.878282126252843,2894381.859780179,0.4464676960420684
T5-E006,cold,cold_no_support,val_cold,zinna yoo,1338600.0,14.486710183524558,1956583.0804120118,0.4616637385417689
T5-E006,cold,cold_no_support,val_cold,sarah soh,1518000.0,14.138368444210723,1381069.06804954,0.09020483000689061
T5-E006,cold,cold_no_support,val_cold,zinna yoo,1338600.0,14.491715122812547,1966400.2065086635,0.46899761430499287
T5-E006,cold,cold_no_support,val_cold,zinna yoo,1407600.0,14.491715122812547,1966400.2065086635,0.396987927329258
T5-E006,cold,cold_no_support,val_cold,zinna yoo,2691000.0,14.899161825413906,2955451.01644351,0.09827239555685993
T5-E006,cold,cold_no_support,val_cold,zinna yoo,4043400.0,15.118900148981801,3681755.185356024,0.08944077129247065
T5-E006,cold,cold_no_support,val_cold,zinna yoo,1407600.0,14.51429641731495,2011309.2121243349,0.42889259173368494
T5-E006,cold,cold_no_support,val_cold,geum sahong,42228000.0,16.29388329940956,11921848.694656257,0.7176790590447983
T5-E006,cold,cold_no_support,val_cold,zinna yoo,1338600.0,14.51429641731495,2011309.2121243349,0.5025468490395449
T5-E006,cold,cold_no_support,val_cold,geum sahong,10755720.0,15.056839327087875,3460208.2292522904,0.6782913436522808
T5-E006,cold,cold_no_support,val_cold,geum sahong,10755720.0,15.056839327087875,3460208.2292522904,0.6782913436522808
T5-E006,cold,cold_no_support,val_cold,geum sahong,10893720.0,15.536388478606254,5589433.389843229,0.4869123320735957
T5-E006,cold,cold_no_support,val_cold,geum sahong,9949800.0,15.056839327087875,3460208.2292522904,0.6522333886859746
T5-E006,cold,cold_no_support,val_cold,zinna yoo,1476600.0,14.405840145865444,1804583.086146181,0.2221204700976439
T5-E006,cold,cold_no_support,val_cold,zinna yoo,1407600.0,14.51429641731495,2011309.2121243349,0.42889259173368494
T5-E006,cold,cold_no_support,val_cold,zinna yoo,4209000.0,15.326352576368082,4530543.990117377,0.07639439061947652
T5-E006,cold,cold_no_support,val_cold,zinna yoo,3256800.0,14.984904871063339,3220041.7106777984,0.01128662777026579
T5-E006,cold,cold_no_support,val_cold,zinna yoo,1476600.0,14.51429641731495,2011309.2121243349,0.3621219098769707
T5-E006,cold,cold_no_support,val_cold,zinna yoo,1476600.0,14.51429641731495,2011309.2121243349,0.3621219098769707
T5-E006,cold,cold_no_support,val_cold,zinna yoo,1476600.0,14.51429641731495,2011309.2121243349,0.3621219098769707
T5-E006,cold,cold_no_support,val_cold,zinna yoo,2884200.0,14.82837033793283,2753464.067742753,0.04532831712684528
T5-E006,cold,cold_no_support,val_cold,zinna yoo,1932000.0,14.51429641731495,2011309.2121243349,0.04105031683454186
T5-E006,cold,cold_no_support,val_cold,zinna yoo,1701540.0,14.409132935395274,1810534.9922472218,0.06405667351177272
T5-E006,cold,cold_no_support,val_cold,zinna yoo,1556640.0,14.51429641731495,2011309.2121243349,0.2920837265676938
T5-E006,cold,cold_no_support,val_cold,cheyoung yoon,1973400.0,14.509199273238918,2001083.362742189,0.014028257191744747
T5-E006,cold,cold_no_support,val_cold,seo yeongyeong,1820220.0,14.4166963394162,1824280.7165939664,0.002230893295297466
T5-E006,cold,cold_no_support,val_cold,seo yeongyeong,385020.0,15.303811815661357,4429564.43563945,10.504764520387123
T5-E006,cold,cold_no_support,val_cold,zinna yoo,1542840.0,14.51429641731495,2011309.2121243349,0.3036408260897662
T5-E006,cold,cold_no_support,val_cold,zinna yoo,1542840.0,14.51429641731495,2011309.2121243349,0.3036408260897662
T5-E006,cold,cold_no_support,val_cold,zinna yoo,1421400.0,14.494983939065914,1972838.5245708167,0.38795449878346466
T5-E006,cold,cold_no_support,val_cold,zinna yoo,1571820.0,14.494983939065914,1972838.5245708167,0.2551300559674878
T5-E006,cold,cold_no_support,val_cold,taerin kim,2539200.0,15.006708617034215,3291021.6848283,0.29608604474964556
T5-E006,cold,cold_no_support,val_cold,artist aeun,386400.0,13.530648129674598,752117.7173231649,0.9464744237141949
T5-E006,cold,cold_no_support,val_cold,hyeong gil choi,4429800.0,15.326329140427397,4530437.813801329,0.022718365118363955
T5-E006,cold,cold_no_support,val_cold,hyeong gil choi,3698400.0,15.13142139939866,3728145.1883370928,0.0080427180232243
T5-E006,cold,cold_no_support,val_cold,hyeong gil choi,1849200.0,14.704388819561231,2432399.6043291604,0.3153794096523688
T5-E006,cold,cold_no_support,val_cold,hyeong gil choi,7217400.0,15.511721779931829,5453247.059343453,0.24443053463249195
T5-E006,cold,cold_no_support,val_cold,eunju park,6624000.0,15.612533826046805,6031666.061901246,0.08942239403664762
T5-E006,cold,cold_no_support,val_cold,동훈 이,1587000.0,14.77143998472323,2601086.9796549445,0.6389962064618427
T5-E006,cold,cold_no_support,val_cold,zinna yoo,1571820.0,14.494983939065914,1972838.5245708167,0.2551300559674878
T5-E006,cold,cold_no_support,val_cold,zinna yoo,5710440.0,15.30577634160671,4438274.983146739,0.2227788080871633
T5-E006,cold,cold_no_support,val_cold,artist aeun,234600.0,12.991984500643456,438881.401992122,0.8707647143739216
T5-E006,cold,cold_no_support,val_cold,zinna yoo,4462920.0,15.335924136387257,4574116.559914761,0.0249156516170492
T5-E006,cold,cold_no_support,val_cold,zinna yoo,2815200.0,14.82837033793283,2753464.067742753,0.02192950137015031
T5-E006,cold,cold_no_support,val_cold,bong jun kim,42090000.0,16.257798801827864,11499323.917559579,0.726792019064871
T5-E006,cold,cold_no_support,val_cold,bong jun kim,42186600.0,16.410141986942243,13391650.677327555,0.6825615082199666
T5-E006,cold,cold_no_support,val_cold,il mo jung,1531800.0,14.283680581346008,1597068.9186627797,0.04260929537980136
T5-E006,cold,cold_no_support,val_cold,il mo jung,4416000.0,14.841510494276667,2789883.772357752,0.3682328414044945
T5-E006,cold,cold_no_support,val_cold,il mo jung,1545600.0,14.419769945435709,1829896.4626601995,0.18393922273563632
T5-E006,cold,cold_no_support,val_cold,il mo jung,1076400.0,13.626271837227424,827588.9204748034,0.23115113296655201
T5-E006,cold,cold_no_support,val_cold,il mo jung,5837400.0,15.532267345790377,5566445.992072156,0.04641689929212394
T5-E006,cold,cold_no_support,val_cold,il mo jung,2980800.0,14.983715095829131,3216212.862983065,0.07897640330886513
T5-E006,cold,cold_no_support,val_cold,il mo jung,2249400.0,14.593362477508999,2176791.3168879915,0.032279133596518406
T5-E006,cold,cold_no_support,val_cold,il mo jung,11523000.0,15.841903583886316,7586672.017787486,0.3416061774028043
T5-E006,cold,cold_no_support,val_cold,il mo jung,1973400.0,14.671991892524296,2354860.133854385,0.19330096982587666
T5-E006,cold,cold_no_support,val_cold,il mo jung,966000.0,13.35249943297577,629385.6305613104,0.3484620801642749
T5-E006,cold,cold_no_support,val_cold,il mo jung,2415000.0,14.890017318734094,2928548.069443987,0.21264930411759306
T5-E006,cold,cold_no_support,val_cold,il mo jung,1876800.0,14.947181223837346,3100832.6303823744,0.6521912992233453
T5-E006,cold,cold_no_support,val_cold,minchae kang,10225800.0,16.252029474103843,11433171.560080295,0.11807111033662847
T5-E006,cold,cold_no_support,val_cold,minchae kang,10225800.0,16.252029474103843,11433171.560080295,0.11807111033662847
T5-E006,cold,cold_no_support,val_cold,minchae kang,9259800.0,16.239560277412895,11291494.232002914,0.21941016350276615
T5-E006,cold,cold_no_support,val_cold,minchae kang,4167600.0,15.419802367108314,4974335.576075788,0.19357317786634698
T5-E006,cold,cold_no_support,val_cold,minchae kang,9867000.0,15.722908865226549,6735542.171810062,0.3173667607367932
T5-E006,cold,cold_no_support,val_cold,minchae kang,13896600.0,16.07000750986099,9530497.805218784,0.3141849225552449
T5-E006,cold,cold_no_support,val_cold,minchae kang,7107000.0,15.803719492043918,7302442.885909508,0.0275000542999167
T5-E006,cold,cold_no_support,val_cold,minchae kang,14034600.0,15.901849534549061,8055370.215951857,0.4260349268271374
T5-E006,cold,cold_no_support,val_cold,minchae kang,13841400.0,16.19503407216792,10799755.707556458,0.2197497574265278
T5-E006,cold,cold_no_support,val_cold,minchae kang,14048400.0,16.431369459890153,13678960.219044084,0.026297641080544137
T5-E006,cold,cold_no_support,val_cold,hyeyoung jeong,1476600.0,13.557393111334768,772504.4987292138,0.47683563678097396
T5-E006,cold,cold_no_support,val_cold,hyeyoung jeong,5837400.0,15.277635548648536,4315119.381083778,0.26078059048826907
T5-E006,cold,cold_no_support,val_cold,hyerim jun,2732400.0,15.148498877440629,3792359.252453569,0.3879224317279933
T5-E006,cold,cold_no_support,val_cold,hyerim jun,1821600.0,14.41905719596559,1828592.669620162,0.003838751438384996
T5-E006,cold,cold_no_support,val_cold,hyerim jun,2994600.0,15.148498877440629,3792359.252453569,0.2663992695029616
T5-E006,cold,cold_no_support,val_cold,tae hwa song,10419000.0,15.856950764410701,7701693.243564608,0.26080302873936007
T5-E006,cold,cold_no_support,val_cold,hagley art,14490000.0,16.254832074074862,11465259.109643161,0.20874678332345334
T5-E006,cold,cold_no_support,val_cold,gwanhee lee,1945800.0,15.339312894230574,4589643.426820626,1.358743666780052
T5-E006,cold,cold_no_support,val_cold,gwanhee lee,2415000.0,15.235464498015094,4136929.889082587,0.7130144468250877
T5-E006,cold,cold_no_support,val_cold,hagley art,2166600.0,13.892961393648605,1080529.107678509,0.5012789127303106
T5-E006,cold,cold_no_support,val_cold,hagley art,2166600.0,13.892961393648605,1080529.107678509,0.5012789127303106
T5-E006,cold,cold_no_support,val_cold,hagley art,2166600.0,13.892961393648605,1080529.107678509,0.5012789127303106
T5-E006,cold,cold_no_support,val_cold,hagley art,2166600.0,13.892961393648605,1080529.107678509,0.5012789127303106
T5-E006,cold,cold_no_support,val_cold,hagley art,2166600.0,13.892961393648605,1080529.107678509,0.5012789127303106
T5-E006,cold,cold_no_support,val_cold,hagley art,2166600.0,13.892961393648605,1080529.107678509,0.5012789127303106
T5-E006,cold,cold_no_support,val_cold,gwanhee lee,1945800.0,15.316926809962029,4488040.768177953,1.3065272731924928
T5-E006,cold,cold_no_support,val_cold,gwanhee lee,1393800.0,15.316926809962029,4488040.768177953,2.2200034209915
T5-E006,cold,cold_no_support,val_cold,hagley art,2235600.0,14.227481547426812,1509790.6358556093,0.324659762097151
T5-E006,cold,cold_no_support,val_cold,hagley art,2263200.0,14.4166963394162,1824280.7165939664,0.1939374705753065
T5-E006,cold,cold_no_support,val_cold,hagley art,2263200.0,14.4166963394162,1824280.7165939664,0.1939374705753065
T5-E006,cold,cold_no_support,val_cold,hagley art,2263200.0,14.4166963394162,1824280.7165939664,0.1939374705753065
T5-E006,cold,cold_no_support,val_cold,hagley art,2263200.0,14.4166963394162,1824280.7165939664,0.1939374705753065
T5-E006,cold,cold_no_support,val_cold,hagley art,2718600.0,14.682002735292686,2378552.6616152627,0.12508178414799428
T5-E006,cold,cold_no_support,val_cold,hagley art,2718600.0,14.682002735292686,2378552.6616152627,0.12508178414799428
T5-E006,cold,cold_no_support,val_cold,hagley art,2263200.0,14.4166963394162,1824280.7165939664,0.1939374705753065
T5-E006,cold,cold_no_support,val_cold,hagley art,1531800.0,14.003290197114728,1206567.6057900062,0.21232040358401474
T5-E006,cold,cold_no_support,val_cold,hagley art,2277000.0,14.495167541784225,1973200.776340903,0.13342082725476373
T5-E006,cold,cold_no_support,val_cold,hagley art,2277000.0,14.495167541784225,1973200.776340903,0.13342082725476373
T5-E006,cold,cold_no_support,val_cold,hagley art,2263200.0,14.4166963394162,1824280.7165939664,0.1939374705753065
T5-E006,cold,cold_no_support,val_cold,hagley art,2263200.0,14.4166963394162,1824280.7165939664,0.1939374705753065
T5-E006,cold,cold_no_support,val_cold,hagley art,2235600.0,14.495167541784225,1973200.776340903,0.1173730647965186
T5-E006,cold,cold_no_support,val_cold,gwanhee lee,717600.0,14.496049355150433,1974941.538560588,1.7521481863999273
T5-E006,cold,cold_no_support,val_cold,hagley art,2870400.0,14.789153259377935,2647571.226439421,0.07762986815794974
T5-E006,cold,cold_no_support,val_cold,hagley art,3546600.0,14.984265970054485,3217985.0798420124,0.0926563244115456
T5-E006,cold,cold_no_support,val_cold,hagley art,2829000.0,14.583868131028927,2156221.9069777364,0.23781480842073652
T5-E006,cold,cold_no_support,val_cold,hagley art,2829000.0,14.583868131028927,2156221.9069777364,0.23781480842073652
T5-E006,cold,cold_no_support,val_cold,hagley art,2829000.0,14.583868131028927,2156221.9069777364,0.23781480842073652
T5-E006,cold,cold_no_support,val_cold,hagley art,6182400.0,15.699780195562038,6581545.772612246,0.06456162212283996
T5-E006,cold,cold_no_support,val_cold,hagley art,2346000.0,14.61112298389508,2215797.593257777,0.055499747119447176
T5-E006,cold,cold_no_support,val_cold,hagley art,3546600.0,14.984265970054485,3217985.0798420124,0.0926563244115456
T5-E006,cold,cold_no_support,val_cold,hagley art,2870400.0,14.789153259377935,2647571.226439421,0.07762986815794974
T5-E006,cold,cold_no_support,val_cold,hagley art,3546600.0,14.984265970054485,3217985.0798420124,0.0926563244115456
T5-E006,cold,cold_no_support,val_cold,hagley art,3546600.0,14.984265970054485,3217985.0798420124,0.0926563244115456
T5-E006,cold,cold_no_support,val_cold,hagley art,4278000.0,15.315525421276948,4481755.683579072,0.0476287245392876
T5-E006,cold,cold_no_support,val_cold,hagley art,13717200.0,16.046951803395107,9313279.13240683,0.32105100658976826
T5-E006,cold,cold_no_support,val_cold,hagley art,2870400.0,14.75263653565667,2552634.537233127,0.11070424427496975
T5-E006,cold,cold_no_support,val_cold,hagley art,772800.0,13.395375699608557,656958.2175358207,0.1498987868325302
T5-E006,cold,cold_no_support,val_cold,hagley art,952200.0,13.690368915417874,882371.9123283015,0.07333342540611062
T5-E006,cold,cold_no_support,val_cold,hagley art,952200.0,13.690368915417874,882371.9123283015,0.07333342540611062
T5-E006,cold,cold_no_support,val_cold,hagley art,6941400.0,15.471969842979261,5240722.051957299,0.24500503472537255
T5-E006,cold,cold_no_support,val_cold,hagley art,5257800.0,15.315525421276948,4481755.683579072,0.14759867557170825
T5-E006,cold,cold_no_support,val_cold,hagley art,2014800.0,14.495167541784225,1973200.776340903,0.020646825322164476
T5-E006,cold,cold_no_support,val_cold,hagley art,17043000.0,16.141714501198763,10238999.842747483,0.3992254976971494
T5-E006,cold,cold_no_support,val_cold,hagley art,1807800.0,14.332954384807953,1677733.5862954636,0.07194734688822679
T5-E006,cold,cold_no_support,val_cold,hagley art,2870400.0,14.745349708166446,2534101.5351145263,0.11716083642888576
T5-E006,cold,cold_no_support,val_cold,hagley art,4761000.0,15.315525421276948,4481755.683579072,0.05865245041397346
T5-E006,cold,cold_no_support,val_cold,hagley art,2014800.0,14.495167541784225,1973200.776340903,0.020646825322164476
T5-E006,cold,cold_no_support,val_cold,hagley art,8638800.0,15.699780195562038,6581545.772612246,0.2381412033370091
T5-E006,cold,cold_no_support,val_cold,hagley art,833520.0,13.342753721833057,623281.6123204392,0.2522295657927354
T5-E006,cold,cold_no_support,val_cold,hagley art,833520.0,13.342753721833057,623281.6123204392,0.2522295657927354
T5-E006,cold,cold_no_support,val_cold,hagley art,833520.0,13.342753721833057,623281.6123204392,0.2522295657927354
T5-E006,cold,cold_no_support,val_cold,hagley art,847320.0,13.620592985400108,822902.4850023598,0.028817347634471226
T5-E006,cold,cold_no_support,val_cold,hagley art,833520.0,13.342753721833057,623281.6123204392,0.2522295657927354
T5-E006,cold,cold_no_support,val_cold,hagley art,833520.0,13.342753721833057,623281.6123204392,0.2522295657927354
T5-E006,cold,cold_no_support,val_cold,hagley art,847320.0,13.620592985400108,822902.4850023598,0.028817347634471226
T5-E006,cold,cold_no_support,val_cold,hagley art,847320.0,13.620592985400108,822902.4850023598,0.028817347634471226
T5-E006,cold,cold_no_support,val_cold,hagley art,847320.0,13.620592985400108,822902.4850023598,0.028817347634471226
T5-E006,cold,cold_no_support,val_cold,hagley art,847320.0,13.620592985400108,822902.4850023598,0.028817347634471226
T5-E006,cold,cold_no_support,val_cold,hagley art,847320.0,13.620592985400108,822902.4850023598,0.028817347634471226
T5-E006,cold,cold_no_support,val_cold,hagley art,833520.0,13.342753721833057,623281.6123204392,0.2522295657927354
T5-E006,cold,cold_no_support,val_cold,hagley art,833520.0,13.342753721833057,623281.6123204392,0.2522295657927354
T5-E006,cold,cold_no_support,val_cold,hagley art,833520.0,13.342753721833057,623281.6123204392,0.2522295657927354
T5-E006,cold,cold_no_support,val_cold,hagley art,833520.0,13.342753721833057,623281.6123204392,0.2522295657927354
T5-E006,cold,cold_no_support,val_cold,hagley art,3360300.0,15.314573771652734,4477492.651245262,0.3324681282163085
T5-E006,cold,cold_no_support,val_cold,hagley art,3360300.0,15.314573771652734,4477492.651245262,0.3324681282163085
T5-E006,cold,cold_no_support,val_cold,hagley art,3346500.0,15.231843785858818,4121978.340704016,0.23172817591633527
T5-E006,cold,cold_no_support,val_cold,hagley art,2663400.0,14.787826258774146,2644060.2278871797,0.0072613096466247265
T5-E006,cold,cold_no_support,val_cold,hagley art,3168480.0,14.984265970054485,3217985.0798420124,0.015624236176972043
T5-E006,cold,cold_no_support,val_cold,hagley art,1966500.0,14.486813188970373,1956784.6295046338,0.004940437577099499
T5-E006,cold,cold_no_support,val_cold,hagley art,2663400.0,14.787826258774146,2644060.2278871797,0.0072613096466247265
T5-E006,cold,cold_no_support,val_cold,hagley art,1966500.0,14.486813188970373,1956784.6295046338,0.004940437577099499
T5-E006,cold,cold_no_support,val_cold,hagley art,3974400.0,15.314573771652734,4477492.651245262,0.12658329590510808
T5-E006,cold,cold_no_support,val_cold,hagley art,2663400.0,14.827968876533165,2752358.880064129,0.033400495631196556
T5-E006,cold,cold_no_support,val_cold,hagley art,3974400.0,15.314573771652734,4477492.651245262,0.12658329590510808
T5-E006,cold,cold_no_support,val_cold,hagley art,1380000.0,14.264132213919503,1566152.0008097999,0.1348927542099999
T5-E006,cold,cold_no_support,val_cold,hagley art,1106760.0,14.130549238120656,1370312.3138265011,0.23812959794942096
T5-E006,cold,cold_no_support,val_cold,hagley art,2663400.0,14.827968876533165,2752358.880064129,0.033400495631196556
T5-E006,cold,cold_no_support,val_cold,hagley art,615480.0,13.342753721833057,623281.6123204392,0.012675655294143095
T5-E006,cold,cold_no_support,val_cold,hagley art,601680.0,13.137448416390045,507599.69623584294,0.1563626907395244
T5-E006,cold,cold_no_support,val_cold,hagley art,7797000.0,15.70313670918981,6603673.936656916,0.1530493860899172
T5-E006,cold,cold_no_support,val_cold,hagley art,2663400.0,14.827968876533165,2752358.880064129,0.033400495631196556
T5-E006,cold,cold_no_support,val_cold,hagley art,7797000.0,15.70313670918981,6603673.936656916,0.1530493860899172
T5-E006,cold,cold_no_support,val_cold,hagley art,1667040.0,14.682002735292686,2378552.6616152627,0.42681199108315504
T5-E006,cold,cold_no_support,val_cold,hagley art,5202600.0,15.315346653357928,4480954.561051596,0.13870861472117865
T5-E006,cold,cold_no_support,val_cold,hagley art,1106760.0,14.130549238120656,1370312.3138265011,0.23812959794942096
T5-E006,cold,cold_no_support,val_cold,hagley art,2663400.0,14.827968876533165,2752358.880064129,0.033400495631196556
T5-E006,cold,cold_no_support,val_cold,hagley art,2049300.0,14.787826258774146,2644060.2278871797,0.29022604200809043
T5-E006,cold,cold_no_support,val_cold,hagley art,1667040.0,14.682002735292686,2378552.6616152627,0.42681199108315504
T5-E006,cold,cold_no_support,val_cold,hagley art,2663400.0,14.827968876533165,2752358.880064129,0.033400495631196556
T5-E006,cold,cold_no_support,val_cold,hagley art,2677200.0,14.984265970054485,3217985.0798420124,0.20199651869192156
T5-E006,cold,cold_no_support,val_cold,hagley art,1639440.0,14.531667984152563,2046554.0472191712,0.24832506661980383
T5-E006,cold,cold_no_support,val_cold,hagley art,1667040.0,14.682002735292686,2378552.6616152627,0.42681199108315504
T5-E006,cold,cold_no_support,val_cold,hagley art,3946800.0,15.178581556060152,3908176.895384614,0.009785929009675207
T5-E006,cold,cold_no_support,val_cold,hagley art,2021700.0,14.673540077689799,2358508.7169928285,0.16659678339656156
T5-E006,cold,cold_no_support,val_cold,hagley art,2021700.0,14.616842587687074,2228507.3904276453,0.10229380740349472
T5-E006,cold,cold_no_support,val_cold,hagley art,1352400.0,14.36428309765033,1731126.8237503439,0.28004053811767515
T5-E006,cold,cold_no_support,val_cold,hagley art,601680.0,13.620592985400108,822902.4850023598,0.36767465264319876
T5-E006,cold,cold_no_support,val_cold,hagley art,601680.0,13.522347596527547,745900.5777626476,0.23969647946191938
T5-E006,cold,cold_no_support,val_cold,hagley art,12834000.0,16.03538716656961,9206194.830575505,0.2826714328677337
T5-E006,cold,cold_no_support,val_cold,hagley art,601680.0,13.620592985400108,822902.4850023598,0.36767465264319876
T5-E006,cold,cold_no_support,val_cold,hagley art,6458400.0,15.533489641485192,5573253.994892352,0.1370534505616945
T5-E006,cold,cold_no_support,val_cold,hagley art,12875400.0,16.066607163371156,9498145.84556873,0.2623028530710712
T5-E006,cold,cold_no_support,val_cold,hagley art,5202600.0,15.315346653357928,4480954.561051596,0.13870861472117865
T5-E006,cold,cold_no_support,val_cold,hagley art,601680.0,13.620592985400108,822902.4850023598,0.36767465264319876
T5-E006,cold,cold_no_support,val_cold,hagley art,601680.0,13.374046228078267,643094.029458577,0.06883065659250273
T5-E006,cold,cold_no_support,val_cold,hagley art,1380000.0,14.264132213919503,1566152.0008097999,0.1348927542099999
T5-E006,cold,cold_no_support,val_cold,hagley art,39026400.0,17.321159786574032,33303058.13347242,0.14665308269601038
T5-E006,cold,cold_no_support,val_cold,hagley art,3360300.0,15.318624436680414,4495666.256884553,0.3378764565320217
T5-E006,cold,cold_no_support,val_cold,hagley art,521640.0,15.25973031952719,4238543.7775588855,7.125419403341166
T5-E006,cold,cold_no_support,val_cold,hagley art,9384000.0,16.40898337562161,13376143.944123812,0.425420283900662
T5-E006,cold,cold_no_support,val_cold,hagley art,9384000.0,16.40898337562161,13376143.944123812,0.425420283900662
T5-E006,cold,cold_no_support,val_cold,gwanhee lee,1807800.0,15.31471802340756,4478138.584004769,1.477120579712783
T5-E006,cold,cold_no_support,val_cold,gwanhee lee,4236600.0,15.693433520351494,6539907.112504102,0.5436687703592745
T5-E006,cold,cold_no_support,val_cold,hagley art,2691000.0,15.178581556060152,3908176.895384614,0.4523139707858097
T5-E006,cold,cold_no_support,val_cold,hagley art,5771160.0,15.70313670918981,6603673.936656916,0.1442541770903797
T5-E006,cold,cold_no_support,val_cold,hagley art,11012400.0,16.254832074074862,11465259.109643161,0.04112265352177194
T5-E006,cold,cold_no_support,val_cold,gwanhee lee,317400.0,14.419408487292799,1829235.1512084934,4.763185731595757
T5-E006,cold,cold_no_support,val_cold,gwanhee lee,317400.0,14.419408487292799,1829235.1512084934,4.763185731595757
T5-E006,cold,cold_no_support,val_cold,gwanhee lee,317400.0,14.438720965541835,1864905.5485003162,4.875568835854809
T5-E006,cold,cold_no_support,val_cold,gwanhee lee,317400.0,14.438720965541835,1864905.5485003162,4.875568835854809
T5-E006,cold,cold_no_support,val_cold,gwanhee lee,4236600.0,15.703315380614388,6604853.929899025,0.5589987088464865
T5-E006,cold,cold_no_support,val_cold,gwanhee lee,4471200.0,15.71840520051029,6705275.754242237,0.4996590969409189
T5-E006,cold,cold_no_support,val_cold,동훈 이,3201600.0,16.492186460045545,14536691.508320594,3.540445873413479
T5-E006,cold,cold_no_support,val_cold,동훈 이,4788600.0,15.595859600492386,5931926.551928098,0.23876008685797484
T5-E006,cold,cold_no_support,val_cold,동훈 이,3243000.0,15.320746262447436,4505215.404619562,0.38921227401158265
T5-E006,cold,cold_no_support,val_cold,동훈 이,3933000.0,15.320746262447436,4505215.404619562,0.1454908224306032
T5-E006,cold,cold_no_support,val_cold,동훈 이,4623000.0,15.595859600492386,5931926.551928098,0.2831335825066187
T5-E006,cold,cold_no_support,val_cold,동훈 이,2911800.0,15.332646721942623,4559149.823725575,0.5657496475463887
T5-E006,cold,cold_no_support,val_cold,동훈 이,3049800.0,15.3563705248733,4668603.38959262,0.5307900156051608
T5-E006,cold,cold_no_support,val_cold,동훈 이,1269600.0,14.464259848251654,1913146.5410858216,0.506889210054995
T5-E006,cold,cold_no_support,val_cold,동훈 이,1269600.0,14.418703943420981,1827946.8286857568,0.4397816861103944
T5-E006,cold,cold_no_support,val_cold,동훈 이,2014800.0,14.902910335418898,2966550.344121652,0.4723795632924619
T5-E006,cold,cold_no_support,val_cold,동훈 이,2884200.0,15.191238506184769,3957956.862151878,0.372289321875001
T5-E006,cold,cold_no_support,val_cold,동훈 이,2884200.0,15.191238506184769,3957956.862151878,0.372289321875001
T5-E006,cold,cold_no_support,val_cold,동훈 이,1863000.0,14.866559738543941,2860650.883492342,0.5355077206078058
T5-E006,cold,cold_no_support,val_cold,동훈 이,1876800.0,14.972864036092894,3181502.2093549767,0.6951738114636491
T5-E006,cold,cold_no_support,val_cold,동훈 이,1876800.0,14.902910335418898,2966550.344121652,0.5806427664757311
T5-E006,cold,cold_no_support,val_cold,동훈 이,2911800.0,15.332646721942623,4559149.823725575,0.5657496475463887
T5-E006,cold,cold_no_support,val_cold,동훈 이,2898000.0,15.250778196685804,4200769.14683368,0.4495407684036162
T5-E006,cold,cold_no_support,val_cold,동훈 이,2111400.0,14.902910335418898,2966550.344121652,0.4050157924228721
T5-E006,cold,cold_no_support,val_cold,artist aeun,1352400.0,15.121181153032724,3690162.869183346,1.728603127168993
T5-E006,cold,cold_no_support,val_cold,artist aeun,1352400.0,15.121181153032724,3690162.869183346,1.728603127168993
T5-E006,cold,cold_no_support,val_cold,동훈 이,1559400.0,15.534368798280317,5578155.913474708,2.577116784323912
T5-E006,cold,cold_no_support,val_cold,동훈 이,1366200.0,15.180107801335412,3914146.2861245098,1.8649877661575975
T5-E006,cold,cold_no_support,val_cold,동훈 이,1559400.0,15.523440839637361,5517529.918859124,2.5382390142741595
T5-E006,cold,cold_no_support,val_cold,jang kyungki,6789600.0,15.700529375234485,6586478.380392394,0.02991658118410598
T5-E006,cold,cold_no_support,val_cold,jang kyungki,7355400.0,15.700522780958003,6586434.94747612,0.10454428753349651
T5-E006,cold,cold_no_support,val_cold,moonsun kim,2401200.0,14.906039778852195,2975848.5371116833,0.23931723184727774
T5-E006,cold,cold_no_support,val_cold,moonsun kim,786600.0,13.174612037258026,526818.853670052,0.3302582587464378
T5-E006,cold,cold_no_support,val_cold,moonsun kim,1297200.0,14.509199273238918,2001083.362742189,0.5426174550895692
T5-E006,cold,cold_no_support,val_cold,artist aeun,317400.0,13.199119387647928,539889.2946674285,0.7009744633504362
T5-E006,cold,cold_no_support,val_cold,artist aeun,248400.0,13.199119387647928,539889.2946674285,1.1734673698366687
T5-E006,cold,cold_no_support,val_cold,jang kyungki,5685600.0,15.794194154259431,7233214.884251741,0.2721990439446568
T5-E006,cold,cold_no_support,val_cold,jang kyungki,5685600.0,15.793697606739535,7229624.14090122,0.2715674934749578
T5-E006,cold,cold_no_support,val_cold,jang kyungki,5685600.0,15.793697606739535,7229624.14090122,0.2715674934749578
T5-E006,cold,cold_no_support,val_cold,jang kyungki,2898000.0,15.129179987668211,3719798.237949933,0.28357427120425566
T5-E006,cold,cold_no_support,val_cold,jang kyungki,2898000.0,15.126962052845842,3711557.1104259896,0.2807305418999274
T5-E006,cold,cold_no_support,val_cold,jang kyungki,5685600.0,15.698384695497277,6572367.630598696,0.1559672911563768
T5-E006,cold,cold_no_support,val_cold,jang kyungki,5685600.0,15.698384695497277,6572367.630598696,0.1559672911563768
T5-E006,cold,cold_no_support,val_cold,jang kyungki,2898000.0,15.129179987668211,3719798.237949933,0.28357427120425566
T5-E006,cold,cold_no_support,val_cold,jang kyungki,1490400.0,14.450826891267313,1887619.1638297045,0.26651849424966756
T5-E006,cold,cold_no_support,val_cold,jang kyungki,1490400.0,14.450826891267313,1887619.1638297045,0.26651849424966756
T5-E006,cold,cold_no_support,val_cold,jang kyungki,1490400.0,14.450826891267313,1887619.1638297045,0.26651849424966756
T5-E006,cold,cold_no_support,val_cold,jang kyungki,1490400.0,14.450826891267313,1887619.1638297045,0.26651849424966756
T5-E006,cold,cold_no_support,val_cold,jang kyungki,2221800.0,15.275627124681117,4306461.489165678,0.9382759425536401
T5-E006,cold,cold_no_support,val_cold,jang kyungki,27931200.0,16.959459368509606,23195280.01965423,0.16955662414596476
T5-E006,cold,cold_no_support,val_cold,jang kyungki,5685600.0,15.700522780958003,6586434.94747612,0.1584414920986562
T5-E006,cold,cold_no_support,val_cold,jang kyungki,27931200.0,16.959459368509606,23195280.01965423,0.16955662414596476
T5-E006,cold,cold_no_support,val_cold,jang kyungki,27931200.0,16.959459368509606,23195280.01965423,0.16955662414596476
T5-E006,cold,cold_no_support,val_cold,jang kyungki,27931200.0,16.959459368509606,23195280.01965423,0.16955662414596476
T5-E006,cold,cold_no_support,val_cold,jang kyungki,27931200.0,17.087563967143204,26365422.797710665,0.05605835776083145
T5-E006,cold,cold_no_support,val_cold,zinna yoo,1348260.0,14.516729564512511,2016208.9820106237,0.49541555932136505
T5-E006,cold,cold_no_support,val_cold,zinna yoo,1814700.0,15.004068842818253,3282345.587148207,0.8087538365284658
T5-E006,cold,cold_no_support,val_cold,zinna yoo,6779940.0,15.553681276529353,5686930.904736995,0.1612122076689477
T5-E006,cold,cold_no_support,val_cold,zinna yoo,10654980.0,15.814012700783831,7377996.633014116,0.30755415467564307
T5-E006,cold,cold_no_support,val_cold,zinna yoo,2899380.0,15.24386247409201,4171818.0171121517,0.43886555646798686
T5-E006,cold,cold_no_support,val_cold,zinna yoo,1807800.0,14.660738403247171,2328508.2937652697,0.28803423706453685
T5-E006,cold,cold_no_support,val_cold,zinna yoo,1440720.0,14.514286777660566,2011289.8238921168,0.396031028855098
T5-E006,cold,cold_no_support,val_cold,lee toll,2898000.0,14.843286313198975,2794842.502351896,0.03559609994758595
T5-E006,cold,cold_no_support,val_cold,lee toll,2842800.0,14.987339576073994,3227891.113978612,0.13546190867405788
T5-E006,cold,cold_no_support,val_cold,zinna yoo,6917940.0,15.62749653734527,6122594.712971698,0.11496851476426544
T5-E006,cold,cold_no_support,val_cold,gwanhee lee,1807800.0,15.315134103033275,4480002.233917196,1.4781514735685344
T5-E006,cold,cold_no_support,val_cold,gwanhee lee,1807800.0,15.315134103033275,4480002.233917196,1.4781514735685344
T5-E006,cold,cold_no_support,val_cold,gwanhee lee,1311000.0,14.791115503519991,2652771.5080116075,1.023471783380326
T5-E006,cold,cold_no_support,val_cold,gwanhee lee,1807800.0,15.315134103033275,4480002.233917196,1.4781514735685344
T5-E006,cold,cold_no_support,val_cold,zinna yoo,4173120.0,15.314705248266307,4478081.375517235,0.07307754761838507
T5-E006,cold,cold_no_support,val_cold,zinna yoo,4202100.0,15.314705248266307,4478081.375517235,0.06567701280722381
T5-E006,cold,cold_no_support,val_cold,zinna yoo,2119680.0,14.806728712342649,2694514.8089775587,0.2711894290541774
T5-E006,cold,cold_no_support,val_cold,zinna yoo,2757240.0,14.846345087127112,2803404.381482188,0.01674296814284869
T5-E006,cold,cold_no_support,val_cold,ransoo kim,1469700.0,14.417937211050832,1826545.8198493402,0.24280180979066493
T5-E006,cold,cold_no_support,val_cold,zinna yoo,4145520.0,15.197006112600343,3980850.757567337,0.03972221637639264
T5-E006,cold,cold_no_support,val_cold,gwanhee lee,4250400.0,15.718703244050841,6707274.516212657,0.5780337182883157
T5-E006,cold,cold_no_support,val_cold,lee toll,1449000.0,14.489886794989882,1962808.2669227405,0.3545950772413668
T5-E006,cold,cold_no_support,val_cold,lee toll,1449000.0,14.489886794989882,1962808.2669227405,0.3545950772413668
T5-E006,cold,cold_no_support,val_cold,sangjune won,4084800.0,15.089738807435626,3575940.610857627,0.12457388100821903
T5-E006,cold,cold_no_support,val_cold,sangjune won,3974400.0,15.16675545592434,3862230.62217497,0.028222971473689143
T5-E006,cold,cold_no_support,val_cold,sangjune won,8901000.0,15.805995618339145,7319083.098610297,0.17772350313332244
T5-E006,cold,cold_no_support,val_cold,sangjune won,3788100.0,14.600640379165366,2192691.5801112573,0.42116322691817604
T5-E006,cold,cold_no_support,val_cold,zinna yoo,6917940.0,15.720770779765822,6721156.391516519,0.028445405494046092
T5-E006,cold,cold_no_support,val_cold,eunju park,3256800.0,15.647328139153135,6245227.557028485,0.9175962776432343
T5-E006,cold,cold_no_support,val_cold,eunju park,1559400.0,14.590364253795203,2170274.5837354134,0.39173693967898765
T5-E006,cold,cold_no_support,val_cold,eunju park,2332200.0,15.5826136133319,5853870.435425114,1.5100207681267104
T5-E006,cold,cold_no_support,val_cold,eunju park,3215400.0,15.642052683342508,6212367.886103233,0.9320668924871659
T5-E006,cold,cold_no_support,val_cold,eunju park,1766400.0,14.628342292773583,2254282.4871583083,0.27620158919741183
T5-E006,cold,cold_no_support,val_cold,eunju park,1780200.0,15.180099193055234,3914112.5922016464,1.1986926144262704
T5-E006,cold,cold_no_support,val_cold,eunju park,1766400.0,15.29094921280559,4372953.569527746,1.475630417531559
T5-E006,cold,cold_no_support,val_cold,momo kim,110400.0,13.285704737546773,588719.2758432266,4.3326021362611105
T5-E006,cold,cold_no_support,val_cold,momo kim,175260.0,13.90433323624947,1092886.846573777,5.235803072998842
T5-E006,cold,cold_no_support,val_cold,momo kim,193200.0,13.835835963576077,1020533.3732877828,4.282263836893286
T5-E006,cold,cold_no_support,val_cold,jung kwangmin,5520000.0,15.76817732254763,7047456.450652544,0.27671312511821455
T5-E006,cold,cold_no_support,val_cold,lee eun,18630000.0,16.353742133183886,12657267.741533326,0.3205975447378784
T5-E006,cold,cold_no_support,val_cold,momo kim,220800.0,13.887023432316823,1074131.979366083,3.864728167418854
T5-E006,cold,cold_no_support,val_cold,jihyung song,2240000.0,13.651054664802594,848355.174383665,0.6212700114358638
T5-E006,cold,cold_no_support,val_cold,jihyung song,800000.0,14.445666469931174,1877903.3440450018,1.3473791800562522
T5-E006,cold,cold_no_support,val_cold,jihyung song,480000.0,12.860381121086222,384762.33889376523,0.19841179397132244
T5-E006,cold,cold_no_support,val_cold,jihyung song,720000.0,13.216642503879367,549433.2129129601,0.23689831539866654
T5-E006,cold,cold_no_support,val_cold,jihyung song,1280000.0,15.434733563701117,5049165.619307762,2.944660640084189
T5-E006,cold,cold_no_support,val_cold,jihyung song,800000.0,12.928779535668918,412000.37382311834,0.4849995327211021
T5-E006,cold,cold_no_support,val_cold,jihyung song,1000000.0,12.79635947906218,360901.18679680786,0.6390988132031921
T5-E006,cold,cold_no_support,val_cold,nam jong hyun,850000.0,13.093940075871188,485988.4202103954,0.4282489173995348
T5-E006,cold,cold_no_support,val_cold,nam jong hyun,850000.0,13.093940075871188,485988.4202103954,0.4282489173995348
T5-E006,cold,cold_no_support,val_cold,nam jong hyun,3800000.0,14.657572932627895,2321149.122939163,0.3891712834370624
T5-E006,cold,cold_no_support,val_cold,nam jong hyun,2500000.0,14.525139533432986,2033236.737974862,0.18670530481005515
T5-E006,cold,cold_no_support,val_cold,joo minseok,41400.0,13.858229468978877,1043644.496644365,24.208804266772102
T5-E006,cold,cold_no_support,val_cold,nam jong hyun,850000.0,13.093940075871188,485988.4202103954,0.4282489173995348
T5-E006,cold,cold_no_support,val_cold,nam jong hyun,4800000.0,15.391312833313153,4834618.7580862455,0.007212241267967814
T5-E006,cold,cold_no_support,val_cold,nam jong hyun,4000000.0,15.232518818876182,4124761.7515222593,0.03119043788056483
T5-E006,cold,cold_no_support,val_cold,nam jong hyun,850000.0,13.093940075871188,485988.4202103954,0.4282489173995348
T5-E006,cold,cold_no_support,val_cold,nam jong hyun,3800000.0,14.657572932627895,2321149.122939163,0.3891712834370624
T5-E006,cold,cold_no_support,val_cold,nam jong hyun,4800000.0,15.391312833313153,4834618.7580862455,0.007212241267967814
T5-E006,cold,cold_no_support,val_cold,nam jong hyun,4800000.0,15.391312833313153,4834618.7580862455,0.007212241267967814
T5-E006,cold,cold_no_support,val_cold,nam jong hyun,850000.0,13.093940075871188,485988.4202103954,0.4282489173995348
T5-E006,cold,cold_no_support,val_cold,nam jong hyun,850000.0,13.093940075871188,485988.4202103954,0.4282489173995348
T5-E006,cold,cold_no_support,val_cold,joo minseok,27600.0,13.435959040546095,684168.1779278379,23.788702098834708
T5-E006,cold,cold_no_support,val_cold,nam jong hyun,850000.0,13.093940075871188,485988.4202103954,0.4282489173995348
T5-E006,cold,cold_no_support,val_cold,nam jong hyun,950000.0,13.04549475658627,463005.7521245182,0.5126255240794545
T5-E006,cold,cold_no_support,val_cold,nam jong hyun,3800000.0,14.657572932627895,2321149.122939163,0.3891712834370624
T5-E006,cold,cold_no_support,val_cold,nam jong hyun,5200000.0,15.467932382272691,5219605.499908269,0.0037702884438979584
T5-E006,cold,cold_no_support,val_cold,nam jong hyun,950000.0,13.04549475658627,463005.7521245182,0.5126255240794545
T5-E006,cold,cold_no_support,val_cold,nam jong hyun,4800000.0,15.391312833313153,4834618.7580862455,0.007212241267967814
T5-E006,cold,cold_no_support,val_cold,nam jong hyun,8000000.0,15.81189971975694,7362423.524747335,0.07969705940658309
T5-E006,cold,cold_no_support,val_cold,nam jong hyun,3800000.0,14.657572932627895,2321149.122939163,0.3891712834370624
T5-E006,cold,cold_no_support,val_cold,nam jong hyun,850000.0,13.093940075871188,485988.4202103954,0.4282489173995348
T5-E006,cold,cold_no_support,val_cold,nam jong hyun,850000.0,13.420004772128573,673339.387582877,0.20783601460838005
T5-E006,cold,cold_no_support,val_cold,nam jong hyun,850000.0,13.093940075871188,485988.4202103954,0.4282489173995348
T5-E006,cold,cold_no_support,val_cold,nam jong hyun,850000.0,13.093940075871188,485988.4202103954,0.4282489173995348
T5-E006,cold,cold_no_support,val_cold,nam jong hyun,3800000.0,14.657572932627895,2321149.122939163,0.3891712834370624
T5-E006,cold,cold_no_support,val_cold,nam jong hyun,3800000.0,14.657572932627895,2321149.122939163,0.3891712834370624
T5-E006,cold,cold_no_support,val_cold,nam jong hyun,5200000.0,15.477290869233599,5268682.394474946,0.013208152783643455
T5-E006,cold,cold_no_support,val_cold,nam jong hyun,3800000.0,14.657572932627895,2321149.122939163,0.3891712834370624
T5-E006,cold,cold_no_support,val_cold,nam jong hyun,4800000.0,15.391312833313153,4834618.7580862455,0.007212241267967814
T5-E006,cold,cold_no_support,val_cold,nam jong hyun,850000.0,13.093940075871188,485988.4202103954,0.4282489173995348
T5-E006,cold,cold_no_support,val_cold,nam jong hyun,4800000.0,15.391312833313153,4834618.7580862455,0.007212241267967814
T5-E006,cold,cold_no_support,val_cold,nam jong hyun,3800000.0,14.657572932627895,2321149.122939163,0.3891712834370624
T5-E006,cold,cold_no_support,val_cold,yun hyong keun,8418000.0,15.73457550188761,6814583.4715800285,0.19047475985031734
T5-E006,cold,cold_no_support,val_cold,ava an,483000.0,14.747227751136233,2538865.15843179,4.256449603378447
T5-E006,cold,cold_no_support,val_cold,ava an,483000.0,14.747227751136233,2538865.15843179,4.256449603378447
T5-E006,cold,cold_no_support,val_cold,ava an,483000.0,14.747227751136233,2538865.15843179,4.256449603378447
T5-E006,cold,cold_no_support,val_cold,miro kim,1145400.0,15.245365853944207,4178094.561098836,2.647716571589694
T5-E006,cold,cold_no_support,val_cold,miro kim,1145400.0,15.245365853944207,4178094.561098836,2.647716571589694
T5-E006,cold,cold_no_support,val_cold,yun hyong keun,6732000.0,14.942904405850383,3087599.252160359,0.5413548347949556
T5-E006,cold,cold_no_support,val_cold,kim ji hoon,1794000.0,14.509199273238918,2001083.362742189,0.11543108291091922
T5-E006,cold,cold_no_support,val_cold,kim ji hoon,3588000.0,15.015172611239958,3318995.0896687442,0.07497349786266883
T5-E006,cold,cold_no_support,val_cold,kim ji hoon,1794000.0,14.509199273238918,2001083.362742189,0.11543108291091922
T5-E006,cold,cold_no_support,val_cold,kim ji hoon,1794000.0,14.509199273238918,2001083.362742189,0.11543108291091922
T5-E006,cold,cold_no_support,val_cold,kim ji hoon,3588000.0,15.015172611239958,3318995.0896687442,0.07497349786266883
T5-E006,cold,cold_no_support,val_cold,kim ji hoon,1794000.0,14.509199273238918,2001083.362742189,0.11543108291091922
T5-E006,cold,cold_no_support,val_cold,kim ji hoon,3588000.0,15.015172611239958,3318995.0896687442,0.07497349786266883
T5-E006,cold,cold_no_support,val_cold,kim ji hoon,5244000.0,15.34101052094896,4597441.545404283,0.12329489980848907
T5-E006,cold,cold_no_support,val_cold,kim ji hoon,5244000.0,15.34101052094896,4597441.545404283,0.12329489980848907
T5-E006,cold,cold_no_support,val_cold,jung kwangmin,11040000.0,16.47564964714018,14298277.696039831,0.29513384927897024
T5-E006,cold,cold_no_support,val_cold,hijo nam,8280000.0,14.745706937976847,2535006.9534370317,0.6938397399230637
T5-E006,cold,cold_no_support,val_cold,hijo nam,13662000.0,15.122612018267597,3695446.7743204515,0.7295090927887241
T5-E006,cold,cold_no_support,val_cold,yoonjung lee 이윤정,883200.0,13.624206445011994,825881.3887292716,0.06489878993515444
T5-E006,cold,cold_no_support,val_cold,jung kwangmin,11040000.0,16.47564964714018,14298277.696039831,0.29513384927897024
T5-E006,cold,cold_no_support,val_cold,jeong zik seong,13662000.0,15.130644646272854,3725250.464297112,0.7273275900821906
T5-E006,cold,cold_no_support,val_cold,sung won kwon,1380000.0,14.309477244470955,1638803.9655994256,0.18753910550683014
T5-E006,cold,cold_no_support,val_cold,jung kwangmin,11040000.0,16.47564964714018,14298277.696039831,0.29513384927897024
T5-E006,cold,cold_no_support,val_cold,lee sang sun,828000.0,12.989722228736579,437889.65514942433,0.47114775948137155
T5-E006,cold,cold_no_support,val_cold,kim ji hoon,6210000.0,15.219417386964466,4071073.9279116774,0.3444325397887798
T5-E006,cold,cold_no_support,val_cold,momo kim,4140000.0,15.88586532695767,7927635.098142068,0.9148877048652337
T5-E006,cold,cold_no_support,val_cold,jung kwangmin,27600000.0,17.454797012343466,38064666.156987935,0.37915457090536
T5-E006,cold,cold_no_support,val_cold,yoonjung lee 이윤정,1324800.0,14.168612870981786,1423476.7761877412,0.07448428154267904
T5-E006,cold,cold_no_support,val_cold,yoonjung lee 이윤정,1766400.0,14.294152436757585,1613881.0670203264,0.08634450463070291
T5-E006,cold,cold_no_support,val_cold,yoonjung lee 이윤정,883200.0,13.454982592986601,697308.0746256013,0.21047545898369419
T5-E006,cold,cold_no_support,val_cold,lee sang sun,2070000.0,14.081334845061122,1304505.8200426048,0.3698039516702392
T5-E006,cold,cold_no_support,val_cold,jung sane,7130460.0,16.955727541038524,23108880.550703723,2.2408681278211677
T5-E006,cold,cold_no_support,val_cold,jung kwangmin,11040000.0,16.47564964714018,14298277.696039831,0.29513384927897024
T5-E006,cold,cold_no_support,val_cold,seo sook yang,59340000.0,16.649761113550806,17017641.743543684,0.7132180360036453
T5-E006,cold,cold_no_support,val_cold,lee sang sun,828000.0,12.989722228736579,437889.65514942433,0.47114775948137155
T5-E006,cold,cold_no_support,val_cold,yoonjung lee 이윤정,607200.0,13.176693913972322,527916.7680387899,0.13057185764362672
T5-E006,cold,cold_no_support,val_cold,kim ji hoon,5520000.0,15.254042312350531,4214503.346022927,0.23650301702483204
T5-E006,cold,cold_no_support,val_cold,jeong zik seong,13662000.0,15.130644646272854,3725250.464297112,0.7273275900821906
T5-E006,cold,cold_no_support,val_cold,yoonjung lee 이윤정,1987200.0,14.17144447396156,1427513.2093599325,0.2816459292673448
T5-E006,cold,cold_no_support,val_cold,jung kwangmin,11040000.0,16.47564964714018,14298277.696039831,0.29513384927897024
T5-E006,cold,cold_no_support,val_cold,gum ran choe,28538400.0,16.279741596436903,11754439.96377056,0.5881184662149749
T5-E006,cold,cold_no_support,val_cold,gum ran choe,14283000.0,15.62944093384611,6134511.045991463,0.5705026222788306
T5-E006,cold,cold_no_support,val_cold,kim ji hoon,2622000.0,14.09522807115766,1322756.0984091258,0.4955163621628048
T5-E006,cold,cold_no_support,val_cold,kim ji hoon,13800000.0,16.056681937298357,9404340.888541808,0.3185260225694342
T5-E006,cold,cold_no_support,val_cold,park hyung jin b 1974,19320000.0,16.193944685601178,10787997.00481384,0.44161506186263766
T5-E006,cold,cold_no_support,val_cold,park hyung jin b 1974,16560000.0,16.060630532686798,9441548.235642323,0.4298581983307776
T5-E006,cold,cold_no_support,val_cold,kim ji hoon,8280000.0,15.219417386964466,4071073.9279116774,0.5083244048415848
T5-E006,cold,cold_no_support,val_cold,kim ji hoon,6900000.0,15.33063423190071,4549983.8064585915,0.34058205703498673
T5-E006,cold,cold_no_support,val_cold,momo kim,4140000.0,15.88586532695767,7927635.098142068,0.9148877048652337
T5-E006,cold,cold_no_support,val_cold,jeah hyuck,15180000.0,16.994151776423355,24014101.455775525,0.5819566176400215
T5-E006,cold,cold_no_support,val_cold,doezny,6486000.0,15.835885594981004,7541152.6147655845,0.16268156256021962
T5-E006,cold,cold_no_support,val_cold,yoonjung lee 이윤정,5078400.0,15.678671100667268,6444071.383085353,0.2689176478980296
T5-E006,cold,cold_no_support,val_cold,kim ji hoon,9660000.0,15.321067373550605,4506662.311604669,0.5334718103928914
T5-E006,cold,cold_no_support,val_cold,jeah hyuck,15180000.0,16.994151776423355,24014101.455775525,0.5819566176400215
T5-E006,cold,cold_no_support,val_cold,yoonjung lee 이윤정,386400.0,12.6726912544602,318918.62477009994,0.17464124024301259
T5-E006,cold,cold_no_support,val_cold,lee sang sun,12420000.0,15.339972164463779,4592670.239747156,0.6302197874599713
T5-E006,cold,cold_no_support,val_cold,jeah hyuck,8280000.0,16.994151776423355,24014101.455775525,1.9002537990067059
T5-E006,cold,cold_no_support,val_cold,dongyoon kang 강동윤,41400000.0,16.461960359324717,14103878.089286663,0.6593266162008052
T5-E006,cold,cold_no_support,val_cold,lee sang sun,5520000.0,14.846888924159773,2804929.391243166,0.491860617528412
T5-E006,cold,cold_no_support,val_cold,lee sang sun,13800000.0,15.705079779768033,6616517.81543186,0.5205421872875463
T5-E006,cold,cold_no_support,val_cold,kim ji hoon,20700000.0,16.280184886096407,11759651.740537792,0.4319008820996236
T5-E006,cold,cold_no_support,val_cold,kim ji hoon,2277000.0,14.525646436418004,2034267.6530114699,0.10660182125100137
T5-E006,cold,cold_no_support,val_cold,lee sang sun,13800000.0,15.705079779768033,6616517.81543186,0.5205421872875463
T5-E006,cold,cold_no_support,val_cold,kim ji hoon,2622000.0,14.09522807115766,1322756.0984091258,0.4955163621628048
T5-E006,cold,cold_no_support,val_cold,lee sang sun,5520000.0,14.995860132990922,3255512.0497081964,0.4102333243282253
T5-E006,cold,cold_no_support,val_cold,jung kwangmin,12420000.0,16.47564964714018,14298277.696039831,0.15123008824797354
T5-E006,cold,cold_no_support,val_cold,lee sang sun,2760000.0,14.506510516822857,1995710.163860115,0.2769166072970598
T5-E006,cold,cold_no_support,val_cold,yoonjung lee 이윤정,4636800.0,15.391312833313153,4834618.7580862455,0.04266277563971824
T5-E006,cold,cold_no_support,val_cold,sung won kwon,4140000.0,14.953459172954014,3120360.7339376444,0.24628967779283953
T5-E006,cold,cold_no_support,val_cold,yoonjung lee 이윤정,1324800.0,13.604893966762958,810084.6009104003,0.38852309713888866
T5-E006,cold,cold_no_support,val_cold,lee sang sun,27600000.0,16.065951263629753,9491918.056790603,0.6560899254786012
T5-E006,cold,cold_no_support,val_cold,sung won kwon,6210000.0,15.321698042699923,4509505.420927428,0.2738316552451807
T5-E006,cold,cold_no_support,val_cold,lee sang sun,13800000.0,15.64145029155777,6208626.733657762,0.5500995120537854
T5-E006,cold,cold_no_support,val_cold,doezny,3450000.0,15.193720365095439,3967792.1525112926,0.15008468188733118
T5-E006,cold,cold_no_support,val_cold,sung won kwon,20700000.0,16.256170741678023,11480617.558210282,0.4453807942893584
T5-E006,cold,cold_no_support,val_cold,kim ji hoon,8280000.0,15.33063423190071,4549983.8064585915,0.45048504752915564
T5-E006,cold,cold_no_support,val_cold,yoonjung lee 이윤정,883200.0,13.919199660821313,1109255.5369241084,0.2559505626405213
T5-E006,cold,cold_no_support,val_cold,jung kwangmin,12420000.0,16.26920498600529,11631238.21327629,0.06350739023540343
T5-E006,cold,cold_no_support,val_cold,sung won kwon,6210000.0,15.321698042699923,4509505.420927428,0.2738316552451807
T5-E006,cold,cold_no_support,val_cold,kim ji hoon,11040000.0,15.321067373550605,4506662.311604669,0.59178783409378
T5-E006,cold,cold_no_support,val_cold,lee sang sun,8280000.0,15.321698042699923,4509505.420927428,0.45537374143388554
T5-E006,cold,cold_no_support,val_cold,sung won kwon,41400000.0,16.874908861021648,21314728.296020605,0.4851514904342849
T5-E006,cold,cold_no_support,val_cold,sung won kwon,6210000.0,15.321698042699923,4509505.420927428,0.2738316552451807
T5-E006,cold,cold_no_support,val_cold,sung won kwon,4140000.0,14.953459172954014,3120360.7339376444,0.24628967779283953
T5-E006,cold,cold_no_support,val_cold,lee sang sun,5520000.0,14.995860132990922,3255512.0497081964,0.4102333243282253
T5-E006,cold,cold_no_support,val_cold,lee sang sun,16560000.0,15.64145029155777,6208626.733657762,0.6250829267114878
T5-E006,cold,cold_no_support,val_cold,jeah hyuck,4140000.0,16.994151776423355,24014101.455775525,4.800507598013412
T5-E006,cold,cold_no_support,val_cold,siyoung yang,16560000.0,16.48259531799079,14397934.517748365,0.13055950979780404
T5-E006,cold,cold_no_support,val_cold,yoonjung lee 이윤정,717600.0,13.243851449647547,564587.9486546828,0.2132274963006092
T5-E006,cold,cold_no_support,val_cold,kim ji hoon,10350000.0,15.660762769806807,6329696.013394647,0.3884351677879568
T5-E006,cold,cold_no_support,val_cold,dongyoon kang 강동윤,33120000.0,16.24528739986361,11356347.536263317,0.6571151106200689
T5-E006,cold,cold_no_support,val_cold,kim ji hoon,10350000.0,15.660762769806807,6329696.013394647,0.3884351677879568
T5-E006,cold,cold_no_support,val_cold,jung kwangmin,12420000.0,16.47564964714018,14298277.696039831,0.15123008824797354
T5-E006,cold,cold_no_support,val_cold,kim ji hoon,6900000.0,15.43154716222945,5033102.555823163,0.2705648469821503
T5-E006,cold,cold_no_support,val_cold,jeah hyuck,3450000.0,15.219374662433504,4070899.996903183,0.1799710135951255
T5-E006,cold,cold_no_support,val_cold,kim ji hoon,20700000.0,16.27441555837239,11692001.79073652,0.4351689956165932
T5-E006,cold,cold_no_support,val_cold,kim ji hoon,6900000.0,15.43154716222945,5033102.555823163,0.2705648469821503
T5-E006,cold,cold_no_support,val_cold,jeah hyuck,3450000.0,15.219374662433504,4070899.996903183,0.1799710135951255
T5-E006,cold,cold_no_support,val_cold,park hyung jin b 1974,17940000.0,16.07403923170337,9568999.68366772,0.46661094293936906
T5-E006,cold,cold_no_support,val_cold,jung kwangmin,11730000.0,16.47564964714018,14298277.696039831,0.21894950520373668
T5-E006,cold,cold_no_support,val_cold,jung kwangmin,12420000.0,16.47564964714018,14298277.696039831,0.15123008824797354
T5-E006,cold,cold_no_support,val_cold,lee sang sun,2760000.0,14.506510516822857,1995710.163860115,0.2769166072970598
T5-E006,cold,cold_no_support,val_cold,jung kwangmin,12420000.0,16.47564964714018,14298277.696039831,0.15123008824797354
T5-E006,cold,cold_no_support,val_cold,yoonjung lee 이윤정,5078400.0,15.646640026397836,6240931.614502686,0.2289169058173216
T5-E006,cold,cold_no_support,val_cold,sung won kwon,4140000.0,14.953459172954014,3120360.7339376444,0.24628967779283953
T5-E006,cold,cold_no_support,val_cold,gum ran choe,28538400.0,16.27548321992706,11704491.557781264,0.5898686836759852
T5-E006,cold,cold_no_support,val_cold,dongyoon kang 강동윤,5520000.0,15.12378690689876,3699791.064251366,0.3297479956066366
T5-E006,cold,cold_no_support,val_cold,jeah hyuck,1656000.0,14.69829043867571,2417611.0440453403,0.4599100507520171
T5-E006,cold,cold_no_support,val_cold,sung won kwon,4140000.0,14.953459172954014,3120360.7339376444,0.24628967779283953
T5-E006,cold,cold_no_support,val_cold,seo sook yang,59340000.0,16.37852466188719,12974866.032142382,0.7813470503514933
T5-E006,cold,cold_no_support,val_cold,kim ji hoon,8694000.0,15.716951492177968,6695535.320597896,0.22986711288268963
T5-E006,cold,cold_no_support,val_cold,lee sang sun,5520000.0,14.814943014402234,2716739.522811711,0.507837042968893
T5-E006,cold,cold_no_support,val_cold,dongyoon kang 강동윤,3312000.0,14.622349029954549,2240812.3849952365,0.3234262122598924
T5-E006,cold,cold_no_support,val_cold,kim ji hoon,8280000.0,15.219417386964466,4071073.9279116774,0.5083244048415848
T5-E006,cold,cold_no_support,val_cold,jeah hyuck,1656000.0,14.69829043867571,2417611.0440453403,0.4599100507520171
T5-E006,cold,cold_no_support,val_cold,siyoung yang,1656000.0,14.715643934373812,2459931.1860670447,0.48546569206947143
T5-E006,cold,cold_no_support,val_cold,jeah hyuck,1656000.0,14.69829043867571,2417611.0440453403,0.4599100507520171
T5-E006,cold,cold_no_support,val_cold,jung kwangmin,4830000.0,15.649142369984645,6256568.125506171,0.29535571956649503
T5-E006,cold,cold_no_support,val_cold,sung won kwon,6210000.0,15.321698042699923,4509505.420927428,0.2738316552451807
T5-E006,cold,cold_no_support,val_cold,sung won kwon,4140000.0,14.953459172954014,3120360.7339376444,0.24628967779283953
T5-E006,cold,cold_no_support,val_cold,siyoung yang,1656000.0,14.715643934373812,2459931.1860670447,0.48546569206947143
T5-E006,cold,cold_no_support,val_cold,yoonjung lee 이윤정,1048800.0,13.721311154574693,910101.2668684962,0.13224516888968707
T5-E006,cold,cold_no_support,val_cold,yoonjung lee 이윤정,5078400.0,15.646640026397836,6240931.614502686,0.2289169058173216
T5-E006,cold,cold_no_support,val_cold,jung kwangmin,17940000.0,16.77250281478712,19240015.614907242,0.07246463851210938
T5-E006,cold,cold_no_support,val_cold,namkyoung kim,6210000.0,16.51947837132145,14938889.008079156,1.4056181977583182
T5-E006,cold,cold_no_support,val_cold,jung kwangmin,12420000.0,16.47564964714018,14298277.696039831,0.15123008824797354
T5-E006,cold,cold_no_support,val_cold,kim ji hoon,5520000.0,14.722626185696331,2477167.1467251503,0.5512378357381974
T5-E006,cold,cold_no_support,val_cold,kim ji hoon,2622000.0,14.09522807115766,1322756.0984091258,0.4955163621628048
T5-E006,cold,cold_no_support,val_cold,lee sang sun,2760000.0,14.385039756177674,1767434.7440880009,0.3596250927217388
T5-E006,cold,cold_no_support,val_cold,geonwoo lee,4140000.0,15.197234686916671,3981760.781807773,0.03822203337976502
T5-E006,cold,cold_no_support,val_cold,sundoo kim,37674000.0,16.49195293176522,14533297.176102739,0.6142353565827164
T5-E006,cold,cold_no_support,val_cold,kim ji hoon,2622000.0,14.09522807115766,1322756.0984091258,0.4955163621628048
T5-E006,cold,cold_no_support,val_cold,jeah hyuck,5520000.0,16.994151776423355,24014101.455775525,3.350380698510059
T5-E006,cold,cold_no_support,val_cold,jeah hyuck,9660000.0,16.994151776423355,24014101.455775525,1.4859318277200337
T5-E006,cold,cold_no_support,val_cold,geonwoo lee,3105000.0,15.015328094676565,3319511.1785519663,0.06908572578163166
T5-E006,cold,cold_no_support,val_cold,jung kwangmin,11730000.0,16.47564964714018,14298277.696039831,0.21894950520373668
T5-E006,cold,cold_no_support,val_cold,da young kim,1104000.0,14.978722113076271,3200194.3908843193,1.8987268033372457
T5-E006,cold,cold_no_support,val_cold,yoonjung lee 이윤정,5078400.0,15.673101490595393,6408280.182244448,0.26186991616344674
T5-E006,cold,cold_no_support,val_cold,yoonjung lee 이윤정,5078400.0,15.697983578916304,6569731.873624069,0.29366175835382574
T5-E006,cold,cold_no_support,val_cold,kim ji hoon,20700000.0,16.280184886096407,11759651.740537792,0.4319008820996236
T5-E006,cold,cold_no_support,val_cold,kim ji hoon,2622000.0,14.09522807115766,1322756.0984091258,0.4955163621628048
T5-E006,cold,cold_no_support,val_cold,junho jung,1380000.0,15.935177483500167,8328363.0606046375,5.035045696090317
T5-E006,cold,cold_no_support,val_cold,park hyung jin b 1974,2208000.0,14.258523956552036,1557393.2010714712,0.2946588763263264
T5-E006,cold,cold_no_support,val_cold,jeah hyuck,11040000.0,16.994151776423355,24014101.455775525,1.1751903492550295
T5-E006,cold,cold_no_support,val_cold,dongyoon kang 강동윤,16560000.0,15.950294184054297,8455216.820597328,0.4894192741185188
T5-E006,cold,cold_no_support,val_cold,lee sang sun,20700000.0,15.992062971084758,8815860.361924589,0.5741130259939812
T5-E006,cold,cold_no_support,val_cold,sung won kwon,6210000.0,15.321698042699923,4509505.420927428,0.2738316552451807
T5-E006,cold,cold_no_support,val_cold,dongyoon kang 강동윤,3312000.0,14.622349029954549,2240812.3849952365,0.3234262122598924
T5-E006,cold,cold_no_support,val_cold,kim ji hoon,11040000.0,15.321067373550605,4506662.311604669,0.59178783409378
T5-E006,cold,cold_no_support,val_cold,junho jung,3312000.0,16.639109621209005,16837340.406651497,4.083738045486563
T5-E006,cold,cold_no_support,val_cold,siyoung yang,16560000.0,16.295437908774595,11940396.926177066,0.2789615382743318
T5-E006,cold,cold_no_support,val_cold,lee sang sun,2760000.0,14.299382394049056,1622343.7064061498,0.41219430927313416
T5-E006,cold,cold_no_support,val_cold,yoonjung lee 이윤정,883200.0,14.166995249551123,1421175.9910499072,0.6091213666778841
T5-E006,cold,cold_no_support,val_cold,da young kim,1104000.0,14.978722113076271,3200194.3908843193,1.8987268033372457
T5-E006,cold,cold_no_support,val_cold,jeah hyuck,3450000.0,14.788547280361028,2645967.339840325,0.23305294497381882
T5-E006,cold,cold_no_support,val_cold,kim ji hoon,8280000.0,15.33063423190071,4549983.8064585915,0.45048504752915564
T5-E006,cold,cold_no_support,val_cold,sung won kwon,4140000.0,14.953459172954014,3120360.7339376444,0.24628967779283953
T5-E006,cold,cold_no_support,val_cold,kim ji hoon,8280000.0,14.93867773557598,3074576.5289478265,0.628674332252678
T5-E006,cold,cold_no_support,val_cold,kim ji hoon,2277000.0,14.525646436418004,2034267.6530114699,0.10660182125100137
T5-E006,cold,cold_no_support,val_cold,doezny,6486000.0,15.835885594981004,7541152.6147655845,0.16268156256021962
T5-E006,cold,cold_no_support,val_cold,jeah hyuck,15180000.0,16.994151776423355,24014101.455775525,0.5819566176400215
T5-E006,cold,cold_no_support,val_cold,kim ji hoon,11040000.0,15.195298009766683,3974056.8590984014,0.6400310816034057
T5-E006,cold,cold_no_support,val_cold,kim ji hoon,8970000.0,15.321067373550605,4506662.311604669,0.49758502657695997
T5-E006,cold,cold_no_support,val_cold,lee sang sun,13800000.0,15.60884394900543,6009450.966468723,0.5645325386616867
T5-E006,cold,cold_no_support,val_cold,lee sang sun,3450000.0,14.676484331723424,2365462.998357981,0.3143585512005852
T5-E006,cold,cold_no_support,val_cold,jung kwangmin,11730000.0,16.47564964714018,14298277.696039831,0.21894950520373668
T5-E006,cold,cold_no_support,val_cold,kim ji hoon,8970000.0,15.321067373550605,4506662.311604669,0.49758502657695997
T5-E006,cold,cold_no_support,val_cold,jeah hyuck,1656000.0,14.69829043867571,2417611.0440453403,0.4599100507520171
T5-E006,cold,cold_no_support,val_cold,geonwoo lee,2070000.0,15.527512034685499,5540038.646964458,1.676347172446598
T5-E006,cold,cold_no_support,val_cold,kim ji hoon,5244000.0,15.33063423190071,4549983.8064585915,0.13234481188814046
T5-E006,cold,cold_no_support,val_cold,kim ji hoon,2277000.0,14.525646436418004,2034267.6530114699,0.10660182125100137
T5-E006,cold,cold_no_support,val_cold,dongyoon kang 강동윤,16560000.0,15.950294184054297,8455216.820597328,0.4894192741185188
T5-E006,cold,cold_no_support,val_cold,siyoung yang,1656000.0,14.723998287187664,2480568.4043631726,0.4979277804125438
T5-E006,cold,cold_no_support,val_cold,sung won kwon,6210000.0,15.321698042699923,4509505.420927428,0.2738316552451807
T5-E006,cold,cold_no_support,val_cold,jeah hyuck,15180000.0,16.994151776423355,24014101.455775525,0.5819566176400215
T5-E006,cold,cold_no_support,val_cold,gum ran choe,14283000.0,15.62944093384611,6134511.045991463,0.5705026222788306
T5-E006,cold,cold_no_support,val_cold,kim ji hoon,1794000.0,14.509199273238918,2001083.362742189,0.11543108291091922
T5-E006,cold,cold_no_support,val_cold,kim ji hoon,6900000.0,15.33063423190071,4549983.8064585915,0.34058205703498673
T5-E006,cold,cold_no_support,val_cold,kim ji hoon,2622000.0,14.09522807115766,1322756.0984091258,0.4955163621628048
T5-E006,cold,cold_no_support,val_cold,kim ji hoon,2622000.0,14.09522807115766,1322756.0984091258,0.4955163621628048
T5-E006,cold,cold_no_support,val_cold,park hyung jin b 1974,17250000.0,15.971275608298132,8634493.47483544,0.4994496536327281
T5-E006,cold,cold_no_support,val_cold,jung kwangmin,41400000.0,17.597150140105033,43887940.6610727,0.060095185050065246
T5-E006,cold,cold_no_support,val_cold,kim ji hoon,8280000.0,15.219417386964466,4071073.9279116774,0.5083244048415848
T5-E006,cold,cold_no_support,val_cold,geonwoo lee,10350000.0,15.923396153312861,8230819.589635542,0.20475173046999598
T5-E006,cold,cold_no_support,val_cold,jung kwangmin,11730000.0,16.47564964714018,14298277.696039831,0.21894950520373668
T5-E006,cold,cold_no_support,val_cold,siyoung yang,1656000.0,14.723998287187664,2480568.4043631726,0.4979277804125438
T5-E006,cold,cold_no_support,val_cold,miro kim,3036000.0,15.213096715457924,4045423.157379247,0.3324845709417809
T5-E006,cold,cold_no_support,val_cold,lee sang sun,27600000.0,16.14358488847285,10258168.658719214,0.6283272225101735
T5-E006,cold,cold_no_support,val_cold,kim ji hoon,2622000.0,14.09522807115766,1322756.0984091258,0.4955163621628048
T5-E006,cold,cold_no_support,val_cold,geonwoo lee,20700000.0,16.48086021950728,14372974.343842946,0.3056534133409205
T5-E006,cold,cold_no_support,val_cold,geonwoo lee,6210000.0,15.527512034685499,5540038.646964458,0.10788427585113401
T5-E006,cold,cold_no_support,val_cold,jeah hyuck,6900000.0,16.994151776423355,24014101.455775525,2.4803045588080472
T5-E006,cold,cold_no_support,val_cold,siyoung yang,8280000.0,15.71461433601862,6679905.081253064,0.19324817859262514
T5-E006,cold,cold_no_support,val_cold,jung sane,1018440.0,14.672997964102773,2357230.4838773035,1.3145501785842106
T5-E006,cold,cold_no_support,val_cold,lee sang sun,20700000.0,16.047038842478216,9314089.786962057,0.550043971644345
T5-E006,cold,cold_no_support,val_cold,kim ji hoon,5520000.0,14.722626185696331,2477167.1467251503,0.5512378357381974
T5-E006,cold,cold_no_support,val_cold,jeah hyuck,15180000.0,16.994151776423355,24014101.455775525,0.5819566176400215
T5-E006,cold,cold_no_support,val_cold,dongyoon kang 강동윤,16560000.0,15.950294184054297,8455216.820597328,0.4894192741185188
T5-E006,cold,cold_no_support,val_cold,geonwoo lee,20700000.0,16.48086021950728,14372974.343842946,0.3056534133409205
T5-E006,cold,cold_no_support,val_cold,dongyoon kang 강동윤,16560000.0,15.81538414163905,7388122.060651841,0.5538573634872077
T5-E006,cold,cold_no_support,val_cold,jeah hyuck,15180000.0,16.994151776423355,24014101.455775525,0.5819566176400215
T5-E006,cold,cold_no_support,val_cold,sung won kwon,20700000.0,16.256170741678023,11480617.558210282,0.4453807942893584
T5-E006,cold,cold_no_support,val_cold,jeah hyuck,12420000.0,16.994151776423355,24014101.455775525,0.9335025326711374
T5-E006,cold,cold_no_support,val_cold,geonwoo lee,4140000.0,15.197234686916671,3981760.781807773,0.03822203337976502
T5-E006,cold,cold_no_support,val_cold,sung won kwon,4140000.0,14.953459172954014,3120360.7339376444,0.24628967779283953
T5-E006,cold,cold_no_support,val_cold,dongyoon kang 강동윤,16560000.0,16.280451782811063,11762790.771832779,0.28968654759463897
T5-E006,cold,cold_no_support,val_cold,kim ji hoon,13800000.0,16.056681937298357,9404340.888541808,0.3185260225694342
T5-E006,cold,cold_no_support,val_cold,kim ji hoon,10350000.0,15.660762769806807,6329696.013394647,0.3884351677879568
T5-E006,cold,cold_no_support,val_cold,momo kim,1380000.0,14.715643934373812,2459931.1860670447,0.7825588304833657
T5-E006,cold,cold_no_support,val_cold,momo kim,1380000.0,14.892805930177103,2936726.0494065215,1.128062354642407
T5-E006,cold,cold_no_support,val_cold,jungbin suh,450000.0,12.011285177334244,164601.9110350577,0.6342179754776495
T5-E006,cold,cold_no_support,val_cold,jungbin suh,50000.0,12.011285177334244,164601.9110350577,2.292038220701154
T5-E006,cold,cold_no_support,val_cold,park hyung jin b 1974,4140000.0,14.745706937976847,2535006.9534370317,0.3876794798461276
T5-E006,cold,cold_no_support,val_cold,jungbin suh,700000.0,12.011285177334244,164601.9110350577,0.7648544128070603
T5-E006,cold,cold_no_support,val_cold,jungbin suh,900000.0,14.376496500255696,1752399.4135310764,0.9471104594789738
T5-E006,cold,cold_no_support,val_cold,momo kim,276000.0,13.077974059473426,478290.7353254793,0.7329374468314467
T5-E006,cold,cold_no_support,val_cold,momo kim,276000.0,13.077974059473426,478290.7353254793,0.7329374468314467
T5-E006,cold,cold_no_support,val_cold,doezny,552000.0,13.60246900204966,808122.5542468451,0.46399013450515414
T5-E006,cold,cold_no_support,val_cold,momo kim,276000.0,13.077974059473426,478290.7353254793,0.7329374468314467
T5-E006,cold,cold_no_support,val_cold,doezny,1035000.0,14.063566856833425,1281532.0789699382,0.23819524538158282
T5-E006,cold,cold_no_support,val_cold,momo kim,276000.0,13.077974059473426,478290.7353254793,0.7329374468314467
T5-E006,cold,cold_no_support,val_cold,momo kim,276000.0,13.077974059473426,478290.7353254793,0.7329374468314467
T5-E006,cold,cold_no_support,val_cold,momo kim,276000.0,13.077974059473426,478290.7353254793,0.7329374468314467
T5-E006,cold,cold_no_support,val_cold,sung won kwon,621000.0,13.718087820912602,907172.429664718,0.460825168542219
T5-E006,cold,cold_no_support,val_cold,momo kim,276000.0,13.077974059473426,478290.7353254793,0.7329374468314467
T5-E006,cold,cold_no_support,val_cold,momo kim,276000.0,13.077974059473426,478290.7353254793,0.7329374468314467
T5-E006,cold,cold_no_support,val_cold,sung won kwon,621000.0,13.718087820912602,907172.429664718,0.460825168542219
T5-E006,cold,cold_no_support,val_cold,momo kim,276000.0,13.077974059473426,478290.7353254793,0.7329374468314467
T5-E006,cold,cold_no_support,val_cold,sung won kwon,621000.0,13.718087820912602,907172.429664718,0.460825168542219
T5-E006,cold,cold_no_support,val_cold,momo kim,276000.0,13.077974059473426,478290.7353254793,0.7329374468314467
T5-E006,cold,cold_no_support,val_cold,sung won kwon,621000.0,13.847024120754917,1032015.3725091642,0.661860503235369
T5-E006,cold,cold_no_support,val_cold,sung won kwon,621000.0,13.718087820912602,907172.429664718,0.460825168542219
T5-E006,cold,cold_no_support,val_cold,momo kim,276000.0,13.077974059473426,478290.7353254793,0.7329374468314467
T5-E006,cold,cold_no_support,val_cold,sung won kwon,621000.0,13.718087820912602,907172.429664718,0.460825168542219
T5-E006,cold,cold_no_support,val_cold,sung won kwon,621000.0,13.718087820912602,907172.429664718,0.460825168542219
T5-E006,cold,cold_no_support,val_cold,momo kim,276000.0,13.077974059473426,478290.7353254793,0.7329374468314467
T5-E006,cold,cold_no_support,val_cold,doezny,828000.0,13.807570353866373,992091.2360538841,0.1981778213211161
T5-E006,cold,cold_no_support,val_cold,momo kim,276000.0,13.077974059473426,478290.7353254793,0.7329374468314467
T5-E006,cold,cold_no_support,val_cold,momo kim,276000.0,13.077974059473426,478290.7353254793,0.7329374468314467
T5-E006,cold,cold_no_support,val_cold,momo kim,276000.0,13.077974059473426,478290.7353254793,0.7329374468314467
T5-E006,cold,cold_no_support,val_cold,momo kim,276000.0,13.077974059473426,478290.7353254793,0.7329374468314467
T5-E006,cold,cold_no_support,val_cold,sung won kwon,621000.0,13.718087820912602,907172.429664718,0.460825168542219
T5-E006,cold,cold_no_support,val_cold,jeongwoong lee,2400000.0,14.745688105709187,2534959.213957087,0.05623300581545297
T5-E006,cold,cold_no_support,val_cold,jeongwoong lee,5000000.0,15.147821825780285,3789792.498335696,0.24204150033286084
T5-E006,cold,cold_no_support,val_cold,noori noh,1794000.0,15.19071063118938,3955868.1070408165,1.2050546861988944
T5-E006,cold,cold_no_support,val_cold,yun hyong keun,276000000.0,15.37861913413396,4773637.420129509,0.9827042122459074
T5-E006,cold,cold_no_support,val_cold,noori noh,2760000.0,15.521970082411842,5509420.936497874,0.9961670059774904
T5-E006,cold,cold_no_support,val_cold,jeongwoong lee,1500000.0,13.734895704947483,922548.93996986,0.3849673733534267
T5-E006,cold,cold_no_support,val_cold,noori noh,2760000.0,15.521970082411842,5509420.936497874,0.9961670059774904
T5-E006,cold,cold_no_support,val_cold,noori noh,2760000.0,15.521970082411842,5509420.936497874,0.9961670059774904
T5-E006,cold,cold_no_support,val_cold,noori noh,2760000.0,15.521970082411842,5509420.936497874,0.9961670059774904
T5-E006,cold,cold_no_support,val_cold,seohyun oh,4692000.0,15.018314069517618,3329437.9686127617,0.29040111495891696
T5-E006,cold,cold_no_support,val_cold,seohyun oh,3312000.0,14.589817730480423,2169088.8021340882,0.3450818834136207
T5-E006,cold,cold_no_support,val_cold,noori noh,2760000.0,15.328961702395059,4542380.184705424,0.6457899219947189
T5-E006,cold,cold_no_support,val_cold,seohyun oh,11040000.0,16.503709208458375,14705162.91007053,0.33198939402812766
T5-E006,cold,cold_no_support,val_cold,noori noh,6348000.0,17.1659040296445,28513950.86895066,3.491800703993488
T5-E006,cold,cold_no_support,val_cold,heeju moon,1656000.0,15.460674531262256,5181859.523885169,2.129142224568339
T5-E006,cold,cold_no_support,val_cold,heeju moon,1656000.0,15.438288446993711,5067146.755293405,2.059871229041911
T5-E006,cold,cold_no_support,val_cold,sj park,4692000.0,15.692228251750077,6532029.516068666,0.39216315346732017
T5-E006,cold,cold_no_support,val_cold,noori noh,1794000.0,15.19071063118938,3955868.1070408165,1.2050546861988944
T5-E006,cold,cold_no_support,val_cold,lee sejun,2070000.0,14.745706937976847,2535006.9534370317,0.2246410403077448
T5-E006,cold,cold_no_support,val_cold,heeju moon,13386000.0,17.231199806829302,30437921.502094787,1.2738623563495284
T5-E006,cold,cold_no_support,val_cold,sung won kwon,2484000.0,14.816132254860428,2719972.301261067,0.09499690066870649
T5-E006,cold,cold_no_support,val_cold,jeongyoon oh,9963600.0,15.385026217195046,4804320.701786725,0.517812768297932
T5-E006,cold,cold_no_support,val_cold,jeongyoon oh,9963600.0,15.438288446993711,5067146.755293405,0.49143414475757713
T5-E006,cold,cold_no_support,val_cold,jeongyoon oh,2346000.0,14.621308266166215,2238481.441799524,0.04583058746823369
T5-E006,cold,cold_no_support,val_cold,zain,1242000.0,14.701612202919119,2425655.1308492646,0.9530234547900681
T5-E006,cold,cold_no_support,val_cold,heeju moon,1380000.0,15.353009290118367,4652937.460804014,2.3716938121768214
T5-E006,cold,cold_no_support,val_cold,lee sukju,70000000.0,16.140511282453343,10226687.494911611,0.8539044643584055
T5-E006,cold,cold_no_support,val_cold,seohyun oh,9246000.0,16.1665586953399,10496565.803954935,0.13525479168883137
T5-E006,cold,cold_no_support,val_cold,semi cho,27324000.0,17.402698355472477,36132321.51193738,0.32236574117762334
T5-E006,cold,cold_no_support,val_cold,seohyun oh,8280000.0,15.994604248980801,8838292.403950881,0.06742661883464748
T5-E006,cold,cold_no_support,val_cold,jeongyoon oh,29890800.0,16.241831827704505,11317172.5828094,0.6213827471058185
T5-E006,cold,cold_no_support,val_cold,jeongyoon oh,24150000.0,16.08590811141541,9683249.658281362,0.5990372812305854
T5-E006,cold,cold_no_support,val_cold,noori noh,2760000.0,15.521970082411842,5509420.936497874,0.9961670059774904
T5-E006,cold,cold_no_support,val_cold,jeongyoon oh,9963600.0,15.438288446993711,5067146.755293405,0.49143414475757713
T5-E006,cold,cold_no_support,val_cold,jeongyoon oh,14945400.0,15.739934302620085,6851199.487822015,0.5415847359172712
T5-E006,cold,cold_no_support,val_cold,jung yeonkyung,18975000.0,16.241831827704505,11317172.5828094,0.40357456744087483
T5-E006,cold,cold_no_support,val_cold,jeongyoon oh,2760000.0,14.621308266166215,2238481.441799524,0.18895599934799864
T5-E006,cold,cold_no_support,val_cold,jeongyoon oh,2760000.0,14.621308266166215,2238481.441799524,0.18895599934799864
T5-E006,cold,cold_no_support,val_cold,jeongyoon oh,29890800.0,16.461276735209758,14094239.633026317,0.5284756636481354
T5-E006,cold,cold_no_support,val_cold,jeongyoon oh,9963600.0,15.385026217195046,4804320.701786725,0.517812768297932
T5-E006,cold,cold_no_support,val_cold,heeju moon,1380000.0,15.543404517056173,5628786.9610732505,3.0788311312125005
T5-E006,cold,cold_no_support,val_cold,zain,1242000.0,14.701612202919119,2425655.1308492646,0.9530234547900681
T5-E006,cold,cold_no_support,val_cold,jeongyoon oh,2346000.0,14.621308266166215,2238481.441799524,0.04583058746823369
T5-E006,cold,cold_no_support,val_cold,jeongyoon oh,9963600.0,15.438288446993711,5067146.755293405,0.49143414475757713
T5-E006,cold,cold_no_support,val_cold,jeongyoon oh,14945400.0,15.739934302620085,6851199.487822015,0.5415847359172712
T5-E006,cold,cold_no_support,val_cold,heeju moon,1380000.0,15.353009290118367,4652937.460804014,2.3716938121768214
T5-E006,cold,cold_no_support,val_cold,heeju moon,1656000.0,15.521018432787628,5504180.392110567,2.323780430018458
T5-E006,cold,cold_no_support,val_cold,sj park,4692000.0,15.60577034298592,5991008.638548099,0.27685606107163246
T5-E006,cold,cold_no_support,val_cold,sj park,4692000.0,15.485783590615183,5313618.390457557,0.13248473794918086
T5-E006,cold,cold_no_support,val_cold,sunghoon yang,8280000.0,15.506164913826286,5423028.134613728,0.34504491127853526
T5-E006,cold,cold_no_support,val_cold,jung yeonkyung,7107000.0,15.51240926730228,5456997.386828377,0.23216583835255708
T5-E006,cold,cold_no_support,val_cold,jeongyoon oh,2346000.0,14.621308266166215,2238481.441799524,0.04583058746823369
T5-E006,cold,cold_no_support,val_cold,sj park,4692000.0,15.692228251750077,6532029.516068666,0.39216315346732017
T5-E006,cold,cold_no_support,val_cold,jeongyoon oh,2346000.0,14.621308266166215,2238481.441799524,0.04583058746823369
T5-E006,cold,cold_no_support,val_cold,jeongyoon oh,2760000.0,14.701612202919119,2425655.1308492646,0.12113944534446937
T5-E006,cold,cold_no_support,val_cold,jeongyoon oh,9963600.0,15.175678822958629,3896848.949898911,0.608891469960766
T5-E006,cold,cold_no_support,val_cold,jeongyoon oh,2346000.0,14.621308266166215,2238481.441799524,0.04583058746823369
T5-E006,cold,cold_no_support,val_cold,jeongyoon oh,2346000.0,14.621308266166215,2238481.441799524,0.04583058746823369
T5-E006,cold,cold_no_support,val_cold,jeongyoon oh,14945400.0,15.739934302620085,6851199.487822015,0.5415847359172712
T5-E006,cold,cold_no_support,val_cold,heeju moon,5796000.0,16.525719318596163,15032413.363446953,1.5935840861709718
T5-E006,cold,cold_no_support,val_cold,heeju moon,1380000.0,15.514692808767059,5469472.905395165,2.96338616332983
T5-E006,cold,cold_no_support,val_cold,heeju moon,2760000.0,15.906967442092897,8096702.533219644,1.9335878743549435
T5-E006,cold,cold_no_support,val_cold,jeong yeon kim,1462800.0,14.704685808938628,2433122.1084559443,0.6633320402351274
T5-E006,cold,cold_no_support,val_cold,jeong yeon kim,1462800.0,14.704685808938628,2433122.1084559443,0.6633320402351274
T5-E006,cold,cold_no_support,val_cold,misoung lim,910800.0,15.093150840040487,3588162.6759998947,2.939572547211127
T5-E006,cold,cold_no_support,val_cold,misoung lim,1145400.0,15.279888191099081,4324850.758722888,2.7758431628451965
T5-E006,cold,cold_no_support,val_cold,ryeong ah kim,469200.0,13.961562038545607,1157255.7627167287,1.4664445070689018
T5-E006,cold,cold_no_support,val_cold,jeong yeon kim,4374600.0,16.949848227112717,22973414.80052055,4.251546381502434
T5-E006,cold,cold_no_support,val_cold,jeong yeon kim,4374600.0,17.03254147271442,24953919.767062888,4.704274623294219
T5-E006,cold,cold_no_support,val_cold,kangso lee,97014000.0,15.910041048112406,8121626.891070272,0.9162839704468398
T5-E006,cold,cold_no_support,val_cold,hyun jin oh,952200.0,13.524218669411988,747297.5185896922,0.2151884912941691
T5-E006,cold,cold_no_support,val_cold,jeong yeon kim,43732200.0,16.464350341229267,14137626.415584372,0.6767227256898951
T5-E006,cold,cold_no_support,val_cold,jeong yeon kim,4374600.0,15.524092038807137,5521124.099898337,0.2620866136100072
T5-E006,cold,cold_no_support,val_cold,ryeong ah kim,469200.0,13.961562038545607,1157255.7627167287,1.4664445070689018
T5-E006,cold,cold_no_support,val_cold,ryeong ah kim,469200.0,13.865943926340059,1051726.782756471,1.2415319325585488
T5-E006,cold,cold_no_support,val_cold,misoung lim,1366200.0,15.440215482156006,5076920.739644511,2.7160889618244113
T5-E006,cold,cold_no_support,val_cold,hyun jin oh,1380000.0,13.733825660596855,921562.299657055,0.33220123213256886
T5-E006,cold,cold_no_support,val_cold,sung won kwon,5175000.0,15.283284724351295,4339565.233090445,0.16143666993421346
T5-E006,cold,cold_no_support,val_cold,misoung lim,1145400.0,15.279888191099081,4324850.758722888,2.7758431628451965
T5-E006,cold,cold_no_support,val_cold,sung won kwon,16560000.0,16.473045767258746,14261095.12888597,0.13882275791751392
T5-E006,cold,cold_no_support,val_cold,jeong yeon kim,4374600.0,17.03254147271442,24953919.767062888,4.704274623294219
T5-E006,cold,cold_no_support,val_cold,sj park,2760000.0,15.316380891346444,4485591.331832386,0.6252142506639078
T5-E006,cold,cold_no_support,val_cold,choi sangchul,66240000.0,16.464350341229267,14137626.415584372,0.7865696495231829
T5-E006,cold,cold_no_support,val_cold,sung won kwon,6624000.0,15.678671100667268,6444071.383085353,0.027163136611510673
T5-E006,cold,cold_no_support,val_cold,jimo,1794000.0,15.093150840040487,3588162.6759998947,1.00009067781488
T5-E006,cold,cold_no_support,val_cold,sung won kwon,33120000.0,16.886403757088633,21561152.47928312,0.3489990193453164
T5-E006,cold,cold_no_support,val_cold,seol min yi,2056200.0,14.519949798592917,2022712.1120684976,0.01628629896483923
T5-E006,cold,cold_no_support,val_cold,jimo,2760000.0,15.44136205301322,5082745.127407535,0.8415743215244692
T5-E006,cold,cold_no_support,val_cold,choi sangchul,44850000.0,16.257139692746847,11491747.105986914,0.7437737546045281
T5-E006,cold,cold_no_support,val_cold,jimo,455400.0,13.961043032176146,1156655.2954414333,1.539866700574074
T5-E006,cold,cold_no_support,val_cold,sung won kwon,6624000.0,15.678671100667268,6444071.383085353,0.027163136611510673
T5-E006,cold,cold_no_support,val_cold,hyun jin oh,2346000.0,14.605550948681621,2203485.4248155393,0.0607479007606397
T5-E006,cold,cold_no_support,val_cold,jimo,4554000.0,15.816573116731968,7396911.577988535,0.6242669253378426
T5-E006,cold,cold_no_support,val_cold,ryeong ah kim,276000.0,13.899887182572275,1088038.5987622484,2.942168836095103
T5-E006,cold,cold_no_support,val_cold,hyun jin oh,1794000.0,14.200893265739001,1470176.8619052488,0.18050342145749787
T5-E006,cold,cold_no_support,val_cold,ryeong ah kim,469200.0,13.865943926340059,1051726.782756471,1.2415319325585488
T5-E006,cold,cold_no_support,val_cold,jimo,455400.0,13.961043032176146,1156655.2954414333,1.539866700574074
T5-E006,cold,cold_no_support,val_cold,choi sangchul,44850000.0,16.257139692746847,11491747.105986914,0.7437737546045281
T5-E006,cold,cold_no_support,val_cold,ryeong ah kim,276000.0,13.899887182572275,1088038.5987622484,2.942168836095103
T5-E006,cold,cold_no_support,val_cold,sung won kwon,6624000.0,15.678671100667268,6444071.383085353,0.027163136611510673
T5-E006,cold,cold_no_support,val_cold,noori noh,1794000.0,14.498241147803734,1979274.9481483612,0.10327477600243098
T5-E006,cold,cold_no_support,val_cold,siyoung yang,2760000.0,14.024236017451468,1232106.6888903289,0.5535845330107504
T5-E006,cold,cold_no_support,val_cold,jung sane,10074000.0,16.487375672106864,14466926.514989784,0.43606576483916853
T5-E006,cold,cold_no_support,val_cold,sung won kwon,6624000.0,15.678671100667268,6444071.383085353,0.027163136611510673
T5-E006,cold,cold_no_support,val_cold,sung won kwon,16560000.0,16.473045767258746,14261095.12888597,0.13882275791751392
T5-E006,cold,cold_no_support,val_cold,siyoung yang,1656000.0,14.573801364804734,2134624.614946117,0.28902452593364564
T5-E006,cold,cold_no_support,val_cold,sung won kwon,6624000.0,15.678671100667268,6444071.383085353,0.027163136611510673
T5-E006,cold,cold_no_support,val_cold,ryeong ah kim,952200.0,14.704685808938628,2433122.1084559443,1.5552637139843986
T5-E006,cold,cold_no_support,val_cold,momo kim,6527400.0,15.910041048112406,8121626.891070272,0.24423612633977876
T5-E006,cold,cold_no_support,val_cold,sung won kwon,6624000.0,15.678671100667268,6444071.383085353,0.027163136611510673
T5-E006,cold,cold_no_support,val_cold,jimo,4554000.0,15.816573116731968,7396911.577988535,0.6242669253378426
T5-E006,cold,cold_no_support,val_cold,seol min yi,2056200.0,14.519949798592917,2022712.1120684976,0.01628629896483923
T5-E006,cold,cold_no_support,val_cold,chung hyunhee,1587000.0,14.498241147803734,1979274.9481483612,0.24718018156796545
T5-E006,cold,cold_no_support,val_cold,sung won kwon,4140000.0,14.953459172954014,3120360.7339376444,0.24628967779283953
T5-E006,cold,cold_no_support,val_cold,hyun jin oh,1794000.0,14.200893265739001,1470176.8619052488,0.18050342145749787
T5-E006,cold,cold_no_support,val_cold,seol min yi,5147400.0,15.317647377672243,4491275.870852914,0.12746709584393798
T5-E006,cold,cold_no_support,val_cold,ryeong ah kim,276000.0,13.473817655778287,710566.384589599,1.5745158861941992
T5-E006,cold,cold_no_support,val_cold,jimo,2760000.0,15.44136205301322,5082745.127407535,0.8415743215244692
T5-E006,cold,cold_no_support,val_cold,sung won kwon,3312000.0,15.159903834088908,3835858.5274896366,0.15816984525653277
T5-E006,cold,cold_no_support,val_cold,sung won kwon,6624000.0,15.678671100667268,6444071.383085353,0.027163136611510673
T5-E006,cold,cold_no_support,val_cold,chung hyunhee,1587000.0,14.498241147803734,1979274.9481483612,0.24718018156796545
T5-E006,cold,cold_no_support,val_cold,siyoung yang,16560000.0,16.27239592476465,11668412.060302755,0.29538574515079985
T5-E006,cold,cold_no_support,val_cold,sung won kwon,1656000.0,14.194880398381592,1461363.407064017,0.11753417447825065
T5-E006,cold,cold_no_support,val_cold,siyoung yang,4968000.0,15.338698254822612,4586823.31786584,0.07672638529270528
T5-E006,cold,cold_no_support,val_cold,choi sangchul,44850000.0,16.257139692746847,11491747.105986914,0.7437737546045281
T5-E006,cold,cold_no_support,val_cold,choi sangchul,22770000.0,15.688023444220569,6504621.25279485,0.7143337174881489
T5-E006,cold,cold_no_support,val_cold,hyun jin oh,1794000.0,14.011071721430818,1215993.1660050477,0.3221888706772309
T5-E006,cold,cold_no_support,val_cold,sj park,1794000.0,13.98968342945211,1190261.3102797973,0.33653215703467265
T5-E006,cold,cold_no_support,val_cold,choi sangchul,89700000.0,16.828868542453012,20355639.20861175,0.7730697970054431
T5-E006,cold,cold_no_support,val_cold,sj park,4692000.0,14.61422791299392,2222688.179537376,0.5262812916587007
T5-E006,cold,cold_no_support,val_cold,ryeong ah kim,1794000.0,15.193784237208888,3968045.5918755676,1.211842581870439
T5-E006,cold,cold_no_support,val_cold,sj park,4692000.0,15.234729834101495,4133891.752121431,0.11894890193490391
T5-E006,cold,cold_no_support,val_cold,ryeong ah kim,565800.0,14.557170607702417,2099417.7612480843,2.7105298007212517
T5-E006,cold,cold_no_support,val_cold,sung won kwon,16560000.0,16.473045767258746,14261095.12888597,0.13882275791751392
T5-E006,cold,cold_no_support,val_cold,sung won kwon,6210000.0,15.528142703834817,5543533.680414172,0.10732146853233947
T5-E006,cold,cold_no_support,val_cold,sung won kwon,6624000.0,15.678671100667268,6444071.383085353,0.027163136611510673
T5-E006,cold,cold_no_support,val_cold,jimo,1380000.0,14.997344525928547,3260348.0972125293,1.3625710849366155
T5-E006,cold,cold_no_support,val_cold,hyun jin oh,1794000.0,14.13414824757221,1375252.9661898518,0.23341529197890093
T5-E006,cold,cold_no_support,val_cold,sj park,2760000.0,14.965456882828807,3158023.3978068363,0.14421137601696968
T5-E006,cold,cold_no_support,val_cold,jimo,1380000.0,14.997344525928547,3260348.0972125293,1.3625710849366155
T5-E006,cold,cold_no_support,val_cold,seol min yi,5147400.0,15.317647377672243,4491275.870852914,0.12746709584393798
T5-E006,cold,cold_no_support,val_cold,hyun jin oh,1794000.0,14.011071721430818,1215993.1660050477,0.3221888706772309
T5-E006,cold,cold_no_support,val_cold,sung won kwon,1656000.0,14.194880398381592,1461363.407064017,0.11753417447825065
T5-E006,cold,cold_no_support,val_cold,jimo,1794000.0,15.093150840040487,3588162.6759998947,1.00009067781488
T5-E006,cold,cold_no_support,val_cold,hyun jin oh,1794000.0,14.605550948681621,2203485.4248155393,0.22825274515916347
T5-E006,cold,cold_no_support,val_cold,sung won kwon,3312000.0,15.159903834088908,3835858.5274896366,0.15816984525653277
T5-E006,cold,cold_no_support,val_cold,sung won kwon,1656000.0,14.425324686421465,1840089.3467479665,0.11116506446133241
T5-E006,cold,cold_no_support,val_cold,seol min yi,3422400.0,15.020242093538263,3335863.39719139,0.025285356126872976
T5-E006,cold,cold_no_support,val_cold,sung won kwon,3312000.0,15.159903834088908,3835858.5274896366,0.15816984525653277
T5-E006,cold,cold_no_support,val_cold,seol min yi,3422400.0,15.020242093538263,3335863.39719139,0.025285356126872976
T5-E006,cold,cold_no_support,val_cold,sj park,4692000.0,15.472226439532374,5242066.975715675,0.11723507581323005
T5-E006,cold,cold_no_support,val_cold,sung won kwon,1656000.0,14.425324686421465,1840089.3467479665,0.11116506446133241
T5-E006,cold,cold_no_support,val_cold,choi sangchul,66240000.0,16.464350341229267,14137626.415584372,0.7865696495231829
T5-E006,cold,cold_no_support,val_cold,momo kim,5934000.0,15.910041048112406,8121626.891070272,0.36865973897375665
T5-E006,cold,cold_no_support,val_cold,sundoo kim,44160000.0,16.079280219660774,9619282.346091563,0.782172048322202
T5-E006,cold,cold_no_support,val_cold,sundoo kim,62100000.0,16.588475496960548,16006020.60055828,0.7422540966093675
T5-E006,cold,cold_no_support,val_cold,junho jung,2760000.0,16.48086021950728,14372974.343842946,4.2075993999430965
T5-E006,cold,cold_no_support,val_cold,jeah hyuck,3450000.0,14.788547280361028,2645967.339840325,0.23305294497381882
T5-E006,cold,cold_no_support,val_cold,junho jung,1380000.0,15.929353526361442,8279999.999999999,4.999999999999999
T5-E006,cold,cold_no_support,val_cold,sundoo kim,16560000.0,15.477290869233599,5268682.394474946,0.6818428505751845
T5-E006,cold,cold_no_support,val_cold,jeah hyuck,3450000.0,14.788547280361028,2645967.339840325,0.23305294497381882
T5-E006,cold,cold_no_support,val_cold,see ji ui,1104000.0,15.072646063543703,3515337.3870045496,2.1841824157649907
T5-E006,cold,cold_no_support,val_cold,sundoo kim,66240000.0,16.571822392639493,15741677.84255749,0.7623538973043857
T5-E006,cold,cold_no_support,val_cold,jeah hyuck,3450000.0,14.788547280361028,2645967.339840325,0.23305294497381882
T5-E006,cold,cold_no_support,val_cold,sundoo kim,66240000.0,16.593380155326937,16084717.496344721,0.7571751585696751
T5-E006,cold,cold_no_support,val_cold,see ji ui,5520000.0,16.488140422364864,14477994.332293246,1.6228250601980518
T5-E006,cold,cold_no_support,val_cold,sundoo kim,22080000.0,15.651746155256305,6272880.11268262,0.715902168809664
T5-E006,cold,cold_no_support,val_cold,sundoo kim,55200000.0,16.60391526443695,16255067.502551852,0.7055241394465244
T5-E006,cold,cold_no_support,val_cold,jeah hyuck,3450000.0,14.788547280361028,2645967.339840325,0.23305294497381882
T5-E006,cold,cold_no_support,val_cold,jeah hyuck,3450000.0,14.788547280361028,2645967.339840325,0.23305294497381882
T5-E006,cold,cold_no_support,val_cold,momo kim,2898000.0,14.882340236643275,2906151.4458669783,0.002812783252925556
T5-E006,cold,cold_no_support,val_cold,momo kim,1242000.0,13.849423730803547,1034494.780583915,0.16707344558460954
T5-E006,cold,cold_no_support,val_cold,momo kim,1242000.0,13.716435872770257,905675.0649796682,0.2707930233658066
T5-E006,cold,cold_no_support,val_cold,momo kim,717600.0,12.902292444034863,401230.93730949285,0.44087104611274686
T5-E006,cold,cold_no_support,val_cold,momo kim,1242000.0,13.849423730803547,1034494.780583915,0.16707344558460954
T5-E006,cold,cold_no_support,val_cold,momo kim,1242000.0,13.849423730803547,1034494.780583915,0.16707344558460954
T5-E006,cold,cold_no_support,val_cold,momo kim,828000.0,13.71024195395011,900082.7242809,0.087056430290942
T5-E006,cold,cold_no_support,val_cold,momo kim,828000.0,13.71024195395011,900082.7242809,0.087056430290942
T5-E006,cold,cold_no_support,val_cold,momo kim,1380000.0,13.712848755874518,902432.1225362002,0.34606367932159404
T5-E006,cold,cold_no_support,val_cold,ahnnlee lee,2000000.0,14.425047560020907,1839579.4800626196,0.08021025996869023
T5-E006,cold,cold_no_support,val_cold,ahnnlee lee,2000000.0,14.425047560020907,1839579.4800626196,0.08021025996869023
T5-E006,cold,cold_no_support,val_cold,ahnnlee lee,2000000.0,14.425047560020907,1839579.4800626196,0.08021025996869023
T5-E006,cold,cold_no_support,val_cold,ahnnlee lee,2000000.0,14.425047560020907,1839579.4800626196,0.08021025996869023
T5-E006,cold,cold_no_support,val_cold,sundoo kim,44160000.0,15.970626556621848,8628891.060696557,0.8045993872124874
T5-E006,cold,cold_no_support,val_cold,namkyoung kim,3174000.0,17.547182865777774,41748866.77494945,12.153392178623013
T5-E006,cold,cold_no_support,val_cold,namkyoung kim,20976000.0,17.593254038116505,43717281.43694032,1.0841572004643554
T5-E006,cold,cold_no_support,val_cold,sundoo kim,52440000.0,16.071931077401103,9548848.004703924,0.8179090769507261
T5-E006,cold,cold_no_support,val_cold,sundoo kim,33120000.0,15.874701567457857,7839625.061994878,0.7632963447465315
T5-E006,cold,cold_no_support,val_cold,sundoo kim,33120000.0,16.093344849144735,9755529.877753627,0.7054489771209654
T5-E006,cold,cold_no_support,val_cold,namkyoung kim,6210000.0,17.35569363780147,34473229.966481715,4.551244761108166
T5-E006,cold,cold_no_support,val_cold,namkyoung kim,524400.0,14.440919972102845,1869011.000340529,2.5640942035479197
T5-E006,cold,cold_no_support,val_cold,namkyoung kim,524400.0,14.073901841921419,1294845.3717356655,1.4691940727224742
T5-E006,cold,cold_no_support,val_cold,namkyoung kim,6210000.0,16.568271671018508,15685882.641924342,1.5259070276850792
T5-E006,cold,cold_no_support,val_cold,namkyoung kim,5244000.0,16.149355275252116,10317533.373485627,0.9674930155388304
T5-E006,cold,cold_no_support,val_cold,namkyoung kim,2622000.0,15.231508372630055,4120596.0064794216,0.571546913226324
T5-E006,cold,cold_no_support,val_cold,junho jung,2760000.0,16.486684176646005,14456926.158970961,4.238016724264841
T5-E006,cold,cold_no_support,val_cold,junho jung,2760000.0,16.48086021950728,14372974.343842946,4.2075993999430965
T5-E006,cold,cold_no_support,val_cold,lee sejun,2070000.0,14.676200596166366,2364791.9276042604,0.1424115592291113
T5-E006,cold,cold_no_support,val_cold,namkyoung kim,1048800.0,14.745706937976847,2535006.9534370317,1.4170546848179173
T5-E006,cold,cold_no_support,val_cold,namkyoung kim,524400.0,14.501678036277967,1986089.1986068145,2.7873554511952983
T5-E006,cold,cold_no_support,val_cold,jung sane,917700.0,15.548192754660874,5655803.5597981615,5.163020115286217
T5-E006,cold,cold_no_support,val_cold,jung sane,5093580.0,16.48721816136213,14464647.998070538,1.8397802720425591
T5-E006,cold,cold_no_support,val_cold,jung sane,612720.0,14.764876126301361,2584069.7235054853,3.2173745324218
T5-E006,cold,cold_no_support,val_cold,jung sane,4075140.0,15.715095470912589,6683119.789968306,0.6399730536787218
T5-E006,cold,cold_no_support,val_cold,jung sane,1018440.0,15.065291317848788,3489577.81814644,2.426395092638192
T5-E006,cold,cold_no_support,val_cold,diego rodarte,2087600.0,13.260140556367912,573859.8928341052,0.7251102256974012
T5-E006,cold,cold_no_support,val_cold,diego rodarte,2087600.0,13.260140556367912,573859.8928341052,0.7251102256974012
T5-E006,cold,cold_no_support,val_cold,diego rodarte,4602100.0,15.469152833512865,5225979.662800162,0.13556412568178922
T5-E006,cold,cold_no_support,val_cold,diego rodarte,4602100.0,15.469152833512865,5225979.662800162,0.13556412568178922
T5-E006,cold,cold_no_support,val_cold,diego rodarte,4602100.0,15.469152833512865,5225979.662800162,0.13556412568178922
T5-E006,cold,cold_no_support,val_cold,diego rodarte,4602100.0,15.469152833512865,5225979.662800162,0.13556412568178922
T5-E006,cold,cold_no_support,val_cold,diego rodarte,2514600.0,14.644177070133699,2290262.6657043844,0.08921392439975168
T5-E006,cold,cold_no_support,val_cold,diego rodarte,2087600.0,13.260140556367912,573859.8928341052,0.7251102256974012
T5-E006,cold,cold_no_support,val_cold,diego rodarte,2514600.0,14.644177070133699,2290262.6657043844,0.08921392439975168
T5-E006,cold,cold_no_support,val_cold,diego rodarte,4602100.0,15.469152833512865,5225979.662800162,0.13556412568178922
T5-E006,cold,cold_no_support,val_cold,diego rodarte,2087600.0,13.260140556367912,573859.8928341052,0.7251102256974012
T5-E006,cold,cold_no_support,val_cold,diego rodarte,4602100.0,15.469152833512865,5225979.662800162,0.13556412568178922
T5-E006,cold,cold_no_support,val_cold,diego rodarte,2087600.0,13.260140556367912,573859.8928341052,0.7251102256974012
T5-E006,cold,cold_no_support,val_cold,diego rodarte,2514600.0,14.644177070133699,2290262.6657043844,0.08921392439975168
T5-E006,cold,cold_no_support,val_cold,diego rodarte,4602100.0,15.469152833512865,5225979.662800162,0.13556412568178922
T5-E006,cold,cold_no_support,val_cold,diego rodarte,2514600.0,14.644177070133699,2290262.6657043844,0.08921392439975168
T5-E006,cold,cold_no_support,val_cold,diego rodarte,2514600.0,14.644177070133699,2290262.6657043844,0.08921392439975168
T5-E006,cold,cold_no_support,val_cold,diego rodarte,2514600.0,14.644177070133699,2290262.6657043844,0.08921392439975168
T5-E006,cold,cold_no_support,val_cold,diego rodarte,2514600.0,14.850621731268593,2815419.2176835886,0.11962905340157028
T5-E006,cold,cold_no_support,val_cold,diego rodarte,4602100.0,15.469152833512865,5225979.662800162,0.13556412568178922
T5-E006,cold,cold_no_support,val_cold,diego rodarte,2514600.0,14.644177070133699,2290262.6657043844,0.08921392439975168
T5-E006,cold,cold_no_support,val_cold,diego rodarte,2087600.0,13.260140556367912,573859.8928341052,0.7251102256974012
T5-E006,cold,cold_no_support,val_cold,diego rodarte,2087600.0,13.260140556367912,573859.8928341052,0.7251102256974012
T5-E006,cold,cold_no_support,val_cold,diego rodarte,4602100.0,15.469152833512865,5225979.662800162,0.13556412568178922
T5-E006,cold,cold_no_support,val_cold,diego rodarte,2514600.0,14.644177070133699,2290262.6657043844,0.08921392439975168
T5-E006,cold,cold_no_support,val_cold,diego rodarte,2087600.0,13.260140556367912,573859.8928341052,0.7251102256974012
T5-E006,cold,cold_no_support,val_cold,diego rodarte,2514600.0,14.644177070133699,2290262.6657043844,0.08921392439975168
T5-E006,cold,cold_no_support,val_cold,diego rodarte,2087600.0,13.260140556367912,573859.8928341052,0.7251102256974012
T5-E006,cold,cold_no_support,val_cold,diego rodarte,2087600.0,13.260140556367912,573859.8928341052,0.7251102256974012
T5-E006,cold,cold_no_support,val_cold,diego rodarte,2514600.0,15.469152833512865,5225979.662800162,1.0782548567566062
T5-E006,cold,cold_no_support,val_cold,diego rodarte,2087600.0,13.260140556367912,573859.8928341052,0.7251102256974012
T5-E006,cold,cold_no_support,val_cold,prach pimarnman,2087600.0,14.83425549265127,2769716.4066492366,0.3267466979542233
T5-E006,cold,cold_no_support,val_cold,prach pimarnman,7116600.0,15.955755985616122,8501523.881907025,0.19460471038234906
T5-E006,cold,cold_no_support,val_cold,prach pimarnman,2087600.0,14.83425549265127,2769716.4066492366,0.3267466979542233
T5-E006,cold,cold_no_support,val_cold,prach pimarnman,41750600.0,18.03933263412425,68294011.00712718,0.6357611868362893
T5-E006,cold,cold_no_support,val_cold,prach pimarnman,2087600.0,14.83425549265127,2769716.4066492366,0.3267466979542233
T5-E006,cold,cold_no_support,val_cold,prach pimarnman,7116600.0,15.955755985616122,8501523.881907025,0.19460471038234906
T5-E006,cold,cold_no_support,val_cold,prach pimarnman,2087600.0,14.83425549265127,2769716.4066492366,0.3267466979542233
T5-E006,cold,cold_no_support,val_cold,prach pimarnman,2087600.0,14.83425549265127,2769716.4066492366,0.3267466979542233
T5-E006,cold,cold_no_support,val_cold,prach pimarnman,7116600.0,15.955755985616122,8501523.881907025,0.19460471038234906
T5-E006,cold,cold_no_support,val_cold,prach pimarnman,7116600.0,15.955755985616122,8501523.881907025,0.19460471038234906
T5-E006,cold,cold_no_support,val_cold,prach pimarnman,7116600.0,15.955755985616122,8501523.881907025,0.19460471038234906
T5-E006,cold,cold_no_support,val_cold,prach pimarnman,7116600.0,15.955755985616122,8501523.881907025,0.19460471038234906
T5-E006,cold,cold_no_support,val_cold,chang sook young,11000000.0,15.96995082349248,8623062.202735147,0.21608525429680486
T5-E006,cold,cold_no_support,val_cold,chang sook young,2400000.0,14.323656739658917,1662206.9073826168,0.30741378859057633
T5-E006,cold,cold_no_support,val_cold,chang sook young,3600000.0,15.216015280864271,4057247.2357402937,0.12701312103897047
T5-E006,cold,cold_no_support,val_cold,chang sook young,3800000.0,15.470000477136963,5230411.3091040235,0.37642402871158515
T5-E006,cold,cold_no_support,val_cold,chang sook young,2400000.0,14.323656739658917,1662206.9073826168,0.30741378859057633
T5-E006,cold,cold_no_support,val_cold,chang sook young,2400000.0,14.323656739658917,1662206.9073826168,0.30741378859057633
T5-E006,cold,cold_no_support,val_cold,chang sook young,3200000.0,14.732267656206785,2501166.1878351457,0.21838556630151695
T5-E006,cold,cold_no_support,val_cold,chang sook young,960000.0,13.5581571437059,773094.9427035203,0.19469276801716637
T5-E006,cold,cold_no_support,val_cold,chang sook young,4200000.0,15.290113363946638,4369299.9684182815,0.04030951629006703
T5-E006,cold,cold_no_support,val_cold,chang sook young,3200000.0,14.873860464018655,2881612.133333228,0.09949620833336623
T5-E006,cold,cold_no_support,val_cold,lim jimin,700000.0,13.620592985400108,822902.4850023598,0.17557497857479978
T5-E006,cold,cold_no_support,val_cold,lim jimin,700000.0,13.620592985400108,822902.4850023598,0.17557497857479978
T5-E006,cold,cold_no_support,val_cold,lim jimin,700000.0,13.620592985400108,822902.4850023598,0.17557497857479978
T5-E006,cold,cold_no_support,val_cold,lim jimin,700000.0,13.620592985400108,822902.4850023598,0.17557497857479978
T5-E006,cold,cold_no_support,val_cold,lim jimin,1000000.0,14.495167541784225,1973200.776340903,0.973200776340903
T5-E006,cold,cold_no_support,val_cold,lim jimin,700000.0,13.620592985400108,822902.4850023598,0.17557497857479978
T5-E006,cold,cold_no_support,val_cold,lim jimin,800000.0,13.887317351876202,1074447.7341651556,0.34305966770644447
T5-E006,cold,cold_no_support,val_cold,lim jimin,800000.0,14.068578524080795,1287970.8122341763,0.6099635152927204
T5-E006,cold,cold_no_support,val_cold,lim jimin,800000.0,14.001172530928216,1204015.2018930537,0.5050190023663171
T5-E006,cold,cold_no_support,val_cold,lim jimin,1000000.0,14.495167541784225,1973200.776340903,0.973200776340903
T5-E006,cold,cold_no_support,val_cold,jeongwoong lee,1500000.0,13.734895704947483,922548.93996986,0.3849673733534267
T5-E006,cold,cold_no_support,val_cold,jeongwoong lee,5000000.0,14.941377164645392,3082887.342385205,0.383422531522959
T5-E006,cold,cold_no_support,val_cold,jeongwoong lee,14000000.0,15.638376685538262,6189573.157749122,0.5578876315893484
T5-E006,cold,cold_no_support,val_cold,jeongwoong lee,5000000.0,15.147821825780285,3789792.498335696,0.24204150033286084
T5-E006,cold,cold_no_support,val_cold,jeongwoong lee,20000000.0,16.062877657610244,9462788.429745508,0.5268605785127246
T5-E006,cold,cold_no_support,val_cold,jeongwoong lee,26000000.0,16.284658836950015,11812381.712176718,0.5456776264547416
T5-E006,cold,cold_no_support,val_cold,jeongwoong lee,2400000.0,14.513724887076897,2010160.0165228301,0.16243332644882078
T5-E006,cold,cold_no_support,val_cold,jeongwoong lee,5000000.0,14.941377164645392,3082887.342385205,0.383422531522959
T5-E006,cold,cold_no_support,val_cold,jeongwoong lee,2400000.0,14.745688105709187,2534959.213957087,0.05623300581545297
T5-E006,cold,cold_no_support,val_cold,chu mirim,1674600.0,14.048163512026385,1261943.4509751704,0.24642096561855348
T5-E006,cold,cold_no_support,val_cold,chu mirim,1674600.0,13.4177617838771,671830.787765588,0.5988111860948357
T5-E006,cold,cold_no_support,val_cold,chu mirim,3958100.0,14.20028103239122,1469277.046079989,0.6287923382228875
T5-E006,cold,cold_no_support,val_cold,chu mirim,1674600.0,13.351712482571006,628890.5301198846,0.6244532842948258
T5-E006,cold,cold_no_support,val_cold,chu mirim,8677300.0,15.64145029155777,6208626.733657762,0.28449785835942487
T5-E006,cold,cold_no_support,val_cold,chu mirim,7307200.0,15.064356224562708,3486316.2625244805,0.5228930010777753
T5-E006,cold,cold_no_support,val_cold,chu mirim,1674600.0,13.4177617838771,671830.787765588,0.5988111860948357
T5-E006,cold,cold_no_support,val_cold,hansol noh,800000.0,14.196954202936723,1464397.13374514,0.8304964171814249
T5-E006,cold,cold_no_support,val_cold,hansol noh,480000.0,13.5581571437059,773094.9427035203,0.6106144639656673
T5-E006,cold,cold_no_support,val_cold,hansol noh,2400000.0,15.972811142949835,8647762.22347045,2.603234259779354
T5-E006,cold,cold_no_support,val_cold,hansol noh,480000.0,13.5581571437059,773094.9427035203,0.6106144639656673
T5-E006,cold,cold_no_support,val_cold,i kyoung ha,5000000.0,14.984265970054485,3217985.0798420124,0.35640298403159754
T5-E006,cold,cold_no_support,val_cold,i kyoung ha,3000000.0,14.61112298389508,2215797.593257777,0.2614008022474077
T5-E006,cold,cold_no_support,val_cold,i kyoung ha,3000000.0,14.61112298389508,2215797.593257777,0.2614008022474077
T5-E006,cold,cold_no_support,val_cold,i kyoung ha,2000000.0,14.225492582859818,1506790.7001491985,0.24660464992540074
T5-E006,cold,cold_no_support,val_cold,yusuke ochiai,3044700.0,14.170541910977088,1426225.3700427914,0.5315711334309484
T5-E006,cold,cold_no_support,val_cold,yusuke ochiai,12939800.0,16.224190444475198,11119272.750078155,0.14069207019597252
T5-E006,cold,cold_no_support,val_cold,yusuke ochiai,3044700.0,14.170541910977088,1426225.3700427914,0.5315711334309484
T5-E006,cold,cold_no_support,val_cold,rodel tapaya,114174000.0,16.865896917831112,21123504.12038832,0.8149884901957685
T5-E006,cold,cold_no_support,val_cold,rodel tapaya,91339200.0,16.526276429366785,15040790.41609663,0.8353303902804423
T5-E006,cold,cold_no_support,val_cold,rodel tapaya,114174000.0,16.865896917831112,21123504.12038832,0.8149884901957685
T5-E006,cold,cold_no_support,val_cold,peter ravn,1200000.0,15.254313712548921,4215647.318297281,2.5130394319144007
T5-E006,cold,cold_no_support,val_cold,peter ravn,1000000.0,14.958072804534192,3134790.1892617145,2.1347901892617145
T5-E006,cold,cold_no_support,val_cold,eun lee,5200000.0,15.864184059413025,7757603.8279153695,0.4918468899837249
T5-E006,cold,cold_no_support,val_cold,eun lee,4400000.0,15.469152833512865,5225979.662800162,0.18772265063640048
T5-E006,cold,cold_no_support,val_cold,ha ninh pham,3349200.0,15.588806424266762,5890234.830964831,0.7586990418502421
T5-E006,cold,cold_no_support,val_cold,ha ninh pham,6089300.0,16.235643318395006,11247352.419118827,0.8470682047392685
T5-E006,cold,cold_no_support,val_cold,jean michel othoniel,3196900.0,14.302037071609464,1626656.2274826395,0.4911770066368546
T5-E006,cold,cold_no_support,val_cold,올리버 비어,96029000.0,16.11865133340353,10005558.368653022,0.8958069086562077
T5-E006,cold,cold_no_support,val_cold,올리버 비어,109619400.0,16.41582019261955,13467907.520362137,0.8771393793401338
T5-E006,cold,cold_no_support,val_cold,샘 폴스,86196000.0,16.098803734893654,9808929.82026175,0.8862020300215585
T5-E006,cold,cold_no_support,val_cold,샘 폴스,86196000.0,16.128136584375568,10100915.127353026,0.8828145722846417
T5-E006,cold,cold_full_size,val_cold,zinna yoo,6618480.0,15.67354573825538,6411127.678169819,0.03132929642911687
T5-E006,cold,cold_full_size,val_cold,zinna yoo,1440720.0,14.46181148401349,1908468.1910018048,0.32466280123952246
T5-E006,cold,cold_full_size,val_cold,joanna jung,2208000.0,14.565770954861936,2117551.3486288083,0.040964063121010745
T5-E006,cold,cold_full_size,val_cold,joanna jung,6003000.0,14.943649065716777,3089899.3196846517,0.4852741429810675
T5-E006,cold,cold_full_size,val_cold,eun lee,4842420.0,14.800171655525348,2676904.5212049233,0.4471969549925609
T5-E006,cold,cold_full_size,val_cold,eun lee,2468820.0,14.299827145579721,1623065.4067296044,0.34257442554353723
T5-E006,cold,cold_full_size,val_cold,eun lee,3022200.0,14.15439530054656,1403381.585753274,0.5356423844374052
T5-E006,cold,cold_full_size,val_cold,eun lee,4814820.0,14.800171655525348,2676904.5212049233,0.4440281212579238
T5-E006,cold,cold_full_size,val_cold,eun lee,3042900.0,14.299827145579721,1623065.4067296044,0.46660573573577696
T5-E006,cold,cold_full_size,val_cold,eun lee,3323040.0,14.734001255650739,2505505.9687816445,0.24601991887499264
T5-E006,cold,cold_full_size,val_cold,eun lee,5285400.0,14.86967989623935,2869590.5046216287,0.45707221693313116
T5-E006,cold,cold_full_size,val_cold,eun lee,4876920.0,14.800171655525348,2676904.5212049233,0.4511075594422457
T5-E006,cold,cold_full_size,val_cold,kyong seob lee,5250900.0,14.479776415692381,1943063.51252566,0.6299561003779047
T5-E006,cold,cold_full_size,val_cold,kyong seob lee,6741300.0,14.933122399518526,3057543.578781813,0.5464460002103729
T5-E006,cold,cold_full_size,val_cold,kyong seob lee,4512600.0,14.46431848413705,1913258.7234160719,0.5760185428763747
T5-E006,cold,cold_full_size,val_cold,kyong seob lee,7534800.0,15.300350357215986,4414258.188666215,0.41415058280694705
T5-E006,cold,cold_full_size,val_cold,kyong seob lee,4512600.0,14.368755174180937,1738885.8920324892,0.614659865258944
T5-E006,cold,cold_full_size,val_cold,kyong seob lee,7465800.0,14.959663897746246,3139781.9027407044,0.5794446807119527
T5-E006,cold,cold_full_size,val_cold,kyong seob lee,7465800.0,14.959663897746246,3139781.9027407044,0.5794446807119527
T5-E006,cold,cold_full_size,val_cold,kyong seob lee,4512600.0,14.472278350486492,1928548.7798183488,0.572630239813334
T5-E006,cold,cold_full_size,val_cold,kyong seob lee,7465800.0,14.959663897746246,3139781.9027407044,0.5794446807119527
T5-E006,cold,cold_full_size,val_cold,kyong seob lee,5292300.0,14.959663897746246,3139781.9027407044,0.40672639443328906
T5-E006,cold,cold_full_size,val_cold,kyong seob lee,3788100.0,14.461300891695574,1907493.9905352944,0.49645099376064666
T5-E006,cold,cold_full_size,val_cold,kyong seob lee,6741300.0,14.959663897746246,3139781.9027407044,0.5342468214230631
T5-E006,cold,cold_full_size,val_cold,kyong seob lee,9791100.0,15.705742312438113,6620902.927126231,0.323783545554
T5-E006,cold,cold_full_size,val_cold,kyong seob lee,5292300.0,14.959663897746246,3139781.9027407044,0.40672639443328906
T5-E006,cold,cold_full_size,val_cold,kyong seob lee,7534800.0,15.300350357215986,4414258.188666215,0.41415058280694705
T5-E006,cold,cold_full_size,val_cold,kyong seob lee,3801900.0,14.55268404267024,2090019.6852368293,0.45026968483210256
T5-E006,cold,cold_full_size,val_cold,kyong seob lee,3788100.0,14.452589144607026,1890948.5597631913,0.5008187324085448
T5-E006,cold,cold_full_size,val_cold,kyong seob lee,9066600.0,15.704810222688089,6614734.526570001,0.2704283274248339
T5-E006,cold,cold_full_size,val_cold,kyong seob lee,9066600.0,15.704810222688089,6614734.526570001,0.2704283274248339
T5-E006,cold,cold_full_size,val_cold,kyong seob lee,9066600.0,15.705742312438113,6620902.927126231,0.26974798412566664
T5-E006,cold,cold_full_size,val_cold,kyong seob lee,9066600.0,15.705742312438113,6620902.927126231,0.26974798412566664
T5-E006,cold,cold_full_size,val_cold,kyong seob lee,7617600.0,15.681991833568725,6465505.99255586,0.15124107428115674
T5-E006,cold,cold_full_size,val_cold,kyong seob lee,6796500.0,15.304093201787076,4430811.02899343,0.3480745929532216
T5-E006,cold,cold_full_size,val_cold,kyong seob lee,5292300.0,14.959663897746246,3139781.9027407044,0.40672639443328906
T5-E006,cold,cold_full_size,val_cold,wookyung jeong,3180900.0,14.207411005033276,1479790.3865988527,0.5347887746867702
T5-E006,cold,cold_full_size,val_cold,wookyung jeong,31160400.0,16.346767175884555,12569291.013144104,0.5966261340308819
T5-E006,cold,cold_full_size,val_cold,taerin kim,2815200.0,14.803375464790854,2685494.565797429,0.046073257389375864
T5-E006,cold,cold_full_size,val_cold,taerin kim,4491900.0,15.273342114482697,4296632.414788115,0.0434710445940215
T5-E006,cold,cold_full_size,val_cold,taerin kim,2815200.0,14.803375464790854,2685494.565797429,0.046073257389375864
T5-E006,cold,cold_full_size,val_cold,wookyung jeong,31119000.0,16.318734402780052,12221831.806186123,0.6072549951416779
T5-E006,cold,cold_full_size,val_cold,nahyun lee,9108000.0,15.365093581232298,4709506.018684983,0.48292643624451215
T5-E006,cold,cold_full_size,val_cold,zinna yoo,1614600.0,14.383013034386464,1763856.273085106,0.09244164070674218
T5-E006,cold,cold_full_size,val_cold,zinna yoo,1614600.0,14.383013034386464,1763856.273085106,0.09244164070674218
T5-E006,cold,cold_full_size,val_cold,zinna yoo,7547220.0,15.618197752683352,6065925.907008518,0.19627016212479317
T5-E006,cold,cold_full_size,val_cold,zinna yoo,3031860.0,14.946598287654837,3099025.56959795,0.022153255624583656
T5-E006,cold,cold_full_size,val_cold,zinna yoo,1614600.0,14.383013034386464,1763856.273085106,0.09244164070674218
T5-E006,cold,cold_full_size,val_cold,joanna jung,1280640.0,14.72757848378105,2489465.2436277866,0.9439227602041063
T5-E006,cold,cold_full_size,val_cold,zinna yoo,14096700.0,16.207108157653416,10930943.272383027,0.22457431367745453
T5-E006,cold,cold_full_size,val_cold,zinna yoo,7574820.0,15.709596142331725,6646467.990811789,0.12255763294549714
T5-E006,cold,cold_full_size,val_cold,zinna yoo,1614600.0,14.477408254281396,1938467.4687309398,0.2005868132856062
T5-E006,cold,cold_full_size,val_cold,taerin kim,4347000.0,15.3008609495339,4416512.650493103,0.015990947893513477
T5-E006,cold,cold_full_size,val_cold,zinna yoo,1614600.0,14.477408254281396,1938467.4687309398,0.2005868132856062
T5-E006,cold,cold_full_size,val_cold,kyung sook park,15262800.0,16.26012473083675,11526101.658131633,0.24482390792438918
T5-E006,cold,cold_full_size,val_cold,seo yeongyeong,4421520.0,14.964636386920864,3155433.315253122,0.28634647920780143
T5-E006,cold,cold_full_size,val_cold,zinna yoo,1571820.0,14.46643079549048,1917304.3928921095,0.21979895464627594
T5-E006,cold,cold_full_size,val_cold,zinna yoo,1571820.0,14.3743140282229,1748579.0212868056,0.1124550020274622
T5-E006,cold,cold_full_size,val_cold,zinna yoo,1571820.0,14.46643079549048,1917304.3928921095,0.21979895464627594
T5-E006,cold,cold_full_size,val_cold,zinna yoo,1614600.0,14.383013034386464,1763856.273085106,0.09244164070674218
T5-E006,cold,cold_full_size,val_cold,zinna yoo,1642200.0,14.20127529681146,1470738.6224466648,0.10440955885600728
T5-E006,cold,cold_full_size,val_cold,zinna yoo,4402200.0,15.264424415054599,4258486.677266652,0.03264579590508115
T5-E006,cold,cold_full_size,val_cold,zinna yoo,2265960.0,14.58062097381376,2149231.6707950244,0.05151385249738549
T5-E006,cold,cold_full_size,val_cold,zinna yoo,2815200.0,14.794699375130834,2662295.757158062,0.05431381175118572
T5-E006,cold,cold_full_size,val_cold,sangjune won,7093200.0,15.538015181945246,5598533.139091186,0.21071827396785847
T5-E006,cold,cold_full_size,val_cold,zinna yoo,1469700.0,14.400907795977137,1795704.1659339252,0.22181681018842295
T5-E006,cold,cold_full_size,val_cold,taerin kim,5375100.0,15.43459221894343,5048451.99665138,0.060770590937586216
T5-E006,cold,cold_full_size,val_cold,zinna yoo,8597400.0,15.871575219492446,7815153.938687838,0.0909863518403427
T5-E006,cold,cold_full_size,val_cold,zinna yoo,30008100.0,16.86591377170202,21123860.13619998,0.29606139221743527
T5-E006,cold,cold_full_size,val_cold,zinna yoo,1571820.0,14.46181148401349,1908468.1910018048,0.21417731737845605
T5-E006,cold,cold_full_size,val_cold,zinna yoo,1440720.0,14.396095176496887,1787082.8871911974,0.2404095779826735
T5-E006,cold,cold_full_size,val_cold,ransoo kim,645840.0,13.89131083395625,1078747.1009457686,0.6703008499717711
T5-E006,cold,cold_full_size,val_cold,zinna yoo,1542840.0,14.46181148401349,1908468.1910018048,0.23698386806266675
T5-E006,cold,cold_full_size,val_cold,da eun an,832140.0,14.586113563108093,2161068.9966862537,1.5970017024614291
T5-E006,cold,cold_full_size,val_cold,taerin kim,5375100.0,15.43459221894343,5048451.99665138,0.060770590937586216
T5-E006,cold,cold_full_size,val_cold,zinna yoo,4087560.0,15.214858607789166,4052557.040138069,0.008563289557078288
T5-E006,cold,cold_full_size,val_cold,zinna yoo,3033240.0,14.824556031271689,2742981.5159506733,0.09569255451244436
T5-E006,cold,cold_full_size,val_cold,zinna yoo,2012040.0,14.724680309751081,2482260.78504035,0.23370349746543317
T5-E006,cold,cold_full_size,val_cold,zinna yoo,10474200.0,15.613950975025706,6040219.890895387,0.42332398742668775
T5-E006,cold,cold_full_size,val_cold,zinna yoo,2771040.0,14.83004545057504,2758080.2954837973,0.004676837763512139
T5-E006,cold,cold_full_size,val_cold,ransoo kim,3105000.0,14.87027256820557,2871291.7345540924,0.07526836246245011
T5-E006,cold,cold_full_size,val_cold,ransoo kim,2525400.0,14.87027256820557,2871291.7345540924,0.13696512811993838
T5-E006,cold,cold_full_size,val_cold,gwanhee lee,4429800.0,15.671660620000225,6399053.3287115535,0.4445467806021837
T5-E006,cold,cold_full_size,val_cold,gwanhee lee,8804400.0,16.370111008371026,12866157.962228943,0.4613327384295287
T5-E006,cold,cold_full_size,val_cold,gwanhee lee,1669800.0,14.943617734184818,3089802.5099219736,0.8504027487854675
T5-E006,cold,cold_full_size,val_cold,gwanhee lee,1938900.0,15.275788598543063,4307156.926279601,1.2214435640206307
T5-E006,cold,cold_full_size,val_cold,zinna yoo,12344100.0,16.207108157653416,10930943.272383027,0.11448033697207356
T5-E006,cold,cold_full_size,val_cold,gwanhee lee,1669800.0,14.944404553093218,3092234.581634537,0.8518592535839842
T5-E006,cold,cold_full_size,val_cold,gwanhee lee,4733400.0,15.673860254420916,6413144.398592885,0.35487057899034197
T5-E006,cold,cold_full_size,val_cold,zinna yoo,3394800.0,14.794699375130834,2662295.757158062,0.21577242925708084
T5-E006,cold,cold_full_size,val_cold,gwanhee lee,2257680.0,15.277961425959687,4316525.809734125,0.9119298615101009
T5-E006,cold,cold_full_size,val_cold,gwanhee lee,731400.0,14.211478310130737,1485821.4022575654,1.0314758029225668
T5-E006,cold,cold_full_size,val_cold,gwanhee lee,1380000.0,14.949301413520084,3107413.958099405,1.2517492449995686
T5-E006,cold,cold_full_size,val_cold,gwanhee lee,4918320.0,15.67526803152313,6422179.034314967,0.3057668135287998
T5-E006,cold,cold_full_size,val_cold,seo yeongyeong,2656500.0,14.727920897816912,2490317.8174272813,0.06255681632701626
T5-E006,cold,cold_full_size,val_cold,zinna yoo,16704900.0,16.211727469130405,10981553.506319147,0.3426148311980828
T5-E006,cold,cold_full_size,val_cold,ransoo kim,703800.0,14.149295017034074,1396242.16380417,0.983862125325618
T5-E006,cold,cold_full_size,val_cold,zinna yoo,3201600.0,14.811305351084307,2706874.892085772,0.15452433405616817
T5-E006,cold,cold_full_size,val_cold,zinna yoo,3201600.0,14.811305351084307,2706874.892085772,0.15452433405616817
T5-E006,cold,cold_full_size,val_cold,zinna yoo,5216400.0,15.301380860469664,4418809.440729474,0.15290057496942838
T5-E006,cold,cold_full_size,val_cold,zinna yoo,5216400.0,15.301380860469664,4418809.440729474,0.15290057496942838
T5-E006,cold,cold_full_size,val_cold,zinna yoo,5216400.0,15.301380860469664,4418809.440729474,0.15290057496942838
T5-E006,cold,cold_full_size,val_cold,zinna yoo,20907000.0,16.211727469130405,10981553.506319147,0.4747427413632206
T5-E006,cold,cold_full_size,val_cold,ransoo kim,545100.0,13.379308936553155,646487.3670990898,0.18599773821150206
T5-E006,cold,cold_full_size,val_cold,ransoo kim,545100.0,13.681577945388373,874649.0029607597,0.6045661400857818
T5-E006,cold,cold_full_size,val_cold,ransoo kim,545100.0,13.562207281554898,776232.4331373628,0.4240184060490971
T5-E006,cold,cold_full_size,val_cold,nahyun lee,6085800.0,15.264435858814386,4258535.410644089,0.30025051584933965
T5-E006,cold,cold_full_size,val_cold,joanna jung,9101100.0,14.94172670870471,3083965.1356984344,0.6611436929933268
T5-E006,cold,cold_full_size,val_cold,joanna jung,7562400.0,14.580980417181767,2150004.3367219046,0.7156981465246609
T5-E006,cold,cold_full_size,val_cold,zinna yoo,3408600.0,14.96479380154115,3155930.0656871456,0.07412718838023072
T5-E006,cold,cold_full_size,val_cold,joanna jung,7990200.0,14.459989711290447,1904994.5607517695,0.7615836198403332
T5-E006,cold,cold_full_size,val_cold,sarah soh,3539700.0,14.789353285161171,2648100.8619162734,0.25188550953010896
T5-E006,cold,cold_full_size,val_cold,seo yeongyeong,3728760.0,14.40079951816837,1795509.7415477573,0.5184700164269738
T5-E006,cold,cold_full_size,val_cold,seo yeongyeong,2455020.0,14.166229943822701,1420088.773003026,0.4215571469873867
T5-E006,cold,cold_full_size,val_cold,seo yeongyeong,674820.0,13.546202108443254,763907.5923739836,0.1320168228179123
T5-E006,cold,cold_full_size,val_cold,seo yeongyeong,2482620.0,14.40079951816837,1795509.7415477573,0.27676819587864543
T5-E006,cold,cold_full_size,val_cold,seo yeongyeong,2917320.0,14.40079951816837,1795509.7415477573,0.3845345243073241
T5-E006,cold,cold_full_size,val_cold,seo yeongyeong,2252160.0,14.234080622916277,1519786.8046953958,0.32518701837551695
T5-E006,cold,cold_full_size,val_cold,seo yeongyeong,1123320.0,13.620568453668605,822882.2980271563,0.2674551347548728
T5-E006,cold,cold_full_size,val_cold,seo yeongyeong,3639060.0,14.966901149715554,3162587.721685383,0.13093278987282897
T5-E006,cold,cold_full_size,val_cold,seo yeongyeong,3538320.0,14.797558615806139,2669918.7943322407,0.2454275491385062
T5-E006,cold,cold_full_size,val_cold,seo yeongyeong,2179020.0,14.228636419773007,1511535.2585238356,0.30632336622709494
T5-E006,cold,cold_full_size,val_cold,seo yeongyeong,4076520.0,14.407543670034967,1807659.8569820204,0.5565678919809002
T5-E006,cold,cold_full_size,val_cold,seo yeongyeong,819720.0,13.541209504774171,760103.2093162271,0.0727282373051443
T5-E006,cold,cold_full_size,val_cold,seo yeongyeong,1399320.0,13.541209504774171,760103.2093162271,0.4568052987763863
T5-E006,cold,cold_full_size,val_cold,seo yeongyeong,3800520.0,14.600165914101323,2191651.471327426,0.42332852574715407
T5-E006,cold,cold_full_size,val_cold,seo yeongyeong,1468320.0,14.47712392693952,1937916.387775645,0.3198188322543076
T5-E006,cold,cold_full_size,val_cold,seo yeongyeong,1268220.0,13.897995576882453,1085982.4041259382,0.14369557006991043
T5-E006,cold,cold_full_size,val_cold,seo yeongyeong,978420.0,13.897995576882453,1085982.4041259382,0.10993479704619508
T5-E006,cold,cold_full_size,val_cold,nahyun lee,7576200.0,15.584558533036871,5865266.822321606,0.22582999098207468
T5-E006,cold,cold_full_size,val_cold,seo yeongyeong,819720.0,13.55599828235068,771427.7381870287,0.05891311888568209
T5-E006,cold,cold_full_size,val_cold,seo yeongyeong,327060.0,13.086752421777348,482507.8271862883,0.4752884094242289
T5-E006,cold,cold_full_size,val_cold,seo yeongyeong,1309620.0,14.234080622916277,1519786.8046953958,0.16047922656602354
T5-E006,cold,cold_full_size,val_cold,seo yeongyeong,1123320.0,13.610566868125852,814693.1906250111,0.2747452278736147
T5-E006,cold,cold_full_size,val_cold,seo yeongyeong,529920.0,13.086752421777348,482507.8271862883,0.08947043480848371
T5-E006,cold,cold_full_size,val_cold,seo yeongyeong,5202600.0,15.30239670993755,4423300.566716286,0.14979038044126275
T5-E006,cold,cold_full_size,val_cold,seo yeongyeong,2760000.0,14.598073402549515,2187070.2101487326,0.20758325719248819
T5-E006,cold,cold_full_size,val_cold,seo yeongyeong,2470200.0,14.405693886947098,1804319.1690765198,0.2695655537703345
T5-E006,cold,cold_full_size,val_cold,seo yeongyeong,2470200.0,14.405693886947098,1804319.1690765198,0.2695655537703345
T5-E006,cold,cold_full_size,val_cold,seo yeongyeong,2615100.0,14.405693886947098,1804319.1690765198,0.3100381748015297
T5-E006,cold,cold_full_size,val_cold,seo yeongyeong,4367700.0,14.493805477222564,1970514.9790203106,0.54884378986187
T5-E006,cold,cold_full_size,val_cold,seo yeongyeong,2061720.0,14.591088282786933,2171846.494439845,0.053414864501409004
T5-E006,cold,cold_full_size,val_cold,seo yeongyeong,2049300.0,14.579849578757996,2147574.4033965995,0.04795510827921703
T5-E006,cold,cold_full_size,val_cold,seo yeongyeong,1861620.0,14.005050728770872,1208693.6772141587,0.35073018273645606
T5-E006,cold,cold_full_size,val_cold,seo yeongyeong,385020.0,13.086752421777348,482507.8271862883,0.2532019821990762
T5-E006,cold,cold_full_size,val_cold,seo yeongyeong,2111400.0,13.086752421777348,482507.8271862883,0.7714749326578155
T5-E006,cold,cold_full_size,val_cold,zinna yoo,5840160.0,15.264745541426677,4259854.4092395175,0.27059285888751033
T5-E006,cold,cold_full_size,val_cold,seo yeongyeong,414000.0,13.086752421777348,482507.8271862883,0.16547784344514085
T5-E006,cold,cold_full_size,val_cold,seo yeongyeong,529920.0,13.086752421777348,482507.8271862883,0.08947043480848371
T5-E006,cold,cold_full_size,val_cold,ransoo kim,1642200.0,14.72894912538953,2492879.7477697344,0.5180122687673453
T5-E006,cold,cold_full_size,val_cold,seo yeongyeong,442980.0,13.086752421777348,482507.8271862883,0.0892316293879821
T5-E006,cold,cold_full_size,val_cold,seo yeongyeong,2105880.0,14.40079951816837,1795509.7415477573,0.14738268963675172
T5-E006,cold,cold_full_size,val_cold,seo yeongyeong,819720.0,13.086752421777348,482507.8271862883,0.4113748265428582
T5-E006,cold,cold_full_size,val_cold,seo yeongyeong,964620.0,13.086752421777348,482507.8271862883,0.4997949169763344
T5-E006,cold,cold_full_size,val_cold,ransoo kim,3581100.0,15.10049227594567,3614601.874394675,0.0093551909733531
T5-E006,cold,cold_full_size,val_cold,ransoo kim,6230700.0,15.395385652614923,4854349.439156094,0.22089822344903565
T5-E006,cold,cold_full_size,val_cold,ransoo kim,6085800.0,15.395385652614923,4854349.439156094,0.20234818115020314
T5-E006,cold,cold_full_size,val_cold,ransoo kim,3118800.0,14.874017694536171,2882065.2463208935,0.07590571812206826
T5-E006,cold,cold_full_size,val_cold,ransoo kim,1573200.0,14.010180632565776,1214910.0906647078,0.22774593779258337
T5-E006,cold,cold_full_size,val_cold,ransoo kim,3091200.0,14.70502206160793,2433940.389826591,0.21262280349812657
T5-E006,cold,cold_full_size,val_cold,seo yeongyeong,964620.0,13.086752421777348,482507.8271862883,0.4997949169763344
T5-E006,cold,cold_full_size,val_cold,seo yeongyeong,964620.0,13.086752421777348,482507.8271862883,0.4997949169763344
T5-E006,cold,cold_full_size,val_cold,seo yeongyeong,964620.0,13.086752421777348,482507.8271862883,0.4997949169763344
T5-E006,cold,cold_full_size,val_cold,seo yeongyeong,1109520.0,13.086752421777348,482507.8271862883,0.5651202076697236
T5-E006,cold,cold_full_size,val_cold,seo yeongyeong,1242000.0,13.086752421777348,482507.8271862883,0.6115073855182864
T5-E006,cold,cold_full_size,val_cold,seo yeongyeong,819720.0,13.086752421777348,482507.8271862883,0.4113748265428582
T5-E006,cold,cold_full_size,val_cold,joanna jung,545100.0,13.526348985571461,748891.1954845907,0.37386020085230365
T5-E006,cold,cold_full_size,val_cold,gwanhee lee,7210500.0,16.271299059015547,11655620.395419437,0.6164788011121888
T5-E006,cold,cold_full_size,val_cold,nahyun lee,9218400.0,15.361896412593241,4694472.978125011,0.4907496986326249
T5-E006,cold,cold_full_size,val_cold,zinna yoo,4462920.0,15.273342114482697,4296632.414788115,0.03725981761086579
T5-E006,cold,cold_full_size,val_cold,seo yeongyeong,2731020.0,14.005050728770872,1208693.6772141587,0.5574204226940269
T5-E006,cold,cold_full_size,val_cold,seo yeongyeong,1399320.0,13.086752421777348,482507.8271862883,0.6551840699866447
T5-E006,cold,cold_full_size,val_cold,seo yeongyeong,1399320.0,13.086752421777348,482507.8271862883,0.6551840699866447
T5-E006,cold,cold_full_size,val_cold,seo yeongyeong,1399320.0,13.086752421777348,482507.8271862883,0.6551840699866447
T5-E006,cold,cold_full_size,val_cold,seo yeongyeong,1399320.0,13.086752421777348,482507.8271862883,0.6551840699866447
T5-E006,cold,cold_full_size,val_cold,seo yeongyeong,1254420.0,13.086752421777348,482507.8271862883,0.6153538470478083
T5-E006,cold,cold_full_size,val_cold,seo yeongyeong,1254420.0,13.086752421777348,482507.8271862883,0.6153538470478083
T5-E006,cold,cold_full_size,val_cold,seo yeongyeong,1254420.0,13.086752421777348,482507.8271862883,0.6153538470478083
T5-E006,cold,cold_full_size,val_cold,seo yeongyeong,964620.0,13.086752421777348,482507.8271862883,0.4997949169763344
T5-E006,cold,cold_full_size,val_cold,seo yeongyeong,964620.0,13.086752421777348,482507.8271862883,0.4997949169763344
T5-E006,cold,cold_full_size,val_cold,seo yeongyeong,2282520.0,13.75763559464409,943767.9456700336,0.5865236906270116
T5-E006,cold,cold_full_size,val_cold,seo yeongyeong,2427420.0,13.745906255114068,932762.8384879563,0.6157389992304767
T5-E006,cold,cold_full_size,val_cold,seo yeongyeong,1254420.0,13.086752421777348,482507.8271862883,0.6153538470478083
T5-E006,cold,cold_full_size,val_cold,seo yeongyeong,1254420.0,13.086752421777348,482507.8271862883,0.6153538470478083
T5-E006,cold,cold_full_size,val_cold,seo yeongyeong,1109520.0,13.086752421777348,482507.8271862883,0.5651202076697236
T5-E006,cold,cold_full_size,val_cold,seo yeongyeong,1254420.0,13.086752421777348,482507.8271862883,0.6153538470478083
T5-E006,cold,cold_full_size,val_cold,seo yeongyeong,1254420.0,13.086752421777348,482507.8271862883,0.6153538470478083
T5-E006,cold,cold_full_size,val_cold,seo yeongyeong,1254420.0,13.086752421777348,482507.8271862883,0.6153538470478083
T5-E006,cold,cold_full_size,val_cold,seo yeongyeong,1109520.0,13.086752421777348,482507.8271862883,0.5651202076697236
T5-E006,cold,cold_full_size,val_cold,seo yeongyeong,1399320.0,13.086752421777348,482507.8271862883,0.6551840699866447
T5-E006,cold,cold_full_size,val_cold,seo yeongyeong,1254420.0,13.42343522417132,675653.2125241294,0.46138198328779084
T5-E006,cold,cold_full_size,val_cold,seo yeongyeong,964620.0,13.086752421777348,482507.8271862883,0.4997949169763344
T5-E006,cold,cold_full_size,val_cold,seo yeongyeong,964620.0,13.086752421777348,482507.8271862883,0.4997949169763344
T5-E006,cold,cold_full_size,val_cold,seo yeongyeong,1399320.0,13.42343522417132,675653.2125241294,0.5171560382727829
T5-E006,cold,cold_full_size,val_cold,seo yeongyeong,1109520.0,13.086752421777348,482507.8271862883,0.5651202076697236
T5-E006,cold,cold_full_size,val_cold,seo yeongyeong,1109520.0,13.086752421777348,482507.8271862883,0.5651202076697236
T5-E006,cold,cold_full_size,val_cold,seo yeongyeong,1109520.0,13.086752421777348,482507.8271862883,0.5651202076697236
T5-E006,cold,cold_full_size,val_cold,seo yeongyeong,1254420.0,13.086752421777348,482507.8271862883,0.6153538470478083
T5-E006,cold,cold_full_size,val_cold,seo yeongyeong,1109520.0,13.086752421777348,482507.8271862883,0.5651202076697236
T5-E006,cold,cold_full_size,val_cold,seo yeongyeong,964620.0,13.086752421777348,482507.8271862883,0.4997949169763344
T5-E006,cold,cold_full_size,val_cold,seo yeongyeong,1109520.0,13.42343522417132,675653.2125241294,0.39104007812015157
T5-E006,cold,cold_full_size,val_cold,seo yeongyeong,964620.0,13.086752421777348,482507.8271862883,0.4997949169763344
T5-E006,cold,cold_full_size,val_cold,seo yeongyeong,1109520.0,13.086752421777348,482507.8271862883,0.5651202076697236
T5-E006,cold,cold_full_size,val_cold,seo yeongyeong,1109520.0,13.086752421777348,482507.8271862883,0.5651202076697236
T5-E006,cold,cold_full_size,val_cold,seo yeongyeong,964620.0,13.086752421777348,482507.8271862883,0.4997949169763344
T5-E006,cold,cold_full_size,val_cold,lee mong,6648840.0,16.304310361291126,12046808.90046232,0.8118662654631966
T5-E006,cold,cold_full_size,val_cold,seo yeongyeong,3062220.0,14.40079951816837,1795509.7415477573,0.4136574963432551
T5-E006,cold,cold_full_size,val_cold,seo yeongyeong,3339600.0,14.40079951816837,1795509.7415477573,0.4623578447874724
T5-E006,cold,cold_full_size,val_cold,seo yeongyeong,4962480.0,13.991516875467001,1192445.5919051522,0.7597077284129805
T5-E006,cold,cold_full_size,val_cold,ransoo kim,1945800.0,14.747651103115265,2539940.219569681,0.30534495815072527
T5-E006,cold,cold_full_size,val_cold,ransoo kim,3105000.0,14.835518563289972,2773216.9643804664,0.1068544398130543
T5-E006,cold,cold_full_size,val_cold,ransoo kim,5361300.0,15.351326178934084,4645112.636595757,0.1335846461500463
T5-E006,cold,cold_full_size,val_cold,ransoo kim,1945800.0,14.747651103115265,2539940.219569681,0.30534495815072527
T5-E006,cold,cold_full_size,val_cold,ransoo kim,1932000.0,14.701112423273688,2424443.140677269,0.25488775397374175
T5-E006,cold,cold_full_size,val_cold,ransoo kim,3118800.0,14.943915583385298,3090722.9421974,0.009002519495511048
T5-E006,cold,cold_full_size,val_cold,ransoo kim,4636800.0,15.30135947241789,4418714.932015058,0.04703352915479261
T5-E006,cold,cold_full_size,val_cold,ransoo kim,3898500.0,15.220838262529302,4076862.528845422,0.04575157851620417
T5-E006,cold,cold_full_size,val_cold,ransoo kim,3105000.0,14.835518563289972,2773216.9643804664,0.1068544398130543
T5-E006,cold,cold_full_size,val_cold,seo yeongyeong,2704800.0,13.607034600364734,811820.5525827416,0.6998593047239198
T5-E006,cold,cold_full_size,val_cold,lee mong,960480.0,14.74816169543318,2541237.4246770535,1.6457994176630992
T5-E006,cold,cold_full_size,val_cold,seo yeongyeong,3588000.0,13.991516875467001,1192445.5919051522,0.6676573043742607
T5-E006,cold,cold_full_size,val_cold,seo yeongyeong,4409100.0,14.877845297609566,2893117.786990946,0.3438303084550257
T5-E006,cold,cold_full_size,val_cold,seo yeongyeong,4345620.0,15.29729009658686,4400770.057249987,0.012690952556824243
T5-E006,cold,cold_full_size,val_cold,zinna yoo,818340.0,13.242175002007352,563642.2394579449,0.3112370903805938
T5-E006,cold,cold_full_size,val_cold,zinna yoo,818340.0,13.242175002007352,563642.2394579449,0.3112370903805938
T5-E006,cold,cold_full_size,val_cold,zinna yoo,1571820.0,14.477408254281396,1938467.4687309398,0.23326301276923553
T5-E006,cold,cold_full_size,val_cold,zinna yoo,3018060.0,14.836527488175992,2776016.3439345495,0.08019842417495031
T5-E006,cold,cold_full_size,val_cold,zinna yoo,1614600.0,14.383013034386464,1763856.273085106,0.09244164070674218
T5-E006,cold,cold_full_size,val_cold,zinna yoo,1556640.0,14.3743140282229,1748579.0212868056,0.12330341073517681
T5-E006,cold,cold_full_size,val_cold,zinna yoo,1556640.0,14.392359165961395,1780418.7830298678,0.14375756952787272
T5-E006,cold,cold_full_size,val_cold,zinna yoo,16744920.0,16.327641428323624,12331178.227038356,0.26358691310329607
T5-E006,cold,cold_full_size,val_cold,zinna yoo,1614600.0,14.383013034386464,1763856.273085106,0.09244164070674218
T5-E006,cold,cold_full_size,val_cold,taerin kim,4305600.0,15.093929288135314,3590956.961861103,0.16597989551720949
T5-E006,cold,cold_full_size,val_cold,taerin kim,4347000.0,15.273342114482697,4296632.414788115,0.01158674608048888
T5-E006,cold,cold_full_size,val_cold,taerin kim,5375100.0,15.463915567768483,5198681.365147875,0.032821460968563435
T5-E006,cold,cold_full_size,val_cold,taerin kim,4347000.0,15.3008609495339,4416512.650493103,0.015990947893513477
T5-E006,cold,cold_full_size,val_cold,taerin kim,1773300.0,14.352714404429399,1711215.345561225,0.03501080157828627
T5-E006,cold,cold_full_size,val_cold,taerin kim,1773300.0,14.352714404429399,1711215.345561225,0.03501080157828627
T5-E006,cold,cold_full_size,val_cold,taerin kim,1773300.0,14.352714404429399,1711215.345561225,0.03501080157828627
T5-E006,cold,cold_full_size,val_cold,taerin kim,2829000.0,14.962576863633767,3148941.314367705,0.11309343031732239
T5-E006,cold,cold_full_size,val_cold,taerin kim,6186540.0,15.476728962460854,5265722.717763116,0.14884204777418142
T5-E006,cold,cold_full_size,val_cold,ransoo kim,1800900.0,14.752781006910169,2553003.3461849503,0.4176263791354047
T5-E006,cold,cold_full_size,val_cold,ransoo kim,3118800.0,14.949045487180202,3106618.790775081,0.003905735932063248
T5-E006,cold,cold_full_size,val_cold,ransoo kim,674820.0,13.89131083395625,1078747.1009457686,0.5985701386232901
T5-E006,cold,cold_full_size,val_cold,zinna yoo,2718600.0,15.27386202541846,4298866.861773896,0.5812796519436092
T5-E006,cold,cold_full_size,val_cold,sarah soh,4581600.0,14.987606147694153,3228751.6928404165,0.2952785723676409
T5-E006,cold,cold_full_size,val_cold,zinna yoo,5658000.0,15.260126229949687,4240222.193445881,0.2505793224733332
T5-E006,cold,cold_full_size,val_cold,zinna yoo,1062600.0,14.20127529681146,1470738.6224466648,0.3840943181316251
T5-E006,cold,cold_full_size,val_cold,zinna yoo,1542840.0,14.472788942804407,1929533.7334435254,0.2506376120942712
T5-E006,cold,cold_full_size,val_cold,gwanhee lee,1587000.0,14.74803953943231,2540927.016235511,0.6010882269915002
T5-E006,cold,cold_full_size,val_cold,gwanhee lee,1407600.0,14.465073276742094,1914703.3820923008,0.36026099892888663
T5-E006,cold,cold_full_size,val_cold,gwanhee lee,2359800.0,15.276572364278522,4310534.0515603265,0.8266522805154363
T5-E006,cold,cold_full_size,val_cold,gwanhee lee,6900000.0,16.266169155220645,11595981.286355069,0.6805769980224737
T5-E006,cold,cold_full_size,val_cold,hagley art,833520.0,13.374179032758251,643179.4410267612,0.2283575186837014
T5-E006,cold,cold_full_size,val_cold,artist aeun,234600.0,13.025933239018743,454036.66742649436,0.9353651637957986
T5-E006,cold,cold_full_size,val_cold,artist aeun,317400.0,13.21971307201771,551122.877818722,0.7363669748541968
T5-E006,cold,cold_full_size,val_cold,artist aeun,234600.0,12.55107836248945,282399.5983959207,0.2037493537763031
T5-E006,cold,cold_full_size,val_cold,artist aeun,303600.0,12.91081759058269,404666.1117270978,0.332892331116923
T5-E006,cold,cold_full_size,val_cold,zinna yoo,1131600.0,14.399553362533581,1793273.6505140997,0.5847239753571047
T5-E006,cold,cold_full_size,val_cold,zinna yoo,593400.0,13.611982394360972,815847.2268014592,0.3748689363017513
T5-E006,cold,cold_full_size,val_cold,zinna yoo,510600.0,13.373438333160193,642703.2146654236,0.2587215328347505
T5-E006,cold,cold_full_size,val_cold,zinna yoo,4319400.0,15.301057187546983,4417379.423204483,0.02268357253426019
T5-E006,cold,cold_full_size,val_cold,zinna yoo,10170600.0,15.913652667489389,8151012.148363741,0.19857116115433296
T5-E006,cold,cold_full_size,val_cold,zinna yoo,1076400.0,14.343097766695232,1694838.0808223954,0.5745429959331061
T5-E006,cold,cold_full_size,val_cold,zinna yoo,993600.0,14.327113077118387,1667961.9954158512,0.6787057119724751
T5-E006,cold,cold_full_size,val_cold,zinna yoo,1104000.0,14.353400996797788,1712390.6563917096,0.5510784931084326
T5-E006,cold,cold_full_size,val_cold,zinna yoo,1301340.0,14.472803843950615,1929562.4859220237,0.4827504617717304
T5-E006,cold,cold_full_size,val_cold,zinna yoo,1104000.0,14.472803843950615,1929562.4859220237,0.7477921068134272
T5-E006,cold,cold_full_size,val_cold,zinna yoo,1104000.0,14.392223049306468,1780176.4548735758,0.6124786728927317
T5-E006,cold,cold_full_size,val_cold,zinna yoo,1304100.0,14.297314536925311,1618992.3976237574,0.2414633828876293
T5-E006,cold,cold_full_size,val_cold,zinna yoo,1304100.0,14.250380375166248,1544761.944428587,0.18454255381380807
T5-E006,cold,cold_full_size,val_cold,zinna yoo,6030600.0,15.615520599769434,6049708.214099089,0.0031685427816616394
T5-E006,cold,cold_full_size,val_cold,zinna yoo,6527400.0,15.560888945266143,5728068.493791619,0.1224578708533843
T5-E006,cold,cold_full_size,val_cold,zinna yoo,1214400.0,14.202407162464977,1472404.243430484,0.2124540871463143
T5-E006,cold,cold_full_size,val_cold,zinna yoo,1849200.0,14.785050140084953,2636730.1821193364,0.4258761529955313
T5-E006,cold,cold_full_size,val_cold,zinna yoo,2635800.0,14.784391174890112,2634993.2410558397,0.00030607745055023333
T5-E006,cold,cold_full_size,val_cold,zinna yoo,2387400.0,14.626992677825122,2251242.125935554,0.05703186481714248
T5-E006,cold,cold_full_size,val_cold,zinna yoo,1324800.0,14.342587174377318,1693972.930406593,0.2786631419131892
T5-E006,cold,cold_full_size,val_cold,zinna yoo,1214400.0,14.392223049306468,1780176.4548735758,0.4658897026297561
T5-E006,cold,cold_full_size,val_cold,zinna yoo,1021200.0,14.086541360455145,1311315.461545044,0.284092696381751
T5-E006,cold,cold_full_size,val_cold,zinna yoo,966000.0,14.14000593620285,1383332.4101856179,0.43202112855654023
T5-E006,cold,cold_full_size,val_cold,zinna yoo,1228200.0,14.291177749820877,1609087.4094429747,0.3101183923163774
T5-E006,cold,cold_full_size,val_cold,zinna yoo,2208000.0,14.862591847785673,2849322.6228023726,0.290454086414118
T5-E006,cold,cold_full_size,val_cold,zinna yoo,676200.0,13.528703807874422,750656.7791762616,0.11011058736507191
T5-E006,cold,cold_full_size,val_cold,zinna yoo,841800.0,13.979201521004951,1177850.2595795568,0.39920439484385456
T5-E006,cold,cold_full_size,val_cold,zinna yoo,1145400.0,14.353400996797788,1712390.6563917096,0.4950154150442724
T5-E006,cold,cold_full_size,val_cold,zinna yoo,2194200.0,14.796740170838545,2667734.506712669,0.2158119162850556
T5-E006,cold,cold_full_size,val_cold,zinna yoo,2626140.0,14.862591847785673,2849322.6228023726,0.08498504375333095
T5-E006,cold,cold_full_size,val_cold,zinna yoo,1269600.0,14.396605768814801,1787995.5909748143,0.4083141075731051
T5-E006,cold,cold_full_size,val_cold,zinna yoo,1380000.0,14.396605768814801,1787995.5909748143,0.2956489789672567
T5-E006,cold,cold_full_size,val_cold,zinna yoo,2628900.0,14.824341562218564,2742393.294382124,0.04317140035076428
T5-E006,cold,cold_full_size,val_cold,zinna yoo,1849200.0,14.720060998274093,2470820.891864124,0.3361566579407983
T5-E006,cold,cold_full_size,val_cold,zinna yoo,1269600.0,14.248775404802116,1542284.6358233676,0.2147799589030936
T5-E006,cold,cold_full_size,val_cold,zinna yoo,2249400.0,14.819936719794699,2730340.0498662223,0.21380814878021798
T5-E006,cold,cold_full_size,val_cold,zinna yoo,1242000.0,14.250380375166248,1544761.944428587,0.24376968150449846
T5-E006,cold,cold_full_size,val_cold,zinna yoo,2263200.0,14.862591847785673,2849322.6228023726,0.25897959650157854
T5-E006,cold,cold_full_size,val_cold,zinna yoo,1214400.0,14.373892196887114,1747841.571413198,0.439263481071474
T5-E006,cold,cold_full_size,val_cold,zinna yoo,1283400.0,14.461736159471005,1908324.4419224565,0.4869288155855201
T5-E006,cold,cold_full_size,val_cold,zinna yoo,1283400.0,14.461736159471005,1908324.4419224565,0.4869288155855201
T5-E006,cold,cold_full_size,val_cold,zinna yoo,1228200.0,14.26389605483595,1565782.1834581664,0.27485929283355026
T5-E006,cold,cold_full_size,val_cold,zinna yoo,1228200.0,14.26389605483595,1565782.1834581664,0.27485929283355026
T5-E006,cold,cold_full_size,val_cold,zinna yoo,1228200.0,14.26389605483595,1565782.1834581664,0.27485929283355026
T5-E006,cold,cold_full_size,val_cold,zinna yoo,1228200.0,14.26389605483595,1565782.1834581664,0.27485929283355026
T5-E006,cold,cold_full_size,val_cold,zinna yoo,1324800.0,14.26389605483595,1565782.1834581664,0.1819008027311039
T5-E006,cold,cold_full_size,val_cold,zinna yoo,621000.0,13.354548923784188,630676.8733692496,0.015582726842592
T5-E006,cold,cold_full_size,val_cold,zinna yoo,993600.0,14.058952296008636,1275631.9948608887,0.2838486260677221
T5-E006,cold,cold_full_size,val_cold,zinna yoo,1752600.0,14.58461708819067,2157837.4297204223,0.23122071763118923
T5-E006,cold,cold_full_size,val_cold,zinna yoo,1407600.0,14.467553327870103,1919457.837584297,0.36363870246113733
T5-E006,cold,cold_full_size,val_cold,zinna yoo,1614600.0,14.391027290410289,1778049.065216932,0.10123192444997645
T5-E006,cold,cold_full_size,val_cold,zinna yoo,1380000.0,14.400907795977137,1795704.1659339252,0.30123490285067045
T5-E006,cold,cold_full_size,val_cold,zinna yoo,3933000.0,15.303598978720713,4428621.761018132,0.12601621180222014
T5-E006,cold,cold_full_size,val_cold,zinna yoo,1255800.0,14.378650856765,1756178.7762000544,0.39845419350219335
T5-E006,cold,cold_full_size,val_cold,zinna yoo,779700.0,13.98398591701115,1183499.0639406026,0.5178902961916155
T5-E006,cold,cold_full_size,val_cold,zinna yoo,6610200.0,15.667116532827688,6370041.438764192,0.03633151209279717
T5-E006,cold,cold_full_size,val_cold,zinna yoo,1021200.0,14.344798559877587,1697723.1025926745,0.662478557180449
T5-E006,cold,cold_full_size,val_cold,zinna yoo,931500.0,14.195935733210685,1462906.4488351047,0.5704846471659739
T5-E006,cold,cold_full_size,val_cold,zinna yoo,1255800.0,14.452844552940535,1891431.5854653595,0.506156701278356
T5-E006,cold,cold_full_size,val_cold,zinna yoo,2194200.0,14.796740170838545,2667734.506712669,0.2158119162850556
T5-E006,cold,cold_full_size,val_cold,zinna yoo,1214400.0,14.461736159471005,1908324.4419224565,0.5714134073801519
T5-E006,cold,cold_full_size,val_cold,zinna yoo,3339600.0,15.178637767251667,3908396.584838999,0.17031877615253294
T5-E006,cold,cold_full_size,val_cold,zinna yoo,3132600.0,15.094832039150441,3594200.1655861726,0.1473536888163738
T5-E006,cold,cold_full_size,val_cold,zinna yoo,945300.0,14.195935733210685,1462906.4488351047,0.5475578639956677
T5-E006,cold,cold_full_size,val_cold,zinna yoo,2346000.0,14.9659560353832,3159600.126734085,0.3468031230750575
T5-E006,cold,cold_full_size,val_cold,zinna yoo,1242000.0,14.452844552940535,1891431.5854653595,0.5228917757370044
T5-E006,cold,cold_full_size,val_cold,zinna yoo,1255800.0,14.671763139927366,2354321.515090927,0.8747583334057389
T5-E006,cold,cold_full_size,val_cold,zinna yoo,945300.0,14.195935733210685,1462906.4488351047,0.5475578639956677
T5-E006,cold,cold_full_size,val_cold,gwanhee lee,1807800.0,15.27716741732187,4313099.811272017,1.3858279739307537
T5-E006,cold,cold_full_size,val_cold,zinna yoo,1214400.0,14.24507837743167,1536593.2943168138,0.26531068372596656
T5-E006,cold,cold_full_size,val_cold,zinna yoo,703800.0,13.973213300911427,1170818.10903426,0.6635665090000853
T5-E006,cold,cold_full_size,val_cold,zinna yoo,3036000.0,15.178637767251667,3908396.584838999,0.28735065376778623
T5-E006,cold,cold_full_size,val_cold,zinna yoo,703800.0,13.973213300911427,1170818.10903426,0.6635665090000853
T5-E006,cold,cold_full_size,val_cold,zinna yoo,2346000.0,14.9659560353832,3159600.126734085,0.3468031230750575
T5-E006,cold,cold_full_size,val_cold,zinna yoo,1214400.0,14.378650856765,1756178.7762000544,0.44612876828067727
T5-E006,cold,cold_full_size,val_cold,zinna yoo,5188800.0,15.620650503564338,6080822.373313276,0.17191303833512106
T5-E006,cold,cold_full_size,val_cold,zinna yoo,9591000.0,16.20683758679312,10927986.077741377,0.1394000706643079
T5-E006,cold,cold_full_size,val_cold,zinna yoo,945300.0,14.195935733210685,1462906.4488351047,0.5475578639956677
T5-E006,cold,cold_full_size,val_cold,zinna yoo,11109000.0,16.20683758679312,10927986.077741377,0.016294348929572683
T5-E006,cold,cold_full_size,val_cold,zinna yoo,1214400.0,14.378650856765,1756178.7762000544,0.44612876828067727
T5-E006,cold,cold_full_size,val_cold,zinna yoo,814200.0,13.986957680822247,1187021.374774984,0.4578990110230706
T5-E006,cold,cold_full_size,val_cold,zinna yoo,3988200.0,15.275638673133171,4306511.22241688,0.07981325470560142
T5-E006,cold,cold_full_size,val_cold,eunju park,4733400.0,15.383988929748844,4799339.823982846,0.013930752520988294
T5-E006,cold,cold_full_size,val_cold,eunju park,3919200.0,16.27036943859263,11644790.127457196,1.9712160970241877
T5-E006,cold,cold_full_size,val_cold,eunju park,1766400.0,15.189121796095758,3949587.875413967,1.235953280918233
T5-E006,cold,cold_full_size,val_cold,zinna yoo,1232340.0,14.461736159471005,1908324.4419224565,0.5485372883477421
T5-E006,cold,cold_full_size,val_cold,zinna yoo,3988200.0,15.17322732665942,3887307.539264613,0.025297743527252187
T5-E006,cold,cold_full_size,val_cold,zinna yoo,1232340.0,14.466355470947995,1917159.9782549634,0.5557070112590384
T5-E006,cold,cold_full_size,val_cold,zinna yoo,1214400.0,14.46183308421285,1908509.4147404227,0.5715657236004799
T5-E006,cold,cold_full_size,val_cold,zinna yoo,1610460.0,14.701762984823194,2426020.9033237663,0.5064148773168947
T5-E006,cold,cold_full_size,val_cold,gwanhee lee,1863000.0,15.275788598543063,4307156.926279601,1.3119468203325821
T5-E006,cold,cold_full_size,val_cold,zinna yoo,1221300.0,14.38327016824199,1764309.8785653638,0.444616292938151
T5-E006,cold,cold_full_size,val_cold,hyeong gil choi,10819200.0,15.682801994106459,6470746.212790709,0.40192008533064283
T5-E006,cold,cold_full_size,val_cold,zinna yoo,11136600.0,16.19426697127928,10791474.382068245,0.030990214062797915
T5-E006,cold,cold_full_size,val_cold,zinna yoo,2311500.0,14.796740170838545,2667734.506712669,0.15411399814521698
T5-E006,cold,cold_full_size,val_cold,zinna yoo,1745700.0,14.717328778943516,2464079.281234277,0.4115135941079664
T5-E006,cold,cold_full_size,val_cold,zinna yoo,1745700.0,14.720060998274093,2470820.891864124,0.4153754321270116
T5-E006,cold,cold_full_size,val_cold,zinna yoo,1596660.0,14.655169740496598,2315577.652969169,0.45026345807446105
T5-E006,cold,cold_full_size,val_cold,zinna yoo,6313500.0,15.664396269469549,6352736.795712658,0.006214745499747874
T5-E006,cold,cold_full_size,val_cold,zinna yoo,10267200.0,15.979805708202878,8708461.59602554,0.15181728260620816
T5-E006,cold,cold_full_size,val_cold,zinna yoo,5119800.0,15.61578295802897,6051295.613241368,0.1819398439863604
T5-E006,cold,cold_full_size,val_cold,zinna yoo,1938900.0,14.701837762887285,2426202.3232533922,0.25132927085120027
T5-E006,cold,cold_full_size,val_cold,zinna yoo,1304100.0,14.3743140282229,1748579.0212868056,0.34083200773468725
T5-E006,cold,cold_full_size,val_cold,zinna yoo,1007400.0,14.469448387931953,1923098.7742799406,0.9089723786777255
T5-E006,cold,cold_full_size,val_cold,zinna yoo,1725000.0,14.76225616468102,2577308.4210496596,0.49409183828965775
T5-E006,cold,cold_full_size,val_cold,zinna yoo,1952700.0,14.743910274646884,2530456.488453452,0.29587570464149743
T5-E006,cold,cold_full_size,val_cold,zinna yoo,1110900.0,14.46643079549048,1917304.3928921095,0.7259018749591407
T5-E006,cold,cold_full_size,val_cold,zinna yoo,9108000.0,16.211727469130405,10981553.506319147,0.20570416187078905
T5-E006,cold,cold_full_size,val_cold,zinna yoo,1104000.0,14.45771904840193,1900673.8675750939,0.7216248800499039
T5-E006,cold,cold_full_size,val_cold,zinna yoo,1007400.0,14.3743140282229,1748579.0212868056,0.7357345853551773
T5-E006,cold,cold_full_size,val_cold,zinna yoo,2628900.0,14.794699375130834,2662295.757158062,0.012703319699517652
T5-E006,cold,cold_full_size,val_cold,gwanhee lee,2152800.0,15.275638673133171,4306511.22241688,1.0004232731405052
T5-E006,cold,cold_full_size,val_cold,zinna yoo,4057200.0,15.181585605884141,3919934.9054810614,0.03383246931848037
T5-E006,cold,cold_full_size,val_cold,zinna yoo,730020.0,13.977239079830975,1175541.0643044154,0.6102861076469348
T5-E006,cold,cold_full_size,val_cold,zinna yoo,730020.0,13.977239079830975,1175541.0643044154,0.6102861076469348
T5-E006,cold,cold_full_size,val_cold,sarah soh,2380500.0,14.84400763306919,2796859.205039381,0.1749040978951401
T5-E006,cold,cold_full_size,val_cold,gwanhee lee,993600.0,14.470871128716169,1925836.7926215096,0.938241538467703
T5-E006,cold,cold_full_size,val_cold,sarah soh,13703400.0,15.965025085219605,8580691.693901489,0.37382753959590403
T5-E006,cold,cold_full_size,val_cold,zinna yoo,2635800.0,14.794699375130834,2662295.757158062,0.01005226388878593
T5-E006,cold,cold_full_size,val_cold,seo yeongyeong,841800.0,14.387112425103284,1771101.8501957431,1.1039461275786921
T5-E006,cold,cold_full_size,val_cold,seo yeongyeong,441600.0,14.40150038607514,1796768.597796343,3.068769469647516
T5-E006,cold,cold_full_size,val_cold,zinna yoo,7134600.0,15.712506924410858,6665842.594674316,0.0657019882440058
T5-E006,cold,cold_full_size,val_cold,zinna yoo,1338600.0,14.458239557901432,1901663.4438982182,0.4206360704454043
T5-E006,cold,cold_full_size,val_cold,zinna yoo,1304100.0,14.46643079549048,1917304.3928921095,0.4702127082985273
T5-E006,cold,cold_full_size,val_cold,zinna yoo,1076400.0,14.205370425747459,1476773.835790889,0.3719563691851441
T5-E006,cold,cold_full_size,val_cold,zinna yoo,1304100.0,14.46643079549048,1917304.3928921095,0.4702127082985273
T5-E006,cold,cold_full_size,val_cold,zinna yoo,1062600.0,14.20127529681146,1470738.6224466648,0.3840943181316251
T5-E006,cold,cold_full_size,val_cold,zinna yoo,1062600.0,14.20127529681146,1470738.6224466648,0.3840943181316251
T5-E006,cold,cold_full_size,val_cold,zinna yoo,7838400.0,15.664396269469549,6352736.795712658,0.18953653861596012
T5-E006,cold,cold_full_size,val_cold,zinna yoo,1407600.0,14.46643079549048,1917304.3928921095,0.3621088326883415
T5-E006,cold,cold_full_size,val_cold,zinna yoo,2842800.0,14.952581288307947,3117622.6192094195,0.09667321626896704
T5-E006,cold,cold_full_size,val_cold,zinna yoo,4981800.0,15.301380860469664,4418809.440729474,0.11300946631147904
T5-E006,cold,cold_full_size,val_cold,zinna yoo,2249400.0,14.58524028529075,2159182.6068607774,0.040107314456843
T5-E006,cold,cold_full_size,val_cold,zinna yoo,1973400.0,14.58524028529075,2159182.6068607774,0.0941434107939482
T5-E006,cold,cold_full_size,val_cold,zinna yoo,1407600.0,14.458239557901432,1901663.4438982182,0.3509970473843551
T5-E006,cold,cold_full_size,val_cold,sarah soh,2001000.0,14.832914258721777,2766004.0591492928,0.3823108741375776
T5-E006,cold,cold_full_size,val_cold,zinna yoo,1338600.0,14.458239557901432,1901663.4438982182,0.4206360704454043
T5-E006,cold,cold_full_size,val_cold,sarah soh,1518000.0,14.137461655590505,1379817.2979661042,0.09102944798016849
T5-E006,cold,cold_full_size,val_cold,zinna yoo,1338600.0,14.463457579990187,1911612.299855187,0.42806835488957645
T5-E006,cold,cold_full_size,val_cold,zinna yoo,1407600.0,14.463457579990187,1911612.299855187,0.3580650041596953
T5-E006,cold,cold_full_size,val_cold,zinna yoo,2691000.0,14.82887853091256,2754863.7144671157,0.023732335364963098
T5-E006,cold,cold_full_size,val_cold,zinna yoo,4043400.0,15.09402822893694,3591312.2715985402,0.11180880654930497
T5-E006,cold,cold_full_size,val_cold,zinna yoo,1407600.0,14.46181148401349,1908468.1910018048,0.3558313377392759
T5-E006,cold,cold_full_size,val_cold,geum sahong,42228000.0,16.340973510947283,12496679.299594594,0.7040665127499622
T5-E006,cold,cold_full_size,val_cold,zinna yoo,1338600.0,14.46181148401349,1908468.1910018048,0.4257195510248056
T5-E006,cold,cold_full_size,val_cold,geum sahong,10755720.0,14.994562532540312,3251290.435382208,0.6977152217255369
T5-E006,cold,cold_full_size,val_cold,geum sahong,10755720.0,14.994562532540312,3251290.435382208,0.6977152217255369
T5-E006,cold,cold_full_size,val_cold,geum sahong,10893720.0,15.480769245666552,5287040.765300838,0.5146707676256744
T5-E006,cold,cold_full_size,val_cold,geum sahong,9949800.0,14.994562532540312,3251290.435382208,0.6732305739429729
T5-E006,cold,cold_full_size,val_cold,zinna yoo,1476600.0,14.3743140282229,1748579.0212868056,0.1841927544946537
T5-E006,cold,cold_full_size,val_cold,zinna yoo,1407600.0,14.46181148401349,1908468.1910018048,0.3558313377392759
T5-E006,cold,cold_full_size,val_cold,zinna yoo,4209000.0,15.264424415054599,4258486.677266652,0.011757347889439716
T5-E006,cold,cold_full_size,val_cold,zinna yoo,3256800.0,14.96479380154115,3155930.0656871456,0.030972099703038082
T5-E006,cold,cold_full_size,val_cold,zinna yoo,1476600.0,14.46181148401349,1908468.1910018048,0.29247473317202005
T5-E006,cold,cold_full_size,val_cold,zinna yoo,1476600.0,14.46181148401349,1908468.1910018048,0.29247473317202005
T5-E006,cold,cold_full_size,val_cold,zinna yoo,1476600.0,14.46181148401349,1908468.1910018048,0.29247473317202005
T5-E006,cold,cold_full_size,val_cold,zinna yoo,2884200.0,14.802688519601043,2683650.4117121007,0.06953387015044007
T5-E006,cold,cold_full_size,val_cold,zinna yoo,1932000.0,14.46181148401349,1908468.1910018048,0.01218002536138469
T5-E006,cold,cold_full_size,val_cold,zinna yoo,1701540.0,14.395646601887279,1786281.4269535334,0.04980278274594393
T5-E006,cold,cold_full_size,val_cold,zinna yoo,1556640.0,14.46181148401349,1908468.1910018048,0.226017699019558
T5-E006,cold,cold_full_size,val_cold,cheyoung yoon,1973400.0,14.468093876408716,1920495.6781896723,0.026808716839124204
T5-E006,cold,cold_full_size,val_cold,seo yeongyeong,1820220.0,14.40079951816837,1795509.7415477573,0.013575424098319272
T5-E006,cold,cold_full_size,val_cold,seo yeongyeong,385020.0,15.354050176093498,4657783.159622594,11.097509634882847
T5-E006,cold,cold_full_size,val_cold,zinna yoo,1542840.0,14.46181148401349,1908468.1910018048,0.23698386806266675
T5-E006,cold,cold_full_size,val_cold,zinna yoo,1542840.0,14.46181148401349,1908468.1910018048,0.23698386806266675
T5-E006,cold,cold_full_size,val_cold,zinna yoo,1421400.0,14.477408254281396,1938467.4687309398,0.3637733704312226
T5-E006,cold,cold_full_size,val_cold,zinna yoo,1571820.0,14.477408254281396,1938467.4687309398,0.23326301276923553
T5-E006,cold,cold_full_size,val_cold,taerin kim,2539200.0,14.944682102043094,3093092.9472091626,0.21813679395445915
T5-E006,cold,cold_full_size,val_cold,artist aeun,386400.0,13.550375422039854,767102.2798955193,0.9852543475556916
T5-E006,cold,cold_full_size,val_cold,hyeong gil choi,4429800.0,15.382372108395806,4791586.418499741,0.08167105027309152
T5-E006,cold,cold_full_size,val_cold,hyeong gil choi,3698400.0,15.208919330737105,4028559.1168089495,0.08927079732017887
T5-E006,cold,cold_full_size,val_cold,hyeong gil choi,1849200.0,14.654011605491233,2312897.4537474676,0.25075570719633766
T5-E006,cold,cold_full_size,val_cold,hyeong gil choi,7217400.0,15.592403340507877,5911459.661377365,0.18094332288949416
T5-E006,cold,cold_full_size,val_cold,eunju park,6624000.0,15.639178613197245,6194538.738413753,0.06483412765492859
T5-E006,cold,cold_full_size,val_cold,동훈 이,1587000.0,14.75317136883861,2554000.1360362284,0.6093258576157708
T5-E006,cold,cold_full_size,val_cold,zinna yoo,1571820.0,14.46643079549048,1917304.3928921095,0.21979895464627594
T5-E006,cold,cold_full_size,val_cold,zinna yoo,5710440.0,15.260126229949687,4240222.193445881,0.2574613876608666
T5-E006,cold,cold_full_size,val_cold,artist aeun,234600.0,13.025933239018743,454036.66742649436,0.9353651637957986
T5-E006,cold,cold_full_size,val_cold,zinna yoo,4462920.0,15.273342114482697,4296632.414788115,0.03725981761086579
T5-E006,cold,cold_full_size,val_cold,zinna yoo,2815200.0,14.802688519601043,2683650.4117121007,0.04672832775216655
T5-E006,cold,cold_full_size,val_cold,bong jun kim,42090000.0,16.49090510994709,14518076.845721953,0.655070638020386
T5-E006,cold,cold_full_size,val_cold,bong jun kim,42186600.0,16.687398164678697,17670341.39446232,0.581138527530962
T5-E006,cold,cold_full_size,val_cold,il mo jung,1531800.0,14.245939080989814,1537916.4149582935,0.003992959236384351
T5-E006,cold,cold_full_size,val_cold,il mo jung,4416000.0,14.826848576318927,2749277.1383813852,0.37742818424334573
T5-E006,cold,cold_full_size,val_cold,il mo jung,1545600.0,14.405929421963274,1804744.1994739997,0.1676657605292441
T5-E006,cold,cold_full_size,val_cold,il mo jung,1076400.0,13.63000983981908,830688.2390259412,0.22827179577671755
T5-E006,cold,cold_full_size,val_cold,il mo jung,5837400.0,15.479676350301224,5281265.739276544,0.09527088442173841
T5-E006,cold,cold_full_size,val_cold,il mo jung,2980800.0,14.945502110386006,3095630.349434589,0.038523332472688215
T5-E006,cold,cold_full_size,val_cold,il mo jung,2249400.0,14.590625240515346,2170841.070500378,0.03492439294906285
T5-E006,cold,cold_full_size,val_cold,il mo jung,11523000.0,15.868478762090618,7790992.074824489,0.3238746789182948
T5-E006,cold,cold_full_size,val_cold,il mo jung,1973400.0,14.627216348223161,2251745.7184752175,0.1410488083891849
T5-E006,cold,cold_full_size,val_cold,il mo jung,966000.0,13.385550565568833,650535.1205545523,0.32656819818369326
T5-E006,cold,cold_full_size,val_cold,il mo jung,2415000.0,14.81394730337272,2714035.7816003864,0.12382434020719932
T5-E006,cold,cold_full_size,val_cold,il mo jung,1876800.0,14.925877849044467,3035473.0919047464,0.6173663106909347
T5-E006,cold,cold_full_size,val_cold,minchae kang,10225800.0,16.318734402780052,12221831.806186123,0.19519566255805149
T5-E006,cold,cold_full_size,val_cold,minchae kang,10225800.0,16.318734402780052,12221831.806186123,0.19519566255805149
T5-E006,cold,cold_full_size,val_cold,minchae kang,9259800.0,16.284626978654433,11812005.395823034,0.27562208641904073
T5-E006,cold,cold_full_size,val_cold,minchae kang,4167600.0,15.392889459607074,4842247.1571283955,0.16187905680209125
T5-E006,cold,cold_full_size,val_cold,minchae kang,9867000.0,15.710412235617971,6651894.342619818,0.3258442948596516
T5-E006,cold,cold_full_size,val_cold,minchae kang,13896600.0,16.09165941675951,9739101.440161992,0.299173795017343
T5-E006,cold,cold_full_size,val_cold,minchae kang,7107000.0,15.74562377721237,6890290.310909187,0.030492428463601038
T5-E006,cold,cold_full_size,val_cold,minchae kang,14034600.0,15.923549404527504,8232081.069394344,0.413443840979127
T5-E006,cold,cold_full_size,val_cold,minchae kang,13841400.0,16.303799768973214,12040659.462443892,0.130098150299544
T5-E006,cold,cold_full_size,val_cold,minchae kang,14048400.0,16.521775901045718,14973251.008365868,0.06583319156386974
T5-E006,cold,cold_full_size,val_cold,hyeyoung jeong,1476600.0,13.538124205868248,757761.67773598,0.4868199392279696
T5-E006,cold,cold_full_size,val_cold,hyeyoung jeong,5837400.0,15.193953772518416,3968718.3727416517,0.32012225087510676
T5-E006,cold,cold_full_size,val_cold,hyerim jun,2732400.0,15.074714448261041,3522615.982004499,0.2892021600075022
T5-E006,cold,cold_full_size,val_cold,hyerim jun,1821600.0,14.401355661019155,1796508.5791764923,0.013774385607986226
T5-E006,cold,cold_full_size,val_cold,hyerim jun,2994600.0,15.074714448261041,3522615.982004499,0.17632270820961032
T5-E006,cold,cold_full_size,val_cold,tae hwa song,10419000.0,15.978172812471838,8694253.18984141,0.16553861312588442
T5-E006,cold,cold_full_size,val_cold,hagley art,14490000.0,16.32184020494762,12259849.404911857,0.15390963389152124
T5-E006,cold,cold_full_size,val_cold,gwanhee lee,1945800.0,15.277082956596436,4312735.539116649,1.2164331067512844
T5-E006,cold,cold_full_size,val_cold,gwanhee lee,2415000.0,15.148705193042119,3793141.7560523804,0.5706591122370105
T5-E006,cold,cold_full_size,val_cold,hagley art,2166600.0,13.846175191383571,1031139.6361195262,0.5240747548603681
T5-E006,cold,cold_full_size,val_cold,hagley art,2166600.0,13.846175191383571,1031139.6361195262,0.5240747548603681
T5-E006,cold,cold_full_size,val_cold,hagley art,2166600.0,13.846175191383571,1031139.6361195262,0.5240747548603681
T5-E006,cold,cold_full_size,val_cold,hagley art,2166600.0,13.846175191383571,1031139.6361195262,0.5240747548603681
T5-E006,cold,cold_full_size,val_cold,hagley art,2166600.0,13.846175191383571,1031139.6361195262,0.5240747548603681
T5-E006,cold,cold_full_size,val_cold,hagley art,2166600.0,13.846175191383571,1031139.6361195262,0.5240747548603681
T5-E006,cold,cold_full_size,val_cold,gwanhee lee,1945800.0,15.276572364278522,4310534.0515603265,1.2153017019016994
T5-E006,cold,cold_full_size,val_cold,gwanhee lee,1393800.0,15.276572364278522,4310534.0515603265,2.0926489105756394
T5-E006,cold,cold_full_size,val_cold,hagley art,2235600.0,14.204317054965399,1475219.0643996978,0.34012387529088484
T5-E006,cold,cold_full_size,val_cold,hagley art,2263200.0,14.40079951816837,1795509.7415477573,0.20664999047907506
T5-E006,cold,cold_full_size,val_cold,hagley art,2263200.0,14.40079951816837,1795509.7415477573,0.20664999047907506
T5-E006,cold,cold_full_size,val_cold,hagley art,2263200.0,14.40079951816837,1795509.7415477573,0.20664999047907506
T5-E006,cold,cold_full_size,val_cold,hagley art,2263200.0,14.40079951816837,1795509.7415477573,0.20664999047907506
T5-E006,cold,cold_full_size,val_cold,hagley art,2718600.0,14.660361668221116,2327631.2283535516,0.14381254014803516
T5-E006,cold,cold_full_size,val_cold,hagley art,2718600.0,14.660361668221116,2327631.2283535516,0.14381254014803516
T5-E006,cold,cold_full_size,val_cold,hagley art,2263200.0,14.40079951816837,1795509.7415477573,0.20664999047907506
T5-E006,cold,cold_full_size,val_cold,hagley art,1531800.0,13.986764107629284,1186791.6214951093,0.22523069493725728
T5-E006,cold,cold_full_size,val_cold,hagley art,2277000.0,14.475541910517169,1934852.99603198,0.15026218883092665
T5-E006,cold,cold_full_size,val_cold,hagley art,2277000.0,14.46426369943061,1913153.9089697083,0.15979187133521816
T5-E006,cold,cold_full_size,val_cold,hagley art,2263200.0,14.40079951816837,1795509.7415477573,0.20664999047907506
T5-E006,cold,cold_full_size,val_cold,hagley art,2263200.0,14.40079951816837,1795509.7415477573,0.20664999047907506
T5-E006,cold,cold_full_size,val_cold,hagley art,2235600.0,14.46426369943061,1913153.9089697083,0.14423246154512961
T5-E006,cold,cold_full_size,val_cold,gwanhee lee,717600.0,14.465553465555013,1915623.0220191705,1.66948581663764
T5-E006,cold,cold_full_size,val_cold,hagley art,2870400.0,14.76721267296793,2590114.582301322,0.09764681497306232
T5-E006,cold,cold_full_size,val_cold,hagley art,3546600.0,14.962111097271613,3147474.9849370457,0.11253736397196026
T5-E006,cold,cold_full_size,val_cold,hagley art,2829000.0,14.579251165974737,2146289.6518648174,0.2413256797932777
T5-E006,cold,cold_full_size,val_cold,hagley art,2829000.0,14.579251165974737,2146289.6518648174,0.2413256797932777
T5-E006,cold,cold_full_size,val_cold,hagley art,2829000.0,14.579251165974737,2146289.6518648174,0.2413256797932777
T5-E006,cold,cold_full_size,val_cold,hagley art,6182400.0,15.670401005614318,6390998.06341161,0.03374062878681583
T5-E006,cold,cold_full_size,val_cold,hagley art,2346000.0,14.592546819180672,2175016.522832517,0.07288298259483501
T5-E006,cold,cold_full_size,val_cold,hagley art,3546600.0,14.943915583385298,3090722.9421974,0.12853918056803695
T5-E006,cold,cold_full_size,val_cold,hagley art,2870400.0,14.76721267296793,2590114.582301322,0.09764681497306232
T5-E006,cold,cold_full_size,val_cold,hagley art,3546600.0,14.962111097271613,3147474.9849370457,0.11253736397196026
T5-E006,cold,cold_full_size,val_cold,hagley art,3546600.0,14.962111097271613,3147474.9849370457,0.11253736397196026
T5-E006,cold,cold_full_size,val_cold,hagley art,4278000.0,15.30239670993755,4423300.566716286,0.03396460185046432
T5-E006,cold,cold_full_size,val_cold,hagley art,13717200.0,16.090476491181676,9727587.61930253,0.2908474310134335
T5-E006,cold,cold_full_size,val_cold,hagley art,2870400.0,14.729712535747334,2494783.5645942213,0.13085856863356282
T5-E006,cold,cold_full_size,val_cold,hagley art,772800.0,13.42343522417132,675653.2125241294,0.12570754072964618
T5-E006,cold,cold_full_size,val_cold,hagley art,952200.0,13.7008955667256,891709.3937546448,0.06352720672690108
T5-E006,cold,cold_full_size,val_cold,hagley art,952200.0,13.7008955667256,891709.3937546448,0.06352720672690108
T5-E006,cold,cold_full_size,val_cold,hagley art,6941400.0,15.465329935767453,5206039.415976788,0.25000152476780074
T5-E006,cold,cold_full_size,val_cold,hagley art,5257800.0,15.274877874886347,4303236.082247358,0.18155196427263157
T5-E006,cold,cold_full_size,val_cold,hagley art,2014800.0,14.475541910517169,1934852.99603198,0.03967987093906093
T5-E006,cold,cold_full_size,val_cold,hagley art,17043000.0,16.207266541968252,10932674.699455569,0.3585240450944336
T5-E006,cold,cold_full_size,val_cold,hagley art,1807800.0,14.284791626344564,1598844.32019007,0.11558561777294503
T5-E006,cold,cold_full_size,val_cold,hagley art,2870400.0,14.702330977140324,2427399.255967851,0.15433414995545888
T5-E006,cold,cold_full_size,val_cold,hagley art,4761000.0,15.274877874886347,4303236.082247358,0.09614869097934094
T5-E006,cold,cold_full_size,val_cold,hagley art,2014800.0,14.475541910517169,1934852.99603198,0.03967987093906093
T5-E006,cold,cold_full_size,val_cold,hagley art,8638800.0,15.70904767560426,6642823.623762066,0.23104787426933537
T5-E006,cold,cold_full_size,val_cold,hagley art,833520.0,13.374179032758251,643179.4410267612,0.2283575186837014
T5-E006,cold,cold_full_size,val_cold,hagley art,833520.0,13.374179032758251,643179.4410267612,0.2283575186837014
T5-E006,cold,cold_full_size,val_cold,hagley art,833520.0,13.374179032758251,643179.4410267612,0.2283575186837014
T5-E006,cold,cold_full_size,val_cold,hagley art,847320.0,13.636386712408498,836002.3578089523,0.013356986960118566
T5-E006,cold,cold_full_size,val_cold,hagley art,833520.0,13.374179032758251,643179.4410267612,0.2283575186837014
T5-E006,cold,cold_full_size,val_cold,hagley art,833520.0,13.374179032758251,643179.4410267612,0.2283575186837014
T5-E006,cold,cold_full_size,val_cold,hagley art,847320.0,13.636386712408498,836002.3578089523,0.013356986960118566
T5-E006,cold,cold_full_size,val_cold,hagley art,847320.0,13.636386712408498,836002.3578089523,0.013356986960118566
T5-E006,cold,cold_full_size,val_cold,hagley art,847320.0,13.636386712408498,836002.3578089523,0.013356986960118566
T5-E006,cold,cold_full_size,val_cold,hagley art,847320.0,13.636386712408498,836002.3578089523,0.013356986960118566
T5-E006,cold,cold_full_size,val_cold,hagley art,847320.0,13.636386712408498,836002.3578089523,0.013356986960118566
T5-E006,cold,cold_full_size,val_cold,hagley art,833520.0,13.374179032758251,643179.4410267612,0.2283575186837014
T5-E006,cold,cold_full_size,val_cold,hagley art,833520.0,13.374179032758251,643179.4410267612,0.2283575186837014
T5-E006,cold,cold_full_size,val_cold,hagley art,833520.0,13.374179032758251,643179.4410267612,0.2283575186837014
T5-E006,cold,cold_full_size,val_cold,hagley art,833520.0,13.374179032758251,643179.4410267612,0.2283575186837014
T5-E006,cold,cold_full_size,val_cold,hagley art,3360300.0,15.30135947241789,4418714.932015058,0.31497632116628205
T5-E006,cold,cold_full_size,val_cold,hagley art,3360300.0,15.273991013514506,4299421.40018921,0.2794754635565901
T5-E006,cold,cold_full_size,val_cold,hagley art,3346500.0,15.220838262529302,4076862.528845422,0.2182466842508358
T5-E006,cold,cold_full_size,val_cold,hagley art,2663400.0,14.76584661700158,2586578.756440501,0.028843299376548323
T5-E006,cold,cold_full_size,val_cold,hagley art,3168480.0,14.962111097271613,3147474.9849370457,0.0066293664668719
T5-E006,cold,cold_full_size,val_cold,hagley art,1966500.0,14.4675832840908,1919515.3381481434,0.02389253081711499
T5-E006,cold,cold_full_size,val_cold,hagley art,2663400.0,14.76584661700158,2586578.756440501,0.028843299376548323
T5-E006,cold,cold_full_size,val_cold,hagley art,1966500.0,14.455553192265137,1896561.7361649664,0.03556484303841019
T5-E006,cold,cold_full_size,val_cold,hagley art,3974400.0,15.273991013514506,4299421.40018921,0.08177873394454753
T5-E006,cold,cold_full_size,val_cold,hagley art,2663400.0,14.800213719369069,2677017.1244666036,0.005112684713750703
T5-E006,cold,cold_full_size,val_cold,hagley art,3974400.0,15.30135947241789,4418714.932015058,0.1117942159860753
T5-E006,cold,cold_full_size,val_cold,hagley art,1380000.0,14.225946404399899,1507474.6694135729,0.09237294885041512
T5-E006,cold,cold_full_size,val_cold,hagley art,1106760.0,14.12368475624075,1360938.0413506846,0.22965958414713633
T5-E006,cold,cold_full_size,val_cold,hagley art,2663400.0,14.800213719369069,2677017.1244666036,0.005112684713750703
T5-E006,cold,cold_full_size,val_cold,hagley art,615480.0,13.374179032758251,643179.4410267612,0.04500461595301423
T5-E006,cold,cold_full_size,val_cold,hagley art,601680.0,13.181295375958097,530351.5544711115,0.11854880589165087
T5-E006,cold,cold_full_size,val_cold,hagley art,7797000.0,15.72893723184901,6776269.124585352,0.1309132840085479
T5-E006,cold,cold_full_size,val_cold,hagley art,2663400.0,14.800213719369069,2677017.1244666036,0.005112684713750703
T5-E006,cold,cold_full_size,val_cold,hagley art,7797000.0,15.72893723184901,6776269.124585352,0.1309132840085479
T5-E006,cold,cold_full_size,val_cold,hagley art,1667040.0,14.660361668221116,2327631.2283535516,0.3962659734340817
T5-E006,cold,cold_full_size,val_cold,hagley art,5202600.0,15.259747368423609,4238616.040668718,0.18528888619753248
T5-E006,cold,cold_full_size,val_cold,hagley art,1106760.0,14.12368475624075,1360938.0413506846,0.22965958414713633
T5-E006,cold,cold_full_size,val_cold,hagley art,2663400.0,14.800213719369069,2677017.1244666036,0.005112684713750703
T5-E006,cold,cold_full_size,val_cold,hagley art,2049300.0,14.76584661700158,2586578.756440501,0.2621767220223985
T5-E006,cold,cold_full_size,val_cold,hagley art,1667040.0,14.660361668221116,2327631.2283535516,0.3962659734340817
T5-E006,cold,cold_full_size,val_cold,hagley art,2663400.0,14.800213719369069,2677017.1244666036,0.005112684713750703
T5-E006,cold,cold_full_size,val_cold,hagley art,2677200.0,14.962111097271613,3147474.9849370457,0.17565926525364026
T5-E006,cold,cold_full_size,val_cold,hagley art,1639440.0,14.516535842489269,2015818.4357572754,0.22957743848953022
T5-E006,cold,cold_full_size,val_cold,hagley art,1667040.0,14.644421796552113,2290823.2220724677,0.3741861155535966
T5-E006,cold,cold_full_size,val_cold,hagley art,3946800.0,15.169064840742868,3871160.306008921,0.019164815544511757
T5-E006,cold,cold_full_size,val_cold,hagley art,2021700.0,14.656230348534567,2318034.8760854015,0.14657707675985632
T5-E006,cold,cold_full_size,val_cold,hagley art,2021700.0,14.598361277328442,2187699.903133992,0.08210906817727265
T5-E006,cold,cold_full_size,val_cold,hagley art,1352400.0,14.345322566084764,1698612.9531597504,0.25599893016840464
T5-E006,cold,cold_full_size,val_cold,hagley art,601680.0,13.636386712408498,836002.3578089523,0.3894468119414844
T5-E006,cold,cold_full_size,val_cold,hagley art,601680.0,13.543709057790426,762005.5040385702,0.26646307678262565
T5-E006,cold,cold_full_size,val_cold,hagley art,12834000.0,16.100499686549576,9825579.405488363,0.234410206834318
T5-E006,cold,cold_full_size,val_cold,hagley art,601680.0,13.636386712408498,836002.3578089523,0.3894468119414844
T5-E006,cold,cold_full_size,val_cold,hagley art,6458400.0,15.545291345726932,5639417.543583086,0.12680887780517067
T5-E006,cold,cold_full_size,val_cold,hagley art,12875400.0,16.091455029918496,9737111.099390997,0.24374302162332848
T5-E006,cold,cold_full_size,val_cold,hagley art,5202600.0,15.312228644013063,4467004.662115663,0.1413899469273703
T5-E006,cold,cold_full_size,val_cold,hagley art,601680.0,13.622552106808985,824516.2311242832,0.37035671972524126
T5-E006,cold,cold_full_size,val_cold,hagley art,601680.0,13.403743006282069,662478.2501107372,0.10104748389631892
T5-E006,cold,cold_full_size,val_cold,hagley art,1380000.0,14.255420129372773,1552566.8157328607,0.12504841719772514
T5-E006,cold,cold_full_size,val_cold,hagley art,39026400.0,17.767466127444333,52037029.424879864,0.333380209931735
T5-E006,cold,cold_full_size,val_cold,hagley art,3360300.0,15.278348704569607,4318197.83159766,0.28506318828606364
T5-E006,cold,cold_full_size,val_cold,hagley art,521640.0,15.223522295714433,4087819.6612395793,6.836476614599301
T5-E006,cold,cold_full_size,val_cold,hagley art,9384000.0,16.425024574122503,13592443.53850731,0.44847011279915927
T5-E006,cold,cold_full_size,val_cold,hagley art,9384000.0,16.425024574122503,13592443.53850731,0.44847011279915927
T5-E006,cold,cold_full_size,val_cold,gwanhee lee,1807800.0,15.275788598543063,4307156.926279601,1.3825406163732719
T5-E006,cold,cold_full_size,val_cold,gwanhee lee,4236600.0,15.665538756460762,6359998.86247885,0.5012035269977931
T5-E006,cold,cold_full_size,val_cold,hagley art,2691000.0,15.169064840742868,3871160.306008921,0.4385582705347161
T5-E006,cold,cold_full_size,val_cold,hagley art,5771160.0,15.72893723184901,6776269.124585352,0.1741606755982076
T5-E006,cold,cold_full_size,val_cold,hagley art,11012400.0,16.32184020494762,12259849.404911857,0.11327679751115625
T5-E006,cold,cold_full_size,val_cold,gwanhee lee,317400.0,14.38991497922385,1776072.4208772564,4.595691307111709
T5-E006,cold,cold_full_size,val_cold,gwanhee lee,317400.0,14.36662171392641,1735180.0026841569,4.466855711040192
T5-E006,cold,cold_full_size,val_cold,gwanhee lee,317400.0,14.36200240244942,1727183.1499796112,4.441660837994994
T5-E006,cold,cold_full_size,val_cold,gwanhee lee,317400.0,14.36200240244942,1727183.1499796112,4.441660837994994
T5-E006,cold,cold_full_size,val_cold,gwanhee lee,4236600.0,15.675839352443447,6425849.207874928,0.516746732727878
T5-E006,cold,cold_full_size,val_cold,gwanhee lee,4471200.0,15.862180564888751,7742077.070205366,0.7315434492318318
T5-E006,cold,cold_full_size,val_cold,동훈 이,3201600.0,16.593757751070562,16090792.16402091,4.025859621445812
T5-E006,cold,cold_full_size,val_cold,동훈 이,4788600.0,15.608812758248234,6009263.53006591,0.25491031409303555
T5-E006,cold,cold_full_size,val_cold,동훈 이,3243000.0,15.318576818292362,4495452.1856010845,0.3862017223561778
T5-E006,cold,cold_full_size,val_cold,동훈 이,3933000.0,15.318576818292362,4495452.1856010845,0.14300843773228694
T5-E006,cold,cold_full_size,val_cold,동훈 이,4623000.0,15.608812758248234,6009263.53006591,0.2998623253441293
T5-E006,cold,cold_full_size,val_cold,동훈 이,2911800.0,15.321701882412542,4509522.73616554,0.5487062079007968
T5-E006,cold,cold_full_size,val_cold,동훈 이,3049800.0,15.34765282313524,4628080.786330466,0.517503044898179
T5-E006,cold,cold_full_size,val_cold,동훈 이,1269600.0,14.448571076698855,1883365.8441741124,0.48343245445345967
T5-E006,cold,cold_full_size,val_cold,동훈 이,1269600.0,14.386076372023533,1769267.8448967666,0.3935632048651281
T5-E006,cold,cold_full_size,val_cold,동훈 이,2014800.0,14.856256052310993,2831326.9660222013,0.40526452552223613
T5-E006,cold,cold_full_size,val_cold,동훈 이,2884200.0,15.184089075349512,3929760.6369006834,0.3625132226963052
T5-E006,cold,cold_full_size,val_cold,동훈 이,2884200.0,15.184089075349512,3929760.6369006834,0.3625132226963052
T5-E006,cold,cold_full_size,val_cold,동훈 이,1863000.0,14.851792847003656,2818718.3308748384,0.5129996408345885
T5-E006,cold,cold_full_size,val_cold,동훈 이,1876800.0,14.951721565121046,3114943.4785803566,0.6597098671037706
T5-E006,cold,cold_full_size,val_cold,동훈 이,1876800.0,14.886812485548177,2919177.5848448044,0.5554015264518353
T5-E006,cold,cold_full_size,val_cold,동훈 이,2911800.0,15.321701882412542,4509522.73616554,0.5487062079007968
T5-E006,cold,cold_full_size,val_cold,동훈 이,2898000.0,15.241983575541548,4163986.9534778707,0.43684850016489674
T5-E006,cold,cold_full_size,val_cold,동훈 이,2111400.0,14.856256052310993,2831326.9660222013,0.3409713772957286
T5-E006,cold,cold_full_size,val_cold,artist aeun,1352400.0,15.094321446832526,3592365.463024949,1.6562891622485576
T5-E006,cold,cold_full_size,val_cold,artist aeun,1352400.0,15.094321446832526,3592365.463024949,1.6562891622485576
T5-E006,cold,cold_full_size,val_cold,동훈 이,1559400.0,15.481924329315598,5293151.268032176,2.3943512043299835
T5-E006,cold,cold_full_size,val_cold,동훈 이,1366200.0,15.126888686828499,3711284.8182512745,1.716501843252287
T5-E006,cold,cold_full_size,val_cold,동훈 이,1559400.0,15.470676458648606,5233948.1657374315,2.356385895689003
T5-E006,cold,cold_full_size,val_cold,jang kyungki,6789600.0,15.709656200180595,6646867.175368864,0.021022272980902545
T5-E006,cold,cold_full_size,val_cold,jang kyungki,7355400.0,15.709901643300057,6648498.803410787,0.09610642474769732
T5-E006,cold,cold_full_size,val_cold,moonsun kim,2401200.0,14.836069901667196,2774746.3668917078,0.15556653627007652
T5-E006,cold,cold_full_size,val_cold,moonsun kim,786600.0,13.189116327849687,534515.6709158317,0.3204733397968069
T5-E006,cold,cold_full_size,val_cold,moonsun kim,1297200.0,14.456063784583051,1897530.3532810877,0.46278935652257763
T5-E006,cold,cold_full_size,val_cold,artist aeun,317400.0,13.21971307201771,551122.877818722,0.7363669748541968
T5-E006,cold,cold_full_size,val_cold,artist aeun,248400.0,13.21971307201771,551122.877818722,1.2186911345359182
T5-E006,cold,cold_full_size,val_cold,jang kyungki,5685600.0,15.760909300532939,6996421.069815517,0.23055105350631727
T5-E006,cold,cold_full_size,val_cold,jang kyungki,5685600.0,15.759633162667303,6987498.366475096,0.22898170227858028
T5-E006,cold,cold_full_size,val_cold,jang kyungki,5685600.0,15.759633162667303,6987498.366475096,0.22898170227858028
T5-E006,cold,cold_full_size,val_cold,jang kyungki,2898000.0,15.102426468088323,3621599.974592438,0.24968943222651413
T5-E006,cold,cold_full_size,val_cold,jang kyungki,2898000.0,15.100178627296655,3613468.337175543,0.24688348418755796
T5-E006,cold,cold_full_size,val_cold,jang kyungki,5685600.0,15.7075364693322,6632792.528473746,0.1665949993797921
T5-E006,cold,cold_full_size,val_cold,jang kyungki,5685600.0,15.7075364693322,6632792.528473746,0.1665949993797921
T5-E006,cold,cold_full_size,val_cold,jang kyungki,2898000.0,15.102426468088323,3621599.974592438,0.24968943222651413
T5-E006,cold,cold_full_size,val_cold,jang kyungki,1490400.0,14.429399992747106,1847603.5754947185,0.23966960245217292
T5-E006,cold,cold_full_size,val_cold,jang kyungki,1490400.0,14.429399992747106,1847603.5754947185,0.23966960245217292
T5-E006,cold,cold_full_size,val_cold,jang kyungki,1490400.0,14.429399992747106,1847603.5754947185,0.23966960245217292
T5-E006,cold,cold_full_size,val_cold,jang kyungki,1490400.0,14.429399992747106,1847603.5754947185,0.23966960245217292
T5-E006,cold,cold_full_size,val_cold,jang kyungki,2221800.0,15.183446189032857,3927235.059476061,0.76759161917187
T5-E006,cold,cold_full_size,val_cold,jang kyungki,27931200.0,17.185260309023548,29071251.097641606,0.04081640236157436
T5-E006,cold,cold_full_size,val_cold,jang kyungki,5685600.0,15.709901643300057,6648498.803410787,0.16935746507154692
T5-E006,cold,cold_full_size,val_cold,jang kyungki,27931200.0,17.185260309023548,29071251.097641606,0.04081640236157436
T5-E006,cold,cold_full_size,val_cold,jang kyungki,27931200.0,17.185260309023548,29071251.097641606,0.04081640236157436
T5-E006,cold,cold_full_size,val_cold,jang kyungki,27931200.0,17.185260309023548,29071251.097641606,0.04081640236157436
T5-E006,cold,cold_full_size,val_cold,jang kyungki,27931200.0,17.380680672154146,35345465.658136405,0.26544744436817624
T5-E006,cold,cold_full_size,val_cold,zinna yoo,1348260.0,14.463958125031077,1912569.3874247186,0.41854641346974514
T5-E006,cold,cold_full_size,val_cold,zinna yoo,1814700.0,14.941740161170603,3084006.6229132907,0.699458104873142
T5-E006,cold,cold_full_size,val_cold,zinna yoo,6779940.0,15.543395334805844,5628735.276379617,0.1697957096405548
T5-E006,cold,cold_full_size,val_cold,zinna yoo,10654980.0,15.835234264024207,7536242.427869606,0.29270233938781626
T5-E006,cold,cold_full_size,val_cold,zinna yoo,2899380.0,15.210204905444765,4033741.4609493706,0.3912427694711872
T5-E006,cold,cold_full_size,val_cold,zinna yoo,1807800.0,14.62700669920725,2251273.6916829622,0.245311257707137
T5-E006,cold,cold_full_size,val_cold,zinna yoo,1440720.0,14.461736159471005,1908324.4419224565,0.3245630253779058
T5-E006,cold,cold_full_size,val_cold,lee toll,2898000.0,14.828463600454848,2753720.8747210437,0.04978575751516779
T5-E006,cold,cold_full_size,val_cold,lee toll,2842800.0,14.949045487180202,3106618.790775081,0.09280244504540634
T5-E006,cold,cold_full_size,val_cold,zinna yoo,6917940.0,15.561399537584059,5730993.948354801,0.17157507171863284
T5-E006,cold,cold_full_size,val_cold,gwanhee lee,1807800.0,15.27716741732187,4313099.811272017,1.3858279739307537
T5-E006,cold,cold_full_size,val_cold,gwanhee lee,1807800.0,15.27716741732187,4313099.811272017,1.3858279739307537
T5-E006,cold,cold_full_size,val_cold,gwanhee lee,1311000.0,14.753169443227215,2553995.218029199,0.9481275499841336
T5-E006,cold,cold_full_size,val_cold,gwanhee lee,1807800.0,15.27716741732187,4313099.811272017,1.3858279739307537
T5-E006,cold,cold_full_size,val_cold,zinna yoo,4173120.0,15.276184971443346,4308864.504959046,0.03252830135702925
T5-E006,cold,cold_full_size,val_cold,zinna yoo,4202100.0,15.276184971443346,4308864.504959046,0.02540741652008422
T5-E006,cold,cold_full_size,val_cold,zinna yoo,2119680.0,14.762940482405552,2579072.722486293,0.21672739398696642
T5-E006,cold,cold_full_size,val_cold,zinna yoo,2757240.0,14.796740170838545,2667734.506712669,0.032461988541922705
T5-E006,cold,cold_full_size,val_cold,ransoo kim,1469700.0,14.4041839068184,1801596.7389103814,0.2258261814726689
T5-E006,cold,cold_full_size,val_cold,zinna yoo,4145520.0,15.165490054984998,3857346.442792031,0.06951445348423575
T5-E006,cold,cold_full_size,val_cold,gwanhee lee,4250400.0,15.667041308523235,6369562.274850235,0.4985794924831158
T5-E006,cold,cold_full_size,val_cold,lee toll,1449000.0,14.460683096060041,1906315.9130161817,0.3156079454908086
T5-E006,cold,cold_full_size,val_cold,lee toll,1449000.0,14.460683096060041,1906315.9130161817,0.3156079454908086
T5-E006,cold,cold_full_size,val_cold,sangjune won,4084800.0,15.013111943677904,3312162.786119693,0.18914933751476376
T5-E006,cold,cold_full_size,val_cold,sangjune won,3974400.0,15.102968779657854,3623564.54281476,0.08827381672333937
T5-E006,cold,cold_full_size,val_cold,sangjune won,8901000.0,15.779098003592663,7124841.253018424,0.1995459776408916
T5-E006,cold,cold_full_size,val_cold,sangjune won,3788100.0,14.699769940772171,2421190.551945216,0.36084302105403343
T5-E006,cold,cold_full_size,val_cold,zinna yoo,6917940.0,15.708047061650117,6636180.0461317655,0.04072888083276734
T5-E006,cold,cold_full_size,val_cold,eunju park,3256800.0,15.600927509783588,5962065.323389055,0.8306513520600145
T5-E006,cold,cold_full_size,val_cold,eunju park,1559400.0,14.502713442102392,1988146.671906986,0.27494335764203287
T5-E006,cold,cold_full_size,val_cold,eunju park,2332200.0,15.508690295093892,5436740.655662787,1.3311639892216736
T5-E006,cold,cold_full_size,val_cold,eunju park,3215400.0,15.600680480539244,5960592.700795403,0.8537639798455566
T5-E006,cold,cold_full_size,val_cold,eunju park,1766400.0,14.564435041067672,2114724.371291557,0.19719450367502087
T5-E006,cold,cold_full_size,val_cold,eunju park,1780200.0,15.077749915742698,3533325.013503873,0.9847910423007936
T5-E006,cold,cold_full_size,val_cold,eunju park,1766400.0,15.189121796095758,3949587.875413967,1.235953280918233
T5-E006,cold,cold_full_size,val_cold,momo kim,110400.0,13.384789524055375,650040.2246638929,4.888045513259899
T5-E006,cold,cold_full_size,val_cold,momo kim,175260.0,13.956112425860944,1150966.32011139,5.567193427544162
T5-E006,cold,cold_full_size,val_cold,momo kim,193200.0,13.895979435109062,1083795.1153188925,4.609705565832777
T5-E006,cold,cold_full_size,val_cold,jung kwangmin,5520000.0,15.594071893345253,5921331.477701643,0.07270497784450046
T5-E006,cold,cold_full_size,val_cold,lee eun,18630000.0,16.466375558519342,14166287.193397202,0.23959811092876
T5-E006,cold,cold_full_size,val_cold,momo kim,220800.0,13.943441097743557,1136474.0602163493,4.147074548081292
T5-E006,cold,cold_full_size,val_cold,jihyung song,2240000.0,13.894413920275024,1082099.745398439,0.516919756518554
T5-E006,cold,cold_full_size,val_cold,jihyung song,800000.0,14.537678930256426,2058892.8199932352,1.573616024991544
T5-E006,cold,cold_full_size,val_cold,jihyung song,480000.0,13.135074850448353,506396.3036156874,0.05499229919934878
T5-E006,cold,cold_full_size,val_cold,jihyung song,720000.0,13.458301709377576,699626.3664976312,0.028296713197734465
T5-E006,cold,cold_full_size,val_cold,jihyung song,1280000.0,15.532731813162737,5569032.025132979,3.35080626963514
T5-E006,cold,cold_full_size,val_cold,jihyung song,800000.0,13.204872288813288,543004.175630243,0.32124478046219623
T5-E006,cold,cold_full_size,val_cold,jihyung song,1000000.0,13.04522892095398,462882.6850561785,0.5371173149438215
T5-E006,cold,cold_full_size,val_cold,nam jong hyun,850000.0,13.085343617314425,481828.54660505947,0.4331428863469889
T5-E006,cold,cold_full_size,val_cold,nam jong hyun,850000.0,13.085343617314425,481828.54660505947,0.4331428863469889
T5-E006,cold,cold_full_size,val_cold,nam jong hyun,3800000.0,14.537747675094144,2059034.3631111467,0.45814885181285614
T5-E006,cold,cold_full_size,val_cold,nam jong hyun,2500000.0,14.40167293820897,1797078.6608021378,0.2811685356791449
T5-E006,cold,cold_full_size,val_cold,joo minseok,41400.0,13.791074881687623,975860.4578777383,22.571508644389812
T5-E006,cold,cold_full_size,val_cold,nam jong hyun,850000.0,13.085343617314425,481828.54660505947,0.4331428863469889
T5-E006,cold,cold_full_size,val_cold,nam jong hyun,4800000.0,15.263629828703976,4255104.285857573,0.11351994044633892
T5-E006,cold,cold_full_size,val_cold,nam jong hyun,4000000.0,15.116873450684823,3674300.9347020565,0.08142476632448588
T5-E006,cold,cold_full_size,val_cold,nam jong hyun,850000.0,13.085343617314425,481828.54660505947,0.4331428863469889
T5-E006,cold,cold_full_size,val_cold,nam jong hyun,3800000.0,14.537747675094144,2059034.3631111467,0.45814885181285614
T5-E006,cold,cold_full_size,val_cold,nam jong hyun,4800000.0,15.263629828703976,4255104.285857573,0.11351994044633892
T5-E006,cold,cold_full_size,val_cold,nam jong hyun,4800000.0,15.263629828703976,4255104.285857573,0.11351994044633892
T5-E006,cold,cold_full_size,val_cold,nam jong hyun,850000.0,13.085343617314425,481828.54660505947,0.4331428863469889
T5-E006,cold,cold_full_size,val_cold,nam jong hyun,850000.0,13.085343617314425,481828.54660505947,0.4331428863469889
T5-E006,cold,cold_full_size,val_cold,joo minseok,27600.0,13.394709670941712,656520.8102091007,22.78698587714133
T5-E006,cold,cold_full_size,val_cold,nam jong hyun,850000.0,13.085343617314425,481828.54660505947,0.4331428863469889
T5-E006,cold,cold_full_size,val_cold,nam jong hyun,950000.0,13.032581961984842,457065.4891855145,0.5188784324363005
T5-E006,cold,cold_full_size,val_cold,nam jong hyun,3800000.0,14.537747675094144,2059034.3631111467,0.45814885181285614
T5-E006,cold,cold_full_size,val_cold,nam jong hyun,5200000.0,15.342861456443034,4605958.993334246,0.11423865512802964
T5-E006,cold,cold_full_size,val_cold,nam jong hyun,950000.0,13.032581961984842,457065.4891855145,0.5188784324363005
T5-E006,cold,cold_full_size,val_cold,nam jong hyun,4800000.0,15.263629828703976,4255104.285857573,0.11351994044633892
T5-E006,cold,cold_full_size,val_cold,nam jong hyun,8000000.0,15.720182499744677,6717203.632271043,0.1603495459661196
T5-E006,cold,cold_full_size,val_cold,nam jong hyun,3800000.0,14.537747675094144,2059034.3631111467,0.45814885181285614
T5-E006,cold,cold_full_size,val_cold,nam jong hyun,850000.0,13.085343617314425,481828.54660505947,0.4331428863469889
T5-E006,cold,cold_full_size,val_cold,nam jong hyun,850000.0,13.385902868100848,650764.3461006875,0.23439488694036764
T5-E006,cold,cold_full_size,val_cold,nam jong hyun,850000.0,13.085343617314425,481828.54660505947,0.4331428863469889
T5-E006,cold,cold_full_size,val_cold,nam jong hyun,850000.0,13.085343617314425,481828.54660505947,0.4331428863469889
T5-E006,cold,cold_full_size,val_cold,nam jong hyun,3800000.0,14.537747675094144,2059034.3631111467,0.45814885181285614
T5-E006,cold,cold_full_size,val_cold,nam jong hyun,3800000.0,14.537747675094144,2059034.3631111467,0.45814885181285614
T5-E006,cold,cold_full_size,val_cold,nam jong hyun,5200000.0,15.351560099339837,4646199.350325781,0.10650012493734982
T5-E006,cold,cold_full_size,val_cold,nam jong hyun,3800000.0,14.537747675094144,2059034.3631111467,0.45814885181285614
T5-E006,cold,cold_full_size,val_cold,nam jong hyun,4800000.0,15.263629828703976,4255104.285857573,0.11351994044633892
T5-E006,cold,cold_full_size,val_cold,nam jong hyun,850000.0,13.085343617314425,481828.54660505947,0.4331428863469889
T5-E006,cold,cold_full_size,val_cold,nam jong hyun,4800000.0,15.263629828703976,4255104.285857573,0.11351994044633892
T5-E006,cold,cold_full_size,val_cold,nam jong hyun,3800000.0,14.537747675094144,2059034.3631111467,0.45814885181285614
T5-E006,cold,cold_full_size,val_cold,yun hyong keun,8418000.0,15.680445773063003,6455517.652369994,0.2331292881480169
T5-E006,cold,cold_full_size,val_cold,ava an,483000.0,14.67850466344755,2370246.8491513664,3.9073433729841955
T5-E006,cold,cold_full_size,val_cold,ava an,483000.0,14.67850466344755,2370246.8491513664,3.9073433729841955
T5-E006,cold,cold_full_size,val_cold,ava an,483000.0,14.67850466344755,2370246.8491513664,3.9073433729841955
T5-E006,cold,cold_full_size,val_cold,miro kim,1145400.0,15.197520172783447,3982897.6805123966,2.4772984813273937
T5-E006,cold,cold_full_size,val_cold,miro kim,1145400.0,15.197520172783447,3982897.6805123966,2.4772984813273937
T5-E006,cold,cold_full_size,val_cold,yun hyong keun,6732000.0,14.854004623010459,2824959.604053803,0.5803684485956918
T5-E006,cold,cold_full_size,val_cold,kim ji hoon,1794000.0,14.468093876408716,1920495.6781896723,0.07051041147696338
T5-E006,cold,cold_full_size,val_cold,kim ji hoon,3588000.0,14.971138022146965,3176015.62849227,0.11482284601664712
T5-E006,cold,cold_full_size,val_cold,kim ji hoon,1794000.0,14.468093876408716,1920495.6781896723,0.07051041147696338
T5-E006,cold,cold_full_size,val_cold,kim ji hoon,1794000.0,14.468093876408716,1920495.6781896723,0.07051041147696338
T5-E006,cold,cold_full_size,val_cold,kim ji hoon,3588000.0,14.971138022146965,3176015.62849227,0.11482284601664712
T5-E006,cold,cold_full_size,val_cold,kim ji hoon,1794000.0,14.468093876408716,1920495.6781896723,0.07051041147696338
T5-E006,cold,cold_full_size,val_cold,kim ji hoon,3588000.0,14.971138022146965,3176015.62849227,0.11482284601664712
T5-E006,cold,cold_full_size,val_cold,kim ji hoon,5244000.0,15.305927003495263,4438943.712412358,0.1535195056421895
T5-E006,cold,cold_full_size,val_cold,kim ji hoon,5244000.0,15.305927003495263,4438943.712412358,0.1535195056421895
T5-E006,cold,cold_full_size,val_cold,jung kwangmin,11040000.0,16.37079273011449,12874932.09228446,0.1662076170547518
T5-E006,cold,cold_full_size,val_cold,hijo nam,8280000.0,14.676254888349325,2364920.320805596,0.7143816037674401
T5-E006,cold,cold_full_size,val_cold,hijo nam,13662000.0,15.013894963993557,3314757.2925130213,0.7573739355502108
T5-E006,cold,cold_full_size,val_cold,yoonjung lee 이윤정,883200.0,13.792706108077153,977453.6062486934,0.10671830417650977
T5-E006,cold,cold_full_size,val_cold,jung kwangmin,11040000.0,16.37079273011449,12874932.09228446,0.1662076170547518
T5-E006,cold,cold_full_size,val_cold,jeong zik seong,13662000.0,15.259012667553483,4235503.069466862,0.689979280525043
T5-E006,cold,cold_full_size,val_cold,sung won kwon,1380000.0,14.299469082071862,1622484.3502703516,0.17571329729735624
T5-E006,cold,cold_full_size,val_cold,jung kwangmin,11040000.0,16.37079273011449,12874932.09228446,0.1662076170547518
T5-E006,cold,cold_full_size,val_cold,lee sang sun,828000.0,13.046473848168656,463459.2991548275,0.44026654691445954
T5-E006,cold,cold_full_size,val_cold,kim ji hoon,6210000.0,15.15993329009667,3835971.518232319,0.382291220896567
T5-E006,cold,cold_full_size,val_cold,momo kim,4140000.0,15.842854597247516,7593890.476124566,0.8342730618658372
T5-E006,cold,cold_full_size,val_cold,jung kwangmin,27600000.0,17.62800019307369,45262987.02791932,0.6399632981130189
T5-E006,cold,cold_full_size,val_cold,yoonjung lee 이윤정,1324800.0,14.30675792704099,1634353.5911443166,0.23366062133478005
T5-E006,cold,cold_full_size,val_cold,yoonjung lee 이윤정,1766400.0,14.430789077263855,1850171.8363672676,0.04742517910284627
T5-E006,cold,cold_full_size,val_cold,yoonjung lee 이윤정,883200.0,13.634470966814837,834402.3230947704,0.05525099287276899
T5-E006,cold,cold_full_size,val_cold,lee sang sun,2070000.0,14.027624421153305,1236288.644832338,0.40275910877664833
T5-E006,cold,cold_full_size,val_cold,jung sane,7130460.0,17.244476806521643,30844740.468046796,3.3257714744976896
T5-E006,cold,cold_full_size,val_cold,jung kwangmin,11040000.0,16.37079273011449,12874932.09228446,0.1662076170547518
T5-E006,cold,cold_full_size,val_cold,seo sook yang,59340000.0,16.831504783545796,20409372.37683702,0.656060458765807
T5-E006,cold,cold_full_size,val_cold,lee sang sun,828000.0,13.035947517821201,458606.36009934044,0.4461275844210864
T5-E006,cold,cold_full_size,val_cold,yoonjung lee 이윤정,607200.0,13.178835617167538,529048.6206812765,0.12870780520211372
T5-E006,cold,cold_full_size,val_cold,kim ji hoon,5520000.0,15.182177476711498,3922255.6873305407,0.2894464334546122
T5-E006,cold,cold_full_size,val_cold,jeong zik seong,13662000.0,15.259012667553483,4235503.069466862,0.689979280525043
T5-E006,cold,cold_full_size,val_cold,yoonjung lee 이윤정,1987200.0,14.310470268657134,1640432.1458510621,0.17450073175771832
T5-E006,cold,cold_full_size,val_cold,jung kwangmin,11040000.0,16.37079273011449,12874932.09228446,0.1662076170547518
T5-E006,cold,cold_full_size,val_cold,gum ran choe,28538400.0,16.325951776449777,12310360.421015555,0.5686387316382294
T5-E006,cold,cold_full_size,val_cold,gum ran choe,14283000.0,15.618197752683352,6065925.907008518,0.5753044943633328
T5-E006,cold,cold_full_size,val_cold,kim ji hoon,2622000.0,14.23138887634291,1515701.424642206,0.4219292812196011
T5-E006,cold,cold_full_size,val_cold,kim ji hoon,13800000.0,16.108732651286214,9906806.967265276,0.2821154371546901
T5-E006,cold,cold_full_size,val_cold,park hyung jin b 1974,19320000.0,16.34119042589963,12499390.310208097,0.3530336278360198
T5-E006,cold,cold_full_size,val_cold,park hyung jin b 1974,16560000.0,16.183585030536907,10676813.980269026,0.3552648562639477
T5-E006,cold,cold_full_size,val_cold,kim ji hoon,8280000.0,15.177978427835164,3905820.4742742344,0.5282825514161552
T5-E006,cold,cold_full_size,val_cold,kim ji hoon,6900000.0,15.295817351623628,4394293.615557875,0.36314585281769934
T5-E006,cold,cold_full_size,val_cold,momo kim,4140000.0,15.842854597247516,7593890.476124566,0.8342730618658372
T5-E006,cold,cold_full_size,val_cold,jeah hyuck,15180000.0,17.096154035747958,26592879.12240172,0.7518365693281767
T5-E006,cold,cold_full_size,val_cold,doezny,6486000.0,15.791057354870993,7210561.288693748,0.11171157704189769
T5-E006,cold,cold_full_size,val_cold,yoonjung lee 이윤정,5078400.0,15.640559771643574,6203100.288981361,0.2214674482083651
T5-E006,cold,cold_full_size,val_cold,kim ji hoon,9660000.0,15.25833413666217,4232630.124595123,0.5618395316154117
T5-E006,cold,cold_full_size,val_cold,jeah hyuck,15180000.0,17.096154035747958,26592879.12240172,0.7518365693281767
T5-E006,cold,cold_full_size,val_cold,yoonjung lee 이윤정,386400.0,12.711389783887423,331502.2194925408,0.14207500131330017
T5-E006,cold,cold_full_size,val_cold,lee sang sun,12420000.0,15.319720319386995,4500595.68033165,0.6376331980409299
T5-E006,cold,cold_full_size,val_cold,jeah hyuck,8280000.0,17.096154035747958,26592879.12240172,2.211700377101657
T5-E006,cold,cold_full_size,val_cold,dongyoon kang 강동윤,41400000.0,16.647815674926225,16984567.14872517,0.5897447548617109
T5-E006,cold,cold_full_size,val_cold,lee sang sun,5520000.0,14.797630834930992,2670111.62049378,0.5162841267221413
T5-E006,cold,cold_full_size,val_cold,lee sang sun,13800000.0,15.677640089825577,6437430.899418314,0.5335195000421512
T5-E006,cold,cold_full_size,val_cold,kim ji hoon,20700000.0,16.278489215391605,11739728.140289187,0.43286337486525667
T5-E006,cold,cold_full_size,val_cold,kim ji hoon,2277000.0,14.591506953287892,2172755.97287229,0.045781303086390064
T5-E006,cold,cold_full_size,val_cold,lee sang sun,13800000.0,15.716737888258981,6694105.2807502,0.5149199071920145
T5-E006,cold,cold_full_size,val_cold,kim ji hoon,2622000.0,14.23138887634291,1515701.424642206,0.4219292812196011
T5-E006,cold,cold_full_size,val_cold,lee sang sun,5520000.0,14.975757333623955,3190720.5711433655,0.42197091102475265
T5-E006,cold,cold_full_size,val_cold,jung kwangmin,12420000.0,16.37079273011449,12874932.09228446,0.036628992937557135
T5-E006,cold,cold_full_size,val_cold,lee sang sun,2760000.0,14.488549983459041,1960186.1152504801,0.289787639402
T5-E006,cold,cold_full_size,val_cold,yoonjung lee 이윤정,4636800.0,15.445201070009686,5102295.375196088,0.10039151466444274
T5-E006,cold,cold_full_size,val_cold,sung won kwon,4140000.0,14.931924743560558,3053883.8854621407,0.26234688756953123
T5-E006,cold,cold_full_size,val_cold,yoonjung lee 이윤정,1324800.0,13.601424730153864,807279.0950521028,0.39064077970100936
T5-E006,cold,cold_full_size,val_cold,lee sang sun,27600000.0,16.09246345516418,9746935.200646972,0.6468501738896024
T5-E006,cold,cold_full_size,val_cold,sung won kwon,6210000.0,15.310546314972253,4459496.008231333,0.28188470076790123
T5-E006,cold,cold_full_size,val_cold,lee sang sun,13800000.0,15.634093442015825,6163118.405133714,0.5533972170192961
T5-E006,cold,cold_full_size,val_cold,doezny,3450000.0,15.248803502724538,4192482.098252038,0.21521220239189506
T5-E006,cold,cold_full_size,val_cold,sung won kwon,20700000.0,16.276786743549906,11719758.587325271,0.43382808756882746
T5-E006,cold,cold_full_size,val_cold,kim ji hoon,8280000.0,15.295817351623628,4394293.615557875,0.46928821068141613
T5-E006,cold,cold_full_size,val_cold,yoonjung lee 이윤정,883200.0,14.070166450631435,1290017.6399593248,0.46061779886698917
T5-E006,cold,cold_full_size,val_cold,jung kwangmin,12420000.0,16.197933127926852,10831110.228828244,0.12792993326664703
T5-E006,cold,cold_full_size,val_cold,sung won kwon,6210000.0,15.310546314972253,4459496.008231333,0.28188470076790123
T5-E006,cold,cold_full_size,val_cold,kim ji hoon,11040000.0,15.285401843269911,4348762.34099429,0.6060903676635607
T5-E006,cold,cold_full_size,val_cold,lee sang sun,8280000.0,15.310546314972253,4459496.008231333,0.4614135255759259
T5-E006,cold,cold_full_size,val_cold,sung won kwon,41400000.0,16.901610698609446,21891537.36921006,0.4712189041253608
T5-E006,cold,cold_full_size,val_cold,sung won kwon,6210000.0,15.310546314972253,4459496.008231333,0.28188470076790123
T5-E006,cold,cold_full_size,val_cold,sung won kwon,4140000.0,14.931924743560558,3053883.8854621407,0.26234688756953123
T5-E006,cold,cold_full_size,val_cold,lee sang sun,5520000.0,14.957712195885462,3133659.960604874,0.43230797815129096
T5-E006,cold,cold_full_size,val_cold,lee sang sun,16560000.0,15.634093442015825,6163118.405133714,0.6278310141827468
T5-E006,cold,cold_full_size,val_cold,jeah hyuck,4140000.0,17.096154035747958,26592879.12240172,5.423400754203314
T5-E006,cold,cold_full_size,val_cold,siyoung yang,16560000.0,16.493866932805286,14561140.55964581,0.12070407248515645
T5-E006,cold,cold_full_size,val_cold,yoonjung lee 이윤정,717600.0,13.264741927759893,576506.519714938,0.19661856227015329
T5-E006,cold,cold_full_size,val_cold,kim ji hoon,10350000.0,15.811813855527358,7361791.383063091,0.28871580839970135
T5-E006,cold,cold_full_size,val_cold,dongyoon kang 강동윤,33120000.0,16.35366240907267,12656258.69233551,0.6178665853763433
T5-E006,cold,cold_full_size,val_cold,kim ji hoon,10350000.0,15.811813855527358,7361791.383063091,0.28871580839970135
T5-E006,cold,cold_full_size,val_cold,jung kwangmin,12420000.0,16.37079273011449,12874932.09228446,0.036628992937557135
T5-E006,cold,cold_full_size,val_cold,kim ji hoon,6900000.0,15.571819251130481,5791021.4552462585,0.16072152822517993
T5-E006,cold,cold_full_size,val_cold,jeah hyuck,3450000.0,15.164390146802166,3853106.0483253743,0.11684233284793456
T5-E006,cold,cold_full_size,val_cold,kim ji hoon,20700000.0,16.271124627795317,11653587.468639424,0.43702475996910994
T5-E006,cold,cold_full_size,val_cold,kim ji hoon,6900000.0,15.571819251130481,5791021.4552462585,0.16072152822517993
T5-E006,cold,cold_full_size,val_cold,jeah hyuck,3450000.0,15.164390146802166,3853106.0483253743,0.11684233284793456
T5-E006,cold,cold_full_size,val_cold,park hyung jin b 1974,17940000.0,16.20912293909721,10952988.935189983,0.3894654997107033
T5-E006,cold,cold_full_size,val_cold,jung kwangmin,11730000.0,16.37079273011449,12874932.09228446,0.09760716899270755
T5-E006,cold,cold_full_size,val_cold,jung kwangmin,12420000.0,16.37079273011449,12874932.09228446,0.036628992937557135
T5-E006,cold,cold_full_size,val_cold,lee sang sun,2760000.0,14.478023653111586,1939660.7664829185,0.29722435996995705
T5-E006,cold,cold_full_size,val_cold,jung kwangmin,12420000.0,16.37079273011449,12874932.09228446,0.036628992937557135
T5-E006,cold,cold_full_size,val_cold,yoonjung lee 이윤정,5078400.0,15.72800110109673,6769928.618906317,0.33308298261387786
T5-E006,cold,cold_full_size,val_cold,sung won kwon,4140000.0,14.931924743560558,3053883.8854621407,0.26234688756953123
T5-E006,cold,cold_full_size,val_cold,gum ran choe,28538400.0,16.486898432720164,14460023.975065295,0.4933134311991809
T5-E006,cold,cold_full_size,val_cold,dongyoon kang 강동윤,5520000.0,15.19258922489547,3963306.560697341,0.28200968103309043
T5-E006,cold,cold_full_size,val_cold,jeah hyuck,1656000.0,14.640582297028722,2282044.4711925723,0.3780461782563842
T5-E006,cold,cold_full_size,val_cold,sung won kwon,4140000.0,14.931924743560558,3053883.8854621407,0.26234688756953123
T5-E006,cold,cold_full_size,val_cold,seo sook yang,59340000.0,16.499820873447696,14648095.331123251,0.7531497247872725
T5-E006,cold,cold_full_size,val_cold,kim ji hoon,8694000.0,15.703565529233218,6606506.331651557,0.2401073922646012
T5-E006,cold,cold_full_size,val_cold,lee sang sun,5520000.0,14.789353285161171,2648100.8619162734,0.5202715829861824
T5-E006,cold,cold_full_size,val_cold,dongyoon kang 강동윤,3312000.0,14.729311718564125,2493783.812845369,0.24704595022784756
T5-E006,cold,cold_full_size,val_cold,kim ji hoon,8280000.0,15.15993329009667,3835971.518232319,0.5367184156724252
T5-E006,cold,cold_full_size,val_cold,jeah hyuck,1656000.0,14.640582297028722,2282044.4711925723,0.3780461782563842
T5-E006,cold,cold_full_size,val_cold,siyoung yang,1656000.0,14.640953478596355,2282891.681261452,0.3785577785395241
T5-E006,cold,cold_full_size,val_cold,jeah hyuck,1656000.0,14.640582297028722,2282044.4711925723,0.3780461782563842
T5-E006,cold,cold_full_size,val_cold,jung kwangmin,4830000.0,15.52605257325984,5531959.071610978,0.14533314112028528
T5-E006,cold,cold_full_size,val_cold,sung won kwon,6210000.0,15.310546314972253,4459496.008231333,0.28188470076790123
T5-E006,cold,cold_full_size,val_cold,sung won kwon,4140000.0,14.931924743560558,3053883.8854621407,0.26234688756953123
T5-E006,cold,cold_full_size,val_cold,siyoung yang,1656000.0,14.640953478596355,2282891.681261452,0.3785577785395241
T5-E006,cold,cold_full_size,val_cold,yoonjung lee 이윤정,1048800.0,13.671112814730026,865543.4155482993,0.1747297715977314
T5-E006,cold,cold_full_size,val_cold,yoonjung lee 이윤정,5078400.0,15.63777541240426,6185852.652330493,0.21807117445071136
T5-E006,cold,cold_full_size,val_cold,jung kwangmin,17940000.0,16.57733279545966,15828660.262523115,0.11768894857730687
T5-E006,cold,cold_full_size,val_cold,namkyoung kim,6210000.0,16.48398630000273,14417975.720916847,1.3217352207595567
T5-E006,cold,cold_full_size,val_cold,jung kwangmin,12420000.0,16.37079273011449,12874932.09228446,0.036628992937557135
T5-E006,cold,cold_full_size,val_cold,kim ji hoon,5520000.0,14.67427659842823,2360246.447433365,0.5724191218417817
T5-E006,cold,cold_full_size,val_cold,kim ji hoon,2622000.0,14.065078995293955,1283471.3988054758,0.5104990851237697
T5-E006,cold,cold_full_size,val_cold,lee sang sun,2760000.0,14.367603562072146,1736884.5226052394,0.3706940135488263
T5-E006,cold,cold_full_size,val_cold,geonwoo lee,4140000.0,15.28580397517108,4350511.468728663,0.050848180852334154
T5-E006,cold,cold_full_size,val_cold,sundoo kim,37674000.0,16.487582980882294,14469925.946703354,0.6159174511147383
T5-E006,cold,cold_full_size,val_cold,kim ji hoon,2622000.0,14.23138887634291,1515701.424642206,0.4219292812196011
T5-E006,cold,cold_full_size,val_cold,jeah hyuck,5520000.0,17.096154035747958,26592879.12240172,3.817550565652486
T5-E006,cold,cold_full_size,val_cold,jeah hyuck,9660000.0,17.096154035747958,26592879.12240172,1.7528860375157063
T5-E006,cold,cold_full_size,val_cold,geonwoo lee,3105000.0,15.104158924995716,3627879.6785718384,0.16839925235808
T5-E006,cold,cold_full_size,val_cold,jung kwangmin,11730000.0,16.37079273011449,12874932.09228446,0.09760716899270755
T5-E006,cold,cold_full_size,val_cold,da young kim,1104000.0,14.92655630972015,3037533.2398153446,1.7513888041805656
T5-E006,cold,cold_full_size,val_cold,yoonjung lee 이윤정,5078400.0,15.689408436633485,6513636.345355197,0.2826158525037801
T5-E006,cold,cold_full_size,val_cold,yoonjung lee 이윤정,5078400.0,15.755311124000059,6957363.297724366,0.3699911975670223
T5-E006,cold,cold_full_size,val_cold,kim ji hoon,20700000.0,16.32510582121605,12299950.81084121,0.4057994777371396
T5-E006,cold,cold_full_size,val_cold,kim ji hoon,2622000.0,14.065078995293955,1283471.3988054758,0.5104990851237697
T5-E006,cold,cold_full_size,val_cold,junho jung,1380000.0,16.081691591070182,9642505.997691466,5.987323186732946
T5-E006,cold,cold_full_size,val_cold,park hyung jin b 1974,2208000.0,14.362968038579925,1728851.7859511627,0.2170055317250169
T5-E006,cold,cold_full_size,val_cold,jeah hyuck,11040000.0,17.096154035747958,26592879.12240172,1.408775282826243
T5-E006,cold,cold_full_size,val_cold,dongyoon kang 강동윤,16560000.0,16.037329381750123,9224092.616980268,0.4429895762693075
T5-E006,cold,cold_full_size,val_cold,lee sang sun,20700000.0,16.043283010281137,9279173.240044452,0.5517307613505096
T5-E006,cold,cold_full_size,val_cold,sung won kwon,6210000.0,15.283478608364511,4340406.686983041,0.30106172512350377
T5-E006,cold,cold_full_size,val_cold,dongyoon kang 강동윤,3312000.0,14.729311718564125,2493783.812845369,0.24704595022784756
T5-E006,cold,cold_full_size,val_cold,kim ji hoon,11040000.0,15.285401843269911,4348762.34099429,0.6060903676635607
T5-E006,cold,cold_full_size,val_cold,junho jung,3312000.0,16.792326645318152,19625232.041197874,4.92549276606216
T5-E006,cold,cold_full_size,val_cold,siyoung yang,16560000.0,16.26482522442405,11580407.557338672,0.3007000267307565
T5-E006,cold,cold_full_size,val_cold,lee sang sun,2760000.0,14.295633224970553,1616272.6533609242,0.41439396617357815
T5-E006,cold,cold_full_size,val_cold,yoonjung lee 이윤정,883200.0,14.307782506264791,1636028.9740128238,0.8523878781848095
T5-E006,cold,cold_full_size,val_cold,da young kim,1104000.0,14.92655630972015,3037533.2398153446,1.7513888041805656
T5-E006,cold,cold_full_size,val_cold,jeah hyuck,3450000.0,14.730067127699062,2495668.35162744,0.2766178690934956
T5-E006,cold,cold_full_size,val_cold,kim ji hoon,8280000.0,15.295817351623628,4394293.615557875,0.46928821068141613
T5-E006,cold,cold_full_size,val_cold,sung won kwon,4140000.0,14.931924743560558,3053883.8854621407,0.26234688756953123
T5-E006,cold,cold_full_size,val_cold,kim ji hoon,8280000.0,14.888729205485896,2924778.1964107123,0.646765918307885
T5-E006,cold,cold_full_size,val_cold,kim ji hoon,2277000.0,14.591506953287892,2172755.97287229,0.045781303086390064
T5-E006,cold,cold_full_size,val_cold,doezny,6486000.0,15.791057354870993,7210561.288693748,0.11171157704189769
T5-E006,cold,cold_full_size,val_cold,jeah hyuck,15180000.0,17.096154035747958,26592879.12240172,0.7518365693281767
T5-E006,cold,cold_full_size,val_cold,kim ji hoon,11040000.0,15.147331899256999,3787936.2332268944,0.6568898339468393
T5-E006,cold,cold_full_size,val_cold,kim ji hoon,8970000.0,15.285401843269911,4348762.34099429,0.5151881448166901
T5-E006,cold,cold_full_size,val_cold,lee sang sun,13800000.0,15.56615215045328,5758295.970528193,0.5827321760486817
T5-E006,cold,cold_full_size,val_cold,lee sang sun,3450000.0,14.6417030106896,2284603.423264605,0.3377961091986652
T5-E006,cold,cold_full_size,val_cold,jung kwangmin,11730000.0,16.37079273011449,12874932.09228446,0.09760716899270755
T5-E006,cold,cold_full_size,val_cold,kim ji hoon,8970000.0,15.285401843269911,4348762.34099429,0.5151881448166901
T5-E006,cold,cold_full_size,val_cold,jeah hyuck,1656000.0,14.640582297028722,2282044.4711925723,0.3780461782563842
T5-E006,cold,cold_full_size,val_cold,geonwoo lee,2070000.0,15.624571326506505,6104711.002120723,1.9491357498167745
T5-E006,cold,cold_full_size,val_cold,kim ji hoon,5244000.0,15.46212723267258,5189392.688918557,0.010413293493791567
T5-E006,cold,cold_full_size,val_cold,kim ji hoon,2277000.0,14.591506953287892,2172755.97287229,0.045781303086390064
T5-E006,cold,cold_full_size,val_cold,dongyoon kang 강동윤,16560000.0,16.037329381750123,9224092.616980268,0.4429895762693075
T5-E006,cold,cold_full_size,val_cold,siyoung yang,1656000.0,14.648912105022724,2301132.8543832176,0.38957297970001065
T5-E006,cold,cold_full_size,val_cold,sung won kwon,6210000.0,15.310546314972253,4459496.008231333,0.28188470076790123
T5-E006,cold,cold_full_size,val_cold,jeah hyuck,15180000.0,17.096154035747958,26592879.12240172,0.7518365693281767
T5-E006,cold,cold_full_size,val_cold,gum ran choe,14283000.0,15.784507633732307,7163488.448269153,0.49846051611922193
T5-E006,cold,cold_full_size,val_cold,kim ji hoon,1794000.0,14.477173093029922,1938011.669890264,0.0802740634839822
T5-E006,cold,cold_full_size,val_cold,kim ji hoon,6900000.0,15.295817351623628,4394293.615557875,0.36314585281769934
T5-E006,cold,cold_full_size,val_cold,kim ji hoon,2622000.0,14.065078995293955,1283471.3988054758,0.5104990851237697
T5-E006,cold,cold_full_size,val_cold,kim ji hoon,2622000.0,14.065078995293955,1283471.3988054758,0.5104990851237697
T5-E006,cold,cold_full_size,val_cold,park hyung jin b 1974,17250000.0,16.097336593829088,9794549.28823704,0.4322000412616208
T5-E006,cold,cold_full_size,val_cold,jung kwangmin,41400000.0,17.63552640700707,45604931.10962584,0.1015683842904792
T5-E006,cold,cold_full_size,val_cold,kim ji hoon,8280000.0,15.177978427835164,3905820.4742742344,0.5282825514161552
T5-E006,cold,cold_full_size,val_cold,geonwoo lee,10350000.0,16.042735012469812,9274089.666438831,0.10395268923296319
T5-E006,cold,cold_full_size,val_cold,jung kwangmin,11730000.0,16.37079273011449,12874932.09228446,0.09760716899270755
T5-E006,cold,cold_full_size,val_cold,siyoung yang,1656000.0,14.648912105022724,2301132.8543832176,0.38957297970001065
T5-E006,cold,cold_full_size,val_cold,miro kim,3036000.0,15.135481291777168,3743311.823193542,0.2329749088252774
T5-E006,cold,cold_full_size,val_cold,lee sang sun,27600000.0,16.135864340350402,10179274.917288655,0.6311856914025851
T5-E006,cold,cold_full_size,val_cold,kim ji hoon,2622000.0,14.23138887634291,1515701.424642206,0.4219292812196011
T5-E006,cold,cold_full_size,val_cold,geonwoo lee,20700000.0,16.658414478334564,17165540.593764324,0.1707468312191148
T5-E006,cold,cold_full_size,val_cold,geonwoo lee,6210000.0,15.624571326506505,6104711.002120723,0.016954750061075198
T5-E006,cold,cold_full_size,val_cold,jeah hyuck,6900000.0,17.096154035747958,26592879.12240172,2.8540404525219887
T5-E006,cold,cold_full_size,val_cold,siyoung yang,8280000.0,15.642189016158195,6213214.893445368,0.24961172784476232
T5-E006,cold,cold_full_size,val_cold,jung sane,1018440.0,14.833995975170415,2768997.7100858963,1.7188618967105538
T5-E006,cold,cold_full_size,val_cold,lee sang sun,20700000.0,16.042348122664393,9270502.309692964,0.552149646874736
T5-E006,cold,cold_full_size,val_cold,kim ji hoon,5520000.0,14.67427659842823,2360246.447433365,0.5724191218417817
T5-E006,cold,cold_full_size,val_cold,jeah hyuck,15180000.0,17.096154035747958,26592879.12240172,0.7518365693281767
T5-E006,cold,cold_full_size,val_cold,dongyoon kang 강동윤,16560000.0,16.037329381750123,9224092.616980268,0.4429895762693075
T5-E006,cold,cold_full_size,val_cold,geonwoo lee,20700000.0,16.658414478334564,17165540.593764324,0.1707468312191148
T5-E006,cold,cold_full_size,val_cold,dongyoon kang 강동윤,16560000.0,15.89563151353326,8005437.157944363,0.5165798817666448
T5-E006,cold,cold_full_size,val_cold,jeah hyuck,15180000.0,17.096154035747958,26592879.12240172,0.7518365693281767
T5-E006,cold,cold_full_size,val_cold,sung won kwon,20700000.0,16.276786743549906,11719758.587325271,0.43382808756882746
T5-E006,cold,cold_full_size,val_cold,jeah hyuck,12420000.0,17.096154035747958,26592879.12240172,1.1411335847344382
T5-E006,cold,cold_full_size,val_cold,geonwoo lee,4140000.0,15.28580397517108,4350511.468728663,0.050848180852334154
T5-E006,cold,cold_full_size,val_cold,sung won kwon,4140000.0,14.931924743560558,3053883.8854621407,0.26234688756953123
T5-E006,cold,cold_full_size,val_cold,dongyoon kang 강동윤,16560000.0,16.407029051199657,13350028.14702449,0.19383888001059843
T5-E006,cold,cold_full_size,val_cold,kim ji hoon,13800000.0,16.108732651286214,9906806.967265276,0.2821154371546901
T5-E006,cold,cold_full_size,val_cold,kim ji hoon,10350000.0,15.811813855527358,7361791.383063091,0.28871580839970135
T5-E006,cold,cold_full_size,val_cold,momo kim,1380000.0,14.628923386770692,2255592.817855164,0.6344875491704086
T5-E006,cold,cold_full_size,val_cold,momo kim,1380000.0,14.820340648701308,2731443.135906406,0.9793066202220335
T5-E006,cold,cold_full_size,val_cold,jungbin suh,450000.0,12.107752966496896,181271.82268625198,0.5971737273638845
T5-E006,cold,cold_full_size,val_cold,jungbin suh,50000.0,12.107752966496896,181271.82268625198,2.6254364537250394
T5-E006,cold,cold_full_size,val_cold,park hyung jin b 1974,4140000.0,14.833485552777073,2767584.7122910917,0.331501277224374
T5-E006,cold,cold_full_size,val_cold,jungbin suh,700000.0,12.107752966496896,181271.82268625198,0.7410402533053544
T5-E006,cold,cold_full_size,val_cold,jungbin suh,900000.0,14.329441042555011,1671849.4764959184,0.8576105294399092
T5-E006,cold,cold_full_size,val_cold,momo kim,276000.0,13.069866849681553,474428.8078733846,0.7189449560629878
T5-E006,cold,cold_full_size,val_cold,momo kim,276000.0,13.069866849681553,474428.8078733846,0.7189449560629878
T5-E006,cold,cold_full_size,val_cold,doezny,552000.0,13.559696128413874,774285.6399956038,0.4026913768036301
T5-E006,cold,cold_full_size,val_cold,momo kim,276000.0,13.069866849681553,474428.8078733846,0.7189449560629878
T5-E006,cold,cold_full_size,val_cold,doezny,1035000.0,13.996749492148778,1198701.5558579743,0.15816575445214912
T5-E006,cold,cold_full_size,val_cold,momo kim,276000.0,13.069866849681553,474428.8078733846,0.7189449560629878
T5-E006,cold,cold_full_size,val_cold,momo kim,276000.0,13.069866849681553,474428.8078733846,0.7189449560629878
T5-E006,cold,cold_full_size,val_cold,momo kim,276000.0,13.069866849681553,474428.8078733846,0.7189449560629878
T5-E006,cold,cold_full_size,val_cold,sung won kwon,621000.0,13.708962149736292,898931.5314254427,0.44755480100715406
T5-E006,cold,cold_full_size,val_cold,momo kim,276000.0,13.069866849681553,474428.8078733846,0.7189449560629878
T5-E006,cold,cold_full_size,val_cold,momo kim,276000.0,13.069866849681553,474428.8078733846,0.7189449560629878
T5-E006,cold,cold_full_size,val_cold,sung won kwon,621000.0,13.708962149736292,898931.5314254427,0.44755480100715406
T5-E006,cold,cold_full_size,val_cold,momo kim,276000.0,13.069866849681553,474428.8078733846,0.7189449560629878
T5-E006,cold,cold_full_size,val_cold,sung won kwon,621000.0,13.708962149736292,898931.5314254427,0.44755480100715406
T5-E006,cold,cold_full_size,val_cold,momo kim,276000.0,13.069866849681553,474428.8078733846,0.7189449560629878
T5-E006,cold,cold_full_size,val_cold,sung won kwon,621000.0,13.83051257020667,1015115.1072713194,0.6346459054288557
T5-E006,cold,cold_full_size,val_cold,sung won kwon,621000.0,13.708962149736292,898931.5314254427,0.44755480100715406
T5-E006,cold,cold_full_size,val_cold,momo kim,276000.0,13.069866849681553,474428.8078733846,0.7189449560629878
T5-E006,cold,cold_full_size,val_cold,sung won kwon,621000.0,13.708962149736292,898931.5314254427,0.44755480100715406
T5-E006,cold,cold_full_size,val_cold,sung won kwon,621000.0,13.708962149736292,898931.5314254427,0.44755480100715406
T5-E006,cold,cold_full_size,val_cold,momo kim,276000.0,13.069866849681553,474428.8078733846,0.7189449560629878
T5-E006,cold,cold_full_size,val_cold,doezny,828000.0,13.751903677484973,938373.8200970908,0.13330171509310482
T5-E006,cold,cold_full_size,val_cold,momo kim,276000.0,13.069866849681553,474428.8078733846,0.7189449560629878
T5-E006,cold,cold_full_size,val_cold,momo kim,276000.0,13.069866849681553,474428.8078733846,0.7189449560629878
T5-E006,cold,cold_full_size,val_cold,momo kim,276000.0,13.069866849681553,474428.8078733846,0.7189449560629878
T5-E006,cold,cold_full_size,val_cold,momo kim,276000.0,13.069866849681553,474428.8078733846,0.7189449560629878
T5-E006,cold,cold_full_size,val_cold,sung won kwon,621000.0,13.708962149736292,898931.5314254427,0.44755480100715406
T5-E006,cold,cold_full_size,val_cold,jeongwoong lee,2400000.0,14.696968407991962,2414416.999841171,0.0060070832671545215
T5-E006,cold,cold_full_size,val_cold,jeongwoong lee,5000000.0,15.08616240779029,3563174.4601608855,0.2873651079678229
T5-E006,cold,cold_full_size,val_cold,noori noh,1794000.0,15.134970699459252,3741401.0047991658,1.0855078064655328
T5-E006,cold,cold_full_size,val_cold,yun hyong keun,276000000.0,15.318718109710893,4496087.399291392,0.983709828263437
T5-E006,cold,cold_full_size,val_cold,noori noh,2760000.0,15.47525631212519,5257973.856517257,0.9050629914917598
T5-E006,cold,cold_full_size,val_cold,jeongwoong lee,1500000.0,13.703995398687853,894477.8316637877,0.40368144555747487
T5-E006,cold,cold_full_size,val_cold,noori noh,2760000.0,15.47525631212519,5257973.856517257,0.9050629914917598
T5-E006,cold,cold_full_size,val_cold,noori noh,2760000.0,15.47525631212519,5257973.856517257,0.9050629914917598
T5-E006,cold,cold_full_size,val_cold,noori noh,2760000.0,15.47525631212519,5257973.856517257,0.9050629914917598
T5-E006,cold,cold_full_size,val_cold,seohyun oh,4692000.0,15.13942270854243,3758094.889145454,0.1990420099860499
T5-E006,cold,cold_full_size,val_cold,seohyun oh,3312000.0,14.7227627050693,2477505.351115961,0.25196094471136443
T5-E006,cold,cold_full_size,val_cold,noori noh,2760000.0,15.268534350869054,4276024.799768626,0.5492843477422558
T5-E006,cold,cold_full_size,val_cold,seohyun oh,11040000.0,16.71739982110947,18208513.567547437,0.6493218811184273
T5-E006,cold,cold_full_size,val_cold,noori noh,6348000.0,17.358119911211187,34556972.99836067,4.44375756117843
T5-E006,cold,cold_full_size,val_cold,heeju moon,1656000.0,15.355411410897094,4664127.813469194,1.8165023028195615
T5-E006,cold,cold_full_size,val_cold,heeju moon,1656000.0,15.35490081857918,4661746.953513994,1.8150645854553102
T5-E006,cold,cold_full_size,val_cold,sj park,4692000.0,15.64167842384028,6210043.283419987,0.3235386367050271
T5-E006,cold,cold_full_size,val_cold,noori noh,1794000.0,15.134970699459252,3741401.0047991658,1.0855078064655328
T5-E006,cold,cold_full_size,val_cold,lee sejun,2070000.0,14.84951539671664,2812306.1444925787,0.3586020021703279
T5-E006,cold,cold_full_size,val_cold,heeju moon,13386000.0,17.253786707564487,31133242.82990864,1.3258062774472315
T5-E006,cold,cold_full_size,val_cold,sung won kwon,2484000.0,14.741391462801454,2524090.765071284,0.016139599465090186
T5-E006,cold,cold_full_size,val_cold,jeongyoon oh,9963600.0,15.341924442930509,4601645.1688908795,0.5381543649995103
T5-E006,cold,cold_full_size,val_cold,jeongyoon oh,9963600.0,15.393697864716943,4846163.237149744,0.5136132284365346
T5-E006,cold,cold_full_size,val_cold,jeongyoon oh,2346000.0,14.571913605211137,2130598.757971145,0.09181638620155788
T5-E006,cold,cold_full_size,val_cold,zain,1242000.0,14.64840151270481,2299958.213532087,0.851818207352727
T5-E006,cold,cold_full_size,val_cold,heeju moon,1380000.0,15.278430314289734,4318550.252894454,2.129384241227865
T5-E006,cold,cold_full_size,val_cold,lee sukju,70000000.0,16.130734436555496,10127189.92598031,0.8553258582002812
T5-E006,cold,cold_full_size,val_cold,seohyun oh,9246000.0,16.32965878243764,12356079.689253807,0.33637028869281926
T5-E006,cold,cold_full_size,val_cold,semi cho,27324000.0,17.462919590716847,38375108.480338335,0.4044469506784634
T5-E006,cold,cold_full_size,val_cold,seohyun oh,8280000.0,16.20555151911912,10913940.981512818,0.31810881419236936
T5-E006,cold,cold_full_size,val_cold,jeongyoon oh,29890800.0,16.27335928873722,11679658.404390326,0.6092557440954967
T5-E006,cold,cold_full_size,val_cold,jeongyoon oh,24150000.0,16.09589841439723,9780473.093379559,0.5950114661126477
T5-E006,cold,cold_full_size,val_cold,noori noh,2760000.0,15.47525631212519,5257973.856517257,0.9050629914917598
T5-E006,cold,cold_full_size,val_cold,jeongyoon oh,9963600.0,15.393697864716943,4846163.237149744,0.5136132284365346
T5-E006,cold,cold_full_size,val_cold,jeongyoon oh,14945400.0,15.718150947914573,6703571.137187563,0.5514625813168224
T5-E006,cold,cold_full_size,val_cold,jung yeonkyung,18975000.0,16.27335928873722,11679658.404390326,0.3844712303351607
T5-E006,cold,cold_full_size,val_cold,jeongyoon oh,2760000.0,14.571913605211137,2130598.757971145,0.2280439282713242
T5-E006,cold,cold_full_size,val_cold,jeongyoon oh,2760000.0,14.571913605211137,2130598.757971145,0.2280439282713242
T5-E006,cold,cold_full_size,val_cold,jeongyoon oh,29890800.0,16.494699807135262,14573273.21161896,0.5124495426144847
T5-E006,cold,cold_full_size,val_cold,jeongyoon oh,9963600.0,15.341924442930509,4601645.1688908795,0.5381543649995103
T5-E006,cold,cold_full_size,val_cold,heeju moon,1380000.0,15.44736120802006,5113328.950108085,2.7053108334116556
T5-E006,cold,cold_full_size,val_cold,zain,1242000.0,14.64840151270481,2299958.213532087,0.851818207352727
T5-E006,cold,cold_full_size,val_cold,jeongyoon oh,2346000.0,14.571913605211137,2130598.757971145,0.09181638620155788
T5-E006,cold,cold_full_size,val_cold,jeongyoon oh,9963600.0,15.393697864716943,4846163.237149744,0.5136132284365346
T5-E006,cold,cold_full_size,val_cold,jeongyoon oh,14945400.0,15.718150947914573,6703571.137187563,0.5514625813168224
T5-E006,cold,cold_full_size,val_cold,heeju moon,1380000.0,15.278430314289734,4318550.252894454,2.129384241227865
T5-E006,cold,cold_full_size,val_cold,heeju moon,1656000.0,15.474219074605529,5252522.916204491,2.1718133551959484
T5-E006,cold,cold_full_size,val_cold,sj park,4692000.0,15.561022246658377,5728832.104190686,0.22097870933305325
T5-E006,cold,cold_full_size,val_cold,sj park,4692000.0,15.46881882165264,5224234.415094432,0.11343444481978526
T5-E006,cold,cold_full_size,val_cold,sunghoon yang,8280000.0,15.426778245564236,5009157.251129729,0.39502931749640957
T5-E006,cold,cold_full_size,val_cold,jung yeonkyung,7107000.0,15.4648441988497,5203511.264495133,0.267832944351325
T5-E006,cold,cold_full_size,val_cold,jeongyoon oh,2346000.0,14.571913605211137,2130598.757971145,0.09181638620155788
T5-E006,cold,cold_full_size,val_cold,sj park,4692000.0,15.64167842384028,6210043.283419987,0.3235386367050271
T5-E006,cold,cold_full_size,val_cold,jeongyoon oh,2346000.0,14.571913605211137,2130598.757971145,0.09181638620155788
T5-E006,cold,cold_full_size,val_cold,jeongyoon oh,2760000.0,14.64840151270481,2299958.213532087,0.16668180669127286
T5-E006,cold,cold_full_size,val_cold,jeongyoon oh,9963600.0,15.138470181388758,3754516.906051022,0.623176672482735
T5-E006,cold,cold_full_size,val_cold,jeongyoon oh,2346000.0,14.571913605211137,2130598.757971145,0.09181638620155788
T5-E006,cold,cold_full_size,val_cold,jeongyoon oh,2346000.0,14.571913605211137,2130598.757971145,0.09181638620155788
T5-E006,cold,cold_full_size,val_cold,jeongyoon oh,14945400.0,15.718150947914573,6703571.137187563,0.5514625813168224
T5-E006,cold,cold_full_size,val_cold,heeju moon,5796000.0,16.442865249344948,13837117.998197064,1.3873564524149524
T5-E006,cold,cold_full_size,val_cold,heeju moon,1380000.0,15.468166361493353,5220826.922023424,2.7832079145097275
T5-E006,cold,cold_full_size,val_cold,heeju moon,2760000.0,15.882761245487696,7903065.226103679,1.8634294297477099
T5-E006,cold,cold_full_size,val_cold,jeong yeon kim,1462800.0,14.653531416499714,2311787.0924646338,0.5803849415262741
T5-E006,cold,cold_full_size,val_cold,jeong yeon kim,1462800.0,14.642253205413155,2285860.7458679145,0.5626611606972344
T5-E006,cold,cold_full_size,val_cold,misoung lim,910800.0,15.04313217039321,3413102.195297387,2.7473673641824625
T5-E006,cold,cold_full_size,val_cold,misoung lim,1145400.0,15.230969242826232,4118375.069103377,2.595578024361251
T5-E006,cold,cold_full_size,val_cold,ryeong ah kim,469200.0,13.938637495612385,1131027.9818676196,1.410545570902855
T5-E006,cold,cold_full_size,val_cold,jeong yeon kim,4374600.0,17.092621604232708,26499107.316856682,5.057492643180333
T5-E006,cold,cold_full_size,val_cold,jeong yeon kim,4374600.0,17.179471773800422,28903457.245518286,5.607108591761141
T5-E006,cold,cold_full_size,val_cold,kangso lee,97014000.0,15.887891149282602,7943711.356631448,0.918117886525332
T5-E006,cold,cold_full_size,val_cold,hyun jin oh,952200.0,13.538223884969103,757837.2145033345,0.2041197075159268
T5-E006,cold,cold_full_size,val_cold,jeong yeon kim,43732200.0,16.451859719775335,13962136.943637518,0.6807355462648227
T5-E006,cold,cold_full_size,val_cold,jeong yeon kim,4374600.0,15.479348978400433,5279537.084244872,0.20686167518055879
T5-E006,cold,cold_full_size,val_cold,ryeong ah kim,469200.0,13.938637495612385,1131027.9818676196,1.410545570902855
T5-E006,cold,cold_full_size,val_cold,ryeong ah kim,469200.0,13.848496555541825,1033536.0671313549,1.2027622914137999
T5-E006,cold,cold_full_size,val_cold,misoung lim,1366200.0,15.39771281451763,4865659.451243666,2.5614547293541694
T5-E006,cold,cold_full_size,val_cold,hyun jin oh,1380000.0,13.745614187170592,932490.4481441479,0.32428228395351605
T5-E006,cold,cold_full_size,val_cold,sung won kwon,5175000.0,15.204687324319458,4011546.2534377472,0.22482198001202952
T5-E006,cold,cold_full_size,val_cold,misoung lim,1145400.0,15.230969242826232,4118375.069103377,2.595578024361251
T5-E006,cold,cold_full_size,val_cold,sung won kwon,16560000.0,16.463294105755313,14122701.636474848,0.14717985286987634
T5-E006,cold,cold_full_size,val_cold,jeong yeon kim,4374600.0,17.179471773800422,28903457.245518286,5.607108591761141
T5-E006,cold,cold_full_size,val_cold,sj park,2760000.0,15.257813816128285,4230428.373086896,0.5327639032923536
T5-E006,cold,cold_full_size,val_cold,choi sangchul,66240000.0,16.499829710930165,14648224.783980954,0.7788613408215436
T5-E006,cold,cold_full_size,val_cold,sung won kwon,6624000.0,15.640559771643574,6203100.288981361,0.06354162304025343
T5-E006,cold,cold_full_size,val_cold,jimo,1794000.0,15.04313217039321,3413102.195297387,0.9025095848926349
T5-E006,cold,cold_full_size,val_cold,sung won kwon,33120000.0,16.97135791228984,23472918.545986757,0.29127661394967524
T5-E006,cold,cold_full_size,val_cold,seol min yi,2056200.0,14.498935381017468,1980649.503632306,0.036742776173375215
T5-E006,cold,cold_full_size,val_cold,jimo,2760000.0,15.398827768511847,4871087.463112776,0.7648867619973827
T5-E006,cold,cold_full_size,val_cold,choi sangchul,44850000.0,16.218912697051994,11060742.62643926,0.7533836649623353
T5-E006,cold,cold_full_size,val_cold,jimo,455400.0,13.938221753878208,1130557.8640636024,1.482560087974533
T5-E006,cold,cold_full_size,val_cold,sung won kwon,6624000.0,15.640559771643574,6203100.288981361,0.06354162304025343
T5-E006,cold,cold_full_size,val_cold,hyun jin oh,2346000.0,14.588895646300518,2167089.641503674,0.07626187489186957
T5-E006,cold,cold_full_size,val_cold,jimo,4554000.0,15.740789372393396,6857060.24673678,0.505722495989631
T5-E006,cold,cold_full_size,val_cold,ryeong ah kim,276000.0,13.878885072708146,1065425.7821855627,2.8602383412520385
T5-E006,cold,cold_full_size,val_cold,hyun jin oh,1794000.0,14.180246148990008,1440133.1736681527,0.19725018190181012
T5-E006,cold,cold_full_size,val_cold,ryeong ah kim,469200.0,13.848496555541825,1033536.0671313549,1.2027622914137999
T5-E006,cold,cold_full_size,val_cold,jimo,455400.0,13.938221753878208,1130557.8640636024,1.482560087974533
T5-E006,cold,cold_full_size,val_cold,choi sangchul,44850000.0,16.269138330424138,11630462.95217171,0.740680870631623
T5-E006,cold,cold_full_size,val_cold,ryeong ah kim,276000.0,13.878885072708146,1065425.7821855627,2.8602383412520385
T5-E006,cold,cold_full_size,val_cold,sung won kwon,6624000.0,15.610484542079416,6019318.12188303,0.09128651541620923
T5-E006,cold,cold_full_size,val_cold,noori noh,1794000.0,14.480671814312073,1944804.1080598766,0.08406026090294125
T5-E006,cold,cold_full_size,val_cold,siyoung yang,2760000.0,13.966339072451058,1162797.238102348,0.5786966528614681
T5-E006,cold,cold_full_size,val_cold,jung sane,10074000.0,16.49214139390025,14536036.41043047,0.44292598872647115
T5-E006,cold,cold_full_size,val_cold,sung won kwon,6624000.0,15.610484542079416,6019318.12188303,0.09128651541620923
T5-E006,cold,cold_full_size,val_cold,sung won kwon,16560000.0,16.463294105755313,14122701.636474848,0.14717985286987634
T5-E006,cold,cold_full_size,val_cold,siyoung yang,1656000.0,14.52331207206731,2029524.4694357342,0.22555825449017766
T5-E006,cold,cold_full_size,val_cold,sung won kwon,6624000.0,15.640559771643574,6203100.288981361,0.06354162304025343
T5-E006,cold,cold_full_size,val_cold,ryeong ah kim,952200.0,14.653531416499714,2311787.0924646338,1.4278377362577543
T5-E006,cold,cold_full_size,val_cold,momo kim,6527400.0,15.887891149282602,7943711.356631448,0.21697940322815326
T5-E006,cold,cold_full_size,val_cold,sung won kwon,6624000.0,15.610484542079416,6019318.12188303,0.09128651541620923
T5-E006,cold,cold_full_size,val_cold,jimo,4554000.0,15.740789372393396,6857060.24673678,0.505722495989631
T5-E006,cold,cold_full_size,val_cold,seol min yi,2056200.0,14.498935381017468,1980649.503632306,0.036742776173375215
T5-E006,cold,cold_full_size,val_cold,chung hyunhee,1587000.0,14.480671814312073,1944804.1080598766,0.22545942536854227
T5-E006,cold,cold_full_size,val_cold,sung won kwon,4140000.0,14.931924743560558,3053883.8854621407,0.26234688756953123
T5-E006,cold,cold_full_size,val_cold,hyun jin oh,1794000.0,14.180246148990008,1440133.1736681527,0.19725018190181012
T5-E006,cold,cold_full_size,val_cold,seol min yi,5147400.0,15.27912091730941,4321533.686805382,0.16044339145872044
T5-E006,cold,cold_full_size,val_cold,ryeong ah kim,276000.0,13.478732713078406,714067.456020567,1.58720092761075
T5-E006,cold,cold_full_size,val_cold,jimo,2760000.0,15.398827768511847,4871087.463112776,0.7648867619973827
T5-E006,cold,cold_full_size,val_cold,sung won kwon,3312000.0,15.104784345748199,3630149.3394828644,0.09605958317719335
T5-E006,cold,cold_full_size,val_cold,sung won kwon,6624000.0,15.610484542079416,6019318.12188303,0.09128651541620923
T5-E006,cold,cold_full_size,val_cold,chung hyunhee,1587000.0,14.469393603225514,1922993.4207640456,0.21171608113676468
T5-E006,cold,cold_full_size,val_cold,siyoung yang,16560000.0,16.265323057351818,11586174.100806188,0.30035180550687274
T5-E006,cold,cold_full_size,val_cold,sung won kwon,1656000.0,14.158936927580312,1409769.7167757459,0.14868978455570903
T5-E006,cold,cold_full_size,val_cold,siyoung yang,4968000.0,15.280415974070868,4327133.943768958,0.12899880358917923
T5-E006,cold,cold_full_size,val_cold,choi sangchul,44850000.0,16.218912697051994,11060742.62643926,0.7533836649623353
T5-E006,cold,cold_full_size,val_cold,choi sangchul,22770000.0,15.621151375760542,6083868.851054431,0.7328120838359934
T5-E006,cold,cold_full_size,val_cold,hyun jin oh,1794000.0,14.010180632565776,1214910.0906647078,0.32279259160272694
T5-E006,cold,cold_full_size,val_cold,sj park,1794000.0,13.989428249512242,1189957.618219921,0.3367014391193306
T5-E006,cold,cold_full_size,val_cold,choi sangchul,89700000.0,16.839065740835352,20564271.62504458,0.7707439060753112
T5-E006,cold,cold_full_size,val_cold,sj park,4692000.0,14.591243466902998,2172183.5566709912,0.5370452777768561
T5-E006,cold,cold_full_size,val_cold,ryeong ah kim,1794000.0,15.140100603254158,3760643.3454919253,1.096233748880672
T5-E006,cold,cold_full_size,val_cold,sj park,4692000.0,15.22589458662189,4097528.6703970022,0.12669891935272756
T5-E006,cold,cold_full_size,val_cold,ryeong ah kim,565800.0,14.5108404648436,2004370.2204012224,2.5425419236500924
T5-E006,cold,cold_full_size,val_cold,sung won kwon,16560000.0,16.463294105755313,14122701.636474848,0.14717985286987634
T5-E006,cold,cold_full_size,val_cold,sung won kwon,6210000.0,15.483405917159892,5300999.34898396,0.14637691642770367
T5-E006,cold,cold_full_size,val_cold,sung won kwon,6624000.0,15.640559771643574,6203100.288981361,0.06354162304025343
T5-E006,cold,cold_full_size,val_cold,jimo,1380000.0,14.92564060909781,3034753.0418460416,1.1990964071348127
T5-E006,cold,cold_full_size,val_cold,hyun jin oh,1794000.0,14.129612905994033,1369029.8468847552,0.23688414331953445
T5-E006,cold,cold_full_size,val_cold,sj park,2760000.0,14.914068104853834,2999835.7791592632,0.08689702143451566
T5-E006,cold,cold_full_size,val_cold,jimo,1380000.0,14.92564060909781,3034753.0418460416,1.1990964071348127
T5-E006,cold,cold_full_size,val_cold,seol min yi,5147400.0,15.27912091730941,4321533.686805382,0.16044339145872044
T5-E006,cold,cold_full_size,val_cold,hyun jin oh,1794000.0,14.010180632565776,1214910.0906647078,0.32279259160272694
T5-E006,cold,cold_full_size,val_cold,sung won kwon,1656000.0,14.158936927580312,1409769.7167757459,0.14868978455570903
T5-E006,cold,cold_full_size,val_cold,jimo,1794000.0,15.04313217039321,3413102.195297387,0.9025095848926349
T5-E006,cold,cold_full_size,val_cold,hyun jin oh,1794000.0,14.588895646300518,2167089.641503674,0.2079652405260167
T5-E006,cold,cold_full_size,val_cold,sung won kwon,3312000.0,15.256808492754178,4226177.561639015,0.2760197951808619
T5-E006,cold,cold_full_size,val_cold,sung won kwon,1656000.0,14.38669210064107,1770357.5691937478,0.06905650313632115
T5-E006,cold,cold_full_size,val_cold,seol min yi,3422400.0,14.999281790608311,3266670.3764118,0.04550304569547692
T5-E006,cold,cold_full_size,val_cold,sung won kwon,3312000.0,15.104784345748199,3630149.3394828644,0.09605958317719335
T5-E006,cold,cold_full_size,val_cold,seol min yi,3422400.0,14.999281790608311,3266670.3764118,0.04550304569547692
T5-E006,cold,cold_full_size,val_cold,sj park,4692000.0,15.467700169455933,5218393.581329728,0.11218959533881662
T5-E006,cold,cold_full_size,val_cold,sung won kwon,1656000.0,14.38669210064107,1770357.5691937478,0.06905650313632115
T5-E006,cold,cold_full_size,val_cold,choi sangchul,66240000.0,16.451859719775335,13962136.943637518,0.7892189471069215
T5-E006,cold,cold_full_size,val_cold,momo kim,5934000.0,15.887891149282602,7943711.356631448,0.33867734355096857
T5-E006,cold,cold_full_size,val_cold,sundoo kim,44160000.0,16.15166891327195,10341432.046748342,0.7658190206805177
T5-E006,cold,cold_full_size,val_cold,sundoo kim,62100000.0,16.781087834005902,19405902.571228497,0.6875055946662078
T5-E006,cold,cold_full_size,val_cold,junho jung,2760000.0,16.610294111031912,16359087.495619208,4.9272056143547855
T5-E006,cold,cold_full_size,val_cold,jeah hyuck,3450000.0,14.730067127699062,2495668.35162744,0.2766178690934956
T5-E006,cold,cold_full_size,val_cold,junho jung,1380000.0,16.049581718854565,9337804.50486777,5.766525003527369
T5-E006,cold,cold_full_size,val_cold,sundoo kim,16560000.0,15.580070557861026,5839002.631026848,0.6474032227640791
T5-E006,cold,cold_full_size,val_cold,jeah hyuck,3450000.0,14.730067127699062,2495668.35162744,0.2766178690934956
T5-E006,cold,cold_full_size,val_cold,see ji ui,1104000.0,14.948783392515644,3105804.669258316,1.813228867081808
T5-E006,cold,cold_full_size,val_cold,sundoo kim,66240000.0,16.782739255818694,19437976.37843466,0.7065522889729068
T5-E006,cold,cold_full_size,val_cold,jeah hyuck,3450000.0,14.730067127699062,2495668.35162744,0.2766178690934956
T5-E006,cold,cold_full_size,val_cold,sundoo kim,66240000.0,16.724149852779128,18331837.362296786,0.7232512475498672
T5-E006,cold,cold_full_size,val_cold,see ji ui,5520000.0,16.49951453723301,14643608.776279375,1.6528276768622057
T5-E006,cold,cold_full_size,val_cold,sundoo kim,22080000.0,15.754721211877841,6953260.275106744,0.685087849859296
T5-E006,cold,cold_full_size,val_cold,sundoo kim,55200000.0,16.81471804072045,20069625.094856575,0.6364198352381055
T5-E006,cold,cold_full_size,val_cold,jeah hyuck,3450000.0,14.730067127699062,2495668.35162744,0.2766178690934956
T5-E006,cold,cold_full_size,val_cold,jeah hyuck,3450000.0,14.730067127699062,2495668.35162744,0.2766178690934956
T5-E006,cold,cold_full_size,val_cold,momo kim,2898000.0,14.753055988785949,2553705.4723655195,0.11880418482901328
T5-E006,cold,cold_full_size,val_cold,momo kim,1242000.0,13.929127570747527,1120322.9733322049,0.09796862050547113
T5-E006,cold,cold_full_size,val_cold,momo kim,1242000.0,13.643008989491733,841556.9688517407,0.322417899475249
T5-E006,cold,cold_full_size,val_cold,momo kim,717600.0,13.038224562031521,459651.81688035745,0.35945956399058326
T5-E006,cold,cold_full_size,val_cold,momo kim,1242000.0,13.929127570747527,1120322.9733322049,0.09796862050547113
T5-E006,cold,cold_full_size,val_cold,momo kim,1242000.0,13.929127570747527,1120322.9733322049,0.09796862050547113
T5-E006,cold,cold_full_size,val_cold,momo kim,828000.0,13.637172465623207,836659.507494033,0.010458342384097784
T5-E006,cold,cold_full_size,val_cold,momo kim,828000.0,13.637172465623207,836659.507494033,0.010458342384097784
T5-E006,cold,cold_full_size,val_cold,momo kim,1380000.0,13.63965154520884,838736.2261109541,0.39222012600655504
T5-E006,cold,cold_full_size,val_cold,ahnnlee lee,2000000.0,14.327526256413964,1668651.3051726206,0.16567434741368972
T5-E006,cold,cold_full_size,val_cold,ahnnlee lee,2000000.0,14.342563871196043,1693933.4559082643,0.15303327204586786
T5-E006,cold,cold_full_size,val_cold,ahnnlee lee,2000000.0,14.342563871196043,1693933.4559082643,0.15303327204586786
T5-E006,cold,cold_full_size,val_cold,ahnnlee lee,2000000.0,14.327526256413964,1668651.3051726206,0.16567434741368972
T5-E006,cold,cold_full_size,val_cold,sundoo kim,44160000.0,16.148993594021714,10313802.390074402,0.76644469225375
T5-E006,cold,cold_full_size,val_cold,namkyoung kim,3174000.0,18.048784307163075,68942563.79598008,20.721034592306264
T5-E006,cold,cold_full_size,val_cold,namkyoung kim,20976000.0,17.891568241462224,58912758.699971735,1.8085792667797356
T5-E006,cold,cold_full_size,val_cold,sundoo kim,52440000.0,16.135693756717004,10177538.647681704,0.805920315642988
T5-E006,cold,cold_full_size,val_cold,sundoo kim,33120000.0,16.03433024884849,9196469.78030928,0.7223288109809999
T5-E006,cold,cold_full_size,val_cold,sundoo kim,33120000.0,16.200721730168237,10861356.03925637,0.6720605060610999
T5-E006,cold,cold_full_size,val_cold,namkyoung kim,6210000.0,17.431278696898552,37179894.28406193,4.98710052883445
T5-E006,cold,cold_full_size,val_cold,namkyoung kim,524400.0,14.385096993660122,1767535.9104983709,2.3705871672356422
T5-E006,cold,cold_full_size,val_cold,namkyoung kim,524400.0,14.031672575510045,1241303.4756523212,1.367092821610071
T5-E006,cold,cold_full_size,val_cold,namkyoung kim,6210000.0,16.53197418336606,15126733.749319384,1.4358669483606092
T5-E006,cold,cold_full_size,val_cold,namkyoung kim,5244000.0,16.014136104658355,9012617.560564896,0.7186532342801099
T5-E006,cold,cold_full_size,val_cold,namkyoung kim,2622000.0,15.050452109204173,3438177.557616909,0.3112805330346716
T5-E006,cold,cold_full_size,val_cold,junho jung,2760000.0,16.524214469501224,15009808.862249596,4.438336544293332
T5-E006,cold,cold_full_size,val_cold,junho jung,2760000.0,16.658414478334564,17165540.593764324,5.219398765856639
T5-E006,cold,cold_full_size,val_cold,lee sejun,2070000.0,14.769718253553533,2596612.4601921337,0.2544021546821902
T5-E006,cold,cold_full_size,val_cold,namkyoung kim,1048800.0,14.676254888349325,2364920.320805596,1.25488207552021
T5-E006,cold,cold_full_size,val_cold,namkyoung kim,524400.0,14.439308174810085,1866000.9599091965,2.558354233236454
T5-E006,cold,cold_full_size,val_cold,jung sane,917700.0,15.478311588885955,5274062.987708479,4.747044772483904
T5-E006,cold,cold_full_size,val_cold,jung sane,5093580.0,16.524886385815556,15019897.586708855,1.9487899643686473
T5-E006,cold,cold_full_size,val_cold,jung sane,612720.0,14.691077372438535,2400235.39663219,2.9173446217394403
T5-E006,cold,cold_full_size,val_cold,jung sane,4075140.0,15.668730845382818,6380332.981283655,0.5656720950160375
T5-E006,cold,cold_full_size,val_cold,jung sane,1018440.0,15.008344939194112,3296411.264881949,2.2367260367640203
T5-E006,cold,cold_full_size,val_cold,diego rodarte,2087600.0,13.470283948577789,708059.8822708308,0.660825885097322
T5-E006,cold,cold_full_size,val_cold,diego rodarte,2087600.0,13.470283948577789,708059.8822708308,0.660825885097322
T5-E006,cold,cold_full_size,val_cold,diego rodarte,4602100.0,15.614834761085394,6045560.51266833,0.31365257440480004
T5-E006,cold,cold_full_size,val_cold,diego rodarte,4602100.0,15.614834761085394,6045560.51266833,0.31365257440480004
T5-E006,cold,cold_full_size,val_cold,diego rodarte,4602100.0,15.614834761085394,6045560.51266833,0.31365257440480004
T5-E006,cold,cold_full_size,val_cold,diego rodarte,4602100.0,15.614834761085394,6045560.51266833,0.31365257440480004
T5-E006,cold,cold_full_size,val_cold,diego rodarte,2514600.0,14.792218266224928,2655698.499087037,0.05611170726439078
T5-E006,cold,cold_full_size,val_cold,diego rodarte,2087600.0,13.470283948577789,708059.8822708308,0.660825885097322
T5-E006,cold,cold_full_size,val_cold,diego rodarte,2514600.0,14.792218266224928,2655698.499087037,0.05611170726439078
T5-E006,cold,cold_full_size,val_cold,diego rodarte,4602100.0,15.614834761085394,6045560.51266833,0.31365257440480004
T5-E006,cold,cold_full_size,val_cold,diego rodarte,2087600.0,13.470283948577789,708059.8822708308,0.660825885097322
T5-E006,cold,cold_full_size,val_cold,diego rodarte,4602100.0,15.614834761085394,6045560.51266833,0.31365257440480004
T5-E006,cold,cold_full_size,val_cold,diego rodarte,2087600.0,13.470283948577789,708059.8822708308,0.660825885097322
T5-E006,cold,cold_full_size,val_cold,diego rodarte,2514600.0,14.792218266224928,2655698.499087037,0.05611170726439078
T5-E006,cold,cold_full_size,val_cold,diego rodarte,4602100.0,15.614834761085394,6045560.51266833,0.31365257440480004
T5-E006,cold,cold_full_size,val_cold,diego rodarte,2514600.0,14.792218266224928,2655698.499087037,0.05611170726439078
T5-E006,cold,cold_full_size,val_cold,diego rodarte,2514600.0,14.792218266224928,2655698.499087037,0.05611170726439078
T5-E006,cold,cold_full_size,val_cold,diego rodarte,2514600.0,14.792218266224928,2655698.499087037,0.05611170726439078
T5-E006,cold,cold_full_size,val_cold,diego rodarte,2514600.0,14.96507786841257,3156826.6882116715,0.2553991442820614
T5-E006,cold,cold_full_size,val_cold,diego rodarte,4602100.0,15.614834761085394,6045560.51266833,0.31365257440480004
T5-E006,cold,cold_full_size,val_cold,diego rodarte,2514600.0,14.792218266224928,2655698.499087037,0.05611170726439078
T5-E006,cold,cold_full_size,val_cold,diego rodarte,2087600.0,13.470283948577789,708059.8822708308,0.660825885097322
T5-E006,cold,cold_full_size,val_cold,diego rodarte,2087600.0,13.470283948577789,708059.8822708308,0.660825885097322
T5-E006,cold,cold_full_size,val_cold,diego rodarte,4602100.0,15.614834761085394,6045560.51266833,0.31365257440480004
T5-E006,cold,cold_full_size,val_cold,diego rodarte,2514600.0,14.792218266224928,2655698.499087037,0.05611170726439078
T5-E006,cold,cold_full_size,val_cold,diego rodarte,2087600.0,13.470283948577789,708059.8822708308,0.660825885097322
T5-E006,cold,cold_full_size,val_cold,diego rodarte,2514600.0,14.792218266224928,2655698.499087037,0.05611170726439078
T5-E006,cold,cold_full_size,val_cold,diego rodarte,2087600.0,13.470283948577789,708059.8822708308,0.660825885097322
T5-E006,cold,cold_full_size,val_cold,diego rodarte,2087600.0,13.470283948577789,708059.8822708308,0.660825885097322
T5-E006,cold,cold_full_size,val_cold,diego rodarte,2514600.0,15.614834761085394,6045560.51266833,1.4041837718397878
T5-E006,cold,cold_full_size,val_cold,diego rodarte,2087600.0,13.470283948577789,708059.8822708308,0.660825885097322
T5-E006,cold,cold_full_size,val_cold,prach pimarnman,2087600.0,14.980634663084462,3206320.7793375114,0.5358884744862576
T5-E006,cold,cold_full_size,val_cold,prach pimarnman,7116600.0,16.141707847261664,10238931.713313237,0.43873924532968506
T5-E006,cold,cold_full_size,val_cold,prach pimarnman,2087600.0,14.980634663084462,3206320.7793375114,0.5358884744862576
T5-E006,cold,cold_full_size,val_cold,prach pimarnman,41750600.0,19.400435355633313,266380249.5705145,5.380273566619749
T5-E006,cold,cold_full_size,val_cold,prach pimarnman,2087600.0,14.980634663084462,3206320.7793375114,0.5358884744862576
T5-E006,cold,cold_full_size,val_cold,prach pimarnman,7116600.0,16.141707847261664,10238931.713313237,0.43873924532968506
T5-E006,cold,cold_full_size,val_cold,prach pimarnman,2087600.0,14.980634663084462,3206320.7793375114,0.5358884744862576
T5-E006,cold,cold_full_size,val_cold,prach pimarnman,2087600.0,14.980634663084462,3206320.7793375114,0.5358884744862576
T5-E006,cold,cold_full_size,val_cold,prach pimarnman,7116600.0,16.141707847261664,10238931.713313237,0.43873924532968506
T5-E006,cold,cold_full_size,val_cold,prach pimarnman,7116600.0,16.141707847261664,10238931.713313237,0.43873924532968506
T5-E006,cold,cold_full_size,val_cold,prach pimarnman,7116600.0,16.141707847261664,10238931.713313237,0.43873924532968506
T5-E006,cold,cold_full_size,val_cold,prach pimarnman,7116600.0,16.141707847261664,10238931.713313237,0.43873924532968506
T5-E006,cold,cold_full_size,val_cold,chang sook young,11000000.0,15.992499310036827,8819707.90455181,0.19820837231347185
T5-E006,cold,cold_full_size,val_cold,chang sook young,2400000.0,14.24817379856288,1541357.066807408,0.35776788883024674
T5-E006,cold,cold_full_size,val_cold,chang sook young,3600000.0,15.124840413540703,3703690.8725876575,0.028803020163238203
T5-E006,cold,cold_full_size,val_cold,chang sook young,3800000.0,15.3698413800657,4731918.969856158,0.24524183417267312
T5-E006,cold,cold_full_size,val_cold,chang sook young,2400000.0,14.24817379856288,1541357.066807408,0.35776788883024674
T5-E006,cold,cold_full_size,val_cold,chang sook young,2400000.0,14.24817379856288,1541357.066807408,0.35776788883024674
T5-E006,cold,cold_full_size,val_cold,chang sook young,3200000.0,14.646263943822238,2295047.1451670537,0.28279776713529575
T5-E006,cold,cold_full_size,val_cold,chang sook young,960000.0,13.5349914465193,755391.5072810429,0.21313384658224702
T5-E006,cold,cold_full_size,val_cold,chang sook young,4200000.0,15.207142613870802,4021407.8626373787,0.04252193746729078
T5-E006,cold,cold_full_size,val_cold,chang sook young,3200000.0,14.746599964847784,2537271.79389564,0.20710256440761252
T5-E006,cold,cold_full_size,val_cold,lim jimin,700000.0,13.622552106808985,824516.2311242832,0.17788033017754737
T5-E006,cold,cold_full_size,val_cold,lim jimin,700000.0,13.636386712408498,836002.3578089523,0.19428908258421762
T5-E006,cold,cold_full_size,val_cold,lim jimin,700000.0,13.636386712408498,836002.3578089523,0.19428908258421762
T5-E006,cold,cold_full_size,val_cold,lim jimin,700000.0,13.636386712408498,836002.3578089523,0.19428908258421762
T5-E006,cold,cold_full_size,val_cold,lim jimin,1000000.0,14.475541910517169,1934852.99603198,0.93485299603198
T5-E006,cold,cold_full_size,val_cold,lim jimin,700000.0,13.636386712408498,836002.3578089523,0.19428908258421762
T5-E006,cold,cold_full_size,val_cold,lim jimin,800000.0,13.890800241638336,1078196.4415562442,0.3477455519453052
T5-E006,cold,cold_full_size,val_cold,lim jimin,800000.0,14.06048645952767,1277590.524899643,0.5969881561245537
T5-E006,cold,cold_full_size,val_cold,lim jimin,800000.0,13.984858518472931,1184532.237662706,0.48066529707838257
T5-E006,cold,cold_full_size,val_cold,lim jimin,1000000.0,14.475541910517169,1934852.99603198,0.93485299603198
T5-E006,cold,cold_full_size,val_cold,jeongwoong lee,1500000.0,13.722341288721989,911039.2763158263,0.39264048245611577
T5-E006,cold,cold_full_size,val_cold,jeongwoong lee,5000000.0,14.913302805602651,2997540.8853360685,0.4004918229327863
T5-E006,cold,cold_full_size,val_cold,jeongwoong lee,14000000.0,15.62896353822092,6131583.156191927,0.5620297745577195
T5-E006,cold,cold_full_size,val_cold,jeongwoong lee,5000000.0,15.08616240779029,3563174.4601608855,0.2873651079678229
T5-E006,cold,cold_full_size,val_cold,jeongwoong lee,20000000.0,16.087333551369273,9697062.391499588,0.5151468804250205
T5-E006,cold,cold_full_size,val_cold,jeongwoong lee,26000000.0,16.43722442131921,13759284.923073545,0.47079673372794056
T5-E006,cold,cold_full_size,val_cold,jeongwoong lee,2400000.0,14.49928647496454,1981345.0197729126,0.17443957509461974
T5-E006,cold,cold_full_size,val_cold,jeongwoong lee,5000000.0,14.913302805602651,2997540.8853360685,0.4004918229327863
T5-E006,cold,cold_full_size,val_cold,jeongwoong lee,2400000.0,14.666893178427804,2342883.932852385,0.023798361311506207
T5-E006,cold,cold_full_size,val_cold,chu mirim,1674600.0,14.004992920372842,1208623.8065885445,0.27826119276929145
T5-E006,cold,cold_full_size,val_cold,chu mirim,1674600.0,13.406858083363236,664545.1385113995,0.6031618664090532
T5-E006,cold,cold_full_size,val_cold,chu mirim,3958100.0,14.1790025845033,1438343.3882846704,0.6366076177244966
T5-E006,cold,cold_full_size,val_cold,chu mirim,1674600.0,13.345044111205661,624710.805981642,0.6269492380379541
T5-E006,cold,cold_full_size,val_cold,chu mirim,8677300.0,15.617005708889828,6058699.365711662,0.30177597113022925
T5-E006,cold,cold_full_size,val_cold,chu mirim,7307200.0,15.021814590034152,3341113.157227092,0.5427642383913001
T5-E006,cold,cold_full_size,val_cold,chu mirim,1674600.0,13.406858083363236,664545.1385113995,0.6031618664090532
T5-E006,cold,cold_full_size,val_cold,hansol noh,800000.0,14.10531499262162,1336166.15468055,0.6702076933506876
T5-E006,cold,cold_full_size,val_cold,hansol noh,480000.0,13.517903713393302,742593.2369261914,0.547069243596232
T5-E006,cold,cold_full_size,val_cold,hansol noh,2400000.0,15.983831706345104,8743592.51729257,2.6431635488719043
T5-E006,cold,cold_full_size,val_cold,hansol noh,480000.0,13.517903713393302,742593.2369261914,0.547069243596232
T5-E006,cold,cold_full_size,val_cold,i kyoung ha,5000000.0,14.943915583385298,3090722.9421974,0.38185541156052
T5-E006,cold,cold_full_size,val_cold,i kyoung ha,3000000.0,14.569840020859735,2126185.359086308,0.2912715469712306
T5-E006,cold,cold_full_size,val_cold,i kyoung ha,3000000.0,14.569840020859735,2126185.359086308,0.2912715469712306
T5-E006,cold,cold_full_size,val_cold,i kyoung ha,2000000.0,14.202281101238372,1472218.6420443126,0.26389067897784374
T5-E006,cold,cold_full_size,val_cold,yusuke ochiai,3044700.0,14.123072134604275,1360104.5565921161,0.5532878258639222
T5-E006,cold,cold_full_size,val_cold,yusuke ochiai,12939800.0,16.16856430095059,10517638.900320655,0.18718690394591456
T5-E006,cold,cold_full_size,val_cold,yusuke ochiai,3044700.0,14.123072134604275,1360104.5565921161,0.5532878258639222
T5-E006,cold,cold_full_size,val_cold,rodel tapaya,114174000.0,17.066480700278177,25815372.357788265,0.7738944737174115
T5-E006,cold,cold_full_size,val_cold,rodel tapaya,91339200.0,16.581309658024377,15891734.003642488,0.8260140881062842
T5-E006,cold,cold_full_size,val_cold,rodel tapaya,114174000.0,17.066480700278177,25815372.357788265,0.7738944737174115
T5-E006,cold,cold_full_size,val_cold,peter ravn,1200000.0,15.032245731185709,3376147.184950907,1.813455987459089
T5-E006,cold,cold_full_size,val_cold,peter ravn,1000000.0,14.756106030022396,2561506.26969133,1.56150626969133
T5-E006,cold,cold_full_size,val_cold,eun lee,5200000.0,16.070660919443714,9536727.158750866,0.8339859920674741
T5-E006,cold,cold_full_size,val_cold,eun lee,4400000.0,15.614834761085394,6045560.51266833,0.3739910256064387
T5-E006,cold,cold_full_size,val_cold,ha ninh pham,3349200.0,15.459464283139443,5175591.981529396,0.5453218623938242
T5-E006,cold,cold_full_size,val_cold,ha ninh pham,6089300.0,16.15592620468173,10385552.386499137,0.7055412586831223
T5-E006,cold,cold_full_size,val_cold,jean michel othoniel,3196900.0,14.312402937659673,1643605.6238636088,0.4858751841272455
T5-E006,cold,cold_full_size,val_cold,올리버 비어,96029000.0,16.233940730160207,11228219.101919753,0.8830747055377047
T5-E006,cold,cold_full_size,val_cold,올리버 비어,109619400.0,16.389671335711068,13120301.687777286,0.8803104041093339
T5-E006,cold,cold_full_size,val_cold,샘 폴스,86196000.0,16.207472552922784,10934927.182216085,0.8731388094318057
T5-E006,cold,cold_full_size,val_cold,샘 폴스,86196000.0,16.201015434815872,10864546.538514018,0.8739553281067101
T5-E006,cold,cold_area_only,val_cold,zinna yoo,6618480.0,15.75443434431416,6951265.896346941,0.050281317817223996
T5-E006,cold,cold_area_only,val_cold,zinna yoo,1440720.0,14.538732141589715,2061062.411563943,0.43057805233768043
T5-E006,cold,cold_area_only,val_cold,joanna jung,2208000.0,14.631742979452616,2261961.6453881375,0.024439150991004324
T5-E006,cold,cold_area_only,val_cold,joanna jung,6003000.0,15.04704989419677,3426500.0143527654,0.42920206324291765
T5-E006,cold,cold_area_only,val_cold,eun lee,4842420.0,14.879306386552232,2897347.9789901813,0.40167354773229474
T5-E006,cold,cold_area_only,val_cold,eun lee,2468820.0,14.391891153917665,1779585.72055337,0.2791755897338121
T5-E006,cold,cold_area_only,val_cold,eun lee,3022200.0,14.23339010137678,1518737.7214202955,0.49747279418294765
T5-E006,cold,cold_area_only,val_cold,eun lee,4814820.0,14.879306386552232,2897347.9789901813,0.3982437601010668
T5-E006,cold,cold_area_only,val_cold,eun lee,3042900.0,14.391891153917665,1779585.72055337,0.41516785942575507
T5-E006,cold,cold_area_only,val_cold,eun lee,3323040.0,14.830741822816622,2760001.61494075,0.16943472996390355
T5-E006,cold,cold_area_only,val_cold,eun lee,5285400.0,14.96968734352687,3171411.590819857,0.3999675349415641
T5-E006,cold,cold_area_only,val_cold,eun lee,4876920.0,14.879306386552232,2897347.9789901813,0.4059061909996101
T5-E006,cold,cold_area_only,val_cold,kyong seob lee,5250900.0,14.510869027995936,2004427.4723508093,0.6182697304555773
T5-E006,cold,cold_area_only,val_cold,kyong seob lee,6741300.0,14.994538592756099,3251212.6011224403,0.5177172650494059
T5-E006,cold,cold_area_only,val_cold,kyong seob lee,4512600.0,14.504708288922217,1992116.6784337074,0.5585434830399975
T5-E006,cold,cold_area_only,val_cold,kyong seob lee,7534800.0,15.338594492600807,4586347.403578741,0.39131132829288895
T5-E006,cold,cold_area_only,val_cold,kyong seob lee,4512600.0,14.401575829780388,1796904.157790343,0.6018029167685274
T5-E006,cold,cold_area_only,val_cold,kyong seob lee,7465800.0,15.006267603810205,3289570.62073753,0.5593813629165623
T5-E006,cold,cold_area_only,val_cold,kyong seob lee,7465800.0,15.006267603810205,3289570.62073753,0.5593813629165623
T5-E006,cold,cold_area_only,val_cold,kyong seob lee,4512600.0,14.513728204483247,2010166.6850514938,0.5545435702141794
T5-E006,cold,cold_area_only,val_cold,kyong seob lee,7465800.0,15.006267603810205,3289570.62073753,0.5593813629165623
T5-E006,cold,cold_area_only,val_cold,kyong seob lee,5292300.0,15.006267603810205,3289570.62073753,0.3784232525107175
T5-E006,cold,cold_area_only,val_cold,kyong seob lee,3788100.0,14.513728204483247,2010166.6850514938,0.46934698528246516
T5-E006,cold,cold_area_only,val_cold,kyong seob lee,6741300.0,15.006267603810205,3289570.62073753,0.5120272616946984
T5-E006,cold,cold_area_only,val_cold,kyong seob lee,9791100.0,15.723543836163113,6739820.403463802,0.3116380791265739
T5-E006,cold,cold_area_only,val_cold,kyong seob lee,5292300.0,15.006267603810205,3289570.62073753,0.3784232525107175
T5-E006,cold,cold_area_only,val_cold,kyong seob lee,7534800.0,15.338594492600807,4586347.403578741,0.39131132829288895
T5-E006,cold,cold_area_only,val_cold,kyong seob lee,3801900.0,14.606399117133035,2205355.144442531,0.41993341633327264
T5-E006,cold,cold_area_only,val_cold,kyong seob lee,3788100.0,14.504708288922217,1992116.6784337074,0.4741119087580298
T5-E006,cold,cold_area_only,val_cold,kyong seob lee,9066600.0,15.72323889292498,6737765.454142911,0.2568586400477675
T5-E006,cold,cold_area_only,val_cold,kyong seob lee,9066600.0,15.72323889292498,6737765.454142911,0.2568586400477675
T5-E006,cold,cold_area_only,val_cold,kyong seob lee,9066600.0,15.723543836163113,6739820.403463802,0.2566319895590627
T5-E006,cold,cold_area_only,val_cold,kyong seob lee,9066600.0,15.723543836163113,6739820.403463802,0.2566319895590627
T5-E006,cold,cold_area_only,val_cold,kyong seob lee,7617600.0,15.739093725618556,6845442.946846588,0.10136487255217029
T5-E006,cold,cold_area_only,val_cold,kyong seob lee,6796500.0,15.256922740497526,4226660.420470659,0.37811220179935867
T5-E006,cold,cold_area_only,val_cold,kyong seob lee,5292300.0,15.006267603810205,3289570.62073753,0.3784232525107175
T5-E006,cold,cold_area_only,val_cold,wookyung jeong,3180900.0,14.258104463407472,1556740.0223118153,0.5105976225873762
T5-E006,cold,cold_area_only,val_cold,wookyung jeong,31160400.0,16.33981642429681,12482227.92116268,0.599420164017064
T5-E006,cold,cold_area_only,val_cold,taerin kim,2815200.0,14.887831622895273,2922154.144248123,0.0379916681756617
T5-E006,cold,cold_area_only,val_cold,taerin kim,4491900.0,15.363598429707276,4702469.8549552765,0.046877680926840866
T5-E006,cold,cold_area_only,val_cold,taerin kim,2815200.0,14.887831622895273,2922154.144248123,0.0379916681756617
T5-E006,cold,cold_area_only,val_cold,wookyung jeong,31119000.0,16.285826896873903,11826187.343192875,0.6199689147082851
T5-E006,cold,cold_area_only,val_cold,nahyun lee,9108000.0,15.286042201532513,4351547.998705716,0.5222279316309052
T5-E006,cold,cold_area_only,val_cold,zinna yoo,1614600.0,14.441752516337369,1870567.6825866222,0.15853318629172686
T5-E006,cold,cold_area_only,val_cold,zinna yoo,1614600.0,14.441752516337369,1870567.6825866222,0.15853318629172686
T5-E006,cold,cold_area_only,val_cold,zinna yoo,7547220.0,15.650532130430932,6265269.301290991,0.16985733802764583
T5-E006,cold,cold_area_only,val_cold,zinna yoo,3031860.0,15.021294382986172,3339375.5386145124,0.1014280140291809
T5-E006,cold,cold_area_only,val_cold,zinna yoo,1614600.0,14.441752516337369,1870567.6825866222,0.15853318629172686
T5-E006,cold,cold_area_only,val_cold,joanna jung,1280640.0,14.775428237515756,2611481.486247075,1.0392003109750396
T5-E006,cold,cold_area_only,val_cold,zinna yoo,14096700.0,16.18967770685116,10742062.920413947,0.2379732192347183
T5-E006,cold,cold_area_only,val_cold,zinna yoo,7574820.0,15.751744740389707,6932594.864408077,0.0847842107920615
T5-E006,cold,cold_area_only,val_cold,zinna yoo,1614600.0,14.528754983659214,2040601.1089355417,0.2638431245729851
T5-E006,cold,cold_area_only,val_cold,taerin kim,4347000.0,15.363598429707276,4702469.8549552765,0.08177360362440222
T5-E006,cold,cold_area_only,val_cold,zinna yoo,1614600.0,14.528754983659214,2040601.1089355417,0.2638431245729851
T5-E006,cold,cold_area_only,val_cold,kyung sook park,15262800.0,16.275686467681094,11706870.711173085,0.23298014052643778
T5-E006,cold,cold_area_only,val_cold,seo yeongyeong,4421520.0,15.01075274725095,3304357.9536955864,0.25266470496671134
T5-E006,cold,cold_area_only,val_cold,zinna yoo,1571820.0,14.528754983659214,2040601.1089355417,0.29824096202843947
T5-E006,cold,cold_area_only,val_cold,zinna yoo,1571820.0,14.432645068566725,1853608.9278236586,0.17927557088194485
T5-E006,cold,cold_area_only,val_cold,zinna yoo,1571820.0,14.528754983659214,2040601.1089355417,0.29824096202843947
T5-E006,cold,cold_area_only,val_cold,zinna yoo,1614600.0,14.441752516337369,1870567.6825866222,0.15853318629172686
T5-E006,cold,cold_area_only,val_cold,zinna yoo,1642200.0,14.251617324212416,1546673.9185057771,0.058169578306066776
T5-E006,cold,cold_area_only,val_cold,zinna yoo,4402200.0,15.354568536160162,4660198.194286412,0.058606649921950756
T5-E006,cold,cold_area_only,val_cold,zinna yoo,2265960.0,14.660195769919302,2327245.110314567,0.027045980650394142
T5-E006,cold,cold_area_only,val_cold,zinna yoo,2815200.0,14.864350764278644,2854338.7535417224,0.01390265471075676
T5-E006,cold,cold_area_only,val_cold,sangjune won,7093200.0,15.679820790970888,6451484.3299503615,0.09046913523510383
T5-E006,cold,cold_area_only,val_cold,zinna yoo,1469700.0,14.441752516337369,1870567.6825866222,0.2727547680387985
T5-E006,cold,cold_area_only,val_cold,taerin kim,5375100.0,15.522133249609851,5510319.966618852,0.025156735059599217
T5-E006,cold,cold_area_only,val_cold,zinna yoo,8597400.0,15.882385176935452,7900093.6905913595,0.08110664961600489
T5-E006,cold,cold_area_only,val_cold,zinna yoo,30008100.0,16.758316210219792,18968992.118589517,0.36787093756054146
T5-E006,cold,cold_area_only,val_cold,zinna yoo,1571820.0,14.538732141589715,2061062.411563943,0.31125854841135936
T5-E006,cold,cold_area_only,val_cold,zinna yoo,1440720.0,14.426989801587109,1843155.8597655208,0.2793296822182803
T5-E006,cold,cold_area_only,val_cold,ransoo kim,645840.0,13.91328212735549,1102710.8634224471,0.7074056475635562
T5-E006,cold,cold_area_only,val_cold,zinna yoo,1542840.0,14.538732141589715,2061062.411563943,0.3358886284799091
T5-E006,cold,cold_area_only,val_cold,da eun an,832140.0,14.641364195950128,2283829.4970671604,1.7445255570783287
T5-E006,cold,cold_area_only,val_cold,taerin kim,5375100.0,15.522133249609851,5510319.966618852,0.025156735059599217
T5-E006,cold,cold_area_only,val_cold,zinna yoo,4087560.0,15.243459041706718,4170135.310070583,0.020201614183176057
T5-E006,cold,cold_area_only,val_cold,zinna yoo,3033240.0,14.86254212326217,2849180.945115104,0.06068067640044841
T5-E006,cold,cold_area_only,val_cold,zinna yoo,2012040.0,14.772079747470421,2602751.590628,0.2935883931870142
T5-E006,cold,cold_area_only,val_cold,zinna yoo,10474200.0,15.631954394394022,6149949.291068683,0.41284782693965333
T5-E006,cold,cold_area_only,val_cold,zinna yoo,2771040.0,14.9182467257032,3012397.1818826427,0.08709985488576227
T5-E006,cold,cold_area_only,val_cold,ransoo kim,3105000.0,14.914380278612361,3000772.395355299,0.03356766655223861
T5-E006,cold,cold_area_only,val_cold,ransoo kim,2525400.0,14.914380278612361,3000772.395355299,0.1882364755505263
T5-E006,cold,cold_area_only,val_cold,gwanhee lee,4429800.0,15.73832058573362,6840152.5072627785,0.5441221967724905
T5-E006,cold,cold_area_only,val_cold,gwanhee lee,8804400.0,16.30637989009985,12071765.934277792,0.37110603042544543
T5-E006,cold,cold_area_only,val_cold,gwanhee lee,1669800.0,15.018254878203825,3329240.900637619,0.993796203519954
T5-E006,cold,cold_area_only,val_cold,gwanhee lee,1938900.0,15.351526028633394,4646041.0537282955,1.396225206936044
T5-E006,cold,cold_area_only,val_cold,zinna yoo,12344100.0,16.18967770685116,10742062.920413947,0.1297816025134318
T5-E006,cold,cold_area_only,val_cold,gwanhee lee,1669800.0,15.019042535895853,3331864.2358510727,0.9953672510786158
T5-E006,cold,cold_area_only,val_cold,gwanhee lee,4733400.0,15.740368620587105,6854175.733126835,0.4480449007324196
T5-E006,cold,cold_area_only,val_cold,zinna yoo,3394800.0,14.864350764278644,2854338.7535417224,0.15920267658132367
T5-E006,cold,cold_area_only,val_cold,gwanhee lee,2257680.0,15.353621271776774,4655785.844678187,1.0621991799892752
T5-E006,cold,cold_area_only,val_cold,gwanhee lee,731400.0,14.2624007578123,1563442.6236239062,1.1376027120917502
T5-E006,cold,cold_area_only,val_cold,gwanhee lee,1380000.0,15.023988425208978,3348384.0865690582,1.426365280122506
T5-E006,cold,cold_area_only,val_cold,gwanhee lee,4918320.0,15.741767582459206,6863771.173905119,0.39555197179222157
T5-E006,cold,cold_area_only,val_cold,seo yeongyeong,2656500.0,14.765409413020064,2585448.1410824587,0.0267464178119862
T5-E006,cold,cold_area_only,val_cold,zinna yoo,16704900.0,16.17970054892066,10635420.540719535,0.3633352764326913
T5-E006,cold,cold_area_only,val_cold,ransoo kim,703800.0,14.196960341206633,1464406.1226375906,1.0807134450661986
T5-E006,cold,cold_area_only,val_cold,zinna yoo,3201600.0,14.89588055343937,2945769.270758274,0.07990714931338268
T5-E006,cold,cold_area_only,val_cold,zinna yoo,3201600.0,14.89588055343937,2945769.270758274,0.07990714931338268
T5-E006,cold,cold_area_only,val_cold,zinna yoo,5216400.0,15.349571419438426,4636968.728478056,0.11107876534045388
T5-E006,cold,cold_area_only,val_cold,zinna yoo,5216400.0,15.349571419438426,4636968.728478056,0.11107876534045388
T5-E006,cold,cold_area_only,val_cold,zinna yoo,5216400.0,15.349571419438426,4636968.728478056,0.11107876534045388
T5-E006,cold,cold_area_only,val_cold,zinna yoo,20907000.0,16.17970054892066,10635420.540719535,0.4912985822585959
T5-E006,cold,cold_area_only,val_cold,ransoo kim,545100.0,13.37654103080329,644700.4251827421,0.1827195472073786
T5-E006,cold,cold_area_only,val_cold,ransoo kim,545100.0,13.701867828710043,892576.7904994738,0.637455128415839
T5-E006,cold,cold_area_only,val_cold,ransoo kim,545100.0,13.573323518164038,784909.3545325083,0.4399364419968965
T5-E006,cold,cold_area_only,val_cold,nahyun lee,6085800.0,15.342056044743007,4602250.793585358,0.24377225778281275
T5-E006,cold,cold_area_only,val_cold,joanna jung,9101100.0,15.01652466032608,3323485.568936708,0.6348259475297813
T5-E006,cold,cold_area_only,val_cold,joanna jung,7562400.0,14.624084688982238,2244705.0484316046,0.7031755727769484
T5-E006,cold,cold_area_only,val_cold,zinna yoo,3408600.0,15.021294382986172,3339375.5386145124,0.020308766468781193
T5-E006,cold,cold_area_only,val_cold,joanna jung,7990200.0,14.471394657010483,1926845.2866372203,0.7588489291085053
T5-E006,cold,cold_area_only,val_cold,sarah soh,3539700.0,14.858917853756909,2838873.4353800653,0.19799038467099886
T5-E006,cold,cold_area_only,val_cold,seo yeongyeong,3728760.0,14.431805311790441,1852053.0005576073,0.503305924608286
T5-E006,cold,cold_area_only,val_cold,seo yeongyeong,2455020.0,14.18701952273638,1449920.8442530944,0.4094056894635912
T5-E006,cold,cold_area_only,val_cold,seo yeongyeong,674820.0,13.51892950213788,743355.3715381537,0.101560966684677
T5-E006,cold,cold_area_only,val_cold,seo yeongyeong,2482620.0,14.431805311790441,1852053.0005576073,0.253992556026453
T5-E006,cold,cold_area_only,val_cold,seo yeongyeong,2917320.0,14.431805311790441,1852053.0005576073,0.36515260562516033
T5-E006,cold,cold_area_only,val_cold,seo yeongyeong,2252160.0,14.262974879741003,1564340.4880355604,0.305404372675316
T5-E006,cold,cold_area_only,val_cold,seo yeongyeong,1123320.0,13.60791761159727,812537.71583448,0.27666407093750667
T5-E006,cold,cold_area_only,val_cold,seo yeongyeong,3639060.0,15.014109709627782,3315469.1986067286,0.08892153506489901
T5-E006,cold,cold_area_only,val_cold,seo yeongyeong,3538320.0,14.85743960134319,2834679.964140105,0.1988627472529039
T5-E006,cold,cold_area_only,val_cold,seo yeongyeong,2179020.0,14.258435011211956,1557254.684363863,0.2853417204230053
T5-E006,cold,cold_area_only,val_cold,seo yeongyeong,4076520.0,14.438852110966465,1865150.1383684399,0.5424651078938801
T5-E006,cold,cold_area_only,val_cold,seo yeongyeong,819720.0,13.514041499193546,739730.7141781757,0.09758122995879609
T5-E006,cold,cold_area_only,val_cold,seo yeongyeong,1399320.0,13.514041499193546,739730.7141781757,0.4713641524610699
T5-E006,cold,cold_area_only,val_cold,seo yeongyeong,3800520.0,14.634254318006008,2267649.3357432582,0.4033318241337348
T5-E006,cold,cold_area_only,val_cold,seo yeongyeong,1468320.0,14.518606470311905,2019996.7698903081,0.3757197136116842
T5-E006,cold,cold_area_only,val_cold,seo yeongyeong,1268220.0,13.896229960513095,1084066.6675419912,0.1452061412515248
T5-E006,cold,cold_area_only,val_cold,seo yeongyeong,978420.0,13.896229960513095,1084066.6675419912,0.10797680703786842
T5-E006,cold,cold_area_only,val_cold,nahyun lee,7576200.0,15.597774504606319,5943296.505196746,0.21553067432264902
T5-E006,cold,cold_area_only,val_cold,seo yeongyeong,819720.0,13.530399864911969,751931.0161732221,0.08269773072119492
T5-E006,cold,cold_area_only,val_cold,seo yeongyeong,327060.0,13.050309719931047,465240.48360702937,0.42249276465183566
T5-E006,cold,cold_area_only,val_cold,seo yeongyeong,1309620.0,14.262974879741003,1564340.4880355604,0.1944995403518275
T5-E006,cold,cold_area_only,val_cold,seo yeongyeong,1123320.0,13.592729339653888,800289.9189234839,0.2875672836560518
T5-E006,cold,cold_area_only,val_cold,seo yeongyeong,529920.0,13.050309719931047,465240.48360702937,0.12205524681644518
T5-E006,cold,cold_area_only,val_cold,seo yeongyeong,5202600.0,15.340615610587971,4595626.326551922,0.11666737274594978
T5-E006,cold,cold_area_only,val_cold,seo yeongyeong,2760000.0,14.648938939409936,2301194.60470177,0.1662338388761703
T5-E006,cold,cold_area_only,val_cold,seo yeongyeong,2470200.0,14.43641281632363,1860606.0320880665,0.2467791951712143
T5-E006,cold,cold_area_only,val_cold,seo yeongyeong,2470200.0,14.43641281632363,1860606.0320880665,0.2467791951712143
T5-E006,cold,cold_area_only,val_cold,seo yeongyeong,2615100.0,14.43641281632363,1860606.0320880665,0.2885143848846826
T5-E006,cold,cold_area_only,val_cold,seo yeongyeong,4367700.0,14.546235069646915,2076584.5725710853,0.5245587900791984
T5-E006,cold,cold_area_only,val_cold,seo yeongyeong,2061720.0,14.624852088748426,2246428.295686133,0.08958941839150476
T5-E006,cold,cold_area_only,val_cold,seo yeongyeong,2049300.0,14.611720124457623,2217121.131008808,0.08189192944361881
T5-E006,cold,cold_area_only,val_cold,seo yeongyeong,1861620.0,14.019939241022588,1226823.9593930347,0.3409912015378892
T5-E006,cold,cold_area_only,val_cold,seo yeongyeong,385020.0,13.050309719931047,465240.48360702937,0.20835406889779587
T5-E006,cold,cold_area_only,val_cold,seo yeongyeong,2111400.0,13.050309719931047,465240.48360702937,0.7796530815539313
T5-E006,cold,cold_area_only,val_cold,zinna yoo,5840160.0,15.334694938182812,4568497.51821787,0.21774445936106715
T5-E006,cold,cold_area_only,val_cold,seo yeongyeong,414000.0,13.050309719931047,465240.48360702937,0.12376928407495016
T5-E006,cold,cold_area_only,val_cold,seo yeongyeong,529920.0,13.050309719931047,465240.48360702937,0.12205524681644518
T5-E006,cold,cold_area_only,val_cold,ransoo kim,1642200.0,14.776683109480908,2614760.618166732,0.5922303118784144
T5-E006,cold,cold_area_only,val_cold,seo yeongyeong,442980.0,13.050309719931047,465240.48360702937,0.05025166735976651
T5-E006,cold,cold_area_only,val_cold,seo yeongyeong,2105880.0,14.431805311790441,1852053.0005576073,0.12053250871008449
T5-E006,cold,cold_area_only,val_cold,seo yeongyeong,819720.0,13.050309719931047,465240.48360702937,0.4324397555177019
T5-E006,cold,cold_area_only,val_cold,seo yeongyeong,964620.0,13.050309719931047,465240.48360702937,0.517695586233927
T5-E006,cold,cold_area_only,val_cold,ransoo kim,3581100.0,15.144062625581475,3775572.65398909,0.054305284406771695
T5-E006,cold,cold_area_only,val_cold,ransoo kim,6230700.0,15.420962402452622,4980109.329389969,0.2007143130964468
T5-E006,cold,cold_area_only,val_cold,ransoo kim,6085800.0,15.420962402452622,4980109.329389969,0.18168370150350507
T5-E006,cold,cold_area_only,val_cold,ransoo kim,3118800.0,14.917741823730386,3010876.6005071816,0.03460414245633526
T5-E006,cold,cold_area_only,val_cold,ransoo kim,1573200.0,14.034966020198555,1245398.3794592577,0.20836614577977516
T5-E006,cold,cold_area_only,val_cold,ransoo kim,3091200.0,14.775428237515756,2611481.486247075,0.155188442596055
T5-E006,cold,cold_area_only,val_cold,seo yeongyeong,964620.0,13.050309719931047,465240.48360702937,0.517695586233927
T5-E006,cold,cold_area_only,val_cold,seo yeongyeong,964620.0,13.050309719931047,465240.48360702937,0.517695586233927
T5-E006,cold,cold_area_only,val_cold,seo yeongyeong,964620.0,13.050309719931047,465240.48360702937,0.517695586233927
T5-E006,cold,cold_area_only,val_cold,seo yeongyeong,1109520.0,13.050309719931047,465240.48360702937,0.5806831029571082
T5-E006,cold,cold_area_only,val_cold,seo yeongyeong,1242000.0,13.050309719931047,465240.48360702937,0.6254102386416833
T5-E006,cold,cold_area_only,val_cold,seo yeongyeong,819720.0,13.050309719931047,465240.48360702937,0.4324397555177019
T5-E006,cold,cold_area_only,val_cold,joanna jung,545100.0,13.505632389688904,733536.3187753767,0.34569128375596525
T5-E006,cold,cold_area_only,val_cold,gwanhee lee,7210500.0,16.29695173553479,11958486.307211235,0.6584822560448284
T5-E006,cold,cold_area_only,val_cold,nahyun lee,9218400.0,15.28361996221042,4341020.263525734,0.5290917877803378
T5-E006,cold,cold_area_only,val_cold,zinna yoo,4462920.0,15.363598429707276,4702469.8549552765,0.05367558794584632
T5-E006,cold,cold_area_only,val_cold,seo yeongyeong,2731020.0,14.019939241022588,1226823.9593930347,0.5507817740649886
T5-E006,cold,cold_area_only,val_cold,seo yeongyeong,1399320.0,13.050309719931047,465240.48360702937,0.6675238804511983
T5-E006,cold,cold_area_only,val_cold,seo yeongyeong,1399320.0,13.050309719931047,465240.48360702937,0.6675238804511983
T5-E006,cold,cold_area_only,val_cold,seo yeongyeong,1399320.0,13.050309719931047,465240.48360702937,0.6675238804511983
T5-E006,cold,cold_area_only,val_cold,seo yeongyeong,1399320.0,13.050309719931047,465240.48360702937,0.6675238804511983
T5-E006,cold,cold_area_only,val_cold,seo yeongyeong,1254420.0,13.050309719931047,465240.48360702937,0.6291190481600825
T5-E006,cold,cold_area_only,val_cold,seo yeongyeong,1254420.0,13.050309719931047,465240.48360702937,0.6291190481600825
T5-E006,cold,cold_area_only,val_cold,seo yeongyeong,1254420.0,13.050309719931047,465240.48360702937,0.6291190481600825
T5-E006,cold,cold_area_only,val_cold,seo yeongyeong,964620.0,13.050309719931047,465240.48360702937,0.517695586233927
T5-E006,cold,cold_area_only,val_cold,seo yeongyeong,964620.0,13.050309719931047,465240.48360702937,0.517695586233927
T5-E006,cold,cold_area_only,val_cold,seo yeongyeong,2282520.0,13.75811869101137,944223.9866831524,0.5863238934672413
T5-E006,cold,cold_area_only,val_cold,seo yeongyeong,2427420.0,13.75811869101137,944223.9866831524,0.6110174643518005
T5-E006,cold,cold_area_only,val_cold,seo yeongyeong,1254420.0,13.050309719931047,465240.48360702937,0.6291190481600825
T5-E006,cold,cold_area_only,val_cold,seo yeongyeong,1254420.0,13.050309719931047,465240.48360702937,0.6291190481600825
T5-E006,cold,cold_area_only,val_cold,seo yeongyeong,1109520.0,13.050309719931047,465240.48360702937,0.5806831029571082
T5-E006,cold,cold_area_only,val_cold,seo yeongyeong,1254420.0,13.050309719931047,465240.48360702937,0.6291190481600825
T5-E006,cold,cold_area_only,val_cold,seo yeongyeong,1254420.0,13.050309719931047,465240.48360702937,0.6291190481600825
T5-E006,cold,cold_area_only,val_cold,seo yeongyeong,1254420.0,13.050309719931047,465240.48360702937,0.6291190481600825
T5-E006,cold,cold_area_only,val_cold,seo yeongyeong,1109520.0,13.050309719931047,465240.48360702937,0.5806831029571082
T5-E006,cold,cold_area_only,val_cold,seo yeongyeong,1399320.0,13.050309719931047,465240.48360702937,0.6675238804511983
T5-E006,cold,cold_area_only,val_cold,seo yeongyeong,1254420.0,13.414611227547296,669717.4778237025,0.46611383920560695
T5-E006,cold,cold_area_only,val_cold,seo yeongyeong,964620.0,13.050309719931047,465240.48360702937,0.517695586233927
T5-E006,cold,cold_area_only,val_cold,seo yeongyeong,964620.0,13.050309719931047,465240.48360702937,0.517695586233927
T5-E006,cold,cold_area_only,val_cold,seo yeongyeong,1399320.0,13.414611227547296,669717.4778237025,0.5213979091103518
T5-E006,cold,cold_area_only,val_cold,seo yeongyeong,1109520.0,13.050309719931047,465240.48360702937,0.5806831029571082
T5-E006,cold,cold_area_only,val_cold,seo yeongyeong,1109520.0,13.050309719931047,465240.48360702937,0.5806831029571082
T5-E006,cold,cold_area_only,val_cold,seo yeongyeong,1109520.0,13.050309719931047,465240.48360702937,0.5806831029571082
T5-E006,cold,cold_area_only,val_cold,seo yeongyeong,1254420.0,13.050309719931047,465240.48360702937,0.6291190481600825
T5-E006,cold,cold_area_only,val_cold,seo yeongyeong,1109520.0,13.050309719931047,465240.48360702937,0.5806831029571082
T5-E006,cold,cold_area_only,val_cold,seo yeongyeong,964620.0,13.050309719931047,465240.48360702937,0.517695586233927
T5-E006,cold,cold_area_only,val_cold,seo yeongyeong,1109520.0,13.414611227547296,669717.4778237025,0.39638990029589144
T5-E006,cold,cold_area_only,val_cold,seo yeongyeong,964620.0,13.050309719931047,465240.48360702937,0.517695586233927
T5-E006,cold,cold_area_only,val_cold,seo yeongyeong,1109520.0,13.050309719931047,465240.48360702937,0.5806831029571082
T5-E006,cold,cold_area_only,val_cold,seo yeongyeong,1109520.0,13.050309719931047,465240.48360702937,0.5806831029571082
T5-E006,cold,cold_area_only,val_cold,seo yeongyeong,964620.0,13.050309719931047,465240.48360702937,0.517695586233927
T5-E006,cold,cold_area_only,val_cold,lee mong,6648840.0,16.21894743007102,11061126.80609515,0.6636175342007251
T5-E006,cold,cold_area_only,val_cold,seo yeongyeong,3062220.0,14.431805311790441,1852053.0005576073,0.39519270315078364
T5-E006,cold,cold_area_only,val_cold,seo yeongyeong,3339600.0,14.431805311790441,1852053.0005576073,0.44542669764115245
T5-E006,cold,cold_area_only,val_cold,seo yeongyeong,4962480.0,14.019939241022588,1226823.9593930347,0.752780069764909
T5-E006,cold,cold_area_only,val_cold,ransoo kim,1945800.0,14.809220893456548,2701238.402622163,0.3882405193864543
T5-E006,cold,cold_area_only,val_cold,ransoo kim,3105000.0,14.899353499436394,2956017.5539216236,0.04798146411541913
T5-E006,cold,cold_area_only,val_cold,ransoo kim,5361300.0,15.417600857334596,4963396.573266226,0.07421771337805647
T5-E006,cold,cold_area_only,val_cold,ransoo kim,1945800.0,14.809220893456548,2701238.402622163,0.3882405193864543
T5-E006,cold,cold_area_only,val_cold,ransoo kim,1932000.0,14.761656330304941,2575762.9264276973,0.3332106244449779
T5-E006,cold,cold_area_only,val_cold,ransoo kim,3118800.0,15.008739334648391,3297711.6109086783,0.05736552869971728
T5-E006,cold,cold_area_only,val_cold,ransoo kim,4636800.0,15.339718090923528,4591503.51198374,0.009768911321657147
T5-E006,cold,cold_area_only,val_cold,ransoo kim,3898500.0,15.249585484943683,4195761.826884564,0.07625030829410388
T5-E006,cold,cold_area_only,val_cold,ransoo kim,3105000.0,14.899353499436394,2956017.5539216236,0.04798146411541913
T5-E006,cold,cold_area_only,val_cold,seo yeongyeong,2704800.0,13.60791761159727,812537.71583448,0.6995941600730258
T5-E006,cold,cold_area_only,val_cold,lee mong,960480.0,14.834224830563016,2769631.482662319,1.8835909989404456
T5-E006,cold,cold_area_only,val_cold,seo yeongyeong,3588000.0,14.019939241022588,1226823.9593930347,0.6580758195671587
T5-E006,cold,cold_area_only,val_cold,seo yeongyeong,4409100.0,14.940741800742153,3080929.209179552,0.3012339912500166
T5-E006,cold,cold_area_only,val_cold,seo yeongyeong,4345620.0,15.335444137932072,4571921.5178827,0.052075772359916436
T5-E006,cold,cold_area_only,val_cold,zinna yoo,818340.0,13.228342805333174,555899.5021315207,0.320698606775276
T5-E006,cold,cold_area_only,val_cold,zinna yoo,818340.0,13.228342805333174,555899.5021315207,0.320698606775276
T5-E006,cold,cold_area_only,val_cold,zinna yoo,1571820.0,14.528754983659214,2040601.1089355417,0.29824096202843947
T5-E006,cold,cold_area_only,val_cold,zinna yoo,3018060.0,14.910170498720992,2988166.357007403,0.009904920045524963
T5-E006,cold,cold_area_only,val_cold,zinna yoo,1614600.0,14.441752516337369,1870567.6825866222,0.15853318629172686
T5-E006,cold,cold_area_only,val_cold,zinna yoo,1556640.0,14.432645068566725,1853608.9278236586,0.19077559861217658
T5-E006,cold,cold_area_only,val_cold,zinna yoo,1556640.0,14.432645068566725,1853608.9278236586,0.19077559861217658
T5-E006,cold,cold_area_only,val_cold,zinna yoo,16744920.0,16.304245519027294,12046027.783426234,0.2806159848224874
T5-E006,cold,cold_area_only,val_cold,zinna yoo,1614600.0,14.441752516337369,1870567.6825866222,0.15853318629172686
T5-E006,cold,cold_area_only,val_cold,taerin kim,4305600.0,15.180099543383687,3914113.963426894,0.09092485056045753
T5-E006,cold,cold_area_only,val_cold,taerin kim,4347000.0,15.363598429707276,4702469.8549552765,0.08177360362440222
T5-E006,cold,cold_area_only,val_cold,taerin kim,5375100.0,15.522133249609851,5510319.966618852,0.025156735059599217
T5-E006,cold,cold_area_only,val_cold,taerin kim,4347000.0,15.363598429707276,4702469.8549552765,0.08177360362440222
T5-E006,cold,cold_area_only,val_cold,taerin kim,1773300.0,14.424428998884203,1838441.9395438223,0.036734866939503924
T5-E006,cold,cold_area_only,val_cold,taerin kim,1773300.0,14.424428998884203,1838441.9395438223,0.036734866939503924
T5-E006,cold,cold_area_only,val_cold,taerin kim,1773300.0,14.424428998884203,1838441.9395438223,0.036734866939503924
T5-E006,cold,cold_area_only,val_cold,taerin kim,2829000.0,15.03396558313948,3381958.654284133,0.1954608180573111
T5-E006,cold,cold_area_only,val_cold,taerin kim,6186540.0,15.556052840983824,5700433.833129475,0.07857480382742617
T5-E006,cold,cold_area_only,val_cold,ransoo kim,1800900.0,14.824247672632515,2742135.824298,0.5226474675428951
T5-E006,cold,cold_area_only,val_cold,ransoo kim,3118800.0,15.023766113824358,3347639.7854029094,0.07337430595193965
T5-E006,cold,cold_area_only,val_cold,ransoo kim,674820.0,13.91328212735549,1102710.8634224471,0.6340814786497838
T5-E006,cold,cold_area_only,val_cold,zinna yoo,2718600.0,15.349571419438426,4636968.728478056,0.7056458208188245
T5-E006,cold,cold_area_only,val_cold,sarah soh,4581600.0,15.04577140040117,3422122.0545373573,0.25307271378178864
T5-E006,cold,cold_area_only,val_cold,zinna yoo,5658000.0,15.344672096113314,4614306.280091041,0.18446336513060432
T5-E006,cold,cold_area_only,val_cold,zinna yoo,1062600.0,14.251617324212416,1546673.9185057771,0.45555610625426046
T5-E006,cold,cold_area_only,val_cold,zinna yoo,1542840.0,14.538732141589715,2061062.411563943,0.3358886284799091
T5-E006,cold,cold_area_only,val_cold,gwanhee lee,1587000.0,14.809602134373511,2702268.421557922,0.7027526285809211
T5-E006,cold,cold_area_only,val_cold,gwanhee lee,1407600.0,14.517660976795762,2018087.7786533781,0.43370828264661704
T5-E006,cold,cold_area_only,val_cold,gwanhee lee,2359800.0,15.342230017943917,4603051.531538763,0.950610870217291
T5-E006,cold,cold_area_only,val_cold,gwanhee lee,6900000.0,16.28192495635882,11780132.174357146,0.7072655325155284
T5-E006,cold,cold_area_only,val_cold,hagley art,833520.0,13.361514251627323,635085.0790318853,0.23806857780031043
T5-E006,cold,cold_area_only,val_cold,artist aeun,234600.0,12.989410525109665,437753.18462601,0.8659556036914323
T5-E006,cold,cold_area_only,val_cold,artist aeun,317400.0,13.218999168478291,550729.5696543424,0.7351278186967308
T5-E006,cold,cold_area_only,val_cold,artist aeun,234600.0,12.489508229423716,265536.6706734007,0.13186986646803361
T5-E006,cold,cold_area_only,val_cold,artist aeun,303600.0,12.883226534796195,393653.5689193453,0.2966191334629293
T5-E006,cold,cold_area_only,val_cold,zinna yoo,1131600.0,14.454770251753335,1895077.422289144,0.6746884254941181
T5-E006,cold,cold_area_only,val_cold,zinna yoo,593400.0,13.622406164278896,824395.9079197631,0.3892752071448654
T5-E006,cold,cold_area_only,val_cold,zinna yoo,510600.0,13.385168384518703,650286.5458623266,0.2735733369806632
T5-E006,cold,cold_area_only,val_cold,zinna yoo,4319400.0,15.363868432231328,4703739.705109054,0.088979882647834
T5-E006,cold,cold_area_only,val_cold,zinna yoo,10170600.0,15.883881016266221,7911919.804228345,0.22207934593550577
T5-E006,cold,cold_area_only,val_cold,zinna yoo,1076400.0,14.415002893966692,1821194.011037225,0.6919305193582542
T5-E006,cold,cold_area_only,val_cold,zinna yoo,993600.0,14.397776847355729,1790090.7007723001,0.8016210756565018
T5-E006,cold,cold_area_only,val_cold,zinna yoo,1104000.0,14.425143323159501,1839755.652402597,0.6664453373211929
T5-E006,cold,cold_area_only,val_cold,zinna yoo,1301340.0,14.538657419945554,2060908.4113454788,0.5836817521519962
T5-E006,cold,cold_area_only,val_cold,zinna yoo,1104000.0,14.538657419945554,2060908.4113454788,0.8667648653491656
T5-E006,cold,cold_area_only,val_cold,zinna yoo,1104000.0,14.446987626765447,1880385.988502324,0.7032481779912356
T5-E006,cold,cold_area_only,val_cold,zinna yoo,1304100.0,14.337986745134069,1686197.8259219537,0.29299733603401096
T5-E006,cold,cold_area_only,val_cold,zinna yoo,1304100.0,14.283649869808075,1597019.870973271,0.2246145778492992
T5-E006,cold,cold_area_only,val_cold,zinna yoo,6030600.0,15.623652496881403,6099104.388954876,0.011359464888216096
T5-E006,cold,cold_area_only,val_cold,zinna yoo,6527400.0,15.623652496881403,6099104.388954876,0.06561503983900542
T5-E006,cold,cold_area_only,val_cold,zinna yoo,1214400.0,14.23115401238552,1515345.4828079832,0.24781413274702171
T5-E006,cold,cold_area_only,val_cold,zinna yoo,1849200.0,14.847515344086203,2806687.005350846,0.5177844502221749
T5-E006,cold,cold_area_only,val_cold,zinna yoo,2635800.0,14.84054859518338,2787201.4759428054,0.05744042641429752
T5-E006,cold,cold_area_only,val_cold,zinna yoo,2387400.0,14.709464006162502,2444775.865562444,0.024032782760511052
T5-E006,cold,cold_area_only,val_cold,zinna yoo,1324800.0,14.389998956860223,1776221.577504013,0.340746963695662
T5-E006,cold,cold_area_only,val_cold,zinna yoo,1214400.0,14.446987626765447,1880385.988502324,0.5484074345374869
T5-E006,cold,cold_area_only,val_cold,zinna yoo,1021200.0,14.144142328836459,1389066.266742554,0.3602294033906718
T5-E006,cold,cold_area_only,val_cold,zinna yoo,966000.0,14.202032373448784,1471852.5058916926,0.5236568383971973
T5-E006,cold,cold_area_only,val_cold,zinna yoo,1228200.0,14.360311989194763,1724265.9630100792,0.4038967293682456
T5-E006,cold,cold_area_only,val_cold,zinna yoo,2208000.0,14.921060953315054,3020886.69331552,0.368155205305942
T5-E006,cold,cold_area_only,val_cold,zinna yoo,676200.0,13.523937275483691,747087.2631890133,0.10483180004290646
T5-E006,cold,cold_area_only,val_cold,zinna yoo,841800.0,14.031341726725007,1240892.859835155,0.47409463035775135
T5-E006,cold,cold_area_only,val_cold,zinna yoo,1145400.0,14.425143323159501,1839755.652402597,0.6062123733216318
T5-E006,cold,cold_area_only,val_cold,zinna yoo,2194200.0,14.88109373423457,2902531.1778947725,0.3228197875739552
T5-E006,cold,cold_area_only,val_cold,zinna yoo,2626140.0,14.921060953315054,3020886.69331552,0.15031441328928388
T5-E006,cold,cold_area_only,val_cold,zinna yoo,1269600.0,14.451993738693577,1889823.0129205543,0.4885184411787604
T5-E006,cold,cold_area_only,val_cold,zinna yoo,1380000.0,14.451993738693577,1889823.0129205543,0.3694369658844596
T5-E006,cold,cold_area_only,val_cold,zinna yoo,2628900.0,14.86242039310863,2848834.1349902465,0.08366013731608143
T5-E006,cold,cold_area_only,val_cold,zinna yoo,1849200.0,14.782056905400923,2628849.629940628,0.42161455220669913
T5-E006,cold,cold_area_only,val_cold,zinna yoo,1269600.0,14.266557444747114,1569954.8905015783,0.236574425410821
T5-E006,cold,cold_area_only,val_cold,zinna yoo,2249400.0,14.872519281192671,2877749.955151311,0.27934113770397045
T5-E006,cold,cold_area_only,val_cold,zinna yoo,1242000.0,14.283649869808075,1597019.870973271,0.28584530674176417
T5-E006,cold,cold_area_only,val_cold,zinna yoo,2263200.0,14.921060953315054,3020886.69331552,0.33478556615213856
T5-E006,cold,cold_area_only,val_cold,zinna yoo,1214400.0,14.446987626765447,1880385.988502324,0.5484074345374869
T5-E006,cold,cold_area_only,val_cold,zinna yoo,1283400.0,14.538657419945554,2060908.4113454788,0.605819239010035
T5-E006,cold,cold_area_only,val_cold,zinna yoo,1283400.0,14.538657419945554,2060908.4113454788,0.605819239010035
T5-E006,cold,cold_area_only,val_cold,zinna yoo,1228200.0,14.331827176615228,1675843.4967141396,0.3644711746573356
T5-E006,cold,cold_area_only,val_cold,zinna yoo,1228200.0,14.331827176615228,1675843.4967141396,0.3644711746573356
T5-E006,cold,cold_area_only,val_cold,zinna yoo,1228200.0,14.331827176615228,1675843.4967141396,0.3644711746573356
T5-E006,cold,cold_area_only,val_cold,zinna yoo,1228200.0,14.331827176615228,1675843.4967141396,0.3644711746573356
T5-E006,cold,cold_area_only,val_cold,zinna yoo,1324800.0,14.331827176615228,1675843.4967141396,0.26497848483857156
T5-E006,cold,cold_area_only,val_cold,zinna yoo,621000.0,13.364786245813864,637166.477022555,0.026032974271425053
T5-E006,cold,cold_area_only,val_cold,zinna yoo,993600.0,14.116739497280834,1351518.7218945094,0.36022415649608436
T5-E006,cold,cold_area_only,val_cold,zinna yoo,1752600.0,14.650534780368934,2304869.8771017077,0.3151146166277004
T5-E006,cold,cold_area_only,val_cold,zinna yoo,1407600.0,14.483217172525302,1949760.6365636676,0.3851666926425601
T5-E006,cold,cold_area_only,val_cold,zinna yoo,1614600.0,14.445720120357953,1878004.0970635556,0.1631389180376289
T5-E006,cold,cold_area_only,val_cold,zinna yoo,1380000.0,14.441752516337369,1870567.6825866222,0.35548382796132044
T5-E006,cold,cold_area_only,val_cold,zinna yoo,3933000.0,15.352092872928827,4648675.382152431,0.18196678925818224
T5-E006,cold,cold_area_only,val_cold,zinna yoo,1255800.0,14.451993738693577,1889823.0129205543,0.5048757866862194
T5-E006,cold,cold_area_only,val_cold,zinna yoo,779700.0,14.036347838653139,1247120.4834668345,0.5994876022403931
T5-E006,cold,cold_area_only,val_cold,zinna yoo,6610200.0,15.723718791266641,6740999.672596821,0.019787551450307195
T5-E006,cold,cold_area_only,val_cold,zinna yoo,1021200.0,14.416191726518788,1823360.3932389189,0.7855076314521336
T5-E006,cold,cold_area_only,val_cold,zinna yoo,931500.0,14.260838960415446,1561002.7487952267,0.675794684696969
T5-E006,cold,cold_area_only,val_cold,zinna yoo,1255800.0,14.529449980364026,2042019.8129222807,0.6260708814479063
T5-E006,cold,cold_area_only,val_cold,zinna yoo,2194200.0,14.88109373423457,2902531.1778947725,0.3228197875739552
T5-E006,cold,cold_area_only,val_cold,zinna yoo,1214400.0,14.538657419945554,2060908.4113454788,0.6970589684992414
T5-E006,cold,cold_area_only,val_cold,zinna yoo,3339600.0,15.27071036212961,4285339.608772491,0.2831894863973204
T5-E006,cold,cold_area_only,val_cold,zinna yoo,3132600.0,15.180998793257785,3917635.3129649833,0.2506018364824693
T5-E006,cold,cold_area_only,val_cold,zinna yoo,945300.0,14.260838960415446,1561002.7487952267,0.6513305287159914
T5-E006,cold,cold_area_only,val_cold,zinna yoo,2346000.0,15.012799547815256,3311128.2417709916,0.4113931124343528
T5-E006,cold,cold_area_only,val_cold,zinna yoo,1242000.0,14.529449980364026,2042019.8129222807,0.6441383356862164
T5-E006,cold,cold_area_only,val_cold,zinna yoo,1255800.0,14.75541687502816,2559741.602987084,1.0383354061053385
T5-E006,cold,cold_area_only,val_cold,zinna yoo,945300.0,14.260838960415446,1561002.7487952267,0.6513305287159914
T5-E006,cold,cold_area_only,val_cold,gwanhee lee,1807800.0,15.352665552958772,4651338.348150431,1.5729275075508524
T5-E006,cold,cold_area_only,val_cold,zinna yoo,1214400.0,14.277492848216635,1587217.1937607413,0.306997030435393
T5-E006,cold,cold_area_only,val_cold,zinna yoo,703800.0,14.024888775708817,1232911.2192587906,0.7517920137237718
T5-E006,cold,cold_area_only,val_cold,zinna yoo,3036000.0,15.27071036212961,4285339.608772491,0.4115084350370524
T5-E006,cold,cold_area_only,val_cold,zinna yoo,703800.0,14.024888775708817,1232911.2192587906,0.7517920137237718
T5-E006,cold,cold_area_only,val_cold,zinna yoo,2346000.0,15.012799547815256,3311128.2417709916,0.4113931124343528
T5-E006,cold,cold_area_only,val_cold,zinna yoo,1214400.0,14.451993738693577,1889823.0129205543,0.5561783703232496
T5-E006,cold,cold_area_only,val_cold,zinna yoo,5188800.0,15.63867927605737,6191446.347294393,0.1932327989697797
T5-E006,cold,cold_area_only,val_cold,zinna yoo,9591000.0,16.189498760970487,10740140.844483318,0.11981449739165027
T5-E006,cold,cold_area_only,val_cold,zinna yoo,945300.0,14.260838960415446,1561002.7487952267,0.6513305287159914
T5-E006,cold,cold_area_only,val_cold,zinna yoo,11109000.0,16.189498760970487,10740140.844483318,0.03320363268671187
T5-E006,cold,cold_area_only,val_cold,zinna yoo,1214400.0,14.451993738693577,1889823.0129205543,0.5561783703232496
T5-E006,cold,cold_area_only,val_cold,zinna yoo,814200.0,14.024888775708817,1232911.2192587906,0.5142608932188536
T5-E006,cold,cold_area_only,val_cold,zinna yoo,3988200.0,15.351369424686457,4645313.522330279,0.16476443566778984
T5-E006,cold,cold_area_only,val_cold,eunju park,4733400.0,15.395768837418379,4856209.90852087,0.02594538989328388
T5-E006,cold,cold_area_only,val_cold,eunju park,3919200.0,16.294862728645032,11933531.021881191,2.0448895238521105
T5-E006,cold,cold_area_only,val_cold,eunju park,1766400.0,15.295745924641956,4393979.755637503,1.4875338290520286
T5-E006,cold,cold_area_only,val_cold,zinna yoo,1232340.0,14.538657419945554,2060908.4113454788,0.6723537427540117
T5-E006,cold,cold_area_only,val_cold,zinna yoo,3988200.0,15.265306141200307,4262243.152158844,0.06871349284359969
T5-E006,cold,cold_area_only,val_cold,zinna yoo,1232340.0,14.528680262015055,2040448.6375621357,0.6557513653392211
T5-E006,cold,cold_area_only,val_cold,zinna yoo,1214400.0,14.523999251091597,2030919.595376151,0.6723646206984115
T5-E006,cold,cold_area_only,val_cold,zinna yoo,1610460.0,14.772079747470421,2602751.590628,0.6161541364752927
T5-E006,cold,cold_area_only,val_cold,gwanhee lee,1863000.0,15.351526028633394,4646041.0537282955,1.493849196848253
T5-E006,cold,cold_area_only,val_cold,zinna yoo,1221300.0,14.442016580763076,1871061.6981905734,0.532024644387598
T5-E006,cold,cold_area_only,val_cold,hyeong gil choi,10819200.0,15.75808334392309,6976677.397967431,0.355157738283105
T5-E006,cold,cold_area_only,val_cold,zinna yoo,11136600.0,16.155478826191608,10380907.15291965,0.06785669298352728
T5-E006,cold,cold_area_only,val_cold,zinna yoo,2311500.0,14.88109373423457,2902531.1778947725,0.2556916192493067
T5-E006,cold,cold_area_only,val_cold,zinna yoo,1745700.0,14.779618125350352,2622446.2552921027,0.5022319157312841
T5-E006,cold,cold_area_only,val_cold,zinna yoo,1745700.0,14.782056905400923,2628849.629940628,0.5058999999659897
T5-E006,cold,cold_area_only,val_cold,zinna yoo,1596660.0,14.708132884096539,2441523.7354327487,0.5291444236297951
T5-E006,cold,cold_area_only,val_cold,zinna yoo,6313500.0,15.745843317833081,6891803.17558248,0.09159787369644092
T5-E006,cold,cold_area_only,val_cold,zinna yoo,10267200.0,15.979895681992128,8709245.164563652,0.1517409649599061
T5-E006,cold,cold_area_only,val_cold,zinna yoo,5119800.0,15.63399768470389,6162528.269737448,0.20366582087922333
T5-E006,cold,cold_area_only,val_cold,zinna yoo,1938900.0,14.81397796600144,2714119.0023477688,0.39982412829324293
T5-E006,cold,cold_area_only,val_cold,zinna yoo,1304100.0,14.432645068566725,1853608.9278236586,0.42137023834342346
T5-E006,cold,cold_area_only,val_cold,zinna yoo,1007400.0,14.519735068098184,2022277.8207254373,1.0074228913295982
T5-E006,cold,cold_area_only,val_cold,zinna yoo,1725000.0,14.829883777029217,2757634.422906631,0.5986286509603659
T5-E006,cold,cold_area_only,val_cold,zinna yoo,1952700.0,14.829883777029217,2757634.422906631,0.412216122756507
T5-E006,cold,cold_area_only,val_cold,zinna yoo,1110900.0,14.528754983659214,2040601.1089355417,0.8368900071433447
T5-E006,cold,cold_area_only,val_cold,zinna yoo,9108000.0,16.17970054892066,10635420.540719535,0.16770098163367755
T5-E006,cold,cold_area_only,val_cold,zinna yoo,1104000.0,14.519735068098184,2022277.8207254373,0.8317733883382584
T5-E006,cold,cold_area_only,val_cold,zinna yoo,1007400.0,14.432645068566725,1853608.9278236586,0.8399929797733359
T5-E006,cold,cold_area_only,val_cold,zinna yoo,2628900.0,14.864350764278644,2854338.7535417224,0.08575402394222771
T5-E006,cold,cold_area_only,val_cold,gwanhee lee,2152800.0,15.351369424686457,4645313.522330279,1.1578007814614826
T5-E006,cold,cold_area_only,val_cold,zinna yoo,4057200.0,15.259043840839965,4235635.106075439,0.04397986445712281
T5-E006,cold,cold_area_only,val_cold,zinna yoo,730020.0,14.029251376328435,1238301.668146315,0.6962571821954399
T5-E006,cold,cold_area_only,val_cold,zinna yoo,730020.0,14.029251376328435,1238301.668146315,0.6962571821954399
T5-E006,cold,cold_area_only,val_cold,sarah soh,2380500.0,14.926580964414368,3037608.1301917466,0.2760378618742897
T5-E006,cold,cold_area_only,val_cold,gwanhee lee,993600.0,14.533379891513036,2050060.558711272,1.063265457640169
T5-E006,cold,cold_area_only,val_cold,sarah soh,13703400.0,15.984853212539445,8752528.714623187,0.36128780341935673
T5-E006,cold,cold_area_only,val_cold,zinna yoo,2635800.0,14.864350764278644,2854338.7535417224,0.08291173592143654
T5-E006,cold,cold_area_only,val_cold,seo yeongyeong,841800.0,14.417155649274196,1825118.819170504,1.1681145392854646
T5-E006,cold,cold_area_only,val_cold,seo yeongyeong,441600.0,14.451475999826034,1888844.8313371502,3.27727543328159
T5-E006,cold,cold_area_only,val_cold,zinna yoo,7134600.0,15.740368620587105,6854175.733126835,0.03930483375005817
T5-E006,cold,cold_area_only,val_cold,zinna yoo,1338600.0,14.52025710944952,2023333.8089825332,0.5115298139717116
T5-E006,cold,cold_area_only,val_cold,zinna yoo,1304100.0,14.528754983659214,2040601.1089355417,0.5647581542332196
T5-E006,cold,cold_area_only,val_cold,zinna yoo,1076400.0,14.25594780679611,1553386.28637881,0.44313107244408206
T5-E006,cold,cold_area_only,val_cold,zinna yoo,1304100.0,14.528754983659214,2040601.1089355417,0.5647581542332196
T5-E006,cold,cold_area_only,val_cold,zinna yoo,1062600.0,14.251617324212416,1546673.9185057771,0.45555610625426046
T5-E006,cold,cold_area_only,val_cold,zinna yoo,1062600.0,14.251617324212416,1546673.9185057771,0.45555610625426046
T5-E006,cold,cold_area_only,val_cold,zinna yoo,7838400.0,15.745843317833081,6891803.17558248,0.120764036591335
T5-E006,cold,cold_area_only,val_cold,zinna yoo,1407600.0,14.528754983659214,2040601.1089355417,0.44970240759842406
T5-E006,cold,cold_area_only,val_cold,zinna yoo,2842800.0,15.027354591020664,3359674.294300452,0.18181873304504428
T5-E006,cold,cold_area_only,val_cold,zinna yoo,4981800.0,15.349571419438426,4636968.728478056,0.06921820858363315
T5-E006,cold,cold_area_only,val_cold,zinna yoo,2249400.0,14.6502186119888,2304141.265314318,0.024335940835030573
T5-E006,cold,cold_area_only,val_cold,zinna yoo,1973400.0,14.6502186119888,2304141.265314318,0.1675997087839859
T5-E006,cold,cold_area_only,val_cold,zinna yoo,1407600.0,14.52025710944952,2023333.8089825332,0.4374352152476081
T5-E006,cold,cold_area_only,val_cold,sarah soh,2001000.0,14.906482416908517,2977166.0524937715,0.487839106693539
T5-E006,cold,cold_area_only,val_cold,zinna yoo,1338600.0,14.52025710944952,2023333.8089825332,0.5115298139717116
T5-E006,cold,cold_area_only,val_cold,sarah soh,1518000.0,14.135524022726862,1377146.3071591947,0.09278899396627488
T5-E006,cold,cold_area_only,val_cold,zinna yoo,1338600.0,14.525657089798488,2034289.3249542224,0.519714122930093
T5-E006,cold,cold_area_only,val_cold,zinna yoo,1407600.0,14.525657089798488,2034289.3249542224,0.4452183325903825
T5-E006,cold,cold_area_only,val_cold,zinna yoo,2691000.0,14.917049762790768,3008793.6112788375,0.11809498746891027
T5-E006,cold,cold_area_only,val_cold,zinna yoo,4043400.0,15.165618691272547,3857842.6694339146,0.045891410833972746
T5-E006,cold,cold_area_only,val_cold,zinna yoo,1407600.0,14.538732141589715,2061062.411563943,0.46423871239268466
T5-E006,cold,cold_area_only,val_cold,geum sahong,42228000.0,16.33081708142536,12370400.015858863,0.7070569286762607
T5-E006,cold,cold_area_only,val_cold,zinna yoo,1338600.0,14.538732141589715,2061062.411563943,0.5397149346809673
T5-E006,cold,cold_area_only,val_cold,geum sahong,10755720.0,15.084368516836646,3556788.24353126,0.6693119341586374
T5-E006,cold,cold_area_only,val_cold,geum sahong,10755720.0,15.084368516836646,3556788.24353126,0.6693119341586374
T5-E006,cold,cold_area_only,val_cold,geum sahong,10893720.0,15.566927889243807,5762764.637114778,0.4710012156439877
T5-E006,cold,cold_area_only,val_cold,geum sahong,9949800.0,15.084368516836646,3556788.24353126,0.6425266594774507
T5-E006,cold,cold_area_only,val_cold,zinna yoo,1476600.0,14.432645068566725,1853608.9278236586,0.2553223133033039
T5-E006,cold,cold_area_only,val_cold,zinna yoo,1407600.0,14.538732141589715,2061062.411563943,0.46423871239268466
T5-E006,cold,cold_area_only,val_cold,zinna yoo,4209000.0,15.354568536160162,4660198.194286412,0.10719843057410587
T5-E006,cold,cold_area_only,val_cold,zinna yoo,3256800.0,15.021294382986172,3339375.5386145124,0.02535480797547053
T5-E006,cold,cold_area_only,val_cold,zinna yoo,1476600.0,14.538732141589715,2061062.411563943,0.3958163426547087
T5-E006,cold,cold_area_only,val_cold,zinna yoo,1476600.0,14.538732141589715,2061062.411563943,0.3958163426547087
T5-E006,cold,cold_area_only,val_cold,zinna yoo,1476600.0,14.538732141589715,2061062.411563943,0.3958163426547087
T5-E006,cold,cold_area_only,val_cold,zinna yoo,2884200.0,14.872466380519157,2877597.7242670706,0.0022891185538205924
T5-E006,cold,cold_area_only,val_cold,zinna yoo,1932000.0,14.538732141589715,2061062.411563943,0.06680249045752738
T5-E006,cold,cold_area_only,val_cold,zinna yoo,1701540.0,14.435742962427451,1859360.115225938,0.09275134009540646
T5-E006,cold,cold_area_only,val_cold,zinna yoo,1556640.0,14.538732141589715,2061062.411563943,0.3240456441848744
T5-E006,cold,cold_area_only,val_cold,cheyoung yoon,1973400.0,14.532798407597333,2048868.8279898677,0.03824304651356423
T5-E006,cold,cold_area_only,val_cold,seo yeongyeong,1820220.0,14.431805311790441,1852053.0005576073,0.017488545647013697
T5-E006,cold,cold_area_only,val_cold,seo yeongyeong,385020.0,14.9298962368886,3047695.3404995445,6.915680589318852
T5-E006,cold,cold_area_only,val_cold,zinna yoo,1542840.0,14.538732141589715,2061062.411563943,0.3358886284799091
T5-E006,cold,cold_area_only,val_cold,zinna yoo,1542840.0,14.538732141589715,2061062.411563943,0.3358886284799091
T5-E006,cold,cold_area_only,val_cold,zinna yoo,1421400.0,14.528754983659214,2040601.1089355417,0.4356276269421287
T5-E006,cold,cold_area_only,val_cold,zinna yoo,1571820.0,14.528754983659214,2040601.1089355417,0.29824096202843947
T5-E006,cold,cold_area_only,val_cold,taerin kim,2539200.0,15.03396558313948,3381958.654284133,0.3318992809877651
T5-E006,cold,cold_area_only,val_cold,artist aeun,386400.0,13.55110470927266,767661.9218395618,0.9867026962721578
T5-E006,cold,cold_area_only,val_cold,hyeong gil choi,4429800.0,15.482028827996507,5293704.424259079,0.1950210899496769
T5-E006,cold,cold_area_only,val_cold,hyeong gil choi,3698400.0,15.28749068199603,4357855.698154758,0.17830837609635455
T5-E006,cold,cold_area_only,val_cold,hyeong gil choi,1849200.0,14.731536531311214,2499338.1912955767,0.3515780831146316
T5-E006,cold,cold_area_only,val_cold,hyeong gil choi,7217400.0,15.681020834425775,6459231.038758751,0.10504738011489581
T5-E006,cold,cold_area_only,val_cold,eunju park,6624000.0,15.735391585023235,6820147.0080728745,0.02961156522839289
T5-E006,cold,cold_area_only,val_cold,동훈 이,1587000.0,14.80134287853719,2680041.6101374226,0.6887470763310791
T5-E006,cold,cold_area_only,val_cold,zinna yoo,1571820.0,14.528754983659214,2040601.1089355417,0.29824096202843947
T5-E006,cold,cold_area_only,val_cold,zinna yoo,5710440.0,15.344672096113314,4614306.280091041,0.19195258507382254
T5-E006,cold,cold_area_only,val_cold,artist aeun,234600.0,12.989410525109665,437753.18462601,0.8659556036914323
T5-E006,cold,cold_area_only,val_cold,zinna yoo,4462920.0,15.363598429707276,4702469.8549552765,0.05367558794584632
T5-E006,cold,cold_area_only,val_cold,zinna yoo,2815200.0,14.872466380519157,2877597.7242670706,0.022164579520840666
T5-E006,cold,cold_area_only,val_cold,bong jun kim,42090000.0,16.59410375841687,16096360.65963223,0.6175728044753569
T5-E006,cold,cold_area_only,val_cold,bong jun kim,42186600.0,16.737031829812068,18569515.264019325,0.5598243218458153
T5-E006,cold,cold_area_only,val_cold,il mo jung,1531800.0,14.294736890397669,1614824.5813779512,0.05420066678283796
T5-E006,cold,cold_area_only,val_cold,il mo jung,4416000.0,14.864666045288539,2855238.8142250865,0.35343323953236266
T5-E006,cold,cold_area_only,val_cold,il mo jung,1545600.0,14.446832090966408,1880093.5439084931,0.21641663037557785
T5-E006,cold,cold_area_only,val_cold,il mo jung,1076400.0,13.641993984010377,840703.2172700472,0.21896765396688297
T5-E006,cold,cold_area_only,val_cold,il mo jung,5837400.0,15.555044206177145,5694687.075829132,0.024448028946254762
T5-E006,cold,cold_area_only,val_cold,il mo jung,2980800.0,15.020169235940255,3335620.363050537,0.11903528014309486
T5-E006,cold,cold_area_only,val_cold,il mo jung,2249400.0,14.574540481698532,2136202.9352706983,0.050323226073309205
T5-E006,cold,cold_area_only,val_cold,il mo jung,11523000.0,15.87922469836041,7875165.027744088,0.31656990126320506
T5-E006,cold,cold_area_only,val_cold,il mo jung,1973400.0,14.694846975911425,2409300.4073325824,0.2208880142558946
T5-E006,cold,cold_area_only,val_cold,il mo jung,966000.0,13.38327336242666,649055.4053793958,0.32809999443126725
T5-E006,cold,cold_area_only,val_cold,il mo jung,2415000.0,14.876481925105319,2889176.0773684387,0.19634620180887732
T5-E006,cold,cold_area_only,val_cold,il mo jung,1876800.0,14.984750136900205,3219543.4987646355,0.7154430406887444
T5-E006,cold,cold_area_only,val_cold,minchae kang,10225800.0,16.285826896873903,11826187.343192875,0.15650485470015796
T5-E006,cold,cold_area_only,val_cold,minchae kang,10225800.0,16.285826896873903,11826187.343192875,0.15650485470015796
T5-E006,cold,cold_area_only,val_cold,minchae kang,9259800.0,16.284469154285002,11810141.320621837,0.27542077805372006
T5-E006,cold,cold_area_only,val_cold,minchae kang,4167600.0,15.442604794441065,5089065.591882617,0.22110221515563327
T5-E006,cold,cold_area_only,val_cold,minchae kang,9867000.0,15.752642260054149,6938819.79770664,0.29676499465829126
T5-E006,cold,cold_area_only,val_cold,minchae kang,13896600.0,16.102215975811173,9842457.42154678,0.2917362936583927
T5-E006,cold,cold_area_only,val_cold,minchae kang,7107000.0,15.826476464297725,7470529.695479163,0.05115093506108948
T5-E006,cold,cold_area_only,val_cold,minchae kang,14034600.0,15.91751259165935,8182535.236390976,0.4169741042572659
T5-E006,cold,cold_area_only,val_cold,minchae kang,13841400.0,16.19394349296455,10787984.138661144,0.22060021828274998
T5-E006,cold,cold_area_only,val_cold,minchae kang,14048400.0,16.457977488679788,14047815.885628553,4.157871155767864e-05
T5-E006,cold,cold_area_only,val_cold,hyeyoung jeong,1476600.0,13.555024042042955,770676.5481692024,0.4780735824399279
T5-E006,cold,cold_area_only,val_cold,hyeyoung jeong,5837400.0,15.285878930270206,4350837.573968526,0.2546617374227351
T5-E006,cold,cold_area_only,val_cold,hyerim jun,2732400.0,15.137961631718158,3752608.033134672,0.37337433506612205
T5-E006,cold,cold_area_only,val_cold,hyerim jun,1821600.0,14.439486475088554,1866333.6980627424,0.02455736608626612
T5-E006,cold,cold_area_only,val_cold,hyerim jun,2994600.0,15.137961631718158,3752608.033134672,0.2531249693230054
T5-E006,cold,cold_area_only,val_cold,tae hwa song,10419000.0,16.013766909970276,9009290.764191402,0.13530177903912063
T5-E006,cold,cold_area_only,val_cold,hagley art,14490000.0,16.288715631020256,11860399.445435258,0.18147691887955433
T5-E006,cold,cold_area_only,val_cold,gwanhee lee,1945800.0,15.367233955050386,4719596.917358798,1.4255303306397358
T5-E006,cold,cold_area_only,val_cold,gwanhee lee,2415000.0,15.20593844575212,4016568.325889686,0.6631752902234725
T5-E006,cold,cold_area_only,val_cold,hagley art,2166600.0,13.90619116806414,1094919.2432584544,0.4946371073301697
T5-E006,cold,cold_area_only,val_cold,hagley art,2166600.0,13.90619116806414,1094919.2432584544,0.4946371073301697
T5-E006,cold,cold_area_only,val_cold,hagley art,2166600.0,13.90619116806414,1094919.2432584544,0.4946371073301697
T5-E006,cold,cold_area_only,val_cold,hagley art,2166600.0,13.90619116806414,1094919.2432584544,0.4946371073301697
T5-E006,cold,cold_area_only,val_cold,hagley art,2166600.0,13.90619116806414,1094919.2432584544,0.4946371073301697
T5-E006,cold,cold_area_only,val_cold,hagley art,2166600.0,13.90619116806414,1094919.2432584544,0.4946371073301697
T5-E006,cold,cold_area_only,val_cold,gwanhee lee,1945800.0,15.342230017943917,4603051.531538763,1.3656344596252252
T5-E006,cold,cold_area_only,val_cold,gwanhee lee,1393800.0,15.342230017943917,4603051.531538763,2.3025193941302646
T5-E006,cold,cold_area_only,val_cold,hagley art,2235600.0,14.245228657946658,1536824.2317006718,0.31256743974741824
T5-E006,cold,cold_area_only,val_cold,hagley art,2263200.0,14.431805311790441,1852053.0005576073,0.18166622456804205
T5-E006,cold,cold_area_only,val_cold,hagley art,2263200.0,14.431805311790441,1852053.0005576073,0.18166622456804205
T5-E006,cold,cold_area_only,val_cold,hagley art,2263200.0,14.431805311790441,1852053.0005576073,0.18166622456804205
T5-E006,cold,cold_area_only,val_cold,hagley art,2263200.0,14.431805311790441,1852053.0005576073,0.18166622456804205
T5-E006,cold,cold_area_only,val_cold,hagley art,2718600.0,14.703185468010517,2429474.332911279,0.10635094059027475
T5-E006,cold,cold_area_only,val_cold,hagley art,2718600.0,14.703185468010517,2429474.332911279,0.10635094059027475
T5-E006,cold,cold_area_only,val_cold,hagley art,2263200.0,14.431805311790441,1852053.0005576073,0.18166622456804205
T5-E006,cold,cold_area_only,val_cold,hagley art,1531800.0,14.014821393207646,1220561.3004104136,0.2031849455474516
T5-E006,cold,cold_area_only,val_cold,hagley art,2277000.0,14.516814386051895,2016380.0072134042,0.11445761650706887
T5-E006,cold,cold_area_only,val_cold,hagley art,2277000.0,14.516814386051895,2016380.0072134042,0.11445761650706887
T5-E006,cold,cold_area_only,val_cold,hagley art,2263200.0,14.431805311790441,1852053.0005576073,0.18166622456804205
T5-E006,cold,cold_area_only,val_cold,hagley art,2263200.0,14.431805311790441,1852053.0005576073,0.18166622456804205
T5-E006,cold,cold_area_only,val_cold,hagley art,2235600.0,14.516814386051895,2016380.0072134042,0.09805868347942201
T5-E006,cold,cold_area_only,val_cold,gwanhee lee,717600.0,14.518129281159444,2019033.079293347,1.8135912476217209
T5-E006,cold,cold_area_only,val_cold,hagley art,2870400.0,14.8104738392936,2704625.029220415,0.05775326462499484
T5-E006,cold,cold_area_only,val_cold,hagley art,3546600.0,15.008739334648391,3297711.6109086783,0.07017661678546262
T5-E006,cold,cold_area_only,val_cold,hagley art,2829000.0,14.552058910504632,2088713.5549993818,0.26167778190195057
T5-E006,cold,cold_area_only,val_cold,hagley art,2829000.0,14.552058910504632,2088713.5549993818,0.26167778190195057
T5-E006,cold,cold_area_only,val_cold,hagley art,2829000.0,14.552058910504632,2088713.5549993818,0.26167778190195057
T5-E006,cold,cold_area_only,val_cold,hagley art,6182400.0,15.726939141703586,6762743.045687339,0.0938701872553279
T5-E006,cold,cold_area_only,val_cold,hagley art,2346000.0,14.62620022126389,2249458.821031095,0.041151397684955245
T5-E006,cold,cold_area_only,val_cold,hagley art,3546600.0,15.008739334648391,3297711.6109086783,0.07017661678546262
T5-E006,cold,cold_area_only,val_cold,hagley art,2870400.0,14.8104738392936,2704625.029220415,0.05775326462499484
T5-E006,cold,cold_area_only,val_cold,hagley art,3546600.0,15.008739334648391,3297711.6109086783,0.07017661678546262
T5-E006,cold,cold_area_only,val_cold,hagley art,3546600.0,15.008739334648391,3297711.6109086783,0.07017661678546262
T5-E006,cold,cold_area_only,val_cold,hagley art,4278000.0,15.340615610587971,4595626.326551922,0.07424645314444171
T5-E006,cold,cold_area_only,val_cold,hagley art,13717200.0,16.076483529907957,9592417.781161563,0.3007014710610355
T5-E006,cold,cold_area_only,val_cold,hagley art,2870400.0,14.775950386606645,2612845.424989691,0.08972776442666841
T5-E006,cold,cold_area_only,val_cold,hagley art,772800.0,13.414611227547296,669717.4778237025,0.13338835685338704
T5-E006,cold,cold_area_only,val_cold,hagley art,952200.0,13.712267232481324,901907.4897040925,0.052817171073206784
T5-E006,cold,cold_area_only,val_cold,hagley art,952200.0,13.712267232481324,901907.4897040925,0.052817171073206784
T5-E006,cold,cold_area_only,val_cold,hagley art,6941400.0,15.498763535376689,5383038.423095369,0.22450248896542935
T5-E006,cold,cold_area_only,val_cold,hagley art,5257800.0,15.340615610587971,4595626.326551922,0.12594120610294768
T5-E006,cold,cold_area_only,val_cold,hagley art,2014800.0,14.516814386051895,2016380.0072134042,0.0007842005228331196
T5-E006,cold,cold_area_only,val_cold,hagley art,17043000.0,16.16540227854144,10484434.414756147,0.3848245957427597
T5-E006,cold,cold_area_only,val_cold,hagley art,1807800.0,14.401161030664266,1796158.9580987075,0.00643934168674218
T5-E006,cold,cold_area_only,val_cold,hagley art,2870400.0,14.762909276141993,2578992.240518954,0.1015216553375996
T5-E006,cold,cold_area_only,val_cold,hagley art,4761000.0,15.340615610587971,4595626.326551922,0.0347350710876031
T5-E006,cold,cold_area_only,val_cold,hagley art,2014800.0,14.516814386051895,2016380.0072134042,0.0007842005228331196
T5-E006,cold,cold_area_only,val_cold,hagley art,8638800.0,15.726939141703586,6762743.045687339,0.21716638356168227
T5-E006,cold,cold_area_only,val_cold,hagley art,833520.0,13.361514251627323,635085.0790318853,0.23806857780031043
T5-E006,cold,cold_area_only,val_cold,hagley art,833520.0,13.361514251627323,635085.0790318853,0.23806857780031043
T5-E006,cold,cold_area_only,val_cold,hagley art,833520.0,13.361514251627323,635085.0790318853,0.23806857780031043
T5-E006,cold,cold_area_only,val_cold,hagley art,847320.0,13.624526862052548,826146.0575996402,0.02498931029641668
T5-E006,cold,cold_area_only,val_cold,hagley art,833520.0,13.361514251627323,635085.0790318853,0.23806857780031043
T5-E006,cold,cold_area_only,val_cold,hagley art,833520.0,13.361514251627323,635085.0790318853,0.23806857780031043
T5-E006,cold,cold_area_only,val_cold,hagley art,847320.0,13.624526862052548,826146.0575996402,0.02498931029641668
T5-E006,cold,cold_area_only,val_cold,hagley art,847320.0,13.624526862052548,826146.0575996402,0.02498931029641668
T5-E006,cold,cold_area_only,val_cold,hagley art,847320.0,13.624526862052548,826146.0575996402,0.02498931029641668
T5-E006,cold,cold_area_only,val_cold,hagley art,847320.0,13.624526862052548,826146.0575996402,0.02498931029641668
T5-E006,cold,cold_area_only,val_cold,hagley art,847320.0,13.624526862052548,826146.0575996402,0.02498931029641668
T5-E006,cold,cold_area_only,val_cold,hagley art,833520.0,13.361514251627323,635085.0790318853,0.23806857780031043
T5-E006,cold,cold_area_only,val_cold,hagley art,833520.0,13.361514251627323,635085.0790318853,0.23806857780031043
T5-E006,cold,cold_area_only,val_cold,hagley art,833520.0,13.361514251627323,635085.0790318853,0.23806857780031043
T5-E006,cold,cold_area_only,val_cold,hagley art,833520.0,13.361514251627323,635085.0790318853,0.23806857780031043
T5-E006,cold,cold_area_only,val_cold,hagley art,3360300.0,15.339718090923528,4591503.51198374,0.366396902652662
T5-E006,cold,cold_area_only,val_cold,hagley art,3360300.0,15.339718090923528,4591503.51198374,0.366396902652662
T5-E006,cold,cold_area_only,val_cold,hagley art,3346500.0,15.249585484943683,4195761.826884564,0.25377613234261587
T5-E006,cold,cold_area_only,val_cold,hagley art,2663400.0,14.809220893456548,2701238.402622163,0.014206804318601348
T5-E006,cold,cold_area_only,val_cold,hagley art,3168480.0,15.008739334648391,3297711.6109086783,0.04078662668177747
T5-E006,cold,cold_area_only,val_cold,hagley art,1966500.0,14.507794470490865,1998274.2089505892,0.01615774673307357
T5-E006,cold,cold_area_only,val_cold,hagley art,2663400.0,14.809220893456548,2701238.402622163,0.014206804318601348
T5-E006,cold,cold_area_only,val_cold,hagley art,1966500.0,14.507794470490865,1998274.2089505892,0.01615774673307357
T5-E006,cold,cold_area_only,val_cold,hagley art,3974400.0,15.339718090923528,4591503.51198374,0.15526960345806667
T5-E006,cold,cold_area_only,val_cold,hagley art,2663400.0,14.86013586637412,2842333.3257103194,0.06718229545330008
T5-E006,cold,cold_area_only,val_cold,hagley art,3974400.0,15.339718090923528,4591503.51198374,0.15526960345806667
T5-E006,cold,cold_area_only,val_cold,hagley art,1380000.0,14.26445183421395,1566652.6547787713,0.13525554694113864
T5-E006,cold,cold_area_only,val_cold,hagley art,1106760.0,14.139902024315717,1383188.6729724738,0.249763881033353
T5-E006,cold,cold_area_only,val_cold,hagley art,2663400.0,14.86013586637412,2842333.3257103194,0.06718229545330008
T5-E006,cold,cold_area_only,val_cold,hagley art,615480.0,13.361514251627323,635085.0790318853,0.0318533161628083
T5-E006,cold,cold_area_only,val_cold,hagley art,601680.0,13.122152475651435,499894.5602426585,0.16916872715952253
T5-E006,cold,cold_area_only,val_cold,hagley art,7797000.0,15.714811509349628,6681222.310245699,0.14310346155627815
T5-E006,cold,cold_area_only,val_cold,hagley art,2663400.0,14.86013586637412,2842333.3257103194,0.06718229545330008
T5-E006,cold,cold_area_only,val_cold,hagley art,7797000.0,15.714811509349628,6681222.310245699,0.14310346155627815
T5-E006,cold,cold_area_only,val_cold,hagley art,1667040.0,14.703185468010517,2429474.332911279,0.45735815152082676
T5-E006,cold,cold_area_only,val_cold,hagley art,5202600.0,15.327468251354752,4535601.425425597,0.12820485422181283
T5-E006,cold,cold_area_only,val_cold,hagley art,1106760.0,14.139902024315717,1383188.6729724738,0.249763881033353
T5-E006,cold,cold_area_only,val_cold,hagley art,2663400.0,14.86013586637412,2842333.3257103194,0.06718229545330008
T5-E006,cold,cold_area_only,val_cold,hagley art,2049300.0,14.809220893456548,2701238.402622163,0.3181273618416839
T5-E006,cold,cold_area_only,val_cold,hagley art,1667040.0,14.703185468010517,2429474.332911279,0.45735815152082676
T5-E006,cold,cold_area_only,val_cold,hagley art,2663400.0,14.86013586637412,2842333.3257103194,0.06718229545330008
T5-E006,cold,cold_area_only,val_cold,hagley art,2677200.0,15.008739334648391,3297711.6109086783,0.23177633755740262
T5-E006,cold,cold_area_only,val_cold,hagley art,1639440.0,14.539197753942044,2062022.2911302382,0.2577601443970125
T5-E006,cold,cold_area_only,val_cold,hagley art,1667040.0,14.703185468010517,2429474.332911279,0.45735815152082676
T5-E006,cold,cold_area_only,val_cold,hagley art,3946800.0,15.191114622649259,3957466.5668327846,0.002702586103370975
T5-E006,cold,cold_area_only,val_cold,hagley art,2021700.0,14.684671083558316,2384907.9437668016,0.17965471819102816
T5-E006,cold,cold_area_only,val_cold,hagley art,2021700.0,14.631570596243282,2261571.754786578,0.11864854072640749
T5-E006,cold,cold_area_only,val_cold,hagley art,1352400.0,14.39226457615366,1780250.3815241535,0.3163637840314652
T5-E006,cold,cold_area_only,val_cold,hagley art,601680.0,13.624526862052548,826146.0575996402,0.37306551256422055
T5-E006,cold,cold_area_only,val_cold,hagley art,601680.0,13.516489159356016,741543.5412654871,0.2324550280306593
T5-E006,cold,cold_area_only,val_cold,hagley art,12834000.0,16.04780398713142,9321219.140107414,0.27370896524018906
T5-E006,cold,cold_area_only,val_cold,hagley art,601680.0,13.624526862052548,826146.0575996402,0.37306551256422055
T5-E006,cold,cold_area_only,val_cold,hagley art,6458400.0,15.54436551528237,5634198.815333164,0.12761693061235532
T5-E006,cold,cold_area_only,val_cold,hagley art,12875400.0,16.10995485969241,9918922.552396059,0.22962218242570645
T5-E006,cold,cold_area_only,val_cold,hagley art,5202600.0,15.327468251354752,4535601.425425597,0.12820485422181283
T5-E006,cold,cold_area_only,val_cold,hagley art,601680.0,13.624526862052548,826146.0575996402,0.37306551256422055
T5-E006,cold,cold_area_only,val_cold,hagley art,601680.0,13.382104362383627,648297.1028967494,0.07747823244373984
T5-E006,cold,cold_area_only,val_cold,hagley art,1380000.0,14.26445183421395,1566652.6547787713,0.13525554694113864
T5-E006,cold,cold_area_only,val_cold,hagley art,39026400.0,17.32976422889827,33590848.73965864,0.13927882818659576
T5-E006,cold,cold_area_only,val_cold,hagley art,3360300.0,15.343977155705995,4611100.726168741,0.372228886161575
T5-E006,cold,cold_area_only,val_cold,hagley art,521640.0,15.288299166872827,4361380.383217274,7.360900972351189
T5-E006,cold,cold_area_only,val_cold,hagley art,9384000.0,16.43297355157332,13700920.133515125,0.4600298522501199
T5-E006,cold,cold_area_only,val_cold,hagley art,9384000.0,16.43297355157332,13700920.133515125,0.4600298522501199
T5-E006,cold,cold_area_only,val_cold,gwanhee lee,1807800.0,15.351526028633394,4646041.0537282955,1.569997263927589
T5-E006,cold,cold_area_only,val_cold,gwanhee lee,4236600.0,15.732398174723006,6799762.035285222,0.6050044930569849
T5-E006,cold,cold_area_only,val_cold,hagley art,2691000.0,15.191114622649259,3957466.5668327846,0.47063045961827743
T5-E006,cold,cold_area_only,val_cold,hagley art,5771160.0,15.714811509349628,6681222.310245699,0.15769140177116892
T5-E006,cold,cold_area_only,val_cold,hagley art,11012400.0,16.288715631020256,11860399.445435258,0.07700405410584955
T5-E006,cold,cold_area_only,val_cold,gwanhee lee,317400.0,14.439599162745614,1866544.0226847408,4.8807310103489
T5-E006,cold,cold_area_only,val_cold,gwanhee lee,317400.0,14.439599162745614,1866544.0226847408,4.8807310103489
T5-E006,cold,cold_area_only,val_cold,gwanhee lee,317400.0,14.449576320676115,1885260.0382500312,4.939697663043576
T5-E006,cold,cold_area_only,val_cold,gwanhee lee,317400.0,14.449576320676115,1885260.0382500312,4.939697663043576
T5-E006,cold,cold_area_only,val_cold,gwanhee lee,4236600.0,15.742316446890664,6867539.487820281,0.621002569942945
T5-E006,cold,cold_area_only,val_cold,gwanhee lee,4471200.0,16.03749956924952,9225662.575826846,1.0633526963291389
T5-E006,cold,cold_area_only,val_cold,동훈 이,3201600.0,16.543078617837203,15295643.661863884,3.777499894385271
T5-E006,cold,cold_area_only,val_cold,동훈 이,4788600.0,15.62482014686173,6106230.167472608,0.2751597893899278
T5-E006,cold,cold_area_only,val_cold,동훈 이,3243000.0,15.346488023505202,4622693.137917347,0.42543729198808117
T5-E006,cold,cold_area_only,val_cold,동훈 이,3933000.0,15.346488023505202,4622693.137917347,0.17536057409543535
T5-E006,cold,cold_area_only,val_cold,동훈 이,4623000.0,15.62482014686173,6106230.167472608,0.3208371549800148
T5-E006,cold,cold_area_only,val_cold,동훈 이,2911800.0,15.370288369855702,4734034.562111641,0.6258103448422424
T5-E006,cold,cold_area_only,val_cold,동훈 이,3049800.0,15.3926539895321,4841107.087058721,0.5873523139414785
T5-E006,cold,cold_area_only,val_cold,동훈 이,1269600.0,14.494340375100156,1971569.2852482973,0.5529058642472411
T5-E006,cold,cold_area_only,val_cold,동훈 이,1269600.0,14.444852856871828,1876376.0787458427,0.477926968136297
T5-E006,cold,cold_area_only,val_cold,동훈 이,2014800.0,14.930308731949186,3048952.7590953195,0.5132781214489376
T5-E006,cold,cold_area_only,val_cold,동훈 이,2884200.0,15.21581125105348,4056419.520796589,0.4064279595023192
T5-E006,cold,cold_area_only,val_cold,동훈 이,2884200.0,15.21581125105348,4056419.520796589,0.4064279595023192
T5-E006,cold,cold_area_only,val_cold,동훈 이,1863000.0,14.89048161111355,2929908.087694126,0.5726828167977059
T5-E006,cold,cold_area_only,val_cold,동훈 이,1876800.0,15.010664777921638,3304067.2843277794,0.7604791583161655
T5-E006,cold,cold_area_only,val_cold,동훈 이,1876800.0,14.930308731949186,3048952.7590953195,0.6245485715554772
T5-E006,cold,cold_area_only,val_cold,동훈 이,2911800.0,15.370288369855702,4734034.562111641,0.6258103448422424
T5-E006,cold,cold_area_only,val_cold,동훈 이,2898000.0,15.281149637279341,4330309.767591733,0.49424077556650536
T5-E006,cold,cold_area_only,val_cold,동훈 이,2111400.0,14.930308731949186,3048952.7590953195,0.4440431747159797
T5-E006,cold,cold_area_only,val_cold,artist aeun,1352400.0,15.155994856151317,3820893.509152802,1.8252687881934355
T5-E006,cold,cold_area_only,val_cold,artist aeun,1352400.0,15.155994856151317,3820893.509152802,1.8252687881934355
T5-E006,cold,cold_area_only,val_cold,동훈 이,1559400.0,15.557249348132077,5707258.525041081,2.6599067109407986
T5-E006,cold,cold_area_only,val_cold,동훈 이,1366200.0,15.20438772673364,4010344.583882453,1.9354008079947687
T5-E006,cold,cold_area_only,val_cold,동훈 이,1559400.0,15.5462021925936,5644556.529441784,2.619697658998194
T5-E006,cold,cold_area_only,val_cold,jang kyungki,6789600.0,15.727871923432803,6769054.151824395,0.003026076377931664
T5-E006,cold,cold_area_only,val_cold,jang kyungki,7355400.0,15.72763832294768,6767473.082167217,0.07993133178790866
T5-E006,cold,cold_area_only,val_cold,moonsun kim,2401200.0,14.924399149499273,3030987.856199564,0.26228046651656
T5-E006,cold,cold_area_only,val_cold,moonsun kim,786600.0,13.182271248359024,530869.3625321129,0.3251088704142984
T5-E006,cold,cold_area_only,val_cold,moonsun kim,1297200.0,14.532798407597333,2048868.8279898677,0.5794548473557414
T5-E006,cold,cold_area_only,val_cold,artist aeun,317400.0,13.218999168478291,550729.5696543424,0.7351278186967308
T5-E006,cold,cold_area_only,val_cold,artist aeun,248400.0,13.218999168478291,550729.5696543424,1.2171077683347116
T5-E006,cold,cold_area_only,val_cold,jang kyungki,5685600.0,15.816083911155655,7393293.85257496,0.3003542022961447
T5-E006,cold,cold_area_only,val_cold,jang kyungki,5685600.0,15.815040053692782,7385580.3342189975,0.2989975260691919
T5-E006,cold,cold_area_only,val_cold,jang kyungki,5685600.0,15.815040053692782,7385580.3342189975,0.2989975260691919
T5-E006,cold,cold_area_only,val_cold,jang kyungki,2898000.0,15.164065893158709,3851856.8671872895,0.32914315637932695
T5-E006,cold,cold_area_only,val_cold,jang kyungki,2898000.0,15.161827937900588,3843246.222570365,0.32617191945147167
T5-E006,cold,cold_area_only,val_cold,jang kyungki,5685600.0,15.725541189874072,6753295.66170651,0.18778944380654813
T5-E006,cold,cold_area_only,val_cold,jang kyungki,5685600.0,15.725541189874072,6753295.66170651,0.18778944380654813
T5-E006,cold,cold_area_only,val_cold,jang kyungki,2898000.0,15.164065893158709,3851856.8671872895,0.32914315637932695
T5-E006,cold,cold_area_only,val_cold,jang kyungki,1490400.0,14.479589566964695,1942700.487496969,0.3034759041176658
T5-E006,cold,cold_area_only,val_cold,jang kyungki,1490400.0,14.479589566964695,1942700.487496969,0.3034759041176658
T5-E006,cold,cold_area_only,val_cold,jang kyungki,1490400.0,14.479589566964695,1942700.487496969,0.3034759041176658
T5-E006,cold,cold_area_only,val_cold,jang kyungki,1490400.0,14.479589566964695,1942700.487496969,0.3034759041176658
T5-E006,cold,cold_area_only,val_cold,jang kyungki,2221800.0,15.2371326064634,4143836.4956634855,0.8650807883983641
T5-E006,cold,cold_area_only,val_cold,jang kyungki,27931200.0,16.99553405891654,24047318.680312376,0.1390517170650607
T5-E006,cold,cold_area_only,val_cold,jang kyungki,5685600.0,15.72763832294768,6767473.082167217,0.19028301008991427
T5-E006,cold,cold_area_only,val_cold,jang kyungki,27931200.0,16.99553405891654,24047318.680312376,0.1390517170650607
T5-E006,cold,cold_area_only,val_cold,jang kyungki,27931200.0,16.99553405891654,24047318.680312376,0.1390517170650607
T5-E006,cold,cold_area_only,val_cold,jang kyungki,27931200.0,16.99553405891654,24047318.680312376,0.1390517170650607
T5-E006,cold,cold_area_only,val_cold,jang kyungki,27931200.0,17.11517696159201,27103595.751139574,0.029630099990706673
T5-E006,cold,cold_area_only,val_cold,zinna yoo,1348260.0,14.540971836161624,2065683.7351043099,0.5321108206906011
T5-E006,cold,cold_area_only,val_cold,zinna yoo,1814700.0,15.031046263746177,3372100.0340295937,0.8582134975641118
T5-E006,cold,cold_area_only,val_cold,zinna yoo,6779940.0,15.567226506062578,5764485.752522254,0.1497733383300952
T5-E006,cold,cold_area_only,val_cold,zinna yoo,10654980.0,15.820325197841052,7424717.522644444,0.3031692670803282
T5-E006,cold,cold_area_only,val_cold,zinna yoo,2899380.0,15.26473736556482,4259819.581400707,0.4692174124815331
T5-E006,cold,cold_area_only,val_cold,zinna yoo,1807800.0,14.659544897343993,2325730.8631406794,0.2864978776085183
T5-E006,cold,cold_area_only,val_cold,zinna yoo,1440720.0,14.538657419945554,2060908.4113454788,0.4304711611871001
T5-E006,cold,cold_area_only,val_cold,lee toll,2898000.0,14.866815715460755,2861383.2378144795,0.01263518363889596
T5-E006,cold,cold_area_only,val_cold,lee toll,2842800.0,15.023766113824358,3347639.7854029094,0.1775854036171765
T5-E006,cold,cold_area_only,val_cold,zinna yoo,6917940.0,15.648656433987872,6253528.572411669,0.0960418025580347
T5-E006,cold,cold_area_only,val_cold,gwanhee lee,1807800.0,15.352665552958772,4651338.348150431,1.5729275075508524
T5-E006,cold,cold_area_only,val_cold,gwanhee lee,1807800.0,15.352665552958772,4651338.348150431,1.5729275075508524
T5-E006,cold,cold_area_only,val_cold,gwanhee lee,1311000.0,14.824628913549478,2743181.4379767887,1.092434353910594
T5-E006,cold,cold_area_only,val_cold,gwanhee lee,1807800.0,15.352665552958772,4651338.348150431,1.5729275075508524
T5-E006,cold,cold_area_only,val_cold,zinna yoo,4173120.0,15.351823266528745,4647422.238452872,0.11365650603214675
T5-E006,cold,cold_area_only,val_cold,zinna yoo,4202100.0,15.351823266528745,4647422.238452872,0.10597611633537332
T5-E006,cold,cold_area_only,val_cold,zinna yoo,2119680.0,14.830598577523306,2759606.2860150454,0.3018975911529313
T5-E006,cold,cold_area_only,val_cold,zinna yoo,2757240.0,14.88109373423457,2902531.1778947725,0.05269442554684122
T5-E006,cold,cold_area_only,val_cold,ransoo kim,1469700.0,14.444838697906016,1876349.511389178,0.2766887877724556
T5-E006,cold,cold_area_only,val_cold,zinna yoo,4145520.0,15.212117501347722,4041463.7608066723,0.025100889440487013
T5-E006,cold,cold_area_only,val_cold,gwanhee lee,4250400.0,15.748297743664121,6908739.371134733,0.6254327524785274
T5-E006,cold,cold_area_only,val_cold,lee toll,1449000.0,14.522821249666832,2028528.5777867758,0.39995070930764376
T5-E006,cold,cold_area_only,val_cold,lee toll,1449000.0,14.522821249666832,2028528.5777867758,0.39995070930764376
T5-E006,cold,cold_area_only,val_cold,sangjune won,4084800.0,15.164671707365999,3854191.0837812778,0.0564553751025074
T5-E006,cold,cold_area_only,val_cold,sangjune won,3974400.0,15.25148801358514,4203751.982272575,0.05770732243170659
T5-E006,cold,cold_area_only,val_cold,sangjune won,8901000.0,15.883570695665288,7909464.953435249,0.11139591580325259
T5-E006,cold,cold_area_only,val_cold,sangjune won,3788100.0,14.974768462864626,3187566.9204028603,0.158531474775518
T5-E006,cold,cold_area_only,val_cold,zinna yoo,6917940.0,15.75054512698054,6924283.416907079,0.000916951709190682
T5-E006,cold,cold_area_only,val_cold,eunju park,3256800.0,15.684633455061867,6482607.990707736,0.9904839077338911
T5-E006,cold,cold_area_only,val_cold,eunju park,1559400.0,14.594880024107752,2180097.2069337876,0.39803591569436164
T5-E006,cold,cold_area_only,val_cold,eunju park,2332200.0,15.609298955192408,6012185.92600338,1.5779032355730125
T5-E006,cold,cold_area_only,val_cold,eunju park,3215400.0,15.674489642960877,6417182.028668238,0.9957647660223418
T5-E006,cold,cold_area_only,val_cold,eunju park,1766400.0,14.65884948970526,2324114.094354649,0.3157348813149055
T5-E006,cold,cold_area_only,val_cold,eunju park,1780200.0,15.183665346425409,3928095.836391001,1.2065474870188748
T5-E006,cold,cold_area_only,val_cold,eunju park,1766400.0,15.295745924641956,4393979.755637503,1.4875338290520286
T5-E006,cold,cold_area_only,val_cold,momo kim,110400.0,12.70713594701663,330095.0581677732,1.989991468910989
T5-E006,cold,cold_area_only,val_cold,momo kim,175260.0,13.3382862542923,620503.3325068918,2.5404731970038332
T5-E006,cold,cold_area_only,val_cold,momo kim,193200.0,13.2860088515467,588898.3408437445,2.048128058197435
T5-E006,cold,cold_area_only,val_cold,jung kwangmin,5520000.0,14.899840849948436,2957458.5216898024,0.46422852867938363
T5-E006,cold,cold_area_only,val_cold,lee eun,18630000.0,16.949764802758086,22971498.338158067,0.23303802137187693
T5-E006,cold,cold_area_only,val_cold,momo kim,220800.0,13.338961156399844,620922.2528629533,1.8121478843430858
T5-E006,cold,cold_area_only,val_cold,jihyung song,2240000.0,13.886718663697927,1073804.6675259413,0.5206229162830619
T5-E006,cold,cold_area_only,val_cold,jihyung song,800000.0,14.58720522787685,2163429.4477490042,1.7042868096862553
T5-E006,cold,cold_area_only,val_cold,jihyung song,480000.0,11.957644628512044,156005.20148245193,0.6749891635782251
T5-E006,cold,cold_area_only,val_cold,jihyung song,720000.0,12.288623384787183,217210.755520564,0.6983183951103277
T5-E006,cold,cold_area_only,val_cold,jihyung song,1280000.0,15.570001067509455,5780501.881044037,3.5160170945656537
T5-E006,cold,cold_area_only,val_cold,jihyung song,800000.0,13.228474034906275,555972.4573727107,0.30503442828411165
T5-E006,cold,cold_area_only,val_cold,jihyung song,1000000.0,12.854435305836994,382481.40084972035,0.6175185991502796
T5-E006,cold,cold_area_only,val_cold,nam jong hyun,850000.0,12.890889279562328,396681.62252855435,0.5333157382017008
T5-E006,cold,cold_area_only,val_cold,nam jong hyun,850000.0,12.890889279562328,396681.62252855435,0.5333157382017008
T5-E006,cold,cold_area_only,val_cold,nam jong hyun,3800000.0,14.449637469437551,1885375.3230910809,0.5038485991865577
T5-E006,cold,cold_area_only,val_cold,nam jong hyun,2500000.0,14.300809466970538,1624660.561946604,0.3501357752213584
T5-E006,cold,cold_area_only,val_cold,joo minseok,41400.0,13.703666155869447,894183.37973724,20.5986323608029
T5-E006,cold,cold_area_only,val_cold,nam jong hyun,850000.0,12.890889279562328,396681.62252855435,0.5333157382017008
T5-E006,cold,cold_area_only,val_cold,nam jong hyun,4800000.0,15.197600144295485,3983216.2115987376,0.170163289250263
T5-E006,cold,cold_area_only,val_cold,nam jong hyun,4000000.0,15.048772141828472,3432406.3805401786,0.14189840486495534
T5-E006,cold,cold_area_only,val_cold,nam jong hyun,850000.0,12.890889279562328,396681.62252855435,0.5333157382017008
T5-E006,cold,cold_area_only,val_cold,nam jong hyun,3800000.0,14.449637469437551,1885375.3230910809,0.5038485991865577
T5-E006,cold,cold_area_only,val_cold,nam jong hyun,4800000.0,15.197600144295485,3983216.2115987376,0.170163289250263
T5-E006,cold,cold_area_only,val_cold,nam jong hyun,4800000.0,15.197600144295485,3983216.2115987376,0.170163289250263
T5-E006,cold,cold_area_only,val_cold,nam jong hyun,850000.0,12.890889279562328,396681.62252855435,0.5333157382017008
T5-E006,cold,cold_area_only,val_cold,nam jong hyun,850000.0,12.890889279562328,396681.62252855435,0.5333157382017008
T5-E006,cold,cold_area_only,val_cold,joo minseok,27600.0,13.280284080016928,585536.6639851554,20.215096521201282
T5-E006,cold,cold_area_only,val_cold,nam jong hyun,850000.0,12.890889279562328,396681.62252855435,0.5333157382017008
T5-E006,cold,cold_area_only,val_cold,nam jong hyun,950000.0,12.83820686859578,376324.4196572745,0.6038690319397111
T5-E006,cold,cold_area_only,val_cold,nam jong hyun,3800000.0,14.449637469437551,1885375.3230910809,0.5038485991865577
T5-E006,cold,cold_area_only,val_cold,nam jong hyun,5200000.0,15.277048692617411,4312587.770168188,0.17065619804457924
T5-E006,cold,cold_area_only,val_cold,nam jong hyun,950000.0,12.83820686859578,376324.4196572745,0.6038690319397111
T5-E006,cold,cold_area_only,val_cold,nam jong hyun,4800000.0,15.197600144295485,3983216.2115987376,0.170163289250263
T5-E006,cold,cold_area_only,val_cold,nam jong hyun,8000000.0,15.641350200233658,6208005.335085892,0.22399933311426348
T5-E006,cold,cold_area_only,val_cold,nam jong hyun,3800000.0,14.449637469437551,1885375.3230910809,0.5038485991865577
T5-E006,cold,cold_area_only,val_cold,nam jong hyun,850000.0,12.890889279562328,396681.62252855435,0.5333157382017008
T5-E006,cold,cold_area_only,val_cold,nam jong hyun,850000.0,13.22695399654318,555127.9998751704,0.346908235440976
T5-E006,cold,cold_area_only,val_cold,nam jong hyun,850000.0,12.890889279562328,396681.62252855435,0.5333157382017008
T5-E006,cold,cold_area_only,val_cold,nam jong hyun,850000.0,12.890889279562328,396681.62252855435,0.5333157382017008
T5-E006,cold,cold_area_only,val_cold,nam jong hyun,3800000.0,14.449637469437551,1885375.3230910809,0.5038485991865577
T5-E006,cold,cold_area_only,val_cold,nam jong hyun,3800000.0,14.449637469437551,1885375.3230910809,0.5038485991865577
T5-E006,cold,cold_area_only,val_cold,nam jong hyun,5200000.0,15.285779193513974,4350403.6571810935,0.16338391208055894
T5-E006,cold,cold_area_only,val_cold,nam jong hyun,3800000.0,14.449637469437551,1885375.3230910809,0.5038485991865577
T5-E006,cold,cold_area_only,val_cold,nam jong hyun,4800000.0,15.197600144295485,3983216.2115987376,0.170163289250263
T5-E006,cold,cold_area_only,val_cold,nam jong hyun,850000.0,12.890889279562328,396681.62252855435,0.5333157382017008
T5-E006,cold,cold_area_only,val_cold,nam jong hyun,4800000.0,15.197600144295485,3983216.2115987376,0.170163289250263
T5-E006,cold,cold_area_only,val_cold,nam jong hyun,3800000.0,14.449637469437551,1885375.3230910809,0.5038485991865577
T5-E006,cold,cold_area_only,val_cold,yun hyong keun,8418000.0,15.675853175486441,6425938.033278723,0.23664314168701317
T5-E006,cold,cold_area_only,val_cold,ava an,483000.0,14.574259550005637,2135602.892453193,3.4215380796132364
T5-E006,cold,cold_area_only,val_cold,ava an,483000.0,14.574259550005637,2135602.892453193,3.4215380796132364
T5-E006,cold,cold_area_only,val_cold,ava an,483000.0,14.574259550005637,2135602.892453193,3.4215380796132364
T5-E006,cold,cold_area_only,val_cold,miro kim,1145400.0,15.175379640662493,3895683.2560685603,2.4011552785651826
T5-E006,cold,cold_area_only,val_cold,miro kim,1145400.0,15.175379640662493,3895683.2560685603,2.4011552785651826
T5-E006,cold,cold_area_only,val_cold,yun hyong keun,6732000.0,14.75960519655198,2570485.1067570928,0.6181691760610379
T5-E006,cold,cold_area_only,val_cold,kim ji hoon,1794000.0,14.532798407597333,2048868.8279898677,0.14206735116492067
T5-E006,cold,cold_area_only,val_cold,kim ji hoon,3588000.0,15.042475191852276,3410860.596818735,0.04936995629355215
T5-E006,cold,cold_area_only,val_cold,kim ji hoon,1794000.0,14.532798407597333,2048868.8279898677,0.14206735116492067
T5-E006,cold,cold_area_only,val_cold,kim ji hoon,1794000.0,14.532798407597333,2048868.8279898677,0.14206735116492067
T5-E006,cold,cold_area_only,val_cold,kim ji hoon,3588000.0,15.042475191852276,3410860.596818735,0.04936995629355215
T5-E006,cold,cold_area_only,val_cold,kim ji hoon,1794000.0,14.532798407597333,2048868.8279898677,0.14206735116492067
T5-E006,cold,cold_area_only,val_cold,kim ji hoon,3588000.0,15.042475191852276,3410860.596818735,0.04936995629355215
T5-E006,cold,cold_area_only,val_cold,kim ji hoon,5244000.0,15.368981092812463,4727849.910813808,0.09842679046266048
T5-E006,cold,cold_area_only,val_cold,kim ji hoon,5244000.0,15.368981092812463,4727849.910813808,0.09842679046266048
T5-E006,cold,cold_area_only,val_cold,jung kwangmin,11040000.0,16.61376796292706,16416015.364963382,0.48695791349306
T5-E006,cold,cold_area_only,val_cold,hijo nam,8280000.0,14.57458613294761,2136300.4578289734,0.7419926983298342
T5-E006,cold,cold_area_only,val_cold,hijo nam,13662000.0,14.929194529736783,3045557.5010388964,0.7770782095565147
T5-E006,cold,cold_area_only,val_cold,yoonjung lee 이윤정,883200.0,13.729412373243228,917504.1419092946,0.03884074038642962
T5-E006,cold,cold_area_only,val_cold,jung kwangmin,11040000.0,16.61376796292706,16416015.364963382,0.48695791349306
T5-E006,cold,cold_area_only,val_cold,jeong zik seong,13662000.0,15.219833712668635,4072769.1734941085,0.7018907060829961
T5-E006,cold,cold_area_only,val_cold,sung won kwon,1380000.0,14.331636319270718,1675523.680195179,0.21414759434433267
T5-E006,cold,cold_area_only,val_cold,jung kwangmin,11040000.0,16.61376796292706,16416015.364963382,0.48695791349306
T5-E006,cold,cold_area_only,val_cold,lee sang sun,828000.0,12.997272587635981,441208.39226612356,0.46713962286700056
T5-E006,cold,cold_area_only,val_cold,kim ji hoon,6210000.0,15.249716892405422,4196313.217523923,0.3242651823632974
T5-E006,cold,cold_area_only,val_cold,momo kim,4140000.0,15.702821216794696,6601590.856365363,0.5945871633732761
T5-E006,cold,cold_area_only,val_cold,jung kwangmin,27600000.0,17.510558640252007,40247507.73369556,0.45824303382954923
T5-E006,cold,cold_area_only,val_cold,yoonjung lee 이윤정,1324800.0,14.278732944463844,1589186.7167928885,0.19956726811057404
T5-E006,cold,cold_area_only,val_cold,yoonjung lee 이윤정,1766400.0,14.38481327180777,1767034.4930706506,0.0003592012401781097
T5-E006,cold,cold_area_only,val_cold,yoonjung lee 이윤정,883200.0,13.547261619435103,764717.3897837354,0.13415150613254598
T5-E006,cold,cold_area_only,val_cold,lee sang sun,2070000.0,14.03992830935603,1251593.7652692134,0.39536533078781966
T5-E006,cold,cold_area_only,val_cold,jung sane,7130460.0,17.08216994945215,26223590.10861485,2.6776856063444505
T5-E006,cold,cold_area_only,val_cold,jung kwangmin,11040000.0,16.61376796292706,16416015.364963382,0.48695791349306
T5-E006,cold,cold_area_only,val_cold,seo sook yang,59340000.0,16.79450204354969,19667971.206771705,0.6685545802701095
T5-E006,cold,cold_area_only,val_cold,lee sang sun,828000.0,12.997272587635981,441208.39226612356,0.46713962286700056
T5-E006,cold,cold_area_only,val_cold,yoonjung lee 이윤정,607200.0,12.970964036153461,429752.19727798726,0.29223946429843994
T5-E006,cold,cold_area_only,val_cold,kim ji hoon,5520000.0,15.274232069749441,4300457.927450002,0.22093153488224598
T5-E006,cold,cold_area_only,val_cold,jeong zik seong,13662000.0,15.219833712668635,4072769.1734941085,0.7018907060829961
T5-E006,cold,cold_area_only,val_cold,yoonjung lee 이윤정,1987200.0,14.276063133244737,1584949.547005697,0.2024207190993876
T5-E006,cold,cold_area_only,val_cold,jung kwangmin,11040000.0,16.61376796292706,16416015.364963382,0.48695791349306
T5-E006,cold,cold_area_only,val_cold,gum ran choe,28538400.0,16.315854197849077,12186681.070912577,0.5729725187497345
T5-E006,cold,cold_area_only,val_cold,gum ran choe,14283000.0,15.650532130430932,6265269.301290991,0.5613478049925792
T5-E006,cold,cold_area_only,val_cold,kim ji hoon,2622000.0,14.425218380941246,1839893.7455632368,0.29828613822912403
T5-E006,cold,cold_area_only,val_cold,kim ji hoon,13800000.0,16.075147901565828,9579614.428267324,0.305825041429904
T5-E006,cold,cold_area_only,val_cold,park hyung jin b 1974,19320000.0,16.319371959394072,12229626.400373109,0.36699656312768586
T5-E006,cold,cold_area_only,val_cold,park hyung jin b 1974,16560000.0,16.193539676250776,10783628.649826802,0.348814695058768
T5-E006,cold,cold_area_only,val_cold,kim ji hoon,8280000.0,15.249716892405422,4196313.217523923,0.49319888677247303
T5-E006,cold,cold_area_only,val_cold,kim ji hoon,6900000.0,15.357721685990596,4674915.688470783,0.32247598717814746
T5-E006,cold,cold_area_only,val_cold,momo kim,4140000.0,15.702821216794696,6601590.856365363,0.5945871633732761
T5-E006,cold,cold_area_only,val_cold,jeah hyuck,15180000.0,16.889461895726853,21627190.39785305,0.4247160999903195
T5-E006,cold,cold_area_only,val_cold,doezny,6486000.0,15.650532130430932,6265269.301290991,0.03403186844110534
T5-E006,cold,cold_area_only,val_cold,yoonjung lee 이윤정,5078400.0,15.510734937114377,5447868.216124063,0.07275287809626327
T5-E006,cold,cold_area_only,val_cold,kim ji hoon,9660000.0,15.348701770429564,4632937.946156171,0.5203997985345579
T5-E006,cold,cold_area_only,val_cold,jeah hyuck,15180000.0,16.889461895726853,21627190.39785305,0.4247160999903195
T5-E006,cold,cold_area_only,val_cold,yoonjung lee 이윤정,386400.0,12.45463963333198,256437.3420723575,0.336342282421435
T5-E006,cold,cold_area_only,val_cold,lee sang sun,12420000.0,15.388686237929669,4821936.833209071,0.6117603193873533
T5-E006,cold,cold_area_only,val_cold,jeah hyuck,8280000.0,16.889461895726853,21627190.39785305,1.611979516648919
T5-E006,cold,cold_area_only,val_cold,dongyoon kang 강동윤,41400000.0,16.615619747301416,16446442.449210186,0.6027429360094158
T5-E006,cold,cold_area_only,val_cold,lee sang sun,5520000.0,14.870177260578778,2871018.091593384,0.47988802688525656
T5-E006,cold,cold_area_only,val_cold,lee sang sun,13800000.0,15.744061670561091,6879535.344974193,0.5014829460163629
T5-E006,cold,cold_area_only,val_cold,kim ji hoon,20700000.0,16.317085991428215,12201701.795723645,0.4105458069698722
T5-E006,cold,cold_area_only,val_cold,kim ji hoon,2277000.0,14.67802742290716,2369115.94114326,0.040454958780526955
T5-E006,cold,cold_area_only,val_cold,lee sang sun,13800000.0,15.744061670561091,6879535.344974193,0.5014829460163629
T5-E006,cold,cold_area_only,val_cold,kim ji hoon,2622000.0,14.425218380941246,1839893.7455632368,0.29828613822912403
T5-E006,cold,cold_area_only,val_cold,lee sang sun,5520000.0,15.032498033921774,3376999.1035892116,0.3882248000744182
T5-E006,cold,cold_area_only,val_cold,jung kwangmin,12420000.0,16.61376796292706,16416015.364963382,0.3217403675493867
T5-E006,cold,cold_area_only,val_cold,lee sang sun,2760000.0,14.540762500503455,2065251.3590974885,0.2517205220661274
T5-E006,cold,cold_area_only,val_cold,yoonjung lee 이윤정,4636800.0,15.328418078508555,4539911.509411662,0.020895550937788585
T5-E006,cold,cold_area_only,val_cold,sung won kwon,4140000.0,14.991524400281328,3241427.5749507532,0.21704647948049438
T5-E006,cold,cold_area_only,val_cold,yoonjung lee 이윤정,1324800.0,13.429638006723263,679857.1671112701,0.48682279052591326
T5-E006,cold,cold_area_only,val_cold,lee sang sun,27600000.0,16.12121846830825,10031276.984236086,0.6365479353537651
T5-E006,cold,cold_area_only,val_cold,sung won kwon,6210000.0,15.359003934881962,4680913.938732586,0.24622963949555782
T5-E006,cold,cold_area_only,val_cold,lee sang sun,13800000.0,15.692885690922502,6536325.340114738,0.5263532362235697
T5-E006,cold,cold_area_only,val_cold,doezny,3450000.0,15.244697382584533,4175302.5578378076,0.21023262546023408
T5-E006,cold,cold_area_only,val_cold,sung won kwon,20700000.0,16.301860824916158,12017335.916168956,0.41945237119956735
T5-E006,cold,cold_area_only,val_cold,kim ji hoon,8280000.0,15.357721685990596,4674915.688470783,0.4353966559817895
T5-E006,cold,cold_area_only,val_cold,yoonjung lee 이윤정,883200.0,14.027068378177256,1235601.4062997964,0.399005215466255
T5-E006,cold,cold_area_only,val_cold,jung kwangmin,12420000.0,16.61376796292706,16416015.364963382,0.3217403675493867
T5-E006,cold,cold_area_only,val_cold,sung won kwon,6210000.0,15.359003934881962,4680913.938732586,0.24622963949555782
T5-E006,cold,cold_area_only,val_cold,kim ji hoon,11040000.0,15.348701770429564,4632937.946156171,0.5803498237177381
T5-E006,cold,cold_area_only,val_cold,lee sang sun,8280000.0,15.359003934881962,4680913.938732586,0.43467222962166835
T5-E006,cold,cold_area_only,val_cold,sung won kwon,41400000.0,16.86955433124603,21200902.96122945,0.48790089465629344
T5-E006,cold,cold_area_only,val_cold,sung won kwon,6210000.0,15.359003934881962,4680913.938732586,0.24622963949555782
T5-E006,cold,cold_area_only,val_cold,sung won kwon,4140000.0,14.991524400281328,3241427.5749507532,0.21704647948049438
T5-E006,cold,cold_area_only,val_cold,lee sang sun,5520000.0,15.032498033921774,3376999.1035892116,0.3882248000744182
T5-E006,cold,cold_area_only,val_cold,lee sang sun,16560000.0,15.692885690922502,6536325.340114738,0.6052943635196414
T5-E006,cold,cold_area_only,val_cold,jeah hyuck,4140000.0,16.889461895726853,21627190.39785305,4.223959033297838
T5-E006,cold,cold_area_only,val_cold,siyoung yang,16560000.0,16.312712419260436,12148453.30029778,0.2663977475665592
T5-E006,cold,cold_area_only,val_cold,yoonjung lee 이윤정,717600.0,13.065336499107014,472284.34031374473,0.3418557130521952
T5-E006,cold,cold_area_only,val_cold,kim ji hoon,10350000.0,16.01097505762838,8984173.233206172,0.13196393882065977
T5-E006,cold,cold_area_only,val_cold,dongyoon kang 강동윤,33120000.0,16.433468993493292,13707709.825501608,0.5861198724184298
T5-E006,cold,cold_area_only,val_cold,kim ji hoon,10350000.0,16.01097505762838,8984173.233206172,0.13196393882065977
T5-E006,cold,cold_area_only,val_cold,jung kwangmin,12420000.0,16.61376796292706,16416015.364963382,0.3217403675493867
T5-E006,cold,cold_area_only,val_cold,kim ji hoon,6900000.0,15.7561104395508,6962926.649541004,0.009119804281304874
T5-E006,cold,cold_area_only,val_cold,jeah hyuck,3450000.0,15.089376171582431,3574644.0816814243,0.03612871932794907
T5-E006,cold,cold_area_only,val_cold,kim ji hoon,20700000.0,16.310830833980372,12125616.440879228,0.4142214279768489
T5-E006,cold,cold_area_only,val_cold,kim ji hoon,6900000.0,15.7561104395508,6962926.649541004,0.009119804281304874
T5-E006,cold,cold_area_only,val_cold,jeah hyuck,3450000.0,15.089376171582431,3574644.0816814243,0.03612871932794907
T5-E006,cold,cold_area_only,val_cold,park hyung jin b 1974,17940000.0,16.198384165559204,10835996.56902042,0.3959868133210468
T5-E006,cold,cold_area_only,val_cold,jung kwangmin,11730000.0,16.61376796292706,16416015.364963382,0.3994898009346447
T5-E006,cold,cold_area_only,val_cold,jung kwangmin,12420000.0,16.61376796292706,16416015.364963382,0.3217403675493867
T5-E006,cold,cold_area_only,val_cold,lee sang sun,2760000.0,14.540762500503455,2065251.3590974885,0.2517205220661274
T5-E006,cold,cold_area_only,val_cold,jung kwangmin,12420000.0,16.61376796292706,16416015.364963382,0.3217403675493867
T5-E006,cold,cold_area_only,val_cold,yoonjung lee 이윤정,5078400.0,15.563251243283226,5741615.893834296,0.13059544223265115
T5-E006,cold,cold_area_only,val_cold,sung won kwon,4140000.0,14.991524400281328,3241427.5749507532,0.21704647948049438
T5-E006,cold,cold_area_only,val_cold,gum ran choe,28538400.0,16.613859686941783,16417521.176856915,0.42472173713813965
T5-E006,cold,cold_area_only,val_cold,dongyoon kang 강동윤,5520000.0,15.301845151393673,4420861.530194125,0.19911928800831066
T5-E006,cold,cold_area_only,val_cold,jeah hyuck,1656000.0,14.586387090691979,2161660.1895176154,0.30535035598889815
T5-E006,cold,cold_area_only,val_cold,sung won kwon,4140000.0,14.991524400281328,3241427.5749507532,0.21704647948049438
T5-E006,cold,cold_area_only,val_cold,seo sook yang,59340000.0,16.56790893650514,15680193.86273815,0.7357567599808199
T5-E006,cold,cold_area_only,val_cold,kim ji hoon,8694000.0,15.747031969567487,6899999.999999997,0.20634920634920667
T5-E006,cold,cold_area_only,val_cold,lee sang sun,5520000.0,14.858917853756909,2838873.4353800653,0.485711334170278
T5-E006,cold,cold_area_only,val_cold,dongyoon kang 강동윤,3312000.0,15.004189146459645,3282740.489028238,0.008834393409348362
T5-E006,cold,cold_area_only,val_cold,kim ji hoon,8280000.0,15.249716892405422,4196313.217523923,0.49319888677247303
T5-E006,cold,cold_area_only,val_cold,jeah hyuck,1656000.0,14.586387090691979,2161660.1895176154,0.30535035598889815
T5-E006,cold,cold_area_only,val_cold,siyoung yang,1656000.0,14.532798407597333,2048868.8279898677,0.23723963042866406
T5-E006,cold,cold_area_only,val_cold,jeah hyuck,1656000.0,14.586387090691979,2161660.1895176154,0.30535035598889815
T5-E006,cold,cold_area_only,val_cold,jung kwangmin,4830000.0,15.779800125761467,7129845.518608697,0.4761584924655687
T5-E006,cold,cold_area_only,val_cold,sung won kwon,6210000.0,15.359003934881962,4680913.938732586,0.24622963949555782
T5-E006,cold,cold_area_only,val_cold,sung won kwon,4140000.0,14.991524400281328,3241427.5749507532,0.21704647948049438
T5-E006,cold,cold_area_only,val_cold,siyoung yang,1656000.0,14.532798407597333,2048868.8279898677,0.23723963042866406
T5-E006,cold,cold_area_only,val_cold,yoonjung lee 이윤정,1048800.0,13.529851072788885,751518.475564316,0.2834492033139626
T5-E006,cold,cold_area_only,val_cold,yoonjung lee 이윤정,5078400.0,15.563251243283226,5741615.893834296,0.13059544223265115
T5-E006,cold,cold_area_only,val_cold,jung kwangmin,17940000.0,15.905632408904761,8085900.37884503,0.5492809153375122
T5-E006,cold,cold_area_only,val_cold,namkyoung kim,6210000.0,16.34699822208613,12572195.43560413,1.0245081216753833
T5-E006,cold,cold_area_only,val_cold,jung kwangmin,12420000.0,16.61376796292706,16416015.364963382,0.3217403675493867
T5-E006,cold,cold_area_only,val_cold,kim ji hoon,5520000.0,14.756258070357752,2561895.7515713186,0.5358884508022973
T5-E006,cold,cold_area_only,val_cold,kim ji hoon,2622000.0,14.123196676846122,1360273.9576113133,0.4812074913763107
T5-E006,cold,cold_area_only,val_cold,lee sang sun,2760000.0,14.425134025880816,1839738.5477610969,0.3334280624053997
T5-E006,cold,cold_area_only,val_cold,geonwoo lee,4140000.0,15.319744718249549,4500705.491086687,0.0871269302141756
T5-E006,cold,cold_area_only,val_cold,sundoo kim,37674000.0,16.31983573162986,12235299.476957664,0.675232269550415
T5-E006,cold,cold_area_only,val_cold,kim ji hoon,2622000.0,14.425218380941246,1839893.7455632368,0.29828613822912403
T5-E006,cold,cold_area_only,val_cold,jeah hyuck,5520000.0,16.889461895726853,21627190.39785305,2.9179692749733785
T5-E006,cold,cold_area_only,val_cold,jeah hyuck,9660000.0,16.889461895726853,21627190.39785305,1.2388395856990735
T5-E006,cold,cold_area_only,val_cold,geonwoo lee,3105000.0,15.134991662692988,3741479.437485026,0.20498532608213405
T5-E006,cold,cold_area_only,val_cold,jung kwangmin,11730000.0,16.61376796292706,16416015.364963382,0.3994898009346447
T5-E006,cold,cold_area_only,val_cold,da young kim,1104000.0,15.009653254206807,3300726.8316726456,1.9897887968049326
T5-E006,cold,cold_area_only,val_cold,yoonjung lee 이윤정,5078400.0,15.600196655508144,5957709.514381685,0.17314695856602183
T5-E006,cold,cold_area_only,val_cold,yoonjung lee 이윤정,5078400.0,15.649256405590883,6257281.637727458,0.2321364283489796
T5-E006,cold,cold_area_only,val_cold,kim ji hoon,20700000.0,16.317085991428215,12201701.795723645,0.4105458069698722
T5-E006,cold,cold_area_only,val_cold,kim ji hoon,2622000.0,14.123196676846122,1360273.9576113133,0.4812074913763107
T5-E006,cold,cold_area_only,val_cold,junho jung,1380000.0,16.117365095820748,9992697.116528606,6.2410848670497145
T5-E006,cold,cold_area_only,val_cold,park hyung jin b 1974,2208000.0,14.38168011796974,1761506.7662979115,0.20221613845203282
T5-E006,cold,cold_area_only,val_cold,jeah hyuck,11040000.0,16.889461895726853,21627190.39785305,0.9589846374866894
T5-E006,cold,cold_area_only,val_cold,dongyoon kang 강동윤,16560000.0,16.135812988559266,10178752.206710365,0.3853410503194224
T5-E006,cold,cold_area_only,val_cold,lee sang sun,20700000.0,16.02386444719764,9100723.257706426,0.560351533444134
T5-E006,cold,cold_area_only,val_cold,sung won kwon,6210000.0,15.359003934881962,4680913.938732586,0.24622963949555782
T5-E006,cold,cold_area_only,val_cold,dongyoon kang 강동윤,3312000.0,15.004189146459645,3282740.489028238,0.008834393409348362
T5-E006,cold,cold_area_only,val_cold,kim ji hoon,11040000.0,15.348701770429564,4632937.946156171,0.5803498237177381
T5-E006,cold,cold_area_only,val_cold,junho jung,3312000.0,16.818481741142172,20145303.477335125,5.082519165862054
T5-E006,cold,cold_area_only,val_cold,siyoung yang,16560000.0,16.13495879679888,10170061.3128178,0.38586586275254825
T5-E006,cold,cold_area_only,val_cold,lee sang sun,2760000.0,14.2931059327071,1612193.0173761414,0.415872095153572
T5-E006,cold,cold_area_only,val_cold,yoonjung lee 이윤정,883200.0,14.261901542951927,1562662.324617488,0.7693187552281342
T5-E006,cold,cold_area_only,val_cold,da young kim,1104000.0,15.009653254206807,3300726.8316726456,1.9897887968049326
T5-E006,cold,cold_area_only,val_cold,jeah hyuck,3450000.0,14.672392252999636,2355803.115530633,0.3171585172374977
T5-E006,cold,cold_area_only,val_cold,kim ji hoon,8280000.0,15.357721685990596,4674915.688470783,0.4353966559817895
T5-E006,cold,cold_area_only,val_cold,sung won kwon,4140000.0,14.991524400281328,3241427.5749507532,0.21704647948049438
T5-E006,cold,cold_area_only,val_cold,kim ji hoon,8280000.0,14.974259833620506,3185946.0428973483,0.6152239078626391
T5-E006,cold,cold_area_only,val_cold,kim ji hoon,2277000.0,14.67802742290716,2369115.94114326,0.040454958780526955
T5-E006,cold,cold_area_only,val_cold,doezny,6486000.0,15.650532130430932,6265269.301290991,0.03403186844110534
T5-E006,cold,cold_area_only,val_cold,jeah hyuck,15180000.0,16.889461895726853,21627190.39785305,0.4247160999903195
T5-E006,cold,cold_area_only,val_cold,kim ji hoon,11040000.0,15.23319651930366,4127558.051744413,0.6261269880666293
T5-E006,cold,cold_area_only,val_cold,kim ji hoon,8970000.0,15.348701770429564,4632937.946156171,0.48350747534490846
T5-E006,cold,cold_area_only,val_cold,lee sang sun,13800000.0,15.638896163499593,6192789.339890167,0.5512471492833212
T5-E006,cold,cold_area_only,val_cold,lee sang sun,3450000.0,14.710089851289895,2446306.3955128742,0.29092568246003647
T5-E006,cold,cold_area_only,val_cold,jung kwangmin,11730000.0,16.61376796292706,16416015.364963382,0.3994898009346447
T5-E006,cold,cold_area_only,val_cold,kim ji hoon,8970000.0,15.348701770429564,4632937.946156171,0.48350747534490846
T5-E006,cold,cold_area_only,val_cold,jeah hyuck,1656000.0,14.586387090691979,2161660.1895176154,0.30535035598889815
T5-E006,cold,cold_area_only,val_cold,geonwoo lee,2070000.0,15.650723474524687,6266468.238268676,2.027279342158781
T5-E006,cold,cold_area_only,val_cold,kim ji hoon,5244000.0,15.659743390085719,6323246.937225131,0.20580605210242778
T5-E006,cold,cold_area_only,val_cold,kim ji hoon,2277000.0,14.67802742290716,2369115.94114326,0.040454958780526955
T5-E006,cold,cold_area_only,val_cold,dongyoon kang 강동윤,16560000.0,16.135812988559266,10178752.206710365,0.3853410503194224
T5-E006,cold,cold_area_only,val_cold,siyoung yang,1656000.0,14.541818323158363,2067433.049807071,0.24844990930378683
T5-E006,cold,cold_area_only,val_cold,sung won kwon,6210000.0,15.359003934881962,4680913.938732586,0.24622963949555782
T5-E006,cold,cold_area_only,val_cold,jeah hyuck,15180000.0,16.889461895726853,21627190.39785305,0.4247160999903195
T5-E006,cold,cold_area_only,val_cold,gum ran choe,14283000.0,15.952553834526055,8474344.257797303,0.4066831717568226
T5-E006,cold,cold_area_only,val_cold,kim ji hoon,1794000.0,14.536145533791561,2055738.1403269805,0.14589639929040163
T5-E006,cold,cold_area_only,val_cold,kim ji hoon,6900000.0,15.357721685990596,4674915.688470783,0.32247598717814746
T5-E006,cold,cold_area_only,val_cold,kim ji hoon,2622000.0,14.123196676846122,1360273.9576113133,0.4812074913763107
T5-E006,cold,cold_area_only,val_cold,kim ji hoon,2622000.0,14.123196676846122,1360273.9576113133,0.4812074913763107
T5-E006,cold,cold_area_only,val_cold,park hyung jin b 1974,17250000.0,16.09469293485944,9768690.036739351,0.43369912830496515
T5-E006,cold,cold_area_only,val_cold,jung kwangmin,41400000.0,17.745391805026678,50900932.674996585,0.22949112741537644
T5-E006,cold,cold_area_only,val_cold,kim ji hoon,8280000.0,15.249716892405422,4196313.217523923,0.49319888677247303
T5-E006,cold,cold_area_only,val_cold,geonwoo lee,10350000.0,16.04905367366261,9332875.023704505,0.09827294456961308
T5-E006,cold,cold_area_only,val_cold,jung kwangmin,11730000.0,16.61376796292706,16416015.364963382,0.3994898009346447
T5-E006,cold,cold_area_only,val_cold,siyoung yang,1656000.0,14.541818323158363,2067433.049807071,0.24844990930378683
T5-E006,cold,cold_area_only,val_cold,miro kim,3036000.0,15.03374327175486,3381206.889938953,0.11370450920255365
T5-E006,cold,cold_area_only,val_cold,lee sang sun,27600000.0,16.17919681915918,10630064.511976117,0.6148527350733292
T5-E006,cold,cold_area_only,val_cold,kim ji hoon,2622000.0,14.425218380941246,1839893.7455632368,0.29828613822912403
T5-E006,cold,cold_area_only,val_cold,geonwoo lee,20700000.0,16.612852538075497,16400994.612768535,0.20768141967301765
T5-E006,cold,cold_area_only,val_cold,geonwoo lee,6210000.0,15.650723474524687,6266468.238268676,0.009093114052926926
T5-E006,cold,cold_area_only,val_cold,jeah hyuck,6900000.0,16.889461895726853,21627190.39785305,2.134375419978703
T5-E006,cold,cold_area_only,val_cold,siyoung yang,8280000.0,15.54889235535975,5659761.748335586,0.31645389512855243
T5-E006,cold,cold_area_only,val_cold,jung sane,1018440.0,15.00174551488684,3274728.4739173376,2.2154358370815537
T5-E006,cold,cold_area_only,val_cold,lee sang sun,20700000.0,16.08870034399392,9710325.326633267,0.5309021581336586
T5-E006,cold,cold_area_only,val_cold,kim ji hoon,5520000.0,14.756258070357752,2561895.7515713186,0.5358884508022973
T5-E006,cold,cold_area_only,val_cold,jeah hyuck,15180000.0,16.889461895726853,21627190.39785305,0.4247160999903195
T5-E006,cold,cold_area_only,val_cold,dongyoon kang 강동윤,16560000.0,16.135812988559266,10178752.206710365,0.3853410503194224
T5-E006,cold,cold_area_only,val_cold,geonwoo lee,20700000.0,16.612852538075497,16400994.612768535,0.20768141967301765
T5-E006,cold,cold_area_only,val_cold,dongyoon kang 강동윤,16560000.0,15.999685165617198,8883313.307739118,0.4635680369722755
T5-E006,cold,cold_area_only,val_cold,jeah hyuck,15180000.0,16.889461895726853,21627190.39785305,0.4247160999903195
T5-E006,cold,cold_area_only,val_cold,sung won kwon,20700000.0,16.301860824916158,12017335.916168956,0.41945237119956735
T5-E006,cold,cold_area_only,val_cold,jeah hyuck,12420000.0,16.889461895726853,21627190.39785305,0.7413196777659461
T5-E006,cold,cold_area_only,val_cold,geonwoo lee,4140000.0,15.319744718249549,4500705.491086687,0.0871269302141756
T5-E006,cold,cold_area_only,val_cold,sung won kwon,4140000.0,14.991524400281328,3241427.5749507532,0.21704647948049438
T5-E006,cold,cold_area_only,val_cold,dongyoon kang 강동윤,16560000.0,16.458587715450815,14056390.85502827,0.15118412711181944
T5-E006,cold,cold_area_only,val_cold,kim ji hoon,13800000.0,16.075147901565828,9579614.428267324,0.305825041429904
T5-E006,cold,cold_area_only,val_cold,kim ji hoon,10350000.0,16.01097505762838,8984173.233206172,0.13196393882065977
T5-E006,cold,cold_area_only,val_cold,momo kim,1380000.0,14.532798407597333,2048868.8279898677,0.4846875565143969
T5-E006,cold,cold_area_only,val_cold,momo kim,1380000.0,14.6994002331386,2420295.584764126,0.7538373802638596
T5-E006,cold,cold_area_only,val_cold,jungbin suh,450000.0,10.809792349171214,49503.18793306575,0.8899929157042983
T5-E006,cold,cold_area_only,val_cold,jungbin suh,50000.0,10.809792349171214,49503.18793306575,0.009936241338685068
T5-E006,cold,cold_area_only,val_cold,park hyung jin b 1974,4140000.0,14.873260710848506,2879884.3954810365,0.3043757498838076
T5-E006,cold,cold_area_only,val_cold,jungbin suh,700000.0,10.809792349171214,49503.18793306575,0.9292811600956205
T5-E006,cold,cold_area_only,val_cold,jungbin suh,900000.0,14.366147853196399,1734357.9638027383,0.9270644042252648
T5-E006,cold,cold_area_only,val_cold,momo kim,276000.0,12.867076857766705,387347.2504858317,0.40343206697765105
T5-E006,cold,cold_area_only,val_cold,momo kim,276000.0,12.867076857766705,387347.2504858317,0.40343206697765105
T5-E006,cold,cold_area_only,val_cold,doezny,552000.0,13.396501587439731,657698.2953426541,0.19148241909901106
T5-E006,cold,cold_area_only,val_cold,momo kim,276000.0,12.867076857766705,387347.2504858317,0.40343206697765105
T5-E006,cold,cold_area_only,val_cold,doezny,1035000.0,13.858299286275905,1043717.3636258373,0.008422573551533582
T5-E006,cold,cold_area_only,val_cold,momo kim,276000.0,12.867076857766705,387347.2504858317,0.40343206697765105
T5-E006,cold,cold_area_only,val_cold,momo kim,276000.0,12.867076857766705,387347.2504858317,0.40343206697765105
T5-E006,cold,cold_area_only,val_cold,momo kim,276000.0,12.867076857766705,387347.2504858317,0.40343206697765105
T5-E006,cold,cold_area_only,val_cold,sung won kwon,621000.0,13.572784045784768,784486.0318112321,0.2632625310969921
T5-E006,cold,cold_area_only,val_cold,momo kim,276000.0,12.867076857766705,387347.2504858317,0.40343206697765105
T5-E006,cold,cold_area_only,val_cold,momo kim,276000.0,12.867076857766705,387347.2504858317,0.40343206697765105
T5-E006,cold,cold_area_only,val_cold,sung won kwon,621000.0,13.572784045784768,784486.0318112321,0.2632625310969921
T5-E006,cold,cold_area_only,val_cold,momo kim,276000.0,12.867076857766705,387347.2504858317,0.40343206697765105
T5-E006,cold,cold_area_only,val_cold,sung won kwon,621000.0,13.572784045784768,784486.0318112321,0.2632625310969921
T5-E006,cold,cold_area_only,val_cold,momo kim,276000.0,12.867076857766705,387347.2504858317,0.40343206697765105
T5-E006,cold,cold_area_only,val_cold,sung won kwon,621000.0,13.70516815875881,895527.4549069315,0.4420731963074581
T5-E006,cold,cold_area_only,val_cold,sung won kwon,621000.0,13.572784045784768,784486.0318112321,0.2632625310969921
T5-E006,cold,cold_area_only,val_cold,momo kim,276000.0,12.867076857766705,387347.2504858317,0.40343206697765105
T5-E006,cold,cold_area_only,val_cold,sung won kwon,621000.0,13.572784045784768,784486.0318112321,0.2632625310969921
T5-E006,cold,cold_area_only,val_cold,sung won kwon,621000.0,13.572784045784768,784486.0318112321,0.2632625310969921
T5-E006,cold,cold_area_only,val_cold,momo kim,276000.0,12.867076857766705,387347.2504858317,0.40343206697765105
T5-E006,cold,cold_area_only,val_cold,doezny,828000.0,13.62236060459107,824358.3495551328,0.0043981285566029055
T5-E006,cold,cold_area_only,val_cold,momo kim,276000.0,12.867076857766705,387347.2504858317,0.40343206697765105
T5-E006,cold,cold_area_only,val_cold,momo kim,276000.0,12.867076857766705,387347.2504858317,0.40343206697765105
T5-E006,cold,cold_area_only,val_cold,momo kim,276000.0,12.867076857766705,387347.2504858317,0.40343206697765105
T5-E006,cold,cold_area_only,val_cold,momo kim,276000.0,12.867076857766705,387347.2504858317,0.40343206697765105
T5-E006,cold,cold_area_only,val_cold,sung won kwon,621000.0,13.572784045784768,784486.0318112321,0.2632625310969921
T5-E006,cold,cold_area_only,val_cold,jeongwoong lee,2400000.0,14.546561521981829,2077262.589117468,0.13447392120105495
T5-E006,cold,cold_area_only,val_cold,jeongwoong lee,5000000.0,14.974567847032663,3186927.5081534414,0.36261449836931176
T5-E006,cold,cold_area_only,val_cold,noori noh,1794000.0,15.008739334648391,3297711.6109086783,0.8381893037395085
T5-E006,cold,cold_area_only,val_cold,yun hyong keun,276000000.0,15.181616122750048,3920054.531434232,0.9857969038716151
T5-E006,cold,cold_area_only,val_cold,noori noh,2760000.0,15.340615610587971,4595626.326551922,0.6650820023738847
T5-E006,cold,cold_area_only,val_cold,jeongwoong lee,1500000.0,13.522770893003782,746216.3816834643,0.5025224122110238
T5-E006,cold,cold_area_only,val_cold,noori noh,2760000.0,15.340615610587971,4595626.326551922,0.6650820023738847
T5-E006,cold,cold_area_only,val_cold,noori noh,2760000.0,15.340615610587971,4595626.326551922,0.6650820023738847
T5-E006,cold,cold_area_only,val_cold,noori noh,2760000.0,15.340615610587971,4595626.326551922,0.6650820023738847
T5-E006,cold,cold_area_only,val_cold,seohyun oh,4692000.0,15.152003283356319,3805672.5325962575,0.1889018472727499
T5-E006,cold,cold_area_only,val_cold,seohyun oh,3312000.0,14.70851772430143,2442463.5127477874,0.2625412099191463
T5-E006,cold,cold_area_only,val_cold,noori noh,2760000.0,15.15734280292266,3826047.3429885907,0.3862490373147068
T5-E006,cold,cold_area_only,val_cold,seohyun oh,11040000.0,16.644292573373903,16924834.078459386,0.5330465650778429
T5-E006,cold,cold_area_only,val_cold,noori noh,6348000.0,16.99553405891654,24047318.680312376,2.788172444913733
T5-E006,cold,cold_area_only,val_cold,heeju moon,1656000.0,15.274589422050152,4301994.980602869,1.5978230559196067
T5-E006,cold,cold_area_only,val_cold,heeju moon,1656000.0,15.249585484943683,4195761.826884564,1.5336726007757029
T5-E006,cold,cold_area_only,val_cold,sj park,4692000.0,15.52388841825328,5520000.000000013,0.1764705882352969
T5-E006,cold,cold_area_only,val_cold,noori noh,1794000.0,15.008739334648391,3297711.6109086783,0.8381893037395085
T5-E006,cold,cold_area_only,val_cold,lee sejun,2070000.0,14.879351215528759,2897477.8670460754,0.3997477618580074
T5-E006,cold,cold_area_only,val_cold,heeju moon,13386000.0,17.011943628182856,24445180.262689635,0.8261751279463346
T5-E006,cold,cold_area_only,val_cold,sung won kwon,2484000.0,14.624852088748426,2246428.295686133,0.09564078273505104
T5-E006,cold,cold_area_only,val_cold,jeongyoon oh,9963600.0,15.191114622649259,3957466.5668327846,0.6028075628454791
T5-E006,cold,cold_area_only,val_cold,jeongyoon oh,9963600.0,15.249585484943683,4195761.826884564,0.5788909804804926
T5-E006,cold,cold_area_only,val_cold,jeongyoon oh,2346000.0,14.42981191873005,1848364.8081886428,0.21212071262206186
T5-E006,cold,cold_area_only,val_cold,zain,1242000.0,14.516814386051895,2016380.0072134042,0.6234943697370404
T5-E006,cold,cold_area_only,val_cold,heeju moon,1380000.0,15.173376812091377,3887888.678546113,1.8173106366276182
T5-E006,cold,cold_area_only,val_cold,lee sukju,70000000.0,16.164170039983215,10471523.046985451,0.8504068136144937
T5-E006,cold,cold_area_only,val_cold,seohyun oh,9246000.0,16.3106126672079,12122971.322824996,0.311158481811053
T5-E006,cold,cold_area_only,val_cold,semi cho,27324000.0,17.1855063083452,29078403.485396415,0.06420741785230621
T5-E006,cold,cold_area_only,val_cold,seohyun oh,8280000.0,16.078480652324092,9611594.156147685,0.16082055025938224
T5-E006,cold,cold_area_only,val_cold,jeongyoon oh,29890800.0,16.04780398713142,9321219.140107414,0.6881575889535437
T5-E006,cold,cold_area_only,val_cold,jeongyoon oh,24150000.0,15.89250865455288,7980476.301526492,0.6695454947608077
T5-E006,cold,cold_area_only,val_cold,noori noh,2760000.0,15.340615610587971,4595626.326551922,0.6650820023738847
T5-E006,cold,cold_area_only,val_cold,jeongyoon oh,9963600.0,15.249585484943683,4195761.826884564,0.5788909804804926
T5-E006,cold,cold_area_only,val_cold,jeongyoon oh,14945400.0,15.54436551528237,5634198.815333164,0.6230145184917657
T5-E006,cold,cold_area_only,val_cold,jung yeonkyung,18975000.0,16.04780398713142,9321219.140107414,0.5087631546715461
T5-E006,cold,cold_area_only,val_cold,jeongyoon oh,2760000.0,14.42981191873005,1848364.8081886428,0.3303026057287526
T5-E006,cold,cold_area_only,val_cold,jeongyoon oh,2760000.0,14.42981191873005,1848364.8081886428,0.3303026057287526
T5-E006,cold,cold_area_only,val_cold,jeongyoon oh,29890800.0,16.288715631020256,11860399.445435258,0.603209032697845
T5-E006,cold,cold_area_only,val_cold,jeongyoon oh,9963600.0,15.191114622649259,3957466.5668327846,0.6028075628454791
T5-E006,cold,cold_area_only,val_cold,heeju moon,1380000.0,15.364722028029997,4707756.511680076,2.4114177620870114
T5-E006,cold,cold_area_only,val_cold,zain,1242000.0,14.516814386051895,2016380.0072134042,0.6234943697370404
T5-E006,cold,cold_area_only,val_cold,jeongyoon oh,2346000.0,14.42981191873005,1848364.8081886428,0.21212071262206186
T5-E006,cold,cold_area_only,val_cold,jeongyoon oh,9963600.0,15.249585484943683,4195761.826884564,0.5788909804804926
T5-E006,cold,cold_area_only,val_cold,jeongyoon oh,14945400.0,15.54436551528237,5634198.815333164,0.6230145184917657
T5-E006,cold,cold_area_only,val_cold,heeju moon,1380000.0,15.173376812091377,3887888.678546113,1.8173106366276182
T5-E006,cold,cold_area_only,val_cold,heeju moon,1656000.0,15.339718090923528,4591503.51198374,1.77264704829936
T5-E006,cold,cold_area_only,val_cold,sj park,4692000.0,15.623869384323626,6100427.351567449,0.3001763323886294
T5-E006,cold,cold_area_only,val_cold,sj park,4692000.0,15.52388841825328,5520000.000000013,0.1764705882352969
T5-E006,cold,cold_area_only,val_cold,sunghoon yang,8280000.0,15.338561341236755,4586195.362426494,0.44611167120452966
T5-E006,cold,cold_area_only,val_cold,jung yeonkyung,7107000.0,15.33159569502694,4554360.551815919,0.35917256904236405
T5-E006,cold,cold_area_only,val_cold,jeongyoon oh,2346000.0,14.42981191873005,1848364.8081886428,0.21212071262206186
T5-E006,cold,cold_area_only,val_cold,sj park,4692000.0,15.52388841825328,5520000.000000013,0.1764705882352969
T5-E006,cold,cold_area_only,val_cold,jeongyoon oh,2346000.0,14.42981191873005,1848364.8081886428,0.21212071262206186
T5-E006,cold,cold_area_only,val_cold,jeongyoon oh,2760000.0,14.516814386051895,2016380.0072134042,0.2694275336183318
T5-E006,cold,cold_area_only,val_cold,jeongyoon oh,9963600.0,14.95717897753903,3131989.4810271603,0.6856568428050945
T5-E006,cold,cold_area_only,val_cold,jeongyoon oh,2346000.0,14.42981191873005,1848364.8081886428,0.21212071262206186
T5-E006,cold,cold_area_only,val_cold,jeongyoon oh,2346000.0,14.42981191873005,1848364.8081886428,0.21212071262206186
T5-E006,cold,cold_area_only,val_cold,jeongyoon oh,14945400.0,15.54436551528237,5634198.815333164,0.6230145184917657
T5-E006,cold,cold_area_only,val_cold,heeju moon,5796000.0,16.29345024399749,11916686.991289604,1.0560191496358875
T5-E006,cold,cold_area_only,val_cold,heeju moon,1380000.0,15.332717748884127,4559473.657693741,2.303966418618653
T5-E006,cold,cold_area_only,val_cold,heeju moon,2760000.0,15.72763832294768,6767473.082167217,1.4519830007852235
T5-E006,cold,cold_area_only,val_cold,jeong yeon kim,1462800.0,14.531841165227862,2046908.5023412998,0.3993085195114163
T5-E006,cold,cold_area_only,val_cold,jeong yeon kim,1462800.0,14.531841165227862,2046908.5023412998,0.3993085195114163
T5-E006,cold,cold_area_only,val_cold,misoung lim,910800.0,14.914380278612361,3000772.395355299,2.2946556822082775
T5-E006,cold,cold_area_only,val_cold,misoung lim,1145400.0,15.10492879186645,3630673.738336406,2.169786745535539
T5-E006,cold,cold_area_only,val_cold,ryeong ah kim,469200.0,13.777421509575456,962627.2166717773,1.0516351591470106
T5-E006,cold,cold_area_only,val_cold,jeong yeon kim,4374600.0,16.786728804254803,19515680.0248628,3.4611347380018285
T5-E006,cold,cold_area_only,val_cold,jeong yeon kim,4374600.0,16.876819999058327,21355502.634292483,3.8817040722105984
T5-E006,cold,cold_area_only,val_cold,kangso lee,97014000.0,15.742665102123647,6869934.308859612,0.9291861555150842
T5-E006,cold,cold_area_only,val_cold,hyun jin oh,952200.0,13.545143257849167,763099.1564479342,0.19859361851718735
T5-E006,cold,cold_area_only,val_cold,jeong yeon kim,43732200.0,16.30374241019622,12039968.844749631,0.7246886997509929
T5-E006,cold,cold_area_only,val_cold,jeong yeon kim,4374600.0,15.354744870099495,4661020.017847645,0.06547341879203701
T5-E006,cold,cold_area_only,val_cold,ryeong ah kim,469200.0,13.777421509575456,962627.2166717773,1.0516351591470106
T5-E006,cold,cold_area_only,val_cold,ryeong ah kim,469200.0,13.673071888691402,867240.7411664937,0.8483391755466618
T5-E006,cold,cold_area_only,val_cold,misoung lim,1366200.0,15.263357392154496,4253945.197824398,2.1137060443744677
T5-E006,cold,cold_area_only,val_cold,hyun jin oh,1380000.0,13.755375691686725,941637.5298717276,0.317653963861067
T5-E006,cold,cold_area_only,val_cold,sung won kwon,5175000.0,15.108305284841226,3642953.4021404833,0.2960476517602931
T5-E006,cold,cold_area_only,val_cold,misoung lim,1145400.0,15.10492879186645,3630673.738336406,2.169786745535539
T5-E006,cold,cold_area_only,val_cold,sung won kwon,16560000.0,16.313316422748077,12155793.224907493,0.2659545154041369
T5-E006,cold,cold_area_only,val_cold,jeong yeon kim,4374600.0,16.876819999058327,21355502.634292483,3.8817040722105984
T5-E006,cold,cold_area_only,val_cold,sj park,2760000.0,15.156573858690939,3823106.456787554,0.38518349883607034
T5-E006,cold,cold_area_only,val_cold,choi sangchul,66240000.0,16.30374241019622,12039968.844749631,0.8182371853147701
T5-E006,cold,cold_area_only,val_cold,sung won kwon,6624000.0,15.510734937114377,5447868.216124063,0.17755612679286484
T5-E006,cold,cold_area_only,val_cold,jimo,1794000.0,14.914380278612361,3000772.395355299,0.6726713463518947
T5-E006,cold,cold_area_only,val_cold,sung won kwon,33120000.0,16.740768710731107,18639037.14788398,0.4372271392547107
T5-E006,cold,cold_area_only,val_cold,seol min yi,2056200.0,14.561261848822882,2108024.5798016717,0.025204055929224624
T5-E006,cold,cold_area_only,val_cold,jimo,2760000.0,15.26461226411965,4259286.705147403,0.543219820705581
T5-E006,cold,cold_area_only,val_cold,choi sangchul,44850000.0,16.09223881788067,9744745.921507029,0.7827258434446593
T5-E006,cold,cold_area_only,val_cold,jimo,455400.0,13.776141048053958,961395.3983775517,1.1111010065383218
T5-E006,cold,cold_area_only,val_cold,sung won kwon,6624000.0,15.510734937114377,5447868.216124063,0.17755612679286484
T5-E006,cold,cold_area_only,val_cold,hyun jin oh,2346000.0,14.63310460454327,2265043.6869349643,0.034508232338037396
T5-E006,cold,cold_area_only,val_cold,jimo,4554000.0,15.64055497250043,6203070.519486576,0.36211473857851917
T5-E006,cold,cold_area_only,val_cold,ryeong ah kim,276000.0,13.72729401165729,915562.5935569099,2.31725577375692
T5-E006,cold,cold_area_only,val_cold,hyun jin oh,1794000.0,14.22946639007584,1512790.3086552192,0.1567501066581833
T5-E006,cold,cold_area_only,val_cold,ryeong ah kim,469200.0,13.673071888691402,867240.7411664937,0.8483391755466618
T5-E006,cold,cold_area_only,val_cold,jimo,455400.0,13.776141048053958,961395.3983775517,1.1111010065383218
T5-E006,cold,cold_area_only,val_cold,choi sangchul,44850000.0,16.09223881788067,9744745.921507029,0.7827258434446593
T5-E006,cold,cold_area_only,val_cold,ryeong ah kim,276000.0,13.72729401165729,915562.5935569099,2.31725577375692
T5-E006,cold,cold_area_only,val_cold,sung won kwon,6624000.0,15.510734937114377,5447868.216124063,0.17755612679286484
T5-E006,cold,cold_area_only,val_cold,noori noh,1794000.0,14.531841165227862,2046908.5023412998,0.14097463898623178
T5-E006,cold,cold_area_only,val_cold,siyoung yang,2760000.0,13.80509514458136,989638.6392122468,0.6414352756477367
T5-E006,cold,cold_area_only,val_cold,jung sane,10074000.0,16.46562764103848,14155695.940751566,0.40517132626082647
T5-E006,cold,cold_area_only,val_cold,sung won kwon,6624000.0,15.510734937114377,5447868.216124063,0.17755612679286484
T5-E006,cold,cold_area_only,val_cold,sung won kwon,16560000.0,16.313316422748077,12155793.224907493,0.2659545154041369
T5-E006,cold,cold_area_only,val_cold,siyoung yang,1656000.0,14.40729135532963,1807203.8153532804,0.09130665178338189
T5-E006,cold,cold_area_only,val_cold,sung won kwon,6624000.0,15.510734937114377,5447868.216124063,0.17755612679286484
T5-E006,cold,cold_area_only,val_cold,ryeong ah kim,952200.0,14.531841165227862,2046908.5023412998,1.1496623633073932
T5-E006,cold,cold_area_only,val_cold,momo kim,6527400.0,15.742665102123647,6869934.308859612,0.052476377862489175
T5-E006,cold,cold_area_only,val_cold,sung won kwon,6624000.0,15.510734937114377,5447868.216124063,0.17755612679286484
T5-E006,cold,cold_area_only,val_cold,jimo,4554000.0,15.64055497250043,6203070.519486576,0.36211473857851917
T5-E006,cold,cold_area_only,val_cold,seol min yi,2056200.0,14.561261848822882,2108024.5798016717,0.025204055929224624
T5-E006,cold,cold_area_only,val_cold,chung hyunhee,1587000.0,14.531841165227862,2046908.5023412998,0.2897974179844359
T5-E006,cold,cold_area_only,val_cold,sung won kwon,4140000.0,14.991524400281328,3241427.5749507532,0.21704647948049438
T5-E006,cold,cold_area_only,val_cold,hyun jin oh,1794000.0,14.22946639007584,1512790.3086552192,0.1567501066581833
T5-E006,cold,cold_area_only,val_cold,seol min yi,5147400.0,15.354744870099495,4661020.017847645,0.0944904188818345
T5-E006,cold,cold_area_only,val_cold,ryeong ah kim,276000.0,13.27745959749002,583885.1593298207,1.1155259396007995
T5-E006,cold,cold_area_only,val_cold,jimo,2760000.0,15.26461226411965,4259286.705147403,0.543219820705581
T5-E006,cold,cold_area_only,val_cold,sung won kwon,3312000.0,14.991524400281328,3241427.5749507532,0.021308099350617983
T5-E006,cold,cold_area_only,val_cold,sung won kwon,6624000.0,15.510734937114377,5447868.216124063,0.17755612679286484
T5-E006,cold,cold_area_only,val_cold,chung hyunhee,1587000.0,14.531841165227862,2046908.5023412998,0.2897974179844359
T5-E006,cold,cold_area_only,val_cold,siyoung yang,16560000.0,16.12121846830825,10031276.984236086,0.3942465589229417
T5-E006,cold,cold_area_only,val_cold,sung won kwon,1656000.0,14.024950016591319,1232986.7261419352,0.25544279822346905
T5-E006,cold,cold_area_only,val_cold,siyoung yang,4968000.0,15.179092672334676,3910174.9387723114,0.2129277498445428
T5-E006,cold,cold_area_only,val_cold,choi sangchul,44850000.0,16.09223881788067,9744745.921507029,0.7827258434446593
T5-E006,cold,cold_area_only,val_cold,choi sangchul,22770000.0,15.520875366307186,5503392.984721295,0.7583050950934872
T5-E006,cold,cold_area_only,val_cold,hyun jin oh,1794000.0,14.034966020198555,1245398.3794592577,0.30579800476072594
T5-E006,cold,cold_area_only,val_cold,sj park,1794000.0,14.01480958739851,1220546.8907817216,0.31965056255199464
T5-E006,cold,cold_area_only,val_cold,choi sangchul,89700000.0,16.65805073893048,17159297.945675362,0.8087034788664954
T5-E006,cold,cold_area_only,val_cold,sj park,4692000.0,14.656390975126095,2318407.244031887,0.5058808090298621
T5-E006,cold,cold_area_only,val_cold,ryeong ah kim,1794000.0,15.023766113824358,3347639.7854029094,0.8660199472702951
T5-E006,cold,cold_area_only,val_cold,sj park,4692000.0,15.26425491181894,4257764.911168417,0.09254797289675683
T5-E006,cold,cold_area_only,val_cold,ryeong ah kim,565800.0,14.379111095014757,1756987.222871042,2.105314992702443
T5-E006,cold,cold_area_only,val_cold,sung won kwon,16560000.0,16.313316422748077,12155793.224907493,0.2659545154041369
T5-E006,cold,cold_area_only,val_cold,sung won kwon,6210000.0,15.359003934881962,4680913.938732586,0.24622963949555782
T5-E006,cold,cold_area_only,val_cold,sung won kwon,6624000.0,15.510734937114377,5447868.216124063,0.17755612679286484
T5-E006,cold,cold_area_only,val_cold,jimo,1380000.0,14.824247672632515,2742135.824298,0.9870549451434782
T5-E006,cold,cold_area_only,val_cold,hyun jin oh,1794000.0,14.154015151693121,1402848.193243213,0.2180333370996583
T5-E006,cold,cold_area_only,val_cold,sj park,2760000.0,14.787890984213965,2644231.3713869457,0.04194515529458489
T5-E006,cold,cold_area_only,val_cold,jimo,1380000.0,14.824247672632515,2742135.824298,0.9870549451434782
T5-E006,cold,cold_area_only,val_cold,seol min yi,5147400.0,15.354744870099495,4661020.017847645,0.0944904188818345
T5-E006,cold,cold_area_only,val_cold,hyun jin oh,1794000.0,14.034966020198555,1245398.3794592577,0.30579800476072594
T5-E006,cold,cold_area_only,val_cold,sung won kwon,1656000.0,14.024950016591319,1232986.7261419352,0.25544279822346905
T5-E006,cold,cold_area_only,val_cold,jimo,1794000.0,14.914380278612361,3000772.395355299,0.6726713463518947
T5-E006,cold,cold_area_only,val_cold,hyun jin oh,1794000.0,14.63310460454327,2265043.6869349643,0.26256615771179725
T5-E006,cold,cold_area_only,val_cold,sung won kwon,3312000.0,15.29354610437645,4384324.413826806,0.3237694486192046
T5-E006,cold,cold_area_only,val_cold,sung won kwon,1656000.0,14.228975976091384,1512048.5970200489,0.08692717571253086
T5-E006,cold,cold_area_only,val_cold,seol min yi,3422400.0,15.05883238388143,3467111.497788705,0.013064369386601488
T5-E006,cold,cold_area_only,val_cold,sung won kwon,3312000.0,14.991524400281328,3241427.5749507532,0.021308099350617983
T5-E006,cold,cold_area_only,val_cold,seol min yi,3422400.0,15.05883238388143,3467111.497788705,0.013064369386601488
T5-E006,cold,cold_area_only,val_cold,sj park,4692000.0,15.510734937114377,5447868.216124063,0.16109723276301435
T5-E006,cold,cold_area_only,val_cold,sung won kwon,1656000.0,14.228975976091384,1512048.5970200489,0.08692717571253086
T5-E006,cold,cold_area_only,val_cold,choi sangchul,66240000.0,16.30374241019622,12039968.844749631,0.8182371853147701
T5-E006,cold,cold_area_only,val_cold,momo kim,5934000.0,15.742665102123647,6869934.308859612,0.1577240156487381
T5-E006,cold,cold_area_only,val_cold,sundoo kim,44160000.0,16.193539676250776,10783628.649826802,0.7558055106470379
T5-E006,cold,cold_area_only,val_cold,sundoo kim,62100000.0,16.722240931725814,18296876.71118777,0.7053643041676688
T5-E006,cold,cold_area_only,val_cold,junho jung,2760000.0,16.612852538075497,16400994.612768535,4.942389352452367
T5-E006,cold,cold_area_only,val_cold,jeah hyuck,3450000.0,14.672392252999636,2355803.115530633,0.3171585172374977
T5-E006,cold,cold_area_only,val_cold,junho jung,1380000.0,16.05466396414927,9385382.316522127,5.8010016786392224
T5-E006,cold,cold_area_only,val_cold,sundoo kim,16560000.0,15.590074521276161,5897708.958096192,0.6438581547043363
T5-E006,cold,cold_area_only,val_cold,jeah hyuck,3450000.0,14.672392252999636,2355803.115530633,0.3171585172374977
T5-E006,cold,cold_area_only,val_cold,see ji ui,1104000.0,14.877880794842216,2893220.4864888787,1.6206707305152888
T5-E006,cold,cold_area_only,val_cold,sundoo kim,66240000.0,16.693608202853778,17780416.320084594,0.7315758405784331
T5-E006,cold,cold_area_only,val_cold,jeah hyuck,3450000.0,14.672392252999636,2355803.115530633,0.3171585172374977
T5-E006,cold,cold_area_only,val_cold,sundoo kim,66240000.0,16.720340362642393,18262135.257711157,0.7243035136215104
T5-E006,cold,cold_area_only,val_cold,see ji ui,5520000.0,16.306228267071383,12069935.71532305,1.186582557123741
T5-E006,cold,cold_area_only,val_cold,sundoo kim,22080000.0,15.775042700603501,7096006.369599169,0.6786228999275739
T5-E006,cold,cold_area_only,val_cold,sundoo kim,55200000.0,16.80228457029647,19821634.88901435,0.6409124114308995
T5-E006,cold,cold_area_only,val_cold,jeah hyuck,3450000.0,14.672392252999636,2355803.115530633,0.3171585172374977
T5-E006,cold,cold_area_only,val_cold,jeah hyuck,3450000.0,14.672392252999636,2355803.115530633,0.3171585172374977
T5-E006,cold,cold_area_only,val_cold,momo kim,2898000.0,14.669243284490388,2348396.4335304173,0.18964926379212654
T5-E006,cold,cold_area_only,val_cold,momo kim,1242000.0,13.778075109705021,963256.5956039873,0.22443108244445464
T5-E006,cold,cold_area_only,val_cold,momo kim,1242000.0,13.48580412505154,719134.8167603596,0.42098645993529826
T5-E006,cold,cold_area_only,val_cold,momo kim,717600.0,12.826701169836362,372019.3581118217,0.48157837498352607
T5-E006,cold,cold_area_only,val_cold,momo kim,1242000.0,13.778075109705021,963256.5956039873,0.22443108244445464
T5-E006,cold,cold_area_only,val_cold,momo kim,1242000.0,13.778075109705021,963256.5956039873,0.22443108244445464
T5-E006,cold,cold_area_only,val_cold,momo kim,828000.0,13.479029861670417,714279.6716879566,0.1373433916812119
T5-E006,cold,cold_area_only,val_cold,momo kim,828000.0,13.479029861670417,714279.6716879566,0.1373433916812119
T5-E006,cold,cold_area_only,val_cold,momo kim,1380000.0,13.481470204452279,716024.8875253234,0.4811413858512149
T5-E006,cold,cold_area_only,val_cold,ahnnlee lee,2000000.0,14.232745555499505,1517759.1406872584,0.2411204296563708
T5-E006,cold,cold_area_only,val_cold,ahnnlee lee,2000000.0,14.232745555499505,1517759.1406872584,0.2411204296563708
T5-E006,cold,cold_area_only,val_cold,ahnnlee lee,2000000.0,14.232745555499505,1517759.1406872584,0.2411204296563708
T5-E006,cold,cold_area_only,val_cold,ahnnlee lee,2000000.0,14.232745555499505,1517759.1406872584,0.2411204296563708
T5-E006,cold,cold_area_only,val_cold,sundoo kim,44160000.0,16.124720041461874,10066463.803078596,0.772045656633184
T5-E006,cold,cold_area_only,val_cold,namkyoung kim,3174000.0,17.364866181438433,34790891.829086296,9.961213556737963
T5-E006,cold,cold_area_only,val_cold,namkyoung kim,20976000.0,17.75681741838544,51485842.16311941,1.4545119261593924
T5-E006,cold,cold_area_only,val_cold,sundoo kim,52440000.0,16.206627758635342,10925693.319105526,0.7916534454785369
T5-E006,cold,cold_area_only,val_cold,sundoo kim,33120000.0,16.038672593984813,9236490.855906326,0.7211204451719104
T5-E006,cold,cold_area_only,val_cold,sundoo kim,33120000.0,16.270688867441578,11648510.403513953,0.6482937680098444
T5-E006,cold,cold_area_only,val_cold,namkyoung kim,6210000.0,17.22507625276027,30252102.7602351,3.871514132082947
T5-E006,cold,cold_area_only,val_cold,namkyoung kim,524400.0,14.250111746167,1544347.032304589,1.9449790852490254
T5-E006,cold,cold_area_only,val_cold,namkyoung kim,524400.0,13.88413828291953,1071037.414420913,1.04240544321303
T5-E006,cold,cold_area_only,val_cold,namkyoung kim,6210000.0,16.392613107928657,13158955.454180954,1.1189944370661762
T5-E006,cold,cold_area_only,val_cold,namkyoung kim,5244000.0,15.89970958765831,8038150.582626031,0.5328281050011501
T5-E006,cold,cold_area_only,val_cold,namkyoung kim,2622000.0,14.882382567074448,2906274.467114488,0.10841894245403819
T5-E006,cold,cold_area_only,val_cold,junho jung,2760000.0,16.37353196565185,12910247.910902996,3.6776260546749984
T5-E006,cold,cold_area_only,val_cold,junho jung,2760000.0,16.612852538075497,16400994.612768535,4.942389352452367
T5-E006,cold,cold_area_only,val_cold,lee sejun,2070000.0,14.856309157646646,2831477.328583566,0.3678634437601768
T5-E006,cold,cold_area_only,val_cold,namkyoung kim,1048800.0,14.57458613294761,2136300.4578289734,1.0368997500276254
T5-E006,cold,cold_area_only,val_cold,namkyoung kim,524400.0,14.328354477182755,1670033.8893028472,2.1846565394791138
T5-E006,cold,cold_area_only,val_cold,jung sane,917700.0,15.426299561378753,5006760.02057497,4.455769881851335
T5-E006,cold,cold_area_only,val_cold,jung sane,5093580.0,16.37403569541333,12916752.825225722,1.5358888689734376
T5-E006,cold,cold_area_only,val_cold,jung sane,612720.0,14.625554690204527,2248007.1940809134,2.668898018802901
T5-E006,cold,cold_area_only,val_cold,jung sane,4075140.0,15.606202437206287,5993597.878112422,0.4707710356239104
T5-E006,cold,cold_area_only,val_cold,jung sane,1018440.0,14.950532754566751,3111242.6011539227,2.054910059653905
T5-E006,cold,cold_area_only,val_cold,diego rodarte,2087600.0,13.5725883173993,784332.5006524958,0.6242898540656755
T5-E006,cold,cold_area_only,val_cold,diego rodarte,2087600.0,13.5725883173993,784332.5006524958,0.6242898540656755
T5-E006,cold,cold_area_only,val_cold,diego rodarte,4602100.0,15.803820366713786,7303179.554579839,0.5869232642880075
T5-E006,cold,cold_area_only,val_cold,diego rodarte,4602100.0,15.803820366713786,7303179.554579839,0.5869232642880075
T5-E006,cold,cold_area_only,val_cold,diego rodarte,4602100.0,15.803820366713786,7303179.554579839,0.5869232642880075
T5-E006,cold,cold_area_only,val_cold,diego rodarte,4602100.0,15.803820366713786,7303179.554579839,0.5869232642880075
T5-E006,cold,cold_area_only,val_cold,diego rodarte,2514600.0,14.975501645883401,3189904.8472995297,0.2685535859777021
T5-E006,cold,cold_area_only,val_cold,diego rodarte,2087600.0,13.5725883173993,784332.5006524958,0.6242898540656755
T5-E006,cold,cold_area_only,val_cold,diego rodarte,2514600.0,14.975501645883401,3189904.8472995297,0.2685535859777021
T5-E006,cold,cold_area_only,val_cold,diego rodarte,4602100.0,15.803820366713786,7303179.554579839,0.5869232642880075
T5-E006,cold,cold_area_only,val_cold,diego rodarte,2087600.0,13.5725883173993,784332.5006524958,0.6242898540656755
T5-E006,cold,cold_area_only,val_cold,diego rodarte,4602100.0,15.803820366713786,7303179.554579839,0.5869232642880075
T5-E006,cold,cold_area_only,val_cold,diego rodarte,2087600.0,13.5725883173993,784332.5006524958,0.6242898540656755
T5-E006,cold,cold_area_only,val_cold,diego rodarte,2514600.0,14.975501645883401,3189904.8472995297,0.2685535859777021
T5-E006,cold,cold_area_only,val_cold,diego rodarte,4602100.0,15.803820366713786,7303179.554579839,0.5869232642880075
T5-E006,cold,cold_area_only,val_cold,diego rodarte,2514600.0,14.975501645883401,3189904.8472995297,0.2685535859777021
T5-E006,cold,cold_area_only,val_cold,diego rodarte,2514600.0,14.975501645883401,3189904.8472995297,0.2685535859777021
T5-E006,cold,cold_area_only,val_cold,diego rodarte,2514600.0,14.975501645883401,3189904.8472995297,0.2685535859777021
T5-E006,cold,cold_area_only,val_cold,diego rodarte,2514600.0,14.975501645883401,3189904.8472995297,0.2685535859777021
T5-E006,cold,cold_area_only,val_cold,diego rodarte,4602100.0,15.803820366713786,7303179.554579839,0.5869232642880075
T5-E006,cold,cold_area_only,val_cold,diego rodarte,2514600.0,14.975501645883401,3189904.8472995297,0.2685535859777021
T5-E006,cold,cold_area_only,val_cold,diego rodarte,2087600.0,13.5725883173993,784332.5006524958,0.6242898540656755
T5-E006,cold,cold_area_only,val_cold,diego rodarte,2087600.0,13.5725883173993,784332.5006524958,0.6242898540656755
T5-E006,cold,cold_area_only,val_cold,diego rodarte,4602100.0,15.803820366713786,7303179.554579839,0.5869232642880075
T5-E006,cold,cold_area_only,val_cold,diego rodarte,2514600.0,14.975501645883401,3189904.8472995297,0.2685535859777021
T5-E006,cold,cold_area_only,val_cold,diego rodarte,2087600.0,13.5725883173993,784332.5006524958,0.6242898540656755
T5-E006,cold,cold_area_only,val_cold,diego rodarte,2514600.0,14.975501645883401,3189904.8472995297,0.2685535859777021
T5-E006,cold,cold_area_only,val_cold,diego rodarte,2087600.0,13.5725883173993,784332.5006524958,0.6242898540656755
T5-E006,cold,cold_area_only,val_cold,diego rodarte,2087600.0,13.5725883173993,784332.5006524958,0.6242898540656755
T5-E006,cold,cold_area_only,val_cold,diego rodarte,2514600.0,15.803820366713786,7303179.554579839,1.9043106476496616
T5-E006,cold,cold_area_only,val_cold,diego rodarte,2087600.0,13.5725883173993,784332.5006524958,0.6242898540656755
T5-E006,cold,cold_area_only,val_cold,prach pimarnman,2087600.0,15.158692220276874,3831213.7627155124,0.8352240672137922
T5-E006,cold,cold_area_only,val_cold,prach pimarnman,7116600.0,16.290316062376494,11879396.398209814,0.669251664869434
T5-E006,cold,cold_area_only,val_cold,prach pimarnman,2087600.0,15.158692220276874,3831213.7627155124,0.8352240672137922
T5-E006,cold,cold_area_only,val_cold,prach pimarnman,41750600.0,18.255907741641703,84808619.58463135,1.031314989117075
T5-E006,cold,cold_area_only,val_cold,prach pimarnman,2087600.0,15.158692220276874,3831213.7627155124,0.8352240672137922
T5-E006,cold,cold_area_only,val_cold,prach pimarnman,7116600.0,16.290316062376494,11879396.398209814,0.669251664869434
T5-E006,cold,cold_area_only,val_cold,prach pimarnman,2087600.0,15.158692220276874,3831213.7627155124,0.8352240672137922
T5-E006,cold,cold_area_only,val_cold,prach pimarnman,2087600.0,15.158692220276874,3831213.7627155124,0.8352240672137922
T5-E006,cold,cold_area_only,val_cold,prach pimarnman,7116600.0,16.290316062376494,11879396.398209814,0.669251664869434
T5-E006,cold,cold_area_only,val_cold,prach pimarnman,7116600.0,16.290316062376494,11879396.398209814,0.669251664869434
T5-E006,cold,cold_area_only,val_cold,prach pimarnman,7116600.0,16.290316062376494,11879396.398209814,0.669251664869434
T5-E006,cold,cold_area_only,val_cold,prach pimarnman,7116600.0,16.290316062376494,11879396.398209814,0.669251664869434
T5-E006,cold,cold_area_only,val_cold,chang sook young,11000000.0,15.991949425850988,8814859.419826088,0.1986491436521738
T5-E006,cold,cold_area_only,val_cold,chang sook young,2400000.0,14.133309189483036,1374099.5330302918,0.4274585279040451
T5-E006,cold,cold_area_only,val_cold,chang sook young,3600000.0,15.040364362275458,3403668.444762654,0.05453654312148496
T5-E006,cold,cold_area_only,val_cold,chang sook young,3800000.0,15.28832414643485,4361489.329949776,0.14776034998678308
T5-E006,cold,cold_area_only,val_cold,chang sook young,2400000.0,14.133309189483036,1374099.5330302918,0.4274585279040451
T5-E006,cold,cold_area_only,val_cold,chang sook young,2400000.0,14.133309189483036,1374099.5330302918,0.4274585279040451
T5-E006,cold,cold_area_only,val_cold,chang sook young,3200000.0,14.550739658433956,2085959.8321435773,0.3481375524551321
T5-E006,cold,cold_area_only,val_cold,chang sook young,960000.0,13.372969661971545,642402.0687605757,0.3308311783744003
T5-E006,cold,cold_area_only,val_cold,chang sook young,4200000.0,15.120559577974001,3687869.86869102,0.1219357455497571
T5-E006,cold,cold_area_only,val_cold,chang sook young,3200000.0,14.641735112645275,2284676.7646796284,0.2860385110376161
T5-E006,cold,cold_area_only,val_cold,lim jimin,700000.0,13.624526862052548,826146.0575996402,0.18020865371377173
T5-E006,cold,cold_area_only,val_cold,lim jimin,700000.0,13.624526862052548,826146.0575996402,0.18020865371377173
T5-E006,cold,cold_area_only,val_cold,lim jimin,700000.0,13.624526862052548,826146.0575996402,0.18020865371377173
T5-E006,cold,cold_area_only,val_cold,lim jimin,700000.0,13.624526862052548,826146.0575996402,0.18020865371377173
T5-E006,cold,cold_area_only,val_cold,lim jimin,1000000.0,14.516814386051895,2016380.0072134042,1.0163800072134042
T5-E006,cold,cold_area_only,val_cold,lim jimin,700000.0,13.624526862052548,826146.0575996402,0.18020865371377173
T5-E006,cold,cold_area_only,val_cold,lim jimin,800000.0,13.888278190249022,1075480.6009072673,0.34435075113408414
T5-E006,cold,cold_area_only,val_cold,lim jimin,800000.0,14.093890792309347,1320988.3868822993,0.6512354836028742
T5-E006,cold,cold_area_only,val_cold,lim jimin,800000.0,14.012828000147255,1218130.6653947486,0.5226633317434357
T5-E006,cold,cold_area_only,val_cold,lim jimin,1000000.0,14.516814386051895,2016380.0072134042,1.0163800072134042
T5-E006,cold,cold_area_only,val_cold,jeongwoong lee,1500000.0,13.522770893003782,746216.3816834643,0.5025224122110238
T5-E006,cold,cold_area_only,val_cold,jeongwoong lee,5000000.0,14.974567847032663,3186927.5081534414,0.36261449836931176
T5-E006,cold,cold_area_only,val_cold,jeongwoong lee,14000000.0,15.677858911746535,6438839.704546861,0.5400828782466528
T5-E006,cold,cold_area_only,val_cold,jeongwoong lee,5000000.0,14.974567847032663,3186927.5081534414,0.36261449836931176
T5-E006,cold,cold_area_only,val_cold,jeongwoong lee,20000000.0,16.10619168913228,9881666.100217786,0.5059166949891107
T5-E006,cold,cold_area_only,val_cold,jeongwoong lee,26000000.0,16.262831177550183,11557338.689696457,0.5554869734732132
T5-E006,cold,cold_area_only,val_cold,jeongwoong lee,2400000.0,14.519686581686928,2022179.7701084286,0.15742509578815478
T5-E006,cold,cold_area_only,val_cold,jeongwoong lee,5000000.0,14.974567847032663,3186927.5081534414,0.36261449836931176
T5-E006,cold,cold_area_only,val_cold,jeongwoong lee,2400000.0,14.546561521981829,2077262.589117468,0.13447392120105495
T5-E006,cold,cold_area_only,val_cold,chu mirim,1674600.0,13.853367643102906,1038582.7933557122,0.3798024642567107
T5-E006,cold,cold_area_only,val_cold,chu mirim,1674600.0,13.4373415409867,685114.6948645556,0.5908786009407885
T5-E006,cold,cold_area_only,val_cold,chu mirim,3958100.0,14.206035576342524,1477756.4395400486,0.6266500493822671
T5-E006,cold,cold_area_only,val_cold,chu mirim,1674600.0,13.37069603830448,640943.147360856,0.6172559731512863
T5-E006,cold,cold_area_only,val_cold,chu mirim,8677300.0,15.690612067255438,6521481.077653669,0.24844351611057947
T5-E006,cold,cold_area_only,val_cold,chu mirim,7307200.0,15.108308796376436,3642966.194522084,0.5014552503664763
T5-E006,cold,cold_area_only,val_cold,chu mirim,1674600.0,13.4373415409867,685114.6948645556,0.5908786009407885
T5-E006,cold,cold_area_only,val_cold,hansol noh,800000.0,13.99593828080846,1197729.5498666503,0.4971619373333128
T5-E006,cold,cold_area_only,val_cold,hansol noh,480000.0,13.37069603830448,640943.147360856,0.3352982236684499
T5-E006,cold,cold_area_only,val_cold,hansol noh,2400000.0,15.804016095099255,7304609.134022921,2.0435871391762173
T5-E006,cold,cold_area_only,val_cold,hansol noh,480000.0,13.37069603830448,640943.147360856,0.3352982236684499
T5-E006,cold,cold_area_only,val_cold,i kyoung ha,5000000.0,15.008739334648391,3297711.6109086783,0.34045767781826436
T5-E006,cold,cold_area_only,val_cold,i kyoung ha,3000000.0,14.62620022126389,2249458.821031095,0.250180392989635
T5-E006,cold,cold_area_only,val_cold,i kyoung ha,3000000.0,14.62620022126389,2249458.821031095,0.250180392989635
T5-E006,cold,cold_area_only,val_cold,i kyoung ha,2000000.0,14.243077684231505,1533522.1158288503,0.23323894208557486
T5-E006,cold,cold_area_only,val_cold,yusuke ochiai,3044700.0,13.985092662082737,1184809.6207892394,0.6108616215754461
T5-E006,cold,cold_area_only,val_cold,yusuke ochiai,12939800.0,16.049779088219072,9339647.683296282,0.2782231809381689
T5-E006,cold,cold_area_only,val_cold,yusuke ochiai,3044700.0,13.985092662082737,1184809.6207892394,0.6108616215754461
T5-E006,cold,cold_area_only,val_cold,rodel tapaya,114174000.0,16.91320236283596,22146773.165696066,0.8060261253376769
T5-E006,cold,cold_area_only,val_cold,rodel tapaya,91339200.0,16.57355143553805,15768919.422986364,0.8273586869275584
T5-E006,cold,cold_area_only,val_cold,rodel tapaya,114174000.0,16.91320236283596,22146773.165696066,0.8060261253376769
T5-E006,cold,cold_area_only,val_cold,peter ravn,1200000.0,15.096897562113949,3601631.74096627,2.0013597841385584
T5-E006,cold,cold_area_only,val_cold,peter ravn,1000000.0,14.809381986372728,2701673.5880454415,1.7016735880454414
T5-E006,cold,cold_area_only,val_cold,eun lee,5200000.0,16.200137509214784,10855012.460681517,1.087502396284907
T5-E006,cold,cold_area_only,val_cold,eun lee,4400000.0,15.803820366713786,7303179.554579839,0.6598135351317816
T5-E006,cold,cold_area_only,val_cold,ha ninh pham,3349200.0,15.393422074411962,4844826.896595939,0.44656243180339755
T5-E006,cold,cold_area_only,val_cold,ha ninh pham,6089300.0,16.060437970632,9439730.326749368,0.5502160062321396
T5-E006,cold,cold_area_only,val_cold,jean michel othoniel,3196900.0,14.45171980158464,1889305.3911691303,0.4090195529515686
T5-E006,cold,cold_area_only,val_cold,올리버 비어,96029000.0,16.300375559084404,11999500.226393085,0.8750429534162275
T5-E006,cold,cold_area_only,val_cold,올리버 비어,109619400.0,16.29805315023318,11971664.81596986,0.8907888127834137
T5-E006,cold,cold_area_only,val_cold,샘 폴스,86196000.0,16.034487428382118,9197915.390747573,0.8932906934109752
T5-E006,cold,cold_area_only,val_cold,샘 폴스,86196000.0,16.094691618903823,9768677.181585273,0.8866690196576956
T5-E006,cold,cold_no_3d_flags,val_cold,zinna yoo,6618480.0,15.749074440074017,6914107.448614587,0.04466697015244997
T5-E006,cold,cold_no_3d_flags,val_cold,zinna yoo,1440720.0,14.525502309019265,2033974.48043391,0.41177638988416204
T5-E006,cold,cold_no_3d_flags,val_cold,joanna jung,2208000.0,14.63563332438146,2270778.5957734077,0.028432335042304222
T5-E006,cold,cold_no_3d_flags,val_cold,joanna jung,6003000.0,15.059380261664145,3469011.571605125,0.4221203445601991
T5-E006,cold,cold_no_3d_flags,val_cold,eun lee,4842420.0,14.867307065394606,2862789.523740058,0.4088101561326655
T5-E006,cold,cold_no_3d_flags,val_cold,eun lee,2468820.0,14.40673228920392,1806193.7512904715,0.2683979588262929
T5-E006,cold,cold_no_3d_flags,val_cold,eun lee,3022200.0,14.262552302851986,1563679.5735521913,0.4826022190615475
T5-E006,cold,cold_no_3d_flags,val_cold,eun lee,4814820.0,14.867307065394606,2862789.523740058,0.405421277692612
T5-E006,cold,cold_no_3d_flags,val_cold,eun lee,3042900.0,14.40673228920392,1806193.7512904715,0.4064235593379764
T5-E006,cold,cold_no_3d_flags,val_cold,eun lee,3323040.0,14.853001623834194,2822127.5923880576,0.15073920494846357
T5-E006,cold,cold_no_3d_flags,val_cold,eun lee,5285400.0,14.987453906902878,3228260.182542776,0.38921175643418165
T5-E006,cold,cold_no_3d_flags,val_cold,eun lee,4876920.0,14.867307065394606,2862789.523740058,0.4129923140547604
T5-E006,cold,cold_no_3d_flags,val_cold,kyong seob lee,5250900.0,14.654297679887891,2313559.2091422062,0.5593975872436713
T5-E006,cold,cold_no_3d_flags,val_cold,kyong seob lee,6741300.0,14.961552605124153,3145717.6356521966,0.5333663187141654
T5-E006,cold,cold_no_3d_flags,val_cold,kyong seob lee,4512600.0,14.491868039001073,1966700.923925054,0.5641756583953698
T5-E006,cold,cold_no_3d_flags,val_cold,kyong seob lee,7534800.0,15.330757316286393,4550543.872887285,0.3960630842374999
T5-E006,cold,cold_no_3d_flags,val_cold,kyong seob lee,4512600.0,14.51039030658957,2003468.139657158,0.5560279795113332
T5-E006,cold,cold_no_3d_flags,val_cold,kyong seob lee,7465800.0,14.994261540799954,3250311.9710778752,0.564639828139265
T5-E006,cold,cold_no_3d_flags,val_cold,kyong seob lee,7465800.0,14.994261540799954,3250311.9710778752,0.564639828139265
T5-E006,cold,cold_no_3d_flags,val_cold,kyong seob lee,4512600.0,14.49949701877215,1981762.2236158657,0.5608380482170222
T5-E006,cold,cold_no_3d_flags,val_cold,kyong seob lee,7465800.0,14.994261540799954,3250311.9710778752,0.564639828139265
T5-E006,cold,cold_no_3d_flags,val_cold,kyong seob lee,5292300.0,14.994261540799954,3250311.9710778752,0.385841322094765
T5-E006,cold,cold_no_3d_flags,val_cold,kyong seob lee,3788100.0,14.49949701877215,1981762.2236158657,0.4768453251984199
T5-E006,cold,cold_no_3d_flags,val_cold,kyong seob lee,6741300.0,14.994261540799954,3250311.9710778752,0.5178508639167705
T5-E006,cold,cold_no_3d_flags,val_cold,kyong seob lee,9791100.0,15.717716099607228,6700656.73433289,0.31563800448030455
T5-E006,cold,cold_no_3d_flags,val_cold,kyong seob lee,5292300.0,14.994261540799954,3250311.9710778752,0.385841322094765
T5-E006,cold,cold_no_3d_flags,val_cold,kyong seob lee,7534800.0,15.330757316286393,4550543.872887285,0.3960630842374999
T5-E006,cold,cold_no_3d_flags,val_cold,kyong seob lee,3801900.0,14.63894036242732,2278300.577868492,0.4007468429289324
T5-E006,cold,cold_no_3d_flags,val_cold,kyong seob lee,3788100.0,14.491868039001073,1966700.923925054,0.48082127612126024
T5-E006,cold,cold_no_3d_flags,val_cold,kyong seob lee,9066600.0,15.716768029677413,6694307.053619336,0.26165188123228816
T5-E006,cold,cold_no_3d_flags,val_cold,kyong seob lee,9066600.0,15.716768029677413,6694307.053619336,0.26165188123228816
T5-E006,cold,cold_no_3d_flags,val_cold,kyong seob lee,9066600.0,15.717716099607228,6700656.73433289,0.2609515436511051
T5-E006,cold,cold_no_3d_flags,val_cold,kyong seob lee,9066600.0,15.717716099607228,6700656.73433289,0.2609515436511051
T5-E006,cold,cold_no_3d_flags,val_cold,kyong seob lee,7617600.0,15.738266659040985,6839783.6504066475,0.10210779636543695
T5-E006,cold,cold_no_3d_flags,val_cold,kyong seob lee,6796500.0,15.37089058200305,4736886.313824484,0.30304034226079835
T5-E006,cold,cold_no_3d_flags,val_cold,kyong seob lee,5292300.0,14.994261540799954,3250311.9710778752,0.385841322094765
T5-E006,cold,cold_no_3d_flags,val_cold,wookyung jeong,3180900.0,14.251271407621077,1546138.9908614822,0.5139303370550844
T5-E006,cold,cold_no_3d_flags,val_cold,wookyung jeong,31160400.0,16.30154846088144,12013582.718848044,0.6144599325153707
T5-E006,cold,cold_no_3d_flags,val_cold,taerin kim,2815200.0,14.856364126057404,2831632.9746701857,0.005837231695860225
T5-E006,cold,cold_no_3d_flags,val_cold,taerin kim,4491900.0,15.35676260653351,4670434.222254969,0.039745814077554974
T5-E006,cold,cold_no_3d_flags,val_cold,taerin kim,2815200.0,14.856364126057404,2831632.9746701857,0.005837231695860225
T5-E006,cold,cold_no_3d_flags,val_cold,wookyung jeong,31119000.0,16.273649037721963,11683043.06388231,0.6245688144258392
T5-E006,cold,cold_no_3d_flags,val_cold,nahyun lee,9108000.0,15.464351454595745,5200947.895813619,0.42896926923434137
T5-E006,cold,cold_no_3d_flags,val_cold,zinna yoo,1614600.0,14.443704859579135,1874223.2400503017,0.16079725012405652
T5-E006,cold,cold_no_3d_flags,val_cold,zinna yoo,1614600.0,14.443704859579135,1874223.2400503017,0.16079725012405652
T5-E006,cold,cold_no_3d_flags,val_cold,zinna yoo,7547220.0,15.663856345966087,6349307.729605341,0.15872232032386213
T5-E006,cold,cold_no_3d_flags,val_cold,zinna yoo,3031860.0,15.011409330622099,3306528.2525934246,0.09059397617087353
T5-E006,cold,cold_no_3d_flags,val_cold,zinna yoo,1614600.0,14.443704859579135,1874223.2400503017,0.16079725012405652
T5-E006,cold,cold_no_3d_flags,val_cold,joanna jung,1280640.0,14.777021519656989,2615645.6295079114,1.0424519220920099
T5-E006,cold,cold_no_3d_flags,val_cold,zinna yoo,14096700.0,16.20012560953149,10854883.290239628,0.2299699014493017
T5-E006,cold,cold_no_3d_flags,val_cold,zinna yoo,7574820.0,15.746839752878884,6898673.832308499,0.0892623412426303
T5-E006,cold,cold_no_3d_flags,val_cold,zinna yoo,1614600.0,14.516644808594295,2016038.1036086178,0.24863006540853325
T5-E006,cold,cold_no_3d_flags,val_cold,taerin kim,4347000.0,15.35676260653351,4670434.222254969,0.07440400788014014
T5-E006,cold,cold_no_3d_flags,val_cold,zinna yoo,1614600.0,14.516644808594295,2016038.1036086178,0.24863006540853325
T5-E006,cold,cold_no_3d_flags,val_cold,kyung sook park,15262800.0,16.261931040187285,11546940.178072728,0.24345859356915323
T5-E006,cold,cold_no_3d_flags,val_cold,seo yeongyeong,4421520.0,14.999424147781822,3267135.443475408,0.2610831923240406
T5-E006,cold,cold_no_3d_flags,val_cold,zinna yoo,1571820.0,14.516644808594295,2016038.1036086178,0.2826138512098191
T5-E006,cold,cold_no_3d_flags,val_cold,zinna yoo,1571820.0,14.435118130105977,1858198.6898145394,0.18219560115950897
T5-E006,cold,cold_no_3d_flags,val_cold,zinna yoo,1571820.0,14.516644808594295,2016038.1036086178,0.2826138512098191
T5-E006,cold,cold_no_3d_flags,val_cold,zinna yoo,1614600.0,14.443704859579135,1874223.2400503017,0.16079725012405652
T5-E006,cold,cold_no_3d_flags,val_cold,zinna yoo,1642200.0,14.245816744272492,1537728.282820541,0.06361692679299662
T5-E006,cold,cold_no_3d_flags,val_cold,zinna yoo,4402200.0,15.346320097138479,4621916.931028846,0.04991071078752572
T5-E006,cold,cold_no_3d_flags,val_cold,zinna yoo,2265960.0,14.629622041665636,2257169.2494450575,0.003879481789150085
T5-E006,cold,cold_no_3d_flags,val_cold,zinna yoo,2815200.0,14.834055944641076,2769163.7703920547,0.01635273856491379
T5-E006,cold,cold_no_3d_flags,val_cold,sangjune won,7093200.0,15.64336909661752,6220551.314863098,0.12302609331992644
T5-E006,cold,cold_no_3d_flags,val_cold,zinna yoo,1469700.0,14.443704859579135,1874223.2400503017,0.2752420494320621
T5-E006,cold,cold_no_3d_flags,val_cold,taerin kim,5375100.0,15.513704961293959,5464072.568200264,0.016552727986505204
T5-E006,cold,cold_no_3d_flags,val_cold,zinna yoo,8597400.0,15.88447599877307,7916628.658811591,0.07918339744439125
T5-E006,cold,cold_no_3d_flags,val_cold,zinna yoo,30008100.0,16.759794685574494,18997058.0482206,0.3669356590980235
T5-E006,cold,cold_no_3d_flags,val_cold,zinna yoo,1571820.0,14.525502309019265,2033974.48043391,0.2940250667594953
T5-E006,cold,cold_no_3d_flags,val_cold,zinna yoo,1440720.0,14.426930419575184,1843046.4127119025,0.2792537153033917
T5-E006,cold,cold_no_3d_flags,val_cold,ransoo kim,645840.0,13.938013407757452,1130322.3412543186,0.7501584622419153
T5-E006,cold,cold_no_3d_flags,val_cold,zinna yoo,1542840.0,14.525502309019265,2033974.48043391,0.31833144100095273
T5-E006,cold,cold_no_3d_flags,val_cold,da eun an,832140.0,14.609764879953971,2212790.352348766,1.6591563346897948
T5-E006,cold,cold_no_3d_flags,val_cold,taerin kim,5375100.0,15.513704961293959,5464072.568200264,0.016552727986505204
T5-E006,cold,cold_no_3d_flags,val_cold,zinna yoo,4087560.0,15.251550914527789,4204016.410551226,0.028490446758267955
T5-E006,cold,cold_no_3d_flags,val_cold,zinna yoo,3033240.0,14.880532209153364,2900901.79135292,0.043629323313381145
T5-E006,cold,cold_no_3d_flags,val_cold,zinna yoo,2012040.0,14.774332415141133,2608621.3337992677,0.29650570257016146
T5-E006,cold,cold_no_3d_flags,val_cold,zinna yoo,10474200.0,15.646731448926657,6241502.202334972,0.40410702465725573
T5-E006,cold,cold_no_3d_flags,val_cold,zinna yoo,2771040.0,14.925583536569027,3034579.845758128,0.0951050312366938
T5-E006,cold,cold_no_3d_flags,val_cold,ransoo kim,3105000.0,14.92296560633241,3026645.917191536,0.025234809278088192
T5-E006,cold,cold_no_3d_flags,val_cold,ransoo kim,2525400.0,14.92296560633241,3026645.917191536,0.19848179187120304
T5-E006,cold,cold_no_3d_flags,val_cold,gwanhee lee,4429800.0,15.734633056226455,6814975.691713116,0.538438686106171
T5-E006,cold,cold_no_3d_flags,val_cold,gwanhee lee,8804400.0,16.32927755819604,12351370.14989744,0.40286335808203166
T5-E006,cold,cold_no_3d_flags,val_cold,gwanhee lee,1669800.0,15.00812089168044,3295672.794863286,0.973693133826378
T5-E006,cold,cold_no_3d_flags,val_cold,gwanhee lee,1938900.0,15.346243508856448,4621562.959906601,1.3836004744476773
T5-E006,cold,cold_no_3d_flags,val_cold,zinna yoo,12344100.0,16.20012560953149,10854883.290239628,0.12064198360029257
T5-E006,cold,cold_no_3d_flags,val_cold,gwanhee lee,1669800.0,15.008818788179182,3297973.6361489734,0.9750710481189204
T5-E006,cold,cold_no_3d_flags,val_cold,gwanhee lee,4733400.0,15.736357474467104,6826737.698500366,0.4422482144970562
T5-E006,cold,cold_no_3d_flags,val_cold,zinna yoo,3394800.0,14.834055944641076,2769163.7703920547,0.1842925149074895
T5-E006,cold,cold_no_3d_flags,val_cold,gwanhee lee,2257680.0,15.347905106108538,4629248.519605322,1.050444934448337
T5-E006,cold,cold_no_3d_flags,val_cold,gwanhee lee,731400.0,14.254888306752948,1551741.3451028967,1.1216042454237034
T5-E006,cold,cold_no_3d_flags,val_cold,gwanhee lee,1380000.0,15.013677125161115,3314035.2882977217,1.401474846592552
T5-E006,cold,cold_no_3d_flags,val_cold,gwanhee lee,4918320.0,15.737982252453913,6837838.647481256,0.39027933267482723
T5-E006,cold,cold_no_3d_flags,val_cold,seo yeongyeong,2656500.0,14.765703060793594,2586207.4636538997,0.026460582099040193
T5-E006,cold,cold_no_3d_flags,val_cold,zinna yoo,16704900.0,16.19126810910652,10759160.714090703,0.355927858646822
T5-E006,cold,cold_no_3d_flags,val_cold,ransoo kim,703800.0,14.16928590225929,1424435.143050177,1.0239203510232695
T5-E006,cold,cold_no_3d_flags,val_cold,zinna yoo,3201600.0,14.8643814540171,2854426.3537957394,0.10843754566599845
T5-E006,cold,cold_no_3d_flags,val_cold,zinna yoo,3201600.0,14.8643814540171,2854426.3537957394,0.10843754566599845
T5-E006,cold,cold_no_3d_flags,val_cold,zinna yoo,5216400.0,15.343944358278303,4610949.496406086,0.11606673253468182
T5-E006,cold,cold_no_3d_flags,val_cold,zinna yoo,5216400.0,15.343944358278303,4610949.496406086,0.11606673253468182
T5-E006,cold,cold_no_3d_flags,val_cold,zinna yoo,5216400.0,15.343944358278303,4610949.496406086,0.11606673253468182
T5-E006,cold,cold_no_3d_flags,val_cold,zinna yoo,20907000.0,16.19126810910652,10759160.714090703,0.4853799821069162
T5-E006,cold,cold_no_3d_flags,val_cold,ransoo kim,545100.0,13.352087811167085,629126.6150215775,0.1541489910504081
T5-E006,cold,cold_no_3d_flags,val_cold,ransoo kim,545100.0,13.676466446311789,870189.6421085262,0.596385327661945
T5-E006,cold,cold_no_3d_flags,val_cold,ransoo kim,545100.0,13.548097669775263,765356.9993532334,0.40406714245685815
T5-E006,cold,cold_no_3d_flags,val_cold,nahyun lee,6085800.0,15.366655742913963,4716868.777939825,0.22493858195474295
T5-E006,cold,cold_no_3d_flags,val_cold,joanna jung,9101100.0,15.008448527006047,3296752.750598691,0.6377632648142871
T5-E006,cold,cold_no_3d_flags,val_cold,joanna jung,7562400.0,14.62977652197392,2257517.964580678,0.7014812804690737
T5-E006,cold,cold_no_3d_flags,val_cold,zinna yoo,3408600.0,15.011409330622099,3306528.2525934246,0.029945358037486172
T5-E006,cold,cold_no_3d_flags,val_cold,joanna jung,7990200.0,14.528603604687671,2040292.2282179543,0.7446506685417194
T5-E006,cold,cold_no_3d_flags,val_cold,sarah soh,3539700.0,14.828644365402097,2754218.6959226574,0.22190617964159184
T5-E006,cold,cold_no_3d_flags,val_cold,seo yeongyeong,3728760.0,14.431798510091676,1852040.4034938412,0.503309302960276
T5-E006,cold,cold_no_3d_flags,val_cold,seo yeongyeong,2455020.0,14.190244924051015,1454604.9708835313,0.40749771045305894
T5-E006,cold,cold_no_3d_flags,val_cold,seo yeongyeong,674820.0,13.552732378224983,768912.4387533137,0.1394333877972107
T5-E006,cold,cold_no_3d_flags,val_cold,seo yeongyeong,2482620.0,14.431798510091676,1852040.4034938412,0.2539976301271072
T5-E006,cold,cold_no_3d_flags,val_cold,seo yeongyeong,2917320.0,14.431798510091676,1852040.4034938412,0.3651569236512137
T5-E006,cold,cold_no_3d_flags,val_cold,seo yeongyeong,2252160.0,14.256377131520962,1554053.33669915,0.3099720549609486
T5-E006,cold,cold_no_3d_flags,val_cold,seo yeongyeong,1123320.0,13.619799631341245,822249.8908791614,0.2680181151593834
T5-E006,cold,cold_no_3d_flags,val_cold,seo yeongyeong,3639060.0,15.00121113574911,3272978.9948233394,0.10059768324145812
T5-E006,cold,cold_no_3d_flags,val_cold,seo yeongyeong,3538320.0,14.824991906646424,2744177.3746505775,0.22444058913535872
T5-E006,cold,cold_no_3d_flags,val_cold,seo yeongyeong,2179020.0,14.249805504248798,1543874.160917261,0.2914823356750921
T5-E006,cold,cold_no_3d_flags,val_cold,seo yeongyeong,4076520.0,14.438668273780255,1864807.2859306226,0.5425492120900616
T5-E006,cold,cold_no_3d_flags,val_cold,seo yeongyeong,819720.0,13.54687177575148,764419.3276421683,0.06746288044433676
T5-E006,cold,cold_no_3d_flags,val_cold,seo yeongyeong,1399320.0,13.54687177575148,764419.3276421683,0.4537208589585168
T5-E006,cold,cold_no_3d_flags,val_cold,seo yeongyeong,3800520.0,14.637114101542808,2274143.603655044,0.4016230400958174
T5-E006,cold,cold_no_3d_flags,val_cold,seo yeongyeong,1468320.0,14.504549689992821,1991800.7559144252,0.3565168055426782
T5-E006,cold,cold_no_3d_flags,val_cold,seo yeongyeong,1268220.0,13.919165486044939,1109217.629011943,0.12537443896804734
T5-E006,cold,cold_no_3d_flags,val_cold,seo yeongyeong,978420.0,13.919165486044939,1109217.629011943,0.1336824973037581
T5-E006,cold,cold_no_3d_flags,val_cold,nahyun lee,7576200.0,15.620614121047458,6080601.141715139,0.19740752069439307
T5-E006,cold,cold_no_3d_flags,val_cold,seo yeongyeong,819720.0,13.561839680878187,775947.1420094752,0.05339976820197732
T5-E006,cold,cold_no_3d_flags,val_cold,seo yeongyeong,327060.0,13.024957374646373,453593.80534081423,0.3868825455293042
T5-E006,cold,cold_no_3d_flags,val_cold,seo yeongyeong,1309620.0,14.256377131520962,1554053.33669915,0.1866444745034056
T5-E006,cold,cold_no_3d_flags,val_cold,seo yeongyeong,1123320.0,13.614612623355171,817995.9163662881,0.27180508103987455
T5-E006,cold,cold_no_3d_flags,val_cold,seo yeongyeong,529920.0,13.024957374646373,453593.80534081423,0.14403342893113258
T5-E006,cold,cold_no_3d_flags,val_cold,seo yeongyeong,5202600.0,15.332734048010536,4559547.973736891,0.12360205017935444
T5-E006,cold,cold_no_3d_flags,val_cold,seo yeongyeong,2760000.0,14.634432229093076,2268052.811592018,0.17824173493042816
T5-E006,cold,cold_no_3d_flags,val_cold,seo yeongyeong,2470200.0,14.437157167177395,1861991.4913464934,0.24621832590620463
T5-E006,cold,cold_no_3d_flags,val_cold,seo yeongyeong,2470200.0,14.437157167177395,1861991.4913464934,0.24621832590620463
T5-E006,cold,cold_no_3d_flags,val_cold,seo yeongyeong,2615100.0,14.437157167177395,1861991.4913464934,0.28798459280849936
T5-E006,cold,cold_no_3d_flags,val_cold,seo yeongyeong,4367700.0,14.51500925994786,2012743.4702181239,0.5391754309549365
T5-E006,cold,cold_no_3d_flags,val_cold,seo yeongyeong,2061720.0,14.6279758071332,2253456.476367191,0.09299831032690711
T5-E006,cold,cold_no_3d_flags,val_cold,seo yeongyeong,2049300.0,14.617632393046296,2230268.1727537997,0.0883073111568827
T5-E006,cold,cold_no_3d_flags,val_cold,seo yeongyeong,1861620.0,14.020347610333005,1227325.058957213,0.34072202761185794
T5-E006,cold,cold_no_3d_flags,val_cold,seo yeongyeong,385020.0,13.024957374646373,453593.80534081423,0.17810452792274228
T5-E006,cold,cold_no_3d_flags,val_cold,seo yeongyeong,2111400.0,13.024957374646373,453593.80534081423,0.7851691743199706
T5-E006,cold,cold_no_3d_flags,val_cold,zinna yoo,5840160.0,15.302553402217814,4423993.718072693,0.24248758286199473
T5-E006,cold,cold_no_3d_flags,val_cold,seo yeongyeong,414000.0,13.024957374646373,453593.80534081423,0.09563721096815031
T5-E006,cold,cold_no_3d_flags,val_cold,seo yeongyeong,529920.0,13.024957374646373,453593.80534081423,0.14403342893113258
T5-E006,cold,cold_no_3d_flags,val_cold,ransoo kim,1642200.0,14.778481724371055,2619467.797481156,0.595096698015562
T5-E006,cold,cold_no_3d_flags,val_cold,seo yeongyeong,442980.0,13.024957374646373,453593.80534081423,0.023960010250607768
T5-E006,cold,cold_no_3d_flags,val_cold,seo yeongyeong,2105880.0,14.431798510091676,1852040.4034938412,0.12053849056269057
T5-E006,cold,cold_no_3d_flags,val_cold,seo yeongyeong,819720.0,13.024957374646373,453593.80534081423,0.44664787324840893
T5-E006,cold,cold_no_3d_flags,val_cold,seo yeongyeong,964620.0,13.024957374646373,453593.80534081423,0.5297694373527252
T5-E006,cold,cold_no_3d_flags,val_cold,ransoo kim,3581100.0,15.134750302396512,3740576.501869523,0.044532825631655906
T5-E006,cold,cold_no_3d_flags,val_cold,ransoo kim,6230700.0,15.425185798263195,5001186.780146532,0.19733147477064666
T5-E006,cold,cold_no_3d_flags,val_cold,ransoo kim,6085800.0,15.425185798263195,5001186.780146532,0.17822031940804303
T5-E006,cold,cold_no_3d_flags,val_cold,ransoo kim,3118800.0,14.926909027789272,3038604.821646613,0.02571347260272763
T5-E006,cold,cold_no_3d_flags,val_cold,ransoo kim,1573200.0,14.03749540015515,1248552.4524010944,0.20636126849663464
T5-E006,cold,cold_no_3d_flags,val_cold,ransoo kim,3091200.0,14.777021519656989,2615645.6295079114,0.15384134656188167
T5-E006,cold,cold_no_3d_flags,val_cold,seo yeongyeong,964620.0,13.024957374646373,453593.80534081423,0.5297694373527252
T5-E006,cold,cold_no_3d_flags,val_cold,seo yeongyeong,964620.0,13.024957374646373,453593.80534081423,0.5297694373527252
T5-E006,cold,cold_no_3d_flags,val_cold,seo yeongyeong,964620.0,13.024957374646373,453593.80534081423,0.5297694373527252
T5-E006,cold,cold_no_3d_flags,val_cold,seo yeongyeong,1109520.0,13.024957374646373,453593.80534081423,0.591180145161138
T5-E006,cold,cold_no_3d_flags,val_cold,seo yeongyeong,1242000.0,13.024957374646373,453593.80534081423,0.63478759634395
T5-E006,cold,cold_no_3d_flags,val_cold,seo yeongyeong,819720.0,13.024957374646373,453593.80534081423,0.44664787324840893
T5-E006,cold,cold_no_3d_flags,val_cold,joanna jung,545100.0,13.545485399952684,763360.289468266,0.40040412670751413
T5-E006,cold,cold_no_3d_flags,val_cold,gwanhee lee,7210500.0,16.28721310756474,11842592.298254926,0.6424093056313607
T5-E006,cold,cold_no_3d_flags,val_cold,nahyun lee,9218400.0,15.461004237895267,5183568.299023292,0.4376932765964493
T5-E006,cold,cold_no_3d_flags,val_cold,zinna yoo,4462920.0,15.35676260653351,4670434.222254969,0.04649741027286377
T5-E006,cold,cold_no_3d_flags,val_cold,seo yeongyeong,2731020.0,14.020347610333005,1227325.058957213,0.5505982896656879
T5-E006,cold,cold_no_3d_flags,val_cold,seo yeongyeong,1399320.0,13.024957374646373,453593.80534081423,0.6758469790035059
T5-E006,cold,cold_no_3d_flags,val_cold,seo yeongyeong,1399320.0,13.024957374646373,453593.80534081423,0.6758469790035059
T5-E006,cold,cold_no_3d_flags,val_cold,seo yeongyeong,1399320.0,13.024957374646373,453593.80534081423,0.6758469790035059
T5-E006,cold,cold_no_3d_flags,val_cold,seo yeongyeong,1399320.0,13.024957374646373,453593.80534081423,0.6758469790035059
T5-E006,cold,cold_no_3d_flags,val_cold,seo yeongyeong,1254420.0,13.024957374646373,453593.80534081423,0.6384035607365841
T5-E006,cold,cold_no_3d_flags,val_cold,seo yeongyeong,1254420.0,13.024957374646373,453593.80534081423,0.6384035607365841
T5-E006,cold,cold_no_3d_flags,val_cold,seo yeongyeong,1254420.0,13.024957374646373,453593.80534081423,0.6384035607365841
T5-E006,cold,cold_no_3d_flags,val_cold,seo yeongyeong,964620.0,13.024957374646373,453593.80534081423,0.5297694373527252
T5-E006,cold,cold_no_3d_flags,val_cold,seo yeongyeong,964620.0,13.024957374646373,453593.80534081423,0.5297694373527252
T5-E006,cold,cold_no_3d_flags,val_cold,seo yeongyeong,2282520.0,13.760134808949449,946129.5738990773,0.5854890323418515
T5-E006,cold,cold_no_3d_flags,val_cold,seo yeongyeong,2427420.0,13.760134808949449,946129.5738990773,0.6102324385977387
T5-E006,cold,cold_no_3d_flags,val_cold,seo yeongyeong,1254420.0,13.024957374646373,453593.80534081423,0.6384035607365841
T5-E006,cold,cold_no_3d_flags,val_cold,seo yeongyeong,1254420.0,13.024957374646373,453593.80534081423,0.6384035607365841
T5-E006,cold,cold_no_3d_flags,val_cold,seo yeongyeong,1109520.0,13.024957374646373,453593.80534081423,0.591180145161138
T5-E006,cold,cold_no_3d_flags,val_cold,seo yeongyeong,1254420.0,13.024957374646373,453593.80534081423,0.6384035607365841
T5-E006,cold,cold_no_3d_flags,val_cold,seo yeongyeong,1254420.0,13.024957374646373,453593.80534081423,0.6384035607365841
T5-E006,cold,cold_no_3d_flags,val_cold,seo yeongyeong,1254420.0,13.024957374646373,453593.80534081423,0.6384035607365841
T5-E006,cold,cold_no_3d_flags,val_cold,seo yeongyeong,1109520.0,13.024957374646373,453593.80534081423,0.591180145161138
T5-E006,cold,cold_no_3d_flags,val_cold,seo yeongyeong,1399320.0,13.024957374646373,453593.80534081423,0.6758469790035059
T5-E006,cold,cold_no_3d_flags,val_cold,seo yeongyeong,1254420.0,13.387828522157088,652018.700442065,0.48022297122011365
T5-E006,cold,cold_no_3d_flags,val_cold,seo yeongyeong,964620.0,13.024957374646373,453593.80534081423,0.5297694373527252
T5-E006,cold,cold_no_3d_flags,val_cold,seo yeongyeong,964620.0,13.024957374646373,453593.80534081423,0.5297694373527252
T5-E006,cold,cold_no_3d_flags,val_cold,seo yeongyeong,1399320.0,13.387828522157088,652018.700442065,0.5340460363304569
T5-E006,cold,cold_no_3d_flags,val_cold,seo yeongyeong,1109520.0,13.024957374646373,453593.80534081423,0.591180145161138
T5-E006,cold,cold_no_3d_flags,val_cold,seo yeongyeong,1109520.0,13.024957374646373,453593.80534081423,0.591180145161138
T5-E006,cold,cold_no_3d_flags,val_cold,seo yeongyeong,1109520.0,13.024957374646373,453593.80534081423,0.591180145161138
T5-E006,cold,cold_no_3d_flags,val_cold,seo yeongyeong,1254420.0,13.024957374646373,453593.80534081423,0.6384035607365841
T5-E006,cold,cold_no_3d_flags,val_cold,seo yeongyeong,1109520.0,13.024957374646373,453593.80534081423,0.591180145161138
T5-E006,cold,cold_no_3d_flags,val_cold,seo yeongyeong,964620.0,13.024957374646373,453593.80534081423,0.5297694373527252
T5-E006,cold,cold_no_3d_flags,val_cold,seo yeongyeong,1109520.0,13.387828522157088,652018.700442065,0.4123416428346807
T5-E006,cold,cold_no_3d_flags,val_cold,seo yeongyeong,964620.0,13.024957374646373,453593.80534081423,0.5297694373527252
T5-E006,cold,cold_no_3d_flags,val_cold,seo yeongyeong,1109520.0,13.024957374646373,453593.80534081423,0.591180145161138
T5-E006,cold,cold_no_3d_flags,val_cold,seo yeongyeong,1109520.0,13.024957374646373,453593.80534081423,0.591180145161138
T5-E006,cold,cold_no_3d_flags,val_cold,seo yeongyeong,964620.0,13.024957374646373,453593.80534081423,0.5297694373527252
T5-E006,cold,cold_no_3d_flags,val_cold,lee mong,6648840.0,16.287383443613763,11844609.690449642,0.7814550644096778
T5-E006,cold,cold_no_3d_flags,val_cold,seo yeongyeong,3062220.0,14.431798510091676,1852040.4034938412,0.3951968168538377
T5-E006,cold,cold_no_3d_flags,val_cold,seo yeongyeong,3339600.0,14.431798510091676,1852040.4034938412,0.4454304696688702
T5-E006,cold,cold_no_3d_flags,val_cold,seo yeongyeong,4962480.0,14.020347610333005,1227325.058957213,0.7526790921157943
T5-E006,cold,cold_no_3d_flags,val_cold,ransoo kim,1945800.0,14.80096387062987,2679026.0456408784,0.37682497977226764
T5-E006,cold,cold_no_3d_flags,val_cold,ransoo kim,3105000.0,14.905817816510265,2975188.0841017156,0.041807380321508665
T5-E006,cold,cold_no_3d_flags,val_cold,ransoo kim,5361300.0,15.422431730301149,4987432.121189866,0.06973455669522947
T5-E006,cold,cold_no_3d_flags,val_cold,ransoo kim,1945800.0,14.80096387062987,2679026.0456408784,0.37682497977226764
T5-E006,cold,cold_no_3d_flags,val_cold,ransoo kim,1932000.0,14.761333934548908,2574932.6452384274,0.33278087227661873
T5-E006,cold,cold_no_3d_flags,val_cold,ransoo kim,3118800.0,14.996688870529752,3258211.1330132526,0.04470024785598712
T5-E006,cold,cold_no_3d_flags,val_cold,ransoo kim,4636800.0,15.33169544446993,4554814.869402724,0.017681403251655382
T5-E006,cold,cold_no_3d_flags,val_cold,ransoo kim,3898500.0,15.257262481605583,4228096.634721986,0.08454447472668616
T5-E006,cold,cold_no_3d_flags,val_cold,ransoo kim,3105000.0,14.905817816510265,2975188.0841017156,0.041807380321508665
T5-E006,cold,cold_no_3d_flags,val_cold,seo yeongyeong,2704800.0,13.619799631341245,822249.8908791614,0.696003441703948
T5-E006,cold,cold_no_3d_flags,val_cold,lee mong,960480.0,14.826969160876986,2749608.6787390225,1.8627443348523889
T5-E006,cold,cold_no_3d_flags,val_cold,seo yeongyeong,3588000.0,14.020347610333005,1227325.058957213,0.6579361597109217
T5-E006,cold,cold_no_3d_flags,val_cold,seo yeongyeong,4409100.0,14.919261981878323,3015457.0897558206,0.3160833073062937
T5-E006,cold,cold_no_3d_flags,val_cold,seo yeongyeong,4345620.0,15.32783774143933,4537277.594824808,0.04410362498902521
T5-E006,cold,cold_no_3d_flags,val_cold,zinna yoo,818340.0,13.204471457649161,542786.5662496237,0.3367224304694581
T5-E006,cold,cold_no_3d_flags,val_cold,zinna yoo,818340.0,13.204471457649161,542786.5662496237,0.3367224304694581
T5-E006,cold,cold_no_3d_flags,val_cold,zinna yoo,1571820.0,14.516644808594295,2016038.1036086178,0.2826138512098191
T5-E006,cold,cold_no_3d_flags,val_cold,zinna yoo,3018060.0,14.919119482303442,3015027.419017134,0.0010048113632155197
T5-E006,cold,cold_no_3d_flags,val_cold,zinna yoo,1614600.0,14.443704859579135,1874223.2400503017,0.16079725012405652
T5-E006,cold,cold_no_3d_flags,val_cold,zinna yoo,1556640.0,14.435118130105977,1858198.6898145394,0.1937241043623056
T5-E006,cold,cold_no_3d_flags,val_cold,zinna yoo,1556640.0,14.435118130105977,1858198.6898145394,0.1937241043623056
T5-E006,cold,cold_no_3d_flags,val_cold,zinna yoo,16744920.0,16.294115771845462,11924620.518036526,0.2878663786965524
T5-E006,cold,cold_no_3d_flags,val_cold,zinna yoo,1614600.0,14.443704859579135,1874223.2400503017,0.16079725012405652
T5-E006,cold,cold_no_3d_flags,val_cold,taerin kim,4305600.0,15.147484512525633,3788514.3666711194,0.12009606868470844
T5-E006,cold,cold_no_3d_flags,val_cold,taerin kim,4347000.0,15.35676260653351,4670434.222254969,0.07440400788014014
T5-E006,cold,cold_no_3d_flags,val_cold,taerin kim,5375100.0,15.513704961293959,5464072.568200264,0.016552727986505204
T5-E006,cold,cold_no_3d_flags,val_cold,taerin kim,4347000.0,15.35676260653351,4670434.222254969,0.07440400788014014
T5-E006,cold,cold_no_3d_flags,val_cold,taerin kim,1773300.0,14.394780963707422,1784735.8226139713,0.006448893370535898
T5-E006,cold,cold_no_3d_flags,val_cold,taerin kim,1773300.0,14.394780963707422,1784735.8226139713,0.006448893370535898
T5-E006,cold,cold_no_3d_flags,val_cold,taerin kim,1773300.0,14.394780963707422,1784735.8226139713,0.006448893370535898
T5-E006,cold,cold_no_3d_flags,val_cold,taerin kim,2829000.0,15.022534625586085,3343519.743793293,0.18187336295273698
T5-E006,cold,cold_no_3d_flags,val_cold,taerin kim,6186540.0,15.521961701498196,5509374.762710252,0.1094578289786776
T5-E006,cold,cold_no_3d_flags,val_cold,ransoo kim,1800900.0,14.818111660452015,2725361.5616496056,0.5133330899270396
T5-E006,cold,cold_no_3d_flags,val_cold,ransoo kim,3118800.0,15.013836660351899,3314564.0357254953,0.06276902517811188
T5-E006,cold,cold_no_3d_flags,val_cold,ransoo kim,674820.0,13.938013407757452,1130322.3412543186,0.6749982828818331
T5-E006,cold,cold_no_3d_flags,val_cold,zinna yoo,2718600.0,15.343944358278303,4610949.496406086,0.6960750005172095
T5-E006,cold,cold_no_3d_flags,val_cold,sarah soh,4581600.0,15.03341634316136,3380101.6574019957,0.262244268944911
T5-E006,cold,cold_no_3d_flags,val_cold,zinna yoo,5658000.0,15.311410902642786,4463353.300740331,0.2111429302332394
T5-E006,cold,cold_no_3d_flags,val_cold,zinna yoo,1062600.0,14.245816744272492,1537728.282820541,0.44713747677445975
T5-E006,cold,cold_no_3d_flags,val_cold,zinna yoo,1542840.0,14.525502309019265,2033974.48043391,0.31833144100095273
T5-E006,cold,cold_no_3d_flags,val_cold,gwanhee lee,1587000.0,14.800966289354003,2679032.525473664,0.688111232182523
T5-E006,cold,cold_no_3d_flags,val_cold,gwanhee lee,1407600.0,14.50416534105209,1991035.3565033912,0.4144894547480756
T5-E006,cold,cold_no_3d_flags,val_cold,gwanhee lee,2359800.0,15.333880145318414,4564776.655111212,0.9343913277020138
T5-E006,cold,cold_no_3d_flags,val_cold,gwanhee lee,6900000.0,16.270065317742592,11641249.242440877,0.6871375713682432
T5-E006,cold,cold_no_3d_flags,val_cold,hagley art,833520.0,13.334940021344938,618430.4539132483,0.2580496521820133
T5-E006,cold,cold_no_3d_flags,val_cold,artist aeun,234600.0,13.012855447467215,448137.5284645452,0.9102196439238927
T5-E006,cold,cold_no_3d_flags,val_cold,artist aeun,317400.0,13.19408402268952,537177.5879776474,0.6924309640127518
T5-E006,cold,cold_no_3d_flags,val_cold,artist aeun,234600.0,12.46745729010886,259745.42354334943,0.10718424357778956
T5-E006,cold,cold_no_3d_flags,val_cold,artist aeun,303600.0,12.859629735952762,384473.34277969366,0.2663812344522189
T5-E006,cold,cold_no_3d_flags,val_cold,zinna yoo,1131600.0,14.456164108882133,1897720.7312333742,0.6770243294745265
T5-E006,cold,cold_no_3d_flags,val_cold,zinna yoo,593400.0,13.637116257451448,836612.4817143603,0.40986262506633014
T5-E006,cold,cold_no_3d_flags,val_cold,zinna yoo,510600.0,13.359600807124728,633871.0408464877,0.24142389511650555
T5-E006,cold,cold_no_3d_flags,val_cold,zinna yoo,4319400.0,15.356930120253029,4671216.649595139,0.08145035180699602
T5-E006,cold,cold_no_3d_flags,val_cold,zinna yoo,10170600.0,15.913484835836172,8149644.265309739,0.19870565499481457
T5-E006,cold,cold_no_3d_flags,val_cold,zinna yoo,1076400.0,14.411674339007615,1815142.1442534672,0.6863081979315006
T5-E006,cold,cold_no_3d_flags,val_cold,zinna yoo,993600.0,14.36823345674801,1737978.9215604716,0.7491736328104586
T5-E006,cold,cold_no_3d_flags,val_cold,zinna yoo,1104000.0,14.395492483325247,1786006.1490418906,0.617759192972727
T5-E006,cold,cold_no_3d_flags,val_cold,zinna yoo,1301340.0,14.525577733463962,2034127.8976152546,0.5631025693633137
T5-E006,cold,cold_no_3d_flags,val_cold,zinna yoo,1104000.0,14.525577733463962,2034127.8976152546,0.842507153637006
T5-E006,cold,cold_no_3d_flags,val_cold,zinna yoo,1104000.0,14.448784810247865,1883768.4256611252,0.706311979765512
T5-E006,cold,cold_no_3d_flags,val_cold,zinna yoo,1304100.0,14.359735281487142,1723271.8522224522,0.32142615767383803
T5-E006,cold,cold_no_3d_flags,val_cold,zinna yoo,1304100.0,14.316362226029737,1650126.0320655194,0.2653370386209028
T5-E006,cold,cold_no_3d_flags,val_cold,zinna yoo,6030600.0,15.635783862295156,6173545.476052775,0.023703358878515414
T5-E006,cold,cold_no_3d_flags,val_cold,zinna yoo,6527400.0,15.635783862295156,6173545.476052775,0.05421063883739696
T5-E006,cold,cold_no_3d_flags,val_cold,zinna yoo,1214400.0,14.222476553090399,1502253.0208688858,0.23703311995132229
T5-E006,cold,cold_no_3d_flags,val_cold,zinna yoo,1849200.0,14.863384419331219,2851581.8100027684,0.542062410773723
T5-E006,cold,cold_no_3d_flags,val_cold,zinna yoo,2635800.0,14.85165237738606,2818322.414396558,0.06924744456960238
T5-E006,cold,cold_no_3d_flags,val_cold,zinna yoo,2387400.0,14.722500952983902,2476856.943788408,0.037470446422219916
T5-E006,cold,cold_no_3d_flags,val_cold,zinna yoo,1324800.0,14.385669048760498,1768547.3276966705,0.33495420266958825
T5-E006,cold,cold_no_3d_flags,val_cold,zinna yoo,1214400.0,14.448784810247865,1883768.4256611252,0.5511927088777382
T5-E006,cold,cold_no_3d_flags,val_cold,zinna yoo,1021200.0,14.155503718404663,1404937.9813736593,0.3757716229667639
T5-E006,cold,cold_no_3d_flags,val_cold,zinna yoo,966000.0,14.173257536032587,1430103.7270908046,0.4804386408807501
T5-E006,cold,cold_no_3d_flags,val_cold,zinna yoo,1228200.0,14.330915697178053,1674316.6957565052,0.3632280538646029
T5-E006,cold,cold_no_3d_flags,val_cold,zinna yoo,2208000.0,14.928884206050544,3044612.5390381487,0.3789006064484369
T5-E006,cold,cold_no_3d_flags,val_cold,zinna yoo,676200.0,13.560610049199012,774993.5991956664,0.1461011523153895
T5-E006,cold,cold_no_3d_flags,val_cold,zinna yoo,841800.0,14.03267344031821,1242546.474550518,0.476059009919836
T5-E006,cold,cold_no_3d_flags,val_cold,zinna yoo,1145400.0,14.395492483325247,1786006.1490418906,0.5592859691303393
T5-E006,cold,cold_no_3d_flags,val_cold,zinna yoo,2194200.0,14.849652692426213,2812692.2885675784,0.2818759860393667
T5-E006,cold,cold_no_3d_flags,val_cold,zinna yoo,2626140.0,14.928884206050544,3044612.5390381487,0.15934890715580613
T5-E006,cold,cold_no_3d_flags,val_cold,zinna yoo,1269600.0,14.4529357098223,1891604.0103295008,0.4899212431706843
T5-E006,cold,cold_no_3d_flags,val_cold,zinna yoo,1380000.0,14.4529357098223,1891604.0103295008,0.37072754371702954
T5-E006,cold,cold_no_3d_flags,val_cold,zinna yoo,2628900.0,14.8802649057655,2900126.474103313,0.10317108832717599
T5-E006,cold,cold_no_3d_flags,val_cold,zinna yoo,1849200.0,14.783189915566103,2631829.8312744736,0.42322616876188274
T5-E006,cold,cold_no_3d_flags,val_cold,zinna yoo,1269600.0,14.301687675113085,1626087.9787737792,0.28078763293460873
T5-E006,cold,cold_no_3d_flags,val_cold,zinna yoo,2249400.0,14.889389709578335,2926710.662509545,0.30110725638372243
T5-E006,cold,cold_no_3d_flags,val_cold,zinna yoo,1242000.0,14.316362226029737,1650126.0320655194,0.32860389055194794
T5-E006,cold,cold_no_3d_flags,val_cold,zinna yoo,2263200.0,14.928884206050544,3044612.5390381487,0.34526888433993846
T5-E006,cold,cold_no_3d_flags,val_cold,zinna yoo,1214400.0,14.448784810247865,1883768.4256611252,0.5511927088777382
T5-E006,cold,cold_no_3d_flags,val_cold,zinna yoo,1283400.0,14.525577733463962,2034127.8976152546,0.5849523902253815
T5-E006,cold,cold_no_3d_flags,val_cold,zinna yoo,1283400.0,14.525577733463962,2034127.8976152546,0.5849523902253815
T5-E006,cold,cold_no_3d_flags,val_cold,zinna yoo,1228200.0,14.30254272476024,1627478.9593202395,0.3250927856377133
T5-E006,cold,cold_no_3d_flags,val_cold,zinna yoo,1228200.0,14.30254272476024,1627478.9593202395,0.3250927856377133
T5-E006,cold,cold_no_3d_flags,val_cold,zinna yoo,1228200.0,14.30254272476024,1627478.9593202395,0.3250927856377133
T5-E006,cold,cold_no_3d_flags,val_cold,zinna yoo,1228200.0,14.30254272476024,1627478.9593202395,0.3250927856377133
T5-E006,cold,cold_no_3d_flags,val_cold,zinna yoo,1324800.0,14.30254272476024,1627478.9593202395,0.2284714366849634
T5-E006,cold,cold_no_3d_flags,val_cold,zinna yoo,621000.0,13.339298694984313,621131.8734567794,0.00021235661317133938
T5-E006,cold,cold_no_3d_flags,val_cold,zinna yoo,993600.0,14.088299546009235,1313623.0254146862,0.32208436535294505
T5-E006,cold,cold_no_3d_flags,val_cold,zinna yoo,1752600.0,14.629564360272155,2257039.0565323187,0.28782326630852373
T5-E006,cold,cold_no_3d_flags,val_cold,zinna yoo,1407600.0,14.53288002675989,2049036.0617724461,0.4556948435439373
T5-E006,cold,cold_no_3d_flags,val_cold,zinna yoo,1614600.0,14.447579242295259,1881498.7831960167,0.16530334646105332
T5-E006,cold,cold_no_3d_flags,val_cold,zinna yoo,1380000.0,14.443704859579135,1874223.2400503017,0.35813278264514614
T5-E006,cold,cold_no_3d_flags,val_cold,zinna yoo,3933000.0,15.345991825014586,4620399.933549056,0.1747775066232026
T5-E006,cold,cold_no_3d_flags,val_cold,zinna yoo,1255800.0,14.4529357098223,1891604.0103295008,0.5062940040846479
T5-E006,cold,cold_no_3d_flags,val_cold,zinna yoo,779700.0,14.038487691050525,1249791.994523483,0.6029139342355817
T5-E006,cold,cold_no_3d_flags,val_cold,zinna yoo,6610200.0,15.717236351864514,6697442.880371124,0.013198220987432082
T5-E006,cold,cold_no_3d_flags,val_cold,zinna yoo,1021200.0,14.386576033414503,1770152.1006249727,0.7334039371572393
T5-E006,cold,cold_no_3d_flags,val_cold,zinna yoo,931500.0,14.253871630508216,1550164.5282313116,0.6641594505972213
T5-E006,cold,cold_no_3d_flags,val_cold,zinna yoo,1255800.0,14.517792006306552,2018352.2250325077,0.607224259462102
T5-E006,cold,cold_no_3d_flags,val_cold,zinna yoo,2194200.0,14.849652692426213,2812692.2885675784,0.2818759860393667
T5-E006,cold,cold_no_3d_flags,val_cold,zinna yoo,1214400.0,14.525577733463962,2034127.8976152546,0.6750065033063691
T5-E006,cold,cold_no_3d_flags,val_cold,zinna yoo,3339600.0,15.280200545712285,4326201.856808669,0.2954251577460381
T5-E006,cold,cold_no_3d_flags,val_cold,zinna yoo,3132600.0,15.148380231667309,3791909.331748478,0.21046713009911194
T5-E006,cold,cold_no_3d_flags,val_cold,zinna yoo,945300.0,14.253871630508216,1550164.5282313116,0.6398651520483567
T5-E006,cold,cold_no_3d_flags,val_cold,zinna yoo,2346000.0,15.037455909154382,3393783.4166899524,0.4466254973102951
T5-E006,cold,cold_no_3d_flags,val_cold,zinna yoo,1242000.0,14.517792006306552,2018352.2250325077,0.6250823067894586
T5-E006,cold,cold_no_3d_flags,val_cold,zinna yoo,1255800.0,14.739746279355987,2519941.586745337,1.0066424484355287
T5-E006,cold,cold_no_3d_flags,val_cold,zinna yoo,945300.0,14.253871630508216,1550164.5282313116,0.6398651520483567
T5-E006,cold,cold_no_3d_flags,val_cold,gwanhee lee,1807800.0,15.345719241081865,4619140.658401306,1.5551170806512367
T5-E006,cold,cold_no_3d_flags,val_cold,zinna yoo,1214400.0,14.311493291060671,1642111.2033980552,0.35219960754121804
T5-E006,cold,cold_no_3d_flags,val_cold,zinna yoo,703800.0,14.027313811678118,1235904.7014964924,0.7560453275028309
T5-E006,cold,cold_no_3d_flags,val_cold,zinna yoo,3036000.0,15.280200545712285,4326201.856808669,0.42496767352064196
T5-E006,cold,cold_no_3d_flags,val_cold,zinna yoo,703800.0,14.027313811678118,1235904.7014964924,0.7560453275028309
T5-E006,cold,cold_no_3d_flags,val_cold,zinna yoo,2346000.0,15.037455909154382,3393783.4166899524,0.4466254973102951
T5-E006,cold,cold_no_3d_flags,val_cold,zinna yoo,1214400.0,14.4529357098223,1891604.0103295008,0.557644936042079
T5-E006,cold,cold_no_3d_flags,val_cold,zinna yoo,5188800.0,15.652931652117303,6280321.002069675,0.21036097017994052
T5-E006,cold,cold_no_3d_flags,val_cold,zinna yoo,9591000.0,16.199886853245232,10852291.92798181,0.13150786445436458
T5-E006,cold,cold_no_3d_flags,val_cold,zinna yoo,945300.0,14.253871630508216,1550164.5282313116,0.6398651520483567
T5-E006,cold,cold_no_3d_flags,val_cold,zinna yoo,11109000.0,16.199886853245232,10852291.92798181,0.02310811702387158
T5-E006,cold,cold_no_3d_flags,val_cold,zinna yoo,1214400.0,14.4529357098223,1891604.0103295008,0.557644936042079
T5-E006,cold,cold_no_3d_flags,val_cold,zinna yoo,814200.0,14.027313811678118,1235904.7014964924,0.5179374864854979
T5-E006,cold,cold_no_3d_flags,val_cold,zinna yoo,3988200.0,15.346025718040856,4620556.535539224,0.15855687667098536
T5-E006,cold,cold_no_3d_flags,val_cold,eunju park,4733400.0,15.462230584546287,5189929.050092843,0.09644844088664456
T5-E006,cold,cold_no_3d_flags,val_cold,eunju park,3919200.0,16.25990028989799,11523515.019339891,1.9402722543733137
T5-E006,cold,cold_no_3d_flags,val_cold,eunju park,1766400.0,15.325001786764414,4524428.309825149,1.5613837804716653
T5-E006,cold,cold_no_3d_flags,val_cold,zinna yoo,1232340.0,14.525577733463962,2034127.8976152546,0.6506223100891431
T5-E006,cold,cold_no_3d_flags,val_cold,zinna yoo,3988200.0,15.274982069849278,4303684.48113148,0.07910447849442859
T5-E006,cold,cold_no_3d_flags,val_cold,zinna yoo,1232340.0,14.516720233038992,2016190.1678976805,0.636066481569762
T5-E006,cold,cold_no_3d_flags,val_cold,zinna yoo,1214400.0,14.512760059710272,2008221.4944475482,0.6536738261261101
T5-E006,cold,cold_no_3d_flags,val_cold,zinna yoo,1610460.0,14.774332415141133,2608621.3337992677,0.6197988983267313
T5-E006,cold,cold_no_3d_flags,val_cold,gwanhee lee,1863000.0,15.346243508856448,4621562.959906601,1.4807101234066566
T5-E006,cold,cold_no_3d_flags,val_cold,zinna yoo,1221300.0,14.444078209397329,1874923.1115965566,0.5351863682932585
T5-E006,cold,cold_no_3d_flags,val_cold,hyeong gil choi,10819200.0,15.742869797002527,6871340.693165799,0.364893828271425
T5-E006,cold,cold_no_3d_flags,val_cold,zinna yoo,11136600.0,16.163230299889406,10461687.159247834,0.060603132082697214
T5-E006,cold,cold_no_3d_flags,val_cold,zinna yoo,2311500.0,14.849652692426213,2812692.2885675784,0.21682556286721974
T5-E006,cold,cold_no_3d_flags,val_cold,zinna yoo,1745700.0,14.780241135101873,2624080.5739273517,0.5031681124633968
T5-E006,cold,cold_no_3d_flags,val_cold,zinna yoo,1745700.0,14.783189915566103,2631829.8312744736,0.5076071669098204
T5-E006,cold,cold_no_3d_flags,val_cold,zinna yoo,1596660.0,14.722571933719935,2477032.7591570066,0.5513839885492257
T5-E006,cold,cold_no_3d_flags,val_cold,zinna yoo,6313500.0,15.741476061015824,6861770.529055067,0.08684098028907379
T5-E006,cold,cold_no_3d_flags,val_cold,zinna yoo,10267200.0,15.997522417220667,8864121.696920386,0.1366563720468691
T5-E006,cold,cold_no_3d_flags,val_cold,zinna yoo,5119800.0,15.648383677637131,6251823.115376696,0.221106901710359
T5-E006,cold,cold_no_3d_flags,val_cold,zinna yoo,1938900.0,14.834949692813058,2771639.811763669,0.42949085139185567
T5-E006,cold,cold_no_3d_flags,val_cold,zinna yoo,1304100.0,14.435118130105977,1858198.6898145394,0.4248897245721489
T5-E006,cold,cold_no_3d_flags,val_cold,zinna yoo,1007400.0,14.509015828823218,2000716.3088419663,0.9860197625987357
T5-E006,cold,cold_no_3d_flags,val_cold,zinna yoo,1725000.0,14.822935175488839,2738539.139696489,0.5875589215631821
T5-E006,cold,cold_no_3d_flags,val_cold,zinna yoo,1952700.0,14.822935175488839,2738539.139696489,0.40243720986146825
T5-E006,cold,cold_no_3d_flags,val_cold,zinna yoo,1110900.0,14.516644808594295,2016038.1036086178,0.8147791012769986
T5-E006,cold,cold_no_3d_flags,val_cold,zinna yoo,9108000.0,16.19126810910652,10759160.714090703,0.18128685925457874
T5-E006,cold,cold_no_3d_flags,val_cold,zinna yoo,1104000.0,14.509015828823218,2000716.3088419663,0.8122430333713463
T5-E006,cold,cold_no_3d_flags,val_cold,zinna yoo,1007400.0,14.435118130105977,1858198.6898145394,0.8445490270146311
T5-E006,cold,cold_no_3d_flags,val_cold,zinna yoo,2628900.0,14.834055944641076,2769163.7703920547,0.053354547678517515
T5-E006,cold,cold_no_3d_flags,val_cold,gwanhee lee,2152800.0,15.346025718040856,4620556.535539224,1.1463008804994537
T5-E006,cold,cold_no_3d_flags,val_cold,zinna yoo,4057200.0,15.269218839602035,4278952.692506493,0.05465658397576976
T5-E006,cold,cold_no_3d_flags,val_cold,zinna yoo,730020.0,14.030670890883442,1240060.7035805644,0.698666753760944
T5-E006,cold,cold_no_3d_flags,val_cold,zinna yoo,730020.0,14.030670890883442,1240060.7035805644,0.698666753760944
T5-E006,cold,cold_no_3d_flags,val_cold,sarah soh,2380500.0,14.923357736354916,3027832.988651131,0.27193152222269723
T5-E006,cold,cold_no_3d_flags,val_cold,gwanhee lee,993600.0,14.521944721688184,2026751.2947657977,1.0398060535082505
T5-E006,cold,cold_no_3d_flags,val_cold,sarah soh,13703400.0,15.969273478559346,8617223.392911384,0.37116165382960553
T5-E006,cold,cold_no_3d_flags,val_cold,zinna yoo,2635800.0,14.834055944641076,2769163.7703920547,0.050597075040615634
T5-E006,cold,cold_no_3d_flags,val_cold,seo yeongyeong,841800.0,14.418105399684004,1826853.0499297858,1.1701746851149748
T5-E006,cold,cold_no_3d_flags,val_cold,seo yeongyeong,441600.0,14.448156260100586,1882584.7547769595,3.263099535273912
T5-E006,cold,cold_no_3d_flags,val_cold,zinna yoo,7134600.0,15.736357474467104,6826737.698500366,0.043150604308529426
T5-E006,cold,cold_no_3d_flags,val_cold,zinna yoo,1338600.0,14.508524836956148,1999734.2145259022,0.49389975685485
T5-E006,cold,cold_no_3d_flags,val_cold,zinna yoo,1304100.0,14.516644808594295,2016038.1036086178,0.5459229381248507
T5-E006,cold,cold_no_3d_flags,val_cold,zinna yoo,1076400.0,14.24945711113095,1543336.3794698906,0.43379448111286756
T5-E006,cold,cold_no_3d_flags,val_cold,zinna yoo,1304100.0,14.516644808594295,2016038.1036086178,0.5459229381248507
T5-E006,cold,cold_no_3d_flags,val_cold,zinna yoo,1062600.0,14.245816744272492,1537728.282820541,0.44713747677445975
T5-E006,cold,cold_no_3d_flags,val_cold,zinna yoo,1062600.0,14.245816744272492,1537728.282820541,0.44713747677445975
T5-E006,cold,cold_no_3d_flags,val_cold,zinna yoo,7838400.0,15.741476061015824,6861770.529055067,0.12459551323547315
T5-E006,cold,cold_no_3d_flags,val_cold,zinna yoo,1407600.0,14.516644808594295,2016038.1036086178,0.4322521338509646
T5-E006,cold,cold_no_3d_flags,val_cold,zinna yoo,2842800.0,15.01754966192101,3326893.893416198,0.17028770698473264
T5-E006,cold,cold_no_3d_flags,val_cold,zinna yoo,4981800.0,15.343944358278303,4610949.496406086,0.07444106619974993
T5-E006,cold,cold_no_3d_flags,val_cold,zinna yoo,2249400.0,14.620764541240666,2237264.654473014,0.005394925547695308
T5-E006,cold,cold_no_3d_flags,val_cold,zinna yoo,1973400.0,14.620764541240666,2237264.654473014,0.13371067927080885
T5-E006,cold,cold_no_3d_flags,val_cold,zinna yoo,1407600.0,14.508524836956148,1999734.2145259022,0.42066937661686715
T5-E006,cold,cold_no_3d_flags,val_cold,sarah soh,2001000.0,14.913710246198754,2998762.45402267,0.4986319110558072
T5-E006,cold,cold_no_3d_flags,val_cold,zinna yoo,1338600.0,14.508524836956148,1999734.2145259022,0.49389975685485
T5-E006,cold,cold_no_3d_flags,val_cold,sarah soh,1518000.0,14.201956767511243,1471741.2293097011,0.030473498478457754
T5-E006,cold,cold_no_3d_flags,val_cold,zinna yoo,1338600.0,14.513096968650508,2008898.1962100372,0.5007457016360655
T5-E006,cold,cold_no_3d_flags,val_cold,zinna yoo,1407600.0,14.513096968650508,2008898.1962100372,0.4271797358695917
T5-E006,cold,cold_no_3d_flags,val_cold,zinna yoo,2691000.0,14.925440885566546,3034146.9907753556,0.12751653317553163
T5-E006,cold,cold_no_3d_flags,val_cold,zinna yoo,4043400.0,15.134141000812763,3738298.056883358,0.07545677971920713
T5-E006,cold,cold_no_3d_flags,val_cold,zinna yoo,1407600.0,14.525502309019265,2033974.48043391,0.44499465788143644
T5-E006,cold,cold_no_3d_flags,val_cold,geum sahong,42228000.0,16.31877179119321,12222288.76962576,0.7105643466509008
T5-E006,cold,cold_no_3d_flags,val_cold,zinna yoo,1338600.0,14.525502309019265,2033974.48043391,0.5194789185969744
T5-E006,cold,cold_no_3d_flags,val_cold,geum sahong,10755720.0,15.073155331859219,3517128.0928902845,0.6729992884818231
T5-E006,cold,cold_no_3d_flags,val_cold,geum sahong,10755720.0,15.073155331859219,3517128.0928902845,0.6729992884818231
T5-E006,cold,cold_no_3d_flags,val_cold,geum sahong,10893720.0,15.55685992749462,5705036.433480372,0.47630043424281404
T5-E006,cold,cold_no_3d_flags,val_cold,geum sahong,9949800.0,15.073155331859219,3517128.0928902845,0.6465126843865922
T5-E006,cold,cold_no_3d_flags,val_cold,zinna yoo,1476600.0,14.435118130105977,1858198.6898145394,0.258430644598767
T5-E006,cold,cold_no_3d_flags,val_cold,zinna yoo,1407600.0,14.525502309019265,2033974.48043391,0.44499465788143644
T5-E006,cold,cold_no_3d_flags,val_cold,zinna yoo,4209000.0,15.346320097138479,4621916.931028846,0.0981033335777728
T5-E006,cold,cold_no_3d_flags,val_cold,zinna yoo,3256800.0,15.011409330622099,3306528.2525934246,0.01526905324042761
T5-E006,cold,cold_no_3d_flags,val_cold,zinna yoo,1476600.0,14.525502309019265,2033974.48043391,0.3774715430271637
T5-E006,cold,cold_no_3d_flags,val_cold,zinna yoo,1476600.0,14.525502309019265,2033974.48043391,0.3774715430271637
T5-E006,cold,cold_no_3d_flags,val_cold,zinna yoo,1476600.0,14.525502309019265,2033974.48043391,0.3774715430271637
T5-E006,cold,cold_no_3d_flags,val_cold,zinna yoo,2884200.0,14.84213969646857,2791639.72570939,0.032092183028434265
T5-E006,cold,cold_no_3d_flags,val_cold,zinna yoo,1932000.0,14.525502309019265,2033974.48043391,0.05278182217076083
T5-E006,cold,cold_no_3d_flags,val_cold,zinna yoo,1701540.0,14.438721741870289,1864906.9962801193,0.09601125820146414
T5-E006,cold,cold_no_3d_flags,val_cold,zinna yoo,1556640.0,14.525502309019265,2033974.48043391,0.3066441055310861
T5-E006,cold,cold_no_3d_flags,val_cold,cheyoung yoon,1973400.0,14.521414637434525,2025677.2305157816,0.026490944824050653
T5-E006,cold,cold_no_3d_flags,val_cold,seo yeongyeong,1820220.0,14.431798510091676,1852040.4034938412,0.017481625019965266
T5-E006,cold,cold_no_3d_flags,val_cold,seo yeongyeong,385020.0,15.84333299027459,7597524.209483752,18.73280403481313
T5-E006,cold,cold_no_3d_flags,val_cold,zinna yoo,1542840.0,14.525502309019265,2033974.48043391,0.31833144100095273
T5-E006,cold,cold_no_3d_flags,val_cold,zinna yoo,1542840.0,14.525502309019265,2033974.48043391,0.31833144100095273
T5-E006,cold,cold_no_3d_flags,val_cold,zinna yoo,1421400.0,14.516644808594295,2016038.1036086178,0.41834677332813974
T5-E006,cold,cold_no_3d_flags,val_cold,zinna yoo,1571820.0,14.516644808594295,2016038.1036086178,0.2826138512098191
T5-E006,cold,cold_no_3d_flags,val_cold,taerin kim,2539200.0,15.022534625586085,3343519.743793293,0.3167610837245167
T5-E006,cold,cold_no_3d_flags,val_cold,artist aeun,386400.0,13.523786088365103,746974.3217562181,0.933163358582345
T5-E006,cold,cold_no_3d_flags,val_cold,hyeong gil choi,4429800.0,15.476053907796027,5262169.26660064,0.18790222280930055
T5-E006,cold,cold_no_3d_flags,val_cold,hyeong gil choi,3698400.0,15.277371058536819,4313978.225595423,0.16644446939093202
T5-E006,cold,cold_no_3d_flags,val_cold,hyeong gil choi,1849200.0,14.71248842238725,2452181.0779336626,0.3260767239528783
T5-E006,cold,cold_no_3d_flags,val_cold,hyeong gil choi,7217400.0,15.64676820265491,6241731.605026483,0.13518280751704456
T5-E006,cold,cold_no_3d_flags,val_cold,eunju park,6624000.0,15.810098815587594,7349176.437472781,0.10947711918369281
T5-E006,cold,cold_no_3d_flags,val_cold,동훈 이,1587000.0,14.802834411803133,2684041.9639418186,0.6912677781611963
T5-E006,cold,cold_no_3d_flags,val_cold,zinna yoo,1571820.0,14.516644808594295,2016038.1036086178,0.2826138512098191
T5-E006,cold,cold_no_3d_flags,val_cold,zinna yoo,5710440.0,15.311410902642786,4463353.300740331,0.21838714692031938
T5-E006,cold,cold_no_3d_flags,val_cold,artist aeun,234600.0,13.012855447467215,448137.5284645452,0.9102196439238927
T5-E006,cold,cold_no_3d_flags,val_cold,zinna yoo,4462920.0,15.35676260653351,4670434.222254969,0.04649741027286377
T5-E006,cold,cold_no_3d_flags,val_cold,zinna yoo,2815200.0,14.84213969646857,2791639.72570939,0.008368952220307653
T5-E006,cold,cold_no_3d_flags,val_cold,bong jun kim,42090000.0,16.57301082505294,15760396.88370205,0.6255548376407211
T5-E006,cold,cold_no_3d_flags,val_cold,bong jun kim,42186600.0,16.740255780352097,18629479.071018893,0.5584029272086659
T5-E006,cold,cold_no_3d_flags,val_cold,il mo jung,1531800.0,14.331519136265635,1675327.3487988228,0.09369849118607053
T5-E006,cold,cold_no_3d_flags,val_cold,il mo jung,4416000.0,14.88292394918236,2907848.2980951914,0.34151986003279183
T5-E006,cold,cold_no_3d_flags,val_cold,il mo jung,1545600.0,14.448946299913821,1884072.659359562,0.21899110983408512
T5-E006,cold,cold_no_3d_flags,val_cold,il mo jung,1076400.0,13.656899667067796,853328.3322003919,0.20723863600855452
T5-E006,cold,cold_no_3d_flags,val_cold,il mo jung,5837400.0,15.58584047368774,5872790.567756538,0.006062727885109515
T5-E006,cold,cold_no_3d_flags,val_cold,il mo jung,2980800.0,15.010114832851107,3302250.7283608415,0.10784042148444764
T5-E006,cold,cold_no_3d_flags,val_cold,il mo jung,2249400.0,14.685556722219756,2387021.0460301894,0.06118122433990814
T5-E006,cold,cold_no_3d_flags,val_cold,il mo jung,11523000.0,15.881658921998758,7894358.291481272,0.3149042531041159
T5-E006,cold,cold_no_3d_flags,val_cold,il mo jung,1973400.0,14.71093641485908,2448378.226230849,0.24069029402596992
T5-E006,cold,cold_no_3d_flags,val_cold,il mo jung,966000.0,13.358793709579585,633359.6514837928,0.3443481868697797
T5-E006,cold,cold_no_3d_flags,val_cold,il mo jung,2415000.0,14.980297756642726,3205240.7311604884,0.32722183484906353
T5-E006,cold,cold_no_3d_flags,val_cold,il mo jung,1876800.0,14.971504239130546,3177178.9523570193,0.6928702857827256
T5-E006,cold,cold_no_3d_flags,val_cold,minchae kang,10225800.0,16.273649037721963,11683043.06388231,0.14250650940584697
T5-E006,cold,cold_no_3d_flags,val_cold,minchae kang,10225800.0,16.273649037721963,11683043.06388231,0.14250650940584697
T5-E006,cold,cold_no_3d_flags,val_cold,minchae kang,9259800.0,16.24641850132627,11369199.984913535,0.227801894740009
T5-E006,cold,cold_no_3d_flags,val_cold,minchae kang,4167600.0,15.448437020548266,5118832.893528244,0.22824476761883206
T5-E006,cold,cold_no_3d_flags,val_cold,minchae kang,9867000.0,15.747585304230139,6903819.06568556,0.3003122463073315
T5-E006,cold,cold_no_3d_flags,val_cold,minchae kang,13896600.0,16.097303696740873,9794227.081384948,0.2952069512409548
T5-E006,cold,cold_no_3d_flags,val_cold,minchae kang,7107000.0,15.838896297999554,7563890.997789721,0.06428746275358393
T5-E006,cold,cold_no_3d_flags,val_cold,minchae kang,14034600.0,15.947973014365656,8435613.58761914,0.3989416451043036
T5-E006,cold,cold_no_3d_flags,val_cold,minchae kang,13841400.0,16.261378153366646,11540557.79156084,0.16622900923599926
T5-E006,cold,cold_no_3d_flags,val_cold,minchae kang,14048400.0,16.47210136423061,14247633.265174694,0.014181918593910648
T5-E006,cold,cold_no_3d_flags,val_cold,hyeyoung jeong,1476600.0,13.587542926971953,796150.0300048084,0.4608221386937502
T5-E006,cold,cold_no_3d_flags,val_cold,hyeyoung jeong,5837400.0,15.322935164698015,4515087.681540914,0.22652419201341112
T5-E006,cold,cold_no_3d_flags,val_cold,hyerim jun,2732400.0,15.2095424026768,4031069.981095343,0.47528545641024117
T5-E006,cold,cold_no_3d_flags,val_cold,hyerim jun,1821600.0,14.427232125366046,1843602.5543788082,0.012078696958063375
T5-E006,cold,cold_no_3d_flags,val_cold,hyerim jun,2994600.0,15.2095424026768,4031069.981095343,0.3461129970932154
T5-E006,cold,cold_no_3d_flags,val_cold,tae hwa song,10419000.0,16.01417330029544,9012952.796851482,0.13495030263446758
T5-E006,cold,cold_no_3d_flags,val_cold,hagley art,14490000.0,16.276386165604382,11715064.850674786,0.19150691161664696
T5-E006,cold,cold_no_3d_flags,val_cold,gwanhee lee,1945800.0,15.35988543556553,4685041.9867405705,1.4077716038341919
T5-E006,cold,cold_no_3d_flags,val_cold,gwanhee lee,2415000.0,15.322842906910807,4514671.148756861,0.8694290471042901
T5-E006,cold,cold_no_3d_flags,val_cold,hagley art,2166600.0,13.892364907129773,1079884.7788184166,0.5015763044316364
T5-E006,cold,cold_no_3d_flags,val_cold,hagley art,2166600.0,13.892364907129773,1079884.7788184166,0.5015763044316364
T5-E006,cold,cold_no_3d_flags,val_cold,hagley art,2166600.0,13.892364907129773,1079884.7788184166,0.5015763044316364
T5-E006,cold,cold_no_3d_flags,val_cold,hagley art,2166600.0,13.892364907129773,1079884.7788184166,0.5015763044316364
T5-E006,cold,cold_no_3d_flags,val_cold,hagley art,2166600.0,13.892364907129773,1079884.7788184166,0.5015763044316364
T5-E006,cold,cold_no_3d_flags,val_cold,hagley art,2166600.0,13.892364907129773,1079884.7788184166,0.5015763044316364
T5-E006,cold,cold_no_3d_flags,val_cold,gwanhee lee,1945800.0,15.333880145318414,4564776.655111212,1.345963950617336
T5-E006,cold,cold_no_3d_flags,val_cold,gwanhee lee,1393800.0,15.333880145318414,4564776.655111212,2.275058584525192
T5-E006,cold,cold_no_3d_flags,val_cold,hagley art,2235600.0,14.235934011034193,1522606.1713842885,0.3189272806475718
T5-E006,cold,cold_no_3d_flags,val_cold,hagley art,2263200.0,14.431798510091676,1852040.4034938412,0.18167179060894256
T5-E006,cold,cold_no_3d_flags,val_cold,hagley art,2263200.0,14.431798510091676,1852040.4034938412,0.18167179060894256
T5-E006,cold,cold_no_3d_flags,val_cold,hagley art,2263200.0,14.431798510091676,1852040.4034938412,0.18167179060894256
T5-E006,cold,cold_no_3d_flags,val_cold,hagley art,2263200.0,14.431798510091676,1852040.4034938412,0.18167179060894256
T5-E006,cold,cold_no_3d_flags,val_cold,hagley art,2718600.0,14.693630957546185,2406372.4343851255,0.11484865946254487
T5-E006,cold,cold_no_3d_flags,val_cold,hagley art,2718600.0,14.693630957546185,2406372.4343851255,0.11484865946254487
T5-E006,cold,cold_no_3d_flags,val_cold,hagley art,2263200.0,14.431798510091676,1852040.4034938412,0.18167179060894256
T5-E006,cold,cold_no_3d_flags,val_cold,hagley art,1531800.0,14.016097011867512,1222119.2646535973,0.20216786482987514
T5-E006,cold,cold_no_3d_flags,val_cold,hagley art,2277000.0,14.503033192409928,1988782.4840619045,0.12657774085994533
T5-E006,cold,cold_no_3d_flags,val_cold,hagley art,2277000.0,14.503033192409928,1988782.4840619045,0.12657774085994533
T5-E006,cold,cold_no_3d_flags,val_cold,hagley art,2263200.0,14.431798510091676,1852040.4034938412,0.18167179060894256
T5-E006,cold,cold_no_3d_flags,val_cold,hagley art,2263200.0,14.431798510091676,1852040.4034938412,0.18167179060894256
T5-E006,cold,cold_no_3d_flags,val_cold,hagley art,2235600.0,14.503033192409928,1988782.4840619045,0.11040325457957395
T5-E006,cold,cold_no_3d_flags,val_cold,gwanhee lee,717600.0,14.503362761750505,1989438.033812344,1.7723495454464104
T5-E006,cold,cold_no_3d_flags,val_cold,hagley art,2870400.0,14.802410255282368,2682903.751447996,0.06532059941193
T5-E006,cold,cold_no_3d_flags,val_cold,hagley art,3546600.0,14.996688870529752,3258211.1330132526,0.08131417892819809
T5-E006,cold,cold_no_3d_flags,val_cold,hagley art,2829000.0,14.663233896956886,2334326.32797996,0.17485813786498408
T5-E006,cold,cold_no_3d_flags,val_cold,hagley art,2829000.0,14.663233896956886,2334326.32797996,0.17485813786498408
T5-E006,cold,cold_no_3d_flags,val_cold,hagley art,2829000.0,14.663233896956886,2334326.32797996,0.17485813786498408
T5-E006,cold,cold_no_3d_flags,val_cold,hagley art,6182400.0,15.720768050597677,6721138.04837563,0.0871406004748366
T5-E006,cold,cold_no_3d_flags,val_cold,hagley art,2346000.0,14.629549701149541,2257005.97056255,0.037934368899168895
T5-E006,cold,cold_no_3d_flags,val_cold,hagley art,3546600.0,14.996688870529752,3258211.1330132526,0.08131417892819809
T5-E006,cold,cold_no_3d_flags,val_cold,hagley art,2870400.0,14.802410255282368,2682903.751447996,0.06532059941193
T5-E006,cold,cold_no_3d_flags,val_cold,hagley art,3546600.0,14.996688870529752,3258211.1330132526,0.08131417892819809
T5-E006,cold,cold_no_3d_flags,val_cold,hagley art,3546600.0,14.996688870529752,3258211.1330132526,0.08131417892819809
T5-E006,cold,cold_no_3d_flags,val_cold,hagley art,4278000.0,15.332734048010536,4559547.973736891,0.06581299058833347
T5-E006,cold,cold_no_3d_flags,val_cold,hagley art,13717200.0,16.07069459121431,9537048.282646356,0.3047379725711985
T5-E006,cold,cold_no_3d_flags,val_cold,hagley art,2870400.0,14.762666679103072,2578366.6605229983,0.10173959708646937
T5-E006,cold,cold_no_3d_flags,val_cold,hagley art,772800.0,13.387828522157088,652018.700442065,0.15629050149836307
T5-E006,cold,cold_no_3d_flags,val_cold,hagley art,952200.0,13.684315837789182,877046.9790216119,0.07892566790420935
T5-E006,cold,cold_no_3d_flags,val_cold,hagley art,952200.0,13.684315837789182,877046.9790216119,0.07892566790420935
T5-E006,cold,cold_no_3d_flags,val_cold,hagley art,6941400.0,15.489589320250737,5333879.114402947,0.23158453418576266
T5-E006,cold,cold_no_3d_flags,val_cold,hagley art,5257800.0,15.332734048010536,4559547.973736891,0.13280307852392814
T5-E006,cold,cold_no_3d_flags,val_cold,hagley art,2014800.0,14.503033192409928,1988782.4840619045,0.012913200286924517
T5-E006,cold,cold_no_3d_flags,val_cold,hagley art,17043000.0,16.174710234697347,10582478.658506809,0.3790718383789938
T5-E006,cold,cold_no_3d_flags,val_cold,hagley art,1807800.0,14.390479067749146,1777074.5655725568,0.01699603630238035
T5-E006,cold,cold_no_3d_flags,val_cold,hagley art,2870400.0,14.762792220697445,2578690.3731037113,0.10162682096442612
T5-E006,cold,cold_no_3d_flags,val_cold,hagley art,4761000.0,15.332734048010536,4559547.973736891,0.04231296497859891
T5-E006,cold,cold_no_3d_flags,val_cold,hagley art,2014800.0,14.503033192409928,1988782.4840619045,0.012913200286924517
T5-E006,cold,cold_no_3d_flags,val_cold,hagley art,8638800.0,15.720768050597677,6721138.04837563,0.2219824456665706
T5-E006,cold,cold_no_3d_flags,val_cold,hagley art,833520.0,13.334940021344938,618430.4539132483,0.2580496521820133
T5-E006,cold,cold_no_3d_flags,val_cold,hagley art,833520.0,13.334940021344938,618430.4539132483,0.2580496521820133
T5-E006,cold,cold_no_3d_flags,val_cold,hagley art,833520.0,13.334940021344938,618430.4539132483,0.2580496521820133
T5-E006,cold,cold_no_3d_flags,val_cold,hagley art,847320.0,13.636886695003685,836420.4489478288,0.012863559283589617
T5-E006,cold,cold_no_3d_flags,val_cold,hagley art,833520.0,13.334940021344938,618430.4539132483,0.2580496521820133
T5-E006,cold,cold_no_3d_flags,val_cold,hagley art,833520.0,13.334940021344938,618430.4539132483,0.2580496521820133
T5-E006,cold,cold_no_3d_flags,val_cold,hagley art,847320.0,13.636886695003685,836420.4489478288,0.012863559283589617
T5-E006,cold,cold_no_3d_flags,val_cold,hagley art,847320.0,13.636886695003685,836420.4489478288,0.012863559283589617
T5-E006,cold,cold_no_3d_flags,val_cold,hagley art,847320.0,13.636886695003685,836420.4489478288,0.012863559283589617
T5-E006,cold,cold_no_3d_flags,val_cold,hagley art,847320.0,13.636886695003685,836420.4489478288,0.012863559283589617
T5-E006,cold,cold_no_3d_flags,val_cold,hagley art,847320.0,13.636886695003685,836420.4489478288,0.012863559283589617
T5-E006,cold,cold_no_3d_flags,val_cold,hagley art,833520.0,13.334940021344938,618430.4539132483,0.2580496521820133
T5-E006,cold,cold_no_3d_flags,val_cold,hagley art,833520.0,13.334940021344938,618430.4539132483,0.2580496521820133
T5-E006,cold,cold_no_3d_flags,val_cold,hagley art,833520.0,13.334940021344938,618430.4539132483,0.2580496521820133
T5-E006,cold,cold_no_3d_flags,val_cold,hagley art,833520.0,13.334940021344938,618430.4539132483,0.2580496521820133
T5-E006,cold,cold_no_3d_flags,val_cold,hagley art,3360300.0,15.33169544446993,4554814.869402724,0.3554786386342661
T5-E006,cold,cold_no_3d_flags,val_cold,hagley art,3360300.0,15.33169544446993,4554814.869402724,0.3554786386342661
T5-E006,cold,cold_no_3d_flags,val_cold,hagley art,3346500.0,15.257262481605583,4228096.634721986,0.263438408702222
T5-E006,cold,cold_no_3d_flags,val_cold,hagley art,2663400.0,14.80096387062987,2679026.0456408784,0.0058669541341437184
T5-E006,cold,cold_no_3d_flags,val_cold,hagley art,3168480.0,14.996688870529752,3258211.1330132526,0.028319930380893248
T5-E006,cold,cold_no_3d_flags,val_cold,hagley art,1966500.0,14.495409347187408,1973677.9646412171,0.003650121861793614
T5-E006,cold,cold_no_3d_flags,val_cold,hagley art,2663400.0,14.80096387062987,2679026.0456408784,0.0058669541341437184
T5-E006,cold,cold_no_3d_flags,val_cold,hagley art,1966500.0,14.495409347187408,1973677.9646412171,0.003650121861793614
T5-E006,cold,cold_no_3d_flags,val_cold,hagley art,3974400.0,15.33169544446993,4554814.869402724,0.1460383628730687
T5-E006,cold,cold_no_3d_flags,val_cold,hagley art,2663400.0,14.827677585309049,2751557.258835032,0.03309951897388005
T5-E006,cold,cold_no_3d_flags,val_cold,hagley art,3974400.0,15.33169544446993,4554814.869402724,0.1460383628730687
T5-E006,cold,cold_no_3d_flags,val_cold,hagley art,1380000.0,14.296025376890308,1616906.6020787659,0.1716714507817144
T5-E006,cold,cold_no_3d_flags,val_cold,hagley art,1106760.0,14.148357578608275,1394933.8860588225,0.2603761303795064
T5-E006,cold,cold_no_3d_flags,val_cold,hagley art,2663400.0,14.827677585309049,2751557.258835032,0.03309951897388005
T5-E006,cold,cold_no_3d_flags,val_cold,hagley art,615480.0,13.334940021344938,618430.4539132483,0.004793744578618737
T5-E006,cold,cold_no_3d_flags,val_cold,hagley art,601680.0,13.170766032486123,524796.5971417633,0.12778121735513345
T5-E006,cold,cold_no_3d_flags,val_cold,hagley art,7797000.0,15.744458206479198,6882263.868781453,0.11731898566353047
T5-E006,cold,cold_no_3d_flags,val_cold,hagley art,2663400.0,14.827677585309049,2751557.258835032,0.03309951897388005
T5-E006,cold,cold_no_3d_flags,val_cold,hagley art,7797000.0,15.744458206479198,6882263.868781453,0.11731898566353047
T5-E006,cold,cold_no_3d_flags,val_cold,hagley art,1667040.0,14.693630957546185,2406372.4343851255,0.4435001166049558
T5-E006,cold,cold_no_3d_flags,val_cold,hagley art,5202600.0,15.3495350311085,4636799.999999999,0.10875331564986755
T5-E006,cold,cold_no_3d_flags,val_cold,hagley art,1106760.0,14.148357578608275,1394933.8860588225,0.2603761303795064
T5-E006,cold,cold_no_3d_flags,val_cold,hagley art,2663400.0,14.827677585309049,2751557.258835032,0.03309951897388005
T5-E006,cold,cold_no_3d_flags,val_cold,hagley art,2049300.0,14.80096387062987,2679026.0456408784,0.3072883646322541
T5-E006,cold,cold_no_3d_flags,val_cold,hagley art,1667040.0,14.693630957546185,2406372.4343851255,0.4435001166049558
T5-E006,cold,cold_no_3d_flags,val_cold,hagley art,2663400.0,14.827677585309049,2751557.258835032,0.03309951897388005
T5-E006,cold,cold_no_3d_flags,val_cold,hagley art,2677200.0,14.996688870529752,3258211.1330132526,0.217021938223985
T5-E006,cold,cold_no_3d_flags,val_cold,hagley art,1639440.0,14.558636706192763,2102497.9718527845,0.28244886781631806
T5-E006,cold,cold_no_3d_flags,val_cold,hagley art,1667040.0,14.693630957546185,2406372.4343851255,0.4435001166049558
T5-E006,cold,cold_no_3d_flags,val_cold,hagley art,3946800.0,15.209921757724159,4032599.4779317593,0.021738998158447178
T5-E006,cold,cold_no_3d_flags,val_cold,hagley art,2021700.0,14.698188449626626,2417364.486767189,0.1957088028724287
T5-E006,cold,cold_no_3d_flags,val_cold,hagley art,2021700.0,14.635823209120117,2271209.822914043,0.1234158494900544
T5-E006,cold,cold_no_3d_flags,val_cold,hagley art,1352400.0,14.361643302111796,1726563.0292767556,0.27666594888846174
T5-E006,cold,cold_no_3d_flags,val_cold,hagley art,601680.0,13.636886695003685,836420.4489478288,0.3901416848621009
T5-E006,cold,cold_no_3d_flags,val_cold,hagley art,601680.0,13.549805721313389,766665.3856306957,0.27420786070784425
T5-E006,cold,cold_no_3d_flags,val_cold,hagley art,12834000.0,16.081347176135242,9639185.546454934,0.2489336491775803
T5-E006,cold,cold_no_3d_flags,val_cold,hagley art,601680.0,13.636886695003685,836420.4489478288,0.3901416848621009
T5-E006,cold,cold_no_3d_flags,val_cold,hagley art,6458400.0,15.572992784057208,5797821.3988018045,0.10228208243499869
T5-E006,cold,cold_no_3d_flags,val_cold,hagley art,12875400.0,16.072589403691726,9555136.332049077,0.2578765450355657
T5-E006,cold,cold_no_3d_flags,val_cold,hagley art,5202600.0,15.3495350311085,4636799.999999999,0.10875331564986755
T5-E006,cold,cold_no_3d_flags,val_cold,hagley art,601680.0,13.636886695003685,836420.4489478288,0.3901416848621009
T5-E006,cold,cold_no_3d_flags,val_cold,hagley art,601680.0,13.380776033199082,647436.5226281967,0.07604793682388769
T5-E006,cold,cold_no_3d_flags,val_cold,hagley art,1380000.0,14.296025376890308,1616906.6020787659,0.1716714507817144
T5-E006,cold,cold_no_3d_flags,val_cold,hagley art,39026400.0,17.39382311990486,35813057.514202274,0.08233766080903505
T5-E006,cold,cold_no_3d_flags,val_cold,hagley art,3360300.0,15.335541601054935,4572367.133346502,0.36070206033583363
T5-E006,cold,cold_no_3d_flags,val_cold,hagley art,521640.0,15.271441408989041,4288473.538220151,7.221136297485145
T5-E006,cold,cold_no_3d_flags,val_cold,hagley art,9384000.0,16.446096073983497,13881895.595284231,0.4793153873917552
T5-E006,cold,cold_no_3d_flags,val_cold,hagley art,9384000.0,16.446096073983497,13881895.595284231,0.4793153873917552
T5-E006,cold,cold_no_3d_flags,val_cold,gwanhee lee,1807800.0,15.346243508856448,4621562.959906601,1.5564569974038065
T5-E006,cold,cold_no_3d_flags,val_cold,gwanhee lee,4236600.0,15.728529603013218,6773507.484791334,0.5988074127345828
T5-E006,cold,cold_no_3d_flags,val_cold,hagley art,2691000.0,15.209921757724159,4032599.4779317593,0.4985505306323892
T5-E006,cold,cold_no_3d_flags,val_cold,hagley art,5771160.0,15.744458206479198,6882263.868781453,0.19252695624128477
T5-E006,cold,cold_no_3d_flags,val_cold,hagley art,11012400.0,16.276386165604382,11715064.850674786,0.06380669524125401
T5-E006,cold,cold_no_3d_flags,val_cold,gwanhee lee,317400.0,14.441591770003225,1870267.0198547416,4.8924606800716495
T5-E006,cold,cold_no_3d_flags,val_cold,gwanhee lee,317400.0,14.441591770003225,1870267.0198547416,4.8924606800716495
T5-E006,cold,cold_no_3d_flags,val_cold,gwanhee lee,317400.0,14.450449270428196,1886906.4940650712,4.94488498445202
T5-E006,cold,cold_no_3d_flags,val_cold,gwanhee lee,317400.0,14.450449270428196,1886906.4940650712,4.94488498445202
T5-E006,cold,cold_no_3d_flags,val_cold,gwanhee lee,4236600.0,15.73853064079054,6841589.466802058,0.6148773702502143
T5-E006,cold,cold_no_3d_flags,val_cold,gwanhee lee,4471200.0,16.011341991877202,8987470.438954663,1.010080166164489
T5-E006,cold,cold_no_3d_flags,val_cold,동훈 이,3201600.0,16.52515044227819,15023864.211418113,3.6926112604379413
T5-E006,cold,cold_no_3d_flags,val_cold,동훈 이,4788600.0,15.64240878741482,6214580.529548462,0.2977865199742015
T5-E006,cold,cold_no_3d_flags,val_cold,동훈 이,3243000.0,15.36686512509278,4717856.509604838,0.4547815324097557
T5-E006,cold,cold_no_3d_flags,val_cold,동훈 이,3933000.0,15.36686512509278,4717856.509604838,0.19955670216243013
T5-E006,cold,cold_no_3d_flags,val_cold,동훈 이,4623000.0,15.64240878741482,6214580.529548462,0.344274395316561
T5-E006,cold,cold_no_3d_flags,val_cold,동훈 이,2911800.0,15.36338326143576,4701458.141492957,0.6146226188244238
T5-E006,cold,cold_no_3d_flags,val_cold,동훈 이,3049800.0,15.389286235123587,4824830.849892371,0.5820154927839108
T5-E006,cold,cold_no_3d_flags,val_cold,동훈 이,1269600.0,14.490234773148298,1963491.4001796213,0.5465433208724175
T5-E006,cold,cold_no_3d_flags,val_cold,동훈 이,1269600.0,14.44905820346072,1884283.5055697574,0.48415525013370936
T5-E006,cold,cold_no_3d_flags,val_cold,동훈 이,2014800.0,14.939804419720643,3078042.557767747,0.5277161791581035
T5-E006,cold,cold_no_3d_flags,val_cold,동훈 이,2884200.0,15.23670142996335,4142050.1558880513,0.4361175216309726
T5-E006,cold,cold_no_3d_flags,val_cold,동훈 이,2884200.0,15.23670142996335,4142050.1558880513,0.4361175216309726
T5-E006,cold,cold_no_3d_flags,val_cold,동훈 이,1863000.0,14.907392640469304,2979877.172854759,0.599504655316564
T5-E006,cold,cold_no_3d_flags,val_cold,동훈 이,1876800.0,14.997317131276692,3260258.7823348595,0.7371370323608586
T5-E006,cold,cold_no_3d_flags,val_cold,동훈 이,1876800.0,14.939804419720643,3078042.557767747,0.6400482511550228
T5-E006,cold,cold_no_3d_flags,val_cold,동훈 이,2911800.0,15.36338326143576,4701458.141492957,0.6146226188244238
T5-E006,cold,cold_no_3d_flags,val_cold,동훈 이,2898000.0,15.289652906564132,4367288.555112033,0.5070008816811709
T5-E006,cold,cold_no_3d_flags,val_cold,동훈 이,2111400.0,14.939804419720643,3078042.557767747,0.45782066769335367
T5-E006,cold,cold_no_3d_flags,val_cold,artist aeun,1352400.0,15.122374941420192,3694570.773293326,1.7318624469782062
T5-E006,cold,cold_no_3d_flags,val_cold,artist aeun,1352400.0,15.122374941420192,3694570.773293326,1.7318624469782062
T5-E006,cold,cold_no_3d_flags,val_cold,동훈 이,1559400.0,15.58784162567998,5884554.68126491,2.773601822024439
T5-E006,cold,cold_no_3d_flags,val_cold,동훈 이,1366200.0,15.225766233851848,4097002.774992616,1.9988308995700599
T5-E006,cold,cold_no_3d_flags,val_cold,동훈 이,1559400.0,15.576885235135975,5820433.113908004,2.73248243805823
T5-E006,cold,cold_no_3d_flags,val_cold,jang kyungki,6789600.0,15.721289447987836,6724643.345960046,0.009567081129956674
T5-E006,cold,cold_no_3d_flags,val_cold,jang kyungki,7355400.0,15.721580013983024,6726597.582549751,0.08548854140498806
T5-E006,cold,cold_no_3d_flags,val_cold,moonsun kim,2401200.0,14.931817620217682,3053556.760733237,0.27167947723356534
T5-E006,cold,cold_no_3d_flags,val_cold,moonsun kim,786600.0,13.185166066053958,532408.3590389006,0.32315235311606844
T5-E006,cold,cold_no_3d_flags,val_cold,moonsun kim,1297200.0,14.521414637434525,2025677.2305157816,0.5615766501046728
T5-E006,cold,cold_no_3d_flags,val_cold,artist aeun,317400.0,13.19408402268952,537177.5879776474,0.6924309640127518
T5-E006,cold,cold_no_3d_flags,val_cold,artist aeun,248400.0,13.19408402268952,537177.5879776474,1.1625506762385163
T5-E006,cold,cold_no_3d_flags,val_cold,jang kyungki,5685600.0,15.823676400527559,7449640.994430309,0.3102647028335284
T5-E006,cold,cold_no_3d_flags,val_cold,jang kyungki,5685600.0,15.823888187781678,7451218.900525,0.3105422295843886
T5-E006,cold,cold_no_3d_flags,val_cold,jang kyungki,5685600.0,15.823888187781678,7451218.900525,0.3105422295843886
T5-E006,cold,cold_no_3d_flags,val_cold,jang kyungki,2898000.0,15.130414289046387,3724392.424763859,0.2851595668612349
T5-E006,cold,cold_no_3d_flags,val_cold,jang kyungki,2898000.0,15.128185120691017,3716099.3737651682,0.2822979205538883
T5-E006,cold,cold_no_3d_flags,val_cold,jang kyungki,5685600.0,15.719352197495894,6711628.637775153,0.1804609254564431
T5-E006,cold,cold_no_3d_flags,val_cold,jang kyungki,5685600.0,15.719352197495894,6711628.637775153,0.1804609254564431
T5-E006,cold,cold_no_3d_flags,val_cold,jang kyungki,2898000.0,15.130414289046387,3724392.424763859,0.2851595668612349
T5-E006,cold,cold_no_3d_flags,val_cold,jang kyungki,1490400.0,14.448625428069239,1883468.2104705267,0.2637333671970791
T5-E006,cold,cold_no_3d_flags,val_cold,jang kyungki,1490400.0,14.448625428069239,1883468.2104705267,0.2637333671970791
T5-E006,cold,cold_no_3d_flags,val_cold,jang kyungki,1490400.0,14.448625428069239,1883468.2104705267,0.2637333671970791
T5-E006,cold,cold_no_3d_flags,val_cold,jang kyungki,1490400.0,14.448625428069239,1883468.2104705267,0.2637333671970791
T5-E006,cold,cold_no_3d_flags,val_cold,jang kyungki,2221800.0,15.375428181381526,4758429.245851774,1.1417000836491915
T5-E006,cold,cold_no_3d_flags,val_cold,jang kyungki,27931200.0,16.990042078456188,23915613.26880922,0.1437670680525999
T5-E006,cold,cold_no_3d_flags,val_cold,jang kyungki,5685600.0,15.721580013983024,6726597.582549751,0.18309370735713923
T5-E006,cold,cold_no_3d_flags,val_cold,jang kyungki,27931200.0,16.990042078456188,23915613.26880922,0.1437670680525999
T5-E006,cold,cold_no_3d_flags,val_cold,jang kyungki,27931200.0,16.990042078456188,23915613.26880922,0.1437670680525999
T5-E006,cold,cold_no_3d_flags,val_cold,jang kyungki,27931200.0,16.990042078456188,23915613.26880922,0.1437670680525999
T5-E006,cold,cold_no_3d_flags,val_cold,jang kyungki,27931200.0,17.131390637021603,27546626.528835095,0.013768598240136641
T5-E006,cold,cold_no_3d_flags,val_cold,zinna yoo,1348260.0,14.528229873261905,2039529.8493658649,0.5127125698054269
T5-E006,cold,cold_no_3d_flags,val_cold,zinna yoo,1814700.0,15.020216350512758,3335777.5230802093,0.8381977864551767
T5-E006,cold,cold_no_3d_flags,val_cold,zinna yoo,6779940.0,15.596699126104951,5936908.6472059805,0.1243420078634943
T5-E006,cold,cold_no_3d_flags,val_cold,zinna yoo,10654980.0,15.870897859142866,7809862.055742088,0.2670223636513548
T5-E006,cold,cold_no_3d_flags,val_cold,zinna yoo,2899380.0,15.272050464277605,4291086.251271056,0.48000132830848524
T5-E006,cold,cold_no_3d_flags,val_cold,zinna yoo,1807800.0,14.707979305212934,2441148.797735159,0.3503422932487879
T5-E006,cold,cold_no_3d_flags,val_cold,zinna yoo,1440720.0,14.525577733463962,2034127.8976152546,0.41188287635019616
T5-E006,cold,cold_no_3d_flags,val_cold,lee toll,2898000.0,14.884240183950496,2911678.229116858,0.004719885823622492
T5-E006,cold,cold_no_3d_flags,val_cold,lee toll,2842800.0,15.013836660351899,3314564.0357254953,0.16595048393326836
T5-E006,cold,cold_no_3d_flags,val_cold,zinna yoo,6917940.0,15.661789152542273,6336196.039290096,0.08409207953666906
T5-E006,cold,cold_no_3d_flags,val_cold,gwanhee lee,1807800.0,15.345719241081865,4619140.658401306,1.5551170806512367
T5-E006,cold,cold_no_3d_flags,val_cold,gwanhee lee,1807800.0,15.345719241081865,4619140.658401306,1.5551170806512367
T5-E006,cold,cold_no_3d_flags,val_cold,gwanhee lee,1311000.0,14.818114079176148,2725368.153555358,1.078846799050616
T5-E006,cold,cold_no_3d_flags,val_cold,gwanhee lee,1807800.0,15.345719241081865,4619140.658401306,1.5551170806512367
T5-E006,cold,cold_no_3d_flags,val_cold,zinna yoo,4173120.0,15.345824546384659,4619627.10401919,0.10699598957595041
T5-E006,cold,cold_no_3d_flags,val_cold,zinna yoo,4202100.0,15.345824546384659,4619627.10401919,0.09936153447542662
T5-E006,cold,cold_no_3d_flags,val_cold,zinna yoo,2119680.0,14.823613475720254,2740397.321560035,0.2928353909835612
T5-E006,cold,cold_no_3d_flags,val_cold,zinna yoo,2757240.0,14.849652692426213,2812692.2885675784,0.020111520421718248
T5-E006,cold,cold_no_3d_flags,val_cold,ransoo kim,1469700.0,14.4472930063979,1880960.3077726024,0.27982602420398883
T5-E006,cold,cold_no_3d_flags,val_cold,zinna yoo,4145520.0,15.231950394559327,4122417.8028832753,0.005572810435536358
T5-E006,cold,cold_no_3d_flags,val_cold,gwanhee lee,4250400.0,15.743490556651425,6875607.468385877,0.6176377443030955
T5-E006,cold,cold_no_3d_flags,val_cold,lee toll,1449000.0,14.512557137009553,2007814.0220623491,0.385654949663457
T5-E006,cold,cold_no_3d_flags,val_cold,lee toll,1449000.0,14.512557137009553,2007814.0220623491,0.385654949663457
T5-E006,cold,cold_no_3d_flags,val_cold,sangjune won,4084800.0,15.151233927244705,3802745.7411913,0.06904971083252544
T5-E006,cold,cold_no_3d_flags,val_cold,sangjune won,3974400.0,15.216718085855998,4060099.6915929383,0.021562925622216754
T5-E006,cold,cold_no_3d_flags,val_cold,sangjune won,8901000.0,15.876125070697976,7850792.740399329,0.11798755865640613
T5-E006,cold,cold_no_3d_flags,val_cold,sangjune won,3788100.0,14.951709499803503,3114905.8960248814,0.17771286501811426
T5-E006,cold,cold_no_3d_flags,val_cold,zinna yoo,6917940.0,15.74535748774301,6888455.743432409,0.004261999463364943
T5-E006,cold,cold_no_3d_flags,val_cold,eunju park,3256800.0,15.644827327001867,6229628.928815486,0.9128067209578378
T5-E006,cold,cold_no_3d_flags,val_cold,eunju park,1559400.0,14.612955010986877,2219860.7152168886,0.42353515147934373
T5-E006,cold,cold_no_3d_flags,val_cold,eunju park,2332200.0,15.592927247866498,5914557.530021385,1.5360421619163815
T5-E006,cold,cold_no_3d_flags,val_cold,eunju park,3215400.0,15.645838054998022,6235928.572256197,0.939394343551719
T5-E006,cold,cold_no_3d_flags,val_cold,eunju park,1766400.0,14.617537754278764,2230057.112910044,0.26248704308766074
T5-E006,cold,cold_no_3d_flags,val_cold,eunju park,1780200.0,15.213891464624608,4048639.5319986837,1.2742610560603773
T5-E006,cold,cold_no_3d_flags,val_cold,eunju park,1766400.0,15.325001786764414,4524428.309825149,1.5613837804716653
T5-E006,cold,cold_no_3d_flags,val_cold,momo kim,110400.0,12.701236473121428,328153.4039896535,1.9724040216454122
T5-E006,cold,cold_no_3d_flags,val_cold,momo kim,175260.0,13.313913121561347,605562.5390188076,2.4552238903275567
T5-E006,cold,cold_no_3d_flags,val_cold,momo kim,193200.0,13.22301882002391,552947.7658213208,1.862048477336029
T5-E006,cold,cold_no_3d_flags,val_cold,jung kwangmin,5520000.0,14.879553044807388,2898062.7219322585,0.4749886373311126
T5-E006,cold,cold_no_3d_flags,val_cold,lee eun,18630000.0,17.068954613166564,25879316.403569445,0.38912057990174154
T5-E006,cold,cold_no_3d_flags,val_cold,momo kim,220800.0,13.272759506887116,581147.2853473298,1.6320076329136313
T5-E006,cold,cold_no_3d_flags,val_cold,jihyung song,2240000.0,14.00715903364135,1211244.660160716,0.4592657767139661
T5-E006,cold,cold_no_3d_flags,val_cold,jihyung song,800000.0,14.618425444053702,2232037.5907015945,1.7900469883769932
T5-E006,cold,cold_no_3d_flags,val_cold,jihyung song,480000.0,11.907865955969445,148429.58593292223,0.6907716959730787
T5-E006,cold,cold_no_3d_flags,val_cold,jihyung song,720000.0,12.30325136359548,220411.4627146123,0.6938729684519274
T5-E006,cold,cold_no_3d_flags,val_cold,jihyung song,1280000.0,15.63240581792423,6152726.149610746,3.806817304383395
T5-E006,cold,cold_no_3d_flags,val_cold,jihyung song,800000.0,13.188838025519644,534366.9346569547,0.3320413316788066
T5-E006,cold,cold_no_3d_flags,val_cold,jihyung song,1000000.0,13.370589082243045,640874.5982721461,0.3591254017278539
T5-E006,cold,cold_no_3d_flags,val_cold,nam jong hyun,850000.0,12.882801571756573,393486.3162427593,0.537074922067342
T5-E006,cold,cold_no_3d_flags,val_cold,nam jong hyun,850000.0,12.882801571756573,393486.3162427593,0.537074922067342
T5-E006,cold,cold_no_3d_flags,val_cold,nam jong hyun,3800000.0,14.479233752735924,1942009.3699832922,0.48894490263597573
T5-E006,cold,cold_no_3d_flags,val_cold,nam jong hyun,2500000.0,14.366033388815682,1734159.4529538976,0.3063362188184409
T5-E006,cold,cold_no_3d_flags,val_cold,joo minseok,41400.0,13.70320072076186,893767.2922380655,20.588581938117525
T5-E006,cold,cold_no_3d_flags,val_cold,nam jong hyun,850000.0,12.882801571756573,393486.3162427593,0.537074922067342
T5-E006,cold,cold_no_3d_flags,val_cold,nam jong hyun,4800000.0,15.206738048438766,4019781.269081983,0.16254556894125358
T5-E006,cold,cold_no_3d_flags,val_cold,nam jong hyun,4000000.0,15.032211920200867,3376033.0360193667,0.15599174099515833
T5-E006,cold,cold_no_3d_flags,val_cold,nam jong hyun,850000.0,12.882801571756573,393486.3162427593,0.537074922067342
T5-E006,cold,cold_no_3d_flags,val_cold,nam jong hyun,3800000.0,14.479233752735924,1942009.3699832922,0.48894490263597573
T5-E006,cold,cold_no_3d_flags,val_cold,nam jong hyun,4800000.0,15.206738048438766,4019781.269081983,0.16254556894125358
T5-E006,cold,cold_no_3d_flags,val_cold,nam jong hyun,4800000.0,15.206738048438766,4019781.269081983,0.16254556894125358
T5-E006,cold,cold_no_3d_flags,val_cold,nam jong hyun,850000.0,12.882801571756573,393486.3162427593,0.537074922067342
T5-E006,cold,cold_no_3d_flags,val_cold,nam jong hyun,850000.0,12.882801571756573,393486.3162427593,0.537074922067342
T5-E006,cold,cold_no_3d_flags,val_cold,joo minseok,27600.0,13.275255786945642,582599.8039191115,20.108688547793896
T5-E006,cold,cold_no_3d_flags,val_cold,nam jong hyun,850000.0,12.882801571756573,393486.3162427593,0.537074922067342
T5-E006,cold,cold_no_3d_flags,val_cold,nam jong hyun,950000.0,12.839086831661898,376655.71699078224,0.6035202979044398
T5-E006,cold,cold_no_3d_flags,val_cold,nam jong hyun,3800000.0,14.479233752735924,1942009.3699832922,0.48894490263597573
T5-E006,cold,cold_no_3d_flags,val_cold,nam jong hyun,5200000.0,15.280946694046088,4329431.0496944515,0.1674171058279901
T5-E006,cold,cold_no_3d_flags,val_cold,nam jong hyun,950000.0,12.839086831661898,376655.71699078224,0.6035202979044398
T5-E006,cold,cold_no_3d_flags,val_cold,nam jong hyun,4800000.0,15.206738048438766,4019781.269081983,0.16254556894125358
T5-E006,cold,cold_no_3d_flags,val_cold,nam jong hyun,8000000.0,15.604093865764634,5980973.263422378,0.2523783420722027
T5-E006,cold,cold_no_3d_flags,val_cold,nam jong hyun,3800000.0,14.479233752735924,1942009.3699832922,0.48894490263597573
T5-E006,cold,cold_no_3d_flags,val_cold,nam jong hyun,850000.0,12.882801571756573,393486.3162427593,0.537074922067342
T5-E006,cold,cold_no_3d_flags,val_cold,nam jong hyun,850000.0,13.201276694245609,541055.2586235025,0.3634644016194089
T5-E006,cold,cold_no_3d_flags,val_cold,nam jong hyun,850000.0,12.882801571756573,393486.3162427593,0.537074922067342
T5-E006,cold,cold_no_3d_flags,val_cold,nam jong hyun,850000.0,12.882801571756573,393486.3162427593,0.537074922067342
T5-E006,cold,cold_no_3d_flags,val_cold,nam jong hyun,3800000.0,14.479233752735924,1942009.3699832922,0.48894490263597573
T5-E006,cold,cold_no_3d_flags,val_cold,nam jong hyun,3800000.0,14.479233752735924,1942009.3699832922,0.48894490263597573
T5-E006,cold,cold_no_3d_flags,val_cold,nam jong hyun,5200000.0,15.291285570704147,4374424.694399249,0.1587644818462983
T5-E006,cold,cold_no_3d_flags,val_cold,nam jong hyun,3800000.0,14.479233752735924,1942009.3699832922,0.48894490263597573
T5-E006,cold,cold_no_3d_flags,val_cold,nam jong hyun,4800000.0,15.206738048438766,4019781.269081983,0.16254556894125358
T5-E006,cold,cold_no_3d_flags,val_cold,nam jong hyun,850000.0,12.882801571756573,393486.3162427593,0.537074922067342
T5-E006,cold,cold_no_3d_flags,val_cold,nam jong hyun,4800000.0,15.206738048438766,4019781.269081983,0.16254556894125358
T5-E006,cold,cold_no_3d_flags,val_cold,nam jong hyun,3800000.0,14.479233752735924,1942009.3699832922,0.48894490263597573
T5-E006,cold,cold_no_3d_flags,val_cold,yun hyong keun,8418000.0,15.710483245210181,6652366.707695537,0.20974498601858668
T5-E006,cold,cold_no_3d_flags,val_cold,ava an,483000.0,14.537832439691407,2059208.9037270145,3.263372471484502
T5-E006,cold,cold_no_3d_flags,val_cold,ava an,483000.0,14.537832439691407,2059208.9037270145,3.263372471484502
T5-E006,cold,cold_no_3d_flags,val_cold,ava an,483000.0,14.537832439691407,2059208.9037270145,3.263372471484502
T5-E006,cold,cold_no_3d_flags,val_cold,miro kim,1145400.0,15.227763460689706,4105193.5956303035,2.5840698407807783
T5-E006,cold,cold_no_3d_flags,val_cold,miro kim,1145400.0,15.227763460689706,4105193.5956303035,2.5840698407807783
T5-E006,cold,cold_no_3d_flags,val_cold,yun hyong keun,6732000.0,14.75034196331448,2546784.0473773098,0.6216898325345648
T5-E006,cold,cold_no_3d_flags,val_cold,kim ji hoon,1794000.0,14.521414637434525,2025677.2305157816,0.1291400393064557
T5-E006,cold,cold_no_3d_flags,val_cold,kim ji hoon,3588000.0,15.031081804856104,3372219.8843373824,0.06013938563618105
T5-E006,cold,cold_no_3d_flags,val_cold,kim ji hoon,1794000.0,14.521414637434525,2025677.2305157816,0.1291400393064557
T5-E006,cold,cold_no_3d_flags,val_cold,kim ji hoon,1794000.0,14.521414637434525,2025677.2305157816,0.1291400393064557
T5-E006,cold,cold_no_3d_flags,val_cold,kim ji hoon,3588000.0,15.031081804856104,3372219.8843373824,0.06013938563618105
T5-E006,cold,cold_no_3d_flags,val_cold,kim ji hoon,1794000.0,14.521414637434525,2025677.2305157816,0.1291400393064557
T5-E006,cold,cold_no_3d_flags,val_cold,kim ji hoon,3588000.0,15.031081804856104,3372219.8843373824,0.06013938563618105
T5-E006,cold,cold_no_3d_flags,val_cold,kim ji hoon,5244000.0,15.36154689130205,4692832.4465852855,0.10510441522019728
T5-E006,cold,cold_no_3d_flags,val_cold,kim ji hoon,5244000.0,15.36154689130205,4692832.4465852855,0.10510441522019728
T5-E006,cold,cold_no_3d_flags,val_cold,jung kwangmin,11040000.0,16.586750751195744,15978438.07757354,0.44732228963528436
T5-E006,cold,cold_no_3d_flags,val_cold,hijo nam,8280000.0,14.533866724788922,2051058.8393872436,0.7522875797841493
T5-E006,cold,cold_no_3d_flags,val_cold,hijo nam,13662000.0,14.949098885095363,3106784.682170798,0.772596641621227
T5-E006,cold,cold_no_3d_flags,val_cold,yoonjung lee 이윤정,883200.0,13.681598948599014,874667.3735909262,0.009661035336360762
T5-E006,cold,cold_no_3d_flags,val_cold,jung kwangmin,11040000.0,16.586750751195744,15978438.07757354,0.44732228963528436
T5-E006,cold,cold_no_3d_flags,val_cold,jeong zik seong,13662000.0,15.234448666488575,4132729.599032977,0.6975018592422063
T5-E006,cold,cold_no_3d_flags,val_cold,sung won kwon,1380000.0,14.34321197503809,1695031.6565247877,0.2282838090759331
T5-E006,cold,cold_no_3d_flags,val_cold,jung kwangmin,11040000.0,16.586750751195744,15978438.07757354,0.44732228963528436
T5-E006,cold,cold_no_3d_flags,val_cold,lee sang sun,828000.0,13.020302816149808,451487.4323611652,0.45472532323530773
T5-E006,cold,cold_no_3d_flags,val_cold,kim ji hoon,6210000.0,15.234850787790359,4134391.791818427,0.3342364264382565
T5-E006,cold,cold_no_3d_flags,val_cold,momo kim,4140000.0,15.711655839396329,6660171.809435246,0.6087371520374989
T5-E006,cold,cold_no_3d_flags,val_cold,jung kwangmin,27600000.0,17.690280115037357,48171596.20832521,0.7453476887074351
T5-E006,cold,cold_no_3d_flags,val_cold,yoonjung lee 이윤정,1324800.0,14.228762717792199,1511726.1744888253,0.1410976558641495
T5-E006,cold,cold_no_3d_flags,val_cold,yoonjung lee 이윤정,1766400.0,14.381904552129942,1761902.1529571728,0.0025463355088469024
T5-E006,cold,cold_no_3d_flags,val_cold,yoonjung lee 이윤정,883200.0,13.526445845265508,748963.736369747,0.15198852313207997
T5-E006,cold,cold_no_3d_flags,val_cold,lee sang sun,2070000.0,14.194458404070023,1460746.8501200115,0.2943251931787384
T5-E006,cold,cold_no_3d_flags,val_cold,jung sane,7130460.0,17.083939044464678,26270023.19124388,2.6841975400246096
T5-E006,cold,cold_no_3d_flags,val_cold,jung kwangmin,11040000.0,16.586750751195744,15978438.07757354,0.44732228963528436
T5-E006,cold,cold_no_3d_flags,val_cold,seo sook yang,59340000.0,16.748843747401665,18790157.385924928,0.6833475330986699
T5-E006,cold,cold_no_3d_flags,val_cold,lee sang sun,828000.0,13.020302816149808,451487.4323611652,0.45472532323530773
T5-E006,cold,cold_no_3d_flags,val_cold,yoonjung lee 이윤정,607200.0,12.986446458445553,436457.5760879574,0.28119635031627566
T5-E006,cold,cold_no_3d_flags,val_cold,kim ji hoon,5520000.0,15.283299398228054,4339628.9118030695,0.21383534206466132
T5-E006,cold,cold_no_3d_flags,val_cold,jeong zik seong,13662000.0,15.234448666488575,4132729.599032977,0.6975018592422063
T5-E006,cold,cold_no_3d_flags,val_cold,yoonjung lee 이윤정,1987200.0,14.238846405037682,1527047.06414324,0.2315584419569042
T5-E006,cold,cold_no_3d_flags,val_cold,jung kwangmin,11040000.0,16.586750751195744,15978438.07757354,0.44732228963528436
T5-E006,cold,cold_no_3d_flags,val_cold,gum ran choe,28538400.0,16.30546665995913,12060746.666104618,0.5773853241210223
T5-E006,cold,cold_no_3d_flags,val_cold,gum ran choe,14283000.0,15.663856345966087,6349307.729605341,0.5554639970870726
T5-E006,cold,cold_no_3d_flags,val_cold,kim ji hoon,2622000.0,14.38886262337414,1774204.3437889637,0.3233393044283128
T5-E006,cold,cold_no_3d_flags,val_cold,kim ji hoon,13800000.0,16.098984683844513,9810704.896416022,0.2890793553321723
T5-E006,cold,cold_no_3d_flags,val_cold,park hyung jin b 1974,19320000.0,16.310622464429375,12123090.094841817,0.37251086465622063
T5-E006,cold,cold_no_3d_flags,val_cold,park hyung jin b 1974,16560000.0,16.1652594982798,10482937.551331075,0.3669723700887032
T5-E006,cold,cold_no_3d_flags,val_cold,kim ji hoon,8280000.0,15.234850787790359,4134391.791818427,0.5006773198286923
T5-E006,cold,cold_no_3d_flags,val_cold,kim ji hoon,6900000.0,15.352151863471935,4648949.618126541,0.3262391857787621
T5-E006,cold,cold_no_3d_flags,val_cold,momo kim,4140000.0,15.711655839396329,6660171.809435246,0.6087371520374989
T5-E006,cold,cold_no_3d_flags,val_cold,jeah hyuck,15180000.0,16.89002833151465,21639444.282675687,0.42552333877968956
T5-E006,cold,cold_no_3d_flags,val_cold,doezny,6486000.0,15.663856345966087,6349307.729605341,0.021074972308766367
T5-E006,cold,cold_no_3d_flags,val_cold,yoonjung lee 이윤정,5078400.0,15.50418468422727,5412299.919455595,0.06574903896022277
T5-E006,cold,cold_no_3d_flags,val_cold,kim ji hoon,9660000.0,15.341707225636371,4600645.720531376,0.523742679034019
T5-E006,cold,cold_no_3d_flags,val_cold,jeah hyuck,15180000.0,16.89002833151465,21639444.282675687,0.42552333877968956
T5-E006,cold,cold_no_3d_flags,val_cold,yoonjung lee 이윤정,386400.0,12.490069170711802,265685.6629395323,0.3124077046078356
T5-E006,cold,cold_no_3d_flags,val_cold,lee sang sun,12420000.0,15.356332715465605,4668426.875800657,0.6241202193397216
T5-E006,cold,cold_no_3d_flags,val_cold,jeah hyuck,8280000.0,16.89002833151465,21639444.282675687,1.6134594544294307
T5-E006,cold,cold_no_3d_flags,val_cold,dongyoon kang 강동윤,41400000.0,16.652893099869583,17071024.317771085,0.5876564174451429
T5-E006,cold,cold_no_3d_flags,val_cold,lee sang sun,5520000.0,14.888219309895478,2923287.245052474,0.4704189773455663
T5-E006,cold,cold_no_3d_flags,val_cold,lee sang sun,13800000.0,15.740349943569116,6854047.7187588345,0.5033298754522584
T5-E006,cold,cold_no_3d_flags,val_cold,kim ji hoon,20700000.0,16.304884864621435,12053731.820725197,0.41769411494081177
T5-E006,cold,cold_no_3d_flags,val_cold,kim ji hoon,2277000.0,14.66619722749451,2341253.9678463414,0.028218694706342307
T5-E006,cold,cold_no_3d_flags,val_cold,lee sang sun,13800000.0,15.740349943569116,6854047.7187588345,0.5033298754522584
T5-E006,cold,cold_no_3d_flags,val_cold,kim ji hoon,2622000.0,14.38886262337414,1774204.3437889637,0.3233393044283128
T5-E006,cold,cold_no_3d_flags,val_cold,lee sang sun,5520000.0,15.022224304431132,3342482.3398573124,0.39447783698237093
T5-E006,cold,cold_no_3d_flags,val_cold,jung kwangmin,12420000.0,16.586750751195744,15978438.07757354,0.28650870189803057
T5-E006,cold,cold_no_3d_flags,val_cold,lee sang sun,2760000.0,14.527736213690279,2038523.264409699,0.26140461434431195
T5-E006,cold,cold_no_3d_flags,val_cold,yoonjung lee 이윤정,4636800.0,15.348114814778704,4630219.414955265,0.0014192082998479795
T5-E006,cold,cold_no_3d_flags,val_cold,sung won kwon,4140000.0,14.977238255666796,3195449.280130182,0.22815234779464205
T5-E006,cold,cold_no_3d_flags,val_cold,yoonjung lee 이윤정,1324800.0,13.404976311979233,663295.7923469688,0.4993238282405127
T5-E006,cold,cold_no_3d_flags,val_cold,lee sang sun,27600000.0,16.085988798322298,9684031.001266558,0.6491293115483131
T5-E006,cold,cold_no_3d_flags,val_cold,sung won kwon,6210000.0,15.35268939087708,4651449.22769556,0.250974359469314
T5-E006,cold,cold_no_3d_flags,val_cold,lee sang sun,13800000.0,15.659337787560776,6320682.732360695,0.5419795121477757
T5-E006,cold,cold_no_3d_flags,val_cold,doezny,3450000.0,15.34862930406093,4632602.22613146,0.3427832539511477
T5-E006,cold,cold_no_3d_flags,val_cold,sung won kwon,20700000.0,16.291961760312763,11898962.391788175,0.42517089894743115
T5-E006,cold,cold_no_3d_flags,val_cold,kim ji hoon,8280000.0,15.352151863471935,4648949.618126541,0.4385326548156351
T5-E006,cold,cold_no_3d_flags,val_cold,yoonjung lee 이윤정,883200.0,13.978086264231106,1176537.3863304565,0.33213019285604223
T5-E006,cold,cold_no_3d_flags,val_cold,jung kwangmin,12420000.0,16.586750751195744,15978438.07757354,0.28650870189803057
T5-E006,cold,cold_no_3d_flags,val_cold,sung won kwon,6210000.0,15.35268939087708,4651449.22769556,0.250974359469314
T5-E006,cold,cold_no_3d_flags,val_cold,kim ji hoon,11040000.0,15.341707225636371,4600645.720531376,0.5832748441547667
T5-E006,cold,cold_no_3d_flags,val_cold,lee sang sun,8280000.0,15.35268939087708,4651449.22769556,0.4382307696019855
T5-E006,cold,cold_no_3d_flags,val_cold,sung won kwon,41400000.0,16.98799206652988,23866636.195327956,0.42351120301140205
T5-E006,cold,cold_no_3d_flags,val_cold,sung won kwon,6210000.0,15.35268939087708,4651449.22769556,0.250974359469314
T5-E006,cold,cold_no_3d_flags,val_cold,sung won kwon,4140000.0,14.977238255666796,3195449.280130182,0.22815234779464205
T5-E006,cold,cold_no_3d_flags,val_cold,lee sang sun,5520000.0,15.022224304431132,3342482.3398573124,0.39447783698237093
T5-E006,cold,cold_no_3d_flags,val_cold,lee sang sun,16560000.0,15.659337787560776,6320682.732360695,0.6183162601231464
T5-E006,cold,cold_no_3d_flags,val_cold,jeah hyuck,4140000.0,16.89002833151465,21639444.282675687,4.2269189088588615
T5-E006,cold,cold_no_3d_flags,val_cold,siyoung yang,16560000.0,16.301226895465685,12009720.187187959,0.2747753510152199
T5-E006,cold,cold_no_3d_flags,val_cold,yoonjung lee 이윤정,717600.0,13.042105164468518,461439.0082879924,0.3569690519955513
T5-E006,cold,cold_no_3d_flags,val_cold,kim ji hoon,10350000.0,15.984481825529432,8749278.742689846,0.15465905867730956
T5-E006,cold,cold_no_3d_flags,val_cold,dongyoon kang 강동윤,33120000.0,16.387353620764298,13089927.781075057,0.6047727119240623
T5-E006,cold,cold_no_3d_flags,val_cold,kim ji hoon,10350000.0,15.984481825529432,8749278.742689846,0.15465905867730956
T5-E006,cold,cold_no_3d_flags,val_cold,jung kwangmin,12420000.0,16.586750751195744,15978438.07757354,0.28650870189803057
T5-E006,cold,cold_no_3d_flags,val_cold,kim ji hoon,6900000.0,15.754852979419061,6954176.54948294,0.007851673838107212
T5-E006,cold,cold_no_3d_flags,val_cold,jeah hyuck,3450000.0,15.118425645517428,3680008.5941801528,0.06666915773337762
T5-E006,cold,cold_no_3d_flags,val_cold,kim ji hoon,20700000.0,16.29965432796908,11990848.933627246,0.420731935573563
T5-E006,cold,cold_no_3d_flags,val_cold,kim ji hoon,6900000.0,15.754852979419061,6954176.54948294,0.007851673838107212
T5-E006,cold,cold_no_3d_flags,val_cold,jeah hyuck,3450000.0,15.118425645517428,3680008.5941801528,0.06666915773337762
T5-E006,cold,cold_no_3d_flags,val_cold,park hyung jin b 1974,17940000.0,16.190109705997713,10746704.484931553,0.4009640755333583
T5-E006,cold,cold_no_3d_flags,val_cold,jung kwangmin,11730000.0,16.586750751195744,15978438.07757354,0.3621856843626206
T5-E006,cold,cold_no_3d_flags,val_cold,jung kwangmin,12420000.0,16.586750751195744,15978438.07757354,0.28650870189803057
T5-E006,cold,cold_no_3d_flags,val_cold,lee sang sun,2760000.0,14.527736213690279,2038523.264409699,0.26140461434431195
T5-E006,cold,cold_no_3d_flags,val_cold,jung kwangmin,12420000.0,16.586750751195744,15978438.07757354,0.28650870189803057
T5-E006,cold,cold_no_3d_flags,val_cold,yoonjung lee 이윤정,5078400.0,15.634590892946392,6166185.0168007165,0.21419837287348703
T5-E006,cold,cold_no_3d_flags,val_cold,sung won kwon,4140000.0,14.977238255666796,3195449.280130182,0.22815234779464205
T5-E006,cold,cold_no_3d_flags,val_cold,gum ran choe,28538400.0,16.594950511416354,16109996.073400574,0.4354975726249343
T5-E006,cold,cold_no_3d_flags,val_cold,dongyoon kang 강동윤,5520000.0,15.260172882973526,4240420.017247457,0.23180796788995342
T5-E006,cold,cold_no_3d_flags,val_cold,jeah hyuck,1656000.0,14.564846514086447,2115594.7023590873,0.2775330328255358
T5-E006,cold,cold_no_3d_flags,val_cold,sung won kwon,4140000.0,14.977238255666796,3195449.280130182,0.22815234779464205
T5-E006,cold,cold_no_3d_flags,val_cold,seo sook yang,59340000.0,16.521265711085302,14965613.754417421,0.7477988919039869
T5-E006,cold,cold_no_3d_flags,val_cold,kim ji hoon,8694000.0,15.741072822734589,6859004.158291482,0.21106462407505377
T5-E006,cold,cold_no_3d_flags,val_cold,lee sang sun,5520000.0,14.828644365402097,2754218.6959226574,0.5010473376951707
T5-E006,cold,cold_no_3d_flags,val_cold,dongyoon kang 강동윤,3312000.0,14.963685567341432,3152434.493370595,0.04817799113206675
T5-E006,cold,cold_no_3d_flags,val_cold,kim ji hoon,8280000.0,15.234850787790359,4134391.791818427,0.5006773198286923
T5-E006,cold,cold_no_3d_flags,val_cold,jeah hyuck,1656000.0,14.564846514086447,2115594.7023590873,0.2775330328255358
T5-E006,cold,cold_no_3d_flags,val_cold,siyoung yang,1656000.0,14.521414637434525,2025677.2305157816,0.2232350425819937
T5-E006,cold,cold_no_3d_flags,val_cold,jeah hyuck,1656000.0,14.564846514086447,2115594.7023590873,0.2775330328255358
T5-E006,cold,cold_no_3d_flags,val_cold,jung kwangmin,4830000.0,15.756057329037066,6962556.854749633,0.44152315833325734
T5-E006,cold,cold_no_3d_flags,val_cold,sung won kwon,6210000.0,15.35268939087708,4651449.22769556,0.250974359469314
T5-E006,cold,cold_no_3d_flags,val_cold,sung won kwon,4140000.0,14.977238255666796,3195449.280130182,0.22815234779464205
T5-E006,cold,cold_no_3d_flags,val_cold,siyoung yang,1656000.0,14.521414637434525,2025677.2305157816,0.2232350425819937
T5-E006,cold,cold_no_3d_flags,val_cold,yoonjung lee 이윤정,1048800.0,13.505587719244517,733503.552113899,0.3006259037815608
T5-E006,cold,cold_no_3d_flags,val_cold,yoonjung lee 이윤정,5078400.0,15.634590892946392,6166185.0168007165,0.21419837287348703
T5-E006,cold,cold_no_3d_flags,val_cold,jung kwangmin,17940000.0,15.898917202765515,8031783.796344117,0.5522974472494918
T5-E006,cold,cold_no_3d_flags,val_cold,namkyoung kim,6210000.0,16.33936925601628,12476647.512549836,1.0091219826972362
T5-E006,cold,cold_no_3d_flags,val_cold,jung kwangmin,12420000.0,16.586750751195744,15978438.07757354,0.28650870189803057
T5-E006,cold,cold_no_3d_flags,val_cold,kim ji hoon,5520000.0,14.725307171877448,2483817.3081259737,0.5500330963539902
T5-E006,cold,cold_no_3d_flags,val_cold,kim ji hoon,2622000.0,14.094731372695518,1322099.2506304027,0.49576687618977777
T5-E006,cold,cold_no_3d_flags,val_cold,lee sang sun,2760000.0,14.3965637066561,1787920.3856021697,0.3522027588397936
T5-E006,cold,cold_no_3d_flags,val_cold,geonwoo lee,4140000.0,15.300902750659219,4416697.269550492,0.06683508926340388
T5-E006,cold,cold_no_3d_flags,val_cold,sundoo kim,37674000.0,16.297683033591298,11967234.723466488,0.6823476476225916
T5-E006,cold,cold_no_3d_flags,val_cold,kim ji hoon,2622000.0,14.38886262337414,1774204.3437889637,0.3233393044283128
T5-E006,cold,cold_no_3d_flags,val_cold,jeah hyuck,5520000.0,16.89002833151465,21639444.282675687,2.920189181644146
T5-E006,cold,cold_no_3d_flags,val_cold,jeah hyuck,9660000.0,16.89002833151465,21639444.282675687,1.240108103796655
T5-E006,cold,cold_no_3d_flags,val_cold,geonwoo lee,3105000.0,15.119652108337581,3684524.756785415,0.18664243374731565
T5-E006,cold,cold_no_3d_flags,val_cold,jung kwangmin,11730000.0,16.586750751195744,15978438.07757354,0.3621856843626206
T5-E006,cold,cold_no_3d_flags,val_cold,da young kim,1104000.0,14.986499449954998,3225180.4171675146,1.9213590735212995
T5-E006,cold,cold_no_3d_flags,val_cold,yoonjung lee 이윤정,5078400.0,15.670776086937826,6393395.6570419585,0.25893896838412855
T5-E006,cold,cold_no_3d_flags,val_cold,yoonjung lee 이윤정,5078400.0,15.641410961188768,6208382.55087926,0.2225075911466721
T5-E006,cold,cold_no_3d_flags,val_cold,kim ji hoon,20700000.0,16.304884864621435,12053731.820725197,0.41769411494081177
T5-E006,cold,cold_no_3d_flags,val_cold,kim ji hoon,2622000.0,14.094731372695518,1322099.2506304027,0.49576687618977777
T5-E006,cold,cold_no_3d_flags,val_cold,junho jung,1380000.0,16.0978929436408,9800000.000000006,6.101449275362323
T5-E006,cold,cold_no_3d_flags,val_cold,park hyung jin b 1974,2208000.0,14.345495305054568,1698906.3951550787,0.23056775581744623
T5-E006,cold,cold_no_3d_flags,val_cold,jeah hyuck,11040000.0,16.89002833151465,21639444.282675687,0.9600945908220732
T5-E006,cold,cold_no_3d_flags,val_cold,dongyoon kang 강동윤,16560000.0,16.090866305132206,9731380.307834964,0.41235626160416883
T5-E006,cold,cold_no_3d_flags,val_cold,lee sang sun,20700000.0,16.041581959975886,9263402.316941641,0.5524926416936405
T5-E006,cold,cold_no_3d_flags,val_cold,sung won kwon,6210000.0,15.35268939087708,4651449.22769556,0.250974359469314
T5-E006,cold,cold_no_3d_flags,val_cold,dongyoon kang 강동윤,3312000.0,14.963685567341432,3152434.493370595,0.04817799113206675
T5-E006,cold,cold_no_3d_flags,val_cold,kim ji hoon,11040000.0,15.341707225636371,4600645.720531376,0.5832748441547667
T5-E006,cold,cold_no_3d_flags,val_cold,junho jung,3312000.0,16.81739829239894,20123488.89322642,5.075932636843725
T5-E006,cold,cold_no_3d_flags,val_cold,siyoung yang,16560000.0,16.098594693938843,9806879.566507416,0.4077971276263638
T5-E006,cold,cold_no_3d_flags,val_cold,lee sang sun,2760000.0,14.370183878194123,1741372.0208331167,0.3690681083937983
T5-E006,cold,cold_no_3d_flags,val_cold,yoonjung lee 이윤정,883200.0,14.247040695450892,1539611.5394363326,0.7432195872241085
T5-E006,cold,cold_no_3d_flags,val_cold,da young kim,1104000.0,14.986499449954998,3225180.4171675146,1.9213590735212995
T5-E006,cold,cold_no_3d_flags,val_cold,jeah hyuck,3450000.0,14.662195091559651,2331902.6762607414,0.324086180793988
T5-E006,cold,cold_no_3d_flags,val_cold,kim ji hoon,8280000.0,15.352151863471935,4648949.618126541,0.4385326548156351
T5-E006,cold,cold_no_3d_flags,val_cold,sung won kwon,4140000.0,14.977238255666796,3195449.280130182,0.22815234779464205
T5-E006,cold,cold_no_3d_flags,val_cold,kim ji hoon,8280000.0,14.942452992964316,3086205.7846091916,0.6272698327766677
T5-E006,cold,cold_no_3d_flags,val_cold,kim ji hoon,2277000.0,14.66619722749451,2341253.9678463414,0.028218694706342307
T5-E006,cold,cold_no_3d_flags,val_cold,doezny,6486000.0,15.663856345966087,6349307.729605341,0.021074972308766367
T5-E006,cold,cold_no_3d_flags,val_cold,jeah hyuck,15180000.0,16.89002833151465,21639444.282675687,0.42552333877968956
T5-E006,cold,cold_no_3d_flags,val_cold,kim ji hoon,11040000.0,15.200373013337781,3994276.4757660246,0.6381995945864108
T5-E006,cold,cold_no_3d_flags,val_cold,kim ji hoon,8970000.0,15.341707225636371,4600645.720531376,0.48710750049817436
T5-E006,cold,cold_no_3d_flags,val_cold,lee sang sun,13800000.0,15.654182809958671,6288183.592582939,0.5443345222765986
T5-E006,cold,cold_no_3d_flags,val_cold,lee sang sun,3450000.0,14.701426683923533,2425205.1674854173,0.2970419804390095
T5-E006,cold,cold_no_3d_flags,val_cold,jung kwangmin,11730000.0,16.586750751195744,15978438.07757354,0.3621856843626206
T5-E006,cold,cold_no_3d_flags,val_cold,kim ji hoon,8970000.0,15.341707225636371,4600645.720531376,0.48710750049817436
T5-E006,cold,cold_no_3d_flags,val_cold,jeah hyuck,1656000.0,14.564846514086447,2115594.7023590873,0.2775330328255358
T5-E006,cold,cold_no_3d_flags,val_cold,geonwoo lee,2070000.0,15.635838476314994,6173882.647394933,1.9825520035724313
T5-E006,cold,cold_no_3d_flags,val_cold,kim ji hoon,5244000.0,15.646283114150556,6238704.5470325,0.18968431484220055
T5-E006,cold,cold_no_3d_flags,val_cold,kim ji hoon,2277000.0,14.66619722749451,2341253.9678463414,0.028218694706342307
T5-E006,cold,cold_no_3d_flags,val_cold,dongyoon kang 강동윤,16560000.0,16.090866305132206,9731380.307834964,0.41235626160416883
T5-E006,cold,cold_no_3d_flags,val_cold,siyoung yang,1656000.0,14.529038482657045,2041179.6993159193,0.23259643678497544
T5-E006,cold,cold_no_3d_flags,val_cold,sung won kwon,6210000.0,15.35268939087708,4651449.22769556,0.250974359469314
T5-E006,cold,cold_no_3d_flags,val_cold,jeah hyuck,15180000.0,16.89002833151465,21639444.282675687,0.42552333877968956
T5-E006,cold,cold_no_3d_flags,val_cold,gum ran choe,14283000.0,15.957987596644708,8520517.161285194,0.40345045429635273
T5-E006,cold,cold_no_3d_flags,val_cold,kim ji hoon,1794000.0,14.514266812028472,2011249.6676203338,0.1210979195208104
T5-E006,cold,cold_no_3d_flags,val_cold,kim ji hoon,6900000.0,15.352151863471935,4648949.618126541,0.3262391857787621
T5-E006,cold,cold_no_3d_flags,val_cold,kim ji hoon,2622000.0,14.094731372695518,1322099.2506304027,0.49576687618977777
T5-E006,cold,cold_no_3d_flags,val_cold,kim ji hoon,2622000.0,14.094731372695518,1322099.2506304027,0.49576687618977777
T5-E006,cold,cold_no_3d_flags,val_cold,park hyung jin b 1974,17250000.0,16.086825599058315,9692137.99703298,0.4381369277082331
T5-E006,cold,cold_no_3d_flags,val_cold,jung kwangmin,41400000.0,17.713931488986518,49324500.7898028,0.19141306255562313
T5-E006,cold,cold_no_3d_flags,val_cold,kim ji hoon,8280000.0,15.234850787790359,4134391.791818427,0.5006773198286923
T5-E006,cold,cold_no_3d_flags,val_cold,geonwoo lee,10350000.0,16.03520407341321,9204509.393606257,0.11067542090760805
T5-E006,cold,cold_no_3d_flags,val_cold,jung kwangmin,11730000.0,16.586750751195744,15978438.07757354,0.3621856843626206
T5-E006,cold,cold_no_3d_flags,val_cold,siyoung yang,1656000.0,14.529038482657045,2041179.6993159193,0.23259643678497544
T5-E006,cold,cold_no_3d_flags,val_cold,miro kim,3036000.0,15.022694160776869,3344053.1954045305,0.10146679690531307
T5-E006,cold,cold_no_3d_flags,val_cold,lee sang sun,27600000.0,16.190672491177693,10752754.273155198,0.6104074538711884
T5-E006,cold,cold_no_3d_flags,val_cold,kim ji hoon,2622000.0,14.38886262337414,1774204.3437889637,0.3233393044283128
T5-E006,cold,cold_no_3d_flags,val_cold,geonwoo lee,20700000.0,16.5937855786477,16091239.93801128,0.2226454136226435
T5-E006,cold,cold_no_3d_flags,val_cold,geonwoo lee,6210000.0,15.635838476314994,6173882.647394933,0.0058159988091895645
T5-E006,cold,cold_no_3d_flags,val_cold,jeah hyuck,6900000.0,16.89002833151465,21639444.282675687,2.136151345315317
T5-E006,cold,cold_no_3d_flags,val_cold,siyoung yang,8280000.0,15.514829330149682,5470219.6563710105,0.339345452129105
T5-E006,cold,cold_no_3d_flags,val_cold,jung sane,1018440.0,15.001477498938069,3273850.9120639716,2.214574164471124
T5-E006,cold,cold_no_3d_flags,val_cold,lee sang sun,20700000.0,16.0845741189073,9670340.887798928,0.5328337735362837
T5-E006,cold,cold_no_3d_flags,val_cold,kim ji hoon,5520000.0,14.725307171877448,2483817.3081259737,0.5500330963539902
T5-E006,cold,cold_no_3d_flags,val_cold,jeah hyuck,15180000.0,16.89002833151465,21639444.282675687,0.42552333877968956
T5-E006,cold,cold_no_3d_flags,val_cold,dongyoon kang 강동윤,16560000.0,16.090866305132206,9731380.307834964,0.41235626160416883
T5-E006,cold,cold_no_3d_flags,val_cold,geonwoo lee,20700000.0,16.5937855786477,16091239.93801128,0.2226454136226435
T5-E006,cold,cold_no_3d_flags,val_cold,dongyoon kang 강동윤,16560000.0,15.955272962018297,8497418.436847834,0.48687086734010665
T5-E006,cold,cold_no_3d_flags,val_cold,jeah hyuck,15180000.0,16.89002833151465,21639444.282675687,0.42552333877968956
T5-E006,cold,cold_no_3d_flags,val_cold,sung won kwon,20700000.0,16.291961760312763,11898962.391788175,0.42517089894743115
T5-E006,cold,cold_no_3d_flags,val_cold,jeah hyuck,12420000.0,16.89002833151465,21639444.282675687,0.7423063029529539
T5-E006,cold,cold_no_3d_flags,val_cold,geonwoo lee,4140000.0,15.300902750659219,4416697.269550492,0.06683508926340388
T5-E006,cold,cold_no_3d_flags,val_cold,sung won kwon,4140000.0,14.977238255666796,3195449.280130182,0.22815234779464205
T5-E006,cold,cold_no_3d_flags,val_cold,dongyoon kang 강동윤,16560000.0,16.436266873799273,13746116.059831707,0.16992052778794042
T5-E006,cold,cold_no_3d_flags,val_cold,kim ji hoon,13800000.0,16.098984683844513,9810704.896416022,0.2890793553321723
T5-E006,cold,cold_no_3d_flags,val_cold,kim ji hoon,10350000.0,15.984481825529432,8749278.742689846,0.15465905867730956
T5-E006,cold,cold_no_3d_flags,val_cold,momo kim,1380000.0,14.521414637434525,2025677.2305157816,0.4678820510983924
T5-E006,cold,cold_no_3d_flags,val_cold,momo kim,1380000.0,14.715396967928873,2459323.740619636,0.7821186526229248
T5-E006,cold,cold_no_3d_flags,val_cold,jungbin suh,450000.0,10.783593199508534,48223.08848253615,0.8928375811499197
T5-E006,cold,cold_no_3d_flags,val_cold,jungbin suh,50000.0,10.783593199508534,48223.08848253615,0.035538230349277
T5-E006,cold,cold_no_3d_flags,val_cold,park hyung jin b 1974,4140000.0,14.835145800873597,2772183.4059715276,0.3303904816493895
T5-E006,cold,cold_no_3d_flags,val_cold,jungbin suh,700000.0,10.783593199508534,48223.08848253615,0.931109873596377
T5-E006,cold,cold_no_3d_flags,val_cold,jungbin suh,900000.0,14.414941408428486,1821082.0373856947,1.0234244859841053
T5-E006,cold,cold_no_3d_flags,val_cold,momo kim,276000.0,12.876841070835738,391147.91663210856,0.41720259649314695
T5-E006,cold,cold_no_3d_flags,val_cold,momo kim,276000.0,12.876841070835738,391147.91663210856,0.41720259649314695
T5-E006,cold,cold_no_3d_flags,val_cold,doezny,552000.0,13.403736658058971,662474.0445643571,0.20013413870354554
T5-E006,cold,cold_no_3d_flags,val_cold,momo kim,276000.0,12.876841070835738,391147.91663210856,0.41720259649314695
T5-E006,cold,cold_no_3d_flags,val_cold,doezny,1035000.0,13.871703907424001,1057802.1894472672,0.022031100915234022
T5-E006,cold,cold_no_3d_flags,val_cold,momo kim,276000.0,12.876841070835738,391147.91663210856,0.41720259649314695
T5-E006,cold,cold_no_3d_flags,val_cold,momo kim,276000.0,12.876841070835738,391147.91663210856,0.41720259649314695
T5-E006,cold,cold_no_3d_flags,val_cold,momo kim,276000.0,12.876841070835738,391147.91663210856,0.41720259649314695
T5-E006,cold,cold_no_3d_flags,val_cold,sung won kwon,621000.0,13.611831585260699,815724.1988923227,0.31356553766879663
T5-E006,cold,cold_no_3d_flags,val_cold,momo kim,276000.0,12.876841070835738,391147.91663210856,0.41720259649314695
T5-E006,cold,cold_no_3d_flags,val_cold,momo kim,276000.0,12.876841070835738,391147.91663210856,0.41720259649314695
T5-E006,cold,cold_no_3d_flags,val_cold,sung won kwon,621000.0,13.611831585260699,815724.1988923227,0.31356553766879663
T5-E006,cold,cold_no_3d_flags,val_cold,momo kim,276000.0,12.876841070835738,391147.91663210856,0.41720259649314695
T5-E006,cold,cold_no_3d_flags,val_cold,sung won kwon,621000.0,13.611831585260699,815724.1988923227,0.31356553766879663
T5-E006,cold,cold_no_3d_flags,val_cold,momo kim,276000.0,12.876841070835738,391147.91663210856,0.41720259649314695
T5-E006,cold,cold_no_3d_flags,val_cold,sung won kwon,621000.0,13.738430019894128,925815.2872272747,0.49084587315181116
T5-E006,cold,cold_no_3d_flags,val_cold,sung won kwon,621000.0,13.611831585260699,815724.1988923227,0.31356553766879663
T5-E006,cold,cold_no_3d_flags,val_cold,momo kim,276000.0,12.876841070835738,391147.91663210856,0.41720259649314695
T5-E006,cold,cold_no_3d_flags,val_cold,sung won kwon,621000.0,13.611831585260699,815724.1988923227,0.31356553766879663
T5-E006,cold,cold_no_3d_flags,val_cold,sung won kwon,621000.0,13.611831585260699,815724.1988923227,0.31356553766879663
T5-E006,cold,cold_no_3d_flags,val_cold,momo kim,276000.0,12.876841070835738,391147.91663210856,0.41720259649314695
T5-E006,cold,cold_no_3d_flags,val_cold,doezny,828000.0,13.585118444283264,794222.1160808051,0.040794545796129136
T5-E006,cold,cold_no_3d_flags,val_cold,momo kim,276000.0,12.876841070835738,391147.91663210856,0.41720259649314695
T5-E006,cold,cold_no_3d_flags,val_cold,momo kim,276000.0,12.876841070835738,391147.91663210856,0.41720259649314695
T5-E006,cold,cold_no_3d_flags,val_cold,momo kim,276000.0,12.876841070835738,391147.91663210856,0.41720259649314695
T5-E006,cold,cold_no_3d_flags,val_cold,momo kim,276000.0,12.876841070835738,391147.91663210856,0.41720259649314695
T5-E006,cold,cold_no_3d_flags,val_cold,sung won kwon,621000.0,13.611831585260699,815724.1988923227,0.31356553766879663
T5-E006,cold,cold_no_3d_flags,val_cold,jeongwoong lee,2400000.0,14.566617299646007,2119344.285782203,0.11693988092408206
T5-E006,cold,cold_no_3d_flags,val_cold,jeongwoong lee,5000000.0,14.94166027070938,3083760.250043325,0.383247949991335
T5-E006,cold,cold_no_3d_flags,val_cold,noori noh,1794000.0,14.996688870529752,3258211.1330132526,0.8161712001188699
T5-E006,cold,cold_no_3d_flags,val_cold,yun hyong keun,276000000.0,15.191469423476343,3958870.9283634396,0.9856562647523064
T5-E006,cold,cold_no_3d_flags,val_cold,noori noh,2760000.0,15.332734048010536,4559547.973736891,0.6520101354119169
T5-E006,cold,cold_no_3d_flags,val_cold,jeongwoong lee,1500000.0,13.555778756798272,771258.4086734176,0.4858277275510549
T5-E006,cold,cold_no_3d_flags,val_cold,noori noh,2760000.0,15.332734048010536,4559547.973736891,0.6520101354119169
T5-E006,cold,cold_no_3d_flags,val_cold,noori noh,2760000.0,15.332734048010536,4559547.973736891,0.6520101354119169
T5-E006,cold,cold_no_3d_flags,val_cold,noori noh,2760000.0,15.332734048010536,4559547.973736891,0.6520101354119169
T5-E006,cold,cold_no_3d_flags,val_cold,seohyun oh,4692000.0,15.127783113123636,3714605.773935108,0.2083107898689028
T5-E006,cold,cold_no_3d_flags,val_cold,seohyun oh,3312000.0,14.711680249746331,2450200.092872687,0.26020528596839154
T5-E006,cold,cold_no_3d_flags,val_cold,noori noh,2760000.0,15.123717595736672,3699534.636319982,0.34041110011593545
T5-E006,cold,cold_no_3d_flags,val_cold,seohyun oh,11040000.0,16.629231769545708,16671842.383831732,0.510130650709396
T5-E006,cold,cold_no_3d_flags,val_cold,noori noh,6348000.0,16.990042078456188,23915613.26880922,2.7674249005685603
T5-E006,cold,cold_no_3d_flags,val_cold,heeju moon,1656000.0,15.2832677718527,4339491.667240488,1.6204659826331451
T5-E006,cold,cold_no_3d_flags,val_cold,heeju moon,1656000.0,15.257262481605583,4228096.634721986,1.5531984509190737
T5-E006,cold,cold_no_3d_flags,val_cold,sj park,4692000.0,15.488824039902566,5329798.76304267,0.13593324020517258
T5-E006,cold,cold_no_3d_flags,val_cold,noori noh,1794000.0,14.996688870529752,3258211.1330132526,0.8161712001188699
T5-E006,cold,cold_no_3d_flags,val_cold,lee sejun,2070000.0,14.85730108773866,2834287.3495924408,0.36922094183209697
T5-E006,cold,cold_no_3d_flags,val_cold,heeju moon,13386000.0,17.12045840101763,27247120.425133392,1.0354938312515607
T5-E006,cold,cold_no_3d_flags,val_cold,sung won kwon,2484000.0,14.6279758071332,2253456.476367191,0.09281140242866709
T5-E006,cold,cold_no_3d_flags,val_cold,jeongyoon oh,9963600.0,15.209921757724159,4032599.4779317593,0.5952668234441608
T5-E006,cold,cold_no_3d_flags,val_cold,jeongyoon oh,9963600.0,15.257262481605583,4228096.634721986,0.5756456868278548
T5-E006,cold,cold_no_3d_flags,val_cold,jeongyoon oh,2346000.0,14.430145216575754,1848980.966873766,0.21185807038628904
T5-E006,cold,cold_no_3d_flags,val_cold,zain,1242000.0,14.503033192409928,1988782.4840619045,0.6012741417567669
T5-E006,cold,cold_no_3d_flags,val_cold,heeju moon,1380000.0,15.165334631460757,3856746.967001201,1.7947441789863776
T5-E006,cold,cold_no_3d_flags,val_cold,lee sukju,70000000.0,16.173524701355547,10569940.211060561,0.8490008541277063
T5-E006,cold,cold_no_3d_flags,val_cold,seohyun oh,9246000.0,16.28184343910444,11779171.929464817,0.2739749004396298
T5-E006,cold,cold_no_3d_flags,val_cold,semi cho,27324000.0,17.29214974243046,32350814.05009074,0.18397065034734084
T5-E006,cold,cold_no_3d_flags,val_cold,seohyun oh,8280000.0,16.185789836864508,10700380.257283041,0.292316456193604
T5-E006,cold,cold_no_3d_flags,val_cold,jeongyoon oh,29890800.0,16.081347176135242,9639185.546454934,0.6775199878740302
T5-E006,cold,cold_no_3d_flags,val_cold,jeongyoon oh,24150000.0,15.92196772411854,8219070.839766855,0.6596658037363621
T5-E006,cold,cold_no_3d_flags,val_cold,noori noh,2760000.0,15.332734048010536,4559547.973736891,0.6520101354119169
T5-E006,cold,cold_no_3d_flags,val_cold,jeongyoon oh,9963600.0,15.257262481605583,4228096.634721986,0.5756456868278548
T5-E006,cold,cold_no_3d_flags,val_cold,jeongyoon oh,14945400.0,15.572992784057208,5797821.3988018045,0.6120664954566754
T5-E006,cold,cold_no_3d_flags,val_cold,jung yeonkyung,18975000.0,16.081347176135242,9639185.546454934,0.49200603180738156
T5-E006,cold,cold_no_3d_flags,val_cold,jeongyoon oh,2760000.0,14.430145216575754,1848980.966873766,0.3300793598283457
T5-E006,cold,cold_no_3d_flags,val_cold,jeongyoon oh,2760000.0,14.430145216575754,1848980.966873766,0.3300793598283457
T5-E006,cold,cold_no_3d_flags,val_cold,jeongyoon oh,29890800.0,16.276386165604382,11715064.850674786,0.6080712175426959
T5-E006,cold,cold_no_3d_flags,val_cold,jeongyoon oh,9963600.0,15.209921757724159,4032599.4779317593,0.5952668234441608
T5-E006,cold,cold_no_3d_flags,val_cold,heeju moon,1380000.0,15.357700734717046,4674817.744059404,2.387549089898119
T5-E006,cold,cold_no_3d_flags,val_cold,zain,1242000.0,14.503033192409928,1988782.4840619045,0.6012741417567669
T5-E006,cold,cold_no_3d_flags,val_cold,jeongyoon oh,2346000.0,14.430145216575754,1848980.966873766,0.21185807038628904
T5-E006,cold,cold_no_3d_flags,val_cold,jeongyoon oh,9963600.0,15.257262481605583,4228096.634721986,0.5756456868278548
T5-E006,cold,cold_no_3d_flags,val_cold,jeongyoon oh,14945400.0,15.572992784057208,5797821.3988018045,0.6120664954566754
T5-E006,cold,cold_no_3d_flags,val_cold,heeju moon,1380000.0,15.165334631460757,3856746.967001201,1.7947441789863776
T5-E006,cold,cold_no_3d_flags,val_cold,heeju moon,1656000.0,15.33169544446993,4554814.869402724,1.7504920708953648
T5-E006,cold,cold_no_3d_flags,val_cold,sj park,4692000.0,15.637035020136526,6181274.389921555,0.3174071589773136
T5-E006,cold,cold_no_3d_flags,val_cold,sj park,4692000.0,15.488824039902566,5329798.76304267,0.13593324020517258
T5-E006,cold,cold_no_3d_flags,val_cold,sunghoon yang,8280000.0,15.305324140475031,4436268.44389051,0.46421878696974517
T5-E006,cold,cold_no_3d_flags,val_cold,jung yeonkyung,7107000.0,15.322303469268123,4512236.421945565,0.3650997014287934
T5-E006,cold,cold_no_3d_flags,val_cold,jeongyoon oh,2346000.0,14.430145216575754,1848980.966873766,0.21185807038628904
T5-E006,cold,cold_no_3d_flags,val_cold,sj park,4692000.0,15.488824039902566,5329798.76304267,0.13593324020517258
T5-E006,cold,cold_no_3d_flags,val_cold,jeongyoon oh,2346000.0,14.430145216575754,1848980.966873766,0.21185807038628904
T5-E006,cold,cold_no_3d_flags,val_cold,jeongyoon oh,2760000.0,14.503033192409928,1988782.4840619045,0.2794266362094549
T5-E006,cold,cold_no_3d_flags,val_cold,jeongyoon oh,9963600.0,15.02923850228421,3366009.5882374053,0.6621693375649961
T5-E006,cold,cold_no_3d_flags,val_cold,jeongyoon oh,2346000.0,14.430145216575754,1848980.966873766,0.21185807038628904
T5-E006,cold,cold_no_3d_flags,val_cold,jeongyoon oh,2346000.0,14.430145216575754,1848980.966873766,0.21185807038628904
T5-E006,cold,cold_no_3d_flags,val_cold,jeongyoon oh,14945400.0,15.572992784057208,5797821.3988018045,0.6120664954566754
T5-E006,cold,cold_no_3d_flags,val_cold,heeju moon,5796000.0,16.42010631893434,13525756.558771806,1.3336363973036243
T5-E006,cold,cold_no_3d_flags,val_cold,heeju moon,1380000.0,15.326146573224818,4529610.779940132,2.2823266521305303
T5-E006,cold,cold_no_3d_flags,val_cold,heeju moon,2760000.0,15.721580013983024,6726597.582549751,1.4371730371557068
T5-E006,cold,cold_no_3d_flags,val_cold,jeong yeon kim,1462800.0,14.520180982232075,2023179.7840725104,0.38308708235747224
T5-E006,cold,cold_no_3d_flags,val_cold,jeong yeon kim,1462800.0,14.520180982232075,2023179.7840725104,0.38308708235747224
T5-E006,cold,cold_no_3d_flags,val_cold,misoung lim,910800.0,14.92296560633241,3026645.917191536,2.323063150188336
T5-E006,cold,cold_no_3d_flags,val_cold,misoung lim,1145400.0,15.107865274305562,3641350.816865667,2.179108448459636
T5-E006,cold,cold_no_3d_flags,val_cold,ryeong ah kim,469200.0,13.779301514465407,964438.662776554,1.055495871220277
T5-E006,cold,cold_no_3d_flags,val_cold,jeong yeon kim,4374600.0,16.79051858550478,19589780.50672134,3.4780735396885065
T5-E006,cold,cold_no_3d_flags,val_cold,jeong yeon kim,4374600.0,16.86492030459837,21102884.696982227,3.823957549714769
T5-E006,cold,cold_no_3d_flags,val_cold,kangso lee,97014000.0,15.738727803805169,6842938.508192353,0.9294644225762018
T5-E006,cold,cold_no_3d_flags,val_cold,hyun jin oh,952200.0,13.546310524277821,763990.416542788,0.19765761757741226
T5-E006,cold,cold_no_3d_flags,val_cold,jeong yeon kim,43732200.0,16.29353395542653,11917684.595941922,0.7274849059516346
T5-E006,cold,cold_no_3d_flags,val_cold,jeong yeon kim,4374600.0,15.348843234292074,4633593.385812225,0.05920390111375322
T5-E006,cold,cold_no_3d_flags,val_cold,ryeong ah kim,469200.0,13.779301514465407,964438.662776554,1.055495871220277
T5-E006,cold,cold_no_3d_flags,val_cold,ryeong ah kim,469200.0,13.69350302329075,885141.6992237759,0.8864912600677235
T5-E006,cold,cold_no_3d_flags,val_cold,misoung lim,1366200.0,15.27338616379821,4296821.682673525,2.1450897984727897
T5-E006,cold,cold_no_3d_flags,val_cold,hyun jin oh,1380000.0,13.758637795214964,944714.264565419,0.31542444596708763
T5-E006,cold,cold_no_3d_flags,val_cold,sung won kwon,5175000.0,15.111345403036756,3654045.262804638,0.29390429704258203
T5-E006,cold,cold_no_3d_flags,val_cold,misoung lim,1145400.0,15.107865274305562,3641350.816865667,2.179108448459636
T5-E006,cold,cold_no_3d_flags,val_cold,sung won kwon,16560000.0,16.301225671859935,12009705.492034271,0.27477623840372756
T5-E006,cold,cold_no_3d_flags,val_cold,jeong yeon kim,4374600.0,16.86492030459837,21102884.696982227,3.823957549714769
T5-E006,cold,cold_no_3d_flags,val_cold,sj park,2760000.0,15.12513168103419,3704769.7944645765,0.34230789654513644
T5-E006,cold,cold_no_3d_flags,val_cold,choi sangchul,66240000.0,16.29353395542653,11917684.595941922,0.8200832639501521
T5-E006,cold,cold_no_3d_flags,val_cold,sung won kwon,6624000.0,15.50418468422727,5412299.919455595,0.18292573679716254
T5-E006,cold,cold_no_3d_flags,val_cold,jimo,1794000.0,14.92296560633241,3026645.917191536,0.6870935993263858
T5-E006,cold,cold_no_3d_flags,val_cold,sung won kwon,33120000.0,16.703106495362803,17950104.513537392,0.45802824536420916
T5-E006,cold,cold_no_3d_flags,val_cold,seol min yi,2056200.0,14.532157049770005,2047555.1912305052,0.00420426455086799
T5-E006,cold,cold_no_3d_flags,val_cold,jimo,2760000.0,15.274410271427728,4301224.344556454,0.558414617592918
T5-E006,cold,cold_no_3d_flags,val_cold,choi sangchul,44850000.0,16.088446196315903,9707857.783572162,0.7835483214365182
T5-E006,cold,cold_no_3d_flags,val_cold,jimo,455400.0,13.779770893385676,964891.4562122868,1.118777901212751
T5-E006,cold,cold_no_3d_flags,val_cold,sung won kwon,6624000.0,15.50418468422727,5412299.919455595,0.18292573679716254
T5-E006,cold,cold_no_3d_flags,val_cold,hyun jin oh,2346000.0,14.637220657996975,2274385.941244804,0.03052602674987049
T5-E006,cold,cold_no_3d_flags,val_cold,jimo,4554000.0,15.654998845541115,6293317.068408024,0.38193172340975484
T5-E006,cold,cold_no_3d_flags,val_cold,ryeong ah kim,276000.0,13.701463627611327,892216.0828841837,2.23266696697168
T5-E006,cold,cold_no_3d_flags,val_cold,hyun jin oh,1794000.0,14.224395107582266,1505137.941703995,0.16101564007581104
T5-E006,cold,cold_no_3d_flags,val_cold,ryeong ah kim,469200.0,13.69350302329075,885141.6992237759,0.8864912600677235
T5-E006,cold,cold_no_3d_flags,val_cold,jimo,455400.0,13.779770893385676,964891.4562122868,1.118777901212751
T5-E006,cold,cold_no_3d_flags,val_cold,choi sangchul,44850000.0,16.088446196315903,9707857.783572162,0.7835483214365182
T5-E006,cold,cold_no_3d_flags,val_cold,ryeong ah kim,276000.0,13.701463627611327,892216.0828841837,2.23266696697168
T5-E006,cold,cold_no_3d_flags,val_cold,sung won kwon,6624000.0,15.50418468422727,5412299.919455595,0.18292573679716254
T5-E006,cold,cold_no_3d_flags,val_cold,noori noh,1794000.0,14.520180982232075,2023179.7840725104,0.12774792869147739
T5-E006,cold,cold_no_3d_flags,val_cold,siyoung yang,2760000.0,13.88886780195917,1076114.9038414434,0.610103295709622
T5-E006,cold,cold_no_3d_flags,val_cold,jung sane,10074000.0,16.80173876901548,19810819.167186473,0.9665295976956991
T5-E006,cold,cold_no_3d_flags,val_cold,sung won kwon,6624000.0,15.50418468422727,5412299.919455595,0.18292573679716254
T5-E006,cold,cold_no_3d_flags,val_cold,sung won kwon,16560000.0,16.301225671859935,12009705.492034271,0.27477623840372756
T5-E006,cold,cold_no_3d_flags,val_cold,siyoung yang,1656000.0,14.378791091933941,1756425.071496652,0.060643159116335735
T5-E006,cold,cold_no_3d_flags,val_cold,sung won kwon,6624000.0,15.50418468422727,5412299.919455595,0.18292573679716254
T5-E006,cold,cold_no_3d_flags,val_cold,ryeong ah kim,952200.0,14.520180982232075,2023179.7840725104,1.1247424743462617
T5-E006,cold,cold_no_3d_flags,val_cold,momo kim,6527400.0,15.738727803805169,6842938.508192353,0.048340611605287395
T5-E006,cold,cold_no_3d_flags,val_cold,sung won kwon,6624000.0,15.50418468422727,5412299.919455595,0.18292573679716254
T5-E006,cold,cold_no_3d_flags,val_cold,jimo,4554000.0,15.654998845541115,6293317.068408024,0.38193172340975484
T5-E006,cold,cold_no_3d_flags,val_cold,seol min yi,2056200.0,14.532157049770005,2047555.1912305052,0.00420426455086799
T5-E006,cold,cold_no_3d_flags,val_cold,chung hyunhee,1587000.0,14.520180982232075,2023179.7840725104,0.27484548460775704
T5-E006,cold,cold_no_3d_flags,val_cold,sung won kwon,4140000.0,14.977238255666796,3195449.280130182,0.22815234779464205
T5-E006,cold,cold_no_3d_flags,val_cold,hyun jin oh,1794000.0,14.224395107582266,1505137.941703995,0.16101564007581104
T5-E006,cold,cold_no_3d_flags,val_cold,seol min yi,5147400.0,15.348843234292074,4633593.385812225,0.09981866849045638
T5-E006,cold,cold_no_3d_flags,val_cold,ryeong ah kim,276000.0,13.299320560969916,596789.9935969106,1.162282585496053
T5-E006,cold,cold_no_3d_flags,val_cold,jimo,2760000.0,15.274410271427728,4301224.344556454,0.558414617592918
T5-E006,cold,cold_no_3d_flags,val_cold,sung won kwon,3312000.0,14.977238255666796,3195449.280130182,0.03519043474330256
T5-E006,cold,cold_no_3d_flags,val_cold,sung won kwon,6624000.0,15.50418468422727,5412299.919455595,0.18292573679716254
T5-E006,cold,cold_no_3d_flags,val_cold,chung hyunhee,1587000.0,14.520180982232075,2023179.7840725104,0.27484548460775704
T5-E006,cold,cold_no_3d_flags,val_cold,siyoung yang,16560000.0,16.085988798322298,9684031.001266558,0.4152155192471885
T5-E006,cold,cold_no_3d_flags,val_cold,sung won kwon,1656000.0,13.997950943243419,1200142.602654689,0.27527620612639553
T5-E006,cold,cold_no_3d_flags,val_cold,siyoung yang,4968000.0,15.147562078868532,3788808.2392727262,0.23735743975991824
T5-E006,cold,cold_no_3d_flags,val_cold,choi sangchul,44850000.0,16.088446196315903,9707857.783572162,0.7835483214365182
T5-E006,cold,cold_no_3d_flags,val_cold,choi sangchul,22770000.0,15.51266292424936,5458381.767697236,0.7602818723013949
T5-E006,cold,cold_no_3d_flags,val_cold,hyun jin oh,1794000.0,14.03749540015515,1248552.4524010944,0.30403988160474116
T5-E006,cold,cold_no_3d_flags,val_cold,sj park,1794000.0,14.014132798925786,1219721.1181838291,0.32011085942930373
T5-E006,cold,cold_no_3d_flags,val_cold,choi sangchul,89700000.0,16.67757736642756,17497653.88911975,0.8049313947701254
T5-E006,cold,cold_no_3d_flags,val_cold,sj park,4692000.0,14.626912669776116,2251062.015650451,0.5202340120097078
T5-E006,cold,cold_no_3d_flags,val_cold,ryeong ah kim,1794000.0,15.013836660351899,3314564.0357254953,0.8475830745404098
T5-E006,cold,cold_no_3d_flags,val_cold,sj park,4692000.0,15.274441897803085,4301360.378843193,0.08325652624825385
T5-E006,cold,cold_no_3d_flags,val_cold,ryeong ah kim,565800.0,14.377003946436501,1753288.8875817358,2.0987785217068504
T5-E006,cold,cold_no_3d_flags,val_cold,sung won kwon,16560000.0,16.301225671859935,12009705.492034271,0.27477623840372756
T5-E006,cold,cold_no_3d_flags,val_cold,sung won kwon,6210000.0,15.35268939087708,4651449.22769556,0.250974359469314
T5-E006,cold,cold_no_3d_flags,val_cold,sung won kwon,6624000.0,15.50418468422727,5412299.919455595,0.18292573679716254
T5-E006,cold,cold_no_3d_flags,val_cold,jimo,1380000.0,14.818111660452015,2725361.5616496056,0.9748996823547867
T5-E006,cold,cold_no_3d_flags,val_cold,hyun jin oh,1794000.0,14.167924130685213,1422496.7079157438,0.20708098778386633
T5-E006,cold,cold_no_3d_flags,val_cold,sj park,2760000.0,14.791537931400663,2653892.349378297,0.038444800949892353
T5-E006,cold,cold_no_3d_flags,val_cold,jimo,1380000.0,14.818111660452015,2725361.5616496056,0.9748996823547867
T5-E006,cold,cold_no_3d_flags,val_cold,seol min yi,5147400.0,15.348843234292074,4633593.385812225,0.09981866849045638
T5-E006,cold,cold_no_3d_flags,val_cold,hyun jin oh,1794000.0,14.03749540015515,1248552.4524010944,0.30403988160474116
T5-E006,cold,cold_no_3d_flags,val_cold,sung won kwon,1656000.0,13.997950943243419,1200142.602654689,0.27527620612639553
T5-E006,cold,cold_no_3d_flags,val_cold,jimo,1794000.0,14.92296560633241,3026645.917191536,0.6870935993263858
T5-E006,cold,cold_no_3d_flags,val_cold,hyun jin oh,1794000.0,14.637220657996975,2274385.941244804,0.26777365732709246
T5-E006,cold,cold_no_3d_flags,val_cold,sung won kwon,3312000.0,15.271369506345417,4288165.196721059,0.29473586857519907
T5-E006,cold,cold_no_3d_flags,val_cold,sung won kwon,1656000.0,14.266882009939327,1570464.525912862,0.05165185633281278
T5-E006,cold,cold_no_3d_flags,val_cold,seol min yi,3422400.0,15.044461252215452,3417641.5032702573,0.0013903975951796211
T5-E006,cold,cold_no_3d_flags,val_cold,sung won kwon,3312000.0,14.977238255666796,3195449.280130182,0.03519043474330256
T5-E006,cold,cold_no_3d_flags,val_cold,seol min yi,3422400.0,15.044461252215452,3417641.5032702573,0.0013903975951796211
T5-E006,cold,cold_no_3d_flags,val_cold,sj park,4692000.0,15.50418468422727,5412299.919455595,0.15351660687459406
T5-E006,cold,cold_no_3d_flags,val_cold,sung won kwon,1656000.0,14.266882009939327,1570464.525912862,0.05165185633281278
T5-E006,cold,cold_no_3d_flags,val_cold,choi sangchul,66240000.0,16.29353395542653,11917684.595941922,0.8200832639501521
T5-E006,cold,cold_no_3d_flags,val_cold,momo kim,5934000.0,15.738727803805169,6842938.508192353,0.15317467276581614
T5-E006,cold,cold_no_3d_flags,val_cold,sundoo kim,44160000.0,16.208646433579364,10947771.01880717,0.752088518595852
T5-E006,cold,cold_no_3d_flags,val_cold,sundoo kim,62100000.0,16.700896042238124,17910470.469663195,0.711586626897533
T5-E006,cold,cold_no_3d_flags,val_cold,junho jung,2760000.0,16.5937855786477,16091239.93801128,4.830159397830173
T5-E006,cold,cold_no_3d_flags,val_cold,jeah hyuck,3450000.0,14.662195091559651,2331902.6762607414,0.324086180793988
T5-E006,cold,cold_no_3d_flags,val_cold,junho jung,1380000.0,16.04171655490876,9264649.207865389,5.713513918743035
T5-E006,cold,cold_no_3d_flags,val_cold,sundoo kim,16560000.0,15.598424811186181,5947162.726998635,0.6408718160024979
T5-E006,cold,cold_no_3d_flags,val_cold,jeah hyuck,3450000.0,14.662195091559651,2331902.6762607414,0.324086180793988
T5-E006,cold,cold_no_3d_flags,val_cold,see ji ui,1104000.0,14.884068820517037,2911179.3166872826,1.6369377868544226
T5-E006,cold,cold_no_3d_flags,val_cold,sundoo kim,66240000.0,16.699649429313425,17888156.95673475,0.729949321305333
T5-E006,cold,cold_no_3d_flags,val_cold,jeah hyuck,3450000.0,14.662195091559651,2331902.6762607414,0.324086180793988
T5-E006,cold,cold_no_3d_flags,val_cold,sundoo kim,66240000.0,16.714795173014004,18161148.508795276,0.7258280720290569
T5-E006,cold,cold_no_3d_flags,val_cold,see ji ui,5520000.0,16.30663294345706,12074821.12172132,1.187467594514732
T5-E006,cold,cold_no_3d_flags,val_cold,sundoo kim,22080000.0,15.762058902252766,7004468.792461601,0.6827686235298188
T5-E006,cold,cold_no_3d_flags,val_cold,sundoo kim,55200000.0,16.801960491358457,19815212.155422363,0.6410287653003196
T5-E006,cold,cold_no_3d_flags,val_cold,jeah hyuck,3450000.0,14.662195091559651,2331902.6762607414,0.324086180793988
T5-E006,cold,cold_no_3d_flags,val_cold,jeah hyuck,3450000.0,14.662195091559651,2331902.6762607414,0.324086180793988
T5-E006,cold,cold_no_3d_flags,val_cold,momo kim,2898000.0,14.661498621724402,2330279.1418249966,0.19590091724465267
T5-E006,cold,cold_no_3d_flags,val_cold,momo kim,1242000.0,13.791260761787328,976041.8677766697,0.21413698246644952
T5-E006,cold,cold_no_3d_flags,val_cold,momo kim,1242000.0,13.498869749316246,728592.4122239879,0.4133716487729566
T5-E006,cold,cold_no_3d_flags,val_cold,momo kim,717600.0,12.833692586676834,374629.4138794318,0.4779411735236458
T5-E006,cold,cold_no_3d_flags,val_cold,momo kim,1242000.0,13.791260761787328,976041.8677766697,0.21413698246644952
T5-E006,cold,cold_no_3d_flags,val_cold,momo kim,1242000.0,13.791260761787328,976041.8677766697,0.21413698246644952
T5-E006,cold,cold_no_3d_flags,val_cold,momo kim,828000.0,13.493331222229413,724568.237700311,0.12491758731846497
T5-E006,cold,cold_no_3d_flags,val_cold,momo kim,828000.0,13.493331222229413,724568.237700311,0.12491758731846497
T5-E006,cold,cold_no_3d_flags,val_cold,momo kim,1380000.0,13.496200024646367,726649.8652733257,0.4734421266135321
T5-E006,cold,cold_no_3d_flags,val_cold,ahnnlee lee,2000000.0,14.222309580484488,1502002.2067073842,0.2489988966463079
T5-E006,cold,cold_no_3d_flags,val_cold,ahnnlee lee,2000000.0,14.222309580484488,1502002.2067073842,0.2489988966463079
T5-E006,cold,cold_no_3d_flags,val_cold,ahnnlee lee,2000000.0,14.222309580484488,1502002.2067073842,0.2489988966463079
T5-E006,cold,cold_no_3d_flags,val_cold,ahnnlee lee,2000000.0,14.222309580484488,1502002.2067073842,0.2489988966463079
T5-E006,cold,cold_no_3d_flags,val_cold,sundoo kim,44160000.0,16.170730716524414,10540449.176381432,0.7613122922015074
T5-E006,cold,cold_no_3d_flags,val_cold,namkyoung kim,3174000.0,17.508824080122498,40177756.522791624,11.658398400375432
T5-E006,cold,cold_no_3d_flags,val_cold,namkyoung kim,20976000.0,17.808355933930365,54208914.87269397,1.5843304191787744
T5-E006,cold,cold_no_3d_flags,val_cold,sundoo kim,52440000.0,16.299146524997077,11984761.490643546,0.7714576374781933
T5-E006,cold,cold_no_3d_flags,val_cold,sundoo kim,33120000.0,16.06025104223903,9437965.938041622,0.7150372603248303
T5-E006,cold,cold_no_3d_flags,val_cold,sundoo kim,33120000.0,16.265073877807573,11583287.42288969,0.650263060903089
T5-E006,cold,cold_no_3d_flags,val_cold,namkyoung kim,6210000.0,17.246399639103746,30904106.797470335,3.9765067306715514
T5-E006,cold,cold_no_3d_flags,val_cold,namkyoung kim,524400.0,14.24971456632043,1543733.770582906,1.9438096311649617
T5-E006,cold,cold_no_3d_flags,val_cold,namkyoung kim,524400.0,13.875131132694875,1061433.7353508344,1.0240917912868697
T5-E006,cold,cold_no_3d_flags,val_cold,namkyoung kim,6210000.0,16.39314868514861,13166004.978574418,1.1201296261794553
T5-E006,cold,cold_no_3d_flags,val_cold,namkyoung kim,5244000.0,16.064047099392056,9473861.083057502,0.8066096649613849
T5-E006,cold,cold_no_3d_flags,val_cold,namkyoung kim,2622000.0,15.260974181910147,4243819.223006201,0.6185428005363085
T5-E006,cold,cold_no_3d_flags,val_cold,junho jung,2760000.0,16.355830716701117,12683731.128188228,3.5955547565899377
T5-E006,cold,cold_no_3d_flags,val_cold,junho jung,2760000.0,16.5937855786477,16091239.93801128,4.830159397830173
T5-E006,cold,cold_no_3d_flags,val_cold,lee sejun,2070000.0,14.832474896370433,2764789.048036654,0.3356468831094947
T5-E006,cold,cold_no_3d_flags,val_cold,namkyoung kim,1048800.0,14.533866724788922,2051058.8393872436,0.9556243701251369
T5-E006,cold,cold_no_3d_flags,val_cold,namkyoung kim,524400.0,14.288601850466806,1604947.8959982463,2.0605413729943676
T5-E006,cold,cold_no_3d_flags,val_cold,jung sane,917700.0,15.412938995265549,4940311.753977817,4.383362486627238
T5-E006,cold,cold_no_3d_flags,val_cold,jung sane,5093580.0,16.35641333780391,12691123.090753265,1.491591982604232
T5-E006,cold,cold_no_3d_flags,val_cold,jung sane,612720.0,14.639218504565088,2278934.357398009,2.719373216800511
T5-E006,cold,cold_no_3d_flags,val_cold,jung sane,4075140.0,15.56563583598153,5755323.6463790005,0.4123008403095355
T5-E006,cold,cold_no_3d_flags,val_cold,jung sane,1018440.0,14.912540514789443,2995256.758152152,1.9410242706022465
T5-E006,cold,cold_no_3d_flags,val_cold,diego rodarte,2087600.0,13.586108382077043,795008.7358582532,0.619175734882998
T5-E006,cold,cold_no_3d_flags,val_cold,diego rodarte,2087600.0,13.586108382077043,795008.7358582532,0.619175734882998
T5-E006,cold,cold_no_3d_flags,val_cold,diego rodarte,4602100.0,15.803323431948812,7299551.252353738,0.5861348628568996
T5-E006,cold,cold_no_3d_flags,val_cold,diego rodarte,4602100.0,15.803323431948812,7299551.252353738,0.5861348628568996
T5-E006,cold,cold_no_3d_flags,val_cold,diego rodarte,4602100.0,15.803323431948812,7299551.252353738,0.5861348628568996
T5-E006,cold,cold_no_3d_flags,val_cold,diego rodarte,4602100.0,15.803323431948812,7299551.252353738,0.5861348628568996
T5-E006,cold,cold_no_3d_flags,val_cold,diego rodarte,2514600.0,14.968795256599993,3168583.6775597087,0.26007463515458074
T5-E006,cold,cold_no_3d_flags,val_cold,diego rodarte,2087600.0,13.586108382077043,795008.7358582532,0.619175734882998
T5-E006,cold,cold_no_3d_flags,val_cold,diego rodarte,2514600.0,14.968795256599993,3168583.6775597087,0.26007463515458074
T5-E006,cold,cold_no_3d_flags,val_cold,diego rodarte,4602100.0,15.803323431948812,7299551.252353738,0.5861348628568996
T5-E006,cold,cold_no_3d_flags,val_cold,diego rodarte,2087600.0,13.586108382077043,795008.7358582532,0.619175734882998
T5-E006,cold,cold_no_3d_flags,val_cold,diego rodarte,4602100.0,15.803323431948812,7299551.252353738,0.5861348628568996
T5-E006,cold,cold_no_3d_flags,val_cold,diego rodarte,2087600.0,13.586108382077043,795008.7358582532,0.619175734882998
T5-E006,cold,cold_no_3d_flags,val_cold,diego rodarte,2514600.0,14.968795256599993,3168583.6775597087,0.26007463515458074
T5-E006,cold,cold_no_3d_flags,val_cold,diego rodarte,4602100.0,15.803323431948812,7299551.252353738,0.5861348628568996
T5-E006,cold,cold_no_3d_flags,val_cold,diego rodarte,2514600.0,14.968795256599993,3168583.6775597087,0.26007463515458074
T5-E006,cold,cold_no_3d_flags,val_cold,diego rodarte,2514600.0,14.968795256599993,3168583.6775597087,0.26007463515458074
T5-E006,cold,cold_no_3d_flags,val_cold,diego rodarte,2514600.0,14.968795256599993,3168583.6775597087,0.26007463515458074
T5-E006,cold,cold_no_3d_flags,val_cold,diego rodarte,2514600.0,14.968795256599993,3168583.6775597087,0.26007463515458074
T5-E006,cold,cold_no_3d_flags,val_cold,diego rodarte,4602100.0,15.803323431948812,7299551.252353738,0.5861348628568996
T5-E006,cold,cold_no_3d_flags,val_cold,diego rodarte,2514600.0,14.968795256599993,3168583.6775597087,0.26007463515458074
T5-E006,cold,cold_no_3d_flags,val_cold,diego rodarte,2087600.0,13.586108382077043,795008.7358582532,0.619175734882998
T5-E006,cold,cold_no_3d_flags,val_cold,diego rodarte,2087600.0,13.586108382077043,795008.7358582532,0.619175734882998
T5-E006,cold,cold_no_3d_flags,val_cold,diego rodarte,4602100.0,15.803323431948812,7299551.252353738,0.5861348628568996
T5-E006,cold,cold_no_3d_flags,val_cold,diego rodarte,2514600.0,14.968795256599993,3168583.6775597087,0.26007463515458074
T5-E006,cold,cold_no_3d_flags,val_cold,diego rodarte,2087600.0,13.586108382077043,795008.7358582532,0.619175734882998
T5-E006,cold,cold_no_3d_flags,val_cold,diego rodarte,2514600.0,14.968795256599993,3168583.6775597087,0.26007463515458074
T5-E006,cold,cold_no_3d_flags,val_cold,diego rodarte,2087600.0,13.586108382077043,795008.7358582532,0.619175734882998
T5-E006,cold,cold_no_3d_flags,val_cold,diego rodarte,2087600.0,13.586108382077043,795008.7358582532,0.619175734882998
T5-E006,cold,cold_no_3d_flags,val_cold,diego rodarte,2514600.0,15.803323431948812,7299551.252353738,1.9028677532624425
T5-E006,cold,cold_no_3d_flags,val_cold,diego rodarte,2087600.0,13.586108382077043,795008.7358582532,0.619175734882998
T5-E006,cold,cold_no_3d_flags,val_cold,prach pimarnman,2087600.0,15.105267002021877,3631901.876738485,0.7397498930534993
T5-E006,cold,cold_no_3d_flags,val_cold,prach pimarnman,7116600.0,16.23244773981265,11211467.986918377,0.5753966763508385
T5-E006,cold,cold_no_3d_flags,val_cold,prach pimarnman,2087600.0,15.105267002021877,3631901.876738485,0.7397498930534993
T5-E006,cold,cold_no_3d_flags,val_cold,prach pimarnman,41750600.0,18.505711544824333,108875060.06498137,1.6077483931962984
T5-E006,cold,cold_no_3d_flags,val_cold,prach pimarnman,2087600.0,15.105267002021877,3631901.876738485,0.7397498930534993
T5-E006,cold,cold_no_3d_flags,val_cold,prach pimarnman,7116600.0,16.23244773981265,11211467.986918377,0.5753966763508385
T5-E006,cold,cold_no_3d_flags,val_cold,prach pimarnman,2087600.0,15.105267002021877,3631901.876738485,0.7397498930534993
T5-E006,cold,cold_no_3d_flags,val_cold,prach pimarnman,2087600.0,15.105267002021877,3631901.876738485,0.7397498930534993
T5-E006,cold,cold_no_3d_flags,val_cold,prach pimarnman,7116600.0,16.23244773981265,11211467.986918377,0.5753966763508385
T5-E006,cold,cold_no_3d_flags,val_cold,prach pimarnman,7116600.0,16.23244773981265,11211467.986918377,0.5753966763508385
T5-E006,cold,cold_no_3d_flags,val_cold,prach pimarnman,7116600.0,16.23244773981265,11211467.986918377,0.5753966763508385
T5-E006,cold,cold_no_3d_flags,val_cold,prach pimarnman,7116600.0,16.23244773981265,11211467.986918377,0.5753966763508385
T5-E006,cold,cold_no_3d_flags,val_cold,chang sook young,11000000.0,16.008927635190236,8965797.653047021,0.18492748608663442
T5-E006,cold,cold_no_3d_flags,val_cold,chang sook young,2400000.0,14.132632678581846,1373170.2540859862,0.42784572746417243
T5-E006,cold,cold_no_3d_flags,val_cold,chang sook young,3600000.0,15.020813436952235,3337769.8653454357,0.0728417040707123
T5-E006,cold,cold_no_3d_flags,val_cold,chang sook young,3800000.0,15.286977759671451,4355621.029834513,0.14621606048276647
T5-E006,cold,cold_no_3d_flags,val_cold,chang sook young,2400000.0,14.132632678581846,1373170.2540859862,0.42784572746417243
T5-E006,cold,cold_no_3d_flags,val_cold,chang sook young,2400000.0,14.132632678581846,1373170.2540859862,0.42784572746417243
T5-E006,cold,cold_no_3d_flags,val_cold,chang sook young,3200000.0,14.536593714115249,2056659.688206516,0.3572938474354638
T5-E006,cold,cold_no_3d_flags,val_cold,chang sook young,960000.0,13.347449980525582,626215.5879721557,0.34769209586233785
T5-E006,cold,cold_no_3d_flags,val_cold,chang sook young,4200000.0,15.088178319388163,3570364.7499395953,0.14991315477628683
T5-E006,cold,cold_no_3d_flags,val_cold,chang sook young,3200000.0,14.746836177789184,2537871.2011202937,0.2069152496499082
T5-E006,cold,cold_no_3d_flags,val_cold,lim jimin,700000.0,13.636886695003685,836420.4489478288,0.19488635563975548
T5-E006,cold,cold_no_3d_flags,val_cold,lim jimin,700000.0,13.636886695003685,836420.4489478288,0.19488635563975548
T5-E006,cold,cold_no_3d_flags,val_cold,lim jimin,700000.0,13.636886695003685,836420.4489478288,0.19488635563975548
T5-E006,cold,cold_no_3d_flags,val_cold,lim jimin,700000.0,13.636886695003685,836420.4489478288,0.19488635563975548
T5-E006,cold,cold_no_3d_flags,val_cold,lim jimin,1000000.0,14.503033192409928,1988782.4840619045,0.9887824840619045
T5-E006,cold,cold_no_3d_flags,val_cold,lim jimin,700000.0,13.636886695003685,836420.4489478288,0.19488635563975548
T5-E006,cold,cold_no_3d_flags,val_cold,lim jimin,800000.0,13.912008117510336,1101306.8934517694,0.3766336168147117
T5-E006,cold,cold_no_3d_flags,val_cold,lim jimin,800000.0,14.064441025790853,1282652.8443290922,0.6033160554113652
T5-E006,cold,cold_no_3d_flags,val_cold,lim jimin,800000.0,14.01378084837101,1219291.9121936853,0.5241148902421067
T5-E006,cold,cold_no_3d_flags,val_cold,lim jimin,1000000.0,14.503033192409928,1988782.4840619045,0.9887824840619045
T5-E006,cold,cold_no_3d_flags,val_cold,jeongwoong lee,1500000.0,13.555778756798272,771258.4086734176,0.4858277275510549
T5-E006,cold,cold_no_3d_flags,val_cold,jeongwoong lee,5000000.0,14.94166027070938,3083760.250043325,0.383247949991335
T5-E006,cold,cold_no_3d_flags,val_cold,jeongwoong lee,14000000.0,15.642189997738631,6213220.992218548,0.556198500555818
T5-E006,cold,cold_no_3d_flags,val_cold,jeongwoong lee,5000000.0,14.94166027070938,3083760.250043325,0.383247949991335
T5-E006,cold,cold_no_3d_flags,val_cold,jeongwoong lee,20000000.0,16.06884100850015,9519386.948234325,0.5240306525882837
T5-E006,cold,cold_no_3d_flags,val_cold,jeongwoong lee,26000000.0,16.379672120931684,12989762.704548297,0.5003937421327578
T5-E006,cold,cold_no_3d_flags,val_cold,jeongwoong lee,2400000.0,14.542444073906582,2068727.1524354967,0.1380303531518764
T5-E006,cold,cold_no_3d_flags,val_cold,jeongwoong lee,5000000.0,14.94166027070938,3083760.250043325,0.383247949991335
T5-E006,cold,cold_no_3d_flags,val_cold,jeongwoong lee,2400000.0,14.566617299646007,2119344.285782203,0.11693988092408206
T5-E006,cold,cold_no_3d_flags,val_cold,chu mirim,1674600.0,13.865333421744293,1051084.8946798553,0.37233674030821967
T5-E006,cold,cold_no_3d_flags,val_cold,chu mirim,1674600.0,13.400825822600792,660548.4954632081,0.6055484919006282
T5-E006,cold,cold_no_3d_flags,val_cold,chu mirim,3958100.0,14.237668799929668,1525249.8641239787,0.6146510032278167
T5-E006,cold,cold_no_3d_flags,val_cold,chu mirim,1674600.0,13.334441990722171,618122.5332924617,0.6308834746850223
T5-E006,cold,cold_no_3d_flags,val_cold,chu mirim,8677300.0,15.646329797757364,6238995.799060859,0.2809980294491537
T5-E006,cold,cold_no_3d_flags,val_cold,chu mirim,7307200.0,15.066312829159779,3493144.2826400427,0.5219585774797402
T5-E006,cold,cold_no_3d_flags,val_cold,chu mirim,1674600.0,13.400825822600792,660548.4954632081,0.6055484919006282
T5-E006,cold,cold_no_3d_flags,val_cold,hansol noh,800000.0,14.001775899332543,1204741.885831224,0.50592735728903
T5-E006,cold,cold_no_3d_flags,val_cold,hansol noh,480000.0,13.334441990722171,618122.5332924617,0.28775527769262843
T5-E006,cold,cold_no_3d_flags,val_cold,hansol noh,2400000.0,15.935389553916272,8330129.447316931,2.4708872697153876
T5-E006,cold,cold_no_3d_flags,val_cold,hansol noh,480000.0,13.334441990722171,618122.5332924617,0.28775527769262843
T5-E006,cold,cold_no_3d_flags,val_cold,i kyoung ha,5000000.0,14.996688870529752,3258211.1330132526,0.34835777339734947
T5-E006,cold,cold_no_3d_flags,val_cold,i kyoung ha,3000000.0,14.629549701149541,2257005.97056255,0.24766467647915008
T5-E006,cold,cold_no_3d_flags,val_cold,i kyoung ha,3000000.0,14.629549701149541,2257005.97056255,0.24766467647915008
T5-E006,cold,cold_no_3d_flags,val_cold,i kyoung ha,2000000.0,14.234123617798932,1519852.149155453,0.24007392542227346
T5-E006,cold,cold_no_3d_flags,val_cold,yusuke ochiai,3044700.0,13.993523922886551,1194841.2900890645,0.6075668242884145
T5-E006,cold,cold_no_3d_flags,val_cold,yusuke ochiai,12939800.0,16.067394852122032,9505630.375558516,0.26539588126875874
T5-E006,cold,cold_no_3d_flags,val_cold,yusuke ochiai,3044700.0,13.993523922886551,1194841.2900890645,0.6075668242884145
T5-E006,cold,cold_no_3d_flags,val_cold,rodel tapaya,114174000.0,16.90986809402816,22073052.84072412,0.8066718093372911
T5-E006,cold,cold_no_3d_flags,val_cold,rodel tapaya,91339200.0,16.56455280875035,15627657.337872015,0.8289052527515895
T5-E006,cold,cold_no_3d_flags,val_cold,rodel tapaya,114174000.0,16.90986809402816,22073052.84072412,0.8066718093372911
T5-E006,cold,cold_no_3d_flags,val_cold,peter ravn,1200000.0,15.12600748149986,3708015.8548188675,2.0900132123490565
T5-E006,cold,cold_no_3d_flags,val_cold,peter ravn,1000000.0,14.8133383101854,2712383.455477995,1.7123834554779949
T5-E006,cold,cold_no_3d_flags,val_cold,eun lee,5200000.0,16.203341005169296,10889842.207876252,1.0942004245915868
T5-E006,cold,cold_no_3d_flags,val_cold,eun lee,4400000.0,15.803323431948812,7299551.252353738,0.6589889209894859
T5-E006,cold,cold_no_3d_flags,val_cold,ha ninh pham,3349200.0,15.409755506223064,4924609.333146378,0.4703837731835598
T5-E006,cold,cold_no_3d_flags,val_cold,ha ninh pham,6089300.0,16.04108953192672,9258841.880745562,0.5205100554654167
T5-E006,cold,cold_no_3d_flags,val_cold,jean michel othoniel,3196900.0,14.461119087524628,1907147.231693817,0.40343857121154336
T5-E006,cold,cold_no_3d_flags,val_cold,올리버 비어,96029000.0,16.285071657955477,11817259.118150586,0.876940725008585
T5-E006,cold,cold_no_3d_flags,val_cold,올리버 비어,109619400.0,16.289813423569665,11873426.852966603,0.8916849859334515
T5-E006,cold,cold_no_3d_flags,val_cold,샘 폴스,86196000.0,16.069413610632772,9524839.330375977,0.8894978963017313
T5-E006,cold,cold_no_3d_flags,val_cold,샘 폴스,86196000.0,16.058814788016097,9424420.349390168,0.8906629037381066
