artist_kr,artist_slug,title,medium,dimensions,date,auction_house,sale_name,lot,price,estimate,url
이우환,lee-ufan,"Work, 1967",graphite on paper,54.5 x 74.5 cm. (21 1/2 x 29 3/8 in.),2026년 3월 29일,Phillips • Hong Kong,Modern & Contemporary Art,Lot 209,,"HK$160,000–HK$240,000 (est)",/auction-result/7311007
이우환,lee-ufan,"From Line, 1978",oil and mineral pigment on canvas,130.5 x 162.0 cm,2026년 3월 27일,Christie's,Live Auction 23844 20th/21st Century Evening Sale,Lot 32,,"HK$8,000,000–HK$12,000,000 (est)",/auction-result/7310644
이우환,lee-ufan,"From Line, 1978",Oil and mineral pigment on canvas,72.7 x 116.7 cm,2026년 3월 15일,SBI Art Auction,Bloom Now,Lot 128,,"JPY ¥50,000,000–¥80,000,000 (est)",/auction-result/7309693
이우환,lee-ufan,From Port 11; and From Port 12,"Two drypoints, on Arches paper, with full margins.",From Port 11 I. 19.6 x 13.8 cm (7 3/4 x 5 3/8 in.); S. 47 x 39.8 cm (18 1/2 x 15 5/8 in.) From Port 12 I. 13.8 x 19.6 cm (5 3/8 x 7 3/4 in.); S. 39.8 x 47 cm (15 5/8 x 18 1/2 in.),2025년 11월 25일,Phillips • Hong Kong,Editions,Lot 57,"HK$28,380 • US$3,647","HK$20,000–HK$30,000 (est)",/auction-result/7294173
이우환,lee-ufan,Relatum 74-1; and Relatum 74-2,"Two woodcuts, on Japanese Washi paper, with full margins.",Both I. 23.6 x 33.5 cm (9 1/4 x 13 1/4 in.) Both S. 33.5 x 45.6 cm (13 1/4 x 17 7/8 in.),2025년 11월 25일,Phillips • Hong Kong,Editions,Lot 56,Bought In,"HK$30,000–HK$50,000 (est)",/auction-result/7294172
이우환,lee-ufan,In Milano 1; and In Milano 2,"Two lithographs with drypoint, on BFK Rives paper, the full sheets.",In Milano 1 S. 150 x 89 cm (59 x 35 in.) In Milano 2 S. 89 x 150 cm (35 x 59 in.),2025년 11월 25일,Phillips • Hong Kong,Editions,Lot 55,Bought In,"HK$60,000–HK$80,000 (est)",/auction-result/7294171
이우환,lee-ufan,"Correspondence, 2004",oil and mineral pigment on canvas,130.1 x 162.1 cm,2025년 11월 20일,Christie's,Live Auction 23486 Post-War & Contemporary Art Day Sale,Lot 754,"US$457,200","US$300,000–US$500,000 (est)",/auction-result/7293597
이우환,lee-ufan,"East Winds, 1984",oil and mineral pigment on canvas,90.8 x 72.4 cm,2025년 11월 20일,Christie's,Live Auction 23486 Post-War & Contemporary Art Day Sale,Lot 758,"US$203,200","US$80,000–US$120,000 (est)",/auction-result/7293593
이우환,lee-ufan,"From Line No. 780231, 1978",oil and mineral pigment on canvas,72.4 x 91.4 cm,2025년 11월 19일,Sotheby's,Contemporary Day Auction,Lot 247,"US$609,600","US$400,000–US$600,000 (est)",/auction-result/7293303
이우환,lee-ufan,"From Winds, 1986",oil and mineral pigment on canvas,218.4 x 291.1 cm,2025년 11월 17일,Christie's,Live Auction 23485 20th Century Evening Sale,Lot 70 A,"US$1,524,000","US$1,000,000–US$1,500,000 (est)",/auction-result/7292243
이우환,lee-ufan,"From Line, 1980",glue and mineral pigment on canvas,130.8 x 161.9 cm,2025년 10월 23일,Christie's,Live Auction 23807 Avant-Garde(s) including Thinking Italian,Lot 29 A,"€2,012,000 • US$2,335,372","€1,000,000–€1,500,000 (est)",/auction-result/7290823
이우환,lee-ufan,"Correspondance, 1997",oil and mineral pigment,54.0 x 65.0 cm,2025년 9월 30일,Christie's,"Live Auction 24288 Collection Daniel Abadie, Une vie d'artistes",Lot 32,"€139,700 • US$163,878","€50,000–€70,000 (est)",/auction-result/7285367
이우환,lee-ufan,"Response, 2021",acrylic on canvas,162.0 x 130.0 cm,2025년 9월 29일,Sotheby's,Modern & Contemporary Day Auction,Lot 112,"HK$6,604,000 • US$848,795","HK$4,000,000–HK$6,000,000 (est)",/auction-result/7288046
이우환,lee-ufan,"From Winds, 1987",oil and mineral pigment on canvas,227.0 x 182.0 cm,2025년 9월 28일,Sotheby's,Modern & Contemporary Evening Auction,Lot 23,"HK$6,350,000 • US$816,327","HK$5,000,000–HK$7,000,000 (est)",/auction-result/7288016
이우환,lee-ufan,"From Point, 1977",oil on canvas,64.8 x 53.0 cm,2025년 9월 27일,Christie's,Live Auction 23394 20th Century Day Sale,Lot 124,"HK$2,032,000 • US$261,224","HK$1,000,000–HK$1,800,000 (est)",/auction-result/7284295
이우환,lee-ufan,"From Winds, 1986",oil and mineral pigment on canvas,40.5 x 32.0 cm,2025년 9월 27일,Christie's,Live Auction 23394 20th Century Day Sale,Lot 136,"HK$952,500 • US$122,449","HK$300,000–HK$500,000 (est)",/auction-result/7284283
이우환,lee-ufan,"1. A Cut Shot 1; 2. A Cut Shot 3, 1978",Woodcut,18.2 x 23.0 x 1.8 cm,2025년 9월 12일,SBI Art Auction,LIVE STREAM AUCTION,Lot 184,Bought In,,/auction-result/7282289
이우환,lee-ufan,"Stopped on the Way 1, 2001",Drypoint and deluxe edition of the poetry book,21.6 x 15.6 x 2.4 cm,2025년 9월 12일,SBI Art Auction,LIVE STREAM AUCTION,Lot 185,Bought In,,/auction-result/7282288
이우환,lee-ufan,"From Line No. 59942, 1979",glue and mineral pigment on canvas,60.5 x 72.6 cm,2025년 6월 5일,Christie's,Live Auction 24039 The Collection of Baron Diego von Buch,Lot 15,"£352,800 • US$478,077","£150,000–£250,000 (est)",/auction-result/7266773
이우환,lee-ufan,"A Port of Call 3, 1991",lithograph,90.0 x 75.2 cm,2025년 5월 30일,Christie's,20th/21st Century Online Sale,Lot 83,"HK$35,280 • US$4,500","HK$24,000–HK$45,000 (est)",/auction-result/7266593
이우환,lee-ufan,"From Brush 4, 1973",lithograph,51.5 x 69.2 cm,2025년 5월 30일,Christie's,20th/21st Century Online Sale,Lot 84,"HK$151,200 • US$19,284","HK$30,000–HK$50,000 (est)",/auction-result/7266592
이우환,lee-ufan,"From Point, 1980",silkscreen on acrylic board,64.0 x 76.0 cm,2025년 5월 30일,Christie's,20th/21st Century Online Sale,Lot 85,"HK$40,320 • US$5,142","HK$30,000–HK$50,000 (est)",/auction-result/7266591
이우환,lee-ufan,"Dialogue 2019 C, 2019",Lithograph,76.0 x 57.0 cm,2025년 5월 24일,SBI Art Auction,Modern and Contemporary Art,Lot 184,"JPY ¥2,530,000 • US$17,748","JPY ¥2,000,000–¥3,000,000 (est)",/auction-result/7266490
이우환,lee-ufan,"Silently 5, 2006",Lithograph,55.0 x 65.0 cm,2025년 5월 24일,SBI Art Auction,Modern and Contemporary Art,Lot 185,"JPY ¥1,265,000 • US$8,874","JPY ¥700,000–¥1,300,000 (est)",/auction-result/7266489
이우환,lee-ufan,"In the Ruins 3, 1984",Lithograph,67.0 x 82.0 cm,2025년 5월 24일,SBI Art Auction,Modern and Contemporary Art,Lot 186,"JPY ¥770,500 • US$5,405","JPY ¥500,000–¥800,000 (est)",/auction-result/7266488
이우환,lee-ufan,"From point, 1978",Pencil on paper,40.1 x 56.7 cm,2025년 5월 24일,SBI Art Auction,Modern and Contemporary Art,Lot 187,"JPY ¥4,830,000 • US$33,882","JPY ¥1,500,000–¥2,500,000 (est)",/auction-result/7266487
이우환,lee-ufan,"Work, 1988",charcoal on paper,work 37.5 x 56 cm. (14 3/4 x 22 in.) frame 52 x 69.5 cm. (20 1/2 x 27 3/8 in.),2025년 5월 2일,Phillips • Hong Kong,"Modern & Contemporary Art: Online Auction, Hong Kong",Lot 9,,"HK$70,000–HK$90,000 (est)",/auction-result/7259791
이우환,lee-ufan,"From Line, 1980",oil and mineral pigment on canvas,72.7 x 60.6 cm,2025년 3월 29일,Christie's,Live Auction 23391 20th Century Day Sale,Lot 242,"HK$2,520,000 • US$323,805","HK$1,500,000–HK$3,500,000 (est)",/auction-result/7255579
이우환,lee-ufan,"Correspondance I, 1993",watercolour on paper,66.0 x 90.4 cm,2025년 3월 29일,Christie's,Live Auction 23391 20th Century Day Sale,Lot 243,"HK$504,000 • US$64,761","HK$300,000–HK$500,000 (est)",/auction-result/7255578
이우환,lee-ufan,"With Winds, 1990",oil and mineral pigment on canvas,72.8 x 91.0 cm,2025년 3월 29일,Christie's,Live Auction 23391 20th Century Day Sale,Lot 244,"HK$693,000 • US$89,047","HK$600,000–HK$900,000 (est)",/auction-result/7255577
이우환,lee-ufan,"East Winds, 1983",oil and mineral pigment on canvas,146.2 x 112.6 cm,2025년 3월 28일,Christie's,Live Auction 23390 20th/21st Century Evening Sale,Lot 23,"HK$6,048,000 • US$777,815","HK$4,000,000–HK$6,000,000 (est)",/auction-result/7255549
이우환,lee-ufan,"With Winds, 1987",Oil and mineral pigment on canvas,72.7 x 90.9 cm,2025년 3월 8일,SBI Art Auction,Bloom Now,Lot 37,"JPY ¥32,200,000 • US$217,487","JPY ¥25,000,000–¥45,000,000 (est)",/auction-result/7254462
이우환,lee-ufan,"Correspondance, 2005",Gouache on paper,38.0 x 57.5 cm,2025년 3월 8일,SBI Art Auction,Bloom Now,Lot 38,"JPY ¥11,500,000 • US$77,674","JPY ¥4,000,000–¥7,000,000 (est)",/auction-result/7254461
이우환,lee-ufan,"Untitled, 1974",Pencil on paper,70.5 x 51.1 cm,2025년 3월 8일,SBI Art Auction,Bloom Now,Lot 39,"JPY ¥5,290,000 • US$35,730","JPY ¥3,000,000–¥5,000,000 (est)",/auction-result/7254460
이우환,lee-ufan,"Correspondance, 1993",watercolour on paper,65.5 x 102.5 cm,2024년 11월 12일,Christie's,20th/21st Century Online Sale,Lot 10,"HK$441,000 • US$56,714","HK$400,000–HK$550,000 (est)",/auction-result/7244397
이우환,lee-ufan,"Correspondance, 2002",oil and mineral pigment on canvas,91.0 x 116.0 cm,2024년 11월 9일,Christie's,Live Auction 23638 20th/21st Century Day Sale,Lot 137,"HK$1,512,000 • US$194,481","HK$1,200,000–HK$1,800,000 (est)",/auction-result/7247608
이우환,lee-ufan,"East Winds, 1984",oil and mineral pigment on canvas,90.2 x 72.4 cm,2024년 9월 27일,Christie's,Live Auction 21649 20th Century Day Sale,Lot 122,Bought In,"HK$1,800,000–HK$2,800,000 (est)",/auction-result/7217325
이우환,lee-ufan,"Correspondance, 2002",oil and mineral pigment on canvas,53.0 x 65.2 cm,2024년 9월 27일,Christie's,Live Auction 21649 20th Century Day Sale,Lot 123,"HK$1,575,000 • US$202,455","HK$800,000–HK$1,200,000 (est)",/auction-result/7217324
이우환,lee-ufan,In Milano 5,"Lithograph with drypoint in colours, on BFK Rives paper, the full sheet.",S. 150 x 89.4 cm (59 x 35 1/4 in.),2024년 9월 20일,Phillips • London,Evening & Day Editions,Lot 373,"£4,826 • US$6,427","£3,000–£5,000 (est)",/auction-result/7212769
이우환,lee-ufan,In Milano 4,"Lithograph with drypoint in colours, on BFK Rives paper, the full sheet.",S. 149.6 x 89 cm (58 7/8 x 35 in.),2024년 9월 20일,Phillips • London,Evening & Day Editions,Lot 372,"£3,302 • US$4,397","£3,000–£5,000 (est)",/auction-result/7212768
이우환,lee-ufan,In Milano 2,"Lithograph with drypoint, on BFK Rives paper, the full sheet, contained in the original paper wrappers with printed title and colophon.",S. 88.7 x 149.8 cm (34 7/8 x 58 7/8 in.),2024년 9월 20일,Phillips • London,Evening & Day Editions,Lot 371,"£3,810 • US$5,074","£3,000–£5,000 (est)",/auction-result/7212767
이우환,lee-ufan,"Sans titre, 2016",gouache and graphite on paper,26.6 x 31.5 cm,2024년 7월 26일,Sotheby's,Contemporary Discoveries,Lot 22,"£33,600 • US$43,194","£15,000–£20,000 (est)",/auction-result/7246904
이우환,lee-ufan,A Port of Call 2,"Lithograph, on watercolour paper, with full margins.",S. 89 x 75.5 cm (35 1/2 x 29 3/4 in.),2024년 6월 14일,Phillips • Hong Kong,"Editions, Photographs and Design",Lot 26,"HK$27,940 • US$3,577","HK$20,000–HK$30,000 (est)",/auction-result/7203075
이우환,lee-ufan,"Correspondance (Grün), 2006","Watercolor, on firm Arches wove paper",77.0 x 57.5 cm,2024년 6월 7일,Ketterer Kunst,Contemporary Day Sale,Lot 202,"€57,150 • US$61,507","€25,000–€35,000 (est)",/auction-result/7204307
이우환,lee-ufan,"Correspondance, 1995",oil and mineral pigment on canvas,92.0 x 72.0 cm,2024년 5월 29일,Christie's,Live Auction 21646 20th Century Day Sale,Lot 252,"HK$1,071,000 • US$136,701","HK$400,000–HK$600,000 (est)",/auction-result/7205285
이우환,lee-ufan,"Dialogue, 2015",acrylic on canvas,130.0 x 162.0 cm,2024년 5월 25일,Bonhams,Modern & Contemporary Art,Lot 22,"HK$5,338,000 • US$683,553","HK$3,000,000–HK$4,000,000 (est)",/auction-result/7200654
이우환,lee-ufan,"East Winds No. 839031, 1983",pigment on canvas,90.0 x 116.5 cm,2024년 4월 6일,Sotheby's,Contemporary Day Auction,Lot 814,"HK$6,604,000 • US$842,928","HK$1,500,000–HK$2,200,000 (est)",/auction-result/7203203
이우환,lee-ufan,"With Winds, 1990",Oil and mineral pigment on canvas,116.7 x 91.1 cm,2024년 3월 9일,SBI Art Auction,Tokyo Contemporary: Redefined,Lot 73,"JPY ¥41,400,000 • US$281,508","JPY ¥15,000,000–¥25,000,000 (est)",/auction-result/7196391
이우환,lee-ufan,"Silently 6, 2006",Lithograph,49.0 x 58.0 cm,2024년 1월 28일,SBI Art Auction,Modern and Contemporary Art ＠HILLSIDE FORUM,Lot 423,"JPY ¥1,000,500 • US$6,752","JPY ¥500,000–¥800,000 (est)",/auction-result/7181343
이우환,lee-ufan,"From line 3, 1981",Drypoint,27.5 x 33.8 cm,2024년 1월 28일,SBI Art Auction,Modern and Contemporary Art ＠HILLSIDE FORUM,Lot 424,"JPY ¥299,000 • US$2,018","JPY ¥200,000–¥300,000 (est)",/auction-result/7181342
박서보,park-seo-bo,"Untitled, 1988",charcoal on paper,57 x 77.5 cm. (22 1/2 x 30 1/2 in.),2026년 3월 29일,Phillips • Hong Kong,Modern & Contemporary Art,Lot 210,,"HK$70,000–HK$100,000 (est)",/auction-result/7311008
박서보,park-seo-bo,"Ecriture no. 091103, 2009",mixed media with korean hanji paper on canvas,80.5 x 100.0 cm,2026년 3월 28일,Christie's,Live Auction 23845 20th Century Day Sale,Lot 145,,"HK$800,000–HK$1,200,000 (est)",/auction-result/7310708
박서보,park-seo-bo,"Ecriture No. 920415, 1992",mixed media with Korean Hanji paper on canvas,80.0 x 65.3 cm,2026년 3월 5일,Sotheby's,Contemporary Day Auction,Lot 275,"£102,400 • US$136,899","£50,000–£70,000 (est)",/auction-result/7307944
박서보,park-seo-bo,Ecriture No. 9-8,"Handmade cast paper with hand-colouring in acrylic, the full sheet.",S. 50 x 70 cm (19 5/8 x 27 1/2 in.),2025년 11월 25일,Phillips • Hong Kong,Editions,Lot 39,"HK$154,800 • US$19,892","HK$120,000–HK$220,000 (est)",/auction-result/7294155
박서보,park-seo-bo,"Ecriture No.10-79-81, 1979",oil and graphite on canvas,96.5 x 129.4 cm,2025년 11월 20일,Christie's,Live Auction 23486 Post-War & Contemporary Art Day Sale,Lot 756,"US$444,500","US$200,000–US$300,000 (est)",/auction-result/7293595
박서보,park-seo-bo,"Ecriture No.10-79-81, 1979",oil and pencil on canvas,130.5 x 97.0 cm,2025년 9월 27일,Christie's,Live Auction 23394 20th Century Day Sale,Lot 122,Bought In,"HK$1,500,000–HK$2,500,000 (est)",/auction-result/7284297
박서보,park-seo-bo,"Écriture No. 1-78, 1978",oil and pencil on canvas,112.7 x 162.0 cm,2025년 9월 26일,Christie's,Live Auction 23393 20th/21st Century Evening Sale,Lot 20,"HK$6,985,000 • US$897,540","HK$5,500,000–HK$7,500,000 (est)",/auction-result/7284225
박서보,park-seo-bo,"Ecriture No.040207, 2004",mixed media and Korean paper on canvas,33.5 x 24.5 cm. (13 1/4 x 9 5/8 in.),2025년 5월 27일,Phillips • Hong Kong,Modern & Contemporary Art: Evening & Day Sale,Lot 50,"HK$254,000 • US$32,411","HK$280,000–HK$450,000 (est)",/auction-result/7264106
박서보,park-seo-bo,"Ecriture No. 26-76, 2020",matiere print,sheet 48.9 x 37.7 cm. (19 1/4 x 14 7/8 in.) frame 57.8 x 46.7 cm. (22 3/4 x 18 3/8 in.),2025년 5월 2일,Phillips • Hong Kong,"Modern & Contemporary Art: Online Auction, Hong Kong",Lot 124,,"HK$15,000–HK$25,000 (est)",/auction-result/7259906
박서보,park-seo-bo,"Écriture No. 60-73, 1973",oil and pencil on canvas,130.0 x 162.0 cm,2025년 3월 28일,Christie's,Live Auction 23390 20th/21st Century Evening Sale,Lot 22,"HK$7,308,000 • US$939,860","HK$5,000,000–HK$8,000,000 (est)",/auction-result/7255550
박서보,park-seo-bo,"Ecriture No.040718, 2004",mixed media and Korean paper on canvas,33.5 x 24.3 cm. (13 1/4 x 9 5/8 in.),2024년 11월 26일,Phillips • Hong Kong,Modern & Contemporary Art Day Sale,Lot 133,"HK$508,000 • US$65,274","HK$300,000–HK$500,000 (est)",/auction-result/7229432
박서보,park-seo-bo,"Ecriture No.88912, 1988",mixed media with Korean paper on canvas,182.0 x 227.5 cm,2024년 11월 9일,Christie's,Live Auction 23638 20th/21st Century Day Sale,Lot 136,"HK$2,394,000 • US$307,928","HK$1,500,000–HK$2,500,000 (est)",/auction-result/7247609
박서보,park-seo-bo,"Ecriture No. 120507, 2012",mixed media and Korean paper on canvas,41 x 30 cm. (16 1/2 x 11 3/4 in.),2024년 6월 1일,Phillips • Hong Kong,Modern & Contemporary Art Day Sale,Lot 148,"HK$698,500 • US$89,329","HK$450,000–HK$650,000 (est)",/auction-result/7200178
박서보,park-seo-bo,"Ecriture No. 110507, 2011",mixed media and Korean paper on canvas,169 x 230.5 cm. (66 1/2 x 90 3/4 in.),2024년 6월 1일,Phillips • Hong Kong,Modern & Contemporary Art Day Sale,Lot 145,"HK$3,429,000 • US$438,525","HK$1,800,000–HK$2,800,000 (est)",/auction-result/7200175
박서보,park-seo-bo,"Écriture No. 67-78-79, 1979",pencil and oil on canvas,130 x 162.5 cm. (51 1/8 x 63 7/8 in.),2024년 5월 31일,Phillips • Hong Kong,Modern & Contemporary Art Evening Sale,Lot 16,"HK$4,191,000 • US$536,055","HK$3,500,000–HK$5,500,000 (est)",/auction-result/7200120
박서보,park-seo-bo,"Écriture No.151005, 2015",mixed media with Korean paper on canvas,130.0 x 80.0 cm,2024년 5월 25일,Bonhams,Modern & Contemporary Art,Lot 23,"HK$2,000,000 • US$256,108","HK$1,800,000–HK$2,800,000 (est)",/auction-result/7200653
박서보,park-seo-bo,"Ecriture No. 63-78, 1978",pencil and oil on hemp cloth,72.6 x 90.6 cm,2024년 4월 6일,Sotheby's,Contemporary Day Auction,Lot 816,"HK$1,587,500 • US$202,627","HK$1,200,000–HK$2,200,000 (est)",/auction-result/7203201
박서보,park-seo-bo,"Écriture No. 060503, 2006",mixed media with Korean paper on canvas,195.0 x 162.0 cm,2023년 11월 29일,Christie's,Live Auction 21393 20th Century Art Day Sale,Lot 220,"HK$2,646,000 • US$339,050","HK$2,000,000–HK$4,000,000 (est)",/auction-result/7173286
박서보,park-seo-bo,"Ecriture No. 910814, 1991",mixed media with Korean paper on canvas,97.5 x 191.0 cm,2023년 10월 6일,Sotheby's,Contemporary Day Auction,Lot 840,"HK$2,794,000 • US$356,744","HK$2,000,000–HK$3,000,000 (est)",/auction-result/7183296
박서보,park-seo-bo,"Ecriture No. 910116, 1991",mixed media with Korean paper on canvas,97.0 x 130.5 cm,2023년 10월 6일,Sotheby's,Contemporary Day Auction,Lot 842,"HK$1,016,000 • US$129,725","HK$1,000,000–HK$2,000,000 (est)",/auction-result/7183294
박서보,park-seo-bo,"Ecriture No. 37-75-76, 1975",oil and pencil on canvas,195.0 x 300.0 cm,2023년 10월 5일,Sotheby's,Contemporary Evening Auction,Lot 1214,"HK$20,415,000 • US$2,606,928","HK$17,000,000–HK$25,000,000 (est)",/auction-result/7163293
박서보,park-seo-bo,"Ecriture No. 218-85, 2020",Diasec-mounted pigment print,work 80 x 54.7 cm. (31 1/2 x 21 1/2 in.) frame 83.6 x 58.6 cm. (32 7/8 x 23 1/8 in.),2023년 9월 14일,Phillips • Hong Kong,Satellite: Online Auction,Lot 15,"HK$13,970 • US$1,784","HK$15,000–HK$20,000 (est)",/auction-result/7156431
박서보,park-seo-bo,"Ecriture No. 060224, 2015",Diasec-mounted pigment print,work 40.5 x 53 cm. (15 7/8 x 20 7/8 in.) frame 43 x 55.7 cm. (16 7/8 x 21 7/8 in.),2023년 9월 14일,Phillips • Hong Kong,Satellite: Online Auction,Lot 14,"HK$19,050 • US$2,433","HK$30,000–HK$50,000 (est)",/auction-result/7156430
박서보,park-seo-bo,"Ecriture No. 26-76, 2020",matiere print,sheet 48.9 x 37.7 cm. (19 1/4 x 14 7/8 in.) frame 57.8 x 46.7 cm. (22 3/4 x 18 3/8 in.),2023년 7월 6일,Phillips • Hong Kong,Let Loose: Online Auction,Lot 66,Bought In,"HK$30,000–HK$50,000 (est)",/auction-result/7144334
박서보,park-seo-bo,"Écriture No. 15-76, 1976",pencil and oil on canvas,130.6 x 161.5 cm,2023년 5월 28일,Christie's,Live Auction 21389 20th/21st Century Art Evening Sale,Lot 74,"HK$7,812,000 • US$997,453","HK$4,000,000–HK$6,000,000 (est)",/auction-result/7134348
박서보,park-seo-bo,"Ecriture No. 22-81, 1981",graphite and oil on hemp cloth,60.3 x 72.0 cm,2023년 5월 18일,Christie's,Live Auction 22518 A Century of Art: The Gerald Fineberg Collection Part II,Lot 910,"US$214,200","US$120,000–US$180,000 (est)",/auction-result/7121446
박서보,park-seo-bo,"Ecriture no. 041121, 2004",mixed media and Korean paper on canvas,162.5 x 128.8 cm. (63 7/8 x 50 3/4 in.),2023년 3월 31일,Phillips • Hong Kong,20th Century & Contemporary Art Day Sale,Lot 126,"HK$2,540,000 • US$323,569","HK$1,000,000–HK$2,000,000 (est)",/auction-result/7091828
박서보,park-seo-bo,"Ecriture No. 218-85, 2020",Pigment print,80.3 × 55.2 cm,2023년 3월 29일,Artsy Auction,Artsy Auction: Prints & Multiples (March 2023),Lot 50,"US$3,750","US$3,000–US$5,000 (est)",/auction-result/7091666
박서보,park-seo-bo,"Ecriture No. 40-73, 2020",Pigment print,89.4 × 131.2 cm,2023년 3월 29일,Artsy Auction,Artsy Auction: Prints & Multiples (March 2023),Lot 47,"US$8,750","US$7,000–US$9,000 (est)",/auction-result/7091663
박서보,park-seo-bo,"i. Ecriture No. 910212 ii. Ecriture No. 910213, 1991","mixed media on Korean paper, laid on canvas",26.0 x 18.0 cm,2023년 3월 1일,Sotheby's,Contemporary Discoveries | Down the Rabbit Hole,Lot 1141,"HK$406,400 • US$51,776","HK$280,000–HK$480,000 (est)",/auction-result/7273058
박서보,park-seo-bo,"Écriture No.070323, 2007",mixed media with Korean paper on canvas,180.0 x 260.0 cm,2022년 12월 1일,Christie's,Live Auction 19902 20th Century Art Day Sale,Lot 232,"HK$2,520,000 • US$322,873","HK$1,500,000–HK$2,500,000 (est)",/auction-result/7045883
박서보,park-seo-bo,"Ecriture No. 051206, 2005",mixed media and Korean paper on canvas,130.7 x 195.2 cm. (51 1/2 x 76 7/8 in.),2022년 6월 21일,Phillips • Hong Kong,20th Century & Contemporary Art & Design Day Sale,Lot 175,"HK$3,024,000 • US$385,226","HK$1,200,000–HK$2,200,000 (est)",/auction-result/6904736
박서보,park-seo-bo,Ecriture No. 40-73,"Digital pigment print in colours, on wove paper mounted to aluminium (as issued), the full sheet.",framed 93 x 134.5 x 3 cm (36 5/8 x 52 7/8 x 1 1/8 in.),2022년 6월 15일,Phillips • London,Evening & Day Editions,Lot 210,"£15,120 • US$18,409","£4,000–£6,000 (est)",/auction-result/6866572
박서보,park-seo-bo,"Ecriture Series I #3, 1994",mixed media on paper,75 x 55 cm,2022년 4월 28일,Sotheby's,Contemporary Day Auction,Lot 573,"HK$327,600 • US$41,751","HK$300,000–HK$500,000 (est)",/auction-result/6941025
박서보,park-seo-bo,"Écriture No. 91-75, 1975",pencil and oil on canvas,75 162 cm x 130 cm 130 x 162 cm. (51 1⁄8 x 63 3⁄4 in.),2021년 12월 1일,Christie's,20th/21st Century Art Evening Sale,Lot 36,"HK$6,000,000 • US$769,990","HK$3,500,000–HK$5,500,000 (est)",/auction-result/6957094
박서보,park-seo-bo,"Ecriture No. 060427, 2006",mixed media and Korean paper on canvas,195 x 162 cm. (76 3/4 x 63 3/4 in.),2021년 11월 29일,Phillips • Hong Kong,20th Century & Contemporary Art & Design Day Sale in Association with Poly Auction,Lot 211,"HK$3,780,000 • US$484,618","HK$1,200,000–HK$2,200,000 (est)",/auction-result/6539475
박서보,park-seo-bo,"Ecriture No. 15, 1977",oil and pencil on canvas,130 x 195 cm. (51 1/8 x 76 3/4 in.),2021년 6월 8일,Phillips • Hong Kong,20th Century & Contemporary Art Evening Sale in Association with Poly Auction,Lot 14,"HK$8,115,000 • US$1,045,714","HK$4,000,000–HK$6,000,000 (est)",/auction-result/6541293
박서보,park-seo-bo,"Ecriture No.050508, 2005",mixed media on Korean paper laid on canvas,130.0 x 195.0 cm,2021년 5월 25일,Christie's,20th and 21st Century Art Afternoon Session,Lot 263,"HK$3,000,000 • US$386,382","HK$1,500,000–HK$2,500,000 (est)",/auction-result/6495110
박서보,park-seo-bo,"Ecriture No. 1, 1996",Mixedmedia,21.3 x 27.3 cm,2021년 4월 23일,SBI Art Auction,Modern and Contemporary Art,Lot 101,"JPY ¥1,322,500 • US$12,247","JPY ¥200,000–¥300,000 (est)",/auction-result/6507576
박서보,park-seo-bo,"Ecriture N.950705, 1995",mixed media on Korean paper on canvas,91.0 x 73.0 cm,2021년 4월 13일,Sotheby's,Contemporary Curated,Lot 39,"£239,400 • US$329,260","£15,000–£25,000 (est)",/auction-result/7273048
박서보,park-seo-bo,"Ecriture N.000424, 2000",mixed media with Korean paper on canvas,91.5 x 73.0 cm,2020년 11월 24일,Sotheby's,Contemporary Curated,Lot 102,"£40,320 • US$53,732","£15,000–£25,000 (est)",/auction-result/7273045
박서보,park-seo-bo,"ÉCRITURE N. 78-74, 1974",pencil and oil on canvas,60.0 x 75.0 cm,2020년 7월 30일,Sotheby's,Contemporary Art Day Sale,Lot 841,Bought In,"£70,000–£90,000 (est)",/auction-result/7273044
박서보,park-seo-bo,"ÉCRITURE N. 78-74, 1974",pencil and oil on canvas,60 x 75 cm,2020년 7월 20일,Sotheby's • London,Contemporary Art Day Sale,Lot 841,Bought In,"£70,000–£90,000 (est)",/auction-result/6436402
박서보,park-seo-bo,"ECRITURE NO. 49-73, 1973",oil and pencil on canvas,32 x 41 cm,2020년 7월 10일,Sotheby's • Hong Kong,Contemporary Art Day Sale,Lot 563,"HK$875,000 • US$112,901","HK$300,000–HK$500,000 (est)",/auction-result/6425204
박서보,park-seo-bo,"ECRITURE NO. 910120, 1991",mixed media with Hanji on canvas,97 x 130.5 cm,2020년 7월 10일,Sotheby's • Hong Kong,Contemporary Art Day Sale,Lot 564,Bought In,"HK$600,000–HK$800,000 (est)",/auction-result/6425203
박서보,park-seo-bo,Écriture. No,pigment print,39.7 x 52 cm. (15 5/8 x 20 1/2 in.),2019년 11월 26일,Christie's,Contemporary Art Asia: Art on the Runway,Lot 3484,"HK$7,500 • US$958","HK$6,000–HK$8,000 (est)",/auction-result/6934837
박서보,park-seo-bo,"Ecriture No.25-73, 1973",pencil and oil on canvas,135 x 134 cm,2019년 11월 23일,Christie's • Hong Kong,20th Century & Contemporary Art Evening Sale,Lot 18,"HK$4,685,000 • US$601,764","HK$3,500,000–HK$4,500,000 (est)",/auction-result/682980
박서보,park-seo-bo,"ECRITURE NO. 90-85, 1985",pencil and oil on cotton,162 x 130 cm,2019년 10월 6일,Sotheby's • Hong Kong,Contemporary Art Evening Sale,Lot 1153,"HK$4,000,000 • US$510,221","HK$3,500,000–HK$5,500,000 (est)",/auction-result/6396892
박서보,park-seo-bo,Écriture. No,pigment print,20 1/2 x 15 5/8 in.,2019년 5월 28일,Christie's,Contemporary Art Asia,Lot 7011,"HK$9,375 • US$1,194","HK$6,000–HK$8,000 (est)",/auction-result/6921631
박서보,park-seo-bo,"Écriture. No. 060224, 1931",pigment print,20 1/2 x 15 5/8 in.,2019년 5월 21일,Christie's • Hong Kong,Contemporary Art Asia,Lot 7086,,"HK$6,000–HK$8,000 (est)",/auction-result/587548
김창열,kim-tschang-yeul,"Untitled (BBV 08005), 2006",oil on canvas,116.8 x 91.0 cm,2026년 3월 28일,Christie's,Live Auction 23845 20th Century Day Sale,Lot 148,,"HK$300,000–HK$500,000 (est)",/auction-result/7310705
김창열,kim-tschang-yeul,"Sans titre, 2003",oil on canvas,88.5 x 116.0 cm,2025년 9월 30일,Christie's,"Live Auction 24288 Collection Daniel Abadie, Une vie d'artistes",Lot 33,"€57,150 • US$67,041","€30,000–€50,000 (est)",/auction-result/7285366
김창열,kim-tschang-yeul,"Water Drops, 2000",oil on hemp cloth,259.0 x 388.0 cm,2025년 9월 29일,Sotheby's,Modern & Contemporary Day Auction,Lot 115,"HK$1,778,000 • US$228,522","HK$1,200,000–HK$2,200,000 (est)",/auction-result/7288043
김창열,kim-tschang-yeul,"Recurrence SH93034, 1993",oil and acrylic on hemp cloth,115 x 90 cm. (45 1/4 x 35 3/8 in.),2025년 9월 28일,Phillips • Hong Kong,Modern & Contemporary Art Day Sale,Lot 168,"HK$580,500 • US$74,626","HK$220,000–HK$420,000 (est)",/auction-result/7283351
김창열,kim-tschang-yeul,"Gouttes d’eau (No. S. 7), 1975",oil on hemp cloth,100.0 x 100.0 cm,2025년 9월 27일,Christie's,Live Auction 23394 20th Century Day Sale,Lot 123,"HK$2,667,000 • US$342,857","HK$600,000–HK$800,000 (est)",/auction-result/7284296
김창열,kim-tschang-yeul,"Waterdrops, 2003",oil on canvas,27 x 22 cm (10 5/8 x 8 5/8 in.),2025년 4월 10일,Phillips • London,New Now: Modern & Contemporary Art,Lot 23,"£24,130 • US$30,921","£10,000–£15,000 (est)",/auction-result/7256140
김창열,kim-tschang-yeul,"Untitled (Waterdrops), 1974",oil on linen,100.5 x 100.1 cm,2025년 3월 29일,Christie's,Live Auction 23391 20th Century Day Sale,Lot 241,"HK$1,260,000 • US$161,903","HK$1,000,000–HK$1,500,000 (est)",/auction-result/7255580
김창열,kim-tschang-yeul,"Waterdrops, 2002",oil on hemp cloth,27.4 x 22 cm (10 3/4 x 8 5/8 in.),2025년 3월 7일,Phillips • London,Modern & Contemporary Art Day Sale,Lot 187,"£38,100 • US$49,193","£10,000–£15,000 (est)",/auction-result/7249850
김창열,kim-tschang-yeul,"Waterdrops, 1983",oil and India ink on canvas,73.0 x 59.8 cm,2024년 12월 5일,Sotheby's,Modern & Contemporary Art,Lot 245,"€45,600 • US$47,936","€40,000–€60,000 (est)",/auction-result/7235519
김창열,kim-tschang-yeul,"Waterdrops, 2003",acrylic and ink on newspaper,50.2 x 33.5 cm,2024년 10월 10일,Sotheby's,Contemporary Day Auction,Lot 154,"£9,600 • US$12,544","£8,000–£12,000 (est)",/auction-result/7222726
김창열,kim-tschang-yeul,"Recurrence BK201202, 2011",acrylic and oil on canvas,97.0 x 162.2 cm,2024년 9월 27일,Christie's,Live Auction 21649 20th Century Day Sale,Lot 124,"HK$441,000 • US$56,687","HK$300,000–HK$500,000 (est)",/auction-result/7217323
김창열,kim-tschang-yeul,"Untitled, 1983",Oil on hemp cloth,60.0 x 73.0 cm,2024년 6월 4일,Lempertz,Modern and Contemporary Art - Evening Sale,Lot 64,"€126,000 • US$135,606","€100,000–€150,000 (est)",/auction-result/7204145
김창열,kim-tschang-yeul,"PB 011006, 2011",oil on canvas,38 x 45.2 cm. (14 7/8 x 17 3/4 in.),2024년 6월 1일,Phillips • Hong Kong,Modern & Contemporary Art Day Sale,Lot 144,"HK$330,200 • US$42,228","HK$240,000–HK$450,000 (est)",/auction-result/7200174
김창열,kim-tschang-yeul,"Water Drops S.A. 88014, 1988",oil on hemp cloth,112.0 x 161.8 cm,2024년 5월 29일,Christie's,Live Auction 21646 20th Century Day Sale,Lot 251,Bought In,"HK$1,000,000–HK$2,000,000 (est)",/auction-result/7205286
김창열,kim-tschang-yeul,"Gouttes d'eau (Water Drops), 1975",oil on hemp cloth,182.0 x 227.2 cm,2024년 5월 28일,Christie's,Live Auction 21645 20th Century Evening Sale,Lot 26,"HK$5,040,000 • US$643,301","HK$4,000,000–HK$6,000,000 (est)",/auction-result/7205189
김창열,kim-tschang-yeul,"Waterdrops, 2003",acrylic and Indian ink on newspaper laid on paper,49.8 x 33.7 cm (19 5/8 x 13 1/4 in.),2024년 4월 19일,Phillips • London,New Now: Modern & Contemporary Art,Lot 28,"£10,795 • US$13,352","£8,000–£12,000 (est)",/auction-result/7192519
김창열,kim-tschang-yeul,"Waterdrops, 1982",acrylic and Indian ink on newspaper,53 x 20 cm. (20 7/8 x 7 7/8 in.),2024년 3월 29일,Phillips • Hong Kong,New Now,Lot 65,"HK$120,650 • US$15,415","HK$100,000–HK$120,000 (est)",/auction-result/7189019
김창열,kim-tschang-yeul,"Water Drops, 1976",oil on hemp cloth,79.0 x 79.0 cm,2023년 11월 29일,Christie's,Live Auction 21393 20th Century Art Day Sale,Lot 219,Bought In,"HK$1,500,000–HK$3,500,000 (est)",/auction-result/7173287
김창열,kim-tschang-yeul,Untitled (Waterdrop),oil on leaf mounted on card,20.8 x 8.6 cm,2023년 11월 28일,Sotheby's,Art Moderne et Contemporain Day Auction,Lot 107,"€8,890 • US$9,568","€6,000–€9,000 (est)",/auction-result/7174809
김창열,kim-tschang-yeul,"Colorplate 75, 1988",oil on canvas,160 x 129.5 cm. (62 7/8 x 50 7/8 in.),2023년 10월 7일,Phillips • Hong Kong,20th Century & Contemporary Art Day Sale,Lot 174,"HK$762,000 • US$97,294","HK$600,000–HK$700,000 (est)",/auction-result/7159373
김창열,kim-tschang-yeul,"Recurrence SP201401, 2013",acrylic and oil on canvas,195 x 160.4 cm. (76 3/4 x 63 1/8 in.),2023년 10월 7일,Phillips • Hong Kong,20th Century & Contemporary Art Day Sale,Lot 173,Bought In,"HK$800,000–HK$1,200,000 (est)",/auction-result/7159372
김창열,kim-tschang-yeul,"Waterdrops BV 83020, 1983",oil on hemp cloth,150.3 x 40.0 cm,2023년 6월 29일,Christie's,Live Auction 21887 Post-War and Contemporary Art Day Sale,Lot 168,Bought In,"£60,000–£80,000 (est)",/auction-result/7145560
김창열,kim-tschang-yeul,"Waterdrops BV 83020, 1983",oil on hemp cloth,150 x 40 cm,2023년 6월 29일,Christie's,Post-War and Contemporary Art Day Sale,Lot 168,,"£60,000–£80,000 (est)",/auction-result/7140232
김창열,kim-tschang-yeul,Recurrence,Colour lithograph,72.0 x 102.0 cm,2023년 6월 26일,Bonhams,Prints and Multiples,Lot 94,Bought In,"€1,200–€1,800 (est)",/auction-result/7150710
김창열,kim-tschang-yeul,"Recurrence PK99002, 1996",acrylic and oil on canvas,162.0 x 130.5 cm,2023년 5월 29일,Christie's,Live Auction 21394 20th Century Art Day Sale,Lot 242,"HK$819,000 • US$104,534","HK$800,000–HK$1,200,000 (est)",/auction-result/7133105
김창열,kim-tschang-yeul,"Waterdrops No.16, 1977",oil on hemp cloth,195.0 x 162.0 cm,2023년 5월 28일,Christie's,Live Auction 21389 20th/21st Century Art Evening Sale,Lot 75,"HK$5,040,000 • US$643,518","HK$5,000,000–HK$8,000,000 (est)",/auction-result/7134347
김창열,kim-tschang-yeul,"Water Drops, 1998",acrylic and oil on canvas,162.0 x 130.0 cm,2023년 4월 6일,Sotheby's,Contemporary Day Auction,Lot 513,"HK$1,016,000 • US$129,429","HK$750,000–HK$950,000 (est)",/auction-result/7111178
김창열,kim-tschang-yeul,"Water Drops, 1986",oil on canvas,72.8 x 59.8 cm. (28 5/8 x 23 1/2 in.),2023년 3월 31일,Phillips • Hong Kong,20th Century & Contemporary Art Day Sale,Lot 129,"HK$533,400 • US$67,949","HK$350,000–HK$450,000 (est)",/auction-result/7091831
김창열,kim-tschang-yeul,Untitled (Waterdrop),oil on tree leaf mounted on card,20.8 x 8.6 cm,2023년 3월 30일,Sotheby's • Paris,Contemporary Curated,Lot 79,,"€8,000–€12,000 (est)",/auction-result/7139168
김창열,kim-tschang-yeul,Untitled (Waterdrop),oil on tree leaf mounted on card,20.8 x 8.6 cm,2023년 3월 21일,Sotheby's,Contemporary Curated,Lot 79,Bought In,"€8,000–€12,000 (est)",/auction-result/7151222
김창열,kim-tschang-yeul,"Waterdrop, 1974",Mixed media on canvas,73 x 54 cm,2022년 12월 7일,Artcurial,Post-War & Contemporary Art,Lot 612,"€57,414 • US$60,099","€30,000–€40,000 (est)",/auction-result/7072179
김창열,kim-tschang-yeul,"Water Drops, 1974",Mixed media on canvas,55 x 38 cm,2022년 12월 7일,Artcurial,Post-War & Contemporary Art,Lot 613,"€54,680 • US$57,237","€20,000–€30,000 (est)",/auction-result/7072178
김창열,kim-tschang-yeul,"Waterdrop Series ENS 50, 1978",oil on hemp cloth,73 x 60 cm,2022년 12월 1일,Christie's,Live Auction 19902 20th Century Art Day Sale,Lot 233,"HK$1,134,000 • US$145,293","HK$700,000–HK$900,000 (est)",/auction-result/7045882
김창열,kim-tschang-yeul,"Waterdrops SH 83003, 1983",oil on hemp cloth,130.2 x 195 cm,2022년 10월 13일,Christie's,Live Auction 20666 20th/21st Century: London Evening Sale,Lot 43,"£226,800 • US$251,763","£200,000–£300,000 (est)",/auction-result/7027177
김창열,kim-tschang-yeul,"Récurrence, 2008","Etching, hand-coloring",76 x 56 cm,2022년 7월 15일,SBI Art Auction,BID FOR SUMMER,Lot 306,Bought In,"JPY ¥1,800,000–¥2,800,000 (est)",/auction-result/6988989
김창열,kim-tschang-yeul,"Recurrence CTM818, 1981",oil and ink on canvas,72.5 x 59.7 cm. (28 1/2 x 23 1/2 in.),2022년 6월 21일,Phillips • Hong Kong,20th Century & Contemporary Art & Design Day Sale,Lot 173,"HK$630,000 • US$80,255","HK$250,000–HK$450,000 (est)",/auction-result/6904734
김창열,kim-tschang-yeul,"Water Drop No.2M, 1978",oil on canvas,182 x 228 cm,2022년 5월 26일,Christie's,20th/21st Century Art Evening Sale,Lot 43,"HK$7,056,000 • US$898,882","HK$3,800,000–HK$5,800,000 (est)",/auction-result/6875901
김창열,kim-tschang-yeul,"Waterdrop, 1983",oil on hemp,27 x 19 cm,2022년 4월 28일,Sotheby's,Contemporary Day Auction,Lot 571,"HK$567,000 • US$72,261","HK$350,000–HK$550,000 (est)",/auction-result/6941027
김창열,kim-tschang-yeul,"Composition with waterdrops, 1978",oil on hemp cloth,98.1 x 74 cm,2022년 3월 3일,Sotheby's,Modern & Contemporary Day Auction,Lot 456,"£252,000 • US$337,595","£80,000–£120,000 (est)",/auction-result/6652888
김창열,kim-tschang-yeul,"Untitled (Water drops), 1973",Oil on canvas,100 x 81 cm,2021년 12월 7일,Sotheby's,The Swiss Fine Art Sale,Lot 7,"CHF226,800 • US$245,012",,/auction-result/6532532
김창열,kim-tschang-yeul,"Gouttes d’eau (Waterdrops), 1973",oil on hemp cloth,99.5 x 99.5 cm. (39 1/8 x 39 1/8 in.),2021년 11월 29일,Phillips • Hong Kong,20th Century & Contemporary Art & Design Day Sale in Association with Poly Auction,Lot 212,"HK$819,000 • US$105,001","HK$450,000–HK$650,000 (est)",/auction-result/6539476
김창열,kim-tschang-yeul,"Recurrence SP201404, 2010",oil on canvas,73 x 60.7 cm. (28 1/2 x 24 in.),2021년 11월 29일,Phillips • Hong Kong,20th Century & Contemporary Art & Design Day Sale in Association with Poly Auction,Lot 210,"HK$453,600 • US$58,154","HK$200,000–HK$300,000 (est)",/auction-result/6539474
김창열,kim-tschang-yeul,"Bacchus, 1998",acrylic on wood,21 x 12 3/4 in. (53.3 x 32.4 cm),2021년 11월 18일,Phillips • New York,20th Century & Contemporary Art Day Sale - Morning Session,Lot 192,"US$52,920","US$40,000–US$60,000 (est)",/auction-result/6539799
김창열,kim-tschang-yeul,"Saga C, 1993",lithograph,82 x 60 cm,2021년 10월 29일,SBI Art Auction,Modern and Contemporary Art ＠HILLSIDE FORUM,Lot 39,"JPY ¥299,000 • US$2,632",,/auction-result/6524411
김창열,kim-tschang-yeul,"Recurrence, 1997",oil and acrylic on canvas,194 x 161 cm,2021년 6월 23일,Dorotheum,Contemporary Art I,Lot 259,,"€120,000–€180,000 (est)",/auction-result/6500545
김창열,kim-tschang-yeul,"Waterdrops S.H.87026, 1987",oil and gold foil on canvas,161.1 x 128.3 cm. (63 3/8 x 50 1/2 in.),2021년 6월 7일,Phillips • Hong Kong,20th Century & Contemporary Art & Design Day Sale in Association with Poly Auction,Lot 222,"HK$2,016,000 • US$259,812","HK$1,200,000–HK$2,200,000 (est)",/auction-result/6541457
김창열,kim-tschang-yeul,"Recurrence SH2013003, 2011",acrylic and oil on canvas,300 x 195 cm,2021년 5월 25일,Christie's,20th and 21st Century Art Afternoon Session,Lot 266,"HK$1,250,000 • US$160,992","HK$500,000–HK$700,000 (est)",/auction-result/6495107
김창열,kim-tschang-yeul,"CSH I, 1978",oil on hemp cloth,182 x 227.5 cm. (71 5/8 x 89 5/8 in.),2021년 5월 24일,Christie's,20th and 21st Century Art Evening Sale,Lot 71,"HK$9,850,000 • US$1,268,623","HK$4,800,000–HK$6,000,000 (est)",/auction-result/6976078
김창열,kim-tschang-yeul,"P. A. 84010, 1984",oil on canvas,195 x 163 cm,2021년 5월 20일,China Guardian,Contemporary Art Evening Sale I,Lot 2086,"CN¥2,070,000 • US$321,678","CN¥1,800,000–CN¥2,500,000 (est)",/auction-result/6510737
김창열,kim-tschang-yeul,"RÉCURRENCES, 1992",Lithograph,83 x 60 cm,2021년 4월 23일,SBI Art Auction,Modern and Contemporary Art,Lot 102,"JPY ¥2,645,000 • US$24,494","JPY ¥350,000–¥550,000 (est)",/auction-result/6507575
타카시 무라카미,takashi-murakami,"Untitled, 2019",acrylic and platinum leaf on canvas mounted on wood panel,150 x 140 cm. (59 x 55 1/8 in.),2026년 3월 29일,Phillips • Hong Kong,Modern & Contemporary Art Evening Sale,Lot 14,,"HK$2,200,000–HK$3,500,000 (est)",/auction-result/7310896
타카시 무라카미,takashi-murakami,"And Then x 6 (Platinum & White: The Superflat Method), 2012",acrylic and platinum leaf on canvas mounted on board,100.5 x 100.0 cm,2026년 3월 28일,Christie's,Live Auction 23846 21st Century Day Sale,Lot 232,,"HK$1,200,000–HK$2,200,000 (est)",/auction-result/7310781
타카시 무라카미,takashi-murakami,"A Sketch of Anywhere Door (Dokodemo Door) and an Excellent Day, 2019","acrylic, platinum leaf and gold leaf on canvas mounted on aluminum frame",180.0 x 180.0 cm,2026년 3월 27일,Christie's,Live Auction 23844 20th/21st Century Evening Sale,Lot 29,"HK$5,715,000 • US$730,278","HK$4,000,000–HK$6,000,000 (est)",/auction-result/7310648
타카시 무라카미,takashi-murakami,"Dob Jagged, 2018",Acrylic and platinum leaf on canvas mounted on wood panel,150.0 x 150.0 x 5.0 cm,2026년 3월 15일,SBI Art Auction,Bloom Now,Lot 122,,"JPY ¥25,000,000–¥35,000,000 (est)",/auction-result/7309699
타카시 무라카미,takashi-murakami,"And Then (x 4), 2011",Five offset lithographs printed in colours,68.0 x 67.8 cm,2026년 3월 12일,Bonhams,Limited Editions,Lot 113,,"€2,000–€3,000 (est)",/auction-result/7309858
타카시 무라카미,takashi-murakami,"Zero one, skull flower blue et Circus, 2013",Three colours offsets lithograph on wove paper,68.3 x 52.4 cm,2026년 3월 12일,Bonhams,Limited Editions,Lot 114,,"€1,800–€2,200 (est)",/auction-result/7309857
타카시 무라카미,takashi-murakami,"An Homage to IKB 1957 B, An homage to Yves Klein et an homage to Monopink 1960 B, 2012",Three colours offsets lithograph on wove paper,73.4 x 53.0 cm,2026년 3월 12일,Bonhams,Limited Editions,Lot 115,,"€2,000–€3,000 (est)",/auction-result/7309856
타카시 무라카미,takashi-murakami,"And Then and Then and Then and Then and Then, 1996",Offset lithograph printed in colors,49.9 x 49.9 cm,2026년 3월 12일,Bonhams,Limited Editions,Lot 116,,"€800–€1,200 (est)",/auction-result/7309855
타카시 무라카미,takashi-murakami,"Para-Kiti Dob, 2001",Offset lithograph printed in colors,49.9 x 49.9 cm,2026년 3월 12일,Bonhams,Limited Editions,Lot 117,,"€800–€1,200 (est)",/auction-result/7309854
타카시 무라카미,takashi-murakami,"Flower of Joy - Violet, 2007",acrylic and platinum leaf on canvas mounted on board,40.0 x 40.0 x 5.1 cm,2026년 3월 7일,Christie's,Live Auction 24182 Post-War and Contemporary Art Day Sale,Lot 613,Bought In,"£50,000–£70,000 (est)",/auction-result/7308919
타카시 무라카미,takashi-murakami,"Murakami.Flower #8321 Many-layered Flower, 2022","acrylic on canvas, mounted on aluminum frame",23 3/4 x 23 3/4 in. (60.3 x 60.3 cm),2026년 2월 28일,Phillips • New York,Modern & Contemporary Art,Lot 86,"US$96,750","US$80,000–US$120,000 (est)",/auction-result/7305683
타카시 무라카미,takashi-murakami,"SUPERFLAT Monogram: Panda & His Friends, 2005",lithograph and screenprint in colors on somerset wove paper,77.7 x 77.8 cm,2026년 2월 27일,Sotheby's,Contemporary Discoveries,Lot 710,"US$14,080","US$5,000–US$7,000 (est)",/auction-result/7307433
타카시 무라카미,takashi-murakami,"Sphere (Black), 2003",screenprint in colors on excell watercolor paper,69.9 x 69.7 cm,2026년 2월 27일,Sotheby's,Contemporary Discoveries,Lot 711,"US$4,096","US$5,000–US$7,000 (est)",/auction-result/7307432
타카시 무라카미,takashi-murakami,"Sphere (White), 2003",screenprint in colors on excell watercolor paper,70.0 x 69.6 cm,2026년 2월 27일,Sotheby's,Contemporary Discoveries,Lot 712,"US$3,840","US$5,000–US$7,000 (est)",/auction-result/7307431
타카시 무라카미,takashi-murakami,"Project Ko², 1999",painted plastic and wood model,49.0 x 15.0 cm,2026년 2월 12일,Sotheby's,Contemporary Discoveries,Lot 359,"€3,810 • US$4,524","€3,000–€4,000 (est)",/auction-result/7305850
타카시 무라카미,takashi-murakami,Melting DOB D,"Offset lithograph in colors, on Mitsubishi Art Post paper, the full sheet.",S. 26 3/4 x 26 3/4 in. (67.9 x 67.9 cm),2026년 2월 10일,Phillips • New York,"Editions & Works on Paper: Online Auction, including Made in L.A.: Property from the Collections of Master Printer Jean Milant and Cirrus Editions",Lot 301,"US$1,032","US$500–US$1,000 (est)",/auction-result/7305568
타카시 무라카미,takashi-murakami,"And then, and then and then and then and then; and And Then x 727 (Vermillion: Shu)","Two offset lithographs in colors, on smooth wove paper, the full sheets.",both S. 19 5/8 x 19 5/8 in. (49.8 x 49.8 cm),2026년 2월 10일,Phillips • New York,"Editions & Works on Paper: Online Auction, including Made in L.A.: Property from the Collections of Master Printer Jean Milant and Cirrus Editions",Lot 300,"US$3,096","US$2,500–US$3,500 (est)",/auction-result/7305567
타카시 무라카미,takashi-murakami,"And Then x 6 (White: The Superflat Method, Blue & Yellow Ears); and DOB in Pure White Robe (Navy & Vermilion)","Two offset lithographs in colors, on smooth wove paper, the full sheets.",both S. 19 5/8 x 19 5/8 in. (49.8 x 49.8 cm),2026년 2월 10일,Phillips • New York,"Editions & Works on Paper: Online Auction, including Made in L.A.: Property from the Collections of Master Printer Jean Milant and Cirrus Editions",Lot 299,"US$2,064","US$2,500–US$3,500 (est)",/auction-result/7305566
타카시 무라카미,takashi-murakami,"And then, and then and then and then and then; and And then, and then and then and then and then/Lemon Pepper","Two offset lithographs in colors, on smooth wove paper, the full sheets.",both S. 19 5/8 x 19 5/8 in. (49.8 x 49.8 cm),2026년 2월 10일,Phillips • New York,"Editions & Works on Paper: Online Auction, including Made in L.A.: Property from the Collections of Master Printer Jean Milant and Cirrus Editions",Lot 298,"US$3,612","US$2,500–US$3,500 (est)",/auction-result/7305565
타카시 무라카미,takashi-murakami,"Burying My Face In The Field of Flower; Beyond the Dimensions; and Multiverse, Flowers","Three offset lithographs in colors, on smooth wove paper, the full sheets.",all S. 27 7/8 in. (71 cm) diameter,2026년 2월 10일,Phillips • New York,"Editions & Works on Paper: Online Auction, including Made in L.A.: Property from the Collections of Master Printer Jean Milant and Cirrus Editions",Lot 297,"US$5,160","US$1,500–US$2,500 (est)",/auction-result/7305564
타카시 무라카미,takashi-murakami,"Oval (Peter Norton Christmas Project 2000), 2000",Polychrome plastic multiple containing a mini CD.,10 1/4 x 7 1/4 x 7 1/4 in. (26 x 18.4 x 18.4 cm),2026년 2월 10일,Phillips • New York,"Editions & Works on Paper: Online Auction, including Made in L.A.: Property from the Collections of Master Printer Jean Milant and Cirrus Editions",Lot 296,US$968,"US$1,500–US$2,500 (est)",/auction-result/7305563
타카시 무라카미,takashi-murakami,Black Flowers Round (TM/KK For BLM),"Screenprint with spray paint, on wove paper, the full sheet.",S. 27 1/2 x 27 1/2 in. (69.9 x 69.9 cm),2026년 2월 7일,Phillips • New York,Editions & Works on Paper,Lot 56,"US$3,096","US$1,500–US$2,500 (est)",/auction-result/7304597
타카시 무라카미,takashi-murakami,Puuuu,"Archival pigment print and screenprint in colours with glitter varnish, on wove paper, with full margins.",I. 30.3 x 23.4 cm (11 7/8 x 9 1/4 in.) S. 42 x 42 cm (16 1/2 x 16 1/2 in.),2026년 1월 29일,Phillips • London,Contemporary Editions: Online Auction,Lot 238,"£2,193 • US$3,028","£1,000–£1,500 (est)",/auction-result/7304069
타카시 무라카미,takashi-murakami,Korpokkur in the Forest,"Offset lithograph in colours, on smooth wove paper, the full sheet.",S. 76.8 x 92.4 cm (30 1/4 x 36 3/8 in.),2026년 1월 29일,Phillips • London,Contemporary Editions: Online Auction,Lot 237,"£3,354 • US$4,631","£2,000–£3,000 (est)",/auction-result/7304068
타카시 무라카미,takashi-murakami,Doraemon in My Memory,"Offset lithograph in colours, on smooth wove paper, the full sheet.",S. 50.3 x 102 cm (19 3/4 x 40 1/8 in.),2026년 1월 29일,Phillips • London,Contemporary Editions: Online Auction,Lot 236,"£2,064 • US$2,850","£2,000–£3,000 (est)",/auction-result/7304067
타카시 무라카미,takashi-murakami,"When I Close My Eyes, I See Shangri-la; Blue Flower & Skulls; This Merciless World; and Signal","Four offset lithographs in colours, on smooth wove paper, the full sheets.",three S. 68.9 x 53 cm (27 1/8 x 20 7/8 in.) one S. 68 x 68 cm (26 3/4 x 26 3/4 in.),2026년 1월 29일,Phillips • London,Contemporary Editions: Online Auction,Lot 235,"£2,451 • US$3,385","£2,000–£3,000 (est)",/auction-result/7304066
타카시 무라카미,takashi-murakami,Hey! You! Do You Feel What I Feel?; Space Show; Festival Flower Decoration; and Happy x A Trillion Times: Flower,"Four offset lithographs in colours, on smooth wove paper, the full sheets.",three S. 71 cm (27 7/8 in.) diameter one S. 46 cm (18 1/8 in.) diameter,2026년 1월 29일,Phillips • London,Contemporary Editions: Online Auction,Lot 234,"£3,870 • US$5,344","£2,000–£3,000 (est)",/auction-result/7304065
타카시 무라카미,takashi-murakami,Time Bokan: three prints; and Acupuncture Painting: two prints,"Five offset lithographs in colours, on smooth wove paper, the full sheets.",Time Bokan all S. 50 x 50 cm (19 5/8 x 19 5/8 in.) Acupuncture Painting all S. 50.5 x 50 cm (19 7/8 x 19 5/8 in.),2026년 1월 29일,Phillips • London,Contemporary Editions: Online Auction,Lot 233,"£1,290 • US$1,781","£1,000–£1,500 (est)",/auction-result/7304064
타카시 무라카미,takashi-murakami,With Baby Flower,"Screenprint in colours with cold-stamped gold and silver foil, on wove paper, with full margins.",I. 77.8 x 25 cm (30 5/8 x 9 7/8 in.) S. 89.7 x 37 cm (35 3/8 x 14 5/8 in.),2026년 1월 24일,Phillips • London,Evening & Day Editions,Lot 163,"£7,740 • US$10,561","£3,000–£5,000 (est)",/auction-result/7298936
타카시 무라카미,takashi-murakami,Stand Up,"Screenprint in colours with cold-stamped gold and silver foil, on wove paper, with full margins.",I. 77.5 x 25 cm (30 1/2 x 9 7/8 in.) S. 89.7 x 37 cm (35 3/8 x 14 5/8 in.),2026년 1월 24일,Phillips • London,Evening & Day Editions,Lot 162,"£10,320 • US$14,082","£3,000–£5,000 (est)",/auction-result/7298935
타카시 무라카미,takashi-murakami,"Dob Dob, 1996",vinyl chloride and helium,307.3 x 713.7 x 325.1 cm,2025년 12월 16일,Phillips,"Modern & Contemporary Art: Online Auction, New York",Lot 23,"US$77,400","US$20,000–US$30,000 (est)",/auction-result/7300493
타카시 무라카미,takashi-murakami,"Murakami.Flower #2481 Super Zombie, 2022",acrylic on canvas,60.3 x 60.3 cm,2025년 12월 16일,Christie's,First Open | Post-War & Contemporary Art,Lot 17,"US$40,640","US$60,000–US$80,000 (est)",/auction-result/7300342
타카시 무라카미,takashi-murakami,"""Charge into the Center of Consciousness"", 1962",offset print in color with cold foil stamping and high-gloss varnish on lightweight cardboard,70.0 cm,2025년 12월 15일,Dorotheum,Modern and Contemporary Prints,Lot 30,"€1,836 • US$2,155",,/auction-result/7299956
타카시 무라카미,takashi-murakami,"Oval (Peter Norton Christmas Project 2000), 2000","Polychrome plastic, mini CD",26.7 x 18.4 x 18.4 cm. (10 1/2 x 7 1/4 x 7 1/4 in.),2025년 12월 11일,Phillips • Hong Kong,"Modern & Contemporary Art: Online Auction, Hong Kong",Lot 62,Bought In,"HK$10,000–HK$20,000 (est)",/auction-result/7298148
타카시 무라카미,takashi-murakami,"Ensō: Beyond the Universe of Total Darkness, 2016",acrylic on Kraft paper,work 84 x 70 cm. (33 1/8 x 27 1/2 in.) frame 89.2 x 74.5 cm. (35 1/8 x 29 3/8 in.),2025년 12월 11일,Phillips • Hong Kong,"Modern & Contemporary Art: Online Auction, Hong Kong",Lot 21,Bought In,"HK$300,000–HK$500,000 (est)",/auction-result/7298107
타카시 무라카미,takashi-murakami,"Doraemon: Thank You ; Mr. Fujiko F. Fujio and Doraemon are in the Field of Flowers; & Many Things Await Beyond Anywhere Door (Dokodemo Door), 2018",three offset lithographs,64.5 x 56.0 cm,2025년 12월 11일,Poly Auction,Modern and Contemporary,Lot 114,"HK$24,000 • US$3,085","HK$20,000–HK$40,000 (est)",/auction-result/7299892
타카시 무라카미,takashi-murakami,"Magician, 1996",acrylic on board,31.0 x 27.3 cm,2025년 11월 28일,Christie's,20th/21st Century Online,Lot 3,"HK$508,000 • US$65,308","HK$300,000–HK$500,000 (est)",/auction-result/7296189
타카시 무라카미,takashi-murakami,"Untitled (Mr. Dob - Yellow), 2020","FRP, urethane paint, stainless steel and wood",83.0 x 68.0 x 38.0 cm,2025년 11월 27일,Sotheby's,Modern & Contemporary Discoveries,Lot 1215,"HK$330,200 • US$42,455","HK$260,000–HK$400,000 (est)",/auction-result/7299137
타카시 무라카미,takashi-murakami,Cherry,"Screenprint in colours, on wove paper, with full margins.",I. 60 x 60 cm (23 5/8 x 23 5/8 in.) S. 63 x 63 cm (24 3/4 x 24 3/4 in.),2025년 11월 25일,Phillips • Hong Kong,Editions,Lot 72,Bought In,"HK$60,000–HK$80,000 (est)",/auction-result/7294188
타카시 무라카미,takashi-murakami,"Flower Smile; Open Your Hands Wide, Embrance Happiness!; and Flowers in Heaven","Three offset lithographs in colours, on smooth wove paper, the full sheets.","Flower Smile S. 49.8 x 49.8 cm (19 5/8 x 19 5/8 in.) Open Your Hands Wide, Embrance Happiness!; and Flowers in Heaven S. 68 x 68 cm (26 3/4 x 26 3/4 in.)",2025년 11월 24일,Phillips • Hong Kong,Editions Online: No Reserve,Lot 160,"HK$51,600 • US$6,631","HK$10,000–HK$15,000 (est)",/auction-result/7294254
타카시 무라카미,takashi-murakami,"With Reverence, I Lay Myself Before You - Karin - Chrysanthemum; and Kansei (trade name of Rinpa-school Edo Painter Ogata Kōrin, literal meaning: ""Voice of the Mountain Stream"")","Two offset lithographs in colours, on smooth wove paper, the full sheets.",both S. 71 cm (27 7/8 in.) diam.,2025년 11월 24일,Phillips • Hong Kong,Editions Online: No Reserve,Lot 159,"HK$9,675 • US$1,243","HK$8,000–HK$12,000 (est)",/auction-result/7294253
타카시 무라카미,takashi-murakami,Flower Ball (3D) Red Cliff; and Flower Ball (3D) Margaret,"Two offset lithographs in colours, on smooth wove paper, the full sheets.",both S. 71 cm (27 7/8 in.) diam.,2025년 11월 24일,Phillips • Hong Kong,Editions Online: No Reserve,Lot 158,"HK$28,380 • US$3,647","HK$8,000–HK$12,000 (est)",/auction-result/7294252
타카시 무라카미,takashi-murakami,"And then x 6 White: The Superflat Method, Blue & Yellow Ears,; And then x 6 Marine Blue: The Superflat Method; And then x 6 Red; And then x 6 Vermilliom:The Superflat Method; And then x 727 Ultramarine: GUNJO","Five offset lithographs in colours, on smooth wove paper, the full sheets.",all S. 50 x 50 cm (19 5/8 x 19 5/8 in.),2025년 11월 24일,Phillips • Hong Kong,Editions Online: No Reserve,Lot 157,"HK$45,150 • US$5,802","HK$20,000–HK$30,000 (est)",/auction-result/7294251
타카시 무라카미,takashi-murakami,Cube; Cube 2; and Cosmos,"Three offset lithographs in colours, on smooth wove paper, the full sheets.",all S. 60 x 60 cm (23 5/8 x 23 5/8 in.),2025년 11월 24일,Phillips • Hong Kong,Editions Online: No Reserve,Lot 156,"HK$12,255 • US$1,575","HK$10,000–HK$15,000 (est)",/auction-result/7294250
타카시 무라카미,takashi-murakami,!N-CHA!; DOB Totem Pole; and Jellyfish Eyes Cream,"Three offset lithographs in colours, on smooth wove paper, the full sheets.",all S. 49.8 x 49.8 cm (19 5/8 x 19 5/8 in.),2025년 11월 24일,Phillips • Hong Kong,Editions Online: No Reserve,Lot 155,"HK$9,675 • US$1,243","HK$10,000–HK$15,000 (est)",/auction-result/7294249
타카시 무라카미,takashi-murakami,Superflat Colorful Monogram,"Screenprint in colours, on wove paper, with full margins.",I. 20 x 7.4 cm (7 7/8 x 2 7/8 in.) S. 30 x 17.4 cm (11 3/4 x 6 7/8 in.),2025년 11월 24일,Phillips • Hong Kong,Editions Online: No Reserve,Lot 154,"HK$30,960 • US$3,978","HK$18,000–HK$28,000 (est)",/auction-result/7294248
타카시 무라카미,takashi-murakami,Longing for Zao Wou-Ki's Flower Paintings; and Homage to Basket of Flowers by Song Dynasty Artist Li Song,"Two offset lithographs in colours, on smooth wove paper, the full sheets.",Zao Wou Ki's Longing for Flower Paintings: 65 x 54.4 cm (25 5/8 x 21 3/8 in.) Homage to Basket of Flowers by Song Dynaty Artist Li Song: 60 x 60 cm (23 5/8 x 23 5/8 in.),2025년 11월 24일,Phillips • Hong Kong,Editions Online: No Reserve,Lot 153,"HK$30,960 • US$3,978","HK$15,000–HK$20,000 (est)",/auction-result/7294247
타카시 무라카미,takashi-murakami,"Miss Ko² (Project Ko²), 1997","fiberglass, iron, acrylic and oil paint",182.9 x 63.5 x 76.2 cm,2025년 11월 19일,Christie's,Live Auction 23484 21st Century Evening Sale Featuring Works from the Edlis | Neeson Collection,Lot 40 B,"US$2,759,000","US$1,800,000–US$2,500,000 (est)",/auction-result/7293473
타카시 무라카미,takashi-murakami,"Murakami.Flower #6006 Patch, 2022",acrylic on canvas,60.0 x 60.0 cm,2025년 11월 19일,Sotheby's,Contemporary Day Auction,Lot 612,"US$63,500","US$60,000–US$80,000 (est)",/auction-result/7293359
타카시 무라카미,takashi-murakami,Untitled (DOB and Flower Drawing),"Black marker drawing, on wove paper book page from <em>The Octopus Eats It's Own Leg</em> exhibition catalogue for the Modern Art Museum of Fort Worth, Texas, with the artist's printed name in gold.",11 1/4 x 9 1/2 in. (28.6 x 24.1 cm),2025년 10월 22일,Phillips • New York,Editions & Works on Paper,Lot 437,"US$1,548","US$800–US$1,200 (est)",/auction-result/7289959
김종학,kim-chong-hak,"Landscape of Mt. Seoraksan, 2004",acrylic on canvas,53.5 x 72.5 cm. (21 1/8 x 28 1/2 in.),2025년 5월 27일,Phillips • Hong Kong,Modern & Contemporary Art: Evening & Day Sale,Lot 96,"HK$241,300 • US$30,791","HK$120,000–HK$160,000 (est)",/auction-result/7264150
김종학,kim-chong-hak,"MT. SEORAK IN WINTER, 2001",oil on canvas,91 × 116.5 cm,2017년 5월 28일,Christie's • Convention Hall,Asian Contemporary Art (Day Sale),Lot 157,"HK$587,500 • US$75,761","HK$450,000–HK$550,000 (est)",/auction-result/681
김종학,kim-chong-hak,"Landscape, 1998",oil on canvas,43.51 x 51.99 cm,2016년 3월 16일,Seoul Auction • Seoul,139th Art Auction,Lot 72,"KRW ₩22,000,000 • US$18,515","KRW ₩18,000,000–₩30,000,000 (est)",/auction-result/1994146
김종학,kim-chong-hak,"Still life, 1998",acrylic on canvas,53.01 x 72.69 cm,2016년 3월 9일,K Auction • Seoul,Spring Auction,Lot 19,"KRW ₩23,000,000 • US$18,991","KRW ₩25,000,000–₩50,000,000 (est)",/auction-result/1583310
김종학,kim-chong-hak,"Summer landscape, 1997",acrylic on canvas,45.49 x 37.9 cm,2016년 3월 9일,K Auction • Seoul,Spring Auction,Lot 20,"KRW ₩18,000,000 • US$14,862","KRW ₩18,000,000–₩30,000,000 (est)",/auction-result/1583309
김종학,kim-chong-hak,"Lillies by the stream, 1992",oil on canvas,130.3 x 162.2 cm,2016년 3월 9일,K Auction • Seoul,Spring Auction,Lot 60,"KRW ₩95,000,000 • US$78,441","KRW ₩90,000,000–₩200,000,000 (est)",/auction-result/1583308
김종학,kim-chong-hak,Landscape of Mt. Seorak,acrylic on wood tray,16.51 x 23.01 cm,2016년 3월 9일,K Auction • Seoul,Spring Auction,Lot 18,"KRW ₩10,000,000 • US$8,256","KRW ₩9,000,000–₩18,000,000 (est)",/auction-result/1583307
김종학,kim-chong-hak,"Landscape of Mt. Seorak, 1999",oil on canvas,89.99 x 208.51 cm,2016년 3월 9일,K Auction • Seoul,Spring Auction,Lot 61,"KRW ₩150,000,000 • US$123,854","KRW ₩150,000,000–₩300,000,000 (est)",/auction-result/1583306
김종학,kim-chong-hak,"Landscape of Mt. Seorak, 1992",acrylic on canvas,80.29 x 130.3 cm,2016년 3월 9일,K Auction • Seoul,Spring Auction,Lot 24,"KRW ₩70,000,000 • US$57,798","KRW ₩70,000,000–₩180,000,000 (est)",/auction-result/1583305
김종학,kim-chong-hak,"Landscape, 2009",acrylic on canvas,53.01 x 65.1 cm,2015년 12월 16일,Seoul Auction • Seoul,138th Modern and Contemporary Art Auction,Lot 191,Bought In,"KRW ₩40,000,000–₩60,000,000 (est)",/auction-result/1657267
김종학,kim-chong-hak,Summer landscape,acrylic on wooden tray,19.99 x 29.01 cm,2015년 12월 15일,K Auction • Seoul,Winter Auction,Lot 15,"KRW ₩11,500,000 • US$9,731","KRW ₩10,000,000–₩16,000,000 (est)",/auction-result/997033
김종학,kim-chong-hak,Landscape of Mt. Seorak,acrylic on canvas,97 x 130.3 cm,2015년 12월 15일,K Auction • Seoul,Winter Auction,Lot 74,"KRW ₩70,000,000 • US$59,235","KRW ₩70,000,000–₩150,000,000 (est)",/auction-result/997032
김종학,kim-chong-hak,Flower festival,acrylic on canvas,37.9 x 45.49 cm,2015년 12월 15일,K Auction • Seoul,Winter Auction,Lot 17,"KRW ₩21,000,000 • US$17,770","KRW ₩20,000,000–₩35,000,000 (est)",/auction-result/997031
김종학,kim-chong-hak,"Summer landscape, 2003",oil on canvas,45.49 x 53.01 cm,2015년 12월 15일,K Auction • Seoul,Winter Auction,Lot 73,"KRW ₩36,000,000 • US$30,463","KRW ₩23,000,000–₩40,000,000 (est)",/auction-result/997030
김종학,kim-chong-hak,"Still life, 1998",acrylic on canvas,90.91 x 72.69 cm,2015년 10월 4일,K Auction • Hong Kong,Autumn Hong Kong Sale,Lot 54,"HK$200,000 • US$25,806","HK$200,000–HK$400,000 (est)",/auction-result/3025372
김종학,kim-chong-hak,Winter Landscape,oil on canvas,89.41 x 145.49 cm,2015년 9월 16일,K Auction • Seoul,Autumn Sale,Lot 73,"KRW ₩70,000,000 • US$59,536","KRW ₩70,000,000–₩160,000,000 (est)",/auction-result/1203210
김종학,kim-chong-hak,"Four Seasons of Mt Seorak, 1995",oil on canvas,65.1 x 90.91 cm,2015년 9월 16일,K Auction • Seoul,Autumn Sale,Lot 76,Bought In,"KRW ₩45,000,000–₩70,000,000 (est)",/auction-result/1203209
김종학,kim-chong-hak,Winter Landscape,oil on canvas,60.6 x 72.69 cm,2015년 9월 16일,K Auction • Seoul,Autumn Sale,Lot 30,Bought In,"KRW ₩30,000,000–₩50,000,000 (est)",/auction-result/1203208
김종학,kim-chong-hak,"Flowers and Bird, 2003",oil on wooden tray,21.01 x 21.01 cm,2015년 9월 16일,K Auction • Seoul,Autumn Sale,Lot 86,"KRW ₩11,500,000 • US$9,781","KRW ₩10,000,000–₩15,000,000 (est)",/auction-result/1203207
김종학,kim-chong-hak,"Landscape, 2004",oil on canvas,162.31 x 130 cm,2015년 9월 15일,Seoul Auction • Seoul,137th Modern and Contemporary Art Auction,Lot 138,"KRW ₩300,000,000 • US$253,709",,/auction-result/1226071
김종학,kim-chong-hak,"Cockscombs, 2005",oil on canvas,45.49 x 53.01 cm,2015년 9월 15일,Seoul Auction • Seoul,137th Modern and Contemporary Art Auction,Lot 118,"KRW ₩25,000,000 • US$21,142","KRW ₩25,000,000–₩40,000,000 (est)",/auction-result/1226070
김종학,kim-chong-hak,Snowscape,oil on canvas,59.99 x 72.49 cm,2015년 9월 15일,Seoul Auction • Seoul,137th Modern and Contemporary Art Auction,Lot 186,Bought In,"KRW ₩30,000,000–₩50,000,000 (est)",/auction-result/1226073
김종학,kim-chong-hak,"Flowers and Birds, 2004",oil on canvas,38 x 45.49 cm,2015년 9월 15일,Seoul Auction • Seoul,137th Modern and Contemporary Art Auction,Lot 117,Bought In,"KRW ₩22,000,000–₩40,000,000 (est)",/auction-result/1226072
김종학,kim-chong-hak,"Landscape of Mt. Seorak, 1992",acrylic on canvas,72.69 x 116.79 cm,2015년 7월 14일,K Auction • Seoul,Summer Sale,Lot 56,"KRW ₩82,000,000 • US$71,946","KRW ₩80,000,000–₩120,000,000 (est)",/auction-result/957493
김종학,kim-chong-hak,"Hedychium Coronarium, 2001",acrylic on wooden tray,76.99 x 35.99 cm,2015년 7월 14일,K Auction • Seoul,Summer Sale,Lot 96,"KRW ₩25,000,000 • US$21,934","KRW ₩25,000,000–₩50,000,000 (est)",/auction-result/957492
김종학,kim-chong-hak,Winter Landscape,oil on canvas,72.69 x 90.91 cm,2015년 7월 14일,K Auction • Seoul,Summer Sale,Lot 81,"KRW ₩35,000,000 • US$30,708","KRW ₩35,000,000–₩60,000,000 (est)",/auction-result/957491
김종학,kim-chong-hak,Landscape,oil on canvas,107.01 x 576.5 cm,2015년 6월 16일,Seoul Auction • Seoul,136th Modern and Contemporary Art Auction,Lot 41,"KRW ₩200,000,000 • US$178,871","KRW ₩300,000,000–₩400,000,000 (est)",/auction-result/2040958
김종학,kim-chong-hak,"Landscape, 2005",acrylic on canvas,81 x 100 cm,2015년 6월 16일,Seoul Auction • Seoul,136th Modern and Contemporary Art Auction,Lot 38,"KRW ₩85,000,000 • US$76,020","KRW ₩75,000,000–₩100,000,000 (est)",/auction-result/2040957
김종학,kim-chong-hak,Flowers and Birds,acrylic on wooden tray,28.5 x 32.99 x 5.51 cm,2015년 6월 16일,Seoul Auction • Seoul,136th Modern and Contemporary Art Auction,Lot 11,"KRW ₩14,000,000 • US$12,521","KRW ₩10,000,000–₩15,000,000 (est)",/auction-result/2040956
김종학,kim-chong-hak,"Landscape, 2003",acrylic on canvas,89.99 x 130 cm,2015년 6월 16일,Seoul Auction • Seoul,136th Modern and Contemporary Art Auction,Lot 40,"KRW ₩90,000,000 • US$80,492","KRW ₩80,000,000–₩120,000,000 (est)",/auction-result/2040955
김종학,kim-chong-hak,"Landscape, 2005",acrylic on canvas,81 x 100 cm,2015년 6월 16일,Seoul Auction • Seoul,136th Modern and Contemporary Art Auction,Lot 37,Bought In,"KRW ₩75,000,000–₩100,000,000 (est)",/auction-result/2040954
김종학,kim-chong-hak,"Mt. Seorak in Winter, 2001",oil on canvas,110.01 x 289 cm,2015년 6월 16일,Seoul Auction • Seoul,136th Modern and Contemporary Art Auction,Lot 39,Bought In,"KRW ₩200,000,000–₩300,000,000 (est)",/auction-result/2040953
김종학,kim-chong-hak,"Mt. Seorak in Summer, 2003",acrylic on canvas,60.6 x 72.21 cm,2015년 3월 10일,K Auction • Seoul,Spring Sale,Lot 50,"US$34,200","US$35,000–US$64,500 (est)",/auction-result/1374030
김종학,kim-chong-hak,"Full Bloom, 1998",acrylic on canvas,130.3 x 162.2 cm,2015년 3월 10일,K Auction • Seoul,Spring Sale,Lot 42,"US$90,100","US$92,100–US$165,800 (est)",/auction-result/1374031
김종학,kim-chong-hak,Mt. Seorak in Autumn,oil on canvas,45.49 x 53.01 cm,2015년 3월 10일,K Auction • Seoul,Spring Sale,Lot 51,Bought In,"US$18,400–US$36,800 (est)",/auction-result/1374029
김종학,kim-chong-hak,"Full Bloom, 2003",acrylic on canvas,45.49 x 53.01 cm,2015년 3월 10일,K Auction • Seoul,Spring Sale,Lot 18,"US$23,400","US$22,100–US$36,800 (est)",/auction-result/1374032
김종학,kim-chong-hak,Snowscape,oil on canvas,80.29 x 99.8 cm,2015년 3월 9일,Seoul Auction • Seoul,135th Modern and Contemporary Art Auction,Lot 174,"KRW ₩47,000,000 • US$42,236","KRW ₩45,000,000–₩70,000,000 (est)",/auction-result/2767470
김종학,kim-chong-hak,"Flowers and Birds, 2004",oil on canvas,181.51 x 227 cm,2015년 3월 9일,Seoul Auction • Seoul,135th Modern and Contemporary Art Auction,Lot 123,"KRW ₩170,000,000 • US$152,769","KRW ₩180,000,000–₩300,000,000 (est)",/auction-result/2767469
김종학,kim-chong-hak,"Flower, 2003",acrylic on canvas,26.01 x 18.21 cm,2015년 1월 28일,Seoul Auction • Seoul,My First Collection,Lot 12,"KRW ₩4,300,000 • US$3,968","KRW ₩3,000,000–₩5,000,000 (est)",/auction-result/1422538
김종학,kim-chong-hak,Flowers,oil on canvas,43.99 x 51.51 cm,2015년 1월 28일,Seoul Auction • Seoul,My First Collection,Lot 33,"KRW ₩16,000,000 • US$14,767","KRW ₩16,000,000–₩28,000,000 (est)",/auction-result/1422537
김종학,kim-chong-hak,"Landscape, 2003",oil on canvas,45.49 x 53.01 cm,2014년 12월 17일,Seoul Auction • Seoul,134th Modern and Contemporary Art Auction,Lot 63,Bought In,"KRW ₩25,000,000–₩40,000,000 (est)",/auction-result/2181411
김종학,kim-chong-hak,Snowscape,oil on canvas,59.51 x 71.5 cm,2014년 12월 17일,Seoul Auction • Seoul,134th Modern and Contemporary Art Auction,Lot 79,Bought In,"KRW ₩25,000,000–₩40,000,000 (est)",/auction-result/2181410
김종학,kim-chong-hak,"Landscape, 2002",oil on canvas,162.51 x 129.01 cm,2014년 12월 17일,Seoul Auction • Seoul,134th Modern and Contemporary Art Auction,Lot 62,Bought In,"KRW ₩120,000,000–₩170,000,000 (est)",/auction-result/2181414
김종학,kim-chong-hak,"Landscape, 2006",oil on canvas,65.51 x 100 cm,2014년 12월 17일,Seoul Auction • Seoul,134th Modern and Contemporary Art Auction,Lot 64,Bought In,"KRW ₩65,000,000–₩100,000,000 (est)",/auction-result/2181413
김종학,kim-chong-hak,Snowscape,oil on canvas,45.49 x 53.01 cm,2014년 12월 17일,Seoul Auction • Seoul,134th Modern and Contemporary Art Auction,Lot 80,Bought In,"KRW ₩18,000,000–₩30,000,000 (est)",/auction-result/2181412
김종학,kim-chong-hak,"Full bloom, 2003",acrylic on canvas,72.69 x 90.91 cm,2014년 12월 16일,K Auction • Seoul,Auction,Lot 52,Bought In,"KRW ₩48,000,000–₩80,000,000 (est)",/auction-result/1056006
김종학,kim-chong-hak,Night in spring,oil on canvas,45.49 x 60.6 cm,2014년 12월 16일,K Auction • Seoul,Auction,Lot 74,"KRW ₩22,000,000 • US$20,188","KRW ₩22,000,000–₩40,000,000 (est)",/auction-result/1056005
김종학,kim-chong-hak,Landscape of Mt. Seorak,acrylic on canvas,97 x 130.3 cm,2014년 12월 16일,K Auction • Seoul,Auction,Lot 82,Bought In,"KRW ₩80,000,000–₩150,000,000 (est)",/auction-result/1056004
김종학,kim-chong-hak,"Flower and butterfly, 2003",acrylic on canvas,25.81 x 17.91 cm,2014년 12월 16일,K Auction • Seoul,Auction,Lot 90,"KRW ₩5,200,000 • US$4,771","KRW ₩3,000,000–₩8,000,000 (est)",/auction-result/1056003
김종학,kim-chong-hak,"Mt. Seorak in summer, 2005",acrylic on canvas,80.29 x 100 cm,2014년 12월 16일,K Auction • Seoul,Auction,Lot 53,"KRW ₩65,000,000 • US$59,646","KRW ₩65,000,000–₩100,000,000 (est)",/auction-result/1056002
김환기,whanki-kim,2 works: (i-ii) Untitled,coloured pencil on paper,each 30 x 22.5 cm. (11 3/4 x 8 7/8 in.),2026년 3월 29일,Phillips • Hong Kong,Modern & Contemporary Art,Lot 213,,"HK$60,000–HK$80,000 (est)",/auction-result/7311011
김환기,whanki-kim,2 works: (i-ii) Untitled,pencil on paper,each 35 x 28 cm. (13 3/4 x 11 in.),2026년 3월 29일,Phillips • Hong Kong,Modern & Contemporary Art,Lot 211,,"HK$70,000–HK$150,000 (est)",/auction-result/7311009
김환기,whanki-kim,"19-VI-71 #206, 1971",oil on cotton,254.0 x 203.0 cm,2025년 11월 17일,Christie's,Live Auction 23485 20th Century Evening Sale,Lot 69 A,"US$10,295,000","US$7,500,000–US$10,000,000 (est)",/auction-result/7292244
김환기,whanki-kim,"9-XII-71 #216, 1971",oil on cotton,127.0 x 251.0 cm,2024년 9월 26일,Christie's,Live Auction 21648 20th/21st Century Evening Sale,Lot 25,"HK$56,035,000 • US$7,196,860","HK$45,000,000–HK$65,000,000 (est)",/auction-result/7217276
김환기,whanki-kim,"Mountain and Moon, 1960",oil on canvas,41.0 x 51.5 cm,2024년 5월 29일,Christie's,Live Auction 21646 20th Century Day Sale,Lot 249,"HK$1,197,000 • US$152,784","HK$1,000,000–HK$2,000,000 (est)",/auction-result/7205288
김환기,whanki-kim,"21-V-68 #21, 1968",oil on canvas,75.0 x 62.4 cm,2024년 5월 29일,Christie's,Live Auction 21646 20th Century Day Sale,Lot 250,"HK$882,000 • US$112,578","HK$900,000–HK$1,500,000 (est)",/auction-result/7205287
김환기,whanki-kim,"Untitled, 1967",oil on canvas,76.2 x 30.0 cm,2024년 4월 6일,Sotheby's,Contemporary Day Auction,Lot 818,"HK$762,000 • US$97,261","HK$500,000–HK$900,000 (est)",/auction-result/7203199
김환기,whanki-kim,"Moon on Mountain, 1964",oil on canvas,62 x 86.5 cm,2021년 12월 1일,Christie's,20th/21st Century Art Evening Sale,Lot 33,"HK$6,490,000 • US$832,302","HK$3,000,000–HK$5,000,000 (est)",/auction-result/6530644
김환기,whanki-kim,Flight 飛行,oil on canvas,91.12 x 60.96 cm,2021년 10월 9일,Sotheby's,Contemporary Art Evening Sale,Lot 1124,"HK$4,531,000 • US$582,069","HK$2,500,000–HK$4,500,000 (est)",/auction-result/6522875
김환기,whanki-kim,"Early Morning, 1967",oil on canvas,38 x 28 cm,2021년 5월 25일,Christie's,20th and 21st Century Art Afternoon Session,Lot 254,"HK$2,125,000 • US$273,687","HK$800,000–HK$1,200,000 (est)",/auction-result/6495119
김환기,whanki-kim,"Untitled 8-IIII-71, 1971",gouache on paper,56.5 x 42 cm. (22 1/4 x 16 1/2 in.),2020년 12월 3일,Christie's,Modern and Contemporary Art Afternoon Session,Lot 438,"HK$1,625,000 • US$209,638","HK$1,200,000–HK$2,200,000 (est)",/auction-result/6951816
김환기,whanki-kim,"05-IV-71 #200 (Universe), 1913-1974","signed ‘whanki’, titled and dated ‘5-IV-71 #200’ and inscribed ‘New York (100 x 50)’ (on the reverse of the left panel); titled and dated ‘#200 5-IV-71’ and inscribed ‘100 x 50 R’ (on the reverse of the right panel)",254 x 254 cm,2019년 11월 23일,Christie's • Hong Kong,20th Century & Contemporary Art Evening Sale,Lot 17,"HK$101,955,000 • US$13,095,600","HK$48,000,000–HK$62,000,000 (est)",/auction-result/682979
김환기,whanki-kim,"Untitled, 1913-1974",gouache on paper,46.2 x 30.5 cm,2019년 5월 26일,Christie's • Hong Kong,20th Century & Contemporary Art (Afternoon Session),Lot 370,"HK$750,000 • US$95,985","HK$200,000–HK$300,000 (est)",/auction-result/587698
김환기,whanki-kim,"L’ENDROIT OÙ J'HABITAIS - THE PLACE WHERE I LIVED, 1956",paintings,59 x 92 cm,2019년 4월 1일,Sotheby's • Hong Kong,Contemporary Art,Lot 578,"HK$6,175,000 • US$786,645","HK$3,000,000–HK$5,000,000 (est)",/auction-result/1271341
김환기,whanki-kim,"Untitled - 28 - I - 68 I; & Untitled - 7 - II - 68 III, 1968",two oil on newspaper,55 x 38 cm,2018년 5월 27일,Christie's • Hong Kong,Asian 20th Century Art (Day Sale),Lot 406,"HK$875,000 • US$111,541","HK$750,000–HK$1,000,000 (est)",/auction-result/5367543
김환기,whanki-kim,"Untitled - 28 - I - 68 I; &amp; Untitled - 7 - II - 68 III, 1913-1974",two oil on newspaper,55 x 76 cm,2018년 5월 27일,Christie's • Hong Kong,Asian 20th Century Art (Day Sale),Lot 406,"HK$875,000 • US$112,050","HK$750,000–HK$1,000,000 (est)",/auction-result/504630
김환기,whanki-kim,"Mountain and River ,",marker and color on paper,22.5 x 34.5 cm,2018년 1월 24일,K Auction • Seoul,January Auction,Lot 2,"KRW ₩23,000,000 • US$21,587","KRW ₩12,000,000–₩30,000,000 (est)",/auction-result/2406619
김환기,whanki-kim,"Untitled , 1970 - 1972, 1970",marker and colored pencil on paper,28 x 22 cm,2018년 1월 24일,K Auction • Seoul,January Auction,Lot 8,"KRW ₩17,000,000 • US$15,956","KRW ₩17,000,000–₩30,000,000 (est)",/auction-result/2406618
김환기,whanki-kim,"Self-Portrait ,",ink and light color on paper,26 x 34 cm,2018년 1월 24일,K Auction • Seoul,January Auction,Lot 5,"KRW ₩35,000,000 • US$32,851","KRW ₩16,000,000–₩35,000,000 (est)",/auction-result/2406617
김환기,whanki-kim,"Mountain and Moon , 1963 - 1964, 1963",gouache on paper,8.5 x 13.5 cm,2017년 12월 12일,K Auction • Seoul,December Auction,Lot 5,"KRW ₩32,000,000 • US$29,297","KRW ₩12,000,000–₩42,000,000 (est)",/auction-result/1557889
김환기,whanki-kim,"Mountain and Moon ,",gouache on paper,21 x 29 cm,2017년 12월 12일,K Auction • Seoul,December Auction,Lot 3,"KRW ₩36,000,000 • US$32,959","KRW ₩23,000,000–₩40,000,000 (est)",/auction-result/1557888
김환기,whanki-kim,"Untitled ,",oil on paper,57.6 x 41.5 cm,2017년 12월 12일,K Auction • Seoul,December Auction,Lot 19,"KRW ₩88,000,000 • US$80,566","KRW ₩80,000,000–₩150,000,000 (est)",/auction-result/1557887
김환기,whanki-kim,"Jars and Women ,",pen on paper,24 x 34 cm,2017년 12월 12일,K Auction • Seoul,December Auction,Lot 78,"KRW ₩15,000,000 • US$13,732","KRW ₩9,000,000–₩15,000,000 (est)",/auction-result/1557886
김환기,whanki-kim,"Untitled , 1973, 1973",Oil on paper,57.3 x 91.5 cm,2017년 6월 28일,Seoul Auction • Seoul,144th Art Auction,Lot 34,"KRW ₩500,000,000 • US$438,973","KRW ₩500,000,000–₩900,000,000 (est)",/auction-result/2546355
김환기,whanki-kim,"Untitled , 1963, 1963",Gouache on paper,7.5 x 10 cm,2017년 6월 28일,Seoul Auction • Seoul,144th Art Auction,Lot 1,"KRW ₩10,500,000 • US$9,218","KRW ₩12,000,000–₩24,000,000 (est)",/auction-result/2546358
김환기,whanki-kim,"Lily flower ,",Oil on hardboard,35.1 x 21.5 cm,2017년 6월 28일,Seoul Auction • Seoul,144th Art Auction,Lot 14,"KRW ₩120,000,000 • US$105,353","KRW ₩120,000,000–₩160,000,000 (est)",/auction-result/2546357
김환기,whanki-kim,"Untitled , 1966, 1966",Oil on canvas,90 x 63 cm,2017년 6월 28일,Seoul Auction • Seoul,144th Art Auction,Lot 33,"KRW ₩560,000,000 • US$491,650","KRW ₩520,000,000–₩900,000,000 (est)",/auction-result/2546356
김환기,whanki-kim,"Untitled ,",oil on canvas,56 x 37.5 cm,2017년 6월 14일,K Auction • Seoul,June Auction,Lot 41,"KRW ₩260,000,000 • US$232,136","KRW ₩260,000,000–₩400,000,000 (est)",/auction-result/2541370
김환기,whanki-kim,"Mountain and the Moon , 1963, 1963",gouache on paper,16 x 23.5 cm,2017년 6월 14일,K Auction • Seoul,June Auction,Lot 2,"KRW ₩29,000,000 • US$25,892","KRW ₩25,000,000–₩40,000,000 (est)",/auction-result/2541369
김환기,whanki-kim,"Birds and the Moon , 1958, 1958",gouache on paper,33 x 24 cm,2017년 6월 14일,K Auction • Seoul,June Auction,Lot 11,"KRW ₩83,000,000 • US$74,105","KRW ₩35,000,000–₩80,000,000 (est)",/auction-result/2541368
김환기,whanki-kim,"Untitled , 1969, 1969",Gouache on Korean paper,58 x 29.5 cm,2017년 5월 28일,Seoul Auction • Seoul,22nd Hong Kong Sale,Lot 5,"KRW ₩380,000 • US$339","KRW ₩55,000,000–₩85,000,000 (est)",/auction-result/2879238
김환기,whanki-kim,"3−Ⅱ−68 III , 1968, 1968",Oil on newspaper,55.5 x 38 cm,2017년 5월 28일,Seoul Auction • Seoul,22nd Hong Kong Sale,Lot 4,"KRW ₩600,000 • US$535","KRW ₩60,000,000–₩90,000,000 (est)",/auction-result/2879237
김환기,whanki-kim,"Untitled , 1969, 1969",Oil on canvas,120 x 85 cm,2017년 5월 28일,Seoul Auction • Seoul,22nd Hong Kong Sale,Lot 44,"KRW ₩3,100,000 • US$2,767","KRW ₩450,000,000–₩800,000,000 (est)",/auction-result/2879236
김환기,whanki-kim,"SUN AND CLOUDS, 1913-1974",oil and sand on canvas,91.4 x 61.2 cm,2017년 5월 28일,Christie's • Hong Kong,Asian 20th Century Art (Day Sale),Lot 472,"HK$1,860,000 • US$239,856","HK$600,000–HK$800,000 (est)",/auction-result/575
김환기,whanki-kim,"MOUNTAINS AND MOON, 1974",oil on canvas,51 x 41 cm,2017년 5월 28일,Christie's,Asian 20th Century Art (Day Sale),Lot 473,Bought In,"HK$1,600,000–HK$2,400,000 (est)",/auction-result/395373
김환기,whanki-kim,"Untitled ,",watercolor on paper and ink laid on panel,47.6 x 22.2 cm,2017년 5월 20일,Trinity International Auctions • Avon,International Fine Art Auction,Lot 59,"US$15,000","US$10,000–US$20,000 (est)",/auction-result/1615251
김환기,whanki-kim,"Untitled ,",oil on panel,47.6 x 22.2 cm,2017년 5월 20일,Trinity International Auctions • Avon,International Fine Art Auction,Lot 58,"US$23,000","US$10,000–US$20,000 (est)",/auction-result/1615252
김환기,whanki-kim,"Untitled , 1963, 1963",Gouache on paper,25 x 17 cm,2017년 4월 26일,Seoul Auction • Seoul,1st Seoul Auction Busan Sale,Lot 1,"KRW ₩28,000,000 • US$24,700","KRW ₩28,000,000–₩40,000,000 (est)",/auction-result/3634403
김환기,whanki-kim,Untitled,gouache on paper,11 x 16 cm,2017년 4월 12일,K Auction • Seoul,Spring Auction,Lot 2,"KRW ₩30,000,000 • US$26,445","KRW ₩10,000,000–₩30,000,000 (est)",/auction-result/2383793
김환기,whanki-kim,"Mountain and Moon, 1964",gouache on paper,24 x 26 cm,2017년 4월 12일,K Auction • Seoul,Spring Auction,Lot 7,"KRW ₩42,000,000 • US$37,023","KRW ₩30,000,000–₩50,000,000 (est)",/auction-result/2383792
김환기,whanki-kim,"Untitled , 1970, 1970",gouache on paper,55.12 x 25.4 cm,2017년 3월 24일,Seoul Auction • Seoul,21st Hong Kong Sale,Lot 4,Bought In,"KRW ₩55,000,000–₩90,000,000 (est)",/auction-result/3378267
김환기,whanki-kim,"Moon and jar ,",oil on canvas,52.58 x 40.39 cm,2017년 3월 24일,Seoul Auction • Seoul,21st Hong Kong Sale,Lot 30,Bought In,"KRW ₩400,000,000–₩700,000,000 (est)",/auction-result/3378266
김환기,whanki-kim,"Buddha ,",oil on wooden board,21.08 x 26.92 cm,2017년 3월 7일,Seoul Auction • Seoul,143rd Art Auction,Lot 216,"KRW ₩210,000,000 • US$182,546","KRW ₩200,000,000–₩500,000,000 (est)",/auction-result/2569014
김환기,whanki-kim,"Ⅳ-68 , 1968, 1968",oil on newspaper,54.36 x 36.32 cm,2017년 3월 7일,Seoul Auction • Seoul,143rd Art Auction,Lot 211,"KRW ₩73,000,000 • US$63,456","KRW ₩50,000,000–₩100,000,000 (est)",/auction-result/2569013
김환기,whanki-kim,"Mountain and moon, 1958",pencil and pen on paper,27 x 21 cm,2017년 2월 22일,K Auction • Seoul,Spring Auction,Lot 2,"KRW ₩36,000,000 • US$31,608","KRW ₩10,000,000–₩20,000,000 (est)",/auction-result/1515242
김환기,whanki-kim,"19-V-69 #57, 1969",oil on canvas,176 x 125 cm,2017년 2월 22일,K Auction • Seoul,Spring Auction,Lot 29,"KRW ₩1,020,000,000 • US$895,561","KRW ₩1,000,000,000–₩1,800,000,000 (est)",/auction-result/1515241
김환기,whanki-kim,"Untitled, 1967",marker on paper,35 x 28 cm,2017년 2월 22일,K Auction • Seoul,Spring Auction,Lot 9,"KRW ₩13,000,000 • US$11,414","KRW ₩12,000,000–₩30,000,000 (est)",/auction-result/1515240
김환기,whanki-kim,"12-VII-68, 1968",pencil on paper,45 x 30 cm,2017년 2월 22일,K Auction • Seoul,Spring Auction,Lot 73,"KRW ₩11,000,000 • US$9,658","KRW ₩7,000,000–₩15,000,000 (est)",/auction-result/1515239
김환기,whanki-kim,"Untitled, 1958","pen, watercolor on paper",27 x 20 cm,2017년 2월 22일,K Auction • Seoul,Spring Auction,Lot 8,"KRW ₩27,000,000 • US$23,706","KRW ₩8,000,000–₩20,000,000 (est)",/auction-result/1515238
김환기,whanki-kim,"Drawing, 1956","pen, watercolor on paper",45 x 26 cm,2017년 2월 22일,K Auction • Seoul,Spring Auction,Lot 72,Bought In,"KRW ₩85,000,000–₩100,000,000 (est)",/auction-result/1515237
백남준,nam-june-paik,"Untitled, 1994","plaster, bejewelled photo frames and screenprint ink on canvas mounted on panel, in artist's frame",83.3 x 192.8 x 17.3 cm (32 3/4 x 75 7/8 x 6 3/4 in.),2026년 3월 17일,Phillips • London,"Modern & Contemporary Art: Online Auction, London",Lot 110,"£9,675 • US$12,924","£8,000–£12,000 (est)",/auction-result/7308540
백남준,nam-june-paik,"T'ang Dynasty, 1988",acrylic on canvas and TV antennas,canvas 48 1/8 x 61 in. (122.2 x 154.9 cm) overall 76 1/4 x 68 in. (193.7 x 172.7 cm) installation dimensions variable,2026년 2월 28일,Phillips • New York,Modern & Contemporary Art,Lot 147,"US$45,150","US$30,000–US$40,000 (est)",/auction-result/7305744
백남준,nam-june-paik,"Veba #5, 1997",video and television set,36 x 29 x 26 cm. (14 1/8 x 11 3/8 x 10 1/4 in.),2025년 12월 12일,Phillips • Hong Kong,Modern & Contemporary Art & Design Sale,Lot 24,"HK$116,100 • US$14,919","HK$100,000–HK$200,000 (est)",/auction-result/7296540
백남준,nam-june-paik,"Untitled, 1992","Tie, metal brooch, and photosensitive canvas",173.0 x 132.0 cm,2025년 12월 10일,Artcurial,Post-War & Contemporain,Lot 484,"€23,832 • US$27,712","€25,000–€35,000 (est)",/auction-result/7298298
백남준,nam-june-paik,"Charlotte, 1995",mixed media,261.6 x 219.7 x 60.0 cm,2025년 11월 19일,Sotheby's,Contemporary Day Auction,Lot 562,Bought In,"US$300,000–US$400,000 (est)",/auction-result/7293406
백남준,nam-june-paik,"Untitled, from Columbus: In Search of a New Tomorrow","Screenprint in colors, on Fabriano paper, with full margins.",I. 27 1/4 x 20 3/4 in. (69.2 x 52.7 cm) S. 30 x 22 3/4 in. (76.2 x 57.8 cm),2025년 10월 22일,Phillips • New York,Editions & Works on Paper,Lot 384,"US$1,097","US$800–US$1,200 (est)",/auction-result/7289906
백남준,nam-june-paik,"Self-Portrait, 1989","1950s <em>Philco Predicta</em> television cabinet containing bronze mask of the artist, video tape, antique TV cubes and circuit board, eggs, painted globe, watch, suspenders, pewter Buddha, magnet, painted toy piano, I-Ching page, silk flowers and pair of eye glasses",22 3/4 x 25 1/2 x 15 3/4 in. (57.8 x 64.8 x 40 cm),2025년 9월 25일,Phillips • New York,New Now: Modern & Contemporary Art,Lot 151,"US$19,350","US$15,000–US$20,000 (est)",/auction-result/7282555
백남준,nam-june-paik,"Olympic Centennial, 1992",Color offset lithograph on Arches paper,50.0 x 65.5 cm,2025년 6월 5일,Swann,Contemporary Art,Lot 74,"US$2,750","US$1,500–US$2,500 (est)",/auction-result/7301684
백남준,nam-june-paik,"TV SERVICE ROBOT, 1997","video, 5 television sets, mixed media",113 x 109 x 61.5 cm. (44 1/2 x 42 7/8 x 24 1/4 in.),2025년 5월 27일,Phillips • Hong Kong,Modern & Contemporary Art: Evening & Day Sale,Lot 49,"HK$698,500 • US$89,131","HK$400,000–HK$600,000 (est)",/auction-result/7264105
백남준,nam-june-paik,"Global Groove, 1994","plastic television cabinets, neon, printed vinyl and antennae, in 11 parts",67 3/4 x 61 1/2 x 7 in. (172.1 x 156.2 x 17.8 cm),2025년 5월 14일,Phillips • New York,"Modern & Contemporary Art Day Sale, Morning Session",Lot 142,"US$152,400","US$120,000–US$180,000 (est)",/auction-result/7260375
백남준,nam-june-paik,"Untitled (Smaller Rosetta Stone-Channel 12), 1983",oil on canvas,27.9 x 35.6 cm,2025년 2월 28일,Christie's,First Open | Post-War & Contemporary Art,Lot 30,"US$23,940","US$10,000–US$15,000 (est)",/auction-result/7249185
백남준,nam-june-paik,"Untitled (Bowie), 1990",cibachrome print,76.8 x 108.0 cm,2025년 2월 28일,Christie's,First Open | Post-War & Contemporary Art,Lot 93,"US$11,340","US$10,000–US$15,000 (est)",/auction-result/7249117
백남준,nam-june-paik,"V-IDEA, a priori, 1984","two etchings with aquatint in colors, on Rives BFK paper",29.9 x 37.8 cm,2025년 2월 26일,Christie's,Contemporary Edition: New York,Lot 96,"US$4,032","US$800–US$1,200 (est)",/auction-result/7250254
백남준,nam-june-paik,"Pavarotti, 1994",acrylic and mixed media,143.0 x 97.0 x 31.5 cm,2025년 1월 24일,Sotheby's,Contemporary Discoveries,Lot 32,Bought In,"£50,000–£70,000 (est)",/auction-result/7244909
백남준,nam-june-paik,März,"The complete set of 20 lithographs and screenprints, one with hand-coloring in oil paint, on Rives BFK paper, with full margins, with title page, colophon and text in Korean and English, all contained in the original gray cloth-covered portfolio.",all I. various sizes all S. 19 3/8 x 27 1/8 in. (49.2 x 68.9 cm) portfolio 21 x 29 x 1 1/4 in. (53.3 x 73.7 x 3.2 cm),2024년 10월 24일,Phillips • New York,Editions & Works on Paper,Lot 358,"US$4,826","US$3,000–US$5,000 (est)",/auction-result/7222671
백남준,nam-june-paik,"Before the Word there was Light, after the Word there will be Light",1948 <em>DuMont</em> television casing containing a candle.,17 3/8 x 23 1/2 x 19 5/8 in. (44.1 x 59.7 x 49.8 cm),2024년 10월 24일,Phillips • New York,Editions & Works on Paper,Lot 88,"US$12,700","US$12,000–US$18,000 (est)",/auction-result/7222401
백남준,nam-june-paik,Sonatine for Goldfish,1946 <em>RCA Victor</em> television casing with aquarium.,39 x 49 x 42 cm (15 3/8 x 19 1/4 x 16 1/2 in.),2024년 9월 20일,Phillips • London,Evening & Day Editions,Lot 143,Bought In,"£10,000–£15,000 (est)",/auction-result/7212539
백남준,nam-june-paik,"TV Tower, 1998","wood, tv monitor, fabric, plastic and electrical wiring",116.2 x 58.4 x 51 cm (45 3/4 x 22 7/8 x 20 1/8 in.),2024년 6월 27일,Phillips • London,Modern & Contemporary Art: Evening & Day Sale,Lot 84,Bought In,"£60,000–£80,000 (est)",/auction-result/7204978
백남준,nam-june-paik,"TV Tower, 1998","wood, tv monitor, plastic and electrical wiring",96.3 x 50.6 x 51.6 cm (37 7/8 x 19 7/8 x 20 3/8 in.),2024년 6월 27일,Phillips • London,Modern & Contemporary Art: Evening & Day Sale,Lot 83,Bought In,"£60,000–£80,000 (est)",/auction-result/7204977
백남준,nam-june-paik,"Olympic Centennial, 1992",Color offset lithograph on Arches paper,63.0 x 90.0 cm,2024년 6월 6일,Swann,Contemporary Art,Lot 244,Bought In,"US$2,000–US$3,000 (est)",/auction-result/7211120
백남준,nam-june-paik,"Untitled (Caractères), 1994",Color offset lithograph on white wove paper,38.0 x 28.0 cm,2024년 6월 6일,Swann,Contemporary Art,Lot 245,US$812,"US$1,200–US$1,800 (est)",/auction-result/7211119
백남준,nam-june-paik,"Route 66, 1993",mixed media,130.0 x 150.0 x 120.0 cm,2024년 5월 28일,Christie's,Live Auction 21645 20th Century Evening Sale,Lot 32,"HK$1,638,000 • US$209,073","HK$1,500,000–HK$2,500,000 (est)",/auction-result/7205182
백남준,nam-june-paik,"Kyunggi Centennial No. 2, 1999",Screenprint on canvas,142.9 × 89.5 × 5.1 cm,2024년 3월 20일,Artsy Auction,Artsy Auction: Post-War and Contemporary Art (March 2024),Lot 157,"US$2,813","US$3,000–US$5,000 (est)",/auction-result/7187960
백남준,nam-june-paik,"Circuit Bored, 1994","single-channel video installation with eleven 4.5-inch LCD monitors, plexiglas box, CRT case, Sony DVP-SR200P player, two DVDs, and electrical elements",106.7 x 52.1 x 14.0 cm,2024년 3월 13일,Christie's,Live Auction 22899 Post-War to Present,Lot 181,"US$207,900","US$150,000–US$200,000 (est)",/auction-result/7191436
백남준,nam-june-paik,"Early Bird with Hierographics, 1996","neon, glass and steel",304.8 x 304.8 x 304.8 cm,2024년 3월 13일,Christie's,Live Auction 22899 Post-War to Present,Lot 331,Bought In,"US$100,000–US$150,000 (est)",/auction-result/7191369
백남준,nam-june-paik,"Before the Word there was Light, after the Word there will be Light",1948 <em>Dumont</em> television casing containing a candle.,44 x 60 x 50 cm (17 3/8 x 23 5/8 x 19 5/8 in.),2024년 1월 18일,Phillips • London,Evening & Day Editions,Lot 23,"£17,780 • US$22,603","£15,000–£20,000 (est)",/auction-result/7175519
백남준,nam-june-paik,Born Again,"Patinated cast bronze of a <em>Kuba</em> television with three television monitors, antennae, and plug.",84 x 58 x 14 cm (33 1/8 x 22 7/8 x 5 1/2 in.),2024년 1월 18일,Phillips • London,Evening & Day Editions,Lot 22,"£20,320 • US$25,832","£15,000–£20,000 (est)",/auction-result/7175518
백남준,nam-june-paik,"TV, 1980","television, collage, ink and graphite on paper",29.2 x 45.7 x 41.0 cm,2023년 11월 16일,Bonhams,Post-War & Contemporary Art,Lot 77,"US$11,520","US$10,000–US$15,000 (est)",/auction-result/7170547
백남준,nam-june-paik,"Homage to Charlotte (Neon Cello), 1995","3 CRT televisions, neon tubing, transformer, metal wire, acrylic plastic cases and laser disc player",142.2 x 61.0 x 66.0 cm,2023년 11월 16일,Sotheby's,Contemporary Day Auction,Lot 427,Bought In,"US$100,000–US$150,000 (est)",/auction-result/7170328
백남준,nam-june-paik,"Untitled (Calligraphic Brushstrokes), 1960",Brush and ink on tan wove paper mounted on card stock,27.2 x 24.0 cm,2023년 11월 16일,Swann,Contemporary Art,Lot 123,"US$1,750","US$1,500–US$2,500 (est)",/auction-result/7197648
백남준,nam-june-paik,"Untitled, 1990","television, neon tubing, 2 Watchman radios, electrical wires,plastic dial, transformer, oil, paper and antenna",96.0 x 60.8 x 25.0 cm,2023년 9월 26일,Sotheby's,Collection François Meyer : A Colorful Passion,Lot 26,"€38,100 • US$41,005","€20,000–€30,000 (est)",/auction-result/7161281
백남준,nam-june-paik,"Flicker, 1996","radio cabinet, TV cabinet, television, antenna, shoe polishers, wire and neon laser disc",185.0 x 109.0 x 46.0 cm,2023년 9월 24일,Christie's,Live Auction 21553 20th/21st Century Art Sale,Lot 29,"HK$945,000 • US$120,619","HK$700,000–HK$1,500,000 (est)",/auction-result/7160095
백남준,nam-june-paik,"Antique TV Fish, 1986",tele-King cabinet with 4 inch TV and electrical cord,45.1 x 55.9 x 52.1 cm,2023년 7월 10일,Sotheby's,Contemporary Discoveries,Lot 34,"US$57,150","US$30,000–US$40,000 (est)",/auction-result/7153989
백남준,nam-june-paik,"Untitled, 1982",acrylic on canvas and screens,65.5 x 45.5 cm,2023년 6월 9일,Sotheby's • Zurich,Swiss Fine Art,Lot 19,,,/auction-result/7137026
백남준,nam-june-paik,"Untitled, 1982",acrylic on canvas and screens,65.5 x 45.5 cm,2023년 6월 2일,Sotheby's,Swiss Fine Art,Lot 19,Bought In,,/auction-result/7143106
백남준,nam-june-paik,"Internet Dweller, 1994",vintage tv sets with light fixtures,132.0 x 127.0 x 61.0 cm,2023년 5월 19일,Sotheby's,Contemporary Day Auction,Lot 907,"US$279,400","US$70,000–US$100,000 (est)",/auction-result/7131787
백남준,nam-june-paik,"Untitled, 1978","the complete set of nine screenprints in colors, on rives bfk paper",44.5 x 47.3 x 1.91 cm,2023년 4월 25일,Christie's,The Sale of the Century: An Important Corporate Collection of Prints and Multiples: Online,Lot 483,"US$4,410","US$700–US$1,000 (est)",/auction-result/7109840
백남준,nam-june-paik,Evolution/Revolution/Resolution,"The complete set of eight lithographs in colors with aluminium plate etching, on wove paper, with full margins.",all I. 27 5/8 x 20 5/8 in. (70.2 x 52.4 cm) all S. 29 7/8 x 22 1/8 in. (75.9 x 56.2 cm),2023년 4월 20일,Phillips • New York,Editions & Works on Paper,Lot 342,"US$30,480","US$7,000–US$10,000 (est)",/auction-result/7105874
백남준,nam-june-paik,"Ingrid Bergman, 1989","ink, oil and computer controlled airbrush and collage on canvas, 2 antennas, 2 in. TV",133.5 x 166.5 cm. (52 1/2 x 65 1/2 in.),2023년 3월 31일,Phillips • Hong Kong,20th Century & Contemporary Art Day Sale,Lot 161,"HK$444,500 • US$56,625","HK$380,000–HK$550,000 (est)",/auction-result/7091863
백남준,nam-june-paik,"TV face, 1988",acrylic on canvas in an arvin television frame,35.5 x 46 cm,2023년 3월 28일,Sotheby's • Zurich,A Friend to Artists: The Marisa Perret-Rezzonico Collection,Lot 70,,,/auction-result/7099627
백남준,nam-june-paik,"Pavarotti, 1994",acrylic and mixed media,143.0 x 97.0 x 31.5 cm,2023년 3월 21일,Sotheby's,A Friend to Artists: The Marisa Perret-Rezzonico Collection,Lot 21,Bought In,,/auction-result/7101484
백남준,nam-june-paik,"TV face, 1988",acrylic on canvas in an ARVIN television frame,35.5 x 46.0 cm,2023년 3월 21일,Sotheby's,A Friend to Artists: The Marisa Perret-Rezzonico Collection,Lot 70,"CHF16,510 • US$17,766",,/auction-result/7101430
백남준,nam-june-paik,"Untitled, from Flowers of Hwadong are as Strong as a Rose of Sharon, 1999",Screenprint and lithograph in colors on Fabriano paper,61.3 x 43.8 cm,2023년 1월 19일,Bonhams,Prints & Multiples,Lot 162,US$637,"US$1,000–US$1,500 (est)",/auction-result/7061866
백남준,nam-june-paik,"TV Tulips, 1999",Unique inkjet print in colors on canvas mounted on stretcher,34.2 x 44.7 x 1.8 cm,2022년 11월 29일,Bonhams,Deck the Walls: Prints & Multiples,Lot 161,"US$2,550","US$2,000–US$3,000 (est)",/auction-result/7081313
백남준,nam-june-paik,"TV Farm, 1986","wooden TV cabinet, stuffed chickens, clock radio, light, chicken wire, wood, plastic eggs and straw",94 x 65 x 66 cm,2022년 11월 22일,Christie's,20th/21st Century: Amsterdam,Lot 79,Bought In,"€40,000–€60,000 (est)",/auction-result/7043514
백남준,nam-june-paik,Nightwatchman,Sony Watchman and red oil lantern multiple.,12 1/2 x 7 x 5 1/2 in. (31.8 x 17.8 x 14 cm),2022년 10월 26일,Phillips • New York,Editions & Works on Paper,Lot 329,"US$4,410","US$3,000–US$5,000 (est)",/auction-result/7027090
백남준,nam-june-paik,"TV Play — Go-Cart, 1989","2 antique wood television cabinets, wheels, lights, steering wheel, seven antique wood radio cabinets, nine KTV 4.5-inch TV set (model #4SLE), one Zenith 9-inch TV set (model #F0920A), one Sony LDP (model #LDP-1200A), sneakers and cap",152.4 x 101.6 x 101.6 cm,2022년 3월 10일,Christie's,Post-War to Present,Lot 354,"US$214,200","US$100,000–US$150,000 (est)",/auction-result/6653678
백남준,nam-june-paik,"Camera Man, 1992",mixed media,93 x 44 x 33 cm,2021년 11월 23일,Sotheby's,Art Contemporain Day Sale,Lot 181,"€25,200 • US$28,329","€20,000–€30,000 (est)",/auction-result/6530054
백남준,nam-june-paik,"Enlightenment Compressed, 1994","color LCD TV, video camera, wood TV cabinet, plastic TV case, bronze Buddha, aquarium stones and paint",sculpture 11 3/4 x 17 x 19 in. (29.8 x 43.2 x 48.3 cm) installation dimensions 20 1/2 x 20 x 20 in. (52.1 x 50.8 x 50.8 cm),2021년 11월 18일,Phillips • New York,20th Century & Contemporary Art Day Sale - Morning Session,Lot 191,"US$107,100","US$40,000–US$60,000 (est)",/auction-result/6539798
백남준,nam-june-paik,"Olympic Centennial, 1992",Color offset lithograph on Arches paper,63 x 90 cm,2021년 11월 16일,Swann,Contemporary Art,Lot 310,"US$2,375","US$2,000–US$3,000 (est)",/auction-result/6529947
야요이 쿠사마,yayoi-kusama,"Shinanoji, 1984",lithograph,55 x 67 cm. (21 5/8 x 26 3/8 in.),2026년 3월 29일,Phillips • Hong Kong,Modern & Contemporary Art,Lot 208,,"HK$100,000–HK$200,000 (est)",/auction-result/7311006
야요이 쿠사마,yayoi-kusama,"FLOWERS (1), 1985",screenprint,53 x 61 cm. (20 7/8 x 24 in.),2026년 3월 29일,Phillips • Hong Kong,Modern & Contemporary Art,Lot 207,,"HK$100,000–HK$200,000 (est)",/auction-result/7311005
야요이 쿠사마,yayoi-kusama,"Untitled, 1965","cloth, paint, bowl, mixed media",24.1 x 41.9 x 41.9 cm. (9 1/2 x 16 1/2 x 16 1/2 in.),2026년 3월 29일,Phillips • Hong Kong,Modern & Contemporary Art,Lot 124,,"HK$800,000–HK$1,200,000 (est)",/auction-result/7310922
야요이 쿠사마,yayoi-kusama,"Macaroni Dress, 1963","acrylic, copper spray enamel, stuffed fabric and dried pasta on tutu",50 x 91 x 17 cm. (19 5/8 x 35 7/8 x 6 3/4 in.),2026년 3월 29일,Phillips • Hong Kong,Modern & Contemporary Art,Lot 117,,"HK$800,000–HK$1,200,000 (est)",/auction-result/7310915
야요이 쿠사마,yayoi-kusama,"River, 1994",acrylic on canvas,33.3 x 24.2 cm. (13 1/8 x 9 1/2 in.),2026년 3월 29일,Phillips • Hong Kong,Modern & Contemporary Art,Lot 116,,"HK$1,400,000–HK$2,500,000 (est)",/auction-result/7310914
야요이 쿠사마,yayoi-kusama,"Flower (A), 1985",mixed media on box construction,21.6 x 21.3 x 11.7 cm. (8 1/2 x 8 3/8 x 4 5/8 in.),2026년 3월 29일,Phillips • Hong Kong,Modern & Contemporary Art,Lot 115,,"HK$350,000–HK$550,000 (est)",/auction-result/7310913
야요이 쿠사마,yayoi-kusama,"Infinity Dots, 1992",acrylic on canvas,22.7 x 15.8 cm. (8 7/8 x 6 1/4 in.),2026년 3월 29일,Phillips • Hong Kong,Modern & Contemporary Art,Lot 114,,"HK$1,000,000–HK$2,000,000 (est)",/auction-result/7310912
야요이 쿠사마,yayoi-kusama,"Sunset Afterglow inside My Heart, 2020",acrylic on canvas,100 x 100 cm. (39 3/8 x 39 3/8 in.),2026년 3월 29일,Phillips • Hong Kong,Modern & Contemporary Art Evening Sale,Lot 9,,"HK$5,000,000–HK$7,000,000 (est)",/auction-result/7310891
야요이 쿠사마,yayoi-kusama,"Pumpkin, 1990",acrylic on canvas,15.8 x 22.7 cm,2026년 3월 28일,Christie's,Live Auction 23846 21st Century Day Sale,Lot 211,,"HK$1,500,000–HK$2,500,000 (est)",/auction-result/7310802
야요이 쿠사마,yayoi-kusama,"The Southern Country, 1978",acrylic on canvas,38.0 x 45.5 cm,2026년 3월 28일,Christie's,Live Auction 23846 21st Century Day Sale,Lot 212,,"HK$4,500,000–HK$7,500,000 (est)",/auction-result/7310801
야요이 쿠사마,yayoi-kusama,"Untitled, 1979",watercolour on Shikishi paper,24.3 x 27.3 cm,2026년 3월 28일,Christie's,Live Auction 23846 21st Century Day Sale,Lot 229,,"HK$250,000–HK$350,000 (est)",/auction-result/7310784
야요이 쿠사마,yayoi-kusama,"Pumpkin, 1993",acrylic on canvas,91.0 x 116.8 cm,2026년 3월 27일,Christie's,Live Auction 23844 20th/21st Century Evening Sale,Lot 30,"HK$39,540,000 • US$5,052,528","HK$32,000,000–HK$40,000,000 (est)",/auction-result/7310646
야요이 쿠사마,yayoi-kusama,"Infinity Dots, 1992",Acrylic on canvas,22.7 x 15.9 cm,2026년 3월 15일,SBI Art Auction,Bloom Now,Lot 123,,"JPY ¥13,000,000–¥18,000,000 (est)",/auction-result/7309698
야요이 쿠사마,yayoi-kusama,"Butterfly, 2003",Acrylic on canvas,24.4 x 33.4 cm,2026년 3월 15일,SBI Art Auction,Bloom Now,Lot 124,,"JPY ¥35,000,000–¥65,000,000 (est)",/auction-result/7309697
야요이 쿠사마,yayoi-kusama,"Pumpkin, 1990",Acrylic on canvas,22.7 x 15.8 cm,2026년 3월 15일,SBI Art Auction,Bloom Now,Lot 125,,"JPY ¥50,000,000–¥80,000,000 (est)",/auction-result/7309696
야요이 쿠사마,yayoi-kusama,"Pumpkin, 1982","Mixed media (acrylic, fabric, clay and wood)",20.8 x 24.7 x 20.1 cm,2026년 3월 15일,SBI Art Auction,Bloom Now,Lot 126,,"JPY ¥40,000,000–¥70,000,000 (est)",/auction-result/7309695
야요이 쿠사마,yayoi-kusama,"Infinity Nets Beyond the Sky, 1989",Acrylic on canvas,162.0 x 130.3 cm,2026년 3월 15일,SBI Art Auction,Bloom Now,Lot 127,,"JPY ¥180,000,000–¥280,000,000 (est)",/auction-result/7309694
야요이 쿠사마,yayoi-kusama,"Heart (2) (Kusama 255), 1999",Screenprint,47.7 x 59.6 cm,2026년 3월 14일,SBI Art Auction,Modern Legacy: An Important Japanese Collection of 20th & 21st Century Masters,Lot 10,,"JPY ¥1,000,000–¥1,500,000 (est)",/auction-result/7309481
야요이 쿠사마,yayoi-kusama,"Untitled, 1968","sewn stuffed fabric, chair and silver paint",76.2 x 61 x 61 cm (30 x 24 x 24 in.),2026년 3월 7일,Phillips • London,Modern & Contemporary Art,Lot 136,"£258,000 • US$345,901","£200,000–£300,000 (est)",/auction-result/7306664
야요이 쿠사마,yayoi-kusama,"Pumpkin, 1991",acrylic on canvas,22.6 x 16.0 cm,2026년 3월 7일,Christie's,Live Auction 24182 Post-War and Contemporary Art Day Sale,Lot 609,"£381,000 • US$510,807","£250,000–£350,000 (est)",/auction-result/7308923
야요이 쿠사마,yayoi-kusama,"Hitomi (Eye), 1989",acrylic on canvas,32.0 x 41.0 cm,2026년 3월 7일,Christie's,Live Auction 24182 Post-War and Contemporary Art Day Sale,Lot 610,"£406,400 • US$544,860","£300,000–£500,000 (est)",/auction-result/7308922
야요이 쿠사마,yayoi-kusama,"Hat (OBQ), 2002",acrylic on canvas,16.1 x 22.8 cm,2026년 3월 6일,Christie's,Live Auction 24751 Modern Visionaries - The Roger and Josette Vanthournout Collection - Day Sale,Lot 307,"£241,300 • US$322,443","£180,000–£250,000 (est)",/auction-result/7308333
야요이 쿠사마,yayoi-kusama,"Infinity Nets, 1960",oil on canvas,100.2 x 90.3 cm,2026년 3월 5일,Christie's,Live Auction 24750 Modern Visionaries - The Roger and Josette Vanthournout Collection - Evening Sale,Lot 212,"£2,124,000 • US$2,839,587","£2,000,000–£3,000,000 (est)",/auction-result/7308087
야요이 쿠사마,yayoi-kusama,"Pumpkin 2000 (Yellow) (K. 298), 2000","Screenprint in colours, on Colorplan paper, with full margins.",I. 29.9 x 35.1 cm (11 3/4 x 13 7/8 in.) S. 48.2 x 64.1 cm (18 7/8 x 25 1/4 in.),2026년 1월 24일,Phillips • London,Evening & Day Editions,Lot 13,"£41,280 • US$56,327","£25,000–£35,000 (est)",/auction-result/7298786
야요이 쿠사마,yayoi-kusama,"""Red Pumpkin Naoshima""",multiple made of cast resin,8.9 x 14.0 x 14.0 cm,2025년 12월 15일,Dorotheum,Modern and Contemporary Prints,Lot 28,Bought In,,/auction-result/7299959
야요이 쿠사마,yayoi-kusama,"""Flowers"", 2011",color lithograph on light textured cardboard,34.3 x 25.1 cm,2025년 12월 15일,Dorotheum,Modern and Contemporary Prints,Lot 29,"€1,300 • US$1,526",,/auction-result/7299958
야요이 쿠사마,yayoi-kusama,"Vase (I), 1992",Lithograph on paper,I. 28.5 x 23.2 cm. (11 1/4 x 9 1/8 in.) S. 44 x 31.5 cm. (17 3/8 x 12 3/8 in.),2025년 12월 12일,Phillips • Hong Kong,Modern & Contemporary Art & Design Sale,Lot 22,Bought In,"HK$100,000–HK$200,000 (est)",/auction-result/7296538
야요이 쿠사마,yayoi-kusama,"Fireflies, 1999",screenprint on paper,I. 59.5 x 47.5 cm. (23 3/8 x 18 3/4 in.) S. 76.3 x 56.8 cm. (30 x 22 3/8 in.),2025년 12월 12일,Phillips • Hong Kong,Modern & Contemporary Art & Design Sale,Lot 21,"HK$193,500 • US$24,865","HK$100,000–HK$200,000 (est)",/auction-result/7296537
야요이 쿠사마,yayoi-kusama,"Papillon (I), 2000",Screenprint on paper,I. 38 x 45.5 cm. (14 7/8 x 17 7/8 in.) F. 65 x 71 cm. (25 5/8 x 27 7/8 in.),2025년 12월 12일,Phillips • Hong Kong,Modern & Contemporary Art & Design Sale,Lot 20,"HK$141,900 • US$18,234","HK$100,000–HK$200,000 (est)",/auction-result/7296536
야요이 쿠사마,yayoi-kusama,"Dancing Pumpkin (YOR), 2004",screenprint on paper,I. 39.5 x 56 cm. (15 1/2 x 22 in.) F. 63.5 x 77.2 cm. (25 x 30 3/8 in.),2025년 12월 12일,Phillips • Hong Kong,Modern & Contemporary Art & Design Sale,Lot 19,"HK$309,600 • US$39,783","HK$240,000–HK$400,000 (est)",/auction-result/7296535
야요이 쿠사마,yayoi-kusama,"Rain on the Sea, 1991","enamel, ink on paperboard",24.3 x 27.3 cm. (9 5/8 x 10 3/4 in.),2025년 12월 12일,Phillips • Hong Kong,Modern & Contemporary Art & Design Sale,Lot 14,"HK$258,000 • US$33,153","HK$200,000–HK$500,000 (est)",/auction-result/7296530
야요이 쿠사마,yayoi-kusama,"Naoshima Red Pumpkin, 2019",resin multiple,14.0 x 14.5 x 9.0 cm,2025년 12월 11일,Poly Auction,Modern and Contemporary,Lot 205,"HK$4,800 • US$617","HK$5,000–HK$8,000 (est)",/auction-result/7299896
야요이 쿠사마,yayoi-kusama,"""Tsumari in Bloom"" Wrapping Cloth, 2018",print on polyester,103.0 x 105.0 cm,2025년 12월 11일,Poly Auction,Modern and Contemporary,Lot 111,"HK$3,600 • US$463","HK$3,000–HK$5,000 (est)",/auction-result/7299893
야요이 쿠사마,yayoi-kusama,Yellow Pumpkin & Red Pumpkin,painted resin and vinyl,10.0 x 8.5 x 8.5 cm,2025년 12월 4일,Christie's,Art Contemporain,Lot 155,"€1,397 • US$1,630",€600–€800 (est),/auction-result/7296979
야요이 쿠사마,yayoi-kusama,Naoshima Red Pumpkin,painted resin and vinyl,9.0 x 14.5 x 14.5 cm,2025년 12월 4일,Christie's,Art Contemporain,Lot 156,Bought In,€500–€800 (est),/auction-result/7296978
야요이 쿠사마,yayoi-kusama,"Sans titre, 1963","paint on stuffed and sewn fabric, metal shelf and manufactured objects",106.5 x 54.5 x 82.5 cm,2025년 12월 4일,Bonhams,Post-War & Contemporary Art,Lot 12,"€356,000 • US$415,325",,/auction-result/7303316
야요이 쿠사마,yayoi-kusama,"Cloud Movements, 1978",enamel on paperboard,27.1 x 24.2 cm (10 5/8 x 9 1/2 in.),2025년 12월 3일,Phillips • London,New Now: Modern & Contemporary Art,Lot 22,Bought In,"£30,000–£50,000 (est)",/auction-result/7294631
야요이 쿠사마,yayoi-kusama,"Yellow Pumpkin & Red Pumpkin, 2015",painted cast resin,10.0 x 8.2 x 8.2 cm,2025년 11월 28일,Christie's,20th/21st Century Online,Lot 125,"HK$10,795 • US$1,388","HK$15,000–HK$25,000 (est)",/auction-result/7296202
야요이 쿠사마,yayoi-kusama,"Hat, 1988",bronze,25.0 x 26.5 x 13.0 cm,2025년 11월 28일,Christie's,20th/21st Century Online,Lot 40,"HK$76,200 • US$9,796","HK$80,000–HK$120,000 (est)",/auction-result/7296178
야요이 쿠사마,yayoi-kusama,Pumpkin (Y) (K. 153),"Screenprint in colours, on Arches paper, with full margins.",I. 15.6 x 22.5 cm (6 1/8 x 8 7/8 in.) S. 28 x 37.5 cm (11 x 14 3/4 in.),2025년 11월 25일,Phillips • Hong Kong,Editions,Lot 9,"HK$258,000 • US$33,153","HK$200,000–HK$300,000 (est)",/auction-result/7294125
야요이 쿠사마,yayoi-kusama,A Pumpkin (BY) (K. 318),"Screenprint in colours with lamé, on Arches paper, with full margins.",I. 33 x 27 cm (12 7/8 x 10 5/8 in.) S. 45.5 x 38.3 cm (17 7/8 x 15 1/8 in.),2025년 11월 25일,Phillips • Hong Kong,Editions,Lot 8,"HK$245,100 • US$31,496","HK$160,000–HK$260,000 (est)",/auction-result/7294124
야요이 쿠사마,yayoi-kusama,A Pumpkin (RY) (K. 316),"Screenprint in colours with lamé, on Arches paper, with full margins.",I. 27 x 32.5 cm (10 5/8 x 12 3/4 in.) S. 38 x 45.5 cm (14 7/8 x 17 7/8 in.),2025년 11월 25일,Phillips • Hong Kong,Editions,Lot 7,"HK$206,400 • US$26,523","HK$160,000–HK$260,000 (est)",/auction-result/7294123
야요이 쿠사마,yayoi-kusama,Pumpkin (Green),"Cast resin and ceramic multiple painted in colours, with a ceramic stand, contained in the original wooden box.",8.3 x 8.9 x 8.9 cm (3 1/4 x 3 1/2 x 3 1/2 in.),2025년 11월 25일,Phillips • Hong Kong,Editions,Lot 6,"HK$96,750 • US$12,432","HK$50,000–HK$70,000 (est)",/auction-result/7294122
야요이 쿠사마,yayoi-kusama,Mt. Fuji of my Heart Speaks (K. 402),"Woodcut in colours, on Echizen Kizuki Hosho paper, with full margins.",I. 43.5 x 29.5 cm (17 1/8 x 11 5/8 in.) S. 51.2 x 36 cm (20 1/8 x 14 1/8 in.),2025년 11월 25일,Phillips • Hong Kong,Editions,Lot 5,"HK$193,500 • US$24,865","HK$120,000–HK$220,000 (est)",/auction-result/7294121
야요이 쿠사마,yayoi-kusama,Mt. Fuji Is The Home of My Heart (K. 401),"Woodcut in colours, on Echizen Kizuki Hosho paper, with full margins.",I. 42 x 59.5 cm (16 1/2 x 23 3/8 in.) S. 50.8 x 67.5 cm (20 x 26 5/8 in.),2025년 11월 25일,Phillips • Hong Kong,Editions,Lot 4,"HK$141,900 • US$18,234","HK$120,000–HK$220,000 (est)",/auction-result/7294120
야요이 쿠사마,yayoi-kusama,Pumpkin Army (K. 202),"Etching, on Arches paper, with full margins.",I. 29.5 x 45.2 cm (11 5/8 x 17 3/4 in.) S. 45.5 x 63 cm (17 7/8 x 24 3/4 in.),2025년 11월 25일,Phillips • Hong Kong,Editions,Lot 3,"HK$245,100 • US$31,496","HK$160,000–HK$260,000 (est)",/auction-result/7294119
야요이 쿠사마,yayoi-kusama,Pumpkin ST (K. 301),"Screenprint in colours, on Arches paper, with full margins.",I. 25.5 x 22 cm (10 x 8 5/8 in.) S. 38 x 32.5 cm (14 7/8 x 12 3/4 in.),2025년 11월 25일,Phillips • Hong Kong,Editions,Lot 2,"HK$309,600 • US$39,784","HK$200,000–HK$300,000 (est)",/auction-result/7294118
야요이 쿠사마,yayoi-kusama,A Pumpkin RB-B (K. 327),"Screenprint in colours, on Arches paper, with full margins.",I. 24 x 28.5 cm (9 1/2 x 11 1/4 in.) S. 33 x 38.5 cm (12 7/8 x 15 1/8 in.),2025년 11월 25일,Phillips • Hong Kong,Editions,Lot 1,"HK$232,200 • US$29,838","HK$180,000–HK$280,000 (est)",/auction-result/7294117
야요이 쿠사마,yayoi-kusama,Naoshima Pumpkin (Red),"Painted resin and vinyl sculpture, accompanied by its original box.",9 x 14.5 x 14.5 cm (3 1/2 x 5 3/4 x 5 3/4 in.),2025년 11월 24일,Phillips • Hong Kong,Editions Online: No Reserve,Lot 128,"HK$10,965 • US$1,409","HK$15,000–HK$20,000 (est)",/auction-result/7294222
야요이 쿠사마,yayoi-kusama,"Nets 38, 1998",acrylic on canvas,16 x 12 1/2 in. (40.6 x 31.8 cm),2025년 11월 21일,Phillips • New York,"Modern & Contemporary Art Day Sale, Morning Session",Lot 105,"US$283,800","US$250,000–US$350,000 (est)",/auction-result/7291260
이배,lee-bae,"Issu du feu, 2000",charcoal on canvas,162.0 x 130.0 cm,2026년 3월 28일,Christie's,Live Auction 23846 21st Century Day Sale,Lot 220,,"HK$800,000–HK$1,500,000 (est)",/auction-result/7310793
이배,lee-bae,"Untitled, 2016",charcoal and acrylic on canvas,162 x 130 cm. (63 3/4 x 51 1/8 in.),2024년 11월 26일,Phillips • Hong Kong,Modern & Contemporary Art Day Sale,Lot 135,"HK$304,800 • US$39,164","HK$260,000–HK$350,000 (est)",/auction-result/7229434
이배,lee-bae,"Landscape ch3-33, 2003",charcoal on canvas,117 x 82 cm. (46 1/8 x 32 1/4 in.),2024년 6월 1일,Phillips • Hong Kong,Modern & Contemporary Art Day Sale,Lot 147,"HK$406,400 • US$51,973","HK$280,000–HK$380,000 (est)",/auction-result/7200177
이배,lee-bae,"Untitled, 2020",acrylic and charcoal on canvas,81.3 x 64.9 cm. (32 x 25 1/2 in.),2023년 3월 31일,Phillips • Hong Kong,20th Century & Contemporary Art Day Sale,Lot 133,"HK$241,300 • US$30,739","HK$150,000–HK$250,000 (est)",/auction-result/7091835
이배,lee-bae,"Issu du feu, 2000-2016",Charcoal on canvas,100 × 81 cm,2022년 11월 17일,Artsy Auction,Artsy Auction: Post-War & Contemporary (November 2022),Lot 15,"US$75,000","US$60,000–US$80,000 (est)",/auction-result/7087919
이배,lee-bae,"ISSU DU FEU (FROM FIRE), 2000-2016",wooden charcoal on canvas,162 x 130 cm,2016년 11월 27일,"Christie's • Hong Kong, HKCEC Grand Hall",Asian Contemporary Art (Day Sale),Lot 179,"HK$500,000 • US$64,746","HK$300,000–HK$500,000 (est)",/auction-result/7234
이배,lee-bae,"Untitled, 2010","acrylic medium, charcoal black on canvas",116.79 x 91.01 cm,2016년 5월 29일,K Auction • Hong Kong,May Hong Kong Sale,Lot 63,"HK$120,000 • US$15,451","HK$120,000–HK$210,000 (est)",/auction-result/3070423
이배,lee-bae,"Untitled, 2013","acrylic medium, charcoal black on canvas",162.2 x 130.3 cm,2016년 5월 29일,K Auction • Hong Kong,May Hong Kong Sale,Lot 62,"HK$190,000 • US$24,464","HK$190,000–HK$340,000 (est)",/auction-result/3070422
이배,lee-bae,"Untitled, 2014","acrylic medium, black charcoal on canvas",162.2 x 130.3 cm,2016년 3월 25일,K Auction • Hong Kong,Hong Kong Sale,Lot 42,"HK$220,000 • US$28,358","HK$160,000–HK$260,000 (est)",/auction-result/3190306
이배,lee-bae,"13J06, 2006","acrylic medium, black charcoal on canvas",116 x 48.01 cm,2016년 3월 25일,K Auction • Hong Kong,Hong Kong Sale,Lot 43,"HK$340,000 • US$43,826","HK$290,000–HK$350,000 (est)",/auction-result/3190305
이배,lee-bae,"Untitled, 2005",acrylic and black charcoal on canvas,91.49 x 73 cm,2016년 3월 16일,Seoul Auction • Seoul,139th Art Auction,Lot 6,"KRW ₩14,500,000 • US$12,203","KRW ₩14,000,000–₩20,000,000 (est)",/auction-result/1994124
이배,lee-bae,"Untitled, 2004",acrylic and black charcoal on canvas,160.5 x 129.49 cm,2016년 3월 16일,Seoul Auction • Seoul,139th Art Auction,Lot 62,"KRW ₩32,000,000 • US$26,932","KRW ₩30,000,000–₩50,000,000 (est)",/auction-result/1994123
이배,lee-bae,"11M07, 2007",acrylic and black charcoal on canvas,194.49 x 144.5 cm,2016년 3월 9일,K Auction • Seoul,Spring Auction,Lot 38,Bought In,"KRW ₩35,000,000–₩50,000,000 (est)",/auction-result/1583325
이배,lee-bae,"Untitled, 2007",acrylic and black charcoal on canvas,162 x 65 cm,2016년 3월 9일,K Auction • Seoul,Spring Auction,Lot 37,"KRW ₩70,000,000 • US$57,798","KRW ₩60,000,000–₩90,000,000 (est)",/auction-result/1583324
이배,lee-bae,Untitled,acrylic medium and black charcoal on canvas,162 x 130 cm,2015년 12월 16일,Seoul Auction • Seoul,138th Modern and Contemporary Art Auction,Lot 115,"KRW ₩30,000,000 • US$25,511","KRW ₩20,000,000–₩35,000,000 (est)",/auction-result/1657286
이배,lee-bae,"13M07, 2007","acrylic medium, charcoal black on canvas",145.01 x 194.01 cm,2015년 12월 15일,K Auction • Seoul,Winter Auction,Lot 66,"KRW ₩4,400,000 • US$3,723","KRW ₩25,000,000–₩40,000,000 (est)",/auction-result/997067
이배,lee-bae,"Untitled, 2007","acrylic medium, charcoal black on canvas",130 x 51.99 cm,2015년 12월 15일,K Auction • Seoul,Winter Auction,Lot 306,Bought In,"KRW ₩18,000,000–₩60,000,000 (est)",/auction-result/997104
이배,lee-bae,"Untitled, 2006","acrylic medium, charcoal black on canvas",56.01 x 45.01 cm,2015년 12월 15일,K Auction • Seoul,Winter Auction,Lot 9,"KRW ₩60,000,000 • US$50,772","KRW ₩40,000,000–₩60,000,000 (est)",/auction-result/997103
이배,lee-bae,"Sans titre, 2006","acrylic medium, carbon pigments and paraffin on canvas",55.5 x 46 cm,2015년 12월 12일,Cornette de Saint Cyr • Paris,Art Contemporain,Lot 69,"€10,304 • US$11,327","€8,000–€12,000 (est)",/auction-result/4963836
이배,lee-bae,"Untitled, 2005",acrylic and charcoal on canvas,162 x 130 cm,2015년 11월 29일,Christie's • Hong Kong,Asian Contemporary Art Day Sale,Lot 219,Bought In,"HK$180,000–HK$280,000 (est)",/auction-result/5239607
이배,lee-bae,"Untitled, 2006-2007",acrylic on canvas,162 x 130 cm,2015년 11월 29일,"Christie's • Hong Kong, HKCEC Grand Hall",Asian Contemporary Art (Day Sale),Lot 221,"HK$187,500 • US$24,306","HK$180,000–HK$280,000 (est)",/auction-result/21691
이배,lee-bae,"Untitled, 2006",acrylic and charcoal on canvas,162 x 130 cm,2015년 11월 29일,"Christie's • Hong Kong, HKCEC Grand Hall",Asian Contemporary Art (Day Sale),Lot 220,"HK$187,500 • US$24,306","HK$180,000–HK$280,000 (est)",/auction-result/21683
이배,lee-bae,"09S07, 2007","acrylic medium, black charcoal on canvas",140 x 59.99 cm,2015년 9월 16일,K Auction • Seoul,Autumn Sale,Lot 55,Bought In,"KRW ₩50,000,000–₩80,000,000 (est)",/auction-result/1203127
이배,lee-bae,"Untitled, 2007","acrylic medium, black charcoal on canvas",92.99 x 73 cm,2015년 9월 16일,K Auction • Seoul,Autumn Sale,Lot 53,"KRW ₩13,000,000 • US$11,056","KRW ₩9,000,000–₩15,000,000 (est)",/auction-result/1203126
이배,lee-bae,"Untitled, 2003","acrylic medium, black charcoal on canvas",145.49 x 112.09 cm,2015년 7월 14일,K Auction • Seoul,Summer Sale,Lot 66,"KRW ₩23,000,000 • US$20,180","KRW ₩11,000,000–₩35,000,000 (est)",/auction-result/957512
이배,lee-bae,"Untitled, 1997",charcoal on arches,65.99 x 88.9 cm,2013년 11월 3일,Freeman's • Philadelphia,Modern & Contemporary Works of Art,Lot 173,"US$1,875","US$3,000–US$5,000 (est)",/auction-result/1138814
이배,lee-bae,"Untitled, 2011",acrylic and charcoal on canvas,140 x 62 cm,2011년 5월 29일,Christie's • Hong Kong,Asian Contemporary Art (Day Sale),Lot 1475,Bought In,"HK$300,000–HK$400,000 (est)",/auction-result/4687143
이배,lee-bae,"Untitled, 2009",acrylic and charcoal on canvas,140.31 x 62 cm,2010년 5월 30일,Christie's • Hong Kong,Asian Contemporary Art (Day Sale),Lot 1553,"HK$250,000 • US$32,095","HK$200,000–HK$300,000 (est)",/auction-result/4672235
이배,lee-bae,"23A08, 2008","a set of four acrylic, charcoal on canvas",140 x 248.01 cm,2009년 11월 30일,Christie's • Hong Kong,Asian Contemporary Art (Day Sale),Lot 1614,"HK$250,000 • US$32,257","HK$200,000–HK$300,000 (est)",/auction-result/5996642
이배,lee-bae,"8A07, 2008",acrylic and charcoal on canvas,140 x 59.99 cm,2009년 5월 25일,Christie's • Hong Kong,Asian Contemporary Art (Day Sale),Lot 1111,"HK$325,000 • US$41,926","HK$200,000–HK$300,000 (est)",/auction-result/1009776
이배,lee-bae,20J07 & 17F08,"one set of three acrylic, charcoal on canvas; one set of eight acrylic, charcoal on canvas",146.51 x 80.49 cm,2008년 12월 1일,Christie's • Hong Kong,Asian Contemporary (Day Sale),Lot 987,"HK$275,000 • US$35,476","HK$300,000–HK$500,000 (est)",/auction-result/5724476
이배,lee-bae,"Untitled, 2004","mixed media, charcoal on canvas",162.51 x 130 cm,2007년 11월 30일,Est-Ouest Auctions • Tokyo,Post-War & Contemporary Art,Lot 198,Bought In,"JPY ¥1,300,000–¥1,800,000 (est)",/auction-result/1627642
이배,lee-bae,Untitled,works on paper,2006년 11월 17일,Est-Ouest Auctions • Tokyo,Post-War & Contemporary Art,Lot 218,"JPY ¥500,000 • US$4,237","JPY ¥500,000 • US$4,237","JPY ¥500,000–¥800,000 (est)",/auction-result/2649144
정상화,chung-sang-hwa,"Untitled 2017-6-12, 2017",acrylic and kaolin on canvas,91 x 72.2 cm. (35 7/8 x 28 3/8 in.),2024년 11월 26일,Phillips • Hong Kong,Modern & Contemporary Art Day Sale,Lot 134,"HK$698,500 • US$89,752","HK$700,000–HK$1,000,000 (est)",/auction-result/7229433
정상화,chung-sang-hwa,"Untitled 80-4-8, 1980",acrylic on canvas,30 1/8 x 38 1/8 in. (76.5 x 96.8 cm),2023년 11월 15일,Phillips • New York,"20th Century & Contemporary Art Day Sale, Morning Session",Lot 133,"US$190,500","US$80,000–US$120,000 (est)",/auction-result/7167087
정상화,chung-sang-hwa,"Untitled 87-2-5, 1987",acrylic on canvas,100 x 65.1 cm,2022년 11월 28일,Sotheby's,Art Contemporain Day Auction,Lot 112,"€88,200 • US$91,439","€60,000–€80,000 (est)",/auction-result/7048678
정상화,chung-sang-hwa,"Untitled 90-12-5, 1990",acrylic on canvas,41 x 24 cm. (16 1/8 x 9 1/2 in.),2022년 6월 21일,Phillips • Hong Kong,20th Century & Contemporary Art & Design Day Sale,Lot 178,"HK$604,800 • US$77,045","HK$300,000–HK$500,000 (est)",/auction-result/6904739
정상화,chung-sang-hwa,"Untitled 77-8-12, 1977",acrylic on canvas,162.2 x 130.3 cm. (63 7⁄8 x 51 1⁄4 in.),2021년 12월 1일,Christie's,20th/21st Century Art Evening Sale,Lot 35,"HK$5,875,000 • US$753,949","HK$3,000,000–HK$5,000,000 (est)",/auction-result/6957112
정상화,chung-sang-hwa,"Untitled 79-3-23, 1979",acrylic on burlap,73 x 60.7 cm,2021년 10월 10일,Sotheby's,Contemporary Art Day Sale,Lot 542,"HK$693,000 • US$89,024","HK$400,000–HK$600,000 (est)",/auction-result/6520276
정상화,chung-sang-hwa,"Untitled 81-4-1, 1981",acrylic on canvas,92 x 73 cm,2019년 11월 24일,Christie's • Hong Kong,20th Century & Contemporary Art Afternoon Session,Lot 394,"HK$750,000 • US$96,334","HK$650,000–HK$850,000 (est)",/auction-result/682846
정상화,chung-sang-hwa,"UNTITLED 84-7-7, 1984",paintings,81 x 65 cm,2018년 10월 1일,Sotheby's • Hong Kong,Contemporary Art,Lot 551,"HK$775,000 • US$98,994","HK$300,000–HK$500,000 (est)",/auction-result/1357794
정상화,chung-sang-hwa,UNTITLED,oil on canvas,90.5 by 72.5 cm,2018년 10월 1일,Sotheby's,Lot 552,"HK$325,000 • US$41,514","HK$325,000 • US$41,514","HK$200,000–HK$300,000 (est)",/auction-result/541298
정상화,chung-sang-hwa,UNTITLED 84-7-7,acrylic on canvas,81 by 65 cm,2018년 10월 1일,Sotheby's,Lot 551,"HK$775,000 • US$98,995","HK$775,000 • US$98,995","HK$300,000–HK$500,000 (est)",/auction-result/541297
정상화,chung-sang-hwa,UNTITLED,acrylic on canvas,91 by 65 cm,2018년 4월 1일,Sotheby's,Lot 539,"HK$1,000,000 • US$127,407","HK$1,000,000 • US$127,407","HK$600,000–HK$800,000 (est)",/auction-result/538764
정상화,chung-sang-hwa,FROTTAGE P.5,frottage on paper,161.9 by 96 cm,2018년 4월 1일,Sotheby's,Lot 536,"HK$350,000 • US$44,593","HK$350,000 • US$44,593","HK$100,000–HK$150,000 (est)",/auction-result/538761
정상화,chung-sang-hwa,FROTTAGE P.10,frottage on paper collage laid on canvas,98.2 by 130.5 cm,2018년 4월 1일,Sotheby's,Lot 535,"HK$400,000 • US$50,963","HK$400,000 • US$50,963","HK$180,000–HK$280,000 (est)",/auction-result/538760
정상화,chung-sang-hwa,FROTTAGE P.13,frottage on canvas,77.4 by 74.8 cm,2018년 4월 1일,Sotheby's,Lot 534,"HK$237,500 • US$30,259","HK$237,500 • US$30,259","HK$150,000–HK$180,000 (est)",/auction-result/538759
정상화,chung-sang-hwa,UNTITLED 87-12-17,acrylic on canvas,130.5 by 130.5 cm,2018년 3월 31일,Sotheby's,Lot 1071,"HK$2,500,000 • US$318,473","HK$2,500,000 • US$318,473","HK$2,000,000–HK$3,000,000 (est)",/auction-result/533400
정상화,chung-sang-hwa,Untitled 84-3-1,oil on canvas,99 x 80.5 cm,2017년 11월 26일,Phillips,Lot 41,"HK$1,750,000 • US$224,128","HK$1,750,000 • US$224,128","HK$1,600,000–HK$2,600,000 (est)",/auction-result/651170
정상화,chung-sang-hwa,Untitled 85-6-3,acrylic on burlap,129.4 x 129 cm,2017년 11월 26일,Phillips,Lot 40,"HK$3,940,000 • US$504,607","HK$3,940,000 • US$504,607","HK$3,200,000–HK$5,200,000 (est)",/auction-result/651169
정상화,chung-sang-hwa,"Untitled 12-3-12, 2012",acrylic on canvas,53 x 45.5 cm,2017년 11월 26일,Christie's • Convention Hall,Asian 20th Century Art (Day Sale),Lot 644,"HK$250,000 • US$32,161","HK$250,000–HK$450,000 (est)",/auction-result/279212
정상화,chung-sang-hwa,"Untitled 85-8-9, 1985",acrylic on canvas,130 x 97 cm,2017년 11월 25일,Christie's • Convention Hall,Asian 20th Century & Contemporary Art (Evening Sale),Lot 43,"HK$2,250,000 • US$289,451","HK$2,000,000–HK$3,000,000 (est)",/auction-result/278956
정상화,chung-sang-hwa,UNTITLED 79-P.1,"signed in English and dated 79; signed in Hanja and English, titled in Hanja and dated 1979 on the reverse",123.4 by 90.1 cm,2017년 10월 1일,Sotheby's,Lot 615,"HK$225,000 • US$28,807","HK$225,000 • US$28,807","HK$180,000–HK$280,000 (est)",/auction-result/533271
정상화,chung-sang-hwa,UNTITLED 84-8-16,acrylic on canvas,67.6 by 68 cm,2017년 10월 1일,Sotheby's,Lot 612,"HK$1,375,000 • US$176,043","HK$1,375,000 • US$176,043","HK$1,200,000–HK$1,800,000 (est)",/auction-result/533268
정상화,chung-sang-hwa,FROTTAGE + SKETCH P.8,"signed in English and dated 78; titled in Hanja on the reverse, framed",87.9 by 85.6 cm,2017년 10월 1일,Sotheby's,Lot 617,"HK$187,500 • US$24,006","HK$187,500 • US$24,006","HK$150,000–HK$180,000 (est)",/auction-result/533273
정상화,chung-sang-hwa,FROTTAGE P.6,frottage on paper collage laid on canvas,128.8 by 96.3 cm,2017년 10월 1일,Sotheby's,Lot 616,"HK$250,000 • US$32,008","HK$250,000 • US$32,008","HK$180,000–HK$280,000 (est)",/auction-result/533272
정상화,chung-sang-hwa,"UNTITLED 89-10-5, 1989",oil on canvas,73 x 60.7 cm,2017년 5월 28일,Christie's,Asian 20th Century Art (Day Sale),Lot 508,Bought In,"HK$600,000–HK$800,000 (est)",/auction-result/394303
정상화,chung-sang-hwa,"UNTITLED (82-6-B), 1982",acrylic on canvas,162 x 130.5 cm,2017년 5월 27일,Christie's • Hong Kong,Contemporaries: Voices from East and West / Asian 20th Century & Contemporary Art (Evening Sale),Lot 21,"HK$3,900,000 • US$502,923","HK$3,500,000–HK$5,500,000 (est)",/auction-result/126
정상화,chung-sang-hwa,PENCIL 78-P12,"signed in English and dated 78; signed in Hanja and English, titled in Hanja and dated 1978 on the reverse",155 by 124 cm,2017년 4월 3일,Sotheby's,Lot 862A,"HK$925,000 • US$119,024","HK$925,000 • US$119,024","HK$100,000–HK$150,000 (est)",/auction-result/528951
정상화,chung-sang-hwa,UNTITLED 78-P2,"signed in English and dated 78; signed in Hanja and English, titled in Hanja and dated 1978 on the reverse",161.5 by 129.0 cm,2017년 4월 3일,Sotheby's,Lot 862,"HK$1,075,000 • US$138,325","HK$1,075,000 • US$138,325","HK$100,000–HK$150,000 (est)",/auction-result/528950
정상화,chung-sang-hwa,acrylic on canvas,65.1 by 53 cm,2017년 4월 2일,Sotheby's,Brushwork II – All The World’s a Stage,Lot 612,"HK$162,500 • US$20,911","HK$162,500 • US$20,911","HK$150,000–HK$250,000 (est)",/auction-result/254380
정상화,chung-sang-hwa,"Untitled 78-11-5, 1978",acrylic on canvas,45.5 x 38 cm,2017년 3월 23일,Christie's • 22nd Floor,FIRST OPEN | Hong Kong,Lot 61,"HK$275,000 • US$35,558","HK$100,000–HK$150,000 (est)",/auction-result/2882
정상화,chung-sang-hwa,"UNTITLED (2011-3-6), 2011",acrylic on canvas,90.9 x 72.7 cm,2016년 11월 27일,"Christie's • Hong Kong, HKCEC Grand Hall",Asian 20th Century Art (Day Sale),Lot 492,"HK$875,000 • US$113,306","HK$600,000–HK$800,000 (est)",/auction-result/7380
정상화,chung-sang-hwa,"Untitled (94-7-12), 1994",acrylic on canvas,91 x 72 cm,2016년 10월 22일,Christie's • Shanghai,20th Century & Contemporary Art (Evening Sale),Lot 206,"CN¥1,200,000 • US$179,314","CN¥1,000,000–CN¥2,000,000 (est)",/auction-result/8284
정상화,chung-sang-hwa,"Untitled (012-3-9), 2012",acrylic on canvas,91 x 72 cm,2016년 10월 22일,Christie's • Shanghai,20th Century & Contemporary Art (Evening Sale),Lot 211,"CN¥1,440,000 • US$215,176","CN¥1,000,000–CN¥2,000,000 (est)",/auction-result/8296
정상화,chung-sang-hwa,acrylic on canvas,194 by 259 cm,2016년 10월 3일,Sotheby's,#TTTOP,Lot 615,"HK$6,440,000 • US$830,389","HK$6,440,000 • US$830,389","HK$6,000,000–HK$8,000,000 (est)",/auction-result/258982
정상화,chung-sang-hwa,UNTITLED 84-1-8,acrylic on canvas,100 by 81 cm,2016년 10월 3일,Sotheby's,Lot 703,"HK$1,750,000 • US$225,649","HK$1,750,000 • US$225,649","HK$1,400,000–HK$2,200,000 (est)",/auction-result/524119
정상화,chung-sang-hwa,acrylic on canvas,100 by 81 cm,2016년 10월 2일,Sotheby's,Modern and Contemporary Asian Art Evening Sale,Lot 1078,"HK$1,250,000 • US$161,174","HK$1,250,000 • US$161,174","HK$1,000,000–HK$2,000,000 (est)",/auction-result/258269
정상화,chung-sang-hwa,Untitled 87-10-4,acrylic on canvas,41 x 24 cm,2016년 6월 28일,Phillips,Lot 112,"£37,500 • US$50,088","£37,500 • US$50,088","£30,000–£40,000 (est)",/auction-result/642228
정상화,chung-sang-hwa,Untitled 90-12-5,acrylic on canvas,41 x 24 cm,2016년 6월 28일,Phillips,Lot 111,"£43,750 • US$58,436","£43,750 • US$58,436","£30,000–£40,000 (est)",/auction-result/642227
정상화,chung-sang-hwa,Untitled 85-7-14,acrylic on canvas,130.5 x 130.5 cm,2016년 6월 27일,Phillips,Lot 24,"£449,000 • US$593,680","£449,000 • US$593,680","£300,000–£400,000 (est)",/auction-result/642215
정상화,chung-sang-hwa,"Untitled 83-12-15, 1983",frottage on canvas,76 x 66 cm,2016년 5월 29일,Christie's • Convention Hall,Asian 20th Century Art (Day Sale),Lot 392,"HK$500,000 • US$64,691","HK$400,000–HK$600,000 (est)",/auction-result/14112
정상화,chung-sang-hwa,"Untitled 82-1, 1982",acrylic on canvas,130 x 130 cm,2016년 5월 28일,Christie's • Convention Hall,Asian 20th Century & Contemporary Art (Evening Sale),Lot 19,"HK$5,800,000 • US$750,420","HK$3,500,000–HK$5,500,000 (est)",/auction-result/13880
정상화,chung-sang-hwa,2016년 4월 4일,Sotheby's,Contemporary Asian Art,Lot 723,"HK$600,000 • US$77,373","HK$280,000–HK$380,000 (est)",+82% est,"HK$600,000 • US$77,373","HK$280,000–HK$380,000 (est)",/auction-result/334621
정상화,chung-sang-hwa,acrylic on canvas,2016년 2월 10일,Sotheby's,Contemporary Art Evening Auction,Lot 47,"£269,000 • US$390,892","£200,000–£300,000 (est)","£269,000 • US$390,892","£200,000–£300,000 (est)",/auction-result/255329
정상화,chung-sang-hwa,"Untitled, 1985",acrylic on canvas,163 x 130 cm,2015년 11월 28일,"Christie's • Hong Kong, HKCEC Grand Hall",Asian 20th Century & Contemporary Art (Evening Sale),Lot 4,"HK$4,840,000 • US$627,415","HK$1,800,000–HK$2,600,000 (est)",/auction-result/21362
정상화,chung-sang-hwa,"Untitled 80-2-B, 1980",oil on canvas,97 x 76 cm,2015년 11월 28일,"Christie's • Hong Kong, HKCEC Grand Hall",Asian 20th Century & Contemporary Art (Evening Sale),Lot 5,"HK$1,840,000 • US$238,521","HK$950,000–HK$1,500,000 (est)",/auction-result/21358
정상화,chung-sang-hwa,2015년 10월 5일,Sotheby's,Contemporary Asian Art,Lot 720,"HK$812,500 • US$104,837","HK$500,000–HK$900,000 (est)",+16% est,"HK$812,500 • US$104,837","HK$500,000–HK$900,000 (est)",/auction-result/343932
정상화,chung-sang-hwa,2015년 10월 5일,Sotheby's,Contemporary Asian Art,Lot 719,"HK$1,250,000 • US$161,288","HK$600,000–HK$1,000,000 (est)",+56% est,"HK$1,250,000 • US$161,288","HK$600,000–HK$1,000,000 (est)",/auction-result/346467
정상화,chung-sang-hwa,acrylic on canvas,157.8 by 123.4 cm,2015년 10월 4일,Sotheby's,Modern and Contemporary Asian Art Evening Sale,Lot 1084,"HK$3,680,000 • US$474,841","HK$3,680,000 • US$474,841","HK$1,800,000–HK$2,500,000 (est)",/auction-result/263215
정상화,chung-sang-hwa,"Untitled, 1985",acrylic on canvas,161 x 96 cm,2015년 5월 30일,"Christie's • Hong Kong, HKCEC Grand Hall",Asian 20th Century & Contemporary Art (Evening Sale),Lot 53,"HK$2,320,000 • US$300,679","HK$1,200,000–HK$1,800,000 (est)",/auction-result/31803
정상화,chung-sang-hwa,Untitled 91-8-26,paintings,2015년 4월 5일,Sotheby's • Hong Kong,Contemporary Asian Art,Lot 789,"HK$4,640,000 • US$598,547","HK$4,640,000 • US$598,547","HK$1,500,000–HK$2,500,000 (est)",/auction-result/5689516
정상화,chung-sang-hwa,UNTITLED 78-2,acrylic on canvas,65 by 50 cm,2015년 4월 5일,Sotheby's,Lot 790,"HK$587,500 • US$75,786","HK$587,500 • US$75,786","HK$200,000–HK$300,000 (est)",/auction-result/519758
유영국,yoo-youngkuk,"Trees, 1979",oil on canvas,61.01 x 73 cm,2015년 12월 16일,Seoul Auction • Seoul,138th Modern and Contemporary Art Auction,Lot 131,"KRW ₩100,000,000 • US$85,037","KRW ₩100,000,000–₩150,000,000 (est)",/auction-result/1657266
유영국,yoo-youngkuk,"Work, 1984",oil on canvas,130.3 x 162.2 cm,2015년 12월 15일,K Auction • Seoul,Winter Auction,Lot 29,"KRW ₩390,000,000 • US$330,024","KRW ₩400,000,000–₩600,000,000 (est)",/auction-result/997070
유영국,yoo-youngkuk,Untitled,oil on canvas,65 x 90.2 cm,2015년 11월 29일,Seoul Auction • Seoul,17th Hong Kong Sale,Lot 47,"HK$950,000 • US$122,570","HK$950,000–HK$2,000,000 (est)",/auction-result/3125019
유영국,yoo-youngkuk,"Untitled, 1965",oil on canvas,127.61 x 158.8 cm,2015년 11월 29일,Seoul Auction • Seoul,17th Hong Kong Sale,Lot 46,"HK$3,200,000 • US$412,869","HK$3,000,000–HK$5,000,000 (est)",/auction-result/3125056
유영국,yoo-youngkuk,Work,oil on canvas,65.1 x 90.91 cm,2015년 9월 16일,K Auction • Seoul,Autumn Sale,Lot 66,"KRW ₩150,000,000 • US$127,578","KRW ₩150,000,000–₩200,000,000 (est)",/auction-result/1203202
유영국,yoo-youngkuk,"Work, 1991",oil on canvas,72.01 x 99.29 cm,2015년 9월 15일,Seoul Auction • Seoul,137th Modern and Contemporary Art Auction,Lot 151,Bought In,"KRW ₩180,000,000–₩300,000,000 (est)",/auction-result/1226162
유영국,yoo-youngkuk,"Work, 1991",oil on canvas,70 x 90.3 cm,2015년 9월 15일,Seoul Auction • Seoul,137th Modern and Contemporary Art Auction,Lot 150,"KRW ₩150,000,000 • US$126,854","KRW ₩150,000,000–₩250,000,000 (est)",/auction-result/1226161
유영국,yoo-youngkuk,"Work, 1974",oil on canvas,65 x 65 cm,2015년 7월 14일,K Auction • Seoul,Summer Sale,Lot 30,"KRW ₩120,000,000 • US$105,287","KRW ₩120,000,000–₩180,000,000 (est)",/auction-result/957529
유영국,yoo-youngkuk,"Mountain, 1989",oil on canvas,72.69 x 90.91 cm,2015년 3월 10일,K Auction • Seoul,Spring Sale,Lot 40,"US$99,100","US$101,300–US$184,300 (est)",/auction-result/1374021
유영국,yoo-youngkuk,"Work, 1966",oil on canvas,162.31 x 129.69 cm,2015년 3월 9일,Seoul Auction • Seoul,135th Modern and Contemporary Art Auction,Lot 130,"KRW ₩430,000,000 • US$386,417","KRW ₩350,000,000–₩550,000,000 (est)",/auction-result/2767439
유영국,yoo-youngkuk,"Work, 1979",oil on canvas,64.01 x 51.99 cm,2014년 12월 17일,Seoul Auction • Seoul,134th Modern and Contemporary Art Auction,Lot 47,Bought In,"KRW ₩70,000,000–₩130,000,000 (est)",/auction-result/2181387
유영국,yoo-youngkuk,"Work, 1981",oil on canvas,72.01 x 59 cm,2014년 12월 17일,Seoul Auction • Seoul,134th Modern and Contemporary Art Auction,Lot 46,Bought In,"KRW ₩100,000,000–₩150,000,000 (est)",/auction-result/2181386
유영국,yoo-youngkuk,"Work, 1988",oil on canvas,80.29 x 100 cm,2013년 12월 11일,K Auction • Seoul,Chun Collection & Winter Auction,Lot 152,"KRW ₩200,000,000 • US$190,090","KRW ₩190,000,000–₩280,000,000 (est)",/auction-result/5586340
유영국,yoo-youngkuk,Mountain,oil on paper,8.99 x 64.01 cm,2013년 9월 11일,K Auction • Seoul,Auction,Lot 25,"KRW ₩12,000,000 • US$11,053","KRW ₩12,000,000–₩20,000,000 (est)",/auction-result/1243991
유영국,yoo-youngkuk,"Tree, 1981",oil on canvas,53.01 x 45.49 cm,2013년 9월 11일,K Auction • Seoul,Auction,Lot 35,"KRW ₩66,000,000 • US$60,795","KRW ₩60,000,000–₩100,000,000 (est)",/auction-result/1243953
유영국,yoo-youngkuk,"Abstract, 1965",oil on canvas,64.77 x 80.01 cm,2011년 5월 9일,Bonhams • New York,Modern & Contemporary Art,Lot 1083,"US$67,100","US$40,000–US$60,000 (est)",/auction-result/6366651
전광영,chun-kwang-young,"Aggregation 05-D059, 2005",mixed media with Korean mulberry paper,163.0 x 131.0 cm,2025년 11월 27일,Bonhams,Modern & Contemporary Art,Lot 8,,"HK$380,000–HK$550,000 (est)",/auction-result/7295444
전광영,chun-kwang-young,"Aggregation 06-AU034, 2006",mixed media with Korean mulberry paper,39 3/4 x 29 in. (101 x 73.7 cm),2025년 9월 25일,Phillips • New York,New Now: Modern & Contemporary Art,Lot 154,"US$41,280","US$30,000–US$50,000 (est)",/auction-result/7282558
전광영,chun-kwang-young,"Aggregation 11-JL055 Blue, 2011",korean mulberry paper collage on board,118.0 x 92.0 cm,2025년 6월 5일,Christie's,Live Auction 24039 The Collection of Baron Diego von Buch,Lot 13,"£37,800 • US$51,223","£12,000–£18,000 (est)",/auction-result/7266775
전광영,chun-kwang-young,"Aggregation 98-1187, 1998",mixed media with Korean paper,163.5 x 131.5 cm,2025년 3월 29일,Christie's,Live Auction 23392 21st Century Day Sale,Lot 351,"HK$277,200 • US$35,619","HK$150,000–HK$250,000 (est)",/auction-result/7255638
전광영,chun-kwang-young,"Aggregation Au00-107, 2000",Korean Mulberry paper collage on board,97.8 x 145.4 cm,2024년 12월 18일,Christie's,First Open | Post-War and Contemporary Art,Lot 52,"US$37,800","US$30,000–US$50,000 (est)",/auction-result/7235807
전광영,chun-kwang-young,"Aggregation 11-SE068, 2011",mixed media with Korean mulberry paper,59 1/2 x 59 1/2 in. (151 x 151 cm),2024년 11월 20일,Phillips • New York,"Modern & Contemporary Art Day Sale, Afternoon Session",Lot 357,"US$82,550","US$40,000–US$60,000 (est)",/auction-result/7227010
전광영,chun-kwang-young,"Aggregation 98-S68A, 1998",mixed media with korean paper mounted on board,71.3 x 71.3 cm,2024년 11월 13일,Sotheby's,Modern & Contemporary Discoveries,Lot 108,"€19,200 • US$20,384","€15,000–€20,000 (est)",/auction-result/7237906
전광영,chun-kwang-young,"Aggregation 22-JL239, 2022",mixed media with Korean mulberry paper,82.5 x 133.0 x 10.0 cm,2024년 11월 12일,Sotheby's,Modern & Contemporary Day Auction | Session 1 - Contemporary Art,Lot 122,"HK$600,000 • US$77,162","HK$500,000–HK$800,000 (est)",/auction-result/7229085
전광영,chun-kwang-young,"Aggregation 14 - JA005 Blue, 2014",Korean mulberry paper collage on board,151.1 x 202.0 cm,2024년 7월 17일,Christie's,First Open | Post-War & Contemporary Art,Lot 149,"US$214,200","US$50,000–US$70,000 (est)",/auction-result/7209022
전광영,chun-kwang-young,"Aggregation 09-A009, 2009",mixed media with Korean mulberry paper mounted on board,92 x 118 cm. (36 1/4 x 46 1/2 in.),2023년 10월 7일,Phillips • Hong Kong,20th Century & Contemporary Art Day Sale,Lot 175,"HK$381,000 • US$48,647","HK$300,000–HK$500,000 (est)",/auction-result/7159374
전광영,chun-kwang-young,"Aggregation MA00-176, 2000",mixed media with Korean mulberry paper mounted on board,176.0 x 148.0 x 13.0 cm,2023년 7월 27일,Sotheby's,Contemporary Curated: Hong Kong,Lot 127,"HK$1,016,000 • US$129,681","HK$500,000–HK$700,000 (est)",/auction-result/7153295
전광영,chun-kwang-young,"Aggregation 15 - DE083 (Dream 5), 2015",mixed media with Korean mulberry paper,163.0 x 131.0 cm,2023년 5월 29일,Christie's,Live Auction 21390 21st Century Art Day Sale,Lot 341,"HK$441,000 • US$56,288","HK$380,000–HK$580,000 (est)",/auction-result/7134459
전광영,chun-kwang-young,"Aggregation 98-30, 1998",Mixed media with Korean mulberry paper,131.1 × 131.4 × 5.1 cm,2023년 5월 24일,Artsy Auction,Artsy Auction: Post-War and Contemporary Art (May 2023),Lot 26,"US$40,000","US$30,000–US$50,000 (est)",/auction-result/7120175
전광영,chun-kwang-young,"Aggregation 22-AP078, 2022",mixed media with Korean mulberry paper,117 x 96.5 cm. (46 1/8 x 37 7/8 in.),2023년 3월 31일,Phillips • Hong Kong,20th Century & Contemporary Art Day Sale,Lot 130,"HK$508,000 • US$64,714","HK$400,000–HK$600,000 (est)",/auction-result/7091832
전광영,chun-kwang-young,"i. Aggregation 97-138-2; ii. Aggregation 97-138-6; iii. Aggregation 97-138-7; iv. Aggregation 97-138-8, 1997",mixed media with Korean mulberry paper,192.2 x 77.3 cm,2023년 2월 22일,Sotheby's,Contemporary Discoveries | Down the Rabbit Hole,Lot 1142,"HK$571,500 • US$72,850","HK$450,000–HK$650,000 (est)",/auction-result/7084359
전광영,chun-kwang-young,Aggregation 08-Ju009,mixed media on Korean mulberry paper,195.8 x 132.3 cm,2022년 12월 14일,China Guardian,20th Century & Contemporary Art,Lot 1413,Bought In,"CN¥780,000–CN¥1,000,000 (est)",/auction-result/7062466
전광영,chun-kwang-young,"Aggregation 17-SE078, 2017",mixed media with Korean mulberry paper,183 x 136 cm,2022년 12월 1일,Christie's,Live Auction 19903 21st Century Art Day Sale,Lot 367,"HK$1,008,000 • US$129,149","HK$800,000–HK$1,500,000 (est)",/auction-result/7047631
전광영,chun-kwang-young,"Aggregation 04-AU041, 2004",mixed media on Korean mulberry paper mounted on board,163.6 x 229.5 cm,2022년 10월 6일,Sotheby's,Contemporary Day Auction,Lot 564,"HK$504,000 • US$64,207","HK$400,000–HK$550,000 (est)",/auction-result/7027820
전광영,chun-kwang-young,"Aggregation20-SE056, 2020","mixed media with Korean mulberry paper, in artist’s original frame",92.8 x 74.5 x 6 cm,2022년 5월 27일,Christie's,21st Century Art Day Sale,Lot 153,"HK$693,000 • US$88,286","HK$350,000–HK$550,000 (est)",/auction-result/6876146
전광영,chun-kwang-young,Aggregation 10 #1,"mixografía® print, on handmade paper",161⁄8 x 201⁄8 in. (410 x 511 mm.) 19 x 233⁄4 in. (483 x 603 mm.),2021년 7월 20일,Christie's,Contemporary Edition,Lot 223,"US$2,500","US$2,000–US$3,000 (est)",/auction-result/6968458
전광영,chun-kwang-young,"Aggregation 10 – MY016 Blue and Red, 2010",mixed media with Korean mulberry paper,131 x 195 cm,2021년 5월 25일,Sotheby's,Art Contemporain Day Sale,Lot 576,Bought In,"€60,000–€90,000 (est)",/auction-result/6497061
전광영,chun-kwang-young,"Aggregation 09-Oc060 Blue And Red, 2009",mixed media on Korean mulberry paper,230 x 163 cm,2021년 5월 20일,China Guardian,Selected Art Works From The Collection Of An Important Asian Collector,Lot 2028,"CN¥1,782,500 • US$277,001","CN¥800,000–CN¥1,200,000 (est)",/auction-result/6510775
전광영,chun-kwang-young,"Aggregation 97-24, 1997",mixed media on Korean mulberry paper,66.5 x 100.5 cm,2021년 5월 20일,China Guardian,Selected Art Works From The Collection Of An Important Asian Collector,Lot 2029,"CN¥207,000 • US$32,168","CN¥180,000–CN¥280,000 (est)",/auction-result/6510774
전광영,chun-kwang-young,"Aggregation 99-JU153, 1999",mixed media with Korean mulberry paper mounted on board,101 x 81 cm,2021년 4월 20일,Sotheby's,Contemporary Art Day Sale,Lot 551,"HK$163,800 • US$21,092","HK$100,000–HK$200,000 (est)",/auction-result/6490754
전광영,chun-kwang-young,"Aggregation 06-AU039, 2006",mixed media with Korean mulberry paper,101 x 74 x 9 cm,2020년 12월 1일,Christie's • New York,First Open | Online,Lot 123,"US$40,000","US$20,000–US$30,000 (est)",/auction-result/6445684
전광영,chun-kwang-young,"ONT-002, 1987",oil on canvas,152 cm x 182 cm 152 x 182 cm. (59 7/8 x 71 5/8 in.),2020년 7월 11일,Christie's,Modern and Contemporary Art Day Sale,Lot 275,"HK$1,000,000 • US$129,009","HK$800,000–HK$1,200,000 (est)",/auction-result/6945111
전광영,chun-kwang-young,"AGGREGATION 08 – JL018 BLUE, 2008",mixed media with Korean mulberry paper,195 x 161 cm,2019년 12월 5일,Sotheby's • Paris,Art Contemporain Day Sale,Lot 122,"€72,500 • US$80,348","€60,000–€90,000 (est)",/auction-result/6389502
전광영,chun-kwang-young,"Aggregation 97-106, 1997",mixed media with Korean mulberry paper,94 x 68 cm,2019년 9월 25일,Christie's • Online,Contemporary Art Asia: Including a Collection of Works by Léonard Tsuguharu Foujita,Lot 86,"US$27,500","US$12,000–US$18,000 (est)",/auction-result/1846614
전광영,chun-kwang-young,"Aggregation 06-JU010, 2006",mixed media with Korean mulberry paper mounted on a backing board,209.5 x 145 cm,2019년 5월 26일,Christie's • Hong Kong,20th Century & Contemporary Art (Afternoon Session),Lot 375,"HK$475,000 • US$60,790","HK$380,000–HK$550,000 (est)",/auction-result/587709
전광영,chun-kwang-young,"Aggregation 09-JU031 Blue, 2009",mixed media with Korean mulberry paper,98 x 146 cm,2018년 11월 25일,Christie's • Hong Kong,Asian Contemporary Art (Day Sale),Lot 139,"HK$775,000 • US$99,476","HK$400,000–HK$600,000 (est)",/auction-result/509911
전광영,chun-kwang-young,"Aggregation 11-FE010, 2011","11-FE010 163 cm x 131 cm, Mixed Media with Korean Mulberry Paper' (on the reverse)",163 x 131 cm,2018년 11월 25일,Christie's • Hong Kong,Asian Contemporary Art (Day Sale),Lot 137,"HK$812,500 • US$104,289","HK$450,000–HK$650,000 (est)",/auction-result/509910
전광영,chun-kwang-young,"NT031, 1944",mixed media with Korean mulberry paper,95 x 133 cm,2018년 11월 25일,Christie's • Hong Kong,Asian Contemporary Art (Day Sale),Lot 138,Bought In,"HK$480,000–HK$680,000 (est)",/auction-result/509909
전광영,chun-kwang-young,"ONT-075, 1969",oil on canvas,162 x 130 cm,2018년 11월 25일,Christie's • Hong Kong,Asian Contemporary Art (Day Sale),Lot 136,"HK$1,500,000 • US$192,534","HK$1,200,000–HK$1,500,000 (est)",/auction-result/509908
전광영,chun-kwang-young,"Aggregation 97-24, 1997",mixed media with Korean mulberry paper,67 x 101 cm,2018년 5월 22일,Christie's • New York,Contemporary Art Asia: New York Edition,Lot 748,"US$27,500","US$15,000–US$20,000 (est)",/auction-result/503533
전광영,chun-kwang-young,"Aggregation 98-J40A , 1998, 1998",mixed media on Korean paper,90.9 x 65.1 cm,2017년 12월 12일,K Auction • Seoul,December Auction,Lot 92,"KRW ₩18,000,000 • US$16,479","KRW ₩18,000,000–₩30,000,000 (est)",/auction-result/1557843
전광영,chun-kwang-young,"Aggregation 08-D066 (Blue) , 2008, 2008",mixed media on Korean paper,130.3 x 193.9 cm,2017년 12월 12일,K Auction • Seoul,December Auction,Lot 93,"KRW ₩55,000,000 • US$50,354","KRW ₩55,000,000–₩120,000,000 (est)",/auction-result/1557842
전광영,chun-kwang-young,AGGREGATION AU00-182,mixed media on Korean mulberry paper mounted on board,163 by 131 cm,2017년 12월 8일,Sotheby's,Lot 941,"HK$137,500 • US$17,617","HK$137,500 • US$17,617","HK$120,000–HK$220,000 (est)",/auction-result/530120
전광영,chun-kwang-young,AGGREGATION 12 - JA005 BLUE AND RED,mixed media on Korean mulberry paper,131 x 163 cm,2017년 12월 7일,Sotheby's,Lot 160,"€62,500 • US$73,580","€62,500 • US$73,580","€40,000–€60,000 (est)",/auction-result/530217
전광영,chun-kwang-young,AGGREGATION 04-MA029,mixed media on mulberry paper,163 by 228.2 cm,2017년 10월 1일,Sotheby's,Lot 618,"HK$525,000 • US$67,217","HK$525,000 • US$67,217","HK$200,000–HK$300,000 (est)",/auction-result/533274
전광영,chun-kwang-young,"Agregation 06-AP017 , 2006, 2006",Mixed media with Korean mulberry paper,118 x 92 cm,2017년 6월 28일,Seoul Auction • Seoul,144th Art Auction,Lot 47,"KRW ₩30,000,000 • US$26,338","KRW ₩30,000,000–₩50,000,000 (est)",/auction-result/2546387
전광영,chun-kwang-young,"Aggregation 98-1190 , 1998, 1998",mixed media on Korean mulberry paper,162.2 x 130.3 cm,2017년 6월 14일,K Auction • Seoul,K Auction Exhibition Space,Lot 70,Bought In,"KRW ₩42,000,000–₩100,000,000 (est)",/auction-result/3095227
전광영,chun-kwang-young,"Aggregation 001-JL110 , 2001, 2001",Mixed media with Korean mulberry paper,82 x 118 cm,2017년 5월 28일,Seoul Auction • Seoul,22nd Hong Kong Sale,Lot 61,"KRW ₩200,000 • US$178","KRW ₩30,000,000–₩50,000,000 (est)",/auction-result/2879189
전광영,chun-kwang-young,"Aggregation 09-JU030 , 2009, 2009",Mixed media with Korean mulberry paper,92 x 118 cm,2017년 5월 28일,Seoul Auction • Seoul,22nd Hong Kong Sale,Lot 62,"KRW ₩240,000 • US$214","KRW ₩30,000,000–₩50,000,000 (est)",/auction-result/2879188
전광영,chun-kwang-young,"Aggregation 001-D037, 2001",mixed media with Korean mulberry paper,89 x 146.2 cm,2017년 5월 22일,Christie's,Asian 20th Century and Contemporary Art Online: Paper/Editions,Lot 2,Bought In,"US$20,000–US$30,000 (est)",/auction-result/394767
전광영,chun-kwang-young,"Aggregation 03-M123, 2003",mixed media on Korean mulberry paper,112 x 162 cm,2017년 4월 12일,K Auction • Seoul,Spring Auction,Lot 58,Bought In,"KRW ₩45,000,000–₩100,000,000 (est)",/auction-result/2383770
전광영,chun-kwang-young,"Aggregation 12-JA006 Blue and Red, 2012",mixed media on Korean mulberry paper,130 x 162 cm,2017년 4월 12일,K Auction • Seoul,Spring Auction,Lot 57,"KRW ₩54,000,000 • US$47,601","KRW ₩52,000,000–₩100,000,000 (est)",/auction-result/2383769
전광영,chun-kwang-young,AGGREGATION 06-MY021,mixed media on Korean mulberry paper,162.9 by 14 cm,2017년 4월 12일,Sotheby's,Lot 30,"£67,500 • US$84,706","£67,500 • US$84,706","£25,000–£35,000 (est)",/auction-result/528100
전광영,chun-kwang-young,AGGREGATION 11 - DEC 090 (RED),mixed media with Korean mulberry paper,118 by 92 cm,2017년 4월 3일,Sotheby's,Lot 864,"HK$275,000 • US$35,386","HK$275,000 • US$35,386","HK$100,000–HK$180,000 (est)",/auction-result/528953
전광영,chun-kwang-young,"Agregation 07‒JL037 , 2007, 2007",mixed media with korean mulberry paper,163.58 x 131.83 cm,2017년 3월 24일,Seoul Auction • Seoul,21st Hong Kong Sale,Lot 38,"KRW ₩340,000 • US$304","KRW ₩50,000,000–₩80,000,000 (est)",/auction-result/3378291
전광영,chun-kwang-young,"Aggregation 98-AU51, 1998",mixed media with Korean paper,82 x 118 cm,2017년 3월 23일,Christie's • 22nd Floor,FIRST OPEN | Hong Kong,Lot 58,"HK$212,500 • US$27,477","HK$120,000–HK$200,000 (est)",/auction-result/2855
이강소,lee-kang-so,"From an Island-20148, 1999",oil on canvas,119.99 x 119.99 cm,2016년 5월 29일,K Auction • Hong Kong,May Hong Kong Sale,Lot 60,"HK$140,000 • US$18,026","HK$170,000–HK$680,000 (est)",/auction-result/3070406
이강소,lee-kang-so,"From an Island-02066, 2001",oil on canvas,227.3 x 181.79 cm,2016년 5월 29일,K Auction • Hong Kong,May Hong Kong Sale,Lot 61,"HK$380,000 • US$48,928","HK$380,000–HK$1,400,000 (est)",/auction-result/3070405
이강소,lee-kang-so,"Untitled 91124, 1991",acrylic on canvas,132 x 162.79 cm,2016년 4월 4일,Seoul Auction • Seoul,18th Hong Kong Sale,Lot 49,"KRW ₩300,000 • US$261","KRW ₩45,000,000–₩60,000,000 (est)",/auction-result/3243035
이강소,lee-kang-so,"Untitled-89034, 1989",oil on canvas,91.01 x 116.79 cm,2016년 3월 25일,K Auction • Hong Kong,Hong Kong Sale,Lot 40,"HK$200,000 • US$25,780","HK$160,000–HK$520,000 (est)",/auction-result/3190311
이강소,lee-kang-so,"From An Island - 07321, 2007",acrylic on canvas,130.3 x 162.2 cm,2016년 3월 25일,K Auction • Hong Kong,Hong Kong Sale,Lot 41,"HK$320,000 • US$41,248","HK$260,000–HK$770,000 (est)",/auction-result/3190312
이강소,lee-kang-so,"From an island - 06158, 2006",oil on canvas,53.01 x 65.1 cm,2016년 3월 9일,K Auction • Seoul,Spring Auction,Lot 76,"KRW ₩13,000,000 • US$10,734","KRW ₩13,000,000–₩40,000,000 (est)",/auction-result/1583279
이강소,lee-kang-so,"From an island-08004, 2008",acrylic on canvas,227.3 x 181.79 cm,2016년 3월 9일,K Auction • Seoul,Spring Auction,Lot 39,"KRW ₩42,000,000 • US$34,679","KRW ₩40,000,000–₩150,000,000 (est)",/auction-result/1583278
이강소,lee-kang-so,"From an Island 01014, 2001",oil on canvas,227.3 x 181.79 cm,2015년 12월 16일,Seoul Auction • Seoul,138th Modern and Contemporary Art Auction,Lot 149,"KRW ₩40,000,000 • US$34,015","KRW ₩40,000,000–₩80,000,000 (est)",/auction-result/1657250
이강소,lee-kang-so,"Untitled - 94186, 1994",oil on canvas,119.99 x 119.99 cm,2015년 12월 16일,Seoul Auction • Seoul,138th Modern and Contemporary Art Auction,Lot 148,"KRW ₩37,000,000 • US$31,464","KRW ₩35,000,000–₩50,000,000 (est)",/auction-result/1657249
이강소,lee-kang-so,"From an Island-20142, 2000",oil on canvas,130.3 x 162.2 cm,2015년 12월 15일,K Auction • Seoul,Winter Auction,Lot 70,Bought In,"KRW ₩35,000,000–₩70,000,000 (est)",/auction-result/996997
이강소,lee-kang-so,"From an Island - 02106, 2002",oil on canvas,227.3 x 181.79 cm,2015년 11월 28일,K Auction • Hong Kong,Hong Kong Sale,Lot 62,"HK$300,000 • US$38,706","HK$240,000–HK$550,000 (est)",/auction-result/3167755
이강소,lee-kang-so,"From an island-06107, 2006",oil on canvas,130.3 x 162.2 cm,2015년 10월 4일,K Auction • Hong Kong,Autumn Hong Kong Sale,Lot 32,"HK$260,000 • US$33,548","HK$250,000–HK$460,000 (est)",/auction-result/3025347
이강소,lee-kang-so,"From an Island-03138, 2003",painting,45.01 x 45.01 cm,2015년 10월 4일,Seoul Auction • Seoul,16th Hong Kong Sale,Lot 62,Bought In,"KRW ₩10,000,000–₩30,000,000 (est)",/auction-result/3075292
이강소,lee-kang-so,"From an Island - 03117, 2003",acrylic on canvas,227.3 x 181.79 cm,2015년 9월 15일,Seoul Auction • Seoul,137th Modern and Contemporary Art Auction,Lot 157,"KRW ₩38,000,000 • US$32,136","KRW ₩32,000,000–₩60,000,000 (est)",/auction-result/1226063
이강소,lee-kang-so,"From an Island - 07065, 2007",oil on canvas,60.3 x 73 cm,2015년 9월 15일,Seoul Auction • Seoul,137th Modern and Contemporary Art Auction,Lot 156,"KRW ₩15,000,000 • US$12,685","KRW ₩15,000,000–₩30,000,000 (est)",/auction-result/1226062
이강소,lee-kang-so,"Untitled-91124, 1991",acrylic on canvas,130.3 x 162.2 cm,2015년 7월 14일,K Auction • Seoul,Summer Sale,Lot 60,"KRW ₩39,000,000 • US$34,218","KRW ₩35,000,000–₩70,000,000 (est)",/auction-result/957570
이강소,lee-kang-so,"From and Island-96022, 1996",oil on canvas,72.69 x 90.91 cm,2015년 7월 14일,K Auction • Seoul,Summer Sale,Lot 17,"KRW ₩24,000,000 • US$21,057","KRW ₩15,000,000–₩30,000,000 (est)",/auction-result/957569
이강소,lee-kang-so,"From and Island-20231, 2000",oil on canvas,130.3 x 162.2 cm,2015년 7월 14일,K Auction • Seoul,Summer Sale,Lot 61,Bought In,"KRW ₩30,000,000–₩70,000,000 (est)",/auction-result/957453
이강소,lee-kang-so,"Emptiness-09001, 2009",oil on canvas,181.79 x 227.3 cm,2015년 6월 16일,Seoul Auction • Seoul,136th Modern and Contemporary Art Auction,Lot 68,"KRW ₩55,000,000 • US$49,189","KRW ₩50,000,000–₩80,000,000 (est)",/auction-result/2040989
이강소,lee-kang-so,"An Island-07015, 2007",oil on canvas,130.3 x 162 cm,2015년 6월 16일,Seoul Auction • Seoul,136th Modern and Contemporary Art Auction,Lot 67,"KRW ₩51,000,000 • US$45,612","KRW ₩40,000,000–₩70,000,000 (est)",/auction-result/2040988
이강소,lee-kang-so,"Untitled - 94234, 1994",oil on canvas,130 x 162 cm,2015년 5월 31일,Seoul Auction • Seoul,15th Hong Kong Sale,Lot 58,Bought In,"HK$320,000–HK$420,000 (est)",/auction-result/2789849
이강소,lee-kang-so,"From and Island - 08004, 2008",acrylic on canvas,227.3 x 181.51 cm,2015년 5월 31일,Seoul Auction • Seoul,15th Hong Kong Sale,Lot 59,"HK$380,000 • US$49,015","HK$360,000–HK$570,000 (est)",/auction-result/2789848
이강소,lee-kang-so,"From an Island-94038, 1994",oil on canvas,72.69 x 90.91 cm,2015년 5월 31일,K Auction • Hong Kong,May Sale,Lot 78,"HK$130,000 • US$16,768","HK$105,000–HK$215,000 (est)",/auction-result/2293965
이강소,lee-kang-so,"From an Island-02310, 2002",oil on canvas,124.99 x 124.99 cm,2015년 5월 31일,K Auction • Hong Kong,May Sale,Lot 79,"HK$260,000 • US$33,536","HK$190,000–HK$355,000 (est)",/auction-result/2293964
이강소,lee-kang-so,"From an island-07271, 2007",acyrlic on canvas,72.69 x 90.91 cm,2015년 3월 15일,K Auction • Hong Kong,Spring Sale,Lot 22,"HK$250,000 • US$32,188","HK$70,000–HK$200,000 (est)",/auction-result/3328967
이강소,lee-kang-so,"Untitled-90129, 1990",mixed media on paper,97.99 x 126.01 cm,2015년 3월 10일,K Auction • Seoul,Spring Sale,Lot 110,"US$13,100","US$9,200–US$16,500 (est)",/auction-result/1374000
이강소,lee-kang-so,"Untitled-92132, 1992",acrylic on canvas,181.99 x 227 cm,2015년 3월 9일,Seoul Auction • Seoul,135th Modern and Contemporary Art Auction,Lot 159,"KRW ₩87,000,000 • US$78,182","KRW ₩50,000,000–₩80,000,000 (est)",/auction-result/2767460
이강소,lee-kang-so,From an Island - 06124,oil on canvas,91.01 x 116 cm,2015년 1월 28일,Seoul Auction • Seoul,My First Collection,Lot 27,"KRW ₩18,000,000 • US$16,613","KRW ₩18,000,000–₩30,000,000 (est)",/auction-result/1422531
이강소,lee-kang-so,"From and Island - 03132, 2003",oil on canvas,75.01 x 75.01 cm,2015년 1월 28일,Seoul Auction • Seoul,My First Collection,Lot 14,"KRW ₩12,500,000 • US$11,537","KRW ₩9,000,000–₩15,000,000 (est)",/auction-result/1422530
이강소,lee-kang-so,"From an Island - 98152, 1998",oil on canvas,227.3 x 181.79 cm,2014년 12월 17일,Seoul Auction • Seoul,134th Modern and Contemporary Art Auction,Lot 34,Bought In,"KRW ₩40,000,000–₩60,000,000 (est)",/auction-result/2181356
이강소,lee-kang-so,"Untitled-89028, 1989",oil on canvas,72.49 x 90.5 cm,2014년 12월 17일,Seoul Auction • Seoul,134th Modern and Contemporary Art Auction,Lot 33,Bought In,"KRW ₩15,000,000–₩25,000,000 (est)",/auction-result/2181355
이강소,lee-kang-so,"From an island-97100, 1997",oil on canvas,69.49 x 199.01 cm,2014년 12월 16일,K Auction • Seoul,Auction,Lot 56,"KRW ₩30,000,000 • US$27,529","KRW ₩25,000,000–₩60,000,000 (est)",/auction-result/1056019
이강소,lee-kang-so,"Untitled-90012, 1990",oil on canvas,130.3 x 162.2 cm,2014년 12월 16일,K Auction • Seoul,Auction,Lot 58,"KRW ₩26,000,000 • US$23,858","KRW ₩25,000,000–₩50,000,000 (est)",/auction-result/1056018
이강소,lee-kang-so,"From an island-99047, 1999",oil on canvas,116.99 x 91.01 cm,2014년 11월 28일,Est-Ouest Auctions • Hong Kong,2014 Autumn Sale,Lot 107,Bought In,"HK$90,000–HK$140,000 (est)",/auction-result/1239994
이강소,lee-kang-so,"From an island-94172, 1994",oil on canvas,119.99 x 119.99 cm,2014년 11월 5일,K Auction • Seoul,Auction,Lot 87,"KRW ₩18,000,000 • US$16,601","KRW ₩15,000,000–₩35,000,000 (est)",/auction-result/1653204
이강소,lee-kang-so,"From an island-91110, 1991",oil on canvas,91.01 x 116.79 cm,2014년 11월 5일,K Auction • Seoul,Auction,Lot 16,"KRW ₩19,000,000 • US$17,524","KRW ₩15,000,000–₩25,000,000 (est)",/auction-result/1653203
이강소,lee-kang-so,"An island 07030, 2007",oil on canvas,130.3 x 162.2 cm,2014년 9월 25일,K Auction • Seoul,Auction,Lot 93,"KRW ₩25,000,000 • US$23,984","KRW ₩25,000,000–₩40,000,000 (est)",/auction-result/939890
이강소,lee-kang-so,"Untitled-90135, 1990",oil on canvas,130.3 x 162.1 cm,2014년 9월 23일,Seoul Auction • Seoul,133rd Modern and Contemporary Art Auction,Lot 45,Bought In,"KRW ₩30,000,000–₩50,000,000 (est)",/auction-result/1771863
이강소,lee-kang-so,"Untitled, 1990",oil on canvas,72.01 x 89.99 cm,2014년 7월 24일,Seoul Auction • Seoul,Corporate Art Collection,Lot 30,Bought In,"KRW ₩10,000,000–₩20,000,000 (est)",/auction-result/1994007
이강소,lee-kang-so,"From an Island-93149, 1993",oil on canvas,59.51 x 72.49 cm,2014년 6월 17일,Seoul Auction • Seoul,132nd Modern and Contemporary Art Auction,Lot 7,Bought In,"KRW ₩8,000,000–₩15,000,000 (est)",/auction-result/1497668
이강소,lee-kang-so,"From an Island-06095, 2006",oil on canvas,130.3 x 162.2 cm,2014년 4월 29일,K Auction • Seoul,Auction,Lot 4,"KRW ₩28,000,000 • US$27,110","KRW ₩50,000,000–₩70,000,000 (est)",/auction-result/3284818
이강소,lee-kang-so,"Untitled93070, 1993",acrylic and charcoal on canvas,60.6 x 72.69 cm,2013년 12월 11일,K Auction • Seoul,Chun Collection & Winter Auction,Lot 190,"KRW ₩8,000,000 • US$7,603","KRW ₩8,000,000–₩15,000,000 (est)",/auction-result/5586288
이강소,lee-kang-so,"From an island-97159, 1997",acrylic on canvas,45.49 x 53.01 cm,2013년 9월 11일,K Auction • Seoul,Auction,Lot 87,"KRW ₩7,000,000 • US$6,447","KRW ₩7,000,000–₩10,000,000 (est)",/auction-result/1244034
이강소,lee-kang-so,"Untitled - 92061, 1992","acrylic on canvas, unframed",91.4 x 116.8 cm,2012년 2월 29일,"Christie's • London, South Kensington",Christie's Interiors,Lot 745,"£5,625 • US$8,949","£5,000–£7,000 (est)",/auction-result/116102
남관,nam-kwan,"Work 84-5 , 1984, 1984",oil on canvas,91 x 116.8 cm,2018년 1월 24일,K Auction • Seoul,January Auction,Lot 24,"KRW ₩46,000,000 • US$43,175","KRW ₩40,000,000–₩70,000,000 (est)",/auction-result/2406589
남관,nam-kwan,"Untitled , 1962, 1962",oil on canvas,80.3 x 100 cm,2018년 1월 24일,K Auction • Seoul,January Auction,Lot 55,Bought In,"KRW ₩36,000,000–₩70,000,000 (est)",/auction-result/2406588
남관,nam-kwan,"Untitled , 1990, 1990",oil and collage on canvas,130.3 x 193.9 cm,2017년 12월 12일,K Auction • Seoul,December Auction,Lot 46,"KRW ₩98,000,000 • US$89,722","KRW ₩90,000,000–₩200,000,000 (est)",/auction-result/1557950
남관,nam-kwan,"Couple ,",oil and collage on canvas,91 x 116.8 cm,2017년 12월 12일,K Auction • Seoul,December Auction,Lot 21,"KRW ₩42,000,000 • US$38,452","KRW ₩42,000,000–₩70,000,000 (est)",/auction-result/1557949
남관,nam-kwan,"Fantasy, 1911-1990",oil on canvas,32.7 x 24 cm,2017년 11월 26일,Christie's • Convention Hall,Asian 20th Century Art (Day Sale),Lot 570,"HK$37,500 • US$4,824","HK$30,000–HK$50,000 (est)",/auction-result/279138
남관,nam-kwan,"Old Form, 1911-1990",oil on canvas,65 x 80.3 cm,2017년 11월 26일,Christie's • Convention Hall,Asian 20th Century Art (Day Sale),Lot 569,"HK$300,000 • US$38,593","HK$120,000–HK$240,000 (est)",/auction-result/279137
남관,nam-kwan,"Monument for a Friend, 1975",oil on canvas,65.5 x 53 cm,2017년 9월 24일,Christie's • Shanghai,First Open | Shanghai,Lot 134,"CN¥90,000 • US$13,624","CN¥75,000–CN¥85,000 (est)",/auction-result/3366368
남관,nam-kwan,"Untitled , 1984, 1984",Oil on canvas,52.3 x 44.8 cm,2017년 6월 28일,Seoul Auction • Seoul,144th Art Auction,Lot 20,"KRW ₩10,000,000 • US$8,779","KRW ₩10,000,000–₩18,000,000 (est)",/auction-result/2546413
남관,nam-kwan,"Many Eyes , 1968, 1968",oil on canvas,100 x 72.7 cm,2017년 6월 14일,K Auction • Seoul,K Auction Exhibition Space,Lot 93,"KRW ₩25,000,000 • US$22,320","KRW ₩25,000,000–₩40,000,000 (est)",/auction-result/3095286
남관,nam-kwan,"Reflection , 1988, 1988",oil and collage on canvas,91 x 116.8 cm,2017년 6월 14일,K Auction • Seoul,June Auction,Lot 92,"KRW ₩40,000,000 • US$35,713","KRW ₩38,000,000–₩70,000,000 (est)",/auction-result/2541404
남관,nam-kwan,"Composition calligraphique ,",gouache,35 x 25 cm,2017년 6월 9일,Ader • Paris,Art Abstrait & Contemporain,Lot 230,€750 • US$839,€600–€800 (est),/auction-result/4813324
남관,nam-kwan,"Retrospect , 1984, 1984",Oil on canvas,126 x 154 cm,2017년 5월 28일,Seoul Auction • Seoul,22nd Hong Kong Sale,Lot 50,"KRW ₩750,000 • US$669","KRW ₩90,000,000–₩130,000,000 (est)",/auction-result/2879215
남관,nam-kwan,"Untitled ,",Oil and paper collage on canvas,176 x 67 cm,2017년 5월 28일,Seoul Auction • Seoul,22nd Hong Kong Sale,Lot 49,Bought In,"KRW ₩50,000,000–₩100,000,000 (est)",/auction-result/2879214
남관,nam-kwan,"ANCIENT RELICS, 1911-1990",oil on canvas,130 x 163 cm,2017년 5월 27일,Christie's • Hong Kong,Contemporaries: Voices from East and West / Asian 20th Century & Contemporary Art (Evening Sale),Lot 56,"HK$1,000,000 • US$128,955","HK$1,000,000–HK$1,500,000 (est)",/auction-result/170
남관,nam-kwan,"Silent Image, 1978",oil on canvas,60 x 72 cm,2017년 4월 12일,K Auction • Seoul,Spring Auction,Lot 14,Bought In,"KRW ₩25,000,000–₩40,000,000 (est)",/auction-result/2383837
남관,nam-kwan,"Untitled, 1990",oil and collage on canvas,130 x 193 cm,2017년 4월 12일,K Auction • Seoul,Spring Auction,Lot 25,"KRW ₩110,000,000 • US$96,965","KRW ₩110,000,000–₩250,000,000 (est)",/auction-result/2383836
남관,nam-kwan,"Pierrot's family. 85‒A , 1985, 1985",oil on canvas,129.03 x 159 cm,2017년 3월 24일,Seoul Auction • Seoul,21st Hong Kong Sale,Lot 27,"KRW ₩650,000 • US$581","KRW ₩95,000,000–₩150,000,000 (est)",/auction-result/3378296
남관,nam-kwan,"Untitled ,",oil on board,40.89 x 33.02 cm,2017년 3월 7일,Seoul Auction • Seoul,143rd Art Auction,Lot 209,Bought In,"KRW ₩3,000,000–₩7,000,000 (est)",/auction-result/2569026
남관,nam-kwan,"Untitled , 1972, 1972",color and colored pencil on paper,22.61 x 18.03 cm,2017년 3월 7일,Seoul Auction • Seoul,8th My First Collection,Lot 13,"KRW ₩900,000 • US$782","KRW ₩1,000,000–₩3,000,000 (est)",/auction-result/2568946
남관,nam-kwan,"Formation Orientale (1), 1977",oil on canvas,80 x 65 cm,2017년 2월 22일,K Auction • Seoul,Spring Auction,Lot 56,Bought In,"KRW ₩28,000,000–₩55,000,000 (est)",/auction-result/1515255
남관,nam-kwan,"Untitled, 1985",oil on fabric,90 x 72 cm,2017년 2월 22일,K Auction • Seoul,Spring Auction,Lot 15,"KRW ₩22,000,000 • US$19,316","KRW ₩18,000,000–₩45,000,000 (est)",/auction-result/1515256
남관,nam-kwan,"Illusion of Human Mask, 1988",silkscreen,88 x 68 cm,2017년 2월 1일,RoGallery.com • New York,Winter Modern & Contemporary Art Auction,Lot 145,US$350,US$700–US$900 (est),/auction-result/5291090
남관,nam-kwan,"Untitled, 1984",oil on canvas,45 x 53 cm,2016년 12월 13일,K Auction • Seoul,Winter Auction,Lot 18,"KRW ₩15,000,000 • US$12,860","KRW ₩10,000,000–₩20,000,000 (est)",/auction-result/6237622
남관,nam-kwan,"Composition of Blue, 1984",oil on canvas,111 x 134 cm,2016년 12월 13일,K Auction • Seoul,Winter Auction,Lot 60,"KRW ₩50,000,000 • US$42,868","KRW ₩40,000,000–₩70,000,000 (est)",/auction-result/6237620
남관,nam-kwan,"COMPOSITION CALLIGRAPHIQUE (2), 1911-1990",oil and collage on canvas,162.2 x 130.3 cm,2016년 11월 27일,"Christie's • Hong Kong, HKCEC Grand Hall",Asian 20th Century Art (Day Sale),Lot 491,"HK$1,062,500 • US$137,586","HK$400,000–HK$600,000 (est)",/auction-result/7455
남관,nam-kwan,"Illusion of Human Mask, 1988",Silkscreen,88 x 68 cm,2016년 10월 20일,RoGallery.com • New York,Fine Art Auction,Lot 117,Bought In,US$700–US$900 (est),/auction-result/4675481
남관,nam-kwan,"Untitled, 1988",collage and oil on canvas,45 x 53 cm,2016년 9월 28일,K Auction • Seoul,Autumn Auction,Lot 24,"KRW ₩14,000,000 • US$12,761","KRW ₩13,000,000–₩20,000,000 (est)",/auction-result/6295196
남관,nam-kwan,"Untitled, 1978",oil on canvas,54 x 45 cm,2016년 9월 28일,K Auction • Seoul,Autumn Auction,Lot 84,"KRW ₩16,000,000 • US$14,584","KRW ₩15,000,000–₩20,000,000 (est)",/auction-result/6295194
남관,nam-kwan,"Abstract, 1984",oil on canvas,91 x 116 cm,2016년 9월 28일,K Auction • Seoul,Autumn Auction,Lot 83,"KRW ₩42,000,000 • US$38,283","KRW ₩35,000,000–₩75,000,000 (est)",/auction-result/6295192
남관,nam-kwan,"Vestige historique, 1965",oil and collage on canvas,96 x 77 cm,2016년 9월 26일,Hotel des Ventes de Geneve • Geneve,Vente de Septembre 2016,Lot 899,"CHF15,000 • US$15,473",,/auction-result/6294811
남관,nam-kwan,"Illusion of Human Mask, 1988",silkscreen,88 x 68 cm,2016년 8월 25일,RoGallery.com • New York,End of Summer Fine Art Sale,Lot 90,US$350,US$700–US$900 (est),/auction-result/4628515
남관,nam-kwan,"Ancient figure, 1974",Oil on canvas,100 x 80 cm,2016년 6월 29일,Seoul Auction • Seoul,140th Art Auction,Lot 91,"KRW ₩32,000,000 • US$27,531","KRW ₩35,000,000–₩60,000,000 (est)",/auction-result/1124592
남관,nam-kwan,"Form, 1978",oil on canvas,45 x 33 cm,2016년 6월 28일,K Auction • Seoul,Summer Auction,Lot 20,"KRW ₩11,000,000 • US$9,371","KRW ₩9,000,000–₩15,000,000 (est)",/auction-result/2383880
남관,nam-kwan,"TRÈS ANCIEN (2), 1911-1990",oil on canvas,70 x 40 cm,2015년 11월 29일,"Christie's • Hong Kong, HKCEC Grand Hall",Asian 20th Century Art (Day Sale),Lot 404,"HK$212,500 • US$27,547","HK$80,000–HK$100,000 (est)",/auction-result/21424
남관,nam-kwan,TRÈS ANCIEN (5),oil on canvas,45.5 by 54.5 cm,2015년 6월 11일,Sotheby's,Lot 1102,"HK$87,500 • US$11,286","HK$87,500 • US$11,286","HK$80,000–HK$120,000 (est)",/auction-result/519663
남관,nam-kwan,"Fâete Orientale (A Festive Day), 1911-1990",oil on canvas,128.3 x 160.5 cm,2015년 5월 30일,"Christie's • Hong Kong, HKCEC Grand Hall",Asian 20th Century & Contemporary Art (Evening Sale),Lot 9,"HK$1,360,000 • US$176,260","HK$1,000,000–HK$2,000,000 (est)",/auction-result/31769
남관,nam-kwan,"Inner Reflection, 1911-1990","oil on canvas, mounted on panel, quadtych",211 x 452 cm,2014년 11월 22일,"Christie's • Hong Kong, HKCEC Grand Hall",Asian 20th Century & Contemporary Art (Evening Sale),Lot 73,"HK$2,440,000 • US$316,113","HK$1,600,000–HK$2,600,000 (est)",/auction-result/43030
남관,nam-kwan,"Le soleil mourant, 1958",paintings,58.42 x 43.18 cm,2004년 5월 6일,Sotheby's • London,Contemporary Asian Art,Lot 97,"£2,800 • US$5,026","£3,000–£5,000 (est)",/auction-result/3571864
남관,nam-kwan,Untitled,paintings,48.26 x 17.78 cm,2004년 5월 6일,Sotheby's • London,Contemporary Asian Art,Lot 94,"£3,000 • US$5,385","£3,000–£4,000 (est)",/auction-result/3571863
남관,nam-kwan,"Untitled, 1965",paintings,48.26 x 17.78 cm,2004년 5월 6일,Sotheby's • London,Contemporary Asian Art,Lot 96,"£2,500 • US$4,488","£3,000–£4,000 (est)",/auction-result/3571862
남관,nam-kwan,"Line formation, 1964",paintings,48.26 x 17.78 cm,2004년 5월 6일,Sotheby's • London,Contemporary Asian Art,Lot 95,"£3,400 • US$6,103","£3,000–£4,000 (est)",/auction-result/3571861
미셸 들라크루아,michel-delacroix,"Scène Rustique, 1987",oil on canvas,33.6 x 24.1 cm,2026년 3월 12일,Bonhams,Modern & Contemporary Art Online,Lot 6,,"US$3,000–US$5,000 (est)",/auction-result/7309953
미셸 들라크루아,michel-delacroix,Montmartre sous la neige,"gouache on paper, paper size 66x76, Condition : lined in places on verso to panel (verso is not examined)",66 x 76.5 cm,2020년 12월 4일,Mainichi,"Paintings, Prints and Sculpture",Lot 914,"JPY ¥520,000 • US$5,008","JPY ¥700,000–¥1,000,000 (est)",/auction-result/6464279
미셸 들라크루아,michel-delacroix,Rive gauche,screenprint,63.5 x 96.1 cm,2020년 11월 14일,Mainichi,"Paintings, Prints and Sculpture",Lot 668,"JPY ¥150,000 • US$1,434","JPY ¥150,000–¥200,000 (est)",/auction-result/6460026
미셸 들라크루아,michel-delacroix,View of Cite Island,screenprint,73.8 x 88.8 cm,2020년 11월 14일,Mainichi,"Paintings, Prints and Sculpture",Lot 669,Bought In,"JPY ¥200,000–¥300,000 (est)",/auction-result/6460023
미셸 들라크루아,michel-delacroix,Golf at Saint CLOUD (3D),screenprint,59.5 x 72.7 cm,2020년 11월 14일,Mainichi,"Paintings, Prints and Sculpture",Lot 670,Bought In,"JPY ¥200,000–¥300,000 (est)",/auction-result/6460022
미셸 들라크루아,michel-delacroix,Snowy Street,lithograph,47.8 x 59.8 cm,2020년 9월 4일,Mainichi,"Paintings, Prints and Sculpture",Lot 1036,"JPY ¥60,000 • US$566","JPY ¥60,000–¥80,000 (est)",/auction-result/6431008
미셸 들라크루아,michel-delacroix,Le Lapin agile sous la neige,oil on canvas,46 x 55 cm,2020년 6월 6일,Mainichi,"Paintings, Prints and Sculpture",Lot 290,"JPY ¥1,000,000 • US$9,125","JPY ¥1,000,000–¥1,500,000 (est)",/auction-result/6442628
미셸 들라크루아,michel-delacroix,Quelle heure est-il?,oil on canvas,59.7 x 72.4 cm,2019년 6월 24일,Bonhams • Los Angeles,The Elegant Home,Lot 560,"US$10,700","US$6,000–US$8,000 (est)",/auction-result/2187988
미셸 들라크루아,michel-delacroix,Vacances de Noel,screenprint,61 x 73.7 cm,2018년 6월 9일,Mainichi,"Paintings, Prints and Sculpture",Lot 19,"JPY ¥65,000 • US$593","JPY ¥40,000–¥60,000 (est)",/auction-result/6379629
미셸 들라크루아,michel-delacroix,Dubonnet,lithograph,60 x 74 cm,2018년 6월 9일,Mainichi,"Paintings, Prints and Sculpture",Lot 18,"JPY ¥45,000 • US$411","JPY ¥40,000–¥60,000 (est)",/auction-result/6379628
미셸 들라크루아,michel-delacroix,"Amboise ,",Offset lithograph,55.88 x 67.31 cm,2017년 9월 16일,New Orleans Auction Galleries • Inc.,Cakebread Decorative Arts & Design Auction,Lot 145,Bought In,US$500–US$800 (est),/auction-result/1016798
미셸 들라크루아,michel-delacroix,"Souvenirs de Paris; Petite Ballade ,",Offset lithograph,28.57 x 36.2 cm,2017년 9월 16일,New Orleans Auction Galleries • Inc.,Cakebread Decorative Arts & Design Auction,Lot 143,Bought In,"US$800–US$1,200 (est)",/auction-result/1016797
미셸 들라크루아,michel-delacroix,"Grand Bal ,",Offset lithograph,54.61 x 64.14 cm,2017년 9월 16일,New Orleans Auction Galleries • Inc.,Cakebread Decorative Arts & Design Auction,Lot 144,Bought In,US$500–US$800 (est),/auction-result/1016796
미셸 들라크루아,michel-delacroix,"Crepuscule de la nuit , 1991 - 1994, 1991",Oil on canvas,60.96 x 73.66 cm,2017년 8월 18일,DuMouchelles • Detroit,August Auction,Lot 2001,"US$20,400","US$2,000–US$4,000 (est)",/auction-result/2148763
미셸 들라크루아,michel-delacroix,Chez Bébert',oil on canvas,60 x 73 cm,2017년 7월 4일,Bonhams • Knightsbridge,British and European Art,Lot 163,"£11,250 • US$14,539","£6,000–£8,000 (est)",/auction-result/5832996
미셸 들라크루아,michel-delacroix,"Impression du matin avec vue sur le Panthéon ,",Oil on canvas,33.02 x 45.72 cm,2017년 6월 10일,Heritage Auctions • Dallas,Estates,Lot 61555,"US$6,875","US$2,000–US$3,000 (est)",/auction-result/4456035
미셸 들라크루아,michel-delacroix,"Aux Deux Amis , 1977, 1977",Lithograph on paper,55.88 x 76.2 cm,2017년 5월 18일,Great Dane Auctions • Philadelphia,May Contemporary and Fine Art Auction,Lot 257,Bought In,"US$1,500–US$2,000 (est)",/auction-result/768132
미셸 들라크루아,michel-delacroix,"Le Chiffon ,",oil on canvas,15.88 x 10.79 cm,2017년 4월 29일,Roland Auctioneers & Valuers • New York,Estate Auction,Lot 404,"US$1,800","US$2,000–US$3,000 (est)",/auction-result/3311431
미셸 들라크루아,michel-delacroix,"Petit Rue en Automne ,",oil on canvas,26.04 x 33.96 cm,2017년 4월 29일,Roland Auctioneers & Valuers • New York,Estate Auction,Lot 405,"US$5,000","US$5,000–US$7,000 (est)",/auction-result/3311432
미셸 들라크루아,michel-delacroix,"Depart pour un promenade , 1984, 1984",gouache on paper,52.7 x 35.56 cm,2017년 1월 27일,Brunk Auctions • Asheville,Auction,Lot 187,"US$3,750","US$2,000–US$3,000 (est)",/auction-result/2665458
미셸 들라크루아,michel-delacroix,"Place de la Bastille ,",oil on canvas,40.64 x 27.61 cm,2017년 1월 27일,Brunk Auctions • Asheville,Auction,Lot 186,"US$5,000","US$2,000–US$4,000 (est)",/auction-result/2665457
미셸 들라크루아,michel-delacroix,"La leçon de piano, 1997",oil on canvas,34 x 27 cm,2016년 11월 19일,Brunk Auctions • Asheville,Auction,Lot 549,"US$5,500","US$3,000–US$4,000 (est)",/auction-result/2350044
미셸 들라크루아,michel-delacroix,Le restaurant de l'Univers,oil on canvas,60 x 73 cm,2016년 10월 27일,Shannon's Fine Art Auctioneers • Milford,"Important American & European Paintings, Drawings, Prints & Sculpture",Lot 159,"US$15,600","US$12,000–US$18,000 (est)",/auction-result/5212234
미셸 들라크루아,michel-delacroix,La Flûte de Pan,oil on canvas,59 x 48 cm,2016년 10월 15일,Cowan's • Cincinnati,Fine and Decorative Art,Lot 57,"US$12,000","US$8,000–US$12,000 (est)",/auction-result/2824905
미셸 들라크루아,michel-delacroix,La Seine à St Cloud,oil on canvas,62 x 52 cm,2016년 10월 15일,Cowan's • Cincinnati,Fine and Decorative Art,Lot 56,"US$9,840","US$8,000–US$12,000 (est)",/auction-result/2824904
미셸 들라크루아,michel-delacroix,La Seine a Joinville,oil on canvas,66 x 55 cm,2016년 10월 12일,Litchfield County Auctions • Litchfield,Asian - Silver & Jewelry - Fine Art & Frames,Lot 488,"US$7,500","US$5,000–US$8,000 (est)",/auction-result/2363041
미셸 들라크루아,michel-delacroix,La Marche de Noel en Alsace,offset lithograph,54 x 64 cm,2016년 8월 27일,New Orleans Auction Galleries • Inc.,Cakebread Decorative Arts & Design Auction,Lot 39,US$875,"US$800–US$1,200 (est)",/auction-result/6160020
미셸 들라크루아,michel-delacroix,Souvenirs de Paris,offset lithograph,29 x 36 cm,2016년 8월 27일,New Orleans Auction Galleries • Inc.,Cakebread Decorative Arts & Design Auction,Lot 38,Bought In,US$400–US$600 (est),/auction-result/6160018
미셸 들라크루아,michel-delacroix,La neige,offset lithograph,52 x 62 cm,2016년 8월 27일,New Orleans Auction Galleries • Inc.,Cakebread Decorative Arts & Design Auction,Lot 37,Bought In,US$600–US$900 (est),/auction-result/6160016
미셸 들라크루아,michel-delacroix,Boule de Neige,lithograph,66 x 76 cm,2016년 8월 14일,Kaminski Auctions • Beverly,August 14th Estate Auction,Lot 1285,US$400,US$500–US$700 (est),/auction-result/2874080
미셸 들라크루아,michel-delacroix,San Souci,lithograph,71 x 78 cm,2016년 8월 14일,Kaminski Auctions • Beverly,August 14th Estate Auction,Lot 1286,US$350,US$400–US$600 (est),/auction-result/2874079
미셸 들라크루아,michel-delacroix,Paris at Night,lithograph,65 x 74 cm,2016년 7월 9일,Michaan's Auctions • Alameda,July Estate Auction,Lot 345,US$354,US$400–US$600 (est),/auction-result/2698716
미셸 들라크루아,michel-delacroix,Au Bonheur des Dames,oil on canvas,60 x 80 cm,2016년 6월 24일,Koller Auktionen • Zurich,Auktion,Lot 3475,"CHF14,900 • US$15,374",,/auction-result/4107708
미셸 들라크루아,michel-delacroix,La Maison Blanche,oil on canvas,30 x 39 cm,2016년 6월 22일,Millon & Associes • Paris,Art Moderne - Ecole de Paris,Lot 26,Bought In,"€4,000–€6,000 (est)",/auction-result/5629649
미셸 들라크루아,michel-delacroix,Paris Street Scene,lithograph,48 x 58 cm,2016년 6월 16일,RoGallery.com • New York,June Fine Art Auction,Lot 1398,US$350,US$600–US$800 (est),/auction-result/6340010
미셸 들라크루아,michel-delacroix,Arbre Cassé,pastel and gouache on paper,32.99 x 48.21 cm,2016년 5월 13일,Skinner • Boston,Fine Paintings & Sculpture,Lot 295,"US$1,353","US$1,000–US$1,500 (est)",/auction-result/865028
미셸 들라크루아,michel-delacroix,Rue a Meudon,oil on canvas,40.64 x 33.32 cm,2016년 4월 28일,Shannon's Fine Art Auctioneers • Milford,"Important American & European Paintings, Drawings, Prints & Sculpture",Lot 245,"US$6,600","US$3,000–US$5,000 (est)",/auction-result/5081580
미셸 들라크루아,michel-delacroix,Motiv från Paris,color lithograph,48.01 x 57.99 cm,2016년 3월 15일,Uppsala Auktionskammare • Uppsala,Onlinekvalitetsauktion,Lot 538,Bought In,,/auction-result/5796200
미셸 들라크루아,michel-delacroix,Fleurs à vendre,oil on canvas,33.32 x 24.13 cm,2015년 11월 6일,Brunk Auctions • Asheville,Auction,Lot 268,"US$4,000","US$2,500–US$3,500 (est)",/auction-result/5492980
미셸 들라크루아,michel-delacroix,Anciennes maisons des chanoines de la Sainte-Chapelle à Paris,oil on canvas,60.33 x 45.72 cm,2015년 11월 6일,Brunk Auctions • Asheville,Auction,Lot 269,"US$7,500","US$3,000–US$5,000 (est)",/auction-result/5492982
미셸 들라크루아,michel-delacroix,Les Dragons,oil on canvas,59.69 x 71.76 cm,2015년 10월 29일,Shannon's Fine Art Auctioneers • Milford,"Fine American and European Paintings, Drawings, Prints and Sculpture",Lot 117,"US$12,000","US$10,000–US$15,000 (est)",/auction-result/4513499
미셸 들라크루아,michel-delacroix,Winter French Village,lithograph,53.34 x 62.23 cm,2015년 7월 26일,Burchard Galleries • St. Petersburg,"Estate Antiques, Fine Art & Jewelry Auction",Lot 1378,US$125,US$300–US$500 (est),/auction-result/1933021
미셸 들라크루아,michel-delacroix,"Winter - Hotel de la Comete, 1970",lithograph,58.42 x 67.31 cm,2015년 6월 24일,RoGallery.com • New York,June Modern & Contemporary Art Warehouse Sale,Lot 1139,Bought In,US$400–US$500 (est),/auction-result/4046234
미셸 들라크루아,michel-delacroix,Metropolitan,lithograph,47.29 x 56.52 cm,2015년 6월 13일,Michaan's Auctions • Alameda,Estate Auction,Lot 325,Bought In,US$300–US$500 (est),/auction-result/3121634
미셸 들라크루아,michel-delacroix,"Sunset Outside of Paris, 1979",gouache on paper,34.29 x 47.63 cm,2015년 5월 30일,Clars Auction Gallery • Oakland,Fine Art and Antiques,Lot 6345,US$793,"US$1,000–US$2,000 (est)",/auction-result/4197289
미셸 들라크루아,michel-delacroix,A Trois Jours de Noel,oil on canvas,53.98 x 64.77 cm,2015년 4월 23일,Shannon's Fine Art Auctioneers • Milford,"Fine American and European Paintings, Drawings, Prints and Sculpture",Lot 186,"US$15,600","US$10,000–US$15,000 (est)",/auction-result/5373958
미셸 들라크루아,michel-delacroix,Nuit Decembre,lithograph,50.8 x 66.04 cm,2015년 1월 22일,RoGallery.com • New York,January Modern and Contemporary Art,Lot 455,Bought In,"US$1,200–US$1,500 (est)",/auction-result/4247385
미셸 들라크루아,michel-delacroix,Paris,gouache on heavy paper,46.36 x 31.75 cm,2014년 12월 12일,"Charlton Hall Galleries • Inc., Columbia","Important Estates, Museum Vaults at Auction",Lot 175,Bought In,"US$1,000–US$2,000 (est)",/auction-result/1955899
미셸 들라크루아,michel-delacroix,Le metro,lithograph,48.26 x 55.88 cm,2014년 11월 20일,RoGallery.com • New York,November Modern & Contemporary Auction,Lot 462,Bought In,"US$900–US$1,200 (est)",/auction-result/4167329
미셸 들라크루아,michel-delacroix,Paris street scene,lithograph,55.88 x 76.2 cm,2014년 10월 23일,RoGallery.com • New York,Autumn Fine Art Auction,Lot 390,Bought In,US$700–US$900 (est),/auction-result/4210561
