Artist,Title,Year,Medium (EN),Width (cm),Height (cm),ho,has_price_data,actual_krw,predicted_krw,ape,ratio
GEONYUL JANG,Portrait of Mountains and Clouds7,,Oil on paper,31.0,41.0,6,False,700000,2003539.6918563866,1.862199559794838,2.862199559794838
GEONYUL JANG,0531 1840 1901,,Oil on paper,23.0,16.0,1,False,300000,1274141.0840702811,3.247136946900937,4.2471369469009375
GEONYUL JANG,Pieces,,Oil on canvas,91.0,116.8,50,False,4000000,10672759.830907946,1.6681899577269865,2.6681899577269865
GEONYUL JANG,0521 1327 1341,,Oil on paper,23.0,16.0,1,False,300000,1274141.0840702811,3.247136946900937,4.2471369469009375
GEONYUL JANG,Clouds 2,,Oil on canvas,45.5,53.0,10,False,1000000,2229350.8887684494,1.2293508887684494,2.2293508887684492
GEONYUL JANG,0511 1646 1702,,Oil on paper,23.0,16.0,1,False,300000,1274141.0840702811,3.247136946900937,4.2471369469009375
GEONYUL JANG,Portrait of Mountains and Clouds4,,Oil on paper,31.0,41.0,6,False,700000,2003539.6918563866,1.862199559794838,2.862199559794838
GEONYUL JANG,0504 1834 1857,,Oil on paper,23.0,16.0,1,False,300000,1274141.0840702811,3.247136946900937,4.2471369469009375
GEONYUL JANG,0530 1812 1832,,Oil on paper,23.0,16.0,1,False,300000,1274141.0840702811,3.247136946900937,4.2471369469009375
GEONYUL JANG,Portrait of Mountains and Clouds5,,Oil on paper,31.0,41.0,6,False,700000,2003539.6918563866,1.862199559794838,2.862199559794838
GEONYUL JANG,Nightscape2,,Oil on paper,31.0,41.0,6,False,700000,2003539.6918563866,1.862199559794838,2.862199559794838
GEONYUL JANG,0511-0512,,Oil on canvas,45.5,53.0,10,False,1000000,2229350.8887684494,1.2293508887684494,2.2293508887684492
GEONYUL JANG,Flower Study 4,,Oil on paper,31.0,41.0,6,False,700000,2003539.6918563866,1.862199559794838,2.862199559794838
GEONYUL JANG,0516 1927 1939,,Oil on paper,23.0,15.0,1,False,300000,1347488.4510056905,3.491628170018968,4.491628170018968
GEONYUL JANG,Cloud portrait 10,,Oil on paper,30.0,40.0,5,False,700000,1791989.2153201015,1.5599845933144307,2.5599845933144305
GEONYUL JANG,Cloud Portrait 7,,Oil on paper,30.0,40.0,5,False,700000,1791989.2153201015,1.5599845933144307,2.5599845933144305
GEONYUL JANG,0514 1832 1847,,Oil on paper,23.0,16.0,1,False,300000,1274141.0840702811,3.247136946900937,4.2471369469009375
GEONYUL JANG,Cloud Portrait 4,,Oil on paper,30.0,40.0,5,False,700000,1791989.2153201015,1.5599845933144307,2.5599845933144305
GEONYUL JANG,Nightscape,,Oil on paper,41.0,31.0,6,False,700000,2003539.6918563866,1.862199559794838,2.862199559794838
GEONYUL JANG,0522 1510 1528,,Oil on paper,23.0,16.0,1,False,300000,1274141.0840702811,3.247136946900937,4.2471369469009375
GEONYUL JANG,Cloud Portrait 13,,Oil on paper,30.0,40.0,5,False,700000,1791989.2153201015,1.5599845933144307,2.5599845933144305
GEONYUL JANG,Cloud Portrait 6,,Oil on paper,30.0,40.0,5,False,700000,1791989.2153201015,1.5599845933144307,2.5599845933144305
GEONYUL JANG,0501 1846 1907,,Oil on paper,23.0,16.0,1,False,300000,1274141.0840702811,3.247136946900937,4.2471369469009375
GEONYUL JANG,0427 1830 1847,,Oil on paper,23.0,16.0,1,False,300000,1274141.0840702811,3.247136946900937,4.2471369469009375
GEONYUL JANG,Flowers 1,,Oil on paper,41.0,31.0,6,False,700000,2003539.6918563866,1.862199559794838,2.862199559794838
GEONYUL JANG,0518 0926 0938,,Oil on paper,23.0,16.0,1,False,300000,1274141.0840702811,3.247136946900937,4.2471369469009375
GEONYUL JANG,0512 1847 1913,,Oil on paper,23.0,16.0,1,False,300000,1274141.0840702811,3.247136946900937,4.2471369469009375
GEONYUL JANG,Flower Study 5,,Oil on paper,31.0,41.0,6,False,700000,2003539.6918563866,1.862199559794838,2.862199559794838
GEONYUL JANG,Cloud Portrait 3,,Oil on paper,30.0,40.0,5,False,700000,1791989.2153201015,1.5599845933144307,2.5599845933144305
GEONYUL JANG,0527 0918 0931,,Oil on paper,23.0,16.0,1,False,300000,1274141.0840702811,3.247136946900937,4.2471369469009375
GEONYUL JANG,0518 1052 1103,,Oil on paper,23.0,16.0,1,False,300000,1274141.0840702811,3.247136946900937,4.2471369469009375
GEONYUL JANG,Tree,,Oil on canvas,130.0,162.0,100,False,8500000,20446360.861448687,1.4054542189939632,2.405454218993963
GEONYUL JANG,0524 0903 0921,,Oil on paper,23.0,16.0,1,False,300000,1274141.0840702811,3.247136946900937,4.2471369469009375
GEONYUL JANG,Flower Study 1,,Oil on paper,31.0,41.0,6,False,700000,2003539.6918563866,1.862199559794838,2.862199559794838
GEONYUL JANG,A Found Flower2,,Oil on paper,31.0,41.0,6,False,700000,2003539.6918563866,1.862199559794838,2.862199559794838
GEONYUL JANG,0514 1917 1929,,Oil on paper,23.0,16.0,1,False,300000,1274141.0840702811,3.247136946900937,4.2471369469009375
GEONYUL JANG,A Scene Outside the Window,,Oil on paper,31.0,41.0,6,False,700000,2003539.6918563866,1.862199559794838,2.862199559794838
GEONYUL JANG,0527 1029 1047,,Oil on paper,23.0,16.0,1,False,300000,1274141.0840702811,3.247136946900937,4.2471369469009375
GEONYUL JANG,0522 1126 1141,,Oil on paper,23.0,16.0,1,False,300000,1274141.0840702811,3.247136946900937,4.2471369469009375
GEONYUL JANG,Cloud Portrait 15,,Oil on paper,31.0,41.0,6,False,700000,2003539.6918563866,1.862199559794838,2.862199559794838
GEONYUL JANG,0515 1815 1830,,Oil on paper,23.0,16.0,1,False,300000,1274141.0840702811,3.247136946900937,4.2471369469009375
GEONYUL JANG,0520-0521,,Oil on canvas,45.5,53.0,10,False,1000000,2229350.8887684494,1.2293508887684494,2.2293508887684492
GEONYUL JANG,0525 0945 1000,,Oil on paper,23.0,16.0,1,False,300000,1274141.0840702811,3.247136946900937,4.2471369469009375
GEONYUL JANG,0526 1013 1032,,Oil on paper,23.0,16.0,1,False,300000,1274141.0840702811,3.247136946900937,4.2471369469009375
GEONYUL JANG,0510-0511,,Oil on canvas,45.5,53.0,10,False,1000000,2229350.8887684494,1.2293508887684494,2.2293508887684492
GEONYUL JANG,0522 1441 1457,,Oil on paper,23.0,16.0,1,False,300000,1274141.0840702811,3.247136946900937,4.2471369469009375
GEONYUL JANG,Sunset Landscape,,Oil on paper,31.0,41.0,6,False,700000,2003539.6918563866,1.862199559794838,2.862199559794838
GEONYUL JANG,0528 2311 2334,,Oil on paper,23.0,16.0,1,False,300000,1274141.0840702811,3.247136946900937,4.2471369469009375
GEONYUL JANG,0530 0906 0928,,Oil on paper,23.0,16.0,1,False,300000,1274141.0840702811,3.247136946900937,4.2471369469009375
GEONYUL JANG,0521 0938 0953,,Oil on paper,23.0,16.0,1,False,300000,1274141.0840702811,3.247136946900937,4.2471369469009375
GEONYUL JANG,Flower Study 3,,Oil on paper,31.0,41.0,6,False,700000,2003539.6918563866,1.862199559794838,2.862199559794838
GEONYUL JANG,Flower Study 2,,Oil on paper,31.0,41.0,6,False,700000,2003539.6918563866,1.862199559794838,2.862199559794838
GEONYUL JANG,0511 1022 1040,,Oil on paper,23.0,16.0,1,False,300000,1274141.0840702811,3.247136946900937,4.2471369469009375
GEONYUL JANG,0531 0904 0920,,Oil on paper,23.0,16.0,1,False,300000,1274141.0840702811,3.247136946900937,4.2471369469009375
GEONYUL JANG,0530 1046 1104,,Oil on paper,23.0,16.0,1,False,300000,1274141.0840702811,3.247136946900937,4.2471369469009375
GEONYUL JANG,Portrait of Mountains and Clouds2,,Oil on paper,31.0,41.0,6,False,700000,2003539.6918563866,1.862199559794838,2.862199559794838
GEONYUL JANG,Pieces2,,Oil on canvas,45.5,65.1,12,False,800000,3363490.2276391922,3.2043627845489904,4.20436278454899
GEONYUL JANG,Cloud Portrait 7,,Oil on paper,30.0,40.0,5,False,700000,1791989.2153201015,1.5599845933144307,2.5599845933144305
GEONYUL JANG,0518 1004 1018,,Oil on paper,23.0,16.0,1,False,300000,1274141.0840702811,3.247136946900937,4.2471369469009375
GEONYUL JANG,Cloud Portrait 11,,Oil on paper,30.0,40.0,5,False,700000,1791989.2153201015,1.5599845933144307,2.5599845933144305
GEONYUL JANG,0519 1847 1900,,Oil on paper,23.0,16.0,1,False,300000,1274141.0840702811,3.247136946900937,4.2471369469009375
GEONYUL JANG,Portrait of Mountains and Clouds3,,Oil on paper,31.0,41.0,6,False,700000,2003539.6918563866,1.862199559794838,2.862199559794838
GEONYUL JANG,0526 1709 1727,,Oil on paper,23.0,16.0,1,False,300000,1274141.0840702811,3.247136946900937,4.2471369469009375
GEONYUL JANG,Clouds 1,,Oil on canvas,45.5,53.0,10,False,800000,2229350.8887684494,1.7866886109605618,2.786688610960562
GEONYUL JANG,Nightscape 3,,Oil on paper,31.0,41.0,6,False,700000,2003539.6918563866,1.862199559794838,2.862199559794838
GEONYUL JANG,Flowers 2,,Oil on paper,31.0,41.0,6,False,700000,2003539.6918563866,1.862199559794838,2.862199559794838
GEONYUL JANG,Flower Study 7,,Oil on paper,31.0,41.0,6,False,700000,2003539.6918563866,1.862199559794838,2.862199559794838
GEONYUL JANG,0515 1800 1806,,Oil on paper,23.0,16.0,1,False,300000,1274141.0840702811,3.247136946900937,4.2471369469009375
GEONYUL JANG,0508 1903 1918,,Oil on paper,23.0,16.0,1,False,300000,1274141.0840702811,3.247136946900937,4.2471369469009375
GEONYUL JANG,Paddy Fields and Swallows,,Oil on paper,31.0,41.0,6,False,700000,2003539.6918563866,1.862199559794838,2.862199559794838
GEONYUL JANG,Nightscape 4,,Oil on paper,31.0,41.0,6,False,700000,2003539.6918563866,1.862199559794838,2.862199559794838
GEONYUL JANG,0503 1418 1434,,Oil on paper,23.0,16.0,1,False,300000,1274141.0840702811,3.247136946900937,4.2471369469009375
GEONYUL JANG,Flower 1,,Oil on paper,31.0,41.0,6,False,700000,2003539.6918563866,1.862199559794838,2.862199559794838
GEONYUL JANG,Cloud Portrait 1,,Oil on paper,30.0,40.0,5,False,700000,1791989.2153201015,1.5599845933144307,2.5599845933144305
GEONYUL JANG,Birds and Clouds 2,,Oil on paper,31.0,41.0,6,False,700000,2003539.6918563866,1.862199559794838,2.862199559794838
GEONYUL JANG,Cloud Portrait 12,,Oil on paper,30.0,40.0,5,False,700000,1791989.2153201015,1.5599845933144307,2.5599845933144305
GEONYUL JANG,Portrait of Mountains and Clouds 1,,Oil on paper,31.0,41.0,6,False,700000,2003539.6918563866,1.862199559794838,2.862199559794838
GEONYUL JANG,Iris,,Oil on canvas,45.5,53.6,10,False,800000,2292299.6318884045,1.8653745398605057,2.8653745398605057
GEONYUL JANG,A Found Flower1,,Oil on paper,31.0,41.0,6,False,700000,2003539.6918563866,1.862199559794838,2.862199559794838
GEONYUL JANG,The Way Back,,Oil on paper,41.0,31.0,6,False,700000,2003539.6918563866,1.862199559794838,2.862199559794838
GEONYUL JANG,0506 1022 1039,,Oil on paper,23.0,16.0,1,False,300000,1274141.0840702811,3.247136946900937,4.2471369469009375
GEONYUL JANG,Paddy Fields and Trees,,Oil on canvas,45.5,53.0,10,False,800000,2229350.8887684494,1.7866886109605618,2.786688610960562
GEONYUL JANG,0529 1721 1746,,Oil on paper,23.0,16.0,1,False,300000,1274141.0840702811,3.247136946900937,4.2471369469009375
GEONYUL JANG,Flowers 4,,Oil on paper,31.0,41.0,6,False,700000,2003539.6918563866,1.862199559794838,2.862199559794838
GEONYUL JANG,0507 1520 1544,,Oil on paper,23.0,16.0,1,False,300000,1274141.0840702811,3.247136946900937,4.2471369469009375
GEONYUL JANG,0511 1459 1512,,Oil on paper,23.0,16.0,1,False,300000,1274141.0840702811,3.247136946900937,4.2471369469009375
GEONYUL JANG,0515 1315 1330,,Oil on paper,23.0,16.0,1,False,300000,1274141.0840702811,3.247136946900937,4.2471369469009375
GEONYUL JANG,0530 1856 1914,,Oil on paper,23.0,16.0,1,False,300000,1274141.0840702811,3.247136946900937,4.2471369469009375
GEONYUL JANG,0517 0942 0952,,Oil on paper,23.0,16.0,1,False,300000,1274141.0840702811,3.247136946900937,4.2471369469009375
GEONYUL JANG,0530 1005 1018,,Oil on paper,23.0,16.0,1,False,300000,1274141.0840702811,3.247136946900937,4.2471369469009375
GEONYUL JANG,Cloud Portrait 2,,Oil on paper,30.0,40.2,5,False,700000,1785132.8311761713,1.550189758823102,2.5501897588231017
GEONYUL JANG,Portrait of Mountains and Clouds6,,Oil on paper,31.0,41.0,6,False,700000,2003539.6918563866,1.862199559794838,2.862199559794838
GEONYUL JANG,0506 1808 1827,,Oil on paper,23.0,16.0,1,False,300000,1274141.0840702811,3.247136946900937,4.2471369469009375
GEONYUL JANG,0525 1020 1035,,Oil on paper,23.0,16.0,1,False,300000,1274141.0840702811,3.247136946900937,4.2471369469009375
GEONYUL JANG,0519 1902 1920,,Oil on paper,23.0,16.0,1,False,300000,1274141.0840702811,3.247136946900937,4.2471369469009375
GEONYUL JANG,0503 1730 1745,,Oil on paper,23.0,16.0,1,False,300000,1274141.0840702811,3.247136946900937,4.2471369469009375
GEONYUL JANG,Daytime Landscape,,Oil on paper,31.0,41.0,6,False,700000,2003539.6918563866,1.862199559794838,2.862199559794838
GEONYUL JANG,Flower 2,,Oil on paper,31.0,41.0,6,False,700000,2003539.6918563866,1.862199559794838,2.862199559794838
GEONYUL JANG,0524 1354 1411,,Oil on paper,23.0,16.0,1,False,300000,1274141.0840702811,3.247136946900937,4.2471369469009375
GEONYUL JANG,0513-0514,,Oil on canvas,45.5,53.0,10,False,1000000,2229350.8887684494,1.2293508887684494,2.2293508887684492
GEONYUL JANG,0526 1057 1112,,Oil on paper,23.0,16.0,1,False,300000,1274141.0840702811,3.247136946900937,4.2471369469009375
GEONYUL JANG,0514 1851 1902,,Oil on paper,23.0,16.0,1,False,300000,1274141.0840702811,3.247136946900937,4.2471369469009375
GEONYUL JANG,0525 0856 0915,,Oil on paper,23.0,16.0,1,False,300000,1274141.0840702811,3.247136946900937,4.2471369469009375
GEONYUL JANG,0529 1944 1957,,Oil on paper,23.0,16.0,1,False,300000,1274141.0840702811,3.247136946900937,4.2471369469009375
GEONYUL JANG,0520 1855 1912,,Oil on paper,23.0,16.0,1,False,300000,1274141.0840702811,3.247136946900937,4.2471369469009375
GEONYUL JANG,Flower Study 6,,Oil on paper,31.0,41.0,6,False,700000,2003539.6918563866,1.862199559794838,2.862199559794838
GEONYUL JANG,Flowers with Nishimura,,Oil on paper,41.0,31.0,6,False,700000,2003539.6918563866,1.862199559794838,2.862199559794838
GEONYUL JANG,0531 1906 1926,,Oil on paper,23.0,16.0,1,False,300000,1274141.0840702811,3.247136946900937,4.2471369469009375
Soyeong Kim,The End of One’s Gaze 2,2024.0,Acrylic on Jangji mounted on wood panel,60.6,72.2,20,True,1700000,2211246.5476657874,0.30073326333281614,1.3007332633328161
Kim Hongbin,Singularity Reborn 25-07-128,2025.0,Painting,41.0,53.0,10,True,1800000,1535295.0436937397,0.1470583090590335,0.8529416909409665
Kim Hongbin,Unfinished Scaffolding 25-00-154,2025.0,Painting,16.0,110.0,8,True,800000,1216038.9255169488,0.520048656896186,1.520048656896186
Kim Hongbin,Singularity Reborn 25-07-139,2025.0,Painting,41.0,53.0,10,True,1800000,1535295.0436937397,0.1470583090590335,0.8529416909409665
Kim Hongbin,Singularity Reborn 25-07-143,2025.0,Painting,41.0,53.0,10,True,1800000,1535295.0436937397,0.1470583090590335,0.8529416909409665
Kim Hongbin,Urban Palimpsest 25-08-152,2025.0,Painting,130.3,130.3,80,True,8000000,7818830.250266768,0.022646218716653996,0.977353781283346
Kim Hongbin,Urban Palimpsest 25-08-118,2025.0,Painting,80.0,116.8,50,True,5000000,4687713.5848956,0.06245728302088007,0.93754271697912
Kim Hongbin,Urban Palimpsest 25-08-119,2025.0,Painting,80.0,116.8,50,True,5000000,4687713.5848956,0.06245728302088007,0.93754271697912
Kim Hongbin,Singularity Reborn 25-07-148,2025.0,Painting,41.0,53.0,10,True,1800000,1535295.0436937397,0.1470583090590335,0.8529416909409665
Kim Hongbin,Singularity Reborn 25-07-136,2025.0,Painting,41.0,53.0,10,True,1800000,1535295.0436937397,0.1470583090590335,0.8529416909409665
Kim Hongbin,Singularity Reborn 25-07-127,2025.0,Painting,41.0,53.0,10,True,1800000,1535295.0436937397,0.1470583090590335,0.8529416909409665
Kim Hongbin,Urban Palimpsest 25-08-114,2025.0,Painting,80.0,116.8,50,True,5000000,4687713.5848956,0.06245728302088007,0.93754271697912
Kim Hongbin,Urban Palimpsest 25-08-107,2025.0,Painting,22.9,30.5,3,True,1300000,900188.5977098779,0.3075472325308632,0.6924527674691369
Kim Hongbin,Urban Palimpsest 25-08-105,2025.0,Painting,22.9,30.5,3,True,1300000,900188.5977098779,0.3075472325308632,0.6924527674691369
Kim Hongbin,Singularity Reborn 25-07-125,2025.0,Painting,41.0,53.0,10,True,1800000,1535295.0436937397,0.1470583090590335,0.8529416909409665
Kim Hongbin,Singularity Reborn 25-07-122,,Painting,41.0,53.0,10,True,1800000,1494867.8561443118,0.16951785769760452,0.8304821423023955
Kim Hongbin,Singularity Reborn 25-07-146,2025.0,Painting,41.0,53.0,10,True,1800000,1535295.0436937397,0.1470583090590335,0.8529416909409665
Kim Hongbin,Urban Palimpsest 25-08-117,2025.0,Painting,80.0,116.8,50,True,5000000,4687713.5848956,0.06245728302088007,0.93754271697912
Kim Hongbin,Urban Palimpsest 25-08-153,2025.0,Painting,130.3,130.3,80,True,8000000,7818830.250266768,0.022646218716653996,0.977353781283346
Kim Hongbin,Singularity Reborn 25-07-134,2025.0,Painting,41.0,53.0,10,True,1800000,1535295.0436937397,0.1470583090590335,0.8529416909409665
Kim Hongbin,Urban Palimpsest 25-08-157,2025.0,Painting,80.0,116.8,50,True,5000000,4687713.5848956,0.06245728302088007,0.93754271697912
Kim Hongbin,Unfinished Scaffolding 25-00-155,2025.0,Painting,16.0,110.0,8,True,800000,1216038.9255169488,0.520048656896186,1.520048656896186
Kim Hongbin,Singularity Reborn 25-07-131,2025.0,Painting,41.0,53.0,10,True,1800000,1535295.0436937397,0.1470583090590335,0.8529416909409665
Kim Hongbin,Singularity Reborn 25-07-126,2025.0,Painting,41.0,53.0,10,True,1800000,1535295.0436937397,0.1470583090590335,0.8529416909409665
Kim Hongbin,Rosso Protocol,2026.0,Painting,60.6,60.6,15,False,2000000,3739580.826936678,0.869790413468339,1.869790413468339
Kim Hongbin,Singularity Reborn 25-07-129,2025.0,Painting,41.0,53.0,10,True,1800000,1535295.0436937397,0.1470583090590335,0.8529416909409665
Kim Hongbin,Singularity Reborn 25-07-130,2025.0,Painting,41.0,53.0,10,True,1800000,1535295.0436937397,0.1470583090590335,0.8529416909409665
Kim Hongbin,Singularity Reborn 25-07-124,2025.0,Painting,41.0,53.0,10,True,1800000,1535295.0436937397,0.1470583090590335,0.8529416909409665
Kim Hongbin,Singularity Reborn 25-07-141,2024.0,Painting,41.0,53.0,10,True,1800000,1541092.3672336403,0.14383757375908873,0.8561624262409113
Kim Hongbin,Singularity Reborn 25-07-147,2025.0,Painting,41.0,53.0,10,True,1800000,1535295.0436937397,0.1470583090590335,0.8529416909409665
Kim Hongbin,Singularity Reborn 25-07-149,2025.0,Painting,41.0,53.0,10,True,1800000,1535295.0436937397,0.1470583090590335,0.8529416909409665
Kim Hongbin,Singularity Reborn 25-07-121,2025.0,Painting,41.0,53.0,10,True,1800000,1535295.0436937397,0.1470583090590335,0.8529416909409665
Kim Hongbin,MAYFLY 25-01-116,2025.0,Painting,60.0,77.5,20,True,2000000,3594523.7537163575,0.7972618768581787,1.7972618768581787
Kim Hongbin,Singularity Reborn 25-07-138,2025.0,Painting,41.0,53.0,10,True,1800000,1535295.0436937397,0.1470583090590335,0.8529416909409665
Kim Hongbin,Unfinished Scaffolding 25-00-156,2025.0,Painting,16.0,110.0,8,True,800000,1216038.9255169488,0.520048656896186,1.520048656896186
Kim Hongbin,Singularity Reborn 25-07-123,2025.0,Painting,41.0,53.0,10,True,1800000,1535295.0436937397,0.1470583090590335,0.8529416909409665
Kim Hongbin,Urban Palimpsest 25-08-151,2025.0,Painting,130.3,130.3,80,True,8000000,7818830.250266768,0.022646218716653996,0.977353781283346
Kim Hongbin,Urban Palimpsest 25-08-11,2025.0,Painting,22.8,30.4,3,True,1500000,886825.1343395378,0.40878324377364145,0.5912167562263585
Kim Hongbin,Singularity Reborn 25-07-132,2025.0,Painting,41.0,53.0,10,True,1800000,1535295.0436937397,0.1470583090590335,0.8529416909409665
Kim Hongbin,Giallo Ignition,2026.0,Painting,60.6,60.6,15,False,200000,3739580.826936678,17.69790413468339,18.69790413468339
Kim Hongbin,Singularity Reborn 25-07-145,2025.0,Painting,41.0,53.0,10,True,1800000,1535295.0436937397,0.1470583090590335,0.8529416909409665
Kim Hongbin,Singularity Reborn 25-07-111,2025.0,Painting,41.0,53.0,10,True,1800000,1535295.0436937397,0.1470583090590335,0.8529416909409665
Kim Hongbin,Singularity Reborn 25-07-137,2025.0,Painting,41.0,53.0,10,True,1800000,1535295.0436937397,0.1470583090590335,0.8529416909409665
Kim Hongbin,Singularity Reborn 25-07-150,2025.0,Painting,41.0,53.0,10,True,1800000,1535295.0436937397,0.1470583090590335,0.8529416909409665
Kim Hongbin,Urban Palimpsest 25-08-113,2025.0,Painting,112.1,145.5,80,True,8000000,7950711.749031925,0.006161031371009419,0.9938389686289906
Kim Hongbin,Singularity Reborn 25-07-144,2025.0,Painting,41.0,53.0,10,True,1800000,1535295.0436937397,0.1470583090590335,0.8529416909409665
Kim Hongbin,Singularity Reborn 25-07-140,2025.0,Painting,41.0,53.0,10,True,1800000,1535295.0436937397,0.1470583090590335,0.8529416909409665
Kim Hongbin,Singularity Reborn 25-07-133,2025.0,Painting,41.0,53.0,10,True,1800000,1535295.0436937397,0.1470583090590335,0.8529416909409665
Kim Hongbin,Singularity Reborn 25-07-158,2025.0,Painting,65.0,65.0,20,True,1500000,2148202.537096837,0.4321350247312247,1.4321350247312248
Kim Hongbin,Singularity Reborn 25-07-135,2025.0,Painting,41.0,53.0,10,True,1800000,1535295.0436937397,0.1470583090590335,0.8529416909409665
Kim Hongbin,Singularity Reborn 25-07-142,2025.0,Painting,41.0,53.0,10,True,1800000,1535295.0436937397,0.1470583090590335,0.8529416909409665
Seokyoung Lee,Vacuum and Bubbles,2024.0,oil on paper,24.0,32.0,3,False,578500,1491231.170809087,1.577754832859269,2.577754832859269
Seokyoung Lee,The Water Can Gaze at the Vast Sky,2024.0,oil on paper,24.0,32.0,3,False,472000,1471307.6529690467,2.1171772308666243,3.1171772308666243
Seokyoung Lee,Water stream,2024.0,Oil on canvas,91.0,116.8,50,False,3988500,11632442.743383626,1.9164956107267457,2.916495610726746
Seokyoung Lee,The Rain of the Bubble Island,2024.0,oil on paper,24.0,32.0,3,False,472000,1491231.170809087,2.1593880737480657,3.1593880737480657
Seokyoung Lee,The Body of Permanence and the Outside,2023.0,Oil on canvas,50.0,65.1,15,False,806900,3917168.2922229874,3.854589530577503,4.8545895305775035
Seokyoung Lee,The Flowing Tree,2024.0,Oil on canvas,50.0,50.0,10,False,806900,2914525.737969187,2.612003641057364,3.612003641057364
Seokyoung Lee,The Gesture of the Bubble,2024.0,Oil on canvas,50.0,65.1,15,False,806900,3921118.945368992,3.8594856182538013,4.859485618253801
Seokyoung Lee,The Expression of Watching,2024.0,oil on paper,24.0,32.0,3,False,472000,1471307.6529690467,2.1171772308666243,3.1171772308666243
Seokyoung Lee,Movement of Water,2024.0,oil on paper,24.0,32.0,3,False,578500,1471307.6529690467,1.543314871165163,2.5433148711651627
Seokyoung Lee,Movement of Water,2024.0,oil on paper,24.0,32.0,3,False,578500,1491231.170809087,1.577754832859269,2.577754832859269
Seokyoung Lee,Wandering Bubbles,2024.0,oil on paper,24.0,32.0,3,False,472000,1491231.170809087,2.1593880737480657,3.1593880737480657
Seokyoung Lee,Reading Lightness Floating,2024.0,oil on paper,24.0,32.0,3,False,472000,1471307.6529690467,2.1171772308666243,3.1171772308666243
Seokyoung Lee,Movements on the Surface,2024.0,oil on paper,24.0,32.0,3,False,472000,1471307.6529690467,2.1171772308666243,3.1171772308666243
Seokyoung Lee,Water unbound,2024.0,Oil on canvas,91.0,116.8,50,False,3988500,11632442.743383626,1.9164956107267457,2.916495610726746
Seokyoung Lee,Movement of Water,2024.0,oil on paper,24.0,32.0,3,False,472000,1471307.6529690467,2.1171772308666243,3.1171772308666243
Seokyoung Lee,The Place Where It Grows,2024.0,Oil on canvas,31.8,40.9,6,False,578500,2464985.8575230506,3.260995432191963,4.260995432191963
Seokyoung Lee,Color in Motion,2024.0,oil on paper,18.0,24.0,1,False,472000,1351070.713213235,1.8624379517229552,2.8624379517229555
Seokyoung Lee,Water Reflection,2024.0,oil on paper,24.0,32.0,3,False,472000,1491231.170809087,2.1593880737480657,3.1593880737480657
Seokyoung Lee,Clustered Flower,2024.0,Oil on canvas,53.0,40.9,10,False,746000,3235897.6409617895,3.337664398072104,4.337664398072104
Seokyoung Lee,Vacuum and Bubbles,2024.0,oil on paper,24.0,32.0,3,False,472000,1471307.6529690467,2.1171772308666243,3.1171772308666243
Seokyoung Lee,Shaping,2024.0,Oil on canvas,27.3,27.3,3,False,456700,1393342.7355481521,2.050892786398406,3.050892786398406
Seokyoung Lee,A Walk in the Air,2024.0,oil on paper,24.0,32.0,3,False,472000,1471307.6529690467,2.1171772308666243,3.1171772308666243
Seokyoung Lee,The Act of Collecting Softness,2024.0,oil on paper,24.0,32.0,3,False,472000,1471307.6529690467,2.1171772308666243,3.1171772308666243
Seokyoung Lee,Water mirror,2024.0,Oil on canvas,91.0,116.8,50,False,3988500,11632442.743383626,1.9164956107267457,2.916495610726746
Seokyoung Lee,The Fruit Following the Roots,2024.0,Oil on canvas,31.8,40.9,6,False,578500,2464985.8575230506,3.260995432191963,4.260995432191963
Seokyoung Lee,Water Reflection,2024.0,oil on paper,24.0,32.0,3,False,472000,1471307.6529690467,2.1171772308666243,3.1171772308666243
Seokyoung Lee,Persistent Grass,2024.0,oil on paper,24.0,34.0,3,False,472000,1486615.0521283748,2.1496081612889295,3.1496081612889295
Seokyoung Lee,To Bear Seeds,2024.0,Oil on canvas,50.0,65.1,15,False,806900,3921118.945368992,3.8594856182538013,4.859485618253801
Seokyoung Lee,The Root Seeking the Ground,2024.0,Oil on canvas,24.2,33.4,3,False,517600,1738046.1623400648,2.357894440378796,3.357894440378796
Seokyoung Lee,A Stream Touching the Surface,2024.0,oil on paper,24.0,34.0,3,False,472000,1486615.0521283748,2.1496081612889295,3.1496081612889295
Seokyoung Lee,Connecting Water,2024.0,oil on paper,24.0,32.0,3,False,472000,1471307.6529690467,2.1171772308666243,3.1171772308666243
Seokyoung Lee,The White Breath of the Tree,2024.0,Oil on canvas,50.0,65.1,15,False,806900,3921118.945368992,3.8594856182538013,4.859485618253801
Seokyoung Lee,The Place Made by Bubbles,2024.0,oil on paper,24.0,32.0,3,False,472000,1491231.170809087,2.1593880737480657,3.1593880737480657
Seokyoung Lee,Water Reflection,2024.0,oil on paper,24.0,32.0,3,False,472000,1471307.6529690467,2.1171772308666243,3.1171772308666243
Seokyoung Lee,A Landscape Unfolding Through a Stream,2024.0,oil on paper,24.0,32.0,3,False,472000,1491231.170809087,2.1593880737480657,3.1593880737480657
Seokyoung Lee,The White Breath of the Tree,2024.0,Oil on canvas,130.3,162.2,100,False,7398500,21149335.218336347,1.8585977182315805,2.8585977182315805
Seokyoung Lee,Water Mist,2024.0,oil on paper,24.0,32.0,3,False,472000,1471307.6529690467,2.1171772308666243,3.1171772308666243
Seokyoung Lee,The Bubble Softens,2024.0,Oil on canvas,50.0,65.1,15,False,806900,3921118.945368992,3.8594856182538013,4.859485618253801
Seokyoung Lee,A Flowing Piece,2024.0,oil on paper,24.0,32.0,3,False,472000,1471307.6529690467,2.1171772308666243,3.1171772308666243
Seokyoung Lee,The Body of Permanence,2024.0,Oil on canvas,50.0,65.1,15,False,806900,3921118.945368992,3.8594856182538013,4.859485618253801
Seokyoung Lee,Tender Grass,2024.0,oil on paper,24.0,34.0,3,False,472000,1486615.0521283748,2.1496081612889295,3.1496081612889295
Seokyoung Lee,Cluster of Flowers in the Water,2024.0,oil on paper,24.0,32.0,3,False,472000,1471307.6529690467,2.1171772308666243,3.1171772308666243
Seokyoung Lee,Deep Tree,2024.0,oil on paper,24.0,32.0,3,False,472000,1471307.6529690467,2.1171772308666243,3.1171772308666243
Seokyoung Lee,Writing Lightness Floating,2024.0,oil on paper,24.0,32.0,3,False,472000,1471307.6529690467,2.1171772308666243,3.1171772308666243
Seokyoung Lee,Water Mist 2,2024.0,oil on paper,24.0,32.0,3,False,472000,1491231.170809087,2.1593880737480657,3.1593880737480657
Seokyoung Lee,Clustered Flower,2024.0,Oil on canvas,53.0,40.9,10,False,746000,3235897.6409617895,3.337664398072104,4.337664398072104
Seokyoung Lee,The Rain of the Bubble Island,2024.0,oil on paper,24.0,32.0,3,False,472000,1471307.6529690467,2.1171772308666243,3.1171772308666243
Seokyoung Lee,Drawing in the Air,2024.0,oil on paper,18.0,24.0,1,False,578500,1351070.713213235,1.3354722786745634,2.335472278674563
Seokyoung Lee,Clustered Flower and Tree,2024.0,Oil on canvas,31.8,40.9,6,False,578500,2464985.8575230506,3.260995432191963,4.260995432191963
Seokyoung Lee,Trees Looking in the Same Direction,2024.0,oil on paper,24.0,34.0,3,False,472000,1486615.0521283748,2.1496081612889295,3.1496081612889295
Yeonhong Kim,The color of waves : Mint,2021.0,Oil on canvas,65.1,50.0,15,True,1324500,1517623.9498578294,0.14580894666502783,1.1458089466650279
Yeonhong Kim,Refreshing Waves,2024.0,Acrylic on canvas,53.0,65.1,15,True,1324500,1641423.2468519537,0.23927764956734895,1.239277649567349
Yeonhong Kim,Between leaf,2024.0,Acrylic on canvas,22.0,27.3,2,True,481100,483734.0827440352,0.005475125221440805,1.005475125221441
Yeonhong Kim,Softened,,Acrylic on canvas,60.6,60.6,15,True,1674600,1868093.0960700403,0.11554585935151096,1.1155458593515108
Yeonhong Kim,Tails of water 2,2024.0,Acrylic on canvas,53.0,65.1,15,True,1324500,1641423.2468519537,0.23927764956734895,1.239277649567349
Yeonhong Kim,Offing 1,2024.0,Acrylic on canvas,100.0,30.0,12,True,2161700,2677974.9244424882,0.23882820208284603,1.238828202082846
Yeonhong Kim,Our days 2,2024.0,Acrylic on canvas,53.0,40.9,10,True,959100,1147809.9341896088,0.19675730809051067,1.1967573080905107
Yeonhong Kim,A cool and warm island,2024.0,Acrylic on canvas,31.8,31.8,4,True,784000,729940.3640900981,0.06895361723201777,0.9310463827679822
Yeonhong Kim,The Blue Water Gazed Into,2024.0,Acrylic on canvas,130.3,162.2,100,True,6028400,6809417.241474495,0.12955630705900326,1.1295563070590033
Yeonhong Kim,Near,,Acrylic on canvas,34.8,27.3,4,True,715500,754172.001783588,0.05404891933415509,1.0540489193341551
Yeonhong Kim,Softening Stillness,,Acrylic on canvas,50.0,72.7,15,True,1674600,2063627.9240863617,0.2323109543093047,1.2323109543093047
Yeonhong Kim,Edge of Bloom,,Acrylic on canvas,145.5,112.1,80,True,4780100,5603961.401277309,0.17235233599240796,1.172352335992408
Yeonhong Kim,Soft Opening,,Acrylic on canvas,130.3,97.0,60,True,4308200,4261517.02954711,0.010835841059581682,0.9891641589404183
Yeonhong Kim,Sway Notes: glide,2025.0,Acrylic on canvas,53.0,65.1,15,True,1324500,1642077.7074636444,0.23977176856447296,1.239771768564473
Yeonhong Kim,Inward,,Acrylic on canvas,27.3,27.3,3,True,715500,696188.5559485307,0.026990138436714644,0.9730098615632854
Yeonhong Kim,Shimmering waves #2,2024.0,Acrylic on canvas,31.8,31.8,4,True,784000,729940.3640900981,0.06895361723201777,0.9310463827679822
Yeonhong Kim,Our days 3,2024.0,Acrylic on canvas,53.0,40.9,10,True,959100,1147809.9341896088,0.19675730809051067,1.1967573080905107
Yeonhong Kim,The color of waves : Blue,2021.0,Oil on canvas,65.1,50.0,15,True,1324500,1517623.9498578294,0.14580894666502783,1.1458089466650279
Yeonhong Kim,Clear,,Acrylic on canvas,31.8,31.8,4,True,715500,764593.1287388154,0.06861373688164281,1.0686137368816429
Yeonhong Kim,"Embrace, Linger, Absorb: The Texture of Rest",2025.0,Acrylic on canvas,112.0,162.0,80,True,6028400,6659795.590813968,0.10473684407371248,1.1047368440737124
Yeonhong Kim,The Waves of Dawn,2024.0,Acrylic on canvas,72.7,72.7,25,True,2161700,2653660.327291927,0.22758029666092744,1.2275802966609275
Yeonhong Kim,Stardust,,Acrylic on canvas,60.6,60.6,15,True,1674600,1868093.0960700403,0.11554585935151096,1.1155458593515108
Yeonhong Kim,While Pausing for a moment #1,2024.0,Acrylic on canvas,130.3,130.3,80,True,6028400,6417428.960085245,0.06453270520954894,1.064532705209549
Yeonhong Kim,The Door Towards There,2024.0,Acrylic on canvas,130.3,130.3,80,True,6028400,6417428.960085245,0.06453270520954894,1.064532705209549
Yeonhong Kim,Glimpse,,Acrylic on canvas,65.1,50.0,15,True,1309200,1482960.3101477318,0.13272251004256935,1.1327225100425693
Yeonhong Kim,Dawn light on the waves,2024.0,Acrylic on canvas,72.7,72.7,25,True,2161700,2653660.327291927,0.22758029666092744,1.2275802966609275
Yeonhong Kim,Merged Horizons,2024.0,Acrylic on canvas,130.3,130.3,80,True,6028400,6417428.960085245,0.06453270520954894,1.064532705209549
Yeonhong Kim,Wave of Afterglow,2024.0,Acrylic on canvas,100.0,30.0,12,True,2161700,2677974.9244424882,0.23882820208284603,1.238828202082846
Yeonhong Kim,Naturally,,Acrylic on canvas,72.7,53.0,15,True,1674600,1885700.6889616612,0.1260603660346717,1.1260603660346717
Yeonhong Kim,Essence of the Wave,2024.0,Acrylic on canvas,100.0,30.0,12,True,2161700,2677974.9244424882,0.23882820208284603,1.238828202082846
Yeonhong Kim,"Embrace, Dwell, Immerse: The Grain of Welcoming",2025.0,Acrylic on canvas,162.0,162.0,120,True,6028400,7730915.131832593,0.2824157540695032,1.2824157540695031
Yeonhong Kim,Heart Notes,,Acrylic on canvas,116.8,91.0,50,True,3592700,3603574.779024488,0.0030269098517793935,1.0030269098517794
Yeonhong Kim,A Line Brushing Over the Icy Surface,2024.0,Acrylic on canvas,260.6,130.3,150,True,12056800,9884889.062860904,0.18013991582667838,0.8198600841733217
Yeonhong Kim,White River,2024.0,Acrylic on canvas,72.7,72.7,25,True,2161700,2653660.327291927,0.22758029666092744,1.2275802966609275
Yeonhong Kim,A Passing Gleam,,Acrylic on canvas,60.6,72.7,20,True,1674600,1957735.4203785947,0.1690764483330913,1.1690764483330913
Yeonhong Kim,Submerged Field,,Acrylic on canvas,130.3,89.4,60,True,4308200,4528347.555576353,0.051099660084572056,1.0510996600845721
Yeonhong Kim,Offing 2,2024.0,Acrylic on canvas,100.0,30.0,12,True,2161700,2677974.9244424882,0.23882820208284603,1.238828202082846
Yeonhong Kim,Two people walking along the beach,2022.0,Acrylic on cotton fabric,130.5,50.0,30,True,2648900,3122726.189946833,0.1788765864875356,1.1788765864875357
Yeonhong Kim,A romantic place 1,2023.0,Acrylic on cotton fabric,130.0,130.0,80,True,6028400,5967411.50005074,0.010116863504289643,0.9898831364957104
Yeonhong Kim,A Leaf Reflected on the Waves,2024.0,Acrylic on canvas,72.7,72.7,25,True,2161700,2653660.327291927,0.22758029666092744,1.2275802966609275
Yeonhong Kim,Snowy Reflection,2024.0,Acrylic on canvas,72.7,72.7,25,True,2161700,2653660.327291927,0.22758029666092744,1.2275802966609275
Yeonhong Kim,Offing 3,2024.0,Acrylic on canvas,100.0,30.0,12,True,2161700,2677974.9244424882,0.23882820208284603,1.238828202082846
Yeonhong Kim,Offing 4,2024.0,Acrylic on canvas,100.0,30.0,12,True,2161700,2677974.9244424882,0.23882820208284603,1.238828202082846
Yeonhong Kim,Wings Over the Waves,2024.0,Acrylic on canvas,72.7,90.9,40,True,2161700,2953367.413736077,0.36622445933111764,1.3662244593311177
Yeonhong Kim,Our days 5,2024.0,Acrylic on canvas,53.0,40.9,10,True,959100,1147809.9341896088,0.19675730809051067,1.1967573080905107
Yeonhong Kim,Floating in the Dawn Light,2024.0,Acrylic on canvas,72.7,72.7,25,True,2161700,2653660.327291927,0.22758029666092744,1.2275802966609275
Eunju Kim,Wave,2024.0,Oil on canvas,53.0,40.9,10,True,1200000,3738825.610235918,2.1156880085299314,3.1156880085299314
Eunju Kim,Summer Drop,2022.0,Oil on canvas,60.6,72.7,20,True,1400000,5561952.693019336,2.9728233521566687,3.9728233521566687
Eunju Kim,Rainbow Sky,2023.0,Oil on canvas,22.0,27.3,2,True,500000,1862896.4229926255,2.725792845985251,3.725792845985251
Eunju Kim,Lump of Water,2022.0,Oil on canvas,22.7,15.8,1,True,500000,1528022.2146513374,2.0560444293026747,3.0560444293026747
Eunju Kim,Wave,2023.0,Oil on canvas,24.2,33.4,3,True,750000,1946403.6581428975,1.5952048775238634,2.595204877523863
Eunju Kim,Wave,2022.0,Oil on canvas,20.0,20.0,1,True,500000,1893830.4949440202,2.7876609898880402,3.7876609898880402
Eunju Kim,Kobus magnolia,2024.0,Oil on canvas,15.8,22.7,1,True,450000,1439681.6839433878,2.1992926309853065,3.1992926309853065
Eunju Kim,Love,2024.0,Oil on canvas,53.0,40.9,10,True,1000000,3738825.610235918,2.7388256102359176,3.7388256102359176
Eunju Kim,From a far,2024.0,Oil on canvas,37.9,45.5,8,True,1000000,3162659.0830202973,2.1626590830202974,3.1626590830202974
Eunju Kim,Rose,2025.0,Color Pencil on Panel,35.0,35.0,5,True,950000,2620808.9996500113,1.7587463154210645,2.7587463154210647
Eunju Kim,Light,2023.0,Oil on canvas,17.9,25.8,2,True,600000,1766443.160684566,1.9440719344742767,2.9440719344742767
Eunju Kim,Wave,2023.0,Oil on canvas,26.0,18.0,2,True,500000,1785674.168311394,2.5713483366227883,3.5713483366227883
Eunju Kim,Wave,2023.0,Oil on canvas,34.8,27.3,4,True,800000,2241010.587245743,1.8012632340571786,2.8012632340571786
Eunju Kim,Moon,2024.0,Oil on canvas,17.9,25.8,2,True,600000,1695394.0518283502,1.8256567530472503,2.8256567530472503
Eunju Kim,Lily,2023.0,Oil on canvas,27.0,35.0,4,True,840000,2186037.1386433425,1.6024251650515982,2.6024251650515984
Eunju Kim,Light of Sky,2024.0,Oil on canvas,45.5,37.9,8,True,900000,3162659.0830202973,2.5140656478003303,3.5140656478003303
Eunju Kim,Kobus magnolia,2024.0,Oil on canvas,15.8,22.7,1,True,450000,1439681.6839433878,2.1992926309853065,3.1992926309853065
Eunju Kim,Sunset,2024.0,Oil on canvas,24.0,24.0,2,True,720000,1831955.6635470125,1.5443828660375174,2.5443828660375174
Eunju Kim,Star,2023.0,Oil on canvas,15.8,22.0,1,True,500000,1499835.8148397452,1.9996716296794903,2.9996716296794905
Eunju Kim,Wave of Sky,2023.0,Oil on canvas,116.8,80.3,50,True,4800000,15263364.439586239,2.1798675915804666,3.1798675915804666
Eunju Kim,Cloud Wave,2024.0,Oil on canvas,116.8,80.3,50,True,4000000,15300177.923145238,2.8250444807863095,3.8250444807863095
Eunju Kim,Green Wave,2023.0,Oil on canvas,33.4,19.0,3,True,840000,2166844.0465512886,1.5795762458943912,2.579576245894391
Eunju Kim,Wavelength,2023.0,Oil on canvas,35.0,27.0,4,True,720000,2186037.1386433425,2.036162692560198,3.036162692560198
Eunju Kim,Wave,2023.0,Oil on canvas,34.8,27.3,4,True,800000,2241010.587245743,1.8012632340571786,2.8012632340571786
Eunju Kim,Kobus magnolia,2024.0,Oil on canvas,15.8,22.7,1,True,450000,1439681.6839433878,2.1992926309853065,3.1992926309853065
Eunju Kim,Rose,2025.0,Oil on canvas,35.0,35.0,5,True,950000,2462541.1648802757,1.5921485946108165,2.5921485946108165
Eunju Kim,Waterlight,2022.0,Oil on canvas,27.3,27.3,3,True,600000,2085431.9554517327,2.475719925752888,3.475719925752888
Eunju Kim,Shape of Wave,2022.0,Oil on canvas,33.4,53.0,8,True,1000000,3774090.8683774797,2.77409086837748,3.77409086837748
Eunju Kim,Cloud Wave,2024.0,Oil on canvas,116.8,80.3,50,True,4000000,15300177.923145238,2.8250444807863095,3.8250444807863095
Eunju Kim,Wave,2022.0,Oil on canvas,33.4,19.0,3,True,600000,2173854.474554721,2.6230907909245347,3.6230907909245347
Eunju Kim,Wave,2023.0,Oil on canvas,24.2,24.2,2,True,600000,1923984.2311273247,2.206640385212208,3.206640385212208
Eunju Kim,Wave,2023.0,Oil on canvas,18.0,25.5,2,True,600000,1750930.703813332,1.9182178396888865,2.9182178396888867
Eunju Kim,Wavy,2023.0,Oil on canvas,19.0,27.3,2,True,600000,1792904.1715709805,1.9881736192849675,2.9881736192849675
Eunju Kim,Wave,2023.0,Oil on canvas,33.4,21.2,3,True,600000,2004949.395540674,2.3415823259011233,3.3415823259011233
Eunju Kim,Wavy,2023.0,Oil on canvas,60.6,72.7,20,True,2400000,5621105.538398306,1.3421273076659608,2.342127307665961
Eunju Kim,Two Birds,2023.0,Oil on canvas,22.0,27.3,2,True,600000,1862896.4229926255,2.104827371654376,3.104827371654376
Eunju Kim,Moon,2024.0,Oil on canvas,17.9,25.8,2,True,600000,1695394.0518283502,1.8256567530472503,2.8256567530472503
Eunju Kim,Wavelength,2023.0,Oil on canvas,15.0,15.0,0,True,480000,1513240.573883494,2.1525845289239456,3.1525845289239456
Eunju Kim,Lake,2023.0,Oil on canvas,18.0,14.0,0,True,500000,1540598.6270730668,2.0811972541461334,3.0811972541461334
Bac Jungwon,Dance,2016.0,Charcoal on paper,29.0,42.0,5,True,800000,1333204.5100699898,0.6665056375874873,1.6665056375874874
Bac Jungwon,Dance,2016.0,Charcoal on paper,33.0,46.0,6,True,800000,1937549.1991238073,1.4219364989047591,2.421936498904759
Bac Jungwon,Black Wave,2018.0,Oil on canvas,98.0,65.0,30,True,4000000,5060039.664494946,0.2650099161237364,1.2650099161237365
Bac Jungwon,Still life,2017.0,Oil on paper,54.0,79.0,20,True,2000000,3234270.8917199676,0.6171354458599838,1.6171354458599838
Bac Jungwon,Silver Tree Skin,2018.0,Oil on canvas,61.0,89.0,25,True,4000000,4619268.854898468,0.1548172137246169,1.1548172137246169
Bac Jungwon,Girl from Seoul,2019.0,Watercolor on paper,21.0,29.0,2,True,800000,1018630.9419245818,0.2732886774057272,1.2732886774057273
Bac Jungwon,Dance,2016.0,Charcoal on paper,46.0,33.0,6,True,800000,1937549.1991238073,1.4219364989047591,2.421936498904759
Bac Jungwon,Still life,2017.0,Oil on paper,54.0,79.0,20,True,2000000,3234270.8917199676,0.6171354458599838,1.6171354458599838
Bac Jungwon,A Rainforest,2018.0,Oil on canvas,61.0,89.0,25,True,4000000,4619268.854898468,0.1548172137246169,1.1548172137246169
Bac Jungwon,Dance,2016.0,Charcoal on paper,42.0,29.0,5,True,800000,1333204.5100699898,0.6665056375874873,1.6665056375874874
Bac Jungwon,Dance,2016.0,Charcoal on paper,42.0,29.0,5,True,800000,1333204.5100699898,0.6665056375874873,1.6665056375874874
Bac Jungwon,Dance,2016.0,Charcoal on paper,33.0,46.0,6,True,800000,1937549.1991238073,1.4219364989047591,2.421936498904759
Bac Jungwon,Girl from Seoul,2019.0,Watercolor on paper,22.5,30.5,3,True,800000,1006423.705275305,0.2580296315941312,1.2580296315941313
Bac Jungwon,Dance,2016.0,Charcoal on paper,33.0,46.0,6,True,800000,1937549.1991238073,1.4219364989047591,2.421936498904759
Bac Jungwon,Dance,2016.0,Charcoal on paper,33.0,46.0,6,True,800000,1937549.1991238073,1.4219364989047591,2.421936498904759
Bac Jungwon,Still life,2017.0,Watercolor on paper,58.0,110.0,30,True,2500000,5656468.298220631,1.2625873192882522,2.262587319288252
Bac Jungwon,Dance,2016.0,Charcoal on paper,42.0,29.0,5,True,800000,1333204.5100699898,0.6665056375874873,1.6665056375874874
Bac Jungwon,Dance,2016.0,Charcoal on paper,42.0,29.0,5,True,800000,1333204.5100699898,0.6665056375874873,1.6665056375874874
Bac Jungwon,Dance,2016.0,Charcoal on paper,46.0,33.0,6,True,800000,1937549.1991238073,1.4219364989047591,2.421936498904759
Bac Jungwon,Dance,2016.0,Charcoal on paper,42.0,29.0,5,True,800000,1333204.5100699898,0.6665056375874873,1.6665056375874874
Bac Jungwon,Girl from Seoul,2019.0,Watercolor on paper,21.0,29.0,2,True,800000,1018630.9419245818,0.2732886774057272,1.2732886774057273
Bac Jungwon,Dance,2016.0,Charcoal on paper,42.0,29.0,5,True,800000,1333204.5100699898,0.6665056375874873,1.6665056375874874
Bac Jungwon,Dance,2016.0,Charcoal on paper,33.0,46.0,6,True,800000,1937549.1991238073,1.4219364989047591,2.421936498904759
Bac Jungwon,Dance,2016.0,Charcoal on paper,33.0,46.0,6,True,800000,1937549.1991238073,1.4219364989047591,2.421936498904759
Bac Jungwon,A Grape Tree,2018.0,Oil on canvas,61.0,89.0,25,True,4000000,4619268.854898468,0.1548172137246169,1.1548172137246169
Bac Jungwon,Dance,2016.0,Charcoal on paper,46.0,33.0,6,True,800000,1937549.1991238073,1.4219364989047591,2.421936498904759
Bac Jungwon,Still life,2017.0,Watercolor on paper,58.0,110.0,30,True,2500000,5656468.298220631,1.2625873192882522,2.262587319288252
Bac Jungwon,A Rainforest,2018.0,Oil on canvas,61.0,89.0,25,True,4000000,4619268.854898468,0.1548172137246169,1.1548172137246169
Bac Jungwon,Dance,2016.0,Charcoal on paper,46.0,33.0,6,True,800000,1937549.1991238073,1.4219364989047591,2.421936498904759
Bac Jungwon,A Rainforest,2018.0,Oil on canvas,61.0,89.0,25,True,4000000,4619268.854898468,0.1548172137246169,1.1548172137246169
Bac Jungwon,Dance,2016.0,Charcoal on paper,33.0,46.0,6,True,800000,1937549.1991238073,1.4219364989047591,2.421936498904759
Bac Jungwon,Still life,2017.0,Watercolor on paper,58.0,110.0,30,True,2500000,5656468.298220631,1.2625873192882522,2.262587319288252
Bac Jungwon,Dance,2016.0,Charcoal on paper,29.0,42.0,5,True,800000,1333204.5100699898,0.6665056375874873,1.6665056375874874
Bac Jungwon,Lonely flower,2022.0,Waterbased colors on canvas,180.0,116.8,100,True,6000000,10639887.496021155,0.7733145826701926,1.7733145826701926
Bac Jungwon,Anna,2021.0,Charcoal on paper,28.0,36.0,4,True,800000,1295379.3148302238,0.6192241435377798,1.6192241435377797
Bac Jungwon,Dance,2016.0,Charcoal on paper,46.0,33.0,6,True,800000,1937549.1991238073,1.4219364989047591,2.421936498904759
JAMSAN,Rose from the Stars (23),,Oil on canvas,91.0,73.0,40,False,12809900,5943419.088134065,0.536029236127209,0.463970763872791
JAMSAN,Rose from the Stars (04),,Oil on canvas,130.0,160.0,100,False,38429500,19292958.787969947,0.49796487625470154,0.5020351237452985
JAMSAN,Rose from the Stars (10),,Oil on canvas,73.0,100.0,40,False,16605400,7326256.605301384,0.5588027626373719,0.44119723736262806
JAMSAN,The Horse and the Carrot,2026.0,Mixed media on paper,29.7,42.0,5,True,1674600,1005050.2091254087,0.3998266994354421,0.6001733005645579
JAMSAN,Rose from the Stars (14),,Oil on canvas,53.0,72.0,15,False,8065500,4038878.8253253447,0.4992401183652167,0.5007598816347832
JAMSAN,Rose from the Stars (15),,Oil on canvas,53.0,72.0,15,False,8065500,4038878.8253253447,0.4992401183652167,0.5007598816347832
JAMSAN,Red Chair (04),,Oil on canvas,53.0,72.0,15,False,8065500,4038878.8253253447,0.4992401183652167,0.5007598816347832
JAMSAN,Rose from the Stars (02),,Oil on Canvas,162.0,130.0,100,False,38429500,20446360.861448687,0.4679514211361406,0.5320485788638595
JAMSAN,Rose from the Stars (19),,Oil on canvas,50.0,65.0,15,False,6642200,3540491.676440968,0.46697002853859143,0.5330299714614086
JAMSAN,Rose from the Stars (08),,Oil on canvas,91.0,116.0,50,False,21349800,10600730.552171227,0.5034740113644518,0.4965259886355482
JAMSAN,Rose from the Stars (05),,Oil on canvas,111.8,160.0,80,False,38429500,20978923.57653326,0.4540932466846235,0.5459067533153765
JAMSAN,Rose from the Stars (18),,Oil on canvas,53.0,53.0,12,False,6642200,2707222.813083976,0.5924207622348053,0.40757923776519467
JAMSAN,Rose from the Stars (22),,Oil on canvas,50.0,60.0,12,False,5693300,2498289.7112960005,0.5611877625812797,0.43881223741872033
JAMSAN,Poetry of the Stars,2026.0,Mixed media on paper,43.0,55.0,10,True,1674600,1736864.1939463944,0.03718153227421138,1.0371815322742113
JAMSAN,The Rose from the Stars,2026.0,Mixed media on paper,43.0,55.0,10,True,1674600,1736864.1939463944,0.03718153227421138,1.0371815322742113
JAMSAN,Rose from the Stars (03),,Oil on canvas,130.0,162.0,100,False,38429500,20446360.861448687,0.4679514211361406,0.5320485788638595
JAMSAN,The Blue House,2026.0,Mixed media on paper,27.9,42.0,5,True,1674600,962114.598055701,0.4254660228975869,0.5745339771024132
JAMSAN,The Square,2026.0,Mixed media on paper,29.7,42.0,5,True,1674600,1005050.2091254087,0.3998266994354421,0.6001733005645579
JAMSAN,Rose from the Stars (01),,Oil on canvas,130.0,162.0,100,False,38429500,20446360.861448687,0.4679514211361406,0.5320485788638595
JAMSAN,Rose from the Stars (09),,Oil on canvas,80.0,116.0,50,False,21349800,11303802.517187899,0.47054293168142564,0.5294570683185744
JAMSAN,Rose from the Stars (24),,Oil on canvas,53.0,72.0,15,False,8065500,4038878.8253253447,0.4992401183652167,0.5007598816347832
JAMSAN,Rose from the Stars (06),,Oil on canvas,97.0,162.0,80,False,38429500,20706041.830047183,0.461194087093322,0.538805912906678
JAMSAN,Red Chair (01),,Oil on Canvas,60.0,90.0,25,False,12809900,6734713.134639616,0.4742571655797769,0.5257428344202231
JAMSAN,A Certain Blacksmith Shop,2026.0,Mixed media on paper,29.7,42.0,5,True,1674600,1005050.2091254087,0.3998266994354421,0.6001733005645579
JAMSAN,Rose from the Stars (11),,Oil on canvas,60.0,90.0,25,False,12809900,6734713.134639616,0.4742571655797769,0.5257428344202231
JAMSAN,Rose from the Stars (25),,Oil on canvas,91.0,117.0,50,False,21349800,11114547.228235457,0.4794074310656092,0.5205925689343908
JAMSAN,Rose from the Stars (21),,Oil on canvas,50.0,60.0,12,False,5693300,2498289.7112960005,0.5611877625812797,0.43881223741872033
Jaehyuk Han,tipping point-形-20,,"Hanji and Xuan Paper, Acrylic on canvas",259.1,193.9,200,False,39138900,43545131.590799026,0.11257934154508753,1.1125793415450875
Jaehyuk Han,tipping point-形-13,,"Hanji and Xuan Paper, Acrylic on canvas",91.0,91.0,50,False,9788600,9119470.872634523,0.06835800087504622,0.9316419991249538
Jaehyuk Han,Tipping Point-密-11,,"Hanji and Xuan Paper, Graphite",45.5,53.0,10,False,2466200,2394497.6486241883,0.02907402131855151,0.9709259786814485
Jaehyuk Han,tipping point-結-10,,"Hanji and Xuan Paper, Acrylic on canvas",130.3,130.3,80,False,19577100,18328314.849125206,0.06378805598759743,0.9362119440124026
Jaehyuk Han,tipping point 密 4,2024.0,"Hanji and Xuan Paper, Graphite",130.3,130.3,80,False,17202300,16622052.782258462,0.03373079284406956,0.9662692071559305
Jaehyuk Han,tipping point-形-14,,"Hanji and Xuan Paper, Acrylic on canvas",91.0,91.0,50,False,9788600,9119470.872634523,0.06835800087504622,0.9316419991249538
Jaehyuk Han,tipping point-形-10,,"Hanji and Xuan Paper, Acrylic on canvas",72.7,72.7,25,False,7824800,5408288.703462123,0.3088272283685049,0.6911727716314952
Jaehyuk Han,tipping point-結-11,,"Hanji and Xuan Paper, Acrylic on canvas",45.5,53.0,10,False,2390100,2332169.0391513132,0.02423788161528252,0.9757621183847175
Jaehyuk Han,tipping point-結-4,,"Hanji and Xuan Paper, Acrylic on canvas",53.0,45.5,10,False,2603200,2332169.0391513132,0.10411453628176351,0.8958854637182365
Jaehyuk Han,tipping point 114,2023.0,"Hanji and Xuan Paper, Graphite",72.0,37.0,12,False,4612700,3810574.6734500215,0.17389496965984746,0.8261050303401525
Jaehyuk Han,tipping point 形 9,2024.0,"Hanji and Xuan Paper, Acrylic on canvas",72.7,72.7,25,False,7413700,5813424.486685427,0.2158538264718795,0.7841461735281205
Jaehyuk Han,tipping point-結-3,,"Hanji and Xuan Paper, Acrylic on canvas",53.0,45.5,10,False,2603200,2332169.0391513132,0.10411453628176351,0.8958854637182365
Jaehyuk Han,tipping point 101,2022.0,"Hanji and Xuan Paper, Acrylic on canvas",72.7,72.7,25,False,6926600,5823502.968018511,0.15925519475377367,0.8407448052462263
Jaehyuk Han,tipping point-結-6,,"Hanji and Xuan Paper, Acrylic on canvas",53.0,45.5,10,False,2603200,2332169.0391513132,0.10411453628176351,0.8958854637182365
Jaehyuk Han,tipping point 109,2023.0,"Hanji and Xuan Paper, Graphite",72.7,72.7,25,False,6926600,5379650.173470785,0.22333465575162637,0.7766653442483736
Jaehyuk Han,tipping point 103,2022.0,"Hanji and Xuan Paper, Acrylic on canvas",72.7,72.7,25,False,6926600,5823502.968018511,0.15925519475377367,0.8407448052462263
Jaehyuk Han,tipping point 密 12,2024.0,"Hanji and Xuan Paper, Graphite",45.5,53.0,10,False,2466200,2368488.140525103,0.03962041175691222,0.9603795882430878
Jaehyuk Han,tipping point 形 3,2024.0,"Hanji and Xuan Paper, Acrylic on canvas",60.6,60.6,15,False,4612700,3784794.7647930332,0.17948386741105357,0.8205161325889464
Jaehyuk Han,tipping point 密 10,2024.0,"Hanji and Xuan Paper, Graphite",72.7,72.7,25,False,6926600,5339649.244675675,0.22910962886904465,0.7708903711309554
Jaehyuk Han,tipping point-形-18,,"Hanji and Xuan Paper, Acrylic on canvas",72.7,72.7,25,False,7824800,5408288.703462123,0.3088272283685049,0.6911727716314952
Jaehyuk Han,Tipping Point-形-6,,"Hanji and Xuan Paper, Acrylic on canvas",91.0,91.0,50,False,9271000,9119470.872634523,0.016344421029606017,0.983655578970394
Jaehyuk Han,tipping point-密-7,,"Hanji and Xuan Paper, Acrylic on canvas",181.8,181.8,150,False,26914700,28529078.1394054,0.05998127935311928,1.0599812793531194
Jaehyuk Han,tipping point 密 9,2024.0,"Hanji and Xuan Paper, Graphite",72.7,72.7,25,False,6926600,5339649.244675675,0.22910962886904465,0.7708903711309554
Jaehyuk Han,tipping point-形-17,,"Hanji and Xuan Paper, Acrylic on canvas",72.7,72.7,25,False,7824800,5408288.703462123,0.3088272283685049,0.6911727716314952
Jaehyuk Han,tipping point-形-15,,"Hanji and Xuan Paper, Acrylic on canvas",53.0,45.5,10,False,2603200,2332169.0391513132,0.10411453628176351,0.8958854637182365
Jaehyuk Han,tipping point-結-8,,"Hanji and Xuan Paper, Acrylic on canvas",72.7,72.7,25,False,7824800,5408288.703462123,0.3088272283685049,0.6911727716314952
Jaehyuk Han,tipping point-形-12,,"Hanji and Xuan Paper, Acrylic on canvas",91.0,91.0,50,False,9788600,9119470.872634523,0.06835800087504622,0.9316419991249538
Jaehyuk Han,tipping point 形 8,2024.0,"Hanji and Xuan Paper, Acrylic on canvas",72.7,72.7,25,False,6926600,5813424.486685427,0.16071023493699263,0.8392897650630073
Jaehyuk Han,tipping point-結-9,,"Hanji and Xuan Paper, Acrylic on canvas",130.3,130.3,80,False,19577100,18328314.849125206,0.06378805598759743,0.9362119440124026
Jaehyuk Han,tipping point 密 3,2024.0,"Hanji and Xuan Paper, Graphite",91.0,91.0,50,False,8601200,8773681.546923185,0.020053195707945958,1.020053195707946
Jaehyuk Han,tipping point 形 6,2024.0,"Hanji and Xuan Paper, Acrylic on canvas",91.0,91.0,50,False,8601200,9766994.17322333,0.13553854964694806,1.1355385496469481
Jaehyuk Han,Tipping Point-形-11,,"Hanji and Xuan Paper, Acrylic on canvas",72.7,72.7,25,False,7413700,5408288.703462123,0.270500734658521,0.729499265341479
Jaehyuk Han,tipping point-結-2,,"Hanji and Xuan Paper, Acrylic on canvas",45.5,53.0,10,False,2603200,2332169.0391513132,0.10411453628176351,0.8958854637182365
Jaehyuk Han,tipping point 117,2023.0,"Hanji and Xuan Paper, Graphite",181.8,181.8,150,False,27614900,24475687.03477032,0.11367823042016009,0.8863217695798399
Hyuckjin Oh,Blossom Perch,2025.0,Mixed media on canvas,80.3,100.0,40,True,3714500,3769199.056596626,0.014725819517196408,1.0147258195171964
Hyuckjin Oh,Step toward the Light,2025.0,Mixed media on canvas,72.7,90.9,40,True,2785900,3180237.5995697714,0.14154765051501184,1.1415476505150117
Hyuckjin Oh,Room No.405,2024.0,Mixed media on canvas,80.3,100.0,40,True,3851500,3639826.852664526,0.05495862581733712,0.9450413741826629
Hyuckjin Oh,Longing in Reflection,2023.0,Mixed media on canvas,72.7,90.9,40,True,2892500,2990732.3904152373,0.03396106842359111,1.0339610684235911
Hyuckjin Oh,Letting go,2023.0,Mixed media on canvas,72.7,90.9,40,True,2892500,2990732.3904152373,0.03396106842359111,1.0339610684235911
Hyuckjin Oh,For a Cozy Shadow,2025.0,Mixed media on canvas,72.7,90.9,40,True,2785900,3180237.5995697714,0.14154765051501184,1.1415476505150117
Hyuckjin Oh,Fly with the birds,2025.0,Mixed media on canvas,80.3,80.3,30,True,3714500,3550881.5388077716,0.04404858290274017,0.9559514170972598
Hyuckjin Oh,Natural heart,2025.0,Mixed media on canvas,80.3,80.3,30,True,3714500,3550881.5388077716,0.04404858290274017,0.9559514170972598
Hyuckjin Oh,Natural heart,2025.0,Mixed media on canvas,72.7,90.9,40,True,2785900,3180237.5995697714,0.14154765051501184,1.1415476505150117
Hyuckjin Oh,Inner Child,2025.0,Mixed media on ceramic,7.0,11.0,0,True,928700,297571.20309829985,0.6795830697767848,0.3204169302232151
Hyuckjin Oh,The Garden Within Me,2023.0,Mixed media on canvas,72.7,90.9,40,True,2892500,2990732.3904152373,0.03396106842359111,1.0339610684235911
Hyuckjin Oh,Heads Bowed in Thought,2023.0,Mixed media on canvas,72.7,90.9,40,True,2892500,2990732.3904152373,0.03396106842359111,1.0339610684235911
Hyuckjin Oh,Room No.410,2025.0,Mixed media on canvas,45.5,60.6,12,True,1096100,1443008.1506483627,0.31649315815013473,1.3164931581501347
Hyuckjin Oh,Accidental romance,2023.0,Mixed media on canvas,72.7,90.9,40,True,2892500,2990732.3904152373,0.03396106842359111,1.0339610684235911
Hyuckjin Oh,Natural heart,2025.0,Mixed media on canvas,72.7,90.9,40,True,2785900,3180237.5995697714,0.14154765051501184,1.1415476505150117
Hyuckjin Oh,Silent Wishes,2025.0,Mixed media on canvas,72.7,90.9,40,True,2785900,3180237.5995697714,0.14154765051501184,1.1415476505150117
Hyuckjin Oh,Forever,2023.0,Mixed media on canvas,72.7,90.9,40,True,2892500,2990732.3904152373,0.03396106842359111,1.0339610684235911
Hyuckjin Oh,Room Flower,2025.0,Mixed media on canvas,45.5,45.5,8,True,928700,1184992.0910683777,0.2759686562596939,1.275968656259694
Hyuckjin Oh,Inner Child,2025.0,Mixed media on ceramic,7.0,19.0,0,True,928700,399666.9903647001,0.5696489820558844,0.4303510179441155
Hyuckjin Oh,Rest,2025.0,Mixed media on canvas,72.7,90.9,40,True,2785900,3180237.5995697714,0.14154765051501184,1.1415476505150117
Hyuckjin Oh,A pond at Night,2025.0,Mixed media on canvas,162.2,130.3,100,True,9225300,8284803.972018053,0.10194747357613813,0.8980525264238619
Hyuckjin Oh,Condolence,2023.0,Mixed media on canvas,72.7,90.9,40,True,2892500,2990732.3904152373,0.03396106842359111,1.0339610684235911
Hyuckjin Oh,Resting Place,2025.0,Mixed media on canvas,130.3,162.2,100,True,9225300,8284803.972018053,0.10194747357613813,0.8980525264238619
Hyuckjin Oh,At the park at 2am,2025.0,Mixed media on canvas,72.7,90.9,40,True,2785900,3180237.5995697714,0.14154765051501184,1.1415476505150117
Hyuckjin Oh,Blooming from the calm,2024.0,Mixed media on canvas,72.7,72.7,25,True,2892500,2985298.2171995584,0.032082356853779914,1.0320823568537798
Hyuckjin Oh,"Fleeting Light, Endless Hope",2025.0,Mixed media on canvas,91.0,116.8,50,True,4612700,4380398.33717673,0.05036132044643486,0.9496386795535652
Seo Buwon,ROUND 12,2025.0,Acrylic and Clay on Canvas,17.9,17.9,1,False,400000,1088550.7688993027,1.7213769222482567,2.7213769222482567
Seo Buwon,Estrogen,2025.0,Acrylic on Canvas,45.5,53.0,10,False,1200000,2476533.893654493,1.0637782447120776,2.063778244712078
Seo Buwon,Sisyphus,2025.0,Acrylic on Canvas,80.3,100.0,40,False,4800000,7173318.663913614,0.4944413883153363,1.4944413883153362
Seo Buwon,Masses,2025.0,Acrylic on Canvas,91.0,116.8,50,False,7000000,11731390.546857323,0.6759129352653319,1.675912935265332
Seo Buwon,Nirvana,2025.0,Acrylic on Canva,80.3,65.1,25,False,3200000,5544513.267214804,0.7326603960046263,1.7326603960046263
Seo Buwon,Knockout 2,2025.0,Acrylic on Wood,40.0,31.0,5,False,800000,2263742.3132114084,1.8296778915142606,2.8296778915142604
Seo Buwon,Dogs,2025.0,Acrylic on Canvas,112.1,145.5,80,False,8000000,21000750.749350775,1.625093843668847,2.625093843668847
Seo Buwon,ROUND 9,2025.0,Acrylic and Clay on Canvas,17.9,17.9,1,False,400000,1088550.7688993027,1.7213769222482567,2.7213769222482567
Seo Buwon,ROUND 5,2025.0,Acrylic and Clay on Canvas,17.9,17.9,1,False,400000,1088550.7688993027,1.7213769222482567,2.7213769222482567
Seo Buwon,ROUND 14,2025.0,Acrylic and Clay on Canvas,17.9,17.9,1,False,400000,1088550.7688993027,1.7213769222482567,2.7213769222482567
Seo Buwon,ROUND 6,2025.0,Acrylic and Clay on Canvas,17.9,17.9,1,False,400000,1088550.7688993027,1.7213769222482567,2.7213769222482567
Seo Buwon,Mass,2025.0,Acrylic on Canvas,130.3,162.2,100,False,10000000,21450296.615866534,1.1450296615866535,2.1450296615866535
Seo Buwon,ROUND 10,2025.0,Acrylic and Clay on Canvas,17.9,17.9,1,False,400000,1088550.7688993027,1.7213769222482567,2.7213769222482567
Seo Buwon,Self-portrait 2,2025.0,Acrylic on Canvas,53.0,72.7,15,False,2400000,4647029.685800054,0.9362623690833559,1.9362623690833558
Seo Buwon,Knockout 1,2025.0,Acrylic on Wood,42.0,33.0,6,False,800000,2382313.0390400207,1.977891298800026,2.9778912988000257
Seo Buwon,ROUND 11,2025.0,Acrylic and Clay on Canvas,17.9,17.9,1,False,400000,1088550.7688993027,1.7213769222482567,2.7213769222482567
Seo Buwon,ROUND 4,2025.0,Acrylic and Clay on Canvas,17.9,17.9,1,False,400000,1088550.7688993027,1.7213769222482567,2.7213769222482567
Seo Buwon,Estrogen 02,2025.0,Acrylic on Canvas,45.5,53.0,10,False,1200000,2476533.893654493,1.0637782447120776,2.063778244712078
Seo Buwon,ROUND 15,2025.0,Acrylic and Clay on Canvas,17.9,17.9,1,False,400000,1088550.7688993027,1.7213769222482567,2.7213769222482567
Seo Buwon,People Who Make Me Sad,2025.0,Acrylic on Canvas,80.0,100.0,40,False,4800000,7835144.17366965,0.6323217028478438,1.6323217028478438
Seo Buwon,ROUND 2,2025.0,Acrylic and Clay on Canvas,17.9,17.9,1,False,400000,1088550.7688993027,1.7213769222482567,2.7213769222482567
Seo Buwon,Knockout 3,2025.0,Acrylic on Wood,46.0,34.0,6,False,800000,2695391.797249697,2.3692397465621213,3.3692397465621213
Seo Buwon,ROUND 8,2025.0,Acrylic and Clay on Canvas,17.9,17.9,1,False,400000,1088550.7688993027,1.7213769222482567,2.7213769222482567
Seo Buwon,ROUND 7,2025.0,Acrylic and Clay on Canvas,17.9,17.9,1,False,400000,1088550.7688993027,1.7213769222482567,2.7213769222482567
Seo Buwon,ROUND 13,2025.0,Acrylic and Clay on Canvas,17.9,17.9,1,False,400000,1088550.7688993027,1.7213769222482567,2.7213769222482567
Seo Buwon,Flowers That Bloom in Summer,2024.0,Acrylic on Canvas,72.7,90.9,40,False,3600000,7027284.961683443,0.952023600467623,1.952023600467623
Seo Buwon,ROUND 16,2025.0,Acrylic and Clay on Canvas,17.9,17.9,1,False,400000,1088550.7688993027,1.7213769222482567,2.7213769222482567
Seo Buwon,Teardrop Blossom,2024.0,Acrylic on Canvas,80.3,100.0,40,False,3600000,7341168.653253419,1.0392135147926165,2.0392135147926167
Seo Buwon,Knockout 4,2025.0,Acrylic on Wood,43.0,33.0,6,False,800000,2535654.3971491363,2.1695679964364203,3.1695679964364203
Seo Buwon,ROUND 3,2025.0,Acrylic and Clay on Canvas,17.9,17.9,1,False,400000,1088550.7688993027,1.7213769222482567,2.7213769222482567
Seo Buwon,Self-portrait 1,2025.0,Acrylic on Canvas,53.0,72.7,15,False,2400000,4647029.685800054,0.9362623690833559,1.9362623690833558
Seo Buwon,Testosterone 01,2025.0,Acrylic on Canvas,45.5,53.0,10,False,1200000,2476533.893654493,1.0637782447120776,2.063778244712078
Seo Buwon,Rainy Season,2024.0,Acrylic on Canvas,60.6,72.7,20,False,2400000,3883319.222985362,0.618049676243901,1.618049676243901
Seo Buwon,Yongbigyo Romance,2024.0,Acrylic on Canvas,116.8,91.0,50,False,5500000,11899149.020492615,1.1634816400895664,2.1634816400895662
Seo Buwon,Self-portrait 3,2025.0,Acrylic on Canvas,53.0,72.7,15,False,2400000,4647029.685800054,0.9362623690833559,1.9362623690833558
Seo Buwon,Knockout 5,2025.0,Acrylic on Wood,43.0,35.0,6,False,800000,2107201.2824701574,1.6340016030876967,2.6340016030876967
Seo Buwon,Testosterone 02,2025.0,Acrylic on Canvas,45.5,53.0,10,False,1200000,2476533.893654493,1.0637782447120776,2.063778244712078
Seo Buwon,ROUND 1,2025.0,Acrylic and Clay on Canvas,17.9,17.9,1,False,400000,1088550.7688993027,1.7213769222482567,2.7213769222482567
Hyunmo Yang,Flexible Forms 10.13,2025.0,Oil on canvas,53.0,53.0,12,True,2000000,2105879.19254623,0.052939596273114904,1.052939596273115
Hyunmo Yang,Flexible Forms 10.10,2025.0,Oil on canvas,53.0,53.0,12,True,2000000,2105879.19254623,0.052939596273114904,1.052939596273115
Hyunmo Yang,Flexible Forms 07.05,2025.0,Oil on canvas,53.0,53.0,12,True,2000000,2105879.19254623,0.052939596273114904,1.052939596273115
Hyunmo Yang,Flexible Forms 01.17,2025.0,Oil on canvas,53.0,53.0,12,True,2000000,2105879.19254623,0.052939596273114904,1.052939596273115
Hyunmo Yang,Short Truth,2025.0,Oil on canvas,187.0,187.0,150,True,24000000,15838062.75011706,0.3400807187451225,0.6599192812548775
Hyunmo Yang,Flexible Forms 03.11,2025.0,Oil on canvas,53.0,53.0,12,True,2000000,2105879.19254623,0.052939596273114904,1.052939596273115
Hyunmo Yang,Flexible Forms 11.19,2025.0,Oil on canvas,53.0,53.0,12,True,2000000,2105879.19254623,0.052939596273114904,1.052939596273115
Hyunmo Yang,Flexible Forms 01.05,2025.0,Oil on canvas,150.0,150.0,100,True,14000000,13840339.9157299,0.011404291733578513,0.9885957082664215
Hyunmo Yang,Flexible Forms 12.19,2025.0,Oil on canvas,53.0,53.0,12,True,2000000,2105879.19254623,0.052939596273114904,1.052939596273115
Hyunmo Yang,Flexible Forms 05.01,2025.0,Oil on canvas,159.0,53.0,50,True,6000000,6604314.588041454,0.10071909800690894,1.100719098006909
Hyunmo Yang,Flexible Forms 01.03,2025.0,Oil on canvas,130.3,260.6,150,True,24000000,14316714.340590844,0.4034702358087148,0.5965297641912851
Hyunmo Yang,Flexible Forms 12.05,2025.0,Oil on canvas,53.0,53.0,12,True,2000000,2105879.19254623,0.052939596273114904,1.052939596273115
Hyunmo Yang,Flexible Forms 05.25,2025.0,Oil on canvas,53.0,53.0,12,True,2000000,2105879.19254623,0.052939596273114904,1.052939596273115
Hyunmo Yang,Flexible Forms 08.08,2025.0,Oil on canvas,150.0,150.0,100,True,14000000,13840339.9157299,0.011404291733578513,0.9885957082664215
Hyunmo Yang,Flexible Forms 04.25,2025.0,Oil on canvas,53.0,53.0,12,True,2000000,2105879.19254623,0.052939596273114904,1.052939596273115
Hyunmo Yang,Flexible Forms 08.11,2025.0,Oil on canvas,53.0,53.0,12,True,2000000,2105879.19254623,0.052939596273114904,1.052939596273115
Hyunmo Yang,Flexible Forms 10.19,2025.0,Oil on canvas,53.0,53.0,12,True,2000000,2105879.19254623,0.052939596273114904,1.052939596273115
Hyunmo Yang,Flexible Forms 08.25,2025.0,Oil on canvas,53.0,53.0,12,True,2000000,2105879.19254623,0.052939596273114904,1.052939596273115
Hyunmo Yang,Flexible Forms 11.12,2025.0,Oil on canvas,91.0,91.0,50,True,6000000,6080160.019366718,0.013360003227786316,1.0133600032277863
Hyunmo Yang,Flexible Forms 08.29,2025.0,Oil on canvas,53.0,53.0,12,True,2000000,2105879.19254623,0.052939596273114904,1.052939596273115
Hyunmo Yang,Flexible Forms 05.10,2025.0,Oil on canvas,53.0,53.0,12,True,2000000,2105879.19254623,0.052939596273114904,1.052939596273115
Hyunmo Yang,Flexible Forms 01.15,2025.0,Oil on canvas,53.0,53.0,12,True,2000000,2105879.19254623,0.052939596273114904,1.052939596273115
Hyunmo Yang,Flexible Forms 07.02,2025.0,Oil on canvas,130.3,130.3,80,True,12000000,11676161.527071292,0.0269865394107257,0.9730134605892743
Hyunmo Yang,람,2025.0,Oil on canvas,130.3,130.3,80,True,12000000,11676161.527071292,0.0269865394107257,0.9730134605892743
Hyunmo Yang,Flexible Forms 04.27,2025.0,Oil on canvas,53.0,53.0,12,True,2000000,2105879.19254623,0.052939596273114904,1.052939596273115
Hyunmo Yang,Flexible Forms 01.19,2025.0,Oil on canvas,53.0,53.0,12,True,2000000,2105879.19254623,0.052939596273114904,1.052939596273115
Hyunmo Yang,Flexible Forms 04.21,2025.0,Oil on canvas,53.0,53.0,12,True,2000000,2105879.19254623,0.052939596273114904,1.052939596273115
Hyunmo Yang,Flexible Forms 12.03,2025.0,Oil on canvas,31.8,31.8,4,True,720000,1694267.4792193312,1.3531492766935156,2.3531492766935154
Hyunmo Yang,Flexible Forms 08.19,2025.0,Oil on canvas,53.0,53.0,12,True,2000000,2105879.19254623,0.052939596273114904,1.052939596273115
Hyunmo Yang,Flexible Forms 02.03,2025.0,Oil on canvas,53.0,53.0,12,True,2000000,2105879.19254623,0.052939596273114904,1.052939596273115
Hyunmo Yang,Flexible Forms 04.18,2025.0,Oil on canvas,150.0,150.0,100,True,14000000,13840339.9157299,0.011404291733578513,0.9885957082664215
Hyunmo Yang,Flexible Forms 04.01,2025.0,Oil on canvas,53.0,53.0,12,True,2000000,2105879.19254623,0.052939596273114904,1.052939596273115
Hyunmo Yang,Flexible Forms 12.27,2025.0,Oil on canvas,130.3,130.3,80,True,12000000,11676161.527071292,0.0269865394107257,0.9730134605892743
Hyunmo Yang,Flexible Forms 11.04,2025.0,Oil on canvas,91.0,91.0,50,True,6000000,6080160.019366718,0.013360003227786316,1.0133600032277863
Hyunmo Yang,Flexible Forms 01.03,2025.0,Oil on canvas,53.0,53.0,12,True,2000000,2105879.19254623,0.052939596273114904,1.052939596273115
Hyunmo Yang,Flexible Forms 03.25,2025.0,Oil on canvas,53.0,53.0,12,True,2000000,2105879.19254623,0.052939596273114904,1.052939596273115
Hyunmo Yang,Flexible Forms 03.05,2025.0,Oil on canvas,53.0,53.0,12,True,2000000,2105879.19254623,0.052939596273114904,1.052939596273115
Hyunmo Yang,Flexible Forms 10.18,2025.0,Oil on canvas,53.0,53.0,12,True,2000000,2105879.19254623,0.052939596273114904,1.052939596273115
Lee Minwoo,Pure,2025.0,Painting,73.0,91.0,40,False,4500000,6439569.458472429,0.4310154352160953,1.4310154352160953
Lee Minwoo,Pure,2025.0,Painting,130.0,162.0,100,False,12000000,22038815.38027487,0.8365679483562392,1.8365679483562392
Lee Minwoo,Pure,2025.0,Painting,61.0,73.0,20,False,3000000,4167826.177512309,0.38927539250410303,1.389275392504103
Lee Minwoo,Pure,2025.0,Painting,91.0,117.0,50,False,7500000,12043121.957981454,0.6057495943975272,1.6057495943975273
Lee Minwoo,Pure,2025.0,Painting,91.0,117.0,50,False,7500000,12043121.957981454,0.6057495943975272,1.6057495943975273
Lee Minwoo,Pure,2025.0,Painting,20.0,20.0,1,False,450000,1193915.404873457,1.6531453441632378,2.6531453441632378
Lee Minwoo,Pure,2025.0,Painting,117.0,80.0,50,False,7500000,12149893.272156984,0.6199857696209311,1.6199857696209312
Lee Minwoo,Pure,2025.0,Painting,130.0,162.0,100,False,12000000,22038815.38027487,0.8365679483562392,1.8365679483562392
Lee Minwoo,Pure,2025.0,Painting,130.0,162.0,100,False,12000000,22038815.38027487,0.8365679483562392,1.8365679483562392
Lee Minwoo,Pure,2025.0,Painting,182.0,146.0,120,False,12000000,24334151.274764124,1.027845939563677,2.027845939563677
Lee Minwoo,Pure,2025.0,Painting,91.1,117.0,50,False,7500000,11495032.99114265,0.5326710654856865,1.5326710654856865
Lee Minwoo,Pure,2025.0,Painting,217.0,150.0,150,False,20000000,30100109.636766553,0.5050054818383276,1.5050054818383276
Lee Minwoo,Pure,2025.0,Painting,150.0,651.0,500,False,50000000,49729105.33409379,0.005417893318124265,0.9945821066818757
Lee Minwoo,Pure,2025.0,Painting,117.0,80.0,50,False,7500000,12149893.272156984,0.6199857696209311,1.6199857696209312
Lee Minwoo,Pure,2025.0,Painting,61.0,73.0,20,False,3000000,4167826.177512309,0.38927539250410303,1.389275392504103
Lee Minwoo,Pure,2025.0,Painting,61.0,73.0,20,False,3000000,4167826.177512309,0.38927539250410303,1.389275392504103
Park Sangnam,"Trésor, Now, 보물, 지금",2025.0,Painting,162.0,97.3,80,False,42625000,20644017.54911657,0.5156828727479984,0.48431712725200166
Park Sangnam,"Trésor, Now, 보물, 지금",2022.0,Painting,97.0,162.0,80,False,42625000,21413186.99003197,0.49763784187608284,0.5023621581239172
Park Sangnam,"Trésor, Now, 보물, 지금",2022.0,Painting,46.0,28.7,6,False,3805800,2988448.7900463166,0.21476462503381244,0.7852353749661876
Park Sangnam,"Trésor, Now, 보물, 지금",2022.0,Painting,91.0,91.0,50,False,12939800,9633268.978287889,0.2555318491562552,0.7444681508437447
Park Sangnam,"Trésor, Now, 보물, 지금",2019.0,Painting,45.5,60.6,12,False,5328200,4404401.663445961,0.1733790654543822,0.8266209345456178
Park Sangnam,"Trésor, Now, 보물, 지금",2019.0,Painting,45.5,60.6,12,False,5328200,4404401.663445961,0.1733790654543822,0.8266209345456178
Park Sangnam,"Trésor, Now, 보물, 지금",2018.0,Painting,33.3,53.0,8,False,4567000,4043792.0035238927,0.11456273187565301,0.885437268124347
Park Sangnam,"Trésor, Now, 보물, 지금",2020.0,Painting,43.6,59.9,12,False,5328200,4429920.383412051,0.1685896956923443,0.8314103043076557
Park Sangnam,"Trésor, Now, 보물, 지금",2019.0,Painting,45.5,60.6,12,False,5328200,4404401.663445961,0.1733790654543822,0.8266209345456178
Park Sangnam,"Trésor, Now-2",2025.0,Painting,38.0,45.5,8,False,3805800,2413902.4088661633,0.36573061935304974,0.6342693806469503
Park Sangnam,"Trésor, Now, 보물, 지금",2025.0,Painting,97.0,162.0,80,False,42625000,20644017.54911657,0.5156828727479984,0.48431712725200166
Park Sangnam,"Trésor, Now, 보물, 지금",2018.0,Painting,52.7,72.9,15,False,9134000,5597379.28617546,0.38719298377759365,0.6128070162224063
Park Sangnam,"Trésor, Now, 보물, 지금",2021.0,Painting,50.0,65.2,15,False,6850500,4348619.593512714,0.36521135778224745,0.6347886422177526
Park Sangnam,"Trésor, Now, 보물, 지금",2022.0,Painting,91.0,91.0,50,False,12939800,9633268.978287889,0.2555318491562552,0.7444681508437447
Park Sangnam,"Trésor, Now, 보물, 지금",2018.0,Painting,60.6,91.0,25,False,12939800,8642311.133873291,0.33211400996357815,0.6678859900364218
Park Sangnam,"Trésor, Now, 보물, 지금",2018.0,Painting,33.3,53.0,8,False,4567000,4043792.0035238927,0.11456273187565301,0.885437268124347
Park Sangnam,"Trésor, Now, 보물, 지금",2022.0,Painting,54.5,65.2,15,False,6850500,3338145.7175727813,0.5127150255349564,0.4872849744650436
Park Sangnam,"Trésor, Now, 보물, 지금",2022.0,Painting,91.0,91.0,50,False,12939800,9633268.978287889,0.2555318491562552,0.7444681508437447
Park Sangnam,"Trésor, Now, 보물, 지금",2025.0,Painting,162.0,97.3,80,False,42625000,20644017.54911657,0.5156828727479984,0.48431712725200166
Park Sangnam,"Trésor, Now, 보물, 지금",2020.0,Painting,62.0,71.0,20,False,9134000,4386053.817281059,0.5198101798466106,0.4801898201533894
Park Sangnam,"Trésor, Now, 보물, 지금",2018.0,painting,60.6,91.0,25,False,12939800,8642311.133873291,0.33211400996357815,0.6678859900364218
Park Sangnam,"Trésor, Now-1",2025.0,Painting,53.0,65.2,15,False,6850500,3305274.410525335,0.5175134062440209,0.48248659375597913
Park Sangnam,"Trésor, Now, 보물, 지금",2020.0,Painting,40.2,51.0,8,False,4567000,3450913.4136848263,0.24438068454459683,0.7556193154554032
Park Sangnam,"Trésor, Now, 보물, 지금",2018.0,Painting,53.0,45.5,10,False,4567000,2995903.971101745,0.3440105165093617,0.6559894834906382
Park Sangnam,"Trésor, Now, 보물, 지금",2025.0,Painting,89.4,145.5,60,False,34252200,16871819.019091405,0.5074237853600234,0.49257621463997653
Park Sangnam,"Trésor, Now, 보물, 지금",2025.0,Painting,162.0,97.3,80,False,42625000,20644017.54911657,0.5156828727479984,0.48431712725200166
Park Sangnam,"Trésor, Now, 보물, 지금",2002.0,Painting,124.0,157.0,100,False,42625000,32718196.284370054,0.23241768247812192,0.7675823175218781
Park Sangnam,"Trésor, Now, 보물, 지금",2018.0,Painting,60.6,91.0,25,False,12939800,8642311.133873291,0.33211400996357815,0.6678859900364218
Park Sangnam,"Trésor, Now, 보물, 지금",,Painting,56.0,71.4,20,False,9134000,4568733.604473911,0.49981020314496266,0.5001897968550374
Park Sangnam,"Trésor, Now, 보물, 지금",2019.0,Painting,60.6,50.0,12,False,5328200,3455541.032838009,0.35146183836229705,0.648538161637703
Park Sangnam,"Trésor, Now, 보물, 지금",2024.0,Painting,52.8,52.8,12,False,6850500,3268212.4240568304,0.5229235203186876,0.47707647968131234
Park Sangnam,"Trésor, Now, 보물, 지금",2022.0,Painting,53.3,68.7,15,False,7611600,4771608.388996555,0.3731136175053137,0.6268863824946863
Park Sangnam,"Trésor, Now, 보물, 지금",2025.0,Painting,97.3,162.0,80,False,42625000,20644017.54911657,0.5156828727479984,0.48431712725200166
Park Sangnam,"Trésor, Now, 보물, 지금",2016.0,Painting,60.6,50.0,12,False,5328200,3812308.47813465,0.2845034949636557,0.7154965050363443
Park Sangnam,"Trésor, Now, 보물, 지금",2019.0,Painting,45.5,60.6,12,False,5328200,4404401.663445961,0.1733790654543822,0.8266209345456178
Yoo Suzy,Crow and Star,2025.0,Oil on Canvas,31.8,40.9,6,False,715500,2377632.442339576,2.3230362576374226,3.3230362576374226
Yoo Suzy,Friends,2025.0,Oil on Canvas,45.5,53.0,10,False,1202700,2397328.9973250707,0.9932892635944713,1.9932892635944712
Yoo Suzy,Star With,2025.0,Oil on Canvas,45.5,53.0,10,False,1202700,2397328.9973250707,0.9932892635944713,1.9932892635944712
Yoo Suzy,The crisis,2024.0,Oil On Canvas,100.0,80.3,40,False,3200000,7231407.380430768,1.259814806384615,2.259814806384615
Yoo Suzy,I'm not Alone,2025.0,Oil on Canvas,45.5,53.0,10,False,1202700,2397328.9973250707,0.9932892635944713,1.9932892635944712
Yoo Suzy,Chungmuro Studio,2025.0,Oil on Canvas,72.7,90.9,40,False,3607900,6767723.851753096,0.8758069380396064,1.8758069380396065
Yoo Suzy,We Are All Connected with  a Round Heart,2025.0,Oil on Canvas,130.3,130.3,80,False,10823700,18798103.624918774,0.7367539404195214,1.7367539404195214
Yoo Suzy,Us under the sun,2024.0,oil on canvas,53.0,45.5,10,False,800000,2466138.7942428314,2.082673492803539,3.082673492803539
Yoo Suzy,Pray for Others,2024.0,oil on canvas,31.8,31.8,4,False,480000,1632407.8167235728,2.40084961817411,3.40084961817411
Yoo Suzy,the stars and the sea 1,2024.0,oil on canvas,53.0,53.0,12,False,1200000,2990947.0512452447,1.4924558760377038,2.492455876037704
Yoo Suzy,Pink Moon,2025.0,Oil on Canvas,90.9,72.7,40,False,3607900,6767723.851753096,0.8758069380396064,1.8758069380396065
Yoo Suzy,Night,,Oil on canvas,31.8,40.9,6,False,715500,2366888.1389085436,2.3080197608784676,3.3080197608784676
Yoo Suzy,Good Luck,2025.0,Oil on Canvas,45.5,53.0,10,False,1202700,2397328.9973250707,0.9932892635944713,1.9932892635944712
Yoo Suzy,Star Maze,2025.0,Oil on Canvas,45.5,53.0,10,False,1202700,2397328.9973250707,0.9932892635944713,1.9932892635944712
Yoo Suzy,the stars and the sea 2,2024.0,oil on canvas,53.0,53.0,12,False,1200000,2990947.0512452447,1.4924558760377038,2.492455876037704
Yoo Suzy,Melting Dream,2025.0,Oil on Canvas,60.9,72.7,20,False,2405300,3822688.524768813,0.5892772314342548,1.5892772314342547
Yoo Suzy,Star Dwelling,2025.0,Oil on Canvas,72.7,72.7,25,False,3607900,5543151.535652784,0.5363927868435333,1.5363927868435332
Yoo Suzy,Walking with 2,2024.0,oil on canvas,45.5,53.0,10,False,800000,2466138.7942428314,2.082673492803539,3.082673492803539
Yoo Suzy,Finding My Star,2025.0,Oil on Canvas,91.0,116.8,50,False,6013200,11474850.300435562,0.9082768410223444,1.9082768410223445
Yoo Suzy,Like a Bee,2025.0,Oil on Canvas,72.7,60.9,20,False,2405300,3822688.524768813,0.5892772314342548,1.5892772314342547
Yoo Suzy,Green Light,2025.0,Oil on Canvas,45.5,53.0,10,False,1202700,2397328.9973250707,0.9932892635944713,1.9932892635944712
Yoo Suzy,Shooting Star,2025.0,Oil on Canvas,45.5,53.0,10,False,1202700,2397328.9973250707,0.9932892635944713,1.9932892635944712
Yoo Suzy,Red Light,2025.0,Oil on Canvas,45.5,53.0,10,False,1202700,2397328.9973250707,0.9932892635944713,1.9932892635944712
Yoo Suzy,Rainy Day,2025.0,Oil on Canvas,53.0,53.0,12,False,1811600,2907494.141105551,0.6049316301090477,1.6049316301090477
Yoo Suzy,Greenly,2025.0,Oil on Canvas,72.7,72.7,25,False,3607900,5543151.535652784,0.5363927868435333,1.5363927868435332
Yoo Suzy,Day,,Oil on canvas,31.8,40.9,6,False,715500,2366888.1389085436,2.3080197608784676,3.3080197608784676
Diego Rodarte,Action EVII,,Oil on linen,20.0,26.0,2,False,2087600,1485631.897645088,0.288354139851941,0.711645860148059
Diego Rodarte,Action EXI,,Oil on linen,20.0,26.0,2,False,2087600,1485631.897645088,0.288354139851941,0.711645860148059
Diego Rodarte,Action LXV,,Oil on linen,80.0,100.0,40,False,4602100,7381440.674923919,0.6039287879281022,1.6039287879281021
Diego Rodarte,Action V,,Oil on linen,80.0,100.0,40,False,4602100,7381440.674923919,0.6039287879281022,1.6039287879281021
Diego Rodarte,Action LXIX,,Oil on linen,80.0,100.0,40,False,4602100,7381440.674923919,0.6039287879281022,1.6039287879281021
Diego Rodarte,Action IX,,Oil on linen,80.0,100.0,40,False,4602100,7381440.674923919,0.6039287879281022,1.6039287879281021
Diego Rodarte,Action LXXIX,,Oil on linen,50.0,58.0,12,False,2514600,2563650.8660345557,0.019506428869226006,1.019506428869226
Diego Rodarte,Action EIX,,Oil on linen,20.0,26.0,2,False,2087600,1485631.897645088,0.288354139851941,0.711645860148059
Diego Rodarte,Action LXXII,,Oil on linen,50.0,58.0,12,False,2514600,2563650.8660345557,0.019506428869226006,1.019506428869226
Diego Rodarte,Action LXIII,,Oil on linen,80.0,100.0,40,False,4602100,7381440.674923919,0.6039287879281022,1.6039287879281021
Diego Rodarte,Action EV,,Oil on linen,20.0,26.0,2,False,2087600,1485631.897645088,0.288354139851941,0.711645860148059
Diego Rodarte,Action I,,Oil on linen,80.0,100.0,40,False,4602100,7381440.674923919,0.6039287879281022,1.6039287879281021
Diego Rodarte,Action EII,,Oil on linen,20.0,26.0,2,False,2087600,1485631.897645088,0.288354139851941,0.711645860148059
Diego Rodarte,Action LXXVIII,,Oil on linen,50.0,58.0,12,False,2514600,2563650.8660345557,0.019506428869226006,1.019506428869226
Diego Rodarte,Action LXVI,,Oil on linen,80.0,100.0,40,False,4602100,7381440.674923919,0.6039287879281022,1.6039287879281021
Diego Rodarte,Action LXXXV,,Oil on linen,50.0,58.0,12,False,2514600,2563650.8660345557,0.019506428869226006,1.019506428869226
Diego Rodarte,Action C,,Oil on linen,50.0,58.0,12,False,2514600,2563650.8660345557,0.019506428869226006,1.019506428869226
Diego Rodarte,Action LXXI,,Oil on linen,50.0,58.0,12,False,2514600,2563650.8660345557,0.019506428869226006,1.019506428869226
Diego Rodarte,Action LXXlll,,Oil on linen,50.0,58.0,12,False,2514600,2663491.7525115754,0.05921090929435113,1.0592109092943511
Diego Rodarte,Action LXVII,,Oil on linen,80.0,100.0,40,False,4602100,7381440.674923919,0.6039287879281022,1.6039287879281021
Diego Rodarte,Action I,,Oil on linen,80.0,100.0,40,False,4602100,7381440.674923919,0.6039287879281022,1.6039287879281021
Diego Rodarte,Action LXXXIV,,Oil on linen,50.0,58.0,12,False,2514600,2563650.8660345557,0.019506428869226006,1.019506428869226
Diego Rodarte,Action EIII,,Oil on linen,20.0,26.0,2,False,2087600,1485631.897645088,0.288354139851941,0.711645860148059
Diego Rodarte,Action EVI,,Oil on linen,20.0,26.0,2,False,2087600,1485631.897645088,0.288354139851941,0.711645860148059
Diego Rodarte,Action LXVIII,,Oil on linen,80.0,100.0,40,False,4602100,7381440.674923919,0.6039287879281022,1.6039287879281021
Diego Rodarte,Action LXX,,Oil on linen,50.0,58.0,12,False,2514600,2563650.8660345557,0.019506428869226006,1.019506428869226
Diego Rodarte,Action EVIII,,Oil on linen,20.0,26.0,2,False,2087600,1485631.897645088,0.288354139851941,0.711645860148059
Diego Rodarte,Action LXXVIII,,Oil on linen,50.0,58.0,12,False,2514600,2563650.8660345557,0.019506428869226006,1.019506428869226
Diego Rodarte,Action  LXXXIX,,Oil on linen,50.0,58.0,12,False,2514600,2563650.8660345557,0.019506428869226006,1.019506428869226
Diego Rodarte,Action EIV,,Oil on linen,20.0,26.0,2,False,2087600,1485631.897645088,0.288354139851941,0.711645860148059
Diego Rodarte,Action EX,,Oil on linen,20.0,26.0,2,False,2087600,1485631.897645088,0.288354139851941,0.711645860148059
Diego Rodarte,Action,,Oil on linen,80.0,100.0,40,False,2514600,7381440.674923919,1.9354333392682412,2.9354333392682412
Diego Rodarte,Action EI,,Oil on linen,20.0,26.0,2,False,2087600,1485631.897645088,0.288354139851941,0.711645860148059
Kwon Jian,Humming Letter,2025.0,Painting,28.5,28.5,3,True,2000000,1353609.3551735412,0.3231953224132294,0.6768046775867707
Kwon Jian,Humming Letter 05-06,2025.0,Painting,17.5,24.7,1,True,700000,741141.8688708622,0.058774098386945965,1.058774098386946
Kwon Jian,Humming Letter 06-06,2025.0,Painting,17.5,24.5,1,True,700000,730238.3665658577,0.043197666522653805,1.0431976665226539
Kwon Jian,Humming Letter,2025.0,Painting,73.5,93.5,40,True,8500000,5629066.4551328905,0.33775688763142464,0.6622431123685754
Kwon Jian,Humming Letter,2025.0,Painting,47.5,53.5,10,True,4000000,2346226.259803613,0.4134434350490967,0.5865565649509032
Kwon Jian,Humming Letter,2025.0,Painting,131.0,163.0,100,True,20000000,12702959.821098128,0.36485200894509356,0.6351479910549064
Kwon Jian,Humming Letter,2025.0,Painting,131.0,163.0,100,True,20000000,12702959.821098128,0.36485200894509356,0.6351479910549064
Kwon Jian,Humming Letter,2025.0,Painting,17.5,24.0,1,True,700000,707863.0976481475,0.011232996640210706,1.0112329966402107
Kwon Jian,Humming Letter,2025.0,Painting,116.8,91.0,50,True,12000000,8661294.685188077,0.27822544290099355,0.7217745570990064
Kwon Jian,Humming Letter,2025.0,Painting,17.5,24.0,1,True,700000,707863.0976481475,0.011232996640210706,1.0112329966402107
Kwon Jian,Humming Letter,2025.0,Painting,16.3,23.2,1,True,700000,741498.1857106158,0.059283122443736895,1.059283122443737
Kwon Jian,Humming Letter,2025.0,Painting,116.8,91.0,50,True,12000000,8661294.685188077,0.27822544290099355,0.7217745570990064
Kwon Jian,Humming Letter,2025.0,Painting,91.0,116.8,50,True,12000000,8661294.685188077,0.27822544290099355,0.7217745570990064
Kwon Jian,Humming Letter,2025.0,Painting,131.0,163.0,100,True,20000000,12702959.821098128,0.36485200894509356,0.6351479910549064
Kwon Jian,Humming Letter,2025.0,Painting,168.0,114.5,100,True,20000000,13161733.142831905,0.34191334285840475,0.6580866571415952
Kwon Jian,Humming Letter,2025.0,Painting,60.6,72.7,20,True,6500000,3149535.985197121,0.515456002277366,0.48454399772263396
Kwon Jian,Humming Letter,2025.0,Painting,183.0,73.0,60,True,17000000,8134764.371012261,0.5214844487639846,0.47851555123601536
Kwon Jian,Humming Letter,2025.0,Painting,17.0,24.0,1,True,700000,739961.0276546373,0.05708718236376764,1.0570871823637678
Kwon Jian,Humming Letter 04-06,2025.0,Painting,17.0,24.5,1,True,700000,731726.7157042712,0.04532387957753031,1.0453238795775304
JaeBum Joo,Scattered Memories 6,,"Acrylic on Wood, Opaque Acrylic Panel on Birch Wood Frame",28.0,35.0,4,False,1522400,1756900.0430458821,0.15403313389771553,1.1540331338977154
JaeBum Joo,Scattered Memories 9,2025.0,"Acrylic on Wood, Opaque Acrylic Panel on Birch Wood Frame",34.5,48.5,8,False,1522400,3215036.241317295,1.1118209677596524,2.1118209677596527
JaeBum Joo,A Flow of Countless Small Movements Inspired by KDS,2026.0,"Acrylic on Cut and Assembled Wood, Birch Wood Frame",85.0,148.0,60,False,12178600,14440558.453317206,0.18573222318798602,1.185732223187986
JaeBum Joo,Scattered Memories 8,2025.0,"Acrylic on Wood, Opaque Acrylic Panel on Birch Wood Frame",34.5,48.5,8,False,1522400,3215036.241317295,1.1118209677596524,2.1118209677596527
JaeBum Joo,Scattered Memories 10,2025.0,"Acrylic on Wood, Opaque Acrylic Panel on Birch Wood Frame",28.0,56.0,6,False,1522400,2986455.6719537675,0.961676085098376,1.9616760850983759
JaeBum Joo,"Small Yet Great Cuteness, Inspired by AzacielXD",2026.0,Acrylic and Velvet on Cut Wood,47.0,56.0,12,False,3196900,2846381.0401041666,0.10964339200345127,0.8903566079965487
JaeBum Joo,The Same ‘Moha’ 3,,Acrylic on Wood,37.5,75.0,12,False,3044700,4051139.042082154,0.33055441983845835,1.3305544198384585
Gyul.E Kim,Rainbow Bands 2,2025.0,Oil and acrylic on canvas,27.3,22.0,2,True,300000,615133.5096693863,1.0504450322312877,2.0504450322312877
Gyul.E Kim,Signs Beneath Each Step,2025.0,Acrylic on canvas,196.0,156.0,150,True,8600000,11864084.20594134,0.3795446751094581,1.3795446751094582
Gyul.E Kim,A Pale Staining,2025.0,"Oil, acrylic and water-based paint on canvas",31.8,31.8,4,True,480000,1071301.8069601317,1.2318787645002744,2.2318787645002747
Gyul.E Kim,Ponds in the Rain,2025.0,"Oil, acrylic, water-based paint, and collage on canvas",185.5,156.0,120,True,8600000,9453587.974268565,0.09925441561262383,1.0992544156126238
Gyul.E Kim,Steamboat,2025.0,"Oil, acrylic and water-based paint on canvas",212.0,156.0,150,True,9000000,12002308.792525906,0.3335898658362118,1.3335898658362118
Gyul.E Kim,Hellrosa,2025.0,"Paint, acrylic on canvas",94.5,60.6,30,True,2400000,3935692.5418616203,0.6398718924423418,1.6398718924423419
Gyul.E Kim,"Drawn in Circles, Still Flat",2025.0,"Oil, acrylic and water-based paint on canvas",116.8,91.0,50,True,4000000,4887545.041339057,0.22188626033476413,1.2218862603347642
Gyul.E Kim,Globular Heart,2025.0,"Oil, acrylic on canvas",56.0,48.5,12,True,1200000,1508295.8185003453,0.2569131820836211,1.256913182083621
Gyul.E Kim,()90°x10,2025.0,Acrylic and water-based paint on canvas,202.0,165.0,150,True,9000000,10411728.311058607,0.1568587012287341,1.1568587012287341
Gyul.E Kim,Flow of the Rainbow Bands,2025.0,Acrylic and water-based paint on canvas,61.0,96.0,30,True,2400000,3942093.4820083193,0.6425389508367997,1.6425389508367998
Gyul.E Kim,"Blue, Tone, Stripe",2025.0,Acrylic and water-based paint on canvas,85.5,67.5,30,True,2400000,3606098.153446728,0.5025408972694699,1.50254089726947
Gyul.E Kim,"Drawn in Circles, Still Flat 2",2025.0,"Oil, acrylic and water-based paint on canvas",199.0,153.0,150,True,8600000,12969547.925879875,0.5080869681255669,1.5080869681255669
Gyul.E Kim,Taobmaets,2025.0,"Oil, acrylic and water-based paint on canvas",195.0,156.0,150,True,9000000,12384956.431154469,0.37610627012827436,1.3761062701282742
Gyul.E Kim,Zone of Illusion,2025.0,Oil and acrylic on canvas,23.5,23.5,2,True,400000,592663.6049037732,0.4816590122594329,1.4816590122594329
Gyul.E Kim,Meandering Path,2025.0,"Water-based paint, acrylic, and medium on canvas",65.6,46.0,12,True,1040000,1723273.853077987,0.6569940894980644,1.6569940894980644
Gyul.E Kim,Rebent Right Angle,2025.0,Acrylic and water-based paint on canvas,15.0,15.0,0,True,100000,412448.1735963731,3.124481735963731,4.124481735963731
Gyul.E Kim,Chung,2025.0,Acrylic and water-based paint on canvas,24.4,24.4,2,True,400000,596304.5090254686,0.4907612725636715,1.4907612725636714
Gyul.E Kim,At the Verge of Watery Blur,2025.0,"Oil, acrylic and water-based paint on canvas",69.0,68.4,20,True,2400000,3187813.722116674,0.3282557175486141,1.328255717548614
Gyul.E Kim,Like Tetris! 4,2025.0,"Paint, acrylic on canvas",49.5,52.0,10,True,960000,1370973.9944424916,0.42809791087759536,1.4280979108775953
Gyul.E Kim,Ya,2025.0,Acrylic and water-based paint on canvas,22.0,22.0,2,True,300000,568000.1580800425,0.8933338602668082,1.8933338602668082
Gyul.E Kim,Green Bends,2025.0,Acrylic and water-based paint on canvas,45.5,37.9,8,True,640000,1197822.0994863668,0.8715970304474482,1.8715970304474483
Gyul.E Kim,Divided Zones/Walking Drawing,2025.0,"Acrylic, water-based paint on canvas, synthetic fiber, and aluminum",34.0,30.0,4,True,300000,1059925.0170727954,2.5330833902426515,3.5330833902426515
Gyul.E Kim,Wavering Signs and the Rainbow Bands,2025.0,"Oil, acrylic and water-based paint on canvas",82.0,75.0,30,True,2400000,3518799.1294001495,0.4661663039167289,1.466166303916729
Gyul.E Kim,Periphery of the Rainbow Band,2025.0,"Oil, acrylic and water-based paint on canvas",87.7,71.8,30,True,2800000,3428299.751420313,0.2243927683643975,1.2243927683643976
Gyul.E Kim,A Landscape Where Signs Fall,2025.0,"Oil, acrylic and water-based paint on canvas",154.0,125.0,100,True,7200000,7878042.635629803,0.09417258828191707,1.094172588281917
Hanna Lee,Water Barrier,2023.0,Oil on canvas,130.3,97.0,60,False,4186400,16276695.422957435,2.8879933649334597,3.8879933649334597
Hanna Lee,Storm,2025.0,Oil on canvas,53.0,40.9,10,False,928700,3218257.28903833,2.4653357263253257,3.4653357263253257
Hanna Lee,Dissolution,2025.0,Oil on canvas,72.7,50.0,15,False,1476700,4370627.638264579,1.9597261720488783,2.9597261720488786
Hanna Lee,Edge,2025.0,Oil on canvas,116.8,80.3,50,False,3075100,12255644.786077391,2.985445932189975,3.985445932189975
Hanna Lee,Recoil,2025.0,Oil on canvas,53.0,33.4,8,False,989600,3233987.969892147,2.2679749089451766,3.2679749089451766
Hanna Lee,Wave Riding,2025.0,Oil on canvas,45.5,53.0,10,False,989600,2397328.9973250707,1.4225232390107827,2.4225232390107827
Hanna Lee,Surge,2025.0,Oil on canvas,53.0,40.9,10,False,989600,3139099.915079679,2.1720896474127716,3.1720896474127716
Hanna Lee,Breathe,2025.0,Oil on canvas,162.2,130.3,100,False,6135000,20862811.099773124,2.4006212061569885,3.4006212061569885
Hanna Lee,Loose Boundaries,2025.0,Oil on canvas,145.5,97.0,60,False,4917100,18174818.464229222,2.6962474759978896,3.6962474759978896
Hanna Lee,Melting,2025.0,Oil on canvas,130.3,162.2,100,False,6135000,20862811.099773124,2.4006212061569885,3.4006212061569885
Hanna Lee,Edge,2024.0,Oil on panel,35.0,35.0,5,False,593800,1847124.4373994896,2.1106844685070554,3.1106844685070554
Hanna Lee,Above the Surface,2025.0,Oil on canvas,45.5,37.9,8,False,822100,2341217.6066940646,1.847850148028299,2.847850148028299
Hanna Lee,Submersion,2025.0,Oil on canvas,72.7,53.0,15,False,1476700,4511631.360777595,2.0552118648185784,3.0552118648185784
Hanna Lee,Water Precipice,2025.0,Oil on canvas,90.9,60.6,25,False,2207400,7128357.769411384,2.229300430103916,3.229300430103916
Hanna Lee,Relief,2025.0,Oil on panel,53.0,40.9,10,False,989600,3249903.0113548646,2.2840572063003886,3.2840572063003886
Hyeyeong Kim,The Night Sea Devours Many,2024.0,Acrylic and oil on linen,162.2,97.0,80,False,10230000,22732206.34466036,1.2221120571515505,2.2221120571515502
Hyeyeong Kim,Swaying: The Periphery,2025.0,(Left) Acrylic and oil on canvas (Right) Traditional Asian pigments and oil paint on hanji paper,91.0,45.0,20,False,2862000,5828482.31627618,1.0365067492229838,2.036506749222984
Hyeyeong Kim,Door to Nowhere,2025.0,Oil on canvas,162.2,130.3,100,False,10123500,20862811.099773124,1.0608298611915963,2.0608298611915963
Hyeyeong Kim,Slowly to the horizon,2024.0,Oil on canvas,90.9,65.1,30,False,3364400,7212389.615184015,1.1437372533539456,2.1437372533539456
Hyeyeong Kim,Transferred 14,2024.0,Acrylic and oil on linen,22.0,27.3,2,False,365400,1257280.4213440048,2.4408331180733573,3.4408331180733573
Hyeyeong Kim,We Go Where the Light Lives,2025.0,Acrylic and Oil on Canvas,60.6,72.7,20,False,2496700,3718972.459856143,0.48955519680223625,1.4895551968022362
Hyeyeong Kim,Transferred 13,2024.0,"Acrylic, Oil, Oil-colored pencil on linen",22.0,27.3,2,False,365400,1257280.4213440048,2.4408331180733573,3.4408331180733573
Hyeyeong Kim,Self-sustaining,2025.0,Acrylic and Oil on Canvas,72.7,100.0,40,False,3988500,7878244.095514596,0.9752398384140896,1.9752398384140897
Hyeyeong Kim,All Reflected in the Water Are Me,2025.0,"Acrylic, Oil on canvas",100.0,72.7,40,False,3988500,7878244.095514596,0.9752398384140896,1.9752398384140897
Hyeyeong Kim,In Search of a Summer We Never Knew,2025.0,Acrylic and Oil on Canvas,60.6,72.7,20,False,2496700,3718972.459856143,0.48955519680223625,1.4895551968022362
Hyeyeong Kim,A Boundless Map,2025.0,Acrylic and Oil on Canvas,100.0,145.4,60,False,7977000,17899045.793507427,1.2438317404421997,2.2438317404421997
Hyeyeong Kim,"In the Night, Wings",2025.0,Acrylic and Oil on Canvas,50.0,72.7,15,False,1994300,4370627.638264579,1.1915597644610032,2.191559764461003
Hyeyeong Kim,Walking Through a Long Day,2024.0,"Korean pigment, acrylic and oil on linen",91.0,91.0,50,False,5419500,9657698.347339649,0.7820275574019095,1.7820275574019095
Hyeyeong Kim,The Swallow's Resting Sea,2024.0,Acrylic and Oil on linen,145.5,89.4,60,False,7703000,18523463.56733068,1.4047077200221576,2.4047077200221576
Chulho Park,"BATTLES, 2010",,-,50.8,76.2,15,False,854000,5025569.35333121,4.884741631535375,5.884741631535375
Chulho Park,"BETWEEN 83PAGE, 2010",,-,50.8,76.2,15,False,854000,5025569.35333121,4.884741631535375,5.884741631535375
Chulho Park,"WAITING PEOPLE, 2010",2010.0,-,50.8,76.2,15,False,854000,7136160.173356166,7.356159453578649,8.356159453578648
Chulho Park,"WITH THOMAS, 2014",2014.0,-,50.8,76.2,15,False,854000,7007887.07783052,7.205956765609509,8.205956765609509
Chulho Park,"l WARDSTOCK FESTIVAL, 2010",2010.0,-,50.8,76.2,15,False,854000,7136160.173356166,7.356159453578649,8.356159453578648
Chulho Park,"THE END, 2014",2014.0,-,50.8,76.2,15,False,854000,7007887.07783052,7.205956765609509,8.205956765609509
Chulho Park,"PRESENT, 2010",2010.0,-,50.8,76.2,15,False,854000,7136160.173356166,7.356159453578649,8.356159453578648
Chulho Park,"MC DONALD HOME SERVICE, 2014",2014.0,-,50.8,76.2,15,False,854000,7007887.07783052,7.205956765609509,8.205956765609509
Chulho Park,"CLOCK, 2010",2010.0,-,50.8,76.2,15,False,854000,7136160.173356166,7.356159453578649,8.356159453578648
Chulho Park,"PICASSO’S POSITION IN THE HISTORY OF 20TH CENTURY PAINTING, 2009",2009.0,-,50.8,76.2,15,False,854000,7287405.552181457,7.533261770704282,8.533261770704282
Chulho Park,"TOM & HUMAN, 2014",2014.0,-,50.8,76.2,15,False,854000,7007887.07783052,7.205956765609509,8.205956765609509
Chulho Park,"A MASTEROIECE OF PICASSO, 2014",2014.0,-,50.8,76.2,15,False,854000,7007887.07783052,7.205956765609509,8.205956765609509
Chulho Park,"IMPRESSIVE INFLUENCE URINATE OF DUCHAMP, 2014",2014.0,-,50.8,76.2,15,False,854000,7007887.07783052,7.205956765609509,8.205956765609509
Chulho Park,"HUNTING, 2010",2010.0,digital print,50.8,76.2,15,False,854000,6859275.69305178,7.031938750646112,8.031938750646113
Chulho Park,"A GRENADE-THROWER, 2010",2010.0,-,50.8,76.2,15,False,854000,7136160.173356166,7.356159453578649,8.356159453578648
Chulho Park,"DIRECTOR, 2009",2009.0,-,50.8,76.2,15,False,854000,7287405.552181457,7.533261770704282,8.533261770704282
Chulho Park,"CHANUN, 2009",2009.0,-,50.8,76.2,15,False,854000,7287405.552181457,7.533261770704282,8.533261770704282
Chulho Park,"TASTE OF THE BEGINNING, 2010",2010.0,-,50.8,76.2,15,False,854000,7136160.173356166,7.356159453578649,8.356159453578648
Chulho Park,"MOUSE HUNTING, 2010",2010.0,-,50.8,76.2,15,False,854000,7136160.173356166,7.356159453578649,8.356159453578648
Chulho Park,"A HELLO TO ARMS, 2009",2009.0,-,50.8,76.2,15,False,854000,7287405.552181457,7.533261770704282,8.533261770704282
Chulho Park,"NO!!HERO, 2009",2009.0,-,50.8,76.2,15,False,854000,7287405.552181457,7.533261770704282,8.533261770704282
Chulho Park,"HI! DONALD, 2014",2014.0,-,50.8,76.2,15,False,854000,7007887.07783052,7.205956765609509,8.205956765609509
Chulho Park,"JUST DO EAT, 2014",2014.0,-,50.8,76.2,15,False,854000,7007887.07783052,7.205956765609509,8.205956765609509
Chulho Park,"IS HE KNOW NAMJUN PAIK, 2009",2009.0,-,50.8,76.2,15,False,854000,7287405.552181457,7.533261770704282,8.533261770704282
Chulho Park,"RELIEFVUITTON, 2009",2009.0,-,50.8,76.2,15,False,854000,7287405.552181457,7.533261770704282,8.533261770704282
Chulho Park,"FAST, FREE MOON DELIVERY, 2010",2010.0,-,50.8,76.2,15,False,854000,7136160.173356166,7.356159453578649,8.356159453578648
Chulho Park,"START OF ART, 2010",2010.0,-,50.8,76.2,15,False,854000,7136160.173356166,7.356159453578649,8.356159453578648
Jiyoon Kim,Quiet Light,2025.0,Oil on Canvas,65.1,83.3,25,False,2496700,6509747.720244605,1.6073407779247026,2.6073407779247026
Jiyoon Kim,Forest in a Moment,2025.0,Oil on Canvas,72.7,60.6,20,False,1994300,3838899.896472516,0.9249360158815203,1.9249360158815203
Jiyoon Kim,Winter Dawn,2025.0,Oil on Canvas,33.4,53.0,8,False,1004800,3349178.7254642285,2.3331794640368515,3.3331794640368515
Jiyoon Kim,Suspended Motion,2025.0,Oil on Canvas,97.0,145.0,60,False,6987500,18890953.845384996,1.7035354340443645,2.7035354340443645
Jiyoon Kim,A Summer Forest Holding Autumn,2025.0,Oil on Canvas,50.0,60.6,12,False,1202700,2829365.6584780063,1.3525115643784869,2.352511564378487
Jiyoon Kim,Window of Winter,2025.0,Oil on Canvas,31.8,31.8,4,False,624200,1619334.1875708068,1.5942553469573963,2.5942553469573966
Jiyoon Kim,Winter Seeping into the Dark,2025.0,Oil on Canvas,40.9,31.8,6,False,624200,2423640.3024251717,2.882794460790086,3.882794460790086
Jiyoon Kim,Winter Dawn,2025.0,Oil on Canvas,33.4,53.0,8,False,1004800,3349178.7254642285,2.3331794640368515,3.3331794640368515
Jiyoon Kim,Forest Beyond the Window,2025.0,Oil on canvas,117.0,91.0,50,False,4000000,11949839.368799236,1.9874598421998089,2.987459842199809
Jiyoon Kim,Forest-Wind and Mist,2024.0,Oil on canvas,162.2,130.3,100,False,7000000,21149335.218336347,2.021333602619478,3.021333602619478
Jiyoon Kim,Forest Beyond the Window,2025.0,Oil on canvas,80.3,65.1,25,False,2000000,5182549.004482898,1.591274502241449,2.591274502241449
Jiyoon Kim,"Autumn, Light of the Wind",2025.0,Oil on Canvas,27.3,34.8,4,False,624200,1855375.8796859777,1.9724060872892946,2.972406087289295
Jiyoon Kim,Dancing Trees,2025.0,Oil on Canvas,97.0,145.0,60,False,6987500,18890953.845384996,1.7035354340443645,2.7035354340443645
Jiyoon Kim,Shadows of Verdure,2025.0,Oil on Canvas,24.2,34.8,3,False,624200,1739760.0671318134,1.7871837025501656,2.787183702550166
Jiyoon Kim,Early Winter Wind,2025.0,Oil on Canvas,40.9,53.0,10,False,1004800,3218257.28903833,2.202883448485599,3.202883448485599
Jiyoon Kim,Silent Autumn,2025.0,Oil on Canvas,33.4,53.0,8,False,1004800,3349178.7254642285,2.3331794640368515,3.3331794640368515
Jiyoon Kim,"Autumn, Light of the Wind",2025.0,Oil on Canvas,91.0,91.0,50,False,4993300,9641340.124032408,0.9308553710036265,1.9308553710036265
Jiyoon Kim,Erased Landscape,2025.0,Oil on Canvas,130.3,193.9,120,False,10473600,30413144.755795658,1.9037909368121426,2.903790936812143
Jiyoon Kim,Edge of the Landscape,2025.0,Oil on Canvas,53.0,45.5,10,False,1004800,2465976.4770283545,1.4541963346221682,2.4541963346221682
Jiyoon Kim,Breath of Autumn,2025.0,Oil on Canvas,37.9,45.5,8,False,806900,2341217.6066940646,1.901496600190934,2.9014966001909337
Jiyoon Kim,Silent Autumn,2025.0,Oil on Canvas,40.9,53.0,10,False,1004800,3218257.28903833,2.202883448485599,3.202883448485599
Jiyoon Kim,Winter Seeping into the Dark,2025.0,Oil on Canvas,40.9,31.8,6,False,624200,2423640.3024251717,2.882794460790086,3.882794460790086
Jiyoon Kim,Forest Edge,2025.0,Oil on canvas,45.5,37.9,8,False,640000,2276043.145528816,2.5563174148887753,3.5563174148887753
Hyeyoung Hwang,ALICES,2025.0,Acrylic on Canvas,162.2,112.0,80,False,22073700,23644987.47054472,0.0711836923825511,1.071183692382551
Hyeyoung Hwang,HEART HEAD,2025.0,Acrylic on Canvas,65.1,90.9,30,False,6241600,7094280.426909843,0.13661247547261013,1.1366124754726101
Hyeyoung Hwang,ALICE'S HAT,2025.0,Acrylic on Canvas,65.1,90.9,30,False,6469900,7094280.426909843,0.09650542155363197,1.096505421553632
Hyeyoung Hwang,Nana’s Wonderland,2025.0,colored pencil and watercolor on paper,49.5,37.0,8,False,1141800,2790518.689855761,1.4439645208055358,2.443964520805536
Hyeyoung Hwang,Nana’s Wonderland,2025.0,colored pencil and watercolor on paper,39.0,27.0,4,False,1141800,1745378.631530161,0.5286202763445096,1.5286202763445096
Hyeyoung Hwang,Nana’s Wonderland,2025.0,colored pencil and watercolor on paper,49.5,37.0,8,False,1141800,2790518.689855761,1.4439645208055358,2.443964520805536
Hyeyoung Hwang,Nana’s Wonderland,2025.0,colored pencil and watercolor on paper,39.0,27.0,4,False,1141800,1745378.631530161,0.5286202763445096,1.5286202763445096
Hyeyoung Hwang,Nana’s Wonderland,2025.0,colored pencil and watercolor on paper,49.5,37.0,8,False,1141800,2790518.689855761,1.4439645208055358,2.443964520805536
Hyeyoung Hwang,LITTLE GIRL,2025.0,Acrylic on Canvas,80.3,116.8,50,False,10306200,12516041.006568108,0.2144186030319718,1.2144186030319717
Hyeyoung Hwang,MIRROR,2025.0,Acrylic on Canvas,116.8,91.0,50,False,10960800,11731390.546857323,0.07030422476984559,1.0703042247698455
Hyeyoung Hwang,SPACE OUT,2025.0,Acrylic on Canvas,52.0,72.7,15,False,4414800,4549639.996474862,0.030542719143531325,1.0305427191435312
Hyeyoung Hwang,Nana’s Wonderland,2025.0,colored pencil and watercolor on paper,39.0,27.0,4,False,1141800,1745378.631530161,0.5286202763445096,1.5286202763445096
Hyeyoung Hwang,ALICE,2025.0,Acrylic on Canvas,50.0,50.0,10,False,2588000,2964193.4404959218,0.14536068025344737,1.1453606802534473
Hyeyoung Hwang,Nana’s Wonderland,2025.0,colored pencil and watercolor on paper,49.5,37.0,8,False,1141800,2790518.689855761,1.4439645208055358,2.443964520805536
Hyeyoung Hwang,SMALL TALK,2025.0,Acrylic on Canvas,90.9,65.1,30,False,6469900,7094280.426909843,0.09650542155363197,1.096505421553632
Hyeyoung Hwang,Nana’s Wonderland,2025.0,colored pencil and watercolor on paper,39.0,27.0,4,False,1141800,1745378.631530161,0.5286202763445096,1.5286202763445096
Hyeyoung Hwang,Nana’s Wonderland,2025.0,colored pencil and watercolor on paper,49.5,37.0,8,False,1141800,2790518.689855761,1.4439645208055358,2.443964520805536
Hyeyoung Hwang,ROSE KEY,2025.0,Acrylic on Canvas,27.3,40.9,4,False,1172200,2127872.2209147937,0.8152808572895356,1.8152808572895356
Hyeyoung Hwang,MY LITTLE HOUSE,2025.0,Acrylic on Canvas,125.0,125.0,80,False,19333500,16376988.629441286,0.15292168363507458,0.8470783163649254
Hyeyoung Hwang,LITTLE WINDOW,2025.0,Acrylic on Canvas,21.2,33.4,3,False,761200,1691153.8657081951,1.2216945161694628,2.221694516169463
Hyeyoung Hwang,Nana’s Wonderland,2025.0,colored pencil and watercolor on paper,39.0,27.0,4,False,1141800,1745378.631530161,0.5286202763445096,1.5286202763445096
Hyeyoung Hwang,Nana’s Wonderland,2025.0,colored pencil and watercolor on paper,49.5,39.0,8,False,1141800,2660317.4870830546,1.3299329892126945,2.3299329892126943
Hyeyoung Hwang,HIDE AND SEEK,2025.0,Acrylic on Canvas,125.0,125.0,80,False,19333500,16376988.629441286,0.15292168363507458,0.8470783163649254
Hyeyoung Hwang,Nana’s Wonderland,2025.0,colored pencil and watercolor on paper,49.5,37.0,8,False,1141800,2790518.689855761,1.4439645208055358,2.443964520805536
Hyeyoung Hwang,Nana’s Wonderland,2025.0,colored pencil and watercolor on paper,39.0,27.1,4,False,1141800,1735598.487680004,0.5200547273427956,1.5200547273427956
Yislow,The Dream of Seeking Stars 1,2025.0,Acrylic on Canvas,45.5,53.0,10,False,1800000,2334492.2663946315,0.2969401479970175,1.2969401479970175
Yislow,The Butterfly Family,2025.0,Acrylic on Canvas,45.5,53.0,10,False,1800000,2334492.2663946315,0.2969401479970175,1.2969401479970175
Yislow,SOMEWHERE UNKNOWN,2025.0,Acrylic on Canvas,60.6,72.7,20,False,2800000,3806978.957814245,0.3596353420765161,1.3596353420765162
Yislow,Somewhere Unknown 17,2024.0,Acrylic on Canvas,60.6,72.7,20,False,2800000,3854503.5595939187,0.37660841414068524,1.3766084141406854
Yislow,The Star Hunter 1,2025.0,Acrylic on Canvas,45.5,53.0,10,False,1800000,2334492.2663946315,0.2969401479970175,1.2969401479970175
Yislow,Friends Friends,2025.0,Acrylic on Canvas,60.6,72.2,20,False,2800000,3868358.7962791612,0.3815567129568433,1.3815567129568433
Yislow,The Forest Seeks a Star,2025.0,Acrylic on Canvas,112.1,145.5,80,False,9000000,16890296.09748766,0.8766995663875176,1.8766995663875177
Yislow,Somewhere Unknown 11,2023.0,Acrylic on Canvas,80.3,130.3,50,False,6500000,12026443.57006009,0.8502220877015522,1.8502220877015523
Yislow,The Star Hunter Who Found a Flower,2025.0,Acrylic on Canvas,31.8,40.9,6,False,1200000,2350038.4039856647,0.9583653366547206,1.9583653366547207
Yislow,FOREST,2025.0,Acrylic on Canvas,97.0,130.3,60,False,7000000,12942590.568319723,0.8489415097599604,1.8489415097599604
Yislow,The Procession Beneath the Wavering Starlight,2025.0,Acrylic on Canvas,97.0,130.3,60,False,7000000,12942590.568319723,0.8489415097599604,1.8489415097599604
Yislow,Garden 1,2024.0,Acrylic on Canvas,130.3,162.2,100,False,11000000,16112460.920422973,0.46476917458390665,1.4647691745839067
Yislow,Friends Friends,,Acrylic on Canvas,90.9,72.7,40,False,4000000,6146675.144951432,0.536668786237858,1.536668786237858
Yislow,The Star Hunter 3,2025.0,Acrylic on Canvas,37.9,45.0,8,False,1500000,2140768.616583986,0.42717907772265745,1.4271790777226574
Yislow,The Star the Forest Seeks,2025.0,Acrylic on Canvas,37.9,45.5,8,False,1500000,2181173.3677395186,0.45411557849301243,1.4541155784930124
Yislow,Garden 2,2024.0,Acrylic on Canvas,130.3,162.2,100,False,11000000,16112460.920422973,0.46476917458390665,1.4647691745839067
Yislow,Connection,2025.0,Acrylic on Canvas,72.7,60.6,20,False,2800000,3806978.957814245,0.3596353420765161,1.3596353420765162
Yislow,Connection 6,2024.0,Acrylic on Canvas,100.0,80.3,40,False,5000000,7224882.1303541055,0.4449764260708211,1.444976426070821
Yislow,Somewhere Unknown 10,2023.0,Acrylic on Canvas,80.3,130.3,50,False,6500000,12026443.57006009,0.8502220877015522,1.8502220877015523
Yislow,The Star Hunter 2,2025.0,Acrylic on Canvas,37.9,45.5,8,False,1500000,2181173.3677395186,0.45411557849301243,1.4541155784930124
Yislow,HARMONY,2023.0,Acrylic on Canvas,130.3,162.2,100,False,11000000,16046900.54420171,0.45880914038197357,1.4588091403819736
Yislow,MIDNIGHT,2025.0,Acrylic on Canvas,60.6,72.2,20,False,2800000,3868358.7962791612,0.3815567129568433,1.3815567129568433
Yislow,The Little Star's Friend,2025.0,Acrylic on Canvas,60.6,72.2,20,False,2800000,3868358.7962791612,0.3815567129568433,1.3815567129568433
Yislow,Friends Friends 12,2023.0,Acrylic on Canvas,72.7,60.6,20,False,2800000,3847068.4310316406,0.37395301108272877,1.3739530110827287
Doyeon Gwon,HUBBLE,,Pigmentprint,80.0,60.0,20,False,4000000,6247265.765882222,0.5618164414705555,1.5618164414705555
Doyeon Gwon,Flashbulb Memory #Summer Break 7,,Inkjet Print,135.0,105.0,60,False,7763900,15371262.979365082,0.9798378365724807,1.9798378365724807
Doyeon Gwon,Traveller Novice #3,,Inkjet Print,50.0,50.0,10,False,4567000,3682816.6627675747,0.19360265759413736,0.8063973424058626
Doyeon Gwon,HUBBLE,,Pigmentprint,120.0,90.0,50,False,7000000,12032523.781446245,0.7189319687780349,1.718931968778035
Doyeon Gwon,HUBBLE,,Pigmentprint,80.0,60.0,20,False,4000000,6247265.765882222,0.5618164414705555,1.5618164414705555
Doyeon Gwon,HUBBLE,,Pigmentprint,120.0,90.0,50,False,7000000,12032523.781446245,0.7189319687780349,1.718931968778035
Doyeon Gwon,Dictionary of Notion #The World of Fruits,,Inkjet Print,105.0,105.0,60,False,7763900,14132598.076143922,0.8202962526750631,1.820296252675063
Doyeon Gwon,The Art of Shovel #5,,Inkjet Print,35.0,28.0,4,False,2359600,2193523.8855177723,0.07038316429997785,0.9296168357000222
Doyeon Gwon,HUBBLE,,Pigmentprint,120.0,90.0,50,False,7000000,12032523.781446245,0.7189319687780349,1.718931968778035
Doyeon Gwon,HUBBLE,,Pigmentprint,120.0,160.0,100,False,10000000,22715091.727088597,1.2715091727088597,2.2715091727088597
Doyeon Gwon,HUBBLE,,Pigmentprint,160.0,120.0,100,False,10000000,22715091.727088597,1.2715091727088597,2.2715091727088597
Doyeon Gwon,HUBBLE,,Pigmentprint,80.0,60.0,20,False,4000000,6247265.765882222,0.5618164414705555,1.5618164414705555
Doyeon Gwon,HUBBLE,,Pigmentprint,80.0,60.0,20,False,4000000,6247265.765882222,0.5618164414705555,1.5618164414705555
Doyeon Gwon,HUBBLE,,Pigmentprint,80.0,60.0,20,False,4000000,6247265.765882222,0.5618164414705555,1.5618164414705555
Doyeon Gwon,HUBBLE,,Pigmentprint,135.0,90.0,60,False,7000000,15070369.335333621,1.15290990504766,2.15290990504766
Doyeon Gwon,Traveller Novice #5,,Inkjet Print,90.0,90.0,40,False,6546000,9502750.569114089,0.45168814071403746,1.4516881407140374
Doyeon Gwon,Dictionary of Notion #The Change of Seasons,,Inkjet Print,105.0,105.0,60,False,7763900,14132598.076143922,0.8202962526750631,1.820296252675063
Doyeon Gwon,HUBBLE,,Pigmentprint,160.0,120.0,100,False,10000000,22715091.727088597,1.2715091727088597,2.2715091727088597
Doyeon Gwon,HUBBLE,,Pigmentprint,80.0,60.0,20,False,4000000,6247265.765882222,0.5618164414705555,1.5618164414705555
Doyeon Gwon,HUBBLE,,Pigmentprint,120.0,160.0,100,False,10000000,22715091.727088597,1.2715091727088597,2.2715091727088597
Doyeon Gwon,HUBBLE,,Pigmentprint,80.0,60.0,20,False,4000000,6247265.765882222,0.5618164414705555,1.5618164414705555
Doyeon Gwon,The Art of Shovel #10,,Inkjet Print,35.0,28.0,4,False,2359600,2193523.8855177723,0.07038316429997785,0.9296168357000222
Doyeon Gwon,HUBBLE,,Pigmentprint,80.0,60.0,20,False,4000000,6247265.765882222,0.5618164414705555,1.5618164414705555
Doyeon Gwon,HUBBLE,,Pigmentprint,80.0,60.0,20,False,4000000,6247265.765882222,0.5618164414705555,1.5618164414705555
Doyeon Gwon,HUBBLE,,Pigmentprint,80.0,60.0,20,False,4000000,6247265.765882222,0.5618164414705555,1.5618164414705555
Rimm Chae,Arirang Cantabile,2025.0,"Ottchil (Korean lacquer), Hemp cloth on wood",20.0,20.0,1,True,1500000,977237.7389769375,0.348508174015375,0.651491825984625
Rimm Chae,Dancing willows,2017.0,"Ottchil (Korean lacquer), hemp cloth, mother-of-pearl, silver on wood",45.0,90.0,20,True,19000000,6888495.33653421,0.6374476138666205,0.3625523861333794
Rimm Chae,The Good Earth,2025.0,"Ottchil (Korean lacquer), hemp cloth, Korean paper on wood",80.0,80.0,30,True,13000000,6581365.520067978,0.4937411138409248,0.5062588861590752
Rimm Chae,Song of the wind in the forest,2017.0,"Ottchil (Korean lacquer), hemp cloth, mother-of-pearl, silver on wood",83.0,60.0,25,True,60000000,4929788.556168497,0.9178368573971917,0.08216314260280827
Rimm Chae,The Good Earth,2023.0,"Ottchil (Korean lacquer), hemp cloth, Korean paper on wood",162.0,122.0,100,True,30000000,18837568.424622376,0.3720810525125875,0.6279189474874125
Rimm Chae,Blooming landscape,2018.0,"Ottchil (Korean lacquer), hemp cloth, mother-of-pearl, pearl, silver on wood",162.0,122.0,100,True,60000000,21879946.38721776,0.635334226879704,0.364665773120296
Rimm Chae,Song of the wind in the forest,2017.0,"Ottchil (Korean lacquer), hemp cloth, mother-of-pearl, silver on wood",65.0,45.0,12,True,28000000,3226978.2537837843,0.8847507766505791,0.11524922334942087
Rimm Chae,Pine Tree,2015.0,"Ottchil (Korean lacquer), hemp cloth, mother-of-pearl, silver",150.0,122.0,80,True,250000000,23931119.266702414,0.9042755229331904,0.09572447706680966
Rimm Chae,Song of the wind in the forest,2017.0,"Ottchil (Korean lacquer), hemp cloth, mother-of-pearl, silver on wood",45.0,50.0,10,True,18000000,2963504.6381630944,0.8353608534353837,0.16463914656461637
Rimm Chae,The Good Earth,2025.0,"Ottchil (Korean lacquer), hemp cloth, Korean paper on wood",80.0,80.0,30,True,13000000,6581365.520067978,0.4937411138409248,0.5062588861590752
Rimm Chae,Mountains and islands,2022.0,"Ottchil (Korean lacquer), hemp cloth on wood",162.0,122.0,100,True,45669600,19459202.311602633,0.5739134498309021,0.4260865501690979
Rimm Chae,Song of the wind in the forest,2017.0,"Ottchil (Korean lacquer), hemp cloth, mother-of-pearl, silver on wood",90.0,45.0,20,True,50000000,6888495.33653421,0.8622300932693158,0.13776990673068418
Rimm Chae,Dancing willows,2017.0,"Ottchil (Korean lacquer), hemp cloth, mother-of-pearl, silver on wood",45.0,90.0,20,True,29000000,6888495.33653421,0.7624656780505445,0.2375343219494555
Rimm Chae,Song of the wind in the forest,2017.0,"Ottchil (Korean lacquer), hemp cloth, mother-of-pearl, silver on wood",59.0,45.0,12,True,28000000,2966807.5002644104,0.8940425892762711,0.10595741072372894
Rimm Chae,Song of the wind in the forest,2017.0,"Ottchil (Korean lacquer), hemp cloth, mother-of-pearl, silver on wood",120.0,60.0,40,True,70000000,7489702.040065209,0.8930042565704971,0.10699574342950299
Rimm Chae,The Good Earth,2023.0,"Ottchil (Korean lacquer), hemp cloth, Korean paper on wood",162.0,122.0,100,True,30000000,18837568.424622376,0.3720810525125875,0.6279189474874125
Rimm Chae,Song of the wind in the forest,2017.0,"Ottchil (Korean lacquer), hemp cloth, mother-of-pearl, silver on wood",60.0,50.0,12,True,28000000,3299398.182510106,0.882164350624639,0.11783564937536092
Rimm Chae,Mountains and islands,2022.0,"Ottchil (Korean lacquer), hemp cloth on wood ",162.0,122.0,100,True,45669600,19459202.311602633,0.5739134498309021,0.4260865501690979
Rimm Chae,Arirang Cantabile,2025.0,"Ottchil (Korean lacquer), Hemp cloth on wood",20.0,20.0,1,True,1500000,977237.7389769375,0.348508174015375,0.651491825984625
Rimm Chae,Song of the wind in the forest,2017.0,"Ottchil (Korean lacquer), hemp cloth, silver on wood",110.0,60.0,40,True,50000000,7335304.039786593,0.8532939192042681,0.14670608079573186
Rimm Chae,Arirang Cantabile,2025.0,"Ottchil (Korean lacquer), Hemp cloth on wood",20.0,20.0,1,True,1500000,977237.7389769375,0.348508174015375,0.651491825984625
Rimm Chae,Song of the wind in the forest,2017.0,"Ottchil (Korean lacquer), hemp cloth, mother-of-pearl, silver on wood",45.0,50.0,10,True,19000000,2963504.6381630944,0.8440260716756267,0.1559739283243734
Rimm Chae,The Good Earth,2025.0,"Ottchil (Korean lacquer), sochang, Korean mulberry paper on wood",60.0,60.0,15,True,13500000,4090322.783967642,0.697013127113508,0.302986872886492
Rimm Chae,Song of the wind in the forest,2017.0,"Ottchil (Korean lacquer), hemp cloth, silver on wood",100.0,45.0,20,True,50000000,6646090.954824048,0.8670781809035191,0.13292181909648096
Rimm Chae,Arirang Cantabile,2025.0,"Ottchil (Korean lacquer), Hemp cloth on wood",20.0,20.0,1,True,1500000,977237.7389769375,0.348508174015375,0.651491825984625
Yerang Hwang,Flower,2020.0,"Watercolor, pencil on paper",22.3,29.2,3,False,600000,1542707.1918891785,1.5711786531486307,2.571178653148631
Yerang Hwang,The spring of Seoul,2021.0,"Watercolor, pencil on paper",21.0,29.5,2,False,600000,1418318.9010570608,1.3638648350951013,2.3638648350951015
Yerang Hwang,Raising things,2022.0,"Indian ink, White Indian ink on Korean paper, Gouache",31.3,23.2,3,False,600000,1545744.181578638,1.5762403026310634,2.576240302631063
Yerang Hwang,A house on a mountain,2020.0,"Watercolor, pencil on paper",46.7,19.2,3,False,800000,1790573.333971566,1.2382166674644575,2.2382166674644575
Yerang Hwang,Prey,2022.0,"Indian ink, orient paints on Korean paper",21.7,39.7,3,False,800000,1737264.3062567196,1.1715803828208995,2.1715803828208995
Yerang Hwang,Rose,2019.0,"Watercolor, pencil on paper",39.5,32.5,6,False,600000,1781412.0386451297,1.9690200644085494,2.9690200644085496
Yerang Hwang,Birth,2020.0,"Watercolor, pencil on paper",29.2,22.2,3,False,600000,1542707.1918891785,1.5711786531486307,2.571178653148631
Yerang Hwang,Summer,2020.0,"Watercolor, pencil on paper",36.0,25.0,3,False,800000,1735795.4034251682,1.1697442542814602,2.1697442542814604
Yerang Hwang,Blood,2022.0,"Pencil, White Indian ink, orient paints on Korean paper",22.2,29.3,3,False,600000,1488129.600927796,1.4802160015463266,2.4802160015463266
Yerang Hwang,Spider and Butterfly,2020.0,"Watercolor, pencil on paper",50.0,39.0,8,False,1000000,2981140.604969165,1.9811406049691649,2.981140604969165
Yerang Hwang,Family,2021.0,"Watercolor, pencil on paper",35.5,25.0,3,False,800000,1591635.2065862983,0.9895440082328729,1.9895440082328728
Yerang Hwang,White cat,2022.0,"White Indian ink, gouache, color pencil on Korean paper",32.0,21.5,3,False,800000,1596135.3990832525,0.9951692488540657,1.9951692488540658
Yerang Hwang,Black cat,2022.0,"Indian ink, gouache on Korean paper",27.0,16.5,2,False,600000,1551324.6217004776,1.5855410361674627,2.5855410361674624
Yerang Hwang,Spring,2020.0,"Watercolor, pencil on paper",29.2,22.3,3,False,800000,1542707.1918891785,0.9283839898614731,1.9283839898614732
Yerang Hwang,Spring,2019.0,Pencil on paper,25.2,19.2,2,False,600000,1575606.9672865227,1.6260116121442045,2.6260116121442048
Yerang Hwang,Crying bird,2020.0,"Watercolor, pencil on paper",29.2,40.3,5,False,800000,2150096.511952371,1.6876206399404636,2.6876206399404636
Yerang Hwang,Flower,2022.0,"Indian ink, gouache on paper",21.0,29.5,2,False,600000,1458852.3263833402,1.4314205439722336,2.4314205439722336
Yerang Hwang,Flowers and Dog,2022.0,"Indian ink, White Indian ink, orient paints on Korean paper",18.0,23.0,1,False,600000,1415218.413457277,1.3586973557621282,2.3586973557621285
Yerang Hwang,Adam and Eve,2021.0,"Watercolor, pencil on paper",29.5,16.0,2,False,800000,1531803.9888821652,0.9147549861027064,1.9147549861027064
Yerang Hwang,Family,2022.0,"Gouache, color pencil on Korean paper",27.3,20.1,2,False,600000,1368447.3744336683,1.280745624056114,2.280745624056114
Yerang Hwang,Love,2020.0,"Watercolor, pencil on paper",19.2,25.2,2,False,600000,1496007.0526284412,1.4933450877140688,2.4933450877140686
Yerang Hwang,Singing Birds,2022.0,"Indian ink, gouache on paper",21.0,29.5,2,False,600000,1458852.3263833402,1.4314205439722336,2.4314205439722336
Hyewon NA,Gerberas and roses in a vase,2025.0,Oil on canvas,30.0,40.0,5,False,420000,2085311.925122843,3.965028393149626,4.965028393149626
Hyewon NA,Still Life on the Table-Goldfish,2025.0,Oil on canvas,25.0,31.0,3,False,500000,1306431.3223489108,1.6128626446978216,2.6128626446978216
Hyewon NA,Still Life on the Table-Rosy Rose,2025.0,Oil on canvas,25.0,31.0,3,False,500000,1306431.3223489108,1.6128626446978216,2.6128626446978216
Hyewon NA,Sleeping Baby,2025.0,Oil on canvas,55.0,40.0,10,False,1000000,3194080.6628072355,2.1940806628072353,3.1940806628072353
Hyewon NA,Winter Cowboy,2025.0,Oil on canvas,50.0,60.0,12,False,1350000,2686531.9402085654,0.9900236594137521,1.9900236594137521
Hyewon NA,The head-16,2025.0,Oil on canvas,25.0,25.0,3,False,300000,1217353.395884412,3.0578446529480403,4.057844652948041
Hyewon NA,Museum Collection,2025.0,Oil on canvas,110.0,120.0,60,False,5600000,13357497.633113332,1.3852674344845235,2.3852674344845237
Hyewon NA,The head-7,2025.0,Oil on canvas,30.0,30.0,3,False,400000,1362217.0964404396,2.405542741101099,3.405542741101099
Hyewon NA,museum study series-The Hug 2,2025.0,Oil on canvas,40.0,40.0,8,False,700000,2402514.115384241,2.4321630219774875,3.4321630219774875
Hyewon NA,Ashtray,2024.0,Oil on canvas,45.0,45.0,8,False,850000,2557706.6800667974,2.009066682431526,3.009066682431526
Hyewon NA,Museum Study- Torso,2025.0,Oil on canvas,55.0,70.0,15,False,2000000,4210342.524452474,1.105171262226237,2.105171262226237
Hyewon NA,Still Life on the Table-Cherry Cake,2025.0,Oil on canvas,25.0,31.0,3,False,500000,1306431.3223489108,1.6128626446978216,2.6128626446978216
Hyewon NA,Still Life on the Table-Candle Candle Candle,2025.0,Oil on canvas,25.0,31.0,3,False,500000,1306431.3223489108,1.6128626446978216,2.6128626446978216
Hyewon NA,museum study series-The Hug 1,2025.0,Oil on canvas,40.0,40.0,8,False,700000,2402514.115384241,2.4321630219774875,3.4321630219774875
Hyewon NA,The head-1,2025.0,Oil on canvas,30.0,30.0,3,False,400000,1362217.0964404396,2.405542741101099,3.405542741101099
Hyewon NA,The head-6,2025.0,Oil on canvas,30.0,30.0,3,False,400000,1362217.0964404396,2.405542741101099,3.405542741101099
Hyewon NA,The head-11,2025.0,Oil on canvas,25.0,25.0,3,False,300000,1217353.395884412,3.0578446529480403,4.057844652948041
Hyewon NA,Collection inside the museum hall,2025.0,Oil on canvas,110.0,120.0,60,False,5600000,13357497.633113332,1.3852674344845235,2.3852674344845237
Hyewon NA,Oh Baby!,2025.0,Hand-signed and dated by artist,90.0,120.0,50,False,4300000,11689970.83612764,1.7185978688668933,2.718597868866893
Hyewon NA,Bottle Cap Ashtray,2024.0,Oil on canvas,25.0,25.0,3,False,450000,1259466.5157488838,1.798814479441964,2.798814479441964
Hyewon NA,The head-13,2025.0,Oil on canvas,25.0,25.0,3,False,300000,1217353.395884412,3.0578446529480403,4.057844652948041
Hyewon NA,Museum Study-Torso,2025.0,Oil on canvas,55.0,70.0,15,False,2000,4210342.524452474,2104.171262226237,2105.171262226237
Michelle Sakhai,Ajisai,2021.0,Painting,101.6,101.6,50,False,21312500,10003294.210816583,0.530637221779867,0.4693627782201329
Michelle Sakhai,In A Haze,2023.0,Painting,91.4,121.9,60,False,22834800,13743726.43647307,0.3981236342567892,0.6018763657432108
Michelle Sakhai,True Friendship,2018.0,Painting,61.0,45.7,12,False,6089300,4384126.527564476,0.2800278311851155,0.7199721688148845
Michelle Sakhai,Remembering,2022.0,Painting,152.4,101.6,80,False,30446400,19655446.756111372,0.3544246033648848,0.6455753966351152
Michelle Sakhai,Sounds of Night,2023.0,Painting,121.9,91.4,60,False,22834800,13743726.43647307,0.3981236342567892,0.6018763657432108
Michelle Sakhai,Wait for Me,2022.0,Painting,91.5,122.0,60,False,22834800,13868449.786182007,0.3926616486160594,0.6073383513839407
Michelle Sakhai,illusion,2016.0,Painting,152.4,50.8,40,False,12178600,10549748.885620741,0.13374699180359473,0.8662530081964053
Michelle Sakhai,Devotion,2021.0,Painting,61.0,30.5,8,False,3653600,3958283.395048781,0.08339265246572718,1.0833926524657271
Michelle Sakhai,Algid Liles,2021.0,Painting,91.4,91.4,50,False,16745600,9570935.802251749,0.4284507093056236,0.5715492906943763
Michelle Sakhai,Bountiful Bouquet,2022.0,Painting,101.6,101.6,50,False,21312500,9822993.952692905,0.5390970579381628,0.4609029420618372
Michelle Sakhai,Celestial,2022.0,Painting,122.0,91.5,60,False,18267900,13868449.786182007,0.24082955423546182,0.7591704457645382
Michelle Sakhai,Love Language,2022.0,Painting,101.6,101.6,50,False,21312500,9822993.952692905,0.5390970579381628,0.4609029420618372
Michelle Sakhai,In My Dreams,2023.0,Painting,203.2,148.6,150,False,60892800,31824557.994874872,0.4773674721005624,0.5226325278994376
Michelle Sakhai,Boundless,2018.0,Painting,182.9,121.9,100,False,42625000,30117179.212272514,0.2934386108557768,0.7065613891442232
Michelle Sakhai,"Temperance, XIV",2019.0,Painting,45.7,45.7,8,False,3805800,2977300.0950841806,0.2176940209458772,0.7823059790541228
Michelle Sakhai,A Pink Lily Pond,2023.0,Painting,345.4,152.4,200,False,98950800,53045868.73150306,0.46391672698449066,0.5360832730155094
Michelle Sakhai,Co-Exist I,2016.0,Painting,76.2,76.2,30,False,11417400,7049073.2541140495,0.3826025842911653,0.6173974157088347
Michelle Sakhai,The Lily Pond,2021.0,Painting,243.8,91.4,100,False,45669600,29402940.577001687,0.35618134214003,0.6438186578599701
Michelle Sakhai,English Garden Series,2022.0,Painting,61.0,213.4,60,False,22834800,14656201.85157455,0.3581637740827794,0.6418362259172207
Michelle Sakhai,"The Star, XVII",2019.0,Painting,91.4,91.4,50,False,16745600,10172739.751535563,0.39251267487963626,0.6074873251203637
Michelle Sakhai,Clouds Descending,2023.0,Painting,61.0,76.2,20,False,9134000,5177914.982882155,0.4331163802406224,0.5668836197593776
Michelle Sakhai,XV,2019.0,Painting,101.6,152.4,80,False,27401800,21182042.362970963,0.22698354257855458,0.7730164574214454
Michelle Sakhai,Without End,2018.0,Painting,61.0,76.2,20,False,9134000,5729932.788772893,0.3726808858361186,0.6273191141638814
Michelle Sakhai,Even Higher,2018.0,Painting,76.2,76.2,30,False,11417400,6582764.938499719,0.42344448486523034,0.5765555151347697
Beom Jun,No. 24-1-5,2024.0,Painting,108.0,35.0,15,False,4000000,4144396.883470694,0.03609922086767352,1.0360992208676736
Beom Jun,공존58,,Painting,117.0,80.0,50,False,7500000,8460951.579115665,0.12812687721542196,1.128126877215422
Beom Jun,공존,2024.0,Painting,255.0,73.0,80,False,13500000,15442036.20287419,0.14385453354623623,1.1438545335462362
Beom Jun,No. 25-1-21,,Painting,45.0,45.0,8,False,1500000,2415436.4167119376,0.6102909444746251,1.6102909444746252
Beom Jun,No. 23-1-14,2023.0,Painting,73.0,91.0,40,False,4500000,6305979.293344701,0.40132873185437795,1.401328731854378
Beom Jun,공존60,,Painting,73.0,73.0,25,False,4500000,5430777.7551533235,0.206839501145183,1.206839501145183
Beom Jun,공존59,,Painting,117.0,80.0,50,False,7500000,8460951.579115665,0.12812687721542196,1.128126877215422
Beom Jun,공존6,2024.0,Painting,73.0,61.0,20,False,3000000,4606446.559699055,0.5354821865663516,1.5354821865663515
Beom Jun,공존5,2024.0,Painting,73.0,61.0,20,False,3000000,4606446.559699055,0.5354821865663516,1.5354821865663515
Beom Jun,공존62,,Painting,106.0,41.0,20,False,4500000,4535432.7253238065,0.007873938960845893,1.007873938960846
Beom Jun,No. 23-2-16,2023.0,Painting,5.0,11.0,0,False,3000000,1148611.8374512945,0.6171293875162351,0.38287061248376486
Beom Jun,No. 22-1-09,2022.0,Painting,65.0,53.0,15,False,2250000,3327279.46859079,0.47879087492924,1.47879087492924
Beom Jun,No. 24-1-9,2024.0,Painting,27.0,35.0,4,False,1000000,1776776.9849866251,0.7767769849866252,1.776776984986625
Beom Jun,첩첩산중,2020.0,Painting,273.0,146.0,200,False,45000000,25468709.469684232,0.43402867845146154,0.5659713215485385
Beom Jun,No. 24-1-9,2024.0,Painting,189.0,35.0,40,False,7000000,6125275.5522584375,0.12496063539165178,0.8750393646083482
Beom Jun,공존7,2024.0,Painting,73.0,61.0,20,False,3000000,4606446.559699055,0.5354821865663516,1.5354821865663515
Beom Jun,No. 25-1-20,,Painting,130.0,130.0,80,False,15000000,13340192.263157958,0.1106538491228028,0.8893461508771973
Beom Jun,No. 23-1-6,2023.0,Painting,325.0,140.0,200,False,45000000,26020883.294753373,0.4217581490054806,0.5782418509945194
Beom Jun,첩첩산중 No. 22-1-07,2022.0,Painting,117.0,91.0,50,False,7500000,8935060.913718415,0.19134145516245538,1.1913414551624555
Beom Jun,No. 23-1-38,2023.0,Painting,117.0,81.0,50,False,7500000,9199722.546166351,0.22662967282218013,1.2266296728221802
Beom Jun,첩첩산중 No. 22-1-34,2022.0,Painting,73.0,91.0,40,False,4500000,6194875.535619462,0.376639007915436,1.376639007915436
David Surman,A bone in the grass,2024.0,Acrylic on linen,30.5,20.4,2,False,1500000,1722998.9235965307,0.1486659490643538,1.1486659490643538
David Surman,How old are you?,2023.0,Acrylic on canvas,140.0,160.0,100,False,15225000,20553151.444884047,0.34996068603507696,1.349960686035077
David Surman,Enkidu and the Cedars,2020.0,Acrylic and charcoal on linen,140.0,160.0,100,False,15225000,22639943.73169989,0.48702421883086316,1.487024218830863
David Surman,Under a Primitive Sun,2023.0,Acrylic on canvas,20.4,30.5,2,False,1500000,1621700.6153438557,0.08113374356257046,1.0811337435625705
David Surman,Buttercups,2023.0,Acrylic on linen,30.5,20.4,2,False,1500000,1753824.7461406034,0.16921649742706896,1.169216497427069
David Surman,The Longest Day,2023.0,Acrylic on linen,30.5,20.4,2,False,1500000,1753824.7461406034,0.16921649742706896,1.169216497427069
David Surman,Samara,2023.0,Acrylic on linen,20.4,30.5,2,False,1500000,1753824.7461406034,0.16921649742706896,1.169216497427069
David Surman,This is the Place,2023.0,Acrylic on linen,25.4,30.5,3,False,1500000,1509410.6106378564,0.00627374042523761,1.0062737404252375
David Surman,Lamb of Dog,2023.0,Acrylic on linen,20.4,30.5,2,False,1500000,1753824.7461406034,0.16921649742706896,1.169216497427069
David Surman,"Standing, Eyes Closed",2023.0,Acrylic on canvas,20.4,30.5,2,False,1500000,1621700.6153438557,0.08113374356257046,1.0811337435625705
David Surman,Walk Home Under Perseids,2023.0,Acrylic on linen,30.5,20.4,2,False,1500000,1753824.7461406034,0.16921649742706896,1.169216497427069
David Surman,Serious Play,2023.0,Acrylic on linen,30.5,20.4,2,False,1500000,1753824.7461406034,0.16921649742706896,1.169216497427069
David Surman,Black Cap,2023.0,Acrylic on linen,30.5,25.4,3,False,1500000,1509410.6106378564,0.00627374042523761,1.0062737404252375
David Surman,Dazzler,2023.0,Acrylic on canvas,20.4,30.5,2,False,1500000,1621700.6153438557,0.08113374356257046,1.0811337435625705
David Surman,Lancelot,2023.0,Acrylic on linen,30.5,25.4,3,False,1500000,1509410.6106378564,0.00627374042523761,1.0062737404252375
David Surman,Waiting at Dusk,2023.0,Acrylic on canvas,20.4,30.5,2,False,1500000,1621700.6153438557,0.08113374356257046,1.0811337435625705
David Surman,Little Hydrangea,2023.0,Acrylic on linen,30.5,20.4,2,False,1500000,1753824.7461406034,0.16921649742706896,1.169216497427069
David Surman,Fireworks in autumn,2024.0,Acrylic on linen,20.4,30.5,2,False,1500000,1722998.9235965307,0.1486659490643538,1.1486659490643538
David Surman,How do you sit?,2024.0,Acrylic on linen,30.5,20.4,2,False,1500000,1722998.9235965307,0.1486659490643538,1.1486659490643538
David Surman,Patient Poodle,2023.0,Acrylic on canvas,20.4,30.5,2,False,1500000,1621700.6153438557,0.08113374356257046,1.0811337435625705
David Surman,Lost Sausage,2023.0,Acrylic on canvas,20.4,30.5,2,False,1500000,1621700.6153438557,0.08113374356257046,1.0811337435625705
David Surman,Queen of the Night,2023.0,Acrylic on canvas,20.4,30.5,2,False,1500000,1621700.6153438557,0.08113374356257046,1.0811337435625705
David Surman,A Toad at Sunrise,2023.0,Acrylic on canvas,50.0,60.0,12,False,4350000,2844561.709680478,0.34607776788954525,0.6539222321104547
David Surman,Before Night Falls,2023.0,Acrylic on canvas,50.0,60.0,12,False,4350000,2844561.709680478,0.34607776788954525,0.6539222321104547
Seonggwang Yun,Buddy,2025.0,Acrylic on canvas,193.0,130.0,120,False,7200000,30061545.44156041,3.175214644661168,4.175214644661168
Seonggwang Yun,lt's so outrageous i can't say a word,2024.0,Acrylic on canvas,97.0,130.0,60,False,3958100,15604580.637635699,2.9424422418927514,3.9424422418927514
Seonggwang Yun,Mushroom,2023.0,Acrylic on canvas,130.0,130.0,80,False,6000000,19116285.268019784,2.186047544669964,3.186047544669964
Seonggwang Yun,Superstar(1),2023.0,Acrylic on canvas,97.0,130.0,60,False,3958100,15526386.567231119,2.922686785889977,3.922686785889977
Seonggwang Yun,It's Over There,2025.0,Acrylic on canvas,130.0,130.0,80,False,6000000,19002561.67151419,2.167093611919032,3.167093611919032
Seonggwang Yun,Cell,2024.0,Acrylic on panel,80.0,80.0,30,False,2400000,5950762.967865009,1.4794845699437538,2.4794845699437538
Seonggwang Yun,Neuron,2024.0,Acrylic on canvas,97.0,130.0,60,False,3958100,15604580.637635699,2.9424422418927514,3.9424422418927514
Seonggwang Yun,Off-Line Ceramics,2025.0,Acrylic on canvas,130.0,130.0,80,False,6000000,19002561.67151419,2.167093611919032,3.167093611919032
Seonggwang Yun,Oh....that's not it ...plz,2025.0,Acrylic on canvas,97.0,130.0,60,False,3958100,15304925.060452016,2.8667353175644923,3.8667353175644923
Seonggwang Yun,Hug,2023.0,Acrylic on canvas,130.0,89.0,60,False,3600000,16264487.276508573,3.5179131323634927,4.517913132363493
Seonggwang Yun,Holding Back Tears,2024.0,Acrylic on canvas,162.0,130.0,100,False,6000000,22925203.530539803,2.820867255089967,3.820867255089967
Seonggwang Yun,Eh?,2025.0,Acrylic on canvas,116.8,97.0,60,False,3000000,11622017.708908021,2.8740059029693406,3.8740059029693406
Seonggwang Yun,This Card Is Maxed Out...?.........,2023.0,Acrylic on canvas,130.0,89.0,60,False,3600000,16264487.276508573,3.5179131323634927,4.517913132363493
Seonggwang Yun,Ah?...,2024.0,Acrylic on canvas,91.0,116.0,50,False,3000000,11818842.976404117,2.9396143254680394,3.9396143254680394
Sangun Ho,Hair Touching the Floor,2023.0,Pencil and colored pencil on paper,21.0,29.7,3,False,1220000,1401743.2953886543,0.14896991425299536,1.1489699142529954
Sangun Ho,No Parking with drawing,2023.0,Pencil and colored pencil on paper,29.7,42.0,5,False,1730000,1950497.9996825936,0.12745549114600788,1.127455491146008
Sangun Ho,Floating Parking,2020.0,Pencil and colored pencil on paper,21.0,29.7,3,False,4000000,1578150.9136067682,0.6054622715983079,0.39453772840169204
Sangun Ho,Speedy Snoopy,2020.0,Pencil and colored pencil on paper,21.0,29.7,3,False,1220000,1578150.9136067682,0.2935663226284986,1.2935663226284986
Sangun Ho,"Sunbathing Man, Towel, Jar and Shoes",2022.0,Pencil and colored pencil on paper,29.7,42.0,5,False,1730000,2010105.4507667397,0.16191066518308653,1.1619106651830866
Sangun Ho,After Work in the Toilet,2020.0,Pencil and colored pencil on paper,21.0,29.7,3,False,1220000,1578150.9136067682,0.2935663226284986,1.2935663226284986
Sangun Ho,Knee Button,2020.0,Pencil and colored pencil on paper,21.0,29.7,3,False,1220000,1578150.9136067682,0.2935663226284986,1.2935663226284986
Sangun Ho,Printed with Hamster,2020.0,"watercolor, pencil, colored pencil on paper",21.0,29.7,3,False,1220000,1526886.6109712478,0.251546402435449,1.251546402435449
Sangun Ho,Way to Toilet,2020.0,Pencil and colored pencil on paper,21.0,29.7,3,False,1220000,1578150.9136067682,0.2935663226284986,1.2935663226284986
Sangun Ho,Love of Pigeons,2021.0,Pencil and colored pencil on paper,29.7,42.0,5,False,1730000,2042011.5279138277,0.180353484343253,1.180353484343253
Sangun Ho,Dog in a Cast,2021.0,Pencil and colored pencil on paper,21.0,29.7,3,False,1220000,1487056.8195886104,0.21889903244968067,1.2188990324496807
Sangun Ho,Pink Door Bumper,2025.0,Pencil and colored pencil on paper,42.0,59.4,10,False,2450000,3421254.5337905562,0.39643042195532907,1.3964304219553292
Sangun Ho,Resting in a Pot,2023.0,Pencil and colored pencil on paper,21.0,29.7,3,False,1220000,1401743.2953886543,0.14896991425299536,1.1489699142529954
Sangun Ho,Bread Eaten in the Middle,2019.0,Pencil and colored pencil on paper,22.9,30.4,3,False,1280000,1643270.4932664484,0.2838050728644128,1.2838050728644128
Sangun Ho,Staying Cool,2022.0,Pencil and colored pencil on paper,29.7,42.0,5,False,1730000,2010105.4507667397,0.16191066518308653,1.1619106651830866
Sangun Ho,Blue Door Bumper,2025.0,Pencil and colored pencil on paper,42.0,59.4,10,False,2450000,3421254.5337905562,0.39643042195532907,1.3964304219553292
Sangun Ho,Punching Machine Wearing a Fur Hat,2020.0,Pencil and colored pencil on paper,22.9,30.4,3,False,1280000,1623108.4605220975,0.2680534847828887,1.2680534847828886
Sangun Ho,Fruit Offering for Nine,2025.0,Pencil and colored pencil on paper,42.0,29.7,5,False,1730000,1891529.0919996249,0.09336941734082362,1.0933694173408237
Sangun Ho,Waiting to Toilet,2020.0,Pencil and colored pencil on paper,21.0,29.7,3,False,1220000,1578150.9136067682,0.2935663226284986,1.2935663226284986
Sangun Ho,White Fluffy Hat Sitting,2025.0,Pencil and colored pencil on paper,168.0,148.6,120,False,9510000,18357061.956342287,0.9302904265344151,1.9302904265344152
Sangun Ho,Winter Tree 3,2022.0,Pencil and colored pencil on paper,29.7,42.0,5,False,1730000,2010105.4507667397,0.16191066518308653,1.1619106651830866
Sangun Ho,Pigeons in the Bath,2019.0,Pencil and colored pencil on paper,30.4,22.9,3,False,1280000,1643270.4932664484,0.2838050728644128,1.2838050728644128
Sangun Ho,Black Door Bumper,2025.0,Pencil and colored pencil on paper,42.0,59.4,10,False,2450000,3421254.5337905562,0.39643042195532907,1.3964304219553292
Yeonkyung Park,With the Flower,2024.0,Oil on Canvas,53.8,78.5,20,True,6546000,2330277.855601638,0.6440149930336635,0.3559850069663364
Yeonkyung Park,Still life,2025.0,Oil on canvas,91.0,72.5,40,True,6469900,3397383.194630391,0.4748940177390082,0.5251059822609918
Yeonkyung Park,Dalmatian,2024.0,Oil on Canvas,22.0,27.3,2,True,761200,435133.41937139415,0.4283586187974328,0.5716413812025672
Yeonkyung Park,Still life,2025.0,Oil on Canvas,130.3,162.2,100,True,12178600,7359078.184619295,0.39573693325839626,0.6042630667416038
Yeonkyung Park,Still life,2025.0,Oil on Canvas,81.0,116.0,50,True,6850500,4467961.3089397345,0.3477904811415613,0.6522095188584387
Yeonkyung Park,Dalmatian,2024.0,Oil on Canvas,22.0,27.3,2,True,761200,435133.41937139415,0.4283586187974328,0.5716413812025672
Yeonkyung Park,Dalmatian,2025.0,Oil on Canvas,22.0,27.3,2,True,761200,459407.55923399725,0.3964693126195517,0.6035306873804483
Yeonkyung Park,Dalmatian,2025.0,Oil on Canvas,22.0,27.3,2,True,761200,459407.55923399725,0.3964693126195517,0.6035306873804483
Yeonkyung Park,Dalmatian,2025.0,Oil on Canvas,22.0,27.3,2,True,761200,459407.55923399725,0.3964693126195517,0.6035306873804483
Yeonkyung Park,Still life,2025.0,Oil on canvas,71.5,55.0,20,True,2405300,2178987.422964271,0.09408912694288814,0.9059108730571118
Sungju Ham,Reiko Nagase,2021.0,Oil on canvas,50.0,65.0,15,True,750000,2040922.6525834594,1.7212302034446125,2.7212302034446125
Sungju Ham,Mugler 3,2025.0,Oil on canvas,112.0,145.0,80,True,7200000,8381319.535616227,0.16407215772447603,1.1640721577244761
Sungju Ham,He Divide Us,2025.0,Oil on canvas,34.0,46.0,6,True,1200000,1392618.1445927902,0.1605151204939918,1.1605151204939919
Sungju Ham,Aethetic vibes,2021.0,Oil on canvas,91.0,72.0,30,True,1500000,3981978.9084038553,1.65465260560257,2.6546526056025703
Sungju Ham,Crash,2025.0,Oil on canvas,38.0,46.0,8,True,1200000,1432890.4803224395,0.19407540026869954,1.1940754002686995
Sungju Ham,Spring Mugler 2,2025.0,Oil on canvas,112.0,145.0,80,True,7200000,8381319.535616227,0.16407215772447603,1.1640721577244761
Sungju Ham,christine dale,2022.0,Oil on canvas,33.0,46.0,6,True,500000,1480229.0615623028,1.9604581231246054,2.9604581231246057
Sungju Ham,Gianni versace fall 1,2024.0,Oil on canvas,61.0,73.0,20,True,2000000,2723131.7840219657,0.3615658920109828,1.3615658920109828
Sungju Ham,Rubber rainwear 2,2025.0,Oil on canvas,61.0,73.0,20,True,2000000,2746403.520650678,0.3732017603253389,1.373201760325339
Sungju Ham,Tour 01,,Oil on canvas,38.0,46.0,8,True,1200000,1459669.8202076417,0.2163915168397014,1.2163915168397015
Sungju Ham,Wheel,2025.0,Oil on canvas,61.0,73.0,20,True,2000000,2746403.520650678,0.3732017603253389,1.373201760325339
Sungju Ham,suit,2022.0,Oil on canvas,61.0,73.0,20,True,1000000,2642634.141187119,1.6426341411871188,2.642634141187119
Sungju Ham,Crash james,2025.0,Oil on canvas,38.0,46.0,8,True,1200000,1432890.4803224395,0.19407540026869954,1.1940754002686995
Sungju Ham,Mugler 1990,2025.0,Oil on canvas,38.0,46.0,8,True,1200000,1432890.4803224395,0.19407540026869954,1.1940754002686995
Sungju Ham,Mugler spring 3,2025.0,Oil on canvas,112.0,145.0,80,True,7200000,8381319.535616227,0.16407215772447603,1.1640721577244761
Sungju Ham,Y2k Aesthetic Lolita Style Bow Dress Shorts Set Japanese Women Gothic Lace Flare Sleeve Button Shirt Dress Punk Party Mini Dress,2025.0,Oil on canvas,61.0,73.0,20,True,2000000,2746403.520650678,0.3732017603253389,1.373201760325339
Sungju Ham,Mugler 1990,2025.0,Oil on canvas,61.0,73.0,20,True,2000000,2746403.520650678,0.3732017603253389,1.373201760325339
Sungju Ham,Reiko Nagase,2021.0,Oil on canvas,53.0,65.0,15,True,750000,2067390.2849441553,1.7565203799255404,2.7565203799255404
Sungju Ham,luciana,2022.0,Oil on canvas,53.0,73.0,15,True,1000000,2760254.4764589695,1.7602544764589696,2.7602544764589694
Sungju Ham,Rubber rainwear 3,2025.0,Oil on canvas,112.0,145.0,80,True,7200000,8381319.535616227,0.16407215772447603,1.1640721577244761
JiHye A,Into the Glow,2025.0,Color Pencil on Paper,21.0,29.0,2,False,2300000,1350540.492148786,0.41280848167444084,0.5871915183255592
JiHye A,Where the Light Rests,2025.0,Color Pencil on Paper,15.0,20.0,1,False,2000000,1358903.8637143236,0.3205480681428382,0.6794519318571618
JiHye A,Midsummer Night,2024.0,Color Pencil on Paper,29.0,21.0,2,False,2500000,1387102.4626356617,0.44515901494573534,0.5548409850542647
JiHye A,Smoky Glow,2023.0,Acrylic and Colored Pencil  on Paper Mounted on board,83.5,83.5,40,False,3500000,6264424.829865043,0.7898356656757266,1.7898356656757266
JiHye A,Dawn's glow,2025.0,Color Pencil on Paper,55.0,42.0,10,False,3500000,3146199.6103684604,0.1010858256090113,0.8989141743909886
JiHye A,Blue flames,2023.0,Acrylic on Paper,48.0,56.0,12,False,1500000,2708373.693375576,0.8055824622503839,1.805582462250384
JiHye A,Impromptu Sonata No.2,2019.0,Acrylic paint and Colored pencil on Paper,18.0,24.0,1,False,2300000,1609471.9958649536,0.30022956701523756,0.6997704329847625
JiHye A,Symmetry in Harmony,2022.0,Colored Pencil on Paper,45.0,47.5,10,False,1700000,2578639.8071268485,0.5168469453687344,1.5168469453687343
JiHye A,My luminous Yellow No. 1,2019.0,Acrylic on Paper,20.0,29.0,2,False,2100000,1587524.7490081284,0.24403583380565314,0.7559641661943469
JiHye A,The Fate,2024.0,Color Pencil on Paper,21.0,28.0,2,False,2300000,1351724.2069694563,0.41229382305675816,0.5877061769432419
JiHye A,Moonlit Glow,2023.0,Acrylic and Colored Pencil  on Paper Mounted on board,80.3,80.3,30,False,3500000,6097575.514364153,0.7421644326754723,1.7421644326754724
JiHye A,Lilac Wine,2025.0,Color Pencil on Paper,21.0,29.0,2,False,2500000,1350540.492148786,0.45978380314048556,0.5402161968595144
JiHye A,Dancers No.1,2020.0,Colored Pencil on Paper,45.0,47.5,10,False,1700000,2740281.5795019483,0.611930340883499,1.611930340883499
JiHye A,Nocturnal breeze Part 1,2023.0,Acrylic and Colored Pencil  on Paper Mounted on board,91.0,116.8,50,False,3800000,10794560.1640505,1.8406737273817106,2.8406737273817106
JiHye A,Seed to fruit,2022.0,Colored pencil on paper,18.0,19.0,1,False,1700000,1232495.3162565392,0.27500275514321226,0.7249972448567877
JiHye A,Bloomers No.5,2019.0,Colored Pencil on Paper,48.0,56.0,12,False,2100000,2880536.136280828,0.371683874419442,1.371683874419442
JiHye A,Impromptu Sonata No.1,2019.0,Acrylic paint and Colored pencil on Paper,45.0,47.5,10,False,2100000,2784844.729897794,0.3261165380465685,1.3261165380465685
JiHye A,Impromptu Sonata No.3,2018.0,Acrylic paint and Colored pencil on Paper,18.2,20.7,1,False,1100000,1263963.4626886516,0.14905769335331967,1.1490576933533196
JiHye A,Gardens of Orchestra No.1,2021.0,Colored Pencil on Paper,45.0,47.5,10,False,1100000,2630610.2224941384,1.391463838631035,2.3914638386310347
Art Jeeno,Bubbles,,Oil on Canvas,100.0,100.0,50,False,4507200,9078661.324336305,1.0142574823252364,2.0142574823252364
Art Jeeno,Puncture,,Oil on Canvas,100.0,80.0,40,False,4032800,7182519.975065252,0.7810255839776958,1.7810255839776958
Art Jeeno,Soliloquize,,Oil on Canvas,100.0,100.0,50,False,4507200,9078661.324336305,1.0142574823252364,2.0142574823252364
Art Jeeno,Dive Right In,,Oil on Canvas,150.0,120.0,80,False,7116600,20022652.69481083,1.8135138542015612,2.813513854201561
Art Jeeno,Mimic,,Oil on Canvas,100.0,100.0,50,False,4507200,9078661.324336305,1.0142574823252364,2.0142574823252364
Art Jeeno,Flow,,Oil on Canvas,100.0,100.0,50,False,4507200,9078661.324336305,1.0142574823252364,2.0142574823252364
Art Jeeno,Melting,,Oil on Canvas,100.0,100.0,50,False,4507200,9078661.324336305,1.0142574823252364,2.0142574823252364
Art Jeeno,Molecular Attraction,,Oil on Canvas,100.0,100.0,50,False,4507200,9078661.324336305,1.0142574823252364,2.0142574823252364
Art Jeeno,Revision,,Oil on Canvas,100.0,100.0,50,False,4507200,9078661.324336305,1.0142574823252364,2.0142574823252364
Art Jeeno,Mitosis,,Oil on Canvas,100.0,100.0,50,False,4507200,9078661.324336305,1.0142574823252364,2.0142574823252364
Art Jeeno,Theard,,Oil on Canvas,100.0,100.0,50,False,4507200,9078661.324336305,1.0142574823252364,2.0142574823252364
Soon-young Kwon,Still Life 13,,color on Korean paper,45.5,38.0,8,False,3400000,2049444.2920602802,0.39722226704109403,0.6027777329589059
Soon-young Kwon,A Bird and a Girl,,Color on Korean paper,37.3,35.0,6,False,2400000,1652261.2986596033,0.3115577922251653,0.6884422077748348
Soon-young Kwon,Sculpture,,color on Korean paper and collage,24.0,19.0,2,False,2500000,1203474.9932980407,0.5186100026807837,0.4813899973192163
Soon-young Kwon,Deep sea,,color on Korean paper and collage,37.2,26.3,4,False,3000000,1676217.011645312,0.44126099611822933,0.5587390038817707
Soon-young Kwon,A Still Life 5,,Ink on Korean paper,61.0,72.5,20,False,5000000,3467245.4214272257,0.30655091571455484,0.6934490842854452
Soon-young Kwon,Landmark,,color on Korean paper,37.4,26.2,4,False,2200000,1676217.011645312,0.2380831765248582,0.7619168234751418
Soon-young Kwon,Curtain Call 2,,color on Korean paper,41.0,32.0,6,False,4200000,1941108.548319355,0.5378312980192013,0.4621687019807988
Soon-young Kwon,Pieta,,color on Korean paper,45.7,27.3,5,False,3600000,1950111.9680108638,0.4583022311080934,0.5416977688919066
Soon-young Kwon,Force,,color on Korean paper,27.3,22.0,2,False,2800000,988976.0916369852,0.646794252986791,0.353205747013209
Soon-young Kwon,The Winter of Hongjecheon,,color on Korean paper,42.2,33.3,6,False,3800000,1982566.47505481,0.4782719802487342,0.5217280197512658
Soon-young Kwon,Still Life 9,,color on Korean paper,25.5,35.0,3,False,3200000,1391518.8904668132,0.5651503467291209,0.43484965327087916
Soon-young Kwon,A Still Life 6,,Ink on Korean paper,61.0,72.5,20,False,5000000,3467245.4214272257,0.30655091571455484,0.6934490842854452
Soon-young Kwon,Bottom,,color on Korean paper,22.0,27.3,2,False,3000000,988976.0916369852,0.6703413027876717,0.3296586972123284
Soon-young Kwon,Resting 2,,color on Korean paper,37.5,26.5,4,False,3200000,1676217.011645312,0.47618218386084,0.52381781613916
Soon-young Kwon,Holy Hole 5,,color on Korean paper,75.0,60.0,20,False,8000000,4573934.700037746,0.42825816249528176,0.5717418375047182
Soon-young Kwon,A Lollipop,,Color on Korean paper,91.0,72.5,40,False,5000000,5706972.436188863,0.14139448723777254,1.1413944872377726
JIN PUL,우리는 여기서 반짝,2025.0,Painting,80.3,100.0,40,False,4800000,6959396.07990552,0.44987418331365003,1.4498741833136501
JIN PUL,Deep Sleep,2024.0,Painting,45.5,53.0,10,False,1500000,2640497.9681153297,0.7603319787435532,1.7603319787435532
JIN PUL,We Spark Here,2024.0,Oil on Canvas,60.6,72.7,20,False,2400000,3908282.3901137155,0.6284509958807148,1.6284509958807147
JIN PUL,우리는 여기서 반짝,2024.0,Painting,100.0,100.0,50,False,6000000,9816335.314766089,0.6360558857943481,1.6360558857943481
JIN PUL,모로 누운 밤,2024.0,Painting,45.5,53.0,10,False,1500000,2640497.9681153297,0.7603319787435532,1.7603319787435532
JIN PUL,안녕의 조각들,2024.0,Painting,31.8,40.9,6,False,800000,2607625.9823239027,2.2595324779048784,3.2595324779048784
JIN PUL,우리는 여기서 반짝,2025.0,Painting,80.3,100.0,40,False,4800000,7087980.060516606,0.47666251260762627,1.4766625126076263
JIN PUL,슬픔의 가장자리,2024.0,Painting,45.5,53.0,10,False,1500000,2640497.9681153297,0.7603319787435532,1.7603319787435532
JIN PUL,밤의 변주,2024.0,Painting,100.0,100.0,50,False,6000000,9816335.314766089,0.6360558857943481,1.6360558857943481
JIN PUL,We Spark Here,2025.0,Oil on Canvas,45.5,75.3,15,False,1500000,4584907.652033144,2.056605101355429,3.056605101355429
JIN PUL,슬픔에 밝은 사람들의 지극한 밤,2024.0,Painting,100.0,100.0,50,False,6000000,9816335.314766089,0.6360558857943481,1.6360558857943481
JIN PUL,우리는 여기서 반짝,2025.0,Painting,72.7,91.0,40,False,3600000,6961898.827055442,0.9338607852931784,1.9338607852931784
JIN PUL,밤의 틈,2024.0,Painting,45.5,53.0,10,False,1500000,2640497.9681153297,0.7603319787435532,1.7603319787435532
JIN PUL,자장자장 / 마음과 마음들,2023.0,installation / Painting,53.0,45.5,10,False,1500000,2691697.924430245,0.7944652829534967,1.7944652829534966
JIN PUL,그렇게 우리는 또,2023.0,Painting,24.0,24.0,2,False,9000000,1208772.633221397,0.865691929642067,0.134308070357933
JIN PUL,우리는 여기서 반짝,2024.0,Painting,47.0,72.0,15,False,2400000,4561229.3769141715,0.9005122403809048,1.9005122403809047
JIN PUL,밤의 변주,2024.0,Painting,60.6,60.6,15,False,6000000,3803957.8137877677,0.3660070310353721,0.633992968964628
JIN PUL,밤의 틈,2024.0,Painting,45.5,53.0,10,False,1500000,2640497.9681153297,0.7603319787435532,1.7603319787435532
JIN PUL,슬픔의 가장자리,2025.0,Painting,25.0,20.0,2,False,10500000,1356893.3359590569,0.8707720632419946,0.12922793675800542
JIN PUL,서성이던 숨,2024.0,Painting,100.0,100.0,50,False,6000000,9816335.314766089,0.6360558857943481,1.6360558857943481
JIN PUL,우리는 여기서 반짝,2025.0,Painting,80.3,100.0,40,False,4800000,7087980.060516606,0.47666251260762627,1.4766625126076263
ubatsat,หาด (Haad) : Beach (Blue),,Acrylic and stencil on paper,27.5,38.0,4,False,1802900,1644738.1169300484,0.08772637587772564,0.9122736241222743
ubatsat,หลง (Hlong) : Shallow pond (Blue),,Acrylic and stencil on paper,37.5,48.0,8,False,1802900,2566283.5266664578,0.4234197829421808,1.4234197829421809
ubatsat,ฝั่ง (Fang) : Shore (Blue),,Acrylic and stencil on paper,37.5,48.0,8,False,1802900,2566283.5266664578,0.4234197829421808,1.4234197829421809
ubatsat,ฝั่ง (Fang) : Shore (Green),,Acrylic and stencil on paper,37.5,48.0,8,False,1802900,2566283.5266664578,0.4234197829421808,1.4234197829421809
ubatsat,ผา (pha) : Cliff (Blue),,Acrylic and stencil on paper,37.5,48.0,8,False,1802900,2566283.5266664578,0.4234197829421808,1.4234197829421809
ubatsat,ดอน (Don) : Upland (Blue),,Acrylic and stencil on paper,37.5,48.0,8,False,1802900,2566283.5266664578,0.4234197829421808,1.4234197829421809
ubatsat,แจ๋ม (Jaem) : Promontory (Green),,Acrylic and stencil on paper,27.5,38.0,4,False,1802900,1644738.1169300484,0.08772637587772564,0.9122736241222743
ubatsat,หนอง (Nhong) : Lagoon (Blue),,Acrylic and stencil on paper,27.5,38.0,4,False,1802900,1644738.1169300484,0.08772637587772564,0.9122736241222743
ubatsat,คก (Khok) : Mortar pit (Blue),,Acrylic and stencil on paper,37.5,48.0,8,False,1802900,2566283.5266664578,0.4234197829421808,1.4234197829421809
ubatsat,คก (Khok) : Mortar pit (Green),,Acrylic and stencil on paper,27.5,38.0,4,False,1802900,1644738.1169300484,0.08772637587772564,0.9122736241222743
ubatsat,ดอน (Don) : Upland (Green),,Acrylic and stencil on paper,27.5,38.0,4,False,1802900,1644738.1169300484,0.08772637587772564,0.9122736241222743
ubatsat,กว๊าน (Kwan) : Lake (Blue),,Acrylic and stencil on paper,37.5,48.0,8,False,1802900,2566283.5266664578,0.4234197829421808,1.4234197829421809
ubatsat,ห้วย (Huai) : Pow (Green),,Acrylic and stencil on paper,37.5,48.0,8,False,1802900,2566283.5266664578,0.4234197829421808,1.4234197829421809
ubatsat,หลง (Hlong) : Shallow pond (Green),,Acrylic and stencil on paper,37.5,48.0,8,False,1802900,2566283.5266664578,0.4234197829421808,1.4234197829421809
ubatsat,หนอง (Nhong) : Lagoon (Green),,Acrylic and stencil on paper,37.5,48.0,8,False,1802900,2566283.5266664578,0.4234197829421808,1.4234197829421809
ubatsat,ร้อง (Rong) : Watercourse (Blue),,Acrylic and stencil on paper,27.5,38.0,4,False,1802900,1644738.1169300484,0.08772637587772564,0.9122736241222743
ubatsat,แจ๋ม (Jaem) : Promontory (Blue),,Acrylic and stencil on paper,37.5,48.0,8,False,1802900,2566283.5266664578,0.4234197829421808,1.4234197829421809
ubatsat,หาด (Haad) : Beach (Green),,Acrylic and stencil on paper,27.5,38.0,4,False,1802900,1644738.1169300484,0.08772637587772564,0.9122736241222743
ubatsat,ร้อง (Rong) : Watercourse (Green),,Acrylic and stencil on paper,27.5,38.0,4,False,1802900,1644738.1169300484,0.08772637587772564,0.9122736241222743
ubatsat,ผา (pha) : Cliff (Green),,Acrylic and stencil on paper,27.5,38.0,4,False,1802900,1644738.1169300484,0.08772637587772564,0.9122736241222743
ubatsat,ห้วย (Huai) : Pow (Blue),,Acrylic and stencil on paper,37.5,48.0,8,False,1802900,2566283.5266664578,0.4234197829421808,1.4234197829421809
YuChun Chen,The Sofa,2024.0,Oil paint,50.5,60.5,12,False,2527100,3165284.871177449,0.252536453317023,1.2525364533170231
YuChun Chen,Head to Somewhere,2023.0,Oil paint,50.0,50.0,10,False,2298800,3331980.9042848377,0.44944358112268906,1.4494435811226891
Song E Yoon,우주의 신용도,2011.0,Mixed media,112.1,162.2,80,False,38058000,17244511.014813308,0.5468886695356218,0.45311133046437824
Song E Yoon,Untitled,2012.0,Mixed media on canvas,145.5,112.1,80,False,30446400,14188277.75313559,0.5339916130269723,0.46600838697302766
Song E Yoon,Vicinity,2013.0,Mixed media,101.5,76.2,40,False,9895100,6729939.226242219,0.3198715297225678,0.6801284702774322
Song E Yoon,Drip,2012.0,Painting,60.6,72.7,20,False,6089300,4589738.789359422,0.24626167386080133,0.7537383261391987
Song E Yoon,Möbius strip,2010.0,Acrylic on canvas,116.8,91.0,50,False,22834800,8929495.009741314,0.6089523442403124,0.3910476557596876
Song E Yoon,우주의 신용도,2011.0,Acrylic on canvas,162.2,130.3,100,False,38058000,16258396.914357072,0.5727994925020475,0.4272005074979524
Song E Yoon,Untitled,2017.0,Mixed media on canvas,53.0,45.5,10,False,5328200,2452868.7587419497,0.5396440151004186,0.4603559848995814
Song E Yoon,우주의 신용도,2011.0,Mixed media,130.3,162.2,100,False,38058000,16877894.402655613,0.5565217719623834,0.4434782280376166
Song E Yoon,Vicinity,2013.0,Painting,101.5,76.2,40,False,9895100,6712334.190705107,0.32165069673827384,0.6783493032617262
Song E Yoon,Vicinity,2011.0,Painting,91.0,116.8,50,False,22834800,9057555.906822613,0.6033441980300851,0.3966558019699149
Song E Yoon,Drip,,Painting,60.6,72.7,20,False,6089300,3521477.5638766973,0.42169419081393633,0.5783058091860637
Song E Yoon,우주의 신용도,2011.0,Acrylic on canvas,162.2,130.3,100,False,38058000,16258396.914357072,0.5727994925020475,0.4272005074979524
Song E Yoon,Essence_2,2017.0,Acrylic on the wood,145.0,50.0,40,False,22834800,6349420.823178692,0.7219410363489633,0.27805896365103666
Song E Yoon,Drip,2012.0,Painting,72.7,60.6,20,False,7611600,4589738.789359422,0.3970073585895971,0.6029926414104029
Song E Yoon,Drip,2012.0,Painting,72.7,60.6,20,False,7611600,4589738.789359422,0.3970073585895971,0.6029926414104029
Song E Yoon,Flying,2011.0,Acrylic on canvas,120.0,120.0,60,False,38058000,11819656.562963914,0.689430433470915,0.3105695665290849
Song E Yoon,Untitled,2016.0,Mixed media on canvas,53.0,45.5,10,False,5328200,2488042.185450445,0.5330426437726727,0.4669573562273272
Song E Yoon,Evolution Involution,2012.0,Painting,130.3,162.2,100,False,38058000,16217044.24841332,0.5738860621048578,0.4261139378951422
Song E Yoon,Möbius strip,2010.0,Painting,116.8,91.0,50,False,22834800,8972648.130316751,0.6070625479392527,0.39293745206074726
Song E Yoon,우주의 신용도,2011.0,Mixed media,130.3,162.2,100,False,38058000,16877894.402655613,0.5565217719623834,0.4434782280376166
Jung Hwan Young,P008_W03_2020_LE,2020.0,"Drawing, Collage or other Work on Paper",101.6,101.6,50,False,8372800,9818303.55473237,0.17264279031296212,1.1726427903129621
Jung Hwan Young,TMS002_w03_2021_Le,2021.0,"Drawing, Collage or other Work on Paper",127.0,101.6,60,False,8372800,12968848.840408644,0.5489261466186514,1.5489261466186512
Jung Hwan Young,TMS035_w03_2021_Le,2021.0,"Drawing, Collage or other Work on Paper",101.6,127.0,60,False,8372800,12968848.840408644,0.5489261466186514,1.5489261466186512
Jung Hwan Young,반복은 항상 다르다. 왼쪽 장면,2023.0,Painting,56.0,45.0,10,False,5100000,3086418.2520637247,0.39481995057574026,0.6051800494242597
Jung Hwan Young,P015_W03_2020_LE,2020.0,"Drawing, Collage or other Work on Paper",101.6,101.6,50,False,8372800,9818303.55473237,0.17264279031296212,1.1726427903129621
Jung Hwan Young,She…#02,2023.0,"Drawing, Collage or other Work on Paper",55.8,45.7,10,False,2283500,2788455.7883843947,0.22113237941072683,1.221132379410727
Jung Hwan Young,Contradictions in Denim #07,2024.0,"Drawing, Collage or other Work on Paper",112.0,60.0,40,False,5328200,7820639.916939354,0.4677827252992293,1.4677827252992293
Jung Hwan Young,TMS042_w03_2021_Le,2021.0,"Drawing, Collage or other Work on Paper",101.6,127.0,60,False,8372800,12968848.840408644,0.5489261466186514,1.5489261466186512
Jung Hwan Young,Gleaming Beauty Amidst the Conflict of Position and Prestige #01,,"Drawing, Collage or other Work on Paper",60.9,50.8,12,False,3805800,2488160.169245319,0.3462188845327345,0.6537811154672655
Jung Hwan Young,TMS021_w03_2021_Le,2021.0,"Drawing, Collage or other Work on Paper",101.6,127.0,60,False,8372800,12968848.840408644,0.5489261466186514,1.5489261466186512
Jung Hwan Young,TMS039_w03_2021_Le,2021.0,"Drawing, Collage or other Work on Paper",101.6,127.0,60,False,8372800,12968848.840408644,0.5489261466186514,1.5489261466186512
Jung Hwan Young,TMS018_w03_2021_Le,2021.0,"Drawing, Collage or other Work on Paper",101.6,127.0,60,False,8372800,12968848.840408644,0.5489261466186514,1.5489261466186512
Jung Hwan Young,She…#01,2023.0,"Drawing, Collage or other Work on Paper",55.8,45.7,10,False,2283500,2788455.7883843947,0.22113237941072683,1.221132379410727
Jung Hwan Young,Contradictions in Denim #04,2023.0,"Drawing, Collage or other Work on Paper",101.6,60.9,30,False,5328200,7319622.241212549,0.37375140595558515,1.373751405955585
Jung Hwan Young,Contradictions in Denim #06,2024.0,"Drawing, Collage or other Work on Paper",112.0,60.0,40,False,5328200,7820639.916939354,0.4677827252992293,1.4677827252992293
Jung Hwan Young,Contradictions in Denim #08,2024.0,"Drawing, Collage or other Work on Paper",112.0,60.0,40,False,5328200,7820639.916939354,0.4677827252992293,1.4677827252992293
Jung Hwan Young,파괴를 전제한 생성 I,2025.0,Painting,123.0,47.0,30,False,11500000,8154404.2158705285,0.29092137253299755,0.7090786274670025
Jung Hwan Young,Contradictions in Denim #05,2023.0,"Drawing, Collage or other Work on Paper",105.4,53.3,30,False,5328200,7658158.354278173,0.4372880812053176,1.4372880812053177
Jung Hwan Young,TMS001_w03_2021_Le,2021.0,"Drawing, Collage or other Work on Paper",101.6,127.0,60,False,8372800,12968848.840408644,0.5489261466186514,1.5489261466186512
Sanghwan Byun,Live Rust-Odyssey 24001 (β),2024.0,"anti-corrosion paint on paper, section steel",50.0,100.0,25,False,2500000,6936691.017296446,1.7746764069185783,2.7746764069185783
Sanghwan Byun,Live Rust-Odyssey 25001 (β),2025.0,"anti-corrosion paint on paper, section steel",170.0,70.0,60,False,6698300,14342298.896469498,1.1411849120626874,2.141184912062687
Sanghwan Byun,Live Rust-Odyssey 24001 (γ),2024.0,"anti-corrosion paint on paper, section steel",50.0,100.0,25,False,2500000,6936691.017296446,1.7746764069185783,2.7746764069185783
Sanghwan Byun,Live Rust-Odyssey 25001 (α),2025.0,"anti-corrosion paint on paper, section steel",170.0,70.0,60,False,6698300,14342298.896469498,1.1411849120626874,2.141184912062687
Sanghwan Byun,Live Rust-Odyssey 25005:H100 (β),2025.0,"anti-corrosion paint on paper, section steel",100.0,35.0,15,False,3349200,4020670.7845367794,0.20048691763310025,1.2004869176331003
Sanghwan Byun,Live Rust-Odyssey 25005:H150 (α),2025.0,"anti-corrosion paint on paper, section steel",150.0,52.5,40,False,6089300,8194313.342279985,0.3456905296635056,1.3456905296635056
Sanghwan Byun,Live Rust-Odyssey 25002 (γ),2025.0,"anti-corrosion paint on paper, section steel",130.0,70.0,50,False,5480400,11449289.16011128,1.0891338515639881,2.089133851563988
Sanghwan Byun,Live Rust-Odyssey 25005:H100 (α),2025.0,"anti-corrosion paint on paper, section steel",100.0,35.0,15,False,3349200,4020670.7845367794,0.20048691763310025,1.2004869176331003
Sanghwan Byun,Live Rust-Odyssey 25006 (α),2025.0,"anti-corrosion paint on paper, section steel",70.0,100.0,40,False,3653600,7231106.155425243,0.9791729131336881,1.9791729131336881
Sanghwan Byun,Live Rust-Odyssey 25006 (β),2025.0,"anti-corrosion paint on paper, section steel",70.0,100.0,40,False,3653600,7231106.155425243,0.9791729131336881,1.9791729131336881
Sanghwan Byun,Live Rust-Odyssey 25003 (β),,"anti-corrosion paint on paper, section steel",117.0,42.0,25,False,3653600,6287921.4310777495,0.72102075516689,1.7210207551668901
Sanghwan Byun,Live Rust-Odyssey 25002 (δ),2025.0,"anti-corrosion paint on paper, section steel",130.0,70.0,50,False,5480400,11449289.16011128,1.0891338515639881,2.089133851563988
Sanghwan Byun,Live Rust-Odyssey 25003 (α),2025.0,"anti-corrosion paint on paper, section steel",117.0,42.0,25,False,3653600,6548160.391268183,0.7922488480589508,1.7922488480589507
Sanghwan Byun,Live Rust-Odyssey 25005:H200 (β),,"anti-corrosion paint on paper, section steel",200.0,70.0,60,False,8525000,14333994.614802748,0.6814069929387387,1.6814069929387387
Sanghwan Byun,Live Rust-Odyssey 25002 (α),,"anti-corrosion paint on paper, section steel",130.0,70.0,50,False,5480400,10455274.924964674,0.9077576317357627,1.9077576317357627
Sanghwan Byun,Live Rust-Odyssey 25005:H200 (α),2025.0,"anti-corrosion paint on paper, section steel",200.0,70.0,60,False,8525000,15710245.490114933,0.8428440457612825,1.8428440457612825
Sanghwan Byun,Live Rust-Odyssey 25002 (β),2025.0,"anti-corrosion paint on paper, section steel",130.0,70.0,50,False,5480400,11449289.16011128,1.0891338515639881,2.089133851563988
Hyunjung Park,image(85),2019.0,"Acrylic, pen, watercolor on paper",69.2,55.4,15,True,1000000,2473575.4036614806,1.4735754036614805,2.4735754036614805
Hyunjung Park,Image (224),,"Acrylic, Acrylic Gouache on Paper",32.9,42.0,6,False,2300000,1975718.798395666,0.140991826784493,0.8590081732155069
Hyunjung Park,Image (225),,"Acrylic, Chrome Ink on Paper",32.9,42.0,6,False,2300000,1975718.798395666,0.140991826784493,0.8590081732155069
Hyunjung Park,Image (149),,Acrylic on Paper,46.0,59.0,12,False,1500000,3227486.2505550086,1.1516575003700058,2.1516575003700056
Hyunjung Park,image(105),2020.0,Acrylic and gouache on paper,149.0,109.0,80,True,3000000,10421304.651906481,2.4737682173021605,3.4737682173021605
Hyunjung Park,Image (153),,Acrylic on Paper,47.0,59.5,12,False,1500000,3243160.8822861956,1.1621072548574638,2.162107254857464
Hyunjung Park,Image (206),,"Acrylic, Chrome Ink, Oil Pastel on Paper",29.6,32.7,4,False,1400000,1307562.334645326,0.06602690382476713,0.9339730961752328
Hyunjung Park,Image(117),2022.0,"Acrylic, charcoal on paper",145.0,112.5,80,True,3000000,10257193.657649253,2.419064552549751,3.419064552549751
Hyunjung Park,Image (230),,"Acrylic, Ink, Brass on Linen",72.7,130.3,50,False,5000000,12906557.64367664,1.581311528735328,2.581311528735328
Hyunjung Park,image(114),2022.0,Acrylic on inkjet print,47.0,60.0,12,True,900000,1933755.7072661263,1.148617452517918,2.148617452517918
Hyunjung Park,Image (207),,"Acrylic, Chrome Ink, Oil Pastel on Paper",29.6,32.7,4,False,1400000,1307562.334645326,0.06602690382476713,0.9339730961752328
Hyunjung Park,Image (227),,"Acrylic, Gel Medium, Acrylic Gouache on Paper",32.9,42.0,6,False,2300000,1975718.798395666,0.140991826784493,0.8590081732155069
Hyunjung Park,Image (223),,"Acrylic, Ink on Canvas",53.0,72.7,15,False,3000000,4337391.09181657,0.4457970306055232,1.4457970306055232
Hyunjung Park,image(81),2019.0,"Acrylic, pen, pencil, color pencil, gouache, watercolor on paper",249.4,95.7,120,True,3000000,16835268.974053152,4.611756324684384,5.611756324684384
Hyunjung Park,Image (199),,"Acrylic, Colorpencil on Paper",33.0,42.0,6,False,2000000,1975718.798395666,0.01214060080216697,0.987859399197833
Hyunjung Park,Image (226),,"Acrylic, Graphite on Paper",32.9,42.0,6,False,2300000,1975718.798395666,0.140991826784493,0.8590081732155069
AhHyeon Lee,Loud as It was a Lie,2022.0,Acrylic on canvas,130.3,130.3,80,False,4338700,20018349.28393,3.613904921734621,4.613904921734621
AhHyeon Lee,Calming scenery,2022.0,Acrylic on canvas,97.5,97.5,50,False,2709800,10131591.000691177,2.738870396594279,3.738870396594279
AhHyeon Lee,Area that Is Not Invaded,2022.0,Acrylic on canvas,130.3,130.3,80,False,4338700,20018349.28393,3.613904921734621,4.613904921734621
AhHyeon Lee,Shouting in silence,2022.0,Acrylic on canvas,130.0,97.0,60,False,2709800,16234404.820726883,4.990997424432387,5.990997424432387
AhHyeon Lee,We are repeating this situation,2021.0,"Acrylic, spray on canvas",162.5,78.5,60,False,3273000,20774315.880758293,5.347178698673478,6.347178698673478
AhHyeon Lee,Approaching rubbing sound,2022.0,Acrylic on canvas,112.5,112.5,60,False,3273000,13524062.484668609,3.1320080918633084,4.132008091863309
AhHyeon Lee,Cave in a cave,2020.0,Acrylic on canvas,145.5,112.1,80,False,3273000,22988469.92489754,6.023669393491457,7.023669393491457
AhHyeon Lee,A peaceful land,2020.0,Acrylic on canvas,116.8,80.3,50,False,2161700,14161979.200291822,5.551315723870945,6.551315723870945
AhHyeon Lee,We must see a rainbow!,2021.0,Acrylic on canvas,146.0,97.0,60,False,3273000,20736058.501564473,5.335489917984868,6.335489917984868
AhHyeon Lee,World without fantasy,2022.0,Acrylic on canvas,45.5,38.0,8,False,433900,2488918.0511218626,4.736155914085878,5.736155914085878
AhHyeon Lee,"Looks like the wilds, but it is the core",2022.0,Acrylic on canvas,53.0,33.5,8,False,540500,3784688.227882079,6.00219838646083,7.00219838646083
AhHyeon Lee,Passing through the silent air,2022.0,Acrylic on canvas,35.0,62.2,10,False,989600,4242284.801272502,3.2868682308735875,4.286868230873587
AhHyeon Lee,Morning has dawned,2021.0,"Acrylic, spray on canvas",145.5,112.1,80,False,3273000,22510902.72810491,5.877758242622949,6.877758242622949
AhHyeon Lee,A thing that disappears suddenly and appears again,2022.0,Acrylic on canvas,97.5,97.5,50,False,2709800,10131591.000691177,2.738870396594279,3.738870396594279
AhHyeon Lee,Pretty soft exterior,2022.0,Acrylic on canvas,112.5,112.5,60,False,3273000,13524062.484668609,3.1320080918633084,4.132008091863309
AhHyeon Lee,Standing at attention to everything,2022.0,Acrylic on canvas,35.0,62.2,10,False,989600,4242284.801272502,3.2868682308735875,4.286868230873587
Jina Jung,Landscape Elements,2024.0,Acrylic on canvas,100.0,65.0,30,True,5328200,4901992.5381402075,0.07999089033065435,0.9200091096693457
Jina Jung,Landscape Elements,2024.0,Acrylic on canvas,100.0,65.0,30,True,5328200,4901992.5381402075,0.07999089033065435,0.9200091096693457
Jina Jung,Landscape Elements,2023.0,Acrylic on canvas,27.5,35.0,4,True,776400,987381.3559043101,0.2717431168267776,1.2717431168267777
Jina Jung,Landscape Elements,2023.0,Acrylic on canvas,45.5,45.5,8,True,900000,1424381.9822329015,0.5826466469254461,1.582646646925446
Jina Jung,Landscape Elements,2023.0,Acrylic on canvas,27.5,35.0,4,True,776400,987381.3559043101,0.2717431168267776,1.2717431168267777
Jina Jung,Landscape Elements,2024.0,Acrylic on canvas,100.0,130.0,60,True,7916100,6097952.58302625,0.22967716640438474,0.7703228335956153
Jina Jung,Scene Composition,2022.0,Acrylic on canvas,60.6,72.7,20,True,2511900,2293356.185928857,0.08700338949446357,0.9129966105055364
Jina Jung,Landscape Elements,2025.0,Acrylic on canvas,100.0,65.0,30,True,5328200,4976904.172146698,0.06593142672071273,0.9340685732792873
Jina Jung,Landscape Elements,2025.0,Acrylic on canvas,22.3,27.3,2,True,395900,805164.2822057614,1.0337567118104607,2.0337567118104607
Jina Jung,Landscape Elements,2024.0,Acrylic on canvas,60.5,60.5,15,True,2207400,2314925.7072252403,0.048711473781480615,1.0487114737814807
Jina Jung,Mountains,2023.0,Acrylic on canvas,45.5,45.5,8,True,989600,1471178.4813405555,0.4866395324783301,1.4866395324783301
Jina Jung,Scene Composition,2022.0,Acrylic on canvas,80.0,80.0,30,True,3805800,3835429.3661960997,0.007785318775579292,1.0077853187755792
Jina Jung,Landscape Elements,2024.0,Acrylic on canvas,100.0,130.0,60,True,7916100,6097952.58302625,0.22967716640438474,0.7703228335956153
Jina Jung,Landscape Elements,2025.0,Acrylic on canvas,22.3,27.3,2,True,395900,805164.2822057614,1.0337567118104607,2.0337567118104607
Jina Jung,Two trees,2023.0,Acrylic on canvas,45.5,65.0,12,True,1674600,1803655.3065435723,0.07706634810914388,1.0770663481091438
오전 8:00,21C Survival Briefing,2025.0,Oil on canvas,130.3,162.2,100,False,18267900,20862811.099773124,0.14204758619070193,1.142047586190702
오전 8:00,Dreamer,2025.0,Oil on canvas,72.7,60.6,20,False,3958100,3718972.459856143,0.06041472932565038,0.9395852706743496
오전 8:00,Esquisse 03_ Lull,2025.0,gouache on paper,38.0,56.5,10,False,609000,3107823.4266118645,4.103158335980073,5.103158335980073
오전 8:00,Unfit Bricks,2025.0,Oil on canvas,60.6,72.7,20,False,3958100,3718972.459856143,0.06041472932565038,0.9395852706743496
오전 8:00,Surviving,2025.0,Oil on canvas,91.0,116.8,50,False,9134000,11474850.300435562,0.2562787716701951,1.256278771670195
오전 8:00,property rights,2025.0,Oil on canvas,116.8,91.0,50,False,9134000,11474850.300435562,0.2562787716701951,1.256278771670195
오전 8:00,charming point,2025.0,Oil on canvas,90.9,72.7,40,False,5480400,6767723.851753096,0.23489596594283194,1.234895965942832
오전 8:00,Lull,2025.0,"Oil on canvas,",91.0,116.8,50,False,9134000,11474850.300435562,0.2562787716701951,1.256278771670195
오전 8:00,Against the tide,2025.0,Oil on canvas,72.7,90.9,40,False,5480400,6767723.851753096,0.23489596594283194,1.234895965942832
오전 8:00,My cheese,2025.0,Oil on canvas,72.7,90.9,40,False,5480400,6767723.851753096,0.23489596594283194,1.234895965942832
오전 8:00,Esquisse 01_21C Survival Briefing,2025.0,gouache on paper,38.0,56.5,10,False,609000,3107823.4266118645,4.103158335980073,5.103158335980073
오전 8:00,Tides of Uncertainty,2025.0,Oil on canvas,45.5,53.3,10,False,2283500,2454180.043035756,0.07474492797712103,1.074744927977121
오전 8:00,Esquisse 02_A House Built on Sand,2025.0,gouache on paper,38.0,56.5,10,False,609000,3107823.4266118645,4.103158335980073,5.103158335980073
오전 8:00,Money chord,2025.0,Oil on canvas,162.2,130.3,100,False,18267900,20862811.099773124,0.14204758619070193,1.142047586190702
오전 8:00,The kids like it,2025.0,Oil on canvas,53.0,45.5,10,False,2283500,2397328.9973250707,0.04984847704185271,1.0498484770418528
오전 8:00,Find the cheese,2025.0,Oil on canvas,45.5,53.0,10,False,2283500,2397328.9973250707,0.04984847704185271,1.0498484770418528
오전 8:00,Balancing Act,2025.0,Oil on canvas,45.5,53.3,10,False,2283500,2454180.043035756,0.07474492797712103,1.074744927977121
오전 8:00,Partnership,2025.0,Oil on canvas,162.2,130.3,100,False,18267900,20862811.099773124,0.14204758619070193,1.142047586190702
Faozee,Notification On,,Oil on canvas,50.0,60.0,12,False,2135000,2498289.7112960005,0.17015911536112435,1.1701591153611244
Faozee,The Infinite Identities,,Oil on canvas,120.0,100.0,60,False,4697000,10573541.238203784,1.2511265144142611,2.251126514414261
Faozee,Who Am I?,,Oil on canvas,120.0,60.0,40,False,3795600,8302851.980140272,1.1874939351196838,2.187493935119684
Faozee,Artificial Eden,,Oil on canvas,50.0,50.0,10,False,2135000,2638050.9022603934,0.23562103150369712,1.235621031503697
Faozee,A World Of My Own,,Oil on canvas,100.0,100.0,50,False,4317400,9078661.324336305,1.1028075518451625,2.1028075518451628
Faozee,Wasteland,,Oil on canvas,100.0,120.0,60,False,4744400,10573541.238203784,1.2286361264235277,2.2286361264235275
Faozee,Cosmic Dreamer,,Oil on canvas,50.0,60.0,12,False,2135000,2498289.7112960005,0.17015911536112435,1.1701591153611244
Faozee,Nothing out there,,Oil on canvas,100.0,50.0,25,False,3226200,7048792.80231658,1.1848592158938007,2.184859215893801
Faozee,Homunculus,,Oil on canvas,60.0,80.0,20,False,3083900,5084230.189141321,0.6486365281433643,1.6486365281433641
Faozee,Between Metal and Memory,,Oil on canvas,30.0,40.0,5,False,1518300,2025614.1420550584,0.33413300537117724,1.3341330053711773
Faozee,In the Name of Progress,,Oil on canvas,100.0,70.0,40,False,3653200,7248124.151821419,0.9840479995131443,1.9840479995131444
Faozee,The Silent Gaze from Beyound,,Oil on canvas,120.0,80.0,50,False,4307900,11719930.464516465,1.7205669733551068,2.720566973355107
Faozee,The Prophet,,Oil and gold leaf on canvas,70.0,100.0,40,False,3653200,7248124.151821419,0.9840479995131443,1.9840479995131444
Faozee,We Still Light the Candle,,Oil on canvas,120.0,100.0,60,False,4744400,10573541.238203784,1.2286361264235277,2.2286361264235275
Faozee,Astronaut,,Oil on canvas,30.0,30.0,3,False,1281000,1333437.0530069703,0.04093446760887613,1.040934467608876
Faozee,Parallel I,,Oil on canvas,40.0,100.0,20,False,2989000,5366676.535919135,0.7954755891332003,1.7954755891332002
Faozee,Parallel II,,Oil on canvas,40.0,100.0,20,False,2989000,5366676.535919135,0.7954755891332003,1.7954755891332002
Faozee,Space Cafe,,Oil on canvas,150.0,120.0,80,False,5835600,20022652.69481083,2.4311215118943776,3.4311215118943776
Jaewon Jung,A Heap,2022.0,Acrylic on mulberry paper,40.9,31.8,6,False,800000,2322255.02323087,1.9028187790385873,2.9028187790385873
Jaewon Jung,Reflection ⅷ,2021.0,Acrylic on mulberry paper,40.9,31.8,6,False,800000,2354207.139381773,1.942758924227216,2.942758924227216
Jaewon Jung,The Beginning of the Reconstruction,2019.0,Acrylic on mulberry paper,193.9,130.3,120,False,9600000,26763959.600870643,1.7879124584240254,2.7879124584240254
Jaewon Jung,Absorbing Landscape Ⅲ,2022.0,Acrylic on wood,40.9,31.8,6,False,800000,2629009.9080180977,2.286262385022622,3.286262385022622
Jaewon Jung,Snowstorm Ⅱ,2022.0,Acrylic on mulberry paper,31.8,40.9,6,False,800000,2322255.02323087,1.9028187790385873,2.9028187790385873
Jaewon Jung,Dark Forest Ⅰ,2018.0,Ink and acrylic on mulberry paper,90.9,65.1,30,False,3000000,8183272.0653784545,1.7277573551261516,2.7277573551261516
Jaewon Jung,Summer Night Ⅰ,2022.0,Acrylic on mulberry paper,40.9,31.8,6,False,800000,2322255.02323087,1.9028187790385873,2.9028187790385873
Jaewon Jung,Under the Mountain Umyeon,2022.0,Acrylic on mulberry paper,31.8,40.9,6,False,800000,2322255.02323087,1.9028187790385873,2.9028187790385873
Jaewon Jung,Lingering Garden,2021.0,Acrylic on mulberry paper,233.6,182.0,200,False,12000000,35990344.909508586,1.9991954091257156,2.9991954091257154
Jaewon Jung,Summer Night Ⅱ,2022.0,Acrylic on mulberry paper,40.9,31.8,6,False,800000,2322255.02323087,1.9028187790385873,2.9028187790385873
Jaewon Jung,At Dusk,2022.0,Acrylic on mulberry paper,40.9,31.8,6,False,800000,2322255.02323087,1.9028187790385873,2.9028187790385873
Jaewon Jung,Summer-Breeze,2022.0,Acrylic on mulberry paper,31.8,40.9,6,False,800000,2322255.02323087,1.9028187790385873,2.9028187790385873
Jaewon Jung,Snowstorm Ⅰ,2022.0,Acrylic on mulberry paper,31.8,40.9,6,False,800000,2322255.02323087,1.9028187790385873,2.9028187790385873
Jaewon Jung,Blooming and Flowing,2022.0,Acrylic on mulberry paper,91.0,116.8,50,False,4500000,11331493.778130004,1.5181097284733343,2.5181097284733345
Jaewon Jung,An Invisible Dream,2022.0,Acrylic on mulberry paper,31.8,40.9,6,False,800000,2322255.02323087,1.9028187790385873,2.9028187790385873
Jaewon Jung,Umyeon Mountain Landscape,2022.0,Acrylic on mulberry paper,40.9,31.8,6,False,800000,2322255.02323087,1.9028187790385873,2.9028187790385873
Jaewon Jung,Reflection ⅴ,2021.0,Acrylic on mulberry paper,40.9,31.8,6,False,800000,2354207.139381773,1.942758924227216,2.942758924227216
Youngnam Cho,노인과 에펠탑,2022.0,Painting,70.1,93.0,30,True,21000000,14466258.316473056,0.3111305563584259,0.6888694436415741
Youngnam Cho,노인과 영웅들,2022.0,Painting,92.0,69.0,30,True,21000000,14474786.818639698,0.31072443720763343,0.6892755627923666
Youngnam Cho,빨강띠,2020.0,Painting,53.0,72.7,15,True,14000000,10330762.711453656,0.2620883777533103,0.7379116222466897
Youngnam Cho,마리린몬로와 나의 어머니 김정신 교회 권사님,2015.0,Painting,63.0,75.0,20,True,14000000,12743899.929741452,0.08972143358989632,0.9102785664101036
Youngnam Cho,항상 영광,2025.0,Painting,38.0,18.0,3,True,4200000,2871330.2665382647,0.3163499365385084,0.6836500634614916
Youngnam Cho,극동에서 온 꽃,2022.0,Painting,60.6,72.7,20,True,14000000,10010245.176667621,0.28498248738088416,0.7150175126191158
Youngnam Cho,내 길을 갔답니다,2021.0,Painting,100.0,25.0,10,True,28000000,16995456.022313755,0.39301942777450877,0.6069805722254913
Youngnam Cho,우리 엄마 김정신 권사님이 가짜 꿀 만들면서 불렀던 찬송가 내주를 가까이,2022.0,Painting,90.9,30.0,12,True,21000000,14207360.113975322,0.32345904219165134,0.6765409578083487
Youngnam Cho,달이 있는 풍경,2021.0,Painting,60.6,72.7,20,True,14000000,10185877.462352064,0.27243732411770977,0.7275626758822903
Youngnam Cho,극동에서 온 꽃,2021.0,Painting,40.9,60.6,10,True,8400000,10162939.409835733,0.20987373926615874,1.2098737392661587
Youngnam Cho,쏠테면 쏴라!,2016.0,Painting,90.9,60.6,25,True,21000000,16838769.407183733,0.1981538377531556,0.8018461622468445
Youngnam Cho,내 딸의 자전거,2017.0,Painting,90.9,60.6,25,True,21000000,16917092.642678574,0.19442415987244888,0.8055758401275511
Youngnam Cho,극동에서 온 꽃,2024.0,Painting,53.0,72.7,15,True,14000000,7962078.285848566,0.4312801224393881,0.5687198775606119
Youngnam Cho,극동에서 온 화투 꽃,2023.0,Painting,130.4,80.3,50,True,42000000,15033063.369842293,0.6420699197656597,0.3579300802343403
Youngnam Cho,파랑띠,2020.0,Painting,53.0,72.7,15,True,14000000,10330762.711453656,0.2620883777533103,0.7379116222466897
Youngnam Cho,KOREAN POP ART,2022.0,Painting,65.1,90.9,30,True,21000000,15869026.694809949,0.2443320621519072,0.7556679378480928
Youngnam Cho,항상 영광,2024.0,Painting,38.0,18.0,3,True,4200000,2883431.6605673153,0.31346865224587733,0.6865313477541227
Youngnam Cho,Untitled,2022.0,Painting,94.0,60.5,30,True,23800000,17357192.245232265,0.27070620818351826,0.7292937918164818
Chonnapas Yokyai,Puzzle of origin,,Oil on canvas,105.0,105.0,60,False,2277400,11338143.754137903,3.978547358451701,4.978547358451701
Chonnapas Yokyai,Oracle of Birth,,Oil on linen,180.0,130.0,100,False,4175100,24528728.364957463,4.875003799898796,5.875003799898796
Chonnapas Yokyai,The Oracle Pill (Blue pill),,Oil on canvas,70.0,100.0,40,False,1850400,7248124.151821419,2.917058015467693,3.917058015467693
Chonnapas Yokyai,Laboratory of Birth,,Oil on linen,150.0,110.0,80,False,2846700,20363333.56687935,6.153312104148435,7.153312104148435
Chonnapas Yokyai,The pool of her,,Oil on linen,120.0,130.0,80,False,2846700,15046005.089711487,4.285419991467836,5.285419991467836
Chonnapas Yokyai,Eve’s Algorithm,,Oil on linen,150.0,120.0,80,False,2941600,20256437.123263337,5.886197009540161,6.886197009540161
Chonnapas Yokyai,The Oracle Pill (Pink pill),,Oil on canvas,70.0,100.0,40,False,1850400,7248124.151821419,2.917058015467693,3.917058015467693
Chonnapas Yokyai,Simulation Field,,Oil on linen,100.0,100.0,50,False,2135000,9208711.626963964,3.3132138767981094,4.31321387679811
Chonnapas Yokyai,Playground Error,,Oil on linen,130.0,100.0,60,False,2467100,14997841.88753467,5.07913821390891,6.07913821390891
Chonnapas Yokyai,Eternal recurrence,,Oil on linen,100.0,100.0,50,False,2135000,9208711.626963964,3.3132138767981094,4.31321387679811
Chonnapas Yokyai,The Oracle Pill,,Oil on linen,100.0,100.0,50,False,2135000,9208711.626963964,3.3132138767981094,4.31321387679811
Junmin Shin,Light Forest,2024.0,Oil on canvas,72.7,60.6,20,False,1857300,3793534.0565802692,1.042499357443746,2.042499357443746
Junmin Shin,Bird,2024.0,Oil on canvas,27.3,22.0,2,False,700300,1186411.874867214,0.6941480435059458,1.694148043505946
Junmin Shin,Flood Lighting,2024.0,Oil on canvas,65.1,53.0,15,False,1507100,3200137.939263772,1.1233746528191708,2.123374652819171
Junmin Shin,White Flower,2024.0,Oil on canvas,27.3,34.8,4,False,700300,1886698.6867142317,1.6941292113583204,2.6941292113583204
Junmin Shin,Light Flower,2023.0,Oil on canvas,53.0,45.0,10,False,1157000,2452188.3269787817,1.1194367562478666,2.119436756247867
Junmin Shin,White Light,2024.0,Oil on canvas,91.0,116.8,50,False,4627900,11632442.743383626,1.513546693615598,2.5135466936155977
Junmin Shin,Flood Lighting,2023.0,Oil on canvas,65.1,53.0,15,False,1507100,3196913.6976139923,1.121235284728281,2.121235284728281
Junmin Shin,White Flower,2024.0,Oil on canvas,40.9,53.0,10,False,1157000,3235897.6409617895,1.7968000354034481,2.7968000354034483
Junmin Shin,White Light,2022.0,Oil on canvas,53.0,65.1,15,False,1507100,3263278.5190402856,1.1652700677063803,2.16527006770638
Junmin Shin,Whiter Flower,2024.0,Oil on canvas,50.0,65.1,15,False,1507100,3921118.945368992,1.6017642793238618,2.601764279323862
Junmin Shin,Waves,2022.0,Oil on canvas,130.3,193.9,120,False,10397500,30986263.74566549,1.9801648228579458,2.9801648228579456
Junmin Shin,Wind Tree,2024.0,Oil on canvas,50.0,65.1,15,False,1507100,3921118.945368992,1.6017642793238618,2.601764279323862
Junmin Shin,Light Forest,2023.0,Oil on canvas,27.3,34.8,4,False,700300,1888546.2143861535,1.6967674059490983,2.6967674059490983
Junmin Shin,Thorn Tree,2024.0,Oil on canvas,53.0,65.1,15,False,1507100,3200137.939263772,1.1233746528191708,2.123374652819171
Junmin Shin,Light Flower,2023.0,Oil on canvas,53.0,45.0,10,False,1157000,2452188.3269787817,1.1194367562478666,2.119436756247867
Junmin Shin,White Flower,2024.0,Oil on canvas,27.3,34.8,4,False,700300,1886698.6867142317,1.6941292113583204,2.6941292113583204
Junmin Shin,Bird,2024.0,Oil on canvas,40.9,53.0,10,False,1157000,3235897.6409617895,1.7968000354034481,2.7968000354034483
Junmin Shin,White Light,2022.0,Oil on canvas,112.0,145.5,80,False,7429000,20613358.744266625,1.774715135854977,2.774715135854977
Phichai Keawvichit,Memoir No. 2,2022.0,Photograph,42.0,59.4,10,False,852500,3932561.9782963167,3.612975927620313,4.612975927620313
Phichai Keawvichit,Memoir No. 4,2022.0,Photograph,42.0,59.4,10,False,852500,3932561.9782963167,3.612975927620313,4.612975927620313
Phichai Keawvichit,Memoir No. 10,2022.0,Photograph,42.0,59.4,10,False,852500,3932561.9782963167,3.612975927620313,4.612975927620313
Phichai Keawvichit,Memoir No. 8,2022.0,Photograph,42.0,59.4,10,False,852500,3932561.9782963167,3.612975927620313,4.612975927620313
Phichai Keawvichit,Memoir No. 6,2022.0,Photograph,42.0,59.4,10,False,852500,3932561.9782963167,3.612975927620313,4.612975927620313
Phichai Keawvichit,Memoir No. 11,2022.0,Photograph,42.0,59.4,10,False,852500,3932561.9782963167,3.612975927620313,4.612975927620313
Phichai Keawvichit,Memoir No. 15,2022.0,Photograph,42.0,59.4,10,False,852500,3932561.9782963167,3.612975927620313,4.612975927620313
Phichai Keawvichit,Memoir No. 18,2022.0,Photograph,42.0,59.4,10,False,852500,3932561.9782963167,3.612975927620313,4.612975927620313
Phichai Keawvichit,Memoir No. 17,2022.0,Photograph,42.0,59.4,10,False,852500,3932561.9782963167,3.612975927620313,4.612975927620313
Phichai Keawvichit,Memoir No. 12,2022.0,Photograph,42.0,59.4,10,False,852500,3932561.9782963167,3.612975927620313,4.612975927620313
Phichai Keawvichit,Memoir No. 7,2022.0,Photograph,42.0,59.4,10,False,852500,3932561.9782963167,3.612975927620313,4.612975927620313
Phichai Keawvichit,Memoir No. 5,2022.0,Photograph,42.0,59.4,10,False,852500,3932561.9782963167,3.612975927620313,4.612975927620313
Phichai Keawvichit,Memoir No. 14,2022.0,Photograoh,42.0,59.4,10,False,852500,3932561.9782963167,3.612975927620313,4.612975927620313
Phichai Keawvichit,Memoir No. 9,2022.0,Photograph,42.0,59.4,10,False,852500,3932561.9782963167,3.612975927620313,4.612975927620313
Phichai Keawvichit,Memoir No. 16,2022.0,Photograph,42.0,59.4,10,False,852500,3932561.9782963167,3.612975927620313,4.612975927620313
Phichai Keawvichit,Memoir No. 13,2022.0,Photograph,42.0,59.4,10,False,852500,3932561.9782963167,3.612975927620313,4.612975927620313
Phichai Keawvichit,Memoir No. 3,2022.0,Photograph,42.0,59.4,10,False,852500,3932561.9782963167,3.612975927620313,4.612975927620313
Phichai Keawvichit,The Memoir No. 1,2022.0,Photograph,42.0,59.4,10,False,852500,3932561.9782963167,3.612975927620313,4.612975927620313
Samuel Almansa,Norigae II,2025.0,Airbrushed acrylics on canvas,30.0,60.0,8,False,2200000,3756571.18572984,0.7075323571499272,1.7075323571499272
Samuel Almansa,Bokjumeoni I,2025.0,Airbrushed acrylics on canvas,40.0,50.0,8,False,1870000,2969492.850917721,0.5879640913998508,1.587964091399851
Samuel Almansa,Horse III,,Airbrushed acrylics on canvas,30.0,40.0,5,False,1540000,2094898.7733014247,0.3603238787671589,1.360323878767159
Samuel Almansa,Daruma II,,Airbrushed acrylics on canvas,16.0,22.0,1,False,880000,1304192.4731819704,0.4820369013431482,1.4820369013431482
Samuel Almansa,Daruma V,2025.0,Airbrushed acrylics on canvas,16.0,22.0,1,False,880000,1357130.9371735856,0.5421942467881655,1.5421942467881655
Samuel Almansa,Horse I,,Airbrushed acrylics on canvas,40.0,50.0,8,False,1870000,2853659.9669595542,0.526021372705644,1.526021372705644
Samuel Almansa,Bokjumeoni II,2025.0,Airbrushed acrylics on canvas,40.0,50.0,8,False,1870000,2969492.850917721,0.5879640913998508,1.587964091399851
Samuel Almansa,Haetae II,2025.0,Airbrushed acrylics on canvas,80.0,80.0,30,False,2970000,6217078.246202088,1.0932923387885818,2.093292338788582
Samuel Almansa,Maneki-neko I,2025.0,Airbrushed acrylics on canvas,40.0,50.0,8,False,1870000,2969492.850917721,0.5879640913998508,1.587964091399851
Samuel Almansa,Daruma III,2025.0,Airbrushed acrylics on canvas,16.0,22.0,1,False,880000,1357130.9371735856,0.5421942467881655,1.5421942467881655
Samuel Almansa,Haetae I,2025.0,Airbrushed acrylics on canvas,80.0,80.0,30,False,2970000,6217078.246202088,1.0932923387885818,2.093292338788582
Samuel Almansa,Daruma IV,2025.0,Airbrushed acrylics on canvas,16.0,22.0,1,False,880000,1357130.9371735856,0.5421942467881655,1.5421942467881655
Samuel Almansa,Daruma VI,2025.0,Airbrushed acrylics on canvas,16.0,22.0,1,False,880000,1357130.9371735856,0.5421942467881655,1.5421942467881655
Samuel Almansa,Horse II,,Airbrushed acrylics on canvas,30.0,40.0,5,False,1540000,2094898.7733014247,0.3603238787671589,1.360323878767159
Samuel Almansa,Yongwang,2025.0,Airbrushed acrylics on canvas,80.0,80.0,30,False,3300000,6217078.246202088,0.8839631049097236,1.8839631049097236
Samuel Almansa,Norigae I,2025.0,Airbrushed acrylics on canvas,30.0,60.0,8,False,2200000,3756571.18572984,0.7075323571499272,1.7075323571499272
Samuel Almansa,Daruma I,2025.0,Airbrushed acrylics on canvas,16.0,22.0,1,False,880000,1357130.9371735856,0.5421942467881655,1.5421942467881655
Samuel Almansa,Maneki-neko II,2025.0,Airbrushed acrylics on canvas,40.0,50.0,8,False,1870000,2969492.850917721,0.5879640913998508,1.587964091399851
Dain Lim,Window 17,2021.0,Oil on linen,37.9,45.5,8,True,1248400,1312610.1959725067,0.05143399228813414,1.0514339922881342
Dain Lim,Resonate,2023.0,Oil on linen,91.0,73.0,40,True,3714500,4716493.574674632,0.2697519382621167,1.2697519382621167
Dain Lim,Spring in New York,2021.0,Oil on linen,72.5,108.7,40,True,6180700,5975897.068465782,0.03313587967935957,0.9668641203206404
Dain Lim,Window 11,2022.0,Oil on linen,37.9,45.5,8,True,1248400,1292210.7662429188,0.03509353271621178,1.0350935327162119
Dain Lim,5pm Brooklyn,2021.0,Oil on linen,72.5,108.7,40,True,6180700,5975897.068465782,0.03313587967935957,0.9668641203206404
Dain Lim,Deep in Grey,2025.0,Oil on linen,218.1,60.6,60,True,7429000,7073141.630955449,0.047901247684015436,0.9520987523159845
Dain Lim,Kippen,2023.0,Oil on linen,91.0,72.7,40,True,3714500,4906510.576574567,0.32090741057331185,1.3209074105733118
Dain Lim,Morn,2025.0,Oil on linen,80.0,227.0,80,True,12361300,10674545.046315087,0.13645449537547935,0.8635455046245206
Dain Lim,JAVA,2024.0,Oil on linen,60.6,73.0,20,True,2481400,3003689.3297977787,0.21048171588529813,1.210481715885298
Dain Lim,Window 3,2021.0,Oil on linen,37.9,45.5,8,True,1248400,1312610.1959725067,0.05143399228813414,1.0514339922881342
Dain Lim,Window 10,2021.0,Oil on linen,37.9,45.5,8,True,1248400,1312610.1959725067,0.05143399228813414,1.0514339922881342
Dain Lim,Illuminate,2024.0,Oil on linen,34.5,53.0,8,True,1491900,1599055.2650344982,0.07182469671861264,1.0718246967186127
Dain Lim,Split seconds,2025.0,Oil on linen,60.6,72.7,20,True,2481400,3043420.3196730297,0.22649323755663323,1.2264932375566333
Dain Lim,Window 14,2021.0,Oil on linen,37.9,45.5,8,True,1248400,1312610.1959725067,0.05143399228813414,1.0514339922881342
Dain Lim,Window 12,2021.0,Oil on linen,37.9,45.5,8,True,1248400,1312610.1959725067,0.05143399228813414,1.0514339922881342
Dain Lim,6pm Brooklyn,2021.0,Oil on linen,72.5,108.7,40,True,6180700,5975897.068465782,0.03313587967935957,0.9668641203206404
Dain Lim,Taaffe Place,2023.0,Oil on linen,100.0,80.3,40,True,4947600,5300570.4487900445,0.0713417513117561,1.071341751311756
Dain Lim,Night,2025.0,Oil on linen,80.0,227.0,80,True,12361300,10674545.046315087,0.13645449537547935,0.8635455046245206
Jieun Choi,Anonymous,,Oil on Canvas,70.0,80.0,30,False,2283500,3390543.251993046,0.484801073787189,1.484801073787189
Jieun Choi,Shatterd Bonds,2023.0,Oil on Canvas,70.0,105.0,40,False,3500000,6077741.514444133,0.7364975755554667,1.7364975755554666
Jieun Choi,Sisters,2023.0,Oil on Canvas,120.0,170.0,100,False,8800000,12799766.076257547,0.454518872301994,1.454518872301994
Jieun Choi,Masked People,2023.0,Oil on Canvas,130.0,180.0,100,False,9000000,12659073.584219899,0.40656373157998876,1.4065637315799888
Jieun Choi,Finale,2024.0,Oil on Canvas,180.0,210.0,150,False,13000000,12246846.008307064,0.05793492243791816,0.9420650775620818
Jieun Choi,Secret Rave,2024.0,Oil on Canvas,220.0,190.0,200,False,13000000,12925044.976188274,0.005765771062440454,0.9942342289375595
Jieun Choi,Maria,2023.0,Oil on Canvas,100.0,160.0,80,False,8000000,12184067.689896315,0.5230084612370394,1.5230084612370394
Jieun Choi,Unsung Requiem,2024.0,Oil on Canvas,30.0,40.0,5,False,600000,1353635.8063748516,1.2560596772914194,2.2560596772914194
Jieun Choi,Smile,2024.0,Oil on Canvas,24.0,40.0,4,False,600000,1386289.2149729487,1.3104820249549145,2.3104820249549145
Jieun Choi,Geisha,2023.0,Oil on Canvas,60.0,97.0,30,False,3349200,5455809.597322382,0.6289888920704593,1.6289888920704592
Jieun Choi,Ambiguous Relationship,2024.0,Oil on Canvas,170.0,200.0,150,False,13000000,11863055.383805353,0.08745727816881899,0.912542721831181
Jieun Choi,Minor Friction,2023.0,Oil on Canvas,63.0,100.0,30,False,3500000,5360920.718116295,0.5316916337475127,1.5316916337475128
Jieun Choi,Slow Dream,2024.0,Oil on Canvas,190.0,210.0,200,False,13000000,13599509.630621705,0.04611612543243886,1.046116125432439
Jieun Choi,More than You,2024.0,Oil on Canvas,80.0,110.0,50,False,4000000,7551756.220289604,0.887939055072401,1.887939055072401
Jieun Choi,Facade,2024.0,Oil on Canvas,110.0,140.0,80,False,8500000,10304522.040709885,0.21229671067175115,1.2122967106717513
Jieun Choi,Obsession,2024.0,Oil on Canvas,100.0,160.0,80,False,8400000,12178114.950669687,0.44977558936543893,1.449775589365439
Jieun Choi,Siesta,2024.0,Oil on Canvas,110.0,110.0,60,False,4500000,6644388.839358951,0.476530853190878,1.476530853190878
Jieun Choi,Look at Me!,2023.0,Oil on Canvas,110.0,180.0,100,False,8500000,14026517.374513375,0.6501785146486323,1.6501785146486323
Eunju Jeong,Brush stroke,2020.0,Acrylic on canvas,30.0,30.0,3,True,2000000,1672243.3864852963,0.16387830675735185,0.8361216932426482
Eunju Jeong,Brush stroke,2020.0,Acrylic on canvas,32.0,32.0,4,True,2000000,2056704.2309787965,0.028352115489398245,1.0283521154893982
Eunju Jeong,Breath,2019.0,Acrylic on canvas,71.2,101.4,40,True,12000000,6276725.647674734,0.4769395293604389,0.5230604706395612
Eunju Jeong,Brush stroke,2020.0,Acrylic on canvas,30.0,30.0,3,True,2000000,1672243.3864852963,0.16387830675735185,0.8361216932426482
Eunju Jeong,Brush stroke,2020.0,Acrylic on canvas,32.0,32.0,4,True,2000000,2056704.2309787965,0.028352115489398245,1.0283521154893982
Eunju Jeong,Brush stroke,2020.0,Acrylic on canvas,30.0,30.0,3,True,2000000,1672243.3864852963,0.16387830675735185,0.8361216932426482
Eunju Jeong,Brush stroke,2020.0,Acrylic on canvas,30.0,30.0,3,True,2000000,1672243.3864852963,0.16387830675735185,0.8361216932426482
Eunju Jeong,Brush stroke,2019.0,Acrylic on canvas,32.0,32.0,4,True,2000000,2080797.1895474794,0.04039859477373969,1.0403985947737397
Eunju Jeong,Brush stroke,2019.0,Acrylic on canvas,32.0,32.0,4,True,2000000,2080797.1895474794,0.04039859477373969,1.0403985947737397
Eunju Jeong,Brush stroke,2021.0,Acrylic on canvas,30.0,30.0,3,True,2000000,1665236.3114052305,0.16738184429738473,0.8326181557026153
Eunju Jeong,Brush stroke,2020.0,Acrylic on canvas,32.0,32.0,4,True,2000000,2056704.2309787965,0.028352115489398245,1.0283521154893982
Eunju Jeong,Brush stroke,2020.0,Acrylic on canvas,30.0,30.0,3,True,2000000,1672243.3864852963,0.16387830675735185,0.8361216932426482
Eunju Jeong,Brush stroke,2019.0,Acrylic on canvas,30.0,30.0,3,True,2000000,1714265.1255396171,0.14286743723019144,0.8571325627698085
Eunju Jeong,Brush stroke,2019.0,Acrylic on canvas,30.0,30.0,3,True,2000000,1714265.1255396171,0.14286743723019144,0.8571325627698085
Eunju Jeong,Brush stroke,2019.0,Acrylic on canvas,30.0,30.0,3,True,2000000,1714265.1255396171,0.14286743723019144,0.8571325627698085
Eunju Jeong,Brush stroke,2020.0,Acrylic on canvas,30.0,30.0,3,True,2000000,1672243.3864852963,0.16387830675735185,0.8361216932426482
Eunju Jeong,Breath,2019.0,Acrylic on canvas,71.2,101.4,40,True,12000000,6276725.647674734,0.4769395293604389,0.5230604706395612
Luke Park,Nights of Seasons,2023.0,Acrylic on Paper,54.0,78.0,20,False,1103700,5378401.31204502,3.8730645211969015,4.873064521196901
Luke Park,Equilibrium,2025.0,Medium&Technique Acrylic on Paper,78.8,109.0,50,False,3927600,11165711.19768274,1.8428839998173796,2.8428839998173796
Luke Park,Equilibrium: Four Seasons Drawing,,Pencil on Paper,109.0,78.8,50,False,1674600,10706652.24842356,5.3935580129126715,6.3935580129126715
Luke Park,Equilibrium,2025.0,Medium&Technique Acrylic on Paper,78.8,109.0,50,False,3927600,11165711.19768274,1.8428839998173796,2.8428839998173796
Luke Park,Equilibrium,2025.0,Medium&Technique Acrylic on Paper,78.8,109.0,50,False,3927600,11165711.19768274,1.8428839998173796,2.8428839998173796
Luke Park,Nights of Seasons,2023.0,Acrylic on paper,54.0,78.0,20,False,1103700,5378401.31204502,3.8730645211969015,4.873064521196901
Luke Park,Nights of Seasons,2025.0,Medium&Technique Acrylic on Paper,54.0,78.0,20,False,1979100,4927583.829742899,1.4898104339057647,2.489810433905765
Luke Park,Equilibrium,2025.0,Medium&Technique Acrylic on Paper,78.8,109.0,50,False,3927600,11165711.19768274,1.8428839998173796,2.8428839998173796
Luke Park,Equilibrium,2025.0,Medium&Technique Acrylic on Paper,78.8,109.0,50,False,3927600,11165711.19768274,1.8428839998173796,2.8428839998173796
Luke Park,"Incomplete 不完全, Complete 完全",2022.0,Medium&Technique Marker on Panel,108.0,156.0,80,False,2740200,19858801.535476603,6.247208793327714,7.247208793327714
Luke Park,Seasons (Series of 4),2023.0,Acrylic on paper,54.0,78.0,20,False,3196900,5145028.968554283,0.6093806401683765,1.6093806401683763
Choongmok YOO,Formation - Recollection 4-40,2026.0,"Glass, Acrylic on canvas",130.0,260.0,150,True,32000000,28615643.77328382,0.10576113208488061,0.8942388679151194
Choongmok YOO,Formation - Recollection 4-39,2026.0,"Glass, Acrylic on canvas",130.0,260.0,150,True,32000000,28615643.77328382,0.10576113208488061,0.8942388679151194
Choongmok YOO,Formation - Recollection_unrestraint M 1,2026.0,"Glass, Acrylic on canvas",30.0,30.0,3,True,1300000,1313440.4035537795,0.010338771964445746,1.0103387719644457
Choongmok YOO,Formation - Recollection_unrestraint M 3,2026.0,"Glass, Acrylic on canvas",30.0,30.0,3,True,1300000,1313440.4035537795,0.010338771964445746,1.0103387719644457
Choongmok YOO,Formation - Recollection_Belief 1-21,2024.0,"Glass, Gold leaf, Acrylic on canvas",72.7,91.0,40,True,6000000,7689825.646885241,0.2816376078142069,1.2816376078142069
Choongmok YOO,Formation - Recollection_unrestraint M 4,2026.0,"Glass, Acrylic on canvas",30.0,30.0,3,True,1300000,1313440.4035537795,0.010338771964445746,1.0103387719644457
Choongmok YOO,Formation - Circle 10,2025.0,"Glass, Acrylic on canvas",130.3,130.3,80,True,18000000,17730820.809375122,0.014954399479159879,0.9850456005208401
Choongmok YOO,Formation - Recollection_unrestraint 2-6,,"Glass, Gold leaf, Acrylic on canvas",45.5,53.0,10,True,2500000,2526079.1535475836,0.010431661419033445,1.0104316614190334
Choongmok YOO,Formation - Recollection_moderation 1-16,,"Glass, Gold leaf, Acrylic on canvas",45.5,53.0,10,True,2500000,2526079.1535475836,0.010431661419033445,1.0104316614190334
Choongmok YOO,Formation - Recollection_unrestraint 2-5,2026.0,"Glass, Gold leaf, Acrylic on canvas",45.5,53.0,10,True,2500000,2498316.689746714,0.0006733241013143212,0.9993266758986856
Choongmok YOO,Formation - Recollection_unrestraint M 2,2026.0,"Glass, Acrylic on canvas",30.0,30.0,3,True,1300000,1313440.4035537795,0.010338771964445746,1.0103387719644457
Choongmok YOO,Formation - Circle 9,2025.0,"Glass, Acrylic on canvas",130.3,130.3,80,True,18000000,17730820.809375122,0.014954399479159879,0.9850456005208401
Choongmok YOO,Formation - Recollection_Belief 2,2026.0,"Glass, Gold leaf, Acrylic on canvas",72.7,91.0,40,True,6000000,7518879.663106851,0.25314661051780857,1.2531466105178086
Choongmok YOO,Formation - Circle 7,2026.0,"Glass, Acrylic on canvas",145.4,121.2,80,True,16000000,15663429.43959298,0.02103566002543876,0.9789643399745612
Choongmok YOO,Formation - Recollection_moderation 2-9,2026.0,"Glass, Gold leaf, Acrylic on canvas",45.5,53.0,10,True,2500000,2498316.689746714,0.0006733241013143212,0.9993266758986856
Choongmok YOO,Formation - Recollection_unrestraint 3-1,,"Glass, Gold leaf, Acrylic on canvas",45.5,53.0,10,True,2500000,2526079.1535475836,0.010431661419033445,1.0104316614190334
Theresia Massawe,What Connects us XI,,Acrylic on canvas,50.0,50.0,10,False,1217900,2715554.93785505,1.2297027160317349,2.229702716031735
Theresia Massawe,What Connects us VI,,Acrylic on canvas,50.0,50.0,10,False,1217900,2715554.93785505,1.2297027160317349,2.229702716031735
Theresia Massawe,What Connects us XII,,Acrylic on canvas,50.0,50.0,10,False,1217900,2715554.93785505,1.2297027160317349,2.229702716031735
Theresia Massawe,What Connects us XIX,,Acrylic on canvas,50.0,50.0,10,False,1217900,2715554.93785505,1.2297027160317349,2.229702716031735
Theresia Massawe,What Connects us XVII,,Acrylic on canvas,50.0,50.0,10,False,1217900,2715554.93785505,1.2297027160317349,2.229702716031735
Theresia Massawe,What Connects us XIII,,Acrylic on canvas,50.0,50.0,10,False,1217900,2715554.93785505,1.2297027160317349,2.229702716031735
Theresia Massawe,What Connects us XVIII,,Acrylic on canvas,50.0,50.0,10,False,1217900,2715554.93785505,1.2297027160317349,2.229702716031735
Theresia Massawe,What Connects us XVII,,Acrylic on canvas,50.0,50.0,10,False,1217900,2715554.93785505,1.2297027160317349,2.229702716031735
Theresia Massawe,What Connects us IX,,Acrylic on canvas,50.0,50.0,10,False,1217900,2715554.93785505,1.2297027160317349,2.229702716031735
Theresia Massawe,What Connects us X,,Acrylic on canvas,50.0,50.0,10,False,1217900,2715554.93785505,1.2297027160317349,2.229702716031735
Theresia Massawe,What Connects us XVI,,Acrylic on canvas,50.0,50.0,10,False,1217900,2715554.93785505,1.2297027160317349,2.229702716031735
Theresia Massawe,What Connects us VII,,Acrylic on canvas,50.0,50.0,10,False,1217900,2715554.93785505,1.2297027160317349,2.229702716031735
Theresia Massawe,What Connects us XV,,Acrylic on canvas,50.0,50.0,10,False,1217900,2715554.93785505,1.2297027160317349,2.229702716031735
Theresia Massawe,What Connects us VIII,,Acrylic on canvas,50.0,50.0,10,False,1217900,2715554.93785505,1.2297027160317349,2.229702716031735
Theresia Massawe,What Connect us XIV,,Acrylic on canvas,50.0,50.0,10,False,1217900,2715554.93785505,1.2297027160317349,2.229702716031735
Theresia Massawe,What Connects us II,,Acrylic on canvas,50.0,50.0,10,False,1217900,2715554.93785505,1.2297027160317349,2.229702716031735
Sooin Ahn,Shadow and Shadow,,Acrylic on linen,41.0,53.0,10,True,1000000,1550607.0638956768,0.5506070638956767,1.5506070638956768
Sooin Ahn,있었던 자리 Where Forms Once Stood,2026.0,Acrylic on Linen,65.1,100.0,30,True,3044700,3614192.4146230863,0.1870438514872028,1.1870438514872028
Sooin Ahn,The Cross-Section of a Mass,,Acrylic on canvas,12.1,12.1,0,True,500000,613411.2124220965,0.22682242484419304,1.226822424844193
Sooin Ahn,The buds flipped inside out and thrust upward,,Acrylic on linen,130.3,160.2,100,True,7000000,8391212.771804214,0.1987446816863162,1.1987446816863163
Sooin Ahn,It’s Soaking in,,Acrylic on canvas,27.9,35.5,4,True,800000,990458.7136442631,0.23807339205532888,1.2380733920553288
Sooin Ahn,오르는 모습들 Ascending Forms,2026.0,Acrylic on Linen,130.3,193.9,120,True,8981700,10123317.863979202,0.12710487591204359,1.1271048759120437
Sooin Ahn,The Shadow Mark,,Acrylic on canvas,76.2,72.6,25,True,2500000,2680604.193789755,0.07224167751590199,1.072241677515902
Sooin Ahn,The Vermilion Valley,,Acrylic on canvas,76.2,76.2,30,True,2500000,3044642.4887899715,0.21785699551598858,1.2178569955159886
Sooin Ahn,A Heart in Orange,,Acrylic on linen,72.7,91.0,40,True,2100000,3284219.6281109643,0.5639141086242687,1.5639141086242687
Sooin Ahn,The Form of a Mountain,,Acrylic on canvas,12.1,12.1,0,True,500000,613411.2124220965,0.22682242484419304,1.226822424844193
Sooin Ahn,The Form of a Mountain_2,,Acrylic on canvas,12.1,12.1,0,True,500000,613411.2124220965,0.22682242484419304,1.226822424844193
Sooin Ahn,Making the Mountains_2,,Acrylic on linen,45.5,53.0,10,True,1000000,1299957.0178957186,0.29995701789571855,1.2999570178957185
Sooin Ahn,The Reflected Shape,,Acylic on wood panel,26.0,35.0,4,True,800000,692595.9983268479,0.13425500209144012,0.8657449979085599
Sooin Ahn,The Height of Mass,,Acrylic on canvas,12.1,12.1,0,True,500000,613411.2124220965,0.22682242484419304,1.226822424844193
Sooin Ahn,The Reflected Shape_2,,Acrylic on wood panel,26.0,35.0,4,True,800000,879334.0741054463,0.09916759263180792,1.0991675926318079
Sooin Ahn,둥글납작하게 서 있는 Standing Rounded-Flat Form,2026.0,Acrylic on Linen,45.5,53.0,10,True,1065700,1333876.0009681573,0.25164305242390667,1.2516430524239066
Wichuda Khuntijit,The Night the Cloud Hung Low,,Oil on canvas,100.0,100.0,50,False,2324800,9078661.324336305,2.9051364953270413,3.9051364953270413
Wichuda Khuntijit,Another Piece,,Oil on canvas,100.0,100.0,50,False,2324800,9078661.324336305,2.9051364953270413,3.9051364953270413
Wichuda Khuntijit,"It came, It went",,Oil on canvas,100.0,100.0,50,False,2324800,9078661.324336305,2.9051364953270413,3.9051364953270413
Wichuda Khuntijit,Tomorrow Unseen,,Oil on canvas,100.0,100.0,50,False,2324800,9078661.324336305,2.9051364953270413,3.9051364953270413
Wichuda Khuntijit,The Night The Roots Didn't Hold,,Oil on linen,100.0,300.0,150,False,6167700,37699164.63515921,5.112353816683562,6.112353816683562
Wichuda Khuntijit,The Night the Curtain Opened,,Oil on linen,120.0,120.0,60,False,2799200,13515563.301673623,3.8283664267196422,4.828366426719643
Wichuda Khuntijit,Brave,,Oil on canvas,40.0,40.0,8,False,901500,2351755.348098934,1.608713641818008,2.608713641818008
Wichuda Khuntijit,Trust Yourself,,Oil on linen,200.0,120.0,120,False,4507200,29339815.720680103,5.509543778993633,6.509543778993633
Wichuda Khuntijit,Transition,,Oil on canvas,150.0,100.0,80,False,3083900,19108196.63494251,5.196114217368432,6.196114217368432
Wichuda Khuntijit,All Within,,Oil on canvas,100.0,100.0,50,False,2324800,9078661.324336305,2.9051364953270413,3.9051364953270413
Wichuda Khuntijit,The Night the Stone Floated,,Oil on linen,100.0,170.0,80,False,3321100,22800395.878421593,5.865314467622653,6.865314467622653
Wichuda Khuntijit,Resting Clouds,,Oil on canvas,100.0,100.0,50,False,2324800,9078661.324336305,2.9051364953270413,3.9051364953270413
Wichuda Khuntijit,The Same,,Oil on linen,10.0,15.0,0,False,3083900,1409039.101638418,0.5430983165347716,0.4569016834652284
Wichuda Khuntijit,Moonless Night,,Oil on linen,140.0,140.0,100,False,3748100,20080349.82491879,4.35747440701123,5.35747440701123
Wichuda Khuntijit,In Time,,Oil on canvas,140.0,140.0,100,False,3558300,19798259.38562468,4.563965766131209,5.563965766131209
Wichuda Khuntijit,Nothing Stays Above Us Forever,,Oil on canvas,80.0,100.0,40,False,1992700,7182519.975065252,2.6044161063206963,3.6044161063206963
Seonghwa Hong,Serenity_33,2026.0,Korean painting pigments on linen canvas,50.0,50.0,10,False,2283500,2913328.448770054,0.2758171441953379,1.2758171441953379
Seonghwa Hong,Serenity_34,2026.0,Korean painting pigments on linen canvas,60.6,72.7,20,False,3805800,3807566.399346859,0.00046413351906542496,1.0004641335190654
Seonghwa Hong,Serenity_25,2026.0,Korean painting pigments on linen canvas,45.5,53.0,10,False,2283500,2455129.024274203,0.07516050986389446,1.0751605098638946
Seonghwa Hong,Serenity 32,2026.0,Korean painting pigments on linen canvas,50.0,50.0,10,False,2283500,2913328.448770054,0.2758171441953379,1.2758171441953379
Seonghwa Hong,Serenity_29,2026.0,Korean painting pigments on linen canvas,72.7,90.9,40,False,5708700,6504011.3167665955,0.13931566149326388,1.1393156614932638
Seonghwa Hong,Serenity_22,2025.0,Korean painting pigments on linen canvas,53.0,65.1,15,False,2816300,3201421.2218081215,0.13674722927533342,1.1367472292753333
Seonghwa Hong,Serenity_25,2025.0,Korean painting pigments on linen canvas,45.5,53.0,10,False,2283500,2460846.310266217,0.07766424798170231,1.0776642479817022
Seonghwa Hong,Serenity_35,2026.0,Korean painting pigments on linen canvas,130.0,162.0,100,False,15984400,21678781.647047505,0.3562461929786232,1.3562461929786231
Seonghwa Hong,Serenity_22,2025.0,Korean painting pigments on linen canvas,53.0,65.1,15,False,3044700,3201421.2218081215,0.05147345282232126,1.0514734528223213
Seonghwa Hong,Serenity_31,2026.0,Korean painting pigments on linen canvas,72.7,60.6,20,False,3805800,3807566.399346859,0.00046413351906542496,1.0004641335190654
Seonghwa Hong,Serenity 39,2026.0,Korean painting pigments on linen canvas,37.9,45.5,8,False,1826800,2338632.397890106,0.280179766745186,1.280179766745186
Changyeol Gu,passing through layers of concealment,,oil and cold wax on canvas,50.0,65.1,15,False,750000,3514673.884747684,3.6862318463302453,4.686231846330245
Changyeol Gu,Profound Tension,,"oil and cold wax on canvas, aluminum frame",60.5,72.5,20,False,1000000,3505726.558214477,2.505726558214477,3.505726558214477
Changyeol Gu,"Though faded, it remains",,Oil and cold wax on canvas,80.0,117.0,50,False,2500000,11500165.818306062,3.600066327322425,4.600066327322425
Changyeol Gu,Residue,,oil and cold wax on aluminum plate,13.0,13.0,0,False,150000,1134187.630412904,6.561250869419361,7.561250869419361
Changyeol Gu,Residue,,oil and cold wax on aluminum plate,13.0,13.0,0,False,150000,1134187.630412904,6.561250869419361,7.561250869419361
Changyeol Gu,"Still, It Is, Even Now",,Oil and cold wax on wood / Aluminum sculpture,14.8,122.0,8,False,2000000,3635074.82670176,0.8175374133508799,1.81753741335088
Changyeol Gu,Residue,,oil and cold wax on aluminum plate,13.0,13.0,0,False,150000,1134187.630412904,6.561250869419361,7.561250869419361
Changyeol Gu,Imminence,,"Oil and pigment stick on canvas, Stainless steel frame",24.0,41.5,4,False,350000,2075341.7522294149,4.929547863512614,5.929547863512614
Changyeol Gu,Revealed through permanence,,Oil and cold wax on linen,50.0,65.1,15,False,750000,3632527.818809179,3.8433704250789056,4.843370425078906
Changyeol Gu,Contemplation,,"Oil and pigment stick on canvas, Stainless steel frame",27.0,45.5,5,False,450000,2240448.5857973923,3.9787746351053164,4.978774635105316
Changyeol Gu,Residue,,oil and cold wax on aluminum plate,13.0,13.0,0,False,150000,1134187.630412904,6.561250869419361,7.561250869419361
Changyeol Gu,Gathering toward dispersal,,"Oil on linen, Stainless steel frame",20.0,20.0,1,False,550000,1107871.1499026944,1.0143111816412624,2.0143111816412627
Changyeol Gu,Residue,,oil and cold wax on aluminum plate,13.0,13.0,0,False,150000,1134187.630412904,6.561250869419361,7.561250869419361
Changyeol Gu,Standing before traces,,Oil and cold wax on canvas,50.0,65.1,15,False,750000,3514673.884747684,3.6862318463302453,4.686231846330245
Changyeol Gu,Threshold of serenity,,"oil and cold wax on canvas, aluminum frame",60.5,72.5,20,False,1000000,3505726.558214477,2.505726558214477,3.505726558214477
Kang Miro,빛의 그림자_4,2024.0,Mixed media,83.0,103.0,50,False,6000000,9452660.0153816,0.5754433358969334,1.5754433358969335
Kang Miro,정지된 빛(Stalled light)_6,2022.0,Mixed media,27.0,113.0,12,False,2500000,4526511.810439646,0.8106047241758585,1.8106047241758585
Kang Miro,빛의 그림자_1,2024.0,Mixed media,83.0,103.0,50,False,6000000,9671643.874294072,0.6119406457156787,1.6119406457156786
Kang Miro,정지된 빛(Stalled light)_10,2022.0,Mixed media,43.0,153.0,30,False,6000000,7614923.322778831,0.2691538871298052,1.2691538871298051
Kang Miro,창과 문_10,2022.0,Mixed media,43.0,43.0,8,False,1500000,2812192.782771693,0.874795188514462,1.874795188514462
Kang Miro,정지된 빛(Stalled light)_17,2023.0,Mixed media,43.0,153.0,30,False,6000000,7764316.093516787,0.29405268225279774,1.2940526822527978
Kang Miro,유영하는 빛(Swimming light)_3,2022.0,Mixed media,47.0,72.0,15,False,2500000,5045416.358097037,1.018166543238815,2.0181665432388147
Kang Miro,정지된 빛(Stalled light)_22,2023.0,Mixed media,43.0,153.0,30,False,6000000,7764316.093516787,0.29405268225279774,1.2940526822527978
Kang Miro,유영하는 빛(Swimming light)_4,2022.0,Mixed media,47.0,72.0,15,False,2500000,5045416.358097037,1.018166543238815,2.0181665432388147
Kang Miro,창과 문_11,2022.0,Mixed media,43.0,43.0,8,False,1500000,2812192.782771693,0.874795188514462,1.874795188514462
Kang Miro,빛의 소란_3,2021.0,Mixed media,93.0,133.0,60,False,8000000,16140051.985837648,1.017506498229706,2.017506498229706
Kang Miro,창과 문_13,2024.0,Mixed media,93.0,133.0,60,False,9000000,15172538.120047297,0.6858375688941442,1.685837568894144
Kang Miro,창과문_5,2022.0,Mixed media,43.0,43.0,8,False,1500000,2812192.782771693,0.874795188514462,1.874795188514462
Kang Miro,빛의 그림자_3,2024.0,Mixed media,83.0,103.0,50,False,6000000,9671643.874294072,0.6119406457156787,1.6119406457156786
Kang Miro,정지된 빛(Stalled light)_19,2023.0,Mixed media,43.0,153.0,30,False,6000000,7764316.093516787,0.29405268225279774,1.2940526822527978
Kang Miro,빛의 소란_8,2024.0,Mixed media,93.0,133.0,60,False,8000000,15172538.120047297,0.8965672650059122,1.8965672650059122
Prach Pimarnman,"Kampong Baru (New City) (6°4449565, 101°8192214) #5",,"Found materials,  white clay, grounded brick, charcoal powder,  grounded shell on wood",60.0,60.0,15,False,2087600,3374377.4530454706,0.6163908090848202,1.6163908090848202
Prach Pimarnman,"Pula (Island) (6°4351795, 101°8285401) #2",,"Found materials,  white clay, grounded brick, charcoal powder,  grounded shell on wood",120.0,120.0,60,False,7116600,12796182.539190542,0.7980752802167527,1.7980752802167526
Prach Pimarnman,"Kampong Baru (New City) (6°4449565, 101°8192214) #11",,"Found materials,  white clay, grounded brick, charcoal powder,  grounded shell on wood",60.0,60.0,15,False,2087600,3374377.4530454706,0.6163908090848202,1.6163908090848202
Prach Pimarnman,"Kampong Rumohapee (Village Light House) (6°4431094, 101°8244366)",,"Found materials,  white clay, grounded brick, charcoal powder,  grounded shell on wood",800.0,200.0,500,False,41750600,42895990.94062122,0.027434119285021524,1.0274341192850216
Prach Pimarnman,"Kampong Baru (New City) (6°4449565, 101°8192214) #12",,"Found materials,  white clay, grounded brick, charcoal powder,  grounded shell on wood",60.0,60.0,15,False,2087600,3374377.4530454706,0.6163908090848202,1.6163908090848202
Prach Pimarnman,"Bukit (Mountain) (6°4458968, 101°8181669) #2",,"Found materials, white clay, grounded brick, charcoal powder,  grounded shell on wood",120.0,120.0,60,False,7116600,12796182.539190542,0.7980752802167527,1.7980752802167526
Prach Pimarnman,"Kampong Baru (New City) (6°4449565, 101°8192214) #2",,"Found materials,  white clay, grounded brick, charcoal powder,  grounded shell on wood",60.0,60.0,15,False,2087600,3374377.4530454706,0.6163908090848202,1.6163908090848202
Prach Pimarnman,"Kampong Baru (New City) (6°4449565, 101°8192214) #6",,"Found materials,  white clay, grounded brick, charcoal powder,  grounded shell on wood",60.0,60.0,15,False,2087600,3374377.4530454706,0.6163908090848202,1.6163908090848202
Prach Pimarnman,"Bukit (Mountain) (6°4458968, 101°8181669)",,"Found materials, white clay, grounded brick, charcoal powder,  grounded shell on wood",120.0,120.0,60,False,7116600,12796182.539190542,0.7980752802167527,1.7980752802167526
Prach Pimarnman,"Pula (Island) (6°4351795, 101°8285401) #1",,"Found materials,  white clay, grounded brick, charcoal powder,  grounded shell on wood",120.0,120.0,60,False,7116600,12796182.539190542,0.7980752802167527,1.7980752802167526
Prach Pimarnman,"Bukit (Mountain) (6°4458968, 101°8181669) #4",,"Found materials, white clay, grounded brick, charcoal powder,  grounded shell on wood",120.0,120.0,60,False,7116600,12796182.539190542,0.7980752802167527,1.7980752802167526
Prach Pimarnman,"Bukit (Mountain) (6°4458968, 101°8181669) #3",,"Found materials, white clay, grounded brick, charcoal powder,  grounded shell on wood",120.0,120.0,60,False,7116600,12796182.539190542,0.7980752802167527,1.7980752802167526
Kyukun Kang,Walking a Dog 09,2019.0,Oil on canvas,80.3,116.8,50,False,3500000,14468008.433347631,3.1337166952421804,4.13371669524218
Kyukun Kang,Drowning Face,2021.0,Oil on canvas,60.6,72.7,20,False,1400000,4150578.481769422,1.964698915549587,2.964698915549587
Kyukun Kang,Covered Face,2022.0,Oil on canvas,72.7,60.6,20,False,1400000,4058827.2801883267,1.899162342991662,2.8991623429916618
Kyukun Kang,"<Flame, Five Images> Series",2022.0,Oil on canvas,303.0,60.6,80,False,7000000,27278445.41570634,2.8969207736723344,3.8969207736723344
Kyukun Kang,"Empty Seats, Standing Person",2022.0,Oil on canvas,91.0,116.7,50,False,3500000,12146178.235899124,2.4703366388283214,3.4703366388283214
Kyukun Kang,Jump,2022.0,Oil on canvas,72.7,91.0,40,False,2100000,7308257.185791392,2.4801224694244723,3.4801224694244723
Kyukun Kang,From the Event,2022.0,Oil on canvas,112.1,162.2,80,False,7000000,26476129.202343408,2.782304171763344,3.782304171763344
Kyukun Kang,Walking a Dog 08,2019.0,Oil on canvas,116.8,91.0,50,False,3500000,13062293.661664804,2.7320839033328013,3.7320839033328013
Kyukun Kang,Fixed Moment 2,2021.0,Oil on canvas,89.4,145.4,60,False,5600000,20831288.7944477,2.719872999008518,3.719872999008518
Kyukun Kang,Person Forced Out 2,2021.0,Oil on canvas,130.3,130.3,80,False,7000000,20020660.107255254,1.8600943010364648,2.860094301036465
Kyukun Kang,Stalled Walk,2021.0,Oil on canvas,162.0,130.3,100,False,7000000,22465116.65863265,2.2093023798046643,3.2093023798046643
Kyukun Kang,Smoking Person 1,2021.0,Oil on canvas,90.9,60.6,25,False,2100000,8291630.661544232,2.948395553116301,3.948395553116301
Kyukun Kang,Walking on Stepping Stones,2022.0,Oil on canvas,112.1,162.2,80,False,7000000,26476129.202343408,2.782304171763344,3.782304171763344
Hongmin Lee,Reset Unfolded,2025.0,Oil on Canvas,100.0,80.3,40,False,9134000,9172829.851228375,0.004251133263452484,1.0042511332634525
Hongmin Lee,Resetting Joy,2025.0,Oil on Canvas,72.7,60.6,20,False,4567000,4634799.5029236525,0.01484552286482429,1.0148455228648243
Hongmin Lee,"Seven Stars, A Crown, and Serendipity",2025.0,Oil on Canvas,53.0,45.5,10,False,2283500,2747875.812749655,0.20336142445791766,1.2033614244579176
Hongmin Lee,Who I Am,2025.0,Oil on Canvas,80.3,130.3,50,False,13700900,15116340.12043661,0.10331001032316203,1.1033100103231621
Hongmin Lee,Heaven’s Whisper on a Drowsy Afternoon,2025.0,Oil on Canvas,80.3,100.0,40,False,9134000,9172829.851228375,0.004251133263452484,1.0042511332634525
Hongmin Lee,Another Beginning,2025.0,Oil on Canvas,80.3,100.0,40,False,9134000,9172829.851228375,0.004251133263452484,1.0042511332634525
Hongmin Lee,Celebration,2021.0,Ink on Paper,42.0,55.0,10,False,1522400,3988305.839483181,1.6197489749626781,2.619748974962678
Hongmin Lee,Where Ends Meet,2025.0,Oil on Canvas,72.7,60.6,20,False,4567000,4634799.5029236525,0.01484552286482429,1.0148455228648243
Hongmin Lee,Gentle Judgment,2025.0,Oil on Canvas,90.9,72.7,40,False,6850500,8618521.282770488,0.25808645832720073,1.2580864583272007
Hongmin Lee,One More Chance,2025.0,Oil on Canvas,145.5,112.1,80,False,18267900,21864043.15954254,0.19685585970705655,1.1968558597070564
Hongmin Lee,Prayers in Silence,2025.0,Oil on Canvas,91.0,116.8,50,False,11417400,13535874.125514163,0.18554785901467608,1.1855478590146762
Hongmin Lee,Unexpected Delight,2025.0,Oil on Canvas,72.7,60.6,20,False,4567000,4634799.5029236525,0.01484552286482429,1.0148455228648243
Hongmin Lee,Initialization,2025.0,Oil on Canvas,91.0,116.8,50,False,11417400,13535874.125514163,0.18554785901467608,1.1855478590146762
Hongmin Lee,Result,2021.0,Ink on Paper,42.0,55.0,10,False,1522400,3988305.839483181,1.6197489749626781,2.619748974962678
Hongmin Lee,Beyond Miracles,2025.0,Oil on Canvas,72.7,90.9,40,False,6850500,8618521.282770488,0.25808645832720073,1.2580864583272007
HaSeulLin Jeong,Spotted dog,2020.0,Acrylic and oil on canvas,72.7,72.7,25,False,3021900,6313972.457672475,1.0894048306272461,2.089404830627246
SangYong Lee,Fate,2023.0,Painting,90.0,60.0,25,False,12000000,7539612.087761917,0.3716989926865069,0.6283010073134931
SangYong Lee,Fate,2023.0,Painting,80.0,54.0,20,False,10000000,5728516.120557405,0.4271483879442595,0.5728516120557405
SangYong Lee,Fate,2023.0,Painting,80.0,54.0,20,False,10000000,5728516.120557405,0.4271483879442595,0.5728516120557405
SangYong Lee,Fate,2023.0,Painting,159.0,105.0,80,False,40000000,21213310.965335306,0.46966722586661735,0.5303327741333826
SangYong Lee,Fate,2023.0,Painting,90.0,60.0,25,False,12000000,7539612.087761917,0.3716989926865069,0.6283010073134931
SangYong Lee,Fate,2023.0,Painting,80.0,54.0,20,False,10000000,5728516.120557405,0.4271483879442595,0.5728516120557405
SangYong Lee,Fate,2023.0,Painting,159.0,105.0,80,False,40000000,21213310.965335306,0.46966722586661735,0.5303327741333826
SangYong Lee,Fate,2023.0,Painting,159.0,105.0,80,False,40000000,21213310.965335306,0.46966722586661735,0.5303327741333826
SangYong Lee,Fate,2023.0,Painting,159.0,105.0,80,False,40000000,21213310.965335306,0.46966722586661735,0.5303327741333826
SangYong Lee,Fate,2023.0,Painting,90.0,60.0,25,False,12000000,7539612.087761917,0.3716989926865069,0.6283010073134931
SangYong Lee,Fate,2023.0,Painting,159.0,105.0,80,False,40000000,21213310.965335306,0.46966722586661735,0.5303327741333826
SangYong Lee,Fate,2023.0,Painting,159.0,105.0,80,False,40000000,21213310.965335306,0.46966722586661735,0.5303327741333826
SangYong Lee,Fate,2023.0,Painting,90.0,60.0,25,False,12000000,7539612.087761917,0.3716989926865069,0.6283010073134931
SangYong Lee,Fate,2023.0,Painting,90.0,60.0,25,False,12000000,7539612.087761917,0.3716989926865069,0.6283010073134931
SangYong Lee,Fate,2023.0,Painting,90.0,60.0,25,False,12000000,7539612.087761917,0.3716989926865069,0.6283010073134931
Evi Pangestu,Forced Interaction,2025.0,Acrylic and gesso on canvas,150.0,150.0,100,False,14820000,22345369.028255086,0.5077846847675497,1.5077846847675498
Evi Pangestu,Forced Interaction,2025.0,Acrylic and gesso on canvas,30.0,30.0,3,False,2850000,1421796.430357744,0.5011240595235986,0.4988759404764014
Evi Pangestu,Forced Interaction,2024.0,Acrylic and gesso on canvas,30.0,30.0,3,False,2850000,1465050.4214790962,0.48594722053365047,0.5140527794663495
Evi Pangestu,Forced Interaction,2024.0,Acrylic and gesso on canvas,30.0,30.0,3,False,2850000,1465050.4214790962,0.48594722053365047,0.5140527794663495
Evi Pangestu,Forced Interaction,2024.0,Acrylic and gesso on canvas,30.0,30.0,3,False,2850000,1465050.4214790962,0.48594722053365047,0.5140527794663495
Evi Pangestu,Forced Interaction,2025.0,Acrylic and gesso on canvas,150.0,150.0,100,False,14820000,22345369.028255086,0.5077846847675497,1.5077846847675498
Evi Pangestu,Forced Interaction,2024.0,Acrylic and gesso on canvas,30.0,30.0,3,False,2850000,1465050.4214790962,0.48594722053365047,0.5140527794663495
Evi Pangestu,Forced Interaction,2025.0,Acrylic and gesso on canvas,150.0,150.0,100,False,14820000,22345369.028255086,0.5077846847675497,1.5077846847675498
Evi Pangestu,Forced Interaction,2025.0,Acrylic and gesso on canvas,150.0,150.0,100,False,14820000,22345369.028255086,0.5077846847675497,1.5077846847675498
Evi Pangestu,Forced Interaction,2025.0,Acrylic and gesso on canvas,30.0,30.0,3,False,2850000,1421796.430357744,0.5011240595235986,0.4988759404764014
Evi Pangestu,Forced Interaction,2024.0,Acrylic and gesso on canvas,30.0,30.0,3,False,2850000,1465050.4214790962,0.48594722053365047,0.5140527794663495
Evi Pangestu,Forced Interaction,2024.0,Acrylic and gesso on canvas,30.0,30.0,3,False,2850000,1465050.4214790962,0.48594722053365047,0.5140527794663495
Evi Pangestu,Forced Interaction,2025.0,Acrylic and gesso on canvas,150.0,150.0,100,False,14820000,22345369.028255086,0.5077846847675497,1.5077846847675498
Evi Pangestu,Forced Interaction,2024.0,Acrylic and gesso on canvas,30.0,30.0,3,False,2850000,1465050.4214790962,0.48594722053365047,0.5140527794663495
Evi Pangestu,Forced Interaction,2025.0,Acrylic and gesso on canvas,150.0,150.0,100,False,14820000,22345369.028255086,0.5077846847675497,1.5077846847675498
ByungHo Lee,Peachy Shade,2025.0,Acrylic on sculpture,60.0,68.0,20,True,7000000,5825375.3524584165,0.16780352107736907,0.8321964789226309
ByungHo Lee,Silhouette Coordinates,2025.0,Archival pigment printed digital drawing on digital sculpture,115.0,60.0,40,True,4500000,10339396.829870006,1.2976437399711125,2.2976437399711123
ByungHo Lee,Eccentric Abattis,2024.0,acrylic on sculpture,60.0,68.0,20,True,6000000,5837103.715525451,0.027149380745758147,0.9728506192542419
ByungHo Lee,Image Thing,2025.0,Acrylic on sculpture,72.0,126.0,50,True,10000000,12781851.033361364,0.27818510333613644,1.2781851033361364
ByungHo Lee,Silhouette Coordinates,2025.0,Archival pigment printed digital drawing on digital sculpture,165.0,130.0,100,True,10000000,22886074.88241201,1.2886074882412009,2.288607488241201
ByungHo Lee,Silhouette Coordinates,2025.0,Archival pigment printed digital drawing on digital sculpture,130.0,130.0,80,True,9000000,20149409.31663169,1.2388232574035212,2.238823257403521
ByungHo Lee,Around Green,,Acrylic on sculpture,45.0,47.0,8,True,5500000,3533942.737407224,0.3574649568350502,0.6425350431649498
ByungHo Lee,Silhouette Coordinates,2025.0,Archival pigment printed digital drawing on digital sculpture,115.0,60.0,40,True,4500000,10339396.829870006,1.2976437399711125,2.2976437399711123
ByungHo Lee,Walking Time,2025.0,Acrylic on sculpture,54.0,70.0,15,True,7500000,5339250.35202578,0.28809995306322933,0.7119000469367707
ByungHo Lee,Eccentric Abattis,2023.0,color plaster on sculpture,65.0,60.0,20,True,5000000,5723314.157591534,0.14466283151830678,1.1446628315183067
ByungHo Lee,Silhouette Coordinates,2025.0,Archival pigment printed digital drawing on digital sculpture,130.0,130.0,80,True,9000000,20149409.31663169,1.2388232574035212,2.238823257403521
ByungHo Lee,Forest Box,2025.0,Acrylic on sculpture,45.0,55.0,10,True,6000000,3782147.38613811,0.369642102310315,0.630357897689685
ByungHo Lee,Silhouettes,2025.0,Acrylic on sculpture,106.0,150.0,80,True,40000000,16781633.348344777,0.5804591662913806,0.41954083370861944
ByungHo Lee,Silhouette Coordinates,2025.0,Archival pigment printed digital drawing on digital sculpture,165.0,130.0,100,True,10000000,22886074.88241201,1.2886074882412009,2.288607488241201
ByungHo Lee,Eyes and Vision,2025.0,Acrylic on sculpture,82.0,150.0,60,True,40000000,15708846.349171622,0.6072788412707094,0.39272115872929053
Jojo Anavim,Sprinkle Cone,,Painting,30.5,30.5,4,False,2055200,1695462.5122484623,0.17503770326563725,0.8249622967343627
Jojo Anavim,Froot Loops,,Painting,122.0,183.0,100,False,27401800,25765917.210612137,0.05969982955090042,0.9403001704490995
Jojo Anavim,Silly Rabbit,,Painting,140.0,100.3,60,False,24357200,15321738.131316261,0.3709565084937406,0.6290434915062594
Jojo Anavim,Always Look Up (Snoopy),,Painting,51.0,61.0,12,False,5480400,2833006.0847575734,0.4830658191450308,0.5169341808549692
Jojo Anavim,Sprinle Saucer,,Painting,30.5,30.5,4,False,2055200,1695462.5122484623,0.17503770326563725,0.8249622967343627
Jojo Anavim,Snow Cone (Blue),,Painting,30.5,30.5,4,False,2055200,1695462.5122484623,0.17503770326563725,0.8249622967343627
Jojo Anavim,Dream Machine (Claw),,Painting,79.0,151.0,60,False,21312500,14690368.86174177,0.3107158305341105,0.6892841694658896
Jojo Anavim,Life is Good,,Painting,45.7,61.0,12,False,6393800,3807422.699564261,0.4045133254771402,0.5954866745228597
Jojo Anavim,Buggs Bunny,,Painting,30.5,30.5,4,False,2055200,1695462.5122484623,0.17503770326563725,0.8249622967343627
Jojo Anavim,Dream Machine (Satellite),,Painting,152.5,122.0,80,False,30446400,19771631.593508873,0.3506085582036342,0.6493914417963659
Jojo Anavim,Life is Good,,Painting,45.7,61.0,12,False,6393800,3807422.699564261,0.4045133254771402,0.5954866745228597
Jojo Anavim,Life is Good,,Painting,61.0,45.7,12,False,6393800,3807422.699564261,0.4045133254771402,0.5954866745228597
Jojo Anavim,Spongebob,,Painting,30.5,30.5,4,False,2055200,1695462.5122484623,0.17503770326563725,0.8249622967343627
Jojo Anavim,King Cone,,Painting,30.5,30.5,4,False,2055200,1695462.5122484623,0.17503770326563725,0.8249622967343627
Jojo Anavim,Chocolate Cone,,Painting,30.5,30.5,4,False,2055200,1695462.5122484623,0.17503770326563725,0.8249622967343627
Nonsenso,Collage of Rhythm 03,2022.0,Paper work,41.6,56.7,10,False,502400,3309010.1056667306,5.5864054651009765,6.5864054651009765
Nonsenso,Object Series - 05,2022.0,Paper work,23.2,32.0,3,False,319700,1604536.9199358332,4.018883077684809,5.018883077684809
Nonsenso,Untitle,2021.0,Paper work,21.0,29.7,3,False,319700,1526882.0572053865,3.7759839136859132,4.775983913685913
Nonsenso,About memory,2022.0,Paper work,29.9,41.7,5,False,350000,2002709.9892002025,4.7220285405720075,5.7220285405720075
Nonsenso,Untitle,2021.0,Paper work,21.0,29.7,3,False,319700,1526882.0572053865,3.7759839136859132,4.775983913685913
Nonsenso,Object Series - 01,2022.0,Paper work,21.0,29.7,3,False,319700,1503690.8774323598,3.7034434702294647,4.703443470229464
Nonsenso,Object Series - 04,2022.0,Paper work,23.2,32.0,3,False,319700,1604536.9199358332,4.018883077684809,5.018883077684809
Nonsenso,The rhythm of my soul,2022.0,Paper work,23.2,32.0,3,False,319700,1604536.9199358332,4.018883077684809,5.018883077684809
Nonsenso,Collage of Rhythm 01,2022.0,Paper work,39.4,54.5,10,False,502400,3329510.9408255373,5.6272112675667545,6.6272112675667545
Nonsenso,Things stored during the winter,2022.0,Paper work,21.0,29.7,3,False,319700,1503690.8774323598,3.7034434702294647,4.703443470229464
LeeEu,Peinture en question,2022.0,Acrylic and mixed media on canvas,65.0,62.0,20,False,6469900,4300933.468583324,0.33523957579200236,0.6647604242079976
LeeEu,Gribouilis,2017.0,Acrylic and mixed media on canvas,55.0,46.0,10,False,2390100,3462464.788732125,0.44866942334300863,1.4486694233430086
LeeEu,Gribouilis,2019.0,Acrylic and mixed media on canvas,60.0,50.0,12,False,2816300,3167584.2163940696,0.12473252721445499,1.124732527214455
LeeEu,Peinture en question,2022.0,Acrylic and mixed media on canvas,65.0,90.0,30,False,13092000,7595959.675961026,0.4198014301893503,0.5801985698106497
LeeEu,Peinture en question,2022.0,Acrylic and mixed media on canvas,60.0,77.0,20,False,9742900,5556845.285043724,0.4296518197822287,0.5703481802177713
LeeEu,Peinture en question,2022.0,Acrylic and mixed media on canvas,56.0,46.0,10,False,3882000,2928233.281169541,0.24568952056426038,0.7543104794357396
LeeEu,Peinture en question,2019.0,Acrylic and mixed media on canvas,35.0,27.5,4,False,1948600,2232869.1767798127,0.14588380210397858,1.1458838021039786
LeeEu,Peinture en question,2022.0,Acrylic and mixed media on canvas,58.0,50.5,12,False,3882000,2775124.4779463196,0.2851302220643175,0.7148697779356825
LeeEu,Peinture en question,2019.0,Acrylic and mixed media,30.0,40.0,5,False,2390100,2655753.526856228,0.11114745276608835,1.1111474527660883
LeeEu,Matière paysage,2017.0,Acrylic and mixed media on canvas,162.0,130.0,100,False,22834800,26901780.170680996,0.17810447959609876,1.1781044795960987
Seon-wha Jo,Daily Life and Dreams,,Oil on canvas,162.0,130.0,100,False,15000000,20446360.861448687,0.3630907240965791,1.363090724096579
Seon-wha Jo,Different Ideas are Good,,Oil on canvas,130.0,162.0,100,False,15000000,20446360.861448687,0.3630907240965791,1.363090724096579
Seon-wha Jo,Fairies with Green Onions,,Oil on canvas,91.5,60.5,25,False,4800000,6730855.23692754,0.4022615076932375,1.4022615076932374
Seon-wha Jo,Container Island,,Oil on canvas,80.0,66.0,25,False,4800000,4712473.197288964,0.018234750564799177,0.9817652494352008
Seon-wha Jo,Fairies with Green Onions,,Oil on canvas,91.5,60.5,25,False,4800000,6730855.23692754,0.4022615076932375,1.4022615076932374
Seon-wha Jo,Mountain Has a Voice,,Oil on canvas,273.0,72.7,100,False,15000000,23034971.839475453,0.5356647892983635,1.5356647892983635
Seon-wha Jo,Container Eggs,,Oil on canvas,80.0,61.0,25,False,4800000,5956380.454400261,0.24091259466672102,1.240912594666721
Seon-wha Jo,Sun and Moon,,Oil on canvas,27.5,41.0,5,False,1200000,2155924.3775078272,0.7966036479231894,1.7966036479231893
Seon-wha Jo,A dream in the Container,,Oil on canvas,60.5,91.5,25,False,4800000,6730855.23692754,0.4022615076932375,1.4022615076932374
Seon-wha Jo,Tree and Garden,,Oil on canvas,53.0,60.5,15,False,4800000,2634810.739166985,0.4510810960068782,0.5489189039931218
Seon-wha Jo,Red Trees,,Oil on canvas,66.0,80.5,25,False,4800000,4903160.082771821,0.02149168391079603,1.021491683910796
Seon-wha Jo,Sun and Moon,,Oil on canvas,27.5,41.0,5,False,1200000,2155924.3775078272,0.7966036479231894,1.7966036479231893
Seon-wha Jo,"Thank you, Tree",,Oil on canvas,91.0,73.0,40,False,4800000,5943419.088134065,0.23821231002793025,1.2382123100279303
Seon-wha Jo,Fairies with Green Onions,,Oil on canvas,91.5,60.5,25,False,4800000,6730855.23692754,0.4022615076932375,1.4022615076932374
Man Seop Kim,A poem talking about love and a comment of a song,2021.0,"Acrylic, oil, linen on canvas",260.6,162.2,200,False,14000000,56752815.71717932,3.053772551227094,4.053772551227095
Man Seop Kim,All I do in the reminiscence room is dreaming,2021.0,Acrylic on canvas,97.0,130.3,60,False,4200000,17015878.888340704,3.0513997353192153,4.051399735319215
Man Seop Kim,Rehearsal to move forward,2021.0,Acrylic on canvas,45.5,53.0,10,False,700000,2741051.964249647,2.9157885203566387,3.9157885203566387
Man Seop Kim,Juliet was observing at the aquarium,2022.0,Acrylic on canvas,45.5,53.0,10,False,700000,2688926.597050694,2.8413237100724196,3.8413237100724196
Man Seop Kim,"Predator: Survive in the Jungle, Modern people, ironic, world and myself",2021.0,Acrylic on canvas,91.8,116.8,50,False,3500000,12675328.96776893,2.621522562219694,3.621522562219694
Man Seop Kim,me and the way of conversation of myself,2021.0,Acrylic on canvas,45.5,53.0,10,False,700000,2741051.964249647,2.9157885203566387,3.9157885203566387
Man Seop Kim,"At mom's garden, I am still listening the song",2021.0,"Acrylic, oil, linen on canvas",260.6,162.2,200,False,14000000,56752815.71717932,3.053772551227094,4.053772551227095
Man Seop Kim,"An in-depth study of me on the bookshelf, desk and Chair",2021.0,Acrylic on canvas,45.5,53.0,10,False,700000,2741051.964249647,2.9157885203566387,3.9157885203566387
Man Seop Kim,Consideration of the direction where I should go,2021.0,Acrylic on canvas,65.1,90.9,30,False,2100000,8078953.091218109,2.847120519627671,3.847120519627671
Man Seop Kim,Defending Apples in Hunter's Swamp,2021.0,Acrylic on canvas,91.0,116.8,50,False,3500000,12636357.775771592,2.6103879359347406,3.6103879359347406
Man Seop Kim,Finding gems among the useless things,2022.0,Acrylic on canvas,112.1,145.5,80,False,5600000,22103057.428779207,2.94697454085343,3.94697454085343
Moonhee Cho,Scenes,2017.0,Pigment print,103.0,103.0,50,False,2400000,11611374.365780244,3.8380726524084348,4.838072652408435
Moonhee Cho,Notice Board,2019.0,Pigment print,140.0,90.0,60,False,3500000,17335288.899950508,3.9529396857001453,4.952939685700145
Moonhee Cho,Roof,2019.0,Pigment print,140.0,140.0,100,False,5500000,23119297.134970855,3.203508569994701,4.203508569994701
Moonhee Cho,Hard light,2020.0,Pigment print,73.0,43.0,15,False,1700000,5182197.990457996,2.0483517590929385,3.0483517590929385
Moonhee Cho,Sweet Home,2020.0,Pigment print,134.0,101.0,60,False,3500000,16351921.66972744,3.671977619922126,4.671977619922126
Moonhee Cho,Lake Park,2020.0,Pigment print,186.0,136.0,120,False,5500000,28594022.107643448,4.1989131104806265,5.1989131104806265
Moonhee Cho,Sweet Home,2020.0,Pigment print,124.0,101.0,60,False,3500000,12085581.644501414,2.453023327000404,3.453023327000404
Moonhee Cho,Sweet Home,2020.0,Pigment print,120.0,97.0,60,False,3500000,12186791.005385889,2.481940287253111,3.481940287253111
Moonhee Cho,Townhouse,2020.0,Pigment print,130.0,97.0,60,False,3500000,15275778.000187708,3.3645080000536307,4.364508000053631
Moonhee Cho,Winter Scene,2020.0,Pigment print,140.0,140.0,100,False,5500000,22334653.752524864,3.0608461368227027,4.060846136822702
Moonhee Cho,Roof,2019.0,Pigment print,55.0,55.0,12,False,1500000,3647796.4947648672,1.4318643298432447,2.4318643298432447
Tomotoshi Hoshino,Through Autumn,1998.0,Painting,116.7,59.0,40,False,16000000,11273618.794451708,0.29539882534676826,0.7046011746532318
Tomotoshi Hoshino,Maiko,2023.0,Pianting,37.5,72.5,12,False,6500000,4172281.8860179298,0.35811047907416466,0.6418895209258354
Tomotoshi Hoshino,Tiny Beginnings,2025.0,Painting,93.0,101.0,50,False,30500000,9345257.28498745,0.6935981218036902,0.3064018781963098
Tomotoshi Hoshino,Guardian,2015.0,Painting,41.0,31.5,6,False,3500000,3505102.011558064,0.0014577175880182269,1.0014577175880182
Tomotoshi Hoshino,Geiko,2023.0,Painting,37.5,72.5,12,False,6500000,4172281.8860179298,0.35811047907416466,0.6418895209258354
Tomotoshi Hoshino,The Bounty,2025.0,Painting,100.0,97.0,50,False,31500000,9354491.80186069,0.7030320062901368,0.29696799370986315
Tomotoshi Hoshino,The Patterned Hem,2024.0,Painting,91.0,66.5,30,False,17500000,7310822.978550433,0.5822386869399752,0.41776131306002473
Tomotoshi Hoshino,Turning Point,2026.0,Painting,220.0,175.0,150,False,75000000,29841582.826009136,0.6021122289865448,0.3978877710134551
Tomotoshi Hoshino,Circle of Presence,2014.0,Painting,160.7,124.0,100,False,41000000,29802213.81864435,0.27311673613062565,0.7268832638693744
Tomotoshi Hoshino,Calm,2016.0,Painting,72.7,60.6,20,False,10500000,4987965.580787604,0.5249556589726092,0.47504434102739085
Tomotoshi Hoshino,Midday,2024.0,Painting,102.0,96.5,50,False,32000000,9418938.417501954,0.7056581744530639,0.29434182554693605
Tomotoshi Hoshino,Merry-Go-Round,2019.0,Painting,78.5,37.8,12,False,7000000,4923354.263814073,0.2966636765979896,0.7033363234020105
Alexandra Grant,Triumphal,2022.0,Painting,53.3,71.1,15,False,22834800,4709709.9223978,0.7937485801321754,0.20625141986782453
Alexandra Grant,Calendula,2022.0,Painting,102.9,103.5,50,False,53281200,9919985.865406973,0.8138182723848755,0.18618172761512453
Alexandra Grant,Paradise,2022.0,Painting,106.7,125.7,60,False,56325900,11694427.755131872,0.7923792117812255,0.20762078821877453
Alexandra Grant,Aerie,2022.0,Painting,106.7,125.8,60,False,56325900,11694427.755131872,0.7923792117812255,0.20762078821877453
Alexandra Grant,Feste,2022.0,Painting,102.9,103.5,50,False,53281200,9919985.865406973,0.8138182723848755,0.18618172761512453
Alexandra Grant,Coaxacan,2022.0,Painting,64.8,78.7,25,False,33491100,5375317.508260942,0.8395001206809886,0.16049987931901138
Alexandra Grant,Silence,2022.0,Painting,64.8,78.7,25,False,33491100,5375317.508260942,0.8395001206809886,0.16049987931901138
Alexandra Grant,Entre-Tien,2022.0,Painting,102.9,103.5,50,False,53281200,9919985.865406973,0.8138182723848755,0.18618172761512453
Alexandra Grant,Espoir,2022.0,Painting,64.8,78.7,25,False,33491100,5375317.508260942,0.8395001206809886,0.16049987931901138
Alexandra Grant,Rio,2022.0,Painting,64.8,78.7,25,False,33491100,5375317.508260942,0.8395001206809886,0.16049987931901138
Alexandra Grant,Interval,2022.0,Painting,102.9,103.5,50,False,53281200,9919985.865406973,0.8138182723848755,0.18618172761512453
Alexandra Grant,Medusa,2022.0,Painting,53.3,71.1,15,False,22834800,4709709.9223978,0.7937485801321754,0.20625141986782453
Alexandra Grant,Tacit,2022.0,Painting,102.9,103.5,50,False,53281200,9919985.865406973,0.8138182723848755,0.18618172761512453
Duenchayphoochana Phooprasert,signature of the natural No.9/2023,2023.0,Clay on canvas,51.5,51.5,12,False,2500000,3017142.2882925207,0.20685691531700828,1.2068569153170083
Duenchayphoochana Phooprasert,Signature of  the natural  No.13/2023,2023.0,Clay on canvas,82.0,79.0,30,False,4100000,5847904.92348481,0.4263182740206853,1.4263182740206852
Duenchayphoochana Phooprasert,Signature of the natural No.17/2023,2023.0,Clay on canvas,51.5,51.5,12,False,6100000,3017142.2882925207,0.5053865101159802,0.49461348988401976
Duenchayphoochana Phooprasert,Signature of the natural No.14/2023,2023.0,Clay on canvas,93.0,88.0,40,False,5100000,7282255.521927345,0.427893239593597,1.427893239593597
Duenchayphoochana Phooprasert,Move 2022 No.1,2022.0,Clay on canvas,149.0,118.0,80,False,11000000,21800941.36765079,0.9819037606955262,1.9819037606955263
Duenchayphoochana Phooprasert,Move 2022 No.3,,Clay on canvas,149.0,118.0,80,False,11000000,19841245.662237473,0.8037496056579521,1.803749605657952
Duenchayphoochana Phooprasert,Move 2022 No.2,2022.0,Clay on canvas,149.0,118.0,80,False,11000000,21800941.36765079,0.9819037606955262,1.9819037606955263
Duenchayphoochana Phooprasert,Signature of the natural No.25/2023,2023.0,Clay on canvas,51.5,51.5,12,False,2500000,3017142.2882925207,0.20685691531700828,1.2068569153170083
Duenchayphoochana Phooprasert,Move 2022 No.4,2022.0,Clay on canvas,51.5,51.5,12,False,7900000,3020699.7652992154,0.6176329411013651,0.38236705889863487
Duenchayphoochana Phooprasert,Signature of the natural No.12/2023,2023.0,Clay on canvas,82.0,79.0,30,False,410000,5847904.92348481,13.263182740206853,14.263182740206853
Duenchayphoochana Phooprasert,Signature of the natural No.7/2023,2023.0,Clay on canvas,51.5,51.5,12,False,2500000,3017142.2882925207,0.20685691531700828,1.2068569153170083
Duenchayphoochana Phooprasert,Signature of the natural No.8/2023,2023.0,Clay on canvas,51.5,51.5,12,False,2500000,3017142.2882925207,0.20685691531700828,1.2068569153170083
Duenchayphoochana Phooprasert,Signature of the natural No.27/2023,2023.0,Clay on canvas,51.5,51.5,12,False,2500000,3017142.2882925207,0.20685691531700828,1.2068569153170083
Kijeong Kim,home #11,,"Pigment on jangji, woven thread",23.0,44.0,4,False,900000,1853979.382409026,1.0599770915655844,2.0599770915655844
Kijeong Kim,home - 이불,,Pigment on sunji,43.0,34.0,6,False,800000,2440093.9136857335,2.050117392107167,3.050117392107167
Kijeong Kim,home - carpet,,"Pigment on jangji, modelling paste, and thread",34.0,43.0,6,False,1800000,2085524.9182281017,0.1586249545711676,1.1586249545711675
Kijeong Kim,hug #35,,Pigment on jangji,25.0,25.0,3,False,300000,1072151.9038522013,2.5738396795073375,3.5738396795073375
Kijeong Kim,hug #36,,Pigment and modelling paste on jangji,25.0,25.0,3,False,300000,1072151.9038522013,2.5738396795073375,3.5738396795073375
Kijeong Kim,home - camellia tree,,"Pigment and modelling paste on jangji, merbau wood, nails, and thread",75.0,145.0,50,False,2500000,11080258.669942414,3.4321034679769657,4.432103467976966
Kijeong Kim,home - curtain,,Pigment and modelling paste on jangji,128.0,79.0,50,False,2800000,10592491.111000987,2.7830325396432096,3.7830325396432096
Kijeong Kim,hug #40,,Pigment and modelling paste on dyed jangji,38.0,52.0,8,False,900000,2783921.4890726325,2.093246098969592,3.093246098969592
Kijeong Kim,hug #39,,Pigment and modelling paste on dyed jangji,38.0,52.0,8,False,900000,2783921.4890726325,2.093246098969592,3.093246098969592
Kijeong Kim,home - jujube tree,,"Pigment and modelling paste on jangji, merbau wood, nails, and thread",75.0,145.0,50,False,2500000,11080258.669942414,3.4321034679769657,4.432103467976966
Kijeong Kim,hug #38,,Pigment on dyed jangji,38.0,52.0,8,False,900000,2783921.4890726325,2.093246098969592,3.093246098969592
Kijeong Kim,home - persimmon tree,,"Pigment and modelling paste on jangji, merbau wood, nails, and thread",75.0,145.0,50,False,2500000,11080258.669942414,3.4321034679769657,4.432103467976966
Kijeong Kim,hug #41,,Pigment on sunji,82.0,102.0,50,False,2500000,8343275.208697315,2.337310083478926,3.337310083478926
PAKPOOM SILAPHAN,Yayoi The Polka Dots on Coke Buttons 2021,2021.0,Collage and Mixed media on Vintage Metal Signs,42.0,42.0,8,False,9155000,2715756.2527524508,0.7033581373290605,0.29664186267093945
PAKPOOM SILAPHAN,Andy Warhol sprays on Coke crates 2021,2021.0,Collages and Mixed media on Vintage Crates 2021,66.0,85.0,30,False,50625000,7945247.715089716,0.8430568352574871,0.1569431647425129
PAKPOOM SILAPHAN,Double Warhol on Coke Coolers 2024,,Collages and Mixed Media on Vintage Coolers,47.0,159.0,40,False,50625000,8069837.746635315,0.840595797597327,0.1594042024026729
PAKPOOM SILAPHAN,Jackson Pollock drips on Coke Crates 2021,2021.0,Collage and Mixed media on Vintage Wooden Coolers,48.0,60.5,12,False,50625000,3803907.5339985522,0.9248610857481768,0.07513891425182326
PAKPOOM SILAPHAN,Ali on Coke Button 2024,2024.0,Mixed Media,10.5,10.5,0,False,24300000,1231184.788704169,0.9493339593125857,0.050666040687414364
PAKPOOM SILAPHAN,Bob Dylan on Coke Button,2024.0,Mixed Media,5.5,5.5,0,False,10125000,1231184.788704169,0.8784015023502056,0.12159849764979447
PAKPOOM SILAPHAN,Bruce Lee on Pepsi Cap,2024.0,Mixed Media,9.0,9.0,0,False,16200000,1231184.788704169,0.9240009389688785,0.07599906103112154
PAKPOOM SILAPHAN,Aurdrey on Coke Button,2024.0,Mixed Media,7.5,7.5,0,False,14175000,1231184.788704169,0.9131439302501468,0.08685606974985319
PAKPOOM SILAPHAN,"Ali guards on Double Coca-Cola Wooden Coolers, 2024",2024.0,Collage and Mixed media on Vintage Wooden Coolers,46.0,25.0,5,False,19237500,2415987.323844293,0.8744126147449361,0.12558738525506397
Taesoo Lee,D-Stone 02,2025.0,Stone,40.0,26.0,4,False,4200000,2190595.5281176367,0.4784296361624675,0.5215703638375325
Taesoo Lee,D-Stone 01,2025.0,Stone,40.0,32.0,6,False,3300000,2260569.3927666675,0.3149789718888886,0.6850210281111113
Taesoo Lee,D-Stone 05,2025.0,Stone,43.0,22.0,4,False,2900000,2191289.623924466,0.24438288830190832,0.7556171116980916
Taesoo Lee,D-Stone 07,2025.0,Stone,33.0,19.0,3,False,2000000,1679256.8820322598,0.1603715589838701,0.8396284410161299
Taesoo Lee,D-Stone 09,2025.0,Stone,32.0,16.0,2,False,2000000,1581659.8422130274,0.2091700788934863,0.7908299211065137
Taesoo Lee,Stone Composition 006,2025.0,"Mixed media (Paint on EPS, Stainless steel)",90.0,150.0,60,False,33000000,16012283.429782202,0.5147792900065998,0.48522070999340006
Taesoo Lee,D-Stone 08,2025.0,Stone,55.0,26.0,6,False,5600000,2788680.2242214005,0.5020213885318928,0.49797861146810724
Taesoo Lee,D-Stone 06,2025.0,Stone,34.0,61.0,8,False,5200000,3600225.167209333,0.30764900630589753,0.6923509936941025
Taesoo Lee,D-Stone 04,2025.0,Stone,35.0,19.0,3,False,2000000,1754838.3901396608,0.1225808049301696,0.8774191950698303
Taesoo Lee,D-Stone 12,2025.0,Stone,50.0,32.0,8,False,6100000,3371786.0127419336,0.4472481946324699,0.5527518053675301
Taesoo Lee,D-Stone 10,2025.0,Stone,49.0,26.0,6,False,4100000,2637747.102063627,0.35664704827716415,0.6433529517228358
Taesoo Lee,D-Stone 11,2025.0,Stone,48.0,32.0,6,False,5500000,2834604.8581408225,0.48461729851985047,0.5153827014801495
Taesoo Lee,D-Stone 03,2025.0,Stone,42.0,30.0,6,False,4300000,2477166.5416471744,0.4239147577564711,0.576085242243529
Kim Yong-Ik,Utopia 18-2,2018.0,Lithograph on BFK Rives 100% cotton paper,80.0,60.0,20,False,4567000,5722255.235232584,0.2529571349315928,1.2529571349315927
Kim Yong-Ik,Untitled 18-2,2018.0,Lithograph on BFK Rives 100% cotton paper,83.0,63.0,25,False,5480400,6711677.907821092,0.22466935037973357,1.2246693503797335
Kim Yong-Ik,Utopia 18-5,2018.0,Lithograph on BFK Rives 100% cotton paper,80.0,60.0,20,False,4567000,5722255.235232584,0.2529571349315928,1.2529571349315927
Kim Yong-Ik,Untitled 18-3,2018.0,Lithograph on BFK Rives 100% cotton paper,83.0,63.0,25,False,5480400,6711677.907821092,0.22466935037973357,1.2246693503797335
Kim Yong-Ik,Utopia 18-1,2018.0,Lithograph on BFK Rives 100% cotton paper,80.0,60.0,20,False,4567000,5722255.235232584,0.2529571349315928,1.2529571349315927
Kim Yong-Ik,Utopia 18-6,2018.0,Lithograph on BFK Rives 100% cotton paper,80.0,60.0,20,False,4567000,5722255.235232584,0.2529571349315928,1.2529571349315927
Kim Yong-Ik,Untitled 18-1,2018.0,Lithograph on BFK Rives 100% cotton paper,83.0,63.0,25,False,5480400,6711677.907821092,0.22466935037973357,1.2246693503797335
Kim Yong-Ik,Utopia 18-4,2018.0,Lithograph on BFK Rives 100% cotton paper,80.0,60.0,20,False,4567000,5722255.235232584,0.2529571349315928,1.2529571349315927
Kim Yong-Ik,Untitled 18-5,2018.0,Lithograph on BFK Rives 100% cotton paper,83.0,63.0,25,False,5480400,6711677.907821092,0.22466935037973357,1.2246693503797335
Kim Yong-Ik,Utopia 18-3,2018.0,Lithograph on BFK Rives 100% cotton paper,80.0,60.0,20,False,4567000,5722255.235232584,0.2529571349315928,1.2529571349315927
Sena Hwang,May You Live As Wide As Your Longing,2025.0,Conté on paper panel,45.5,65.1,12,False,1370100,2439365.6325288117,0.7804288975467569,1.780428897546757
Heesung Yang,The Sisters,,Oil on canvas,60.6,72.1,20,True,1263600,1482883.9420115256,0.17353904875872556,1.1735390487587256
Heesung Yang,A Point and a Line,,Oil on canvas,130.5,161.0,100,True,5678300,5716500.952166883,0.006727533269972223,1.0067275332699723
Heesung Yang,untitled,,Oil on canvas,145.5,89.4,60,True,4544200,4609499.48288487,0.01436985231391002,1.01436985231391
Heesung Yang,The Late Wind,,Oil on canvas,53.0,33.4,8,True,631800,759668.1835224752,0.20238712175130608,1.202387121751306
Heesung Yang,Cultivation,,Oil on canvas,45.3,27.5,5,True,631800,595030.3224104831,0.058198286783027624,0.9418017132169724
Heesung Yang,The Cold Wind,,Oil on canvas,53.0,33.4,8,True,631800,759668.1835224752,0.20238712175130608,1.202387121751306
Heesung Yang,The Boy Turning Away from the Moon,,Oil on canvas,130.5,161.0,100,True,5678300,5716500.952166883,0.006727533269972223,1.0067275332699723
Heesung Yang,untitled,,Oil on canvas,97.0,130.3,60,True,3410000,4053582.9722366305,0.18873400945355734,1.1887340094535572
Heesung Yang,Island,,Oil on canvas,45.5,53.3,10,True,631800,745790.2181591409,0.18042136460769373,1.1804213646076938
Heesung Yang,Off to One Side,,Oil in canvas,45.5,53.0,10,True,631800,740168.5271998665,0.1715234681859235,1.1715234681859235
Heesung Yang,A Seat in the Afternoon Light,,Oil on canvas,61.0,72.5,20,True,1263600,1434525.7597162514,0.13526888233321574,1.1352688823332158
Heesung Yang,untitled,,Oil on canvas,45.5,53.0,10,True,631800,740168.5271998665,0.1715234681859235,1.1715234681859235
Youjeong Kang,White Waves: Clear Sparkle I,2023.0,Oil on canvas,22.0,22.0,2,False,441500,1214116.9290677377,1.749981719292724,2.749981719292724
Youjeong Kang,Texture of Water III,2022.0,Oil on canvas,18.5,27.3,2,False,487200,1617515.1123057196,2.3200228085092767,3.3200228085092767
Youjeong Kang,Wave: Pleiades,2021.0,Oil on canvas,80.0,80.0,30,False,3851500,6057870.31534422,0.5728600065803505,1.5728600065803504
Youjeong Kang,Drawing Waves I,2023.0,Oil on canvas,22.0,22.0,2,False,441500,1214116.9290677377,1.749981719292724,2.749981719292724
Youjeong Kang,Shape of Water II,2022.0,Oil on canvas,45.0,45.0,8,False,1202700,2563205.0337724574,1.1312089746174918,2.1312089746174916
Youjeong Kang,White Waves: Clear Sparkle II,2023.0,Oil on canvas,22.0,22.0,2,False,441500,1214116.9290677377,1.749981719292724,2.749981719292724
Youjeong Kang,Texture of Water IV,2022.0,Oil on canvas,18.5,27.3,2,False,487200,1617515.1123057196,2.3200228085092767,3.3200228085092767
Youjeong Kang,Drawing Waves II,2023.0,Oil on canvas,22.0,22.0,2,False,441500,1214116.9290677377,1.749981719292724,2.749981719292724
Youjeong Kang,Clover: Orion,2021.0,Oil on canvas,80.0,80.0,30,False,3851500,6057870.31534422,0.5728600065803505,1.5728600065803504
Youjeong Kang,From Moon,2021.0,Oil on canvas,50.0,50.0,10,False,1200000,2988338.630392019,1.4902821919933493,2.4902821919933493
Youjeong Kang,Texture of Water II,2022.0,Oil on canvas,18.5,27.3,2,False,487200,1617515.1123057196,2.3200228085092767,3.3200228085092767
Wal Chirachaisakul,Aquacity,2024.0,Acrylic on canvas,180.0,180.0,150,False,10580200,32237109.73190913,2.0469281990802752,3.0469281990802752
Wal Chirachaisakul,Flow Flow Flow,2024.0,Oil on canvas,210.0,145.0,150,False,11858900,39683039.38011106,2.3462664648585503,3.3462664648585503
Wal Chirachaisakul,Listen To Your Mentors,2024.0,Oil on canvas,180.0,180.0,150,False,11874100,31320659.819021974,1.6377291600223995,2.6377291600223995
Wal Chirachaisakul,How Fragile We Are,2021.0,Oil on Linen,65.0,95.0,30,False,3805800,8449056.93860978,1.2200475428582114,2.2200475428582114
Wal Chirachaisakul,Speak For Us,2024.0,Oil on canvas,130.0,150.0,100,False,9316600,19684933.092308663,1.1128880806634032,2.1128880806634034
Wal Chirachaisakul,Boost Up,2023.0,Oil on canvas,140.0,140.0,100,False,9316600,21177326.398231395,1.2730745549053726,2.2730745549053726
Wal Chirachaisakul,I'm With You,2024.0,Oil on canvas,180.0,180.0,150,False,11858900,31320659.819021974,1.6411100371047882,2.6411100371047884
Wal Chirachaisakul,Everything Seems Slower,2024.0,Oil on canvas,130.0,180.0,100,False,11006400,26262791.031801328,1.3861381588713229,2.386138158871323
Wal Chirachaisakul,Dream Percipitation,2024.0,Oil on canvas,130.0,180.0,100,False,10580200,26262791.031801328,1.482258466928917,2.482258466928917
Wal Chirachaisakul,The Immigrant,2022.0,Oil on linen,135.0,180.0,120,False,10580200,28473847.48224331,1.6912390580748295,2.6912390580748293
Wal Chirachaisakul,The Capital,2023.0,Acrylic on canvas,130.0,130.0,80,False,6378600,19116285.268019784,1.9969405932367266,2.996940593236727
Wal Chirachaisakul,Joy Joy,2024.0,Oil on canvas,100.0,140.0,60,False,7200600,16952813.35498232,1.3543612136464074,2.354361213646407
Jaeyeon Leem,Eros and Snake,2024.0,Oil on canvas,57.0,57.0,15,False,1050500,3240367.1008724594,2.08459505080672,3.08459505080672
Jaeyeon Leem,White or wings,2023.0,Oil on canvas,65.1,90.9,30,False,2085600,7207832.710778777,2.455999573637695,3.455999573637695
Jaeyeon Leem,Heavenly Whispers,2023.0,Oil on canvas,130.3,162.2,100,False,4627900,20983624.428026974,3.5341568374482972,4.534156837448297
Jaeyeon Leem,Eros and Art nouveau pattern,2024.0,Oil on canvas,65.1,90.9,30,False,2085600,7212389.615184015,2.4581845105408586,3.4581845105408586
Jaeyeon Leem,He and She,2024.0,Oil on canvas,53.0,72.7,15,False,1613700,4674958.144370691,1.8970429103121342,2.897042910312134
Jaeyeon Leem,Arrow of Eros,2024.0,Oil on canvas,45.5,45.5,8,False,806900,2595037.5617474383,2.2160584480696968,3.2160584480696968
Jaeyeon Leem,Poetic series,2024.0,Oil on canvas,53.0,72.7,15,False,1613700,4674958.144370691,1.8970429103121342,2.897042910312134
Jaeyeon Leem,Veiled series 3,2024.0,Oil on canvas,121.1,162.2,100,False,5206400,24767162.982316494,3.7570611136901686,4.757061113690169
Jaeyeon Leem,Three women,2022.0,Oil on canvas,97.0,145.5,60,False,4627900,19048200.993710164,3.115949133237573,4.115949133237573
Jaeyeon Leem,Veiled series 2,2024.0,Oil on canvas,91.0,116.8,50,False,3470900,11632442.743383626,2.351419730727945,3.351419730727945
Jaeyeon Leem,VENUS,2022.0,Oil on canvas,112.1,193.9,100,False,5769600,29515279.110820383,4.115654310666317,5.115654310666317
Nature Haan,Pine Tree,2020.0,Oil painting on cotton,103.0,85.0,50,False,3000000,10228553.646682344,2.409517882227448,3.409517882227448
Nature Haan,When I think the grandmother’s house,2021.0,Oil painting on cotton,130.0,100.0,60,False,4200000,17133771.462720584,3.0794693958858534,4.0794693958858534
Nature Haan,Sadang Station,2019.0,Oil painting on cotton,110.0,100.0,60,False,2400000,13936397.397681702,4.806832249034042,5.806832249034042
Nature Haan,Special sunny day,2020.0,Oil painting on cotton,80.0,69.0,25,False,2200000,6277944.585436539,1.8536111751984268,2.8536111751984268
Nature Haan,Empty seats at Cafe,2021.0,Oil painting on cotton,125.0,112.6,60,False,5400000,15462208.160869405,1.8633718816424822,2.8633718816424825
Nature Haan,W/M,2018.0,Charcoal on paper,78.8,108.1,50,False,3000000,11687881.549659174,2.895960516553058,3.895960516553058
Nature Haan,Spreading sun set,2019.0,Oil painting on cotton,180.0,100.0,80,False,6500000,28916712.065964803,3.4487249332253542,4.448724933225354
Nature Haan,My personal cigarette,2017.0,Oil painting on cotton,85.0,80.0,40,False,3000000,7927557.683123278,1.6425192277077594,2.6425192277077594
Nature Haan,Sunrise A.P.T,2020.0,Oil painting on cotton,115.0,130.0,80,False,4200000,16907423.56992327,3.0255770404579216,4.025577040457922
Nature Haan,Seoul Sadang police station,2021.0,Oil painting on cotton,58.0,68.0,20,False,1700000,4541098.244683802,1.671234261578707,2.6712342615787072
Nature Haan,The night of fish market,2020.0,Oil painting on cotton,152.0,130.0,100,False,5400000,22136553.72721019,3.0993618013352204,4.09936180133522
Nature Haan,Red rest,2020.0,Oil painting on cotton,65.0,55.0,15,False,2100000,3774170.316266309,0.7972239601268138,1.7972239601268138
Greg Haberny,Untitled Cats,2024.0,Painting,91.4,61.0,25,False,15071000,7484263.663860595,0.5033996639996952,0.4966003360003049
Greg Haberny,Untitled,2024.0,Sculpture,12.7,22.9,1,False,3349200,1643041.8295813217,0.5094225995517372,0.49057740044826276
Greg Haberny,Cat in the box,2024.0,Painting,14.0,22.9,1,False,3014200,1602665.990926694,0.4682947412491892,0.5317052587508108
Greg Haberny,Untitled,2024.0,Sculpture,20.3,20.3,1,False,3349200,1231209.2714725018,0.6323870561708762,0.3676129438291239
Greg Haberny,Cats and Rainbows,2024.0,Painting,88.9,69.9,30,False,8372800,6819711.3226654045,0.18549215045559375,0.8145078495444062
Greg Haberny,Untitled,2024.0,Sculpture,17.8,17.8,1,False,3349200,1230636.7438272883,0.6325580007681572,0.3674419992318429
Greg Haberny,Untitled,2024.0,Sculpture,17.8,17.8,1,False,3349200,1230636.7438272883,0.6325580007681572,0.3674419992318429
Greg Haberny,Cat in the Box,2024.0,Painting,12.7,20.3,0,False,3014200,1634718.389430544,0.45766094173228583,0.5423390582677142
Greg Haberny,Mars Cat,2024.0,Painting,50.8,61.0,12,False,6698300,3009050.382885066,0.5507740198430847,0.44922598015691534
Greg Haberny,Untitled,2024.0,Sculpture,20.3,20.3,1,False,3349200,1231209.2714725018,0.6323870561708762,0.3676129438291239
Greg Haberny,Cat in the Box,2024.0,Painting,12.7,21.6,1,False,3014200,1599452.749249491,0.4693607759108583,0.5306392240891417
Greg Haberny,Cat With Zippers,2024.0,Painting,27.9,35.6,4,False,5023700,2101353.3676446592,0.5817120115363856,0.4182879884636143
YOUNGHWAN PARK,warmth,,White Porcelain with Blue Underglaze,22.0,22.0,2,False,800000,1149153.337304339,0.4364416716304238,1.4364416716304238
YOUNGHWAN PARK,Ruminating (반추),,Ink on Korean Paper (Hanji),89.4,145.5,60,False,8000000,14335450.248129662,0.7919312810162078,1.7919312810162078
YOUNGHWAN PARK,Contemplation,,Ink on hanji,89.4,145.5,60,False,8000000,13756967.638120508,0.7196209547650635,1.7196209547650634
YOUNGHWAN PARK,Ruminating (반추),,Ink on Korean Paper (Hanji),60.0,145.5,50,False,6000000,10663563.980007704,0.7772606633346174,1.7772606633346173
YOUNGHWAN PARK,Contemplation,,Ink on hanji,162.2,130.1,100,False,10000000,16851148.574142903,0.6851148574142903,1.6851148574142902
YOUNGHWAN PARK,at the cliff,,Ink on hanji,60.0,60.0,15,False,2000000,3130428.994299286,0.565214497149643,1.5652144971496431
YOUNGHWAN PARK,We in White Memory,,Ink on hanji,65.1,50.0,15,False,1500000,3498733.1650933684,1.3324887767289122,2.3324887767289124
Minjung Key,We are all in the waves (sunset),2024.0,Color on Korean Soonji paper,89.0,138.0,60,False,6000000,14269535.680576263,1.3782559467627105,2.3782559467627107
Minjung Key,Sherbet punch lines series 2,2024.0,"2 pieces of glass, Hanji and acrylic",43.5,43.5,8,False,2000000,2439053.8796006977,0.21952693980034882,1.2195269398003488
Minjung Key,We are all in the waves (20 Sep. 2024),2024.0,Colors on Hanji & acrylic on silk,280.0,200.0,300,False,20000000,42653618.734091334,1.1326809367045667,2.1326809367045665
Minjung Key,We are all in the waves (11 Sep. 2024),2024.0,Colors on Hanji & acrylic on silk,280.0,200.0,300,False,20000000,42653618.734091334,1.1326809367045667,2.1326809367045665
Minjung Key,Sherbet punch lines(Floating violet mood),2024.0,Korean paper between two sheets of glass and color,45.0,45.0,8,False,2000000,2400685.404219682,0.20034270210984093,1.200342702109841
Minjung Key,We are all in the waves (sunset_3),2024.0,Color on Korean Soonji paper,89.0,138.0,60,False,6000000,13698997.956359629,1.2831663260599382,2.283166326059938
Minjung Key,Self-portrait,2024.0,Colors on Hanji,72.0,72.0,25,False,2000000,5171713.043486381,1.5858565217431906,2.5858565217431906
Minjung Key,Sherbet punch lines series 1,2024.0,"2 pieces of glass, Hanji and acrylic",43.5,43.5,8,False,2000000,2439053.8796006977,0.21952693980034882,1.2195269398003488
Minjung Key,Sherbet punch lines series 3,2024.0,"2 pieces of glass, Hanji and acrylic",43.5,43.5,8,False,2000000,2439053.8796006977,0.21952693980034882,1.2195269398003488
Minjung Key,The winds move,2019.0,Color on Korean paper,34.5,44.0,6,False,2000000,2469101.0424168725,0.23455052120843622,1.2345505212084362
Sanggyun Lee,Box Culvert Exit Channel,2021.0,"Oil, ink line, marker, alkyd, wax on canvas",97.0,193.9,80,False,6393800,30347240.31767831,3.746354330394806,4.746354330394806
Sanggyun Lee,Spillway Grout,2021.0,"Oil, marker, alkyd, wax on canvas",162.2,130.3,100,False,5000000,22472902.977164976,3.4945805954329954,4.494580595432995
Sanggyun Lee,Signboards,2020.0,"Oil, alkyd, wax on canvas",27.3,27.3,3,False,500000,1590718.6016352535,2.181437203270507,3.181437203270507
Sanggyun Lee,Spillway Strong Current Part,2021.0,"Oil, ink line, alkyd, wax on canvas",89.4,145.5,60,False,4000000,20831288.7944477,4.207822198611925,5.207822198611925
Sanggyun Lee,Aqueduct Bridge,2020.0,"Oil, alkyd, wax on canvas",53.0,53.0,12,False,1500000,3356599.1276938063,1.237732751795871,2.2377327517958707
Sanggyun Lee,Reinforced Earth Wall,2020.0,"Oil, alkyd, wax on canvas",27.3,45.5,5,False,800000,2941711.1519768997,2.6771389399711247,3.6771389399711247
Sanggyun Lee,Bridge Slab,2021.0,"Acrylic, ink line, sand, modeling paste, gel medium on canvas",336.3,162.2,200,False,12939800,74812149.52717099,4.7815537741828305,5.7815537741828305
Sanggyun Lee,Untitled,2020.0,Oil on canvas,17.9,25.8,2,False,350000,1801954.6550527713,4.1484418715793465,5.1484418715793465
Sanggyun Lee,Low Water Revetment Riprap Works,2021.0,"Oil, marker, alkyd, wax on canvas",130.3,162.2,100,False,5000000,22472902.977164976,3.4945805954329954,4.494580595432995
Sim Jaewon,달항아리 시편,2025.0,Sculpture,15.0,15.0,0,False,200000,1168127.0462312934,4.840635231156467,5.840635231156467
Sim Jaewon,달항아리,,Sculpture,15.0,15.0,0,False,220000,1139194.4294325314,4.178156497420597,5.178156497420597
Sim Jaewon,달항아리,,Sculpture,15.0,15.0,0,False,220000,1139194.4294325314,4.178156497420597,5.178156497420597
Sim Jaewon,달항아리,,Sculpture,18.0,20.0,1,False,580000,1162691.4995390843,1.004640516446697,2.004640516446697
Sim Jaewon,달항아리,,Sculpture,15.0,15.0,0,False,220000,1139194.4294325314,4.178156497420597,5.178156497420597
Sim Jaewon,백자달항아리,,Sculpture,30.0,33.0,4,False,2500000,1712337.8842010382,0.31506484631958476,0.6849351536804152
Sim Jaewon,소반,2025.0,Sculpture,20.0,20.0,1,False,650000,1193915.404873457,0.8367929305745493,1.8367929305745494
Sim Jaewon,달항아리,,Sculpture,18.0,20.0,1,False,580000,1162691.4995390843,1.004640516446697,2.004640516446697
Sim Jaewon,소반,2025.0,Sculpture,20.0,20.0,1,False,650000,1193915.404873457,0.8367929305745493,1.8367929305745494
Sim Jaewon,소반,2025.0,Sculpture,20.0,20.0,1,False,650000,1193915.404873457,0.8367929305745493,1.8367929305745494
Sim Jaewon,백자달항아리,,Sculpture,24.0,20.0,2,False,1500000,1181279.5805211805,0.21248027965254632,0.7875197203474537
Gon Jeong,taste,2022.0,Acrylic on canvas,117.0,90.0,50,False,2300000,12800426.149258498,4.565402673590651,5.565402673590651
Gon Jeong,i will be a star,2022.0,Acrylic on canvas,80.0,80.0,30,False,1800000,6364847.625837105,2.536026458798392,3.536026458798392
Gon Jeong,Freedom,2021.0,Acrylic on canvas,45.0,60.0,12,False,700000,4037954.005139721,4.7685057216281725,5.7685057216281725
Gon Jeong,"I miss you, but let's hang in there",2022.0,Acrylic on canvas,91.0,73.0,40,False,1550000,6886136.0118265385,3.442668394726799,4.442668394726799
Gon Jeong,encore,2022.0,"Acrylic, gold leaf on canvas",91.0,91.0,50,False,2300000,9980485.591340512,3.3393415614523967,4.339341561452397
Gon Jeong,Salvation,2020.0,Acrylic on canvas,46.0,63.0,12,False,820000,4272641.034866412,4.210537847398063,5.210537847398063
Gon Jeong,rest,2022.0,Acrylic on canvas,91.0,117.0,50,False,2300000,12921007.941388125,4.617829539733967,5.617829539733967
JIYOUNG LEE,Our 2,2025.0,"Pencil on jangji, acrylics",24.5,33.5,3,False,2131300,1417235.8532432073,0.33503690083835813,0.6649630991616419
JIYOUNG LEE,Our 4,2025.0,"Pencil on jangji, acrylics",24.5,33.5,3,False,2131300,1417235.8532432073,0.33503690083835813,0.6649630991616419
JIYOUNG LEE,Our 1,2025.0,"Pencil on jangji, acrylics",24.5,33.5,3,False,2131300,1417235.8532432073,0.33503690083835813,0.6649630991616419
JIYOUNG LEE,forest stage II,2021.0,"Pencil, color pencil on paper",91.0,117.0,50,False,7500000,11220591.80524104,0.4960789073654721,1.496078907365472
JIYOUNG LEE,Our 3,2025.0,"Pencil on jangji, acrylics",24.5,33.5,3,False,2131300,1417235.8532432073,0.33503690083835813,0.6649630991616419
JIYOUNG LEE,Animal house - The swan mask,2023.0,Pencil on paper,24.0,31.0,3,False,1000000,1499832.0619622646,0.4998320619622646,1.4998320619622645
JIYOUNG LEE,CHOICE,2017.0,Pencil and colored pencil on paper,92.5,118.5,60,False,7500000,13080451.44971345,0.7440601932951266,1.7440601932951267
Chang Sook Young,Color of Charity,2022.0,"Pastel, gouache on canvas",146.3,97.4,60,False,11000000,17272851.452019203,0.5702592229108366,1.5702592229108367
Chang Sook Young,Resonance Moment,2022.0,"Pastel, gouache on canvas",34.0,43.0,6,False,2400000,2523498.807364834,0.05145783640201417,1.0514578364020142
Chang Sook Young,Hommage to Raymond Briggs,2023.0,"Pastel, gouache on canvas",63.0,70.5,20,False,3600000,4110837.1771218562,0.1418992158671823,1.1418992158671823
Chang Sook Young,Snowman,2023.0,"Pastel, gouache on canvas",68.0,88.5,30,False,3800000,6523045.420504374,0.7165909001327301,1.7165909001327302
Chang Sook Young,Resonance Moment,2022.0,"Pastel, gouache on canvas",34.0,43.0,6,False,2400000,2523498.807364834,0.05145783640201417,1.0514578364020142
Chang Sook Young,Resonance Moment,2022.0,"Pastel, gouache on canvas",34.0,43.0,6,False,2400000,2523498.807364834,0.05145783640201417,1.0514578364020142
Chang Sook Young,The Moment of Creation,2022.0,"Pastel, gouache on canvas",46.0,53.0,10,False,3200000,2521052.923739544,0.21217096133139246,0.7878290386686075
Chang Sook Young,Life is a game,2023.0,"Pastel, oil pastel on canvas",24.0,24.0,2,False,960000,1233201.616156598,0.28458501682978965,1.2845850168297896
Chang Sook Young,Sacrament,2023.0,"Pastel, oil pastel on canvas",70.0,70.0,25,False,4200000,5766947.411073703,0.3730827169223103,1.3730827169223103
Chang Sook Young,Hommage to raymond briggs,2022.0,"Pastel, gouache on canvas",34.5,79.0,12,False,3200000,4544161.29908306,0.42005040596345616,1.4200504059634562
Prae Pupityastaporn,Terrarium,2022.0,Acrylic on Canvas,25.0,35.0,3,False,2664100,1964699.8737385646,0.2625277302884409,0.7374722697115591
Hey Sook YOO,K220624,2022.0,"acrylic, ink, colored pencil on canvas",130.3,162.2,100,False,22000000,21737545.36466901,0.011929756151408634,0.9880702438485913
Hey Sook YOO,K230507,2023.0,"acrylic, ink on canvas",160.0,200.0,150,False,28000000,37714844.13189128,0.34695871899611713,1.3469587189961172
Hey Sook YOO,Untitled,2017.0,"acrylic, graphite on canvas",50.0,60.6,12,False,1700000,3650302.4114989317,1.1472367126464305,2.1472367126464302
Hey Sook YOO,Untitled,2017.0,"acrylic, graphite on canvas",50.0,60.6,12,False,1700000,3650302.4114989317,1.1472367126464305,2.1472367126464302
Hey Sook YOO,K211220,2021.0,"acrylic, colored pencil on canvas",53.0,45.5,10,False,4500000,2627911.4926834637,0.4160196682925636,0.5839803317074364
Hey Sook YOO,K250201,2025.0,"acrylic, ink on canvas",45.5,53.0,10,False,4500000,2476533.893654493,0.449659134743446,0.550340865256554
Hey Sook YOO,K211222,2021.0,"acrylic, colored pencil on canvas",53.0,45.5,10,False,4500000,2627911.4926834637,0.4160196682925636,0.5839803317074364
Hey Sook YOO,K250723,2025.0,"acrylic, ink, colored pencil on canvas",45.5,53.0,10,False,4500000,2476533.893654493,0.449659134743446,0.550340865256554
Hey Sook YOO,K220000,2022.0,acrylic on canvas,22.0,27.0,2,False,2500000,1300031.127323388,0.47998754907064484,0.5200124509293551
Hey Sook YOO,K250812,2025.0,"acrylic, ink colored pencil on canvas",90.5,90.5,40,False,12000000,7544058.463978878,0.3713284613350935,0.6286715386649065
Hey Sook YOO,Untitled,2017.0,"acrylic, graphite on canvas",50.0,60.6,12,False,1700000,3650302.4114989317,1.1472367126464305,2.1472367126464302
Juli Baker and Summer,Rainy Forrest,,Acrylic and inktense pencil on canvas,30.0,30.0,3,False,2277400,1369337.527958575,0.3987277035397493,0.6012722964602507
Juli Baker and Summer,Reindeer Ride,,Acrylic and inktense pencil on canvas,110.0,30.0,15,False,3273700,3896743.7583936006,0.19031791501774767,1.1903179150177476
Juli Baker and Summer,"Pick Berry, Pick Feelings, Pick Sunset",,"Acrylic, oil marker, and inktense pencil on canvas",100.0,120.0,60,False,3558300,10573541.238203784,1.97151483523137,2.9715148352313703
Juli Baker and Summer,"A conversation between us, 2024",,Ceramic,32.0,26.0,3,False,948900,1289493.030011594,0.35893458742922757,1.3589345874292276
Juli Baker and Summer,The Myth of Trolls,,Acrylic and inktense pencil on canvas,30.0,30.0,3,False,2277400,1369337.527958575,0.3987277035397493,0.6012722964602507
Juli Baker and Summer,"Tree of Life, 2024",,Ceramic,38.0,39.0,6,False,1660600,2042545.061261023,0.23000425223474824,1.2300042522347483
Juli Baker and Summer,Butterfly snail,,Ceramic,30.0,17.0,2,False,616800,1504108.790328875,1.4385680777056986,2.438568077705699
Juli Baker and Summer,Midnight Lake in Tromso,,Acrylic and inktense pencil on canvas,50.0,50.0,10,False,2467100,2715554.93785505,0.1007072829861173,1.1007072829861173
Juli Baker and Summer,"Lady butterfly, 2024",,Ceramic,28.0,27.0,3,False,782900,1325737.7142074038,0.6933678812203395,1.6933678812203394
Juli Baker and Summer,Take some time,,Ceramic,38.0,13.0,2,False,616800,1553465.1908582996,1.5185881823253884,2.5185881823253884
Juli Baker and Summer,Things to Look Forward to,,Acrylic and oil marker on canvas,170.0,200.0,150,False,4222500,26518112.85543684,5.280192505728085,6.280192505728085
Haeeun Hong,Blending with TOOLS no. 7,2022.0,Oil on canvas,162.2,130.3,100,False,8000000,21976125.031578198,1.7470156289472747,2.747015628947275
Haeeun Hong,Color Sample_The United States,2018.0,Oil on canvas,97.0,130.3,60,False,4200000,18123573.908680376,3.315136644923899,4.315136644923899
Haeeun Hong,Crescent,2020.0,Oil on canvas,72.7,72.7,25,False,2400000,6313972.457672475,1.6308218573635311,2.6308218573635314
Haeeun Hong,Color Sample_Reflection,2017.0,Oil on canvas,80.3,130.3,50,False,4200000,17163884.168905593,3.0866390878346652,4.086639087834665
Haeeun Hong,Cutting mat,2020.0,Oil on canvas,72.7,72.7,25,False,2400000,6313972.457672475,1.6308218573635311,2.6308218573635314
Haeeun Hong,Blending with TOOLS no. 11,2022.0,Oil on canvas,227.3,181.8,200,False,10500000,45112823.380446434,3.296459369566327,4.296459369566327
Haeeun Hong,Blending with TOOLS no. 8,2022.0,Acrylic and rope on canvas,162.2,130.3,100,False,8000000,22576199.471321363,1.8220249339151704,2.8220249339151704
Haeeun Hong,How to make -the illusion,2021.0,Color pencil on paper,45.0,45.0,8,False,1400000,2658321.1807872592,0.8988008434194709,1.898800843419471
Haeeun Hong,Allow or block,2020.0,Oil on canvas,72.7,72.7,25,False,2400000,6313972.457672475,1.6308218573635311,2.6308218573635314
Haeeun Hong,Blending with TOOLS no. 6,2022.0,Acrylic on canvas,91.9,116.8,50,False,4000000,12445681.432112476,2.111420358028119,3.111420358028119
CHO MINA,Moving and breathing things,2024.0,"Color on paper, collage",60.0,72.0,20,False,3000000,3781285.702282359,0.26042856742745296,1.260428567427453
CHO MINA,Today's Collection,2024.0,"Color on paper, collage",72.0,90.0,30,False,3300000,6228395.621415009,0.8873926125500027,1.8873926125500027
CHO MINA,A moving shape,2022.0,Color on Paper,145.5,112.1,80,False,6600000,18381114.271276407,1.7850173138297587,2.7850173138297585
CHO MINA,Warp and Weft,2025.0,Color and collage on Korean paper (Jangji),65.0,91.0,30,False,3200000,6673937.42636995,1.0856054457406095,2.0856054457406095
CHO MINA,Tiny Glimmers,2024.0,Color and collage on Korean paper (Jangji),50.0,65.0,15,False,1900000,3680200.5728675555,0.9369476699302924,1.9369476699302923
CHO MINA,Misleading signals,2025.0,Color  on Korean paper (Jangji),60.6,40.9,10,False,1300000,3282860.7838676632,1.5252775260520486,2.5252775260520486
CHO MINA,Modeling Bead,2025.0,Color and collage on Korean paper (Jangji),41.0,53.0,10,False,900000,3003932.150298393,2.3377023892204365,3.3377023892204365
CHO MINA,Place of Arrival,2025.0,Color on Korean paper (Jangji),54.0,92.0,25,False,2700000,6581442.340880251,1.4375712373630558,2.4375712373630556
CHO MINA,The moment of blooming,2023.0,Color on Paper,24.0,34.0,3,False,440000,1517388.4992928507,2.4486102256655697,3.4486102256655697
CHO MINA,Among the Flowers of the sun,2025.0,Color on Korean paper (Jangji),91.0,116.8,50,False,4300000,10476479.87154695,1.4363906678016163,2.4363906678016165
CHO MINA,Busy movement,2024.0,"Color on paper, collage",53.0,65.0,15,False,1650000,3061564.5521982275,0.8554936679989258,1.8554936679989258
Jihye,Hibernation 1,2023.0,Pigment based inkjet print SINUS premium matte canvas 380g,14.8,21.0,1,False,654600,1451892.535903257,1.2179843200477498,2.21798432004775
Jihye,In an unknown realm 2,2023.0,Pigment based inkjet print SINUS premium matte canvas 380g,14.8,21.0,1,False,654600,1451892.535903257,1.2179843200477498,2.21798432004775
Jihye,In an unknown realm 1,2023.0,Pigment based inkjet print SINUS premium matte canvas 380g,14.8,21.0,1,False,654600,1451892.535903257,1.2179843200477498,2.21798432004775
Jihye,Under the small light 2,2023.0,Pigment based inkjet print SINUS premium matte canvas 380g,14.8,21.0,1,False,654600,1451892.535903257,1.2179843200477498,2.21798432004775
Jihye,Ginger Lemon Tea,2023.0,Pigment based inkjet print SINUS premium matte canvas 380g,24.0,30.0,3,False,654600,1594253.5126134318,1.4354621335371704,2.4354621335371704
Jihye,Morning Once Again,2023.0,Pigment based inkjet print SINUS premium matte canvas 380g,14.8,21.0,1,False,654600,1451892.535903257,1.2179843200477498,2.21798432004775
Jihye,Hibernation 2,2023.0,Pigment based inkjet print SINUS premium matte canvas 380g,14.8,21.0,1,False,654600,1451892.535903257,1.2179843200477498,2.21798432004775
Jihye,Steamy Glasses,2023.0,Pigment based inkjet print SINUS premium matte canvas 380g,14.8,21.0,1,False,654600,1451892.535903257,1.2179843200477498,2.21798432004775
Jihye,Under the small light 1,2023.0,Pigment based inkjet print SINUS premium matte canvas 380g,14.8,21.0,1,False,654600,1451892.535903257,1.2179843200477498,2.21798432004775
Jihye,The Beginning of Winter,2023.0,Pigment based inkjet print SINUS premium matte canvas 380g,24.0,30.0,3,False,654600,1594253.5126134318,1.4354621335371704,2.4354621335371704
Jihye,Under the small light 3,2023.0,Pigment based inkjet print SINUS premium matte canvas 380g,24.0,30.0,3,False,654600,1594253.5126134318,1.4354621335371704,2.4354621335371704
Jungkee Son,A Forest that Asks Nothing,,Acrylic on canvas,91.0,116.8,50,True,7413700,6830164.537004667,0.07871042300003138,0.9212895769999686
Jungkee Son,To the Distant Wood,,Acrylic on canvas,72.7,90.9,40,True,4323400,4444032.040127509,0.027902123358354368,1.0279021233583543
Jungkee Son,Walking Alone,,Acrylic on canvas,72.7,90.9,40,True,4323400,4444032.040127509,0.027902123358354368,1.0279021233583543
Jungkee Son,Through the Forest,,Acrylic on canvas,112.1,145.5,80,True,10869400,11033218.31849585,0.015071514388636829,1.0150715143886369
Jungkee Son,Paths,,Acrylic on canvas,112.1,145.5,80,True,10869400,11033218.31849585,0.015071514388636829,1.0150715143886369
Jungkee Son,Beyond Uncertainty,,Acrylic on canvas,72.7,90.9,40,True,4323400,4444032.040127509,0.027902123358354368,1.0279021233583543
Jungkee Son,A Journey Into Uncertainty,,Acrylic on canvas,91.0,116.8,50,True,7413700,6830164.537004667,0.07871042300003138,0.9212895769999686
Jungkee Son,Winter Forest,,Acrylic on canvas,130.3,162.2,100,True,12970200,12107639.230396733,0.06650327439848787,0.9334967256015121
Jungkee Son,The Way of Silence,,Acrylic on canvas,72.7,90.9,40,True,4323400,4444032.040127509,0.027902123358354368,1.0279021233583543
Jieun Kim,Model House in Hwaseong #1-Drawing,,Digital C Print / graphite on yupo translucent paper,42.0,29.7,5,False,1294000,1906582.9618892088,0.4734025980596667,1.4734025980596668
Jieun Kim,Gallery Wall #2-Drawing,,Digital C Print / graphite on yupo translucent paper,42.0,29.7,5,False,1294000,1906582.9618892088,0.4734025980596667,1.4734025980596668
Jieun Kim,Apartment Color: Trend vs Le Corbusier,,"self adhesive film on cardboard, size variable",210.0,199.0,200,False,7916100,26759661.4302182,2.380409725776355,3.380409725776355
Jieun Kim,Gallery Wall #1-Drawing,,Digital C Print / graphite on yupo translucent paper,42.0,29.7,5,False,1294000,1906582.9618892088,0.4734025980596667,1.4734025980596668
Jieun Kim,Gallery Wall #3-Drawing,,Digital C Print / graphite on yupo translucent paper,42.0,29.7,5,False,1294000,1906582.9618892088,0.4734025980596667,1.4734025980596668
Seungwon Yang,Overwrite #24,2022.0,Archival Pigment Print,36.0,45.0,8,True,2000000,1924364.0834692314,0.03781795826538431,0.9621820417346157
Seungwon Yang,Overwrite #44,2022.0,Archival Pigment Print,34.0,42.5,6,True,2000000,2030935.0151415467,0.015467507570773363,1.0154675075707733
Seungwon Yang,Overwrite #43,2022.0,Archival Pigment Print,34.0,42.5,6,True,2000000,2030935.0151415467,0.015467507570773363,1.0154675075707733
Seungwon Yang,Overwrite #23,2022.0,Archival Pigment Print,36.0,45.0,8,True,2000000,1924364.0834692314,0.03781795826538431,0.9621820417346157
Seungwon Yang,Overwrite #32,2022.0,Archival Pigment Print,45.0,36.0,8,True,2000000,1924364.0834692314,0.03781795826538431,0.9621820417346157
Seungwon Yang,Covered Moment #12,2019.0,Archival Pigment Print,29.0,42.0,5,True,2000000,1229580.2614725092,0.3852098692637454,0.6147901307362547
Seungwon Yang,Covered Moment #7,2019.0,Archival Pigment Print,29.0,42.0,5,True,2000000,1229580.2614725092,0.3852098692637454,0.6147901307362547
Seungwon Yang,Overwrite #42,2022.0,Archival Pigment Print,36.0,45.0,8,True,2000000,1924364.0834692314,0.03781795826538431,0.9621820417346157
Seungwon Yang,Overwrite #36,2022.0,Archival Pigment Print,34.0,42.5,6,True,2000000,2030935.0151415467,0.015467507570773363,1.0154675075707733
Seungwon Yang,Overwrite #27,2022.0,Archival Pigment Print,34.0,42.5,6,True,2000000,2030935.0151415467,0.015467507570773363,1.0154675075707733
Jonghwan Lee,Twist tie2,2021.0,Painting on aluminum,21.0,29.7,3,True,650000,601339.7028500063,0.07486199561537495,0.925138004384625
Jonghwan Lee,Lid,2021.0,Painting on aluminum,21.0,29.7,3,True,650000,601339.7028500063,0.07486199561537495,0.925138004384625
Jonghwan Lee,Wipe #1,2020.0,"Painting, graphite on wood, woodcut",130.0,194.0,120,True,5500000,9580214.798864575,0.7418572361571955,1.7418572361571956
Jonghwan Lee,Eye,2022.0,"Painting on wood, woodcut and gypsum",114.0,117.0,60,True,3500000,5128227.561014868,0.46520787457567664,1.4652078745756767
Jonghwan Lee,Route-crash,2021.0,"Painting on wood, woodcut",145.4,90.9,60,True,3200000,6034052.167028307,0.885641302196346,1.8856413021963458
Jonghwan Lee,Twist tie,2021.0,Painting on aluminum,25.3,34.4,3,True,650000,642097.6354473316,0.012157483927182173,0.9878425160728178
Minji Ryu,Untitled,2017.0,Oil on canvas,50.0,50.0,10,False,883000,3805736.4227645756,3.3100072737990662,4.310007273799067
Minji Ryu,Flowery,2020.0,Oil on canvas,89.4,130.3,60,False,3805800,18065408.449292235,3.7468097244448564,4.746809724444857
Minji Ryu,The shape of leaves,2019.0,Oil on canvas,53.0,45.5,10,False,883000,2900209.427145332,2.284495387480557,3.284495387480557
Minji Ryu,A tree with the street lamp,2019.0,Oil on canvas,260.6,162.2,200,False,10960800,59313108.343115635,4.411384966710061,5.411384966710061
Minji Ryu,The color of days,2021.0,Oil on canvas,112.1,162.2,80,False,6546000,27067749.148326036,3.135005980495881,4.1350059804958805
Soyoung Kwon,Entangled  Flow,,Ink on koreanpaper,90.9,60.6,25,False,5556500,6483340.283908587,0.1668028946114617,1.1668028946114617
Soyoung Kwon,Abyssal Emanation,,Ink on koreanpaper,72.7,116.8,50,False,9271000,10380190.060937472,0.11964082201892694,1.119640822018927
Soyoung Kwon,Breath Between,,Ink on koreanpaper,160.0,100.0,80,False,18526700,17969404.985706735,0.030080641144578615,0.9699193588554214
Soyoung Kwon,Fading Light,,Ink on koreanpaper,47.1,105.0,25,False,5556500,6584261.2299753465,0.1849655772474303,1.1849655772474303
Soyoung Kwon,Frosted Starlight,,"Ink on koreanpaper, Oil pastel, Conte",75.0,40.0,12,False,3090400,3846154.4379337216,0.24454906741318974,1.2445490674131898
Soyoung Kwon,Frosted Starlight,,"Ink on koreanpaper, Oil pastel, Conte",40.0,75.0,12,False,3090400,3846154.4379337216,0.24454906741318974,1.2445490674131898
Lim Jimin,Love and People,2024.0,oil on canvas,24.2,33.4,3,False,700000,1738046.1623400648,1.4829230890572354,2.4829230890572354
Lim Jimin,I'll give you a ticket,2023.0,oil on canvas,33.4,24.2,3,False,700000,1742322.5674157524,1.4890322391653605,2.4890322391653608
Lim Jimin,Our story,2023.0,oil on canvas,33.4,24.2,3,False,700000,1742322.5674157524,1.4890322391653605,2.4890322391653608
Lim Jimin,Because I miss you 2,2023.0,oil on canvas,33.4,24.2,3,False,700000,1742322.5674157524,1.4890322391653605,2.4890322391653608
Lim Jimin,Ready to leap 1,2023.0,oil on canvas,53.0,45.5,10,False,1000000,2461121.1057771044,1.4611211057771043,2.4611211057771043
Lim Jimin,Because I miss you 1,2023.0,oil on canvas,33.4,24.2,3,False,700000,1742322.5674157524,1.4890322391653605,2.4890322391653608
Lim Jimin,Go faraway,2023.0,oil on canvas,40.9,27.3,4,False,800000,2173126.139953687,1.7164076749421087,2.7164076749421087
Lim Jimin,the wishes left behind,2023.0,oil on canvas,37.9,37.9,6,False,800000,2017186.225970809,1.5214827824635113,2.5214827824635115
Lim Jimin,Doors that open inward,2024.0,oil on canvas,31.8,40.9,6,False,800000,2464985.8575230506,2.0812323219038134,3.0812323219038134
Lim Jimin,light fling,2024.0,oil on canvas,53.0,45.5,10,False,1000000,2466138.7942428314,1.4661387942428314,2.4661387942428314
JeongWoong Lee,A Flower-Casting Koi,,Oil on Canvas,33.5,21.3,3,False,1500000,1714328.9061279048,0.14288593741860317,1.1428859374186031
JeongWoong Lee,Tripod and Asymmetry Others,2023.0,Oil on canvas,65.0,65.0,20,True,5000000,4087472.266723328,0.18250554665533444,0.8174944533446655
JeongWoong Lee,404 Not Found,2022.0,Oil on canvas,100.0,100.0,50,True,14000000,8483197.687345061,0.39405730804678135,0.6059426919532187
JeongWoong Lee,The Bird-Legged Koi That Casts Up Flowers,,Oil on Canvas,65.0,65.0,20,False,5000000,4013265.8718728214,0.19734682562543573,0.8026531743745643
JeongWoong Lee,404 Not Found,2023.0,Oil on canvas,130.0,130.0,80,True,20000000,14846364.964915123,0.25768175175424385,0.7423182482457561
JeongWoong Lee,Rendezvous_ True Survivors,2024.0,Oil on canvas,225.0,91.0,100,True,26000000,18348730.60750189,0.29427959201915804,0.7057204079808419
JeongWoong Lee,Burning Faces,2024.0,Oil on canvas,60.5,40.0,10,True,2400000,2501475.6042689225,0.042281501778717694,1.0422815017787177
JeongWoong Lee,Landing,2024.0,Oil on canvas,65.0,65.0,20,True,5000000,4111233.823393053,0.17775323532138942,0.8222467646786106
JeongWoong Lee,A Young Bird-Legged Fish and Two Unattended Vases,,Oil on Canvas,41.0,61.0,10,False,2400000,3606874.0239874325,0.5028641766614302,1.5028641766614301
Jack Kabangu,Dark face painting (Untitled water boy),2025.0,Mixed media on wood panel,22.0,27.0,2,False,4719200,1200415.4502624066,0.7456315794493967,0.2543684205506032
Jack Kabangu,Dark face painting (Mudder og vand / Mud and water),2025.0,Mixed media on canvas,40.0,40.0,8,False,7459400,2342923.506278499,0.6859099248896026,0.3140900751103975
Jack Kabangu,"Dark face painting (Snow, Water, Sun)",,Mixed media on wood panel,134.0,158.0,100,False,26640600,17667236.790680412,0.33683037203815186,0.6631696279618482
Jack Kabangu,Dark face painting (Blue tears black boy),,Mixed media on wood panel,105.5,154.0,80,False,23596000,18349994.996816386,0.22232602997048714,0.7776739700295129
Jack Kabangu,Dark face painting (Untitled water boy),,Mixed media on wood panel,47.0,60.0,12,False,9895100,3418669.5187482457,0.6545088459188643,0.3454911540811357
Jack Kabangu,Dark face painting,2025.0,Mixed media on canvas,43.0,33.0,6,False,7155000,2368045.6977270353,0.6690362407090097,0.33096375929099026
Jack Kabangu,Dark face painting (Summer snow 2),,Mixed media on canvas,73.0,93.0,40,False,15223200,6499982.891259753,0.5730212510339645,0.4269787489660356
Jack Kabangu,Dark face painting (Summer snow),,Mixed media on wood panel,85.0,83.5,40,False,15375500,5806508.8350537,0.6223531699747195,0.3776468300252805
Jack Kabangu,Dark face painting (Rødt jord blå dreng/ Red dirt blue boy),,Mixed media on wood panel,48.5,67.0,15,False,10504100,3896656.1819251664,0.6290347405370126,0.3709652594629874
Jongheon Bae,Ethereal Mountain_30P2250023,,Oil on wood panel,90.9,65.1,30,False,13092000,6558360.022809478,0.4990559102650872,0.5009440897349128
Jongheon Bae,Ethereal Mountain_20P2250022,,Oil on wood panel,53.0,72.7,15,False,9134000,4435324.155393975,0.5144160110144542,0.4855839889855457
Jongheon Bae,Ethereal Mountain_20P2250021,,Oil on wood panel,72.7,53.0,15,False,9134000,4435324.155393975,0.5144160110144542,0.4855839889855457
Jongheon Bae,"Trying Nothing_Concrete Cracks, Peeling Paint and City Dust",,Oil on birch plywood,27.7,31.9,3,False,6546000,1215367.8912071586,0.814334266543361,0.18566573345663895
Jongheon Bae,"Trying Nothing_Concrete Cracks, Plasterer's Trowel, City Dust and Uneven Spotty Cement Surface",,Oil on birch plywood,25.4,17.9,2,False,3805800,1467509.4804544921,0.6144018391784928,0.3855981608215072
Jongheon Bae,"Trying Nothing_Concrete Cracks, Plasterer's Trowel, City Dust and Uneven Spotty Cement Surface",,Oil on birch plywood,18.3,21.9,1,False,3805800,1165064.3278226594,0.6938713732138685,0.3061286267861315
Jongheon Bae,"Trying Nothing_Concrete Cracks, Plasterer's Trowel, and Unknown Native City Plants",,Oil on birch plywood,31.9,12.2,1,False,3805800,1506994.4795121213,0.604026885408555,0.39597311459144496
Jongheon Bae,Ethereal Mountain_30P2250024,,Oil on wood panel,65.1,90.9,30,False,13092000,6558360.022809478,0.4990559102650872,0.5009440897349128
Jongheon Bae,A Garden without Doing Anything,,Oil on birch plywood,25.7,13.1,1,False,3805800,1424549.5721276507,0.62568984914403,0.37431015085597
Seokwoo Chung,Watchtower#2,2023.0,Oil on canvas,80.3,116.8,50,False,7500000,12877141.970714867,0.7169522627619823,1.7169522627619822
Seokwoo Chung,Ridge#18,2021.0,Oil on canvas,61.0,61.0,15,False,3000000,3926151.683101097,0.3087172277003657,1.3087172277003658
Seokwoo Chung,Corte,2015.0,Oil on canvas,112.2,145.5,80,False,12000000,26051284.798143182,1.1709403998452652,2.170940399845265
Seokwoo Chung,Vessel,2019.0,Oil on canvas,30.0,30.0,3,False,1000000,1667831.2274947597,0.6678312274947598,1.6678312274947598
Seokwoo Chung,Reverse,2019.0,Oil on canvas,148.0,148.0,100,False,18000000,24572471.33370838,0.3651372963171322,1.3651372963171322
Seokwoo Chung,Ridge Landscape #30,,Oil on canvas,45.5,45.5,8,False,1000000,2469334.728107768,1.4693347281077682,2.469334728107768
Seokwoo Chung,Twin Occurrences,2022.0,Oil on canvas,112.0,162.0,80,False,15000000,24310579.12005628,0.6207052746704186,1.6207052746704187
Seokwoo Chung,Upliftwind#3,2023.0,Oil on canvas,112.2,162.2,80,False,15000000,24392196.987693794,0.6261464658462529,1.626146465846253
GBDAY,Portrait,2023.0,Graphite on Cotton Rag Paper,37.0,37.0,6,False,1446300,1586231.299605412,0.09675122699675859,1.0967512269967585
GBDAY,Mélange,2023.0,Graphite on Cotton Rag Paper,28.0,28.0,3,False,1446300,1055419.1734706762,0.27026261946299096,0.7297373805370091
GBDAY,Mélange,2023.0,Graphite on Cotton Rag Paper,28.0,28.0,3,False,1446300,1055419.1734706762,0.27026261946299096,0.7297373805370091
GBDAY,Wanted,2023.0,Graphite on Cotton Rag Paper,28.0,28.0,3,False,1446300,1055419.1734706762,0.27026261946299096,0.7297373805370091
GBDAY,To Reach You,2023.0,Graphite on Cotton Rag Paper,28.0,28.0,3,False,1446300,1055419.1734706762,0.27026261946299096,0.7297373805370091
Yunseob Kim,Zombie Portrait-Narcissus,2016.0,Oil on canvas,73.0,90.0,30,True,6469900,4914912.270056449,0.2403418491697787,0.7596581508302214
Yunseob Kim,Lucifer,2022.0,Oil on canvas,259.0,194.0,200,True,32729900,27842776.573586408,0.1493167845429895,0.8506832154570105
Yunseob Kim,Today's Contemporary Art Series Summer-Autumn 2,2022.0,Oil on canvas,129.0,194.0,120,True,16441100,14374146.550151302,0.12571868365551567,0.8742813163444844
Yunseob Kim,The Painter,2018.0,Oil on canvas,73.0,117.0,50,True,7611600,8421476.593312372,0.1064003091744668,1.1064003091744667
Yunseob Kim,Contemporary art and a lion,2019.0,Oil on canvas,91.0,113.0,50,True,9742900,7871576.522857073,0.19207047974863,0.80792952025137
Yunseob Kim,Old school - Rodin,2019.0,Oil on canvas,129.0,194.0,120,True,21738800,14427543.17631857,0.336322925997821,0.663677074002179
Jinhyung Lee,Paint2,,Oil on canvas,112.1,162.2,80,False,10564900,23178177.58659768,1.1938851845826919,2.1938851845826917
Jinhyung Lee,untitled(0909),,Oil on canvas,50.0,72.7,15,False,2237900,4178079.170985564,0.866964194550947,1.866964194550947
Jinhyung Lee,A Scribble,,Oil on canvas,193.9,130.3,120,False,12422200,29623724.636077132,1.3847405963579023,2.384740596357902
Jinhyung Lee,untitled(0129),,Oil on canvas,50.0,72.7,15,False,2237900,4178079.170985564,0.866964194550947,1.866964194550947
Jinhyung Lee,untitled(0505),,Oil on canvas,162.2,112.1,80,False,10564900,23178177.58659768,1.1938851845826919,2.1938851845826917
Jinhyung Lee,Palette,,Oil on canvas,80.3,53.0,20,False,2862000,5328845.899064963,0.8619307823427543,1.8619307823427542
Jinhyung Lee,Paint1,,Oil on canvas,112.1,162.2,80,False,10564900,23178177.58659768,1.1938851845826919,2.1938851845826917
Jinhyung Lee,Paint3,,Oil on canvas,112.1,162.2,80,False,10564900,23178177.58659768,1.1938851845826919,2.1938851845826917
Jinhyung Lee,Headless,,Oil on canvas,80.3,53.0,20,False,2862000,5328845.899064963,0.8619307823427543,1.8619307823427542
Chu Mirim,Drive007,2023.0,Acrylic on paper,39.3,26.8,4,False,1674600,1579694.4058463955,0.056673590202797365,0.9433264097972026
Chu Mirim,4 spots,2021.0,"Paper collage, Acrylic on paper mounted panel",25.0,25.0,3,False,1674600,1310882.1434520176,0.2171968568899931,0.7828031431100069
Chu Mirim,Lights(B/W),2023.0,Acrylic on paper panel,52.0,31.2,8,False,3958100,2340986.3897771477,0.4085580481096618,0.5914419518903382
Chu Mirim,"Soft Snow(35.01, 135.77)",2021.0,"Paper collage, Acrylic on paper mounted panel",24.0,24.0,2,False,1674600,1257370.9134478297,0.24915149083492794,0.7508485091650721
Chu Mirim,New grid 003,2023.0,Acrylic on paper panel,100.0,100.0,50,False,8677300,9141090.477168588,0.0534487083734097,1.0534487083734096
Chu Mirim,Scrolling,2023.0,Acrylic on paper panel,70.0,70.0,25,False,7307200,5635721.310421447,0.2287440729114507,0.7712559270885493
Chu Mirim,Fish shape,2021.0,"Paper collage, Acrylic on paper mounted panel",25.0,25.0,3,False,1674600,1310882.1434520176,0.2171968568899931,0.7828031431100069
ROKKAN KIM,Light of space race 1,2026.0,"LED light, LED dimmer, steel frame, PC, pigment print",60.5,80.5,25,False,3800000,6829597.27639923,0.797262441157692,1.797262441157692
ROKKAN KIM,Orb Halos 4,2026.0,"acrylic panel, LED light, LED dimmer, steel frame",25.0,60.0,6,False,1600000,2861592.8519400423,0.7884955324625265,1.7884955324625265
ROKKAN KIM,Orb Halos 2,2026.0,"acrylic panel, LED light, LED dimmer, steel frame",60.0,25.0,6,False,1600000,2861592.8519400423,0.7884955324625265,1.7884955324625265
ROKKAN KIM,Space oddity 28,2026.0,"LED light, aluminum frame, LED dimmer, USB video",60.0,60.0,15,False,2800000,3436198.331876091,0.22721368995574687,1.2272136899557469
ROKKAN KIM,Light of space race 3,2026.0,"LED light, LED dimmer, steel frame, PC, pigment print",100.5,80.5,40,False,6800000,7733254.425693168,0.13724329789605416,1.1372432978960543
ROKKAN KIM,Orb Halos 3,2026.0,"acrylic panel, LED light, LED dimmer, steel frame",25.0,60.0,6,False,1600000,2861592.8519400423,0.7884955324625265,1.7884955324625265
ROKKAN KIM,Orb Halos 1,2026.0,"acrylic panel, LED light, LED dimmer, steel frame",60.0,25.0,6,False,1600000,2861592.8519400423,0.7884955324625265,1.7884955324625265
ROKKAN KIM,Light of space race 4,2026.0,"LED light, LED dimmer, steel frame, PC, pigment print",100.5,80.5,40,False,6800000,7733254.425693168,0.13724329789605416,1.1372432978960543
Hyundoo Jung,Forest and Body_Mass,2018.0,Oil on canvas,112.1,162.0,80,False,8829500,28417155.08934743,2.2184331037258542,3.2184331037258542
Hyundoo Jung,Forest and Body_Mass,2017.0,Oil on canvas,130.0,193.9,120,False,9600000,38162767.26530101,2.975288256802189,3.975288256802189
Woolim Lee,A Walk,2024.0,Oil on canvas,61.0,73.0,20,False,4000000,7436526.5991311185,0.8591316497827797,1.8591316497827797
Woolim Lee,A Walk,2024.0,Oil on canvas,73.0,61.0,20,False,5000000,7436526.5991311185,0.4873053198262237,1.4873053198262236
Woolim Lee,In the Woods,2024.0,Oil on canvas,61.0,73.0,20,False,5000000,7436526.5991311185,0.4873053198262237,1.4873053198262236
Woolim Lee,A Walk,2024.0,Oil on canvas,73.0,61.0,20,False,5000000,7436526.5991311185,0.4873053198262237,1.4873053198262236
Woolim Lee,A Walk,2024.0,Oil on canvas,73.0,61.0,20,False,5000000,7436526.5991311185,0.4873053198262237,1.4873053198262236
Woolim Lee,A Walk,2024.0,Oil on canvas,61.0,73.0,20,False,5000000,7436526.5991311185,0.4873053198262237,1.4873053198262236
Woolim Lee,A Walk,2024.0,Oil on canvas,73.0,61.0,20,False,5000000,7436526.5991311185,0.4873053198262237,1.4873053198262236
Woolim Lee,A Walk,2024.0,Oil on canvas,73.0,61.0,20,False,5000000,7436526.5991311185,0.4873053198262237,1.4873053198262236
Heejoon Lee,Utopia,2023.0,Hybrid printing on paper Artistic Rag Art 305gsm,45.5,45.5,8,False,800000,2563270.4604442967,2.204088075555371,3.204088075555371
Heejoon Lee,The Orbit of a Red Comet,2023.0,Hybrid printing on paper Artistic Rag Art 305gsm,45.5,45.5,8,False,800000,2563270.4604442967,2.204088075555371,3.204088075555371
Heejoon Lee,Floating Lane,2021.0,Acrylic and photo-collage on canvas,260.0,260.0,300,False,76116000,49654367.347184606,0.3476487552264359,0.6523512447735641
Joonun Kim,Leather boots and ants,2021.0,Acrylic on paper,36.0,33.4,5,False,950000,1646326.3239990636,0.7329750778937512,1.7329750778937512
Joonun Kim,The flowers soon revived in water,2020.0,Acrylic and gouache on paper,29.4,20.8,2,False,850000,1559311.413851944,0.8344840162964048,1.8344840162964047
Joonun Kim,City without dog,2021.0,Mixed media on canvas,72.7,60.6,20,False,1900000,4033775.97632843,1.123039987541279,2.123039987541279
Joonun Kim,"Vase, Flower, Picture Frame",2020.0,Mixed media on canvas,90.9,90.9,50,False,2400000,9837068.182421401,3.0987784093422506,4.09877840934225
Joonun Kim,Mother's hand,2019.0,Acrylic and gouache on canvas,15.8,22.5,1,False,850000,1683695.6686327625,0.980818433685603,1.980818433685603
Joonun Kim,Dog with a bent back,2018.0,Acrylic and gouache on canvas,22.7,15.7,1,False,850000,1752110.2537586046,1.061306180892476,2.061306180892476
Joonun Kim,Leather,2022.0,Mixed media on canvas,73.5,43.5,15,False,1900000,4821105.309759234,1.5374238472417021,2.537423847241702
Genesis Kai,Every Shade Of Crimson Tells The Stories We Once Knew I,2025.0,"Digital art, drawing, AI, Hanji paper",110.0,110.0,60,False,24783400,10681155.891891586,0.5690197514509072,0.4309802485490928
Genesis Kai,"Even Here, The Mountain Watches",2026.0,"Digital art, drawing, AI, Hanji paper",110.0,110.0,60,False,24783400,10676920.105697902,0.5691906636822267,0.43080933631777324
Genesis Kai,They Played So The Past Would Stay,2026.0,"Digital art, drawing, AI, Hanji paper",100.0,130.0,60,False,28132500,13910626.219266953,0.5055318148309978,0.49446818516900215
Genesis Kai,This Is How The Mountain Remembers Us,2026.0,"Digital art, drawing, AI, Hanji paper",150.0,180.0,120,False,34328400,18378679.548855428,0.4646217257764583,0.5353782742235417
Genesis Kai,Before The Ache Had A Name,2026.0,"Digital art, drawing, AI, Hanji paper",100.0,130.0,60,False,28132500,13910626.219266953,0.5055318148309978,0.49446818516900215
Genesis Kai,"They Carried Us, So We Let Them Burn",2026.0,"Digital art, drawing, AI, Hanji paper",150.0,180.0,120,False,34328400,18378679.548855428,0.4646217257764583,0.5353782742235417
Genesis Kai,Those Who Sat to Learn the Current And Those Who Were the River,2026.0,"Digital art, drawing, AI, Hanji paper",110.0,110.0,60,False,24783400,10676920.105697902,0.5691906636822267,0.43080933631777324
Park Kyung Ryul,Untitled,2023.0,Oil on canvas,18.5,26.0,2,False,2588000,1577493.8254116129,0.39045833639427635,0.6095416636057237
Park Kyung Ryul,18:02,2022.0,Oil on canvas,140.4,112.4,80,False,23139300,19277845.804502383,0.16687860892497255,0.8331213910750275
Park Kyung Ryul,Untitled,2023.0,Oil on canvas,32.0,41.5,6,False,3349200,2589162.10163081,0.22693117710772417,0.7730688228922759
Park Kyung Ryul,Picture 2-14,2022.0,Oil on canvas,41.0,32.0,6,False,3349200,2461307.6788080526,0.2651057927839327,0.7348942072160672
Park Kyung Ryul,Picture 2-7,2022.0,Oil on canvas,70.0,70.0,25,False,11113000,5802047.532702263,0.47790447829548605,0.5220955217045139
Park Kyung Ryul,Hanging from a pull-up bar,2022.0,Oil on canvas,32.0,41.0,6,False,3349200,2461307.6788080526,0.2651057927839327,0.7348942072160672
Park Kyung Ryul,Untitled,2024.0,Oil on birch,17.9,12.8,0,False,2588000,1625205.2380757139,0.3720227055348865,0.6279772944651135
Jiyoung Yoo,Day-Hour-Minute_20 Hours 40 Minutes,2023.0,"Oil, acrylic, and colored pencil on birch plywood",150.0,150.0,100,False,8500000,13558848.159204163,0.5951586069651956,1.5951586069651955
Jiyoung Yoo,Long-Distance Relationship_Wish You Were Here,2023.0,Oil and acrylic on birch plywood,78.0,76.5,30,False,9000000,4984828.901232473,0.4461301220852808,0.5538698779147192
Jiyoung Yoo,May,2023.0,"Oil and acrylic on wood, plaster",63.0,60.5,15,False,2500000,3113231.9014614923,0.24529276058459692,1.245292760584597
Jiyoung Yoo,오후 8:00,2021.0,"Oil on canvas, painted wood, soap, clay, jesmonite, hook, painted plaster",140.0,200.0,120,False,10000000,17394796.069140002,0.7394796069140002,1.7394796069140002
Jiyoung Yoo,April,2023.0,"Oil and acrylic on wood, plaster",63.0,60.5,15,False,2500000,3113231.9014614923,0.24529276058459692,1.245292760584597
Jiyoung Yoo,오전 8:00,2021.0,"Oil on canvas, painted wood,soap, clay, jesmonite, hook, painted plaster",140.0,200.0,120,False,10000000,17394796.069140002,0.7394796069140002,1.7394796069140002
Jiyoung Yoo,March,2023.0,"Oil and acrylic on wood, plaster",63.0,60.5,15,False,2500000,3113231.9014614923,0.24529276058459692,1.245292760584597
KeunWook Ji,Inter-wave 025,2024.0,"Colored Pencil, Acrylic and UV print on Canvas",72.0,100.0,40,False,6393800,8269262.3300318625,0.29332514780441404,1.293325147804414
KeunWook Ji,Frequency C3 – 004,2022.0,"Colored Pencil, Acrylic and UV print on Canvas",34.0,50.0,8,False,1674600,3584702.3771371916,1.1406320178772194,2.1406320178772194
KeunWook Ji,Inter-wave 019,2023.0,"Colored Pencil, Acrylic and UV print on Canvas",50.0,50.0,10,False,2131300,3039180.648069912,0.42597506126303764,1.4259750612630375
KeunWook Ji,Inter-wave 017,2023.0,"Colored Pencil, Acrylic and UV print on Canvas",74.0,50.0,15,False,3653600,4981608.162576562,0.36347935257733793,1.3634793525773379
KeunWook Ji,Frequency C3 – 008,2022.0,"Colored Pencil, Acrylic and UV print on Canvas",100.0,50.0,25,False,5937100,8437042.56073914,0.42107132450845347,1.4210713245084534
KeunWook Ji,Inter-wave 018,2023.0,"Colored Pencil, Acrylic and UV print on Canvas",110.0,50.0,25,False,5937100,8324988.544397406,0.4021977976448782,1.4021977976448783
KeunWook Ji,Inter-wave 026,2024.0,"Colored Pencil, Acrylic and UV print on Canvas",72.0,100.0,40,False,6393800,8269262.3300318625,0.29332514780441404,1.293325147804414
Frédéric Bruly Bouabré,Untitled,2004.0,Painting,23.0,32.0,3,False,4262500,3793672.2985860244,0.10998890355753092,0.8900110964424691
Frédéric Bruly Bouabré,Untitled,2004.0,Painting,23.0,32.0,3,False,4262500,3793672.2985860244,0.10998890355753092,0.8900110964424691
Frédéric Bruly Bouabré,Untitled,2004.0,Painting,23.0,32.0,3,False,4262500,3793672.2985860244,0.10998890355753092,0.8900110964424691
Frédéric Bruly Bouabré,Untitled,2004.0,Painting,23.0,32.0,3,False,4262500,3793672.2985860244,0.10998890355753092,0.8900110964424691
Frédéric Bruly Bouabré,Untitled,2004.0,Painting,23.0,32.0,3,False,4262500,3793672.2985860244,0.10998890355753092,0.8900110964424691
Frédéric Bruly Bouabré,Untitled,2004.0,Painting,23.0,32.0,3,False,4262500,3793672.2985860244,0.10998890355753092,0.8900110964424691
Frédéric Bruly Bouabré,Untitled,2004.0,Painting,23.0,32.0,3,False,4262500,3793672.2985860244,0.10998890355753092,0.8900110964424691
SAMBYPEN,Costumes,2024.0,"Acrylic, Spray Paint and Wood on Canvas",91.0,116.8,50,False,16745600,8172517.336519159,0.5119603157534421,0.48803968424655786
SAMBYPEN,ART,2024.0,"Acrylic, Spray Paint and Wood on Canvas",100.0,80.3,40,False,13396500,6503879.200910567,0.5145090731974346,0.4854909268025654
SAMBYPEN,Dalmatian 2,2024.0,"Acrylic, Spray Paint and Wood on Canvas",60.6,72.7,20,False,6698300,3900468.241382885,0.4176928114024626,0.5823071885975374
SAMBYPEN,Friendship,2022.0,"Acrylic, Spray Paint and Wood on Canvas",116.8,91.0,50,False,16000000,7905491.500589529,0.5059067812131545,0.4940932187868456
SAMBYPEN,Bomb,2022.0,"Acrylic, Spray Paint and Wood on Canvas",60.6,60.6,15,False,5000000,3394176.307574549,0.32116473848509014,0.6788352615149098
SAMBYPEN,Dali,2022.0,"Acrylic, Spray Paint and Wood on Canvas",130.3,162.2,100,False,25000000,13109231.840505803,0.4756307263797679,0.5243692736202321
SAMBYPEN,Bombie Face 5,2023.0,"Acrylic, Spray Paint and Wood on Canvas",80.3,100.0,40,False,9000000,6474434.496696836,0.2806183892559071,0.7193816107440929
Kim Jeongyeon,No01,2025.0,Painting,53.0,45.5,10,False,1500000,2599154.1295320224,0.7327694196880149,1.732769419688015
Kim Jeongyeon,Trojam Horse X,2025.0,Painting,72.7,90.9,40,False,4500000,6877957.891913544,0.5284350870918988,1.5284350870918988
Kim Jeongyeon,Blues,2025.0,Painting,72.7,90.9,40,False,4500000,6877957.891913544,0.5284350870918988,1.5284350870918988
Kim Jeongyeon,Bloom12,2025.0,Painting,72.7,90.9,40,False,4500000,6877957.891913544,0.5284350870918988,1.5284350870918988
Kim Jeongyeon,Composition pattern No02,2025.0,Painting,45.5,53.0,10,False,1500000,2599154.1295320224,0.7327694196880149,1.732769419688015
Kim Jeongyeon,Composition No19,2025.0,Painting,162.2,130.3,100,False,15000000,21045116.36110193,0.4030077574067953,1.4030077574067952
Kim Jeongyeon,No Tears Left 5cm 2,2025.0,Painting,65.1,90.9,30,False,4500000,7373622.654929671,0.6385828122065936,1.6385828122065937
ALEX CHO,Untitled,2023.0,acrylic on canvas,24.2,33.4,3,False,500000,1794727.1276470805,2.589454255294161,3.589454255294161
ALEX CHO,Untitled,2023.0,acrylic on linen,31.6,40.5,6,False,500000,2480038.5073316107,3.9600770146632214,4.960077014663221
ALEX CHO,Untitlted (asparagus),2024.0,acrylic on linen,23.2,33.4,3,False,500000,1950944.3510964266,2.901888702192853,3.901888702192853
ALEX CHO,Untitled,2024.0,acrylic on canvas,91.0,116.8,50,False,2500000,11899149.020492615,3.759659608197046,4.759659608197046
ALEX CHO,Untitled,2024.0,acrylic on linen,27.3,35.0,4,False,650000,2081934.8237960802,2.2029766519939695,3.2029766519939695
ALEX CHO,Untitled,2023.0,acrylic on canvas,91.0,116.8,50,False,2500000,11839522.75318884,3.7358091012755357,4.735809101275536
ALEX CHO,Untitled,2023.0,acrylic on canvas,37.8,45.5,8,False,650000,2426204.443200683,2.7326222203087434,3.7326222203087434
Glen Wilson,Element Series No. 2 (Origin),2022.0,"Archival print on dibond, crash cymbal, timpani mallets, and solid walnut base",5.6,10.7,0,False,27401800,1755994.9859190972,0.9359168015999279,0.06408319840007215
Glen Wilson,Tidescape (Pacific Frequency #2),2024.0,"Archival print on dibond, jazz flat cymbal, timpani mallets, solid walnut base",5.1,10.7,0,False,27401800,1755907.3963497162,0.9359199980895518,0.06408000191044808
Glen Wilson,Equivalents (Ethereal Observation #1),2024.0,"Salvaged steel gate, chain link mesh, and UV print on synthetic resin",161.3,188.0,150,False,42625000,23826566.784791164,0.44101896106061783,0.5589810389393821
Glen Wilson,Resonant Alignment (An Elliptical Pull),2024.0,"Archival print on dibond, jazz flat cymbal, timpani mallets, solid walnut base",7.1,14.2,0,False,38058000,1755907.3963497162,0.953862331274641,0.04613766872535909
Glen Wilson,Traveling,2024.0,"Archival print on dibond, jazz flat cymbal, timpani mallets, solid walnut base",5.1,10.6,0,False,33491100,1755907.3963497162,0.9475709249218534,0.05242907507814662
Glen Wilson,Wavelength Constellation #1,2024.0,"Archival print on dibond, jazz flat cymbal, timpani mallets, solid walnut base",7.1,10.7,0,False,30446400,1666296.6555226215,0.945271143533468,0.054728856466532055
Glen Wilson,Wavelength Constellation #2,2024.0,"Archival print on dibond, jazz flat cymbal, timpani mallets, solid walnut base",7.1,10.7,0,False,30446400,1666296.6555226215,0.945271143533468,0.054728856466532055
WU YIMAN,3 Three,,"Watercolor, mud, Mineral pigments",65.0,53.0,15,False,2291600,3241059.1677026297,0.41432150798683437,1.4143215079868343
WU YIMAN,オリエント Orient,,Mixed materials,53.0,73.0,15,False,1636900,4534793.398442925,1.7703545717166136,2.770354571716614
WU YIMAN,卷卷 Curly,,"Mineral pigments, Japanese paper",18.0,18.0,1,False,545700,1032418.8592081051,0.8919165461024466,1.8919165461024468
WU YIMAN,星を喰べる人The One Who Eats Stars,,"Watercolor, mud, Mineral pigments",53.0,73.0,15,False,1636900,4802012.924991606,1.9336018846549,2.9336018846549
WU YIMAN,星纹盔甲 Starbound Armor,,"Watercolor, mud, mineral pigments",53.0,65.0,15,False,2400700,3241059.1677026297,0.35004755600559406,1.350047556005594
WU YIMAN,请不要看穿我 Please Don’t See Through Me,,"Watercolor, mud, Mineral pigments",41.0,61.0,10,False,1418600,4049917.011177919,1.854868892695558,2.854868892695558
WU YIMAN,隐面之花 Blossom Behind the Mask,,"Watercolor, mud, mineral pigments",55.0,65.0,15,False,2400700,3098667.0769013334,0.2907348177203871,1.2907348177203872
Joohyun Kim,Mist over Moss,2025.0,Acrylic on canvas,91.0,91.0,50,True,3000000,9478160.43741776,2.159386812472587,3.159386812472587
Joohyun Kim,Ember Flow,2025.0,Acrylic on canvas,46.0,65.0,12,True,2500000,2552540.5523122363,0.02101622092489451,1.0210162209248945
Joohyun Kim,Density of Warmth,2025.0,Acrylic on canvas,130.0,162.0,100,True,7000000,21505588.61227963,2.072226944611376,3.072226944611376
Joohyun Kim,Red Depth,2025.0,Acrylic on canvas,116.7,72.7,50,True,3500000,8470699.442003805,1.4201998405725158,2.420199840572516
Joohyun Kim,Trail,2023.0,Acrylic on canvas,26.8,22.0,2,True,1000000,1279333.240242056,0.2793332402420561,1.279333240242056
Joohyun Kim,Wood Grain,2023.0,Acrylic on canvas,162.3,96.6,80,True,7000000,16395138.605594667,1.3421626579420953,2.342162657942095
Joohyun Kim,Snowscape,2024.0,Acrylic on canvas,29.5,19.5,2,True,1000000,1044975.2365644064,0.044975236564406426,1.0449752365644065
Young Jae,With You (feat. On the Way to the Bean Field #2602),2026.0,Mixed media on Hanji,30.0,48.0,6,True,960000,1470293.4388040104,0.5315556654208442,1.5315556654208442
Young Jae,Drifting Togeher (feat. Ukiyo-e Waves),2026.0,Mixed media on Hanji,67.0,93.0,30,True,3600000,3341746.4833738017,0.07173708795172175,0.9282629120482783
Young Jae,With You (feat. On the Way to the Bean Field #2601),2026.0,Mixed media on Hanji,30.0,48.0,6,True,960000,1470293.4388040104,0.5315556654208442,1.5315556654208442
Young Jae,Night of Waiting #2502,2025.0,Mixed media on Hanji,24.0,41.0,4,True,720000,985448.1801502479,0.3686780279864554,1.3686780279864554
Young Jae,With You (feat. Riverside Night),2025.0,Mixed media on Hanji,120.0,30.0,15,True,3600000,4147404.3568898193,0.15205676580272756,1.1520567658027276
Young Jae,"If You Come, I’ll Be Happy #2502-1",2025.0,Mixed media on Hanji,23.0,63.0,6,True,1200000,1973794.0054371664,0.6448283378643054,1.6448283378643054
Jaeyeon Leem,Unattainable World,2023.0,Oil on canvas,72.2,90.9,30,True,2100000,2409064.072740791,0.1471733679718052,1.1471733679718052
Jaeyeon Leem,Clash2,2023.0,Oil on canvas,33.4,53.0,8,True,700000,720032.0544940245,0.028617220705749267,1.0286172207057493
Jaeyeon Leem,Putti,2023.0,Oil on canvas,116.8,91.0,50,True,3000000,3242189.0755627267,0.08072969185424224,1.0807296918542422
Jaeyeon Leem,Clash1,2023.0,Oil on canvas,33.4,53.0,8,True,700000,720032.0544940245,0.028617220705749267,1.0286172207057493
Jaeyeon Leem,Wings of Mirage,2023.0,Oil on canvas,116.8,91.0,50,True,3000000,3242189.0755627267,0.08072969185424224,1.0807296918542422
Jaeyeon Leem,Putto,2023.0,Oil on canvas,33.4,53.0,8,True,700000,720032.0544940245,0.028617220705749267,1.0286172207057493
Annette Hur,Shadow_05,2023.0,Oil on canvas,40.6,40.6,8,False,6500000,2588736.6663539107,0.6017328205609368,0.3982671794390632
Annette Hur,Reflection_02,2023.0,Oil on canvas,203.0,154.9,150,False,32000000,37694264.974780254,0.17794578046188295,1.177945780461883
Annette Hur,Unwind_00,2024.0,Oil on canvas,56.0,56.0,15,False,9500000,3331278.893150825,0.6493390638788605,0.35066093612113947
Annette Hur,Gleam_00,2024.0,Oil on canvas,51.0,51.0,12,False,8500000,3082453.005519556,0.6373584699388758,0.3626415300611242
Annette Hur,Nocturnal Reflection(Reflection_03),2023.0,Oil on canvas,129.5,152.4,100,False,25000000,20440480.39952148,0.18238078401914076,0.8176192159808593
Annette Hur,The Brightest Stone,2024.0,Oil on canvas,40.6,50.8,8,False,8000000,3011581.556366388,0.6235523054542015,0.3764476945457985
Soyoung Seo,P,2022.0,Acryilc on canvas,90.0,130.5,60,True,3000000,7020012.459389902,1.3400041531299673,2.3400041531299673
Soyoung Seo,Weightless,2022.0,Acryilc on canvas,72.7,100.0,40,True,2500000,5154252.99466994,1.0617011978679762,2.061701197867976
Soyoung Seo,Chess,2022.0,Acryilc on canvas,91.0,73.0,40,True,1800000,4340200.282970248,1.4112223794279155,2.4112223794279153
Phatcharaphan Raiva,53%,,Watercolor in Archival paper,115.0,160.0,80,False,50236600,19836198.67910865,0.6051444827255696,0.3948555172744304
Phatcharaphan Raiva,25%,,Watercolor on Archival paper,115.0,160.0,80,False,50236600,19836198.67910865,0.6051444827255696,0.3948555172744304
Phatcharaphan Raiva,55%,,Watercolor in Archival paper,115.0,160.0,80,False,50236600,19836198.67910865,0.6051444827255696,0.3948555172744304
Phatcharaphan Raiva,92%,,Watercolor on Archival paper,115.0,115.0,60,False,43842900,11626659.357645845,0.7348108962307273,0.2651891037692727
Phatcharaphan Raiva,45%,,Watercolor in Archival paper,115.0,160.0,80,False,50236600,19836198.67910865,0.6051444827255696,0.3948555172744304
Phatcharaphan Raiva,89%,,Watercolor on Archival paper,115.0,115.0,60,False,47953100,11626659.357645845,0.7575410274279276,0.2424589725720724
Sang-A Han,Flesh 2,,"Ink on cotton fabric, thread, cotton stuffing, stainless steel frame",80.0,230.0,80,False,10656300,13060603.674831849,0.2256227466223594,1.2256227466223595
Sang-A Han,Body 1,,"Ink on cotton fabric, thread, cotton stuffing",50.0,215.0,50,False,7611600,6177462.206035039,0.1884147608866678,0.8115852391133322
Sang-A Han,Mutual 1,,"Ink on cotton fabric, thread, cotton stuffing, stianless steel frame",40.0,80.0,15,False,4567000,3010028.8254350955,0.34091770846614944,0.6590822915338506
Sang-A Han,Body 2,,"Ink on cotton fabric, thread, cotton stuffing, stianless steel frame",100.0,92.0,50,False,3805800,6521928.056726573,0.7136812383011648,1.7136812383011648
Sang-A Han,Flesh 1,,"Ink on cotton fabric, thread, cotton stuffing, stainless steel frame",80.0,230.0,80,False,10656300,13060603.674831849,0.2256227466223594,1.2256227466223595
Sang-A Han,Small Void Pagoda 2,,"Ink on cotton fabric, thread, cotton stuffing, wire",40.0,120.0,20,False,5328200,4127643.0704700444,0.22532129603429968,0.7746787039657003
Seo Yeon,A Tiny Comfort,2026.0,Mixed media on Muslin,33.4,45.5,6,False,800000,2813606.800246476,2.517008500308095,3.517008500308095
Seo Yeon,My Place to Breathe 30,2026.0,Mixed media on Muslin,37.0,53.0,8,False,900000,3430648.2691006092,2.811831410111788,3.811831410111788
Seo Yeon,Beyond the dawn,2026.0,Mixed media Muslin,45.5,33.4,6,False,800000,2813606.800246476,2.517008500308095,3.517008500308095
Seo Yeon,Even though I knew it was only just a Tangerine warehouse 2,2026.0,Mixed media on Muslin,80.5,117.0,50,False,3500000,12660088.147359384,2.6171680421026813,3.6171680421026813
Seo Yeon,The Rain Approaches 5,2026.0,Mixed media on Muslin,120.0,50.0,30,False,3000000,8666700.616292045,1.8889002054306816,2.8889002054306814
Seo Yeon,Tangerine warehouse 38,2026.0,Mixed media Muslin,45.5,33.4,6,False,800000,2813606.800246476,2.517008500308095,3.517008500308095
Taein Yun,Bench,,"Wood(cherry), Ottchil",200.0,38.0,40,False,8200000,6817244.480428143,0.1686287218990069,0.8313712781009931
Taein Yun,Bookshelf,,"Wood(Spruce), Ottchil",120.0,89.0,50,False,7600000,9802474.804273507,0.2897993163517772,1.2897993163517771
Taein Yun,Mirror,,"Aluminum, Wax",20.0,80.0,8,False,1200000,3156091.1636082004,1.6300759696735003,2.6300759696735003
Taein Yun,Stool 01,,"Wood(cherry), Ottchil",34.0,50.0,8,False,3200000,2929066.5279769693,0.08466671000719711,0.915333289992803
Taein Yun,Stool 02,,"Wood(ash), Ottchil",62.0,54.5,15,False,3500000,2817376.2778693796,0.19503534918017726,0.8049646508198227
Taein Yun,Sculpture,,"Aluminum, Wax",50.0,60.0,12,False,1100000,2801729.6544677583,1.5470269586070529,2.547026958607053
Chansong Kim,Nuance,2023.0,Oil on canvas,162.2,130.3,100,True,9864700,11407445.796551408,0.1563905437115582,1.1563905437115582
Chansong Kim,Nuance,2022.0,Oil on canvas,91.0,65.0,30,True,2968600,3998425.622591364,0.34690615865773905,1.346906158657739
Daniel Wheedong Kim,"1, 2, 3, 4",2026.0,Acrylic on Aluminum Panel,120.0,29.4,15,False,4262500,4403109.445656533,0.032987553233204306,1.0329875532332042
Daniel Wheedong Kim,Gas Stove,2026.0,Acrylic on Aluminum Panel,58.8,49.0,12,False,2588000,2915322.4805809557,0.12647700177007565,1.1264770017700756
Daniel Wheedong Kim,Hallway,2026.0,Acrylic on Aluminum Panel,42.0,29.4,5,False,1294000,2235220.589220827,0.727372943756435,1.7273729437564351
Daniel Wheedong Kim,Train,2026.0,Acrylic on Aluminum Panel,49.0,58.8,12,False,2588000,2915322.4805809557,0.12647700177007565,1.1264770017700756
Daniel Wheedong Kim,Spring,2026.0,Acrylic on Aluminum Panel,42.0,29.4,5,False,1294000,2235220.589220827,0.727372943756435,1.7273729437564351
Dohyun Kim,DISPENSATION-2401,,charcoal on wood canvas,91.0,116.8,50,False,7916100,11161355.809131565,0.4099563938216501,1.4099563938216502
Dohyun Kim,INTROSPECTION-2312,2023.0,Paper and acrylic on wood,91.0,116.0,50,False,5000000,11288204.257130165,1.2576408514260329,2.257640851426033
Dohyun Kim,INTROSPECTION-2427,,charcoal on wood canvas,97.0,130.3,60,False,9362300,14685537.976021383,0.5685822902514749,1.5685822902514748
Dohyun Kim,BAMBOO-2201,2022.0,Acrylic on wood canvas,112.0,146.0,80,False,8000000,21776931.81524592,1.7221164769057398,2.72211647690574
Dohyun Kim,INTROSPECTION-2309,2023.0,Paper and acrylic on wood,72.7,90.9,40,False,4000000,6774438.791390767,0.6936096978476918,1.6936096978476918
Dohyun Kim,DISPENSATION-2404,2024.0,Charcoal on wood canvas,91.0,116.8,50,False,7500000,11098404.34649122,0.4797872461988293,1.4797872461988293
Hyun Jung Ahn,The Afternoon Sun Dives,2022.0,Acrylic on sewn cotton and linen,31.8,40.8,6,False,2283500,2621555.3055246253,0.14804261244783243,1.1480426124478325
Hyun Jung Ahn,The Layers of Clouds_Petit Contrast,2023.0,Acrylic on sewn canvas,31.8,40.8,6,False,2283500,2402682.635854492,0.0521929651213015,1.0521929651213016
Hyun Jung Ahn,Duologue in Double Yellow,2022.0,Acrylic on sewn cotton and linen,31.8,40.8,6,False,2283500,2621555.3055246253,0.14804261244783243,1.1480426124478325
Hyun Jung Ahn,Cream Cup,2022.0,Acrylic on sewn cotton and linen,31.8,40.8,6,False,2283500,2621555.3055246253,0.14804261244783243,1.1480426124478325
Hyun Jung Ahn,The Red by the Window at 6am,2022.0,Acrylic on sewn cotton and linen,31.8,40.8,6,False,2283500,2621555.3055246253,0.14804261244783243,1.1480426124478325
Hyun Jung Ahn,Petit Rendezvous_Contrast,2023.0,Acrylic on sewn canvas,31.8,40.8,6,False,2283500,2402682.635854492,0.0521929651213015,1.0521929651213016
Hwasu Yoo,Unrealistic space_Little star passage,2024.0,"Glitter powder, Fabric, Oil on acrylic canvas",72.7,60.6,20,False,3000000,3793534.0565802692,0.2645113521934231,1.264511352193423
Hwasu Yoo,Unrealistic space_Little star passage,2024.0,"Glitter powder, Fabric, Oil on acrylic canvas",72.7,60.6,20,False,3000000,3793534.0565802692,0.2645113521934231,1.264511352193423
Hwasu Yoo,Unrealistic space_A word of remark(An added words),2024.0,"Fabric, Oil on acrylic canvas",72.7,90.9,40,False,4500000,6922216.711883718,0.538270380418604,1.538270380418604
Hwasu Yoo,Unrealistic space_A word of remark(An added words),2024.0,"Fabric, Oil on acrylic canvas",72.7,90.9,40,False,4500000,6922216.711883718,0.538270380418604,1.538270380418604
Hwasu Yoo,Unrealistic space_A word of remark(An added words),2024.0,"Fabric, Oil on acrylic canvas",72.7,90.9,40,False,4500000,6922216.711883718,0.538270380418604,1.538270380418604
Hwasu Yoo,Unrealistic space_Little star passage,2024.0,"Glitter powder, Fabric, Oil on acrylic canvas",72.7,60.6,20,False,3000000,3793534.0565802692,0.2645113521934231,1.264511352193423
Praiva Raiva,12%,,Bronze,23.9,43.0,4,False,9134000,2200211.604983573,0.7591185017534954,0.2408814982465046
Praiva Raiva,9%,2024.0,Bronze,23.9,42.0,4,False,9134000,2271390.872315163,0.7513257201319069,0.24867427986809315
Praiva Raiva,17%,,Bronze,29.5,40.0,5,False,9134000,2110251.858408933,0.7689673901457266,0.23103260985427337
Praiva Raiva,35%,,Bronze,33.5,40.0,6,False,9134000,1845775.6520929944,0.7979225254989059,0.2020774745010942
Praiva Raiva,88%,,Bronze,29.5,40.0,5,False,9134000,2110251.858408933,0.7689673901457266,0.23103260985427337
Praiva Raiva,15%,,Bronze,26.9,42.3,5,False,9134000,2241772.116482502,0.7545684129097326,0.24543158709026733
Hee-myoung Lee,The Communer,2021.0,"Acrylic, Gouache on Canvas",60.0,72.0,20,False,2800000,4189924.2645158013,0.4964015230413576,1.4964015230413577
Hee-myoung Lee,Deep Silence,2016.0,"Acrylic, Gouache on Canvas",38.0,46.0,8,False,1200000,3136216.6208444713,1.613513850703726,2.613513850703726
Hee-myoung Lee,Green Breath,2018.0,"Acrylic, Gouache on Canvas",65.0,53.0,15,False,2100000,3662663.0116357054,0.7441252436360501,1.7441252436360501
Hee-myoung Lee,The Spider,2019.0,"Acrylic, Gouache on Paper (wood panel)",32.0,41.0,6,False,900000,2277925.9783910876,1.5310288648789863,2.5310288648789863
Hee-myoung Lee,The Time,2019.0,"Acrylic, Gouache on Canvas",41.0,32.0,6,False,900000,2682902.881183659,1.9810032013151768,2.981003201315177
Hee-myoung Lee,The Connection,2019.0,"Acrylic, Gouache on Canvas",65.0,53.0,15,False,1500000,3633784.875436046,1.4225232502906975,2.4225232502906975
Doyeon Kim,Piopiotahi (A piopio bird),,Oil on linen,38.0,54.0,8,False,2740200,3292315.834384338,0.20148742222623822,1.2014874222262382
Doyeon Kim,Apricot Flower,,Oil on linen,32.0,32.0,4,False,1370100,1595511.0414118299,0.1645215979941828,1.1645215979941828
Doyeon Kim,Purakanui (The Legendary Mythical),,Oil on linen,54.0,38.0,8,False,2740200,3198361.653162416,0.16720007779082405,1.167200077790824
Doyeon Kim,Hokitika (The Water of Green Jade),,Oil on linen,38.0,54.0,8,False,2740200,3292315.834384338,0.20148742222623822,1.2014874222262382
Doyeon Kim,Along with you,,Bronze,28.0,23.0,3,False,6089300,1303371.9012520865,0.7859570227691054,0.2140429772308946
Doyeon Kim,Living Together,,Oil on linen,120.0,170.0,100,False,9134000,24279033.65283563,1.6580943346656043,2.6580943346656043
Misol Lee,Relay of Remains(Work 40),2020.0,Oil on panel,32.0,32.0,4,False,500000,1879353.3624366543,2.7587067248733086,3.7587067248733086
Misol Lee,February 2022,2022.0,Oil on canvas,97.0,97.0,50,False,4000000,9927577.256260151,1.4818943140650378,2.4818943140650376
Misol Lee,Relay of Remains(Work 41),2020.0,Oil on panel,32.0,32.0,4,False,500000,1879353.3624366543,2.7587067248733086,3.7587067248733086
Misol Lee,Relay of Remains(Work 37),2020.0,Oil on panel,32.0,32.0,4,False,500000,1879353.3624366543,2.7587067248733086,3.7587067248733086
Misol Lee,Relay of Remains(Work 44),2020.0,Oil on panel,32.0,32.0,4,False,500000,1879353.3624366543,2.7587067248733086,3.7587067248733086
Misol Lee,March 2022,2022.0,Oil on canvas,97.0,97.0,50,False,4000000,9927577.256260151,1.4818943140650378,2.4818943140650376
Chris Measor,Bear Electrician,2023.0,Acrylic on panel,30.0,30.0,3,False,1800000,1479254.617567986,0.17819187912889667,0.8218081208711033
Chris Measor,Seagull Fishman,2023.0,Acrylic on Panel,41.0,41.0,8,False,2000000,2698383.9188334444,0.34919195941672215,1.349191959416722
Chris Measor,Rabbit Airport,2023.0,Acrylic on Panel,41.0,41.0,8,False,2000000,2698383.9188334444,0.34919195941672215,1.349191959416722
Chris Measor,Capybara Cinema Kiosk Clerk,2023.0,Acrylic on ppanel,30.0,30.0,3,False,1800000,1479254.617567986,0.17819187912889667,0.8218081208711033
Chris Measor,Lion train driver,2023.0,Acrylic on Panel,41.0,41.0,8,False,2000000,2698383.9188334444,0.34919195941672215,1.349191959416722
Joshua Kane Gomes,Parasocial XIII,,"Steel, emulsion coated foam, fabric & polyester fiber fill",69.0,138.0,50,False,13396500,11555863.637010135,0.1373968098376341,0.8626031901623659
Joshua Kane Gomes,Parasocial XII,,"Steel, emulsion coated foam, fabric & polyester fiber fill",68.0,142.0,50,False,13396500,11555863.637010135,0.1373968098376341,0.8626031901623659
Joshua Kane Gomes,Spaces Once Held,,"Steel, enamel coated foam, chain, carabiners, PVC pipe & flanges",96.0,21.0,8,False,7611600,3539111.2325312425,0.5350371495439536,0.46496285045604635
Joshua Kane Gomes,Parasocial XI,,"Steel, ropes, emulsion coated foam, fabric & polyester fiber fill",143.0,109.0,80,False,14005400,16310260.074742028,0.1645693857185106,1.1645693857185107
Joshua Kane Gomes,Parasocial X,,"Steel, ropes, emulsion coated foam, fabric & polyester fiber fill",53.0,109.0,30,False,13396500,7438746.863700442,0.44472460241850914,0.5552753975814908
Joshua Kane Gomes,Parasocial I,,"Steel, ropes, emulsion coated foam, fabric & polyester fiber fill",72.0,112.0,40,False,13396500,8644221.192249259,0.3547403282760976,0.6452596717239024
MIRA PARK,Crevice,2024.0,Pen on paper,70.0,21.0,6,False,1300000,1499376.0520191758,0.1533661938609045,1.1533661938609046
MIRA PARK,Door of Night,2023.0,Acrylic on canvas,27.0,19.0,2,False,600000,1089364.5260712367,0.8156075434520612,1.815607543452061
MIRA PARK,Knock,2023.0,Acrylic on canvas,53.0,41.0,10,False,1400000,2100364.567353024,0.5002604052521601,1.5002604052521602
MIRA PARK,The Never-ending Night,2023.0,Acrylic on canvas,53.0,41.0,10,False,1400000,2100364.567353024,0.5002604052521601,1.5002604052521602
MIRA PARK,What only the light can do,2023.0,Pen on paper,32.0,44.0,6,False,1100000,1430228.6388839397,0.3002078535308543,1.3002078535308543
MIRA PARK,Take root,2023.0,Acrylic on canvas,19.0,27.0,2,False,600000,1089364.5260712367,0.8156075434520612,1.815607543452061
Jin Han,Look Back,2022.0,Oil on canvas,162.2,97.0,80,False,2000000,24640885.40435668,11.32044270217834,12.32044270217834
Jin Han,Distance,2022.0,Oil on canvas,100.0,80.3,40,False,800000,7496624.977460541,8.370781221825675,9.370781221825675
Jin Han,Grain,2022.0,Oil on canvas,72.7,60.6,20,False,400000,4058827.2801883267,9.147068200470816,10.147068200470816
Jin Han,Shadow,2022.0,Oil on canvas,72.5,60.6,20,False,400000,4152328.451729913,9.380821129324781,10.380821129324781
Jin Han,Tundra,2022.0,Oil on canvas,100.0,73.0,40,False,1000000,8537439.831035681,7.537439831035681,8.53743983103568
Jeroz,Yellow eyed cat,2021.0,"Digital drawing, pigment print",84.1,59.4,25,False,800000,7662933.892988268,8.578667366235335,9.578667366235335
Jeroz,Driver,2020.0,"Digital drawing, pigment print",122.9,88.1,50,False,1500000,13240982.393811554,7.827321595874369,8.82732159587437
Jeroz,So many holes,2022.0,"Digital drawing, pigment print",63.4,88.1,25,False,883000,7704125.261732258,7.72494367127096,8.72494367127096
Jeroz,Midnight Cafeteria,2021.0,"Digital drawing, pigment print",59.4,84.1,25,False,883000,7662933.892988268,7.678294329545038,8.678294329545038
Jeroz,Island,2019.0,"Digital drawing, pigment print",118.9,84.1,50,False,1674600,12909241.472250916,6.70885075376264,7.70885075376264
YEWON SEO,cresc.,2026.0,color on Korean paper (hanji),192.5,122.6,120,False,7000000,23414753.996254,2.3449648566077146,3.3449648566077146
YEWON SEO,Bent Conduit,2026.0,color on Korean paper (hanji),130.0,130.0,80,False,5000000,16695296.272632275,2.339059254526455,3.339059254526455
YEWON SEO,ff(tambourine),2026.0,color on Korean paper (hanji),32.5,130.0,20,False,2100000,4655505.99643984,1.2169076173523046,2.216907617352305
YEWON SEO,8vb to 8va,2026.0,color on Korean paper (hanji),250.0,110.0,120,False,9000000,25643619.17168562,1.8492910190761802,2.84929101907618
YEWON SEO,Score2,2026.0,color on Korean paper (hanji),80.3,130.3,50,False,3100000,11484629.318723308,2.7047191350720348,3.7047191350720348
JungOuk Hong,INFILL,2024.0,"Acrylic Color, Wire and Wire Clothing on Birch Structure",54.0,44.0,10,True,19029000,3485852.8396210144,0.8168136612737918,0.18318633872620813
JungOuk Hong,INFILL,2022.0,Acrylic Color on Birch Structure Covered Barrisol and Circle Satin-Acrylic Panel,61.0,54.0,15,True,15223200,4564516.738295272,0.7001604959341484,0.2998395040658516
JungOuk Hong,Moreish,2025.0,"Acrylic Color, Wire and Wire Clothing on Birch Structure",47.5,40.0,8,True,7459400,3184547.2505182433,0.5730826540313908,0.4269173459686092
JungOuk Hong,INFILL,2023.0,"Acrylic Color, Wire and Wire Clothing on Birch Structure",56.0,45.0,10,True,8372800,4033145.9357388807,0.5183038009102235,0.4816961990897765
JungOuk Hong,Cacophony,2019.0,Acrylic Color on Triangle Canvas and Pinewood Structure,63.0,63.0,20,True,7307200,5478365.607064502,0.25027840936822554,0.7497215906317745
Tith Kanitha,Untitled,,Hand coiled 0.7 mm steel wire,4.0,64.0,0,False,2283500,1924672.4241663837,0.15713929311741462,0.8428607068825854
Tith Kanitha,Untitled,,Hand coiled 0.7 mm steel wire,38.0,96.0,15,False,4567000,5164641.285865319,0.13086080268564024,1.1308608026856402
Tith Kanitha,Untitled,,Hand coiled 0.7 mm steel wire,11.0,50.0,2,False,2283500,1792460.153181988,0.21503825128881626,0.7849617487111837
Tith Kanitha,Untitled,,Hand coiled 0.7mm steel wire,45.0,24.0,4,False,3044700,2365337.203727292,0.2231296338794325,0.7768703661205675
Tith Kanitha,Untitled,,Hand coiled 0.7 mm steel wire,118.0,226.0,120,False,10351800,29811346.285392985,1.8798224739072418,2.8798224739072418
Ken Kagami,Picasso with pushpin # 12,2024.0,Bronze,22.2,28.0,2,False,6089300,1418633.3774893663,0.7670284962985291,0.23297150370147082
Ken Kagami,Picasso with pushpin # 10,2018.0,Bronze,22.2,28.0,2,False,6089300,1647663.4189707574,0.7294166129159744,0.27058338708402563
Ken Kagami,Picasso with pushpin # 16,2022.0,Bronze,22.5,30.0,3,False,6089300,1767754.5494599224,0.7096949486049428,0.2903050513950573
Ken Kagami,Picasso with pushpin # 11,2024.0,Bronze,22.2,28.0,2,False,6089300,1451053.1150545576,0.7617044463149201,0.23829555368507999
Ken Kagami,Untitled,2023.0,Ink on paper,33.8,42.5,6,False,6850500,2161214.7698348896,0.6845172221246786,0.3154827778753214
DuckYong Kim,Auspicious Scenery,2024.0,Mother of Pearl and mixed media on wood,50.0,50.0,10,False,8829500,3031481.0667068316,0.6566644694822095,0.34333553051779053
DuckYong Kim,Auspicious Scenery,2024.0,Mother of Pearl and mixed media on wood,50.0,50.0,10,False,8829500,3031481.0667068316,0.6566644694822095,0.34333553051779053
DuckYong Kim,Borrowed Scenery-Gwanhaeeum,2024.0,Mother of Pearl and mixed media on wood,100.0,72.0,40,False,30446400,7995805.548324702,0.7373809202951842,0.26261907970481574
DuckYong Kim,Auspicious Scenery,2024.0,Mother of Pearl and mixed media on wood,50.0,50.0,10,False,8829500,3031481.0667068316,0.6566644694822095,0.34333553051779053
DuckYong Kim,Borrowed Scenery-Gwanhaeeum,2024.0,Mother of Pearl and mixed media on wood,110.0,78.0,50,False,30446400,10842749.079032537,0.6438741828579886,0.3561258171420114
YeJin Yoon,Shell of the Waning Moon,2025.0,oil on canvas,90.0,90.0,40,False,5328200,7231030.245398794,0.35712440325040246,1.3571244032504024
YeJin Yoon,Slow Sleep,2025.0,oil on canvas,73.0,91.0,40,False,3805800,6390085.169122361,0.6790386171428768,1.6790386171428768
YeJin Yoon,Refuge,2025.0,oil on canvas,61.0,91.0,25,False,3805800,7163527.848262342,0.8822659751595832,1.8822659751595832
YeJin Yoon,What Remains Only After Vanishing,2025.0,oil on canvas,97.0,130.0,60,False,6850500,14995777.837832784,1.1890048664816852,2.1890048664816852
YeJin Yoon,Night of the Hunt,2025.0,oil on canvas,97.0,130.0,60,False,6850500,14995777.837832784,1.1890048664816852,2.1890048664816852
Summer Kang,Drop 2 (Ttorurur),2025.0,Digital Print on Canvas,45.5,53.0,10,True,330000,1557388.7211819466,3.719359761157414,4.719359761157414
Summer Kang,Moon Light,2025.0,Digital Print on Canvas,91.0,116.8,50,True,660000,4568832.662263705,5.922473730702584,6.922473730702584
Summer Kang,Adore you,2025.0,Digital Print on Canvas,72.7,90.9,40,True,440000,3420344.538833095,6.773510315529762,7.773510315529762
Summer Kang,Drop 1 (Tears),,Digital Print on Canvas,45.5,53.0,10,True,330000,1523386.5083638066,3.616322752617596,4.616322752617596
Summer Kang,Night and day,2025.0,Digital Print on Canvas,72.7,90.9,40,True,440000,3420344.538833095,6.773510315529762,7.773510315529762
Nakrob Moonmanas,Birds of Mount Karavika,,Giclee prints on archival paper,59.0,42.0,10,False,1660600,3103150.146849336,0.8686921274535325,1.8686921274535324
Nakrob Moonmanas,A Unicorn in the room,,"Digital collage, Gold leaf, Giclee print on canvas",63.0,71.0,20,False,3083900,3871390.384720164,0.2553553567625941,1.2553553567625941
Nakrob Moonmanas,Nai Xai as the Little Prince,,"Digital collage, silkscreen print on ceramic, acrylic box",23.0,26.0,2,False,664300,1076097.082873642,0.6198962560193316,1.6198962560193315
Nakrob Moonmanas,Nai Xai as the Little Prince,,"Digital collage, silkscreen print on ceramic, acrylic box",27.0,30.0,3,False,664300,1233339.9954795497,0.8566009265084296,1.8566009265084296
Nakrob Moonmanas,Study of Airavata Elephant Anatomy,,"Digital collage, dibond print on metal",64.0,90.0,30,False,4175100,6695512.579741909,0.6036771765327559,1.603677176532756
Suna Kim,Reflection FO_25_3,,"Inkjet print, collage, mixed media (plastic beads, varnish, etc.) on panel",60.6,72.7,20,False,4871500,3455469.345182039,0.2906765174623753,0.7093234825376247
Suna Kim,Reflection FO_25_2,,"Inkjet print, collage, mixed media (plastic beads, varnish, etc.) on panel",60.6,72.7,20,False,4871500,3455469.345182039,0.2906765174623753,0.7093234825376247
Suna Kim,Reflection RO_25_15,,"Inkjet print, collage, mixed media (plastic beads, varnish, etc.) on panel",91.0,123.0,60,False,10656300,11462295.35912683,0.07563557324088384,1.0756355732408838
Suna Kim,Reflection RO_25_12,,"Inkjet print, collage, mixed media (plastic beads, varnish, etc.) on panel",91.0,123.0,60,False,10656300,11462295.35912683,0.07563557324088384,1.0756355732408838
Suna Kim,Reflection RO_25_3,,"Inkjet print, collage, mixed media (plastic beads, varnish, etc.) on panel",91.0,123.0,60,False,10656300,11462295.35912683,0.07563557324088384,1.0756355732408838
Turakella Gyindo,Untitled,,Loofa Sponge,150.0,180.0,120,False,22834800,20150200.401335586,0.11756615335647407,0.882433846643526
Turakella Gyindo,The bottom is Closed I'll sit alone I,,Mixed media,48.0,54.0,12,False,7611600,2979088.0436109668,0.6086121126161429,0.3913878873838571
Turakella Gyindo,The bottom is Closed I'll sit alone III,,Mixed media,35.0,28.0,4,False,6089300,1901592.2626968217,0.687715786264953,0.312284213735047
Turakella Gyindo,How do we remember things,,Loofa Sponge,160.0,160.0,120,False,21312500,21051914.397745654,0.012226890428356412,0.9877731095716435
Turakella Gyindo,The bottom is Closed I'll sit alone II,,Mixed media,25.0,37.0,4,False,7611600,2099971.5978598073,0.7241090443717737,0.2758909556282263
Seung Lee,Let It Shine 3,2024.0,Painting,152.0,112.0,80,False,6089300,20590267.28384552,2.3813849348604146,3.3813849348604146
Seung Lee,Night Storm,2023.0,Painting,53.0,76.0,20,False,6089300,5549912.9997669775,0.08857947551163886,0.9114205244883612
Seung Lee,Fresh Than Any Other,2024.0,Painting,41.0,51.0,8,False,3044700,2674207.5318415645,0.12168439194614758,0.8783156080538524
Seung Lee,It's You,2024.0,Painting,51.0,41.0,8,False,3044700,2714124.133464921,0.1085741999326959,0.8914258000673041
Seung Lee,Night walk,2024.0,Painting,56.0,76.0,20,False,6089300,5487739.914672325,0.09878969427153772,0.9012103057284623
Jeongyoon Park,Summer of Frogs,2022.0,"Oil, marker on canvas",72.7,72.7,25,True,1800000,2588949.449558598,0.43830524975477664,1.4383052497547766
Jeongyoon Park,Wind and feather,2022.0,Oil on canvas,91.0,116.8,50,True,3000000,4958285.945401058,0.6527619818003525,1.6527619818003525
Jeongyoon Park,Temple,2022.0,Oil on wood panel,60.6,90.9,25,True,1800000,3068554.106033222,0.7047522811295677,1.7047522811295677
Xooang Choi,Fragment 23,2024.0,watercolor on arches paper,38.0,55.0,8,True,3000000,3493430.6509877224,0.16447688366257415,1.164476883662574
Xooang Choi,Assemblage C5,2024.0,"Polyurethane resin, epoxy resin, Polyester resin, paper mache, pigments, Polyurethane paint, aluminum mesh, stainless steel",42.0,76.0,15,True,13000000,5323610.600225068,0.5904914922903794,0.4095085077096206
Xooang Choi,Assemblage H1,2024.0,watercolor on arches paper,38.0,55.0,8,True,3000000,3493430.6509877224,0.16447688366257415,1.164476883662574
Xooang Choi,Assemblage H1,2022.0,"polyurethane varnish on paper mache, chinese ink, aluminum mesh, stainless steel",61.0,106.0,30,True,35000000,10886389.644630846,0.6889602958676901,0.31103970413230986
Xooang Choi,Assemblage C3,2023.0,"epoxy resin, paper mache, pigments, iron powder, nikel powder, acrylic, poly urethane paint, aluminum mesh, stainless steel",54.0,97.0,25,True,32000000,9155621.464710236,0.7138868292278051,0.28611317077219484
Nampyo Kim,Instant Landscape - Aewol Sea(s)#2,2024.0,Oil on canvas,40.0,30.0,5,False,3000000,2173177.623578225,0.2756074588072584,0.7243925411927415
Nampyo Kim,PM5 #1,2024.0,Oil on canvas,112.1,145.5,80,False,23000000,20823621.00930444,0.09462517350850254,0.9053748264914975
Nampyo Kim,PM5 #6,2024.0,Water color on paper,140.0,190.0,120,False,30000000,23725695.639177367,0.20914347869408775,0.7908565213059122
Nampyo Kim,PM5 #2,2024.0,Oil on canvas,112.1,145.5,80,False,23000000,20823621.00930444,0.09462517350850254,0.9053748264914975
Nampyo Kim,Instant Landscape - Aewol Sea(s)#1,2024.0,Oil on canvas,40.0,30.0,5,False,3000000,2173177.623578225,0.2756074588072584,0.7243925411927415
SEUNGJU EOM,"To Hold a Heart Forever,",2025.0,Charcoal and watercolor on cotton cloth,100.0,65.1,30,False,1100000,7598329.185907828,5.907571987188934,6.907571987188934
SEUNGJU EOM,"Watching and Passing By,",2025.0,Charcoal and watercolor on cotton cloth,72.7,115.0,50,False,1200000,11735560.07964183,8.779633399701526,9.779633399701526
SEUNGJU EOM,"Waiting, Waiting,",2025.0,Charcoal and watercolor on cotton cloth,27.3,45.5,5,False,300000,2426293.3475556006,7.087644491852002,8.087644491852002
SEUNGJU EOM,"Live Long, Live Well,",2025.0,Charcoal and watercolor on cotton cloth,31.8,40.9,6,False,300000,2509730.1508542644,7.365767169514215,8.365767169514214
SEUNGJU EOM,"A Tool for a Frugal Birthday Celebration,",2025.0,Charcoal and watercolor on linen,24.2,33.4,3,False,200000,1736462.367901174,7.68231183950587,8.68231183950587
Lee Ufan,Untitled (II),2019.0,Drypoint etching on Japan paper,500.0,40.0,100,True,53200000,142151738.2675052,1.6720251554042331,2.672025155404233
Lee Ufan,Untitled (I),2019.0,Drypoint etching on Japan paper,500.0,40.0,100,True,53200000,142151738.2675052,1.6720251554042331,2.672025155404233
Edgar Plans,Glaciation 2.0,2024.0,Mixed media on canvas,46.0,55.0,10,False,55041920,2674343.2727468945,0.9514126092849433,0.048587390715056716
Edgar Plans,Making a mural,2024.0,Mixed media on canvas,55.0,46.0,10,False,55041920,2674343.2727468945,0.9514126092849433,0.048587390715056716
Edgar Plans,Skatergirl,2024.0,Mixed media on paper,15.0,21.0,1,False,10320360,1355196.3436355756,0.8686871055238794,0.13131289447612057
Edgar Plans,Rayito on the road,2024.0,Mixed media on paper,15.0,21.0,1,False,10320360,1355196.3436355756,0.8686871055238794,0.13131289447612057
Edgar Plans,Dragon ball,2024.0,Mixed media on paper,15.0,21.0,1,False,10320360,1355196.3436355756,0.8686871055238794,0.13131289447612057
Mackerel Safranski,The Narration of Night,,Oil on canvas,53.0,45.5,10,False,4567000,2229350.8887684494,0.5118566041671887,0.48814339583281136
Mackerel Safranski,A Dog with Two People,,Acrylic on canvas,27.3,19.0,2,False,2740200,1434662.9284210114,0.47643860724727705,0.523561392752723
Mackerel Safranski,My Black Bird,,Oil on canvas,19.0,33.4,3,False,3349200,1589761.5930524096,0.5253309467776157,0.47466905322238434
Mackerel Safranski,Morning is Gone,,Oil on canvas,27.0,34.8,4,False,3501400,1857919.6218764377,0.4693780710925808,0.5306219289074192
Imhathai Suwatthanasilp,Unknown Creatures No.3,,"Human hair, acrylic, graphite",150.0,120.0,80,False,11861000,19114519.725465834,0.6115436915492651,1.6115436915492651
Imhathai Suwatthanasilp,Unknown Creatures No.1,,"Human hair, acrylic, graphite",150.0,120.0,80,False,11861000,19114519.725465834,0.6115436915492651,1.6115436915492651
Imhathai Suwatthanasilp,Unknown Creatures No.2,,"Human hair, acrylic, graphite",150.0,120.0,80,False,11861000,19114519.725465834,0.6115436915492651,1.6115436915492651
Imhathai Suwatthanasilp,Plankton,,Human hair,8.0,8.0,0,False,427000,1200261.0308731848,1.8109157631690511,2.810915763169051
Imhathai Suwatthanasilp,Fish Scale Mountain,,"Monoprint with hair, acrylic and charcoal on canvas with fish scale in an acrylic box",120.0,90.0,50,False,7116600,11200340.171363859,0.5738330342247504,1.5738330342247504
Kentaro Hiroki,"Mi goreng, Indo mie",,Cran d’Ache Luminance 6901 color pencil on Daler-Rowney 95 GSM paper,11.0,15.0,0,False,5328200,1351948.9954377578,0.7462653437487786,0.2537346562512214
Kentaro Hiroki,"Nissin Chicken Ramen, Nissin Group",,Color Pencil (Caran D'ache Luminance 6901) on Paper ( ARCHES – AQUARELLE GRAIN STAINE 185 GSM and DALER ROWNEY 95 GSM),10.0,12.0,0,False,5328200,1167070.354604567,0.7809634858667904,0.21903651413320951
Kentaro Hiroki,Samyan Ramyun,,"Caran d'Ache, Luminance 6901 color pencil on Daler-Rowley, Extra white, 100 gsm paper",15.0,17.0,0,False,5328200,1074400.447606521,0.7983558335635823,0.20164416643641772
Kentaro Hiroki,"Shrimp Creamy TOM YAM FLAVOR, MAMA",,Color Pencil (Caran D'ache Luminance 6901) on Paper ( ARCHES – AQUARELLE GRAIN STAINE 185 GSM and DALER ROWNEY 95 GSM),10.0,12.0,0,False,7916100,1167070.354604567,0.852570033905008,0.1474299660949921
Kentaro Hiroki,"SHRIMP TOM YAM FLAVOR, MAMA",,"Caran d’Ache, Luminance 6091 and Graphite on DALER ROWNEY 95 GSM",15.0,9.0,0,False,5328200,1675653.477659476,0.6855122785069111,0.31448772149308885
Taher Jaoui,Rainbow in The Dark,2024.0,Painting,165.0,125.0,100,False,22073700,23984909.288077325,0.08658309608617154,1.0865830960861715
Taher Jaoui,Ring My Bell,2024.0,Painting,125.0,160.0,100,False,21312500,23758965.6206226,0.11479017574768804,1.1147901757476881
Taher Jaoui,Call me Sunshine,2024.0,Painting,140.0,160.0,100,False,23900500,19400042.825763408,0.18829970813316005,0.8117002918668399
Taher Jaoui,Inceptors VI,2024.0,Painting,145.0,165.0,120,False,25575000,20618024.263125297,0.19382114318180657,0.8061788568181935
Taher Jaoui,Run to The Hills,2024.0,Painting,165.0,125.0,100,False,22073700,23984909.288077325,0.08658309608617154,1.0865830960861715
Weedong Yoon,Monologue 727,2023.0,"Acrylic, Sand on canvas",130.3,162.2,100,False,33673800,21648011.276398364,0.3571259769791837,0.6428740230208163
Weedong Yoon,Monologue 828,2024.0,Acrylic on canvas,60.6,72.7,20,False,8418500,3883319.222985362,0.5387160155627057,0.4612839844372943
Weedong Yoon,Monologue 2,2018.0,Acrylic on canvas,130.0,194.0,120,False,38484300,35742504.30628854,0.07124452552629149,0.9287554744737085
Weedong Yoon,Monologue 816,2024.0,Acrylic on canvas,45.0,53.0,10,False,4825800,2528134.56556204,0.47612114767250197,0.5238788523274981
Weedong Yoon,Monologue 795,2023.0,Acrylic on canvas,45.0,53.0,10,False,4825800,2529133.9181885673,0.47591406229255934,0.5240859377074407
Yerim Choi,Peach,2020.0,Acrylic on paper,78.5,108.5,50,False,900000,12218204.610355927,12.575782900395474,13.575782900395474
Yerim Choi,Wild flower,2022.0,Oil on canvas,61.0,74.0,20,False,950000,4568244.752534015,3.8086786868779106,4.808678686877911
Yerim Choi,"A seedless watermelon, thornless cactus",2021.0,Oil on canvas,91.0,116.8,50,False,950000,12423702.702945454,12.077581792574161,13.077581792574161
Yerim Choi,Snowflower,2022.0,Oil on canvas,33.4,24.3,3,False,600000,1859065.9347802557,2.0984432246337597,3.0984432246337597
Yerim Choi,Let's go back to the green 1,2021.0,Oil on canvas,91.0,116.8,50,False,950000,12423702.702945454,12.077581792574161,13.077581792574161
Kohei Nawa,Orbit - CF(Haze),2022.0,aluminium panel,51.4,38.9,8,False,554720,3223611.388675574,4.811240605486685,5.811240605486685
Kohei Nawa,Orbit - CFS(Reed),2022.0,aluminium panel,51.4,38.9,8,False,5547200,3223611.388675574,0.41887593945133145,0.5811240605486686
Kohei Nawa,Trans Deer,2021.0,"nylon, stainlesss teel, urethanecoating,glass",37.5,67.5,10,False,30582200,4389860.207265831,0.8564570172431731,0.14354298275682686
Kohei Nawa,Orbit - E(Irrigation),2022.0,aluminium panel,51.4,38.9,8,False,5547200,3223611.388675574,0.41887593945133145,0.5811240605486686
Kohei Nawa,Orbit - AEFS(StranglerFig),2022.0,aluminium panel,51.4,38.9,8,False,5547200,3223611.388675574,0.41887593945133145,0.5811240605486686
Hyunho Lee,The Yellow Tree,2023.0,Color on Korean Jangji(mulberry paper) mounted on wood panel,150.0,150.0,100,False,12528700,19527660.05401949,0.5586341802437195,1.5586341802437196
Hyunho Lee,The Yellow Tree,2023.0,Color on Korean Jangji(mulberry paper) mounted on wood panel,111.1,111.1,60,False,8357600,11040288.164219394,0.32098786304912824,1.3209878630491283
Hyunho Lee,Beside the Sidewalk,2015.0,Color on Jangji mounted on wood panel,120.0,120.0,60,False,9362300,14578461.927614486,0.5571453518488497,1.5571453518488498
Hyunho Lee,The Cold Tree,2023.0,Color on Korean Jangji(mulberry paper) mounted on wood panel,130.0,130.0,80,False,10504100,16796165.01175692,0.5990103875398101,1.59901038753981
Hyunho Lee,Facing Each Other,2018.0,Color on Korean Jangji(mulberry paper) mounted on wood panel,260.0,162.0,200,False,20399100,38549349.406026594,0.8897573621398294,1.8897573621398294
Jinhyung Lee,untitled(0717),,oil on canvas,50.0,72.7,15,False,1800000,4178079.170985564,1.3211550949919801,2.32115509499198
Jinhyung Lee,Untitled,,Oil on canvas,65.1,90.9,30,False,3501400,6531389.456968904,0.8653651273687393,1.8653651273687393
Jinhyung Lee,Untitled,,Oil on canvas,65.1,90.9,30,False,3501400,6531389.456968904,0.8653651273687393,1.8653651273687393
Jinhyung Lee,Untitled,,Oil on canvas,65.1,90.9,30,False,3501400,6531389.456968904,0.8653651273687393,1.8653651273687393
Jinhyung Lee,untitled(0608),,"charcoal, pastel on paper",29.7,42.0,5,False,837300,1725835.6731187,1.0611915360309327,2.061191536030933
Jo Jae,Debris30,2022.0,Acrylic on canvas,130.0,130.0,80,False,8677300,19774598.963278197,1.278888474903276,2.278888474903276
Jo Jae,Debris33,2022.0,Acrylic on canvas,130.0,160.0,100,False,9438400,22563037.894135386,1.3905574985310418,2.390557498531042
Jo Jae,Debris22,2021.0,Acrylic on canvas,30.0,40.0,5,False,1080900,2379941.0297005936,1.2018142563609895,2.2018142563609895
Jo Jae,Debris24,2022.0,Acrylic on canvas,22.0,27.0,2,False,852500,1333337.1296410495,0.5640318236258646,1.5640318236258646
Jo Jae,Debris23,2022.0,Acrylic on canvas,22.0,27.0,2,False,1080900,1333337.1296410495,0.23354346344809837,1.2335434634480984
YEONSOO KIM,Greenwave,2022.0,Oil on Canvas,52.0,73.0,15,False,2500000,4824981.346565469,0.9299925386261877,1.9299925386261876
YEONSOO KIM,on the way to my friend,2021.0,Oil on canvas,91.0,72.0,30,False,3000000,6927905.461667454,1.309301820555818,2.309301820555818
YEONSOO KIM,Dinner,2021.0,oil on canvas,72.0,52.0,15,False,2000000,4898668.88116621,1.4493344405831052,2.449334440583105
YEONSOO KIM,Bluewave,2022.0,Oil on Canvas,52.0,72.0,15,False,2500000,4796584.386563469,0.9186337546253875,1.9186337546253875
April Bohm Yang,Monarch of Revival,2022.0,Metallic and acrylic paint on canvas,65.0,80.0,25,False,5000000,5714993.548268644,0.14299870965372882,1.1429987096537289
April Bohm Yang,Monarch of Peace,2022.0,Metallic and acrylic paint on canvas,31.0,40.0,5,False,1500000,2375652.5951863285,0.5837683967908857,1.5837683967908858
April Bohm Yang,Monarch of Beauty,2022.0,Metallic and acrylic paint on canvas,65.0,80.0,25,False,5000000,5714993.548268644,0.14299870965372882,1.1429987096537289
April Bohm Yang,Monarch of Liberty,2022.0,Metallic and acrylic paint on canvas,31.0,40.0,5,False,1500000,2375652.5951863285,0.5837683967908857,1.5837683967908858
April Bohm Yang,Monarch of Justice,2022.0,Metallic and acrylic paint on canvas,65.0,80.0,25,False,5000000,5714993.548268644,0.14299870965372882,1.1429987096537289
Nam Kim,Untitled,2024.0,Acrylic and oil on canvas,80.0,70.0,30,False,7224252,5495808.454127096,0.2392557106082269,0.7607442893917731
Nam Kim,Untitled,2024.0,Acrylic and oil on canvas,30.0,50.0,6,False,3956138,3035894.0822519227,0.23261168284525902,0.767388317154741
Nam Kim,Untitled,2024.0,Acrylic and oil on canvas,30.0,40.0,5,False,3440120,2202278.6474058395,0.35982505046165847,0.6401749495383415
Nam Kim,Untitled,2024.0,Acrylic and oil on canvas,30.0,40.0,5,False,3440120,2202278.6474058395,0.35982505046165847,0.6401749495383415
Nam Kim,Tiger under the pine tree,2024.0,Acrylic and oil on canvas,200.0,160.0,150,False,17200600,35900981.43928939,1.0871935536719295,2.0871935536719297
HAYATO MACHIDA,Say yes to peace,,Acrylic on canvas,300.0,300.0,300,False,1091300,37354848.55542625,33.2296788742108,34.2296788742108
HAYATO MACHIDA,Love,,Acrylic on canvas,60.0,72.0,20,False,3273700,3615562.2529136566,0.10442687262536476,1.1044268726253648
HAYATO MACHIDA,Not a freak,,Acrylic on canvas,300.0,300.0,300,False,1091300,37354848.55542625,33.2296788742108,34.2296788742108
HAYATO MACHIDA,Friend of Dorothy,,Acrylic on canvas,60.0,72.0,20,False,3273700,3615562.2529136566,0.10442687262536476,1.1044268726253648
HAYATO MACHIDA,Back Up,,Acrylic on canvas,50.0,60.6,12,False,3273700,2575598.0035818876,0.21324556203015316,0.7867544379698468
Matthew Stone,Human Behaviour,,Oil on line,150.0,120.0,80,False,25879500,19816912.56517789,0.23426215478746146,0.7657378452125385
Matthew Stone,Clasp,,Oil on linen,50.0,60.0,12,False,10656300,2590838.328563324,0.7568726172720996,0.24312738272790033
Matthew Stone,Press,,Oil on linen,50.0,60.0,12,False,10656300,2590838.328563324,0.7568726172720996,0.24312738272790033
Matthew Stone,Moonwash,,Oil on linen,90.0,120.0,50,False,18267900,11304160.308520092,0.3812008874298583,0.6187991125701418
Wonmi Seo,Behind the curtain: Venus 001,2022.0,Oil and oil pastel on linen,91.0,91.0,50,False,4795400,10061442.306180237,1.0981445356341988,2.098144535634199
Wonmi Seo,Behind the curtain: Green,2022.0,"Acrylic, oil pastel, pencil, colored pencil, oil on paper",96.0,126.5,60,False,2664100,13853835.974365436,4.200193676800959,5.200193676800959
Wonmi Seo,Seeker 003,2022.0,"Acrylic, oil pastel, pencil, colored pencil, marker pen, oil on paper",96.0,125.5,60,False,2664100,13853835.974365436,4.200193676800959,5.200193676800959
Wonmi Seo,Behind the curtain: Venus 002,2022.0,Oil and oil pastel on linen,91.0,91.0,50,False,4795400,10061442.306180237,1.0981445356341988,2.098144535634199
Mina Lee,Moon Gazing,2024.0,Oil on canvas,91.0,116.8,50,False,3562300,11632442.743383626,2.2654304082709555,3.2654304082709555
Mina Lee,The Boss and the Faces,,Oil on wood panel,50.0,71.0,15,False,2435800,4043105.971614088,0.6598677935848953,1.6598677935848953
Mina Lee,A Lump of Love,2024.0,Oil on canvas,72.7,90.9,40,False,3349200,6922216.711883718,1.06682691743811,2.06682691743811
Mina Lee,A Mushroom’s Mood,2023.0,Ink and oil on canvas,45.5,45.5,8,False,837300,2589587.442706008,2.0927832828209816,3.0927832828209816
CCREATT,War Is Over!,2024.0,Printed Fomex and Resin,30.0,39.0,5,False,1522400,969584.8422566672,0.3631208340405497,0.6368791659594504
CCREATT,Where's Ocean?,2024.0,Printed Fomex and Resin,27.0,35.0,4,False,1522400,882090.0578951214,0.42059244752028285,0.5794075524797172
CCREATT,Why Always Me?,2024.0,Printed Fomex and Resin,27.0,35.0,4,False,1522400,882090.0578951214,0.42059244752028285,0.5794075524797172
CCREATT,XXX,2024.0,Printed Fomex and Resin,30.0,39.0,5,False,1522400,969584.8422566672,0.3631208340405497,0.6368791659594504
Gyume,"I rode the waves, and I was just surprised",2023.0,"Oil pastel, oil and acrylic paint on canvas",116.8,91.0,50,False,3196900,12024404.322032977,2.7612700810262996,3.7612700810262996
Gyume,If you pick up a rainbow,2023.0,"Pigment, oil and acrylic paint on canvas",130.3,130.3,80,False,6546000,19721133.27474209,2.0126998586529314,3.0126998586529314
Gyume,The four leaves left by the shadow,2023.0,"Oil painting, oil pastel on canvas",90.7,116.0,50,False,3196900,11943252.943731925,2.735885684172769,3.735885684172769
JaeIn Park,At the Edge of Sight,2025.0,"Acrylic, Oil pastel on Canvas",89.0,130.0,60,True,4000000,5247852.71411985,0.3119631785299624,1.3119631785299624
JaeIn Park,A Gap in the Daylight,2025.0,"Acrylic, Oil pastel on Canvas",72.7,90.9,40,True,2500000,3173230.208078681,0.2692920832314724,1.2692920832314725
JaeIn Park,Books,2025.0,"Acrylic, Oil pastel on Canvas",20.0,20.0,1,True,500000,657126.4798730464,0.3142529597460928,1.3142529597460928
JaeIn Park,Nap,2025.0,"Acrylic, Oil pastel on Canvas",72.5,60.5,20,True,2000000,2503957.851796794,0.2519789258983971,1.251978925898397
Gyubin Seong,Today's dinner is braised radish with cutlassfish,2022.0,Oil on canvas,91.0,73.0,40,False,1500000,6818097.370156116,3.545398246770744,4.545398246770744
Gyubin Seong,pigeon,2022.0,Oil on canvas,60.6,72.7,20,False,1000000,4058827.2801883267,3.0588272801883267,4.058827280188327
Gyubin Seong,Light a candle,2022.0,Acrylic on canvas,40.9,53.0,10,False,750000,3503291.857695234,3.671055810260312,4.671055810260312
Clément Rodzielski,blabla,2022.0,Oil on canvas,46.0,29.5,6,False,14687300,2796646.7114720913,0.8095874182816385,0.19041258171836153
Clément Rodzielski,Mimi,2022.0,Oil on canvas,30.5,40.0,5,False,14687300,2208688.362510619,0.8496191701326575,0.15038082986734247
Clément Rodzielski,Nanananana,2022.0,Oil on canvas,180.0,30.0,25,False,22020750,8523860.27925442,0.6129168952349752,0.3870831047650248
Hansol Noh,A widening crack,2020.0,Ink and spray color on korean paper,29.5,42.0,5,False,800000,2176423.8867932,1.7205298584914999,2.7205298584915
Hansol Noh,A falling sphere,2022.0,Ink and spray color on korean paper,24.0,24.0,2,False,480000,1144784.2327673226,1.3849671515985886,2.384967151598589
Hansol Noh,Still life with Sphere and a floral crown,2021.0,Ink on korean paper,150.0,60.0,50,False,2400000,12010858.009183278,4.004524170493033,5.004524170493033
Hansol Noh,A Round Flame,2022.0,Ink and spray color on korean paper,24.0,24.0,2,False,480000,1144784.2327673226,1.3849671515985886,2.384967151598589
Jabbar Muhammad,Playground 2,,"Acrylic paint, oil paint, and xerox transfer on canvas",30.0,40.0,5,False,887600,2025614.1420550584,1.2821249910489616,2.2821249910489616
Jabbar Muhammad,Jeda,,"Marker, acrylic, and oil on canvas",135.0,50.0,40,False,3577500,7965275.1759851,1.2264920128539762,2.226492012853976
Jabbar Muhammad,Ambang,,"Marker, acrylic, and oil on canvas",135.0,50.0,40,False,3577500,7965275.1759851,1.2264920128539762,2.226492012853976
Jabbar Muhammad,Playground 1,,"Acrylic paint, oil paint, and xerox transfer on canvas",30.0,40.0,5,False,887600,2025614.1420550584,1.2821249910489616,2.2821249910489616
YuSeong Choe,Open space 3,2026.0,Acrylic and Oil on Canvas,72.7,60.6,20,True,2131300,2361371.5869365945,0.10794894521493664,1.1079489452149367
YuSeong Choe,Open space 1,2026.0,Acrylic and Oil on Canvas,50.0,60.6,12,True,1370100,1595432.9764343256,0.1644646204177254,1.1644646204177254
YuSeong Choe,Open space 2,2026.0,Acrylic and Oil on Canvas,50.0,60.6,12,True,1370100,1595432.9764343256,0.1644646204177254,1.1644646204177254
YuSeong Choe,Open space 4,2026.0,Acrylic and Oil on Canvas,50.0,60.6,12,True,1370100,1595432.9764343256,0.1644646204177254,1.1644646204177254
HYEONYOUNG KIM,Autonomic Drugs 980-1250(9pieces),2020.0,Ceramic,45.0,45.0,8,False,1600000,2878561.9033697057,0.799101189606066,1.799101189606066
HYEONYOUNG KIM,Autonomic Drugs 1250_R(16pieces),2022.0,Ceramic,82.0,82.0,40,False,3600000,6315211.878484138,0.7542255218011495,1.7542255218011495
HYEONYOUNG KIM,Autonomic Drugs 1250_B(4pieces),2023.0,Ceramic,24.0,64.0,6,False,1200000,3032346.331454614,1.5269552762121785,2.5269552762121785
HYEONYOUNG KIM,Autonomic Drugs 1250_Y(16pieces),2023.0,Ceramic,82.0,82.0,40,False,3600000,6264631.906889806,0.7401755296916127,1.7401755296916126
Ellsworth Kelly,"Ellsworth Kelly, Catalogues Raisonnés of Paintings, Vol. 2",2021.0,,27.9,29.5,3,False,697300,1498121.7858611261,1.1484609004175048,2.148460900417505
Ellsworth Kelly,"Ellsworth Kelly, Catalogue Raisonné of Paintings, Vol. 1",2015.0,,27.9,29.5,3,False,675000,2021246.018833771,1.9944385464204017,2.9944385464204015
Ellsworth Kelly,"Ellsworth Kelly, Revue N°1 ",2012.0,,24.5,31.5,3,False,165000,2917490.0708570443,16.681758005194208,17.681758005194208
Ellsworth Kelly,"Ellsworth Kelly, Limited Edition Revue",2012.0,,24.5,31.5,3,False,4500000,2917490.0708570443,0.35166887314287903,0.6483311268571209
Richard Prince,UNTITLED (POLO COLOGNE BOTTLE),1983.0,Ektachrome photograph on paper,20.3,12.7,0,False,15223200,3321225.2452054173,0.7818313334118046,0.21816866658819548
Richard Prince,SELF-PORTRAIT WITH A SPADE,1973.0,Print,45.7,30.5,6,False,38058000,6656921.5004386315,0.8250848310358234,0.17491516896417655
Richard Prince,PORTRAIT OF DOUGLAS TURNBAUGH,1985.0,Black and white photographic print on paper,20.3,25.4,2,False,45669600,3186409.5209007747,0.930229090666422,0.06977090933357802
I Kyoung Ha,Altyn-Arashan,2025.0,Oil on canvas,60.6,72.7,20,False,5000000,3718972.459856143,0.25620550802877134,0.7437944919712286
I Kyoung Ha,A walk,2024.0,Oil on canvas,45.5,60.6,12,False,3000000,3644329.794242383,0.21477659808079433,1.2147765980807943
I Kyoung Ha,Facing myself,2025.0,"Oil, sand on canvas",45.5,60.6,12,False,3000000,3535314.3445626358,0.17843811485421193,1.178438114854212
I Kyoung Ha,A park,2025.0,Oil on canvas,37.9,45.5,8,False,2000000,2276043.145528816,0.13802157276440807,1.138021572764408
Seo Yeon Lee,Sculpture,2023.0,Oil on canvas,72.7,90.9,40,True,1800000,2606404.706805452,0.44800261489191767,1.4480026148919176
Seo Yeon Lee,Sculpture,2023.0,Oil on canvas,72.7,90.9,40,True,1800000,2606404.706805452,0.44800261489191767,1.4480026148919176
Seo Yeon Lee,Arrive on a New Planet,2024.0,Oil on canvas,16.0,27.3,1,True,380000,361900.8909391415,0.04762923437068024,0.9523707656293198
Seo Yeon Lee,No One,2024.0,Oil on canvas,24.2,40.9,4,True,450000,693224.4292351818,0.5404987316337373,1.5404987316337373
Tat Nattee,Albino space kids no. 4,,Acrylic on canvas,50.0,50.0,10,False,1878300,2715554.93785505,0.44575144431403396,1.445751444314034
Tat Nattee,To the Moon,2024.0,Acrylic on canvas,80.0,80.0,30,False,1992700,6189937.081398035,2.10630655964171,3.10630655964171
Tat Nattee,You are your own rainbow,2024.0,Acrylic on canvas,80.0,80.0,30,False,1992700,6189937.081398035,2.10630655964171,3.10630655964171
Tat Nattee,Albino space kids no. 2,,Acrylic on canvas,50.0,50.0,10,False,1878300,2715554.93785505,0.44575144431403396,1.445751444314034
Bien U Bae,SNM3A-069,,Gelatin Silver Print,125.0,125.0,80,False,50236600,14324708.62007807,0.7148551331085689,0.28514486689143115
Bien U Bae,SNM3A-065,2022.0,Gelatin silver print,125.0,125.0,80,False,45000000,14535092.615412027,0.6769979418797327,0.3230020581202673
Bien U Bae,SNM3A-067,,Gelatin Silver Print,125.0,125.0,80,False,50236600,14324708.62007807,0.7148551331085689,0.28514486689143115
Bien U Bae,SNM3A-029,2015.0,Gelatin silver print,120.0,120.0,60,False,50000000,15249962.73690161,0.6950007452619678,0.3049992547380322
SeoHyun Kim,"I See You, Icy You",,"Oil, Wax, Damar Resin, Pigment and Mixed Media on Wood Panel",73.0,100.0,40,False,2800000,7049535.762891391,1.5176913438897826,2.5176913438897826
SeoHyun Kim,Tiny Snow Ball,,Oil on Layered Canvas,53.0,40.9,10,False,1200000,2989573.8741880413,1.4913115618233677,2.491311561823368
SeoHyun Kim,We met on the Pale atmosphere,,Oil and Mixed Media on Layered Canvas,77.0,52.0,20,False,2000000,5127237.509363792,1.563618754681896,2.563618754681896
Goo Gijeong,The Transparent Visual Apparatus no.5,2025.0,"UV print on acrylic, LED, stainless steel frame",34.0,35.4,5,False,2600000,1914030.5933658758,0.26383438716697083,0.7361656128330292
Goo Gijeong,The Transparent Visual Apparatus no.3,2025.0,"UV print on acrylic, LED, stainless steel frame",47.5,25.0,5,False,2300000,2525650.0463384604,0.09810871579933061,1.0981087157993306
Goo Gijeong,The Transparent Visual Apparatus no.6,2025.0,"UV print on acrylic, LED, stainless steel frame",34.5,35.4,5,False,2600000,1914692.607618153,0.26357976630071034,0.7364202336992897
Phi Long Le,crown leisure no.5,,"Pencil, ink, silver gold on pine wood",27.5,28.5,3,False,5328200,1301305.57256512,0.7557701338979168,0.24422986610208325
Phi Long Le,crown leisure no.3,,"Pencil, ink, silver gold on pine wood",39.0,14.0,2,False,5328200,1450124.6380943873,0.7278396760454963,0.27216032395450385
Phi Long Le,crown leisure no.2,,"Pencil, ink, silver gold on pine wood",39.0,13.5,2,False,5328200,1452491.0875087196,0.72739553929869,0.27260446070130995
Dian Suci,To What Land Do You Sail,2024.0,Watercolor and gouache on paper,70.0,50.0,15,False,2435800,4027512.597632891,0.6534660471438094,1.6534660471438094
Disorn Duangdao,Rock in the center of MeKong River,2020.0,Charcoal Rubbing on Stone Surface,66.0,77.0,25,False,4186400,5382300.335526993,0.28566317970738403,1.285663179707384
Disorn Duangdao,Avatar,2020.0,Acrylic Dust on Old Gallery Wall,84.0,115.0,50,False,7002700,12819798.17202569,0.8306936141810572,1.8306936141810572
Disorn Duangdao,a piece of the cosmic explosion in time,2024.0,"Fluorescent powder (2005), Water from Alaska (2013), Lightfast acrylic paint (2021), and UV-protective nylon (2024)",80.0,60.0,20,False,4871500,6133379.304066623,0.2590330091484394,1.2590330091484394
Abang,Mooood triplet,2022.0,Acrylic on canvas,72.7,90.9,40,True,2400000,4304527.594289279,0.7935531642871995,1.7935531642871994
Abang,Frances Ha,2022.0,Acrylic on canvas,145.5,112.1,80,True,7002700,10230952.769429445,0.46100115233116445,1.4610011523311643
Ary Kurniawan,Untitled,,Acrylic on canvas,30.0,40.0,5,False,1385400,2054216.903288255,0.48276086566208676,1.4827608656620868
Ary Kurniawan,Untitled (1),,Acrylic on canvas,30.0,40.0,5,False,1385400,2054216.903288255,0.48276086566208676,1.4827608656620868
Ary Kurniawan,Bikini,,Acrylic on canvas,45.0,60.0,12,False,1781200,3313910.8139983034,0.8604933831115559,1.860493383111556
Haejin Yoon,Who Am I,2023.0,Mixed media on canvas,130.0,162.0,100,False,15000000,22171450.775303524,0.47809671835356826,1.4780967183535683
Haejin Yoon,Echo,2023.0,Mixed media on canvas,61.0,91.0,25,False,4500000,7490989.6923923185,0.6646643760871819,1.664664376087182
Haejin Yoon,Echo,2023.0,Mixed media on canvas,60.5,60.5,15,False,3000000,3646372.309972268,0.21545743665742267,1.2154574366574227
Niam Mawornkanong,House Warming,2022.0,Acrylic on canvas,320.0,210.0,300,False,45071700,66787859.11503934,0.48181362396003125,1.4818136239600312
Niam Mawornkanong,Looking for Red,2023.0,Acrylic on canvas,120.0,120.0,60,False,18783000,14681428.505420016,0.21836615527764383,0.7816338447223562
Niam Mawornkanong,Looking for Blue,,Acrylic on canvas,120.0,120.0,60,False,18783000,13458419.711460736,0.28347869288927563,0.7165213071107244
Muhamad Zaim,The Garuda,,Ballpoint pen on raw canvas,90.0,90.0,40,False,2283500,6730448.699903029,1.9474266257512718,2.947426625751272
Muhamad Zaim,"Monument IV 'Nation, Religion, King'",,Ballpoint pen on raw canvas,75.0,180.0,60,False,3044700,16745083.25821123,4.499748171646215,5.499748171646215
Muhamad Zaim,Gate of Declaration 'THE ASEAN WAY',,Ballpoint pen on canvas,120.0,180.0,100,False,4262500,25354541.316656362,4.948279487778619,5.948279487778619
Soyoung Jeon,Life1,2023.0,acrylic on canvas,97.0,145.5,60,False,8372800,18864225.44535371,1.2530366717649661,2.253036671764966
Soyoung Jeon,Subtle Tremor,2025.0,Oil on canvas,53.0,53.0,12,False,1370100,2907494.141105551,1.1221035990844106,2.1221035990844106
Soyoung Jeon,Life 2,2023.0,Acrylic on Canvas,97.0,145.5,60,False,8372800,18864225.44535371,1.2530366717649661,2.253036671764966
Ros Kamolros,Pendant,,"Archival pigment on Gold Fibre Pearl mounted on Alu-Dibond, black aluminium frame",21.0,28.0,2,False,1294000,1396910.5873024683,0.07952904737439587,1.079529047374396
Ros Kamolros,Roses,,"Archival pigment on Gold Fibre Pearl mounted on Alu-Dibond, black aluminium frame",21.0,28.0,2,False,1294000,1396910.5873024683,0.07952904737439587,1.079529047374396
Ros Kamolros,Sweet,,"Archival pigment on Gold Fibre Pearl mounted on Alu-Dibond, black aluminium frame",21.0,28.0,2,False,1294000,1396910.5873024683,0.07952904737439587,1.079529047374396
Than Sok,Water Lettuce Form,,Acrylic on canvas,110.0,150.0,80,False,7611600,20549889.33486783,1.6998120414719418,2.6998120414719415
Than Sok,Water Beetle Form,,Acrylic on canvas,110.0,150.0,80,False,7611600,20549889.33486783,1.6998120414719418,2.6998120414719415
Than Sok,Water Primrose Form,,Acrylic on canvas,110.0,150.0,80,False,7611600,20549889.33486783,1.6998120414719418,2.6998120414719415
Shuto Okayasu,"Strange Day, 2021",2021.0,Color pencil and oil maker on paper,43.1,53.3,10,False,1370100,2719945.6046658712,0.9852168488912278,1.9852168488912278
Shuto Okayasu,"Rainy day, 2022",2022.0,Color pencil and oil maker on paper,43.1,53.3,10,False,1370100,2672132.302610265,0.9503191756880994,1.9503191756880995
Shuto Okayasu,Strange day So Wat Cha Sayin',2021.0,Color pencil and oil maker on paper,43.1,53.3,10,False,1370100,2719945.6046658712,0.9852168488912278,1.9852168488912278
Seung Eui Hyun,Time of the Night,2022.0,Mixed media on Korean paper,174.5,82.5,60,False,8000000,16553533.38759173,1.0691916734489664,2.0691916734489664
Seung Eui Hyun,The Smile Spot,2023.0,Mixed media on Korean paper,91.0,117.0,50,False,7500000,11337436.919024551,0.5116582558699402,1.51165825586994
Seung Eui Hyun,The Occupied Paradise,2023.0,Mixed media on Korean paper,193.0,130.0,120,False,18000000,22898290.425301924,0.2721272458501069,1.272127245850107
je Lee,Future memory,2024.0,oil on canvas,53.0,45.5,10,False,3000000,2466138.7942428314,0.17795373525238953,0.8220462647476104
je Lee,Future memory,2024.0,oil on canvas,40.9,31.8,6,False,2500000,2464985.8575230506,0.01400565699077975,0.9859943430092203
Cai Ruei Heng,Smoky Dog,2023.0,Acrylic on canvas,45.5,53.0,10,False,2283500,2642606.5017393576,0.1572614415324535,1.1572614415324536
Cai Ruei Heng,Mischief in the Backyard,2023.0,Acrylic on canvas,53.0,45.5,10,False,2283500,2642606.5017393576,0.1572614415324535,1.1572614415324536
Cai Ruei Heng,Swan Island,2023.0,Acrylic on canvas,45.5,53.0,10,False,2283500,2642606.5017393576,0.1572614415324535,1.1572614415324536
Doyo,Nearby Oddness; In Mild January,2023.0,Print on canvas,49.5,49.5,10,False,3000000,2933710.770119653,0.022096409960115637,0.9779035900398844
Doyo,Live Is Life,2022.0,Print on canvas,47.5,59.0,12,False,1000000,3049936.296878134,2.049936296878134,3.049936296878134
Doyo,Nearby Oddness; Harmonize,2023.0,Print on canvas,49.5,49.5,10,False,3000000,2933710.770119653,0.022096409960115637,0.9779035900398844
Hiroshi Sugimoto,"Hiroshi Sugimoto, Revue N° 1",2014.0,,24.4,31.5,3,False,165000,2667194.923463887,15.164817717962952,16.16481771796295
Hiroshi Sugimoto,"PPTRD 005, limited edition including original artwork",2014.0,Silver Gelatin Print,43.0,54.0,10,False,21900000,4219986.854853187,0.8073065363080737,0.19269346369192633
Hiroshi Sugimoto,"PPTRD 040, limited edition including original artwork",2014.0,Silver Gelatin Print,25.0,32.0,3,False,21900000,2358817.4542321605,0.89229144044602,0.10770855955397993
Ai Weiwei,"Ai Weiwei, Revue",2019.0,,24.4,31.5,3,False,165000,2004655.7488858965,11.149428781126646,12.149428781126646
Ai Weiwei,Brain Inflation,2019.0,,24.5,31.5,3,False,3600000,2004655.7488858965,0.44315118086502875,0.5568488191349713
Ai Weiwei,Revolt,,Marble,48.0,80.0,15,False,444861500,4884480.736630682,0.9890202214922382,0.010979778507761813
Yihyun Kim,Those who look down at,2022.0,Color on paper,324.4,130.3,200,False,3500000,40259632.354989655,10.502752101425616,11.502752101425616
Yihyun Kim,Pray 2,2022.0,Color on paper,170.3,193.9,150,False,3800000,21977480.409515087,4.783547476188181,5.783547476188181
Yihyun Kim,Pray 1,2022.0,Color on paper,112.1,162.2,80,False,2000000,22127649.725265324,10.063824862632663,11.063824862632663
Pablo Picasso,"PICASSO, COLLECTION DU MUSÉE ZERVOS",2021.0,,18.2,25.3,2,False,49000,1690043.8027903652,33.4906898528646,34.4906898528646
Pablo Picasso,Pablo Picasso's catalogue raisonné by Christian Zervos,1932.0,,105.0,32.8,15,False,42000000,6506642.319044537,0.8450799447846539,0.15492005521534613
Pablo Picasso,"Picasso in the Studio, Special issue Revue",2015.0,,24.3,31.5,3,False,154000,2485107.66589959,15.137062765581755,16.137062765581753
Yasuhiro Hara,Sho 24,2021.0,Acrylic on canvas,27.3,22.7,2,False,913400,1379154.9918614607,0.5099135010526173,1.5099135010526175
Yasuhiro Hara,Sho 21,2021.0,Acrylic on canvas,15.8,22.7,1,False,761200,1544575.2935823863,1.0291320199453315,2.0291320199453313
Yasuhiro Hara,Sho 30,2021.0,Acrylic on canvas,15.8,22.7,1,False,761200,1544575.2935823863,1.0291320199453315,2.0291320199453313
YeonJae Chung,Untitled,2026.0,"Acrylic on Canvas, Wood Structure",30.0,154.0,20,True,4034200,5850127.591839317,0.4501332585988095,1.4501332585988096
YeonJae Chung,"[1,2,3] C",2026.0,Acrylic on Canvas,126.0,62.0,40,True,2664100,3158879.0957178273,0.1857209172770644,1.1857209172770644
YeonJae Chung,"[1,2,3] B",2026.0,Acrylic on Canvas,126.0,62.0,40,True,2664100,3158879.0957178273,0.1857209172770644,1.1857209172770644
junewhan kim,사막의 길,2024.0,Painting,29.7,21.0,3,False,640000,1664526.4742719063,1.6008226160498535,2.6008226160498538
junewhan kim,금지구역(A),2023.0,Painting,21.0,29.7,3,False,640000,1710854.57163407,1.6732102681782344,2.6732102681782344
junewhan kim,주차장(어린이집),2023.0,Painting,20.0,20.0,1,False,500000,1261899.3747748036,1.5237987495496073,2.5237987495496075
Aboudia,Untitled,2024.0,Mixed media,122.0,150.0,80,False,114174000,18871260.098253045,0.8347149079628196,0.1652850920371805
Aboudia,Untitled,2024.0,Mixed media,40.0,57.8,10,False,21312500,3761107.0940503296,0.8235257668480784,0.17647423315192162
Aboudia,La pose,2024.0,Mixed media,122.0,150.0,80,False,114174000,18871260.098253045,0.8347149079628196,0.1652850920371805
Gaeul Jeon,밤하늘의 별처럼,2024.0,Painting,53.0,72.7,15,False,2000000,4805399.369740646,1.4026996848703233,2.4026996848703233
Gaeul Jeon,저녁노을,2023.0,Painting,90.9,72.7,40,False,3000000,7057655.07012283,1.352551690040943,2.352551690040943
Gaeul Jeon,바람,2023.0,Painting,53.0,72.7,15,False,2000000,4910875.206865655,1.4554376034328276,2.4554376034328276
Hyunho Park,Mind Explosion,2021.0,Oil on canvas,65.0,50.0,15,False,800000,4295977.857552711,4.369972321940889,5.369972321940889
Hyunho Park,"The Structure of the waves- rough, soft and sharp",2021.0,Oil on canvas,50.0,65.0,15,False,1000000,4295977.857552711,3.2959778575527108,4.295977857552711
Hyunho Park,Devouring wave and fragile my body,2021.0,Oil on canvas,116.0,162.0,80,False,4000000,26162684.8631398,5.5406712157849505,6.5406712157849505
Yusuke Ochiai,F$CK,2022.0,Acrylic on canvas,30.4,40.6,5,False,3044700,2372582.996663985,0.22074982866489806,0.7792501713351019
Yusuke Ochiai,INNER UNITY,2023.0,Acrylic and white gold leaf on canvas,101.6,152.4,80,False,12939800,22062896.73096116,0.705041556357993,1.705041556357993
Yusuke Ochiai,F$CK,2022.0,Acrylic on canvas,30.4,40.6,5,False,3044700,2372582.996663985,0.22074982866489806,0.7792501713351019
Yuin,어떤 도시조각,2025.0,Acrylic on Korean paper,15.0,15.0,0,False,180000,1074060.9612348278,4.967005340193488,5.967005340193488
Yuin,내 우주는 돌고 돌아서,2025.0,Acrylic on Korean paper,160.3,65.0,50,False,2000000,12850370.499473495,5.425185249736748,6.425185249736748
Yuin,여기는 blue,2024.0,Mixed media on canvas,80.3,80.3,30,False,1750000,5985133.893675118,2.4200765106714957,3.4200765106714957
YeRim Lee,"Hello,Is Everyone Doing Well",2023.0,Acrylic on Canvas,130.0,162.0,100,False,19790200,22810326.045490053,0.152607151291551,1.152607151291551
YeRim Lee,Corner Building in Paris,2023.0,Acrylic on canvas,72.0,100.0,40,False,9134000,8240000.679979546,0.0978759929954515,0.9021240070045485
YeRim Lee,Corner Building in Paris,2024.0,Acrylic on Canvas,130.0,162.0,100,False,19790200,22925203.530539803,0.15841191754200581,1.1584119175420058
SuRim Hong,A Horse Bay,,Oil on Canvas,53.0,72.7,15,True,2100000,2159059.231074915,0.02812344336900705,1.028123443369007
SuRim Hong,가려진,,Oil on Canvas,90.9,60.6,25,True,3000000,2677913.6311622066,0.10736212294593112,0.8926378770540688
SuRim Hong,Swamp,,Oil on Canvas,97.0,145.5,60,True,8000000,7201100.194728585,0.09986247565892688,0.9001375243410731
Toshiyuki Shibakawa,Appearance II.20191036 (Canvas Fossil Excavated 2000 Years Later),2019.0,Mixed Media,23.0,16.0,1,False,1294000,1770430.087885061,0.36818399372879523,1.3681839937287952
Toshiyuki Shibakawa,Appearance II.40220210 (Kewpie Doll Fossil Excavated 2000 Years Later),2022.0,Mixed Media,21.5,12.0,0,False,2283500,1660327.7740215466,0.27290222289400196,0.7270977771059981
Toshiyuki Shibakawa,Appearance II.40210206 (Kewpie Doll Fossil Excavated 2000 Years Later),2021.0,Mixed Media,18.5,28.0,2,False,3044700,1664298.345855383,0.4533785444032637,0.5466214555967362
Udomsak Krisanamis,Friday,2008.0,Acrylic on Newspaper,77.0,60.5,20,False,7916100,6977224.437075715,0.1186032974475165,0.8813967025524835
Udomsak Krisanamis,Mind Drifting,2006.0,Coffee and silkscreen on Fabriano paper,70.0,100.0,40,False,15223200,8721354.615359554,0.4271010946870859,0.5728989053129141
Udomsak Krisanamis,Untitled,2006.0,silkscreen on Fabriano paper,35.5,70.0,10,False,2435800,5244831.621488128,1.1532275316069167,2.153227531606917
Blake Daniels,Cave at Pope Lick Creek,2024.0,Oil on canvas,65.0,45.0,12,False,9999999,3979795.251418714,0.6020204350601721,0.3979795649398279
Jonghwan Jin,A forest froze in a dry state,2023.0,Oil on canvas,53.0,65.1,15,True,1200000,2094073.3458531958,0.7450611215443298,1.74506112154433
Jonghwan Jin,Dry Wood,2023.0,Oil on canvas,60.6,72.7,20,True,1600000,2526139.380685793,0.5788371129286205,1.5788371129286205
Jonghwan Jin,Cypress,2022.0,Oil on canvas,53.0,65.1,15,True,1200000,2030481.8426768016,0.692068202230668,1.692068202230668
Lee Koz,J-D The front door of Choi Jeong-ja's house-Two persimmon trees-Furnace-A wall-Clamatis,2023.0,Oil on canvas,130.3,130.3,80,False,7200000,19721133.27474209,1.7390462881586235,2.7390462881586237
Haechan Kang,Frozen window,2025.0,Acylic on canvas,26.7,34.8,4,False,500000,637451.1106212079,0.2749022212424157,1.2749022212424157
Haechan Kang,Night flight,2025.0,Acylic on canvas,45.5,53.0,10,False,1000000,1031874.7678594447,0.03187476785944472,1.0318747678594447
Haechan Kang,January light,2025.0,Acylic on canvas,65.1,90.6,30,False,2700000,2485704.1466704337,0.07936883456650604,0.920631165433494
Yutaka Hashimoto,Study_for_Null_Portrai t of someone#205,2024.0,Acrylic on canvas,80.3,100.0,40,False,9895100,7415237.169680809,0.25061523686665027,0.7493847631333497
Yutaka Hashimoto,What to see in repeated portraits #029,2024.0,Acrylic on canvas,80.3,100.0,40,False,9895100,7415237.169680809,0.25061523686665027,0.7493847631333497
Yutaka Hashimoto,Study_for_Null_Portr ait of someone#138,2023.0,Acrylic on canvas,112.0,145.5,80,False,12939800,21785564.10775708,0.6836090285597212,1.6836090285597212
Han Youngsoo,"Namdaemun, Seoul, Korea 1956-1963",,Fine art pigment print,100.0,150.0,80,False,25118300,18759346.92584951,0.25316016904609356,0.7468398309539065
Han Youngsoo,"Myeong-dong, Seoul, Korea 1956-1963",,Fine art pigment print,100.0,150.0,80,False,25118300,18759346.92584951,0.25316016904609356,0.7468398309539065
Han Youngsoo,"Nodeulseom, Seoul, Korea 1956",,Toned gelatin silver print,50.8,40.6,8,False,5023700,2889214.7118742154,0.42488311167581355,0.5751168883241864
Hiroshi Nagai,Untitled 01,2024.0,acrylic on canvas,72.7,72.7,25,False,33240000,5813424.486685427,0.8251075665858777,0.17489243341412236
Hiroshi Nagai,Untitled 05,2024.0,acrylic on canvas,65.2,65.2,20,False,33240000,4419843.096431895,0.8670323978209418,0.13296760217905823
Hiroshi Nagai,Untitled 03,2024.0,acrylic on canvas,60.6,72.7,20,False,33240000,3883319.222985362,0.8831733085744476,0.11682669142555241
Yuya Saito,Days_GSZ_007,2023.0,Spray and acrylic on curving wood,50.0,50.0,10,False,3805800,3123896.2892166376,0.17917486751362718,0.8208251324863728
Yuya Saito,Moment_Ghost_Mode l_A,2023.0,Spray and acrylic on curving wood,90.0,95.0,50,False,6850500,9400015.797682444,0.37216492193014283,1.3721649219301428
Yuya Saito,Moment_Ghost_Mode l_B,2023.0,Spray and acrylic on curving wood,90.0,95.0,50,False,6850500,9400015.797682444,0.37216492193014283,1.3721649219301428
Woo Young Choi,Facing Each Other #1,2024.0,Charcoal on paper,30.1,21.4,3,False,350000,1391867.2276441453,2.9767635075547005,3.9767635075547005
Woo Young Choi,Scene 22,2024.0,Charcoal on paper,21.0,14.8,1,False,350000,1421320.6600660228,3.0609161716172077,4.060916171617208
Woo Young Choi,The Windows Open and The Night Grows Late,2024.0,Charcoal on paper,42.0,29.7,5,False,600000,1948335.7585840353,2.2472262643067253,3.2472262643067253
Viriya Chotpanyavisut,Fuel Spills#3,2018.0,C print photography,80.0,120.0,50,False,3044700,13623136.218622139,3.4743771861339834,4.474377186133983
Viriya Chotpanyavisut,seascape,2018.0,C print photography,80.0,120.0,50,False,3044700,13623136.218622139,3.4743771861339834,4.474377186133983
Viriya Chotpanyavisut,lotus,2018.0,c print on ilford paper 180g,17.7,26.4,2,False,761200,1603356.861302544,1.106354258148376,2.106354258148376
Rodel Tapaya,Dog Days,,Acrylic on canvas,243.8,182.9,200,False,114174000,36121913.150041364,0.6836240023994835,0.31637599760051643
Rodel Tapaya,Words Are Weapon,,Acrylic on canvas,152.4,193.0,120,False,91339200,27248654.518078506,0.7016762297230706,0.29832377027692936
Rodel Tapaya,Dog Days,,Acrylic on canvas,243.8,182.9,200,False,114174000,36121913.150041364,0.6836240023994835,0.31637599760051643
John Giorno,We gave a party for the gods and the gods all came,2017.0,Hahnemuhle Ultra-Smooth Photo Rag 305GSM Archival paper 100% Epson pigmented ink,66.0,66.0,20,False,2283500,5106835.513104271,1.2364070563189276,2.2364070563189276
John Giorno,Life is a Killer,2017.0,Hahnemuhle Ultra-Smooth Photo Rag 305GSM Archival paper 100% Epson pigmented ink,75.0,75.0,30,False,2283500,6906209.554988821,2.024396564479449,3.024396564479449
John Giorno,The world just makes me laugh,2017.0,Hahnemuhle Ultra-Smooth Photo Rag 305GSM Archival paper 100% Epson pigmented ink,66.0,66.0,20,False,2283500,5106835.513104271,1.2364070563189276,2.2364070563189276
Seonghee Huh,Cheongpa,2024.0,Korean pigments and acrylic on linen,120.0,120.0,60,False,11113000,15369917.874379452,0.38305748892103414,1.383057488921034
Seonghee Huh,Fresh Breeze,2024.0,Korean Pigments on linen,60.0,60.0,15,False,3349200,3722423.703121084,0.11143667237581625,1.1114366723758162
Seonghee Huh,Pure,2024.0,Korean Pigments on linen,120.0,120.0,60,False,11113000,14470774.329262877,0.30214832441850775,1.3021483244185077
Gan Tee Sheng,Faded Sentiments,,Oil on canvas,122.0,183.0,100,False,8372800,26662269.555588264,2.1843910705604177,3.1843910705604177
Gan Tee Sheng,Fragments of Emotion,,Oil on canvas,122.0,183.0,100,False,8372800,26662269.555588264,2.1843910705604177,3.1843910705604177
Kow Leong Kiang,Soft Figures,,Oil on canvas,220.0,220.0,200,False,38058000,37024858.78820163,0.027146492506131954,0.972853507493868
Kow Leong Kiang,Soft Figures,,Oil on canvas,220.0,220.0,200,False,38058000,37024858.78820163,0.027146492506131954,0.972853507493868
Benedikt Hipp,Neonatal Refractions,2020.0,Oil and varnish on wood,46.0,58.0,12,False,12254700,3902982.554004285,0.6815113749007087,0.31848862509929127
Benedikt Hipp,Extension,2018.0,Oil and varnish on wood,76.0,104.0,40,False,19790200,9246659.478478208,0.5327657386747882,0.4672342613252119
Xian Kim,Still Life 292,2024.0,acrylic on canvas,146.0,97.0,60,False,11000000,18915785.684421595,0.7196168804019631,1.7196168804019631
Xian Kim,Still Life 298,2024.0,acryilc on canvas,73.0,91.0,40,False,6500000,6372387.857469537,0.019632637312378878,0.9803673626876211
Nattiwut Choomanowat,บางพลัด Got talent,,Oil on linen,190.0,130.0,120,False,9488800,28777912.75645962,2.032829520746524,3.032829520746524
Sung Neung Kyung,Venue,1988.0,Gelatin silver print,23.0,34.5,3,False,10960800,5699761.749828617,0.47998670262858395,0.5200132973714161
Sung Neung Kyung,Venue,1988.0,Gelatin silver print,34.5,23.0,3,False,10960800,5699761.749828617,0.47998670262858395,0.5200132973714161
Philippe Parreno,"Philippe Parreno, Limited edition including original artwork",2023.0,"Softcover, Wrapped in glassine paper, Cardboard clamshell box",24.3,31.3,3,False,4200000,1534256.3373953544,0.6347008720487252,0.36529912795127484
Philippe Parreno,"Philippe Parreno, Revue",2023.0,Softcover,24.5,31.5,3,False,168000,1801610.1371632097,9.723869864066724,10.723869864066724
Rosemarie Trockel,"Rosemarie Trockel, Revue N°1-2",2013.0,,24.5,31.5,3,False,165000,2756391.0902812583,15.705400547159142,16.70540054715914
Rosemarie Trockel,"Rosemarie Trockel, limited edition including original artwork",2013.0,,24.5,31.5,3,False,2250000,2756391.0902812583,0.22506270679167037,1.2250627067916704
Alex Jo,SKULL,2023.0,Acrylic on canvas,91.4,91.4,50,False,11417400,10119972.321816823,0.11363600103203685,0.8863639989679631
Alex Jo,Lovers,2023.0,Acrylic on canvas,121.9,121.9,80,False,14918800,17433197.883979656,0.1685388827506003,1.1685388827506002
Peter Ravn,Group Dynamics Team Formation No. 1,,Giclée print on paper,48.0,60.0,12,False,1200000,3018346.2317744605,1.515288526478717,2.515288526478717
Peter Ravn,Landing,2025.0,Giclée print on paper,45.0,45.0,8,False,1000000,2335054.686954015,1.335054686954015,2.335054686954015
Muklay,facing a year of the dragon #3,2023.0,Acrylic on canvas,50.0,60.0,12,False,3044700,2970559.384452342,0.024350712893768826,0.9756492871062312
Muklay,facing a year of the dragon #1,2023.0,Acrylic on canvas,50.0,60.0,12,False,3044700,2970559.384452342,0.024350712893768826,0.9756492871062312
Jonathan Hadipranata,They All Wanted To Be A King,,Acrylic on canvas,100.0,120.0,60,False,9438400,10637346.32625341,0.1270285563499545,1.1270285563499545
Jonathan Hadipranata,They All Wanted To Be A QueenThey All Wanted To Be A Queen,,Acrylic on canvas,100.0,120.0,60,False,9438400,10637346.32625341,0.1270285563499545,1.1270285563499545
EUN LEE,I will meet you there,2023.0,Oil on linen,130.0,100.0,60,False,5200000,16218352.723024115,2.1189139851969454,3.1189139851969454
EUN LEE,Youth,2024.0,Oil on linen,80.0,100.0,40,False,4400000,8117344.680641553,0.8448510637821712,1.8448510637821711
Mirza Cizmic,"Paraphrase, I love you Mamma Part III, 2025",,Oil on canvas,70.0,100.0,40,False,14766600,7248124.151821419,0.5091541619721928,0.49084583802780724
Mirza Cizmic,"Drawing (5), 2025",,Graphite pencil on the paper,29.5,42.0,5,False,487200,1906582.9618892088,2.9133476229253055,3.9133476229253055
Hiroshi Mori,"When You Give Up, That'sWhen The Game Is Over",2023.0,"acrylic, urethane, pearl pigment, materials for LED UV curing on wooden board",91.0,91.0,50,False,17370000,9388367.18815683,0.4595067824895319,0.5404932175104681
Hiroshi Mori,"In the Name of the Moon, I Will Punish You",2023.0,"acrylic, urethane, pearl pigment, materials for LED UV curing on wooden board",91.0,91.0,50,False,17370000,9388367.18815683,0.4595067824895319,0.5404932175104681
youngmi kim,Circle_1,2025.0,Painting,116.8,91.0,50,False,9800000,11295093.21473621,0.1525605321159398,1.1525605321159398
youngmi kim,Circle_2,2025.0,Painting,60.6,72.7,20,False,4800000,3965498.0662643,0.1738545695282708,0.8261454304717292
JuAe Park,Rolling in a Paint Can,,Oil and Acrylic on Canvas,91.0,117.0,50,True,4000000,4757235.991149593,0.1893089977873983,1.1893089977873983
JuAe Park,Impregnating Me,,Pencil and Mixed Media on Fabric,66.0,79.0,25,True,4500000,2367082.746166567,0.47398161196298516,0.5260183880370148
Marvin,Thermocline,,Oil on canvas,122.0,122.0,80,False,9895100,15707757.225265516,0.5874278405741747,1.5874278405741746
Marvin,Leviathan,,Oil on canvas,122.0,152.0,80,False,11417400,19777013.68519583,0.7321819052670336,1.7321819052670335
Candice Joo,Love Reflection 23_02,2023.0,Oil on canvas,27.3,27.3,3,False,1600000,1458127.137588932,0.08867053900691753,0.9113294609930824
Amin Taasha,In Between Moments,,"Watercolour, gouache, gold and silver on paper",36.6,29.6,4,False,5784900,1359924.8196874647,0.7649181801435694,0.23508181985643048
Amin Taasha,Sentimental Journey 1,,"Watercolor, gouache, gold and silver on paper (Fabriano HP 640 gsm)",20.9,33.0,3,False,3501400,1414849.5613287992,0.5959189006315191,0.40408109936848097
Natagon Khamkayprong,White withering,,Oil on linen,60.0,75.0,20,False,1033400,4742088.0554410815,3.5888214200126587,4.588821420012659
Natagon Khamkayprong,A Drizzly Day 2,,Oil on canvas,150.0,180.0,120,False,3131300,21950615.679825563,6.010064727054439,7.010064727054439
N5BRA,High 2,2024.0,Oil on Canvas,40.9,60.6,10,False,3044700,2315447.547257707,0.2395153718731872,0.7604846281268128
N5BRA,High 1,2024.0,Oil on Canvas,40.9,60.6,10,False,3044700,2315447.547257707,0.2395153718731872,0.7604846281268128
Tobias Ryuu,Bloodguilt,,Oil on linen,96.0,152.0,60,False,6089300,18222612.84468817,1.9925628306518268,2.992562830651827
Tobias Ryuu,Wisdom of age & ferocity of youth,,Oil on linen,89.0,114.0,50,False,2588000,11007758.08950267,3.2533841149546636,4.253384114954664
Boonhlue Yangsouy,มนุษยคู่แรก no. 3,,Oil on linen,150.0,150.0,100,False,11386600,20752188.797902323,0.8225096866406411,1.822509686640641
SUMA,The Inner Universe and the Outer Universe,,Oil and acrylic on plywood,60.0,91.0,25,False,2524100,6615258.031767458,1.6208383311942702,2.6208383311942702
SUMA,The Inner Universe and the Outer Universe,,Oil and acrylic on plywood,61.0,91.0,25,False,3961600,6582147.571846322,0.6614871697915797,1.6614871697915796
Maria Chang,Between Spring,2020.0,Mixed media on hemp cloth,46.0,53.0,10,False,7000000,2909325.9410053524,0.5843820084278067,0.4156179915721932
Maria Chang,In Between - Spring series (Gray cream),2021.0,Mixed media on hemp cloth,61.0,72.0,20,False,12000000,4326184.468543593,0.6394846276213673,0.36051537237863274
Yujiro Ueno,Flow— Carp— No .8,2023.0,"canvas, acrylic, oil",116.7,91.0,50,False,6467685,11541299.392524894,0.7844560136315999,1.7844560136316
Yujiro Ueno,KulikalaDragon No .3,2022.0,"canvas, acrylic, oil",194.0,112.0,100,False,12099909,29515279.110820383,1.439297610487846,2.439297610487846
Ha Ninh Pham,F4.2 [Architectural Plan No. 2],,"Graphite, acrylic, ink, and coloured pencils on paper",66.0,104.0,40,False,3349200,7129451.915515845,1.1287029486193254,2.1287029486193254
Ha Ninh Pham,D1 [Blue Prison],,"Graphite, acrylic, ink, and colored pencils on paper",111.0,140.0,80,False,6089300,15480643.212388532,1.5422697538942953,2.542269753894295
KAMA,Ghost Cat,,Mixed media on canvas,80.0,130.0,50,False,2283500,12289615.128278105,4.381920353964574,5.381920353964574
KAMA,Blue Bird,,Mixed media on canvas,80.0,130.0,50,False,2283500,12289615.128278105,4.381920353964574,5.381920353964574
Sujin Lee,Night’s Edge,,Oil on linen,80.3,130.3,50,False,6000000,12540992.636700166,1.0901654394500278,2.0901654394500278
Sujin Lee,Filling in Black,,Oil on linen,40.9,31.8,6,False,2000000,2399433.934031221,0.19971696701561054,1.1997169670156105
Kowit Wattanarach,The grassland,,Oil and spray on linen,160.0,140.0,100,False,9014400,18998797.044110533,1.107605280896181,2.107605280896181
Atreyu Moniaga,Autopilot,2022.0,Watercolor on paper,60.0,80.0,20,False,7763900,5447889.1334419465,0.29830508720592147,0.7016949127940786
Atreyu Moniaga,Stressfest Wasteland,2022.0,Acrylic on sewn canvas,150.0,100.0,80,False,17582800,22853195.738434676,0.2997472381210431,1.299747238121043
Ever Goya,Ever Goya THE PRINT PORTFOLIO,2021.0,,24.5,31.5,3,False,21000000,1864718.6775863885,0.9112038724958863,0.08879612750411374
Ever Goya,"Ever Goya, Revue",2021.0,,24.5,31.5,3,False,165000,1864718.6775863885,10.301325318705386,11.301325318705386
Nam Hijo,Moments of Journey 2501,2025.0,Painting,50.0,50.0,10,False,8400000,3044204.442842907,0.6375947091853683,0.36240529081463174
Nam Hijo,Journey 240501,2024.0,Painting,51.0,76.0,15,False,14000000,5228427.114740153,0.6265409203757034,0.37345907962429664
Tomohiro Todoroki,Ferrari 812,2022.0,Acrylic on canvas,41.0,41.0,8,False,3805800,2697590.736481551,0.29118956947775737,0.7088104305222427
Tomohiro Todoroki,Porche 944 Yellow Green Couple,2023.0,Acrylic on canvas,41.0,41.0,8,False,3805800,2692098.350893288,0.2926327313854412,0.7073672686145588
Enzo Lee,"Apple, Chapter V",2023.0,Acrylic paint and oil pastel on canvas,147.3,127.0,80,False,15223200,19146886.319310203,0.25774385932722443,1.2577438593272245
Enzo Lee,"Apple, Chapter I",2023.0,Acrylic paint and oil pastel on canvas,147.3,127.0,80,False,15223200,19146886.319310203,0.25774385932722443,1.2577438593272245
Candy Koh,Untitled (20230712-1),2023.0,Graphite and Watercolor on Paper,45.7,60.9,12,False,27401800,3661793.9829889466,0.8663666626648999,0.13363333733510013
Candy Koh,Untitled (20230712-2),2023.0,Graphite and Watercolor on Paper,73.6,57.1,20,False,27401800,5045647.573380491,0.8158643748447002,0.1841356251552997
Rachata Siriyakul,Portrait of Marco Polo in Da Yuan,,Oil on linen,140.0,190.0,120,False,12335400,27510635.704529982,1.2302183718833586,2.2302183718833586
Kitti Narod,Horizon Sharing,,Acrylic on canvas,140.0,160.0,100,False,60892800,19268804.624567647,0.6835618558422729,0.31643814415772714
Kitti Narod,Lakshmi and Vishnu,,Acrylic on canvas,120.0,150.0,80,False,53281200,20143477.600053005,0.6219402415851556,0.37805975841484435
Gabriel Orozco,Untitled,2017.0,Silkscreen on glassine,31.8,57.5,8,False,3501400,3985433.364307249,0.13823995096454245,1.1382399509645424
Gabriel Orozco,"Gabriel Orozco, Revue ",2017.0,,24.5,31.5,3,False,165000,2244034.9795634397,12.60021199735418,13.60021199735418
Rirkrit Tiravanija,Untitled(time waits for no one),,Permanent ink on one hundred baht bank note paper in artist made frame,30.0,30.0,3,False,3805800,1178109.8544285286,0.6904435718039496,0.3095564281960504
Rirkrit Tiravanija,Untitled,2017.0,Oil on newspaper on linen,142.0,164.0,100,False,137008800,24552579.332770675,0.8207956034008715,0.17920439659912848
Mit Jai Inn,Untitled,,Oil on plywood,52.0,70.0,15,False,7307200,4114248.6935607754,0.4369596160552913,0.5630403839447087
Mit Jai Inn,Untitled,,Oil on plywood,52.0,70.0,15,False,7307200,4114248.6935607754,0.4369596160552913,0.5630403839447087
Jung-uk Yang,I Once Saw a Man Who Stood Still W1/30,,"wood, motor, thread, cloth, PLA, LED",40.0,112.0,20,False,25879500,5186882.898411795,0.7995756139642654,0.20042438603573465
Jung-uk Yang,A Man without Words H1/30,,"wood, motor, thread, cloth, PLA, LED",50.0,190.0,50,False,28924100,8930170.489137102,0.6912550264610791,0.3087449735389209
Mira Park,A Stone’s Tomorrow,2023.0,Acrylic on canvas,53.0,41.0,10,False,1500000,2100364.567353024,0.4002430449020161,1.400243044902016
Mira Park,Chasing Mouth Corners,2025.0,Acrylic on canvas,27.3,19.0,2,False,700000,1035287.1613556183,0.47898165907945467,1.4789816590794547
Cildo Meireles,"Cildo Meireles, Revue",2022.0,,24.5,31.5,3,False,165000,1826661.4140168058,10.07067523646549,11.07067523646549
Cildo Meireles,"Shit Coin, limited edition including original artwork",2022.0,,24.5,31.5,3,False,7200000,1826661.4140168058,0.7462970258309992,0.2537029741690008
Tulsi Patel,Blood is Blue XVI,2026.0,Water colour on paper,18.5,19.5,1,False,1217900,1033159.6832930786,0.1516875906945738,0.8483124093054262
Tulsi Patel,Blood is Blue XXVIII,,Water colour on paper,18.5,19.5,1,False,1217900,1005748.8637072535,0.17419421651428404,0.825805783485716
Mary Pakinee,The Birth of Venus,,Oil on canvas,40.0,30.0,5,False,4262500,2025614.1420550584,0.5247826059694878,0.4752173940305122
Mary Pakinee,The Madonna in the right panel of The Melun Diptych,,Oil on canvas,40.0,30.0,5,False,4262500,2025614.1420550584,0.5247826059694878,0.4752173940305122
JiMin Chae,Slightly Misaligned Landscape #1,,Oil on Canvas,60.6,60.6,15,True,5000000,4534773.822833637,0.09304523543327264,0.9069547645667273
JiMin Chae,Slightly Misaligned Landscape #2,,Oil on Canvas,60.6,60.6,15,True,5000000,4534773.822833637,0.09304523543327264,0.9069547645667273
Pollawat Samidee,Shade of Flowers 2,,Oil on cavas,160.0,200.0,150,False,6642200,27785443.87658382,3.183168811024031,4.183168811024031
Alexander Calder,Calder by Matter,2013.0,,31.5,31.5,4,False,180000,2769269.409527667,14.384830052931482,15.384830052931482
Alexander Calder,"Calder in France, Revue N°1",2015.0,,24.5,31.5,3,False,165000,2503352.32566344,14.171832276748122,15.171832276748122
Lucas Dupuy,Too Fragile to Walk on,2024.0,Acrlyic on Hessian,120.0,40.0,20,False,5500000,6464159.032504151,0.17530164227348194,1.1753016422734819
Lucas Dupuy,Panoramic Deep Love Story,2024.0,Acrlyic on Hessian,120.0,40.0,20,False,5500000,6464159.032504151,0.17530164227348194,1.1753016422734819
Mahdi Abdullah,Gazirah dan Laku Waktu,,Oil on canvas,150.0,150.0,100,False,9895100,20460660.308341417,1.0677567996626025,2.0677567996626025
Mahdi Abdullah,Persiapan Gerilya (After S. Soedjojono),,Oil on canvas,145.0,190.0,120,False,12559200,26639438.39761326,1.1211094972301787,2.121109497230179
Ryan Lee,Moving Up But Still Looking Down,,Acrylic on canvas,36.0,28.0,4,False,2000000,1935584.2312678327,0.032207884366083656,0.9677921156339163
Ryan Lee,Wall in Vermont,2024.0,Acrylic on canvas,36.0,28.0,4,False,2000000,2090888.7338169497,0.04544436690847482,1.0454443669084748
Shigematsu,Untitled,2023.0,Acrylic on canvas,72.7,53.0,15,False,3044700,4975375.222253391,0.6341101659452132,1.634110165945213
Shigematsu,Untitled,2023.0,Acrylic on canvas,53.0,65.2,15,False,2283500,3435659.484789192,0.504558565705799,1.5045585657057992
Jourdain Jongwon Lee,Golem,2014.0,"Steal, wood, found object",40.6,71.1,12,False,3044700,5319664.211979066,0.7471882983476421,1.747188298347642
Jourdain Jongwon Lee,Golem,2013.0,"Steal, wood, found object",182.8,121.9,100,False,15223200,29594015.614544477,0.9440075420768614,1.9440075420768614
Arthur Jafa,"Arthur Jafa, Revue",2019.0,,24.5,31.5,3,False,165000,2004655.7488858965,11.149428781126646,12.149428781126646
Joan Miró,"Joan Miró, Revue",2018.0,,24.5,31.5,3,False,165000,2032611.1246465435,11.318855300888142,12.318855300888142
Sahapap Lertsamatijit,The cursed,,Oil on linen,120.0,120.0,60,False,5693300,13515563.301673623,1.3739418793447777,2.3739418793447777
Hyojeong Son,Information Enters the Curve,2025.0,Oil and collage on canvas,133.0,162.0,100,False,8000000,11474139.464923123,0.43426743311539034,1.4342674331153904
Adel Abdessemed,Hibou,2016.0,Archival pigment print,61.0,102.0,30,False,9286200,9997161.93585263,0.07656112681749586,1.076561126817496
Jack Shure,Kaley,,Oil and animal protein emulsion on canvas,35.6,35.6,6,False,3805800,1820016.5144218705,0.5217782031578458,0.4782217968421542
William Kentridge,Unremember Me,2015.0,Lithograph on Japanese paper,48.0,62.0,12,False,4262500,4327417.230692049,0.015229848842709339,1.0152298488427094
Yunmook LIM,Boat Ride,,oil on linen,141.0,61.0,50,False,2500000,12438608.314159313,3.975443325663725,4.975443325663726
Hime,Dakota,2022.0,Acrylic on canvas,60.6,72.7,20,False,9895100,4131914.823135458,0.5824281893931887,0.41757181060681126
Billy Gibney,Symposia,,Oil and volcanic rock on canvas,71.0,101.5,40,False,5400000,7615835.000288865,0.4103398148683083,1.4103398148683082
Yunmook Lim,In,2023.0,oil on linen,112.1,112.1,60,False,3500000,12651368.908174355,2.6146768309069586,3.6146768309069586
Pawarisa Wangkhomfu,Insensitive,,Acrylic on Canvas,150.0,150.0,100,False,5693300,20717781.330055356,2.6389758716483156,3.6389758716483156
Marcelo Suaznabar,Creature I,2024.0,Oil on canvas,64.0,82.0,25,False,4200000,6253815.8790451,0.4890037807250238,1.4890037807250238
Saehyun Paik,IPAOC0244,2023.0,Oil on canvas,121.9,91.4,60,False,15223200,15251647.67498943,0.0018687053306420617,1.001868705330642
Henri Matisse,Dessins,1992.0,,25.5,34.0,3,False,135000,4743262.159722873,34.135275257206466,35.135275257206466
Warawut Tourawong,A painting of orange color in the garden,,Oil on linen,140.0,180.0,120,False,8065500,26622551.7952874,2.300793725781092,3.300793725781092
Jean-Michel Othoniel,The Moon Rose,2022.0,거울 위에 마띠에르 프린팅 Matiere Printing on mirror,30.0,30.0,3,False,3196900,1483433.1402083284,0.5359776220062159,0.4640223779937841
Jeonghu Jang,Tertön 30-7,2025.0,Mixed media on aluminum,72.0,91.0,30,False,5023700,6680172.091482845,0.32973149102909116,1.3297314910290912
Woojae Jeong,Radiant Vivid Afternoon,2023.0,Oil on canvas,90.9,65.1,30,False,3600000,7482478.627119894,1.0784662853110818,2.0784662853110816
Darren Bader,"Calder in France, limited edition including original artwork",2015.0,,24.5,31.5,3,False,650100,2503352.32566344,2.850718851966528,3.850718851966528
Bell Nakai,Rockstar,2024.0,Acrylic painting on wood panel,60.0,75.0,20,False,4567000,5134965.223092813,0.12436286908097505,1.124362869080975
Thomas Schütte,Thomas Schütte : Old Friends Revisited,2023.0,,22.5,32.0,3,False,90000,1754163.3445028018,18.490703827808908,19.490703827808908
Tania Marmolejo,The Golden Hour,,Oil on linen,150.0,130.0,100,False,60131700,18412215.890095238,0.6938018401260029,0.3061981598739972
Herbert Matter,Mobile in Motion,1936.0,Gelatin silver print,53.5,48.5,12,False,17506700,4873279.254045269,0.721633474381507,0.2783665256184929
David Douard,UN’FOLD,2023.0,Xerox printing and paint on transparent film sheet and paper,50.5,68.7,15,False,5136425,3853849.9524046457,0.24970189335877663,0.7502981066412233
Rizal Hasan,Persistence,,Acrylic on canvas,150.0,150.0,100,False,4871500,20717781.330055356,3.2528546300021257,4.252854630002126
Vassily Kandinsky,KANDINSKY. FORMES NOIRES SUR BLANC,2023.0,,17.5,24.5,1,False,45000,1591987.5902812418,34.37750200624982,35.37750200624982
Wonjoo Park,The Empathy Box Z,2024.0,"slumped glass, pencil on wood, silver gilt",48.0,35.0,8,False,3653600,3141885.4089943776,0.14005763931618742,0.8599423606838126
Taryn Simon,THE COLOR OF A FLEA'S EYE: THE PICTURE COLLECTION,2020.0,,25.4,33.6,3,False,225000,2031849.9129170876,8.030444057409278,9.030444057409278
Seok Cho,Moon You,2023.0,print on canvas,51.5,80.0,20,False,2000000,5612523.567382842,1.8062617836914212,2.806261783691421
Georg Baselitz,Georg Baselitz,2024.0,Softcover book with full-color offset prints,24.5,31.5,3,False,304500,1766428.739969297,4.801079605810499,5.801079605810499
Ian Ha,Farewell,2021.0,color pigment and lino cut on wood panel(fresco),117.0,66.0,40,False,4000000,8895609.253027257,1.223902313256814,2.223902313256814
Sojin Park,"Something Between, to be Between, If It’s Between",2024.0,"Thread, acrylic, pen on cotton fabric with canvas frame",160.0,200.0,150,False,8000000,15060194.03018106,0.8825242537726324,1.8825242537726325
Hojin Kim,Healing forest,2022.0,acrylic on canvas,91.0,116.8,50,False,5300000,11912502.310143458,1.2476419453100864,2.2476419453100864
Pawarest (Doe) Choksaen,The Breakfast,,Acrylic on canvas,60.0,80.0,20,False,1356900,5109530.013840774,2.7655906948491222,3.7655906948491222
Suyeon Kim,Just the two of us 15,2024.0,mixed media,4.5,5.3,0,False,2740200,1307568.816304994,0.5228199342000606,0.47718006579993943
Joohyun Kang,Visual Accumulation,2020.0,Oil on canvas,121.9,121.9,80,False,9742900,17760058.97183434,0.8228719346225805,1.8228719346225806
Frank Gehry,"Frank Gehry, Catalogues Raisonnés ﻿of the drawings, Vol. 1",2019.0,,31.0,24.8,3,False,675000,1830650.1464031553,1.7120742909676374,2.7120742909676374
Uji Handoko Eko Saputro (aka Hahan),Dreaming Over the Year (from Hanging on the Wall Series),,Acrylic on canvas mounted on plywood,83.0,63.0,25,False,8372800,5947452.213299484,0.28966985795677863,0.7103301420432214
Heejae Lim,Study for S/CWS 520,2023.0,Oil on Linen,34.8,27.3,4,False,900000,1950403.9664478365,1.1671155182753739,2.167115518275374
Arin Rungjang,We will leave and never return,,White candle and brass pins,150.3,150.0,100,False,26792900,19681216.96873872,0.26543162670936254,0.7345683732906374
Matthew Antezzo,"Nam June Paik, Video Time - Video Space {Edition Cantz, 1991), p.31",1997.0,"Oil on linen, 2 panels",71.1,106.7,40,False,34401200,13770949.501868641,0.5996956646317965,0.4003043353682035
Goro Nagashima,VINTAGEBURGERS 2,2024.0,"oil, acrylic, canvas, varnish",80.3,100.0,40,False,4973400,7231407.380430768,0.45401684570530587,1.454016845705306
Jaeyoon Yoo,Binding,2026.0,Mixed media,90.0,135.0,60,False,3805800,15745215.036994783,3.1371630240671564,4.137163024067156
Marcel Duchamp,Coeurs Volants,1936.0,Silkscreen in 2 colors on Old Mill paper,47.0,67.0,15,False,144700,6232179.066582891,42.069654917642644,43.069654917642644
Tos Suntus,A Dream That Comes With Freedom,,Acrylic on canvas,150.0,190.0,120,False,12939800,27248654.518078506,1.1058018298643337,2.1058018298643337
Étienne Hajdú,Étienne Hajdu,2023.0,,17.5,24.5,1,False,45000,1591987.5902812418,34.37750200624982,35.37750200624982
Wataru Kimura,Production No.67,,Acrylic on canvas,60.6,72.7,20,False,3805800,3596723.0913802846,0.05493638883275931,0.9450636111672407
Xiyao Wang,The Blue Hour No. 4,,"Charcoal, oil stick on canvas",150.0,190.0,120,False,71177900,26944382.60884788,0.6214501606699849,0.37854983933001507
Panchat Yodmanee,The Wing of Dream 22052024,,Acrylic on linen,130.0,97.0,60,False,8372800,14397552.116645504,0.719562406440558,1.719562406440558
Kongsak Kampakdee,A moment from an Ordinary day,,Acrylic on canvas,70.0,90.0,30,False,1356900,6345326.774832232,3.6763407582225898,4.676340758222589
Adam Bazlik,CYRCON,2025.0,installation,3.0,3.0,0,False,5000000,1236285.2603711528,0.7527429479257695,0.24725705207423054
Max Ernst,Pochoir,1949.0,Off print stencil,25.0,32.5,3,False,525000,5299448.567984419,9.094187748541751,10.094187748541751
