Artist,Title,Year,Medium (EN),Width (cm),Height (cm),ho,artist_birth_year,career_stage,model_used,has_artsy_price,actual_krw,predicted_krw,ape,ratio
GEONYUL JANG,Portrait of Mountains and Clouds7,,Oil on paper,31.0,41.0,6,1992.0,1,CatBoost,False,700000,991340.6586327609,0.4162009409039441,1.416200940903944
GEONYUL JANG,0531 1840 1901,,Oil on paper,23.0,16.0,1,1992.0,1,CatBoost,False,300000,658366.4740313529,1.194554913437843,2.194554913437843
GEONYUL JANG,Pieces,,Oil on canvas,91.0,116.8,50,1992.0,1,CatBoost,False,4000000,5896196.189527818,0.4740490473819545,1.4740490473819545
GEONYUL JANG,0521 1327 1341,,Oil on paper,23.0,16.0,1,1992.0,1,CatBoost,False,300000,658366.4740313529,1.194554913437843,2.194554913437843
GEONYUL JANG,Clouds 2,,Oil on canvas,45.5,53.0,10,1992.0,1,CatBoost,False,1000000,1212006.268685818,0.21200626868581796,1.212006268685818
GEONYUL JANG,0511 1646 1702,,Oil on paper,23.0,16.0,1,1992.0,1,CatBoost,False,300000,658366.4740313529,1.194554913437843,2.194554913437843
GEONYUL JANG,Portrait of Mountains and Clouds4,,Oil on paper,31.0,41.0,6,1992.0,1,CatBoost,False,700000,991340.6586327609,0.4162009409039441,1.416200940903944
GEONYUL JANG,0504 1834 1857,,Oil on paper,23.0,16.0,1,1992.0,1,CatBoost,False,300000,658366.4740313529,1.194554913437843,2.194554913437843
GEONYUL JANG,0530 1812 1832,,Oil on paper,23.0,16.0,1,1992.0,1,CatBoost,False,300000,658366.4740313529,1.194554913437843,2.194554913437843
GEONYUL JANG,Portrait of Mountains and Clouds5,,Oil on paper,31.0,41.0,6,1992.0,1,CatBoost,False,700000,991340.6586327609,0.4162009409039441,1.416200940903944
GEONYUL JANG,Nightscape2,,Oil on paper,31.0,41.0,6,1992.0,1,CatBoost,False,700000,991340.6586327609,0.4162009409039441,1.416200940903944
GEONYUL JANG,0511-0512,,Oil on canvas,45.5,53.0,10,1992.0,1,CatBoost,False,1000000,1212006.268685818,0.21200626868581796,1.212006268685818
GEONYUL JANG,Flower Study 4,,Oil on paper,31.0,41.0,6,1992.0,1,CatBoost,False,700000,991340.6586327609,0.4162009409039441,1.416200940903944
GEONYUL JANG,0516 1927 1939,,Oil on paper,23.0,15.0,1,1992.0,1,CatBoost,False,300000,684046.0999498265,1.2801536664994215,2.2801536664994217
GEONYUL JANG,Cloud portrait 10,,Oil on paper,30.0,40.0,5,1992.0,1,CatBoost,False,700000,883663.5977888048,0.2623765682697211,1.2623765682697212
GEONYUL JANG,Cloud Portrait 7,,Oil on paper,30.0,40.0,5,1992.0,1,CatBoost,False,700000,883663.5977888048,0.2623765682697211,1.2623765682697212
GEONYUL JANG,0514 1832 1847,,Oil on paper,23.0,16.0,1,1992.0,1,CatBoost,False,300000,658366.4740313529,1.194554913437843,2.194554913437843
GEONYUL JANG,Cloud Portrait 4,,Oil on paper,30.0,40.0,5,1992.0,1,CatBoost,False,700000,883663.5977888048,0.2623765682697211,1.2623765682697212
GEONYUL JANG,Nightscape,,Oil on paper,41.0,31.0,6,1992.0,1,CatBoost,False,700000,991340.6586327609,0.4162009409039441,1.416200940903944
GEONYUL JANG,0522 1510 1528,,Oil on paper,23.0,16.0,1,1992.0,1,CatBoost,False,300000,658366.4740313529,1.194554913437843,2.194554913437843
GEONYUL JANG,Cloud Portrait 13,,Oil on paper,30.0,40.0,5,1992.0,1,CatBoost,False,700000,883663.5977888048,0.2623765682697211,1.2623765682697212
GEONYUL JANG,Cloud Portrait 6,,Oil on paper,30.0,40.0,5,1992.0,1,CatBoost,False,700000,883663.5977888048,0.2623765682697211,1.2623765682697212
GEONYUL JANG,0501 1846 1907,,Oil on paper,23.0,16.0,1,1992.0,1,CatBoost,False,300000,658366.4740313529,1.194554913437843,2.194554913437843
GEONYUL JANG,0427 1830 1847,,Oil on paper,23.0,16.0,1,1992.0,1,CatBoost,False,300000,658366.4740313529,1.194554913437843,2.194554913437843
GEONYUL JANG,Flowers 1,,Oil on paper,41.0,31.0,6,1992.0,1,CatBoost,False,700000,991340.6586327609,0.4162009409039441,1.416200940903944
GEONYUL JANG,0518 0926 0938,,Oil on paper,23.0,16.0,1,1992.0,1,CatBoost,False,300000,658366.4740313529,1.194554913437843,2.194554913437843
GEONYUL JANG,0512 1847 1913,,Oil on paper,23.0,16.0,1,1992.0,1,CatBoost,False,300000,658366.4740313529,1.194554913437843,2.194554913437843
GEONYUL JANG,Flower Study 5,,Oil on paper,31.0,41.0,6,1992.0,1,CatBoost,False,700000,991340.6586327609,0.4162009409039441,1.416200940903944
GEONYUL JANG,Cloud Portrait 3,,Oil on paper,30.0,40.0,5,1992.0,1,CatBoost,False,700000,883663.5977888048,0.2623765682697211,1.2623765682697212
GEONYUL JANG,0527 0918 0931,,Oil on paper,23.0,16.0,1,1992.0,1,CatBoost,False,300000,658366.4740313529,1.194554913437843,2.194554913437843
GEONYUL JANG,0518 1052 1103,,Oil on paper,23.0,16.0,1,1992.0,1,CatBoost,False,300000,658366.4740313529,1.194554913437843,2.194554913437843
GEONYUL JANG,Tree,,Oil on canvas,130.0,162.0,100,1992.0,1,CatBoost,False,8500000,9257375.650138812,0.08910301766338967,1.0891030176633896
GEONYUL JANG,0524 0903 0921,,Oil on paper,23.0,16.0,1,1992.0,1,CatBoost,False,300000,658366.4740313529,1.194554913437843,2.194554913437843
GEONYUL JANG,Flower Study 1,,Oil on paper,31.0,41.0,6,1992.0,1,CatBoost,False,700000,991340.6586327609,0.4162009409039441,1.416200940903944
GEONYUL JANG,A Found Flower2,,Oil on paper,31.0,41.0,6,1992.0,1,CatBoost,False,700000,991340.6586327609,0.4162009409039441,1.416200940903944
GEONYUL JANG,0514 1917 1929,,Oil on paper,23.0,16.0,1,1992.0,1,CatBoost,False,300000,658366.4740313529,1.194554913437843,2.194554913437843
GEONYUL JANG,A Scene Outside the Window,,Oil on paper,31.0,41.0,6,1992.0,1,CatBoost,False,700000,991340.6586327609,0.4162009409039441,1.416200940903944
GEONYUL JANG,0527 1029 1047,,Oil on paper,23.0,16.0,1,1992.0,1,CatBoost,False,300000,658366.4740313529,1.194554913437843,2.194554913437843
GEONYUL JANG,0522 1126 1141,,Oil on paper,23.0,16.0,1,1992.0,1,CatBoost,False,300000,658366.4740313529,1.194554913437843,2.194554913437843
GEONYUL JANG,Cloud Portrait 15,,Oil on paper,31.0,41.0,6,1992.0,1,CatBoost,False,700000,991340.6586327609,0.4162009409039441,1.416200940903944
GEONYUL JANG,0515 1815 1830,,Oil on paper,23.0,16.0,1,1992.0,1,CatBoost,False,300000,658366.4740313529,1.194554913437843,2.194554913437843
GEONYUL JANG,0520-0521,,Oil on canvas,45.5,53.0,10,1992.0,1,CatBoost,False,1000000,1212006.268685818,0.21200626868581796,1.212006268685818
GEONYUL JANG,0525 0945 1000,,Oil on paper,23.0,16.0,1,1992.0,1,CatBoost,False,300000,658366.4740313529,1.194554913437843,2.194554913437843
GEONYUL JANG,0526 1013 1032,,Oil on paper,23.0,16.0,1,1992.0,1,CatBoost,False,300000,658366.4740313529,1.194554913437843,2.194554913437843
GEONYUL JANG,0510-0511,,Oil on canvas,45.5,53.0,10,1992.0,1,CatBoost,False,1000000,1212006.268685818,0.21200626868581796,1.212006268685818
GEONYUL JANG,0522 1441 1457,,Oil on paper,23.0,16.0,1,1992.0,1,CatBoost,False,300000,658366.4740313529,1.194554913437843,2.194554913437843
GEONYUL JANG,Sunset Landscape,,Oil on paper,31.0,41.0,6,1992.0,1,CatBoost,False,700000,991340.6586327609,0.4162009409039441,1.416200940903944
GEONYUL JANG,0528 2311 2334,,Oil on paper,23.0,16.0,1,1992.0,1,CatBoost,False,300000,658366.4740313529,1.194554913437843,2.194554913437843
GEONYUL JANG,0530 0906 0928,,Oil on paper,23.0,16.0,1,1992.0,1,CatBoost,False,300000,658366.4740313529,1.194554913437843,2.194554913437843
GEONYUL JANG,0521 0938 0953,,Oil on paper,23.0,16.0,1,1992.0,1,CatBoost,False,300000,658366.4740313529,1.194554913437843,2.194554913437843
GEONYUL JANG,Flower Study 3,,Oil on paper,31.0,41.0,6,1992.0,1,CatBoost,False,700000,991340.6586327609,0.4162009409039441,1.416200940903944
GEONYUL JANG,Flower Study 2,,Oil on paper,31.0,41.0,6,1992.0,1,CatBoost,False,700000,991340.6586327609,0.4162009409039441,1.416200940903944
GEONYUL JANG,0511 1022 1040,,Oil on paper,23.0,16.0,1,1992.0,1,CatBoost,False,300000,658366.4740313529,1.194554913437843,2.194554913437843
GEONYUL JANG,0531 0904 0920,,Oil on paper,23.0,16.0,1,1992.0,1,CatBoost,False,300000,658366.4740313529,1.194554913437843,2.194554913437843
GEONYUL JANG,0530 1046 1104,,Oil on paper,23.0,16.0,1,1992.0,1,CatBoost,False,300000,658366.4740313529,1.194554913437843,2.194554913437843
GEONYUL JANG,Portrait of Mountains and Clouds2,,Oil on paper,31.0,41.0,6,1992.0,1,CatBoost,False,700000,991340.6586327609,0.4162009409039441,1.416200940903944
GEONYUL JANG,Pieces2,,Oil on canvas,45.5,65.1,12,1992.0,1,CatBoost,False,800000,1867704.8581480621,1.3346310726850776,2.334631072685078
GEONYUL JANG,Cloud Portrait 7,,Oil on paper,30.0,40.0,5,1992.0,1,CatBoost,False,700000,883663.5977888048,0.2623765682697211,1.2623765682697212
GEONYUL JANG,0518 1004 1018,,Oil on paper,23.0,16.0,1,1992.0,1,CatBoost,False,300000,658366.4740313529,1.194554913437843,2.194554913437843
GEONYUL JANG,Cloud Portrait 11,,Oil on paper,30.0,40.0,5,1992.0,1,CatBoost,False,700000,883663.5977888048,0.2623765682697211,1.2623765682697212
GEONYUL JANG,0519 1847 1900,,Oil on paper,23.0,16.0,1,1992.0,1,CatBoost,False,300000,658366.4740313529,1.194554913437843,2.194554913437843
GEONYUL JANG,Portrait of Mountains and Clouds3,,Oil on paper,31.0,41.0,6,1992.0,1,CatBoost,False,700000,991340.6586327609,0.4162009409039441,1.416200940903944
GEONYUL JANG,0526 1709 1727,,Oil on paper,23.0,16.0,1,1992.0,1,CatBoost,False,300000,658366.4740313529,1.194554913437843,2.194554913437843
GEONYUL JANG,Clouds 1,,Oil on canvas,45.5,53.0,10,1992.0,1,CatBoost,False,800000,1212006.268685818,0.5150078358572724,1.5150078358572725
GEONYUL JANG,Nightscape 3,,Oil on paper,31.0,41.0,6,1992.0,1,CatBoost,False,700000,991340.6586327609,0.4162009409039441,1.416200940903944
GEONYUL JANG,Flowers 2,,Oil on paper,31.0,41.0,6,1992.0,1,CatBoost,False,700000,991340.6586327609,0.4162009409039441,1.416200940903944
GEONYUL JANG,Flower Study 7,,Oil on paper,31.0,41.0,6,1992.0,1,CatBoost,False,700000,991340.6586327609,0.4162009409039441,1.416200940903944
GEONYUL JANG,0515 1800 1806,,Oil on paper,23.0,16.0,1,1992.0,1,CatBoost,False,300000,658366.4740313529,1.194554913437843,2.194554913437843
GEONYUL JANG,0508 1903 1918,,Oil on paper,23.0,16.0,1,1992.0,1,CatBoost,False,300000,658366.4740313529,1.194554913437843,2.194554913437843
GEONYUL JANG,Paddy Fields and Swallows,,Oil on paper,31.0,41.0,6,1992.0,1,CatBoost,False,700000,991340.6586327609,0.4162009409039441,1.416200940903944
GEONYUL JANG,Nightscape 4,,Oil on paper,31.0,41.0,6,1992.0,1,CatBoost,False,700000,991340.6586327609,0.4162009409039441,1.416200940903944
GEONYUL JANG,0503 1418 1434,,Oil on paper,23.0,16.0,1,1992.0,1,CatBoost,False,300000,658366.4740313529,1.194554913437843,2.194554913437843
GEONYUL JANG,Flower 1,,Oil on paper,31.0,41.0,6,1992.0,1,CatBoost,False,700000,991340.6586327609,0.4162009409039441,1.416200940903944
GEONYUL JANG,Cloud Portrait 1,,Oil on paper,30.0,40.0,5,1992.0,1,CatBoost,False,700000,883663.5977888048,0.2623765682697211,1.2623765682697212
GEONYUL JANG,Birds and Clouds 2,,Oil on paper,31.0,41.0,6,1992.0,1,CatBoost,False,700000,991340.6586327609,0.4162009409039441,1.416200940903944
GEONYUL JANG,Cloud Portrait 12,,Oil on paper,30.0,40.0,5,1992.0,1,CatBoost,False,700000,883663.5977888048,0.2623765682697211,1.2623765682697212
GEONYUL JANG,Portrait of Mountains and Clouds 1,,Oil on paper,31.0,41.0,6,1992.0,1,CatBoost,False,700000,991340.6586327609,0.4162009409039441,1.416200940903944
GEONYUL JANG,Iris,,Oil on canvas,45.5,53.6,10,1992.0,1,CatBoost,False,800000,1255221.6425183408,0.569027053147926,1.569027053147926
GEONYUL JANG,A Found Flower1,,Oil on paper,31.0,41.0,6,1992.0,1,CatBoost,False,700000,991340.6586327609,0.4162009409039441,1.416200940903944
GEONYUL JANG,The Way Back,,Oil on paper,41.0,31.0,6,1992.0,1,CatBoost,False,700000,991340.6586327609,0.4162009409039441,1.416200940903944
GEONYUL JANG,0506 1022 1039,,Oil on paper,23.0,16.0,1,1992.0,1,CatBoost,False,300000,658366.4740313529,1.194554913437843,2.194554913437843
GEONYUL JANG,Paddy Fields and Trees,,Oil on canvas,45.5,53.0,10,1992.0,1,CatBoost,False,800000,1212006.268685818,0.5150078358572724,1.5150078358572725
GEONYUL JANG,0529 1721 1746,,Oil on paper,23.0,16.0,1,1992.0,1,CatBoost,False,300000,658366.4740313529,1.194554913437843,2.194554913437843
GEONYUL JANG,Flowers 4,,Oil on paper,31.0,41.0,6,1992.0,1,CatBoost,False,700000,991340.6586327609,0.4162009409039441,1.416200940903944
GEONYUL JANG,0507 1520 1544,,Oil on paper,23.0,16.0,1,1992.0,1,CatBoost,False,300000,658366.4740313529,1.194554913437843,2.194554913437843
GEONYUL JANG,0511 1459 1512,,Oil on paper,23.0,16.0,1,1992.0,1,CatBoost,False,300000,658366.4740313529,1.194554913437843,2.194554913437843
GEONYUL JANG,0515 1315 1330,,Oil on paper,23.0,16.0,1,1992.0,1,CatBoost,False,300000,658366.4740313529,1.194554913437843,2.194554913437843
GEONYUL JANG,0530 1856 1914,,Oil on paper,23.0,16.0,1,1992.0,1,CatBoost,False,300000,658366.4740313529,1.194554913437843,2.194554913437843
GEONYUL JANG,0517 0942 0952,,Oil on paper,23.0,16.0,1,1992.0,1,CatBoost,False,300000,658366.4740313529,1.194554913437843,2.194554913437843
GEONYUL JANG,0530 1005 1018,,Oil on paper,23.0,16.0,1,1992.0,1,CatBoost,False,300000,658366.4740313529,1.194554913437843,2.194554913437843
GEONYUL JANG,Cloud Portrait 2,,Oil on paper,30.0,40.2,5,1992.0,1,CatBoost,False,700000,881013.8201332091,0.2585911716188702,1.2585911716188702
GEONYUL JANG,Portrait of Mountains and Clouds6,,Oil on paper,31.0,41.0,6,1992.0,1,CatBoost,False,700000,991340.6586327609,0.4162009409039441,1.416200940903944
GEONYUL JANG,0506 1808 1827,,Oil on paper,23.0,16.0,1,1992.0,1,CatBoost,False,300000,658366.4740313529,1.194554913437843,2.194554913437843
GEONYUL JANG,0525 1020 1035,,Oil on paper,23.0,16.0,1,1992.0,1,CatBoost,False,300000,658366.4740313529,1.194554913437843,2.194554913437843
GEONYUL JANG,0519 1902 1920,,Oil on paper,23.0,16.0,1,1992.0,1,CatBoost,False,300000,658366.4740313529,1.194554913437843,2.194554913437843
GEONYUL JANG,0503 1730 1745,,Oil on paper,23.0,16.0,1,1992.0,1,CatBoost,False,300000,658366.4740313529,1.194554913437843,2.194554913437843
GEONYUL JANG,Daytime Landscape,,Oil on paper,31.0,41.0,6,1992.0,1,CatBoost,False,700000,991340.6586327609,0.4162009409039441,1.416200940903944
GEONYUL JANG,Flower 2,,Oil on paper,31.0,41.0,6,1992.0,1,CatBoost,False,700000,991340.6586327609,0.4162009409039441,1.416200940903944
GEONYUL JANG,0524 1354 1411,,Oil on paper,23.0,16.0,1,1992.0,1,CatBoost,False,300000,658366.4740313529,1.194554913437843,2.194554913437843
GEONYUL JANG,0513-0514,,Oil on canvas,45.5,53.0,10,1992.0,1,CatBoost,False,1000000,1212006.268685818,0.21200626868581796,1.212006268685818
GEONYUL JANG,0526 1057 1112,,Oil on paper,23.0,16.0,1,1992.0,1,CatBoost,False,300000,658366.4740313529,1.194554913437843,2.194554913437843
GEONYUL JANG,0514 1851 1902,,Oil on paper,23.0,16.0,1,1992.0,1,CatBoost,False,300000,658366.4740313529,1.194554913437843,2.194554913437843
GEONYUL JANG,0525 0856 0915,,Oil on paper,23.0,16.0,1,1992.0,1,CatBoost,False,300000,658366.4740313529,1.194554913437843,2.194554913437843
GEONYUL JANG,0529 1944 1957,,Oil on paper,23.0,16.0,1,1992.0,1,CatBoost,False,300000,658366.4740313529,1.194554913437843,2.194554913437843
GEONYUL JANG,0520 1855 1912,,Oil on paper,23.0,16.0,1,1992.0,1,CatBoost,False,300000,658366.4740313529,1.194554913437843,2.194554913437843
GEONYUL JANG,Flower Study 6,,Oil on paper,31.0,41.0,6,1992.0,1,CatBoost,False,700000,991340.6586327609,0.4162009409039441,1.416200940903944
GEONYUL JANG,Flowers with Nishimura,,Oil on paper,41.0,31.0,6,1992.0,1,CatBoost,False,700000,991340.6586327609,0.4162009409039441,1.416200940903944
GEONYUL JANG,0531 1906 1926,,Oil on paper,23.0,16.0,1,1992.0,1,CatBoost,False,300000,658366.4740313529,1.194554913437843,2.194554913437843
Soyeong Kim,The End of One’s Gaze 2,2024.0,Acrylic on Jangji mounted on wood panel,60.6,72.2,20,1997.0,2,XGBoost,True,1700000,1935240.875,0.13837698529411765,1.1383769852941177
Kim Hongbin,Singularity Reborn 25-07-128,2025.0,Painting,41.0,53.0,10,1988.0,2,XGBoost,True,1800000,1535295.0,0.14705833333333335,0.8529416666666667
Kim Hongbin,Unfinished Scaffolding 25-00-154,2025.0,Painting,16.0,110.0,8,1988.0,2,XGBoost,True,800000,1216038.875,0.52004859375,1.52004859375
Kim Hongbin,Singularity Reborn 25-07-139,2025.0,Painting,41.0,53.0,10,1988.0,2,XGBoost,True,1800000,1535295.0,0.14705833333333335,0.8529416666666667
Kim Hongbin,Singularity Reborn 25-07-143,2025.0,Painting,41.0,53.0,10,1988.0,2,XGBoost,True,1800000,1535295.0,0.14705833333333335,0.8529416666666667
Kim Hongbin,Urban Palimpsest 25-08-152,2025.0,Painting,130.3,130.3,80,1988.0,2,XGBoost,True,8000000,7818830.5,0.0226461875,0.9773538125
Kim Hongbin,Urban Palimpsest 25-08-118,2025.0,Painting,80.0,116.8,50,1988.0,2,XGBoost,True,5000000,4687713.5,0.0624573,0.9375427
Kim Hongbin,Urban Palimpsest 25-08-119,2025.0,Painting,80.0,116.8,50,1988.0,2,XGBoost,True,5000000,4687713.5,0.0624573,0.9375427
Kim Hongbin,Singularity Reborn 25-07-148,2025.0,Painting,41.0,53.0,10,1988.0,2,XGBoost,True,1800000,1535295.0,0.14705833333333335,0.8529416666666667
Kim Hongbin,Singularity Reborn 25-07-136,2025.0,Painting,41.0,53.0,10,1988.0,2,XGBoost,True,1800000,1535295.0,0.14705833333333335,0.8529416666666667
Kim Hongbin,Singularity Reborn 25-07-127,2025.0,Painting,41.0,53.0,10,1988.0,2,XGBoost,True,1800000,1535295.0,0.14705833333333335,0.8529416666666667
Kim Hongbin,Urban Palimpsest 25-08-114,2025.0,Painting,80.0,116.8,50,1988.0,2,XGBoost,True,5000000,4687713.5,0.0624573,0.9375427
Kim Hongbin,Urban Palimpsest 25-08-107,2025.0,Painting,22.9,30.5,3,1988.0,2,XGBoost,True,1300000,900188.625,0.30754721153846154,0.6924527884615385
Kim Hongbin,Urban Palimpsest 25-08-105,2025.0,Painting,22.9,30.5,3,1988.0,2,XGBoost,True,1300000,900188.625,0.30754721153846154,0.6924527884615385
Kim Hongbin,Singularity Reborn 25-07-125,2025.0,Painting,41.0,53.0,10,1988.0,2,XGBoost,True,1800000,1535295.0,0.14705833333333335,0.8529416666666667
Kim Hongbin,Singularity Reborn 25-07-122,,Painting,41.0,53.0,10,1988.0,2,XGBoost,True,1800000,1494867.875,0.1695178472222222,0.8304821527777778
Kim Hongbin,Singularity Reborn 25-07-146,2025.0,Painting,41.0,53.0,10,1988.0,2,XGBoost,True,1800000,1535295.0,0.14705833333333335,0.8529416666666667
Kim Hongbin,Urban Palimpsest 25-08-117,2025.0,Painting,80.0,116.8,50,1988.0,2,XGBoost,True,5000000,4687713.5,0.0624573,0.9375427
Kim Hongbin,Urban Palimpsest 25-08-153,2025.0,Painting,130.3,130.3,80,1988.0,2,XGBoost,True,8000000,7818830.5,0.0226461875,0.9773538125
Kim Hongbin,Singularity Reborn 25-07-134,2025.0,Painting,41.0,53.0,10,1988.0,2,XGBoost,True,1800000,1535295.0,0.14705833333333335,0.8529416666666667
Kim Hongbin,Urban Palimpsest 25-08-157,2025.0,Painting,80.0,116.8,50,1988.0,2,XGBoost,True,5000000,4687713.5,0.0624573,0.9375427
Kim Hongbin,Unfinished Scaffolding 25-00-155,2025.0,Painting,16.0,110.0,8,1988.0,2,XGBoost,True,800000,1216038.875,0.52004859375,1.52004859375
Kim Hongbin,Singularity Reborn 25-07-131,2025.0,Painting,41.0,53.0,10,1988.0,2,XGBoost,True,1800000,1535295.0,0.14705833333333335,0.8529416666666667
Kim Hongbin,Singularity Reborn 25-07-126,2025.0,Painting,41.0,53.0,10,1988.0,2,XGBoost,True,1800000,1535295.0,0.14705833333333335,0.8529416666666667
Kim Hongbin,Rosso Protocol,2026.0,Painting,60.6,60.6,15,,1,CatBoost,False,2000000,3448793.152951747,0.7243965764758736,1.7243965764758735
Kim Hongbin,Singularity Reborn 25-07-129,2025.0,Painting,41.0,53.0,10,1988.0,2,XGBoost,True,1800000,1535295.0,0.14705833333333335,0.8529416666666667
Kim Hongbin,Singularity Reborn 25-07-130,2025.0,Painting,41.0,53.0,10,1988.0,2,XGBoost,True,1800000,1535295.0,0.14705833333333335,0.8529416666666667
Kim Hongbin,Singularity Reborn 25-07-124,2025.0,Painting,41.0,53.0,10,1988.0,2,XGBoost,True,1800000,1535295.0,0.14705833333333335,0.8529416666666667
Kim Hongbin,Singularity Reborn 25-07-141,2024.0,Painting,41.0,53.0,10,1988.0,2,XGBoost,True,1800000,1541092.375,0.14383756944444445,0.8561624305555555
Kim Hongbin,Singularity Reborn 25-07-147,2025.0,Painting,41.0,53.0,10,1988.0,2,XGBoost,True,1800000,1535295.0,0.14705833333333335,0.8529416666666667
Kim Hongbin,Singularity Reborn 25-07-149,2025.0,Painting,41.0,53.0,10,1988.0,2,XGBoost,True,1800000,1535295.0,0.14705833333333335,0.8529416666666667
Kim Hongbin,Singularity Reborn 25-07-121,2025.0,Painting,41.0,53.0,10,1988.0,2,XGBoost,True,1800000,1535295.0,0.14705833333333335,0.8529416666666667
Kim Hongbin,MAYFLY 25-01-116,2025.0,Painting,60.0,77.5,20,1988.0,2,XGBoost,True,2000000,3594523.75,0.797261875,1.797261875
Kim Hongbin,Singularity Reborn 25-07-138,2025.0,Painting,41.0,53.0,10,1988.0,2,XGBoost,True,1800000,1535295.0,0.14705833333333335,0.8529416666666667
Kim Hongbin,Unfinished Scaffolding 25-00-156,2025.0,Painting,16.0,110.0,8,1988.0,2,XGBoost,True,800000,1216038.875,0.52004859375,1.52004859375
Kim Hongbin,Singularity Reborn 25-07-123,2025.0,Painting,41.0,53.0,10,1988.0,2,XGBoost,True,1800000,1535295.0,0.14705833333333335,0.8529416666666667
Kim Hongbin,Urban Palimpsest 25-08-151,2025.0,Painting,130.3,130.3,80,1988.0,2,XGBoost,True,8000000,7818830.5,0.0226461875,0.9773538125
Kim Hongbin,Urban Palimpsest 25-08-11,2025.0,Painting,22.8,30.4,3,1988.0,2,XGBoost,True,1500000,886825.125,0.40878325,0.59121675
Kim Hongbin,Singularity Reborn 25-07-132,2025.0,Painting,41.0,53.0,10,1988.0,2,XGBoost,True,1800000,1535295.0,0.14705833333333335,0.8529416666666667
Kim Hongbin,Giallo Ignition,2026.0,Painting,60.6,60.6,15,,1,CatBoost,False,200000,3448793.152951747,16.243965764758737,17.243965764758737
Kim Hongbin,Singularity Reborn 25-07-145,2025.0,Painting,41.0,53.0,10,1988.0,2,XGBoost,True,1800000,1535295.0,0.14705833333333335,0.8529416666666667
Kim Hongbin,Singularity Reborn 25-07-111,2025.0,Painting,41.0,53.0,10,1988.0,2,XGBoost,True,1800000,1535295.0,0.14705833333333335,0.8529416666666667
Kim Hongbin,Singularity Reborn 25-07-137,2025.0,Painting,41.0,53.0,10,1988.0,2,XGBoost,True,1800000,1535295.0,0.14705833333333335,0.8529416666666667
Kim Hongbin,Singularity Reborn 25-07-150,2025.0,Painting,41.0,53.0,10,1988.0,2,XGBoost,True,1800000,1535295.0,0.14705833333333335,0.8529416666666667
Kim Hongbin,Urban Palimpsest 25-08-113,2025.0,Painting,112.1,145.5,80,1988.0,2,XGBoost,True,8000000,7950712.0,0.006161,0.993839
Kim Hongbin,Singularity Reborn 25-07-144,2025.0,Painting,41.0,53.0,10,1988.0,2,XGBoost,True,1800000,1535295.0,0.14705833333333335,0.8529416666666667
Kim Hongbin,Singularity Reborn 25-07-140,2025.0,Painting,41.0,53.0,10,1988.0,2,XGBoost,True,1800000,1535295.0,0.14705833333333335,0.8529416666666667
Kim Hongbin,Singularity Reborn 25-07-133,2025.0,Painting,41.0,53.0,10,1988.0,2,XGBoost,True,1800000,1535295.0,0.14705833333333335,0.8529416666666667
Kim Hongbin,Singularity Reborn 25-07-158,2025.0,Painting,65.0,65.0,20,1988.0,2,XGBoost,True,1500000,2148202.5,0.432135,1.432135
Kim Hongbin,Singularity Reborn 25-07-135,2025.0,Painting,41.0,53.0,10,1988.0,2,XGBoost,True,1800000,1535295.0,0.14705833333333335,0.8529416666666667
Kim Hongbin,Singularity Reborn 25-07-142,2025.0,Painting,41.0,53.0,10,1988.0,2,XGBoost,True,1800000,1535295.0,0.14705833333333335,0.8529416666666667
Seokyoung Lee,Vacuum and Bubbles,2024.0,oil on paper,24.0,32.0,3,1995.0,1,CatBoost,False,578500,549716.5439187104,0.04975532598321446,0.9502446740167856
Seokyoung Lee,The Water Can Gaze at the Vast Sky,2024.0,oil on paper,24.0,32.0,3,1995.0,1,CatBoost,False,472000,555324.9919823353,0.17653599996257488,1.1765359999625749
Seokyoung Lee,Water stream,2024.0,Oil on canvas,91.0,116.8,50,1995.0,1,CatBoost,False,3988500,5019384.409417546,0.25846418689170025,1.2584641868917001
Seokyoung Lee,The Rain of the Bubble Island,2024.0,oil on paper,24.0,32.0,3,1995.0,1,CatBoost,False,472000,549716.5439187104,0.16465369474303057,1.1646536947430306
Seokyoung Lee,The Body of Permanence and the Outside,2023.0,Oil on canvas,50.0,65.1,15,1995.0,1,CatBoost,False,806900,1776521.981192288,1.2016631319770579,2.2016631319770577
Seokyoung Lee,The Flowing Tree,2024.0,Oil on canvas,50.0,50.0,10,1995.0,1,CatBoost,False,806900,1213672.0048276174,0.5041169969359492,1.5041169969359491
Seokyoung Lee,The Gesture of the Bubble,2024.0,Oil on canvas,50.0,65.1,15,1995.0,1,CatBoost,False,806900,1770022.6279946913,1.1936084124361026,2.193608412436103
Seokyoung Lee,The Expression of Watching,2024.0,oil on paper,24.0,32.0,3,1995.0,1,CatBoost,False,472000,555324.9919823353,0.17653599996257488,1.1765359999625749
Seokyoung Lee,Movement of Water,2024.0,oil on paper,24.0,32.0,3,1995.0,1,CatBoost,False,578500,555324.9919823353,0.04006051515585939,0.9599394848441406
Seokyoung Lee,Movement of Water,2024.0,oil on paper,24.0,32.0,3,1995.0,1,CatBoost,False,578500,549716.5439187104,0.04975532598321446,0.9502446740167856
Seokyoung Lee,Wandering Bubbles,2024.0,oil on paper,24.0,32.0,3,1995.0,1,CatBoost,False,472000,549716.5439187104,0.16465369474303057,1.1646536947430306
Seokyoung Lee,Reading Lightness Floating,2024.0,oil on paper,24.0,32.0,3,1995.0,1,CatBoost,False,472000,555324.9919823353,0.17653599996257488,1.1765359999625749
Seokyoung Lee,Movements on the Surface,2024.0,oil on paper,24.0,32.0,3,1995.0,1,CatBoost,False,472000,555324.9919823353,0.17653599996257488,1.1765359999625749
Seokyoung Lee,Water unbound,2024.0,Oil on canvas,91.0,116.8,50,1995.0,1,CatBoost,False,3988500,5019384.409417546,0.25846418689170025,1.2584641868917001
Seokyoung Lee,Movement of Water,2024.0,oil on paper,24.0,32.0,3,1995.0,1,CatBoost,False,472000,555324.9919823353,0.17653599996257488,1.1765359999625749
Seokyoung Lee,The Place Where It Grows,2024.0,Oil on canvas,31.8,40.9,6,1995.0,1,CatBoost,False,578500,962553.7095024185,0.6638784952505074,1.6638784952505075
Seokyoung Lee,Color in Motion,2024.0,oil on paper,18.0,24.0,1,1995.0,1,CatBoost,False,472000,519930.0867891675,0.10154679404484637,1.1015467940448465
Seokyoung Lee,Water Reflection,2024.0,oil on paper,24.0,32.0,3,1995.0,1,CatBoost,False,472000,549716.5439187104,0.16465369474303057,1.1646536947430306
Seokyoung Lee,Clustered Flower,2024.0,Oil on canvas,53.0,40.9,10,1995.0,1,CatBoost,False,746000,1363753.5616126538,0.8280878841992678,1.8280878841992678
Seokyoung Lee,Vacuum and Bubbles,2024.0,oil on paper,24.0,32.0,3,1995.0,1,CatBoost,False,472000,555324.9919823353,0.17653599996257488,1.1765359999625749
Seokyoung Lee,Shaping,2024.0,Oil on canvas,27.3,27.3,3,1995.0,1,CatBoost,False,456700,559852.0857479603,0.2258639933171891,1.225863993317189
Seokyoung Lee,A Walk in the Air,2024.0,oil on paper,24.0,32.0,3,1995.0,1,CatBoost,False,472000,555324.9919823353,0.17653599996257488,1.1765359999625749
Seokyoung Lee,The Act of Collecting Softness,2024.0,oil on paper,24.0,32.0,3,1995.0,1,CatBoost,False,472000,555324.9919823353,0.17653599996257488,1.1765359999625749
Seokyoung Lee,Water mirror,2024.0,Oil on canvas,91.0,116.8,50,1995.0,1,CatBoost,False,3988500,5019384.409417546,0.25846418689170025,1.2584641868917001
Seokyoung Lee,The Fruit Following the Roots,2024.0,Oil on canvas,31.8,40.9,6,1995.0,1,CatBoost,False,578500,962553.7095024185,0.6638784952505074,1.6638784952505075
Seokyoung Lee,Water Reflection,2024.0,oil on paper,24.0,32.0,3,1995.0,1,CatBoost,False,472000,555324.9919823353,0.17653599996257488,1.1765359999625749
Seokyoung Lee,Persistent Grass,2024.0,oil on paper,24.0,34.0,3,1995.0,1,CatBoost,False,472000,557111.0838503565,0.1803200929032977,1.1803200929032978
Seokyoung Lee,To Bear Seeds,2024.0,Oil on canvas,50.0,65.1,15,1995.0,1,CatBoost,False,806900,1770022.6279946913,1.1936084124361026,2.193608412436103
Seokyoung Lee,The Root Seeking the Ground,2024.0,Oil on canvas,24.2,33.4,3,1995.0,1,CatBoost,False,517600,688833.3106155844,0.33082169747987705,1.330821697479877
Seokyoung Lee,A Stream Touching the Surface,2024.0,oil on paper,24.0,34.0,3,1995.0,1,CatBoost,False,472000,557111.0838503565,0.1803200929032977,1.1803200929032978
Seokyoung Lee,Connecting Water,2024.0,oil on paper,24.0,32.0,3,1995.0,1,CatBoost,False,472000,555324.9919823353,0.17653599996257488,1.1765359999625749
Seokyoung Lee,The White Breath of the Tree,2024.0,Oil on canvas,50.0,65.1,15,1995.0,1,CatBoost,False,806900,1770022.6279946913,1.1936084124361026,2.193608412436103
Seokyoung Lee,The Place Made by Bubbles,2024.0,oil on paper,24.0,32.0,3,1995.0,1,CatBoost,False,472000,549716.5439187104,0.16465369474303057,1.1646536947430306
Seokyoung Lee,Water Reflection,2024.0,oil on paper,24.0,32.0,3,1995.0,1,CatBoost,False,472000,555324.9919823353,0.17653599996257488,1.1765359999625749
Seokyoung Lee,A Landscape Unfolding Through a Stream,2024.0,oil on paper,24.0,32.0,3,1995.0,1,CatBoost,False,472000,549716.5439187104,0.16465369474303057,1.1646536947430306
Seokyoung Lee,The White Breath of the Tree,2024.0,Oil on canvas,130.3,162.2,100,1995.0,1,CatBoost,False,7398500,7291877.625280849,0.014411350235743907,0.9855886497642561
Seokyoung Lee,Water Mist,2024.0,oil on paper,24.0,32.0,3,1995.0,1,CatBoost,False,472000,555324.9919823353,0.17653599996257488,1.1765359999625749
Seokyoung Lee,The Bubble Softens,2024.0,Oil on canvas,50.0,65.1,15,1995.0,1,CatBoost,False,806900,1770022.6279946913,1.1936084124361026,2.193608412436103
Seokyoung Lee,A Flowing Piece,2024.0,oil on paper,24.0,32.0,3,1995.0,1,CatBoost,False,472000,555324.9919823353,0.17653599996257488,1.1765359999625749
Seokyoung Lee,The Body of Permanence,2024.0,Oil on canvas,50.0,65.1,15,1995.0,1,CatBoost,False,806900,1770022.6279946913,1.1936084124361026,2.193608412436103
Seokyoung Lee,Tender Grass,2024.0,oil on paper,24.0,34.0,3,1995.0,1,CatBoost,False,472000,557111.0838503565,0.1803200929032977,1.1803200929032978
Seokyoung Lee,Cluster of Flowers in the Water,2024.0,oil on paper,24.0,32.0,3,1995.0,1,CatBoost,False,472000,555324.9919823353,0.17653599996257488,1.1765359999625749
Seokyoung Lee,Deep Tree,2024.0,oil on paper,24.0,32.0,3,1995.0,1,CatBoost,False,472000,555324.9919823353,0.17653599996257488,1.1765359999625749
Seokyoung Lee,Writing Lightness Floating,2024.0,oil on paper,24.0,32.0,3,1995.0,1,CatBoost,False,472000,555324.9919823353,0.17653599996257488,1.1765359999625749
Seokyoung Lee,Water Mist 2,2024.0,oil on paper,24.0,32.0,3,1995.0,1,CatBoost,False,472000,549716.5439187104,0.16465369474303057,1.1646536947430306
Seokyoung Lee,Clustered Flower,2024.0,Oil on canvas,53.0,40.9,10,1995.0,1,CatBoost,False,746000,1363753.5616126538,0.8280878841992678,1.8280878841992678
Seokyoung Lee,The Rain of the Bubble Island,2024.0,oil on paper,24.0,32.0,3,1995.0,1,CatBoost,False,472000,555324.9919823353,0.17653599996257488,1.1765359999625749
Seokyoung Lee,Drawing in the Air,2024.0,oil on paper,18.0,24.0,1,1995.0,1,CatBoost,False,578500,519930.0867891675,0.10124444807404065,0.8987555519259594
Seokyoung Lee,Clustered Flower and Tree,2024.0,Oil on canvas,31.8,40.9,6,1995.0,1,CatBoost,False,578500,962553.7095024185,0.6638784952505074,1.6638784952505075
Seokyoung Lee,Trees Looking in the Same Direction,2024.0,oil on paper,24.0,34.0,3,1995.0,1,CatBoost,False,472000,557111.0838503565,0.1803200929032977,1.1803200929032978
Yeonhong Kim,The color of waves : Mint,2021.0,Oil on canvas,65.1,50.0,15,1994.0,1,XGBoost,True,1324500,1517624.0,0.1458089845224613,1.1458089845224613
Yeonhong Kim,Refreshing Waves,2024.0,Acrylic on canvas,53.0,65.1,15,1994.0,1,XGBoost,True,1324500,1641423.25,0.23927765194412987,1.2392776519441298
Yeonhong Kim,Between leaf,2024.0,Acrylic on canvas,22.0,27.3,2,1994.0,1,XGBoost,True,481100,483734.09375,0.005475148098108501,1.0054751480981086
Yeonhong Kim,Softened,,Acrylic on canvas,60.6,60.6,15,1994.0,1,XGBoost,True,1674600,1868093.125,0.11554587662725427,1.1155458766272544
Yeonhong Kim,Tails of water 2,2024.0,Acrylic on canvas,53.0,65.1,15,1994.0,1,XGBoost,True,1324500,1641423.25,0.23927765194412987,1.2392776519441298
Yeonhong Kim,Offing 1,2024.0,Acrylic on canvas,100.0,30.0,12,1994.0,1,XGBoost,True,2161700,2677975.0,0.23882823703566639,1.2388282370356665
Yeonhong Kim,Our days 2,2024.0,Acrylic on canvas,53.0,40.9,10,1994.0,1,XGBoost,True,959100,1147809.875,0.1967572463768116,1.1967572463768117
Yeonhong Kim,A cool and warm island,2024.0,Acrylic on canvas,31.8,31.8,4,1994.0,1,XGBoost,True,784000,729940.375,0.06895360331632654,0.9310463966836735
Yeonhong Kim,The Blue Water Gazed Into,2024.0,Acrylic on canvas,130.3,162.2,100,1994.0,1,XGBoost,True,6028400,6809417.0,0.12955626700285316,1.1295562670028532
Yeonhong Kim,Near,,Acrylic on canvas,34.8,27.3,4,1994.0,1,XGBoost,True,715500,754172.0,0.05404891684136967,1.0540489168413696
Yeonhong Kim,Softening Stillness,,Acrylic on canvas,50.0,72.7,15,1994.0,1,XGBoost,True,1674600,2063627.875,0.23231092499701422,1.2323109249970141
Yeonhong Kim,Edge of Bloom,,Acrylic on canvas,145.5,112.1,80,1994.0,1,XGBoost,True,4780100,5603961.5,0.17235235664525847,1.1723523566452585
Yeonhong Kim,Soft Opening,,Acrylic on canvas,130.3,97.0,60,1994.0,1,XGBoost,True,4308200,4261517.0,0.010835847917923958,0.9891641520820761
Yeonhong Kim,Sway Notes: glide,2025.0,Acrylic on canvas,53.0,65.1,15,1994.0,1,XGBoost,True,1324500,1642077.75,0.2397718006795017,1.2397718006795018
Yeonhong Kim,Inward,,Acrylic on canvas,27.3,27.3,3,1994.0,1,XGBoost,True,715500,696188.5625,0.02699012928022362,0.9730098707197764
Yeonhong Kim,Shimmering waves #2,2024.0,Acrylic on canvas,31.8,31.8,4,1994.0,1,XGBoost,True,784000,729940.375,0.06895360331632654,0.9310463966836735
Yeonhong Kim,Our days 3,2024.0,Acrylic on canvas,53.0,40.9,10,1994.0,1,XGBoost,True,959100,1147809.875,0.1967572463768116,1.1967572463768117
Yeonhong Kim,The color of waves : Blue,2021.0,Oil on canvas,65.1,50.0,15,1994.0,1,XGBoost,True,1324500,1517624.0,0.1458089845224613,1.1458089845224613
Yeonhong Kim,Clear,,Acrylic on canvas,31.8,31.8,4,1994.0,1,XGBoost,True,715500,764593.125,0.06861373165618449,1.0686137316561846
Yeonhong Kim,"Embrace, Linger, Absorb: The Texture of Rest",2025.0,Acrylic on canvas,112.0,162.0,80,1994.0,1,XGBoost,True,6028400,6659795.5,0.10473682900935571,1.1047368290093558
Yeonhong Kim,The Waves of Dawn,2024.0,Acrylic on canvas,72.7,72.7,25,1994.0,1,XGBoost,True,2161700,2653660.25,0.2275802609057686,1.2275802609057687
Yeonhong Kim,Stardust,,Acrylic on canvas,60.6,60.6,15,1994.0,1,XGBoost,True,1674600,1868093.125,0.11554587662725427,1.1155458766272544
Yeonhong Kim,While Pausing for a moment #1,2024.0,Acrylic on canvas,130.3,130.3,80,1994.0,1,XGBoost,True,6028400,6417429.0,0.06453271183066817,1.0645327118306682
Yeonhong Kim,The Door Towards There,2024.0,Acrylic on canvas,130.3,130.3,80,1994.0,1,XGBoost,True,6028400,6417429.0,0.06453271183066817,1.0645327118306682
Yeonhong Kim,Glimpse,,Acrylic on canvas,65.1,50.0,15,1994.0,1,XGBoost,True,1309200,1482960.25,0.13272246410021388,1.1327224641002138
Yeonhong Kim,Dawn light on the waves,2024.0,Acrylic on canvas,72.7,72.7,25,1994.0,1,XGBoost,True,2161700,2653660.25,0.2275802609057686,1.2275802609057687
Yeonhong Kim,Merged Horizons,2024.0,Acrylic on canvas,130.3,130.3,80,1994.0,1,XGBoost,True,6028400,6417429.0,0.06453271183066817,1.0645327118306682
Yeonhong Kim,Wave of Afterglow,2024.0,Acrylic on canvas,100.0,30.0,12,1994.0,1,XGBoost,True,2161700,2677975.0,0.23882823703566639,1.2388282370356665
Yeonhong Kim,Naturally,,Acrylic on canvas,72.7,53.0,15,1994.0,1,XGBoost,True,1674600,1885700.75,0.12606040248417533,1.1260604024841754
Yeonhong Kim,Essence of the Wave,2024.0,Acrylic on canvas,100.0,30.0,12,1994.0,1,XGBoost,True,2161700,2677975.0,0.23882823703566639,1.2388282370356665
Yeonhong Kim,"Embrace, Dwell, Immerse: The Grain of Welcoming",2025.0,Acrylic on canvas,162.0,162.0,120,1994.0,1,XGBoost,True,6028400,7730915.0,0.28241573220091565,1.2824157322009158
Yeonhong Kim,Heart Notes,,Acrylic on canvas,116.8,91.0,50,1994.0,1,XGBoost,True,3592700,3603574.75,0.0030269017730397752,1.0030269017730398
Yeonhong Kim,A Line Brushing Over the Icy Surface,2024.0,Acrylic on canvas,260.6,130.3,150,1994.0,1,XGBoost,True,12056800,9884889.0,0.18013992104040874,0.8198600789595912
Yeonhong Kim,White River,2024.0,Acrylic on canvas,72.7,72.7,25,1994.0,1,XGBoost,True,2161700,2653660.25,0.2275802609057686,1.2275802609057687
Yeonhong Kim,A Passing Gleam,,Acrylic on canvas,60.6,72.7,20,1994.0,1,XGBoost,True,1674600,1957735.375,0.16907642123492178,1.1690764212349218
Yeonhong Kim,Submerged Field,,Acrylic on canvas,130.3,89.4,60,1994.0,1,XGBoost,True,4308200,4528347.5,0.051099647184438976,1.051099647184439
Yeonhong Kim,Offing 2,2024.0,Acrylic on canvas,100.0,30.0,12,1994.0,1,XGBoost,True,2161700,2677975.0,0.23882823703566639,1.2388282370356665
Yeonhong Kim,Two people walking along the beach,2022.0,Acrylic on cotton fabric,130.5,50.0,30,1994.0,1,XGBoost,True,2648900,3122726.25,0.17887660915851863,1.1788766091585186
Yeonhong Kim,A romantic place 1,2023.0,Acrylic on cotton fabric,130.0,130.0,80,1994.0,1,XGBoost,True,6028400,5967411.5,0.010116863512706523,0.9898831364872934
Yeonhong Kim,A Leaf Reflected on the Waves,2024.0,Acrylic on canvas,72.7,72.7,25,1994.0,1,XGBoost,True,2161700,2653660.25,0.2275802609057686,1.2275802609057687
Yeonhong Kim,Snowy Reflection,2024.0,Acrylic on canvas,72.7,72.7,25,1994.0,1,XGBoost,True,2161700,2653660.25,0.2275802609057686,1.2275802609057687
Yeonhong Kim,Offing 3,2024.0,Acrylic on canvas,100.0,30.0,12,1994.0,1,XGBoost,True,2161700,2677975.0,0.23882823703566639,1.2388282370356665
Yeonhong Kim,Offing 4,2024.0,Acrylic on canvas,100.0,30.0,12,1994.0,1,XGBoost,True,2161700,2677975.0,0.23882823703566639,1.2388282370356665
Yeonhong Kim,Wings Over the Waves,2024.0,Acrylic on canvas,72.7,90.9,40,1994.0,1,XGBoost,True,2161700,2953367.5,0.36622449923671185,1.3662244992367119
Yeonhong Kim,Our days 5,2024.0,Acrylic on canvas,53.0,40.9,10,1994.0,1,XGBoost,True,959100,1147809.875,0.1967572463768116,1.1967572463768117
Yeonhong Kim,Floating in the Dawn Light,2024.0,Acrylic on canvas,72.7,72.7,25,1994.0,1,XGBoost,True,2161700,2653660.25,0.2275802609057686,1.2275802609057687
Eunju Kim,Wave,2024.0,Oil on canvas,53.0,40.9,10,1965.0,4,XGBoost,True,1200000,3738825.5,2.1156879166666664,3.1156879166666664
Eunju Kim,Summer Drop,2022.0,Oil on canvas,60.6,72.7,20,1965.0,4,XGBoost,True,1400000,5561952.5,2.9728232142857145,3.9728232142857145
Eunju Kim,Rainbow Sky,2023.0,Oil on canvas,22.0,27.3,2,1965.0,4,XGBoost,True,500000,1862896.375,2.72579275,3.72579275
Eunju Kim,Lump of Water,2022.0,Oil on canvas,22.7,15.8,1,1965.0,4,XGBoost,True,500000,1528022.25,2.0560445,3.0560445
Eunju Kim,Wave,2023.0,Oil on canvas,24.2,33.4,3,1965.0,4,XGBoost,True,750000,1946403.625,1.5952048333333333,2.5952048333333333
Eunju Kim,Wave,2022.0,Oil on canvas,20.0,20.0,1,1965.0,4,XGBoost,True,500000,1893830.5,2.787661,3.787661
Eunju Kim,Kobus magnolia,2024.0,Oil on canvas,15.8,22.7,1,1965.0,4,XGBoost,True,450000,1439681.625,2.1992925,3.1992925
Eunju Kim,Love,2024.0,Oil on canvas,53.0,40.9,10,1965.0,4,XGBoost,True,1000000,3738825.5,2.7388255,3.7388255
Eunju Kim,From a far,2024.0,Oil on canvas,37.9,45.5,8,1965.0,4,XGBoost,True,1000000,3162659.0,2.162659,3.162659
Eunju Kim,Rose,2025.0,Color Pencil on Panel,35.0,35.0,5,1965.0,4,XGBoost,True,950000,2620809.0,1.7587463157894736,2.7587463157894736
Eunju Kim,Light,2023.0,Oil on canvas,17.9,25.8,2,1965.0,4,XGBoost,True,600000,1766443.125,1.944071875,2.944071875
Eunju Kim,Wave,2023.0,Oil on canvas,26.0,18.0,2,1965.0,4,XGBoost,True,500000,1785674.125,2.57134825,3.57134825
Eunju Kim,Wave,2023.0,Oil on canvas,34.8,27.3,4,1965.0,4,XGBoost,True,800000,2241010.5,1.801263125,2.801263125
Eunju Kim,Moon,2024.0,Oil on canvas,17.9,25.8,2,1965.0,4,XGBoost,True,600000,1695394.0,1.8256566666666667,2.8256566666666667
Eunju Kim,Lily,2023.0,Oil on canvas,27.0,35.0,4,1965.0,4,XGBoost,True,840000,2186037.25,1.6024252976190476,2.602425297619048
Eunju Kim,Light of Sky,2024.0,Oil on canvas,45.5,37.9,8,1965.0,4,XGBoost,True,900000,3162659.0,2.5140655555555558,3.5140655555555558
Eunju Kim,Kobus magnolia,2024.0,Oil on canvas,15.8,22.7,1,1965.0,4,XGBoost,True,450000,1439681.625,2.1992925,3.1992925
Eunju Kim,Sunset,2024.0,Oil on canvas,24.0,24.0,2,1965.0,4,XGBoost,True,720000,1831955.625,1.5443828125,2.5443828125
Eunju Kim,Star,2023.0,Oil on canvas,15.8,22.0,1,1965.0,4,XGBoost,True,500000,1499835.875,1.99967175,2.99967175
Eunju Kim,Wave of Sky,2023.0,Oil on canvas,116.8,80.3,50,1965.0,4,XGBoost,True,4800000,15263364.0,2.1798675,3.1798675
Eunju Kim,Cloud Wave,2024.0,Oil on canvas,116.8,80.3,50,1965.0,4,XGBoost,True,4000000,15300178.0,2.8250445,3.8250445
Eunju Kim,Green Wave,2023.0,Oil on canvas,33.4,19.0,3,1965.0,4,XGBoost,True,840000,2166844.0,1.5795761904761905,2.5795761904761907
Eunju Kim,Wavelength,2023.0,Oil on canvas,35.0,27.0,4,1965.0,4,XGBoost,True,720000,2186037.25,2.036162847222222,3.036162847222222
Eunju Kim,Wave,2023.0,Oil on canvas,34.8,27.3,4,1965.0,4,XGBoost,True,800000,2241010.5,1.801263125,2.801263125
Eunju Kim,Kobus magnolia,2024.0,Oil on canvas,15.8,22.7,1,1965.0,4,XGBoost,True,450000,1439681.625,2.1992925,3.1992925
Eunju Kim,Rose,2025.0,Oil on canvas,35.0,35.0,5,1965.0,4,XGBoost,True,950000,2462541.25,1.5921486842105264,2.5921486842105264
Eunju Kim,Waterlight,2022.0,Oil on canvas,27.3,27.3,3,1965.0,4,XGBoost,True,600000,2085432.0,2.47572,3.47572
Eunju Kim,Shape of Wave,2022.0,Oil on canvas,33.4,53.0,8,1965.0,4,XGBoost,True,1000000,3774090.75,2.77409075,3.77409075
Eunju Kim,Cloud Wave,2024.0,Oil on canvas,116.8,80.3,50,1965.0,4,XGBoost,True,4000000,15300178.0,2.8250445,3.8250445
Eunju Kim,Wave,2022.0,Oil on canvas,33.4,19.0,3,1965.0,4,XGBoost,True,600000,2173854.5,2.6230908333333334,3.6230908333333334
Eunju Kim,Wave,2023.0,Oil on canvas,24.2,24.2,2,1965.0,4,XGBoost,True,600000,1923984.25,2.2066404166666667,3.2066404166666667
Eunju Kim,Wave,2023.0,Oil on canvas,18.0,25.5,2,1965.0,4,XGBoost,True,600000,1750930.75,1.9182179166666666,2.918217916666667
Eunju Kim,Wavy,2023.0,Oil on canvas,19.0,27.3,2,1965.0,4,XGBoost,True,600000,1792904.125,1.9881735416666666,2.988173541666667
Eunju Kim,Wave,2023.0,Oil on canvas,33.4,21.2,3,1965.0,4,XGBoost,True,600000,2004949.375,2.3415822916666666,3.3415822916666666
Eunju Kim,Wavy,2023.0,Oil on canvas,60.6,72.7,20,1965.0,4,XGBoost,True,2400000,5621105.5,1.3421272916666667,2.342127291666667
Eunju Kim,Two Birds,2023.0,Oil on canvas,22.0,27.3,2,1965.0,4,XGBoost,True,600000,1862896.375,2.1048272916666666,3.1048272916666666
Eunju Kim,Moon,2024.0,Oil on canvas,17.9,25.8,2,1965.0,4,XGBoost,True,600000,1695394.0,1.8256566666666667,2.8256566666666667
Eunju Kim,Wavelength,2023.0,Oil on canvas,15.0,15.0,0,1965.0,4,XGBoost,True,480000,1513240.625,2.1525846354166664,3.1525846354166664
Eunju Kim,Lake,2023.0,Oil on canvas,18.0,14.0,0,1965.0,4,XGBoost,True,500000,1540598.625,2.08119725,3.08119725
Bac Jungwon,Dance,2016.0,Charcoal on paper,29.0,42.0,5,1981.0,3,XGBoost,True,800000,1333204.5,0.666505625,1.666505625
Bac Jungwon,Dance,2016.0,Charcoal on paper,33.0,46.0,6,1981.0,3,XGBoost,True,800000,1937549.25,1.4219365625,2.4219365625
Bac Jungwon,Black Wave,2018.0,Oil on canvas,98.0,65.0,30,1981.0,3,XGBoost,True,4000000,5060039.5,0.265009875,1.265009875
Bac Jungwon,Still life,2017.0,Oil on paper,54.0,79.0,20,1981.0,3,XGBoost,True,2000000,3234271.0,0.6171355,1.6171355
Bac Jungwon,Silver Tree Skin,2018.0,Oil on canvas,61.0,89.0,25,1981.0,3,XGBoost,True,4000000,4619269.0,0.15481725,1.15481725
Bac Jungwon,Girl from Seoul,2019.0,Watercolor on paper,21.0,29.0,2,1981.0,3,XGBoost,True,800000,1018630.9375,0.273288671875,1.273288671875
Bac Jungwon,Dance,2016.0,Charcoal on paper,46.0,33.0,6,1981.0,3,XGBoost,True,800000,1937549.25,1.4219365625,2.4219365625
Bac Jungwon,Still life,2017.0,Oil on paper,54.0,79.0,20,1981.0,3,XGBoost,True,2000000,3234271.0,0.6171355,1.6171355
Bac Jungwon,A Rainforest,2018.0,Oil on canvas,61.0,89.0,25,1981.0,3,XGBoost,True,4000000,4619269.0,0.15481725,1.15481725
Bac Jungwon,Dance,2016.0,Charcoal on paper,42.0,29.0,5,1981.0,3,XGBoost,True,800000,1333204.5,0.666505625,1.666505625
Bac Jungwon,Dance,2016.0,Charcoal on paper,42.0,29.0,5,1981.0,3,XGBoost,True,800000,1333204.5,0.666505625,1.666505625
Bac Jungwon,Dance,2016.0,Charcoal on paper,33.0,46.0,6,1981.0,3,XGBoost,True,800000,1937549.25,1.4219365625,2.4219365625
Bac Jungwon,Girl from Seoul,2019.0,Watercolor on paper,22.5,30.5,3,1981.0,3,XGBoost,True,800000,1006423.6875,0.258029609375,1.258029609375
Bac Jungwon,Dance,2016.0,Charcoal on paper,33.0,46.0,6,1981.0,3,XGBoost,True,800000,1937549.25,1.4219365625,2.4219365625
Bac Jungwon,Dance,2016.0,Charcoal on paper,33.0,46.0,6,1981.0,3,XGBoost,True,800000,1937549.25,1.4219365625,2.4219365625
Bac Jungwon,Still life,2017.0,Watercolor on paper,58.0,110.0,30,1981.0,3,XGBoost,True,2500000,5656468.5,1.2625874,2.2625874
Bac Jungwon,Dance,2016.0,Charcoal on paper,42.0,29.0,5,1981.0,3,XGBoost,True,800000,1333204.5,0.666505625,1.666505625
Bac Jungwon,Dance,2016.0,Charcoal on paper,42.0,29.0,5,1981.0,3,XGBoost,True,800000,1333204.5,0.666505625,1.666505625
Bac Jungwon,Dance,2016.0,Charcoal on paper,46.0,33.0,6,1981.0,3,XGBoost,True,800000,1937549.25,1.4219365625,2.4219365625
Bac Jungwon,Dance,2016.0,Charcoal on paper,42.0,29.0,5,1981.0,3,XGBoost,True,800000,1333204.5,0.666505625,1.666505625
Bac Jungwon,Girl from Seoul,2019.0,Watercolor on paper,21.0,29.0,2,1981.0,3,XGBoost,True,800000,1018630.9375,0.273288671875,1.273288671875
Bac Jungwon,Dance,2016.0,Charcoal on paper,42.0,29.0,5,1981.0,3,XGBoost,True,800000,1333204.5,0.666505625,1.666505625
Bac Jungwon,Dance,2016.0,Charcoal on paper,33.0,46.0,6,1981.0,3,XGBoost,True,800000,1937549.25,1.4219365625,2.4219365625
Bac Jungwon,Dance,2016.0,Charcoal on paper,33.0,46.0,6,1981.0,3,XGBoost,True,800000,1937549.25,1.4219365625,2.4219365625
Bac Jungwon,A Grape Tree,2018.0,Oil on canvas,61.0,89.0,25,1981.0,3,XGBoost,True,4000000,4619269.0,0.15481725,1.15481725
Bac Jungwon,Dance,2016.0,Charcoal on paper,46.0,33.0,6,1981.0,3,XGBoost,True,800000,1937549.25,1.4219365625,2.4219365625
Bac Jungwon,Still life,2017.0,Watercolor on paper,58.0,110.0,30,1981.0,3,XGBoost,True,2500000,5656468.5,1.2625874,2.2625874
Bac Jungwon,A Rainforest,2018.0,Oil on canvas,61.0,89.0,25,1981.0,3,XGBoost,True,4000000,4619269.0,0.15481725,1.15481725
Bac Jungwon,Dance,2016.0,Charcoal on paper,46.0,33.0,6,1981.0,3,XGBoost,True,800000,1937549.25,1.4219365625,2.4219365625
Bac Jungwon,A Rainforest,2018.0,Oil on canvas,61.0,89.0,25,1981.0,3,XGBoost,True,4000000,4619269.0,0.15481725,1.15481725
Bac Jungwon,Dance,2016.0,Charcoal on paper,33.0,46.0,6,1981.0,3,XGBoost,True,800000,1937549.25,1.4219365625,2.4219365625
Bac Jungwon,Still life,2017.0,Watercolor on paper,58.0,110.0,30,1981.0,3,XGBoost,True,2500000,5656468.5,1.2625874,2.2625874
Bac Jungwon,Dance,2016.0,Charcoal on paper,29.0,42.0,5,1981.0,3,XGBoost,True,800000,1333204.5,0.666505625,1.666505625
Bac Jungwon,Lonely flower,2022.0,Waterbased colors on canvas,180.0,116.8,100,1981.0,3,XGBoost,True,6000000,10639887.0,0.7733145,1.7733145
Bac Jungwon,Anna,2021.0,Charcoal on paper,28.0,36.0,4,1981.0,3,XGBoost,True,800000,1295379.375,0.61922421875,1.61922421875
Bac Jungwon,Dance,2016.0,Charcoal on paper,46.0,33.0,6,1981.0,3,XGBoost,True,800000,1937549.25,1.4219365625,2.4219365625
JAMSAN,Rose from the Stars (23),,Oil on canvas,91.0,73.0,40,1974.0,3,CatBoost,False,12809900,7318288.001722737,0.42870061423408945,0.5712993857659106
JAMSAN,Rose from the Stars (04),,Oil on canvas,130.0,160.0,100,1974.0,3,CatBoost,False,38429500,21110158.528303478,0.4506782932824138,0.5493217067175862
JAMSAN,Rose from the Stars (10),,Oil on canvas,73.0,100.0,40,1974.0,3,CatBoost,False,16605400,9029378.055315364,0.4562384492204124,0.5437615507795877
JAMSAN,The Horse and the Carrot,2026.0,Mixed media on paper,29.7,42.0,5,1974.0,3,XGBoost,True,1674600,1086471.75,0.3512052131852383,0.6487947868147618
JAMSAN,Rose from the Stars (14),,Oil on canvas,53.0,72.0,15,1974.0,3,CatBoost,False,8065500,4674691.255646142,0.42040899440256124,0.5795910055974387
JAMSAN,Rose from the Stars (15),,Oil on canvas,53.0,72.0,15,1974.0,3,CatBoost,False,8065500,4674691.255646142,0.42040899440256124,0.5795910055974387
JAMSAN,Red Chair (04),,Oil on canvas,53.0,72.0,15,1974.0,3,CatBoost,False,8065500,4674691.255646142,0.42040899440256124,0.5795910055974387
JAMSAN,Rose from the Stars (02),,Oil on Canvas,162.0,130.0,100,1974.0,3,CatBoost,False,38429500,23090442.733417623,0.3991479791978136,0.6008520208021864
JAMSAN,Rose from the Stars (19),,Oil on canvas,50.0,65.0,15,1974.0,3,CatBoost,False,6642200,4076146.709522221,0.3863258092917677,0.6136741907082324
JAMSAN,Rose from the Stars (08),,Oil on canvas,91.0,116.0,50,1974.0,3,CatBoost,False,21349800,13143379.073377606,0.3843792881723667,0.6156207118276333
JAMSAN,Rose from the Stars (05),,Oil on canvas,111.8,160.0,80,1974.0,3,CatBoost,False,38429500,23803144.084139813,0.3806022955245368,0.6193977044754632
JAMSAN,Rose from the Stars (18),,Oil on canvas,53.0,53.0,12,1974.0,3,CatBoost,False,6642200,2839449.3878149865,0.5725137171697651,0.42748628283023493
JAMSAN,Rose from the Stars (22),,Oil on canvas,50.0,60.0,12,1974.0,3,CatBoost,False,5693300,2688829.080055416,0.5277204643957958,0.47227953560420427
JAMSAN,Poetry of the Stars,2026.0,Mixed media on paper,43.0,55.0,10,1974.0,3,XGBoost,True,1674600,1872284.5,0.11804878777021378,1.1180487877702139
JAMSAN,The Rose from the Stars,2026.0,Mixed media on paper,43.0,55.0,10,1974.0,3,XGBoost,True,1674600,1872284.5,0.11804878777021378,1.1180487877702139
JAMSAN,Rose from the Stars (03),,Oil on canvas,130.0,162.0,100,1974.0,3,CatBoost,False,38429500,23090442.733417623,0.3991479791978136,0.6008520208021864
JAMSAN,The Blue House,2026.0,Mixed media on paper,27.9,42.0,5,1974.0,3,XGBoost,True,1674600,1063957.75,0.3646496178191807,0.6353503821808193
JAMSAN,The Square,2026.0,Mixed media on paper,29.7,42.0,5,1974.0,3,XGBoost,True,1674600,1086471.75,0.3512052131852383,0.6487947868147618
JAMSAN,Rose from the Stars (01),,Oil on canvas,130.0,162.0,100,1974.0,3,CatBoost,False,38429500,23090442.733417623,0.3991479791978136,0.6008520208021864
JAMSAN,Rose from the Stars (09),,Oil on canvas,80.0,116.0,50,1974.0,3,CatBoost,False,21349800,13548061.638480777,0.36542442371915534,0.6345755762808446
JAMSAN,Rose from the Stars (24),,Oil on canvas,53.0,72.0,15,1974.0,3,CatBoost,False,8065500,4674691.255646142,0.42040899440256124,0.5795910055974387
JAMSAN,Rose from the Stars (06),,Oil on canvas,97.0,162.0,80,1974.0,3,CatBoost,False,38429500,24136525.97608365,0.37192713992938625,0.6280728600706138
JAMSAN,Red Chair (01),,Oil on Canvas,60.0,90.0,25,1974.0,3,CatBoost,False,12809900,8028305.953897672,0.3732733312595983,0.6267266687404017
JAMSAN,A Certain Blacksmith Shop,2026.0,Mixed media on paper,29.7,42.0,5,1974.0,3,XGBoost,True,1674600,1086471.75,0.3512052131852383,0.6487947868147618
JAMSAN,Rose from the Stars (11),,Oil on canvas,60.0,90.0,25,1974.0,3,CatBoost,False,12809900,8028305.953897672,0.3732733312595983,0.6267266687404017
JAMSAN,Rose from the Stars (25),,Oil on canvas,91.0,117.0,50,1974.0,3,CatBoost,False,21349800,13891827.408898996,0.34932283164718186,0.6506771683528181
JAMSAN,Rose from the Stars (21),,Oil on canvas,50.0,60.0,12,1974.0,3,CatBoost,False,5693300,2688829.080055416,0.5277204643957958,0.47227953560420427
Jaehyuk Han,tipping point-形-20,,"Hanji and Xuan Paper, Acrylic on canvas",259.1,193.9,200,1993.0,1,CatBoost,False,39138900,17910535.70242858,0.5423853071387141,0.4576146928612858
Jaehyuk Han,tipping point-形-13,,"Hanji and Xuan Paper, Acrylic on canvas",91.0,91.0,50,1993.0,1,CatBoost,False,9788600,4311372.379276701,0.5595516846866047,0.4404483153133953
Jaehyuk Han,Tipping Point-密-11,,"Hanji and Xuan Paper, Graphite",45.5,53.0,10,1993.0,1,CatBoost,False,2466200,1178854.0395178623,0.5219957669621839,0.4780042330378162
Jaehyuk Han,tipping point-結-10,,"Hanji and Xuan Paper, Acrylic on canvas",130.3,130.3,80,1993.0,1,CatBoost,False,19577100,7411341.173727998,0.6214280371593343,0.37857196284066574
Jaehyuk Han,tipping point 密 4,2024.0,"Hanji and Xuan Paper, Graphite",130.3,130.3,80,1993.0,1,CatBoost,False,17202300,7086205.966433608,0.5880663651701454,0.4119336348298546
Jaehyuk Han,tipping point-形-14,,"Hanji and Xuan Paper, Acrylic on canvas",91.0,91.0,50,1993.0,1,CatBoost,False,9788600,4311372.379276701,0.5595516846866047,0.4404483153133953
Jaehyuk Han,tipping point-形-10,,"Hanji and Xuan Paper, Acrylic on canvas",72.7,72.7,25,1993.0,1,CatBoost,False,7824800,2758801.0727038765,0.6474285511829214,0.3525714488170786
Jaehyuk Han,tipping point-結-11,,"Hanji and Xuan Paper, Acrylic on canvas",45.5,53.0,10,1993.0,1,CatBoost,False,2390100,1146865.4190116273,0.5201600690299036,0.47983993097009636
Jaehyuk Han,tipping point-結-4,,"Hanji and Xuan Paper, Acrylic on canvas",53.0,45.5,10,1993.0,1,CatBoost,False,2603200,1146865.4190116273,0.5594401432807209,0.4405598567192791
Jaehyuk Han,tipping point 114,2023.0,"Hanji and Xuan Paper, Graphite",72.0,37.0,12,1993.0,1,CatBoost,False,4612700,1969366.0246464438,0.5730556887188754,0.4269443112811247
Jaehyuk Han,tipping point 形 9,2024.0,"Hanji and Xuan Paper, Acrylic on canvas",72.7,72.7,25,1993.0,1,CatBoost,False,7413700,3133596.2247135956,0.5773235732881563,0.4226764267118437
Jaehyuk Han,tipping point-結-3,,"Hanji and Xuan Paper, Acrylic on canvas",53.0,45.5,10,1993.0,1,CatBoost,False,2603200,1146865.4190116273,0.5594401432807209,0.4405598567192791
Jaehyuk Han,tipping point 101,2022.0,"Hanji and Xuan Paper, Acrylic on canvas",72.7,72.7,25,1993.0,1,CatBoost,False,6926600,3159809.501106238,0.5438152194285453,0.4561847805714547
Jaehyuk Han,tipping point-結-6,,"Hanji and Xuan Paper, Acrylic on canvas",53.0,45.5,10,1993.0,1,CatBoost,False,2603200,1146865.4190116273,0.5594401432807209,0.4405598567192791
Jaehyuk Han,tipping point 109,2023.0,"Hanji and Xuan Paper, Graphite",72.7,72.7,25,1993.0,1,CatBoost,False,6926600,2952309.303559446,0.573772225397822,0.4262277746021779
Jaehyuk Han,tipping point 103,2022.0,"Hanji and Xuan Paper, Acrylic on canvas",72.7,72.7,25,1993.0,1,CatBoost,False,6926600,3159809.501106238,0.5438152194285453,0.4561847805714547
Jaehyuk Han,tipping point 密 12,2024.0,"Hanji and Xuan Paper, Graphite",45.5,53.0,10,1993.0,1,CatBoost,False,2466200,1164544.015108567,0.5277982259717108,0.4722017740282893
Jaehyuk Han,tipping point 形 3,2024.0,"Hanji and Xuan Paper, Acrylic on canvas",60.6,60.6,15,1993.0,1,CatBoost,False,4612700,2002866.624680738,0.5657930009147055,0.43420699908529453
Jaehyuk Han,tipping point 密 10,2024.0,"Hanji and Xuan Paper, Graphite",72.7,72.7,25,1993.0,1,CatBoost,False,6926600,2891261.1184997763,0.582585811437101,0.417414188562899
Jaehyuk Han,tipping point-形-18,,"Hanji and Xuan Paper, Acrylic on canvas",72.7,72.7,25,1993.0,1,CatBoost,False,7824800,2758801.0727038765,0.6474285511829214,0.3525714488170786
Jaehyuk Han,Tipping Point-形-6,,"Hanji and Xuan Paper, Acrylic on canvas",91.0,91.0,50,1993.0,1,CatBoost,False,9271000,4311372.379276701,0.5349614519170854,0.4650385480829146
Jaehyuk Han,tipping point-密-7,,"Hanji and Xuan Paper, Acrylic on canvas",181.8,181.8,150,1993.0,1,CatBoost,False,26914700,10939378.850704085,0.5935537512696004,0.4064462487303996
Jaehyuk Han,tipping point 密 9,2024.0,"Hanji and Xuan Paper, Graphite",72.7,72.7,25,1993.0,1,CatBoost,False,6926600,2891261.1184997763,0.582585811437101,0.417414188562899
Jaehyuk Han,tipping point-形-17,,"Hanji and Xuan Paper, Acrylic on canvas",72.7,72.7,25,1993.0,1,CatBoost,False,7824800,2758801.0727038765,0.6474285511829214,0.3525714488170786
Jaehyuk Han,tipping point-形-15,,"Hanji and Xuan Paper, Acrylic on canvas",53.0,45.5,10,1993.0,1,CatBoost,False,2603200,1146865.4190116273,0.5594401432807209,0.4405598567192791
Jaehyuk Han,tipping point-結-8,,"Hanji and Xuan Paper, Acrylic on canvas",72.7,72.7,25,1993.0,1,CatBoost,False,7824800,2758801.0727038765,0.6474285511829214,0.3525714488170786
Jaehyuk Han,tipping point-形-12,,"Hanji and Xuan Paper, Acrylic on canvas",91.0,91.0,50,1993.0,1,CatBoost,False,9788600,4311372.379276701,0.5595516846866047,0.4404483153133953
Jaehyuk Han,tipping point 形 8,2024.0,"Hanji and Xuan Paper, Acrylic on canvas",72.7,72.7,25,1993.0,1,CatBoost,False,6926600,3133596.2247135956,0.5475996557165715,0.45240034428342846
Jaehyuk Han,tipping point-結-9,,"Hanji and Xuan Paper, Acrylic on canvas",130.3,130.3,80,1993.0,1,CatBoost,False,19577100,7411341.173727998,0.6214280371593343,0.37857196284066574
Jaehyuk Han,tipping point 密 3,2024.0,"Hanji and Xuan Paper, Graphite",91.0,91.0,50,1993.0,1,CatBoost,False,8601200,4351723.799521146,0.49405620151593427,0.5059437984840658
Jaehyuk Han,tipping point 形 6,2024.0,"Hanji and Xuan Paper, Acrylic on canvas",91.0,91.0,50,1993.0,1,CatBoost,False,8601200,4855372.459546102,0.43550057439123585,0.5644994256087642
Jaehyuk Han,Tipping Point-形-11,,"Hanji and Xuan Paper, Acrylic on canvas",72.7,72.7,25,1993.0,1,CatBoost,False,7413700,2758801.0727038765,0.627877972847043,0.3721220271529569
Jaehyuk Han,tipping point-結-2,,"Hanji and Xuan Paper, Acrylic on canvas",45.5,53.0,10,1993.0,1,CatBoost,False,2603200,1146865.4190116273,0.5594401432807209,0.4405598567192791
Jaehyuk Han,tipping point 117,2023.0,"Hanji and Xuan Paper, Graphite",181.8,181.8,150,1993.0,1,CatBoost,False,27614900,10162770.604783706,0.6319823499348647,0.36801765006513537
Hyuckjin Oh,Blossom Perch,2025.0,Mixed media on canvas,80.3,100.0,40,1997.0,1,XGBoost,True,3714500,3769199.0,0.014725804280522278,1.0147258042805223
Hyuckjin Oh,Step toward the Light,2025.0,Mixed media on canvas,72.7,90.9,40,1997.0,1,XGBoost,True,2785900,3180237.5,0.14154761477439964,1.1415476147743997
Hyuckjin Oh,Room No.405,2024.0,Mixed media on canvas,80.3,100.0,40,1997.0,1,XGBoost,True,3851500,3639826.75,0.05495865247306244,0.9450413475269376
Hyuckjin Oh,Longing in Reflection,2023.0,Mixed media on canvas,72.7,90.9,40,1997.0,1,XGBoost,True,2892500,2990732.5,0.03396110630942092,1.033961106309421
Hyuckjin Oh,Letting go,2023.0,Mixed media on canvas,72.7,90.9,40,1997.0,1,XGBoost,True,2892500,2990732.5,0.03396110630942092,1.033961106309421
Hyuckjin Oh,For a Cozy Shadow,2025.0,Mixed media on canvas,72.7,90.9,40,1997.0,1,XGBoost,True,2785900,3180237.5,0.14154761477439964,1.1415476147743997
Hyuckjin Oh,Fly with the birds,2025.0,Mixed media on canvas,80.3,80.3,30,1997.0,1,XGBoost,True,3714500,3550881.5,0.04404859335038363,0.9559514066496164
Hyuckjin Oh,Natural heart,2025.0,Mixed media on canvas,80.3,80.3,30,1997.0,1,XGBoost,True,3714500,3550881.5,0.04404859335038363,0.9559514066496164
Hyuckjin Oh,Natural heart,2025.0,Mixed media on canvas,72.7,90.9,40,1997.0,1,XGBoost,True,2785900,3180237.5,0.14154761477439964,1.1415476147743997
Hyuckjin Oh,Inner Child,2025.0,Mixed media on ceramic,7.0,11.0,0,1997.0,1,XGBoost,True,928700,297571.21875,0.6795830529234413,0.32041694707655866
Hyuckjin Oh,The Garden Within Me,2023.0,Mixed media on canvas,72.7,90.9,40,1997.0,1,XGBoost,True,2892500,2990732.5,0.03396110630942092,1.033961106309421
Hyuckjin Oh,Heads Bowed in Thought,2023.0,Mixed media on canvas,72.7,90.9,40,1997.0,1,XGBoost,True,2892500,2990732.5,0.03396110630942092,1.033961106309421
Hyuckjin Oh,Room No.410,2025.0,Mixed media on canvas,45.5,60.6,12,1997.0,1,XGBoost,True,1096100,1443008.125,0.31649313475047897,1.316493134750479
Hyuckjin Oh,Accidental romance,2023.0,Mixed media on canvas,72.7,90.9,40,1997.0,1,XGBoost,True,2892500,2990732.5,0.03396110630942092,1.033961106309421
Hyuckjin Oh,Natural heart,2025.0,Mixed media on canvas,72.7,90.9,40,1997.0,1,XGBoost,True,2785900,3180237.5,0.14154761477439964,1.1415476147743997
Hyuckjin Oh,Silent Wishes,2025.0,Mixed media on canvas,72.7,90.9,40,1997.0,1,XGBoost,True,2785900,3180237.5,0.14154761477439964,1.1415476147743997
Hyuckjin Oh,Forever,2023.0,Mixed media on canvas,72.7,90.9,40,1997.0,1,XGBoost,True,2892500,2990732.5,0.03396110630942092,1.033961106309421
Hyuckjin Oh,Room Flower,2025.0,Mixed media on canvas,45.5,45.5,8,1997.0,1,XGBoost,True,928700,1184992.125,0.27596869279638203,1.275968692796382
Hyuckjin Oh,Inner Child,2025.0,Mixed media on ceramic,7.0,19.0,0,1997.0,1,XGBoost,True,928700,399667.0,0.5696489716808442,0.4303510283191558
Hyuckjin Oh,Rest,2025.0,Mixed media on canvas,72.7,90.9,40,1997.0,1,XGBoost,True,2785900,3180237.5,0.14154761477439964,1.1415476147743997
Hyuckjin Oh,A pond at Night,2025.0,Mixed media on canvas,162.2,130.3,100,1997.0,1,XGBoost,True,9225300,8284804.0,0.10194747054296337,0.8980525294570366
Hyuckjin Oh,Condolence,2023.0,Mixed media on canvas,72.7,90.9,40,1997.0,1,XGBoost,True,2892500,2990732.5,0.03396110630942092,1.033961106309421
Hyuckjin Oh,Resting Place,2025.0,Mixed media on canvas,130.3,162.2,100,1997.0,1,XGBoost,True,9225300,8284804.0,0.10194747054296337,0.8980525294570366
Hyuckjin Oh,At the park at 2am,2025.0,Mixed media on canvas,72.7,90.9,40,1997.0,1,XGBoost,True,2785900,3180237.5,0.14154761477439964,1.1415476147743997
Hyuckjin Oh,Blooming from the calm,2024.0,Mixed media on canvas,72.7,72.7,25,1997.0,1,XGBoost,True,2892500,2985298.25,0.03208236819360415,1.0320823681936042
Hyuckjin Oh,"Fleeting Light, Endless Hope",2025.0,Mixed media on canvas,91.0,116.8,50,1997.0,1,XGBoost,True,4612700,4380398.5,0.050361285147527475,0.9496387148524725
Seo Buwon,ROUND 12,2025.0,Acrylic and Clay on Canvas,17.9,17.9,1,,1,CatBoost,False,400000,1032197.4944437261,1.5804937361093154,2.5804937361093154
Seo Buwon,Estrogen,2025.0,Acrylic on Canvas,45.5,53.0,10,,1,CatBoost,False,1200000,2328666.481596699,0.9405554013305825,1.9405554013305826
Seo Buwon,Sisyphus,2025.0,Acrylic on Canvas,80.3,100.0,40,,1,CatBoost,False,4800000,6684239.480723027,0.3925498918172973,1.3925498918172974
Seo Buwon,Masses,2025.0,Acrylic on Canvas,91.0,116.8,50,,1,CatBoost,False,7000000,11183606.959067533,0.5976581370096475,1.5976581370096476
Seo Buwon,Nirvana,2025.0,Acrylic on Canva,80.3,65.1,25,,1,CatBoost,False,3200000,5147423.69535151,0.608569904797347,1.608569904797347
Seo Buwon,Knockout 2,2025.0,Acrylic on Wood,40.0,31.0,5,,1,CatBoost,False,800000,2059141.2495304584,1.573926561913073,2.573926561913073
Seo Buwon,Dogs,2025.0,Acrylic on Canvas,112.1,145.5,80,,1,CatBoost,False,8000000,19792649.992350716,1.4740812490438395,2.4740812490438393
Seo Buwon,ROUND 9,2025.0,Acrylic and Clay on Canvas,17.9,17.9,1,,1,CatBoost,False,400000,1032197.4944437261,1.5804937361093154,2.5804937361093154
Seo Buwon,ROUND 5,2025.0,Acrylic and Clay on Canvas,17.9,17.9,1,,1,CatBoost,False,400000,1032197.4944437261,1.5804937361093154,2.5804937361093154
Seo Buwon,ROUND 14,2025.0,Acrylic and Clay on Canvas,17.9,17.9,1,,1,CatBoost,False,400000,1032197.4944437261,1.5804937361093154,2.5804937361093154
Seo Buwon,ROUND 6,2025.0,Acrylic and Clay on Canvas,17.9,17.9,1,,1,CatBoost,False,400000,1032197.4944437261,1.5804937361093154,2.5804937361093154
Seo Buwon,Mass,2025.0,Acrylic on Canvas,130.3,162.2,100,,1,CatBoost,False,10000000,20216335.035692774,1.0216335035692774,2.0216335035692774
Seo Buwon,ROUND 10,2025.0,Acrylic and Clay on Canvas,17.9,17.9,1,,1,CatBoost,False,400000,1032197.4944437261,1.5804937361093154,2.5804937361093154
Seo Buwon,Self-portrait 2,2025.0,Acrylic on Canvas,53.0,72.7,15,,1,CatBoost,False,2400000,4365590.638260625,0.8189960992752605,1.8189960992752605
Seo Buwon,Knockout 1,2025.0,Acrylic on Wood,42.0,33.0,6,,1,CatBoost,False,800000,2166995.341895808,1.70874417736976,2.70874417736976
Seo Buwon,ROUND 11,2025.0,Acrylic and Clay on Canvas,17.9,17.9,1,,1,CatBoost,False,400000,1032197.4944437261,1.5804937361093154,2.5804937361093154
Seo Buwon,ROUND 4,2025.0,Acrylic and Clay on Canvas,17.9,17.9,1,,1,CatBoost,False,400000,1032197.4944437261,1.5804937361093154,2.5804937361093154
Seo Buwon,Estrogen 02,2025.0,Acrylic on Canvas,45.5,53.0,10,,1,CatBoost,False,1200000,2328666.481596699,0.9405554013305825,1.9405554013305826
Seo Buwon,ROUND 15,2025.0,Acrylic and Clay on Canvas,17.9,17.9,1,,1,CatBoost,False,400000,1032197.4944437261,1.5804937361093154,2.5804937361093154
Seo Buwon,People Who Make Me Sad,2025.0,Acrylic on Canvas,80.0,100.0,40,,1,CatBoost,False,4800000,7300941.513481657,0.5210294819753453,1.5210294819753452
Seo Buwon,ROUND 2,2025.0,Acrylic and Clay on Canvas,17.9,17.9,1,,1,CatBoost,False,400000,1032197.4944437261,1.5804937361093154,2.5804937361093154
Seo Buwon,Knockout 3,2025.0,Acrylic on Wood,46.0,34.0,6,,1,CatBoost,False,800000,2451777.484111794,2.064721855139742,3.064721855139742
Seo Buwon,ROUND 8,2025.0,Acrylic and Clay on Canvas,17.9,17.9,1,,1,CatBoost,False,400000,1032197.4944437261,1.5804937361093154,2.5804937361093154
Seo Buwon,ROUND 7,2025.0,Acrylic and Clay on Canvas,17.9,17.9,1,,1,CatBoost,False,400000,1032197.4944437261,1.5804937361093154,2.5804937361093154
Seo Buwon,ROUND 13,2025.0,Acrylic and Clay on Canvas,17.9,17.9,1,,1,CatBoost,False,400000,1032197.4944437261,1.5804937361093154,2.5804937361093154
Seo Buwon,Flowers That Bloom in Summer,2024.0,Acrylic on Canvas,72.7,90.9,40,,1,CatBoost,False,3600000,6557284.155662387,0.8214678210173296,1.8214678210173296
Seo Buwon,ROUND 16,2025.0,Acrylic and Clay on Canvas,17.9,17.9,1,,1,CatBoost,False,400000,1032197.4944437261,1.5804937361093154,2.5804937361093154
Seo Buwon,Teardrop Blossom,2024.0,Acrylic on Canvas,80.3,100.0,40,,1,CatBoost,False,3600000,6840645.403581047,0.9001792787725131,1.9001792787725131
Seo Buwon,Knockout 4,2025.0,Acrylic on Wood,43.0,33.0,6,,1,CatBoost,False,800000,2306477.4348437316,1.8830967935546645,2.8830967935546643
Seo Buwon,ROUND 3,2025.0,Acrylic and Clay on Canvas,17.9,17.9,1,,1,CatBoost,False,400000,1032197.4944437261,1.5804937361093154,2.5804937361093154
Seo Buwon,Self-portrait 1,2025.0,Acrylic on Canvas,53.0,72.7,15,,1,CatBoost,False,2400000,4365590.638260625,0.8189960992752605,1.8189960992752605
Seo Buwon,Testosterone 01,2025.0,Acrylic on Canvas,45.5,53.0,10,,1,CatBoost,False,1200000,2328666.481596699,0.9405554013305825,1.9405554013305826
Seo Buwon,Rainy Season,2024.0,Acrylic on Canvas,60.6,72.7,20,,1,CatBoost,False,2400000,3655542.1941446033,0.5231425808935847,1.5231425808935848
Seo Buwon,Yongbigyo Romance,2024.0,Acrylic on Canvas,116.8,91.0,50,,1,CatBoost,False,5500000,11343532.146597221,1.062460390290404,2.0624603902904037
Seo Buwon,Self-portrait 3,2025.0,Acrylic on Canvas,53.0,72.7,15,,1,CatBoost,False,2400000,4365590.638260625,0.8189960992752605,1.8189960992752605
Seo Buwon,Knockout 5,2025.0,Acrylic on Wood,43.0,35.0,6,,1,CatBoost,False,800000,1933648.1029607977,1.4170601287009972,2.417060128700997
Seo Buwon,Testosterone 02,2025.0,Acrylic on Canvas,45.5,53.0,10,,1,CatBoost,False,1200000,2328666.481596699,0.9405554013305825,1.9405554013305826
Seo Buwon,ROUND 1,2025.0,Acrylic and Clay on Canvas,17.9,17.9,1,,1,CatBoost,False,400000,1032197.4944437261,1.5804937361093154,2.5804937361093154
Hyunmo Yang,Flexible Forms 10.13,2025.0,Oil on canvas,53.0,53.0,12,1987.0,2,XGBoost,True,2000000,2105879.25,0.052939625,1.052939625
Hyunmo Yang,Flexible Forms 10.10,2025.0,Oil on canvas,53.0,53.0,12,1987.0,2,XGBoost,True,2000000,2105879.25,0.052939625,1.052939625
Hyunmo Yang,Flexible Forms 07.05,2025.0,Oil on canvas,53.0,53.0,12,1987.0,2,XGBoost,True,2000000,2105879.25,0.052939625,1.052939625
Hyunmo Yang,Flexible Forms 01.17,2025.0,Oil on canvas,53.0,53.0,12,1987.0,2,XGBoost,True,2000000,2105879.25,0.052939625,1.052939625
Hyunmo Yang,Short Truth,2025.0,Oil on canvas,187.0,187.0,150,1987.0,2,XGBoost,True,24000000,15838063.0,0.3400807083333333,0.6599192916666666
Hyunmo Yang,Flexible Forms 03.11,2025.0,Oil on canvas,53.0,53.0,12,1987.0,2,XGBoost,True,2000000,2105879.25,0.052939625,1.052939625
Hyunmo Yang,Flexible Forms 11.19,2025.0,Oil on canvas,53.0,53.0,12,1987.0,2,XGBoost,True,2000000,2105879.25,0.052939625,1.052939625
Hyunmo Yang,Flexible Forms 01.05,2025.0,Oil on canvas,150.0,150.0,100,1987.0,2,XGBoost,True,14000000,13840340.0,0.011404285714285714,0.9885957142857142
Hyunmo Yang,Flexible Forms 12.19,2025.0,Oil on canvas,53.0,53.0,12,1987.0,2,XGBoost,True,2000000,2105879.25,0.052939625,1.052939625
Hyunmo Yang,Flexible Forms 05.01,2025.0,Oil on canvas,159.0,53.0,50,1987.0,2,XGBoost,True,6000000,6604314.5,0.10071908333333333,1.1007190833333333
Hyunmo Yang,Flexible Forms 01.03,2025.0,Oil on canvas,130.3,260.6,150,1987.0,2,XGBoost,True,24000000,14316714.0,0.40347025,0.59652975
Hyunmo Yang,Flexible Forms 12.05,2025.0,Oil on canvas,53.0,53.0,12,1987.0,2,XGBoost,True,2000000,2105879.25,0.052939625,1.052939625
Hyunmo Yang,Flexible Forms 05.25,2025.0,Oil on canvas,53.0,53.0,12,1987.0,2,XGBoost,True,2000000,2105879.25,0.052939625,1.052939625
Hyunmo Yang,Flexible Forms 08.08,2025.0,Oil on canvas,150.0,150.0,100,1987.0,2,XGBoost,True,14000000,13840340.0,0.011404285714285714,0.9885957142857142
Hyunmo Yang,Flexible Forms 04.25,2025.0,Oil on canvas,53.0,53.0,12,1987.0,2,XGBoost,True,2000000,2105879.25,0.052939625,1.052939625
Hyunmo Yang,Flexible Forms 08.11,2025.0,Oil on canvas,53.0,53.0,12,1987.0,2,XGBoost,True,2000000,2105879.25,0.052939625,1.052939625
Hyunmo Yang,Flexible Forms 10.19,2025.0,Oil on canvas,53.0,53.0,12,1987.0,2,XGBoost,True,2000000,2105879.25,0.052939625,1.052939625
Hyunmo Yang,Flexible Forms 08.25,2025.0,Oil on canvas,53.0,53.0,12,1987.0,2,XGBoost,True,2000000,2105879.25,0.052939625,1.052939625
Hyunmo Yang,Flexible Forms 11.12,2025.0,Oil on canvas,91.0,91.0,50,1987.0,2,XGBoost,True,6000000,6080160.0,0.01336,1.01336
Hyunmo Yang,Flexible Forms 08.29,2025.0,Oil on canvas,53.0,53.0,12,1987.0,2,XGBoost,True,2000000,2105879.25,0.052939625,1.052939625
Hyunmo Yang,Flexible Forms 05.10,2025.0,Oil on canvas,53.0,53.0,12,1987.0,2,XGBoost,True,2000000,2105879.25,0.052939625,1.052939625
Hyunmo Yang,Flexible Forms 01.15,2025.0,Oil on canvas,53.0,53.0,12,1987.0,2,XGBoost,True,2000000,2105879.25,0.052939625,1.052939625
Hyunmo Yang,Flexible Forms 07.02,2025.0,Oil on canvas,130.3,130.3,80,1987.0,2,XGBoost,True,12000000,11676162.0,0.0269865,0.9730135
Hyunmo Yang,람,2025.0,Oil on canvas,130.3,130.3,80,1987.0,2,XGBoost,True,12000000,11676162.0,0.0269865,0.9730135
Hyunmo Yang,Flexible Forms 04.27,2025.0,Oil on canvas,53.0,53.0,12,1987.0,2,XGBoost,True,2000000,2105879.25,0.052939625,1.052939625
Hyunmo Yang,Flexible Forms 01.19,2025.0,Oil on canvas,53.0,53.0,12,1987.0,2,XGBoost,True,2000000,2105879.25,0.052939625,1.052939625
Hyunmo Yang,Flexible Forms 04.21,2025.0,Oil on canvas,53.0,53.0,12,1987.0,2,XGBoost,True,2000000,2105879.25,0.052939625,1.052939625
Hyunmo Yang,Flexible Forms 12.03,2025.0,Oil on canvas,31.8,31.8,4,1987.0,2,XGBoost,True,720000,1694267.5,1.3531493055555555,2.3531493055555557
Hyunmo Yang,Flexible Forms 08.19,2025.0,Oil on canvas,53.0,53.0,12,1987.0,2,XGBoost,True,2000000,2105879.25,0.052939625,1.052939625
Hyunmo Yang,Flexible Forms 02.03,2025.0,Oil on canvas,53.0,53.0,12,1987.0,2,XGBoost,True,2000000,2105879.25,0.052939625,1.052939625
Hyunmo Yang,Flexible Forms 04.18,2025.0,Oil on canvas,150.0,150.0,100,1987.0,2,XGBoost,True,14000000,13840340.0,0.011404285714285714,0.9885957142857142
Hyunmo Yang,Flexible Forms 04.01,2025.0,Oil on canvas,53.0,53.0,12,1987.0,2,XGBoost,True,2000000,2105879.25,0.052939625,1.052939625
Hyunmo Yang,Flexible Forms 12.27,2025.0,Oil on canvas,130.3,130.3,80,1987.0,2,XGBoost,True,12000000,11676162.0,0.0269865,0.9730135
Hyunmo Yang,Flexible Forms 11.04,2025.0,Oil on canvas,91.0,91.0,50,1987.0,2,XGBoost,True,6000000,6080160.0,0.01336,1.01336
Hyunmo Yang,Flexible Forms 01.03,2025.0,Oil on canvas,53.0,53.0,12,1987.0,2,XGBoost,True,2000000,2105879.25,0.052939625,1.052939625
Hyunmo Yang,Flexible Forms 03.25,2025.0,Oil on canvas,53.0,53.0,12,1987.0,2,XGBoost,True,2000000,2105879.25,0.052939625,1.052939625
Hyunmo Yang,Flexible Forms 03.05,2025.0,Oil on canvas,53.0,53.0,12,1987.0,2,XGBoost,True,2000000,2105879.25,0.052939625,1.052939625
Hyunmo Yang,Flexible Forms 10.18,2025.0,Oil on canvas,53.0,53.0,12,1987.0,2,XGBoost,True,2000000,2105879.25,0.052939625,1.052939625
Lee Minwoo,Pure,2025.0,Painting,73.0,91.0,40,,1,CatBoost,False,4500000,5851278.106661588,0.3002840237025751,1.300284023702575
Lee Minwoo,Pure,2025.0,Painting,130.0,162.0,100,,1,CatBoost,False,12000000,20367314.110999692,0.697276175916641,1.697276175916641
Lee Minwoo,Pure,2025.0,Painting,61.0,73.0,20,,1,CatBoost,False,3000000,3741272.2501914827,0.24709075006382758,1.2470907500638275
Lee Minwoo,Pure,2025.0,Painting,91.0,117.0,50,,1,CatBoost,False,7500000,11207789.647052737,0.4943719529403649,1.494371952940365
Lee Minwoo,Pure,2025.0,Painting,91.0,117.0,50,,1,CatBoost,False,7500000,11207789.647052737,0.4943719529403649,1.494371952940365
Lee Minwoo,Pure,2025.0,Painting,20.0,20.0,1,,1,CatBoost,False,450000,1103299.2209241947,1.4517760464982103,2.4517760464982103
Lee Minwoo,Pure,2025.0,Painting,117.0,80.0,50,,1,CatBoost,False,7500000,11168374.9725484,0.48911666300645323,1.4891166630064532
Lee Minwoo,Pure,2025.0,Painting,130.0,162.0,100,,1,CatBoost,False,12000000,20367314.110999692,0.697276175916641,1.697276175916641
Lee Minwoo,Pure,2025.0,Painting,130.0,162.0,100,,1,CatBoost,False,12000000,20367314.110999692,0.697276175916641,1.697276175916641
Lee Minwoo,Pure,2025.0,Painting,182.0,146.0,120,,1,CatBoost,False,12000000,22280014.424416397,0.8566678687013664,1.8566678687013665
Lee Minwoo,Pure,2025.0,Painting,91.1,117.0,50,,1,CatBoost,False,7500000,10697717.103601566,0.42636228048020874,1.4263622804802087
Lee Minwoo,Pure,2025.0,Painting,217.0,150.0,150,,1,CatBoost,False,20000000,27220993.911208883,0.36104969556044414,1.361049695560444
Lee Minwoo,Pure,2025.0,Painting,150.0,651.0,500,,1,CatBoost,False,50000000,45992609.308954425,0.0801478138209115,0.9198521861790885
Lee Minwoo,Pure,2025.0,Painting,117.0,80.0,50,,1,CatBoost,False,7500000,11168374.9725484,0.48911666300645323,1.4891166630064532
Lee Minwoo,Pure,2025.0,Painting,61.0,73.0,20,,1,CatBoost,False,3000000,3741272.2501914827,0.24709075006382758,1.2470907500638275
Lee Minwoo,Pure,2025.0,Painting,61.0,73.0,20,,1,CatBoost,False,3000000,3741272.2501914827,0.24709075006382758,1.2470907500638275
Park Sangnam,"Trésor, Now, 보물, 지금",2025.0,Painting,162.0,97.3,80,,1,CatBoost,False,42625000,18760675.215202186,0.5598668571213563,0.4401331428786437
Park Sangnam,"Trésor, Now, 보물, 지금",2022.0,Painting,97.0,162.0,80,,1,CatBoost,False,42625000,19459673.752291203,0.5434680644623765,0.4565319355376235
Park Sangnam,"Trésor, Now, 보물, 지금",2022.0,Painting,46.0,28.7,6,,1,CatBoost,False,3805800,2670139.5072616977,0.29840256785388153,0.7015974321461185
Park Sangnam,"Trésor, Now, 보물, 지금",2022.0,Painting,91.0,91.0,50,,1,CatBoost,False,12939800,8990355.61893858,0.30521680250555805,0.694783197494442
Park Sangnam,"Trésor, Now, 보물, 지금",2019.0,Painting,45.5,60.6,12,,1,CatBoost,False,5328200,4015644.254266668,0.2463413058318629,0.7536586941681371
Park Sangnam,"Trésor, Now, 보물, 지금",2019.0,Painting,45.5,60.6,12,,1,CatBoost,False,5328200,4015644.254266668,0.2463413058318629,0.7536586941681371
Park Sangnam,"Trésor, Now, 보물, 지금",2018.0,Painting,33.3,53.0,8,,1,CatBoost,False,4567000,3613074.724158393,0.20887350029376106,0.7911264997062389
Park Sangnam,"Trésor, Now, 보물, 지금",2020.0,Painting,43.6,59.9,12,,1,CatBoost,False,5328200,4038910.5476337215,0.2419746729413833,0.7580253270586167
Park Sangnam,"Trésor, Now, 보물, 지금",2019.0,Painting,45.5,60.6,12,,1,CatBoost,False,5328200,4015644.254266668,0.2463413058318629,0.7536586941681371
Park Sangnam,"Trésor, Now-2",2025.0,Painting,38.0,45.5,8,,1,CatBoost,False,3805800,2150423.6953427754,0.43496145479458315,0.5650385452054169
Park Sangnam,"Trésor, Now, 보물, 지금",2025.0,Painting,97.0,162.0,80,,1,CatBoost,False,42625000,18760675.215202186,0.5598668571213563,0.4401331428786437
Park Sangnam,"Trésor, Now, 보물, 지금",2018.0,Painting,52.7,72.9,15,,1,CatBoost,False,9134000,5084442.018125139,0.44334989948268677,0.5566501005173132
Park Sangnam,"Trésor, Now, 보물, 지금",2021.0,Painting,50.0,65.2,15,,1,CatBoost,False,6850500,3999202.0310717956,0.41621749783639217,0.5837825021636078
Park Sangnam,"Trésor, Now, 보물, 지금",2022.0,Painting,91.0,91.0,50,,1,CatBoost,False,12939800,8990355.61893858,0.30521680250555805,0.694783197494442
Park Sangnam,"Trésor, Now, 보물, 지금",2018.0,Painting,60.6,91.0,25,,1,CatBoost,False,12939800,7780785.049231201,0.39869356178370596,0.601306438216294
Park Sangnam,"Trésor, Now, 보물, 지금",2018.0,Painting,33.3,53.0,8,,1,CatBoost,False,4567000,3613074.724158393,0.20887350029376106,0.7911264997062389
Park Sangnam,"Trésor, Now, 보물, 지금",2022.0,Painting,54.5,65.2,15,,1,CatBoost,False,6850500,3023291.6722233603,0.5586757649480534,0.4413242350519466
Park Sangnam,"Trésor, Now, 보물, 지금",2022.0,Painting,91.0,91.0,50,,1,CatBoost,False,12939800,8990355.61893858,0.30521680250555805,0.694783197494442
Park Sangnam,"Trésor, Now, 보물, 지금",2025.0,Painting,162.0,97.3,80,,1,CatBoost,False,42625000,18760675.215202186,0.5598668571213563,0.4401331428786437
Park Sangnam,"Trésor, Now, 보물, 지금",2020.0,Painting,62.0,71.0,20,,1,CatBoost,False,9134000,3937165.4996021218,0.568954948587462,0.43104505141253796
Park Sangnam,"Trésor, Now, 보물, 지금",2018.0,painting,60.6,91.0,25,,1,CatBoost,False,12939800,7780785.049231201,0.39869356178370596,0.601306438216294
Park Sangnam,"Trésor, Now-1",2025.0,Painting,53.0,65.2,15,,1,CatBoost,False,6850500,3039691.0678372276,0.5562818673327162,0.44371813266728377
Park Sangnam,"Trésor, Now, 보물, 지금",2020.0,Painting,40.2,51.0,8,,1,CatBoost,False,4567000,3121659.717809253,0.3164747716642757,0.6835252283357243
Park Sangnam,"Trésor, Now, 보물, 지금",2018.0,Painting,53.0,45.5,10,,1,CatBoost,False,4567000,2668899.4819201473,0.41561211256401415,0.5843878874359858
Park Sangnam,"Trésor, Now, 보물, 지금",2025.0,Painting,89.4,145.5,60,,1,CatBoost,False,34252200,15332612.276353654,0.5523612417201332,0.4476387582798668
Park Sangnam,"Trésor, Now, 보물, 지금",2025.0,Painting,162.0,97.3,80,,1,CatBoost,False,42625000,18760675.215202186,0.5598668571213563,0.4401331428786437
Park Sangnam,"Trésor, Now, 보물, 지금",2002.0,Painting,124.0,157.0,100,,1,CatBoost,False,42625000,29981093.452007905,0.29663123866257113,0.7033687613374289
Park Sangnam,"Trésor, Now, 보물, 지금",2018.0,Painting,60.6,91.0,25,,1,CatBoost,False,12939800,7780785.049231201,0.39869356178370596,0.601306438216294
Park Sangnam,"Trésor, Now, 보물, 지금",,Painting,56.0,71.4,20,,1,CatBoost,False,9134000,4164402.699267576,0.5440767791474079,0.45592322085259207
Park Sangnam,"Trésor, Now, 보물, 지금",2019.0,Painting,60.6,50.0,12,,1,CatBoost,False,5328200,3102681.5215475946,0.417686738195339,0.5823132618046609
Park Sangnam,"Trésor, Now, 보물, 지금",2024.0,Painting,52.8,52.8,12,,1,CatBoost,False,6850500,2988139.6310982304,0.5638070752356426,0.4361929247643574
Park Sangnam,"Trésor, Now, 보물, 지금",2022.0,Painting,53.3,68.7,15,,1,CatBoost,False,7611600,4388203.095350481,0.42348480012737394,0.5765151998726261
Park Sangnam,"Trésor, Now, 보물, 지금",2025.0,Painting,97.3,162.0,80,,1,CatBoost,False,42625000,18760675.215202186,0.5598668571213563,0.4401331428786437
Park Sangnam,"Trésor, Now, 보물, 지금",2016.0,Painting,60.6,50.0,12,,1,CatBoost,False,5328200,3423017.975229498,0.35756578671418154,0.6424342132858185
Park Sangnam,"Trésor, Now, 보물, 지금",2019.0,Painting,45.5,60.6,12,,1,CatBoost,False,5328200,4015644.254266668,0.2463413058318629,0.7536586941681371
Yoo Suzy,Crow and Star,2025.0,Oil on Canvas,31.8,40.9,6,1995.0,1,CatBoost,False,715500,950500.5635223865,0.32844243678880014,1.3284424367888001
Yoo Suzy,Friends,2025.0,Oil on Canvas,45.5,53.0,10,1995.0,1,CatBoost,False,1202700,1037284.1235181185,0.13753710524809304,0.862462894751907
Yoo Suzy,Star With,2025.0,Oil on Canvas,45.5,53.0,10,1995.0,1,CatBoost,False,1202700,1037284.1235181185,0.13753710524809304,0.862462894751907
Yoo Suzy,The crisis,2024.0,Oil On Canvas,100.0,80.3,40,1995.0,1,CatBoost,False,3200000,3409124.1581243793,0.06535129941386855,1.0653512994138685
Yoo Suzy,I'm not Alone,2025.0,Oil on Canvas,45.5,53.0,10,1995.0,1,CatBoost,False,1202700,1037284.1235181185,0.13753710524809304,0.862462894751907
Yoo Suzy,Chungmuro Studio,2025.0,Oil on Canvas,72.7,90.9,40,1995.0,1,CatBoost,False,3607900,3259399.7941001887,0.09659364336589467,0.9034063566341053
Yoo Suzy,We Are All Connected with  a Round Heart,2025.0,Oil on Canvas,130.3,130.3,80,1995.0,1,CatBoost,False,10823700,6736646.566617261,0.3776022463097406,0.6223977536902594
Yoo Suzy,Us under the sun,2024.0,oil on canvas,53.0,45.5,10,1995.0,1,CatBoost,False,800000,1037292.3089404631,0.2966153861755789,1.296615386175579
Yoo Suzy,Pray for Others,2024.0,oil on canvas,31.8,31.8,4,1995.0,1,CatBoost,False,480000,653809.6444571159,0.3621034259523248,1.3621034259523248
Yoo Suzy,the stars and the sea 1,2024.0,oil on canvas,53.0,53.0,12,1995.0,1,CatBoost,False,1200000,1262765.6409626405,0.052304700802200434,1.0523047008022004
Yoo Suzy,Pink Moon,2025.0,Oil on Canvas,90.9,72.7,40,1995.0,1,CatBoost,False,3607900,3259399.7941001887,0.09659364336589467,0.9034063566341053
Yoo Suzy,Night,,Oil on canvas,31.8,40.9,6,1995.0,1,CatBoost,False,715500,891776.0556446761,0.24636765289262905,1.246367652892629
Yoo Suzy,Good Luck,2025.0,Oil on Canvas,45.5,53.0,10,1995.0,1,CatBoost,False,1202700,1037284.1235181185,0.13753710524809304,0.862462894751907
Yoo Suzy,Star Maze,2025.0,Oil on Canvas,45.5,53.0,10,1995.0,1,CatBoost,False,1202700,1037284.1235181185,0.13753710524809304,0.862462894751907
Yoo Suzy,the stars and the sea 2,2024.0,oil on canvas,53.0,53.0,12,1995.0,1,CatBoost,False,1200000,1262765.6409626405,0.052304700802200434,1.0523047008022004
Yoo Suzy,Melting Dream,2025.0,Oil on Canvas,60.9,72.7,20,1995.0,1,CatBoost,False,2405300,1781196.5868625606,0.2594700923533195,0.7405299076466805
Yoo Suzy,Star Dwelling,2025.0,Oil on Canvas,72.7,72.7,25,1995.0,1,CatBoost,False,3607900,2545250.4590944415,0.2945340893332849,0.7054659106667152
Yoo Suzy,Walking with 2,2024.0,oil on canvas,45.5,53.0,10,1995.0,1,CatBoost,False,800000,1037292.3089404631,0.2966153861755789,1.296615386175579
Yoo Suzy,Finding My Star,2025.0,Oil on Canvas,91.0,116.8,50,1995.0,1,CatBoost,False,6013200,5021541.667944692,0.1649135788025191,0.8350864211974809
Yoo Suzy,Like a Bee,2025.0,Oil on Canvas,72.7,60.9,20,1995.0,1,CatBoost,False,2405300,1781196.5868625606,0.2594700923533195,0.7405299076466805
Yoo Suzy,Green Light,2025.0,Oil on Canvas,45.5,53.0,10,1995.0,1,CatBoost,False,1202700,1037284.1235181185,0.13753710524809304,0.862462894751907
Yoo Suzy,Shooting Star,2025.0,Oil on Canvas,45.5,53.0,10,1995.0,1,CatBoost,False,1202700,1037284.1235181185,0.13753710524809304,0.862462894751907
Yoo Suzy,Red Light,2025.0,Oil on Canvas,45.5,53.0,10,1995.0,1,CatBoost,False,1202700,1037284.1235181185,0.13753710524809304,0.862462894751907
Yoo Suzy,Rainy Day,2025.0,Oil on Canvas,53.0,53.0,12,1995.0,1,CatBoost,False,1811600,1262755.6762979028,0.3029610972080466,0.6970389027919535
Yoo Suzy,Greenly,2025.0,Oil on Canvas,72.7,72.7,25,1995.0,1,CatBoost,False,3607900,2545250.4590944415,0.2945340893332849,0.7054659106667152
Yoo Suzy,Day,,Oil on canvas,31.8,40.9,6,1995.0,1,CatBoost,False,715500,891776.0556446761,0.24636765289262905,1.246367652892629
Diego Rodarte,Action EVII,,Oil on linen,20.0,26.0,2,,1,CatBoost,False,2087600,1375357.7633473715,0.34117754198727174,0.6588224580127282
Diego Rodarte,Action EXI,,Oil on linen,20.0,26.0,2,,1,CatBoost,False,2087600,1375357.7633473715,0.34117754198727174,0.6588224580127282
Diego Rodarte,Action LXV,,Oil on linen,80.0,100.0,40,,1,CatBoost,False,4602100,6821817.344333617,0.4823270559817512,1.4823270559817512
Diego Rodarte,Action V,,Oil on linen,80.0,100.0,40,,1,CatBoost,False,4602100,6821817.344333617,0.4823270559817512,1.4823270559817512
Diego Rodarte,Action LXIX,,Oil on linen,80.0,100.0,40,,1,CatBoost,False,4602100,6821817.344333617,0.4823270559817512,1.4823270559817512
Diego Rodarte,Action IX,,Oil on linen,80.0,100.0,40,,1,CatBoost,False,4602100,6821817.344333617,0.4823270559817512,1.4823270559817512
Diego Rodarte,Action LXXIX,,Oil on linen,50.0,58.0,12,,1,CatBoost,False,2514600,2409715.594181737,0.04171017490585503,0.958289825094145
Diego Rodarte,Action EIX,,Oil on linen,20.0,26.0,2,,1,CatBoost,False,2087600,1375357.7633473715,0.34117754198727174,0.6588224580127282
Diego Rodarte,Action LXXII,,Oil on linen,50.0,58.0,12,,1,CatBoost,False,2514600,2409715.594181737,0.04171017490585503,0.958289825094145
Diego Rodarte,Action LXIII,,Oil on linen,80.0,100.0,40,,1,CatBoost,False,4602100,6821817.344333617,0.4823270559817512,1.4823270559817512
Diego Rodarte,Action EV,,Oil on linen,20.0,26.0,2,,1,CatBoost,False,2087600,1375357.7633473715,0.34117754198727174,0.6588224580127282
Diego Rodarte,Action I,,Oil on linen,80.0,100.0,40,,1,CatBoost,False,4602100,6821817.344333617,0.4823270559817512,1.4823270559817512
Diego Rodarte,Action EII,,Oil on linen,20.0,26.0,2,,1,CatBoost,False,2087600,1375357.7633473715,0.34117754198727174,0.6588224580127282
Diego Rodarte,Action LXXVIII,,Oil on linen,50.0,58.0,12,,1,CatBoost,False,2514600,2409715.594181737,0.04171017490585503,0.958289825094145
Diego Rodarte,Action LXVI,,Oil on linen,80.0,100.0,40,,1,CatBoost,False,4602100,6821817.344333617,0.4823270559817512,1.4823270559817512
Diego Rodarte,Action LXXXV,,Oil on linen,50.0,58.0,12,,1,CatBoost,False,2514600,2409715.594181737,0.04171017490585503,0.958289825094145
Diego Rodarte,Action C,,Oil on linen,50.0,58.0,12,,1,CatBoost,False,2514600,2409715.594181737,0.04171017490585503,0.958289825094145
Diego Rodarte,Action LXXI,,Oil on linen,50.0,58.0,12,,1,CatBoost,False,2514600,2409715.594181737,0.04171017490585503,0.958289825094145
Diego Rodarte,Action LXXlll,,Oil on linen,50.0,58.0,12,,1,CatBoost,False,2514600,2437221.0776135125,0.03077186128469239,0.9692281387153077
Diego Rodarte,Action LXVII,,Oil on linen,80.0,100.0,40,,1,CatBoost,False,4602100,6821817.344333617,0.4823270559817512,1.4823270559817512
Diego Rodarte,Action I,,Oil on linen,80.0,100.0,40,,1,CatBoost,False,4602100,6821817.344333617,0.4823270559817512,1.4823270559817512
Diego Rodarte,Action LXXXIV,,Oil on linen,50.0,58.0,12,,1,CatBoost,False,2514600,2409715.594181737,0.04171017490585503,0.958289825094145
Diego Rodarte,Action EIII,,Oil on linen,20.0,26.0,2,,1,CatBoost,False,2087600,1375357.7633473715,0.34117754198727174,0.6588224580127282
Diego Rodarte,Action EVI,,Oil on linen,20.0,26.0,2,,1,CatBoost,False,2087600,1375357.7633473715,0.34117754198727174,0.6588224580127282
Diego Rodarte,Action LXVIII,,Oil on linen,80.0,100.0,40,,1,CatBoost,False,4602100,6821817.344333617,0.4823270559817512,1.4823270559817512
Diego Rodarte,Action LXX,,Oil on linen,50.0,58.0,12,,1,CatBoost,False,2514600,2409715.594181737,0.04171017490585503,0.958289825094145
Diego Rodarte,Action EVIII,,Oil on linen,20.0,26.0,2,,1,CatBoost,False,2087600,1375357.7633473715,0.34117754198727174,0.6588224580127282
Diego Rodarte,Action LXXVIII,,Oil on linen,50.0,58.0,12,,1,CatBoost,False,2514600,2409715.594181737,0.04171017490585503,0.958289825094145
Diego Rodarte,Action  LXXXIX,,Oil on linen,50.0,58.0,12,,1,CatBoost,False,2514600,2409715.594181737,0.04171017490585503,0.958289825094145
Diego Rodarte,Action EIV,,Oil on linen,20.0,26.0,2,,1,CatBoost,False,2087600,1375357.7633473715,0.34117754198727174,0.6588224580127282
Diego Rodarte,Action EX,,Oil on linen,20.0,26.0,2,,1,CatBoost,False,2087600,1375357.7633473715,0.34117754198727174,0.6588224580127282
Diego Rodarte,Action,,Oil on linen,80.0,100.0,40,,1,CatBoost,False,2514600,6821817.344333617,1.712883696943298,2.712883696943298
Diego Rodarte,Action EI,,Oil on linen,20.0,26.0,2,,1,CatBoost,False,2087600,1375357.7633473715,0.34117754198727174,0.6588224580127282
Kwon Jian,Humming Letter,2025.0,Painting,28.5,28.5,3,1984.0,2,XGBoost,True,2000000,1353609.375,0.3231953125,0.6768046875
Kwon Jian,Humming Letter 05-06,2025.0,Painting,17.5,24.7,1,1984.0,2,XGBoost,True,700000,741141.875,0.05877410714285714,1.0587741071428571
Kwon Jian,Humming Letter 06-06,2025.0,Painting,17.5,24.5,1,1984.0,2,XGBoost,True,700000,730238.375,0.043197678571428574,1.0431976785714285
Kwon Jian,Humming Letter,2025.0,Painting,73.5,93.5,40,1984.0,2,XGBoost,True,8500000,5629066.5,0.33775688235294116,0.6622431176470588
Kwon Jian,Humming Letter,2025.0,Painting,47.5,53.5,10,1984.0,2,XGBoost,True,4000000,2346226.25,0.4134434375,0.5865565625
Kwon Jian,Humming Letter,2025.0,Painting,131.0,163.0,100,1984.0,2,XGBoost,True,20000000,12702960.0,0.364852,0.635148
Kwon Jian,Humming Letter,2025.0,Painting,131.0,163.0,100,1984.0,2,XGBoost,True,20000000,12702960.0,0.364852,0.635148
Kwon Jian,Humming Letter,2025.0,Painting,17.5,24.0,1,1984.0,2,XGBoost,True,700000,707863.125,0.011233035714285714,1.0112330357142858
Kwon Jian,Humming Letter,2025.0,Painting,116.8,91.0,50,1984.0,2,XGBoost,True,12000000,8661295.0,0.27822541666666667,0.7217745833333333
Kwon Jian,Humming Letter,2025.0,Painting,17.5,24.0,1,1984.0,2,XGBoost,True,700000,707863.125,0.011233035714285714,1.0112330357142858
Kwon Jian,Humming Letter,2025.0,Painting,16.3,23.2,1,1984.0,2,XGBoost,True,700000,741498.1875,0.059283125,1.059283125
Kwon Jian,Humming Letter,2025.0,Painting,116.8,91.0,50,1984.0,2,XGBoost,True,12000000,8661295.0,0.27822541666666667,0.7217745833333333
Kwon Jian,Humming Letter,2025.0,Painting,91.0,116.8,50,1984.0,2,XGBoost,True,12000000,8661295.0,0.27822541666666667,0.7217745833333333
Kwon Jian,Humming Letter,2025.0,Painting,131.0,163.0,100,1984.0,2,XGBoost,True,20000000,12702960.0,0.364852,0.635148
Kwon Jian,Humming Letter,2025.0,Painting,168.0,114.5,100,1984.0,2,XGBoost,True,20000000,13161733.0,0.34191335,0.65808665
Kwon Jian,Humming Letter,2025.0,Painting,60.6,72.7,20,1984.0,2,XGBoost,True,6500000,3149536.0,0.515456,0.484544
Kwon Jian,Humming Letter,2025.0,Painting,183.0,73.0,60,1984.0,2,XGBoost,True,17000000,8134764.5,0.5214844411764706,0.4785155588235294
Kwon Jian,Humming Letter,2025.0,Painting,17.0,24.0,1,1984.0,2,XGBoost,True,700000,739961.0,0.05708714285714286,1.057087142857143
Kwon Jian,Humming Letter 04-06,2025.0,Painting,17.0,24.5,1,1984.0,2,XGBoost,True,700000,731726.6875,0.04532383928571428,1.0453238392857143
JaeBum Joo,Scattered Memories 6,,"Acrylic on Wood, Opaque Acrylic Panel on Birch Wood Frame",28.0,35.0,4,1983.0,2,CatBoost,False,1522400,1456933.9885931043,0.04300184669396723,0.9569981533060328
JaeBum Joo,Scattered Memories 9,2025.0,"Acrylic on Wood, Opaque Acrylic Panel on Birch Wood Frame",34.5,48.5,8,1983.0,2,CatBoost,False,1522400,2524816.667823131,0.6584449998838224,1.6584449998838224
JaeBum Joo,A Flow of Countless Small Movements Inspired by KDS,2026.0,"Acrylic on Cut and Assembled Wood, Birch Wood Frame",85.0,148.0,60,1983.0,2,CatBoost,False,12178600,11482273.047407223,0.0571762725266268,0.9428237274733732
JaeBum Joo,Scattered Memories 8,2025.0,"Acrylic on Wood, Opaque Acrylic Panel on Birch Wood Frame",34.5,48.5,8,1983.0,2,CatBoost,False,1522400,2524816.667823131,0.6584449998838224,1.6584449998838224
JaeBum Joo,Scattered Memories 10,2025.0,"Acrylic on Wood, Opaque Acrylic Panel on Birch Wood Frame",28.0,56.0,6,1983.0,2,CatBoost,False,1522400,2409345.850738844,0.5825971168804808,1.5825971168804807
JaeBum Joo,"Small Yet Great Cuteness, Inspired by AzacielXD",2026.0,Acrylic and Velvet on Cut Wood,47.0,56.0,12,1983.0,2,CatBoost,False,3196900,2346764.33618051,0.2659250097968313,0.7340749902031687
JaeBum Joo,The Same ‘Moha’ 3,,Acrylic on Wood,37.5,75.0,12,1983.0,2,CatBoost,False,3044700,3242153.3250993006,0.06485148786392768,1.0648514878639277
Gyul.E Kim,Rainbow Bands 2,2025.0,Oil and acrylic on canvas,27.3,22.0,2,1990.0,2,XGBoost,True,300000,615133.5,1.050445,2.050445
Gyul.E Kim,Signs Beneath Each Step,2025.0,Acrylic on canvas,196.0,156.0,150,1990.0,2,XGBoost,True,8600000,11864084.0,0.3795446511627907,1.3795446511627907
Gyul.E Kim,A Pale Staining,2025.0,"Oil, acrylic and water-based paint on canvas",31.8,31.8,4,1990.0,2,XGBoost,True,480000,1071301.75,1.2318786458333333,2.2318786458333335
Gyul.E Kim,Ponds in the Rain,2025.0,"Oil, acrylic, water-based paint, and collage on canvas",185.5,156.0,120,1990.0,2,XGBoost,True,8600000,9453588.0,0.09925441860465116,1.0992544186046511
Gyul.E Kim,Steamboat,2025.0,"Oil, acrylic and water-based paint on canvas",212.0,156.0,150,1990.0,2,XGBoost,True,9000000,12002309.0,0.3335898888888889,1.3335898888888889
Gyul.E Kim,Hellrosa,2025.0,"Paint, acrylic on canvas",94.5,60.6,30,1990.0,2,XGBoost,True,2400000,3935692.5,0.639871875,1.639871875
Gyul.E Kim,"Drawn in Circles, Still Flat",2025.0,"Oil, acrylic and water-based paint on canvas",116.8,91.0,50,1990.0,2,XGBoost,True,4000000,4887545.0,0.22188625,1.22188625
Gyul.E Kim,Globular Heart,2025.0,"Oil, acrylic on canvas",56.0,48.5,12,1990.0,2,XGBoost,True,1200000,1508295.875,0.25691322916666665,1.2569132291666667
Gyul.E Kim,()90°x10,2025.0,Acrylic and water-based paint on canvas,202.0,165.0,150,1990.0,2,XGBoost,True,9000000,10411728.0,0.15685866666666667,1.1568586666666667
Gyul.E Kim,Flow of the Rainbow Bands,2025.0,Acrylic and water-based paint on canvas,61.0,96.0,30,1990.0,2,XGBoost,True,2400000,3942093.5,0.6425389583333333,1.6425389583333334
Gyul.E Kim,"Blue, Tone, Stripe",2025.0,Acrylic and water-based paint on canvas,85.5,67.5,30,1990.0,2,XGBoost,True,2400000,3606098.25,0.5025409375,1.5025409375
Gyul.E Kim,"Drawn in Circles, Still Flat 2",2025.0,"Oil, acrylic and water-based paint on canvas",199.0,153.0,150,1990.0,2,XGBoost,True,8600000,12969548.0,0.508086976744186,1.508086976744186
Gyul.E Kim,Taobmaets,2025.0,"Oil, acrylic and water-based paint on canvas",195.0,156.0,150,1990.0,2,XGBoost,True,9000000,12384956.0,0.37610622222222223,1.3761062222222222
Gyul.E Kim,Zone of Illusion,2025.0,Oil and acrylic on canvas,23.5,23.5,2,1990.0,2,XGBoost,True,400000,592663.625,0.4816590625,1.4816590625
Gyul.E Kim,Meandering Path,2025.0,"Water-based paint, acrylic, and medium on canvas",65.6,46.0,12,1990.0,2,XGBoost,True,1040000,1723273.875,0.656994110576923,1.656994110576923
Gyul.E Kim,Rebent Right Angle,2025.0,Acrylic and water-based paint on canvas,15.0,15.0,0,1990.0,2,XGBoost,True,100000,412448.1875,3.124481875,4.124481875
Gyul.E Kim,Chung,2025.0,Acrylic and water-based paint on canvas,24.4,24.4,2,1990.0,2,XGBoost,True,400000,596304.5,0.49076125,1.49076125
Gyul.E Kim,At the Verge of Watery Blur,2025.0,"Oil, acrylic and water-based paint on canvas",69.0,68.4,20,1990.0,2,XGBoost,True,2400000,3187813.75,0.3282557291666667,1.3282557291666666
Gyul.E Kim,Like Tetris! 4,2025.0,"Paint, acrylic on canvas",49.5,52.0,10,1990.0,2,XGBoost,True,960000,1370974.0,0.4280979166666667,1.4280979166666667
Gyul.E Kim,Ya,2025.0,Acrylic and water-based paint on canvas,22.0,22.0,2,1990.0,2,XGBoost,True,300000,568000.1875,0.8933339583333333,1.8933339583333333
Gyul.E Kim,Green Bends,2025.0,Acrylic and water-based paint on canvas,45.5,37.9,8,1990.0,2,XGBoost,True,640000,1197822.125,0.8715970703125,1.8715970703125
Gyul.E Kim,Divided Zones/Walking Drawing,2025.0,"Acrylic, water-based paint on canvas, synthetic fiber, and aluminum",34.0,30.0,4,1990.0,2,XGBoost,True,300000,1059925.0,2.5330833333333334,3.5330833333333334
Gyul.E Kim,Wavering Signs and the Rainbow Bands,2025.0,"Oil, acrylic and water-based paint on canvas",82.0,75.0,30,1990.0,2,XGBoost,True,2400000,3518799.25,0.4661663541666667,1.4661663541666667
Gyul.E Kim,Periphery of the Rainbow Band,2025.0,"Oil, acrylic and water-based paint on canvas",87.7,71.8,30,1990.0,2,XGBoost,True,2800000,3428299.75,0.22439276785714285,1.224392767857143
Gyul.E Kim,A Landscape Where Signs Fall,2025.0,"Oil, acrylic and water-based paint on canvas",154.0,125.0,100,1990.0,2,XGBoost,True,7200000,7878042.5,0.09417256944444445,1.0941725694444444
Hanna Lee,Water Barrier,2023.0,Oil on canvas,130.3,97.0,60,1997.0,1,CatBoost,False,4186400,6199531.033348692,0.4808740286042164,1.4808740286042164
Hanna Lee,Storm,2025.0,Oil on canvas,53.0,40.9,10,1997.0,1,CatBoost,False,928700,1319052.360039475,0.4203212663287121,1.4203212663287121
Hanna Lee,Dissolution,2025.0,Oil on canvas,72.7,50.0,15,1997.0,1,CatBoost,False,1476700,1959019.8414775378,0.3266200592385303,1.3266200592385304
Hanna Lee,Edge,2025.0,Oil on canvas,116.8,80.3,50,1997.0,1,CatBoost,False,3075100,5102533.017407062,0.6593063696813315,1.6593063696813315
Hanna Lee,Recoil,2025.0,Oil on canvas,53.0,33.4,8,1997.0,1,CatBoost,False,989600,1317633.9384613596,0.33148134444357275,1.3314813444435727
Hanna Lee,Wave Riding,2025.0,Oil on canvas,45.5,53.0,10,1997.0,1,CatBoost,False,989600,1020975.4307126608,0.031705164422656404,1.0317051644226565
Hanna Lee,Surge,2025.0,Oil on canvas,53.0,40.9,10,1997.0,1,CatBoost,False,989600,1333094.518189294,0.34710440399079834,1.3471044039907982
Hanna Lee,Breathe,2025.0,Oil on canvas,162.2,130.3,100,1997.0,1,CatBoost,False,6135000,7196247.324069115,0.17298244891102124,1.1729824489110212
Hanna Lee,Loose Boundaries,2025.0,Oil on canvas,145.5,97.0,60,1997.0,1,CatBoost,False,4917100,6828312.812265923,0.3886869927937043,1.3886869927937042
Hanna Lee,Melting,2025.0,Oil on canvas,130.3,162.2,100,1997.0,1,CatBoost,False,6135000,7196247.324069115,0.17298244891102124,1.1729824489110212
Hanna Lee,Edge,2024.0,Oil on panel,35.0,35.0,5,1997.0,1,CatBoost,False,593800,745633.201507238,0.2556975437979757,1.2556975437979756
Hanna Lee,Above the Surface,2025.0,Oil on canvas,45.5,37.9,8,1997.0,1,CatBoost,False,822100,927254.1115804776,0.1279091492281688,1.1279091492281688
Hanna Lee,Submersion,2025.0,Oil on canvas,72.7,53.0,15,1997.0,1,CatBoost,False,1476700,2031431.0478869737,0.37565588669802513,1.375655886698025
Hanna Lee,Water Precipice,2025.0,Oil on canvas,90.9,60.6,25,1997.0,1,CatBoost,False,2207400,3267052.2309635575,0.4800454067969364,1.4800454067969364
Hanna Lee,Relief,2025.0,Oil on panel,53.0,40.9,10,1997.0,1,CatBoost,False,989600,1377649.454078745,0.3921275809203164,1.3921275809203164
Hyeyeong Kim,The Night Sea Devours Many,2024.0,Acrylic and oil on linen,162.2,97.0,80,1995.0,1,CatBoost,False,10230000,8611740.388579415,0.15818764530015492,0.8418123546998451
Hyeyeong Kim,Swaying: The Periphery,2025.0,(Left) Acrylic and oil on canvas (Right) Traditional Asian pigments and oil paint on hanji paper,91.0,45.0,20,1995.0,1,CatBoost,False,2862000,2824434.546207778,0.013125595315241734,0.9868744046847583
Hyeyeong Kim,Door to Nowhere,2025.0,Oil on canvas,162.2,130.3,100,1995.0,1,CatBoost,False,10123500,7295011.56839079,0.27939827447120164,0.7206017255287984
Hyeyeong Kim,Slowly to the horizon,2024.0,Oil on canvas,90.9,65.1,30,1995.0,1,CatBoost,False,3364400,3287788.8955802857,0.02277110463075565,0.9772288953692444
Hyeyeong Kim,Transferred 14,2024.0,Acrylic and oil on linen,22.0,27.3,2,1995.0,1,CatBoost,False,365400,499173.87806527753,0.3661025672284552,1.3661025672284552
Hyeyeong Kim,We Go Where the Light Lives,2025.0,Acrylic and Oil on Canvas,60.6,72.7,20,1995.0,1,CatBoost,False,2496700,1731886.9831845693,0.3063295617476792,0.6936704382523208
Hyeyeong Kim,Transferred 13,2024.0,"Acrylic, Oil, Oil-colored pencil on linen",22.0,27.3,2,1995.0,1,CatBoost,False,365400,499173.87806527753,0.3661025672284552,1.3661025672284552
Hyeyeong Kim,Self-sustaining,2025.0,Acrylic and Oil on Canvas,72.7,100.0,40,1995.0,1,CatBoost,False,3988500,3680502.2856505224,0.07722144022802496,0.9227785597719751
Hyeyeong Kim,All Reflected in the Water Are Me,2025.0,"Acrylic, Oil on canvas",100.0,72.7,40,1995.0,1,CatBoost,False,3988500,3680502.2856505224,0.07722144022802496,0.9227785597719751
Hyeyeong Kim,In Search of a Summer We Never Knew,2025.0,Acrylic and Oil on Canvas,60.6,72.7,20,1995.0,1,CatBoost,False,2496700,1731886.9831845693,0.3063295617476792,0.6936704382523208
Hyeyeong Kim,A Boundless Map,2025.0,Acrylic and Oil on Canvas,100.0,145.4,60,1995.0,1,CatBoost,False,7977000,6855722.973865749,0.14056374904528654,0.8594362509547134
Hyeyeong Kim,"In the Night, Wings",2025.0,Acrylic and Oil on Canvas,50.0,72.7,15,1995.0,1,CatBoost,False,1994300,1986914.9258522692,0.003703090882881629,0.9962969091171183
Hyeyeong Kim,Walking Through a Long Day,2024.0,"Korean pigment, acrylic and oil on linen",91.0,91.0,50,1995.0,1,CatBoost,False,5419500,4113855.926241098,0.24091596526596587,0.7590840347340342
Hyeyeong Kim,The Swallow's Resting Sea,2024.0,Acrylic and Oil on linen,145.5,89.4,60,1995.0,1,CatBoost,False,7703000,7265445.49612716,0.056803129153945184,0.9431968708460549
Chulho Park,"BATTLES, 2010",,-,50.8,76.2,15,1975.0,3,CatBoost,False,854000,5726326.007990776,5.705299775164843,6.705299775164843
Chulho Park,"BETWEEN 83PAGE, 2010",,-,50.8,76.2,15,1975.0,3,CatBoost,False,854000,5726326.007990776,5.705299775164843,6.705299775164843
Chulho Park,"WAITING PEOPLE, 2010",2010.0,-,50.8,76.2,15,1975.0,3,CatBoost,False,854000,7358828.394997995,7.6168950761100644,8.616895076110065
Chulho Park,"WITH THOMAS, 2014",2014.0,-,50.8,76.2,15,1975.0,3,CatBoost,False,854000,7068223.4519570805,7.2766082575609845,8.276608257560984
Chulho Park,"l WARDSTOCK FESTIVAL, 2010",2010.0,-,50.8,76.2,15,1975.0,3,CatBoost,False,854000,7358828.394997995,7.6168950761100644,8.616895076110065
Chulho Park,"THE END, 2014",2014.0,-,50.8,76.2,15,1975.0,3,CatBoost,False,854000,7068223.4519570805,7.2766082575609845,8.276608257560984
Chulho Park,"PRESENT, 2010",2010.0,-,50.8,76.2,15,1975.0,3,CatBoost,False,854000,7358828.394997995,7.6168950761100644,8.616895076110065
Chulho Park,"MC DONALD HOME SERVICE, 2014",2014.0,-,50.8,76.2,15,1975.0,3,CatBoost,False,854000,7068223.4519570805,7.2766082575609845,8.276608257560984
Chulho Park,"CLOCK, 2010",2010.0,-,50.8,76.2,15,1975.0,3,CatBoost,False,854000,7358828.394997995,7.6168950761100644,8.616895076110065
Chulho Park,"PICASSO’S POSITION IN THE HISTORY OF 20TH CENTURY PAINTING, 2009",2009.0,-,50.8,76.2,15,1975.0,3,CatBoost,False,854000,7512503.8815638,7.79684295265082,8.79684295265082
Chulho Park,"TOM & HUMAN, 2014",2014.0,-,50.8,76.2,15,1975.0,3,CatBoost,False,854000,7068223.4519570805,7.2766082575609845,8.276608257560984
Chulho Park,"A MASTEROIECE OF PICASSO, 2014",2014.0,-,50.8,76.2,15,1975.0,3,CatBoost,False,854000,7068223.4519570805,7.2766082575609845,8.276608257560984
Chulho Park,"IMPRESSIVE INFLUENCE URINATE OF DUCHAMP, 2014",2014.0,-,50.8,76.2,15,1975.0,3,CatBoost,False,854000,7068223.4519570805,7.2766082575609845,8.276608257560984
Chulho Park,"HUNTING, 2010",2010.0,digital print,50.8,76.2,15,1975.0,3,CatBoost,False,854000,7358828.394997995,7.6168950761100644,8.616895076110065
Chulho Park,"A GRENADE-THROWER, 2010",2010.0,-,50.8,76.2,15,1975.0,3,CatBoost,False,854000,7358828.394997995,7.6168950761100644,8.616895076110065
Chulho Park,"DIRECTOR, 2009",2009.0,-,50.8,76.2,15,1975.0,3,CatBoost,False,854000,7512503.8815638,7.79684295265082,8.79684295265082
Chulho Park,"CHANUN, 2009",2009.0,-,50.8,76.2,15,1975.0,3,CatBoost,False,854000,7512503.8815638,7.79684295265082,8.79684295265082
Chulho Park,"TASTE OF THE BEGINNING, 2010",2010.0,-,50.8,76.2,15,1975.0,3,CatBoost,False,854000,7358828.394997995,7.6168950761100644,8.616895076110065
Chulho Park,"MOUSE HUNTING, 2010",2010.0,-,50.8,76.2,15,1975.0,3,CatBoost,False,854000,7358828.394997995,7.6168950761100644,8.616895076110065
Chulho Park,"A HELLO TO ARMS, 2009",2009.0,-,50.8,76.2,15,1975.0,3,CatBoost,False,854000,7512503.8815638,7.79684295265082,8.79684295265082
Chulho Park,"NO!!HERO, 2009",2009.0,-,50.8,76.2,15,1975.0,3,CatBoost,False,854000,7512503.8815638,7.79684295265082,8.79684295265082
Chulho Park,"HI! DONALD, 2014",2014.0,-,50.8,76.2,15,1975.0,3,CatBoost,False,854000,7068223.4519570805,7.2766082575609845,8.276608257560984
Chulho Park,"JUST DO EAT, 2014",2014.0,-,50.8,76.2,15,1975.0,3,CatBoost,False,854000,7068223.4519570805,7.2766082575609845,8.276608257560984
Chulho Park,"IS HE KNOW NAMJUN PAIK, 2009",2009.0,-,50.8,76.2,15,1975.0,3,CatBoost,False,854000,7512503.8815638,7.79684295265082,8.79684295265082
Chulho Park,"RELIEFVUITTON, 2009",2009.0,-,50.8,76.2,15,1975.0,3,CatBoost,False,854000,7512503.8815638,7.79684295265082,8.79684295265082
Chulho Park,"FAST, FREE MOON DELIVERY, 2010",2010.0,-,50.8,76.2,15,1975.0,3,CatBoost,False,854000,7358828.394997995,7.6168950761100644,8.616895076110065
Chulho Park,"START OF ART, 2010",2010.0,-,50.8,76.2,15,1975.0,3,CatBoost,False,854000,7358828.394997995,7.6168950761100644,8.616895076110065
Jiyoon Kim,Quiet Light,2025.0,Oil on Canvas,65.1,83.3,25,1995.0,1,CatBoost,False,2496700,2935203.5328974505,0.1756332490477232,1.1756332490477233
Jiyoon Kim,Forest in a Moment,2025.0,Oil on Canvas,72.7,60.6,20,1995.0,1,CatBoost,False,1994300,1694448.0449803306,0.15035448780006488,0.8496455121999351
Jiyoon Kim,Winter Dawn,2025.0,Oil on Canvas,33.4,53.0,8,1995.0,1,CatBoost,False,1004800,1333196.6716782774,0.3268278977689863,1.3268278977689862
Jiyoon Kim,Suspended Motion,2025.0,Oil on Canvas,97.0,145.0,60,1995.0,1,CatBoost,False,6987500,6968343.509306111,0.0027415371297157248,0.9972584628702843
Jiyoon Kim,A Summer Forest Holding Autumn,2025.0,Oil on Canvas,50.0,60.6,12,1995.0,1,CatBoost,False,1202700,1209428.6777584066,0.00559464351742464,1.0055946435174246
Jiyoon Kim,Window of Winter,2025.0,Oil on Canvas,31.8,31.8,4,1995.0,1,CatBoost,False,624200,637202.0368580776,0.02082992127215256,1.0208299212721526
Jiyoon Kim,Winter Seeping into the Dark,2025.0,Oil on Canvas,40.9,31.8,6,1995.0,1,CatBoost,False,624200,933212.9215718489,0.49505434407537474,1.4950543440753747
Jiyoon Kim,Winter Dawn,2025.0,Oil on Canvas,33.4,53.0,8,1995.0,1,CatBoost,False,1004800,1333196.6716782774,0.3268278977689863,1.3268278977689862
Jiyoon Kim,Forest Beyond the Window,2025.0,Oil on canvas,117.0,91.0,50,1995.0,1,CatBoost,False,4000000,5213985.248580221,0.3034963121450553,1.3034963121450553
Jiyoon Kim,Forest-Wind and Mist,2024.0,Oil on canvas,162.2,130.3,100,1995.0,1,CatBoost,False,7000000,7291877.625280849,0.041696803611549815,1.0416968036115497
Jiyoon Kim,Forest Beyond the Window,2025.0,Oil on canvas,80.3,65.1,25,1995.0,1,CatBoost,False,2000000,2459408.9008256383,0.22970445041281917,1.2297044504128192
Jiyoon Kim,"Autumn, Light of the Wind",2025.0,Oil on Canvas,27.3,34.8,4,1995.0,1,CatBoost,False,624200,730423.2334951396,0.1701749975891375,1.1701749975891376
Jiyoon Kim,Dancing Trees,2025.0,Oil on Canvas,97.0,145.0,60,1995.0,1,CatBoost,False,6987500,6968343.509306111,0.0027415371297157248,0.9972584628702843
Jiyoon Kim,Shadows of Verdure,2025.0,Oil on Canvas,24.2,34.8,3,1995.0,1,CatBoost,False,624200,682101.2739027275,0.09276077203256572,1.0927607720325658
Jiyoon Kim,Early Winter Wind,2025.0,Oil on Canvas,40.9,53.0,10,1995.0,1,CatBoost,False,1004800,1331837.5164131725,0.32547523528381017,1.3254752352838102
Jiyoon Kim,Silent Autumn,2025.0,Oil on Canvas,33.4,53.0,8,1995.0,1,CatBoost,False,1004800,1333196.6716782774,0.3268278977689863,1.3268278977689862
Jiyoon Kim,"Autumn, Light of the Wind",2025.0,Oil on Canvas,91.0,91.0,50,1995.0,1,CatBoost,False,4993300,3876131.871091993,0.2237334285758931,0.7762665714241069
Jiyoon Kim,Erased Landscape,2025.0,Oil on Canvas,130.3,193.9,120,1995.0,1,CatBoost,False,10473600,9918401.855871903,0.053009294237711696,0.9469907057622883
Jiyoon Kim,Edge of the Landscape,2025.0,Oil on Canvas,53.0,45.5,10,1995.0,1,CatBoost,False,1004800,1018388.3943599614,0.013523481648050742,1.0135234816480507
Jiyoon Kim,Breath of Autumn,2025.0,Oil on Canvas,37.9,45.5,8,1995.0,1,CatBoost,False,806900,936241.6917356378,0.16029457396906413,1.1602945739690642
Jiyoon Kim,Silent Autumn,2025.0,Oil on Canvas,40.9,53.0,10,1995.0,1,CatBoost,False,1004800,1331837.5164131725,0.32547523528381017,1.3254752352838102
Jiyoon Kim,Winter Seeping into the Dark,2025.0,Oil on Canvas,40.9,31.8,6,1995.0,1,CatBoost,False,624200,933212.9215718489,0.49505434407537474,1.4950543440753747
Jiyoon Kim,Forest Edge,2025.0,Oil on canvas,45.5,37.9,8,1995.0,1,CatBoost,False,640000,953613.2265366898,0.4900206664635778,1.4900206664635778
Hyeyoung Hwang,ALICES,2025.0,Acrylic on Canvas,162.2,112.0,80,1977.0,3,CatBoost,False,22073700,25952785.455887288,0.1757333594226291,1.1757333594226291
Hyeyoung Hwang,HEART HEAD,2025.0,Acrylic on Canvas,65.1,90.9,30,1977.0,3,CatBoost,False,6241600,8210225.642093196,0.3154040057185971,1.3154040057185972
Hyeyoung Hwang,ALICE'S HAT,2025.0,Acrylic on Canvas,65.1,90.9,30,1977.0,3,CatBoost,False,6469900,8210225.642093196,0.26898802795919496,1.268988027959195
Hyeyoung Hwang,Nana’s Wonderland,2025.0,colored pencil and watercolor on paper,49.5,37.0,8,1977.0,3,CatBoost,False,1141800,2984533.4806337613,1.613884638845473,2.613884638845473
Hyeyoung Hwang,Nana’s Wonderland,2025.0,colored pencil and watercolor on paper,39.0,27.0,4,1977.0,3,CatBoost,False,1141800,1866482.7021143276,0.6346844474639408,1.6346844474639408
Hyeyoung Hwang,Nana’s Wonderland,2025.0,colored pencil and watercolor on paper,49.5,37.0,8,1977.0,3,CatBoost,False,1141800,2984533.4806337613,1.613884638845473,2.613884638845473
Hyeyoung Hwang,Nana’s Wonderland,2025.0,colored pencil and watercolor on paper,39.0,27.0,4,1977.0,3,CatBoost,False,1141800,1866482.7021143276,0.6346844474639408,1.6346844474639408
Hyeyoung Hwang,Nana’s Wonderland,2025.0,colored pencil and watercolor on paper,49.5,37.0,8,1977.0,3,CatBoost,False,1141800,2984533.4806337613,1.613884638845473,2.613884638845473
Hyeyoung Hwang,LITTLE GIRL,2025.0,Acrylic on Canvas,80.3,116.8,50,1977.0,3,CatBoost,False,10306200,14396975.951762715,0.3969237887643084,1.3969237887643084
Hyeyoung Hwang,MIRROR,2025.0,Acrylic on Canvas,116.8,91.0,50,1977.0,3,CatBoost,False,10960800,14000212.159917474,0.2772983869715234,1.2772983869715233
Hyeyoung Hwang,SPACE OUT,2025.0,Acrylic on Canvas,52.0,72.7,15,1977.0,3,CatBoost,False,4414800,5080604.123631302,0.1508118428085762,1.1508118428085763
Hyeyoung Hwang,Nana’s Wonderland,2025.0,colored pencil and watercolor on paper,39.0,27.0,4,1977.0,3,CatBoost,False,1141800,1866482.7021143276,0.6346844474639408,1.6346844474639408
Hyeyoung Hwang,ALICE,2025.0,Acrylic on Canvas,50.0,50.0,10,1977.0,3,CatBoost,False,2588000,3012741.552470675,0.1641196106919147,1.1641196106919147
Hyeyoung Hwang,Nana’s Wonderland,2025.0,colored pencil and watercolor on paper,49.5,37.0,8,1977.0,3,CatBoost,False,1141800,2984533.4806337613,1.613884638845473,2.613884638845473
Hyeyoung Hwang,SMALL TALK,2025.0,Acrylic on Canvas,90.9,65.1,30,1977.0,3,CatBoost,False,6469900,8210225.642093196,0.26898802795919496,1.268988027959195
Hyeyoung Hwang,Nana’s Wonderland,2025.0,colored pencil and watercolor on paper,39.0,27.0,4,1977.0,3,CatBoost,False,1141800,1866482.7021143276,0.6346844474639408,1.6346844474639408
Hyeyoung Hwang,Nana’s Wonderland,2025.0,colored pencil and watercolor on paper,49.5,37.0,8,1977.0,3,CatBoost,False,1141800,2984533.4806337613,1.613884638845473,2.613884638845473
Hyeyoung Hwang,ROSE KEY,2025.0,Acrylic on Canvas,27.3,40.9,4,1977.0,3,CatBoost,False,1172200,2317852.955329883,0.9773528027042168,1.9773528027042169
Hyeyoung Hwang,MY LITTLE HOUSE,2025.0,Acrylic on Canvas,125.0,125.0,80,1977.0,3,CatBoost,False,19333500,17580160.502768736,0.09068919219133957,0.9093108078086605
Hyeyoung Hwang,LITTLE WINDOW,2025.0,Acrylic on Canvas,21.2,33.4,3,1977.0,3,CatBoost,False,761200,1865752.2352818577,1.451067045824826,2.4510670458248263
Hyeyoung Hwang,Nana’s Wonderland,2025.0,colored pencil and watercolor on paper,39.0,27.0,4,1977.0,3,CatBoost,False,1141800,1866482.7021143276,0.6346844474639408,1.6346844474639408
Hyeyoung Hwang,Nana’s Wonderland,2025.0,colored pencil and watercolor on paper,49.5,39.0,8,1977.0,3,CatBoost,False,1141800,2864695.3959526843,1.5089292309972713,2.5089292309972713
Hyeyoung Hwang,HIDE AND SEEK,2025.0,Acrylic on Canvas,125.0,125.0,80,1977.0,3,CatBoost,False,19333500,17580160.502768736,0.09068919219133957,0.9093108078086605
Hyeyoung Hwang,Nana’s Wonderland,2025.0,colored pencil and watercolor on paper,49.5,37.0,8,1977.0,3,CatBoost,False,1141800,2984533.4806337613,1.613884638845473,2.613884638845473
Hyeyoung Hwang,Nana’s Wonderland,2025.0,colored pencil and watercolor on paper,39.0,27.1,4,1977.0,3,CatBoost,False,1141800,1832314.2663396203,0.6047593854787356,1.6047593854787356
Yislow,The Dream of Seeking Stars 1,2025.0,Acrylic on Canvas,45.5,53.0,10,1987.0,2,CatBoost,False,1800000,2334492.2663946315,0.2969401479970175,1.2969401479970175
Yislow,The Butterfly Family,2025.0,Acrylic on Canvas,45.5,53.0,10,1987.0,2,CatBoost,False,1800000,2334492.2663946315,0.2969401479970175,1.2969401479970175
Yislow,SOMEWHERE UNKNOWN,2025.0,Acrylic on Canvas,60.6,72.7,20,1987.0,2,CatBoost,False,2800000,3806978.957814245,0.3596353420765161,1.3596353420765162
Yislow,Somewhere Unknown 17,2024.0,Acrylic on Canvas,60.6,72.7,20,1987.0,2,CatBoost,False,2800000,3854503.5595939187,0.37660841414068524,1.3766084141406854
Yislow,The Star Hunter 1,2025.0,Acrylic on Canvas,45.5,53.0,10,1987.0,2,CatBoost,False,1800000,2334492.2663946315,0.2969401479970175,1.2969401479970175
Yislow,Friends Friends,2025.0,Acrylic on Canvas,60.6,72.2,20,1987.0,2,CatBoost,False,2800000,3868358.7962791612,0.3815567129568433,1.3815567129568433
Yislow,The Forest Seeks a Star,2025.0,Acrylic on Canvas,112.1,145.5,80,1987.0,2,CatBoost,False,9000000,16890296.09748766,0.8766995663875176,1.8766995663875177
Yislow,Somewhere Unknown 11,2023.0,Acrylic on Canvas,80.3,130.3,50,1987.0,2,CatBoost,False,6500000,12026443.57006009,0.8502220877015522,1.8502220877015523
Yislow,The Star Hunter Who Found a Flower,2025.0,Acrylic on Canvas,31.8,40.9,6,1987.0,2,CatBoost,False,1200000,2350038.4039856647,0.9583653366547206,1.9583653366547207
Yislow,FOREST,2025.0,Acrylic on Canvas,97.0,130.3,60,1987.0,2,CatBoost,False,7000000,12942590.568319723,0.8489415097599604,1.8489415097599604
Yislow,The Procession Beneath the Wavering Starlight,2025.0,Acrylic on Canvas,97.0,130.3,60,1987.0,2,CatBoost,False,7000000,12942590.568319723,0.8489415097599604,1.8489415097599604
Yislow,Garden 1,2024.0,Acrylic on Canvas,130.3,162.2,100,1987.0,2,CatBoost,False,11000000,16112460.920422973,0.46476917458390665,1.4647691745839067
Yislow,Friends Friends,,Acrylic on Canvas,90.9,72.7,40,1987.0,2,CatBoost,False,4000000,6146675.144951432,0.536668786237858,1.536668786237858
Yislow,The Star Hunter 3,2025.0,Acrylic on Canvas,37.9,45.0,8,1987.0,2,CatBoost,False,1500000,2140768.616583986,0.42717907772265745,1.4271790777226574
Yislow,The Star the Forest Seeks,2025.0,Acrylic on Canvas,37.9,45.5,8,1987.0,2,CatBoost,False,1500000,2181173.3677395186,0.45411557849301243,1.4541155784930124
Yislow,Garden 2,2024.0,Acrylic on Canvas,130.3,162.2,100,1987.0,2,CatBoost,False,11000000,16112460.920422973,0.46476917458390665,1.4647691745839067
Yislow,Connection,2025.0,Acrylic on Canvas,72.7,60.6,20,1987.0,2,CatBoost,False,2800000,3806978.957814245,0.3596353420765161,1.3596353420765162
Yislow,Connection 6,2024.0,Acrylic on Canvas,100.0,80.3,40,1987.0,2,CatBoost,False,5000000,7224882.1303541055,0.4449764260708211,1.444976426070821
Yislow,Somewhere Unknown 10,2023.0,Acrylic on Canvas,80.3,130.3,50,1987.0,2,CatBoost,False,6500000,12026443.57006009,0.8502220877015522,1.8502220877015523
Yislow,The Star Hunter 2,2025.0,Acrylic on Canvas,37.9,45.5,8,1987.0,2,CatBoost,False,1500000,2181173.3677395186,0.45411557849301243,1.4541155784930124
Yislow,HARMONY,2023.0,Acrylic on Canvas,130.3,162.2,100,1987.0,2,CatBoost,False,11000000,16046900.54420171,0.45880914038197357,1.4588091403819736
Yislow,MIDNIGHT,2025.0,Acrylic on Canvas,60.6,72.2,20,1987.0,2,CatBoost,False,2800000,3868358.7962791612,0.3815567129568433,1.3815567129568433
Yislow,The Little Star's Friend,2025.0,Acrylic on Canvas,60.6,72.2,20,1987.0,2,CatBoost,False,2800000,3868358.7962791612,0.3815567129568433,1.3815567129568433
Yislow,Friends Friends 12,2023.0,Acrylic on Canvas,72.7,60.6,20,1987.0,2,CatBoost,False,2800000,3847068.4310316406,0.37395301108272877,1.3739530110827287
Doyeon Gwon,HUBBLE,,Pigmentprint,80.0,60.0,20,1980.0,3,CatBoost,False,4000000,6247265.765882222,0.5618164414705555,1.5618164414705555
Doyeon Gwon,Flashbulb Memory #Summer Break 7,,Inkjet Print,135.0,105.0,60,1980.0,3,CatBoost,False,7763900,15371262.979365082,0.9798378365724807,1.9798378365724807
Doyeon Gwon,Traveller Novice #3,,Inkjet Print,50.0,50.0,10,1980.0,3,CatBoost,False,4567000,3682816.6627675747,0.19360265759413736,0.8063973424058626
Doyeon Gwon,HUBBLE,,Pigmentprint,120.0,90.0,50,1980.0,3,CatBoost,False,7000000,12032523.781446245,0.7189319687780349,1.718931968778035
Doyeon Gwon,HUBBLE,,Pigmentprint,80.0,60.0,20,1980.0,3,CatBoost,False,4000000,6247265.765882222,0.5618164414705555,1.5618164414705555
Doyeon Gwon,HUBBLE,,Pigmentprint,120.0,90.0,50,1980.0,3,CatBoost,False,7000000,12032523.781446245,0.7189319687780349,1.718931968778035
Doyeon Gwon,Dictionary of Notion #The World of Fruits,,Inkjet Print,105.0,105.0,60,1980.0,3,CatBoost,False,7763900,14132598.076143922,0.8202962526750631,1.820296252675063
Doyeon Gwon,The Art of Shovel #5,,Inkjet Print,35.0,28.0,4,1980.0,3,CatBoost,False,2359600,2193523.8855177723,0.07038316429997785,0.9296168357000222
Doyeon Gwon,HUBBLE,,Pigmentprint,120.0,90.0,50,1980.0,3,CatBoost,False,7000000,12032523.781446245,0.7189319687780349,1.718931968778035
Doyeon Gwon,HUBBLE,,Pigmentprint,120.0,160.0,100,1980.0,3,CatBoost,False,10000000,22715091.727088597,1.2715091727088597,2.2715091727088597
Doyeon Gwon,HUBBLE,,Pigmentprint,160.0,120.0,100,1980.0,3,CatBoost,False,10000000,22715091.727088597,1.2715091727088597,2.2715091727088597
Doyeon Gwon,HUBBLE,,Pigmentprint,80.0,60.0,20,1980.0,3,CatBoost,False,4000000,6247265.765882222,0.5618164414705555,1.5618164414705555
Doyeon Gwon,HUBBLE,,Pigmentprint,80.0,60.0,20,1980.0,3,CatBoost,False,4000000,6247265.765882222,0.5618164414705555,1.5618164414705555
Doyeon Gwon,HUBBLE,,Pigmentprint,80.0,60.0,20,1980.0,3,CatBoost,False,4000000,6247265.765882222,0.5618164414705555,1.5618164414705555
Doyeon Gwon,HUBBLE,,Pigmentprint,135.0,90.0,60,1980.0,3,CatBoost,False,7000000,15070369.335333621,1.15290990504766,2.15290990504766
Doyeon Gwon,Traveller Novice #5,,Inkjet Print,90.0,90.0,40,1980.0,3,CatBoost,False,6546000,9502750.569114089,0.45168814071403746,1.4516881407140374
Doyeon Gwon,Dictionary of Notion #The Change of Seasons,,Inkjet Print,105.0,105.0,60,1980.0,3,CatBoost,False,7763900,14132598.076143922,0.8202962526750631,1.820296252675063
Doyeon Gwon,HUBBLE,,Pigmentprint,160.0,120.0,100,1980.0,3,CatBoost,False,10000000,22715091.727088597,1.2715091727088597,2.2715091727088597
Doyeon Gwon,HUBBLE,,Pigmentprint,80.0,60.0,20,1980.0,3,CatBoost,False,4000000,6247265.765882222,0.5618164414705555,1.5618164414705555
Doyeon Gwon,HUBBLE,,Pigmentprint,120.0,160.0,100,1980.0,3,CatBoost,False,10000000,22715091.727088597,1.2715091727088597,2.2715091727088597
Doyeon Gwon,HUBBLE,,Pigmentprint,80.0,60.0,20,1980.0,3,CatBoost,False,4000000,6247265.765882222,0.5618164414705555,1.5618164414705555
Doyeon Gwon,The Art of Shovel #10,,Inkjet Print,35.0,28.0,4,1980.0,3,CatBoost,False,2359600,2193523.8855177723,0.07038316429997785,0.9296168357000222
Doyeon Gwon,HUBBLE,,Pigmentprint,80.0,60.0,20,1980.0,3,CatBoost,False,4000000,6247265.765882222,0.5618164414705555,1.5618164414705555
Doyeon Gwon,HUBBLE,,Pigmentprint,80.0,60.0,20,1980.0,3,CatBoost,False,4000000,6247265.765882222,0.5618164414705555,1.5618164414705555
Doyeon Gwon,HUBBLE,,Pigmentprint,80.0,60.0,20,1980.0,3,CatBoost,False,4000000,6247265.765882222,0.5618164414705555,1.5618164414705555
Rimm Chae,Arirang Cantabile,2025.0,"Ottchil (Korean lacquer), Hemp cloth on wood",20.0,20.0,1,1960.0,4,XGBoost,True,1500000,2525864.75,0.6839098333333333,1.6839098333333333
Rimm Chae,Dancing willows,2017.0,"Ottchil (Korean lacquer), hemp cloth, mother-of-pearl, silver on wood",45.0,90.0,20,1960.0,4,XGBoost,True,19000000,12404082.0,0.3471535789473684,0.6528464210526316
Rimm Chae,The Good Earth,2025.0,"Ottchil (Korean lacquer), hemp cloth, Korean paper on wood",80.0,80.0,30,1960.0,4,XGBoost,True,13000000,11142151.0,0.14291146153846154,0.8570885384615384
Rimm Chae,Song of the wind in the forest,2017.0,"Ottchil (Korean lacquer), hemp cloth, mother-of-pearl, silver on wood",83.0,60.0,25,1960.0,4,XGBoost,True,60000000,8869914.0,0.8521681,0.1478319
Rimm Chae,The Good Earth,2023.0,"Ottchil (Korean lacquer), hemp cloth, Korean paper on wood",162.0,122.0,100,1960.0,4,XGBoost,True,30000000,42701396.0,0.42337986666666666,1.4233798666666666
Rimm Chae,Blooming landscape,2018.0,"Ottchil (Korean lacquer), hemp cloth, mother-of-pearl, pearl, silver on wood",162.0,122.0,100,1960.0,4,XGBoost,True,60000000,47661572.0,0.20564046666666666,0.7943595333333333
Rimm Chae,Song of the wind in the forest,2017.0,"Ottchil (Korean lacquer), hemp cloth, mother-of-pearl, silver on wood",65.0,45.0,12,1960.0,4,XGBoost,True,28000000,9292939.0,0.6681093214285714,0.33189067857142857
Rimm Chae,Pine Tree,2015.0,"Ottchil (Korean lacquer), hemp cloth, mother-of-pearl, silver",150.0,122.0,80,1960.0,4,XGBoost,True,250000000,47228200.0,0.8110872,0.1889128
Rimm Chae,Song of the wind in the forest,2017.0,"Ottchil (Korean lacquer), hemp cloth, mother-of-pearl, silver on wood",45.0,50.0,10,1960.0,4,XGBoost,True,18000000,7458830.5,0.5856205277777777,0.4143794722222222
Rimm Chae,The Good Earth,2025.0,"Ottchil (Korean lacquer), hemp cloth, Korean paper on wood",80.0,80.0,30,1960.0,4,XGBoost,True,13000000,11142151.0,0.14291146153846154,0.8570885384615384
Rimm Chae,Mountains and islands,2022.0,"Ottchil (Korean lacquer), hemp cloth on wood",162.0,122.0,100,1960.0,4,XGBoost,True,45669600,43994324.0,0.03668251966297056,0.9633174803370295
Rimm Chae,Song of the wind in the forest,2017.0,"Ottchil (Korean lacquer), hemp cloth, mother-of-pearl, silver on wood",90.0,45.0,20,1960.0,4,XGBoost,True,50000000,12404082.0,0.75191836,0.24808164
Rimm Chae,Dancing willows,2017.0,"Ottchil (Korean lacquer), hemp cloth, mother-of-pearl, silver on wood",45.0,90.0,20,1960.0,4,XGBoost,True,29000000,12404082.0,0.5722730344827586,0.4277269655172414
Rimm Chae,Song of the wind in the forest,2017.0,"Ottchil (Korean lacquer), hemp cloth, mother-of-pearl, silver on wood",59.0,45.0,12,1960.0,4,XGBoost,True,28000000,8776355.0,0.68655875,0.31344125
Rimm Chae,Song of the wind in the forest,2017.0,"Ottchil (Korean lacquer), hemp cloth, mother-of-pearl, silver on wood",120.0,60.0,40,1960.0,4,XGBoost,True,70000000,16531671.0,0.7638332714285714,0.23616672857142856
Rimm Chae,The Good Earth,2023.0,"Ottchil (Korean lacquer), hemp cloth, Korean paper on wood",162.0,122.0,100,1960.0,4,XGBoost,True,30000000,42701396.0,0.42337986666666666,1.4233798666666666
Rimm Chae,Song of the wind in the forest,2017.0,"Ottchil (Korean lacquer), hemp cloth, mother-of-pearl, silver on wood",60.0,50.0,12,1960.0,4,XGBoost,True,28000000,9493449.0,0.66094825,0.33905175
Rimm Chae,Mountains and islands,2022.0,"Ottchil (Korean lacquer), hemp cloth on wood ",162.0,122.0,100,1960.0,4,XGBoost,True,45669600,43994324.0,0.03668251966297056,0.9633174803370295
Rimm Chae,Arirang Cantabile,2025.0,"Ottchil (Korean lacquer), Hemp cloth on wood",20.0,20.0,1,1960.0,4,XGBoost,True,1500000,2525864.75,0.6839098333333333,1.6839098333333333
Rimm Chae,Song of the wind in the forest,2017.0,"Ottchil (Korean lacquer), hemp cloth, silver on wood",110.0,60.0,40,1960.0,4,XGBoost,True,50000000,11833936.0,0.76332128,0.23667872
Rimm Chae,Arirang Cantabile,2025.0,"Ottchil (Korean lacquer), Hemp cloth on wood",20.0,20.0,1,1960.0,4,XGBoost,True,1500000,2525864.75,0.6839098333333333,1.6839098333333333
Rimm Chae,Song of the wind in the forest,2017.0,"Ottchil (Korean lacquer), hemp cloth, mother-of-pearl, silver on wood",45.0,50.0,10,1960.0,4,XGBoost,True,19000000,7458830.5,0.6074299736842105,0.39257002631578947
Rimm Chae,The Good Earth,2025.0,"Ottchil (Korean lacquer), sochang, Korean mulberry paper on wood",60.0,60.0,15,1960.0,4,XGBoost,True,13500000,8498097.0,0.37051133333333336,0.6294886666666667
Rimm Chae,Song of the wind in the forest,2017.0,"Ottchil (Korean lacquer), hemp cloth, silver on wood",100.0,45.0,20,1960.0,4,XGBoost,True,50000000,11268203.0,0.77463594,0.22536406
Rimm Chae,Arirang Cantabile,2025.0,"Ottchil (Korean lacquer), Hemp cloth on wood",20.0,20.0,1,1960.0,4,XGBoost,True,1500000,2525864.75,0.6839098333333333,1.6839098333333333
Yerang Hwang,Flower,2020.0,"Watercolor, pencil on paper",22.3,29.2,3,1993.0,1,CatBoost,False,600000,721685.3368419207,0.20280889473653457,1.2028088947365345
Yerang Hwang,The spring of Seoul,2021.0,"Watercolor, pencil on paper",21.0,29.5,2,1993.0,1,CatBoost,False,600000,675104.1770470953,0.12517362841182544,1.1251736284118254
Yerang Hwang,Raising things,2022.0,"Indian ink, White Indian ink on Korean paper, Gouache",31.3,23.2,3,1993.0,1,CatBoost,False,600000,676122.2467755845,0.12687041129264087,1.1268704112926409
Yerang Hwang,A house on a mountain,2020.0,"Watercolor, pencil on paper",46.7,19.2,3,1993.0,1,CatBoost,False,800000,852157.5234951525,0.0651969043689406,1.0651969043689407
Yerang Hwang,Prey,2022.0,"Indian ink, orient paints on Korean paper",21.7,39.7,3,1993.0,1,CatBoost,False,800000,780383.3009506147,0.02452087381173158,0.9754791261882684
Yerang Hwang,Rose,2019.0,"Watercolor, pencil on paper",39.5,32.5,6,1993.0,1,CatBoost,False,600000,843253.0486120606,0.4054217476867677,1.4054217476867676
Yerang Hwang,Birth,2020.0,"Watercolor, pencil on paper",29.2,22.2,3,1993.0,1,CatBoost,False,600000,721685.3368419207,0.20280889473653457,1.2028088947365345
Yerang Hwang,Summer,2020.0,"Watercolor, pencil on paper",36.0,25.0,3,1993.0,1,CatBoost,False,800000,802849.9131029974,0.0035623913787466883,1.0035623913787466
Yerang Hwang,Blood,2022.0,"Pencil, White Indian ink, orient paints on Korean paper",22.2,29.3,3,1993.0,1,CatBoost,False,600000,663506.148650568,0.10584358108427996,1.10584358108428
Yerang Hwang,Spider and Butterfly,2020.0,"Watercolor, pencil on paper",50.0,39.0,8,1993.0,1,CatBoost,False,1000000,1432922.9406882124,0.4329229406882124,1.4329229406882125
Yerang Hwang,Family,2021.0,"Watercolor, pencil on paper",35.5,25.0,3,1993.0,1,CatBoost,False,800000,740014.5847969954,0.07498176900375576,0.9250182309962443
Yerang Hwang,White cat,2022.0,"White Indian ink, gouache, color pencil on Korean paper",32.0,21.5,3,1993.0,1,CatBoost,False,800000,701320.2626635265,0.12334967167059192,0.876650328329408
Yerang Hwang,Black cat,2022.0,"Indian ink, gouache on Korean paper",27.0,16.5,2,1993.0,1,CatBoost,False,600000,717690.7210604612,0.19615120176743542,1.1961512017674354
Yerang Hwang,Spring,2020.0,"Watercolor, pencil on paper",29.2,22.3,3,1993.0,1,CatBoost,False,800000,721685.3368419207,0.09789332894759907,0.9021066710524009
Yerang Hwang,Spring,2019.0,Pencil on paper,25.2,19.2,2,1993.0,1,CatBoost,False,600000,693687.7888577208,0.156146314762868,1.1561463147628679
Yerang Hwang,Crying bird,2020.0,"Watercolor, pencil on paper",29.2,40.3,5,1993.0,1,CatBoost,False,800000,983436.1557614842,0.22929519470185522,1.229295194701855
Yerang Hwang,Flower,2022.0,"Indian ink, gouache on paper",21.0,29.5,2,1993.0,1,CatBoost,False,600000,656873.91037849,0.09478985063081666,1.0947898506308167
Yerang Hwang,Flowers and Dog,2022.0,"Indian ink, White Indian ink, orient paints on Korean paper",18.0,23.0,1,1993.0,1,CatBoost,False,600000,667013.4279409953,0.11168904656832553,1.1116890465683256
Yerang Hwang,Adam and Eve,2021.0,"Watercolor, pencil on paper",29.5,16.0,2,1993.0,1,CatBoost,False,800000,730006.219433145,0.08749222570856872,0.9125077742914313
Yerang Hwang,Family,2022.0,"Gouache, color pencil on Korean paper",27.3,20.1,2,1993.0,1,CatBoost,False,600000,659454.6508394163,0.09909108473236052,1.0990910847323605
Yerang Hwang,Love,2020.0,"Watercolor, pencil on paper",19.2,25.2,2,1993.0,1,CatBoost,False,600000,694588.6337123351,0.1576477228538919,1.157647722853892
Yerang Hwang,Singing Birds,2022.0,"Indian ink, gouache on paper",21.0,29.5,2,1993.0,1,CatBoost,False,600000,656873.91037849,0.09478985063081666,1.0947898506308167
Hyewon NA,Gerberas and roses in a vase,2025.0,Oil on canvas,30.0,40.0,5,1989.0,2,CatBoost,False,420000,1341245.4700485,2.1934415953535713,3.1934415953535713
Hyewon NA,Still Life on the Table-Goldfish,2025.0,Oil on canvas,25.0,31.0,3,1989.0,2,CatBoost,False,500000,853865.002859235,0.7077300057184701,1.7077300057184701
Hyewon NA,Still Life on the Table-Rosy Rose,2025.0,Oil on canvas,25.0,31.0,3,1989.0,2,CatBoost,False,500000,853865.002859235,0.7077300057184701,1.7077300057184701
Hyewon NA,Sleeping Baby,2025.0,Oil on canvas,55.0,40.0,10,1989.0,2,CatBoost,False,1000000,1981794.5650387737,0.9817945650387737,1.9817945650387736
Hyewon NA,Winter Cowboy,2025.0,Oil on canvas,50.0,60.0,12,1989.0,2,CatBoost,False,1350000,1733934.434648079,0.2843958775170956,1.2843958775170956
Hyewon NA,The head-16,2025.0,Oil on canvas,25.0,25.0,3,1989.0,2,CatBoost,False,300000,824631.1167310909,1.7487703891036364,2.7487703891036364
Hyewon NA,Museum Collection,2025.0,Oil on canvas,110.0,120.0,60,1989.0,2,CatBoost,False,5600000,7163086.935372008,0.2791226670307157,1.2791226670307156
Hyewon NA,The head-7,2025.0,Oil on canvas,30.0,30.0,3,1989.0,2,CatBoost,False,400000,905906.7064595642,1.2647667661489104,2.2647667661489104
Hyewon NA,museum study series-The Hug 2,2025.0,Oil on canvas,40.0,40.0,8,1989.0,2,CatBoost,False,700000,1500250.8106630216,1.1432154438043167,2.1432154438043165
Hyewon NA,Ashtray,2024.0,Oil on canvas,45.0,45.0,8,1989.0,2,CatBoost,False,850000,1565807.618552374,0.8421266100616164,1.8421266100616165
Hyewon NA,Museum Study- Torso,2025.0,Oil on canvas,55.0,70.0,15,1989.0,2,CatBoost,False,2000000,2827735.7570486744,0.4138678785243372,1.4138678785243373
Hyewon NA,Still Life on the Table-Cherry Cake,2025.0,Oil on canvas,25.0,31.0,3,1989.0,2,CatBoost,False,500000,853865.002859235,0.7077300057184701,1.7077300057184701
Hyewon NA,Still Life on the Table-Candle Candle Candle,2025.0,Oil on canvas,25.0,31.0,3,1989.0,2,CatBoost,False,500000,853865.002859235,0.7077300057184701,1.7077300057184701
Hyewon NA,museum study series-The Hug 1,2025.0,Oil on canvas,40.0,40.0,8,1989.0,2,CatBoost,False,700000,1500250.8106630216,1.1432154438043167,2.1432154438043165
Hyewon NA,The head-1,2025.0,Oil on canvas,30.0,30.0,3,1989.0,2,CatBoost,False,400000,905906.7064595642,1.2647667661489104,2.2647667661489104
Hyewon NA,The head-6,2025.0,Oil on canvas,30.0,30.0,3,1989.0,2,CatBoost,False,400000,905906.7064595642,1.2647667661489104,2.2647667661489104
Hyewon NA,The head-11,2025.0,Oil on canvas,25.0,25.0,3,1989.0,2,CatBoost,False,300000,824631.1167310909,1.7487703891036364,2.7487703891036364
Hyewon NA,Collection inside the museum hall,2025.0,Oil on canvas,110.0,120.0,60,1989.0,2,CatBoost,False,5600000,7163086.935372008,0.2791226670307157,1.2791226670307156
Hyewon NA,Oh Baby!,2025.0,Hand-signed and dated by artist,90.0,120.0,50,1989.0,2,CatBoost,False,4300000,7428489.636144342,0.7275557293358935,1.7275557293358934
Hyewon NA,Bottle Cap Ashtray,2024.0,Oil on canvas,25.0,25.0,3,1989.0,2,CatBoost,False,450000,834742.0644000914,0.8549823653335364,1.8549823653335364
Hyewon NA,The head-13,2025.0,Oil on canvas,25.0,25.0,3,1989.0,2,CatBoost,False,300000,824631.1167310909,1.7487703891036364,2.7487703891036364
Hyewon NA,Museum Study-Torso,2025.0,Oil on canvas,55.0,70.0,15,1989.0,2,CatBoost,False,2000,2827735.7570486744,1412.8678785243371,1413.8678785243371
Michelle Sakhai,Ajisai,2021.0,Painting,101.6,101.6,50,1983.0,2,CatBoost,False,21312500,7878690.784250488,0.6303253590967514,0.3696746409032487
Michelle Sakhai,In A Haze,2023.0,Painting,91.4,121.9,60,1983.0,2,CatBoost,False,22834800,11193270.472138729,0.509815261261814,0.49018473873818597
Michelle Sakhai,True Friendship,2018.0,Painting,61.0,45.7,12,1983.0,2,CatBoost,False,6089300,3425550.73323257,0.4374475336684726,0.5625524663315274
Michelle Sakhai,Remembering,2022.0,Painting,152.4,101.6,80,1983.0,2,CatBoost,False,30446400,15223719.392534686,0.49998294075704564,0.5000170592429544
Michelle Sakhai,Sounds of Night,2023.0,Painting,121.9,91.4,60,1983.0,2,CatBoost,False,22834800,11193270.472138729,0.509815261261814,0.49018473873818597
Michelle Sakhai,Wait for Me,2022.0,Painting,91.5,122.0,60,1983.0,2,CatBoost,False,22834800,11240432.468409685,0.5077499050392521,0.49225009496074784
Michelle Sakhai,illusion,2016.0,Painting,152.4,50.8,40,1983.0,2,CatBoost,False,12178600,9279885.35595597,0.23801706633307856,0.7619829336669215
Michelle Sakhai,Devotion,2021.0,Painting,61.0,30.5,8,1983.0,2,CatBoost,False,3653600,3259661.5208141883,0.10782200547016961,0.8921779945298304
Michelle Sakhai,Algid Liles,2021.0,Painting,91.4,91.4,50,1983.0,2,CatBoost,False,16745600,7391800.571481573,0.5585825189015876,0.44141748109841233
Michelle Sakhai,Bountiful Bouquet,2022.0,Painting,101.6,101.6,50,1983.0,2,CatBoost,False,21312500,7897549.142956919,0.6294405094213762,0.37055949057862375
Michelle Sakhai,Celestial,2022.0,Painting,122.0,91.5,60,1983.0,2,CatBoost,False,18267900,11240432.468409685,0.3846894022624557,0.6153105977375443
Michelle Sakhai,Love Language,2022.0,Painting,101.6,101.6,50,1983.0,2,CatBoost,False,21312500,7897549.142956919,0.6294405094213762,0.37055949057862375
Michelle Sakhai,In My Dreams,2023.0,Painting,203.2,148.6,150,1983.0,2,CatBoost,False,60892800,23176355.917016275,0.6193908653072896,0.3806091346927104
Michelle Sakhai,Boundless,2018.0,Painting,182.9,121.9,100,1983.0,2,CatBoost,False,42625000,21460647.410274457,0.4965244009319775,0.5034755990680224
Michelle Sakhai,"Temperance, XIV",2019.0,Painting,45.7,45.7,8,1983.0,2,CatBoost,False,3805800,2304743.39269083,0.394412898026478,0.605587101973522
Michelle Sakhai,A Pink Lily Pond,2023.0,Painting,345.4,152.4,200,1983.0,2,CatBoost,False,98950800,41323400.32783037,0.5823843735691843,0.4176156264308158
Michelle Sakhai,Co-Exist I,2016.0,Painting,76.2,76.2,30,1983.0,2,CatBoost,False,11417400,5540670.189226936,0.5147169943045758,0.48528300569542415
Michelle Sakhai,The Lily Pond,2021.0,Painting,243.8,91.4,100,1983.0,2,CatBoost,False,45669600,22571923.06773564,0.5057560594413869,0.49424394055861315
Michelle Sakhai,English Garden Series,2022.0,Painting,61.0,213.4,60,1983.0,2,CatBoost,False,22834800,12914204.024558919,0.43445074953321605,0.565549250466784
Michelle Sakhai,"The Star, XVII",2019.0,Painting,91.4,91.4,50,1983.0,2,CatBoost,False,16745600,7715921.627508468,0.5392269236391369,0.460773076360863
Michelle Sakhai,Clouds Descending,2023.0,Painting,61.0,76.2,20,1983.0,2,CatBoost,False,9134000,4476737.481162802,0.5098820362204071,0.490117963779593
Michelle Sakhai,XV,2019.0,Painting,101.6,152.4,80,1983.0,2,CatBoost,False,27401800,15834264.674633866,0.42214508993446176,0.5778549100655382
Michelle Sakhai,Without End,2018.0,Painting,61.0,76.2,20,1983.0,2,CatBoost,False,9134000,4726724.585121661,0.4825131831484934,0.5174868168515067
Michelle Sakhai,Even Higher,2018.0,Painting,76.2,76.2,30,1983.0,2,CatBoost,False,11417400,5257509.793922902,0.5395177716535374,0.4604822283464626
Beom Jun,No. 24-1-5,2024.0,Painting,108.0,35.0,15,1985.0,2,CatBoost,False,4000000,4144396.883470694,0.03609922086767352,1.0360992208676736
Beom Jun,공존58,,Painting,117.0,80.0,50,1985.0,2,CatBoost,False,7500000,8460951.579115665,0.12812687721542196,1.128126877215422
Beom Jun,공존,2024.0,Painting,255.0,73.0,80,1985.0,2,CatBoost,False,13500000,15442036.20287419,0.14385453354623623,1.1438545335462362
Beom Jun,No. 25-1-21,,Painting,45.0,45.0,8,1985.0,2,CatBoost,False,1500000,2415436.4167119376,0.6102909444746251,1.6102909444746252
Beom Jun,No. 23-1-14,2023.0,Painting,73.0,91.0,40,1985.0,2,CatBoost,False,4500000,6305979.293344701,0.40132873185437795,1.401328731854378
Beom Jun,공존60,,Painting,73.0,73.0,25,1985.0,2,CatBoost,False,4500000,5430777.7551533235,0.206839501145183,1.206839501145183
Beom Jun,공존59,,Painting,117.0,80.0,50,1985.0,2,CatBoost,False,7500000,8460951.579115665,0.12812687721542196,1.128126877215422
Beom Jun,공존6,2024.0,Painting,73.0,61.0,20,1985.0,2,CatBoost,False,3000000,4606446.559699055,0.5354821865663516,1.5354821865663515
Beom Jun,공존5,2024.0,Painting,73.0,61.0,20,1985.0,2,CatBoost,False,3000000,4606446.559699055,0.5354821865663516,1.5354821865663515
Beom Jun,공존62,,Painting,106.0,41.0,20,1985.0,2,CatBoost,False,4500000,4535432.7253238065,0.007873938960845893,1.007873938960846
Beom Jun,No. 23-2-16,2023.0,Painting,5.0,11.0,0,1985.0,2,CatBoost,False,3000000,1148611.8374512945,0.6171293875162351,0.38287061248376486
Beom Jun,No. 22-1-09,2022.0,Painting,65.0,53.0,15,1985.0,2,CatBoost,False,2250000,3327279.46859079,0.47879087492924,1.47879087492924
Beom Jun,No. 24-1-9,2024.0,Painting,27.0,35.0,4,1985.0,2,CatBoost,False,1000000,1776776.9849866251,0.7767769849866252,1.776776984986625
Beom Jun,첩첩산중,2020.0,Painting,273.0,146.0,200,1985.0,2,CatBoost,False,45000000,25468709.469684232,0.43402867845146154,0.5659713215485385
Beom Jun,No. 24-1-9,2024.0,Painting,189.0,35.0,40,1985.0,2,CatBoost,False,7000000,6125275.5522584375,0.12496063539165178,0.8750393646083482
Beom Jun,공존7,2024.0,Painting,73.0,61.0,20,1985.0,2,CatBoost,False,3000000,4606446.559699055,0.5354821865663516,1.5354821865663515
Beom Jun,No. 25-1-20,,Painting,130.0,130.0,80,1985.0,2,CatBoost,False,15000000,13340192.263157958,0.1106538491228028,0.8893461508771973
Beom Jun,No. 23-1-6,2023.0,Painting,325.0,140.0,200,1985.0,2,CatBoost,False,45000000,26020883.294753373,0.4217581490054806,0.5782418509945194
Beom Jun,첩첩산중 No. 22-1-07,2022.0,Painting,117.0,91.0,50,1985.0,2,CatBoost,False,7500000,8935060.913718415,0.19134145516245538,1.1913414551624555
Beom Jun,No. 23-1-38,2023.0,Painting,117.0,81.0,50,1985.0,2,CatBoost,False,7500000,9199722.546166351,0.22662967282218013,1.2266296728221802
Beom Jun,첩첩산중 No. 22-1-34,2022.0,Painting,73.0,91.0,40,1985.0,2,CatBoost,False,4500000,6194875.535619462,0.376639007915436,1.376639007915436
David Surman,A bone in the grass,2024.0,Acrylic on linen,30.5,20.4,2,1981.0,3,CatBoost,False,1500000,1495616.0695166423,0.002922620322238499,0.9970773796777616
David Surman,How old are you?,2023.0,Acrylic on canvas,140.0,160.0,100,1981.0,3,CatBoost,False,15225000,16400649.57021247,0.07721836257553172,1.0772183625755316
David Surman,Enkidu and the Cedars,2020.0,Acrylic and charcoal on linen,140.0,160.0,100,1981.0,3,CatBoost,False,15225000,18213113.99740433,0.19626364514970965,1.1962636451497097
David Surman,Under a Primitive Sun,2023.0,Acrylic on canvas,20.4,30.5,2,1981.0,3,CatBoost,False,1500000,1473579.1436776244,0.01761390421491706,0.982386095785083
David Surman,Buttercups,2023.0,Acrylic on linen,30.5,20.4,2,1981.0,3,CatBoost,False,1500000,1593248.840126941,0.06216589341796065,1.0621658934179607
David Surman,The Longest Day,2023.0,Acrylic on linen,30.5,20.4,2,1981.0,3,CatBoost,False,1500000,1593248.840126941,0.06216589341796065,1.0621658934179607
David Surman,Samara,2023.0,Acrylic on linen,20.4,30.5,2,1981.0,3,CatBoost,False,1500000,1593248.840126941,0.06216589341796065,1.0621658934179607
David Surman,This is the Place,2023.0,Acrylic on linen,25.4,30.5,3,1981.0,3,CatBoost,False,1500000,1396738.0607490349,0.06884129283397676,0.9311587071660232
David Surman,Lamb of Dog,2023.0,Acrylic on linen,20.4,30.5,2,1981.0,3,CatBoost,False,1500000,1593248.840126941,0.06216589341796065,1.0621658934179607
David Surman,"Standing, Eyes Closed",2023.0,Acrylic on canvas,20.4,30.5,2,1981.0,3,CatBoost,False,1500000,1473579.1436776244,0.01761390421491706,0.982386095785083
David Surman,Walk Home Under Perseids,2023.0,Acrylic on linen,30.5,20.4,2,1981.0,3,CatBoost,False,1500000,1593248.840126941,0.06216589341796065,1.0621658934179607
David Surman,Serious Play,2023.0,Acrylic on linen,30.5,20.4,2,1981.0,3,CatBoost,False,1500000,1593248.840126941,0.06216589341796065,1.0621658934179607
David Surman,Black Cap,2023.0,Acrylic on linen,30.5,25.4,3,1981.0,3,CatBoost,False,1500000,1396738.0607490349,0.06884129283397676,0.9311587071660232
David Surman,Dazzler,2023.0,Acrylic on canvas,20.4,30.5,2,1981.0,3,CatBoost,False,1500000,1473579.1436776244,0.01761390421491706,0.982386095785083
David Surman,Lancelot,2023.0,Acrylic on linen,30.5,25.4,3,1981.0,3,CatBoost,False,1500000,1396738.0607490349,0.06884129283397676,0.9311587071660232
David Surman,Waiting at Dusk,2023.0,Acrylic on canvas,20.4,30.5,2,1981.0,3,CatBoost,False,1500000,1473579.1436776244,0.01761390421491706,0.982386095785083
David Surman,Little Hydrangea,2023.0,Acrylic on linen,30.5,20.4,2,1981.0,3,CatBoost,False,1500000,1593248.840126941,0.06216589341796065,1.0621658934179607
David Surman,Fireworks in autumn,2024.0,Acrylic on linen,20.4,30.5,2,1981.0,3,CatBoost,False,1500000,1495616.0695166423,0.002922620322238499,0.9970773796777616
David Surman,How do you sit?,2024.0,Acrylic on linen,30.5,20.4,2,1981.0,3,CatBoost,False,1500000,1495616.0695166423,0.002922620322238499,0.9970773796777616
David Surman,Patient Poodle,2023.0,Acrylic on canvas,20.4,30.5,2,1981.0,3,CatBoost,False,1500000,1473579.1436776244,0.01761390421491706,0.982386095785083
David Surman,Lost Sausage,2023.0,Acrylic on canvas,20.4,30.5,2,1981.0,3,CatBoost,False,1500000,1473579.1436776244,0.01761390421491706,0.982386095785083
David Surman,Queen of the Night,2023.0,Acrylic on canvas,20.4,30.5,2,1981.0,3,CatBoost,False,1500000,1473579.1436776244,0.01761390421491706,0.982386095785083
David Surman,A Toad at Sunrise,2023.0,Acrylic on canvas,50.0,60.0,12,1981.0,3,CatBoost,False,4350000,2496206.3401360875,0.426159462037681,0.5738405379623189
David Surman,Before Night Falls,2023.0,Acrylic on canvas,50.0,60.0,12,1981.0,3,CatBoost,False,4350000,2496206.3401360875,0.426159462037681,0.5738405379623189
Seonggwang Yun,Buddy,2025.0,Acrylic on canvas,193.0,130.0,120,1999.0,1,CatBoost,False,7200000,9789746.40655674,0.3596870009106584,1.3596870009106583
Seonggwang Yun,lt's so outrageous i can't say a word,2024.0,Acrylic on canvas,97.0,130.0,60,1999.0,1,CatBoost,False,3958100,6244528.929655042,0.5776582020805542,1.5776582020805543
Seonggwang Yun,Mushroom,2023.0,Acrylic on canvas,130.0,130.0,80,1999.0,1,CatBoost,False,6000000,6589239.5206718175,0.09820658677863625,1.0982065867786361
Seonggwang Yun,Superstar(1),2023.0,Acrylic on canvas,97.0,130.0,60,1999.0,1,CatBoost,False,3958100,6242341.560740575,0.5771055710418067,1.5771055710418067
Seonggwang Yun,It's Over There,2025.0,Acrylic on canvas,130.0,130.0,80,1999.0,1,CatBoost,False,6000000,6655637.27221633,0.10927287870272172,1.1092728787027217
Seonggwang Yun,Cell,2024.0,Acrylic on panel,80.0,80.0,30,1999.0,1,CatBoost,False,2400000,2752460.9889402576,0.146858745391774,1.146858745391774
Seonggwang Yun,Neuron,2024.0,Acrylic on canvas,97.0,130.0,60,1999.0,1,CatBoost,False,3958100,6244528.929655042,0.5776582020805542,1.5776582020805543
Seonggwang Yun,Off-Line Ceramics,2025.0,Acrylic on canvas,130.0,130.0,80,1999.0,1,CatBoost,False,6000000,6655637.27221633,0.10927287870272172,1.1092728787027217
Seonggwang Yun,Oh....that's not it ...plz,2025.0,Acrylic on canvas,97.0,130.0,60,1999.0,1,CatBoost,False,3958100,6222497.269137917,0.5720919807831831,1.572091980783183
Seonggwang Yun,Hug,2023.0,Acrylic on canvas,130.0,89.0,60,1999.0,1,CatBoost,False,3600000,6330941.322989831,0.7585948119416197,1.7585948119416197
Seonggwang Yun,Holding Back Tears,2024.0,Acrylic on canvas,162.0,130.0,100,1999.0,1,CatBoost,False,6000000,7743573.512242285,0.2905955853737141,1.290595585373714
Seonggwang Yun,Eh?,2025.0,Acrylic on canvas,116.8,97.0,60,1999.0,1,CatBoost,False,3000000,4755619.012932858,0.5852063376442861,1.5852063376442862
Seonggwang Yun,This Card Is Maxed Out...?.........,2023.0,Acrylic on canvas,130.0,89.0,60,1999.0,1,CatBoost,False,3600000,6330941.322989831,0.7585948119416197,1.7585948119416197
Seonggwang Yun,Ah?...,2024.0,Acrylic on canvas,91.0,116.0,50,1999.0,1,CatBoost,False,3000000,4996547.924286737,0.6655159747622457,1.6655159747622457
Sangun Ho,Hair Touching the Floor,2023.0,Pencil and colored pencil on paper,21.0,29.7,3,1984.0,2,CatBoost,False,1220000,1124969.0173019003,0.07789424811319647,0.9221057518868035
Sangun Ho,No Parking with drawing,2023.0,Pencil and colored pencil on paper,29.7,42.0,5,1984.0,2,CatBoost,False,1730000,1534387.3537568413,0.11307089378217268,0.8869291062178273
Sangun Ho,Floating Parking,2020.0,Pencil and colored pencil on paper,21.0,29.7,3,1984.0,2,CatBoost,False,4000000,1221734.2893461583,0.6945664276634603,0.30543357233653956
Sangun Ho,Speedy Snoopy,2020.0,Pencil and colored pencil on paper,21.0,29.7,3,1984.0,2,CatBoost,False,1220000,1221734.2893461583,0.001421548644392026,1.001421548644392
Sangun Ho,"Sunbathing Man, Towel, Jar and Shoes",2022.0,Pencil and colored pencil on paper,29.7,42.0,5,1984.0,2,CatBoost,False,1730000,1589477.7655630815,0.08122672510804539,0.9187732748919546
Sangun Ho,After Work in the Toilet,2020.0,Pencil and colored pencil on paper,21.0,29.7,3,1984.0,2,CatBoost,False,1220000,1221734.2893461583,0.001421548644392026,1.001421548644392
Sangun Ho,Knee Button,2020.0,Pencil and colored pencil on paper,21.0,29.7,3,1984.0,2,CatBoost,False,1220000,1221734.2893461583,0.001421548644392026,1.001421548644392
Sangun Ho,Printed with Hamster,2020.0,"watercolor, pencil, colored pencil on paper",21.0,29.7,3,1984.0,2,CatBoost,False,1220000,1200786.8869755536,0.01574845329872657,0.9842515467012735
Sangun Ho,Way to Toilet,2020.0,Pencil and colored pencil on paper,21.0,29.7,3,1984.0,2,CatBoost,False,1220000,1221734.2893461583,0.001421548644392026,1.001421548644392
Sangun Ho,Love of Pigeons,2021.0,Pencil and colored pencil on paper,29.7,42.0,5,1984.0,2,CatBoost,False,1730000,1587938.71387673,0.08211635036027164,0.9178836496397283
Sangun Ho,Dog in a Cast,2021.0,Pencil and colored pencil on paper,21.0,29.7,3,1984.0,2,CatBoost,False,1220000,1167469.9289531591,0.04305743528429579,0.9569425647157042
Sangun Ho,Pink Door Bumper,2025.0,Pencil and colored pencil on paper,42.0,59.4,10,1984.0,2,CatBoost,False,2450000,2673254.654957792,0.091124348962364,1.091124348962364
Sangun Ho,Resting in a Pot,2023.0,Pencil and colored pencil on paper,21.0,29.7,3,1984.0,2,CatBoost,False,1220000,1124969.0173019003,0.07789424811319647,0.9221057518868035
Sangun Ho,Bread Eaten in the Middle,2019.0,Pencil and colored pencil on paper,22.9,30.4,3,1984.0,2,CatBoost,False,1280000,1260054.8154009604,0.015582175467999696,0.9844178245320003
Sangun Ho,Staying Cool,2022.0,Pencil and colored pencil on paper,29.7,42.0,5,1984.0,2,CatBoost,False,1730000,1589477.7655630815,0.08122672510804539,0.9187732748919546
Sangun Ho,Blue Door Bumper,2025.0,Pencil and colored pencil on paper,42.0,59.4,10,1984.0,2,CatBoost,False,2450000,2673254.654957792,0.091124348962364,1.091124348962364
Sangun Ho,Punching Machine Wearing a Fur Hat,2020.0,Pencil and colored pencil on paper,22.9,30.4,3,1984.0,2,CatBoost,False,1280000,1263368.976705507,0.012992986948822727,0.9870070130511772
Sangun Ho,Fruit Offering for Nine,2025.0,Pencil and colored pencil on paper,42.0,29.7,5,1984.0,2,CatBoost,False,1730000,1458326.048987196,0.1570369659033549,0.8429630340966451
Sangun Ho,Waiting to Toilet,2020.0,Pencil and colored pencil on paper,21.0,29.7,3,1984.0,2,CatBoost,False,1220000,1221734.2893461583,0.001421548644392026,1.001421548644392
Sangun Ho,White Fluffy Hat Sitting,2025.0,Pencil and colored pencil on paper,168.0,148.6,120,1984.0,2,CatBoost,False,9510000,13305457.931958033,0.39910178043722744,1.3991017804372274
Sangun Ho,Winter Tree 3,2022.0,Pencil and colored pencil on paper,29.7,42.0,5,1984.0,2,CatBoost,False,1730000,1589477.7655630815,0.08122672510804539,0.9187732748919546
Sangun Ho,Pigeons in the Bath,2019.0,Pencil and colored pencil on paper,30.4,22.9,3,1984.0,2,CatBoost,False,1280000,1260054.8154009604,0.015582175467999696,0.9844178245320003
Sangun Ho,Black Door Bumper,2025.0,Pencil and colored pencil on paper,42.0,59.4,10,1984.0,2,CatBoost,False,2450000,2673254.654957792,0.091124348962364,1.091124348962364
Yeonkyung Park,With the Flower,2024.0,Oil on Canvas,53.8,78.5,20,1995.0,1,XGBoost,True,6546000,2330277.75,0.6440150091659028,0.3559849908340972
Yeonkyung Park,Still life,2025.0,Oil on canvas,91.0,72.5,40,1995.0,1,XGBoost,True,6469900,3397383.25,0.4748940091809765,0.5251059908190234
Yeonkyung Park,Dalmatian,2024.0,Oil on Canvas,22.0,27.3,2,1995.0,1,XGBoost,True,761200,435133.40625,0.4283586360352076,0.5716413639647925
Yeonkyung Park,Still life,2025.0,Oil on Canvas,130.3,162.2,100,1995.0,1,XGBoost,True,12178600,7359078.0,0.39573694841771634,0.6042630515822837
Yeonkyung Park,Still life,2025.0,Oil on Canvas,81.0,116.0,50,1995.0,1,XGBoost,True,6850500,4467961.5,0.3477904532515875,0.6522095467484125
Yeonkyung Park,Dalmatian,2024.0,Oil on Canvas,22.0,27.3,2,1995.0,1,XGBoost,True,761200,435133.40625,0.4283586360352076,0.5716413639647925
Yeonkyung Park,Dalmatian,2025.0,Oil on Canvas,22.0,27.3,2,1995.0,1,XGBoost,True,761200,459407.5625,0.3964693083289543,0.6035306916710457
Yeonkyung Park,Dalmatian,2025.0,Oil on Canvas,22.0,27.3,2,1995.0,1,XGBoost,True,761200,459407.5625,0.3964693083289543,0.6035306916710457
Yeonkyung Park,Dalmatian,2025.0,Oil on Canvas,22.0,27.3,2,1995.0,1,XGBoost,True,761200,459407.5625,0.3964693083289543,0.6035306916710457
Yeonkyung Park,Still life,2025.0,Oil on canvas,71.5,55.0,20,1995.0,1,XGBoost,True,2405300,2178987.5,0.09408909491539517,0.9059109050846048
Sungju Ham,Reiko Nagase,2021.0,Oil on canvas,50.0,65.0,15,1990.0,2,XGBoost,True,750000,2040922.625,1.7212301666666667,2.7212301666666665
Sungju Ham,Mugler 3,2025.0,Oil on canvas,112.0,145.0,80,1990.0,2,XGBoost,True,7200000,8381319.5,0.16407215277777779,1.1640721527777778
Sungju Ham,He Divide Us,2025.0,Oil on canvas,34.0,46.0,6,1990.0,2,XGBoost,True,1200000,1392618.125,0.16051510416666667,1.1605151041666666
Sungju Ham,Aethetic vibes,2021.0,Oil on canvas,91.0,72.0,30,1990.0,2,XGBoost,True,1500000,3981979.0,1.6546526666666668,2.6546526666666668
Sungju Ham,Crash,2025.0,Oil on canvas,38.0,46.0,8,1990.0,2,XGBoost,True,1200000,1432890.5,0.19407541666666667,1.1940754166666667
Sungju Ham,Spring Mugler 2,2025.0,Oil on canvas,112.0,145.0,80,1990.0,2,XGBoost,True,7200000,8381319.5,0.16407215277777779,1.1640721527777778
Sungju Ham,christine dale,2022.0,Oil on canvas,33.0,46.0,6,1990.0,2,XGBoost,True,500000,1480229.0,1.960458,2.960458
Sungju Ham,Gianni versace fall 1,2024.0,Oil on canvas,61.0,73.0,20,1990.0,2,XGBoost,True,2000000,2723131.75,0.361565875,1.361565875
Sungju Ham,Rubber rainwear 2,2025.0,Oil on canvas,61.0,73.0,20,1990.0,2,XGBoost,True,2000000,2746403.5,0.37320175,1.37320175
Sungju Ham,Tour 01,,Oil on canvas,38.0,46.0,8,1990.0,2,XGBoost,True,1200000,1459669.875,0.2163915625,1.2163915625
Sungju Ham,Wheel,2025.0,Oil on canvas,61.0,73.0,20,1990.0,2,XGBoost,True,2000000,2746403.5,0.37320175,1.37320175
Sungju Ham,suit,2022.0,Oil on canvas,61.0,73.0,20,1990.0,2,XGBoost,True,1000000,2642634.25,1.64263425,2.64263425
Sungju Ham,Crash james,2025.0,Oil on canvas,38.0,46.0,8,1990.0,2,XGBoost,True,1200000,1432890.5,0.19407541666666667,1.1940754166666667
Sungju Ham,Mugler 1990,2025.0,Oil on canvas,38.0,46.0,8,1990.0,2,XGBoost,True,1200000,1432890.5,0.19407541666666667,1.1940754166666667
Sungju Ham,Mugler spring 3,2025.0,Oil on canvas,112.0,145.0,80,1990.0,2,XGBoost,True,7200000,8381319.5,0.16407215277777779,1.1640721527777778
Sungju Ham,Y2k Aesthetic Lolita Style Bow Dress Shorts Set Japanese Women Gothic Lace Flare Sleeve Button Shirt Dress Punk Party Mini Dress,2025.0,Oil on canvas,61.0,73.0,20,1990.0,2,XGBoost,True,2000000,2746403.5,0.37320175,1.37320175
Sungju Ham,Mugler 1990,2025.0,Oil on canvas,61.0,73.0,20,1990.0,2,XGBoost,True,2000000,2746403.5,0.37320175,1.37320175
Sungju Ham,Reiko Nagase,2021.0,Oil on canvas,53.0,65.0,15,1990.0,2,XGBoost,True,750000,2067390.25,1.7565203333333332,2.7565203333333335
Sungju Ham,luciana,2022.0,Oil on canvas,53.0,73.0,15,1990.0,2,XGBoost,True,1000000,2760254.5,1.7602545,2.7602545
Sungju Ham,Rubber rainwear 3,2025.0,Oil on canvas,112.0,145.0,80,1990.0,2,XGBoost,True,7200000,8381319.5,0.16407215277777779,1.1640721527777778
JiHye A,Into the Glow,2025.0,Color Pencil on Paper,21.0,29.0,2,1987.0,2,CatBoost,False,2300000,900456.5356893359,0.608497158395941,0.39150284160405907
JiHye A,Where the Light Rests,2025.0,Color Pencil on Paper,15.0,20.0,1,1987.0,2,CatBoost,False,2000000,942680.5851489373,0.5286597074255314,0.47134029257446863
JiHye A,Midsummer Night,2024.0,Color Pencil on Paper,29.0,21.0,2,1987.0,2,CatBoost,False,2500000,910467.528095315,0.635812988761874,0.36418701123812597
JiHye A,Smoky Glow,2023.0,Acrylic and Colored Pencil  on Paper Mounted on board,83.5,83.5,40,1987.0,2,CatBoost,False,3500000,4156806.6421279567,0.18765904060798763,1.1876590406079877
JiHye A,Dawn's glow,2025.0,Color Pencil on Paper,55.0,42.0,10,1987.0,2,CatBoost,False,3500000,2191595.8662206642,0.37382975250838163,0.6261702474916183
JiHye A,Blue flames,2023.0,Acrylic on Paper,48.0,56.0,12,1987.0,2,CatBoost,False,1500000,1850672.8650228942,0.23378191001526283,1.2337819100152627
JiHye A,Impromptu Sonata No.2,2019.0,Acrylic paint and Colored pencil on Paper,18.0,24.0,1,1987.0,2,CatBoost,False,2300000,1049993.2916575302,0.5434811775402042,0.45651882245979575
JiHye A,Symmetry in Harmony,2022.0,Colored Pencil on Paper,45.0,47.5,10,1987.0,2,CatBoost,False,1700000,1793861.9805919062,0.055212929759944844,1.0552129297599449
JiHye A,My luminous Yellow No. 1,2019.0,Acrylic on Paper,20.0,29.0,2,1987.0,2,CatBoost,False,2100000,1020402.5888470041,0.5140940053109504,0.4859059946890496
JiHye A,The Fate,2024.0,Color Pencil on Paper,21.0,28.0,2,1987.0,2,CatBoost,False,2300000,904029.918139625,0.606943513852337,0.39305648614766303
JiHye A,Moonlit Glow,2023.0,Acrylic and Colored Pencil  on Paper Mounted on board,80.3,80.3,30,1987.0,2,CatBoost,False,3500000,3841960.205295138,0.09770291579861087,1.097702915798611
JiHye A,Lilac Wine,2025.0,Color Pencil on Paper,21.0,29.0,2,1987.0,2,CatBoost,False,2500000,900456.5356893359,0.6398173857242657,0.36018261427573434
JiHye A,Dancers No.1,2020.0,Colored Pencil on Paper,45.0,47.5,10,1987.0,2,CatBoost,False,1700000,1841691.4933242383,0.08334793724955196,1.083347937249552
JiHye A,Nocturnal breeze Part 1,2023.0,Acrylic and Colored Pencil  on Paper Mounted on board,91.0,116.8,50,1987.0,2,CatBoost,False,3800000,7094581.178901641,0.8669950470793791,1.866995047079379
JiHye A,Seed to fruit,2022.0,Colored pencil on paper,18.0,19.0,1,1987.0,2,CatBoost,False,1700000,873165.1715899501,0.48637342847649995,0.5136265715235001
JiHye A,Bloomers No.5,2019.0,Colored Pencil on Paper,48.0,56.0,12,1987.0,2,CatBoost,False,2100000,2014648.7069210252,0.04064347289474991,0.9593565271052501
JiHye A,Impromptu Sonata No.1,2019.0,Acrylic paint and Colored pencil on Paper,45.0,47.5,10,1987.0,2,CatBoost,False,2100000,1799191.3300355184,0.14324222379261028,0.8567577762073897
JiHye A,Impromptu Sonata No.3,2018.0,Acrylic paint and Colored pencil on Paper,18.2,20.7,1,1987.0,2,CatBoost,False,1100000,835250.0225013288,0.24068179772606468,0.7593182022739353
JiHye A,Gardens of Orchestra No.1,2021.0,Colored Pencil on Paper,45.0,47.5,10,1987.0,2,CatBoost,False,1100000,1795237.860555448,0.632034418686771,1.632034418686771
Art Jeeno,Bubbles,,Oil on Canvas,100.0,100.0,50,,1,CatBoost,False,4507200,8732161.954492707,0.9373806253311827,1.9373806253311827
Art Jeeno,Puncture,,Oil on Canvas,100.0,80.0,40,,1,CatBoost,False,4032800,6692813.443508704,0.6595946844645666,1.6595946844645666
Art Jeeno,Soliloquize,,Oil on Canvas,100.0,100.0,50,,1,CatBoost,False,4507200,8732161.954492707,0.9373806253311827,1.9373806253311827
Art Jeeno,Dive Right In,,Oil on Canvas,150.0,120.0,80,,1,CatBoost,False,7116600,18870818.545334216,1.6516621062493628,2.651662106249363
Art Jeeno,Mimic,,Oil on Canvas,100.0,100.0,50,,1,CatBoost,False,4507200,8732161.954492707,0.9373806253311827,1.9373806253311827
Art Jeeno,Flow,,Oil on Canvas,100.0,100.0,50,,1,CatBoost,False,4507200,8732161.954492707,0.9373806253311827,1.9373806253311827
Art Jeeno,Melting,,Oil on Canvas,100.0,100.0,50,,1,CatBoost,False,4507200,8732161.954492707,0.9373806253311827,1.9373806253311827
Art Jeeno,Molecular Attraction,,Oil on Canvas,100.0,100.0,50,,1,CatBoost,False,4507200,8732161.954492707,0.9373806253311827,1.9373806253311827
Art Jeeno,Revision,,Oil on Canvas,100.0,100.0,50,,1,CatBoost,False,4507200,8732161.954492707,0.9373806253311827,1.9373806253311827
Art Jeeno,Mitosis,,Oil on Canvas,100.0,100.0,50,,1,CatBoost,False,4507200,8732161.954492707,0.9373806253311827,1.9373806253311827
Art Jeeno,Theard,,Oil on Canvas,100.0,100.0,50,,1,CatBoost,False,4507200,8732161.954492707,0.9373806253311827,1.9373806253311827
Soon-young Kwon,Still Life 13,,color on Korean paper,45.5,38.0,8,,1,CatBoost,False,3400000,1885193.9830795832,0.4455311814471814,0.5544688185528186
Soon-young Kwon,A Bird and a Girl,,Color on Korean paper,37.3,35.0,6,,1,CatBoost,False,2400000,1547633.5061347282,0.3551527057771966,0.6448472942228034
Soon-young Kwon,Sculpture,,color on Korean paper and collage,24.0,19.0,2,,1,CatBoost,False,2500000,1136180.0985717354,0.5455279605713058,0.4544720394286942
Soon-young Kwon,Deep sea,,color on Korean paper and collage,37.2,26.3,4,,1,CatBoost,False,3000000,1546443.2125492373,0.48451892915025424,0.5154810708497458
Soon-young Kwon,A Still Life 5,,Ink on Korean paper,61.0,72.5,20,,1,CatBoost,False,5000000,3289694.4316210235,0.34206111367579534,0.6579388863242047
Soon-young Kwon,Landmark,,color on Korean paper,37.4,26.2,4,,1,CatBoost,False,2200000,1546443.2125492373,0.29707126702307396,0.702928732976926
Soon-young Kwon,Curtain Call 2,,color on Korean paper,41.0,32.0,6,,1,CatBoost,False,4200000,1813079.795183335,0.5683143344801583,0.43168566551984167
Soon-young Kwon,Pieta,,color on Korean paper,45.7,27.3,5,,1,CatBoost,False,3600000,1799133.0452381582,0.5002408207671782,0.4997591792328217
Soon-young Kwon,Force,,color on Korean paper,27.3,22.0,2,,1,CatBoost,False,2800000,933675.3647052525,0.6665445126052669,0.333455487394733
Soon-young Kwon,The Winter of Hongjecheon,,color on Korean paper,42.2,33.3,6,,1,CatBoost,False,3800000,1851803.3015937954,0.5126833416858433,0.4873166583141567
Soon-young Kwon,Still Life 9,,color on Korean paper,25.5,35.0,3,,1,CatBoost,False,3200000,1299739.1552912954,0.5938315139714702,0.4061684860285298
Soon-young Kwon,A Still Life 6,,Ink on Korean paper,61.0,72.5,20,,1,CatBoost,False,5000000,3289694.4316210235,0.34206111367579534,0.6579388863242047
Soon-young Kwon,Bottom,,color on Korean paper,22.0,27.3,2,,1,CatBoost,False,3000000,933675.3647052525,0.6887748784315825,0.3112251215684175
Soon-young Kwon,Resting 2,,color on Korean paper,37.5,26.5,4,,1,CatBoost,False,3200000,1546443.2125492373,0.5167364960783634,0.48326350392163664
Soon-young Kwon,Holy Hole 5,,color on Korean paper,75.0,60.0,20,,1,CatBoost,False,8000000,4406645.408611721,0.4491693239235348,0.5508306760764652
Soon-young Kwon,A Lollipop,,Color on Korean paper,91.0,72.5,40,,1,CatBoost,False,5000000,5403036.54336339,0.08060730867267792,1.080607308672678
JIN PUL,우리는 여기서 반짝,2025.0,Painting,80.3,100.0,40,,1,CatBoost,False,4800000,6372216.958974314,0.3275451997863154,1.3275451997863155
JIN PUL,Deep Sleep,2024.0,Painting,45.5,53.0,10,,1,CatBoost,False,1500000,2352286.2304971,0.5681908203314,1.5681908203314
JIN PUL,We Spark Here,2024.0,Oil on Canvas,60.6,72.7,20,,1,CatBoost,False,2400000,3581552.3640000015,0.4923134850000006,1.4923134850000006
JIN PUL,우리는 여기서 반짝,2024.0,Painting,100.0,100.0,50,,1,CatBoost,False,6000000,9161204.317392321,0.5268673862320535,1.5268673862320536
JIN PUL,모로 누운 밤,2024.0,Painting,45.5,53.0,10,,1,CatBoost,False,1500000,2352286.2304971,0.5681908203314,1.5681908203314
JIN PUL,안녕의 조각들,2024.0,Painting,31.8,40.9,6,,1,CatBoost,False,800000,2380271.2490266045,1.9753390612832555,2.9753390612832558
JIN PUL,우리는 여기서 반짝,2025.0,Painting,80.3,100.0,40,,1,CatBoost,False,4800000,6596345.185072699,0.3742385802234789,1.374238580223479
JIN PUL,슬픔의 가장자리,2024.0,Painting,45.5,53.0,10,,1,CatBoost,False,1500000,2352286.2304971,0.5681908203314,1.5681908203314
JIN PUL,밤의 변주,2024.0,Painting,100.0,100.0,50,,1,CatBoost,False,6000000,9161204.317392321,0.5268673862320535,1.5268673862320536
JIN PUL,We Spark Here,2025.0,Oil on Canvas,45.5,75.3,15,,1,CatBoost,False,1500000,4141631.4790969463,1.7610876527312975,2.7610876527312977
JIN PUL,슬픔에 밝은 사람들의 지극한 밤,2024.0,Painting,100.0,100.0,50,,1,CatBoost,False,6000000,9161204.317392321,0.5268673862320535,1.5268673862320536
JIN PUL,우리는 여기서 반짝,2025.0,Painting,72.7,91.0,40,,1,CatBoost,False,3600000,6325889.712074905,0.7571915866874736,1.7571915866874734
JIN PUL,밤의 틈,2024.0,Painting,45.5,53.0,10,,1,CatBoost,False,1500000,2352286.2304971,0.5681908203314,1.5681908203314
JIN PUL,자장자장 / 마음과 마음들,2023.0,installation / Painting,53.0,45.5,10,,1,CatBoost,False,1500000,2397897.6847363897,0.5985984564909265,1.5985984564909264
JIN PUL,그렇게 우리는 또,2023.0,Painting,24.0,24.0,2,,1,CatBoost,False,9000000,1117028.8104700386,0.8758856877255512,0.12411431227444873
JIN PUL,우리는 여기서 반짝,2024.0,Painting,47.0,72.0,15,,1,CatBoost,False,2400000,4143243.670402612,0.7263515293344217,1.7263515293344216
JIN PUL,밤의 변주,2024.0,Painting,60.6,60.6,15,,1,CatBoost,False,6000000,3508164.2219925458,0.4153059630012424,0.5846940369987577
JIN PUL,밤의 틈,2024.0,Painting,45.5,53.0,10,,1,CatBoost,False,1500000,2352286.2304971,0.5681908203314,1.5681908203314
JIN PUL,슬픔의 가장자리,2025.0,Painting,25.0,20.0,2,,1,CatBoost,False,10500000,1250383.3096972741,0.8809158752669263,0.11908412473307373
JIN PUL,서성이던 숨,2024.0,Painting,100.0,100.0,50,,1,CatBoost,False,6000000,9161204.317392321,0.5268673862320535,1.5268673862320536
JIN PUL,우리는 여기서 반짝,2025.0,Painting,80.3,100.0,40,,1,CatBoost,False,4800000,6596345.185072699,0.3742385802234789,1.374238580223479
ubatsat,หาด (Haad) : Beach (Blue),,Acrylic and stencil on paper,27.5,38.0,4,,1,CatBoost,False,1802900,1500264.2984168888,0.1678605034018033,0.8321394965981966
ubatsat,หลง (Hlong) : Shallow pond (Blue),,Acrylic and stencil on paper,37.5,48.0,8,,1,CatBoost,False,1802900,2369949.08851804,0.31452054385603184,1.314520543856032
ubatsat,ฝั่ง (Fang) : Shore (Blue),,Acrylic and stencil on paper,37.5,48.0,8,,1,CatBoost,False,1802900,2369949.08851804,0.31452054385603184,1.314520543856032
ubatsat,ฝั่ง (Fang) : Shore (Green),,Acrylic and stencil on paper,37.5,48.0,8,,1,CatBoost,False,1802900,2369949.08851804,0.31452054385603184,1.314520543856032
ubatsat,ผา (pha) : Cliff (Blue),,Acrylic and stencil on paper,37.5,48.0,8,,1,CatBoost,False,1802900,2369949.08851804,0.31452054385603184,1.314520543856032
ubatsat,ดอน (Don) : Upland (Blue),,Acrylic and stencil on paper,37.5,48.0,8,,1,CatBoost,False,1802900,2369949.08851804,0.31452054385603184,1.314520543856032
ubatsat,แจ๋ม (Jaem) : Promontory (Green),,Acrylic and stencil on paper,27.5,38.0,4,,1,CatBoost,False,1802900,1500264.2984168888,0.1678605034018033,0.8321394965981966
ubatsat,หนอง (Nhong) : Lagoon (Blue),,Acrylic and stencil on paper,27.5,38.0,4,,1,CatBoost,False,1802900,1500264.2984168888,0.1678605034018033,0.8321394965981966
ubatsat,คก (Khok) : Mortar pit (Blue),,Acrylic and stencil on paper,37.5,48.0,8,,1,CatBoost,False,1802900,2369949.08851804,0.31452054385603184,1.314520543856032
ubatsat,คก (Khok) : Mortar pit (Green),,Acrylic and stencil on paper,27.5,38.0,4,,1,CatBoost,False,1802900,1500264.2984168888,0.1678605034018033,0.8321394965981966
ubatsat,ดอน (Don) : Upland (Green),,Acrylic and stencil on paper,27.5,38.0,4,,1,CatBoost,False,1802900,1500264.2984168888,0.1678605034018033,0.8321394965981966
ubatsat,กว๊าน (Kwan) : Lake (Blue),,Acrylic and stencil on paper,37.5,48.0,8,,1,CatBoost,False,1802900,2369949.08851804,0.31452054385603184,1.314520543856032
ubatsat,ห้วย (Huai) : Pow (Green),,Acrylic and stencil on paper,37.5,48.0,8,,1,CatBoost,False,1802900,2369949.08851804,0.31452054385603184,1.314520543856032
ubatsat,หลง (Hlong) : Shallow pond (Green),,Acrylic and stencil on paper,37.5,48.0,8,,1,CatBoost,False,1802900,2369949.08851804,0.31452054385603184,1.314520543856032
ubatsat,หนอง (Nhong) : Lagoon (Green),,Acrylic and stencil on paper,37.5,48.0,8,,1,CatBoost,False,1802900,2369949.08851804,0.31452054385603184,1.314520543856032
ubatsat,ร้อง (Rong) : Watercourse (Blue),,Acrylic and stencil on paper,27.5,38.0,4,,1,CatBoost,False,1802900,1500264.2984168888,0.1678605034018033,0.8321394965981966
ubatsat,แจ๋ม (Jaem) : Promontory (Blue),,Acrylic and stencil on paper,37.5,48.0,8,,1,CatBoost,False,1802900,2369949.08851804,0.31452054385603184,1.314520543856032
ubatsat,หาด (Haad) : Beach (Green),,Acrylic and stencil on paper,27.5,38.0,4,,1,CatBoost,False,1802900,1500264.2984168888,0.1678605034018033,0.8321394965981966
ubatsat,ร้อง (Rong) : Watercourse (Green),,Acrylic and stencil on paper,27.5,38.0,4,,1,CatBoost,False,1802900,1500264.2984168888,0.1678605034018033,0.8321394965981966
ubatsat,ผา (pha) : Cliff (Green),,Acrylic and stencil on paper,27.5,38.0,4,,1,CatBoost,False,1802900,1500264.2984168888,0.1678605034018033,0.8321394965981966
ubatsat,ห้วย (Huai) : Pow (Blue),,Acrylic and stencil on paper,37.5,48.0,8,,1,CatBoost,False,1802900,2369949.08851804,0.31452054385603184,1.314520543856032
YuChun Chen,The Sofa,2024.0,Oil paint,50.5,60.5,12,,1,CatBoost,False,2527100,2869723.1742208884,0.13557958696564773,1.1355795869656478
YuChun Chen,Head to Somewhere,2023.0,Oil paint,50.0,50.0,10,,1,CatBoost,False,2298800,3041964.6100493744,0.32328371761326535,1.3232837176132655
Song E Yoon,우주의 신용도,2011.0,Mixed media,112.1,162.2,80,1983.0,2,CatBoost,False,38058000,17244511.014813308,0.5468886695356218,0.45311133046437824
Song E Yoon,Untitled,2012.0,Mixed media on canvas,145.5,112.1,80,1983.0,2,CatBoost,False,30446400,14188277.75313559,0.5339916130269723,0.46600838697302766
Song E Yoon,Vicinity,2013.0,Mixed media,101.5,76.2,40,1983.0,2,CatBoost,False,9895100,6729939.226242219,0.3198715297225678,0.6801284702774322
Song E Yoon,Drip,2012.0,Painting,60.6,72.7,20,1983.0,2,CatBoost,False,6089300,4589738.789359422,0.24626167386080133,0.7537383261391987
Song E Yoon,Möbius strip,2010.0,Acrylic on canvas,116.8,91.0,50,1983.0,2,CatBoost,False,22834800,8929495.009741314,0.6089523442403124,0.3910476557596876
Song E Yoon,우주의 신용도,2011.0,Acrylic on canvas,162.2,130.3,100,1983.0,2,CatBoost,False,38058000,16258396.914357072,0.5727994925020475,0.4272005074979524
Song E Yoon,Untitled,2017.0,Mixed media on canvas,53.0,45.5,10,1983.0,2,CatBoost,False,5328200,2452868.7587419497,0.5396440151004186,0.4603559848995814
Song E Yoon,우주의 신용도,2011.0,Mixed media,130.3,162.2,100,1983.0,2,CatBoost,False,38058000,16877894.402655613,0.5565217719623834,0.4434782280376166
Song E Yoon,Vicinity,2013.0,Painting,101.5,76.2,40,1983.0,2,CatBoost,False,9895100,6712334.190705107,0.32165069673827384,0.6783493032617262
Song E Yoon,Vicinity,2011.0,Painting,91.0,116.8,50,1983.0,2,CatBoost,False,22834800,9057555.906822613,0.6033441980300851,0.3966558019699149
Song E Yoon,Drip,,Painting,60.6,72.7,20,1983.0,2,CatBoost,False,6089300,3521477.5638766973,0.42169419081393633,0.5783058091860637
Song E Yoon,우주의 신용도,2011.0,Acrylic on canvas,162.2,130.3,100,1983.0,2,CatBoost,False,38058000,16258396.914357072,0.5727994925020475,0.4272005074979524
Song E Yoon,Essence_2,2017.0,Acrylic on the wood,145.0,50.0,40,1983.0,2,CatBoost,False,22834800,6349420.823178692,0.7219410363489633,0.27805896365103666
Song E Yoon,Drip,2012.0,Painting,72.7,60.6,20,1983.0,2,CatBoost,False,7611600,4589738.789359422,0.3970073585895971,0.6029926414104029
Song E Yoon,Drip,2012.0,Painting,72.7,60.6,20,1983.0,2,CatBoost,False,7611600,4589738.789359422,0.3970073585895971,0.6029926414104029
Song E Yoon,Flying,2011.0,Acrylic on canvas,120.0,120.0,60,1983.0,2,CatBoost,False,38058000,11819656.562963914,0.689430433470915,0.3105695665290849
Song E Yoon,Untitled,2016.0,Mixed media on canvas,53.0,45.5,10,1983.0,2,CatBoost,False,5328200,2488042.185450445,0.5330426437726727,0.4669573562273272
Song E Yoon,Evolution Involution,2012.0,Painting,130.3,162.2,100,1983.0,2,CatBoost,False,38058000,16217044.24841332,0.5738860621048578,0.4261139378951422
Song E Yoon,Möbius strip,2010.0,Painting,116.8,91.0,50,1983.0,2,CatBoost,False,22834800,8972648.130316751,0.6070625479392527,0.39293745206074726
Song E Yoon,우주의 신용도,2011.0,Mixed media,130.3,162.2,100,1983.0,2,CatBoost,False,38058000,16877894.402655613,0.5565217719623834,0.4434782280376166
Jung Hwan Young,P008_W03_2020_LE,2020.0,"Drawing, Collage or other Work on Paper",101.6,101.6,50,,1,CatBoost,False,8372800,9267776.210881747,0.10689090995625684,1.106890909956257
Jung Hwan Young,TMS002_w03_2021_Le,2021.0,"Drawing, Collage or other Work on Paper",127.0,101.6,60,,1,CatBoost,False,8372800,12030729.461941909,0.43688246010198606,1.436882460101986
Jung Hwan Young,TMS035_w03_2021_Le,2021.0,"Drawing, Collage or other Work on Paper",101.6,127.0,60,,1,CatBoost,False,8372800,12030729.461941909,0.43688246010198606,1.436882460101986
Jung Hwan Young,반복은 항상 다르다. 왼쪽 장면,2023.0,Painting,56.0,45.0,10,,1,CatBoost,False,5100000,2813993.5154021713,0.44823656560741737,0.5517634343925826
Jung Hwan Young,P015_W03_2020_LE,2020.0,"Drawing, Collage or other Work on Paper",101.6,101.6,50,,1,CatBoost,False,8372800,9267776.210881747,0.10689090995625684,1.106890909956257
Jung Hwan Young,She…#02,2023.0,"Drawing, Collage or other Work on Paper",55.8,45.7,10,,1,CatBoost,False,2283500,2524398.025093556,0.10549508434138644,1.1054950843413864
Jung Hwan Young,Contradictions in Denim #07,2024.0,"Drawing, Collage or other Work on Paper",112.0,60.0,40,,1,CatBoost,False,5328200,7099188.935201065,0.3323803414288249,1.3323803414288249
Jung Hwan Young,TMS042_w03_2021_Le,2021.0,"Drawing, Collage or other Work on Paper",101.6,127.0,60,,1,CatBoost,False,8372800,12030729.461941909,0.43688246010198606,1.436882460101986
Jung Hwan Young,Gleaming Beauty Amidst the Conflict of Position and Prestige #01,,"Drawing, Collage or other Work on Paper",60.9,50.8,12,,1,CatBoost,False,3805800,2252539.431869044,0.4081298460588985,0.5918701539411014
Jung Hwan Young,TMS021_w03_2021_Le,2021.0,"Drawing, Collage or other Work on Paper",101.6,127.0,60,,1,CatBoost,False,8372800,12030729.461941909,0.43688246010198606,1.436882460101986
Jung Hwan Young,TMS039_w03_2021_Le,2021.0,"Drawing, Collage or other Work on Paper",101.6,127.0,60,,1,CatBoost,False,8372800,12030729.461941909,0.43688246010198606,1.436882460101986
Jung Hwan Young,TMS018_w03_2021_Le,2021.0,"Drawing, Collage or other Work on Paper",101.6,127.0,60,,1,CatBoost,False,8372800,12030729.461941909,0.43688246010198606,1.436882460101986
Jung Hwan Young,She…#01,2023.0,"Drawing, Collage or other Work on Paper",55.8,45.7,10,,1,CatBoost,False,2283500,2524398.025093556,0.10549508434138644,1.1054950843413864
Jung Hwan Young,Contradictions in Denim #04,2023.0,"Drawing, Collage or other Work on Paper",101.6,60.9,30,,1,CatBoost,False,5328200,6679623.8453239,0.2536360957403813,1.2536360957403814
Jung Hwan Young,Contradictions in Denim #06,2024.0,"Drawing, Collage or other Work on Paper",112.0,60.0,40,,1,CatBoost,False,5328200,7099188.935201065,0.3323803414288249,1.3323803414288249
Jung Hwan Young,Contradictions in Denim #08,2024.0,"Drawing, Collage or other Work on Paper",112.0,60.0,40,,1,CatBoost,False,5328200,7099188.935201065,0.3323803414288249,1.3323803414288249
Jung Hwan Young,파괴를 전제한 생성 I,2025.0,Painting,123.0,47.0,30,,1,CatBoost,False,11500000,7318511.858531094,0.36360766447555704,0.636392335524443
Jung Hwan Young,Contradictions in Denim #05,2023.0,"Drawing, Collage or other Work on Paper",105.4,53.3,30,,1,CatBoost,False,5328200,6988559.719173287,0.31161737907234843,1.3116173790723484
Jung Hwan Young,TMS001_w03_2021_Le,2021.0,"Drawing, Collage or other Work on Paper",101.6,127.0,60,,1,CatBoost,False,8372800,12030729.461941909,0.43688246010198606,1.436882460101986
Sanghwan Byun,Live Rust-Odyssey 24001 (β),2024.0,"anti-corrosion paint on paper, section steel",50.0,100.0,25,1986.0,2,CatBoost,False,2500000,5043007.804729797,1.0172031218919189,2.0172031218919186
Sanghwan Byun,Live Rust-Odyssey 25001 (β),2025.0,"anti-corrosion paint on paper, section steel",170.0,70.0,60,1986.0,2,CatBoost,False,6698300,9437001.102506746,0.40886510047426144,1.4088651004742614
Sanghwan Byun,Live Rust-Odyssey 24001 (γ),2024.0,"anti-corrosion paint on paper, section steel",50.0,100.0,25,1986.0,2,CatBoost,False,2500000,5043007.804729797,1.0172031218919189,2.0172031218919186
Sanghwan Byun,Live Rust-Odyssey 25001 (α),2025.0,"anti-corrosion paint on paper, section steel",170.0,70.0,60,1986.0,2,CatBoost,False,6698300,9437001.102506746,0.40886510047426144,1.4088651004742614
Sanghwan Byun,Live Rust-Odyssey 25005:H100 (β),2025.0,"anti-corrosion paint on paper, section steel",100.0,35.0,15,1986.0,2,CatBoost,False,3349200,2978917.701161229,0.11055843151760747,0.8894415684823925
Sanghwan Byun,Live Rust-Odyssey 25005:H150 (α),2025.0,"anti-corrosion paint on paper, section steel",150.0,52.5,40,1986.0,2,CatBoost,False,6089300,5750713.684001812,0.05560348742847096,0.944396512571529
Sanghwan Byun,Live Rust-Odyssey 25002 (γ),2025.0,"anti-corrosion paint on paper, section steel",130.0,70.0,50,1986.0,2,CatBoost,False,5480400,7542999.404796857,0.37635928121977547,1.3763592812197754
Sanghwan Byun,Live Rust-Odyssey 25005:H100 (α),2025.0,"anti-corrosion paint on paper, section steel",100.0,35.0,15,1986.0,2,CatBoost,False,3349200,2978917.701161229,0.11055843151760747,0.8894415684823925
Sanghwan Byun,Live Rust-Odyssey 25006 (α),2025.0,"anti-corrosion paint on paper, section steel",70.0,100.0,40,1986.0,2,CatBoost,False,3653600,5140041.882773367,0.40684308155609994,1.4068430815561
Sanghwan Byun,Live Rust-Odyssey 25006 (β),2025.0,"anti-corrosion paint on paper, section steel",70.0,100.0,40,1986.0,2,CatBoost,False,3653600,5140041.882773367,0.40684308155609994,1.4068430815561
Sanghwan Byun,Live Rust-Odyssey 25003 (β),,"anti-corrosion paint on paper, section steel",117.0,42.0,25,1986.0,2,CatBoost,False,3653600,4660483.44824932,0.27558666746477983,1.2755866674647798
Sanghwan Byun,Live Rust-Odyssey 25002 (δ),2025.0,"anti-corrosion paint on paper, section steel",130.0,70.0,50,1986.0,2,CatBoost,False,5480400,7542999.404796857,0.37635928121977547,1.3763592812197754
Sanghwan Byun,Live Rust-Odyssey 25003 (α),2025.0,"anti-corrosion paint on paper, section steel",117.0,42.0,25,1986.0,2,CatBoost,False,3653600,4787712.659794298,0.31040963975101216,1.310409639751012
Sanghwan Byun,Live Rust-Odyssey 25005:H200 (β),,"anti-corrosion paint on paper, section steel",200.0,70.0,60,1986.0,2,CatBoost,False,8525000,9378524.540573066,0.10012018071238311,1.100120180712383
Sanghwan Byun,Live Rust-Odyssey 25002 (α),,"anti-corrosion paint on paper, section steel",130.0,70.0,50,1986.0,2,CatBoost,False,5480400,6967183.5362976305,0.271291062020588,1.271291062020588
Sanghwan Byun,Live Rust-Odyssey 25005:H200 (α),2025.0,"anti-corrosion paint on paper, section steel",200.0,70.0,60,1986.0,2,CatBoost,False,8525000,10139934.72958636,0.1894351588957606,1.1894351588957606
Sanghwan Byun,Live Rust-Odyssey 25002 (β),2025.0,"anti-corrosion paint on paper, section steel",130.0,70.0,50,1986.0,2,CatBoost,False,5480400,7542999.404796857,0.37635928121977547,1.3763592812197754
Hyunjung Park,image(85),2019.0,"Acrylic, pen, watercolor on paper",69.2,55.4,15,1986.0,2,XGBoost,True,1000000,2473575.5,1.4735755,2.4735755
Hyunjung Park,Image (224),,"Acrylic, Acrylic Gouache on Paper",32.9,42.0,6,1986.0,2,CatBoost,False,2300000,1365570.601843173,0.4062736513725335,0.5937263486274665
Hyunjung Park,Image (225),,"Acrylic, Chrome Ink on Paper",32.9,42.0,6,1986.0,2,CatBoost,False,2300000,1365570.601843173,0.4062736513725335,0.5937263486274665
Hyunjung Park,Image (149),,Acrylic on Paper,46.0,59.0,12,1986.0,2,CatBoost,False,1500000,2268679.1004340434,0.5124527336226956,1.5124527336226956
Hyunjung Park,image(105),2020.0,Acrylic and gouache on paper,149.0,109.0,80,1986.0,2,XGBoost,True,3000000,10421305.0,2.473768333333333,3.473768333333333
Hyunjung Park,Image (153),,Acrylic on Paper,47.0,59.5,12,1986.0,2,CatBoost,False,1500000,2280008.4023723938,0.5200056015815958,1.520005601581596
Hyunjung Park,Image (206),,"Acrylic, Chrome Ink, Oil Pastel on Paper",29.6,32.7,4,1986.0,2,CatBoost,False,1400000,886632.0228299863,0.3666914122642955,0.6333085877357045
Hyunjung Park,Image(117),2022.0,"Acrylic, charcoal on paper",145.0,112.5,80,1986.0,2,XGBoost,True,3000000,10257194.0,2.419064666666667,3.419064666666667
Hyunjung Park,Image (230),,"Acrylic, Ink, Brass on Linen",72.7,130.3,50,1986.0,2,CatBoost,False,5000000,8879559.132131482,0.7759118264262963,1.7759118264262963
Hyunjung Park,image(114),2022.0,Acrylic on inkjet print,47.0,60.0,12,1986.0,2,XGBoost,True,900000,1933755.75,1.1486175,2.1486175
Hyunjung Park,Image (207),,"Acrylic, Chrome Ink, Oil Pastel on Paper",29.6,32.7,4,1986.0,2,CatBoost,False,1400000,886632.0228299863,0.3666914122642955,0.6333085877357045
Hyunjung Park,Image (227),,"Acrylic, Gel Medium, Acrylic Gouache on Paper",32.9,42.0,6,1986.0,2,CatBoost,False,2300000,1365570.601843173,0.4062736513725335,0.5937263486274665
Hyunjung Park,Image (223),,"Acrylic, Ink on Canvas",53.0,72.7,15,1986.0,2,CatBoost,False,3000000,3023278.4122181092,0.007759470739369746,1.0077594707393698
Hyunjung Park,image(81),2019.0,"Acrylic, pen, pencil, color pencil, gouache, watercolor on paper",249.4,95.7,120,1986.0,2,XGBoost,True,3000000,16835268.0,4.611756,5.611756
Hyunjung Park,Image (199),,"Acrylic, Colorpencil on Paper",33.0,42.0,6,1986.0,2,CatBoost,False,2000000,1365570.601843173,0.31721469907841354,0.6827853009215865
Hyunjung Park,Image (226),,"Acrylic, Graphite on Paper",32.9,42.0,6,1986.0,2,CatBoost,False,2300000,1365570.601843173,0.4062736513725335,0.5937263486274665
AhHyeon Lee,Loud as It was a Lie,2022.0,Acrylic on canvas,130.3,130.3,80,1994.0,1,CatBoost,False,4338700,6898358.45237063,0.5899597696016387,1.5899597696016388
AhHyeon Lee,Calming scenery,2022.0,Acrylic on canvas,97.5,97.5,50,1994.0,1,CatBoost,False,2709800,4116969.589424972,0.5192890949239692,1.5192890949239692
AhHyeon Lee,Area that Is Not Invaded,2022.0,Acrylic on canvas,130.3,130.3,80,1994.0,1,CatBoost,False,4338700,6898358.45237063,0.5899597696016387,1.5899597696016388
AhHyeon Lee,Shouting in silence,2022.0,Acrylic on canvas,130.0,97.0,60,1994.0,1,CatBoost,False,2709800,6508558.997966925,1.4018595460797567,2.4018595460797565
AhHyeon Lee,We are repeating this situation,2021.0,"Acrylic, spray on canvas",162.5,78.5,60,1994.0,1,CatBoost,False,3273000,7995228.332969368,1.4427828698348208,2.442782869834821
AhHyeon Lee,Approaching rubbing sound,2022.0,Acrylic on canvas,112.5,112.5,60,1994.0,1,CatBoost,False,3273000,5172610.445233267,0.5803881592524494,1.5803881592524494
AhHyeon Lee,Cave in a cave,2020.0,Acrylic on canvas,145.5,112.1,80,1994.0,1,CatBoost,False,3273000,8205479.438505648,1.5070209100231127,2.5070209100231127
AhHyeon Lee,A peaceful land,2020.0,Acrylic on canvas,116.8,80.3,50,1994.0,1,CatBoost,False,2161700,5620145.51672131,1.5998730243425592,2.599873024342559
AhHyeon Lee,We must see a rainbow!,2021.0,Acrylic on canvas,146.0,97.0,60,1994.0,1,CatBoost,False,3273000,7597663.512185776,1.3213148524857243,2.3213148524857243
AhHyeon Lee,World without fantasy,2022.0,Acrylic on canvas,45.5,38.0,8,1994.0,1,CatBoost,False,433900,1002027.4960812834,1.3093512239716143,2.309351223971614
AhHyeon Lee,"Looks like the wilds, but it is the core",2022.0,Acrylic on canvas,53.0,33.5,8,1994.0,1,CatBoost,False,540500,1497816.349494239,1.7711680841706552,2.771168084170655
AhHyeon Lee,Passing through the silent air,2022.0,Acrylic on canvas,35.0,62.2,10,1994.0,1,CatBoost,False,989600,1710375.4924585617,0.7283503359524673,1.7283503359524672
AhHyeon Lee,Morning has dawned,2021.0,"Acrylic, spray on canvas",145.5,112.1,80,1994.0,1,CatBoost,False,3273000,8096230.630436438,1.4736421113462994,2.4736421113462996
AhHyeon Lee,A thing that disappears suddenly and appears again,2022.0,Acrylic on canvas,97.5,97.5,50,1994.0,1,CatBoost,False,2709800,4116969.589424972,0.5192890949239692,1.5192890949239692
AhHyeon Lee,Pretty soft exterior,2022.0,Acrylic on canvas,112.5,112.5,60,1994.0,1,CatBoost,False,3273000,5172610.445233267,0.5803881592524494,1.5803881592524494
AhHyeon Lee,Standing at attention to everything,2022.0,Acrylic on canvas,35.0,62.2,10,1994.0,1,CatBoost,False,989600,1710375.4924585617,0.7283503359524673,1.7283503359524672
Jina Jung,Landscape Elements,2024.0,Acrylic on canvas,100.0,65.0,30,1990.0,2,XGBoost,True,5328200,4901992.5,0.07999089748883301,0.920009102511167
Jina Jung,Landscape Elements,2024.0,Acrylic on canvas,100.0,65.0,30,1990.0,2,XGBoost,True,5328200,4901992.5,0.07999089748883301,0.920009102511167
Jina Jung,Landscape Elements,2023.0,Acrylic on canvas,27.5,35.0,4,1990.0,2,XGBoost,True,776400,987381.375,0.27174314142194744,1.2717431414219476
Jina Jung,Landscape Elements,2023.0,Acrylic on canvas,45.5,45.5,8,1990.0,2,XGBoost,True,900000,1424382.0,0.5826466666666666,1.5826466666666668
Jina Jung,Landscape Elements,2023.0,Acrylic on canvas,27.5,35.0,4,1990.0,2,XGBoost,True,776400,987381.375,0.27174314142194744,1.2717431414219476
Jina Jung,Landscape Elements,2024.0,Acrylic on canvas,100.0,130.0,60,1990.0,2,XGBoost,True,7916100,6097952.5,0.2296771768926618,0.7703228231073382
Jina Jung,Scene Composition,2022.0,Acrylic on canvas,60.6,72.7,20,1990.0,2,XGBoost,True,2511900,2293356.25,0.08700336398741988,0.9129966360125801
Jina Jung,Landscape Elements,2025.0,Acrylic on canvas,100.0,65.0,30,1990.0,2,XGBoost,True,5328200,4976904.0,0.06593145902931571,0.9340685409706843
Jina Jung,Landscape Elements,2025.0,Acrylic on canvas,22.3,27.3,2,1990.0,2,XGBoost,True,395900,805164.3125,1.0337567883303864,2.0337567883303866
Jina Jung,Landscape Elements,2024.0,Acrylic on canvas,60.5,60.5,15,1990.0,2,XGBoost,True,2207400,2314925.75,0.048711493159373016,1.048711493159373
Jina Jung,Mountains,2023.0,Acrylic on canvas,45.5,45.5,8,1990.0,2,XGBoost,True,989600,1471178.5,0.48663955133387227,1.4866395513338724
Jina Jung,Scene Composition,2022.0,Acrylic on canvas,80.0,80.0,30,1990.0,2,XGBoost,True,3805800,3835429.25,0.007785288244258763,1.0077852882442588
Jina Jung,Landscape Elements,2024.0,Acrylic on canvas,100.0,130.0,60,1990.0,2,XGBoost,True,7916100,6097952.5,0.2296771768926618,0.7703228231073382
Jina Jung,Landscape Elements,2025.0,Acrylic on canvas,22.3,27.3,2,1990.0,2,XGBoost,True,395900,805164.3125,1.0337567883303864,2.0337567883303866
Jina Jung,Two trees,2023.0,Acrylic on canvas,45.5,65.0,12,1990.0,2,XGBoost,True,1674600,1803655.25,0.07706631434372388,1.0770663143437238
오전 8:00,21C Survival Briefing,2025.0,Oil on canvas,130.3,162.2,100,1985.0,2,CatBoost,False,18267900,14137277.983071484,0.22611367573330904,0.7738863242666909
오전 8:00,Dreamer,2025.0,Oil on canvas,72.7,60.6,20,1985.0,2,CatBoost,False,3958100,2927740.0473071164,0.26031680672365115,0.7396831932763489
오전 8:00,Esquisse 03_ Lull,2025.0,gouache on paper,38.0,56.5,10,1985.0,2,CatBoost,False,609000,2415926.174659177,2.9670380536275487,3.9670380536275487
오전 8:00,Unfit Bricks,2025.0,Oil on canvas,60.6,72.7,20,1985.0,2,CatBoost,False,3958100,2927740.0473071164,0.26031680672365115,0.7396831932763489
오전 8:00,Surviving,2025.0,Oil on canvas,91.0,116.8,50,1985.0,2,CatBoost,False,9134000,8971873.20665446,0.01774981315366113,0.9822501868463389
오전 8:00,property rights,2025.0,Oil on canvas,116.8,91.0,50,1985.0,2,CatBoost,False,9134000,8971873.20665446,0.01774981315366113,0.9822501868463389
오전 8:00,charming point,2025.0,Oil on canvas,90.9,72.7,40,1985.0,2,CatBoost,False,5480400,5347225.254246244,0.024300187167680423,0.9756998128323195
오전 8:00,Lull,2025.0,"Oil on canvas,",91.0,116.8,50,1985.0,2,CatBoost,False,9134000,8971873.20665446,0.01774981315366113,0.9822501868463389
오전 8:00,Against the tide,2025.0,Oil on canvas,72.7,90.9,40,1985.0,2,CatBoost,False,5480400,5347225.254246244,0.024300187167680423,0.9756998128323195
오전 8:00,My cheese,2025.0,Oil on canvas,72.7,90.9,40,1985.0,2,CatBoost,False,5480400,5347225.254246244,0.024300187167680423,0.9756998128323195
오전 8:00,Esquisse 01_21C Survival Briefing,2025.0,gouache on paper,38.0,56.5,10,1985.0,2,CatBoost,False,609000,2415926.174659177,2.9670380536275487,3.9670380536275487
오전 8:00,Tides of Uncertainty,2025.0,Oil on canvas,45.5,53.3,10,1985.0,2,CatBoost,False,2283500,1840865.7707942207,0.19384025802749255,0.8061597419725074
오전 8:00,Esquisse 02_A House Built on Sand,2025.0,gouache on paper,38.0,56.5,10,1985.0,2,CatBoost,False,609000,2415926.174659177,2.9670380536275487,3.9670380536275487
오전 8:00,Money chord,2025.0,Oil on canvas,162.2,130.3,100,1985.0,2,CatBoost,False,18267900,14137277.983071484,0.22611367573330904,0.7738863242666909
오전 8:00,The kids like it,2025.0,Oil on canvas,53.0,45.5,10,1985.0,2,CatBoost,False,2283500,1785431.4105434804,0.21811630806066107,0.7818836919393389
오전 8:00,Find the cheese,2025.0,Oil on canvas,45.5,53.0,10,1985.0,2,CatBoost,False,2283500,1785431.4105434804,0.21811630806066107,0.7818836919393389
오전 8:00,Balancing Act,2025.0,Oil on canvas,45.5,53.3,10,1985.0,2,CatBoost,False,2283500,1840865.7707942207,0.19384025802749255,0.8061597419725074
오전 8:00,Partnership,2025.0,Oil on canvas,162.2,130.3,100,1985.0,2,CatBoost,False,18267900,14137277.983071484,0.22611367573330904,0.7738863242666909
Faozee,Notification On,,Oil on canvas,50.0,60.0,12,,1,CatBoost,False,2135000,2367677.960248312,0.10898265117016954,1.1089826511701695
Faozee,The Infinite Identities,,Oil on canvas,120.0,100.0,60,,1,CatBoost,False,4697000,9968627.830340423,1.122339329431642,2.122339329431642
Faozee,Who Am I?,,Oil on canvas,120.0,60.0,40,,1,CatBoost,False,3795600,7652447.723400782,1.016136506323317,2.016136506323317
Faozee,Artificial Eden,,Oil on canvas,50.0,50.0,10,,1,CatBoost,False,2135000,2517604.1965900753,0.17920571268855984,1.1792057126885598
Faozee,A World Of My Own,,Oil on canvas,100.0,100.0,50,,1,CatBoost,False,4317400,8732161.954492707,1.0225510618642486,2.0225510618642484
Faozee,Wasteland,,Oil on canvas,100.0,120.0,60,,1,CatBoost,False,4744400,9968627.830340423,1.1011356189065893,2.1011356189065893
Faozee,Cosmic Dreamer,,Oil on canvas,50.0,60.0,12,,1,CatBoost,False,2135000,2367677.960248312,0.10898265117016954,1.1089826511701695
Faozee,Nothing out there,,Oil on canvas,100.0,50.0,25,,1,CatBoost,False,3226200,6496625.323663791,1.0137081779380668,2.013708177938067
Faozee,Homunculus,,Oil on canvas,60.0,80.0,20,,1,CatBoost,False,3083900,4744185.306953918,0.5383719663263784,1.5383719663263784
Faozee,Between Metal and Memory,,Oil on canvas,30.0,40.0,5,,1,CatBoost,False,1518300,1870643.8083591282,0.2320646831055313,1.2320646831055313
Faozee,In the Name of Progress,,Oil on canvas,100.0,70.0,40,,1,CatBoost,False,3653200,6680342.043577547,0.8286275165820506,1.8286275165820505
Faozee,The Silent Gaze from Beyound,,Oil on canvas,120.0,80.0,50,,1,CatBoost,False,4307900,11035552.327981427,1.5617011369765843,2.561701136976584
Faozee,The Prophet,,Oil and gold leaf on canvas,70.0,100.0,40,,1,CatBoost,False,3653200,6680342.043577547,0.8286275165820506,1.8286275165820505
Faozee,We Still Light the Candle,,Oil on canvas,120.0,100.0,60,,1,CatBoost,False,4744400,9968627.830340423,1.1011356189065893,2.1011356189065893
Faozee,Astronaut,,Oil on canvas,30.0,30.0,3,,1,CatBoost,False,1281000,1250960.5651301367,0.023449988188808217,0.9765500118111918
Faozee,Parallel I,,Oil on canvas,40.0,100.0,20,,1,CatBoost,False,2989000,4946277.70526977,0.6548269338473636,1.6548269338473636
Faozee,Parallel II,,Oil on canvas,40.0,100.0,20,,1,CatBoost,False,2989000,4946277.70526977,0.6548269338473636,1.6548269338473636
Faozee,Space Cafe,,Oil on canvas,150.0,120.0,80,,1,CatBoost,False,5835600,18870818.545334216,2.233740925583353,3.233740925583353
Jaewon Jung,A Heap,2022.0,Acrylic on mulberry paper,40.9,31.8,6,1990.0,2,CatBoost,False,800000,1346138.6583167359,0.6826733228959199,1.6826733228959199
Jaewon Jung,Reflection ⅷ,2021.0,Acrylic on mulberry paper,40.9,31.8,6,1990.0,2,CatBoost,False,800000,1350543.320231695,0.6881791502896187,1.6881791502896186
Jaewon Jung,The Beginning of the Reconstruction,2019.0,Acrylic on mulberry paper,193.9,130.3,120,1990.0,2,CatBoost,False,9600000,11841052.483392408,0.23344296702004252,1.2334429670200424
Jaewon Jung,Absorbing Landscape Ⅲ,2022.0,Acrylic on wood,40.9,31.8,6,1990.0,2,CatBoost,False,800000,1696882.338941376,1.12110292367672,2.12110292367672
Jaewon Jung,Snowstorm Ⅱ,2022.0,Acrylic on mulberry paper,31.8,40.9,6,1990.0,2,CatBoost,False,800000,1346138.6583167359,0.6826733228959199,1.6826733228959199
Jaewon Jung,Dark Forest Ⅰ,2018.0,Ink and acrylic on mulberry paper,90.9,65.1,30,1990.0,2,CatBoost,False,3000000,4438575.491087704,0.4795251636959013,1.4795251636959013
Jaewon Jung,Summer Night Ⅰ,2022.0,Acrylic on mulberry paper,40.9,31.8,6,1990.0,2,CatBoost,False,800000,1346138.6583167359,0.6826733228959199,1.6826733228959199
Jaewon Jung,Under the Mountain Umyeon,2022.0,Acrylic on mulberry paper,31.8,40.9,6,1990.0,2,CatBoost,False,800000,1346138.6583167359,0.6826733228959199,1.6826733228959199
Jaewon Jung,Lingering Garden,2021.0,Acrylic on mulberry paper,233.6,182.0,200,1990.0,2,CatBoost,False,12000000,16261456.54193645,0.35512137849470415,1.355121378494704
Jaewon Jung,Summer Night Ⅱ,2022.0,Acrylic on mulberry paper,40.9,31.8,6,1990.0,2,CatBoost,False,800000,1346138.6583167359,0.6826733228959199,1.6826733228959199
Jaewon Jung,At Dusk,2022.0,Acrylic on mulberry paper,40.9,31.8,6,1990.0,2,CatBoost,False,800000,1346138.6583167359,0.6826733228959199,1.6826733228959199
Jaewon Jung,Summer-Breeze,2022.0,Acrylic on mulberry paper,31.8,40.9,6,1990.0,2,CatBoost,False,800000,1346138.6583167359,0.6826733228959199,1.6826733228959199
Jaewon Jung,Snowstorm Ⅰ,2022.0,Acrylic on mulberry paper,31.8,40.9,6,1990.0,2,CatBoost,False,800000,1346138.6583167359,0.6826733228959199,1.6826733228959199
Jaewon Jung,Blooming and Flowing,2022.0,Acrylic on mulberry paper,91.0,116.8,50,1990.0,2,CatBoost,False,4500000,6180849.830564332,0.3735221845698516,1.3735221845698515
Jaewon Jung,An Invisible Dream,2022.0,Acrylic on mulberry paper,31.8,40.9,6,1990.0,2,CatBoost,False,800000,1346138.6583167359,0.6826733228959199,1.6826733228959199
Jaewon Jung,Umyeon Mountain Landscape,2022.0,Acrylic on mulberry paper,40.9,31.8,6,1990.0,2,CatBoost,False,800000,1346138.6583167359,0.6826733228959199,1.6826733228959199
Jaewon Jung,Reflection ⅴ,2021.0,Acrylic on mulberry paper,40.9,31.8,6,1990.0,2,CatBoost,False,800000,1350543.320231695,0.6881791502896187,1.6881791502896186
Youngnam Cho,노인과 에펠탑,2022.0,Painting,70.1,93.0,30,1945.0,4,XGBoost,True,21000000,14466258.0,0.3111305714285714,0.6888694285714285
Youngnam Cho,노인과 영웅들,2022.0,Painting,92.0,69.0,30,1945.0,4,XGBoost,True,21000000,14474787.0,0.31072442857142857,0.6892755714285714
Youngnam Cho,빨강띠,2020.0,Painting,53.0,72.7,15,1945.0,4,XGBoost,True,14000000,10330763.0,0.26208835714285716,0.7379116428571428
Youngnam Cho,마리린몬로와 나의 어머니 김정신 교회 권사님,2015.0,Painting,63.0,75.0,20,1945.0,4,XGBoost,True,14000000,12743900.0,0.08972142857142858,0.9102785714285714
Youngnam Cho,항상 영광,2025.0,Painting,38.0,18.0,3,1945.0,4,XGBoost,True,4200000,2871330.25,0.31634994047619047,0.6836500595238095
Youngnam Cho,극동에서 온 꽃,2022.0,Painting,60.6,72.7,20,1945.0,4,XGBoost,True,14000000,10010245.0,0.2849825,0.7150175
Youngnam Cho,내 길을 갔답니다,2021.0,Painting,100.0,25.0,10,1945.0,4,XGBoost,True,28000000,16995456.0,0.3930194285714286,0.6069805714285714
Youngnam Cho,우리 엄마 김정신 권사님이 가짜 꿀 만들면서 불렀던 찬송가 내주를 가까이,2022.0,Painting,90.9,30.0,12,1945.0,4,XGBoost,True,21000000,14207360.0,0.32345904761904765,0.6765409523809524
Youngnam Cho,달이 있는 풍경,2021.0,Painting,60.6,72.7,20,1945.0,4,XGBoost,True,14000000,10185877.0,0.27243735714285716,0.7275626428571429
Youngnam Cho,극동에서 온 꽃,2021.0,Painting,40.9,60.6,10,1945.0,4,XGBoost,True,8400000,10162939.0,0.20987369047619048,1.2098736904761904
Youngnam Cho,쏠테면 쏴라!,2016.0,Painting,90.9,60.6,25,1945.0,4,XGBoost,True,21000000,16838770.0,0.19815380952380954,0.8018461904761904
Youngnam Cho,내 딸의 자전거,2017.0,Painting,90.9,60.6,25,1945.0,4,XGBoost,True,21000000,16917092.0,0.19442419047619047,0.8055758095238095
Youngnam Cho,극동에서 온 꽃,2024.0,Painting,53.0,72.7,15,1945.0,4,XGBoost,True,14000000,7962078.5,0.43128010714285714,0.5687198928571429
Youngnam Cho,극동에서 온 화투 꽃,2023.0,Painting,130.4,80.3,50,1945.0,4,XGBoost,True,42000000,15033063.0,0.6420699285714285,0.3579300714285714
Youngnam Cho,파랑띠,2020.0,Painting,53.0,72.7,15,1945.0,4,XGBoost,True,14000000,10330763.0,0.26208835714285716,0.7379116428571428
Youngnam Cho,KOREAN POP ART,2022.0,Painting,65.1,90.9,30,1945.0,4,XGBoost,True,21000000,15869027.0,0.24433204761904762,0.7556679523809524
Youngnam Cho,항상 영광,2024.0,Painting,38.0,18.0,3,1945.0,4,XGBoost,True,4200000,2883431.75,0.313468630952381,0.686531369047619
Youngnam Cho,Untitled,2022.0,Painting,94.0,60.5,30,1945.0,4,XGBoost,True,23800000,17357192.0,0.27070621848739496,0.729293781512605
Chonnapas Yokyai,Puzzle of origin,,Oil on canvas,105.0,105.0,60,,1,CatBoost,False,2277400,10781486.598601507,3.7341207511203596,4.73412075112036
Chonnapas Yokyai,Oracle of Birth,,Oil on linen,180.0,130.0,100,,1,CatBoost,False,4175100,22646853.518614903,4.424266129820819,5.424266129820819
Chonnapas Yokyai,The Oracle Pill (Blue pill),,Oil on canvas,70.0,100.0,40,,1,CatBoost,False,1850400,6680342.043577547,2.6102151121798243,3.6102151121798243
Chonnapas Yokyai,Laboratory of Birth,,Oil on linen,150.0,110.0,80,,1,CatBoost,False,2846700,19034657.89854466,5.686569676658819,6.686569676658819
Chonnapas Yokyai,The pool of her,,Oil on linen,120.0,130.0,80,,1,CatBoost,False,2846700,14190084.084170768,3.984748685906758,4.984748685906758
Chonnapas Yokyai,Eve’s Algorithm,,Oil on linen,150.0,120.0,80,,1,CatBoost,False,2941600,18934736.28069564,5.43688342422343,6.43688342422343
Chonnapas Yokyai,The Oracle Pill (Pink pill),,Oil on canvas,70.0,100.0,40,,1,CatBoost,False,1850400,6680342.043577547,2.6102151121798243,3.6102151121798243
Chonnapas Yokyai,Simulation Field,,Oil on linen,100.0,100.0,50,,1,CatBoost,False,2135000,8784679.391598584,3.11460393049114,4.11460393049114
Chonnapas Yokyai,Playground Error,,Oil on linen,130.0,100.0,60,,1,CatBoost,False,2467100,14019256.160003815,4.682483952820646,5.682483952820646
Chonnapas Yokyai,Eternal recurrence,,Oil on linen,100.0,100.0,50,,1,CatBoost,False,2135000,8784679.391598584,3.11460393049114,4.11460393049114
Chonnapas Yokyai,The Oracle Pill,,Oil on linen,100.0,100.0,50,,1,CatBoost,False,2135000,8784679.391598584,3.11460393049114,4.11460393049114
Junmin Shin,Light Forest,2024.0,Oil on canvas,72.7,60.6,20,1985.0,2,CatBoost,False,1857300,2950231.5828705,0.5884518294677759,1.5884518294677759
Junmin Shin,Bird,2024.0,Oil on canvas,27.3,22.0,2,1985.0,2,CatBoost,False,700300,878902.9053608094,0.25503770578439156,1.2550377057843916
Junmin Shin,Flood Lighting,2024.0,Oil on canvas,65.1,53.0,15,1985.0,2,CatBoost,False,1507100,2466168.350416524,0.6363667642601843,1.6363667642601845
Junmin Shin,White Flower,2024.0,Oil on canvas,27.3,34.8,4,1985.0,2,CatBoost,False,700300,1403822.3920295173,1.0046014451371088,2.004601445137109
Junmin Shin,Light Flower,2023.0,Oil on canvas,53.0,45.0,10,1985.0,2,CatBoost,False,1157000,1823379.1862695809,0.5759543528691278,1.5759543528691278
Junmin Shin,White Light,2024.0,Oil on canvas,91.0,116.8,50,1985.0,2,CatBoost,False,4627900,8984824.366412858,0.9414473878892927,1.9414473878892926
Junmin Shin,Flood Lighting,2023.0,Oil on canvas,65.1,53.0,15,1985.0,2,CatBoost,False,1507100,2476126.555144614,0.6429742917819747,1.6429742917819747
Junmin Shin,White Flower,2024.0,Oil on canvas,40.9,53.0,10,1985.0,2,CatBoost,False,1157000,2405048.4692706354,1.0786935775891404,2.0786935775891404
Junmin Shin,White Light,2022.0,Oil on canvas,53.0,65.1,15,1985.0,2,CatBoost,False,1507100,2542586.923793661,0.6870724728244051,1.687072472824405
Junmin Shin,Whiter Flower,2024.0,Oil on canvas,50.0,65.1,15,1985.0,2,CatBoost,False,1507100,3051602.8341712495,1.0248177520876183,2.0248177520876185
Junmin Shin,Waves,2022.0,Oil on canvas,130.3,193.9,120,1985.0,2,CatBoost,False,10397500,20597303.989352845,0.9809861975814229,1.980986197581423
Junmin Shin,Wind Tree,2024.0,Oil on canvas,50.0,65.1,15,1985.0,2,CatBoost,False,1507100,3051602.8341712495,1.0248177520876183,2.0248177520876185
Junmin Shin,Light Forest,2023.0,Oil on canvas,27.3,34.8,4,1985.0,2,CatBoost,False,700300,1424345.9160948175,1.0339082051903719,2.033908205190372
Junmin Shin,Thorn Tree,2024.0,Oil on canvas,53.0,65.1,15,1985.0,2,CatBoost,False,1507100,2466168.350416524,0.6363667642601843,1.6363667642601845
Junmin Shin,Light Flower,2023.0,Oil on canvas,53.0,45.0,10,1985.0,2,CatBoost,False,1157000,1823379.1862695809,0.5759543528691278,1.5759543528691278
Junmin Shin,White Flower,2024.0,Oil on canvas,27.3,34.8,4,1985.0,2,CatBoost,False,700300,1403822.3920295173,1.0046014451371088,2.004601445137109
Junmin Shin,Bird,2024.0,Oil on canvas,40.9,53.0,10,1985.0,2,CatBoost,False,1157000,2405048.4692706354,1.0786935775891404,2.0786935775891404
Junmin Shin,White Light,2022.0,Oil on canvas,112.0,145.5,80,1985.0,2,CatBoost,False,7429000,14865792.751026377,1.0010489636594935,2.0010489636594935
Phichai Keawvichit,Memoir No. 2,2022.0,Photograph,42.0,59.4,10,,1,CatBoost,False,852500,3573634.8936779266,3.1919470893582718,4.191947089358272
Phichai Keawvichit,Memoir No. 4,2022.0,Photograph,42.0,59.4,10,,1,CatBoost,False,852500,3573634.8936779266,3.1919470893582718,4.191947089358272
Phichai Keawvichit,Memoir No. 10,2022.0,Photograph,42.0,59.4,10,,1,CatBoost,False,852500,3573634.8936779266,3.1919470893582718,4.191947089358272
Phichai Keawvichit,Memoir No. 8,2022.0,Photograph,42.0,59.4,10,,1,CatBoost,False,852500,3573634.8936779266,3.1919470893582718,4.191947089358272
Phichai Keawvichit,Memoir No. 6,2022.0,Photograph,42.0,59.4,10,,1,CatBoost,False,852500,3573634.8936779266,3.1919470893582718,4.191947089358272
Phichai Keawvichit,Memoir No. 11,2022.0,Photograph,42.0,59.4,10,,1,CatBoost,False,852500,3573634.8936779266,3.1919470893582718,4.191947089358272
Phichai Keawvichit,Memoir No. 15,2022.0,Photograph,42.0,59.4,10,,1,CatBoost,False,852500,3573634.8936779266,3.1919470893582718,4.191947089358272
Phichai Keawvichit,Memoir No. 18,2022.0,Photograph,42.0,59.4,10,,1,CatBoost,False,852500,3573634.8936779266,3.1919470893582718,4.191947089358272
Phichai Keawvichit,Memoir No. 17,2022.0,Photograph,42.0,59.4,10,,1,CatBoost,False,852500,3573634.8936779266,3.1919470893582718,4.191947089358272
Phichai Keawvichit,Memoir No. 12,2022.0,Photograph,42.0,59.4,10,,1,CatBoost,False,852500,3573634.8936779266,3.1919470893582718,4.191947089358272
Phichai Keawvichit,Memoir No. 7,2022.0,Photograph,42.0,59.4,10,,1,CatBoost,False,852500,3573634.8936779266,3.1919470893582718,4.191947089358272
Phichai Keawvichit,Memoir No. 5,2022.0,Photograph,42.0,59.4,10,,1,CatBoost,False,852500,3573634.8936779266,3.1919470893582718,4.191947089358272
Phichai Keawvichit,Memoir No. 14,2022.0,Photograoh,42.0,59.4,10,,1,CatBoost,False,852500,3573634.8936779266,3.1919470893582718,4.191947089358272
Phichai Keawvichit,Memoir No. 9,2022.0,Photograph,42.0,59.4,10,,1,CatBoost,False,852500,3573634.8936779266,3.1919470893582718,4.191947089358272
Phichai Keawvichit,Memoir No. 16,2022.0,Photograph,42.0,59.4,10,,1,CatBoost,False,852500,3573634.8936779266,3.1919470893582718,4.191947089358272
Phichai Keawvichit,Memoir No. 13,2022.0,Photograph,42.0,59.4,10,,1,CatBoost,False,852500,3573634.8936779266,3.1919470893582718,4.191947089358272
Phichai Keawvichit,Memoir No. 3,2022.0,Photograph,42.0,59.4,10,,1,CatBoost,False,852500,3573634.8936779266,3.1919470893582718,4.191947089358272
Phichai Keawvichit,The Memoir No. 1,2022.0,Photograph,42.0,59.4,10,,1,CatBoost,False,852500,3573634.8936779266,3.1919470893582718,4.191947089358272
Samuel Almansa,Norigae II,2025.0,Airbrushed acrylics on canvas,30.0,60.0,8,,1,CatBoost,False,2200000,3364750.863487758,0.5294322106762537,1.5294322106762537
Samuel Almansa,Bokjumeoni I,2025.0,Airbrushed acrylics on canvas,40.0,50.0,8,,1,CatBoost,False,1870000,2692817.602195685,0.44000941293886886,1.440009412938869
Samuel Almansa,Horse III,,Airbrushed acrylics on canvas,30.0,40.0,5,,1,CatBoost,False,1540000,1883363.2146607195,0.22296312640306462,1.2229631264030647
Samuel Almansa,Daruma II,,Airbrushed acrylics on canvas,16.0,22.0,1,,1,CatBoost,False,880000,1194424.4682415684,0.3573005320926914,1.3573005320926914
Samuel Almansa,Daruma V,2025.0,Airbrushed acrylics on canvas,16.0,22.0,1,,1,CatBoost,False,880000,1242907.3402124841,0.41239470478691376,1.4123947047869139
Samuel Almansa,Horse I,,Airbrushed acrylics on canvas,40.0,50.0,8,,1,CatBoost,False,1870000,2587777.1644861847,0.3838380558749651,1.383838055874965
Samuel Almansa,Bokjumeoni II,2025.0,Airbrushed acrylics on canvas,40.0,50.0,8,,1,CatBoost,False,1870000,2692817.602195685,0.44000941293886886,1.440009412938869
Samuel Almansa,Haetae II,2025.0,Airbrushed acrylics on canvas,80.0,80.0,30,,1,CatBoost,False,2970000,5737149.31784304,0.9317001070178588,1.9317001070178588
Samuel Almansa,Maneki-neko I,2025.0,Airbrushed acrylics on canvas,40.0,50.0,8,,1,CatBoost,False,1870000,2692817.602195685,0.44000941293886886,1.440009412938869
Samuel Almansa,Daruma III,2025.0,Airbrushed acrylics on canvas,16.0,22.0,1,,1,CatBoost,False,880000,1242907.3402124841,0.41239470478691376,1.4123947047869139
Samuel Almansa,Haetae I,2025.0,Airbrushed acrylics on canvas,80.0,80.0,30,,1,CatBoost,False,2970000,5737149.31784304,0.9317001070178588,1.9317001070178588
Samuel Almansa,Daruma IV,2025.0,Airbrushed acrylics on canvas,16.0,22.0,1,,1,CatBoost,False,880000,1242907.3402124841,0.41239470478691376,1.4123947047869139
Samuel Almansa,Daruma VI,2025.0,Airbrushed acrylics on canvas,16.0,22.0,1,,1,CatBoost,False,880000,1242907.3402124841,0.41239470478691376,1.4123947047869139
Samuel Almansa,Horse II,,Airbrushed acrylics on canvas,30.0,40.0,5,,1,CatBoost,False,1540000,1883363.2146607195,0.22296312640306462,1.2229631264030647
Samuel Almansa,Yongwang,2025.0,Airbrushed acrylics on canvas,80.0,80.0,30,,1,CatBoost,False,3300000,5737149.31784304,0.7385300963160729,1.7385300963160728
Samuel Almansa,Norigae I,2025.0,Airbrushed acrylics on canvas,30.0,60.0,8,,1,CatBoost,False,2200000,3364750.863487758,0.5294322106762537,1.5294322106762537
Samuel Almansa,Daruma I,2025.0,Airbrushed acrylics on canvas,16.0,22.0,1,,1,CatBoost,False,880000,1242907.3402124841,0.41239470478691376,1.4123947047869139
Samuel Almansa,Maneki-neko II,2025.0,Airbrushed acrylics on canvas,40.0,50.0,8,,1,CatBoost,False,1870000,2692817.602195685,0.44000941293886886,1.440009412938869
Dain Lim,Window 17,2021.0,Oil on linen,37.9,45.5,8,1989.0,2,XGBoost,True,1248400,1312610.25,0.051434035565523874,1.0514340355655238
Dain Lim,Resonate,2023.0,Oil on linen,91.0,73.0,40,1989.0,2,XGBoost,True,3714500,4716493.5,0.26975191815856775,1.2697519181585677
Dain Lim,Spring in New York,2021.0,Oil on linen,72.5,108.7,40,1989.0,2,XGBoost,True,6180700,5975897.0,0.033135890756710404,0.9668641092432896
Dain Lim,Window 11,2022.0,Oil on linen,37.9,45.5,8,1989.0,2,XGBoost,True,1248400,1292210.75,0.03509351970522268,1.0350935197052227
Dain Lim,5pm Brooklyn,2021.0,Oil on linen,72.5,108.7,40,1989.0,2,XGBoost,True,6180700,5975897.0,0.033135890756710404,0.9668641092432896
Dain Lim,Deep in Grey,2025.0,Oil on linen,218.1,60.6,60,1989.0,2,XGBoost,True,7429000,7073141.5,0.04790126531161664,0.9520987346883834
Dain Lim,Kippen,2023.0,Oil on linen,91.0,72.7,40,1989.0,2,XGBoost,True,3714500,4906510.5,0.3209073899582716,1.3209073899582717
Dain Lim,Morn,2025.0,Oil on linen,80.0,227.0,80,1989.0,2,XGBoost,True,12361300,10674545.0,0.1364544991222606,0.8635455008777394
Dain Lim,JAVA,2024.0,Oil on linen,60.6,73.0,20,1989.0,2,XGBoost,True,2481400,3003689.25,0.21048168372692835,1.2104816837269283
Dain Lim,Window 3,2021.0,Oil on linen,37.9,45.5,8,1989.0,2,XGBoost,True,1248400,1312610.25,0.051434035565523874,1.0514340355655238
Dain Lim,Window 10,2021.0,Oil on linen,37.9,45.5,8,1989.0,2,XGBoost,True,1248400,1312610.25,0.051434035565523874,1.0514340355655238
Dain Lim,Illuminate,2024.0,Oil on linen,34.5,53.0,8,1989.0,2,XGBoost,True,1491900,1599055.25,0.07182468664119579,1.0718246866411958
Dain Lim,Split seconds,2025.0,Oil on linen,60.6,72.7,20,1989.0,2,XGBoost,True,2481400,3043420.25,0.2264932094785202,1.2264932094785201
Dain Lim,Window 14,2021.0,Oil on linen,37.9,45.5,8,1989.0,2,XGBoost,True,1248400,1312610.25,0.051434035565523874,1.0514340355655238
Dain Lim,Window 12,2021.0,Oil on linen,37.9,45.5,8,1989.0,2,XGBoost,True,1248400,1312610.25,0.051434035565523874,1.0514340355655238
Dain Lim,6pm Brooklyn,2021.0,Oil on linen,72.5,108.7,40,1989.0,2,XGBoost,True,6180700,5975897.0,0.033135890756710404,0.9668641092432896
Dain Lim,Taaffe Place,2023.0,Oil on linen,100.0,80.3,40,1989.0,2,XGBoost,True,4947600,5300570.5,0.07134176166222006,1.07134176166222
Dain Lim,Night,2025.0,Oil on linen,80.0,227.0,80,1989.0,2,XGBoost,True,12361300,10674545.0,0.1364544991222606,0.8635455008777394
Jieun Choi,Anonymous,,Oil on Canvas,70.0,80.0,30,1992.0,1,CatBoost,False,2283500,3390543.251993046,0.484801073787189,1.484801073787189
Jieun Choi,Shatterd Bonds,2023.0,Oil on Canvas,70.0,105.0,40,1992.0,1,CatBoost,False,3500000,6077741.514444133,0.7364975755554667,1.7364975755554666
Jieun Choi,Sisters,2023.0,Oil on Canvas,120.0,170.0,100,1992.0,1,CatBoost,False,8800000,12799766.076257547,0.454518872301994,1.454518872301994
Jieun Choi,Masked People,2023.0,Oil on Canvas,130.0,180.0,100,1992.0,1,CatBoost,False,9000000,12659073.584219899,0.40656373157998876,1.4065637315799888
Jieun Choi,Finale,2024.0,Oil on Canvas,180.0,210.0,150,1992.0,1,CatBoost,False,13000000,12246846.008307064,0.05793492243791816,0.9420650775620818
Jieun Choi,Secret Rave,2024.0,Oil on Canvas,220.0,190.0,200,1992.0,1,CatBoost,False,13000000,12925044.976188274,0.005765771062440454,0.9942342289375595
Jieun Choi,Maria,2023.0,Oil on Canvas,100.0,160.0,80,1992.0,1,CatBoost,False,8000000,12184067.689896315,0.5230084612370394,1.5230084612370394
Jieun Choi,Unsung Requiem,2024.0,Oil on Canvas,30.0,40.0,5,1992.0,1,CatBoost,False,600000,1353635.8063748516,1.2560596772914194,2.2560596772914194
Jieun Choi,Smile,2024.0,Oil on Canvas,24.0,40.0,4,1992.0,1,CatBoost,False,600000,1386289.2149729487,1.3104820249549145,2.3104820249549145
Jieun Choi,Geisha,2023.0,Oil on Canvas,60.0,97.0,30,1992.0,1,CatBoost,False,3349200,5455809.597322382,0.6289888920704593,1.6289888920704592
Jieun Choi,Ambiguous Relationship,2024.0,Oil on Canvas,170.0,200.0,150,1992.0,1,CatBoost,False,13000000,11863055.383805353,0.08745727816881899,0.912542721831181
Jieun Choi,Minor Friction,2023.0,Oil on Canvas,63.0,100.0,30,1992.0,1,CatBoost,False,3500000,5360920.718116295,0.5316916337475127,1.5316916337475128
Jieun Choi,Slow Dream,2024.0,Oil on Canvas,190.0,210.0,200,1992.0,1,CatBoost,False,13000000,13599509.630621705,0.04611612543243886,1.046116125432439
Jieun Choi,More than You,2024.0,Oil on Canvas,80.0,110.0,50,1992.0,1,CatBoost,False,4000000,7551756.220289604,0.887939055072401,1.887939055072401
Jieun Choi,Facade,2024.0,Oil on Canvas,110.0,140.0,80,1992.0,1,CatBoost,False,8500000,10304522.040709885,0.21229671067175115,1.2122967106717513
Jieun Choi,Obsession,2024.0,Oil on Canvas,100.0,160.0,80,1992.0,1,CatBoost,False,8400000,12178114.950669687,0.44977558936543893,1.449775589365439
Jieun Choi,Siesta,2024.0,Oil on Canvas,110.0,110.0,60,1992.0,1,CatBoost,False,4500000,6644388.839358951,0.476530853190878,1.476530853190878
Jieun Choi,Look at Me!,2023.0,Oil on Canvas,110.0,180.0,100,1992.0,1,CatBoost,False,8500000,14026517.374513375,0.6501785146486323,1.6501785146486323
Eunju Jeong,Brush stroke,2020.0,Acrylic on canvas,30.0,30.0,3,1964.0,4,XGBoost,True,2000000,1672243.375,0.1638783125,0.8361216875
Eunju Jeong,Brush stroke,2020.0,Acrylic on canvas,32.0,32.0,4,1964.0,4,XGBoost,True,2000000,2056704.25,0.028352125,1.028352125
Eunju Jeong,Breath,2019.0,Acrylic on canvas,71.2,101.4,40,1964.0,4,XGBoost,True,12000000,6276725.5,0.4769395416666667,0.5230604583333334
Eunju Jeong,Brush stroke,2020.0,Acrylic on canvas,30.0,30.0,3,1964.0,4,XGBoost,True,2000000,1672243.375,0.1638783125,0.8361216875
Eunju Jeong,Brush stroke,2020.0,Acrylic on canvas,32.0,32.0,4,1964.0,4,XGBoost,True,2000000,2056704.25,0.028352125,1.028352125
Eunju Jeong,Brush stroke,2020.0,Acrylic on canvas,30.0,30.0,3,1964.0,4,XGBoost,True,2000000,1672243.375,0.1638783125,0.8361216875
Eunju Jeong,Brush stroke,2020.0,Acrylic on canvas,30.0,30.0,3,1964.0,4,XGBoost,True,2000000,1672243.375,0.1638783125,0.8361216875
Eunju Jeong,Brush stroke,2019.0,Acrylic on canvas,32.0,32.0,4,1964.0,4,XGBoost,True,2000000,2080797.25,0.040398625,1.040398625
Eunju Jeong,Brush stroke,2019.0,Acrylic on canvas,32.0,32.0,4,1964.0,4,XGBoost,True,2000000,2080797.25,0.040398625,1.040398625
Eunju Jeong,Brush stroke,2021.0,Acrylic on canvas,30.0,30.0,3,1964.0,4,XGBoost,True,2000000,1665236.25,0.167381875,0.832618125
Eunju Jeong,Brush stroke,2020.0,Acrylic on canvas,32.0,32.0,4,1964.0,4,XGBoost,True,2000000,2056704.25,0.028352125,1.028352125
Eunju Jeong,Brush stroke,2020.0,Acrylic on canvas,30.0,30.0,3,1964.0,4,XGBoost,True,2000000,1672243.375,0.1638783125,0.8361216875
Eunju Jeong,Brush stroke,2019.0,Acrylic on canvas,30.0,30.0,3,1964.0,4,XGBoost,True,2000000,1714265.125,0.1428674375,0.8571325625
Eunju Jeong,Brush stroke,2019.0,Acrylic on canvas,30.0,30.0,3,1964.0,4,XGBoost,True,2000000,1714265.125,0.1428674375,0.8571325625
Eunju Jeong,Brush stroke,2019.0,Acrylic on canvas,30.0,30.0,3,1964.0,4,XGBoost,True,2000000,1714265.125,0.1428674375,0.8571325625
Eunju Jeong,Brush stroke,2020.0,Acrylic on canvas,30.0,30.0,3,1964.0,4,XGBoost,True,2000000,1672243.375,0.1638783125,0.8361216875
Eunju Jeong,Breath,2019.0,Acrylic on canvas,71.2,101.4,40,1964.0,4,XGBoost,True,12000000,6276725.5,0.4769395416666667,0.5230604583333334
Luke Park,Nights of Seasons,2023.0,Acrylic on Paper,54.0,78.0,20,1985.0,2,CatBoost,False,1103700,3935835.77076142,2.566037664910229,3.566037664910229
Luke Park,Equilibrium,2025.0,Medium&Technique Acrylic on Paper,78.8,109.0,50,1985.0,2,CatBoost,False,3927600,7947570.820929002,1.0235183880560652,2.023518388056065
Luke Park,Equilibrium: Four Seasons Drawing,,Pencil on Paper,109.0,78.8,50,1985.0,2,CatBoost,False,1674600,8127109.386601511,3.853164568614303,4.853164568614303
Luke Park,Equilibrium,2025.0,Medium&Technique Acrylic on Paper,78.8,109.0,50,1985.0,2,CatBoost,False,3927600,7947570.820929002,1.0235183880560652,2.023518388056065
Luke Park,Equilibrium,2025.0,Medium&Technique Acrylic on Paper,78.8,109.0,50,1985.0,2,CatBoost,False,3927600,7947570.820929002,1.0235183880560652,2.023518388056065
Luke Park,Nights of Seasons,2023.0,Acrylic on paper,54.0,78.0,20,1985.0,2,CatBoost,False,1103700,3935835.77076142,2.566037664910229,3.566037664910229
Luke Park,Nights of Seasons,2025.0,Medium&Technique Acrylic on Paper,54.0,78.0,20,1985.0,2,CatBoost,False,1979100,3784758.328824433,0.9123633615403128,1.9123633615403128
Luke Park,Equilibrium,2025.0,Medium&Technique Acrylic on Paper,78.8,109.0,50,1985.0,2,CatBoost,False,3927600,7947570.820929002,1.0235183880560652,2.023518388056065
Luke Park,Equilibrium,2025.0,Medium&Technique Acrylic on Paper,78.8,109.0,50,1985.0,2,CatBoost,False,3927600,7947570.820929002,1.0235183880560652,2.023518388056065
Luke Park,"Incomplete 不完全, Complete 完全",2022.0,Medium&Technique Marker on Panel,108.0,156.0,80,1985.0,2,CatBoost,False,2740200,15244312.024473464,4.563211453351385,5.563211453351385
Luke Park,Seasons (Series of 4),2023.0,Acrylic on paper,54.0,78.0,20,1985.0,2,CatBoost,False,3196900,3934695.496155461,0.2307846651929872,1.2307846651929872
Choongmok YOO,Formation - Recollection 4-40,2026.0,"Glass, Acrylic on canvas",130.0,260.0,150,1977.0,3,XGBoost,True,32000000,28615644.0,0.105761125,0.894238875
Choongmok YOO,Formation - Recollection 4-39,2026.0,"Glass, Acrylic on canvas",130.0,260.0,150,1977.0,3,XGBoost,True,32000000,28615644.0,0.105761125,0.894238875
Choongmok YOO,Formation - Recollection_unrestraint M 1,2026.0,"Glass, Acrylic on canvas",30.0,30.0,3,1977.0,3,XGBoost,True,1300000,1313440.375,0.01033875,1.01033875
Choongmok YOO,Formation - Recollection_unrestraint M 3,2026.0,"Glass, Acrylic on canvas",30.0,30.0,3,1977.0,3,XGBoost,True,1300000,1313440.375,0.01033875,1.01033875
Choongmok YOO,Formation - Recollection_Belief 1-21,2024.0,"Glass, Gold leaf, Acrylic on canvas",72.7,91.0,40,1977.0,3,XGBoost,True,6000000,7689825.5,0.28163758333333333,1.2816375833333333
Choongmok YOO,Formation - Recollection_unrestraint M 4,2026.0,"Glass, Acrylic on canvas",30.0,30.0,3,1977.0,3,XGBoost,True,1300000,1313440.375,0.01033875,1.01033875
Choongmok YOO,Formation - Circle 10,2025.0,"Glass, Acrylic on canvas",130.3,130.3,80,1977.0,3,XGBoost,True,18000000,17730820.0,0.014954444444444444,0.9850455555555555
Choongmok YOO,Formation - Recollection_unrestraint 2-6,,"Glass, Gold leaf, Acrylic on canvas",45.5,53.0,10,1977.0,3,XGBoost,True,2500000,2526079.25,0.0104317,1.0104317
Choongmok YOO,Formation - Recollection_moderation 1-16,,"Glass, Gold leaf, Acrylic on canvas",45.5,53.0,10,1977.0,3,XGBoost,True,2500000,2526079.25,0.0104317,1.0104317
Choongmok YOO,Formation - Recollection_unrestraint 2-5,2026.0,"Glass, Gold leaf, Acrylic on canvas",45.5,53.0,10,1977.0,3,XGBoost,True,2500000,2498316.75,0.0006733,0.9993267
Choongmok YOO,Formation - Recollection_unrestraint M 2,2026.0,"Glass, Acrylic on canvas",30.0,30.0,3,1977.0,3,XGBoost,True,1300000,1313440.375,0.01033875,1.01033875
Choongmok YOO,Formation - Circle 9,2025.0,"Glass, Acrylic on canvas",130.3,130.3,80,1977.0,3,XGBoost,True,18000000,17730820.0,0.014954444444444444,0.9850455555555555
Choongmok YOO,Formation - Recollection_Belief 2,2026.0,"Glass, Gold leaf, Acrylic on canvas",72.7,91.0,40,1977.0,3,XGBoost,True,6000000,7518879.5,0.25314658333333334,1.2531465833333333
Choongmok YOO,Formation - Circle 7,2026.0,"Glass, Acrylic on canvas",145.4,121.2,80,1977.0,3,XGBoost,True,16000000,15663429.0,0.0210356875,0.9789643125
Choongmok YOO,Formation - Recollection_moderation 2-9,2026.0,"Glass, Gold leaf, Acrylic on canvas",45.5,53.0,10,1977.0,3,XGBoost,True,2500000,2498316.75,0.0006733,0.9993267
Choongmok YOO,Formation - Recollection_unrestraint 3-1,,"Glass, Gold leaf, Acrylic on canvas",45.5,53.0,10,1977.0,3,XGBoost,True,2500000,2526079.25,0.0104317,1.0104317
Theresia Massawe,What Connects us XI,,Acrylic on canvas,50.0,50.0,10,,1,CatBoost,False,1217900,2591569.5947173713,1.1279001516687506,2.1279001516687504
Theresia Massawe,What Connects us VI,,Acrylic on canvas,50.0,50.0,10,,1,CatBoost,False,1217900,2591569.5947173713,1.1279001516687506,2.1279001516687504
Theresia Massawe,What Connects us XII,,Acrylic on canvas,50.0,50.0,10,,1,CatBoost,False,1217900,2591569.5947173713,1.1279001516687506,2.1279001516687504
Theresia Massawe,What Connects us XIX,,Acrylic on canvas,50.0,50.0,10,,1,CatBoost,False,1217900,2591569.5947173713,1.1279001516687506,2.1279001516687504
Theresia Massawe,What Connects us XVII,,Acrylic on canvas,50.0,50.0,10,,1,CatBoost,False,1217900,2591569.5947173713,1.1279001516687506,2.1279001516687504
Theresia Massawe,What Connects us XIII,,Acrylic on canvas,50.0,50.0,10,,1,CatBoost,False,1217900,2591569.5947173713,1.1279001516687506,2.1279001516687504
Theresia Massawe,What Connects us XVIII,,Acrylic on canvas,50.0,50.0,10,,1,CatBoost,False,1217900,2591569.5947173713,1.1279001516687506,2.1279001516687504
Theresia Massawe,What Connects us XVII,,Acrylic on canvas,50.0,50.0,10,,1,CatBoost,False,1217900,2591569.5947173713,1.1279001516687506,2.1279001516687504
Theresia Massawe,What Connects us IX,,Acrylic on canvas,50.0,50.0,10,,1,CatBoost,False,1217900,2591569.5947173713,1.1279001516687506,2.1279001516687504
Theresia Massawe,What Connects us X,,Acrylic on canvas,50.0,50.0,10,,1,CatBoost,False,1217900,2591569.5947173713,1.1279001516687506,2.1279001516687504
Theresia Massawe,What Connects us XVI,,Acrylic on canvas,50.0,50.0,10,,1,CatBoost,False,1217900,2591569.5947173713,1.1279001516687506,2.1279001516687504
Theresia Massawe,What Connects us VII,,Acrylic on canvas,50.0,50.0,10,,1,CatBoost,False,1217900,2591569.5947173713,1.1279001516687506,2.1279001516687504
Theresia Massawe,What Connects us XV,,Acrylic on canvas,50.0,50.0,10,,1,CatBoost,False,1217900,2591569.5947173713,1.1279001516687506,2.1279001516687504
Theresia Massawe,What Connects us VIII,,Acrylic on canvas,50.0,50.0,10,,1,CatBoost,False,1217900,2591569.5947173713,1.1279001516687506,2.1279001516687504
Theresia Massawe,What Connect us XIV,,Acrylic on canvas,50.0,50.0,10,,1,CatBoost,False,1217900,2591569.5947173713,1.1279001516687506,2.1279001516687504
Theresia Massawe,What Connects us II,,Acrylic on canvas,50.0,50.0,10,,1,CatBoost,False,1217900,2591569.5947173713,1.1279001516687506,2.1279001516687504
Sooin Ahn,Shadow and Shadow,,Acrylic on linen,41.0,53.0,10,1991.0,2,XGBoost,True,1000000,1550607.125,0.550607125,1.550607125
Sooin Ahn,있었던 자리 Where Forms Once Stood,2026.0,Acrylic on Linen,65.1,100.0,30,1991.0,2,XGBoost,True,3044700,3614192.5,0.18704387952836077,1.1870438795283607
Sooin Ahn,The Cross-Section of a Mass,,Acrylic on canvas,12.1,12.1,0,1991.0,2,XGBoost,True,500000,613411.1875,0.226822375,1.226822375
Sooin Ahn,The buds flipped inside out and thrust upward,,Acrylic on linen,130.3,160.2,100,1991.0,2,XGBoost,True,7000000,8391213.0,0.19874471428571427,1.1987447142857144
Sooin Ahn,It’s Soaking in,,Acrylic on canvas,27.9,35.5,4,1991.0,2,XGBoost,True,800000,990458.6875,0.238073359375,1.238073359375
Sooin Ahn,오르는 모습들 Ascending Forms,2026.0,Acrylic on Linen,130.3,193.9,120,1991.0,2,XGBoost,True,8981700,10123318.0,0.12710489105625883,1.1271048910562589
Sooin Ahn,The Shadow Mark,,Acrylic on canvas,76.2,72.6,25,1991.0,2,XGBoost,True,2500000,2680604.25,0.0722417,1.0722417
Sooin Ahn,The Vermilion Valley,,Acrylic on canvas,76.2,76.2,30,1991.0,2,XGBoost,True,2500000,3044642.5,0.217857,1.217857
Sooin Ahn,A Heart in Orange,,Acrylic on linen,72.7,91.0,40,1991.0,2,XGBoost,True,2100000,3284219.75,0.5639141666666667,1.5639141666666667
Sooin Ahn,The Form of a Mountain,,Acrylic on canvas,12.1,12.1,0,1991.0,2,XGBoost,True,500000,613411.1875,0.226822375,1.226822375
Sooin Ahn,The Form of a Mountain_2,,Acrylic on canvas,12.1,12.1,0,1991.0,2,XGBoost,True,500000,613411.1875,0.226822375,1.226822375
Sooin Ahn,Making the Mountains_2,,Acrylic on linen,45.5,53.0,10,1991.0,2,XGBoost,True,1000000,1299957.0,0.299957,1.299957
Sooin Ahn,The Reflected Shape,,Acylic on wood panel,26.0,35.0,4,1991.0,2,XGBoost,True,800000,692596.0,0.134255,0.865745
Sooin Ahn,The Height of Mass,,Acrylic on canvas,12.1,12.1,0,1991.0,2,XGBoost,True,500000,613411.1875,0.226822375,1.226822375
Sooin Ahn,The Reflected Shape_2,,Acrylic on wood panel,26.0,35.0,4,1991.0,2,XGBoost,True,800000,879334.0625,0.099167578125,1.099167578125
Sooin Ahn,둥글납작하게 서 있는 Standing Rounded-Flat Form,2026.0,Acrylic on Linen,45.5,53.0,10,1991.0,2,XGBoost,True,1065700,1333876.0,0.25164305151543587,1.2516430515154358
Wichuda Khuntijit,The Night the Cloud Hung Low,,Oil on canvas,100.0,100.0,50,,1,CatBoost,False,2324800,8732161.954492707,2.756091687238776,3.756091687238776
Wichuda Khuntijit,Another Piece,,Oil on canvas,100.0,100.0,50,,1,CatBoost,False,2324800,8732161.954492707,2.756091687238776,3.756091687238776
Wichuda Khuntijit,"It came, It went",,Oil on canvas,100.0,100.0,50,,1,CatBoost,False,2324800,8732161.954492707,2.756091687238776,3.756091687238776
Wichuda Khuntijit,Tomorrow Unseen,,Oil on canvas,100.0,100.0,50,,1,CatBoost,False,2324800,8732161.954492707,2.756091687238776,3.756091687238776
Wichuda Khuntijit,The Night The Roots Didn't Hold,,Oil on linen,100.0,300.0,150,,1,CatBoost,False,6167700,34484053.78867713,4.591071840179829,5.591071840179829
Wichuda Khuntijit,The Night the Curtain Opened,,Oil on linen,120.0,120.0,60,,1,CatBoost,False,2799200,12746704.42766406,3.5536954943069663,4.553695494306966
Wichuda Khuntijit,Brave,,Oil on canvas,40.0,40.0,8,,1,CatBoost,False,901500,2225444.9357180386,1.4686022581453562,2.4686022581453564
Wichuda Khuntijit,Trust Yourself,,Oil on linen,200.0,120.0,120,,1,CatBoost,False,4507200,26837618.107808534,4.954388114086026,5.954388114086026
Wichuda Khuntijit,Transition,,Oil on canvas,150.0,100.0,80,,1,CatBoost,False,3083900,17787932.096759856,4.767998993728673,5.767998993728673
Wichuda Khuntijit,All Within,,Oil on canvas,100.0,100.0,50,,1,CatBoost,False,2324800,8732161.954492707,2.756091687238776,3.756091687238776
Wichuda Khuntijit,The Night the Stone Floated,,Oil on linen,100.0,170.0,80,,1,CatBoost,False,3321100,21051120.87109788,5.338598919363428,6.338598919363428
Wichuda Khuntijit,Resting Clouds,,Oil on canvas,100.0,100.0,50,,1,CatBoost,False,2324800,8732161.954492707,2.756091687238776,3.756091687238776
Wichuda Khuntijit,The Same,,Oil on linen,10.0,15.0,0,,1,CatBoost,False,3083900,1288439.8534291883,0.5822043991604176,0.41779560083958245
Wichuda Khuntijit,Moonless Night,,Oil on linen,140.0,140.0,100,,1,CatBoost,False,3748100,18938040.413797658,4.052704147113913,5.052704147113913
Wichuda Khuntijit,In Time,,Oil on canvas,140.0,140.0,100,,1,CatBoost,False,3558300,18826244.65436391,4.290797474739036,5.290797474739036
Wichuda Khuntijit,Nothing Stays Above Us Forever,,Oil on canvas,80.0,100.0,40,,1,CatBoost,False,1992700,6692813.443508704,2.3586658521145702,3.3586658521145702
Seonghwa Hong,Serenity_33,2026.0,Korean painting pigments on linen canvas,50.0,50.0,10,1980.0,3,CatBoost,False,2283500,2536918.124882015,0.11097793951478649,1.1109779395147865
Seonghwa Hong,Serenity_34,2026.0,Korean painting pigments on linen canvas,60.6,72.7,20,1980.0,3,CatBoost,False,3805800,3607845.7653891225,0.05201383010428227,0.9479861698957177
Seonghwa Hong,Serenity_25,2026.0,Korean painting pigments on linen canvas,45.5,53.0,10,1980.0,3,CatBoost,False,2283500,2188691.17292111,0.04151908345911542,0.9584809165408846
Seonghwa Hong,Serenity 32,2026.0,Korean painting pigments on linen canvas,50.0,50.0,10,1980.0,3,CatBoost,False,2283500,2536918.124882015,0.11097793951478649,1.1109779395147865
Seonghwa Hong,Serenity_29,2026.0,Korean painting pigments on linen canvas,72.7,90.9,40,1980.0,3,CatBoost,False,5708700,6301473.758327586,0.10383690828517625,1.1038369082851762
Seonghwa Hong,Serenity_22,2025.0,Korean painting pigments on linen canvas,53.0,65.1,15,1980.0,3,CatBoost,False,2816300,2977797.1729831975,0.0573437392973751,1.057343739297375
Seonghwa Hong,Serenity_25,2025.0,Korean painting pigments on linen canvas,45.5,53.0,10,1980.0,3,CatBoost,False,2283500,2198369.5548934704,0.03728068539808611,0.9627193146019138
Seonghwa Hong,Serenity_35,2026.0,Korean painting pigments on linen canvas,130.0,162.0,100,1980.0,3,CatBoost,False,15984400,18622807.375531215,0.1650613958316368,1.1650613958316367
Seonghwa Hong,Serenity_22,2025.0,Korean painting pigments on linen canvas,53.0,65.1,15,1980.0,3,CatBoost,False,3044700,2977797.1729831975,0.02197353664295415,0.9780264633570458
Seonghwa Hong,Serenity_31,2026.0,Korean painting pigments on linen canvas,72.7,60.6,20,1980.0,3,CatBoost,False,3805800,3607845.7653891225,0.05201383010428227,0.9479861698957177
Seonghwa Hong,Serenity 39,2026.0,Korean painting pigments on linen canvas,37.9,45.5,8,1980.0,3,CatBoost,False,1826800,2047374.2351781793,0.12074350513366507,1.1207435051336652
Changyeol Gu,passing through layers of concealment,,oil and cold wax on canvas,50.0,65.1,15,,1,CatBoost,False,750000,3301813.942501631,3.4024185900021746,4.402418590002175
Changyeol Gu,Profound Tension,,"oil and cold wax on canvas, aluminum frame",60.5,72.5,20,,1,CatBoost,False,1000000,3300097.318508467,2.300097318508467,3.300097318508467
Changyeol Gu,"Though faded, it remains",,Oil and cold wax on canvas,80.0,117.0,50,,1,CatBoost,False,2500000,10828620.703221546,3.3314482812886186,4.331448281288619
Changyeol Gu,Residue,,oil and cold wax on aluminum plate,13.0,13.0,0,,1,CatBoost,False,150000,1060278.805990762,6.068525373271747,7.068525373271747
Changyeol Gu,Residue,,oil and cold wax on aluminum plate,13.0,13.0,0,,1,CatBoost,False,150000,1060278.805990762,6.068525373271747,7.068525373271747
Changyeol Gu,"Still, It Is, Even Now",,Oil and cold wax on wood / Aluminum sculpture,14.8,122.0,8,,1,CatBoost,False,2000000,3265947.069259094,0.6329735346295471,1.632973534629547
Changyeol Gu,Residue,,oil and cold wax on aluminum plate,13.0,13.0,0,,1,CatBoost,False,150000,1060278.805990762,6.068525373271747,7.068525373271747
Changyeol Gu,Imminence,,"Oil and pigment stick on canvas, Stainless steel frame",24.0,41.5,4,,1,CatBoost,False,350000,1893043.704547501,4.408696298707145,5.408696298707145
Changyeol Gu,Revealed through permanence,,Oil and cold wax on linen,50.0,65.1,15,,1,CatBoost,False,750000,3384570.67836284,3.5127609044837866,4.512760904483787
Changyeol Gu,Contemplation,,"Oil and pigment stick on canvas, Stainless steel frame",27.0,45.5,5,,1,CatBoost,False,450000,2043647.5516140773,3.5414390035868384,4.541439003586839
Changyeol Gu,Residue,,oil and cold wax on aluminum plate,13.0,13.0,0,,1,CatBoost,False,150000,1060278.805990762,6.068525373271747,7.068525373271747
Changyeol Gu,Gathering toward dispersal,,"Oil on linen, Stainless steel frame",20.0,20.0,1,,1,CatBoost,False,550000,1041910.5625787061,0.8943828410521929,1.8943828410521928
Changyeol Gu,Residue,,oil and cold wax on aluminum plate,13.0,13.0,0,,1,CatBoost,False,150000,1060278.805990762,6.068525373271747,7.068525373271747
Changyeol Gu,Standing before traces,,Oil and cold wax on canvas,50.0,65.1,15,,1,CatBoost,False,750000,3301813.942501631,3.4024185900021746,4.402418590002175
Changyeol Gu,Threshold of serenity,,"oil and cold wax on canvas, aluminum frame",60.5,72.5,20,,1,CatBoost,False,1000000,3300097.318508467,2.300097318508467,3.300097318508467
Kang Miro,빛의 그림자_4,2024.0,Mixed media,83.0,103.0,50,,1,CatBoost,False,6000000,8835796.536793757,0.4726327561322929,1.472632756132293
Kang Miro,정지된 빛(Stalled light)_6,2022.0,Mixed media,27.0,113.0,12,,1,CatBoost,False,2500000,4174565.5315247867,0.6698262126099147,1.6698262126099146
Kang Miro,빛의 그림자_1,2024.0,Mixed media,83.0,103.0,50,,1,CatBoost,False,6000000,9026516.22187584,0.5044193703126402,1.50441937031264
Kang Miro,정지된 빛(Stalled light)_10,2022.0,Mixed media,43.0,153.0,30,,1,CatBoost,False,6000000,7040417.314019809,0.1734028856699681,1.173402885669968
Kang Miro,창과 문_10,2022.0,Mixed media,43.0,43.0,8,,1,CatBoost,False,1500000,2543303.678818969,0.6955357858793128,1.6955357858793128
Kang Miro,정지된 빛(Stalled light)_17,2023.0,Mixed media,43.0,153.0,30,,1,CatBoost,False,6000000,6988319.239116771,0.16471987318612852,1.1647198731861286
Kang Miro,유영하는 빛(Swimming light)_3,2022.0,Mixed media,47.0,72.0,15,,1,CatBoost,False,2500000,4569144.669755508,0.8276578679022033,1.8276578679022033
Kang Miro,정지된 빛(Stalled light)_22,2023.0,Mixed media,43.0,153.0,30,,1,CatBoost,False,6000000,6988319.239116771,0.16471987318612852,1.1647198731861286
Kang Miro,유영하는 빛(Swimming light)_4,2022.0,Mixed media,47.0,72.0,15,,1,CatBoost,False,2500000,4569144.669755508,0.8276578679022033,1.8276578679022033
Kang Miro,창과 문_11,2022.0,Mixed media,43.0,43.0,8,,1,CatBoost,False,1500000,2543303.678818969,0.6955357858793128,1.6955357858793128
Kang Miro,빛의 소란_3,2021.0,Mixed media,93.0,133.0,60,,1,CatBoost,False,8000000,14709508.378298776,0.838688547287347,1.838688547287347
Kang Miro,창과 문_13,2024.0,Mixed media,93.0,133.0,60,,1,CatBoost,False,9000000,13827748.311636588,0.536416479070732,1.536416479070732
Kang Miro,창과문_5,2022.0,Mixed media,43.0,43.0,8,,1,CatBoost,False,1500000,2543303.678818969,0.6955357858793128,1.6955357858793128
Kang Miro,빛의 그림자_3,2024.0,Mixed media,83.0,103.0,50,,1,CatBoost,False,6000000,9026516.22187584,0.5044193703126402,1.50441937031264
Kang Miro,정지된 빛(Stalled light)_19,2023.0,Mixed media,43.0,153.0,30,,1,CatBoost,False,6000000,6988319.239116771,0.16471987318612852,1.1647198731861286
Kang Miro,빛의 소란_8,2024.0,Mixed media,93.0,133.0,60,,1,CatBoost,False,8000000,13827748.311636588,0.7284685389545734,1.7284685389545735
Prach Pimarnman,"Kampong Baru (New City) (6°4449565, 101°8192214) #5",,"Found materials,  white clay, grounded brick, charcoal powder,  grounded shell on wood",60.0,60.0,15,,1,CatBoost,False,2087600,3153010.6044234633,0.5103518894536613,1.5103518894536614
Prach Pimarnman,"Pula (Island) (6°4351795, 101°8285401) #2",,"Found materials,  white clay, grounded brick, charcoal powder,  grounded shell on wood",120.0,120.0,60,,1,CatBoost,False,7116600,11725010.322753288,0.6475578679078897,1.6475578679078897
Prach Pimarnman,"Kampong Baru (New City) (6°4449565, 101°8192214) #11",,"Found materials,  white clay, grounded brick, charcoal powder,  grounded shell on wood",60.0,60.0,15,,1,CatBoost,False,2087600,3153010.6044234633,0.5103518894536613,1.5103518894536614
Prach Pimarnman,"Kampong Rumohapee (Village Light House) (6°4431094, 101°8244366)",,"Found materials,  white clay, grounded brick, charcoal powder,  grounded shell on wood",800.0,200.0,500,,1,CatBoost,False,41750600,38953297.05499772,0.06700030526512865,0.9329996947348713
Prach Pimarnman,"Kampong Baru (New City) (6°4449565, 101°8192214) #12",,"Found materials,  white clay, grounded brick, charcoal powder,  grounded shell on wood",60.0,60.0,15,,1,CatBoost,False,2087600,3153010.6044234633,0.5103518894536613,1.5103518894536614
Prach Pimarnman,"Bukit (Mountain) (6°4458968, 101°8181669) #2",,"Found materials, white clay, grounded brick, charcoal powder,  grounded shell on wood",120.0,120.0,60,,1,CatBoost,False,7116600,11725010.322753288,0.6475578679078897,1.6475578679078897
Prach Pimarnman,"Kampong Baru (New City) (6°4449565, 101°8192214) #2",,"Found materials,  white clay, grounded brick, charcoal powder,  grounded shell on wood",60.0,60.0,15,,1,CatBoost,False,2087600,3153010.6044234633,0.5103518894536613,1.5103518894536614
Prach Pimarnman,"Kampong Baru (New City) (6°4449565, 101°8192214) #6",,"Found materials,  white clay, grounded brick, charcoal powder,  grounded shell on wood",60.0,60.0,15,,1,CatBoost,False,2087600,3153010.6044234633,0.5103518894536613,1.5103518894536614
Prach Pimarnman,"Bukit (Mountain) (6°4458968, 101°8181669)",,"Found materials, white clay, grounded brick, charcoal powder,  grounded shell on wood",120.0,120.0,60,,1,CatBoost,False,7116600,11725010.322753288,0.6475578679078897,1.6475578679078897
Prach Pimarnman,"Pula (Island) (6°4351795, 101°8285401) #1",,"Found materials,  white clay, grounded brick, charcoal powder,  grounded shell on wood",120.0,120.0,60,,1,CatBoost,False,7116600,11725010.322753288,0.6475578679078897,1.6475578679078897
Prach Pimarnman,"Bukit (Mountain) (6°4458968, 101°8181669) #4",,"Found materials, white clay, grounded brick, charcoal powder,  grounded shell on wood",120.0,120.0,60,,1,CatBoost,False,7116600,11725010.322753288,0.6475578679078897,1.6475578679078897
Prach Pimarnman,"Bukit (Mountain) (6°4458968, 101°8181669) #3",,"Found materials, white clay, grounded brick, charcoal powder,  grounded shell on wood",120.0,120.0,60,,1,CatBoost,False,7116600,11725010.322753288,0.6475578679078897,1.6475578679078897
Kyukun Kang,Walking a Dog 09,2019.0,Oil on canvas,80.3,116.8,50,1990.0,2,CatBoost,False,3500000,7430587.143529361,1.123024898151246,2.123024898151246
Kyukun Kang,Drowning Face,2021.0,Oil on canvas,60.6,72.7,20,1990.0,2,CatBoost,False,1400000,2503781.927121196,0.7884156622294257,1.7884156622294256
Kyukun Kang,Covered Face,2022.0,Oil on canvas,72.7,60.6,20,1990.0,2,CatBoost,False,1400000,2488046.3134204587,0.7771759381574705,1.7771759381574705
Kyukun Kang,"<Flame, Five Images> Series",2022.0,Oil on canvas,303.0,60.6,80,1990.0,2,CatBoost,False,7000000,14589764.029714584,1.0842520042449406,2.0842520042449406
Kyukun Kang,"Empty Seats, Standing Person",2022.0,Oil on canvas,91.0,116.7,50,1990.0,2,CatBoost,False,3500000,6733402.84847403,0.9238293852782944,1.9238293852782944
Kyukun Kang,Jump,2022.0,Oil on canvas,72.7,91.0,40,1990.0,2,CatBoost,False,2100000,4371778.18578338,1.0817991360873236,2.081799136087324
Kyukun Kang,From the Event,2022.0,Oil on canvas,112.1,162.2,80,1990.0,2,CatBoost,False,7000000,12231241.29056438,0.7473201843663401,1.7473201843663402
Kyukun Kang,Walking a Dog 08,2019.0,Oil on canvas,116.8,91.0,50,1990.0,2,CatBoost,False,3500000,6944528.855272574,0.9841511015064498,1.98415110150645
Kyukun Kang,Fixed Moment 2,2021.0,Oil on canvas,89.4,145.4,60,1990.0,2,CatBoost,False,5600000,10355844.546247238,0.8492579546870068,1.849257954687007
Kyukun Kang,Person Forced Out 2,2021.0,Oil on canvas,130.3,130.3,80,1990.0,2,CatBoost,False,7000000,9203038.85234637,0.31471983604948145,1.3147198360494814
Kyukun Kang,Stalled Walk,2021.0,Oil on canvas,162.0,130.3,100,1990.0,2,CatBoost,False,7000000,10278053.745351123,0.4682933921930175,1.4682933921930175
Kyukun Kang,Smoking Person 1,2021.0,Oil on canvas,90.9,60.6,25,1990.0,2,CatBoost,False,2100000,4822770.723972747,1.2965574876060701,2.29655748760607
Kyukun Kang,Walking on Stepping Stones,2022.0,Oil on canvas,112.1,162.2,80,1990.0,2,CatBoost,False,7000000,12231241.29056438,0.7473201843663401,1.7473201843663402
Hongmin Lee,Reset Unfolded,2025.0,Oil on Canvas,100.0,80.3,40,1982.0,2,CatBoost,False,9134000,9172829.851228375,0.004251133263452484,1.0042511332634525
Hongmin Lee,Resetting Joy,2025.0,Oil on Canvas,72.7,60.6,20,1982.0,2,CatBoost,False,4567000,4634799.5029236525,0.01484552286482429,1.0148455228648243
Hongmin Lee,"Seven Stars, A Crown, and Serendipity",2025.0,Oil on Canvas,53.0,45.5,10,1982.0,2,CatBoost,False,2283500,2747875.812749655,0.20336142445791766,1.2033614244579176
Hongmin Lee,Who I Am,2025.0,Oil on Canvas,80.3,130.3,50,1982.0,2,CatBoost,False,13700900,15116340.12043661,0.10331001032316203,1.1033100103231621
Hongmin Lee,Heaven’s Whisper on a Drowsy Afternoon,2025.0,Oil on Canvas,80.3,100.0,40,1982.0,2,CatBoost,False,9134000,9172829.851228375,0.004251133263452484,1.0042511332634525
Hongmin Lee,Another Beginning,2025.0,Oil on Canvas,80.3,100.0,40,1982.0,2,CatBoost,False,9134000,9172829.851228375,0.004251133263452484,1.0042511332634525
Hongmin Lee,Celebration,2021.0,Ink on Paper,42.0,55.0,10,1982.0,2,CatBoost,False,1522400,3988305.839483181,1.6197489749626781,2.619748974962678
Hongmin Lee,Where Ends Meet,2025.0,Oil on Canvas,72.7,60.6,20,1982.0,2,CatBoost,False,4567000,4634799.5029236525,0.01484552286482429,1.0148455228648243
Hongmin Lee,Gentle Judgment,2025.0,Oil on Canvas,90.9,72.7,40,1982.0,2,CatBoost,False,6850500,8618521.282770488,0.25808645832720073,1.2580864583272007
Hongmin Lee,One More Chance,2025.0,Oil on Canvas,145.5,112.1,80,1982.0,2,CatBoost,False,18267900,21864043.15954254,0.19685585970705655,1.1968558597070564
Hongmin Lee,Prayers in Silence,2025.0,Oil on Canvas,91.0,116.8,50,1982.0,2,CatBoost,False,11417400,13535874.125514163,0.18554785901467608,1.1855478590146762
Hongmin Lee,Unexpected Delight,2025.0,Oil on Canvas,72.7,60.6,20,1982.0,2,CatBoost,False,4567000,4634799.5029236525,0.01484552286482429,1.0148455228648243
Hongmin Lee,Initialization,2025.0,Oil on Canvas,91.0,116.8,50,1982.0,2,CatBoost,False,11417400,13535874.125514163,0.18554785901467608,1.1855478590146762
Hongmin Lee,Result,2021.0,Ink on Paper,42.0,55.0,10,1982.0,2,CatBoost,False,1522400,3988305.839483181,1.6197489749626781,2.619748974962678
Hongmin Lee,Beyond Miracles,2025.0,Oil on Canvas,72.7,90.9,40,1982.0,2,CatBoost,False,6850500,8618521.282770488,0.25808645832720073,1.2580864583272007
HaSeulLin Jeong,Spotted dog,2020.0,Acrylic and oil on canvas,72.7,72.7,25,1994.0,1,CatBoost,False,3021900,2636903.285580806,0.12740220206465933,0.8725977979353406
SangYong Lee,Fate,2023.0,Painting,90.0,60.0,25,1970.0,3,CatBoost,False,12000000,10088939.768311815,0.15925501930734873,0.8407449806926512
SangYong Lee,Fate,2023.0,Painting,80.0,54.0,20,1970.0,3,CatBoost,False,10000000,7605193.51795047,0.23948064820495304,0.7605193517950469
SangYong Lee,Fate,2023.0,Painting,80.0,54.0,20,1970.0,3,CatBoost,False,10000000,7605193.51795047,0.23948064820495304,0.7605193517950469
SangYong Lee,Fate,2023.0,Painting,159.0,105.0,80,1970.0,3,CatBoost,False,40000000,27598704.6859115,0.3100323828522125,0.6899676171477874
SangYong Lee,Fate,2023.0,Painting,90.0,60.0,25,1970.0,3,CatBoost,False,12000000,10088939.768311815,0.15925501930734873,0.8407449806926512
SangYong Lee,Fate,2023.0,Painting,80.0,54.0,20,1970.0,3,CatBoost,False,10000000,7605193.51795047,0.23948064820495304,0.7605193517950469
SangYong Lee,Fate,2023.0,Painting,159.0,105.0,80,1970.0,3,CatBoost,False,40000000,27598704.6859115,0.3100323828522125,0.6899676171477874
SangYong Lee,Fate,2023.0,Painting,159.0,105.0,80,1970.0,3,CatBoost,False,40000000,27598704.6859115,0.3100323828522125,0.6899676171477874
SangYong Lee,Fate,2023.0,Painting,159.0,105.0,80,1970.0,3,CatBoost,False,40000000,27598704.6859115,0.3100323828522125,0.6899676171477874
SangYong Lee,Fate,2023.0,Painting,90.0,60.0,25,1970.0,3,CatBoost,False,12000000,10088939.768311815,0.15925501930734873,0.8407449806926512
SangYong Lee,Fate,2023.0,Painting,159.0,105.0,80,1970.0,3,CatBoost,False,40000000,27598704.6859115,0.3100323828522125,0.6899676171477874
SangYong Lee,Fate,2023.0,Painting,159.0,105.0,80,1970.0,3,CatBoost,False,40000000,27598704.6859115,0.3100323828522125,0.6899676171477874
SangYong Lee,Fate,2023.0,Painting,90.0,60.0,25,1970.0,3,CatBoost,False,12000000,10088939.768311815,0.15925501930734873,0.8407449806926512
SangYong Lee,Fate,2023.0,Painting,90.0,60.0,25,1970.0,3,CatBoost,False,12000000,10088939.768311815,0.15925501930734873,0.8407449806926512
SangYong Lee,Fate,2023.0,Painting,90.0,60.0,25,1970.0,3,CatBoost,False,12000000,10088939.768311815,0.15925501930734873,0.8407449806926512
Evi Pangestu,Forced Interaction,2025.0,Acrylic and gesso on canvas,150.0,150.0,100,1992.0,1,CatBoost,False,14820000,9814713.478254046,0.337738631696758,0.662261368303242
Evi Pangestu,Forced Interaction,2025.0,Acrylic and gesso on canvas,30.0,30.0,3,1992.0,1,CatBoost,False,2850000,762434.6073256095,0.7324790851489089,0.2675209148510911
Evi Pangestu,Forced Interaction,2024.0,Acrylic and gesso on canvas,30.0,30.0,3,1992.0,1,CatBoost,False,2850000,771789.3870175326,0.7291967063096376,0.2708032936903623
Evi Pangestu,Forced Interaction,2024.0,Acrylic and gesso on canvas,30.0,30.0,3,1992.0,1,CatBoost,False,2850000,771789.3870175326,0.7291967063096376,0.2708032936903623
Evi Pangestu,Forced Interaction,2024.0,Acrylic and gesso on canvas,30.0,30.0,3,1992.0,1,CatBoost,False,2850000,771789.3870175326,0.7291967063096376,0.2708032936903623
Evi Pangestu,Forced Interaction,2025.0,Acrylic and gesso on canvas,150.0,150.0,100,1992.0,1,CatBoost,False,14820000,9814713.478254046,0.337738631696758,0.662261368303242
Evi Pangestu,Forced Interaction,2024.0,Acrylic and gesso on canvas,30.0,30.0,3,1992.0,1,CatBoost,False,2850000,771789.3870175326,0.7291967063096376,0.2708032936903623
Evi Pangestu,Forced Interaction,2025.0,Acrylic and gesso on canvas,150.0,150.0,100,1992.0,1,CatBoost,False,14820000,9814713.478254046,0.337738631696758,0.662261368303242
Evi Pangestu,Forced Interaction,2025.0,Acrylic and gesso on canvas,150.0,150.0,100,1992.0,1,CatBoost,False,14820000,9814713.478254046,0.337738631696758,0.662261368303242
Evi Pangestu,Forced Interaction,2025.0,Acrylic and gesso on canvas,30.0,30.0,3,1992.0,1,CatBoost,False,2850000,762434.6073256095,0.7324790851489089,0.2675209148510911
Evi Pangestu,Forced Interaction,2024.0,Acrylic and gesso on canvas,30.0,30.0,3,1992.0,1,CatBoost,False,2850000,771789.3870175326,0.7291967063096376,0.2708032936903623
Evi Pangestu,Forced Interaction,2024.0,Acrylic and gesso on canvas,30.0,30.0,3,1992.0,1,CatBoost,False,2850000,771789.3870175326,0.7291967063096376,0.2708032936903623
Evi Pangestu,Forced Interaction,2025.0,Acrylic and gesso on canvas,150.0,150.0,100,1992.0,1,CatBoost,False,14820000,9814713.478254046,0.337738631696758,0.662261368303242
Evi Pangestu,Forced Interaction,2024.0,Acrylic and gesso on canvas,30.0,30.0,3,1992.0,1,CatBoost,False,2850000,771789.3870175326,0.7291967063096376,0.2708032936903623
Evi Pangestu,Forced Interaction,2025.0,Acrylic and gesso on canvas,150.0,150.0,100,1992.0,1,CatBoost,False,14820000,9814713.478254046,0.337738631696758,0.662261368303242
ByungHo Lee,Peachy Shade,2025.0,Acrylic on sculpture,60.0,68.0,20,1976.0,3,XGBoost,True,7000000,5825375.5,0.1678035,0.8321965
ByungHo Lee,Silhouette Coordinates,2025.0,Archival pigment printed digital drawing on digital sculpture,115.0,60.0,40,1976.0,3,XGBoost,True,4500000,10499895.0,1.33331,2.33331
ByungHo Lee,Eccentric Abattis,2024.0,acrylic on sculpture,60.0,68.0,20,1976.0,3,XGBoost,True,6000000,5837103.5,0.027149416666666665,0.9728505833333333
ByungHo Lee,Image Thing,2025.0,Acrylic on sculpture,72.0,126.0,50,1976.0,3,XGBoost,True,10000000,12781851.0,0.2781851,1.2781851
ByungHo Lee,Silhouette Coordinates,2025.0,Archival pigment printed digital drawing on digital sculpture,165.0,130.0,100,1976.0,3,XGBoost,True,10000000,23217144.0,1.3217144,2.3217144
ByungHo Lee,Silhouette Coordinates,2025.0,Archival pigment printed digital drawing on digital sculpture,130.0,130.0,80,1976.0,3,XGBoost,True,9000000,20415720.0,1.2684133333333334,2.268413333333333
ByungHo Lee,Around Green,,Acrylic on sculpture,45.0,47.0,8,1976.0,3,XGBoost,True,5500000,3533942.75,0.35746495454545457,0.6425350454545454
ByungHo Lee,Silhouette Coordinates,2025.0,Archival pigment printed digital drawing on digital sculpture,115.0,60.0,40,1976.0,3,XGBoost,True,4500000,10499895.0,1.33331,2.33331
ByungHo Lee,Walking Time,2025.0,Acrylic on sculpture,54.0,70.0,15,1976.0,3,XGBoost,True,7500000,5339250.5,0.28809993333333334,0.7119000666666667
ByungHo Lee,Eccentric Abattis,2023.0,color plaster on sculpture,65.0,60.0,20,1976.0,3,XGBoost,True,5000000,5723314.0,0.1446628,1.1446628
ByungHo Lee,Silhouette Coordinates,2025.0,Archival pigment printed digital drawing on digital sculpture,130.0,130.0,80,1976.0,3,XGBoost,True,9000000,20415720.0,1.2684133333333334,2.268413333333333
ByungHo Lee,Forest Box,2025.0,Acrylic on sculpture,45.0,55.0,10,1976.0,3,XGBoost,True,6000000,3782147.5,0.3696420833333333,0.6303579166666666
ByungHo Lee,Silhouettes,2025.0,Acrylic on sculpture,106.0,150.0,80,1976.0,3,XGBoost,True,40000000,16781634.0,0.58045915,0.41954085
ByungHo Lee,Silhouette Coordinates,2025.0,Archival pigment printed digital drawing on digital sculpture,165.0,130.0,100,1976.0,3,XGBoost,True,10000000,23217144.0,1.3217144,2.3217144
ByungHo Lee,Eyes and Vision,2025.0,Acrylic on sculpture,82.0,150.0,60,1976.0,3,XGBoost,True,40000000,15708846.0,0.60727885,0.39272115
Jojo Anavim,Sprinkle Cone,,Painting,30.5,30.5,4,,1,CatBoost,False,2055200,1538020.012562399,0.2516446026847027,0.7483553973152973
Jojo Anavim,Froot Loops,,Painting,122.0,183.0,100,,1,CatBoost,False,27401800,23519482.31350806,0.14168111899553826,0.8583188810044617
Jojo Anavim,Silly Rabbit,,Painting,140.0,100.3,60,,1,CatBoost,False,24357200,13923944.412956772,0.42834379924799354,0.5716562007520065
Jojo Anavim,Always Look Up (Snoopy),,Painting,51.0,61.0,12,,1,CatBoost,False,5480400,2543716.1781841535,0.535852095068945,0.46414790493105496
Jojo Anavim,Sprinle Saucer,,Painting,30.5,30.5,4,,1,CatBoost,False,2055200,1538020.012562399,0.2516446026847027,0.7483553973152973
Jojo Anavim,Snow Cone (Blue),,Painting,30.5,30.5,4,,1,CatBoost,False,2055200,1538020.012562399,0.2516446026847027,0.7483553973152973
Jojo Anavim,Dream Machine (Claw),,Painting,79.0,151.0,60,,1,CatBoost,False,21312500,13350174.613586817,0.37359884511029595,0.626401154889704
Jojo Anavim,Life is Good,,Painting,45.7,61.0,12,,1,CatBoost,False,6393800,3471358.031208153,0.4570743483987374,0.5429256516012626
Jojo Anavim,Buggs Bunny,,Painting,30.5,30.5,4,,1,CatBoost,False,2055200,1538020.012562399,0.2516446026847027,0.7483553973152973
Jojo Anavim,Dream Machine (Satellite),,Painting,152.5,122.0,80,,1,CatBoost,False,30446400,18191148.461500447,0.40251890333502655,0.5974810966649734
Jojo Anavim,Life is Good,,Painting,45.7,61.0,12,,1,CatBoost,False,6393800,3471358.031208153,0.4570743483987374,0.5429256516012626
Jojo Anavim,Life is Good,,Painting,61.0,45.7,12,,1,CatBoost,False,6393800,3471358.031208153,0.4570743483987374,0.5429256516012626
Jojo Anavim,Spongebob,,Painting,30.5,30.5,4,,1,CatBoost,False,2055200,1538020.012562399,0.2516446026847027,0.7483553973152973
Jojo Anavim,King Cone,,Painting,30.5,30.5,4,,1,CatBoost,False,2055200,1538020.012562399,0.2516446026847027,0.7483553973152973
Jojo Anavim,Chocolate Cone,,Painting,30.5,30.5,4,,1,CatBoost,False,2055200,1538020.012562399,0.2516446026847027,0.7483553973152973
Nonsenso,Collage of Rhythm 03,2022.0,Paper work,41.6,56.7,10,1989.0,2,CatBoost,False,502400,1970070.8560754817,2.921319379131134,3.921319379131134
Nonsenso,Object Series - 05,2022.0,Paper work,23.2,32.0,3,1989.0,2,CatBoost,False,319700,953109.7608834952,1.981262936764139,2.981262936764139
Nonsenso,Untitle,2021.0,Paper work,21.0,29.7,3,1989.0,2,CatBoost,False,319700,917435.43245638,1.8696760477209258,2.869676047720926
Nonsenso,About memory,2022.0,Paper work,29.9,41.7,5,1989.0,2,CatBoost,False,350000,1241121.1366537744,2.5460603904393553,3.5460603904393553
Nonsenso,Untitle,2021.0,Paper work,21.0,29.7,3,1989.0,2,CatBoost,False,319700,917435.43245638,1.8696760477209258,2.869676047720926
Nonsenso,Object Series - 01,2022.0,Paper work,21.0,29.7,3,1989.0,2,CatBoost,False,319700,915358.6366797114,1.863179970846767,2.863179970846767
Nonsenso,Object Series - 04,2022.0,Paper work,23.2,32.0,3,1989.0,2,CatBoost,False,319700,953109.7608834952,1.981262936764139,2.981262936764139
Nonsenso,The rhythm of my soul,2022.0,Paper work,23.2,32.0,3,1989.0,2,CatBoost,False,319700,953109.7608834952,1.981262936764139,2.981262936764139
Nonsenso,Collage of Rhythm 01,2022.0,Paper work,39.4,54.5,10,1989.0,2,CatBoost,False,502400,1963438.1736103373,2.9081173837785377,3.9081173837785377
Nonsenso,Things stored during the winter,2022.0,Paper work,21.0,29.7,3,1989.0,2,CatBoost,False,319700,915358.6366797114,1.863179970846767,2.863179970846767
LeeEu,Peinture en question,2022.0,Acrylic and mixed media on canvas,65.0,62.0,20,1976.0,3,CatBoost,False,6469900,4862607.747920645,0.24842613519209797,0.751573864807902
LeeEu,Gribouilis,2017.0,Acrylic and mixed media on canvas,55.0,46.0,10,1976.0,3,CatBoost,False,2390100,3543417.3795833765,0.4825393831150899,1.48253938311509
LeeEu,Gribouilis,2019.0,Acrylic and mixed media on canvas,60.0,50.0,12,1976.0,3,CatBoost,False,2816300,3375355.604538939,0.19850712088163155,1.1985071208816316
LeeEu,Peinture en question,2022.0,Acrylic and mixed media on canvas,65.0,90.0,30,1976.0,3,CatBoost,False,13092000,8663166.972284166,0.3382854436079922,0.6617145563920078
LeeEu,Peinture en question,2022.0,Acrylic and mixed media on canvas,60.0,77.0,20,1976.0,3,CatBoost,False,9742900,6632482.375344018,0.3192496715203873,0.6807503284796127
LeeEu,Peinture en question,2022.0,Acrylic and mixed media on canvas,56.0,46.0,10,1976.0,3,CatBoost,False,3882000,3131593.2303531873,0.19330416528769004,0.80669583471231
LeeEu,Peinture en question,2019.0,Acrylic and mixed media on canvas,35.0,27.5,4,1976.0,3,CatBoost,False,1948600,2403630.387966677,0.233516569827916,1.233516569827916
LeeEu,Peinture en question,2022.0,Acrylic and mixed media on canvas,58.0,50.5,12,1976.0,3,CatBoost,False,3882000,3017448.562165417,0.22270773772142793,0.7772922622785721
LeeEu,Peinture en question,2019.0,Acrylic and mixed media,30.0,40.0,5,1976.0,3,CatBoost,False,2390100,2873556.8791551157,0.2022747496569665,1.2022747496569666
LeeEu,Matière paysage,2017.0,Acrylic and mixed media on canvas,162.0,130.0,100,1976.0,3,CatBoost,False,22834800,27930677.186675817,0.2231627685232985,1.2231627685232984
Seon-wha Jo,Daily Life and Dreams,,Oil on canvas,162.0,130.0,100,,1,CatBoost,False,15000000,19270152.242555566,0.28467681617037105,1.284676816170371
Seon-wha Jo,Different Ideas are Good,,Oil on canvas,130.0,162.0,100,,1,CatBoost,False,15000000,19270152.242555566,0.28467681617037105,1.284676816170371
Seon-wha Jo,Fairies with Green Onions,,Oil on canvas,91.5,60.5,25,,1,CatBoost,False,4800000,6203593.410742245,0.29241529390463433,1.2924152939046343
Seon-wha Jo,Container Island,,Oil on canvas,80.0,66.0,25,,1,CatBoost,False,4800000,4436061.941418785,0.07582042887108653,0.9241795711289135
Seon-wha Jo,Fairies with Green Onions,,Oil on canvas,91.5,60.5,25,,1,CatBoost,False,4800000,6203593.410742245,0.29241529390463433,1.2924152939046343
Seon-wha Jo,Mountain Has a Voice,,Oil on canvas,273.0,72.7,100,,1,CatBoost,False,15000000,21443390.11992785,0.4295593413285233,1.4295593413285232
Seon-wha Jo,Container Eggs,,Oil on canvas,80.0,61.0,25,,1,CatBoost,False,4800000,5558004.178242315,0.15791753713381554,1.1579175371338155
Seon-wha Jo,Sun and Moon,,Oil on canvas,27.5,41.0,5,,1,CatBoost,False,1200000,1966547.950927808,0.6387899591065066,1.6387899591065067
Seon-wha Jo,A dream in the Container,,Oil on canvas,60.5,91.5,25,,1,CatBoost,False,4800000,6203593.410742245,0.29241529390463433,1.2924152939046343
Seon-wha Jo,Tree and Garden,,Oil on canvas,53.0,60.5,15,,1,CatBoost,False,4800000,2497061.605123067,0.47977883226602774,0.5202211677339722
Seon-wha Jo,Red Trees,,Oil on canvas,66.0,80.5,25,,1,CatBoost,False,4800000,4615564.041484801,0.038424158023999774,0.9615758419760002
Seon-wha Jo,Sun and Moon,,Oil on canvas,27.5,41.0,5,,1,CatBoost,False,1200000,1966547.950927808,0.6387899591065066,1.6387899591065067
Seon-wha Jo,"Thank you, Tree",,Oil on canvas,91.0,73.0,40,,1,CatBoost,False,4800000,5545909.69764042,0.1553978536750875,1.1553978536750875
Seon-wha Jo,Fairies with Green Onions,,Oil on canvas,91.5,60.5,25,,1,CatBoost,False,4800000,6203593.410742245,0.29241529390463433,1.2924152939046343
Man Seop Kim,A poem talking about love and a comment of a song,2021.0,"Acrylic, oil, linen on canvas",260.6,162.2,200,1990.0,2,CatBoost,False,14000000,25361944.044931006,0.8115674317807862,1.8115674317807862
Man Seop Kim,All I do in the reminiscence room is dreaming,2021.0,Acrylic on canvas,97.0,130.3,60,1990.0,2,CatBoost,False,4200000,8785289.417780792,1.0917355756620934,2.0917355756620934
Man Seop Kim,Rehearsal to move forward,2021.0,Acrylic on canvas,45.5,53.0,10,1990.0,2,CatBoost,False,700000,1599559.1591136348,1.2850845130194783,2.2850845130194783
Man Seop Kim,Juliet was observing at the aquarium,2022.0,Acrylic on canvas,45.5,53.0,10,1990.0,2,CatBoost,False,700000,1594527.4659351716,1.277896379907388,2.277896379907388
Man Seop Kim,"Predator: Survive in the Jungle, Modern people, ironic, world and myself",2021.0,Acrylic on canvas,91.8,116.8,50,1990.0,2,CatBoost,False,3500000,6984676.054747787,0.9956217299279392,1.9956217299279393
Man Seop Kim,me and the way of conversation of myself,2021.0,Acrylic on canvas,45.5,53.0,10,1990.0,2,CatBoost,False,700000,1599559.1591136348,1.2850845130194783,2.2850845130194783
Man Seop Kim,"At mom's garden, I am still listening the song",2021.0,"Acrylic, oil, linen on canvas",260.6,162.2,200,1990.0,2,CatBoost,False,14000000,25361944.044931006,0.8115674317807862,1.8115674317807862
Man Seop Kim,"An in-depth study of me on the bookshelf, desk and Chair",2021.0,Acrylic on canvas,45.5,53.0,10,1990.0,2,CatBoost,False,700000,1599559.1591136348,1.2850845130194783,2.2850845130194783
Man Seop Kim,Consideration of the direction where I should go,2021.0,Acrylic on canvas,65.1,90.9,30,1990.0,2,CatBoost,False,2100000,4667605.359666297,1.222669218888713,2.222669218888713
Man Seop Kim,Defending Apples in Hunter's Swamp,2021.0,Acrylic on canvas,91.0,116.8,50,1990.0,2,CatBoost,False,3500000,6956587.5799510125,0.987596451414575,1.987596451414575
Man Seop Kim,Finding gems among the useless things,2022.0,Acrylic on canvas,112.1,145.5,80,1990.0,2,CatBoost,False,5600000,11112595.674422314,0.9843920847182704,1.9843920847182703
Moonhee Cho,Scenes,2017.0,Pigment print,103.0,103.0,50,,1,CatBoost,False,2400000,10867403.56226923,3.528084817612179,4.528084817612179
Moonhee Cho,Notice Board,2019.0,Pigment print,140.0,90.0,60,,1,CatBoost,False,3500000,15798807.682763355,3.5139450522181015,4.5139450522181015
Moonhee Cho,Roof,2019.0,Pigment print,140.0,140.0,100,,1,CatBoost,False,5500000,21637902.824892573,2.934164149980468,3.934164149980468
Moonhee Cho,Hard light,2020.0,Pigment print,73.0,43.0,15,,1,CatBoost,False,1700000,4693014.539368856,1.7605967878640327,2.7605967878640327
Moonhee Cho,Sweet Home,2020.0,Pigment print,134.0,101.0,60,,1,CatBoost,False,3500000,15087781.638431251,3.3107947538375004,4.3107947538375
Moonhee Cho,Lake Park,2020.0,Pigment print,186.0,136.0,120,,1,CatBoost,False,5500000,26255089.076203965,3.7736525593098116,4.773652559309812
Moonhee Cho,Sweet Home,2020.0,Pigment print,124.0,101.0,60,,1,CatBoost,False,3500000,10981887.227391832,2.137682064969095,3.137682064969095
Moonhee Cho,Sweet Home,2020.0,Pigment print,120.0,97.0,60,,1,CatBoost,False,3500000,11244650.339957576,2.2127572399878788,3.2127572399878788
Moonhee Cho,Townhouse,2020.0,Pigment print,130.0,97.0,60,,1,CatBoost,False,3500000,14094832.856903344,3.027095101972384,4.027095101972384
Moonhee Cho,Winter Scene,2020.0,Pigment print,140.0,140.0,100,,1,CatBoost,False,5500000,20903536.327397287,2.8006429686176886,3.8006429686176886
Moonhee Cho,Roof,2019.0,Pigment print,55.0,55.0,12,,1,CatBoost,False,1500000,3325068.126642166,1.2167120844281107,2.216712084428111
Tomotoshi Hoshino,Through Autumn,1998.0,Painting,116.7,59.0,40,,1,CatBoost,False,16000000,10422979.98560005,0.34856375089999686,0.6514362491000032
Tomotoshi Hoshino,Maiko,2023.0,Pianting,37.5,72.5,12,,1,CatBoost,False,6500000,3791475.4341884516,0.41669608704793054,0.5833039129520695
Tomotoshi Hoshino,Tiny Beginnings,2025.0,Painting,93.0,101.0,50,,1,CatBoost,False,30500000,8580894.442372713,0.7186591986107307,0.2813408013892693
Tomotoshi Hoshino,Guardian,2015.0,Painting,41.0,31.5,6,,1,CatBoost,False,3500000,3170678.1494148215,0.09409195731005099,0.905908042689949
Tomotoshi Hoshino,Geiko,2023.0,Painting,37.5,72.5,12,,1,CatBoost,False,6500000,3791475.4341884516,0.41669608704793054,0.5833039129520695
Tomotoshi Hoshino,The Bounty,2025.0,Painting,100.0,97.0,50,,1,CatBoost,False,31500000,8589373.654030439,0.727321471300621,0.272678528699379
Tomotoshi Hoshino,The Patterned Hem,2024.0,Painting,91.0,66.5,30,,1,CatBoost,False,17500000,6703318.117230321,0.6169532504439816,0.38304674955601836
Tomotoshi Hoshino,Turning Point,2026.0,Painting,220.0,175.0,150,,1,CatBoost,False,75000000,27322543.05086072,0.6356994259885238,0.3643005740114763
Tomotoshi Hoshino,Circle of Presence,2014.0,Painting,160.7,124.0,100,,1,CatBoost,False,41000000,27541909.107817598,0.32824611932152203,0.671753880678478
Tomotoshi Hoshino,Calm,2016.0,Painting,72.7,60.6,20,,1,CatBoost,False,10500000,4477474.927577109,0.5735738164212277,0.42642618357877227
Tomotoshi Hoshino,Midday,2024.0,Painting,102.0,96.5,50,,1,CatBoost,False,32000000,8648549.08271279,0.7297328411652253,0.2702671588347747
Tomotoshi Hoshino,Merry-Go-Round,2019.0,Painting,78.5,37.8,12,,1,CatBoost,False,7000000,4473997.024892725,0.36085756787246787,0.6391424321275322
Alexandra Grant,Triumphal,2022.0,Painting,53.3,71.1,15,1973.0,3,CatBoost,False,22834800,5743405.501542848,0.7484801486528085,0.25151985134719146
Alexandra Grant,Calendula,2022.0,Painting,102.9,103.5,50,1973.0,3,CatBoost,False,53281200,12045374.85410949,0.773928236336466,0.22607176366353404
Alexandra Grant,Paradise,2022.0,Painting,106.7,125.7,60,1973.0,3,CatBoost,False,56325900,14416793.183384035,0.7440468206742541,0.25595317932574596
Alexandra Grant,Aerie,2022.0,Painting,106.7,125.8,60,1973.0,3,CatBoost,False,56325900,14416793.183384035,0.7440468206742541,0.25595317932574596
Alexandra Grant,Feste,2022.0,Painting,102.9,103.5,50,1973.0,3,CatBoost,False,53281200,12045374.85410949,0.773928236336466,0.22607176366353404
Alexandra Grant,Coaxacan,2022.0,Painting,64.8,78.7,25,1973.0,3,CatBoost,False,33491100,6651061.512119499,0.8014080901457552,0.19859190985424482
Alexandra Grant,Silence,2022.0,Painting,64.8,78.7,25,1973.0,3,CatBoost,False,33491100,6651061.512119499,0.8014080901457552,0.19859190985424482
Alexandra Grant,Entre-Tien,2022.0,Painting,102.9,103.5,50,1973.0,3,CatBoost,False,53281200,12045374.85410949,0.773928236336466,0.22607176366353404
Alexandra Grant,Espoir,2022.0,Painting,64.8,78.7,25,1973.0,3,CatBoost,False,33491100,6651061.512119499,0.8014080901457552,0.19859190985424482
Alexandra Grant,Rio,2022.0,Painting,64.8,78.7,25,1973.0,3,CatBoost,False,33491100,6651061.512119499,0.8014080901457552,0.19859190985424482
Alexandra Grant,Interval,2022.0,Painting,102.9,103.5,50,1973.0,3,CatBoost,False,53281200,12045374.85410949,0.773928236336466,0.22607176366353404
Alexandra Grant,Medusa,2022.0,Painting,53.3,71.1,15,1973.0,3,CatBoost,False,22834800,5743405.501542848,0.7484801486528085,0.25151985134719146
Alexandra Grant,Tacit,2022.0,Painting,102.9,103.5,50,1973.0,3,CatBoost,False,53281200,12045374.85410949,0.773928236336466,0.22607176366353404
Duenchayphoochana Phooprasert,signature of the natural No.9/2023,2023.0,Clay on canvas,51.5,51.5,12,,1,CatBoost,False,2500000,2816084.6053229915,0.1264338421291966,1.1264338421291966
Duenchayphoochana Phooprasert,Signature of  the natural  No.13/2023,2023.0,Clay on canvas,82.0,79.0,30,,1,CatBoost,False,4100000,5421495.305625961,0.32231592820145394,1.322315928201454
Duenchayphoochana Phooprasert,Signature of the natural No.17/2023,2023.0,Clay on canvas,51.5,51.5,12,,1,CatBoost,False,6100000,2816084.6053229915,0.5383467860126243,0.46165321398737563
Duenchayphoochana Phooprasert,Signature of the natural No.14/2023,2023.0,Clay on canvas,93.0,88.0,40,,1,CatBoost,False,5100000,6741866.281604448,0.32193456502048007,1.3219345650204801
Duenchayphoochana Phooprasert,Move 2022 No.1,2022.0,Clay on canvas,149.0,118.0,80,,1,CatBoost,False,11000000,19986272.212043326,0.8169338374584842,1.8169338374584842
Duenchayphoochana Phooprasert,Move 2022 No.3,,Clay on canvas,149.0,118.0,80,,1,CatBoost,False,11000000,18189697.873318642,0.6536088975744221,1.653608897574422
Duenchayphoochana Phooprasert,Move 2022 No.2,2022.0,Clay on canvas,149.0,118.0,80,,1,CatBoost,False,11000000,19986272.212043326,0.8169338374584842,1.8169338374584842
Duenchayphoochana Phooprasert,Signature of the natural No.25/2023,2023.0,Clay on canvas,51.5,51.5,12,,1,CatBoost,False,2500000,2816084.6053229915,0.1264338421291966,1.1264338421291966
Duenchayphoochana Phooprasert,Move 2022 No.4,2022.0,Clay on canvas,51.5,51.5,12,,1,CatBoost,False,7900000,2819405.017579058,0.6431132889140433,0.3568867110859567
Duenchayphoochana Phooprasert,Signature of the natural No.12/2023,2023.0,Clay on canvas,82.0,79.0,30,,1,CatBoost,False,410000,5421495.305625961,12.223159282014539,13.223159282014539
Duenchayphoochana Phooprasert,Signature of the natural No.7/2023,2023.0,Clay on canvas,51.5,51.5,12,,1,CatBoost,False,2500000,2816084.6053229915,0.1264338421291966,1.1264338421291966
Duenchayphoochana Phooprasert,Signature of the natural No.8/2023,2023.0,Clay on canvas,51.5,51.5,12,,1,CatBoost,False,2500000,2816084.6053229915,0.1264338421291966,1.1264338421291966
Duenchayphoochana Phooprasert,Signature of the natural No.27/2023,2023.0,Clay on canvas,51.5,51.5,12,,1,CatBoost,False,2500000,2816084.6053229915,0.1264338421291966,1.1264338421291966
Kijeong Kim,home #11,,"Pigment on jangji, woven thread",23.0,44.0,4,1993.0,1,CatBoost,False,900000,832479.999276306,0.07502222302632665,0.9249777769736733
Kijeong Kim,home - 이불,,Pigment on sunji,43.0,34.0,6,1993.0,1,CatBoost,False,800000,1208427.3569859262,0.5105341962324077,1.5105341962324077
Kijeong Kim,home - carpet,,"Pigment on jangji, modelling paste, and thread",34.0,43.0,6,1993.0,1,CatBoost,False,1800000,984046.1362972099,0.45330770205710563,0.5466922979428944
Kijeong Kim,hug #35,,Pigment on jangji,25.0,25.0,3,1993.0,1,CatBoost,False,300000,511922.82395627856,0.7064094131875952,1.706409413187595
Kijeong Kim,hug #36,,Pigment and modelling paste on jangji,25.0,25.0,3,1993.0,1,CatBoost,False,300000,511922.82395627856,0.7064094131875952,1.706409413187595
Kijeong Kim,home - camellia tree,,"Pigment and modelling paste on jangji, merbau wood, nails, and thread",75.0,145.0,50,1993.0,1,CatBoost,False,2500000,5328463.065593406,1.1313852262373623,2.131385226237362
Kijeong Kim,home - curtain,,Pigment and modelling paste on jangji,128.0,79.0,50,1993.0,1,CatBoost,False,2800000,5379716.266210475,0.9213272379323125,1.9213272379323125
Kijeong Kim,hug #40,,Pigment and modelling paste on dyed jangji,38.0,52.0,8,1993.0,1,CatBoost,False,900000,1357288.0480133856,0.5080978311259841,1.508097831125984
Kijeong Kim,hug #39,,Pigment and modelling paste on dyed jangji,38.0,52.0,8,1993.0,1,CatBoost,False,900000,1357288.0480133856,0.5080978311259841,1.508097831125984
Kijeong Kim,home - jujube tree,,"Pigment and modelling paste on jangji, merbau wood, nails, and thread",75.0,145.0,50,1993.0,1,CatBoost,False,2500000,5328463.065593406,1.1313852262373623,2.131385226237362
Kijeong Kim,hug #38,,Pigment on dyed jangji,38.0,52.0,8,1993.0,1,CatBoost,False,900000,1357288.0480133856,0.5080978311259841,1.508097831125984
Kijeong Kim,home - persimmon tree,,"Pigment and modelling paste on jangji, merbau wood, nails, and thread",75.0,145.0,50,1993.0,1,CatBoost,False,2500000,5328463.065593406,1.1313852262373623,2.131385226237362
Kijeong Kim,hug #41,,Pigment on sunji,82.0,102.0,50,1993.0,1,CatBoost,False,2500000,4421477.393631762,0.7685909574527048,1.7685909574527048
PAKPOOM SILAPHAN,Yayoi The Polka Dots on Coke Buttons 2021,2021.0,Collage and Mixed media on Vintage Metal Signs,42.0,42.0,8,,1,CatBoost,False,9155000,2522941.9467652184,0.7244192302823356,0.2755807697176645
PAKPOOM SILAPHAN,Andy Warhol sprays on Coke crates 2021,2021.0,Collages and Mixed media on Vintage Crates 2021,66.0,85.0,30,,1,CatBoost,False,50625000,7437100.8877854915,0.8530943034511508,0.14690569654884922
PAKPOOM SILAPHAN,Double Warhol on Coke Coolers 2024,,Collages and Mixed Media on Vintage Coolers,47.0,159.0,40,,1,CatBoost,False,50625000,7450631.91701625,0.8528270238614073,0.1471729761385926
PAKPOOM SILAPHAN,Jackson Pollock drips on Coke Crates 2021,2021.0,Collage and Mixed media on Vintage Wooden Coolers,48.0,60.5,12,,1,CatBoost,False,50625000,3557887.7775937533,0.9297207352574073,0.07027926474259266
PAKPOOM SILAPHAN,Ali on Coke Button 2024,2024.0,Mixed Media,10.5,10.5,0,,1,CatBoost,False,24300000,1156066.2474762592,0.9524252573055038,0.04757474269449626
PAKPOOM SILAPHAN,Bob Dylan on Coke Button,2024.0,Mixed Media,5.5,5.5,0,,1,CatBoost,False,10125000,1156066.2474762592,0.885820617533209,0.11417938246679103
PAKPOOM SILAPHAN,Bruce Lee on Pepsi Cap,2024.0,Mixed Media,9.0,9.0,0,,1,CatBoost,False,16200000,1156066.2474762592,0.9286378859582556,0.0713621140417444
PAKPOOM SILAPHAN,Aurdrey on Coke Button,2024.0,Mixed Media,7.5,7.5,0,,1,CatBoost,False,14175000,1156066.2474762592,0.9184432982380064,0.0815567017619936
PAKPOOM SILAPHAN,"Ali guards on Double Coca-Cola Wooden Coolers, 2024",2024.0,Collage and Mixed media on Vintage Wooden Coolers,46.0,25.0,5,,1,CatBoost,False,19237500,2195447.9931076155,0.8858766475317678,0.11412335246823213
Taesoo Lee,D-Stone 02,2025.0,Stone,40.0,26.0,4,1981.0,3,CatBoost,False,4200000,1850925.6282871324,0.559303421836397,0.44069657816360297
Taesoo Lee,D-Stone 01,2025.0,Stone,40.0,32.0,6,1981.0,3,CatBoost,False,3300000,2045431.711766158,0.3801722085557097,0.6198277914442903
Taesoo Lee,D-Stone 05,2025.0,Stone,43.0,22.0,4,1981.0,3,CatBoost,False,2900000,1834725.9429168382,0.3673358817528144,0.6326641182471856
Taesoo Lee,D-Stone 07,2025.0,Stone,33.0,19.0,3,1981.0,3,CatBoost,False,2000000,1462769.6700121707,0.26861516499391463,0.7313848350060853
Taesoo Lee,D-Stone 09,2025.0,Stone,32.0,16.0,2,1981.0,3,CatBoost,False,2000000,1396440.3122987507,0.3017798438506246,0.6982201561493754
Taesoo Lee,Stone Composition 006,2025.0,"Mixed media (Paint on EPS, Stainless steel)",90.0,150.0,60,1981.0,3,CatBoost,False,33000000,13783645.621032365,0.5823137690596253,0.4176862309403747
Taesoo Lee,D-Stone 08,2025.0,Stone,55.0,26.0,6,1981.0,3,CatBoost,False,5600000,2520643.2733691814,0.5498851297555033,0.4501148702444967
Taesoo Lee,D-Stone 06,2025.0,Stone,34.0,61.0,8,1981.0,3,CatBoost,False,5200000,3091800.167955925,0.40542304462386053,0.5945769553761394
Taesoo Lee,D-Stone 04,2025.0,Stone,35.0,19.0,3,1981.0,3,CatBoost,False,2000000,1519380.876034618,0.24030956198269104,0.759690438017309
Taesoo Lee,D-Stone 12,2025.0,Stone,50.0,32.0,8,1981.0,3,CatBoost,False,6100000,2878119.9416619013,0.5281770587439506,0.4718229412560494
Taesoo Lee,D-Stone 10,2025.0,Stone,49.0,26.0,6,1981.0,3,CatBoost,False,4100000,2322985.3768646885,0.4334182007647101,0.5665817992352898
Taesoo Lee,D-Stone 11,2025.0,Stone,48.0,32.0,6,1981.0,3,CatBoost,False,5500000,2446272.507023858,0.5552231805411167,0.44477681945888325
Taesoo Lee,D-Stone 03,2025.0,Stone,42.0,30.0,6,1981.0,3,CatBoost,False,4300000,2169296.7609233195,0.49551238118062335,0.5044876188193766
Kim Yong-Ik,Utopia 18-2,2018.0,Lithograph on BFK Rives 100% cotton paper,80.0,60.0,20,1947.0,4,CatBoost,False,4567000,14351014.880258605,2.14232863592262,3.14232863592262
Kim Yong-Ik,Untitled 18-2,2018.0,Lithograph on BFK Rives 100% cotton paper,83.0,63.0,25,1947.0,4,CatBoost,False,5480400,16788146.74452,2.063306828793519,3.063306828793519
Kim Yong-Ik,Utopia 18-5,2018.0,Lithograph on BFK Rives 100% cotton paper,80.0,60.0,20,1947.0,4,CatBoost,False,4567000,14351014.880258605,2.14232863592262,3.14232863592262
Kim Yong-Ik,Untitled 18-3,2018.0,Lithograph on BFK Rives 100% cotton paper,83.0,63.0,25,1947.0,4,CatBoost,False,5480400,16788146.74452,2.063306828793519,3.063306828793519
Kim Yong-Ik,Utopia 18-1,2018.0,Lithograph on BFK Rives 100% cotton paper,80.0,60.0,20,1947.0,4,CatBoost,False,4567000,14351014.880258605,2.14232863592262,3.14232863592262
Kim Yong-Ik,Utopia 18-6,2018.0,Lithograph on BFK Rives 100% cotton paper,80.0,60.0,20,1947.0,4,CatBoost,False,4567000,14351014.880258605,2.14232863592262,3.14232863592262
Kim Yong-Ik,Untitled 18-1,2018.0,Lithograph on BFK Rives 100% cotton paper,83.0,63.0,25,1947.0,4,CatBoost,False,5480400,16788146.74452,2.063306828793519,3.063306828793519
Kim Yong-Ik,Utopia 18-4,2018.0,Lithograph on BFK Rives 100% cotton paper,80.0,60.0,20,1947.0,4,CatBoost,False,4567000,14351014.880258605,2.14232863592262,3.14232863592262
Kim Yong-Ik,Untitled 18-5,2018.0,Lithograph on BFK Rives 100% cotton paper,83.0,63.0,25,1947.0,4,CatBoost,False,5480400,16788146.74452,2.063306828793519,3.063306828793519
Kim Yong-Ik,Utopia 18-3,2018.0,Lithograph on BFK Rives 100% cotton paper,80.0,60.0,20,1947.0,4,CatBoost,False,4567000,14351014.880258605,2.14232863592262,3.14232863592262
Sena Hwang,May You Live As Wide As Your Longing,2025.0,Conté on paper panel,45.5,65.1,12,1986.0,2,CatBoost,False,1370100,2439365.6325288117,0.7804288975467569,1.780428897546757
Heesung Yang,The Sisters,,Oil on canvas,60.6,72.1,20,1997.0,1,XGBoost,True,1263600,1482884.0,0.17353909465020576,1.1735390946502058
Heesung Yang,A Point and a Line,,Oil on canvas,130.5,161.0,100,1997.0,1,XGBoost,True,5678300,5716501.0,0.006727541693816811,1.0067275416938168
Heesung Yang,untitled,,Oil on canvas,145.5,89.4,60,1997.0,1,XGBoost,True,4544200,4609499.5,0.014369856080278156,1.014369856080278
Heesung Yang,The Late Wind,,Oil on canvas,53.0,33.4,8,1997.0,1,XGBoost,True,631800,759668.1875,0.20238712804685027,1.2023871280468503
Heesung Yang,Cultivation,,Oil on canvas,45.3,27.5,5,1997.0,1,XGBoost,True,631800,595030.3125,0.0581983024691358,0.9418016975308642
Heesung Yang,The Cold Wind,,Oil on canvas,53.0,33.4,8,1997.0,1,XGBoost,True,631800,759668.1875,0.20238712804685027,1.2023871280468503
Heesung Yang,The Boy Turning Away from the Moon,,Oil on canvas,130.5,161.0,100,1997.0,1,XGBoost,True,5678300,5716501.0,0.006727541693816811,1.0067275416938168
Heesung Yang,untitled,,Oil on canvas,97.0,130.3,60,1997.0,1,XGBoost,True,3410000,4053583.0,0.18873401759530792,1.1887340175953078
Heesung Yang,Island,,Oil on canvas,45.5,53.3,10,1997.0,1,XGBoost,True,631800,745790.1875,0.1804213160810383,1.1804213160810384
Heesung Yang,Off to One Side,,Oil in canvas,45.5,53.0,10,1997.0,1,XGBoost,True,631800,740168.5,0.17152342513453625,1.1715234251345363
Heesung Yang,A Seat in the Afternoon Light,,Oil on canvas,61.0,72.5,20,1997.0,1,XGBoost,True,1263600,1434525.75,0.13526887464387463,1.1352688746438746
Heesung Yang,untitled,,Oil on canvas,45.5,53.0,10,1997.0,1,XGBoost,True,631800,740168.5,0.17152342513453625,1.1715234251345363
Youjeong Kang,White Waves: Clear Sparkle I,2023.0,Oil on canvas,22.0,22.0,2,1992.0,1,CatBoost,False,441500,636431.7497487552,0.4415215169847231,1.441521516984723
Youjeong Kang,Texture of Water III,2022.0,Oil on canvas,18.5,27.3,2,1992.0,1,CatBoost,False,487200,822921.7094148233,0.6890839684212301,1.6890839684212302
Youjeong Kang,Wave: Pleiades,2021.0,Oil on canvas,80.0,80.0,30,1992.0,1,CatBoost,False,3851500,3396845.854741852,0.11804599383568692,0.8819540061643131
Youjeong Kang,Drawing Waves I,2023.0,Oil on canvas,22.0,22.0,2,1992.0,1,CatBoost,False,441500,636431.7497487552,0.4415215169847231,1.441521516984723
Youjeong Kang,Shape of Water II,2022.0,Oil on canvas,45.0,45.0,8,1992.0,1,CatBoost,False,1202700,1381181.8266436667,0.1484009533912586,1.1484009533912587
Youjeong Kang,White Waves: Clear Sparkle II,2023.0,Oil on canvas,22.0,22.0,2,1992.0,1,CatBoost,False,441500,636431.7497487552,0.4415215169847231,1.441521516984723
Youjeong Kang,Texture of Water IV,2022.0,Oil on canvas,18.5,27.3,2,1992.0,1,CatBoost,False,487200,822921.7094148233,0.6890839684212301,1.6890839684212302
Youjeong Kang,Drawing Waves II,2023.0,Oil on canvas,22.0,22.0,2,1992.0,1,CatBoost,False,441500,636431.7497487552,0.4415215169847231,1.441521516984723
Youjeong Kang,Clover: Orion,2021.0,Oil on canvas,80.0,80.0,30,1992.0,1,CatBoost,False,3851500,3396845.854741852,0.11804599383568692,0.8819540061643131
Youjeong Kang,From Moon,2021.0,Oil on canvas,50.0,50.0,10,1992.0,1,CatBoost,False,1200000,1580613.317911956,0.31717776492662997,1.31717776492663
Youjeong Kang,Texture of Water II,2022.0,Oil on canvas,18.5,27.3,2,1992.0,1,CatBoost,False,487200,822921.7094148233,0.6890839684212301,1.6890839684212302
Wal Chirachaisakul,Aquacity,2024.0,Acrylic on canvas,180.0,180.0,150,,1,CatBoost,False,10580200,30370121.93437751,1.8704676598152692,2.870467659815269
Wal Chirachaisakul,Flow Flow Flow,2024.0,Oil on canvas,210.0,145.0,150,,1,CatBoost,False,11858900,36598597.14063726,2.0861713262307013,3.0861713262307013
Wal Chirachaisakul,Listen To Your Mentors,2024.0,Oil on canvas,180.0,180.0,150,,1,CatBoost,False,11874100,29506747.524183936,1.4849670732252496,2.4849670732252496
Wal Chirachaisakul,How Fragile We Are,2021.0,Oil on Linen,65.0,95.0,30,,1,CatBoost,False,3805800,7723397.529007563,1.029375565980231,2.029375565980231
Wal Chirachaisakul,Speak For Us,2024.0,Oil on canvas,130.0,150.0,100,,1,CatBoost,False,9316600,18558755.996842626,0.9920095310352088,1.9920095310352088
Wal Chirachaisakul,Boost Up,2023.0,Oil on canvas,140.0,140.0,100,,1,CatBoost,False,9316600,20137605.03551681,1.1614757567692946,2.1614757567692946
Wal Chirachaisakul,I'm With You,2024.0,Oil on canvas,180.0,180.0,150,,1,CatBoost,False,11858900,29506747.524183936,1.48815214937169,2.48815214937169
Wal Chirachaisakul,Everything Seems Slower,2024.0,Oil on canvas,130.0,180.0,100,,1,CatBoost,False,11006400,24448185.900012918,1.2212699792859534,2.2212699792859536
Wal Chirachaisakul,Dream Percipitation,2024.0,Oil on canvas,130.0,180.0,100,,1,CatBoost,False,10580200,24448185.900012918,1.310748936694289,2.310748936694289
Wal Chirachaisakul,The Immigrant,2022.0,Oil on linen,135.0,180.0,120,,1,CatBoost,False,10580200,26369148.413828544,1.49231095951197,2.49231095951197
Wal Chirachaisakul,The Capital,2023.0,Acrylic on canvas,130.0,130.0,80,,1,CatBoost,False,6378600,18177752.716971945,1.8498028904417811,2.849802890441781
Wal Chirachaisakul,Joy Joy,2024.0,Oil on canvas,100.0,140.0,60,,1,CatBoost,False,7200600,15781473.184969474,1.1916886349706237,2.1916886349706237
Jaeyeon Leem,Eros and Snake,2024.0,Oil on canvas,57.0,57.0,15,1995.0,1,CatBoost,False,1050500,1398100.5508332318,0.33089057670940675,1.3308905767094068
Jaeyeon Leem,White or wings,2023.0,Oil on canvas,65.1,90.9,30,1995.0,1,CatBoost,False,2085600,3301102.4016535264,0.582807058713812,1.582807058713812
Jaeyeon Leem,Heavenly Whispers,2023.0,Oil on canvas,130.3,162.2,100,1995.0,1,CatBoost,False,4627900,7268632.4471447235,0.57061138899819,1.57061138899819
Jaeyeon Leem,Eros and Art nouveau pattern,2024.0,Oil on canvas,65.1,90.9,30,1995.0,1,CatBoost,False,2085600,3287788.8955802857,0.5764235210875939,1.5764235210875939
Jaeyeon Leem,He and She,2024.0,Oil on canvas,53.0,72.7,15,1995.0,1,CatBoost,False,1613700,2088966.7381857573,0.2945198848520526,1.2945198848520527
Jaeyeon Leem,Arrow of Eros,2024.0,Oil on canvas,45.5,45.5,8,1995.0,1,CatBoost,False,806900,1067416.3141691634,0.322860719009993,1.322860719009993
Jaeyeon Leem,Poetic series,2024.0,Oil on canvas,53.0,72.7,15,1995.0,1,CatBoost,False,1613700,2088966.7381857573,0.2945198848520526,1.2945198848520527
Jaeyeon Leem,Veiled series 3,2024.0,Oil on canvas,121.1,162.2,100,1995.0,1,CatBoost,False,5206400,8635927.916568525,0.6587138745713977,1.6587138745713976
Jaeyeon Leem,Three women,2022.0,Oil on canvas,97.0,145.5,60,1995.0,1,CatBoost,False,4627900,7356717.101896437,0.589644785301419,1.589644785301419
Jaeyeon Leem,Veiled series 2,2024.0,Oil on canvas,91.0,116.8,50,1995.0,1,CatBoost,False,3470900,5019384.409417546,0.4461333975100252,1.4461333975100252
Jaeyeon Leem,VENUS,2022.0,Oil on canvas,112.1,193.9,100,1995.0,1,CatBoost,False,5769600,10462378.413816078,0.8133628698377838,1.813362869837784
Nature Haan,Pine Tree,2020.0,Oil painting on cotton,103.0,85.0,50,1996.0,1,CatBoost,False,3000000,4102590.3696816973,0.36753012322723244,1.3675301232272326
Nature Haan,When I think the grandmother’s house,2021.0,Oil painting on cotton,130.0,100.0,60,1996.0,1,CatBoost,False,4200000,6487274.734021796,0.5445892223861419,1.544589222386142
Nature Haan,Sadang Station,2019.0,Oil painting on cotton,110.0,100.0,60,1996.0,1,CatBoost,False,2400000,5166128.4773256695,1.152553532219029,2.152553532219029
Nature Haan,Special sunny day,2020.0,Oil painting on cotton,80.0,69.0,25,1996.0,1,CatBoost,False,2200000,2735433.8155987603,0.24337900709034557,1.2433790070903457
Nature Haan,Empty seats at Cafe,2021.0,Oil painting on cotton,125.0,112.6,60,1996.0,1,CatBoost,False,5400000,5531910.924614043,0.024427949002600553,1.0244279490026005
Nature Haan,W/M,2018.0,Charcoal on paper,78.8,108.1,50,1996.0,1,CatBoost,False,3000000,4770498.123613645,0.5901660412045484,1.5901660412045484
Nature Haan,Spreading sun set,2019.0,Oil painting on cotton,180.0,100.0,80,1996.0,1,CatBoost,False,6500000,9636646.31580272,0.48256097166195683,1.4825609716619568
Nature Haan,My personal cigarette,2017.0,Oil painting on cotton,85.0,80.0,40,1996.0,1,CatBoost,False,3000000,3161949.0480333003,0.05398301601110011,1.0539830160111001
Nature Haan,Sunrise A.P.T,2020.0,Oil painting on cotton,115.0,130.0,80,1996.0,1,CatBoost,False,4200000,6075752.964952592,0.4466078487982361,1.4466078487982361
Nature Haan,Seoul Sadang police station,2021.0,Oil painting on cotton,58.0,68.0,20,1996.0,1,CatBoost,False,1700000,1953477.4186229305,0.1491043638958415,1.1491043638958416
Nature Haan,The night of fish market,2020.0,Oil painting on cotton,152.0,130.0,100,1996.0,1,CatBoost,False,5400000,7235118.83698226,0.3398368216633816,1.3398368216633816
Nature Haan,Red rest,2020.0,Oil painting on cotton,65.0,55.0,15,1996.0,1,CatBoost,False,2100000,1598379.0253731725,0.23886713077467978,0.7611328692253202
Greg Haberny,Untitled Cats,2024.0,Painting,91.4,61.0,25,1975.0,3,CatBoost,False,15071000,9315460.43669606,0.381895001214514,0.6181049987854861
Greg Haberny,Untitled,2024.0,Sculpture,12.7,22.9,1,1975.0,3,CatBoost,False,3349200,1792245.941948308,0.46487341993660936,0.5351265800633906
Greg Haberny,Cat in the box,2024.0,Painting,14.0,22.9,1,1975.0,3,CatBoost,False,3014200,1753874.5226765282,0.41812934686599157,0.5818706531340084
Greg Haberny,Untitled,2024.0,Sculpture,20.3,20.3,1,1975.0,3,CatBoost,False,3349200,1339424.913475955,0.6000761634193374,0.3999238365806625
Greg Haberny,Cats and Rainbows,2024.0,Painting,88.9,69.9,30,1975.0,3,CatBoost,False,8372800,8566609.352851748,0.023147495802091113,1.0231474958020912
Greg Haberny,Untitled,2024.0,Sculpture,17.8,17.8,1,1975.0,3,CatBoost,False,3349200,1338802.0642094505,0.6002621329841602,0.39973786701583974
Greg Haberny,Untitled,2024.0,Sculpture,17.8,17.8,1,1975.0,3,CatBoost,False,3349200,1338802.0642094505,0.6002621329841602,0.39973786701583974
Greg Haberny,Cat in the Box,2024.0,Painting,12.7,20.3,0,1975.0,3,CatBoost,False,3014200,1765307.6940403667,0.41433624376605177,0.5856637562339482
Greg Haberny,Mars Cat,2024.0,Painting,50.8,61.0,12,1975.0,3,CatBoost,False,6698300,3287594.4496269333,0.5091897272999218,0.49081027270007815
Greg Haberny,Untitled,2024.0,Sculpture,20.3,20.3,1,1975.0,3,CatBoost,False,3349200,1339424.913475955,0.6000761634193374,0.3999238365806625
Greg Haberny,Cat in the Box,2024.0,Painting,12.7,21.6,1,1975.0,3,CatBoost,False,3014200,1750358.1176708976,0.4192959598995098,0.5807040401004903
Greg Haberny,Cat With Zippers,2024.0,Painting,27.9,35.6,4,1975.0,3,CatBoost,False,5023700,2303482.140244058,0.5414769711081359,0.45852302889186414
YOUNGHWAN PARK,warmth,,White Porcelain with Blue Underglaze,22.0,22.0,2,1998.0,1,CatBoost,False,800000,440273.83324631624,0.44965770844210473,0.5503422915578953
YOUNGHWAN PARK,Ruminating (반추),,Ink on Korean Paper (Hanji),89.4,145.5,60,1998.0,1,CatBoost,False,8000000,5621188.12078658,0.29735148490167745,0.7026485150983225
YOUNGHWAN PARK,Contemplation,,Ink on hanji,89.4,145.5,60,1998.0,1,CatBoost,False,8000000,5440726.525138732,0.31990918435765847,0.6800908156423415
YOUNGHWAN PARK,Ruminating (반추),,Ink on Korean Paper (Hanji),60.0,145.5,50,1998.0,1,CatBoost,False,6000000,4545577.081069647,0.24240381982172546,0.7575961801782746
YOUNGHWAN PARK,Contemplation,,Ink on hanji,162.2,130.1,100,1998.0,1,CatBoost,False,10000000,6049802.956058332,0.39501970439416684,0.6049802956058332
YOUNGHWAN PARK,at the cliff,,Ink on hanji,60.0,60.0,15,1998.0,1,CatBoost,False,2000000,1377809.4416091521,0.31109527919542396,0.6889047208045761
YOUNGHWAN PARK,We in White Memory,,Ink on hanji,65.1,50.0,15,1998.0,1,CatBoost,False,1500000,1582900.3060401618,0.05526687069344117,1.0552668706934412
Minjung Key,We are all in the waves (sunset),2024.0,Color on Korean Soonji paper,89.0,138.0,60,1986.0,2,CatBoost,False,6000000,9310904.00150945,0.5518173335849084,1.5518173335849084
Minjung Key,Sherbet punch lines series 2,2024.0,"2 pieces of glass, Hanji and acrylic",43.5,43.5,8,1986.0,2,CatBoost,False,2000000,1702123.172656214,0.14893841367189295,0.851061586328107
Minjung Key,We are all in the waves (20 Sep. 2024),2024.0,Colors on Hanji & acrylic on silk,280.0,200.0,300,1986.0,2,CatBoost,False,20000000,25930729.508111563,0.29653647540557815,1.2965364754055781
Minjung Key,We are all in the waves (11 Sep. 2024),2024.0,Colors on Hanji & acrylic on silk,280.0,200.0,300,1986.0,2,CatBoost,False,20000000,25930729.508111563,0.29653647540557815,1.2965364754055781
Minjung Key,Sherbet punch lines(Floating violet mood),2024.0,Korean paper between two sheets of glass and color,45.0,45.0,8,1986.0,2,CatBoost,False,2000000,1702956.926576673,0.14852153671166346,0.8514784632883365
Minjung Key,We are all in the waves (sunset_3),2024.0,Color on Korean Soonji paper,89.0,138.0,60,1986.0,2,CatBoost,False,6000000,9357887.37136045,0.5596478952267415,1.5596478952267414
Minjung Key,Self-portrait,2024.0,Colors on Hanji,72.0,72.0,25,1986.0,2,CatBoost,False,2000000,3788928.9764711647,0.8944644882355823,1.8944644882355823
Minjung Key,Sherbet punch lines series 1,2024.0,"2 pieces of glass, Hanji and acrylic",43.5,43.5,8,1986.0,2,CatBoost,False,2000000,1702123.172656214,0.14893841367189295,0.851061586328107
Minjung Key,Sherbet punch lines series 3,2024.0,"2 pieces of glass, Hanji and acrylic",43.5,43.5,8,1986.0,2,CatBoost,False,2000000,1702123.172656214,0.14893841367189295,0.851061586328107
Minjung Key,The winds move,2019.0,Color on Korean paper,34.5,44.0,6,1986.0,2,CatBoost,False,2000000,1697926.7930686667,0.15103660346566664,0.8489633965343334
Sanggyun Lee,Box Culvert Exit Channel,2021.0,"Oil, ink line, marker, alkyd, wax on canvas",97.0,193.9,80,1990.0,2,CatBoost,False,6393800,14531313.239110647,1.2727193905206053,2.2727193905206056
Sanggyun Lee,Spillway Grout,2021.0,"Oil, marker, alkyd, wax on canvas",162.2,130.3,100,1990.0,2,CatBoost,False,5000000,10281616.077190736,1.0563232154381472,2.0563232154381472
Sanggyun Lee,Signboards,2020.0,"Oil, alkyd, wax on canvas",27.3,27.3,3,1990.0,2,CatBoost,False,500000,954629.0103092593,0.9092580206185186,1.9092580206185186
Sanggyun Lee,Spillway Strong Current Part,2021.0,"Oil, ink line, alkyd, wax on canvas",89.4,145.5,60,1990.0,2,CatBoost,False,4000000,10355844.546247238,1.5889611365618095,2.5889611365618097
Sanggyun Lee,Aqueduct Bridge,2020.0,"Oil, alkyd, wax on canvas",53.0,53.0,12,1990.0,2,CatBoost,False,1500000,1866574.8501890062,0.24438323345933746,1.2443832334593374
Sanggyun Lee,Reinforced Earth Wall,2020.0,"Oil, alkyd, wax on canvas",27.3,45.5,5,1990.0,2,CatBoost,False,800000,1712415.8165572174,1.1405197706965218,2.1405197706965216
Sanggyun Lee,Bridge Slab,2021.0,"Acrylic, ink line, sand, modeling paste, gel medium on canvas",336.3,162.2,200,1990.0,2,CatBoost,False,12939800,35350704.101976536,1.7319358956070834,2.731935895607083
Sanggyun Lee,Untitled,2020.0,Oil on canvas,17.9,25.8,2,1990.0,2,CatBoost,False,350000,1112499.3037065594,2.178569439161598,3.178569439161598
Sanggyun Lee,Low Water Revetment Riprap Works,2021.0,"Oil, marker, alkyd, wax on canvas",130.3,162.2,100,1990.0,2,CatBoost,False,5000000,10281616.077190736,1.0563232154381472,2.0563232154381472
Sim Jaewon,달항아리 시편,2025.0,Sculpture,15.0,15.0,0,,1,CatBoost,False,200000,1079468.1556052654,4.397340778026327,5.397340778026327
Sim Jaewon,달항아리,,Sculpture,15.0,15.0,0,,1,CatBoost,False,220000,1052731.476069119,3.7851430730414504,4.78514307304145
Sim Jaewon,달항아리,,Sculpture,15.0,15.0,0,,1,CatBoost,False,220000,1052731.476069119,3.7851430730414504,4.78514307304145
Sim Jaewon,달항아리,,Sculpture,18.0,20.0,1,,1,CatBoost,False,580000,1071655.726779371,0.8476822875506397,1.8476822875506398
Sim Jaewon,달항아리,,Sculpture,15.0,15.0,0,,1,CatBoost,False,220000,1052731.476069119,3.7851430730414504,4.78514307304145
Sim Jaewon,백자달항아리,,Sculpture,30.0,33.0,4,,1,CatBoost,False,2500000,1553328.319053986,0.37866867237840557,0.6213313276215945
Sim Jaewon,소반,2025.0,Sculpture,20.0,20.0,1,,1,CatBoost,False,650000,1103299.2209241947,0.6973834168064533,1.6973834168064534
Sim Jaewon,달항아리,,Sculpture,18.0,20.0,1,,1,CatBoost,False,580000,1071655.726779371,0.8476822875506397,1.8476822875506398
Sim Jaewon,소반,2025.0,Sculpture,20.0,20.0,1,,1,CatBoost,False,650000,1103299.2209241947,0.6973834168064533,1.6973834168064534
Sim Jaewon,소반,2025.0,Sculpture,20.0,20.0,1,,1,CatBoost,False,650000,1103299.2209241947,0.6973834168064533,1.6973834168064534
Sim Jaewon,백자달항아리,,Sculpture,24.0,20.0,2,,1,CatBoost,False,1500000,1072020.2435134337,0.28531983765771085,0.7146801623422891
Gon Jeong,taste,2022.0,Acrylic on canvas,117.0,90.0,50,1994.0,1,CatBoost,False,2300000,5356323.989404945,1.3288365171325847,2.3288365171325847
Gon Jeong,i will be a star,2022.0,Acrylic on canvas,80.0,80.0,30,1994.0,1,CatBoost,False,1800000,2751199.677680196,0.5284442653778866,1.5284442653778865
Gon Jeong,Freedom,2021.0,Acrylic on canvas,45.0,60.0,12,1994.0,1,CatBoost,False,700000,1710308.3717219767,1.4432976738885381,2.443297673888538
Gon Jeong,"I miss you, but let's hang in there",2022.0,Acrylic on canvas,91.0,73.0,40,1994.0,1,CatBoost,False,1550000,3119296.5466752425,1.0124493849517693,2.0124493849517693
Gon Jeong,encore,2022.0,"Acrylic, gold leaf on canvas",91.0,91.0,50,1994.0,1,CatBoost,False,2300000,4020770.46459774,0.7481610715642348,1.7481610715642348
Gon Jeong,Salvation,2020.0,Acrylic on canvas,46.0,63.0,12,1994.0,1,CatBoost,False,820000,1761184.003389292,1.1477853699869414,2.1477853699869414
Gon Jeong,rest,2022.0,Acrylic on canvas,91.0,117.0,50,1994.0,1,CatBoost,False,2300000,5385013.851961554,1.3413103704180669,2.341310370418067
JIYOUNG LEE,Our 2,2025.0,"Pencil on jangji, acrylics",24.5,33.5,3,1980.0,3,CatBoost,False,2131300,1272923.5356085466,0.40274783671536313,0.5972521632846369
JIYOUNG LEE,Our 4,2025.0,"Pencil on jangji, acrylics",24.5,33.5,3,1980.0,3,CatBoost,False,2131300,1272923.5356085466,0.40274783671536313,0.5972521632846369
JIYOUNG LEE,Our 1,2025.0,"Pencil on jangji, acrylics",24.5,33.5,3,1980.0,3,CatBoost,False,2131300,1272923.5356085466,0.40274783671536313,0.5972521632846369
JIYOUNG LEE,forest stage II,2021.0,"Pencil, color pencil on paper",91.0,117.0,50,1980.0,3,CatBoost,False,7500000,11128626.156400796,0.48381682085343947,1.4838168208534395
JIYOUNG LEE,Our 3,2025.0,"Pencil on jangji, acrylics",24.5,33.5,3,1980.0,3,CatBoost,False,2131300,1272923.5356085466,0.40274783671536313,0.5972521632846369
JIYOUNG LEE,Animal house - The swan mask,2023.0,Pencil on paper,24.0,31.0,3,1980.0,3,CatBoost,False,1000000,1422743.4566226052,0.4227434566226052,1.4227434566226052
JIYOUNG LEE,CHOICE,2017.0,Pencil and colored pencil on paper,92.5,118.5,60,1980.0,3,CatBoost,False,7500000,12484605.82090549,0.6646141094540653,1.6646141094540654
Chang Sook Young,Color of Charity,2022.0,"Pastel, gouache on canvas",146.3,97.4,60,1952.0,4,CatBoost,False,11000000,38578057.82207763,2.507096165643421,3.507096165643421
Chang Sook Young,Resonance Moment,2022.0,"Pastel, gouache on canvas",34.0,43.0,6,1952.0,4,CatBoost,False,2400000,6019864.354108784,1.5082768142119936,2.5082768142119933
Chang Sook Young,Hommage to Raymond Briggs,2023.0,"Pastel, gouache on canvas",63.0,70.5,20,1952.0,4,CatBoost,False,3600000,9713610.096199315,1.698225026722032,2.698225026722032
Chang Sook Young,Snowman,2023.0,"Pastel, gouache on canvas",68.0,88.5,30,1952.0,4,CatBoost,False,3800000,15969764.65567402,3.202569646230005,4.202569646230005
Chang Sook Young,Resonance Moment,2022.0,"Pastel, gouache on canvas",34.0,43.0,6,1952.0,4,CatBoost,False,2400000,6019864.354108784,1.5082768142119936,2.5082768142119933
Chang Sook Young,Resonance Moment,2022.0,"Pastel, gouache on canvas",34.0,43.0,6,1952.0,4,CatBoost,False,2400000,6019864.354108784,1.5082768142119936,2.5082768142119933
Chang Sook Young,The Moment of Creation,2022.0,"Pastel, gouache on canvas",46.0,53.0,10,1952.0,4,CatBoost,False,3200000,5844953.638095913,0.826548011904973,1.8265480119049728
Chang Sook Young,Life is a game,2023.0,"Pastel, oil pastel on canvas",24.0,24.0,2,1952.0,4,CatBoost,False,960000,2746096.4702496943,1.8605171565100982,2.8605171565100984
Chang Sook Young,Sacrament,2023.0,"Pastel, oil pastel on canvas",70.0,70.0,25,1952.0,4,CatBoost,False,4200000,12727272.896821208,2.0303030706717164,3.0303030706717164
Chang Sook Young,Hommage to raymond briggs,2022.0,"Pastel, gouache on canvas",34.5,79.0,12,1952.0,4,CatBoost,False,3200000,10475909.108433288,2.2737215963854025,3.2737215963854025
Prae Pupityastaporn,Terrarium,2022.0,Acrylic on Canvas,25.0,35.0,3,1981.0,3,CatBoost,False,2664100,1687739.3893667904,0.3664879736621034,0.6335120263378966
Hey Sook YOO,K220624,2022.0,"acrylic, ink, colored pencil on canvas",130.3,162.2,100,1964.0,4,CatBoost,False,22000000,28453363.050221793,0.2933346841009906,1.2933346841009905
Hey Sook YOO,K230507,2023.0,"acrylic, ink on canvas",160.0,200.0,150,1964.0,4,CatBoost,False,28000000,46655359.33629067,0.6662628334389525,1.6662628334389527
Hey Sook YOO,Untitled,2017.0,"acrylic, graphite on canvas",50.0,60.6,12,1964.0,4,CatBoost,False,1700000,4652811.802278411,1.7369481189873004,2.7369481189873004
Hey Sook YOO,Untitled,2017.0,"acrylic, graphite on canvas",50.0,60.6,12,1964.0,4,CatBoost,False,1700000,4652811.802278411,1.7369481189873004,2.7369481189873004
Hey Sook YOO,K211220,2021.0,"acrylic, colored pencil on canvas",53.0,45.5,10,1964.0,4,CatBoost,False,4500000,3670527.20467002,0.1843272878511067,0.8156727121488934
Hey Sook YOO,K250201,2025.0,"acrylic, ink on canvas",45.5,53.0,10,1964.0,4,CatBoost,False,4500000,3322376.5589429596,0.2616940980126756,0.7383059019873244
Hey Sook YOO,K211222,2021.0,"acrylic, colored pencil on canvas",53.0,45.5,10,1964.0,4,CatBoost,False,4500000,3670527.20467002,0.1843272878511067,0.8156727121488934
Hey Sook YOO,K250723,2025.0,"acrylic, ink, colored pencil on canvas",45.5,53.0,10,1964.0,4,CatBoost,False,4500000,3322376.5589429596,0.2616940980126756,0.7383059019873244
Hey Sook YOO,K220000,2022.0,acrylic on canvas,22.0,27.0,2,1964.0,4,CatBoost,False,2500000,1861397.158219439,0.2554411367122244,0.7445588632877755
Hey Sook YOO,K250812,2025.0,"acrylic, ink colored pencil on canvas",90.5,90.5,40,1964.0,4,CatBoost,False,12000000,10473740.29311731,0.12718830890689076,0.8728116910931092
Hey Sook YOO,Untitled,2017.0,"acrylic, graphite on canvas",50.0,60.6,12,1964.0,4,CatBoost,False,1700000,4652811.802278411,1.7369481189873004,2.7369481189873004
Juli Baker and Summer,Rainy Forrest,,Acrylic and inktense pencil on canvas,30.0,30.0,3,,1,CatBoost,False,2277400,1284640.5040013604,0.43591793097332027,0.5640820690266797
Juli Baker and Summer,Reindeer Ride,,Acrylic and inktense pencil on canvas,110.0,30.0,15,,1,CatBoost,False,3273700,3615813.7163772983,0.10450368585310149,1.1045036858531014
Juli Baker and Summer,"Pick Berry, Pick Feelings, Pick Sunset",,"Acrylic, oil marker, and inktense pencil on canvas",100.0,120.0,60,,1,CatBoost,False,3558300,9968627.830340423,1.8015141585421193,2.801514158542119
Juli Baker and Summer,"A conversation between us, 2024",,Ceramic,32.0,26.0,3,,1,CatBoost,False,948900,1177064.1978422918,0.24045125707903023,1.2404512570790303
Juli Baker and Summer,The Myth of Trolls,,Acrylic and inktense pencil on canvas,30.0,30.0,3,,1,CatBoost,False,2277400,1284640.5040013604,0.43591793097332027,0.5640820690266797
Juli Baker and Summer,"Tree of Life, 2024",,Ceramic,38.0,39.0,6,,1,CatBoost,False,1660600,1869713.633264889,0.1259265526104354,1.1259265526104354
Juli Baker and Summer,Butterfly snail,,Ceramic,30.0,17.0,2,,1,CatBoost,False,616800,1370692.5382572184,1.2222641670836876,2.2222641670836873
Juli Baker and Summer,Midnight Lake in Tromso,,Acrylic and inktense pencil on canvas,50.0,50.0,10,,1,CatBoost,False,2467100,2591569.5947173713,0.05045178335591232,1.0504517833559124
Juli Baker and Summer,"Lady butterfly, 2024",,Ceramic,28.0,27.0,3,,1,CatBoost,False,782900,1213559.458441858,0.5500823329184544,1.5500823329184543
Juli Baker and Summer,Take some time,,Ceramic,38.0,13.0,2,,1,CatBoost,False,616800,1415670.9669160421,1.2951863925357363,2.295186392535736
Juli Baker and Summer,Things to Look Forward to,,Acrylic and oil marker on canvas,170.0,200.0,150,,1,CatBoost,False,4222500,24769160.259732448,4.865994140848419,5.865994140848419
Haeeun Hong,Blending with TOOLS no. 7,2022.0,Oil on canvas,162.2,130.3,100,1987.0,2,CatBoost,False,8000000,12025938.86592108,0.503242358240135,1.503242358240135
Haeeun Hong,Color Sample_The United States,2018.0,Oil on canvas,97.0,130.3,60,1987.0,2,CatBoost,False,4200000,10404452.831308432,1.4772506741210552,2.477250674121055
Haeeun Hong,Crescent,2020.0,Oil on canvas,72.7,72.7,25,1987.0,2,CatBoost,False,2400000,3975934.6700703218,0.6566394458626341,1.6566394458626341
Haeeun Hong,Color Sample_Reflection,2017.0,Oil on canvas,80.3,130.3,50,1987.0,2,CatBoost,False,4200000,9941922.833083076,1.367124484067399,2.367124484067399
Haeeun Hong,Cutting mat,2020.0,Oil on canvas,72.7,72.7,25,1987.0,2,CatBoost,False,2400000,3975934.6700703218,0.6566394458626341,1.6566394458626341
Haeeun Hong,Blending with TOOLS no. 11,2022.0,Oil on canvas,227.3,181.8,200,1987.0,2,CatBoost,False,10500000,23626328.56186597,1.250126529701521,2.250126529701521
Haeeun Hong,Blending with TOOLS no. 8,2022.0,Acrylic and rope on canvas,162.2,130.3,100,1987.0,2,CatBoost,False,8000000,12509190.22638931,0.5636487782986637,1.5636487782986637
Haeeun Hong,How to make -the illusion,2021.0,Color pencil on paper,45.0,45.0,8,1987.0,2,CatBoost,False,1400000,1732322.9089938346,0.2373735064241676,1.2373735064241675
Haeeun Hong,Allow or block,2020.0,Oil on canvas,72.7,72.7,25,1987.0,2,CatBoost,False,2400000,3975934.6700703218,0.6566394458626341,1.6566394458626341
Haeeun Hong,Blending with TOOLS no. 6,2022.0,Acrylic on canvas,91.9,116.8,50,1987.0,2,CatBoost,False,4000000,8064169.830407107,1.0160424576017768,2.016042457601777
CHO MINA,Moving and breathing things,2024.0,"Color on paper, collage",60.0,72.0,20,1986.0,2,CatBoost,False,3000000,2835300.2316547087,0.054899922781763755,0.9451000772182363
CHO MINA,Today's Collection,2024.0,"Color on paper, collage",72.0,90.0,30,1986.0,2,CatBoost,False,3300000,4619145.607066617,0.3997410930504901,1.39974109305049
CHO MINA,A moving shape,2022.0,Color on Paper,145.5,112.1,80,1986.0,2,CatBoost,False,6600000,12168571.428455744,0.8437229437054158,1.8437229437054157
CHO MINA,Warp and Weft,2025.0,Color and collage on Korean paper (Jangji),65.0,91.0,30,1986.0,2,CatBoost,False,3200000,4919984.234081244,0.5374950731503888,1.5374950731503887
CHO MINA,Tiny Glimmers,2024.0,Color and collage on Korean paper (Jangji),50.0,65.0,15,1986.0,2,CatBoost,False,1900000,2737815.303529106,0.44095542291005585,1.4409554229100558
CHO MINA,Misleading signals,2025.0,Color  on Korean paper (Jangji),60.6,40.9,10,1986.0,2,CatBoost,False,1300000,2370868.393329633,0.8237449179458715,1.8237449179458716
CHO MINA,Modeling Bead,2025.0,Color and collage on Korean paper (Jangji),41.0,53.0,10,1986.0,2,CatBoost,False,900000,2150052.5904354136,1.3889473227060152,2.388947322706015
CHO MINA,Place of Arrival,2025.0,Color on Korean paper (Jangji),54.0,92.0,25,1986.0,2,CatBoost,False,2700000,4849187.231555293,0.7959952709464049,1.7959952709464049
CHO MINA,The moment of blooming,2023.0,Color on Paper,24.0,34.0,3,1986.0,2,CatBoost,False,440000,1079604.8391096657,1.4536473616128767,2.4536473616128767
CHO MINA,Among the Flowers of the sun,2025.0,Color on Korean paper (Jangji),91.0,116.8,50,1986.0,2,CatBoost,False,4300000,7563981.694391936,0.7590655103237061,1.759065510323706
CHO MINA,Busy movement,2024.0,"Color on paper, collage",53.0,65.0,15,1986.0,2,CatBoost,False,1650000,2275664.1715964032,0.3791904070281232,1.3791904070281231
Jihye,Hibernation 1,2023.0,Pigment based inkjet print SINUS premium matte canvas 380g,14.8,21.0,1,1993.0,1,CatBoost,False,654600,675444.691261757,0.031843402477477925,1.0318434024774779
Jihye,In an unknown realm 2,2023.0,Pigment based inkjet print SINUS premium matte canvas 380g,14.8,21.0,1,1993.0,1,CatBoost,False,654600,675444.691261757,0.031843402477477925,1.0318434024774779
Jihye,In an unknown realm 1,2023.0,Pigment based inkjet print SINUS premium matte canvas 380g,14.8,21.0,1,1993.0,1,CatBoost,False,654600,675444.691261757,0.031843402477477925,1.0318434024774779
Jihye,Under the small light 2,2023.0,Pigment based inkjet print SINUS premium matte canvas 380g,14.8,21.0,1,1993.0,1,CatBoost,False,654600,675444.691261757,0.031843402477477925,1.0318434024774779
Jihye,Ginger Lemon Tea,2023.0,Pigment based inkjet print SINUS premium matte canvas 380g,24.0,30.0,3,1993.0,1,CatBoost,False,654600,809933.718422912,0.23729562851040628,1.2372956285104062
Jihye,Morning Once Again,2023.0,Pigment based inkjet print SINUS premium matte canvas 380g,14.8,21.0,1,1993.0,1,CatBoost,False,654600,675444.691261757,0.031843402477477925,1.0318434024774779
Jihye,Hibernation 2,2023.0,Pigment based inkjet print SINUS premium matte canvas 380g,14.8,21.0,1,1993.0,1,CatBoost,False,654600,675444.691261757,0.031843402477477925,1.0318434024774779
Jihye,Steamy Glasses,2023.0,Pigment based inkjet print SINUS premium matte canvas 380g,14.8,21.0,1,1993.0,1,CatBoost,False,654600,675444.691261757,0.031843402477477925,1.0318434024774779
Jihye,Under the small light 1,2023.0,Pigment based inkjet print SINUS premium matte canvas 380g,14.8,21.0,1,1993.0,1,CatBoost,False,654600,675444.691261757,0.031843402477477925,1.0318434024774779
Jihye,The Beginning of Winter,2023.0,Pigment based inkjet print SINUS premium matte canvas 380g,24.0,30.0,3,1993.0,1,CatBoost,False,654600,809933.718422912,0.23729562851040628,1.2372956285104062
Jihye,Under the small light 3,2023.0,Pigment based inkjet print SINUS premium matte canvas 380g,24.0,30.0,3,1993.0,1,CatBoost,False,654600,809933.718422912,0.23729562851040628,1.2372956285104062
Jungkee Son,A Forest that Asks Nothing,,Acrylic on canvas,91.0,116.8,50,1991.0,2,XGBoost,True,7413700,6830164.5,0.07871042799142129,0.9212895720085787
Jungkee Son,To the Distant Wood,,Acrylic on canvas,72.7,90.9,40,1991.0,2,XGBoost,True,4323400,4444032.0,0.027902114076883935,1.027902114076884
Jungkee Son,Walking Alone,,Acrylic on canvas,72.7,90.9,40,1991.0,2,XGBoost,True,4323400,4444032.0,0.027902114076883935,1.027902114076884
Jungkee Son,Through the Forest,,Acrylic on canvas,112.1,145.5,80,1991.0,2,XGBoost,True,10869400,11033218.0,0.015071485086573315,1.0150714850865734
Jungkee Son,Paths,,Acrylic on canvas,112.1,145.5,80,1991.0,2,XGBoost,True,10869400,11033218.0,0.015071485086573315,1.0150714850865734
Jungkee Son,Beyond Uncertainty,,Acrylic on canvas,72.7,90.9,40,1991.0,2,XGBoost,True,4323400,4444032.0,0.027902114076883935,1.027902114076884
Jungkee Son,A Journey Into Uncertainty,,Acrylic on canvas,91.0,116.8,50,1991.0,2,XGBoost,True,7413700,6830164.5,0.07871042799142129,0.9212895720085787
Jungkee Son,Winter Forest,,Acrylic on canvas,130.3,162.2,100,1991.0,2,XGBoost,True,12970200,12107639.0,0.06650329216203296,0.933496707837967
Jungkee Son,The Way of Silence,,Acrylic on canvas,72.7,90.9,40,1991.0,2,XGBoost,True,4323400,4444032.0,0.027902114076883935,1.027902114076884
Jieun Kim,Model House in Hwaseong #1-Drawing,,Digital C Print / graphite on yupo translucent paper,42.0,29.7,5,,1,CatBoost,False,1294000,1742946.4056088817,0.3469446720315933,1.3469446720315934
Jieun Kim,Gallery Wall #2-Drawing,,Digital C Print / graphite on yupo translucent paper,42.0,29.7,5,,1,CatBoost,False,1294000,1742946.4056088817,0.3469446720315933,1.3469446720315934
Jieun Kim,Apartment Color: Trend vs Le Corbusier,,"self adhesive film on cardboard, size variable",210.0,199.0,200,,1,CatBoost,False,7916100,24197361.85500514,2.056727663243913,3.056727663243913
Jieun Kim,Gallery Wall #1-Drawing,,Digital C Print / graphite on yupo translucent paper,42.0,29.7,5,,1,CatBoost,False,1294000,1742946.4056088817,0.3469446720315933,1.3469446720315934
Jieun Kim,Gallery Wall #3-Drawing,,Digital C Print / graphite on yupo translucent paper,42.0,29.7,5,,1,CatBoost,False,1294000,1742946.4056088817,0.3469446720315933,1.3469446720315934
Seungwon Yang,Overwrite #24,2022.0,Archival Pigment Print,36.0,45.0,8,1984.0,2,XGBoost,True,2000000,1807617.625,0.0961911875,0.9038088125
Seungwon Yang,Overwrite #44,2022.0,Archival Pigment Print,34.0,42.5,6,1984.0,2,XGBoost,True,2000000,1882269.0,0.0588655,0.9411345
Seungwon Yang,Overwrite #43,2022.0,Archival Pigment Print,34.0,42.5,6,1984.0,2,XGBoost,True,2000000,1882269.0,0.0588655,0.9411345
Seungwon Yang,Overwrite #23,2022.0,Archival Pigment Print,36.0,45.0,8,1984.0,2,XGBoost,True,2000000,1807617.625,0.0961911875,0.9038088125
Seungwon Yang,Overwrite #32,2022.0,Archival Pigment Print,45.0,36.0,8,1984.0,2,XGBoost,True,2000000,1807617.625,0.0961911875,0.9038088125
Seungwon Yang,Covered Moment #12,2019.0,Archival Pigment Print,29.0,42.0,5,1984.0,2,XGBoost,True,2000000,1236011.25,0.381994375,0.618005625
Seungwon Yang,Covered Moment #7,2019.0,Archival Pigment Print,29.0,42.0,5,1984.0,2,XGBoost,True,2000000,1236011.25,0.381994375,0.618005625
Seungwon Yang,Overwrite #42,2022.0,Archival Pigment Print,36.0,45.0,8,1984.0,2,XGBoost,True,2000000,1807617.625,0.0961911875,0.9038088125
Seungwon Yang,Overwrite #36,2022.0,Archival Pigment Print,34.0,42.5,6,1984.0,2,XGBoost,True,2000000,1882269.0,0.0588655,0.9411345
Seungwon Yang,Overwrite #27,2022.0,Archival Pigment Print,34.0,42.5,6,1984.0,2,XGBoost,True,2000000,1882269.0,0.0588655,0.9411345
Jonghwan Lee,Twist tie2,2021.0,Painting on aluminum,21.0,29.7,3,1994.0,1,XGBoost,True,650000,601339.6875,0.07486201923076923,0.9251379807692308
Jonghwan Lee,Lid,2021.0,Painting on aluminum,21.0,29.7,3,1994.0,1,XGBoost,True,650000,601339.6875,0.07486201923076923,0.9251379807692308
Jonghwan Lee,Wipe #1,2020.0,"Painting, graphite on wood, woodcut",130.0,194.0,120,1994.0,1,XGBoost,True,5500000,9580215.0,0.7418572727272728,1.7418572727272728
Jonghwan Lee,Eye,2022.0,"Painting on wood, woodcut and gypsum",114.0,117.0,60,1994.0,1,XGBoost,True,3500000,5237208.5,0.4963452857142857,1.4963452857142858
Jonghwan Lee,Route-crash,2021.0,"Painting on wood, woodcut",145.4,90.9,60,1994.0,1,XGBoost,True,3200000,6166268.5,0.92695890625,1.92695890625
Jonghwan Lee,Twist tie,2021.0,Painting on aluminum,25.3,34.4,3,1994.0,1,XGBoost,True,650000,642097.625,0.0121575,0.9878425
Minji Ryu,Untitled,2017.0,Oil on canvas,50.0,50.0,10,1988.0,2,CatBoost,False,883000,2064961.8922042546,1.3385751893592919,2.338575189359292
Minji Ryu,Flowery,2020.0,Oil on canvas,89.4,130.3,60,1988.0,2,CatBoost,False,3805800,9550896.904312694,1.5095635357382664,2.5095635357382666
Minji Ryu,The shape of leaves,2019.0,Oil on canvas,53.0,45.5,10,1988.0,2,CatBoost,False,883000,1673163.3793770932,0.8948622643002188,1.8948622643002189
Minji Ryu,A tree with the street lamp,2019.0,Oil on canvas,260.6,162.2,200,1988.0,2,CatBoost,False,10960800,26936777.35428492,1.4575557764291767,2.4575557764291767
Minji Ryu,The color of days,2021.0,Oil on canvas,112.1,162.2,80,1988.0,2,CatBoost,False,6546000,12962610.433748025,0.9802337967839941,1.980233796783994
Soyoung Kwon,Entangled  Flow,,Ink on koreanpaper,90.9,60.6,25,1986.0,2,CatBoost,False,5556500,4738096.006988837,0.14728767983643706,0.8527123201635629
Soyoung Kwon,Abyssal Emanation,,Ink on koreanpaper,72.7,116.8,50,1986.0,2,CatBoost,False,9271000,7062008.463786176,0.2382689608687114,0.7617310391312886
Soyoung Kwon,Breath Between,,Ink on koreanpaper,160.0,100.0,80,1986.0,2,CatBoost,False,18526700,11669399.694856012,0.3701306927377238,0.6298693072622762
Soyoung Kwon,Fading Light,,Ink on koreanpaper,47.1,105.0,25,1986.0,2,CatBoost,False,5556500,4979495.053474446,0.10384323702430562,0.8961567629756944
Soyoung Kwon,Frosted Starlight,,"Ink on koreanpaper, Oil pastel, Conte",75.0,40.0,12,1986.0,2,CatBoost,False,3090400,2557915.482127524,0.1723027821228566,0.8276972178771435
Soyoung Kwon,Frosted Starlight,,"Ink on koreanpaper, Oil pastel, Conte",40.0,75.0,12,1986.0,2,CatBoost,False,3090400,2557915.482127524,0.1723027821228566,0.8276972178771435
Lim Jimin,Love and People,2024.0,oil on canvas,24.2,33.4,3,1986.0,2,CatBoost,False,700000,1235401.4718011203,0.7648592454301719,1.764859245430172
Lim Jimin,I'll give you a ticket,2023.0,oil on canvas,33.4,24.2,3,1986.0,2,CatBoost,False,700000,1255317.573596705,0.7933108194238643,1.7933108194238643
Lim Jimin,Our story,2023.0,oil on canvas,33.4,24.2,3,1986.0,2,CatBoost,False,700000,1255317.573596705,0.7933108194238643,1.7933108194238643
Lim Jimin,Because I miss you 2,2023.0,oil on canvas,33.4,24.2,3,1986.0,2,CatBoost,False,700000,1255317.573596705,0.7933108194238643,1.7933108194238643
Lim Jimin,Ready to leap 1,2023.0,oil on canvas,53.0,45.5,10,1986.0,2,CatBoost,False,1000000,1742493.8558265518,0.7424938558265518,1.7424938558265517
Lim Jimin,Because I miss you 1,2023.0,oil on canvas,33.4,24.2,3,1986.0,2,CatBoost,False,700000,1255317.573596705,0.7933108194238643,1.7933108194238643
Lim Jimin,Go faraway,2023.0,oil on canvas,40.9,27.3,4,1986.0,2,CatBoost,False,800000,1547110.7366700408,0.933888420837551,1.9338884208375509
Lim Jimin,the wishes left behind,2023.0,oil on canvas,37.9,37.9,6,1986.0,2,CatBoost,False,800000,1417380.3862696975,0.7717254828371218,1.7717254828371218
Lim Jimin,Doors that open inward,2024.0,oil on canvas,31.8,40.9,6,1986.0,2,CatBoost,False,800000,1706066.6481496063,1.132583310187008,2.132583310187008
Lim Jimin,light fling,2024.0,oil on canvas,53.0,45.5,10,1986.0,2,CatBoost,False,1000000,1730266.6961235844,0.7302666961235844,1.7302666961235844
JeongWoong Lee,A Flower-Casting Koi,,Oil on Canvas,33.5,21.3,3,1982.0,2,CatBoost,False,1500000,1394171.0579840096,0.07055262801066026,0.9294473719893398
JeongWoong Lee,Tripod and Asymmetry Others,2023.0,Oil on canvas,65.0,65.0,20,1982.0,2,XGBoost,True,5000000,4087472.25,0.18250555,0.81749445
JeongWoong Lee,404 Not Found,2022.0,Oil on canvas,100.0,100.0,50,1982.0,2,XGBoost,True,14000000,8483198.0,0.3940572857142857,0.6059427142857143
JeongWoong Lee,The Bird-Legged Koi That Casts Up Flowers,,Oil on Canvas,65.0,65.0,20,1982.0,2,CatBoost,False,5000000,3203567.9501158143,0.35928640997683714,0.6407135900231629
JeongWoong Lee,404 Not Found,2023.0,Oil on canvas,130.0,130.0,80,1982.0,2,XGBoost,True,20000000,14846365.0,0.25768175,0.74231825
JeongWoong Lee,Rendezvous_ True Survivors,2024.0,Oil on canvas,225.0,91.0,100,1982.0,2,XGBoost,True,26000000,18348730.0,0.2942796153846154,0.7057203846153847
JeongWoong Lee,Burning Faces,2024.0,Oil on canvas,60.5,40.0,10,1982.0,2,XGBoost,True,2400000,2501475.5,0.042281458333333334,1.0422814583333333
JeongWoong Lee,Landing,2024.0,Oil on canvas,65.0,65.0,20,1982.0,2,XGBoost,True,5000000,4111233.75,0.17775325,0.82224675
JeongWoong Lee,A Young Bird-Legged Fish and Two Unattended Vases,,Oil on Canvas,41.0,61.0,10,1982.0,2,CatBoost,False,2400000,2790050.0520688016,0.16252085502866734,1.1625208550286674
Jack Kabangu,Dark face painting (Untitled water boy),2025.0,Mixed media on wood panel,22.0,27.0,2,1996.0,1,CatBoost,False,4719200,476474.09447502607,0.8990349859139205,0.10096501408607944
Jack Kabangu,Dark face painting (Mudder og vand / Mud and water),2025.0,Mixed media on canvas,40.0,40.0,8,1996.0,1,CatBoost,False,7459400,979942.8304514632,0.8686298052857517,0.13137019471424824
Jack Kabangu,"Dark face painting (Snow, Water, Sun)",,Mixed media on wood panel,134.0,158.0,100,1996.0,1,CatBoost,False,26640600,6195125.809791836,0.767455469854589,0.232544530145411
Jack Kabangu,Dark face painting (Blue tears black boy),,Mixed media on wood panel,105.5,154.0,80,1996.0,1,CatBoost,False,23596000,6580839.831391088,0.7211035840230934,0.27889641597690656
Jack Kabangu,Dark face painting (Untitled water boy),,Mixed media on wood panel,47.0,60.0,12,1996.0,1,CatBoost,False,9895100,1476809.2251086272,0.850753481510179,0.14924651848982096
Jack Kabangu,Dark face painting,2025.0,Mixed media on canvas,43.0,33.0,6,1996.0,1,CatBoost,False,7155000,938430.0587076393,0.8688427590904767,0.13115724090952333
Jack Kabangu,Dark face painting (Summer snow 2),,Mixed media on canvas,73.0,93.0,40,1996.0,1,CatBoost,False,15223200,3068170.274461682,0.7984543148311996,0.2015456851688004
Jack Kabangu,Dark face painting (Summer snow),,Mixed media on wood panel,85.0,83.5,40,1996.0,1,CatBoost,False,15375500,2710847.1516466187,0.8236904717474802,0.17630952825251983
Jack Kabangu,Dark face painting (Rødt jord blå dreng/ Red dirt blue boy),,Mixed media on wood panel,48.5,67.0,15,1996.0,1,CatBoost,False,10504100,1667766.0272336039,0.8412271372860498,0.15877286271395016
Jongheon Bae,Ethereal Mountain_30P2250023,,Oil on wood panel,90.9,65.1,30,,1,CatBoost,False,13092000,5953784.336961662,0.5452349269048532,0.45476507309514685
Jongheon Bae,Ethereal Mountain_20P2250022,,Oil on wood panel,53.0,72.7,15,,1,CatBoost,False,9134000,4104097.767771937,0.5506790269573093,0.4493209730426907
Jongheon Bae,Ethereal Mountain_20P2250021,,Oil on wood panel,72.7,53.0,15,,1,CatBoost,False,9134000,4104097.767771937,0.5506790269573093,0.4493209730426907
Jongheon Bae,"Trying Nothing_Concrete Cracks, Peeling Paint and City Dust",,Oil on birch plywood,27.7,31.9,3,,1,CatBoost,False,6546000,1115267.8373834775,0.8296260560061905,0.17037394399380956
Jongheon Bae,"Trying Nothing_Concrete Cracks, Plasterer's Trowel, City Dust and Uneven Spotty Cement Surface",,Oil on birch plywood,25.4,17.9,2,,1,CatBoost,False,3805800,1332661.0774680492,0.6498341800756611,0.350165819924339
Jongheon Bae,"Trying Nothing_Concrete Cracks, Plasterer's Trowel, City Dust and Uneven Spotty Cement Surface",,Oil on birch plywood,18.3,21.9,1,,1,CatBoost,False,3805800,1080598.4389810993,0.7160653636604396,0.2839346363395605
Jongheon Bae,"Trying Nothing_Concrete Cracks, Plasterer's Trowel, and Unknown Native City Plants",,Oil on birch plywood,31.9,12.2,1,,1,CatBoost,False,3805800,1368517.8280300095,0.6404125734326529,0.3595874265673471
Jongheon Bae,Ethereal Mountain_30P2250024,,Oil on wood panel,65.1,90.9,30,,1,CatBoost,False,13092000,5953784.336961662,0.5452349269048532,0.45476507309514685
Jongheon Bae,A Garden without Doing Anything,,Oil on birch plywood,25.7,13.1,1,,1,CatBoost,False,3805800,1293648.7245795059,0.6600849428294956,0.33991505717050446
Seokwoo Chung,Watchtower#2,2023.0,Oil on canvas,80.3,116.8,50,1981.0,3,CatBoost,False,7500000,10743333.211100519,0.43244442814673584,1.432444428146736
Seokwoo Chung,Ridge#18,2021.0,Oil on canvas,61.0,61.0,15,1981.0,3,CatBoost,False,3000000,3394240.8284067507,0.1314136094689169,1.131413609468917
Seokwoo Chung,Corte,2015.0,Oil on canvas,112.2,145.5,80,1981.0,3,CatBoost,False,12000000,20124478.005515717,0.6770398337929764,1.6770398337929764
Seokwoo Chung,Vessel,2019.0,Oil on canvas,30.0,30.0,3,1981.0,3,CatBoost,False,1000000,1420172.00231314,0.42017200231314006,1.4201720023131401
Seokwoo Chung,Reverse,2019.0,Oil on canvas,148.0,148.0,100,1981.0,3,CatBoost,False,18000000,18292999.927235402,0.01627777373530012,1.0162777737353001
Seokwoo Chung,Ridge Landscape #30,,Oil on canvas,45.5,45.5,8,1981.0,3,CatBoost,False,1000000,2085373.1391643125,1.0853731391643124,2.0853731391643127
Seokwoo Chung,Twin Occurrences,2022.0,Oil on canvas,112.0,162.0,80,1981.0,3,CatBoost,False,15000000,19299917.502617456,0.2866611668411637,1.2866611668411638
Seokwoo Chung,Upliftwind#3,2023.0,Oil on canvas,112.2,162.2,80,1981.0,3,CatBoost,False,15000000,19258565.45337483,0.28390436355832194,1.283904363558322
GBDAY,Portrait,2023.0,Graphite on Cotton Rag Paper,37.0,37.0,6,1985.0,2,CatBoost,False,1446300,1586231.299605412,0.09675122699675859,1.0967512269967585
GBDAY,Mélange,2023.0,Graphite on Cotton Rag Paper,28.0,28.0,3,1985.0,2,CatBoost,False,1446300,1055419.1734706762,0.27026261946299096,0.7297373805370091
GBDAY,Mélange,2023.0,Graphite on Cotton Rag Paper,28.0,28.0,3,1985.0,2,CatBoost,False,1446300,1055419.1734706762,0.27026261946299096,0.7297373805370091
GBDAY,Wanted,2023.0,Graphite on Cotton Rag Paper,28.0,28.0,3,1985.0,2,CatBoost,False,1446300,1055419.1734706762,0.27026261946299096,0.7297373805370091
GBDAY,To Reach You,2023.0,Graphite on Cotton Rag Paper,28.0,28.0,3,1985.0,2,CatBoost,False,1446300,1055419.1734706762,0.27026261946299096,0.7297373805370091
Yunseob Kim,Zombie Portrait-Narcissus,2016.0,Oil on canvas,73.0,90.0,30,1983.0,2,XGBoost,True,6469900,4914912.5,0.24034181362926785,0.7596581863707321
Yunseob Kim,Lucifer,2022.0,Oil on canvas,259.0,194.0,200,1983.0,2,XGBoost,True,32729900,27842776.0,0.149316802067834,0.850683197932166
Yunseob Kim,Today's Contemporary Art Series Summer-Autumn 2,2022.0,Oil on canvas,129.0,194.0,120,1983.0,2,XGBoost,True,16441100,14374147.0,0.12571865629428688,0.8742813437057131
Yunseob Kim,The Painter,2018.0,Oil on canvas,73.0,117.0,50,1983.0,2,XGBoost,True,7611600,8421477.0,0.10640036260444584,1.1064003626044459
Yunseob Kim,Contemporary art and a lion,2019.0,Oil on canvas,91.0,113.0,50,1983.0,2,XGBoost,True,9742900,7871576.5,0.19207048209465355,0.8079295179053465
Yunseob Kim,Old school - Rodin,2019.0,Oil on canvas,129.0,194.0,120,1983.0,2,XGBoost,True,21738800,14427543.0,0.3363229341085984,0.6636770658914015
Jinhyung Lee,Paint2,,Oil on canvas,112.1,162.2,80,,1,CatBoost,False,10564900,21543350.562252734,1.0391438217354385,2.0391438217354385
Jinhyung Lee,untitled(0909),,Oil on canvas,50.0,72.7,15,,1,CatBoost,False,2237900,3774135.823442316,0.6864631232147621,1.6864631232147622
Jinhyung Lee,A Scribble,,Oil on canvas,193.9,130.3,120,,1,CatBoost,False,12422200,27278932.696806442,1.195982410266011,2.195982410266011
Jinhyung Lee,untitled(0129),,Oil on canvas,50.0,72.7,15,,1,CatBoost,False,2237900,3774135.823442316,0.6864631232147621,1.6864631232147622
Jinhyung Lee,untitled(0505),,Oil on canvas,162.2,112.1,80,,1,CatBoost,False,10564900,21543350.562252734,1.0391438217354385,2.0391438217354385
Jinhyung Lee,Palette,,Oil on canvas,80.3,53.0,20,,1,CatBoost,False,2862000,4781265.914746338,0.6706030449847441,1.670603044984744
Jinhyung Lee,Paint1,,Oil on canvas,112.1,162.2,80,,1,CatBoost,False,10564900,21543350.562252734,1.0391438217354385,2.0391438217354385
Jinhyung Lee,Paint3,,Oil on canvas,112.1,162.2,80,,1,CatBoost,False,10564900,21543350.562252734,1.0391438217354385,2.0391438217354385
Jinhyung Lee,Headless,,Oil on canvas,80.3,53.0,20,,1,CatBoost,False,2862000,4781265.914746338,0.6706030449847441,1.670603044984744
Chu Mirim,Drive007,2023.0,Acrylic on paper,39.3,26.8,4,1982.0,2,CatBoost,False,1674600,1579694.4058463955,0.056673590202797365,0.9433264097972026
Chu Mirim,4 spots,2021.0,"Paper collage, Acrylic on paper mounted panel",25.0,25.0,3,1982.0,2,CatBoost,False,1674600,1310882.1434520176,0.2171968568899931,0.7828031431100069
Chu Mirim,Lights(B/W),2023.0,Acrylic on paper panel,52.0,31.2,8,1982.0,2,CatBoost,False,3958100,2340986.3897771477,0.4085580481096618,0.5914419518903382
Chu Mirim,"Soft Snow(35.01, 135.77)",2021.0,"Paper collage, Acrylic on paper mounted panel",24.0,24.0,2,1982.0,2,CatBoost,False,1674600,1257370.9134478297,0.24915149083492794,0.7508485091650721
Chu Mirim,New grid 003,2023.0,Acrylic on paper panel,100.0,100.0,50,1982.0,2,CatBoost,False,8677300,9141090.477168588,0.0534487083734097,1.0534487083734096
Chu Mirim,Scrolling,2023.0,Acrylic on paper panel,70.0,70.0,25,1982.0,2,CatBoost,False,7307200,5635721.310421447,0.2287440729114507,0.7712559270885493
Chu Mirim,Fish shape,2021.0,"Paper collage, Acrylic on paper mounted panel",25.0,25.0,3,1982.0,2,CatBoost,False,1674600,1310882.1434520176,0.2171968568899931,0.7828031431100069
ROKKAN KIM,Light of space race 1,2026.0,"LED light, LED dimmer, steel frame, PC, pigment print",60.5,80.5,25,1991.0,2,CatBoost,False,3800000,4760394.759228481,0.25273546295486343,1.2527354629548635
ROKKAN KIM,Orb Halos 4,2026.0,"acrylic panel, LED light, LED dimmer, steel frame",25.0,60.0,6,1991.0,2,CatBoost,False,1600000,1869591.1163185306,0.16849444769908165,1.1684944476990817
ROKKAN KIM,Orb Halos 2,2026.0,"acrylic panel, LED light, LED dimmer, steel frame",60.0,25.0,6,1991.0,2,CatBoost,False,1600000,1869591.1163185306,0.16849444769908165,1.1684944476990817
ROKKAN KIM,Space oddity 28,2026.0,"LED light, aluminum frame, LED dimmer, USB video",60.0,60.0,15,1991.0,2,CatBoost,False,2800000,2331569.3239934333,0.16729667000234527,0.8327033299976547
ROKKAN KIM,Light of space race 3,2026.0,"LED light, LED dimmer, steel frame, PC, pigment print",100.5,80.5,40,1991.0,2,CatBoost,False,6800000,5153438.250744608,0.24214143371402821,0.7578585662859718
ROKKAN KIM,Orb Halos 3,2026.0,"acrylic panel, LED light, LED dimmer, steel frame",25.0,60.0,6,1991.0,2,CatBoost,False,1600000,1869591.1163185306,0.16849444769908165,1.1684944476990817
ROKKAN KIM,Orb Halos 1,2026.0,"acrylic panel, LED light, LED dimmer, steel frame",60.0,25.0,6,1991.0,2,CatBoost,False,1600000,1869591.1163185306,0.16849444769908165,1.1684944476990817
ROKKAN KIM,Light of space race 4,2026.0,"LED light, LED dimmer, steel frame, PC, pigment print",100.5,80.5,40,1991.0,2,CatBoost,False,6800000,5153438.250744608,0.24214143371402821,0.7578585662859718
Hyundoo Jung,Forest and Body_Mass,2018.0,Oil on canvas,112.1,162.0,80,1987.0,2,CatBoost,False,8829500,15150425.963278899,0.7158871921715725,1.7158871921715724
Hyundoo Jung,Forest and Body_Mass,2017.0,Oil on canvas,130.0,193.9,120,1987.0,2,CatBoost,False,9600000,18989149.200586192,0.9780363750610617,1.9780363750610617
Woolim Lee,A Walk,2024.0,Oil on canvas,61.0,73.0,20,1972.0,3,CatBoost,False,4000000,7436526.5991311185,0.8591316497827797,1.8591316497827797
Woolim Lee,A Walk,2024.0,Oil on canvas,73.0,61.0,20,1972.0,3,CatBoost,False,5000000,7436526.5991311185,0.4873053198262237,1.4873053198262236
Woolim Lee,In the Woods,2024.0,Oil on canvas,61.0,73.0,20,1972.0,3,CatBoost,False,5000000,7436526.5991311185,0.4873053198262237,1.4873053198262236
Woolim Lee,A Walk,2024.0,Oil on canvas,73.0,61.0,20,1972.0,3,CatBoost,False,5000000,7436526.5991311185,0.4873053198262237,1.4873053198262236
Woolim Lee,A Walk,2024.0,Oil on canvas,73.0,61.0,20,1972.0,3,CatBoost,False,5000000,7436526.5991311185,0.4873053198262237,1.4873053198262236
Woolim Lee,A Walk,2024.0,Oil on canvas,61.0,73.0,20,1972.0,3,CatBoost,False,5000000,7436526.5991311185,0.4873053198262237,1.4873053198262236
Woolim Lee,A Walk,2024.0,Oil on canvas,73.0,61.0,20,1972.0,3,CatBoost,False,5000000,7436526.5991311185,0.4873053198262237,1.4873053198262236
Woolim Lee,A Walk,2024.0,Oil on canvas,73.0,61.0,20,1972.0,3,CatBoost,False,5000000,7436526.5991311185,0.4873053198262237,1.4873053198262236
Heejoon Lee,Utopia,2023.0,Hybrid printing on paper Artistic Rag Art 305gsm,45.5,45.5,8,1988.0,2,CatBoost,False,800000,1559669.349125921,0.9495866864074013,1.9495866864074012
Heejoon Lee,The Orbit of a Red Comet,2023.0,Hybrid printing on paper Artistic Rag Art 305gsm,45.5,45.5,8,1988.0,2,CatBoost,False,800000,1559669.349125921,0.9495866864074013,1.9495866864074012
Heejoon Lee,Floating Lane,2021.0,Acrylic and photo-collage on canvas,260.0,260.0,300,1988.0,2,CatBoost,False,76116000,26223973.312714122,0.655473575690865,0.34452642430913505
Joonun Kim,Leather boots and ants,2021.0,Acrylic on paper,36.0,33.4,5,1994.0,1,CatBoost,False,950000,616252.5025551018,0.35131315520515605,0.648686844794844
Joonun Kim,The flowers soon revived in water,2020.0,Acrylic and gouache on paper,29.4,20.8,2,1994.0,1,CatBoost,False,850000,581198.1559790286,0.31623746355408405,0.6837625364459159
Joonun Kim,City without dog,2021.0,Mixed media on canvas,72.7,60.6,20,1994.0,1,CatBoost,False,1900000,1715842.9847886204,0.09692474484809453,0.9030752551519055
Joonun Kim,"Vase, Flower, Picture Frame",2020.0,Mixed media on canvas,90.9,90.9,50,1994.0,1,CatBoost,False,2400000,3811212.3400193313,0.5880051416747214,1.5880051416747214
Joonun Kim,Mother's hand,2019.0,Acrylic and gouache on canvas,15.8,22.5,1,1994.0,1,CatBoost,False,850000,628419.9518834922,0.26068240954883276,0.7393175904511673
Joonun Kim,Dog with a bent back,2018.0,Acrylic and gouache on canvas,22.7,15.7,1,1994.0,1,CatBoost,False,850000,651060.5417944642,0.2340464214182774,0.7659535785817226
Joonun Kim,Leather,2022.0,Mixed media on canvas,73.5,43.5,15,1994.0,1,CatBoost,False,1900000,2035539.3893785046,0.07133652072552873,1.0713365207255288
Genesis Kai,Every Shade Of Crimson Tells The Stories We Once Knew I,2025.0,"Digital art, drawing, AI, Hanji paper",110.0,110.0,60,,1,CatBoost,False,24783400,9776180.158326646,0.6055351502083391,0.3944648497916608
Genesis Kai,"Even Here, The Mountain Watches",2026.0,"Digital art, drawing, AI, Hanji paper",110.0,110.0,60,,1,CatBoost,False,24783400,9772303.25498765,0.6056915816640311,0.3943084183359688
Genesis Kai,They Played So The Past Would Stay,2026.0,"Digital art, drawing, AI, Hanji paper",100.0,130.0,60,,1,CatBoost,False,28132500,12696245.942275068,0.5486982691806606,0.4513017308193395
Genesis Kai,This Is How The Mountain Remembers Us,2026.0,"Digital art, drawing, AI, Hanji paper",150.0,180.0,120,,1,CatBoost,False,34328400,16366263.219942305,0.5232442170348077,0.4767557829651922
Genesis Kai,Before The Ache Had A Name,2026.0,"Digital art, drawing, AI, Hanji paper",100.0,130.0,60,,1,CatBoost,False,28132500,12696245.942275068,0.5486982691806606,0.4513017308193395
Genesis Kai,"They Carried Us, So We Let Them Burn",2026.0,"Digital art, drawing, AI, Hanji paper",150.0,180.0,120,,1,CatBoost,False,34328400,16366263.219942305,0.5232442170348077,0.4767557829651922
Genesis Kai,Those Who Sat to Learn the Current And Those Who Were the River,2026.0,"Digital art, drawing, AI, Hanji paper",110.0,110.0,60,,1,CatBoost,False,24783400,9772303.25498765,0.6056915816640311,0.3943084183359688
Park Kyung Ryul,Untitled,2023.0,Oil on canvas,18.5,26.0,2,,1,CatBoost,False,2588000,1426991.2392848644,0.44861234958080975,0.5513876504191902
Park Kyung Ryul,18:02,2022.0,Oil on canvas,140.4,112.4,80,,1,CatBoost,False,23139300,18140774.628090538,0.21601886711825605,0.783981132881744
Park Kyung Ryul,Untitled,2023.0,Oil on canvas,32.0,41.5,6,,1,CatBoost,False,3349200,2327717.5590304686,0.30499296577377627,0.6950070342262238
Park Kyung Ryul,Picture 2-14,2022.0,Oil on canvas,41.0,32.0,6,,1,CatBoost,False,3349200,2212773.42910643,0.339312842139487,0.660687157860513
Park Kyung Ryul,Picture 2-7,2022.0,Oil on canvas,70.0,70.0,25,,1,CatBoost,False,11113000,5354157.00528948,0.5182077742023324,0.4817922257976676
Park Kyung Ryul,Hanging from a pull-up bar,2022.0,Oil on canvas,32.0,41.0,6,,1,CatBoost,False,3349200,2212773.42910643,0.339312842139487,0.660687157860513
Park Kyung Ryul,Untitled,2024.0,Oil on birch,17.9,12.8,0,,1,CatBoost,False,2588000,1458105.4336667191,0.43658986334361705,0.563410136656383
Jiyoung Yoo,Day-Hour-Minute_20 Hours 40 Minutes,2023.0,"Oil, acrylic, and colored pencil on birch plywood",150.0,150.0,100,1991.0,2,CatBoost,False,8500000,13558848.159204163,0.5951586069651956,1.5951586069651955
Jiyoung Yoo,Long-Distance Relationship_Wish You Were Here,2023.0,Oil and acrylic on birch plywood,78.0,76.5,30,1991.0,2,CatBoost,False,9000000,4984828.901232473,0.4461301220852808,0.5538698779147192
Jiyoung Yoo,May,2023.0,"Oil and acrylic on wood, plaster",63.0,60.5,15,1991.0,2,CatBoost,False,2500000,3113231.9014614923,0.24529276058459692,1.245292760584597
Jiyoung Yoo,오후 8:00,2021.0,"Oil on canvas, painted wood, soap, clay, jesmonite, hook, painted plaster",140.0,200.0,120,1991.0,2,CatBoost,False,10000000,17394796.069140002,0.7394796069140002,1.7394796069140002
Jiyoung Yoo,April,2023.0,"Oil and acrylic on wood, plaster",63.0,60.5,15,1991.0,2,CatBoost,False,2500000,3113231.9014614923,0.24529276058459692,1.245292760584597
Jiyoung Yoo,오전 8:00,2021.0,"Oil on canvas, painted wood,soap, clay, jesmonite, hook, painted plaster",140.0,200.0,120,1991.0,2,CatBoost,False,10000000,17394796.069140002,0.7394796069140002,1.7394796069140002
Jiyoung Yoo,March,2023.0,"Oil and acrylic on wood, plaster",63.0,60.5,15,1991.0,2,CatBoost,False,2500000,3113231.9014614923,0.24529276058459692,1.245292760584597
KeunWook Ji,Inter-wave 025,2024.0,"Colored Pencil, Acrylic and UV print on Canvas",72.0,100.0,40,1985.0,2,CatBoost,False,6393800,6324425.235580933,0.010850318186222077,0.9891496818137779
KeunWook Ji,Frequency C3 – 004,2022.0,"Colored Pencil, Acrylic and UV print on Canvas",34.0,50.0,8,1985.0,2,CatBoost,False,1674600,2629697.475915314,0.5703436497762535,1.5703436497762535
KeunWook Ji,Inter-wave 019,2023.0,"Colored Pencil, Acrylic and UV print on Canvas",50.0,50.0,10,1985.0,2,CatBoost,False,2131300,2240396.878653963,0.05118795038425519,1.0511879503842552
KeunWook Ji,Inter-wave 017,2023.0,"Colored Pencil, Acrylic and UV print on Canvas",74.0,50.0,15,1985.0,2,CatBoost,False,3653600,3863775.8096025893,0.05752567593677177,1.0575256759367717
KeunWook Ji,Frequency C3 – 008,2022.0,"Colored Pencil, Acrylic and UV print on Canvas",100.0,50.0,25,1985.0,2,CatBoost,False,5937100,7072217.027672155,0.19119048486165885,1.1911904848616588
KeunWook Ji,Inter-wave 018,2023.0,"Colored Pencil, Acrylic and UV print on Canvas",110.0,50.0,25,1985.0,2,CatBoost,False,5937100,6904381.880159399,0.1629216082193998,1.1629216082193998
KeunWook Ji,Inter-wave 026,2024.0,"Colored Pencil, Acrylic and UV print on Canvas",72.0,100.0,40,1985.0,2,CatBoost,False,6393800,6324425.235580933,0.010850318186222077,0.9891496818137779
Frédéric Bruly Bouabré,Untitled,2004.0,Painting,23.0,32.0,3,,1,CatBoost,False,4262500,3460320.3548054085,0.18819463816881912,0.8118053618311809
Frédéric Bruly Bouabré,Untitled,2004.0,Painting,23.0,32.0,3,,1,CatBoost,False,4262500,3460320.3548054085,0.18819463816881912,0.8118053618311809
Frédéric Bruly Bouabré,Untitled,2004.0,Painting,23.0,32.0,3,,1,CatBoost,False,4262500,3460320.3548054085,0.18819463816881912,0.8118053618311809
Frédéric Bruly Bouabré,Untitled,2004.0,Painting,23.0,32.0,3,,1,CatBoost,False,4262500,3460320.3548054085,0.18819463816881912,0.8118053618311809
Frédéric Bruly Bouabré,Untitled,2004.0,Painting,23.0,32.0,3,,1,CatBoost,False,4262500,3460320.3548054085,0.18819463816881912,0.8118053618311809
Frédéric Bruly Bouabré,Untitled,2004.0,Painting,23.0,32.0,3,,1,CatBoost,False,4262500,3460320.3548054085,0.18819463816881912,0.8118053618311809
Frédéric Bruly Bouabré,Untitled,2004.0,Painting,23.0,32.0,3,,1,CatBoost,False,4262500,3460320.3548054085,0.18819463816881912,0.8118053618311809
SAMBYPEN,Costumes,2024.0,"Acrylic, Spray Paint and Wood on Canvas",91.0,116.8,50,1992.0,1,CatBoost,False,16745600,8172517.336519159,0.5119603157534421,0.48803968424655786
SAMBYPEN,ART,2024.0,"Acrylic, Spray Paint and Wood on Canvas",100.0,80.3,40,1992.0,1,CatBoost,False,13396500,6503879.200910567,0.5145090731974346,0.4854909268025654
SAMBYPEN,Dalmatian 2,2024.0,"Acrylic, Spray Paint and Wood on Canvas",60.6,72.7,20,1992.0,1,CatBoost,False,6698300,3900468.241382885,0.4176928114024626,0.5823071885975374
SAMBYPEN,Friendship,2022.0,"Acrylic, Spray Paint and Wood on Canvas",116.8,91.0,50,1992.0,1,CatBoost,False,16000000,7905491.500589529,0.5059067812131545,0.4940932187868456
SAMBYPEN,Bomb,2022.0,"Acrylic, Spray Paint and Wood on Canvas",60.6,60.6,15,1992.0,1,CatBoost,False,5000000,3394176.307574549,0.32116473848509014,0.6788352615149098
SAMBYPEN,Dali,2022.0,"Acrylic, Spray Paint and Wood on Canvas",130.3,162.2,100,1992.0,1,CatBoost,False,25000000,13109231.840505803,0.4756307263797679,0.5243692736202321
SAMBYPEN,Bombie Face 5,2023.0,"Acrylic, Spray Paint and Wood on Canvas",80.3,100.0,40,1992.0,1,CatBoost,False,9000000,6474434.496696836,0.2806183892559071,0.7193816107440929
Kim Jeongyeon,No01,2025.0,Painting,53.0,45.5,10,,1,CatBoost,False,1500000,2315455.0935715022,0.5436367290476681,1.5436367290476682
Kim Jeongyeon,Trojam Horse X,2025.0,Painting,72.7,90.9,40,,1,CatBoost,False,4500000,6249617.259511748,0.38880383544705516,1.388803835447055
Kim Jeongyeon,Blues,2025.0,Painting,72.7,90.9,40,,1,CatBoost,False,4500000,6249617.259511748,0.38880383544705516,1.388803835447055
Kim Jeongyeon,Bloom12,2025.0,Painting,72.7,90.9,40,,1,CatBoost,False,4500000,6249617.259511748,0.38880383544705516,1.388803835447055
Kim Jeongyeon,Composition pattern No02,2025.0,Painting,45.5,53.0,10,,1,CatBoost,False,1500000,2315455.0935715022,0.5436367290476681,1.5436367290476682
Kim Jeongyeon,Composition No19,2025.0,Painting,162.2,130.3,100,,1,CatBoost,False,15000000,19448980.720294774,0.29659871468631827,1.2965987146863183
Kim Jeongyeon,No Tears Left 5cm 2,2025.0,Painting,65.1,90.9,30,,1,CatBoost,False,4500000,6617766.719904413,0.4706148266454252,1.4706148266454253
ALEX CHO,Untitled,2023.0,acrylic on canvas,24.2,33.4,3,1993.0,1,CatBoost,False,500000,897293.9964668803,0.7945879929337606,1.7945879929337607
ALEX CHO,Untitled,2023.0,acrylic on linen,31.6,40.5,6,1993.0,1,CatBoost,False,500000,1242044.7348380473,1.4840894696760947,2.4840894696760945
ALEX CHO,Untitlted (asparagus),2024.0,acrylic on linen,23.2,33.4,3,1993.0,1,CatBoost,False,500000,970296.1942745112,0.9405923885490224,1.9405923885490224
ALEX CHO,Untitled,2024.0,acrylic on canvas,91.0,116.8,50,1993.0,1,CatBoost,False,2500000,6189306.704582583,1.4757226818330333,2.4757226818330333
ALEX CHO,Untitled,2024.0,acrylic on linen,27.3,35.0,4,1993.0,1,CatBoost,False,650000,1045750.2156867645,0.6088464856719453,1.6088464856719453
ALEX CHO,Untitled,2023.0,acrylic on canvas,91.0,116.8,50,1993.0,1,CatBoost,False,2500000,6189395.021477719,1.4757580085910875,2.4757580085910877
ALEX CHO,Untitled,2023.0,acrylic on canvas,37.8,45.5,8,1993.0,1,CatBoost,False,650000,1230793.7816885826,0.8935288949055117,1.8935288949055118
Glen Wilson,Element Series No. 2 (Origin),2022.0,"Archival print on dibond, crash cymbal, timpani mallets, and solid walnut base",5.6,10.7,0,,1,CatBoost,False,27401800,1600236.1264640456,0.941601058088737,0.05839894191126297
Glen Wilson,Tidescape (Pacific Frequency #2),2024.0,"Archival print on dibond, jazz flat cymbal, timpani mallets, solid walnut base",5.1,10.7,0,,1,CatBoost,False,27401800,1600156.306194427,0.9416039710459011,0.05839602895409889
Glen Wilson,Equivalents (Ethereal Observation #1),2024.0,"Salvaged steel gate, chain link mesh, and UV print on synthetic resin",161.3,188.0,150,,1,CatBoost,False,42625000,22072789.07412863,0.48216330617880043,0.5178366938211996
Glen Wilson,Resonant Alignment (An Elliptical Pull),2024.0,"Archival print on dibond, jazz flat cymbal, timpani mallets, solid walnut base",7.1,14.2,0,,1,CatBoost,False,38058000,1600156.306194427,0.9579547977772236,0.042045202222776475
Glen Wilson,Traveling,2024.0,"Archival print on dibond, jazz flat cymbal, timpani mallets, solid walnut base",5.1,10.6,0,,1,CatBoost,False,33491100,1600156.306194427,0.9522214467069033,0.04777855329309658
Glen Wilson,Wavelength Constellation #1,2024.0,"Archival print on dibond, jazz flat cymbal, timpani mallets, solid walnut base",7.1,10.7,0,,1,CatBoost,False,30446400,1518494.1454590007,0.9501256586834896,0.04987434131651035
Glen Wilson,Wavelength Constellation #2,2024.0,"Archival print on dibond, jazz flat cymbal, timpani mallets, solid walnut base",7.1,10.7,0,,1,CatBoost,False,30446400,1518494.1454590007,0.9501256586834896,0.04987434131651035
WU YIMAN,3 Three,,"Watercolor, mud, Mineral pigments",65.0,53.0,15,,1,CatBoost,False,2291600,2978715.214176516,0.2998408161007663,1.2998408161007664
WU YIMAN,オリエント Orient,,Mixed materials,53.0,73.0,15,,1,CatBoost,False,1636900,4156671.675329237,1.5393559016001201,2.5393559016001204
WU YIMAN,卷卷 Curly,,"Mineral pigments, Japanese paper",18.0,18.0,1,,1,CatBoost,False,545700,977436.007037609,0.7911599909063753,1.7911599909063753
WU YIMAN,星を喰べる人The One Who Eats Stars,,"Watercolor, mud, Mineral pigments",53.0,73.0,15,,1,CatBoost,False,1636900,4426384.684824041,1.7041265103696261,2.704126510369626
WU YIMAN,星纹盔甲 Starbound Armor,,"Watercolor, mud, mineral pigments",53.0,65.0,15,,1,CatBoost,False,2400700,2978715.214176516,0.24076944815117093,1.2407694481511709
WU YIMAN,请不要看穿我 Please Don’t See Through Me,,"Watercolor, mud, Mineral pigments",41.0,61.0,10,,1,CatBoost,False,1418600,3700993.664055946,1.608905726812312,2.608905726812312
WU YIMAN,隐面之花 Blossom Behind the Mask,,"Watercolor, mud, mineral pigments",55.0,65.0,15,,1,CatBoost,False,2400700,2847848.8938467717,0.18625771393625679,1.186257713936257
Joohyun Kim,Mist over Moss,2025.0,Acrylic on canvas,91.0,91.0,50,1965.0,4,XGBoost,True,3000000,9478160.0,2.159386666666667,3.159386666666667
Joohyun Kim,Ember Flow,2025.0,Acrylic on canvas,46.0,65.0,12,1965.0,4,XGBoost,True,2500000,2552540.5,0.0210162,1.0210162
Joohyun Kim,Density of Warmth,2025.0,Acrylic on canvas,130.0,162.0,100,1965.0,4,XGBoost,True,7000000,21505588.0,2.0722268571428573,3.0722268571428573
Joohyun Kim,Red Depth,2025.0,Acrylic on canvas,116.7,72.7,50,1965.0,4,XGBoost,True,3500000,8470699.0,1.4201997142857143,2.4201997142857143
Joohyun Kim,Trail,2023.0,Acrylic on canvas,26.8,22.0,2,1965.0,4,XGBoost,True,1000000,1279333.25,0.27933325,1.27933325
Joohyun Kim,Wood Grain,2023.0,Acrylic on canvas,162.3,96.6,80,1965.0,4,XGBoost,True,7000000,16395139.0,1.3421627142857142,2.342162714285714
Joohyun Kim,Snowscape,2024.0,Acrylic on canvas,29.5,19.5,2,1965.0,4,XGBoost,True,1000000,1044975.25,0.04497525,1.04497525
Young Jae,With You (feat. On the Way to the Bean Field #2602),2026.0,Mixed media on Hanji,30.0,48.0,6,1973.0,3,XGBoost,True,960000,1222557.625,0.27349752604166666,1.2734975260416668
Young Jae,Drifting Togeher (feat. Ukiyo-e Waves),2026.0,Mixed media on Hanji,67.0,93.0,30,1973.0,3,XGBoost,True,3600000,3444748.5,0.043125416666666666,0.9568745833333333
Young Jae,With You (feat. On the Way to the Bean Field #2601),2026.0,Mixed media on Hanji,30.0,48.0,6,1973.0,3,XGBoost,True,960000,1222557.625,0.27349752604166666,1.2734975260416668
Young Jae,Night of Waiting #2502,2025.0,Mixed media on Hanji,24.0,41.0,4,1973.0,3,XGBoost,True,720000,922178.625,0.28080364583333334,1.2808036458333334
Young Jae,With You (feat. Riverside Night),2025.0,Mixed media on Hanji,120.0,30.0,15,1973.0,3,XGBoost,True,3600000,4336249.0,0.2045136111111111,1.2045136111111112
Young Jae,"If You Come, I’ll Be Happy #2502-1",2025.0,Mixed media on Hanji,23.0,63.0,6,1973.0,3,XGBoost,True,1200000,1769096.75,0.4742472916666667,1.4742472916666667
Jaeyeon Leem,Unattainable World,2023.0,Oil on canvas,72.2,90.9,30,1995.0,1,XGBoost,True,2100000,2409064.0,0.14717333333333332,1.1471733333333334
Jaeyeon Leem,Clash2,2023.0,Oil on canvas,33.4,53.0,8,1995.0,1,XGBoost,True,700000,720032.0625,0.028617232142857142,1.028617232142857
Jaeyeon Leem,Putti,2023.0,Oil on canvas,116.8,91.0,50,1995.0,1,XGBoost,True,3000000,3242189.0,0.08072966666666667,1.0807296666666666
Jaeyeon Leem,Clash1,2023.0,Oil on canvas,33.4,53.0,8,1995.0,1,XGBoost,True,700000,720032.0625,0.028617232142857142,1.028617232142857
Jaeyeon Leem,Wings of Mirage,2023.0,Oil on canvas,116.8,91.0,50,1995.0,1,XGBoost,True,3000000,3242189.0,0.08072966666666667,1.0807296666666666
Jaeyeon Leem,Putto,2023.0,Oil on canvas,33.4,53.0,8,1995.0,1,XGBoost,True,700000,720032.0625,0.028617232142857142,1.028617232142857
Annette Hur,Shadow_05,2023.0,Oil on canvas,40.6,40.6,8,1984.0,2,CatBoost,False,6500000,1858619.4464527078,0.7140585466995834,0.2859414533004166
Annette Hur,Reflection_02,2023.0,Oil on canvas,203.0,154.9,150,1984.0,2,CatBoost,False,32000000,24141619.34360423,0.24557439551236784,0.7544256044876322
Annette Hur,Unwind_00,2024.0,Oil on canvas,56.0,56.0,15,1984.0,2,CatBoost,False,9500000,2385840.719603564,0.7488588716206774,0.25114112837932256
Annette Hur,Gleam_00,2024.0,Oil on canvas,51.0,51.0,12,1984.0,2,CatBoost,False,8500000,2168369.520274392,0.7448977034971305,0.25510229650286964
Annette Hur,Nocturnal Reflection(Reflection_03),2023.0,Oil on canvas,129.5,152.4,100,1984.0,2,CatBoost,False,25000000,13382990.597976012,0.4646803760809595,0.5353196239190405
Annette Hur,The Brightest Stone,2024.0,Oil on canvas,40.6,50.8,8,1984.0,2,CatBoost,False,8000000,2157399.6763476916,0.7303250404565386,0.26967495954346143
Soyoung Seo,P,2022.0,Acryilc on canvas,90.0,130.5,60,1994.0,1,XGBoost,True,3000000,4190210.25,0.39673675,1.39673675
Soyoung Seo,Weightless,2022.0,Acryilc on canvas,72.7,100.0,40,1994.0,1,XGBoost,True,2500000,3301737.0,0.3206948,1.3206948
Soyoung Seo,Chess,2022.0,Acryilc on canvas,91.0,73.0,40,1994.0,1,XGBoost,True,1800000,2510322.75,0.39462375,1.39462375
Phatcharaphan Raiva,53%,,Watercolor in Archival paper,115.0,160.0,80,,1,CatBoost,False,50236600,18158690.812558927,0.6385366284231232,0.36146337157687675
Phatcharaphan Raiva,25%,,Watercolor on Archival paper,115.0,160.0,80,,1,CatBoost,False,50236600,18158690.812558927,0.6385366284231232,0.36146337157687675
Phatcharaphan Raiva,55%,,Watercolor in Archival paper,115.0,160.0,80,,1,CatBoost,False,50236600,18158690.812558927,0.6385366284231232,0.36146337157687675
Phatcharaphan Raiva,92%,,Watercolor on Archival paper,115.0,115.0,60,,1,CatBoost,False,43842900,10806043.048801854,0.7535280957965405,0.2464719042034595
Phatcharaphan Raiva,45%,,Watercolor in Archival paper,115.0,160.0,80,,1,CatBoost,False,50236600,18158690.812558927,0.6385366284231232,0.36146337157687675
Phatcharaphan Raiva,89%,,Watercolor on Archival paper,115.0,115.0,60,,1,CatBoost,False,47953100,10806043.048801854,0.7746539212521849,0.22534607874781515
Sang-A Han,Flesh 2,,"Ink on cotton fabric, thread, cotton stuffing, stainless steel frame",80.0,230.0,80,1987.0,2,CatBoost,False,10656300,13060603.674831849,0.2256227466223594,1.2256227466223595
Sang-A Han,Body 1,,"Ink on cotton fabric, thread, cotton stuffing",50.0,215.0,50,1987.0,2,CatBoost,False,7611600,6177462.206035039,0.1884147608866678,0.8115852391133322
Sang-A Han,Mutual 1,,"Ink on cotton fabric, thread, cotton stuffing, stianless steel frame",40.0,80.0,15,1987.0,2,CatBoost,False,4567000,3010028.8254350955,0.34091770846614944,0.6590822915338506
Sang-A Han,Body 2,,"Ink on cotton fabric, thread, cotton stuffing, stianless steel frame",100.0,92.0,50,1987.0,2,CatBoost,False,3805800,6521928.056726573,0.7136812383011648,1.7136812383011648
Sang-A Han,Flesh 1,,"Ink on cotton fabric, thread, cotton stuffing, stainless steel frame",80.0,230.0,80,1987.0,2,CatBoost,False,10656300,13060603.674831849,0.2256227466223594,1.2256227466223595
Sang-A Han,Small Void Pagoda 2,,"Ink on cotton fabric, thread, cotton stuffing, wire",40.0,120.0,20,1987.0,2,CatBoost,False,5328200,4127643.0704700444,0.22532129603429968,0.7746787039657003
Seo Yeon,A Tiny Comfort,2026.0,Mixed media on Muslin,33.4,45.5,6,1993.0,1,CatBoost,False,800000,1316119.4557556212,0.6451493196945265,1.6451493196945266
Seo Yeon,My Place to Breathe 30,2026.0,Mixed media on Muslin,37.0,53.0,8,1993.0,1,CatBoost,False,900000,1646484.6128738883,0.8294273476376537,1.8294273476376537
Seo Yeon,Beyond the dawn,2026.0,Mixed media Muslin,45.5,33.4,6,1993.0,1,CatBoost,False,800000,1316119.4557556212,0.6451493196945265,1.6451493196945266
Seo Yeon,Even though I knew it was only just a Tangerine warehouse 2,2026.0,Mixed media on Muslin,80.5,117.0,50,1993.0,1,CatBoost,False,3500000,6357041.827927443,0.8162976651221266,1.8162976651221265
Seo Yeon,The Rain Approaches 5,2026.0,Mixed media on Muslin,120.0,50.0,30,1993.0,1,CatBoost,False,3000000,4749389.656019212,0.5831298853397372,1.5831298853397373
Seo Yeon,Tangerine warehouse 38,2026.0,Mixed media Muslin,45.5,33.4,6,1993.0,1,CatBoost,False,800000,1316119.4557556212,0.6451493196945265,1.6451493196945266
Taein Yun,Bench,,"Wood(cherry), Ottchil",200.0,38.0,40,1996.0,1,CatBoost,False,8200000,3767554.7580255033,0.5405421026798167,0.45945789732018333
Taein Yun,Bookshelf,,"Wood(Spruce), Ottchil",120.0,89.0,50,1996.0,1,CatBoost,False,7600000,4536341.035614679,0.40311302162964757,0.5968869783703524
Taein Yun,Mirror,,"Aluminum, Wax",20.0,80.0,8,1996.0,1,CatBoost,False,1200000,1478187.0133369688,0.2318225111141407,1.2318225111141408
Taein Yun,Stool 01,,"Wood(cherry), Ottchil",34.0,50.0,8,1996.0,1,CatBoost,False,3200000,1226058.1286356878,0.6168568348013476,0.38314316519865244
Taein Yun,Stool 02,,"Wood(ash), Ottchil",62.0,54.5,15,1996.0,1,CatBoost,False,3500000,1340627.0152961314,0.6169637099153911,0.383036290084609
Taein Yun,Sculpture,,"Aluminum, Wax",50.0,60.0,12,1996.0,1,CatBoost,False,1100000,1247187.4710356025,0.13380679185054772,1.1338067918505477
Chansong Kim,Nuance,2023.0,Oil on canvas,162.2,130.3,100,1988.0,2,XGBoost,True,9864700,10008432.0,0.014570336654941356,1.0145703366549415
Chansong Kim,Nuance,2022.0,Oil on canvas,91.0,65.0,30,1988.0,2,XGBoost,True,2968600,4782044.5,0.6108753284376474,1.6108753284376474
Daniel Wheedong Kim,"1, 2, 3, 4",2026.0,Acrylic on Aluminum Panel,120.0,29.4,15,1996.0,1,CatBoost,False,4262500,2187254.8258688985,0.48686103791932,0.51313896208068
Daniel Wheedong Kim,Gas Stove,2026.0,Acrylic on Aluminum Panel,58.8,49.0,12,1996.0,1,CatBoost,False,2588000,1322828.7660273917,0.48886060045309443,0.5111393995469056
Daniel Wheedong Kim,Hallway,2026.0,Acrylic on Aluminum Panel,42.0,29.4,5,1996.0,1,CatBoost,False,1294000,898079.0747761618,0.30596671191950403,0.694033288080496
Daniel Wheedong Kim,Train,2026.0,Acrylic on Aluminum Panel,49.0,58.8,12,1996.0,1,CatBoost,False,2588000,1322828.7660273917,0.48886060045309443,0.5111393995469056
Daniel Wheedong Kim,Spring,2026.0,Acrylic on Aluminum Panel,42.0,29.4,5,1996.0,1,CatBoost,False,1294000,898079.0747761618,0.30596671191950403,0.694033288080496
Dohyun Kim,DISPENSATION-2401,,charcoal on wood canvas,91.0,116.8,50,1995.0,1,CatBoost,False,7916100,5054504.24292889,0.36149060232578045,0.6385093976742195
Dohyun Kim,INTROSPECTION-2312,2023.0,Paper and acrylic on wood,91.0,116.0,50,1995.0,1,CatBoost,False,5000000,4590287.802132265,0.08194243957354706,0.9180575604264529
Dohyun Kim,INTROSPECTION-2427,,charcoal on wood canvas,97.0,130.3,60,1995.0,1,CatBoost,False,9362300,6273173.76201165,0.32995377610078186,0.6700462238992182
Dohyun Kim,BAMBOO-2201,2022.0,Acrylic on wood canvas,112.0,146.0,80,1995.0,1,CatBoost,False,8000000,8171282.075683833,0.02141025946047914,1.021410259460479
Dohyun Kim,INTROSPECTION-2309,2023.0,Paper and acrylic on wood,72.7,90.9,40,1995.0,1,CatBoost,False,4000000,3030774.1071352316,0.2423064732161921,0.7576935267838079
Dohyun Kim,DISPENSATION-2404,2024.0,Charcoal on wood canvas,91.0,116.8,50,1995.0,1,CatBoost,False,7500000,4985327.584612603,0.33528965538498623,0.6647103446150138
Hyun Jung Ahn,The Afternoon Sun Dives,2022.0,Acrylic on sewn cotton and linen,31.8,40.8,6,1986.0,2,CatBoost,False,2283500,1939197.2186002973,0.1507785335667627,0.8492214664332373
Hyun Jung Ahn,The Layers of Clouds_Petit Contrast,2023.0,Acrylic on sewn canvas,31.8,40.8,6,1986.0,2,CatBoost,False,2283500,1723747.5462421903,0.24512916739996046,0.7548708326000395
Hyun Jung Ahn,Duologue in Double Yellow,2022.0,Acrylic on sewn cotton and linen,31.8,40.8,6,1986.0,2,CatBoost,False,2283500,1939197.2186002973,0.1507785335667627,0.8492214664332373
Hyun Jung Ahn,Cream Cup,2022.0,Acrylic on sewn cotton and linen,31.8,40.8,6,1986.0,2,CatBoost,False,2283500,1939197.2186002973,0.1507785335667627,0.8492214664332373
Hyun Jung Ahn,The Red by the Window at 6am,2022.0,Acrylic on sewn cotton and linen,31.8,40.8,6,1986.0,2,CatBoost,False,2283500,1939197.2186002973,0.1507785335667627,0.8492214664332373
Hyun Jung Ahn,Petit Rendezvous_Contrast,2023.0,Acrylic on sewn canvas,31.8,40.8,6,1986.0,2,CatBoost,False,2283500,1723747.5462421903,0.24512916739996046,0.7548708326000395
Hwasu Yoo,Unrealistic space_Little star passage,2024.0,"Glitter powder, Fabric, Oil on acrylic canvas",72.7,60.6,20,,1,CatBoost,False,3000000,3571023.39840425,0.19034113280141665,1.1903411328014166
Hwasu Yoo,Unrealistic space_Little star passage,2024.0,"Glitter powder, Fabric, Oil on acrylic canvas",72.7,60.6,20,,1,CatBoost,False,3000000,3571023.39840425,0.19034113280141665,1.1903411328014166
Hwasu Yoo,Unrealistic space_A word of remark(An added words),2024.0,"Fabric, Oil on acrylic canvas",72.7,90.9,40,,1,CatBoost,False,4500000,6459243.109450168,0.4353873576555929,1.4353873576555929
Hwasu Yoo,Unrealistic space_A word of remark(An added words),2024.0,"Fabric, Oil on acrylic canvas",72.7,90.9,40,,1,CatBoost,False,4500000,6459243.109450168,0.4353873576555929,1.4353873576555929
Hwasu Yoo,Unrealistic space_A word of remark(An added words),2024.0,"Fabric, Oil on acrylic canvas",72.7,90.9,40,,1,CatBoost,False,4500000,6459243.109450168,0.4353873576555929,1.4353873576555929
Hwasu Yoo,Unrealistic space_Little star passage,2024.0,"Glitter powder, Fabric, Oil on acrylic canvas",72.7,60.6,20,,1,CatBoost,False,3000000,3571023.39840425,0.19034113280141665,1.1903411328014166
Praiva Raiva,12%,,Bronze,23.9,43.0,4,,1,CatBoost,False,9134000,1983728.5282168207,0.7828192984216312,0.2171807015783688
Praiva Raiva,9%,2024.0,Bronze,23.9,42.0,4,,1,CatBoost,False,9134000,2047904.3297185625,0.7757932636612039,0.22420673633879598
Praiva Raiva,17%,,Bronze,29.5,40.0,5,,1,CatBoost,False,9134000,1926262.3784333162,0.7891107534012135,0.21088924659878655
Praiva Raiva,35%,,Bronze,33.5,40.0,6,,1,CatBoost,False,9134000,1659254.0834256765,0.8183431045078086,0.1816568954921914
Praiva Raiva,88%,,Bronze,29.5,40.0,5,,1,CatBoost,False,9134000,1926262.3784333162,0.7891107534012135,0.21088924659878655
Praiva Raiva,15%,,Bronze,26.9,42.3,5,,1,CatBoost,False,9134000,2021199.8205784168,0.7787169016226826,0.22128309837731736
Hee-myoung Lee,The Communer,2021.0,"Acrylic, Gouache on Canvas",60.0,72.0,20,1979.0,3,CatBoost,False,2800000,4334634.747448951,0.5480838383746254,1.5480838383746254
Hee-myoung Lee,Deep Silence,2016.0,"Acrylic, Gouache on Canvas",38.0,46.0,8,1979.0,3,CatBoost,False,1200000,2814425.1345647615,1.3453542788039679,2.345354278803968
Hee-myoung Lee,Green Breath,2018.0,"Acrylic, Gouache on Canvas",65.0,53.0,15,1979.0,3,CatBoost,False,2100000,3646740.6913485015,0.7365431863564292,1.7365431863564293
Hee-myoung Lee,The Spider,2019.0,"Acrylic, Gouache on Paper (wood panel)",32.0,41.0,6,1979.0,3,CatBoost,False,900000,2147965.551357,1.3866283903966667,2.386628390396667
Hee-myoung Lee,The Time,2019.0,"Acrylic, Gouache on Canvas",41.0,32.0,6,1979.0,3,CatBoost,False,900000,2547320.403511244,1.830356003901382,2.830356003901382
Hee-myoung Lee,The Connection,2019.0,"Acrylic, Gouache on Canvas",65.0,53.0,15,1979.0,3,CatBoost,False,1500000,3558563.582322684,1.372375721548456,2.372375721548456
Doyeon Kim,Piopiotahi (A piopio bird),,Oil on linen,38.0,54.0,8,,1,CatBoost,False,2740200,2924757.4583845865,0.06735182044543701,1.067351820445437
Doyeon Kim,Apricot Flower,,Oil on linen,32.0,32.0,4,,1,CatBoost,False,1370100,1484560.805948782,0.08354193558775419,1.0835419355877542
Doyeon Kim,Purakanui (The Legendary Mythical),,Oil on linen,54.0,38.0,8,,1,CatBoost,False,2740200,2918631.5674056113,0.06511625699058875,1.0651162569905888
Doyeon Kim,Hokitika (The Water of Green Jade),,Oil on linen,38.0,54.0,8,,1,CatBoost,False,2740200,2924757.4583845865,0.06735182044543701,1.067351820445437
Doyeon Kim,Along with you,,Bronze,28.0,23.0,3,,1,CatBoost,False,6089300,1171661.9768618846,0.8075867543294164,0.19241324567058357
Doyeon Kim,Living Together,,Oil on linen,120.0,170.0,100,,1,CatBoost,False,9134000,22381667.299055107,1.450368655469138,2.450368655469138
Misol Lee,Relay of Remains(Work 40),2020.0,Oil on panel,32.0,32.0,4,1992.0,1,CatBoost,False,500000,948676.7234461185,0.8973534468922371,1.897353446892237
Misol Lee,February 2022,2022.0,Oil on canvas,97.0,97.0,50,1992.0,1,CatBoost,False,4000000,5058373.007176687,0.26459325179417176,1.2645932517941718
Misol Lee,Relay of Remains(Work 41),2020.0,Oil on panel,32.0,32.0,4,1992.0,1,CatBoost,False,500000,948676.7234461185,0.8973534468922371,1.897353446892237
Misol Lee,Relay of Remains(Work 37),2020.0,Oil on panel,32.0,32.0,4,1992.0,1,CatBoost,False,500000,948676.7234461185,0.8973534468922371,1.897353446892237
Misol Lee,Relay of Remains(Work 44),2020.0,Oil on panel,32.0,32.0,4,1992.0,1,CatBoost,False,500000,948676.7234461185,0.8973534468922371,1.897353446892237
Misol Lee,March 2022,2022.0,Oil on canvas,97.0,97.0,50,1992.0,1,CatBoost,False,4000000,5058373.007176687,0.26459325179417176,1.2645932517941718
Chris Measor,Bear Electrician,2023.0,Acrylic on panel,30.0,30.0,3,,1,CatBoost,False,1800000,1368154.351948294,0.2399142489176144,0.7600857510823856
Chris Measor,Seagull Fishman,2023.0,Acrylic on Panel,41.0,41.0,8,,1,CatBoost,False,2000000,2495720.2485187366,0.2478601242593683,1.2478601242593683
Chris Measor,Rabbit Airport,2023.0,Acrylic on Panel,41.0,41.0,8,,1,CatBoost,False,2000000,2495720.2485187366,0.2478601242593683,1.2478601242593683
Chris Measor,Capybara Cinema Kiosk Clerk,2023.0,Acrylic on ppanel,30.0,30.0,3,,1,CatBoost,False,1800000,1368154.351948294,0.2399142489176144,0.7600857510823856
Chris Measor,Lion train driver,2023.0,Acrylic on Panel,41.0,41.0,8,,1,CatBoost,False,2000000,2495720.2485187366,0.2478601242593683,1.2478601242593683
Joshua Kane Gomes,Parasocial XIII,,"Steel, emulsion coated foam, fabric & polyester fiber fill",69.0,138.0,50,1993.0,1,CatBoost,False,13396500,6288118.83458753,0.530614799791921,0.469385200208079
Joshua Kane Gomes,Parasocial XII,,"Steel, emulsion coated foam, fabric & polyester fiber fill",68.0,142.0,50,1993.0,1,CatBoost,False,13396500,6288118.83458753,0.530614799791921,0.469385200208079
Joshua Kane Gomes,Spaces Once Held,,"Steel, enamel coated foam, chain, carabiners, PVC pipe & flanges",96.0,21.0,8,1993.0,1,CatBoost,False,7611600,2092341.4272095824,0.7251114841545033,0.2748885158454967
Joshua Kane Gomes,Parasocial XI,,"Steel, ropes, emulsion coated foam, fabric & polyester fiber fill",143.0,109.0,80,1993.0,1,CatBoost,False,14005400,7886936.958873285,0.43686456946083047,0.5631354305391695
Joshua Kane Gomes,Parasocial X,,"Steel, ropes, emulsion coated foam, fabric & polyester fiber fill",53.0,109.0,30,1993.0,1,CatBoost,False,13396500,4403276.888356781,0.671311395636414,0.32868860436358605
Joshua Kane Gomes,Parasocial I,,"Steel, ropes, emulsion coated foam, fabric & polyester fiber fill",72.0,112.0,40,1993.0,1,CatBoost,False,13396500,4890417.478899386,0.6349481223528992,0.3650518776471008
MIRA PARK,Crevice,2024.0,Pen on paper,70.0,21.0,6,1984.0,2,CatBoost,False,1300000,1499376.0520191758,0.1533661938609045,1.1533661938609046
MIRA PARK,Door of Night,2023.0,Acrylic on canvas,27.0,19.0,2,1984.0,2,CatBoost,False,600000,1089364.5260712367,0.8156075434520612,1.815607543452061
MIRA PARK,Knock,2023.0,Acrylic on canvas,53.0,41.0,10,1984.0,2,CatBoost,False,1400000,2100364.567353024,0.5002604052521601,1.5002604052521602
MIRA PARK,The Never-ending Night,2023.0,Acrylic on canvas,53.0,41.0,10,1984.0,2,CatBoost,False,1400000,2100364.567353024,0.5002604052521601,1.5002604052521602
MIRA PARK,What only the light can do,2023.0,Pen on paper,32.0,44.0,6,1984.0,2,CatBoost,False,1100000,1430228.6388839397,0.3002078535308543,1.3002078535308543
MIRA PARK,Take root,2023.0,Acrylic on canvas,19.0,27.0,2,1984.0,2,CatBoost,False,600000,1089364.5260712367,0.8156075434520612,1.815607543452061
Jin Han,Look Back,2022.0,Oil on canvas,162.2,97.0,80,1998.0,1,CatBoost,False,2000000,8635236.458818583,3.3176182294092915,4.317618229409291
Jin Han,Distance,2022.0,Oil on canvas,100.0,80.3,40,1998.0,1,CatBoost,False,800000,3382966.808337238,3.228708510421548,4.228708510421548
Jin Han,Grain,2022.0,Oil on canvas,72.7,60.6,20,1998.0,1,CatBoost,False,400000,1767601.3348224824,3.419003337056206,4.419003337056206
Jin Han,Shadow,2022.0,Oil on canvas,72.5,60.6,20,1998.0,1,CatBoost,False,400000,1807733.2323537236,3.519333080884309,4.519333080884309
Jin Han,Tundra,2022.0,Oil on canvas,100.0,73.0,40,1998.0,1,CatBoost,False,1000000,3766766.5749158184,2.7667665749158186,3.7667665749158186
Jeroz,Yellow eyed cat,2021.0,"Digital drawing, pigment print",84.1,59.4,25,1991.0,2,CatBoost,False,800000,4969426.222034884,5.211782777543605,6.211782777543605
Jeroz,Driver,2020.0,"Digital drawing, pigment print",122.9,88.1,50,1991.0,2,CatBoost,False,1500000,7683141.959549483,4.122094639699656,5.122094639699656
Jeroz,So many holes,2022.0,"Digital drawing, pigment print",63.4,88.1,25,1991.0,2,CatBoost,False,883000,5014889.776330929,4.679376870136953,5.679376870136953
Jeroz,Midnight Cafeteria,2021.0,"Digital drawing, pigment print",59.4,84.1,25,1991.0,2,CatBoost,False,883000,4969426.222034884,4.627889266177672,5.627889266177672
Jeroz,Island,2019.0,"Digital drawing, pigment print",118.9,84.1,50,1991.0,2,CatBoost,False,1674600,7448013.890679875,3.4476375795293657,4.447637579529365
YEWON SEO,cresc.,2026.0,color on Korean paper (hanji),192.5,122.6,120,2001.0,1,CatBoost,False,7000000,7065662.836258677,0.009380405179810977,1.009380405179811
YEWON SEO,Bent Conduit,2026.0,color on Korean paper (hanji),130.0,130.0,80,2001.0,1,CatBoost,False,5000000,5168619.291399252,0.03372385827985033,1.0337238582798502
YEWON SEO,ff(tambourine),2026.0,color on Korean paper (hanji),32.5,130.0,20,2001.0,1,CatBoost,False,2100000,2103438.205217571,0.0016372405797957133,1.0016372405797958
YEWON SEO,8vb to 8va,2026.0,color on Korean paper (hanji),250.0,110.0,120,2001.0,1,CatBoost,False,9000000,7808536.722670723,0.1323848085921419,0.867615191407858
YEWON SEO,Score2,2026.0,color on Korean paper (hanji),80.3,130.3,50,2001.0,1,CatBoost,False,3100000,4299831.628455685,0.3870424607921566,1.3870424607921565
JungOuk Hong,INFILL,2024.0,"Acrylic Color, Wire and Wire Clothing on Birch Structure",54.0,44.0,10,1975.0,3,XGBoost,True,19029000,3485852.75,0.8168136659834989,0.18318633401650114
JungOuk Hong,INFILL,2022.0,Acrylic Color on Birch Structure Covered Barrisol and Circle Satin-Acrylic Panel,61.0,54.0,15,1975.0,3,XGBoost,True,15223200,4564516.5,0.7001605115875769,0.29983948841242314
JungOuk Hong,Moreish,2025.0,"Acrylic Color, Wire and Wire Clothing on Birch Structure",47.5,40.0,8,1975.0,3,XGBoost,True,7459400,3184547.25,0.573082654100866,0.426917345899134
JungOuk Hong,INFILL,2023.0,"Acrylic Color, Wire and Wire Clothing on Birch Structure",56.0,45.0,10,1975.0,3,XGBoost,True,8372800,4033146.0,0.5183037932352379,0.4816962067647621
JungOuk Hong,Cacophony,2019.0,Acrylic Color on Triangle Canvas and Pinewood Structure,63.0,63.0,20,1975.0,3,XGBoost,True,7307200,5478365.5,0.2502784240201445,0.7497215759798554
Tith Kanitha,Untitled,,Hand coiled 0.7 mm steel wire,4.0,64.0,0,1987.0,2,CatBoost,False,2283500,1519686.4398850503,0.334492472132669,0.665507527867331
Tith Kanitha,Untitled,,Hand coiled 0.7 mm steel wire,38.0,96.0,15,1987.0,2,CatBoost,False,4567000,3726253.321589931,0.18409167471207993,0.81590832528792
Tith Kanitha,Untitled,,Hand coiled 0.7 mm steel wire,11.0,50.0,2,1987.0,2,CatBoost,False,2283500,1316753.6142441721,0.42336167539120995,0.57663832460879
Tith Kanitha,Untitled,,Hand coiled 0.7mm steel wire,45.0,24.0,4,1987.0,2,CatBoost,False,3044700,1573593.30498186,0.483169670252616,0.516830329747384
Tith Kanitha,Untitled,,Hand coiled 0.7 mm steel wire,118.0,226.0,120,1987.0,2,CatBoost,False,10351800,17201574.920478534,0.6616989239048797,1.6616989239048798
Ken Kagami,Picasso with pushpin # 12,2024.0,Bronze,22.2,28.0,2,1974.0,3,CatBoost,False,6089300,1558825.3688391284,0.7440058185934134,0.2559941814065867
Ken Kagami,Picasso with pushpin # 10,2018.0,Bronze,22.2,28.0,2,1974.0,3,CatBoost,False,6089300,1829893.3189431154,0.6994903652401565,0.30050963475984355
Ken Kagami,Picasso with pushpin # 16,2022.0,Bronze,22.5,30.0,3,1974.0,3,CatBoost,False,6089300,2001252.2524693734,0.6713493747279041,0.3286506252720959
Ken Kagami,Picasso with pushpin # 11,2024.0,Bronze,22.2,28.0,2,1974.0,3,CatBoost,False,6089300,1594314.8664568923,0.7381776449744811,0.2618223550255189
Ken Kagami,Untitled,2023.0,Ink on paper,33.8,42.5,6,1974.0,3,CatBoost,False,6850500,2442125.960761783,0.6435112822769457,0.35648871772305424
DuckYong Kim,Auspicious Scenery,2024.0,Mother of Pearl and mixed media on wood,50.0,50.0,10,1961.0,4,CatBoost,False,8829500,4235233.632072183,0.5203314307636692,0.47966856923633083
DuckYong Kim,Auspicious Scenery,2024.0,Mother of Pearl and mixed media on wood,50.0,50.0,10,1961.0,4,CatBoost,False,8829500,4235233.632072183,0.5203314307636692,0.47966856923633083
DuckYong Kim,Borrowed Scenery-Gwanhaeeum,2024.0,Mother of Pearl and mixed media on wood,100.0,72.0,40,1961.0,4,CatBoost,False,30446400,12607451.021211721,0.5859132435620723,0.4140867564379277
DuckYong Kim,Auspicious Scenery,2024.0,Mother of Pearl and mixed media on wood,50.0,50.0,10,1961.0,4,CatBoost,False,8829500,4235233.632072183,0.5203314307636692,0.47966856923633083
DuckYong Kim,Borrowed Scenery-Gwanhaeeum,2024.0,Mother of Pearl and mixed media on wood,110.0,78.0,50,1961.0,4,CatBoost,False,30446400,16777812.547064755,0.44893936402777485,0.5510606359722251
YeJin Yoon,Shell of the Waning Moon,2025.0,oil on canvas,90.0,90.0,40,,1,CatBoost,False,5328200,6844926.280933903,0.28466016308207326,1.2846601630820733
YeJin Yoon,Slow Sleep,2025.0,oil on canvas,73.0,91.0,40,,1,CatBoost,False,3805800,5962701.734921732,0.5667406944457754,1.5667406944457754
YeJin Yoon,Refuge,2025.0,oil on canvas,61.0,91.0,25,,1,CatBoost,False,3805800,6602372.594992009,0.7348185913584553,1.7348185913584553
YeJin Yoon,What Remains Only After Vanishing,2025.0,oil on canvas,97.0,130.0,60,,1,CatBoost,False,6850500,14133122.460703017,1.0630789666014184,2.0630789666014184
YeJin Yoon,Night of the Hunt,2025.0,oil on canvas,97.0,130.0,60,,1,CatBoost,False,6850500,14133122.460703017,1.0630789666014184,2.0630789666014184
Summer Kang,Drop 2 (Ttorurur),2025.0,Digital Print on Canvas,45.5,53.0,10,1983.0,2,XGBoost,True,330000,1527324.375,3.6282556818181817,4.628255681818182
Summer Kang,Moon Light,2025.0,Digital Print on Canvas,91.0,116.8,50,1983.0,2,XGBoost,True,660000,5151211.0,6.804865151515152,7.804865151515152
Summer Kang,Adore you,2025.0,Digital Print on Canvas,72.7,90.9,40,1983.0,2,XGBoost,True,440000,3333292.75,6.575665340909091,7.575665340909091
Summer Kang,Drop 1 (Tears),,Digital Print on Canvas,45.5,53.0,10,1983.0,2,XGBoost,True,330000,1489164.875,3.5126208333333335,4.512620833333333
Summer Kang,Night and day,2025.0,Digital Print on Canvas,72.7,90.9,40,1983.0,2,XGBoost,True,440000,3333292.75,6.575665340909091,7.575665340909091
Nakrob Moonmanas,Birds of Mount Karavika,,Giclee prints on archival paper,59.0,42.0,10,,1,CatBoost,False,1660600,2843219.031608003,0.7121636948139246,1.7121636948139245
Nakrob Moonmanas,A Unicorn in the room,,"Digital collage, Gold leaf, Giclee print on canvas",63.0,71.0,20,,1,CatBoost,False,3083900,3591686.147661866,0.16465713792985057,1.1646571379298505
Nakrob Moonmanas,Nai Xai as the Little Prince,,"Digital collage, silkscreen print on ceramic, acrylic box",23.0,26.0,2,,1,CatBoost,False,664300,1005779.9297385948,0.514044753482756,1.514044753482756
Nakrob Moonmanas,Nai Xai as the Little Prince,,"Digital collage, silkscreen print on ceramic, acrylic box",27.0,30.0,3,,1,CatBoost,False,664300,1137747.8251548905,0.7127018292260884,1.7127018292260885
Nakrob Moonmanas,Study of Airavata Elephant Anatomy,,"Digital collage, dibond print on metal",64.0,90.0,30,,1,CatBoost,False,4175100,6063788.2761551095,0.4523695902266076,1.4523695902266076
Suna Kim,Reflection FO_25_3,,"Inkjet print, collage, mixed media (plastic beads, varnish, etc.) on panel",60.6,72.7,20,,1,CatBoost,False,4871500,3173341.235794562,0.3485905294478986,0.6514094705521014
Suna Kim,Reflection FO_25_2,,"Inkjet print, collage, mixed media (plastic beads, varnish, etc.) on panel",60.6,72.7,20,,1,CatBoost,False,4871500,3173341.235794562,0.3485905294478986,0.6514094705521014
Suna Kim,Reflection RO_25_15,,"Inkjet print, collage, mixed media (plastic beads, varnish, etc.) on panel",91.0,123.0,60,,1,CatBoost,False,10656300,10519562.522719733,0.012831609215231046,0.9871683907847689
Suna Kim,Reflection RO_25_12,,"Inkjet print, collage, mixed media (plastic beads, varnish, etc.) on panel",91.0,123.0,60,,1,CatBoost,False,10656300,10519562.522719733,0.012831609215231046,0.9871683907847689
Suna Kim,Reflection RO_25_3,,"Inkjet print, collage, mixed media (plastic beads, varnish, etc.) on panel",91.0,123.0,60,,1,CatBoost,False,10656300,10519562.522719733,0.012831609215231046,0.9871683907847689
Turakella Gyindo,Untitled,,Loofa Sponge,150.0,180.0,120,,1,CatBoost,False,22834800,18285314.962863937,0.19923472231576642,0.8007652776842336
Turakella Gyindo,The bottom is Closed I'll sit alone I,,Mixed media,48.0,54.0,12,,1,CatBoost,False,7611600,2791446.1459014914,0.6332642091148389,0.366735790885161
Turakella Gyindo,The bottom is Closed I'll sit alone III,,Mixed media,35.0,28.0,4,,1,CatBoost,False,6089300,1761617.329011968,0.7107028182201619,0.2892971817798381
Turakella Gyindo,How do we remember things,,Loofa Sponge,160.0,160.0,120,,1,CatBoost,False,21312500,19150715.922770243,0.10143268397558977,0.8985673160244102
Turakella Gyindo,The bottom is Closed I'll sit alone II,,Mixed media,25.0,37.0,4,,1,CatBoost,False,7611600,1921516.9947091464,0.747554128605136,0.25244587139486396
Seung Lee,Let It Shine 3,2024.0,Painting,152.0,112.0,80,,1,CatBoost,False,6089300,18944344.94446981,2.111087472200386,3.111087472200386
Seung Lee,Night Storm,2023.0,Painting,53.0,76.0,20,,1,CatBoost,False,6089300,4996658.813157927,0.17943625488021164,0.8205637451197884
Seung Lee,Fresh Than Any Other,2024.0,Painting,41.0,51.0,8,,1,CatBoost,False,3044700,2441047.6598718795,0.1982633231937861,0.801736676806214
Seung Lee,It's You,2024.0,Painting,51.0,41.0,8,,1,CatBoost,False,3044700,2455167.939877263,0.19362566430936945,0.8063743356906306
Seung Lee,Night walk,2024.0,Painting,56.0,76.0,20,,1,CatBoost,False,6089300,5002077.35709541,0.17854640811006026,0.8214535918899397
Jeongyoon Park,Summer of Frogs,2022.0,"Oil, marker on canvas",72.7,72.7,25,1996.0,1,XGBoost,True,1800000,2588949.5,0.4383052777777778,1.4383052777777778
Jeongyoon Park,Wind and feather,2022.0,Oil on canvas,91.0,116.8,50,1996.0,1,XGBoost,True,3000000,4958286.0,0.652762,1.652762
Jeongyoon Park,Temple,2022.0,Oil on wood panel,60.6,90.9,25,1996.0,1,XGBoost,True,1800000,3068554.0,0.7047522222222222,1.7047522222222222
Xooang Choi,Fragment 23,2024.0,watercolor on arches paper,38.0,55.0,8,1975.0,3,XGBoost,True,3000000,3493430.75,0.16447691666666667,1.1644769166666666
Xooang Choi,Assemblage C5,2024.0,"Polyurethane resin, epoxy resin, Polyester resin, paper mache, pigments, Polyurethane paint, aluminum mesh, stainless steel",42.0,76.0,15,1975.0,3,XGBoost,True,13000000,5375223.0,0.5865213076923077,0.4134786923076923
Xooang Choi,Assemblage H1,2024.0,watercolor on arches paper,38.0,55.0,8,1975.0,3,XGBoost,True,3000000,3493430.75,0.16447691666666667,1.1644769166666666
Xooang Choi,Assemblage H1,2022.0,"polyurethane varnish on paper mache, chinese ink, aluminum mesh, stainless steel",61.0,106.0,30,1975.0,3,XGBoost,True,35000000,10886390.0,0.6889602857142857,0.3110397142857143
Xooang Choi,Assemblage C3,2023.0,"epoxy resin, paper mache, pigments, iron powder, nikel powder, acrylic, poly urethane paint, aluminum mesh, stainless steel",54.0,97.0,25,1975.0,3,XGBoost,True,32000000,9155621.0,0.71388684375,0.28611315625
Nampyo Kim,Instant Landscape - Aewol Sea(s)#2,2024.0,Oil on canvas,40.0,30.0,5,1970.0,3,CatBoost,False,3000000,2509185.945164848,0.16360468494505062,0.8363953150549494
Nampyo Kim,PM5 #1,2024.0,Oil on canvas,112.1,145.5,80,1970.0,3,CatBoost,False,23000000,26747660.348434955,0.16294175427978064,1.1629417542797806
Nampyo Kim,PM5 #6,2024.0,Water color on paper,140.0,190.0,120,1970.0,3,CatBoost,False,30000000,29122071.967404593,0.02926426775318024,0.9707357322468197
Nampyo Kim,PM5 #2,2024.0,Oil on canvas,112.1,145.5,80,1970.0,3,CatBoost,False,23000000,26747660.348434955,0.16294175427978064,1.1629417542797806
Nampyo Kim,Instant Landscape - Aewol Sea(s)#1,2024.0,Oil on canvas,40.0,30.0,5,1970.0,3,CatBoost,False,3000000,2509185.945164848,0.16360468494505062,0.8363953150549494
SEUNGJU EOM,"To Hold a Heart Forever,",2025.0,Charcoal and watercolor on cotton cloth,100.0,65.1,30,2003.0,1,CatBoost,False,1100000,3259805.31267963,1.9634593751632998,2.9634593751633
SEUNGJU EOM,"Watching and Passing By,",2025.0,Charcoal and watercolor on cotton cloth,72.7,115.0,50,2003.0,1,CatBoost,False,1200000,4624229.433788906,2.8535245281574215,3.8535245281574215
SEUNGJU EOM,"Waiting, Waiting,",2025.0,Charcoal and watercolor on cotton cloth,27.3,45.5,5,2003.0,1,CatBoost,False,300000,867092.2145259422,1.8903073817531408,2.8903073817531406
SEUNGJU EOM,"Live Long, Live Well,",2025.0,Charcoal and watercolor on cotton cloth,31.8,40.9,6,2003.0,1,CatBoost,False,300000,962414.6965300726,2.208048988433575,3.208048988433575
SEUNGJU EOM,"A Tool for a Frugal Birthday Celebration,",2025.0,Charcoal and watercolor on linen,24.2,33.4,3,2003.0,1,CatBoost,False,200000,694754.5013450738,2.473772506725369,3.473772506725369
Lee Ufan,Untitled (II),2019.0,Drypoint etching on Japan paper,500.0,40.0,100,1936.0,4,XGBoost,True,53200000,141548672.0,1.6606893233082707,2.6606893233082705
Lee Ufan,Untitled (I),2019.0,Drypoint etching on Japan paper,500.0,40.0,100,1936.0,4,XGBoost,True,53200000,141548672.0,1.6606893233082707,2.6606893233082705
Edgar Plans,Glaciation 2.0,2024.0,Mixed media on canvas,46.0,55.0,10,1977.0,3,CatBoost,False,55041920,2631462.1995293894,0.9521916713746652,0.04780832862533482
Edgar Plans,Making a mural,2024.0,Mixed media on canvas,55.0,46.0,10,1977.0,3,CatBoost,False,55041920,2631462.1995293894,0.9521916713746652,0.04780832862533482
Edgar Plans,Skatergirl,2024.0,Mixed media on paper,15.0,21.0,1,1977.0,3,CatBoost,False,10320360,1413763.3354863622,0.8630122073758705,0.1369877926241296
Edgar Plans,Rayito on the road,2024.0,Mixed media on paper,15.0,21.0,1,1977.0,3,CatBoost,False,10320360,1413763.3354863622,0.8630122073758705,0.1369877926241296
Edgar Plans,Dragon ball,2024.0,Mixed media on paper,15.0,21.0,1,1977.0,3,CatBoost,False,10320360,1413763.3354863622,0.8630122073758705,0.1369877926241296
Mackerel Safranski,The Narration of Night,,Oil on canvas,53.0,45.5,10,,1,CatBoost,False,4567000,2096242.1324798376,0.541002379575249,0.45899762042475095
Mackerel Safranski,A Dog with Two People,,Acrylic on canvas,27.3,19.0,2,,1,CatBoost,False,2740200,1297787.2858864407,0.52638957525493,0.4736104247450699
Mackerel Safranski,My Black Bird,,Oil on canvas,19.0,33.4,3,,1,CatBoost,False,3349200,1450116.913142791,0.567025882854774,0.43297411714522605
Mackerel Safranski,Morning is Gone,,Oil on canvas,27.0,34.8,4,,1,CatBoost,False,3501400,1715778.8173645309,0.5099734913564486,0.4900265086435514
Imhathai Suwatthanasilp,Unknown Creatures No.3,,"Human hair, acrylic, graphite",150.0,120.0,80,,1,CatBoost,False,11861000,17464616.971232057,0.4724405169237043,1.4724405169237043
Imhathai Suwatthanasilp,Unknown Creatures No.1,,"Human hair, acrylic, graphite",150.0,120.0,80,,1,CatBoost,False,11861000,17464616.971232057,0.4724405169237043,1.4724405169237043
Imhathai Suwatthanasilp,Unknown Creatures No.2,,"Human hair, acrylic, graphite",150.0,120.0,80,,1,CatBoost,False,11861000,17464616.971232057,0.4724405169237043,1.4724405169237043
Imhathai Suwatthanasilp,Plankton,,Human hair,8.0,8.0,0,,1,CatBoost,False,427000,1110509.212170641,1.6007241502825316,2.6007241502825313
Imhathai Suwatthanasilp,Fish Scale Mountain,,"Monoprint with hair, acrylic and charcoal on canvas with fish scale in an acrylic box",120.0,90.0,50,,1,CatBoost,False,7116600,10677353.360974241,0.5003447377925191,1.500344737792519
Kentaro Hiroki,"Mi goreng, Indo mie",,Cran d’Ache Luminance 6901 color pencil on Daler-Rowney 95 GSM paper,11.0,15.0,0,1976.0,3,CatBoost,False,5328200,1503532.1039661244,0.7178161285300618,0.2821838714699381
Kentaro Hiroki,"Nissin Chicken Ramen, Nissin Group",,Color Pencil (Caran D'ache Luminance 6901) on Paper ( ARCHES – AQUARELLE GRAIN STAINE 185 GSM and DALER ROWNEY 95 GSM),10.0,12.0,0,1976.0,3,CatBoost,False,5328200,1259344.0886706398,0.7636454921604595,0.2363545078395405
Kentaro Hiroki,Samyan Ramyun,,"Caran d'Ache, Luminance 6901 color pencil on Daler-Rowley, Extra white, 100 gsm paper",15.0,17.0,0,1976.0,3,CatBoost,False,5328200,1170351.3232731372,0.780347711558662,0.21965228844133802
Kentaro Hiroki,"Shrimp Creamy TOM YAM FLAVOR, MAMA",,Color Pencil (Caran D'ache Luminance 6901) on Paper ( ARCHES – AQUARELLE GRAIN STAINE 185 GSM and DALER ROWNEY 95 GSM),10.0,12.0,0,1976.0,3,CatBoost,False,7916100,1259344.0886706398,0.8409135699813495,0.15908643001865058
Kentaro Hiroki,"SHRIMP TOM YAM FLAVOR, MAMA",,"Caran d’Ache, Luminance 6091 and Graphite on DALER ROWNEY 95 GSM",15.0,9.0,0,1976.0,3,CatBoost,False,5328200,1864089.652192169,0.6501464561780397,0.3498535438219603
Taher Jaoui,Rainbow in The Dark,2024.0,Painting,165.0,125.0,100,1978.0,3,CatBoost,False,22073700,26875526.335240286,0.2175360875267982,1.2175360875267982
Taher Jaoui,Ring My Bell,2024.0,Painting,125.0,160.0,100,1978.0,3,CatBoost,False,21312500,26593206.87086997,0.24777510244551187,1.247775102445512
Taher Jaoui,Call me Sunshine,2024.0,Painting,140.0,160.0,100,1978.0,3,CatBoost,False,23900500,21108849.044642117,0.11680303572552386,0.8831969642744761
Taher Jaoui,Inceptors VI,2024.0,Painting,145.0,165.0,120,1978.0,3,CatBoost,False,25575000,21999806.957098596,0.13979249434609597,0.860207505653904
Taher Jaoui,Run to The Hills,2024.0,Painting,165.0,125.0,100,1978.0,3,CatBoost,False,22073700,26875526.335240286,0.2175360875267982,1.2175360875267982
Weedong Yoon,Monologue 727,2023.0,"Acrylic, Sand on canvas",130.3,162.2,100,,1,CatBoost,False,33673800,20402675.8537411,0.3941083021892065,0.6058916978107936
Weedong Yoon,Monologue 828,2024.0,Acrylic on canvas,60.6,72.7,20,,1,CatBoost,False,8418500,3655542.1941446033,0.5657727393069308,0.4342272606930692
Weedong Yoon,Monologue 2,2018.0,Acrylic on canvas,130.0,194.0,120,,1,CatBoost,False,38484300,32964347.901208837,0.14343387040406513,0.8565661295959349
Weedong Yoon,Monologue 816,2024.0,Acrylic on canvas,45.0,53.0,10,,1,CatBoost,False,4825800,2377186.2112910333,0.5074005944525191,0.4925994055474809
Weedong Yoon,Monologue 795,2023.0,Acrylic on canvas,45.0,53.0,10,,1,CatBoost,False,4825800,2378125.8951655976,0.5072058736032166,0.49279412639678344
Yerim Choi,Peach,2020.0,Acrylic on paper,78.5,108.5,50,1998.0,1,CatBoost,False,900000,4712273.378563642,4.235859309515157,5.235859309515157
Yerim Choi,Wild flower,2022.0,Oil on canvas,61.0,74.0,20,1998.0,1,CatBoost,False,950000,1986163.689895006,1.0906986209421115,2.0906986209421117
Yerim Choi,"A seedless watermelon, thornless cactus",2021.0,Oil on canvas,91.0,116.8,50,1998.0,1,CatBoost,False,950000,5049780.788249953,4.315558724473634,5.315558724473634
Yerim Choi,Snowflower,2022.0,Oil on canvas,33.4,24.3,3,1998.0,1,CatBoost,False,600000,722696.4426654276,0.20449407110904597,1.204494071109046
Yerim Choi,Let's go back to the green 1,2021.0,Oil on canvas,91.0,116.8,50,1998.0,1,CatBoost,False,950000,5049780.788249953,4.315558724473634,5.315558724473634
Kohei Nawa,Orbit - CF(Haze),2022.0,aluminium panel,51.4,38.9,8,,1,CatBoost,False,554720,2922277.9834392467,4.2680234775008055,5.2680234775008055
Kohei Nawa,Orbit - CFS(Reed),2022.0,aluminium panel,51.4,38.9,8,,1,CatBoost,False,5547200,2922277.9834392467,0.4731976522499195,0.5268023477500805
Kohei Nawa,Trans Deer,2021.0,"nylon, stainlesss teel, urethanecoating,glass",37.5,67.5,10,,1,CatBoost,False,30582200,3996102.3258577264,0.8693324114727611,0.13066758852723892
Kohei Nawa,Orbit - E(Irrigation),2022.0,aluminium panel,51.4,38.9,8,,1,CatBoost,False,5547200,2922277.9834392467,0.4731976522499195,0.5268023477500805
Kohei Nawa,Orbit - AEFS(StranglerFig),2022.0,aluminium panel,51.4,38.9,8,,1,CatBoost,False,5547200,2922277.9834392467,0.4731976522499195,0.5268023477500805
Hyunho Lee,The Yellow Tree,2023.0,Color on Korean Jangji(mulberry paper) mounted on wood panel,150.0,150.0,100,1985.0,2,CatBoost,False,12528700,13245405.847211694,0.05720512481037093,1.0572051248103709
Hyunho Lee,The Yellow Tree,2023.0,Color on Korean Jangji(mulberry paper) mounted on wood panel,111.1,111.1,60,1985.0,2,CatBoost,False,8357600,7971654.207882391,0.04617902174279802,0.953820978257202
Hyunho Lee,Beside the Sidewalk,2015.0,Color on Jangji mounted on wood panel,120.0,120.0,60,1985.0,2,CatBoost,False,9362300,9859799.701917209,0.053138619988379855,1.0531386199883799
Hyunho Lee,The Cold Tree,2023.0,Color on Korean Jangji(mulberry paper) mounted on wood panel,130.0,130.0,80,1985.0,2,CatBoost,False,10504100,11685459.025974568,0.11246646794818861,1.1124664679481886
Hyunho Lee,Facing Each Other,2018.0,Color on Korean Jangji(mulberry paper) mounted on wood panel,260.0,162.0,200,1985.0,2,CatBoost,False,20399100,25307547.474930394,0.24062078596263534,1.2406207859626353
Jinhyung Lee,untitled(0717),,oil on canvas,50.0,72.7,15,,1,CatBoost,False,1800000,3774135.823442316,1.09674212413462,2.0967421241346202
Jinhyung Lee,Untitled,,Oil on canvas,65.1,90.9,30,,1,CatBoost,False,3501400,6019752.7909899065,0.7192416721853848,1.719241672185385
Jinhyung Lee,Untitled,,Oil on canvas,65.1,90.9,30,,1,CatBoost,False,3501400,6019752.7909899065,0.7192416721853848,1.719241672185385
Jinhyung Lee,Untitled,,Oil on canvas,65.1,90.9,30,,1,CatBoost,False,3501400,6019752.7909899065,0.7192416721853848,1.719241672185385
Jinhyung Lee,untitled(0608),,"charcoal, pastel on paper",29.7,42.0,5,,1,CatBoost,False,837300,1568881.5418308086,0.8737388532554743,1.8737388532554742
Jo Jae,Debris30,2022.0,Acrylic on canvas,130.0,130.0,80,1990.0,2,CatBoost,False,8677300,9369986.190286962,0.07982738758449776,1.0798273875844977
Jo Jae,Debris33,2022.0,Acrylic on canvas,130.0,160.0,100,1990.0,2,CatBoost,False,9438400,10585690.999499468,0.12155566616158121,1.1215556661615813
Jo Jae,Debris22,2021.0,Acrylic on canvas,30.0,40.0,5,1990.0,2,CatBoost,False,1080900,1454330.9658614232,0.34548151157500523,1.3454815115750052
Jo Jae,Debris24,2022.0,Acrylic on canvas,22.0,27.0,2,1990.0,2,CatBoost,False,852500,844042.8189303848,0.00992044700248115,0.9900795529975188
Jo Jae,Debris23,2022.0,Acrylic on canvas,22.0,27.0,2,1990.0,2,CatBoost,False,1080900,844042.8189303848,0.21912959669684076,0.7808704033031593
YEONSOO KIM,Greenwave,2022.0,Oil on Canvas,52.0,73.0,15,1984.0,2,CatBoost,False,2500000,3776955.624631552,0.5107822498526208,1.5107822498526209
YEONSOO KIM,on the way to my friend,2021.0,Oil on canvas,91.0,72.0,30,1984.0,2,CatBoost,False,3000000,5497068.801260549,0.8323562670868495,1.8323562670868496
YEONSOO KIM,Dinner,2021.0,oil on canvas,72.0,52.0,15,1984.0,2,CatBoost,False,2000000,3791838.807677441,0.8959194038387204,1.8959194038387204
YEONSOO KIM,Bluewave,2022.0,Oil on Canvas,52.0,72.0,15,1984.0,2,CatBoost,False,2500000,3754726.7184248287,0.5018906873699315,1.5018906873699316
April Bohm Yang,Monarch of Revival,2022.0,Metallic and acrylic paint on canvas,65.0,80.0,25,1985.0,2,CatBoost,False,5000000,4283732.79254351,0.143253441491298,0.856746558508702
April Bohm Yang,Monarch of Peace,2022.0,Metallic and acrylic paint on canvas,31.0,40.0,5,1985.0,2,CatBoost,False,1500000,1728597.9356250947,0.15239862375006313,1.1523986237500632
April Bohm Yang,Monarch of Beauty,2022.0,Metallic and acrylic paint on canvas,65.0,80.0,25,1985.0,2,CatBoost,False,5000000,4283732.79254351,0.143253441491298,0.856746558508702
April Bohm Yang,Monarch of Liberty,2022.0,Metallic and acrylic paint on canvas,31.0,40.0,5,1985.0,2,CatBoost,False,1500000,1728597.9356250947,0.15239862375006313,1.1523986237500632
April Bohm Yang,Monarch of Justice,2022.0,Metallic and acrylic paint on canvas,65.0,80.0,25,1985.0,2,CatBoost,False,5000000,4283732.79254351,0.143253441491298,0.856746558508702
Nam Kim,Untitled,2024.0,Acrylic and oil on canvas,80.0,70.0,30,1991.0,2,CatBoost,False,7224252,3258800.885689606,0.5489081934448569,0.45109180655514314
Nam Kim,Untitled,2024.0,Acrylic and oil on canvas,30.0,50.0,6,1991.0,2,CatBoost,False,3956138,1759776.1276619656,0.5551782754641102,0.4448217245358897
Nam Kim,Untitled,2024.0,Acrylic and oil on canvas,30.0,40.0,5,1991.0,2,CatBoost,False,3440120,1331794.5770010373,0.6128639184095215,0.38713608159047863
Nam Kim,Untitled,2024.0,Acrylic and oil on canvas,30.0,40.0,5,1991.0,2,CatBoost,False,3440120,1331794.5770010373,0.6128639184095215,0.38713608159047863
Nam Kim,Tiger under the pine tree,2024.0,Acrylic and oil on canvas,200.0,160.0,150,1991.0,2,CatBoost,False,17200600,16524875.623177912,0.03928493057347348,0.9607150694265265
HAYATO MACHIDA,Say yes to peace,,Acrylic on canvas,300.0,300.0,300,,1,CatBoost,False,1091300,35269055.75770637,31.318387022547757,32.31838702254775
HAYATO MACHIDA,Love,,Acrylic on canvas,60.0,72.0,20,,1,CatBoost,False,3273700,3403490.573953315,0.0396464471250619,1.039646447125062
HAYATO MACHIDA,Not a freak,,Acrylic on canvas,300.0,300.0,300,,1,CatBoost,False,1091300,35269055.75770637,31.318387022547757,32.31838702254775
HAYATO MACHIDA,Friend of Dorothy,,Acrylic on canvas,60.0,72.0,20,,1,CatBoost,False,3273700,3403490.573953315,0.0396464471250619,1.039646447125062
HAYATO MACHIDA,Back Up,,Acrylic on canvas,50.0,60.6,12,,1,CatBoost,False,3273700,2440944.538964992,0.2543774509072328,0.7456225490927672
Matthew Stone,Human Behaviour,,Oil on line,150.0,120.0,80,1982.0,2,CatBoost,False,25879500,15834872.416224085,0.3881306665034454,0.6118693334965546
Matthew Stone,Clasp,,Oil on linen,50.0,60.0,12,1982.0,2,CatBoost,False,10656300,2197825.3821881576,0.7937534245293246,0.20624657547067535
Matthew Stone,Press,,Oil on linen,50.0,60.0,12,1982.0,2,CatBoost,False,10656300,2197825.3821881576,0.7937534245293246,0.20624657547067535
Matthew Stone,Moonwash,,Oil on linen,90.0,120.0,50,1982.0,2,CatBoost,False,18267900,9923024.41822441,0.4568054117756059,0.5431945882243941
Wonmi Seo,Behind the curtain: Venus 001,2022.0,Oil and oil pastel on linen,91.0,91.0,50,1990.0,2,CatBoost,False,4795400,5586024.393442689,0.16487141707525743,1.1648714170752574
Wonmi Seo,Behind the curtain: Green,2022.0,"Acrylic, oil pastel, pencil, colored pencil, oil on paper",96.0,126.5,60,1990.0,2,CatBoost,False,2664100,7140293.076254705,1.6801895860721088,2.6801895860721086
Wonmi Seo,Seeker 003,2022.0,"Acrylic, oil pastel, pencil, colored pencil, marker pen, oil on paper",96.0,125.5,60,1990.0,2,CatBoost,False,2664100,7140293.076254705,1.6801895860721088,2.6801895860721086
Wonmi Seo,Behind the curtain: Venus 002,2022.0,Oil and oil pastel on linen,91.0,91.0,50,1990.0,2,CatBoost,False,4795400,5586024.393442689,0.16487141707525743,1.1648714170752574
Mina Lee,Moon Gazing,2024.0,Oil on canvas,91.0,116.8,50,1991.0,2,CatBoost,False,3562300,6760001.338154054,0.8976507700513865,1.8976507700513865
Mina Lee,The Boss and the Faces,,Oil on wood panel,50.0,71.0,15,1991.0,2,CatBoost,False,2435800,2651907.230245473,0.08872125389829742,1.0887212538982973
Mina Lee,A Lump of Love,2024.0,Oil on canvas,72.7,90.9,40,1991.0,2,CatBoost,False,3349200,4355957.691224163,0.3005964681787183,1.3005964681787183
Mina Lee,A Mushroom’s Mood,2023.0,Ink and oil on canvas,45.5,45.5,8,1991.0,2,CatBoost,False,837300,1581947.9152575708,0.8893442198227288,1.8893442198227288
CCREATT,War Is Over!,2024.0,Printed Fomex and Resin,30.0,39.0,5,1994.0,1,CatBoost,False,1522400,969584.8422566672,0.3631208340405497,0.6368791659594504
CCREATT,Where's Ocean?,2024.0,Printed Fomex and Resin,27.0,35.0,4,1994.0,1,CatBoost,False,1522400,882090.0578951214,0.42059244752028285,0.5794075524797172
CCREATT,Why Always Me?,2024.0,Printed Fomex and Resin,27.0,35.0,4,1994.0,1,CatBoost,False,1522400,882090.0578951214,0.42059244752028285,0.5794075524797172
CCREATT,XXX,2024.0,Printed Fomex and Resin,30.0,39.0,5,1994.0,1,CatBoost,False,1522400,969584.8422566672,0.3631208340405497,0.6368791659594504
Gyume,"I rode the waves, and I was just surprised",2023.0,"Oil pastel, oil and acrylic paint on canvas",116.8,91.0,50,1998.0,1,CatBoost,False,3196900,4946994.09065013,0.5474347307235541,1.547434730723554
Gyume,If you pick up a rainbow,2023.0,"Pigment, oil and acrylic paint on canvas",130.3,130.3,80,1998.0,1,CatBoost,False,6546000,6631019.839042089,0.012988059737563238,1.0129880597375633
Gyume,The four leaves left by the shadow,2023.0,"Oil painting, oil pastel on canvas",90.7,116.0,50,1998.0,1,CatBoost,False,3196900,4924436.014467622,0.5403784961893153,1.5403784961893152
JaeIn Park,At the Edge of Sight,2025.0,"Acrylic, Oil pastel on Canvas",89.0,130.0,60,1983.0,2,XGBoost,True,4000000,5247852.5,0.311963125,1.311963125
JaeIn Park,A Gap in the Daylight,2025.0,"Acrylic, Oil pastel on Canvas",72.7,90.9,40,1983.0,2,XGBoost,True,2500000,3173230.25,0.2692921,1.2692921
JaeIn Park,Books,2025.0,"Acrylic, Oil pastel on Canvas",20.0,20.0,1,1983.0,2,XGBoost,True,500000,657126.5,0.314253,1.314253
JaeIn Park,Nap,2025.0,"Acrylic, Oil pastel on Canvas",72.5,60.5,20,1983.0,2,XGBoost,True,2000000,2503957.75,0.251978875,1.251978875
Gyubin Seong,Today's dinner is braised radish with cutlassfish,2022.0,Oil on canvas,91.0,73.0,40,1997.0,1,CatBoost,False,1500000,3051848.8409708105,1.0345658939805404,2.0345658939805404
Gyubin Seong,pigeon,2022.0,Oil on canvas,60.6,72.7,20,1997.0,1,CatBoost,False,1000000,1767601.3348224824,0.7676013348224824,1.7676013348224824
Gyubin Seong,Light a candle,2022.0,Acrylic on canvas,40.9,53.0,10,1997.0,1,CatBoost,False,750000,1446911.8805752343,0.929215840766979,1.929215840766979
Clément Rodzielski,blabla,2022.0,Oil on canvas,46.0,29.5,6,,1,CatBoost,False,14687300,2550989.2263809037,0.8263132620440174,0.17368673795598263
Clément Rodzielski,Mimi,2022.0,Oil on canvas,30.5,40.0,5,,1,CatBoost,False,14687300,2039711.8701657683,0.8611241092531801,0.1388758907468199
Clément Rodzielski,Nanananana,2022.0,Oil on canvas,180.0,30.0,25,,1,CatBoost,False,22020750,7856143.328170575,0.6432390664182385,0.35676093358176153
Hansol Noh,A widening crack,2020.0,Ink and spray color on korean paper,29.5,42.0,5,1991.0,2,CatBoost,False,800000,1311064.3389830638,0.6388304237288298,1.6388304237288298
Hansol Noh,A falling sphere,2022.0,Ink and spray color on korean paper,24.0,24.0,2,1991.0,2,CatBoost,False,480000,716588.0955152683,0.4928918656568089,1.4928918656568089
Hansol Noh,Still life with Sphere and a floral crown,2021.0,Ink on korean paper,150.0,60.0,50,1991.0,2,CatBoost,False,2400000,6845053.603934937,1.8521056683062238,2.852105668306224
Hansol Noh,A Round Flame,2022.0,Ink and spray color on korean paper,24.0,24.0,2,1991.0,2,CatBoost,False,480000,716588.0955152683,0.4928918656568089,1.4928918656568089
Jabbar Muhammad,Playground 2,,"Acrylic paint, oil paint, and xerox transfer on canvas",30.0,40.0,5,,1,CatBoost,False,887600,1870643.8083591282,1.1075302031986574,2.107530203198657
Jabbar Muhammad,Jeda,,"Marker, acrylic, and oil on canvas",135.0,50.0,40,,1,CatBoost,False,3577500,7341315.012302335,1.0520796680090385,2.0520796680090387
Jabbar Muhammad,Ambang,,"Marker, acrylic, and oil on canvas",135.0,50.0,40,,1,CatBoost,False,3577500,7341315.012302335,1.0520796680090385,2.0520796680090387
Jabbar Muhammad,Playground 1,,"Acrylic paint, oil paint, and xerox transfer on canvas",30.0,40.0,5,,1,CatBoost,False,887600,1870643.8083591282,1.1075302031986574,2.107530203198657
YuSeong Choe,Open space 3,2026.0,Acrylic and Oil on Canvas,72.7,60.6,20,1983.0,2,XGBoost,True,2131300,2361371.5,0.10794890442452963,1.1079489044245296
YuSeong Choe,Open space 1,2026.0,Acrylic and Oil on Canvas,50.0,60.6,12,1983.0,2,XGBoost,True,1370100,1595433.0,0.16446463761769214,1.1644646376176921
YuSeong Choe,Open space 2,2026.0,Acrylic and Oil on Canvas,50.0,60.6,12,1983.0,2,XGBoost,True,1370100,1595433.0,0.16446463761769214,1.1644646376176921
YuSeong Choe,Open space 4,2026.0,Acrylic and Oil on Canvas,50.0,60.6,12,1983.0,2,XGBoost,True,1370100,1595433.0,0.16446463761769214,1.1644646376176921
HYEONYOUNG KIM,Autonomic Drugs 980-1250(9pieces),2020.0,Ceramic,45.0,45.0,8,1995.0,1,CatBoost,False,1600000,1165414.2786810305,0.27161607582435593,0.728383924175644
HYEONYOUNG KIM,Autonomic Drugs 1250_R(16pieces),2022.0,Ceramic,82.0,82.0,40,1995.0,1,CatBoost,False,3600000,3033685.2389884214,0.1573096558365496,0.8426903441634503
HYEONYOUNG KIM,Autonomic Drugs 1250_B(4pieces),2023.0,Ceramic,24.0,64.0,6,1995.0,1,CatBoost,False,1200000,1287637.1241696056,0.07303093680800463,1.0730309368080047
HYEONYOUNG KIM,Autonomic Drugs 1250_Y(16pieces),2023.0,Ceramic,82.0,82.0,40,1995.0,1,CatBoost,False,3600000,3002048.116566085,0.1660977453983098,0.8339022546016902
Ellsworth Kelly,"Ellsworth Kelly, Catalogues Raisonnés of Paintings, Vol. 2",2021.0,,27.9,29.5,3,1923.0,4,CatBoost,False,697300,2826479.013744824,3.053461944277677,4.053461944277677
Ellsworth Kelly,"Ellsworth Kelly, Catalogue Raisonné of Paintings, Vol. 1",2015.0,,27.9,29.5,3,1923.0,4,CatBoost,False,675000,3340374.315587925,3.9487026897598887,4.948702689759888
Ellsworth Kelly,"Ellsworth Kelly, Revue N°1 ",2012.0,,24.5,31.5,3,1923.0,4,CatBoost,False,165000,4412768.277398605,25.74405016605215,26.74405016605215
Ellsworth Kelly,"Ellsworth Kelly, Limited Edition Revue",2012.0,,24.5,31.5,3,1923.0,4,CatBoost,False,4500000,4412768.277398605,0.019384827244754467,0.9806151727552456
Richard Prince,UNTITLED (POLO COLOGNE BOTTLE),1983.0,Ektachrome photograph on paper,20.3,12.7,0,1949.0,4,CatBoost,False,15223200,5479472.384200213,0.6400577812680507,0.3599422187319494
Richard Prince,SELF-PORTRAIT WITH A SPADE,1973.0,Print,45.7,30.5,6,1949.0,4,CatBoost,False,38058000,9962681.919922382,0.7382237132817704,0.2617762867182296
Richard Prince,PORTRAIT OF DOUGLAS TURNBAUGH,1985.0,Black and white photographic print on paper,20.3,25.4,2,1949.0,4,CatBoost,False,45669600,5131928.943026602,0.8876292119259507,0.11237078807404931
I Kyoung Ha,Altyn-Arashan,2025.0,Oil on canvas,60.6,72.7,20,1972.0,3,CatBoost,False,5000000,4482917.293352635,0.10341654132947307,0.8965834586705269
I Kyoung Ha,A walk,2024.0,Oil on canvas,45.5,60.6,12,1972.0,3,CatBoost,False,3000000,4178201.230815181,0.39273374360506036,1.3927337436050604
I Kyoung Ha,Facing myself,2025.0,"Oil, sand on canvas",45.5,60.6,12,1972.0,3,CatBoost,False,3000000,4137406.15212408,0.37913538404135994,1.37913538404136
I Kyoung Ha,A park,2025.0,Oil on canvas,37.9,45.5,8,1972.0,3,CatBoost,False,2000000,2470837.3360062637,0.23541866800313188,1.2354186680031318
Seo Yeon Lee,Sculpture,2023.0,Oil on canvas,72.7,90.9,40,1999.0,1,XGBoost,True,1800000,2606404.75,0.4480026388888889,1.448002638888889
Seo Yeon Lee,Sculpture,2023.0,Oil on canvas,72.7,90.9,40,1999.0,1,XGBoost,True,1800000,2606404.75,0.4480026388888889,1.448002638888889
Seo Yeon Lee,Arrive on a New Planet,2024.0,Oil on canvas,16.0,27.3,1,1999.0,1,XGBoost,True,380000,361900.90625,0.04762919407894737,0.9523708059210526
Seo Yeon Lee,No One,2024.0,Oil on canvas,24.2,40.9,4,1999.0,1,XGBoost,True,450000,693224.4375,0.54049875,1.54049875
Tat Nattee,Albino space kids no. 4,,Acrylic on canvas,50.0,50.0,10,1983.0,2,CatBoost,False,1878300,2057270.384572384,0.09528317338677737,1.0952831733867774
Tat Nattee,To the Moon,2024.0,Acrylic on canvas,80.0,80.0,30,1983.0,2,CatBoost,False,1992700,4831248.91034529,1.424473784486019,2.4244737844860187
Tat Nattee,You are your own rainbow,2024.0,Acrylic on canvas,80.0,80.0,30,1983.0,2,CatBoost,False,1992700,4831248.91034529,1.424473784486019,2.4244737844860187
Tat Nattee,Albino space kids no. 2,,Acrylic on canvas,50.0,50.0,10,1983.0,2,CatBoost,False,1878300,2057270.384572384,0.09528317338677737,1.0952831733867774
Bien U Bae,SNM3A-069,,Gelatin Silver Print,125.0,125.0,80,1950.0,4,CatBoost,False,50236600,33631526.0321402,0.3305373764916375,0.6694626235083625
Bien U Bae,SNM3A-065,2022.0,Gelatin silver print,125.0,125.0,80,1950.0,4,CatBoost,False,45000000,32749224.859381832,0.27223944756929264,0.7277605524307074
Bien U Bae,SNM3A-067,,Gelatin Silver Print,125.0,125.0,80,1950.0,4,CatBoost,False,50236600,33631526.0321402,0.3305373764916375,0.6694626235083625
Bien U Bae,SNM3A-029,2015.0,Gelatin silver print,120.0,120.0,60,1950.0,4,CatBoost,False,50000000,32689956.307614893,0.34620087384770215,0.6537991261522978
SeoHyun Kim,"I See You, Icy You",,"Oil, Wax, Damar Resin, Pigment and Mixed Media on Wood Panel",73.0,100.0,40,,1,CatBoost,False,2800000,6460191.11617182,1.3072111129185071,2.307211112918507
SeoHyun Kim,Tiny Snow Ball,,Oil on Layered Canvas,53.0,40.9,10,,1,CatBoost,False,1200000,2712668.3289248976,1.260556940770748,2.260556940770748
SeoHyun Kim,We met on the Pale atmosphere,,Oil and Mixed Media on Layered Canvas,77.0,52.0,20,,1,CatBoost,False,2000000,4600374.340836451,1.3001871704182257,2.3001871704182255
Goo Gijeong,The Transparent Visual Apparatus no.5,2025.0,"UV print on acrylic, LED, stainless steel frame",34.0,35.4,5,1990.0,2,CatBoost,False,2600000,1268349.8745304141,0.51217312518061,0.48782687481939
Goo Gijeong,The Transparent Visual Apparatus no.3,2025.0,"UV print on acrylic, LED, stainless steel frame",47.5,25.0,5,1990.0,2,CatBoost,False,2300000,1647695.1578509877,0.28361080093435315,0.7163891990656468
Goo Gijeong,The Transparent Visual Apparatus no.6,2025.0,"UV print on acrylic, LED, stainless steel frame",34.5,35.4,5,1990.0,2,CatBoost,False,2600000,1268788.5643281236,0.5120043983353371,0.48799560166466294
Phi Long Le,crown leisure no.5,,"Pencil, ink, silver gold on pine wood",27.5,28.5,3,1988.0,2,CatBoost,False,5328200,957169.7318132003,0.8203577696383019,0.17964223036169819
Phi Long Le,crown leisure no.3,,"Pencil, ink, silver gold on pine wood",39.0,14.0,2,1988.0,2,CatBoost,False,5328200,1012445.1014534057,0.8099836527432518,0.19001634725674818
Phi Long Le,crown leisure no.2,,"Pencil, ink, silver gold on pine wood",39.0,13.5,2,1988.0,2,CatBoost,False,5328200,1015337.7421528341,0.8094407600779185,0.1905592399220814
Dian Suci,To What Land Do You Sail,2024.0,Watercolor and gouache on paper,70.0,50.0,15,1985.0,2,CatBoost,False,2435800,3096196.006665736,0.2711207844099417,1.2711207844099417
Disorn Duangdao,Rock in the center of MeKong River,2020.0,Charcoal Rubbing on Stone Surface,66.0,77.0,25,1973.0,3,CatBoost,False,4186400,6873653.043397061,0.6419006887533586,1.6419006887533587
Disorn Duangdao,Avatar,2020.0,Acrylic Dust on Old Gallery Wall,84.0,115.0,50,1973.0,3,CatBoost,False,7002700,15506469.182115216,1.2143557745034366,2.214355774503437
Disorn Duangdao,a piece of the cosmic explosion in time,2024.0,"Fluorescent powder (2005), Water from Alaska (2013), Lightfast acrylic paint (2021), and UV-protective nylon (2024)",80.0,60.0,20,1973.0,3,CatBoost,False,4871500,7670399.983337894,0.5745458243534628,1.574545824353463
Abang,Mooood triplet,2022.0,Acrylic on canvas,72.7,90.9,40,1987.0,2,XGBoost,True,2400000,3540227.0,0.4750945833333333,1.4750945833333333
Abang,Frances Ha,2022.0,Acrylic on canvas,145.5,112.1,80,1987.0,2,XGBoost,True,7002700,8698760.0,0.2422008653804961,1.2422008653804961
Ary Kurniawan,Untitled,,Acrylic on canvas,30.0,40.0,5,1992.0,1,CatBoost,False,1385400,1067701.6781644213,0.22931884064932775,0.7706811593506723
Ary Kurniawan,Untitled (1),,Acrylic on canvas,30.0,40.0,5,1992.0,1,CatBoost,False,1385400,1067701.6781644213,0.22931884064932775,0.7706811593506723
Ary Kurniawan,Bikini,,Acrylic on canvas,45.0,60.0,12,1992.0,1,CatBoost,False,1781200,1904850.5407293714,0.06941979605286962,1.0694197960528695
Haejin Yoon,Who Am I,2023.0,Mixed media on canvas,130.0,162.0,100,1975.0,3,CatBoost,False,15000000,23544638.631131377,0.5696425754087585,1.5696425754087584
Haejin Yoon,Echo,2023.0,Mixed media on canvas,61.0,91.0,25,1975.0,3,CatBoost,False,4500000,8507621.54427631,0.8905825653947356,1.8905825653947357
Haejin Yoon,Echo,2023.0,Mixed media on canvas,60.5,60.5,15,1975.0,3,CatBoost,False,3000000,3843380.4119761093,0.28112680399203643,1.2811268039920365
Niam Mawornkanong,House Warming,2022.0,Acrylic on canvas,320.0,210.0,300,1978.0,3,CatBoost,False,45071700,60648518.95067654,0.34560087484333935,1.3456008748433395
Niam Mawornkanong,Looking for Red,2023.0,Acrylic on canvas,120.0,120.0,60,1978.0,3,CatBoost,False,18783000,15309828.525407404,0.18491036972755132,0.8150896302724487
Niam Mawornkanong,Looking for Blue,,Acrylic on canvas,120.0,120.0,60,1978.0,3,CatBoost,False,18783000,13872973.456588063,0.26140800422786226,0.7385919957721377
Muhamad Zaim,The Garuda,,Ballpoint pen on raw canvas,90.0,90.0,40,1999.0,1,CatBoost,False,2283500,2875183.5701159732,0.25911257723493464,1.2591125772349345
Muhamad Zaim,"Monument IV 'Nation, Religion, King'",,Ballpoint pen on raw canvas,75.0,180.0,60,1999.0,1,CatBoost,False,3044700,6302236.923606966,1.0699040705511103,2.0699040705511105
Muhamad Zaim,Gate of Declaration 'THE ASEAN WAY',,Ballpoint pen on canvas,120.0,180.0,100,1999.0,1,CatBoost,False,4262500,8387411.562302788,0.9677211876370176,1.9677211876370178
Soyoung Jeon,Life1,2023.0,acrylic on canvas,97.0,145.5,60,1984.0,2,CatBoost,False,8372800,13579912.729917383,0.6219081704946234,1.6219081704946234
Soyoung Jeon,Subtle Tremor,2025.0,Oil on canvas,53.0,53.0,12,1984.0,2,CatBoost,False,1370100,2188983.1459915796,0.5976812977093494,1.5976812977093493
Soyoung Jeon,Life 2,2023.0,Acrylic on Canvas,97.0,145.5,60,1984.0,2,CatBoost,False,8372800,13579912.729917383,0.6219081704946234,1.6219081704946234
Ros Kamolros,Pendant,,"Archival pigment on Gold Fibre Pearl mounted on Alu-Dibond, black aluminium frame",21.0,28.0,2,,1,CatBoost,False,1294000,1307994.1219677161,0.010814622849857916,1.010814622849858
Ros Kamolros,Roses,,"Archival pigment on Gold Fibre Pearl mounted on Alu-Dibond, black aluminium frame",21.0,28.0,2,,1,CatBoost,False,1294000,1307994.1219677161,0.010814622849857916,1.010814622849858
Ros Kamolros,Sweet,,"Archival pigment on Gold Fibre Pearl mounted on Alu-Dibond, black aluminium frame",21.0,28.0,2,,1,CatBoost,False,1294000,1307994.1219677161,0.010814622849857916,1.010814622849858
Than Sok,Water Lettuce Form,,Acrylic on canvas,110.0,150.0,80,1984.0,2,CatBoost,False,7611600,13976604.524329409,0.8362242530255675,1.8362242530255675
Than Sok,Water Beetle Form,,Acrylic on canvas,110.0,150.0,80,1984.0,2,CatBoost,False,7611600,13976604.524329409,0.8362242530255675,1.8362242530255675
Than Sok,Water Primrose Form,,Acrylic on canvas,110.0,150.0,80,1984.0,2,CatBoost,False,7611600,13976604.524329409,0.8362242530255675,1.8362242530255675
Shuto Okayasu,"Strange Day, 2021",2021.0,Color pencil and oil maker on paper,43.1,53.3,10,1990.0,2,CatBoost,False,1370100,1505602.3499989433,0.09889960586741353,1.0988996058674134
Shuto Okayasu,"Rainy day, 2022",2022.0,Color pencil and oil maker on paper,43.1,53.3,10,1990.0,2,CatBoost,False,1370100,1494596.8442720242,0.0908669763316723,1.0908669763316723
Shuto Okayasu,Strange day So Wat Cha Sayin',2021.0,Color pencil and oil maker on paper,43.1,53.3,10,1990.0,2,CatBoost,False,1370100,1505602.3499989433,0.09889960586741353,1.0988996058674134
Seung Eui Hyun,Time of the Night,2022.0,Mixed media on Korean paper,174.5,82.5,60,1991.0,2,CatBoost,False,8000000,8727356.167664427,0.09091952095805342,1.0909195209580533
Seung Eui Hyun,The Smile Spot,2023.0,Mixed media on Korean paper,91.0,117.0,50,1991.0,2,CatBoost,False,7500000,6104794.820147606,0.18602735731365258,0.8139726426863474
Seung Eui Hyun,The Occupied Paradise,2023.0,Mixed media on Korean paper,193.0,130.0,120,1991.0,2,CatBoost,False,18000000,10871268.458954476,0.3960406411691958,0.6039593588308042
je Lee,Future memory,2024.0,oil on canvas,53.0,45.5,10,,1,CatBoost,False,3000000,2318892.0465950924,0.22703598446830253,0.7729640155316975
je Lee,Future memory,2024.0,oil on canvas,40.9,31.8,6,,1,CatBoost,False,2500000,2276401.2337464103,0.08943950650143587,0.9105604934985642
Cai Ruei Heng,Smoky Dog,2023.0,Acrylic on canvas,45.5,53.0,10,,1,CatBoost,False,2283500,2418979.4335808447,0.059329727865489235,1.0593297278654892
Cai Ruei Heng,Mischief in the Backyard,2023.0,Acrylic on canvas,53.0,45.5,10,,1,CatBoost,False,2283500,2418979.4335808447,0.059329727865489235,1.0593297278654892
Cai Ruei Heng,Swan Island,2023.0,Acrylic on canvas,45.5,53.0,10,,1,CatBoost,False,2283500,2418979.4335808447,0.059329727865489235,1.0593297278654892
Doyo,Nearby Oddness; In Mild January,2023.0,Print on canvas,49.5,49.5,10,1995.0,1,CatBoost,False,3000000,1195313.3927115256,0.6015622024294914,0.3984377975705085
Doyo,Live Is Life,2022.0,Print on canvas,47.5,59.0,12,1995.0,1,CatBoost,False,1000000,1302684.7261181558,0.3026847261181558,1.3026847261181558
Doyo,Nearby Oddness; Harmonize,2023.0,Print on canvas,49.5,49.5,10,1995.0,1,CatBoost,False,3000000,1195313.3927115256,0.6015622024294914,0.3984377975705085
Hiroshi Sugimoto,"Hiroshi Sugimoto, Revue N° 1",2014.0,,24.4,31.5,3,1948.0,4,CatBoost,False,165000,5734245.120707849,33.75300073156272,34.75300073156272
Hiroshi Sugimoto,"PPTRD 005, limited edition including original artwork",2014.0,Silver Gelatin Print,43.0,54.0,10,1948.0,4,CatBoost,False,21900000,9671776.706991954,0.5583663604113263,0.4416336395886737
Hiroshi Sugimoto,"PPTRD 040, limited edition including original artwork",2014.0,Silver Gelatin Print,25.0,32.0,3,1948.0,4,CatBoost,False,21900000,5362407.864614035,0.7551411933966193,0.24485880660338058
Ai Weiwei,"Ai Weiwei, Revue",2019.0,,24.4,31.5,3,1957.0,4,CatBoost,False,165000,4682185.922652904,27.376884379714568,28.376884379714568
Ai Weiwei,Brain Inflation,2019.0,,24.5,31.5,3,1957.0,4,CatBoost,False,3600000,4682185.922652904,0.30060720073691777,1.3006072007369178
Ai Weiwei,Revolt,,Marble,48.0,80.0,15,1957.0,4,CatBoost,False,444861500,11420194.999518327,0.9743286506035737,0.025671349396426364
Yihyun Kim,Those who look down at,2022.0,Color on paper,324.4,130.3,200,1997.0,1,CatBoost,False,3500000,13230741.439670332,2.780211839905809,3.780211839905809
Yihyun Kim,Pray 2,2022.0,Color on paper,170.3,193.9,150,1997.0,1,CatBoost,False,3800000,7159087.76577436,0.8839704646774631,1.883970464677463
Yihyun Kim,Pray 1,2022.0,Color on paper,112.1,162.2,80,1997.0,1,CatBoost,False,2000000,7618411.742554319,2.8092058712771597,3.8092058712771597
Pablo Picasso,"PICASSO, COLLECTION DU MUSÉE ZERVOS",2021.0,,18.2,25.3,2,1881.0,4,CatBoost,False,49000,2206103.266809644,44.02251564917641,45.02251564917641
Pablo Picasso,Pablo Picasso's catalogue raisonné by Christian Zervos,1932.0,,105.0,32.8,15,1881.0,4,CatBoost,False,42000000,6649740.4827220095,0.841672845649476,0.15832715435052402
Pablo Picasso,"Picasso in the Studio, Special issue Revue",2015.0,,24.3,31.5,3,1881.0,4,CatBoost,False,154000,2987305.7192178178,18.398089085829987,19.398089085829987
Yasuhiro Hara,Sho 24,2021.0,Acrylic on canvas,27.3,22.7,2,,1,CatBoost,False,913400,1274213.9258628811,0.39502290985644967,1.3950229098564497
Yasuhiro Hara,Sho 21,2021.0,Acrylic on canvas,15.8,22.7,1,,1,CatBoost,False,761200,1397213.3372901194,0.8355403800448231,1.8355403800448231
Yasuhiro Hara,Sho 30,2021.0,Acrylic on canvas,15.8,22.7,1,,1,CatBoost,False,761200,1397213.3372901194,0.8355403800448231,1.8355403800448231
YeonJae Chung,Untitled,2026.0,"Acrylic on Canvas, Wood Structure",30.0,154.0,20,1992.0,1,XGBoost,True,4034200,5850127.5,0.4501332358336225,1.4501332358336225
YeonJae Chung,"[1,2,3] C",2026.0,Acrylic on Canvas,126.0,62.0,40,1992.0,1,XGBoost,True,2664100,3158879.0,0.18572088134829773,1.1857208813482978
YeonJae Chung,"[1,2,3] B",2026.0,Acrylic on Canvas,126.0,62.0,40,1992.0,1,XGBoost,True,2664100,3158879.0,0.18572088134829773,1.1857208813482978
junewhan kim,사막의 길,2024.0,Painting,29.7,21.0,3,,1,CatBoost,False,640000,1487232.4112227987,1.323800642535623,2.3238006425356232
junewhan kim,금지구역(A),2023.0,Painting,21.0,29.7,3,,1,CatBoost,False,640000,1528625.9540785458,1.3884780532477279,2.3884780532477277
junewhan kim,주차장(어린이집),2023.0,Painting,20.0,20.0,1,,1,CatBoost,False,500000,1166123.321125364,1.3322466422507278,2.3322466422507278
Aboudia,Untitled,2024.0,Mixed media,122.0,150.0,80,1983.0,2,CatBoost,False,114174000,13606303.47594267,0.8808283543018317,0.11917164569816832
Aboudia,Untitled,2024.0,Mixed media,40.0,57.8,10,1983.0,2,CatBoost,False,21312500,2851957.3149586054,0.8661838209990097,0.1338161790009903
Aboudia,La pose,2024.0,Mixed media,122.0,150.0,80,1983.0,2,CatBoost,False,114174000,13606303.47594267,0.8808283543018317,0.11917164569816832
Gaeul Jeon,밤하늘의 별처럼,2024.0,Painting,53.0,72.7,15,,1,CatBoost,False,2000000,4419278.924338898,1.2096394621694488,2.209639462169449
Gaeul Jeon,저녁노을,2023.0,Painting,90.9,72.7,40,,1,CatBoost,False,3000000,6412898.076880908,1.137632692293636,2.1376326922936357
Gaeul Jeon,바람,2023.0,Painting,53.0,72.7,15,,1,CatBoost,False,2000000,4516279.632951949,1.2581398164759745,2.2581398164759743
Hyunho Park,Mind Explosion,2021.0,Oil on canvas,65.0,50.0,15,1993.0,1,CatBoost,False,800000,2178572.004818804,1.7232150060235052,2.723215006023505
Hyunho Park,"The Structure of the waves- rough, soft and sharp",2021.0,Oil on canvas,50.0,65.0,15,1993.0,1,CatBoost,False,1000000,2178572.004818804,1.1785720048188042,2.178572004818804
Hyunho Park,Devouring wave and fragile my body,2021.0,Oil on canvas,116.0,162.0,80,1993.0,1,CatBoost,False,4000000,10476142.419869632,1.619035604967408,2.619035604967408
Yusuke Ochiai,F$CK,2022.0,Acrylic on canvas,30.4,40.6,5,1977.0,3,CatBoost,False,3044700,2549934.423313516,0.162500599956148,0.837499400043852
Yusuke Ochiai,INNER UNITY,2023.0,Acrylic and white gold leaf on canvas,101.6,152.4,80,1977.0,3,CatBoost,False,12939800,23371737.27141339,0.806189992999381,1.806189992999381
Yusuke Ochiai,F$CK,2022.0,Acrylic on canvas,30.4,40.6,5,1977.0,3,CatBoost,False,3044700,2549934.423313516,0.162500599956148,0.837499400043852
Yuin,어떤 도시조각,2025.0,Acrylic on Korean paper,15.0,15.0,0,,1,CatBoost,False,180000,999269.5499740818,4.55149749985601,5.55149749985601
Yuin,내 우주는 돌고 돌아서,2025.0,Acrylic on Korean paper,160.3,65.0,50,,1,CatBoost,False,2000000,11846098.51017525,4.9230492550876255,5.9230492550876255
Yuin,여기는 blue,2024.0,Mixed media on canvas,80.3,80.3,30,,1,CatBoost,False,1750000,5514447.204992187,2.1511126885669642,3.1511126885669642
YeRim Lee,"Hello,Is Everyone Doing Well",2023.0,Acrylic on Canvas,130.0,162.0,100,,1,CatBoost,False,19790200,21498126.663102496,0.08630163733072412,1.0863016373307242
YeRim Lee,Corner Building in Paris,2023.0,Acrylic on canvas,72.0,100.0,40,,1,CatBoost,False,9134000,7594519.882463939,0.168543914772943,0.8314560852270569
YeRim Lee,Corner Building in Paris,2024.0,Acrylic on Canvas,130.0,162.0,100,,1,CatBoost,False,19790200,21606395.64266076,0.0917724753999838,1.0917724753999838
SuRim Hong,A Horse Bay,,Oil on Canvas,53.0,72.7,15,1993.0,1,XGBoost,True,2100000,2159059.25,0.02812345238095238,1.0281234523809524
SuRim Hong,가려진,,Oil on Canvas,90.9,60.6,25,1993.0,1,XGBoost,True,3000000,2677913.75,0.10736208333333333,0.8926379166666667
SuRim Hong,Swamp,,Oil on Canvas,97.0,145.5,60,1993.0,1,XGBoost,True,8000000,7201100.0,0.0998625,0.9001375
Toshiyuki Shibakawa,Appearance II.20191036 (Canvas Fossil Excavated 2000 Years Later),2019.0,Mixed Media,23.0,16.0,1,,1,CatBoost,False,1294000,1637391.765102504,0.2653723068798331,1.265372306879833
Toshiyuki Shibakawa,Appearance II.40220210 (Kewpie Doll Fossil Excavated 2000 Years Later),2022.0,Mixed Media,21.5,12.0,0,,1,CatBoost,False,2283500,1535563.0494291212,0.32753971997848863,0.6724602800215114
Toshiyuki Shibakawa,Appearance II.40210206 (Kewpie Doll Fossil Excavated 2000 Years Later),2021.0,Mixed Media,18.5,28.0,2,,1,CatBoost,False,3044700,1539235.2540916805,0.49445421417818486,0.5055457858218151
Udomsak Krisanamis,Friday,2008.0,Acrylic on Newspaper,77.0,60.5,20,,1,CatBoost,False,7916100,6589928.809718391,0.16752835238079472,0.8324716476192053
Udomsak Krisanamis,Mind Drifting,2006.0,Coffee and silkscreen on Fabriano paper,70.0,100.0,40,,1,CatBoost,False,15223200,8155458.890258202,0.46427433849268207,0.5357256615073179
Udomsak Krisanamis,Untitled,2006.0,silkscreen on Fabriano paper,35.5,70.0,10,,1,CatBoost,False,2435800,4905772.878100898,1.0140294269237615,2.0140294269237615
Blake Daniels,Cave at Pope Lick Creek,2024.0,Oil on canvas,65.0,45.0,12,1990.0,2,CatBoost,False,9999999,2329870.0912368675,0.7670129675776101,0.23298703242239
Jonghwan Jin,A forest froze in a dry state,2023.0,Oil on canvas,53.0,65.1,15,1991.0,2,XGBoost,True,1200000,2094073.375,0.7450611458333334,1.7450611458333334
Jonghwan Jin,Dry Wood,2023.0,Oil on canvas,60.6,72.7,20,1991.0,2,XGBoost,True,1600000,2526139.5,0.5788371875,1.5788371875
Jonghwan Jin,Cypress,2022.0,Oil on canvas,53.0,65.1,15,1991.0,2,XGBoost,True,1200000,2030481.875,0.6920682291666667,1.6920682291666667
Lee Koz,J-D The front door of Choi Jeong-ja's house-Two persimmon trees-Furnace-A wall-Clamatis,2023.0,Oil on canvas,130.3,130.3,80,1997.0,1,CatBoost,False,7200000,6631019.839042089,0.07902502235526543,0.9209749776447346
Haechan Kang,Frozen window,2025.0,Acylic on canvas,26.7,34.8,4,1995.0,1,CatBoost,False,500000,637451.1106212079,0.2749022212424157,1.2749022212424157
Haechan Kang,Night flight,2025.0,Acylic on canvas,45.5,53.0,10,1995.0,1,CatBoost,False,1000000,1031874.7678594447,0.03187476785944472,1.0318747678594447
Haechan Kang,January light,2025.0,Acylic on canvas,65.1,90.6,30,1995.0,1,CatBoost,False,2700000,2485704.1466704337,0.07936883456650604,0.920631165433494
Yutaka Hashimoto,Study_for_Null_Portrai t of someone#205,2024.0,Acrylic on canvas,80.3,100.0,40,1979.0,3,CatBoost,False,9895100,7374192.861775956,0.2547631795761583,0.7452368204238418
Yutaka Hashimoto,What to see in repeated portraits #029,2024.0,Acrylic on canvas,80.3,100.0,40,1979.0,3,CatBoost,False,9895100,7374192.861775956,0.2547631795761583,0.7452368204238418
Yutaka Hashimoto,Study_for_Null_Portr ait of someone#138,2023.0,Acrylic on canvas,112.0,145.5,80,1979.0,3,CatBoost,False,12939800,19733983.617288128,0.5250609450909696,1.5250609450909696
Han Youngsoo,"Namdaemun, Seoul, Korea 1956-1963",,Fine art pigment print,100.0,150.0,80,,1,CatBoost,False,25118300,17096646.96367307,0.3193549339058348,0.6806450660941652
Han Youngsoo,"Myeong-dong, Seoul, Korea 1956-1963",,Fine art pigment print,100.0,150.0,80,,1,CatBoost,False,25118300,17096646.96367307,0.3193549339058348,0.6806450660941652
Han Youngsoo,"Nodeulseom, Seoul, Korea 1956",,Toned gelatin silver print,50.8,40.6,8,,1,CatBoost,False,5023700,2688616.905480014,0.4648134033720138,0.5351865966279862
Hiroshi Nagai,Untitled 01,2024.0,acrylic on canvas,72.7,72.7,25,,1,CatBoost,False,33240000,5510680.025207698,0.8342154023704061,0.1657845976295938
Hiroshi Nagai,Untitled 05,2024.0,acrylic on canvas,65.2,65.2,20,,1,CatBoost,False,33240000,4189671.874442178,0.873956923151559,0.12604307684844096
Hiroshi Nagai,Untitled 03,2024.0,acrylic on canvas,60.6,72.7,20,,1,CatBoost,False,33240000,3655542.1941446033,0.8900258064336762,0.1099741935663238
Yuya Saito,Days_GSZ_007,2023.0,Spray and acrylic on curving wood,50.0,50.0,10,1982.0,2,CatBoost,False,3805800,2681079.415100265,0.2955280321876439,0.7044719678123561
Yuya Saito,Moment_Ghost_Mode l_A,2023.0,Spray and acrylic on curving wood,90.0,95.0,50,1982.0,2,CatBoost,False,6850500,8184934.849656945,0.19479378872446465,1.1947937887244646
Yuya Saito,Moment_Ghost_Mode l_B,2023.0,Spray and acrylic on curving wood,90.0,95.0,50,1982.0,2,CatBoost,False,6850500,8184934.849656945,0.19479378872446465,1.1947937887244646
Woo Young Choi,Facing Each Other #1,2024.0,Charcoal on paper,30.1,21.4,3,1993.0,1,CatBoost,False,350000,657083.1385624608,0.8773803958927451,1.877380395892745
Woo Young Choi,Scene 22,2024.0,Charcoal on paper,21.0,14.8,1,1993.0,1,CatBoost,False,350000,656142.9073875886,0.8746940211073961,1.8746940211073961
Woo Young Choi,The Windows Open and The Night Grows Late,2024.0,Charcoal on paper,42.0,29.7,5,1993.0,1,CatBoost,False,600000,896989.8058391948,0.49498300973199133,1.4949830097319914
Viriya Chotpanyavisut,Fuel Spills#3,2018.0,C print photography,80.0,120.0,50,1982.0,2,CatBoost,False,3044700,11289627.04361044,2.7079604045096204,3.7079604045096204
Viriya Chotpanyavisut,seascape,2018.0,C print photography,80.0,120.0,50,1982.0,2,CatBoost,False,3044700,11289627.04361044,2.7079604045096204,3.7079604045096204
Viriya Chotpanyavisut,lotus,2018.0,c print on ilford paper 180g,17.7,26.4,2,1982.0,2,CatBoost,False,761200,1227371.3450274223,0.6124163754958254,1.6124163754958254
Rodel Tapaya,Dog Days,,Acrylic on canvas,243.8,182.9,200,,1,CatBoost,False,114174000,33728235.2292828,0.704589177664943,0.295410822335057
Rodel Tapaya,Words Are Weapon,,Acrylic on canvas,152.4,193.0,120,,1,CatBoost,False,91339200,25442977.658733513,0.7214451444863376,0.2785548555136624
Rodel Tapaya,Dog Days,,Acrylic on canvas,243.8,182.9,200,,1,CatBoost,False,114174000,33728235.2292828,0.704589177664943,0.295410822335057
John Giorno,We gave a party for the gods and the gods all came,2017.0,Hahnemuhle Ultra-Smooth Photo Rag 305GSM Archival paper 100% Epson pigmented ink,66.0,66.0,20,1936.0,4,CatBoost,False,2283500,10768852.997796059,3.7159417551110394,4.715941755111039
John Giorno,Life is a Killer,2017.0,Hahnemuhle Ultra-Smooth Photo Rag 305GSM Archival paper 100% Epson pigmented ink,75.0,75.0,30,1936.0,4,CatBoost,False,2283500,14110023.906198466,5.1791214828983865,6.1791214828983865
John Giorno,The world just makes me laugh,2017.0,Hahnemuhle Ultra-Smooth Photo Rag 305GSM Archival paper 100% Epson pigmented ink,66.0,66.0,20,1936.0,4,CatBoost,False,2283500,10768852.997796059,3.7159417551110394,4.715941755111039
Seonghee Huh,Cheongpa,2024.0,Korean pigments and acrylic on linen,120.0,120.0,60,1984.0,2,CatBoost,False,11113000,11100564.841863038,0.0011189740067454317,0.9988810259932546
Seonghee Huh,Fresh Breeze,2024.0,Korean Pigments on linen,60.0,60.0,15,1984.0,2,CatBoost,False,3349200,2939865.201130148,0.12221867875010509,0.8777813212498949
Seonghee Huh,Pure,2024.0,Korean Pigments on linen,120.0,120.0,60,1984.0,2,CatBoost,False,11113000,10632990.508988079,0.043193511294152914,0.9568064887058471
Gan Tee Sheng,Faded Sentiments,,Oil on canvas,122.0,183.0,100,1984.0,2,CatBoost,False,8372800,17251702.423073985,1.0604460184256144,2.0604460184256146
Gan Tee Sheng,Fragments of Emotion,,Oil on canvas,122.0,183.0,100,1984.0,2,CatBoost,False,8372800,17251702.423073985,1.0604460184256144,2.0604460184256146
Kow Leong Kiang,Soft Figures,,Oil on canvas,220.0,220.0,200,1970.0,3,CatBoost,False,38058000,41861243.46264451,0.09993282523108177,1.0999328252310818
Kow Leong Kiang,Soft Figures,,Oil on canvas,220.0,220.0,200,1970.0,3,CatBoost,False,38058000,41861243.46264451,0.09993282523108177,1.0999328252310818
Benedikt Hipp,Neonatal Refractions,2020.0,Oil and varnish on wood,46.0,58.0,12,,1,CatBoost,False,12254700,3609326.6516489023,0.7054740914384765,0.2945259085615235
Benedikt Hipp,Extension,2018.0,Oil and varnish on wood,76.0,104.0,40,,1,CatBoost,False,19790200,8486751.995039172,0.5711639096603788,0.4288360903396212
Xian Kim,Still Life 292,2024.0,acrylic on canvas,146.0,97.0,60,,1,CatBoost,False,11000000,17608815.61664785,0.6008014196952591,1.6008014196952591
Xian Kim,Still Life 298,2024.0,acryilc on canvas,73.0,91.0,40,,1,CatBoost,False,6500000,5891131.094625672,0.0936721392883581,0.9063278607116418
Nattiwut Choomanowat,บางพลัด Got talent,,Oil on linen,190.0,130.0,120,,1,CatBoost,False,9488800,26323636.107684188,1.7741796757950623,2.7741796757950623
Sung Neung Kyung,Venue,1988.0,Gelatin silver print,23.0,34.5,3,1944.0,4,CatBoost,False,10960800,6217322.2807542635,0.4327674731083257,0.5672325268916742
Sung Neung Kyung,Venue,1988.0,Gelatin silver print,34.5,23.0,3,1944.0,4,CatBoost,False,10960800,6217322.2807542635,0.4327674731083257,0.5672325268916742
Philippe Parreno,"Philippe Parreno, Limited edition including original artwork",2023.0,"Softcover, Wrapped in glassine paper, Cardboard clamshell box",24.3,31.3,3,1964.0,4,CatBoost,False,4200000,2245281.752666215,0.46540910650804407,0.534590893491956
Philippe Parreno,"Philippe Parreno, Revue",2023.0,Softcover,24.5,31.5,3,1964.0,4,CatBoost,False,168000,2753897.9181153025,15.392249512591086,16.392249512591086
Rosemarie Trockel,"Rosemarie Trockel, Revue N°1-2",2013.0,,24.5,31.5,3,1952.0,4,CatBoost,False,165000,5706305.934780391,33.58367233200237,34.58367233200237
Rosemarie Trockel,"Rosemarie Trockel, limited edition including original artwork",2013.0,,24.5,31.5,3,1952.0,4,CatBoost,False,2250000,5706305.934780391,1.5361359710135072,2.536135971013507
Alex Jo,SKULL,2023.0,Acrylic on canvas,91.4,91.4,50,1968.0,3,CatBoost,False,11417400,12422999.50931896,0.0880760514056581,1.088076051405658
Alex Jo,Lovers,2023.0,Acrylic on canvas,121.9,121.9,80,1968.0,3,CatBoost,False,14918800,20336939.250951562,0.36317527220363316,1.3631752722036332
Peter Ravn,Group Dynamics Team Formation No. 1,,Giclée print on paper,48.0,60.0,12,,1,CatBoost,False,1200000,2799883.4080806808,1.3332361734005673,2.333236173400567
Peter Ravn,Landing,2025.0,Giclée print on paper,45.0,45.0,8,,1,CatBoost,False,1000000,2155129.7814477403,1.1551297814477404,2.1551297814477404
Muklay,facing a year of the dragon #3,2023.0,Acrylic on canvas,50.0,60.0,12,,1,CatBoost,False,3044700,2740657.288701813,0.09985966147672572,0.9001403385232742
Muklay,facing a year of the dragon #1,2023.0,Acrylic on canvas,50.0,60.0,12,,1,CatBoost,False,3044700,2740657.288701813,0.09985966147672572,0.9001403385232742
Jonathan Hadipranata,They All Wanted To Be A King,,Acrylic on canvas,100.0,120.0,60,,1,CatBoost,False,9438400,10028782.622582655,0.06255113394035593,1.062551133940356
Jonathan Hadipranata,They All Wanted To Be A QueenThey All Wanted To Be A Queen,,Acrylic on canvas,100.0,120.0,60,,1,CatBoost,False,9438400,10028782.622582655,0.06255113394035593,1.062551133940356
EUN LEE,I will meet you there,2023.0,Oil on linen,130.0,100.0,60,1984.0,2,CatBoost,False,5200000,12622036.462110931,1.4273147042521022,2.427314704252102
EUN LEE,Youth,2024.0,Oil on linen,80.0,100.0,40,1984.0,2,CatBoost,False,4400000,6736939.747260864,0.5311226698320145,1.5311226698320146
Mirza Cizmic,"Paraphrase, I love you Mamma Part III, 2025",,Oil on canvas,70.0,100.0,40,1985.0,2,CatBoost,False,14766600,5517894.478951988,0.6263260006398232,0.37367399936017687
Mirza Cizmic,"Drawing (5), 2025",,Graphite pencil on the paper,29.5,42.0,5,1985.0,2,CatBoost,False,487200,1424159.6535526712,1.9231519982608194,2.923151998260819
Hiroshi Mori,"When You Give Up, That'sWhen The Game Is Over",2023.0,"acrylic, urethane, pearl pigment, materials for LED UV curing on wooden board",91.0,91.0,50,,1,CatBoost,False,17370000,8761525.439013768,0.49559439038492986,0.5044056096150701
Hiroshi Mori,"In the Name of the Moon, I Will Punish You",2023.0,"acrylic, urethane, pearl pigment, materials for LED UV curing on wooden board",91.0,91.0,50,,1,CatBoost,False,17370000,8761525.439013768,0.49559439038492986,0.5044056096150701
youngmi kim,Circle_1,2025.0,Painting,116.8,91.0,50,,1,CatBoost,False,9800000,10511645.504903147,0.07261688825542316,1.0726168882554232
youngmi kim,Circle_2,2025.0,Painting,60.6,72.7,20,,1,CatBoost,False,4800000,3559651.300611084,0.2584059790393575,0.7415940209606424
JuAe Park,Rolling in a Paint Can,,Oil and Acrylic on Canvas,91.0,117.0,50,1989.0,2,XGBoost,True,4000000,4757236.0,0.189309,1.189309
JuAe Park,Impregnating Me,,Pencil and Mixed Media on Fabric,66.0,79.0,25,1989.0,2,XGBoost,True,4500000,2367082.75,0.4739816111111111,0.5260183888888889
Marvin,Thermocline,,Oil on canvas,122.0,122.0,80,1972.0,3,CatBoost,False,9895100,17431678.211583775,0.7616475034697754,1.7616475034697754
Marvin,Leviathan,,Oil on canvas,122.0,152.0,80,1972.0,3,CatBoost,False,11417400,22765829.811470754,0.9939592036252347,1.9939592036252347
Candice Joo,Love Reflection 23_02,2023.0,Oil on canvas,27.3,27.3,3,1983.0,2,CatBoost,False,1600000,1103518.6460114773,0.31030084624282667,0.6896991537571734
Amin Taasha,In Between Moments,,"Watercolour, gouache, gold and silver on paper",36.6,29.6,4,1995.0,1,CatBoost,False,5784900,528190.366359935,0.908694987578016,0.09130501242198397
Amin Taasha,Sentimental Journey 1,,"Watercolor, gouache, gold and silver on paper (Fabriano HP 640 gsm)",20.9,33.0,3,1995.0,1,CatBoost,False,3501400,576626.0458364058,0.8353155749596145,0.16468442504038552
Natagon Khamkayprong,White withering,,Oil on linen,60.0,75.0,20,,1,CatBoost,False,1033400,4388672.055510433,3.2468280003004,4.2468280003004
Natagon Khamkayprong,A Drizzly Day 2,,Oil on canvas,150.0,180.0,120,,1,CatBoost,False,3131300,20502903.827936698,5.547729003269152,6.547729003269152
N5BRA,High 2,2024.0,Oil on Canvas,40.9,60.6,10,1995.0,1,CatBoost,False,3044700,2315447.547257707,0.2395153718731872,0.7604846281268128
N5BRA,High 1,2024.0,Oil on Canvas,40.9,60.6,10,1995.0,1,CatBoost,False,3044700,2315447.547257707,0.2395153718731872,0.7604846281268128
Tobias Ryuu,Bloodguilt,,Oil on linen,96.0,152.0,60,1994.0,1,CatBoost,False,6089300,6665845.533724163,0.09468174235530566,1.0946817423553057
Tobias Ryuu,Wisdom of age & ferocity of youth,,Oil on linen,89.0,114.0,50,1994.0,1,CatBoost,False,2588000,4606751.425200891,0.7800430545598496,1.7800430545598496
Boonhlue Yangsouy,มนุษยคู่แรก no. 3,,Oil on linen,150.0,150.0,100,,1,CatBoost,False,11386600,19571660.53161746,0.7188327096426904,1.7188327096426905
SUMA,The Inner Universe and the Outer Universe,,Oil and acrylic on plywood,60.0,91.0,25,,1,CatBoost,False,2524100,6005437.261375714,1.3792390402027312,2.3792390402027315
SUMA,The Inner Universe and the Outer Universe,,Oil and acrylic on plywood,61.0,91.0,25,,1,CatBoost,False,3961600,5975379.055210996,0.5083246807378323,1.5083246807378323
Maria Chang,Between Spring,2020.0,Mixed media on hemp cloth,46.0,53.0,10,,1,CatBoost,False,7000000,2675199.648603231,0.6178286216281099,0.3821713783718902
Maria Chang,In Between - Spring series (Gray cream),2021.0,Mixed media on hemp cloth,61.0,72.0,20,,1,CatBoost,False,12000000,4000525.757451567,0.6666228535457027,0.3333771464542972
Yujiro Ueno,Flow— Carp— No .8,2023.0,"canvas, acrylic, oil",116.7,91.0,50,,1,CatBoost,False,6467685,11002391.889297407,0.7011329230315649,1.701132923031565
Yujiro Ueno,KulikalaDragon No .3,2022.0,"canvas, acrylic, oil",194.0,112.0,100,,1,CatBoost,False,12099909,27475946.091119204,1.2707564239631226,2.270756423963123
Ha Ninh Pham,F4.2 [Architectural Plan No. 2],,"Graphite, acrylic, ink, and coloured pencils on paper",66.0,104.0,40,1991.0,2,CatBoost,False,3349200,4193972.2380405436,0.2522310516065161,1.252231051606516
Ha Ninh Pham,D1 [Blue Prison],,"Graphite, acrylic, ink, and colored pencils on paper",111.0,140.0,80,1991.0,2,CatBoost,False,6089300,7836488.288242322,0.2869276087961379,1.2869276087961379
KAMA,Ghost Cat,,Mixed media on canvas,80.0,130.0,50,1995.0,1,CatBoost,False,2283500,5149750.574906417,1.2552006021048465,2.2552006021048467
KAMA,Blue Bird,,Mixed media on canvas,80.0,130.0,50,1995.0,1,CatBoost,False,2283500,5149750.574906417,1.2552006021048465,2.2552006021048467
Sujin Lee,Night’s Edge,,Oil on linen,80.3,130.3,50,1983.0,2,CatBoost,False,6000000,10105390.36222312,0.6842317270371867,1.6842317270371867
Sujin Lee,Filling in Black,,Oil on linen,40.9,31.8,6,1983.0,2,CatBoost,False,2000000,1922406.1644767367,0.03879691776163166,0.9612030822383684
Kowit Wattanarach,The grassland,,Oil and spray on linen,160.0,140.0,100,1976.0,3,CatBoost,False,9014400,21037505.900286674,1.3337666289810386,2.3337666289810386
Atreyu Moniaga,Autopilot,2022.0,Watercolor on paper,60.0,80.0,20,,1,CatBoost,False,7763900,5141319.966401905,0.3377915781499112,0.6622084218500889
Atreyu Moniaga,Stressfest Wasteland,2022.0,Acrylic on sewn canvas,150.0,100.0,80,,1,CatBoost,False,17582800,21241290.667544156,0.20807213114772144,1.2080721311477214
Ever Goya,Ever Goya THE PRINT PORTFOLIO,2021.0,,24.5,31.5,3,2021.0,1,CatBoost,False,21000000,617113.4723160404,0.9706136441754266,0.029386355824573353
Ever Goya,"Ever Goya, Revue",2021.0,,24.5,31.5,3,2021.0,1,CatBoost,False,165000,617113.4723160404,2.740081650400245,3.740081650400245
Nam Hijo,Moments of Journey 2501,2025.0,Painting,50.0,50.0,10,,1,CatBoost,False,8400000,2783328.2420280096,0.6686513997585704,0.3313486002414297
Nam Hijo,Journey 240501,2024.0,Painting,51.0,76.0,15,,1,CatBoost,False,14000000,4749300.190635029,0.6607642720974979,0.33923572790250206
Tomohiro Todoroki,Ferrari 812,2022.0,Acrylic on canvas,41.0,41.0,8,,1,CatBoost,False,3805800,2485063.1821495784,0.34703263909044657,0.6529673609095534
Tomohiro Todoroki,Porche 944 Yellow Green Couple,2023.0,Acrylic on canvas,41.0,41.0,8,,1,CatBoost,False,3805800,2480003.5098193847,0.34836210262773015,0.6516378973722698
Enzo Lee,"Apple, Chapter V",2023.0,Acrylic paint and oil pastel on canvas,147.3,127.0,80,1988.0,2,CatBoost,False,15223200,9373156.496639127,0.3842847432445789,0.6157152567554212
Enzo Lee,"Apple, Chapter I",2023.0,Acrylic paint and oil pastel on canvas,147.3,127.0,80,1988.0,2,CatBoost,False,15223200,9373156.496639127,0.3842847432445789,0.6157152567554212
Candy Koh,Untitled (20230712-1),2023.0,Graphite and Watercolor on Paper,45.7,60.9,12,1987.0,2,CatBoost,False,27401800,2508990.7858774946,0.9084370083031955,0.09156299169680439
Candy Koh,Untitled (20230712-2),2023.0,Graphite and Watercolor on Paper,73.6,57.1,20,1987.0,2,CatBoost,False,27401800,3582811.577520781,0.8692490428540905,0.13075095714590942
Rachata Siriyakul,Portrait of Marco Polo in Da Yuan,,Oil on linen,140.0,190.0,120,,1,CatBoost,False,12335400,25477134.282745294,1.0653675018844377,2.0653675018844377
Kitti Narod,Horizon Sharing,,Acrylic on canvas,140.0,160.0,100,,1,CatBoost,False,60892800,18166434.282568526,0.7016653153974111,0.2983346846025889
Kitti Narod,Lakshmi and Vishnu,,Acrylic on canvas,120.0,150.0,80,,1,CatBoost,False,53281200,18984692.810514465,0.6436887155222768,0.3563112844777232
Gabriel Orozco,Untitled,2017.0,Silkscreen on glassine,31.8,57.5,8,1962.0,4,CatBoost,False,3501400,5719599.226423347,0.6335178004293561,1.633517800429356
Gabriel Orozco,"Gabriel Orozco, Revue ",2017.0,,24.5,31.5,3,1962.0,4,CatBoost,False,165000,3310625.8823016174,19.06439928667647,20.06439928667647
Rirkrit Tiravanija,Untitled(time waits for no one),,Permanent ink on one hundred baht bank note paper in artist made frame,30.0,30.0,3,,1,CatBoost,False,3805800,1103507.2273981334,0.7100459226974267,0.2899540773025733
Rirkrit Tiravanija,Untitled,2017.0,Oil on newspaper on linen,142.0,164.0,100,,1,CatBoost,False,137008800,22958267.82755061,0.8324321661999039,0.16756783380009613
Mit Jai Inn,Untitled,,Oil on plywood,52.0,70.0,15,2024.0,1,CatBoost,False,7307200,1355364.831014574,0.8145165273956408,0.18548347260435927
Mit Jai Inn,Untitled,,Oil on plywood,52.0,70.0,15,2024.0,1,CatBoost,False,7307200,1355364.831014574,0.8145165273956408,0.18548347260435927
Jung-uk Yang,I Once Saw a Man Who Stood Still W1/30,,"wood, motor, thread, cloth, PLA, LED",40.0,112.0,20,,1,CatBoost,False,25879500,4679800.189061626,0.8191696057087028,0.1808303942912972
Jung-uk Yang,A Man without Words H1/30,,"wood, motor, thread, cloth, PLA, LED",50.0,190.0,50,,1,CatBoost,False,28924100,8020714.919036352,0.7226978568378497,0.2773021431621503
Mira Park,A Stone’s Tomorrow,2023.0,Acrylic on canvas,53.0,41.0,10,1984.0,2,CatBoost,False,1500000,2100364.567353024,0.4002430449020161,1.400243044902016
Mira Park,Chasing Mouth Corners,2025.0,Acrylic on canvas,27.3,19.0,2,1984.0,2,CatBoost,False,700000,1035287.1613556183,0.47898165907945467,1.4789816590794547
Cildo Meireles,"Cildo Meireles, Revue",2022.0,,24.5,31.5,3,1948.0,4,CatBoost,False,165000,4571290.396194715,26.70479027996797,27.70479027996797
Cildo Meireles,"Shit Coin, limited edition including original artwork",2022.0,,24.5,31.5,3,1948.0,4,CatBoost,False,7200000,4571290.396194715,0.3650985560840673,0.6349014439159326
Tulsi Patel,Blood is Blue XVI,2026.0,Water colour on paper,18.5,19.5,1,,1,CatBoost,False,1217900,963799.8046035066,0.20863797963420103,0.791362020365799
Tulsi Patel,Blood is Blue XXVIII,,Water colour on paper,18.5,19.5,1,,1,CatBoost,False,1217900,938229.1759891226,0.22963365137603858,0.7703663486239614
Mary Pakinee,The Birth of Venus,,Oil on canvas,40.0,30.0,5,,1,CatBoost,False,4262500,1870643.8083591282,0.5611392824963921,0.4388607175036078
Mary Pakinee,The Madonna in the right panel of The Melun Diptych,,Oil on canvas,40.0,30.0,5,,1,CatBoost,False,4262500,1870643.8083591282,0.5611392824963921,0.4388607175036078
JiMin Chae,Slightly Misaligned Landscape #1,,Oil on Canvas,60.6,60.6,15,1983.0,2,XGBoost,True,5000000,4534774.0,0.0930452,0.9069548
JiMin Chae,Slightly Misaligned Landscape #2,,Oil on Canvas,60.6,60.6,15,1983.0,2,XGBoost,True,5000000,4534774.0,0.0930452,0.9069548
Pollawat Samidee,Shade of Flowers 2,,Oil on cavas,160.0,200.0,150,,1,CatBoost,False,6642200,25731629.481497042,2.873961862259047,3.873961862259047
Alexander Calder,Calder by Matter,2013.0,,31.5,31.5,4,1898.0,4,CatBoost,False,180000,3077663.9803309366,16.09813322406076,17.09813322406076
Alexander Calder,"Calder in France, Revue N°1",2015.0,,24.5,31.5,3,1898.0,4,CatBoost,False,165000,3009237.314860778,17.23780190824714,18.23780190824714
Lucas Dupuy,Too Fragile to Walk on,2024.0,Acrlyic on Hessian,120.0,40.0,20,,1,CatBoost,False,5500000,5872664.711795119,0.0677572203263852,1.0677572203263852
Lucas Dupuy,Panoramic Deep Love Story,2024.0,Acrlyic on Hessian,120.0,40.0,20,,1,CatBoost,False,5500000,5872664.711795119,0.0677572203263852,1.0677572203263852
Mahdi Abdullah,Gazirah dan Laku Waktu,,Oil on canvas,150.0,150.0,100,,1,CatBoost,False,9895100,19456124.36183943,0.9662382756959939,1.9662382756959937
Mahdi Abdullah,Persiapan Gerilya (After S. Soedjojono),,Oil on canvas,145.0,190.0,120,,1,CatBoost,False,12559200,24874132.24539187,0.9805506915561398,1.98055069155614
Ryan Lee,Moving Up But Still Looking Down,,Acrylic on canvas,36.0,28.0,4,2001.0,1,CatBoost,False,2000000,673605.7280184411,0.6631971359907793,0.33680286400922055
Ryan Lee,Wall in Vermont,2024.0,Acrylic on canvas,36.0,28.0,4,2001.0,1,CatBoost,False,2000000,724914.5471810541,0.637542726409473,0.36245727359052704
Shigematsu,Untitled,2023.0,Acrylic on canvas,72.7,53.0,15,,1,CatBoost,False,3044700,4550195.561370508,0.49446433519575256,1.4944643351957525
Shigematsu,Untitled,2023.0,Acrylic on canvas,53.0,65.2,15,,1,CatBoost,False,2283500,3142059.008564179,0.3759838005536146,1.3759838005536145
Jourdain Jongwon Lee,Golem,2014.0,"Steal, wood, found object",40.6,71.1,12,1983.0,2,CatBoost,False,3044700,4079592.908929842,0.339899796015976,1.339899796015976
Jourdain Jongwon Lee,Golem,2013.0,"Steal, wood, found object",182.8,121.9,100,1983.0,2,CatBoost,False,15223200,21051844.674690146,0.3828790710685103,1.3828790710685104
Arthur Jafa,"Arthur Jafa, Revue",2019.0,,24.5,31.5,3,1960.0,4,CatBoost,False,165000,3654465.4647609973,21.148275544006044,22.148275544006044
Joan Miró,"Joan Miró, Revue",2018.0,,24.5,31.5,3,1893.0,4,CatBoost,False,165000,2615901.557515169,14.853948833425267,15.853948833425267
Sahapap Lertsamatijit,The cursed,,Oil on linen,120.0,120.0,60,,1,CatBoost,False,5693300,12746704.42766406,1.2388956190019953,2.2388956190019953
Hyojeong Son,Information Enters the Curve,2025.0,Oil and collage on canvas,133.0,162.0,100,1987.0,2,CatBoost,False,8000000,11474139.464923123,0.43426743311539034,1.4342674331153904
Adel Abdessemed,Hibou,2016.0,Archival pigment print,61.0,102.0,30,1971.0,3,CatBoost,False,9286200,11983138.713352278,0.29042436231744717,1.2904243623174472
Jack Shure,Kaley,,Oil and animal protein emulsion on canvas,35.6,35.6,6,1988.0,2,CatBoost,False,3805800,1150944.449727348,0.6975814678313763,0.3024185321686237
William Kentridge,Unremember Me,2015.0,Lithograph on Japanese paper,48.0,62.0,12,1955.0,4,CatBoost,False,4262500,10067180.203841507,1.3618018073528464,2.361801807352846
Yunmook LIM,Boat Ride,,oil on linen,141.0,61.0,50,1992.0,1,CatBoost,False,2500000,6870593.294754709,1.7482373179018837,2.7482373179018835
Hime,Dakota,2022.0,Acrylic on canvas,60.6,72.7,20,1986.0,2,CatBoost,False,9895100,2963630.5536259753,0.7004951386417545,0.2995048613582455
Billy Gibney,Symposia,,Oil and volcanic rock on canvas,71.0,101.5,40,,1,CatBoost,False,5400000,6833249.260520504,0.26541652972601926,1.2654165297260191
Yunmook Lim,In,2023.0,oil on linen,112.1,112.1,60,1991.0,2,CatBoost,False,3500000,7065329.498918157,1.0186655711194734,2.0186655711194734
Pawarisa Wangkhomfu,Insensitive,,Acrylic on Canvas,150.0,150.0,100,,1,CatBoost,False,5693300,19700621.777813345,2.460316824655884,3.460316824655884
Marcelo Suaznabar,Creature I,2024.0,Oil on canvas,64.0,82.0,25,1970.0,3,CatBoost,False,4200000,8016903.668686367,0.9087865877824682,1.9087865877824683
Saehyun Paik,IPAOC0244,2023.0,Oil on canvas,121.9,91.4,60,1987.0,2,CatBoost,False,15223200,9298784.268544247,0.3891701962436119,0.6108298037563881
Henri Matisse,Dessins,1992.0,,25.5,34.0,3,1869.0,4,CatBoost,False,135000,4772242.407894757,34.34994376218338,35.34994376218338
Warawut Tourawong,A painting of orange color in the garden,,Oil on linen,140.0,180.0,120,,1,CatBoost,False,8065500,24654694.79958958,2.0568092244237284,3.0568092244237284
Jean-Michel Othoniel,The Moon Rose,2022.0,거울 위에 마띠에르 프린팅 Matiere Printing on mirror,30.0,30.0,3,1964.0,4,CatBoost,False,3196900,2187866.8580274265,0.3156286220940829,0.6843713779059172
Jeonghu Jang,Tertön 30-7,2025.0,Mixed media on aluminum,72.0,91.0,30,,1,CatBoost,False,5023700,6209856.652006166,0.23611215876866973,1.2361121587686696
Woojae Jeong,Radiant Vivid Afternoon,2023.0,Oil on canvas,90.9,65.1,30,,1,CatBoost,False,3600000,6713596.282441529,0.8648878562337582,1.864887856233758
Darren Bader,"Calder in France, limited edition including original artwork",2015.0,,24.5,31.5,3,1987.0,2,CatBoost,False,650100,1590642.3173351893,1.4467656011924155,2.4467656011924155
Bell Nakai,Rockstar,2024.0,Acrylic painting on wood panel,60.0,75.0,20,,1,CatBoost,False,4567000,4608911.3137441,0.009176990090672172,1.0091769900906722
Thomas Schütte,Thomas Schütte : Old Friends Revisited,2023.0,,22.5,32.0,3,1954.0,4,CatBoost,False,90000,4355918.131668056,47.399090351867294,48.399090351867294
Tania Marmolejo,The Golden Hour,,Oil on linen,150.0,130.0,100,,1,CatBoost,False,60131700,17216626.325662274,0.7136846900110546,0.2863153099889455
Herbert Matter,Mobile in Motion,1936.0,Gelatin silver print,53.5,48.5,12,1907.0,4,CatBoost,False,17506700,5588903.230478344,0.6807563258364887,0.3192436741635113
David Douard,UN’FOLD,2023.0,Xerox printing and paint on transparent film sheet and paper,50.5,68.7,15,,1,CatBoost,False,5136425,3574914.774646898,0.3040072083897073,0.6959927916102927
Rizal Hasan,Persistence,,Acrylic on canvas,150.0,150.0,100,,1,CatBoost,False,4871500,19700621.777813345,3.0440566104512667,4.044056610451267
Vassily Kandinsky,KANDINSKY. FORMES NOIRES SUR BLANC,2023.0,,17.5,24.5,1,1866.0,4,CatBoost,False,45000,2082401.122159198,45.27558049242662,46.27558049242662
Wonjoo Park,The Empathy Box Z,2024.0,"slumped glass, pencil on wood, silver gilt",48.0,35.0,8,,1,CatBoost,False,3653600,2864222.813822488,0.216054627265577,0.783945372734423
Taryn Simon,THE COLOR OF A FLEA'S EYE: THE PICTURE COLLECTION,2020.0,,25.4,33.6,3,1975.0,3,CatBoost,False,225000,2247380.842472196,8.988359299876427,9.988359299876427
Seok Cho,Moon You,2023.0,print on canvas,51.5,80.0,20,1983.0,2,CatBoost,False,2000000,4473339.70809631,1.2366698540481549,2.236669854048155
Georg Baselitz,Georg Baselitz,2024.0,Softcover book with full-color offset prints,24.5,31.5,3,1938.0,4,CatBoost,False,304500,3971324.3889185977,12.042116219765509,13.042116219765509
Ian Ha,Farewell,2021.0,color pigment and lino cut on wood panel(fresco),117.0,66.0,40,,1,CatBoost,False,4000000,8156459.7444978915,1.039114936124473,2.0391149361244727
Sojin Park,"Something Between, to be Between, If It’s Between",2024.0,"Thread, acrylic, pen on cotton fabric with canvas frame",160.0,200.0,150,1983.0,2,CatBoost,False,8000000,15060194.03018106,0.8825242537726324,1.8825242537726325
Hojin Kim,Healing forest,2022.0,acrylic on canvas,91.0,116.8,50,1977.0,3,CatBoost,False,5300000,14425891.76509051,1.7218663707717945,2.7218663707717945
Pawarest (Doe) Choksaen,The Breakfast,,Acrylic on canvas,60.0,80.0,20,1976.0,3,CatBoost,False,1356900,6072545.292777543,3.475307902408094,4.475307902408094
Suyeon Kim,Just the two of us 15,2024.0,mixed media,4.5,5.3,0,1986.0,2,CatBoost,False,2740200,979416.9072612007,0.6425746634328878,0.3574253365671122
Joohyun Kang,Visual Accumulation,2020.0,Oil on canvas,121.9,121.9,80,1968.0,3,CatBoost,False,9742900,20964981.75750591,1.1518215066875273,2.151821506687527
Frank Gehry,"Frank Gehry, Catalogues Raisonnés ﻿of the drawings, Vol. 1",2019.0,,31.0,24.8,3,1929.0,4,CatBoost,False,675000,3754641.2318761926,4.562431454631397,5.562431454631397
Uji Handoko Eko Saputro (aka Hahan),Dreaming Over the Year (from Hanging on the Wall Series),,Acrylic on canvas mounted on plywood,83.0,63.0,25,,1,CatBoost,False,8372800,5549673.078219018,0.3371783539295077,0.6628216460704923
Heejae Lim,Study for S/CWS 520,2023.0,Oil on Linen,34.8,27.3,4,1993.0,1,CatBoost,False,900000,1001663.4178124741,0.11295935312497118,1.1129593531249713
Arin Rungjang,We will leave and never return,,White candle and brass pins,150.3,150.0,100,,1,CatBoost,False,26792900,18071392.479037963,0.3255156224582646,0.6744843775417354
Matthew Antezzo,"Nam June Paik, Video Time - Video Space {Edition Cantz, 1991), p.31",1997.0,"Oil on linen, 2 panels",71.1,106.7,40,1962.0,4,CatBoost,False,34401200,16933113.12972427,0.50777550987395,0.49222449012605
Goro Nagashima,VINTAGEBURGERS 2,2024.0,"oil, acrylic, canvas, varnish",80.3,100.0,40,,1,CatBoost,False,4973400,6738367.68978778,0.35488150757787024,1.3548815075778702
Jaeyoon Yoo,Binding,2026.0,Mixed media,90.0,135.0,60,,1,CatBoost,False,3805800,14371881.367536154,2.7763102022008916,3.7763102022008916
Marcel Duchamp,Coeurs Volants,1936.0,Silkscreen in 2 colors on Old Mill paper,47.0,67.0,15,1887.0,4,CatBoost,False,144700,6327277.20863133,42.72686391590415,43.72686391590415
Tos Suntus,A Dream That Comes With Freedom,,Acrylic on canvas,150.0,190.0,120,,1,CatBoost,False,12939800,25442977.658733513,0.9662574119177664,1.9662574119177663
Étienne Hajdú,Étienne Hajdu,2023.0,,17.5,24.5,1,1907.0,4,CatBoost,False,45000,2082401.122159198,45.27558049242662,46.27558049242662
Wataru Kimura,Production No.67,,Acrylic on canvas,60.6,72.7,20,,1,CatBoost,False,3805800,3296039.232777046,0.13394313080638867,0.8660568691936114
Xiyao Wang,The Blue Hour No. 4,,"Charcoal, oil stick on canvas",150.0,190.0,120,,1,CatBoost,False,71177900,25158868.827466313,0.6465353877050839,0.35346461229491616
Panchat Yodmanee,The Wing of Dream 22052024,,Acrylic on linen,130.0,97.0,60,,1,CatBoost,False,8372800,13458134.357851699,0.6073636487019515,1.6073636487019514
Kongsak Kampakdee,A moment from an Ordinary day,,Acrylic on canvas,70.0,90.0,30,1996.0,1,CatBoost,False,1356900,2964463.659688477,1.1847325961297641,2.184732596129764
Adam Bazlik,CYRCON,2025.0,installation,3.0,3.0,0,,1,CatBoost,False,5000000,1143839.660872903,0.7712320678254194,0.22876793217458058
Max Ernst,Pochoir,1949.0,Off print stencil,25.0,32.5,3,1891.0,4,CatBoost,False,525000,4742201.495452045,8.032764753241992,9.032764753241992
